episode,global_step,epsilon,reward,coverage,final_health,length,mean_loss,mean_q_loss,mean_aux_loss,aux_weight,eval_reward_mean,eval_coverage_mean,eval_final_health_mean,eval_length_mean,eval_survival_rate,eval_death_rate,eval_soft_score
1,205,0.9978361111111111,-9.349893120765689,0.19111111111111112,0,205,0.0,0.0,0.0,0.149875,-471.7,0.0044444444444444444,3.0,250.0,1.0,0.0,0.3644444444444444
2,389,0.9958938888888889,-12.485093838214876,0.13777777777777778,0,184,0.0,0.0,0.0,0.14975,nan,nan,nan,nan,nan,nan,nan
3,516,0.9945533333333333,-12.357962937355042,0.10666666666666667,0,127,0.0,0.0,0.0,0.149625,nan,nan,nan,nan,nan,nan,nan
4,729,0.992305,-12.73460022974013,0.16,0,213,0.0,0.0,0.0,0.1495,nan,nan,nan,nan,nan,nan,nan
5,832,0.9912177777777778,-8.216267759323118,0.08,0,103,0.0,0.0,0.0,0.149375,nan,nan,nan,nan,nan,nan,nan
6,1040,0.9890222222222222,-8.670500272750862,0.13777777777777778,-1,208,0.0,0.0,0.0,0.14925,nan,nan,nan,nan,nan,nan,nan
7,1247,0.9868372222222223,-7.303002142906194,0.22666666666666666,0,207,0.0,0.0,0.0,0.149125,nan,nan,nan,nan,nan,nan,nan
8,1353,0.9857183333333334,-9.502137626171113,0.08,-2,106,0.0,0.0,0.0,0.149,nan,nan,nan,nan,nan,nan,nan
9,1562,0.9835122222222222,-9.028427174091343,0.16444444444444445,0,209,0.0,0.0,0.0,0.148875,nan,nan,nan,nan,nan,nan,nan
10,1661,0.9824672222222223,-5.840278475999835,0.10666666666666667,0,99,0.0,0.0,0.0,0.14875,nan,nan,nan,nan,nan,nan,nan
11,1839,0.9805883333333333,-8.995878796577456,0.18666666666666668,-2,178,0.0,0.0,0.0,0.148625,nan,nan,nan,nan,nan,nan,nan
12,1972,0.9791844444444444,-9.313232086181639,0.12,-1,133,0.0,0.0,0.0,0.1485,nan,nan,nan,nan,nan,nan,nan
13,2043,0.9784349999999999,-3.251235800504685,0.10666666666666667,0,71,0.0,0.0,0.0,0.148375,nan,nan,nan,nan,nan,nan,nan
14,2183,0.9769572222222223,-11.722330347299572,0.09777777777777778,-2,140,0.0,0.0,0.0,0.14825,nan,nan,nan,nan,nan,nan,nan
15,2432,0.9743288888888889,-7.712500000000009,0.21777777777777776,0,249,0.0,0.0,0.0,0.148125,nan,nan,nan,nan,nan,nan,nan
16,2634,0.9721966666666667,-7.267560590267184,0.20444444444444446,0,202,0.0,0.0,0.0,0.148,nan,nan,nan,nan,nan,nan,nan
17,2751,0.9709616666666667,-8.059358418941496,0.09777777777777778,0,117,0.0,0.0,0.0,0.147875,nan,nan,nan,nan,nan,nan,nan
18,2821,0.9702227777777778,-4.1314618990421295,0.09333333333333334,0,70,0.0,0.0,0.0,0.14775,nan,nan,nan,nan,nan,nan,nan
19,3031,0.9680061111111111,-9.980000000000002,0.1511111111111111,0,210,0.0,0.0,0.0,0.147625,nan,nan,nan,nan,nan,nan,nan
20,3281,0.9653672222222223,-8.652420794963847,0.19555555555555557,2,250,0.04617762453854084,0.008250066358596087,0.25713599622249605,0.1475,-64.39242469451429,0.04044444444444444,0.0,108.4,0.0,1.0,0.04044444444444444
21,3399,0.9641216666666667,-6.735430318832398,0.13333333333333333,-2,118,0.041407988592982295,0.0076209463644772765,0.22925897166132927,0.147375,nan,nan,nan,nan,nan,nan,nan
22,3560,0.9624222222222222,-5.851171688556672,0.18666666666666668,0,161,0.03899027965962887,0.0061983979307115075,0.22269529700279236,0.14725,nan,nan,nan,nan,nan,nan,nan
23,3732,0.9606066666666667,-5.8970155882835416,0.1688888888888889,0,172,0.03349358905106783,0.0058301148470491174,0.18802700489759444,0.147125,nan,nan,nan,nan,nan,nan,nan
24,3841,0.9594561111111111,-5.203652119159699,0.14666666666666667,0,109,0.039088083803653716,0.00680432457011193,0.21961741596460344,0.147,nan,nan,nan,nan,nan,nan,nan
25,4091,0.9568172222222222,-9.940737070322047,0.18222222222222223,2,250,0.03402348291128874,0.006151385698467493,0.18976747393608093,0.146875,nan,nan,nan,nan,nan,nan,nan
26,4241,0.9552338888888889,-6.916984275817873,0.18222222222222223,0,150,0.033180933259427545,0.00657417387701571,0.18130670487880707,0.14675,nan,nan,nan,nan,nan,nan,nan
27,4348,0.9541044444444444,-5.223791182518008,0.1288888888888889,0,107,0.028379008919000626,0.005139435478486121,0.15849666967988013,0.146625,nan,nan,nan,nan,nan,nan,nan
28,4491,0.952595,-4.970988569259643,0.19111111111111112,0,143,0.027981949970126152,0.005459663295187056,0.15373573899269105,0.1465,nan,nan,nan,nan,nan,nan,nan
29,4631,0.9511172222222222,-6.780157341480256,0.10666666666666667,0,140,0.026700080558657645,0.0049660038901492955,0.14848215952515603,0.146375,nan,nan,nan,nan,nan,nan,nan
30,4845,0.9488583333333334,-8.53041702747346,0.18222222222222223,0,214,0.023218968790024518,0.004620912228710949,0.12716620340943335,0.14625,nan,nan,nan,nan,nan,nan,nan
31,5000,0.9472222222222222,-7.547472322702411,0.13777777777777778,0,155,0.023399080522358416,0.0050014047883450985,0.1259036809206009,0.146125,nan,nan,nan,nan,nan,nan,nan
32,5191,0.9452061111111111,-7.465975049495704,0.2,0,191,0.01913279788568616,0.0047824586974456905,0.0982899971306324,0.146,nan,nan,nan,nan,nan,nan,nan
33,5369,0.9433272222222222,-7.359357816696172,0.17777777777777778,0,178,0.01509825959801674,0.004703656560741365,0.07125691659748554,0.145875,nan,nan,nan,nan,nan,nan,nan
34,5579,0.9411105555555556,-8.431438371658329,0.19111111111111112,0,210,0.012122730119153857,0.0036997795454226435,0.057790397107601164,0.14575,nan,nan,nan,nan,nan,nan,nan
35,5695,0.9398861111111111,-7.022756231307985,0.1288888888888889,0,116,0.010970440693199635,0.0038118019583635032,0.04915803652256727,0.145625,nan,nan,nan,nan,nan,nan,nan
36,5945,0.9372472222222222,-9.07874592876434,0.2,1,250,0.010100764408707618,0.0031254001311026513,0.04794064871966839,0.1455,nan,nan,nan,nan,nan,nan,nan
37,6062,0.9360122222222222,-5.134347974300385,0.17777777777777778,0,117,0.007582094520330429,0.0033603876596316694,0.029040115419775248,0.145375,nan,nan,nan,nan,nan,nan,nan
38,6128,0.9353155555555556,-5.548827544212342,0.09777777777777778,0,66,0.008528231037780642,0.00286550308810547,0.0389860799536109,0.14525,nan,nan,nan,nan,nan,nan,nan
39,6247,0.9340594444444444,-5.7720736584663435,0.1511111111111111,0,119,0.008553906762972473,0.0037701484048739075,0.032963020447641614,0.145125,nan,nan,nan,nan,nan,nan,nan
40,6489,0.931505,-18.322745027065267,0.20444444444444446,0,242,0.009892783453688025,0.0032032495131716133,0.04613471729680896,0.145,-5.20914918458462,0.27066666666666667,0.0,152.7,0.0,1.0,0.27066666666666667
41,6656,0.9297422222222222,-9.097643790721895,0.1288888888888889,0,167,0.007145279552787542,0.00294191901339218,0.029013704415410756,0.144875,nan,nan,nan,nan,nan,nan,nan
42,6874,0.9274411111111112,-13.172860332012165,0.14222222222222222,0,218,0.008403011597692966,0.0030124013312160967,0.037240831460803744,0.14475,nan,nan,nan,nan,nan,nan,nan
43,7056,0.92552,-8.989802919387824,0.19111111111111112,0,182,0.007193938223645091,0.003136252530384809,0.02805660041049123,0.144625,nan,nan,nan,nan,nan,nan,nan
44,7256,0.923408888888889,-6.723020519256596,0.21777777777777776,0,200,0.008295821258798242,0.002756743144709617,0.0383327204734087,0.1445,nan,nan,nan,nan,nan,nan,nan
45,7449,0.9213716666666667,-14.818022898674004,0.18666666666666668,0,193,0.007348657632246613,0.0033583070151507856,0.027638793736696244,0.144375,nan,nan,nan,nan,nan,nan,nan
46,7629,0.9194716666666667,-13.273035623788838,0.1111111111111111,0,180,0.007287310576066375,0.0031638494925573467,0.028585517406463624,0.14425,nan,nan,nan,nan,nan,nan,nan
47,7815,0.9175083333333334,-7.140485594272617,0.18222222222222223,0,186,0.0070400396827608345,0.00293443335685879,0.02848642710596323,0.144125,nan,nan,nan,nan,nan,nan,nan
48,8009,0.9154605555555555,-9.837659716844566,0.17777777777777778,0,194,0.00623791697435081,0.002872553211636841,0.023370582750067113,0.144,nan,nan,nan,nan,nan,nan,nan
49,8245,0.9129694444444445,-7.2368177886009235,0.27555555555555555,0,236,0.007204979355446994,0.0023780914372764526,0.03354917708784342,0.143875,nan,nan,nan,nan,nan,nan,nan
50,8351,0.9118505555555556,-7.432302806854249,0.09333333333333334,0,106,0.006379025941714645,0.002910683199297637,0.024127602111548185,0.14375,nan,nan,nan,nan,nan,nan,nan
51,8467,0.9106261111111111,-6.431778110027315,0.12,0,116,0.008229893259704113,0.002537186269182712,0.03963590497151017,0.143625,nan,nan,nan,nan,nan,nan,nan
52,8576,0.9094755555555556,-6.366169787406925,0.10666666666666667,0,109,0.007825760310515762,0.0027247793157584967,0.03554690610617399,0.1435,nan,nan,nan,nan,nan,nan,nan
53,8696,0.9082088888888888,-7.207437601566317,0.11555555555555555,-1,120,0.007970226975157858,0.002704291569534689,0.036728408699855206,0.143375,nan,nan,nan,nan,nan,nan,nan
54,8813,0.9069738888888889,-5.4222872846126595,0.1511111111111111,0,117,0.007632558420300484,0.0027593407779932023,0.03401897009462118,0.14325,nan,nan,nan,nan,nan,nan,nan
55,8997,0.9050316666666667,-9.562629846572882,0.13333333333333333,0,184,0.006105087464675307,0.0026224523840937763,0.02433282192796469,0.143125,nan,nan,nan,nan,nan,nan,nan
56,9128,0.903648888888889,-4.915568738937381,0.17777777777777778,0,131,0.007100538397207856,0.0023403400438837705,0.0332880986854434,0.143,nan,nan,nan,nan,nan,nan,nan
57,9303,0.9018016666666667,-7.71392272281647,0.21777777777777776,0,175,0.005669724219478667,0.002791597542818636,0.020144368708133697,0.142875,nan,nan,nan,nan,nan,nan,nan
58,9425,0.900513888888889,-6.65274468922615,0.09333333333333334,-1,122,0.00594704351387918,0.0025230790255591274,0.02398574138060212,0.14275,nan,nan,nan,nan,nan,nan,nan
59,9565,0.8990361111111111,-5.953569831848145,0.15555555555555556,-1,140,0.007204650109633804,0.0025272784987464547,0.03279489250853658,0.142625,nan,nan,nan,nan,nan,nan,nan
60,9718,0.8974211111111111,-6.587414587974552,0.2088888888888889,0,153,0.006857701553963124,0.0022878056857734918,0.032069444889202714,0.1425,-9.897770511364937,0.26622222222222225,0.0,150.4,0.0,1.0,0.26622222222222225
61,9830,0.8962388888888889,-8.452014504909517,0.08888888888888889,0,112,0.0070884231012314555,0.0030160744790919125,0.0286029736045748,0.142375,nan,nan,nan,nan,nan,nan,nan
62,9967,0.8947927777777778,-5.324862720012666,0.19111111111111112,0,137,0.005908283102326095,0.002119986724574119,0.02663125777617097,0.14225,nan,nan,nan,nan,nan,nan,nan
63,10154,0.8928188888888888,-6.943704505443577,0.20444444444444446,0,187,0.006978670228272676,0.0022968547767959536,0.03294153492897749,0.142125,nan,nan,nan,nan,nan,nan,nan
64,10296,0.89132,-6.448737501144413,0.14666666666666667,0,142,0.005850427434779704,0.002414493984542787,0.024196713464334607,0.142,nan,nan,nan,nan,nan,nan,nan
65,10504,0.8891244444444445,-9.051821028947836,0.24888888888888888,0,208,0.0065967774949967865,0.002638587635010481,0.02789913583546877,0.141875,nan,nan,nan,nan,nan,nan,nan
66,10704,0.8870133333333333,-8.443195564508443,0.19111111111111112,0,200,0.005171632114797831,0.001912544236984104,0.022991802915930747,0.14175,nan,nan,nan,nan,nan,nan,nan
67,10823,0.8857572222222222,-6.831787059307102,0.14666666666666667,0,119,0.006319632264785468,0.002312694978900254,0.028292584372684358,0.141625,nan,nan,nan,nan,nan,nan,nan
68,11004,0.8838466666666667,-7.648960385799414,0.16,0,181,0.00817293431609869,0.0022683367831632497,0.041728606820106505,0.1415,nan,nan,nan,nan,nan,nan,nan
69,11184,0.8819466666666667,-9.538188864707948,0.1688888888888889,0,180,0.006351826200261712,0.0022755776182748376,0.028832880826666952,0.141375,nan,nan,nan,nan,nan,nan,nan
70,11245,0.8813027777777778,-3.746402810573577,0.10666666666666667,0,61,0.005785359535366297,0.0020445607719011606,0.026483531948179005,0.14125,nan,nan,nan,nan,nan,nan,nan
71,11439,0.879255,-8.73177560806275,0.17333333333333334,0,194,0.006208080518990755,0.0019290050491690635,0.03032117374241352,0.141125,nan,nan,nan,nan,nan,nan,nan
72,11681,0.8767005555555556,-11.302499999999997,0.2,0,242,0.006524396967142821,0.0024259998695924877,0.029066644608974457,0.141,nan,nan,nan,nan,nan,nan,nan
73,11874,0.8746633333333333,-8.035286172866822,0.24,0,193,0.005275956843979657,0.002351313247345388,0.020760558266192674,0.140875,nan,nan,nan,nan,nan,nan,nan
74,11942,0.8739455555555555,-4.615530587673187,0.12444444444444444,0,68,0.004785883193835616,0.002316804858855903,0.017542297369800508,0.14075,nan,nan,nan,nan,nan,nan,nan
75,12101,0.8722672222222222,-7.183965066671377,0.2,0,159,0.005938810529187322,0.002180596475955099,0.02672507781535387,0.140625,nan,nan,nan,nan,nan,nan,nan
76,12259,0.8705994444444445,-6.9597942111492195,0.20444444444444446,-1,158,0.006084856647066772,0.002353055123239756,0.02656086585484445,0.14049999999999999,nan,nan,nan,nan,nan,nan,nan
77,12448,0.8686044444444445,-6.867938810825351,0.18222222222222223,-1,189,0.00525246795732528,0.002071176457684487,0.022662806045264005,0.140375,nan,nan,nan,nan,nan,nan,nan
78,12698,0.8659655555555555,-6.650688658714302,0.21777777777777776,2,250,0.004981926176697016,0.002114012511447072,0.020448583038523795,0.14024999999999999,nan,nan,nan,nan,nan,nan,nan
79,12887,0.8639705555555556,-5.863636296033865,0.22666666666666666,0,189,0.005091501004062593,0.0020167163223959506,0.02194315530359745,0.140125,nan,nan,nan,nan,nan,nan,nan
80,13052,0.8622288888888889,-8.711704303741456,0.16,0,165,0.004657692997716368,0.0021312230732291938,0.01804621391929686,0.13999999999999999,-21.675764890074717,0.1768888888888889,0.0,140.6,0.0,1.0,0.1768888888888889
81,13204,0.8606244444444444,-5.890000000000001,0.17777777777777778,0,152,0.0052422044798731806,0.0019529511802829802,0.023515664413571356,0.139875,nan,nan,nan,nan,nan,nan,nan
82,13454,0.8579855555555556,-11.462767202854149,0.26222222222222225,1,250,0.006331612193025649,0.0027107030618935823,0.025909903831779955,0.13974999999999999,nan,nan,nan,nan,nan,nan,nan
83,13654,0.8558744444444445,-8.118692967414862,0.18222222222222223,-1,200,0.00515262910630554,0.00222382009960711,0.020976251317188145,0.139625,nan,nan,nan,nan,nan,nan,nan
84,13791,0.8544283333333333,-5.505395846605301,0.18222222222222223,-1,137,0.007718876888975501,0.002202973421663046,0.03954052496701479,0.13949999999999999,nan,nan,nan,nan,nan,nan,nan
85,13847,0.8538372222222222,-6.126063813209532,0.07555555555555556,0,56,0.005742299323901534,0.0017219623434357346,0.028845465928316116,0.139375,nan,nan,nan,nan,nan,nan,nan
86,14046,0.8517366666666667,-6.540000000000005,0.17333333333333334,0,199,0.004545314982533455,0.0016907214769162238,0.020499773835763336,0.13924999999999998,nan,nan,nan,nan,nan,nan,nan
87,14159,0.8505438888888889,-5.48671378898621,0.12444444444444444,0,113,0.0051551294745877385,0.0017141827614977957,0.02473276946693659,0.139125,nan,nan,nan,nan,nan,nan,nan
88,14345,0.8485805555555556,-4.546108491897585,0.23555555555555555,0,186,0.0052360121859237555,0.0018602846888825298,0.024285809649154545,0.13899999999999998,nan,nan,nan,nan,nan,nan,nan
89,14453,0.8474405555555555,-5.002128499031067,0.17777777777777778,-2,108,0.00540335513651371,0.002126964135095477,0.023592375684529543,0.138875,nan,nan,nan,nan,nan,nan,nan
90,14644,0.8454244444444444,-9.288276468276983,0.19111111111111112,0,191,0.0050330519210547205,0.0019772640895098447,0.02202369528822601,0.13874999999999998,nan,nan,nan,nan,nan,nan,nan
91,14771,0.8440838888888889,-5.7144431886673,0.18666666666666668,0,127,0.005687157460488379,0.0020392904873006044,0.02631463948637247,0.138625,nan,nan,nan,nan,nan,nan,nan
92,14957,0.8421205555555555,-6.662112051963808,0.16444444444444445,0,186,0.005707554705440998,0.0019127846462652087,0.027399060875177385,0.13849999999999998,nan,nan,nan,nan,nan,nan,nan
93,15168,0.8398933333333334,-6.787630346298227,0.26666666666666666,0,211,0.005003893421962858,0.001773193827830255,0.023347421921789645,0.138375,nan,nan,nan,nan,nan,nan,nan
94,15290,0.8386055555555556,-6.235943895101549,0.16,0,122,0.004783160844817757,0.0019375509698875248,0.02058307402767241,0.13824999999999998,nan,nan,nan,nan,nan,nan,nan
95,15462,0.83679,-11.433195232391359,0.13777777777777778,0,172,0.006042370107024908,0.001850304927211255,0.030349792493507267,0.138125,nan,nan,nan,nan,nan,nan,nan
96,15665,0.8346472222222222,-8.710000000000004,0.1688888888888889,0,203,0.005168672115541994,0.0020516656804829836,0.022587004071101546,0.13799999999999998,nan,nan,nan,nan,nan,nan,nan
97,15850,0.8326944444444444,-5.549967516422276,0.23555555555555555,0,185,0.005958543019369244,0.001962565479334444,0.028982610255479813,0.137875,nan,nan,nan,nan,nan,nan,nan
98,16055,0.8305305555555555,-10.234004833221436,0.21333333333333335,0,205,0.005864367913454771,0.00191020080819726,0.028705386724323035,0.13774999999999998,nan,nan,nan,nan,nan,nan,nan
99,16225,0.8287361111111111,-6.433380246162418,0.2088888888888889,0,170,0.004235472111031413,0.001719568541739136,0.018280861992388965,0.137625,nan,nan,nan,nan,nan,nan,nan
100,16375,0.8271527777777778,-5.458360245704654,0.1688888888888889,0,150,0.003739885869435966,0.0019261250039562584,0.013190988264977933,0.13749999999999998,-7.044914213204386,0.3248888888888889,0.0,142.4,0.0,1.0,0.3248888888888889
101,16589,0.8248938888888889,-5.0448063294887575,0.35555555555555557,0,214,0.004438525508157909,0.002954904327634722,0.010799790546298028,0.137375,nan,nan,nan,nan,nan,nan,nan
102,16765,0.8230361111111111,-7.090044498920443,0.19555555555555557,0,176,0.004402224509976804,0.0028145068092271684,0.011568070156499743,0.13724999999999998,nan,nan,nan,nan,nan,nan,nan
103,16925,0.8213472222222222,-7.224685546398163,0.1688888888888889,0,160,0.004781376291066408,0.002950539835728705,0.013351587485522032,0.137125,nan,nan,nan,nan,nan,nan,nan
104,17120,0.819288888888889,-7.300985486984259,0.18222222222222223,0,195,0.0042176055256277325,0.002923075784929097,0.009449122427031397,0.13699999999999998,nan,nan,nan,nan,nan,nan,nan
105,17355,0.8168083333333334,-6.269045438289648,0.27111111111111114,0,235,0.003452017903327942,0.002533986233174801,0.0067070805933326485,0.136875,nan,nan,nan,nan,nan,nan,nan
106,17582,0.8144122222222222,-8.591741384029397,0.21777777777777776,0,227,0.0036751212319359183,0.0026851580943912266,0.007239218475297094,0.13674999999999998,nan,nan,nan,nan,nan,nan,nan
107,17738,0.8127655555555555,-9.139070049762731,0.1688888888888889,0,156,0.0033214147435501216,0.0025015990482643246,0.0060004805447533725,0.136625,nan,nan,nan,nan,nan,nan,nan
108,17896,0.8110977777777778,-5.285007322311405,0.16444444444444445,0,158,0.0032261393731459974,0.0023461594595573843,0.006446738820523023,0.13649999999999998,nan,nan,nan,nan,nan,nan,nan
109,18077,0.8091872222222223,-6.625304803133015,0.22666666666666666,0,181,0.0036580686690285804,0.002787488978356123,0.006383719295263291,0.136375,nan,nan,nan,nan,nan,nan,nan
110,18258,0.8072766666666666,-8.91373232221604,0.16,-2,181,0.0034257900435477493,0.002633827109821141,0.005812571570277214,0.13624999999999998,nan,nan,nan,nan,nan,nan,nan
111,18485,0.8048805555555556,-8.60953678131104,0.2577777777777778,0,227,0.0035076236352324488,0.0025235454319044947,0.007229224685579539,0.136125,nan,nan,nan,nan,nan,nan,nan
112,18735,0.8022416666666667,-13.560000000000008,0.1688888888888889,3,250,0.003295475244522095,0.0024294919916428626,0.006367523735389113,0.13599999999999998,nan,nan,nan,nan,nan,nan,nan
113,18873,0.8007850000000001,-5.555381706714631,0.2222222222222222,0,138,0.003385589504614472,0.00253950972110033,0.006226897658780217,0.135875,nan,nan,nan,nan,nan,nan,nan
114,19111,0.7982727777777778,-13.480237950563428,0.18222222222222223,0,238,0.0036655647214502095,0.0027951920055784285,0.006411585211753845,0.13575,nan,nan,nan,nan,nan,nan,nan
115,19321,0.7960561111111111,-10.724113623619077,0.17333333333333334,0,210,0.0036677388241514565,0.002755725954193622,0.006724518840201199,0.135625,nan,nan,nan,nan,nan,nan,nan
116,19477,0.7944094444444445,-6.435518388748175,0.19111111111111112,0,156,0.0031495692441239954,0.002357822470366955,0.005843149684369564,0.1355,nan,nan,nan,nan,nan,nan,nan
117,19597,0.7931427777777778,-4.877524884700776,0.17333333333333334,0,120,0.002873661415651441,0.0022163062705658374,0.00485580915119499,0.135375,nan,nan,nan,nan,nan,nan,nan
118,19790,0.7911055555555555,-7.911842605113991,0.23555555555555555,0,193,0.00391778729390353,0.0031183124287053944,0.005911089386790991,0.13525,nan,nan,nan,nan,nan,nan,nan
119,19905,0.7898916666666667,-6.114286127567292,0.1288888888888889,0,115,0.0035878080874681474,0.0029351568780839445,0.004829981457442045,0.135125,nan,nan,nan,nan,nan,nan,nan
120,20119,0.7876327777777778,-6.21198047733307,0.28444444444444444,0,214,0.0031869299709796906,0.0025314037222415207,0.004855749988928437,0.135,-64.11060668513775,0.11333333333333333,0.0,132.0,0.0,1.0,0.11333333333333333
121,20338,0.7853211111111111,-6.077309222698222,0.24,0,219,0.0034606584114953874,0.0025998972938396036,0.006381917488761246,0.134875,nan,nan,nan,nan,nan,nan,nan
122,20491,0.7837061111111111,-6.083279771327973,0.21333333333333335,0,153,0.003461375669576228,0.0025633392622694375,0.00666446341201663,0.13475,nan,nan,nan,nan,nan,nan,nan
123,20640,0.7821333333333333,-5.036857197761536,0.17777777777777778,0,149,0.003504644287750125,0.002744900854304433,0.005643404787406325,0.134625,nan,nan,nan,nan,nan,nan,nan
124,20763,0.7808350000000001,-5.3997441403865825,0.1511111111111111,0,123,0.003225572663359344,0.0024618002702482046,0.005678605218417942,0.1345,nan,nan,nan,nan,nan,nan,nan
125,20878,0.7796211111111111,-6.666595459938047,0.13333333333333333,-1,115,0.0032889496069401503,0.002437999635003507,0.006332650640979409,0.134375,nan,nan,nan,nan,nan,nan,nan
126,21008,0.7782488888888889,-5.196448792696,0.16444444444444445,0,130,0.003024341491982341,0.002331721328664571,0.005159182264469564,0.13424999999999998,nan,nan,nan,nan,nan,nan,nan
127,21114,0.77713,-4.753662069797519,0.15555555555555556,0,106,0.003209114307537675,0.0023357732105068864,0.006511396844871342,0.134125,nan,nan,nan,nan,nan,nan,nan
128,21254,0.7756522222222222,-10.1044369635582,0.16444444444444445,-1,140,0.0032934293849393725,0.002424755960237235,0.006482637254521251,0.134,nan,nan,nan,nan,nan,nan,nan
129,21429,0.773805,-5.16891651439667,0.24888888888888888,0,175,0.0037595672765746713,0.002910965005867183,0.006338766193948686,0.133875,nan,nan,nan,nan,nan,nan,nan
130,21651,0.7714616666666667,-9.029439345121384,0.28,0,222,0.00331366581376642,0.0025877322303131224,0.005427540466189385,0.13374999999999998,nan,nan,nan,nan,nan,nan,nan
131,21828,0.7695933333333334,-6.453040261268617,0.21333333333333335,0,177,0.0031208757776767016,0.002343069529160857,0.005820813658647239,0.133625,nan,nan,nan,nan,nan,nan,nan
132,21973,0.7680627777777778,-7.977802630901337,0.17777777777777778,0,145,0.003077661897987127,0.0023516334593296053,0.005438415799289942,0.1335,nan,nan,nan,nan,nan,nan,nan
133,22165,0.7660361111111111,-6.377919091224674,0.24444444444444444,0,192,0.0030689421808347108,0.002374895114917308,0.005203726491890848,0.133375,nan,nan,nan,nan,nan,nan,nan
134,22373,0.7638405555555556,-9.18482510709763,0.24,0,208,0.003252428909763694,0.0023657928104512393,0.006653929711319506,0.13324999999999998,nan,nan,nan,nan,nan,nan,nan
135,22452,0.7630066666666666,-4.858277747631073,0.10222222222222223,0,79,0.003060355712659657,0.0023685316555202007,0.005196800013072789,0.133125,nan,nan,nan,nan,nan,nan,nan
136,22569,0.7617716666666666,-3.897331580638886,0.19111111111111112,0,117,0.003434761636890471,0.0027968809939920903,0.00479609512258321,0.133,nan,nan,nan,nan,nan,nan,nan
137,22676,0.7606422222222222,-3.982034809112548,0.15555555555555556,0,107,0.0029406762216240166,0.0024118839297443627,0.003979622386395931,0.132875,nan,nan,nan,nan,nan,nan,nan
138,22776,0.7595866666666666,-2.7546321697235108,0.19555555555555557,0,100,0.0026759364642202853,0.002024443040136248,0.0049076714552938935,0.13275,nan,nan,nan,nan,nan,nan,nan
139,23008,0.7571377777777778,-10.438233346462257,0.31555555555555553,0,232,0.0032302365405485036,0.0024154978338629006,0.0061431764625012875,0.132625,nan,nan,nan,nan,nan,nan,nan
140,23054,0.7566522222222222,-4.378860027313232,0.07555555555555556,0,46,0.003705823328346014,0.002678642119280994,0.00775231143925339,0.1325,-14.21465913641453,0.30177777777777776,0.0,157.7,0.0,1.0,0.30177777777777776
141,23304,0.7540133333333333,-4.666787194252022,0.29333333333333333,2,250,0.0034837050130590796,0.0025997745455242694,0.006677472498267889,0.132375,nan,nan,nan,nan,nan,nan,nan
142,23406,0.7529366666666667,-4.540225912570955,0.14222222222222222,0,102,0.003139504138380289,0.002545899653341621,0.0044885028153657915,0.13225,nan,nan,nan,nan,nan,nan,nan
143,23617,0.7507094444444444,-4.669437053680423,0.3244444444444444,0,211,0.0031394452089443803,0.0024336897768080235,0.005341573641635478,0.132125,nan,nan,nan,nan,nan,nan,nan
144,23775,0.7490416666666666,-3.5514315505027767,0.25333333333333335,0,158,0.003195939213037491,0.0024531590053811668,0.005627122451551258,0.132,nan,nan,nan,nan,nan,nan,nan
145,23937,0.7473316666666667,-5.218974426507953,0.27111111111111114,0,162,0.0032899803714826702,0.0025142403086647392,0.00588238937780261,0.131875,nan,nan,nan,nan,nan,nan,nan
146,24140,0.7451888888888889,-8.907281688213352,0.15555555555555556,0,203,0.002983223577030003,0.002296954917255789,0.005208870489150285,0.13175,nan,nan,nan,nan,nan,nan,nan
147,24333,0.7431516666666667,-6.597282630920413,0.25333333333333335,0,193,0.0029648418305441735,0.00222174224909395,0.005645581381395459,0.131625,nan,nan,nan,nan,nan,nan,nan
148,24524,0.7411355555555555,-8.052015801429752,0.2,0,191,0.0027768338797613977,0.0020454586017876865,0.0055617887759581205,0.1315,nan,nan,nan,nan,nan,nan,nan
149,24743,0.738823888888889,-6.817327577590945,0.2088888888888889,0,219,0.002906989795155823,0.002238275401759893,0.005090119084343314,0.131375,nan,nan,nan,nan,nan,nan,nan
150,24938,0.7367655555555556,-3.023978384017945,0.36,0,195,0.0029868382262066007,0.002440961520187557,0.00415906086564064,0.13125,nan,nan,nan,nan,nan,nan,nan
151,25135,0.7346861111111112,-4.243404373168947,0.3244444444444444,-1,197,0.0029900624882429837,0.002413412858732045,0.004397709178738296,0.131125,nan,nan,nan,nan,nan,nan,nan
152,25385,0.7320472222222223,-3.3080458464622535,0.3688888888888889,1,250,0.003396066860295832,0.0026921291602775453,0.005373570066876709,0.131,nan,nan,nan,nan,nan,nan,nan
153,25587,0.7299150000000001,-6.697276243209841,0.24444444444444444,0,202,0.003311723400838673,0.0026707522105425597,0.004897582950070501,0.130875,nan,nan,nan,nan,nan,nan,nan
154,25768,0.7280044444444445,-6.598509234905245,0.25333333333333335,0,181,0.0033775589428842066,0.002624483173713088,0.005759661854244769,0.13075,nan,nan,nan,nan,nan,nan,nan
155,25797,0.7276983333333333,-4.085907477378845,0.035555555555555556,-1,29,0.0033298096852377055,0.0027368710143491626,0.004539243434555829,0.130625,nan,nan,nan,nan,nan,nan,nan
156,25985,0.725713888888889,-5.99773469305039,0.27111111111111114,0,188,0.0031504609622061254,0.0022777732345275583,0.00668726209551096,0.1305,nan,nan,nan,nan,nan,nan,nan
157,26195,0.7234972222222222,-5.607697221755983,0.3022222222222222,0,210,0.0031312946928665044,0.002559019369073212,0.004389456077478826,0.130375,nan,nan,nan,nan,nan,nan,nan
158,26260,0.7228111111111111,-2.2887223982810974,0.14222222222222222,0,65,0.0033053729217499494,0.0026145151699893177,0.0053040899336338045,0.13025,nan,nan,nan,nan,nan,nan,nan
159,26448,0.7208266666666667,-6.714680002212528,0.2577777777777778,0,188,0.0031339680776000024,0.0024349346524104474,0.005372014478780329,0.130125,nan,nan,nan,nan,nan,nan,nan
160,26582,0.7194122222222222,-6.333103577613831,0.16444444444444445,0,134,0.0035591420717537405,0.0028508522780612113,0.005448383069597185,0.13,-7.44560014340878,0.3711111111111111,0.5,221.5,0.2,0.8,0.4411111111111111
161,26790,0.7172166666666666,-7.899186309814457,0.2577777777777778,0,208,0.003352692280896008,0.0027371496660634877,0.00473950041923672,0.129875,nan,nan,nan,nan,nan,nan,nan
162,26932,0.7157177777777778,-6.80661884593964,0.17777777777777778,0,142,0.002890863688662648,0.0021643465384840964,0.005599361681379378,0.12975,nan,nan,nan,nan,nan,nan,nan
163,27182,0.7130788888888888,-4.70512803196908,0.36444444444444446,1,250,0.0033454366493970156,0.0028082464123144746,0.004144187108613551,0.129625,nan,nan,nan,nan,nan,nan,nan
164,27293,0.7119072222222222,-5.095822506666187,0.14666666666666667,0,111,0.003928938019089401,0.0033405708614736795,0.004543375317007303,0.1295,nan,nan,nan,nan,nan,nan,nan
165,27487,0.7098594444444444,-5.457863186359413,0.3022222222222222,0,194,0.006874659960158169,0.005732145579531789,0.008831028686836362,0.129375,nan,nan,nan,nan,nan,nan,nan
166,27633,0.7083183333333334,-4.827393034934999,0.21333333333333335,0,146,0.006346872821450233,0.0054262654390186075,0.0071226869942620395,0.12925,nan,nan,nan,nan,nan,nan,nan
167,27815,0.7063972222222223,-4.9849593372345025,0.28888888888888886,0,182,0.004789140913635493,0.003991767857223749,0.006175202527083456,0.129125,nan,nan,nan,nan,nan,nan,nan
168,28065,0.7037583333333333,-2.2690733888149253,0.39555555555555555,3,250,0.003925165440887213,0.0032568027032539248,0.005181106831878423,0.129,nan,nan,nan,nan,nan,nan,nan
169,28250,0.7018055555555556,-5.873875099182142,0.29333333333333333,0,185,0.004319690517149866,0.003480462753213942,0.006511951191350817,0.128875,nan,nan,nan,nan,nan,nan,nan
170,28327,0.7009927777777778,-9.76610662269592,0.07555555555555556,0,77,0.0035467658191919325,0.0027863577008247374,0.005906082876026631,0.12875,nan,nan,nan,nan,nan,nan,nan
171,28479,0.6993883333333333,-5.231772395133975,0.25333333333333335,0,152,0.0032110499683767556,0.002730318810790777,0.0037374629057012497,0.128625,nan,nan,nan,nan,nan,nan,nan
172,28711,0.6969394444444444,-5.422572139263159,0.32,0,232,0.0035511294612661005,0.0028659085975959895,0.00533245773985982,0.1285,nan,nan,nan,nan,nan,nan,nan
173,28858,0.6953877777777777,-3.448282598733903,0.22666666666666666,0,147,0.0035675267223268746,0.0029384220950305464,0.004900522856041789,0.128375,nan,nan,nan,nan,nan,nan,nan
174,29014,0.6937411111111111,-5.843804202079774,0.22666666666666666,0,156,0.003201812505722046,0.0027041131164878608,0.003880696860142052,0.12825,nan,nan,nan,nan,nan,nan,nan
175,29179,0.6919994444444444,-10.3725,0.1688888888888889,0,165,0.0034117742441594602,0.002668690332211554,0.005799679504707456,0.128125,nan,nan,nan,nan,nan,nan,nan
176,29291,0.6908172222222222,-3.912450789928437,0.20444444444444446,0,112,0.0033917831955477596,0.0028412588173523544,0.004300971608608961,0.128,nan,nan,nan,nan,nan,nan,nan
177,29541,0.6881783333333333,-5.205646476745615,0.25333333333333335,4,250,0.0031152659794315696,0.002480595442466438,0.00496321024838835,0.127875,nan,nan,nan,nan,nan,nan,nan
178,29772,0.68574,-5.856327388525014,0.3022222222222222,0,231,0.0033613913226872684,0.0028230038704350592,0.00421438340563327,0.12775,nan,nan,nan,nan,nan,nan,nan
179,29966,0.6836922222222223,-7.27127354717255,0.18666666666666668,0,194,0.0036471297265961767,0.0030455152969807386,0.004713922785595059,0.127625,nan,nan,nan,nan,nan,nan,nan
180,30130,0.6819611111111111,-3.8454920592308044,0.29333333333333333,0,164,0.0034133839420974255,0.002744960132986307,0.005242539895698428,0.1275,-11.140089588546754,0.45155555555555543,0.0,202.6,0.0,1.0,0.45155555555555543
181,30355,0.6795861111111111,-5.73876009559632,0.28444444444444444,-1,225,0.002982288715429604,0.002457301365211606,0.004121588403359055,0.127375,nan,nan,nan,nan,nan,nan,nan
182,30605,0.6769472222222223,-4.328180736064917,0.35555555555555557,1,250,0.0035934087121859194,0.0031161811435595154,0.0037503142841160296,0.12725,nan,nan,nan,nan,nan,nan,nan
183,30786,0.6750366666666667,-4.90117613434792,0.24,0,181,0.0033445609966292976,0.0027970616007223724,0.004306780034676194,0.127125,nan,nan,nan,nan,nan,nan,nan
184,31036,0.6723977777777778,-8.364785356044775,0.30666666666666664,2,250,0.003046219260431826,0.002512599341571331,0.004201731458306312,0.127,nan,nan,nan,nan,nan,nan,nan
185,31184,0.6708355555555556,-6.274918737888336,0.12,0,148,0.003496377053670585,0.0028745011426508428,0.00490148514509201,0.126875,nan,nan,nan,nan,nan,nan,nan
186,31370,0.6688722222222223,-4.442100996017459,0.24444444444444444,0,186,0.0032652953406795858,0.002602226100862026,0.00523131531663239,0.12675,nan,nan,nan,nan,nan,nan,nan
187,31582,0.6666344444444445,-6.662184540033342,0.3111111111111111,0,212,0.0037269823951646686,0.003089866740629077,0.005031515075825155,0.126625,nan,nan,nan,nan,nan,nan,nan
188,31657,0.6658427777777778,-4.036198475837706,0.12,0,75,0.0030661721248179674,0.0024867010768502952,0.00458079888485372,0.1265,nan,nan,nan,nan,nan,nan,nan
189,31839,0.6639216666666667,-4.577742188930516,0.29333333333333333,0,182,0.0030367747880518437,0.002594402129761875,0.003500475944019854,0.126375,nan,nan,nan,nan,nan,nan,nan
190,32002,0.6622011111111111,-5.363598775863651,0.27111111111111114,0,163,0.0033073281636461617,0.0026886902283877133,0.004900102340616286,0.12625,nan,nan,nan,nan,nan,nan,nan
191,32228,0.6598155555555556,-6.142169571161271,0.3511111111111111,0,226,0.003308615367859602,0.002681382768787444,0.004973103478550911,0.126125,nan,nan,nan,nan,nan,nan,nan
192,32440,0.6575777777777778,-5.112458511829377,0.3333333333333333,-1,212,0.003131148614920676,0.0026292986935004593,0.003982936078682542,0.126,nan,nan,nan,nan,nan,nan,nan
193,32648,0.6553822222222223,-5.792621636390688,0.31555555555555553,0,208,0.003397599281743169,0.0027608748525381087,0.005058386595919728,0.125875,nan,nan,nan,nan,nan,nan,nan
194,32822,0.6535455555555556,-4.264582033872609,0.26222222222222225,0,174,0.0035465010209009052,0.003023939533159137,0.004155558068305254,0.12575,nan,nan,nan,nan,nan,nan,nan
195,33056,0.6510755555555556,-6.18664948916436,0.3022222222222222,0,234,0.0037469944916665556,0.0030421382281929253,0.005610795877873898,0.125625,nan,nan,nan,nan,nan,nan,nan
196,33273,0.6487850000000001,-4.524973753452304,0.3288888888888889,0,217,0.0032686313381418584,0.0028097721515223384,0.003656248841434717,0.1255,nan,nan,nan,nan,nan,nan,nan
197,33403,0.6474127777777778,-4.9496144938468944,0.17333333333333334,0,130,0.003231609077192843,0.002658516517840326,0.004571027343627065,0.125375,nan,nan,nan,nan,nan,nan,nan
198,33596,0.6453755555555556,-4.832481330394752,0.30666666666666664,0,193,0.0030758404405787586,0.002461637789383531,0.0049038136843591925,0.12525,nan,nan,nan,nan,nan,nan,nan
199,33797,0.6432538888888889,-5.019600572586065,0.3022222222222222,0,201,0.0030075024580582975,0.002523755677975714,0.0038661080645397304,0.125125,nan,nan,nan,nan,nan,nan,nan
200,33977,0.641353888888889,-3.9182669658660907,0.3377777777777778,0,180,0.0035325742326676847,0.0030198868829756976,0.00410149903036654,0.125,-4.212601600718497,0.5013333333333333,0.0,213.8,0.0,1.0,0.5013333333333333
201,34169,0.6393272222222222,-6.1762211174964925,0.25333333333333335,0,192,0.0035976806888356806,0.003192570945248008,0.0032441219314932822,0.124875,nan,nan,nan,nan,nan,nan,nan
202,34405,0.6368361111111112,-6.532845088005072,0.28,0,236,0.003629111871123314,0.003049275977537036,0.004647982656024396,0.12475,nan,nan,nan,nan,nan,nan,nan
203,34614,0.63463,-2.7165084147453307,0.39111111111111113,0,209,0.003778319898992777,0.0032462400151416658,0.00426944752689451,0.124625,nan,nan,nan,nan,nan,nan,nan
204,34754,0.6331522222222223,-4.433746420860297,0.2577777777777778,0,140,0.0038672798313200475,0.003315947251394391,0.004428373859263956,0.1245,nan,nan,nan,nan,nan,nan,nan
205,35003,0.6305238888888889,-5.711003056526192,0.3688888888888889,0,249,0.00403240139130503,0.003424699092283845,0.004886048706248402,0.124375,nan,nan,nan,nan,nan,nan,nan
206,35247,0.6279483333333333,-7.788078657388689,0.3333333333333333,0,244,0.0038404430961236358,0.003346988372504711,0.003971466212533414,0.12425,nan,nan,nan,nan,nan,nan,nan
207,35469,0.625605,-8.390319276571278,0.22666666666666666,0,222,0.00414382666349411,0.003716567065566778,0.00344217240344733,0.124125,nan,nan,nan,nan,nan,nan,nan
208,35662,0.6235677777777777,-7.316658354043963,0.3111111111111111,0,193,0.004052935400977731,0.003583737276494503,0.0037838562391698362,0.124,nan,nan,nan,nan,nan,nan,nan
209,35912,0.6209288888888889,-5.740097007751471,0.31555555555555553,2,250,0.004249138105660677,0.0036714859073981644,0.0046631860546767715,0.123875,nan,nan,nan,nan,nan,nan,nan
210,36067,0.6192927777777778,-4.182059761762624,0.26222222222222225,0,155,0.0036630093585699798,0.003103725891560316,0.004519462632015347,0.12375,nan,nan,nan,nan,nan,nan,nan
211,36297,0.616865,-5.250047601461414,0.36,0,230,0.003170028910972178,0.0026924314443022013,0.0038632756564766168,0.123625,nan,nan,nan,nan,nan,nan,nan
212,36471,0.6150283333333333,-4.79782257652283,0.27555555555555555,-1,174,0.0035051818937063216,0.0030098140938207506,0.0040110758738592265,0.1235,nan,nan,nan,nan,nan,nan,nan
213,36682,0.6128011111111111,-3.525683712005618,0.3688888888888889,0,211,0.0036089552100747823,0.002976018679328263,0.005130184884183109,0.123375,nan,nan,nan,nan,nan,nan,nan
214,36860,0.6109222222222223,-6.578366957664496,0.2222222222222222,0,178,0.0036794666666537523,0.003183672740124166,0.004022668697871268,0.12325,nan,nan,nan,nan,nan,nan,nan
215,37045,0.6089694444444445,-4.385354223251348,0.3377777777777778,0,185,0.0036145372781902553,0.0030396956251934172,0.004668764630332589,0.123125,nan,nan,nan,nan,nan,nan,nan
216,37295,0.6063305555555556,-3.8993571939468414,0.36444444444444446,1,250,0.0033775606425479054,0.002813873998820782,0.004582818481139839,0.123,nan,nan,nan,nan,nan,nan,nan
217,37542,0.6037233333333334,-7.10041358947754,0.35555555555555557,0,247,0.003308550384826958,0.0026931809494271874,0.00500809361692518,0.122875,nan,nan,nan,nan,nan,nan,nan
218,37759,0.6014327777777778,-4.081405218124395,0.37333333333333335,0,217,0.00351508476305753,0.0026530373143032193,0.007022789679467678,0.12275,nan,nan,nan,nan,nan,nan,nan
219,38009,0.5987938888888888,-8.111598814010623,0.3244444444444444,2,250,0.0035302961012348534,0.002921034034807235,0.004968498088419438,0.122625,nan,nan,nan,nan,nan,nan,nan
220,38180,0.5969888888888889,-3.7800175113677987,0.30666666666666664,0,171,0.0030339454067870976,0.0025598062784411013,0.003870523488149047,0.1225,-2.4047994243621837,0.5071111111111112,0.0,202.3,0.0,1.0,0.5071111111111112
221,38327,0.5954372222222222,-2.5347358450889583,0.28888888888888886,0,147,0.003192242281511426,0.002744612842798233,0.003657850646413863,0.122375,nan,nan,nan,nan,nan,nan,nan
222,38481,0.5938116666666666,-2.670623626708985,0.28888888888888886,0,154,0.00338138653896749,0.0027455514995381237,0.005201104702427984,0.12225,nan,nan,nan,nan,nan,nan,nan
223,38651,0.5920172222222222,-4.528673692226411,0.3288888888888889,0,170,0.003015183890238404,0.0024694141116924583,0.00446894383057952,0.122125,nan,nan,nan,nan,nan,nan,nan
224,38785,0.5906027777777778,-2.7545149121284487,0.2577777777777778,0,134,0.004008130566217005,0.00346645989920944,0.004439923900645226,0.122,nan,nan,nan,nan,nan,nan,nan
225,38895,0.5894416666666666,-4.7934206073284145,0.20444444444444446,0,110,0.0035787001717835663,0.002995423576794565,0.0047858587699010965,0.121875,nan,nan,nan,nan,nan,nan,nan
226,39009,0.5882383333333334,-6.1152505717277545,0.14666666666666667,0,114,0.004319125297479331,0.0037148632574826477,0.004963137896265834,0.12175,nan,nan,nan,nan,nan,nan,nan
227,39198,0.5862433333333333,-6.009765006303786,0.28444444444444444,0,189,0.003652329184114933,0.0031269805040210485,0.004319413681514561,0.121625,nan,nan,nan,nan,nan,nan,nan
228,39448,0.5836044444444445,-2.450377873420718,0.38222222222222224,1,250,0.003490231721661985,0.0030153508530929686,0.00390848433598876,0.1215,nan,nan,nan,nan,nan,nan,nan
229,39698,0.5809655555555556,-2.961537325382238,0.38666666666666666,3,250,0.0036000138148665427,0.0030664929654449224,0.004395639896392823,0.121375,nan,nan,nan,nan,nan,nan,nan
230,39948,0.5783266666666667,-2.5126664712429037,0.38666666666666666,2,250,0.0036756087094545363,0.003183405171148479,0.004059410886839032,0.12125,nan,nan,nan,nan,nan,nan,nan
231,40186,0.5758144444444444,-4.637405840396893,0.4088888888888889,-1,238,0.003530387789942324,0.0029687249800190328,0.004637051001191139,0.121125,nan,nan,nan,nan,nan,nan,nan
232,40435,0.5731861111111112,-6.32096248722077,0.35555555555555557,0,249,0.003368395729921758,0.0028471396071836352,0.00430790192913264,0.121,nan,nan,nan,nan,nan,nan,nan
233,40685,0.5705472222222223,-3.211124973297118,0.36444444444444446,1,250,0.0031067536445334555,0.0025965420063585043,0.004220985807478428,0.120875,nan,nan,nan,nan,nan,nan,nan
234,40845,0.5688583333333334,-4.766416264772419,0.24888888888888888,-1,160,0.003336225915700197,0.0027933383244089782,0.004495963163208216,0.12075,nan,nan,nan,nan,nan,nan,nan
235,41001,0.5672116666666667,-5.510491335868841,0.23555555555555555,0,156,0.0033855701563879847,0.002841643546707928,0.004509236407466232,0.120625,nan,nan,nan,nan,nan,nan,nan
236,41190,0.5652166666666667,-4.287750216960907,0.3333333333333333,0,189,0.0034502909053117036,0.002842455031350255,0.005044281086884439,0.1205,nan,nan,nan,nan,nan,nan,nan
237,41386,0.5631477777777778,-5.845538278579714,0.28444444444444444,0,196,0.0036626862827688457,0.0029276961693540217,0.006105836434289813,0.120375,nan,nan,nan,nan,nan,nan,nan
238,41636,0.560508888888889,-5.008746452331549,0.36444444444444446,3,250,0.003526103054173291,0.0028574504191055893,0.005560520943254233,0.12025,nan,nan,nan,nan,nan,nan,nan
239,41886,0.5578700000000001,-5.850734162330633,0.30666666666666664,1,250,0.003426346369087696,0.002896612649783492,0.004409853578545153,0.120125,nan,nan,nan,nan,nan,nan,nan
240,42089,0.5557272222222223,-5.908461289405826,0.3244444444444444,0,203,0.003551029902882874,0.003030047542415559,0.0043415199033916,0.12,-4.507296476531028,0.4626666666666666,0.1,214.3,0.1,0.9,0.4946666666666666
241,42273,0.553785,-2.780421424388886,0.31555555555555553,0,184,0.0033207239350304006,0.002788058412261307,0.004443508456461132,0.119875,nan,nan,nan,nan,nan,nan,nan
242,42449,0.5519272222222222,-4.417541836500169,0.26666666666666666,0,176,0.003513137879781425,0.0030643690377473833,0.0037475476739928125,0.11975,nan,nan,nan,nan,nan,nan,nan
243,42659,0.5497105555555555,-5.717322240352631,0.3466666666666667,0,210,0.0029374442528933287,0.0024457742692902684,0.004110094113275409,0.119625,nan,nan,nan,nan,nan,nan,nan
244,42909,0.5470716666666666,-4.2498232431411775,0.38666666666666666,0,250,0.0033770686248317363,0.002877883496694267,0.0041772810276597735,0.1195,nan,nan,nan,nan,nan,nan,nan
245,43091,0.5451505555555556,-3.0684107565879826,0.3244444444444444,0,182,0.004415625962428749,0.0038317406084388494,0.004891186067834496,0.119375,nan,nan,nan,nan,nan,nan,nan
246,43292,0.5430288888888889,-6.369255445957187,0.30666666666666664,0,201,0.0037690788274630906,0.0031221930868923662,0.005424618511460722,0.11925,nan,nan,nan,nan,nan,nan,nan
247,43478,0.5410655555555556,-3.5419211134910666,0.30666666666666664,0,186,0.003079389105550945,0.002518127439543605,0.004711535619571805,0.119125,nan,nan,nan,nan,nan,nan,nan
248,43685,0.5388805555555556,-2.3331120276451083,0.41333333333333333,0,207,0.003071038844063878,0.0025097364094108345,0.004716827045194804,0.119,nan,nan,nan,nan,nan,nan,nan
249,43890,0.5367166666666667,-2.339915316581725,0.3688888888888889,0,205,0.0034158249851316213,0.002848862577229738,0.004769399855285883,0.118875,nan,nan,nan,nan,nan,nan,nan
250,44129,0.5341938888888889,-8.458844407796864,0.28,0,239,0.003756824997253716,0.003129913960583508,0.005279250640887767,0.11875,nan,nan,nan,nan,nan,nan,nan
251,44340,0.5319666666666667,-6.115537885189056,0.28444444444444444,0,211,0.003768664668314159,0.0030492962338030337,0.006064222706481814,0.11862500000000001,nan,nan,nan,nan,nan,nan,nan
252,44559,0.529655,-6.562208083152778,0.3111111111111111,0,219,0.0030702919932082294,0.00254581596236676,0.004425957892090082,0.1185,nan,nan,nan,nan,nan,nan,nan
253,44730,0.52785,-3.6260728597640983,0.31555555555555553,0,171,0.0031286281766369937,0.0022749528638087214,0.007211618078872562,0.11837500000000001,nan,nan,nan,nan,nan,nan,nan
254,44933,0.5257072222222222,-2.7650255270004274,0.3511111111111111,0,203,0.002958307694643736,0.0024762182030826805,0.00407686703838408,0.11825,nan,nan,nan,nan,nan,nan,nan
255,45064,0.5243244444444445,-3.7148955647945403,0.24888888888888888,0,131,0.0026621068362146618,0.002292832708917558,0.003126130113378167,0.11812500000000001,nan,nan,nan,nan,nan,nan,nan
256,45234,0.5225299999999999,-3.738605513572696,0.3333333333333333,0,170,0.0030761284986510875,0.0024994098115712405,0.004887446388602256,0.118,nan,nan,nan,nan,nan,nan,nan
257,45349,0.5213161111111111,-2.518253152370453,0.2311111111111111,0,115,0.002790222829207778,0.002309110958594829,0.004081542952917516,0.11787500000000001,nan,nan,nan,nan,nan,nan,nan
258,45486,0.51987,-3.992109929800033,0.2222222222222222,0,137,0.0029028071323409675,0.0023048290400765835,0.00507837061304599,0.11775,nan,nan,nan,nan,nan,nan,nan
259,45721,0.5173894444444445,-3.9325318794250492,0.4177777777777778,0,235,0.0032928631640970706,0.002810715266969055,0.004099025961477309,0.11762500000000001,nan,nan,nan,nan,nan,nan,nan
260,45921,0.5152783333333334,-4.3475408091545145,0.3511111111111111,0,200,0.0030141231836751103,0.002524088940117508,0.004170504608191549,0.1175,-2.8233059615135194,0.4644444444444445,0.1,225.5,0.1,0.9,0.49644444444444447
261,46145,0.5129138888888889,-5.154456459760674,0.3377777777777778,0,224,0.0027447677450254558,0.002197438688017428,0.004663080233149231,0.11737500000000001,nan,nan,nan,nan,nan,nan,nan
262,46384,0.510391111111111,-6.289673265933993,0.3466666666666667,0,239,0.002943338290788233,0.002258825744502246,0.00583805984351784,0.11725,nan,nan,nan,nan,nan,nan,nan
263,46555,0.5085861111111112,-5.2764737293720305,0.28444444444444444,0,171,0.003106817463412881,0.0026888246065936983,0.0035687755793333054,0.117125,nan,nan,nan,nan,nan,nan,nan
264,46739,0.5066438888888889,-4.994034182786942,0.3111111111111111,0,184,0.0027996252058073877,0.0023366060806438325,0.003957428247667849,0.11699999999999999,nan,nan,nan,nan,nan,nan,nan
265,46982,0.5040788888888889,-4.075228708505639,0.43555555555555553,0,243,0.0027060302440077067,0.002224890992511064,0.004116699472069741,0.116875,nan,nan,nan,nan,nan,nan,nan
266,47232,0.50144,-1.8758661224842088,0.4088888888888889,1,250,0.003524215612560511,0.0030969153274782004,0.003659959614742547,0.11674999999999999,nan,nan,nan,nan,nan,nan,nan
267,47405,0.4996138888888889,-3.1386551353931424,0.36,0,173,0.0032454618718475103,0.002756068273447454,0.004196301207412034,0.116625,nan,nan,nan,nan,nan,nan,nan
268,47529,0.498305,-2.4076139209270466,0.24,0,124,0.003001126670278609,0.0025089035858400165,0.00422509117051959,0.11649999999999999,nan,nan,nan,nan,nan,nan,nan
269,47749,0.4959827777777778,-4.9318825299739855,0.3022222222222222,0,220,0.0032630066853016615,0.002757020725402981,0.004347891919314862,0.116375,nan,nan,nan,nan,nan,nan,nan
270,47973,0.4936183333333334,-4.683791912078858,0.3511111111111111,0,224,0.0032077402574941516,0.0026211823569610715,0.0050456593977287415,0.11624999999999999,nan,nan,nan,nan,nan,nan,nan
271,48214,0.4910744444444445,-5.253874838352209,0.39111111111111113,0,241,0.003049469296820462,0.002579331852030009,0.004048546240665018,0.116125,nan,nan,nan,nan,nan,nan,nan
272,48464,0.4884355555555555,-2.855086733818056,0.38222222222222224,1,250,0.0031930292840115725,0.002668821543920785,0.004519032733514905,0.11599999999999999,nan,nan,nan,nan,nan,nan,nan
273,48714,0.48579666666666665,-4.431991838932039,0.41333333333333333,0,250,0.00308467629365623,0.002562756952829659,0.004504158184863627,0.115875,nan,nan,nan,nan,nan,nan,nan
274,48961,0.48318944444444445,-3.349992158889771,0.43555555555555553,0,247,0.0030185737181454898,0.002570378687232733,0.0038720954908058047,0.11574999999999999,nan,nan,nan,nan,nan,nan,nan
275,49187,0.4808038888888889,-4.810661616802218,0.3333333333333333,0,226,0.0028841767460107805,0.0024210645584389567,0.004005294688977301,0.115625,nan,nan,nan,nan,nan,nan,nan
276,49387,0.47869277777777774,-3.054381249189377,0.4177777777777778,0,200,0.0032809881493449213,0.002794992784038186,0.004207752295769751,0.11549999999999999,nan,nan,nan,nan,nan,nan,nan
277,49566,0.47680333333333336,-4.047986739158634,0.3333333333333333,0,179,0.002661241637542844,0.002221788710448891,0.003808909421786666,0.115375,nan,nan,nan,nan,nan,nan,nan
278,49801,0.47432277777777787,-5.207152592182158,0.36444444444444446,0,235,0.0034151833271607755,0.00282936270814389,0.005083041801117361,0.11524999999999999,nan,nan,nan,nan,nan,nan,nan
279,50017,0.4720427777777778,-2.810184366703032,0.38666666666666666,0,216,0.0025216628797352313,0.002079941623378545,0.0038368838606402276,0.115125,nan,nan,nan,nan,nan,nan,nan
280,50267,0.46940388888888884,-2.299688974857331,0.4311111111111111,2,250,0.003039401187561452,0.0025737784337252377,0.004048893554136157,0.11499999999999999,-8.137650894236565,0.4644444444444444,0.1,226.1,0.1,0.9,0.49644444444444435
281,50508,0.46685999999999994,-1.5368210244178768,0.4666666666666667,0,241,0.003030677395872772,0.0025930057861842217,0.0038099816534668206,0.114875,nan,nan,nan,nan,nan,nan,nan
282,50736,0.4644533333333334,-3.5991262962818142,0.40444444444444444,0,228,0.0030864472733810543,0.0026242652791552247,0.004027729912195355,0.11474999999999999,nan,nan,nan,nan,nan,nan,nan
283,50932,0.4623844444444445,-3.911918481349947,0.37333333333333335,0,196,0.0028973548440262677,0.002404686203226447,0.00429809041088447,0.114625,nan,nan,nan,nan,nan,nan,nan
284,51182,0.4597455555555555,-3.367865893840792,0.4,1,250,0.0023946067434735597,0.00197596704820171,0.0036562419612891973,0.11449999999999999,nan,nan,nan,nan,nan,nan,nan
285,51360,0.45786666666666676,-4.666411568641664,0.28444444444444444,0,178,0.0024406644864939154,0.0020132796373218296,0.0037366982782259584,0.114375,nan,nan,nan,nan,nan,nan,nan
286,51578,0.45556555555555556,-3.7342097454071057,0.36,0,218,0.0027955778758041562,0.0022923638694919645,0.00440449909074232,0.11424999999999999,nan,nan,nan,nan,nan,nan,nan
287,51767,0.4535705555555556,-3.525055263519288,0.35555555555555557,0,189,0.002762198564596474,0.0023520390270277856,0.003593950089998543,0.114125,nan,nan,nan,nan,nan,nan,nan
288,51978,0.4513433333333333,-2.058701076030731,0.41333333333333333,0,211,0.002980475535150617,0.002601897541899234,0.0033208597800694407,0.11399999999999999,nan,nan,nan,nan,nan,nan,nan
289,52228,0.44870444444444446,-3.090156891822814,0.4,1,250,0.002668767992872745,0.002171239745803177,0.004369073221459985,0.113875,nan,nan,nan,nan,nan,nan,nan
290,52391,0.44698388888888896,-2.4540954844951637,0.3288888888888889,0,163,0.0029316383879631758,0.0024397607427090406,0.004324199166148901,0.11374999999999999,nan,nan,nan,nan,nan,nan,nan
291,52502,0.4458122222222223,-1.2244699504375451,0.28,0,111,0.0030605369713157414,0.0025975846918299796,0.004074387566652149,0.113625,nan,nan,nan,nan,nan,nan,nan
292,52700,0.44372222222222224,-3.2976110258102422,0.38666666666666666,0,198,0.0031787802465260027,0.0024515475262887774,0.006407336937263608,0.11349999999999999,nan,nan,nan,nan,nan,nan,nan
293,52874,0.44188555555555564,-2.9895858993530275,0.32,0,174,0.002918485272675753,0.0024776452570222317,0.0038883354980498554,0.113375,nan,nan,nan,nan,nan,nan,nan
294,53124,0.4392466666666667,-1.3188555316925035,0.44,3,250,0.0033627402619458733,0.002929018926806748,0.0038297690451145174,0.11324999999999999,nan,nan,nan,nan,nan,nan,nan
295,53329,0.4370827777777778,-4.754174070835114,0.32,0,205,0.00316985493991524,0.0025664574932307005,0.005333900405094028,0.113125,nan,nan,nan,nan,nan,nan,nan
296,53579,0.43444388888888896,-2.5910656504631047,0.37333333333333335,1,250,0.0028647923609241843,0.002333305648062378,0.004703422402963042,0.11299999999999999,nan,nan,nan,nan,nan,nan,nan
297,53822,0.4318788888888889,-5.578682541370398,0.37777777777777777,0,243,0.0030328181572258474,0.002267545566428453,0.006779823661781847,0.112875,nan,nan,nan,nan,nan,nan,nan
298,54006,0.42993666666666674,-4.603370749235155,0.27555555555555555,0,184,0.00339277854654938,0.002777095837518573,0.0054606007877737285,0.11274999999999999,nan,nan,nan,nan,nan,nan,nan
299,54255,0.4273083333333334,-3.6295213747024544,0.4622222222222222,0,249,0.0033744068816304205,0.002876240888144821,0.004423227300867439,0.112625,nan,nan,nan,nan,nan,nan,nan
300,54482,0.42491222222222225,-3.572822988033296,0.44,0,227,0.0031333561055362225,0.002675023104529828,0.004074071068316698,0.11249999999999999,-2.3718190213918726,0.496,0.1,221.3,0.1,0.9,0.528
301,54726,0.4223366666666667,-3.916662272930147,0.4577777777777778,0,244,0.003454636665992439,0.0030751911457628013,0.0033766012405976654,0.112375,nan,nan,nan,nan,nan,nan,nan
302,54947,0.42000388888888895,-3.053422074794768,0.4177777777777778,0,221,0.0032861879793927074,0.002841398026794195,0.003962494002189487,0.11224999999999999,nan,nan,nan,nan,nan,nan,nan
303,55167,0.41768166666666673,-2.7000354018211357,0.4311111111111111,0,220,0.0035854179412126543,0.00274898650823161,0.007459811843000352,0.112125,nan,nan,nan,nan,nan,nan,nan
304,55413,0.41508500000000004,-3.6745363664627084,0.44,0,246,0.0028229747666046025,0.0024426509975455702,0.003395747777540237,0.11199999999999999,nan,nan,nan,nan,nan,nan,nan
305,55663,0.41244611111111107,-2.612067230463033,0.4444444444444444,2,250,0.0028835006058216097,0.002407253149431199,0.004256960307247937,0.111875,nan,nan,nan,nan,nan,nan,nan
306,55832,0.41066222222222226,-3.289001843452455,0.29333333333333333,0,169,0.0031704593682661654,0.0027679694932885466,0.0036016989150084557,0.11174999999999999,nan,nan,nan,nan,nan,nan,nan
307,56075,0.4080972222222222,-4.120471846103667,0.39111111111111113,0,243,0.0026791064999997618,0.002135696541517973,0.004868174239527434,0.111625,nan,nan,nan,nan,nan,nan,nan
308,56325,0.40545833333333337,-2.277155852317818,0.4488888888888889,2,250,0.002715174073819071,0.0021597542916424574,0.004981343378312885,0.11149999999999999,nan,nan,nan,nan,nan,nan,nan
309,56501,0.40360055555555563,-4.896082326889042,0.27555555555555555,0,176,0.0026615429669618607,0.0022091534337960184,0.0040618589147925375,0.111375,nan,nan,nan,nan,nan,nan,nan
310,56634,0.40219666666666676,-1.5105293200016008,0.3244444444444444,0,133,0.0035173069685697556,0.0030047672451473774,0.004607098549604416,0.11124999999999999,nan,nan,nan,nan,nan,nan,nan
311,56843,0.3999905555555556,-2.5453979415893553,0.4577777777777778,0,209,0.0027985060354694725,0.0023099797894246877,0.004396186978556216,0.111125,nan,nan,nan,nan,nan,nan,nan
312,57076,0.39753111111111117,-3.2254472815990427,0.4577777777777778,0,233,0.00297691251616925,0.0025598325999453666,0.003757476690225303,0.11099999999999999,nan,nan,nan,nan,nan,nan,nan
313,57310,0.3950611111111112,-1.4054879016876227,0.48,0,234,0.0030524969566613435,0.002524564496707171,0.004761510621756315,0.110875,nan,nan,nan,nan,nan,nan,nan
314,57540,0.3926333333333334,-3.05914397072792,0.4666666666666667,0,230,0.0030891765840351582,0.0025556677021086214,0.00481723623815924,0.11074999999999999,nan,nan,nan,nan,nan,nan,nan
315,57745,0.3904694444444444,-5.8750017623901405,0.29333333333333333,0,205,0.002961735473945737,0.002432460314594209,0.004784408339764923,0.110625,nan,nan,nan,nan,nan,nan,nan
316,57889,0.38894944444444457,-1.8267274231910688,0.30666666666666664,0,144,0.0031180335907265546,0.0026465092319995164,0.004267188662197441,0.11049999999999999,nan,nan,nan,nan,nan,nan,nan
317,58121,0.3865005555555556,-3.4714469826221457,0.4,0,232,0.002887537109199911,0.0025201053940691054,0.003328939527273178,0.110375,nan,nan,nan,nan,nan,nan,nan
318,58285,0.3847694444444445,-2.4343666973114013,0.32,0,164,0.002732987003400922,0.00227103668730706,0.004190025641582907,0.11024999999999999,nan,nan,nan,nan,nan,nan,nan
319,58478,0.38273222222222225,-2.973659439563751,0.4,0,193,0.0030203058151528238,0.0026148635894060134,0.0036816545762121677,0.110125,nan,nan,nan,nan,nan,nan,nan
320,58728,0.3800933333333334,-1.7016835999488857,0.39555555555555555,2,250,0.0029723111540079115,0.002496259019244462,0.004327746888156981,0.10999999999999999,-0.8079053076744106,0.49911111111111117,0.1,211.4,0.1,0.9,0.5311111111111112
321,58940,0.3778555555555556,-3.088031728029251,0.44,0,212,0.002675012138206512,0.0022603804245591164,0.0037736674770712853,0.109875,nan,nan,nan,nan,nan,nan,nan
322,59157,0.37556500000000004,-2.1173701519966124,0.48444444444444446,0,217,0.0031066352035850286,0.002551697369199246,0.005056381342001259,0.10974999999999999,nan,nan,nan,nan,nan,nan,nan
323,59407,0.3729261111111112,-1.0885364668369282,0.4533333333333333,2,250,0.002966888900846243,0.0022498226375319065,0.006541083403863013,0.109625,nan,nan,nan,nan,nan,nan,nan
324,59578,0.3711211111111111,-4.048577580690384,0.3333333333333333,0,171,0.0030222364468500016,0.002560282126069069,0.004218760551884771,0.10949999999999999,nan,nan,nan,nan,nan,nan,nan
325,59743,0.3693794444444445,-2.254638943195343,0.3377777777777778,0,165,0.003278233064338565,0.0027188110747374595,0.005114715057425201,0.109375,nan,nan,nan,nan,nan,nan,nan
326,59939,0.3673105555555556,-2.702795251607894,0.3688888888888889,0,196,0.0031013856874778866,0.0025913143530488015,0.004668844630941749,0.10925,nan,nan,nan,nan,nan,nan,nan
327,60084,0.3657800000000001,-3.749365127801895,0.2222222222222222,0,145,0.0031222614459693434,0.0024156101746484636,0.006475612567737698,0.109125,nan,nan,nan,nan,nan,nan,nan
328,60265,0.36386944444444447,-2.6833972737789162,0.36,0,181,0.003364630555734038,0.002711087465286255,0.005995808797888458,0.109,nan,nan,nan,nan,nan,nan,nan
329,60470,0.3617055555555556,-2.1758657853603367,0.41333333333333333,0,205,0.0033131794771179557,0.0027329795178957284,0.005329046305269003,0.108875,nan,nan,nan,nan,nan,nan,nan
330,60647,0.35983722222222225,-2.8606975083351145,0.3466666666666667,0,177,0.0030994215863756835,0.002507713355589658,0.0054409954696893695,0.10875,nan,nan,nan,nan,nan,nan,nan
331,60897,0.3571983333333334,-2.8953486075401322,0.4488888888888889,2,250,0.002611087646801025,0.0021283630398102106,0.0044439551420509815,0.108625,nan,nan,nan,nan,nan,nan,nan
332,61144,0.3545911111111112,-2.6701021118164068,0.48,0,247,0.002995116461534053,0.0024837825330905616,0.004712755198124796,0.1085,nan,nan,nan,nan,nan,nan,nan
333,61384,0.3520577777777778,-2.8307186193466194,0.4888888888888889,0,240,0.0029568227706477045,0.002350661053787917,0.005593188223429024,0.108375,nan,nan,nan,nan,nan,nan,nan
334,61563,0.3501683333333333,-4.323927476406098,0.36,0,179,0.003423665789887309,0.0029342499328777194,0.004521162318997085,0.10825,nan,nan,nan,nan,nan,nan,nan
335,61787,0.3478038888888889,-2.5081858983039838,0.52,0,224,0.0036286147544160484,0.003019320033490658,0.005635095783509314,0.108125,nan,nan,nan,nan,nan,nan,nan
336,61940,0.346188888888889,-1.3292652857303615,0.3466666666666667,0,153,0.0034598154714331033,0.0030271765775978566,0.0040059152757748965,0.108,nan,nan,nan,nan,nan,nan,nan
337,62190,0.34355000000000013,-0.5561301867961871,0.4888888888888889,2,250,0.002946773124858737,0.0025862920098006724,0.0033416559919714926,0.107875,nan,nan,nan,nan,nan,nan,nan
338,62384,0.34150222222222226,-6.286160202503207,0.3333333333333333,0,194,0.0030055522103793917,0.0026601510820910335,0.003205578634515405,0.10775,nan,nan,nan,nan,nan,nan,nan
339,62634,0.3388633333333334,-2.218283500671386,0.4622222222222222,1,250,0.0027137192664667964,0.0023716228432022037,0.0031785965780727564,0.107625,nan,nan,nan,nan,nan,nan,nan
340,62884,0.33622444444444455,-2.4545259170532234,0.39111111111111113,1,250,0.0030433510895818473,0.0025639337254688144,0.004459696565754711,0.1075,-0.9940479605197922,0.4888888888888888,0.2,220.0,0.2,0.8,0.5528888888888888
341,63110,0.3338388888888889,-2.657450636863709,0.4533333333333333,0,226,0.0031721657840535046,0.002673519682139158,0.00464396825991571,0.107375,nan,nan,nan,nan,nan,nan,nan
342,63264,0.33221333333333336,-0.7155831670761084,0.38666666666666666,0,154,0.0027360357344150543,0.002234647388104349,0.004674950079061091,0.10725,nan,nan,nan,nan,nan,nan,nan
343,63457,0.3301761111111111,-2.3103449640274034,0.4488888888888889,0,193,0.0033691932912915945,0.0027472253306768833,0.005806002393364906,0.107125,nan,nan,nan,nan,nan,nan,nan
344,63692,0.3276955555555555,-2.334900637626647,0.4666666666666667,0,235,0.0027728698216378687,0.0023163212812505663,0.0042668087058700625,0.107,nan,nan,nan,nan,nan,nan,nan
345,63899,0.32551055555555564,-1.92888527870178,0.39111111111111113,0,207,0.002690909430384636,0.0022269269567914305,0.004341356526128948,0.106875,nan,nan,nan,nan,nan,nan,nan
346,64110,0.32328333333333337,-4.496682214021682,0.39555555555555555,0,211,0.002921311534009874,0.002486460458021611,0.004073546594008803,0.10675,nan,nan,nan,nan,nan,nan,nan
347,64315,0.3211194444444445,-1.1479912204742402,0.43555555555555553,0,205,0.003226959239691496,0.002810864499770105,0.0039024127763696015,0.106625,nan,nan,nan,nan,nan,nan,nan
348,64522,0.3189344444444444,-1.5630281243324275,0.4666666666666667,0,207,0.0033637752523645757,0.002821920032147318,0.005087842559441924,0.1065,nan,nan,nan,nan,nan,nan,nan
349,64772,0.31629555555555555,-1.2477310452461225,0.4888888888888889,1,250,0.003072638623416424,0.0025576587533578275,0.004841173766180873,0.106375,nan,nan,nan,nan,nan,nan,nan
350,65022,0.3136566666666667,-0.35879020953178287,0.52,1,250,0.003002325852867216,0.0024825649219565094,0.0048918674816377464,0.10625,nan,nan,nan,nan,nan,nan,nan
351,65241,0.3113450000000001,-4.689706284523011,0.37333333333333335,0,219,0.002898257947526872,0.0025345108937472106,0.0034275340614840387,0.106125,nan,nan,nan,nan,nan,nan,nan
352,65442,0.3092233333333334,-3.601639553308488,0.4,0,201,0.0029823486227542164,0.002452795498538762,0.004995784536004066,0.106,nan,nan,nan,nan,nan,nan,nan
353,65673,0.306785,-3.0840976228713997,0.37777777777777777,0,231,0.002609466784633696,0.0020830076187849044,0.004972459317650646,0.105875,nan,nan,nan,nan,nan,nan,nan
354,65811,0.3053283333333334,-1.4824944789409626,0.3511111111111111,0,138,0.002491438272409141,0.0020056731416843833,0.004593523615039885,0.10575,nan,nan,nan,nan,nan,nan,nan
355,66052,0.3027844444444445,-4.502652690172197,0.4577777777777778,0,241,0.002364602079614997,0.0020198015496134757,0.003264383622445166,0.105625,nan,nan,nan,nan,nan,nan,nan
356,66255,0.3006416666666667,-3.7448940033912663,0.3333333333333333,0,203,0.002655821037478745,0.001983671193011105,0.006371088698506356,0.1055,nan,nan,nan,nan,nan,nan,nan
357,66505,0.29800277777777784,-3.897293684482584,0.4088888888888889,1,250,0.003087027627043426,0.0026673385174944995,0.0039828141801990565,0.105375,nan,nan,nan,nan,nan,nan,nan
358,66755,0.295363888888889,-2.31706292653084,0.4222222222222222,2,250,0.0036885911831632257,0.0032160869566723706,0.004489350784569979,0.10525,nan,nan,nan,nan,nan,nan,nan
359,67005,0.292725,-0.5216277742385843,0.49777777777777776,1,250,0.0028074069181457163,0.0022728269337676465,0.005085183982737362,0.105125,nan,nan,nan,nan,nan,nan,nan
360,67223,0.2904238888888889,-4.011820841789246,0.38666666666666666,0,218,0.0032676660921424627,0.0027295303298160434,0.005125102424062789,0.105,-1.7493618426322939,0.4604444444444445,0.2,223.9,0.1,0.9,0.49444444444444446
361,67473,0.28778499999999996,-1.0130572836399057,0.48,1,250,0.0033506253501400353,0.0029019189532846212,0.004278487339615822,0.104875,nan,nan,nan,nan,nan,nan,nan
362,67723,0.2851461111111111,-2.709398708820345,0.39111111111111113,2,250,0.0045008282642811535,0.004033010848797858,0.004466037568636239,0.10475,nan,nan,nan,nan,nan,nan,nan
363,67973,0.28250722222222224,0.39570996475219794,0.52,2,250,0.003758367570117116,0.003189080278389156,0.005441216239705682,0.104625,nan,nan,nan,nan,nan,nan,nan
364,68200,0.2801111111111112,-4.737976898670195,0.38222222222222224,0,227,0.002966106007806957,0.002392578939907253,0.005488297273404896,0.1045,nan,nan,nan,nan,nan,nan,nan
365,68431,0.27767277777777777,-2.0424999999999978,0.4266666666666667,0,231,0.0032310055568814276,0.0026787508279085158,0.00529106332687661,0.104375,nan,nan,nan,nan,nan,nan,nan
366,68681,0.2750338888888889,-1.3898030316829677,0.4222222222222222,1,250,0.0028921561781316994,0.0023930158233270047,0.004787917295470834,0.10425,nan,nan,nan,nan,nan,nan,nan
367,68916,0.2725533333333333,-2.610209425449371,0.5155555555555555,0,235,0.0027679956518113615,0.0022217390360310674,0.005246161622926593,0.104125,nan,nan,nan,nan,nan,nan,nan
368,69129,0.270305,-2.2976351704597473,0.44,0,213,0.0028918336844071745,0.002487621770706028,0.0038866531220264735,0.104,nan,nan,nan,nan,nan,nan,nan
369,69350,0.2679722222222223,-1.8322596831321711,0.4577777777777778,0,221,0.003379226289689541,0.0029436291777528824,0.004193474212661386,0.103875,nan,nan,nan,nan,nan,nan,nan
370,69594,0.2653966666666667,-0.8448105351924879,0.5822222222222222,0,244,0.0030011574970558287,0.002544273668900132,0.004403699981048703,0.10375,nan,nan,nan,nan,nan,nan,nan
371,69770,0.2635388888888889,-2.427777425527572,0.38666666666666666,0,176,0.0026356192189268767,0.0020738806575536727,0.00542087850626558,0.103625,nan,nan,nan,nan,nan,nan,nan
372,70004,0.2610688888888889,0.00020185995101829057,0.5777777777777777,0,234,0.0022181750391609967,0.001771346025634557,0.004317188472487033,0.1035,nan,nan,nan,nan,nan,nan,nan
373,70197,0.25903166666666666,-2.2532714350223526,0.3688888888888889,0,193,0.0027828496647998692,0.0023561461712233722,0.004127723874989897,0.103375,nan,nan,nan,nan,nan,nan,nan
374,70447,0.2563927777777778,-0.6388768467903143,0.48,2,250,0.003099059744272381,0.0025944040971808136,0.004887705855071545,0.10325,nan,nan,nan,nan,nan,nan,nan
375,70643,0.2543238888888889,-1.107743247985837,0.5066666666666667,0,196,0.0031181413447484373,0.0027309234836138787,0.0037548401625826953,0.103125,nan,nan,nan,nan,nan,nan,nan
376,70873,0.2518961111111111,-2.485767310619353,0.47555555555555556,0,230,0.002627352229319513,0.0021757765905931594,0.004384229914285243,0.10300000000000001,nan,nan,nan,nan,nan,nan,nan
377,71061,0.24991166666666675,-1.4521989531517023,0.4311111111111111,0,188,0.0034299988299608232,0.003012489643879235,0.004058412089943886,0.102875,nan,nan,nan,nan,nan,nan,nan
378,71273,0.24767388888888897,-1.6915047647953032,0.4711111111111111,0,212,0.0029360850108787417,0.002498875686433166,0.004255078115966171,0.10275000000000001,nan,nan,nan,nan,nan,nan,nan
379,71511,0.24516166666666672,-2.8279913992881776,0.49777777777777776,0,238,0.002709486207459122,0.00234231740469113,0.0035777718876488507,0.102625,nan,nan,nan,nan,nan,nan,nan
380,71665,0.24353611111111118,-0.766434123039245,0.38666666666666666,0,154,0.0029261271469295026,0.002500629681162536,0.004151195264421403,0.10250000000000001,-1.7473235620975505,0.47866666666666663,0.0,216.6,0.0,1.0,0.47866666666666663
381,71910,0.24095,-4.26074085354805,0.4533333333333333,0,245,0.002764370699878782,0.0023160994751378894,0.00437871792819351,0.102375,nan,nan,nan,nan,nan,nan,nan
382,72134,0.2385855555555556,-1.3511816766262055,0.5111111111111111,0,224,0.00291742158588022,0.0024014636874198914,0.00504604282323271,0.10225000000000001,nan,nan,nan,nan,nan,nan,nan
383,72366,0.23613666666666666,-0.8351715919971467,0.52,0,232,0.0029609049437567593,0.0025736947660334407,0.0037915323860943317,0.102125,nan,nan,nan,nan,nan,nan,nan
384,72577,0.2339094444444445,-1.171813020467759,0.4888888888888889,0,211,0.0023434625123627483,0.001885835500434041,0.004486539791105315,0.10200000000000001,nan,nan,nan,nan,nan,nan,nan
385,72776,0.23180888888888895,-3.770451984882356,0.38222222222222224,0,199,0.002572772989515215,0.0021069905487820506,0.004572097328491509,0.101875,nan,nan,nan,nan,nan,nan,nan
386,73020,0.2292333333333334,-2.081232985973357,0.4577777777777778,0,244,0.003449227346573025,0.0028861869126558305,0.005533567233942449,0.10175000000000001,nan,nan,nan,nan,nan,nan,nan
387,73270,0.22659444444444443,0.6158309972286227,0.5377777777777778,1,250,0.003295715874992311,0.0027262977557256816,0.005603129602968692,0.101625,nan,nan,nan,nan,nan,nan,nan
388,73472,0.22446222222222234,-2.342241397380828,0.4311111111111111,0,202,0.003034730220679194,0.0025775142130441964,0.004504591389559209,0.1015,nan,nan,nan,nan,nan,nan,nan
389,73675,0.22231944444444451,0.04882616090774605,0.5511111111111111,0,203,0.003000906598754227,0.002473918057512492,0.005198407440911978,0.10137499999999999,nan,nan,nan,nan,nan,nan,nan
390,73925,0.21968055555555566,-0.1555939917564383,0.5377777777777778,1,250,0.0030113813700154424,0.002387039572931826,0.006166338454931974,0.10125,nan,nan,nan,nan,nan,nan,nan
391,74133,0.21748500000000004,-2.169404535770416,0.4666666666666667,0,208,0.002617341617587954,0.002255781798157841,0.003575375198852271,0.10112499999999999,nan,nan,nan,nan,nan,nan,nan
392,74383,0.21484611111111118,-1.078683561086654,0.47555555555555556,1,250,0.0032795809442177416,0.002742158260662109,0.005321015999652445,0.101,nan,nan,nan,nan,nan,nan,nan
393,74605,0.21250277777777782,-3.7623279271125787,0.4,0,222,0.002566100494004786,0.002151282096747309,0.004112202301621437,0.10087499999999999,nan,nan,nan,nan,nan,nan,nan
394,74800,0.21044444444444443,-0.7023082432746868,0.4888888888888889,0,195,0.003074797033332288,0.002585272619035095,0.004858803551178426,0.10075,nan,nan,nan,nan,nan,nan,nan
395,75034,0.20797444444444457,-0.8780732829570768,0.5155555555555555,0,234,0.002786988695152104,0.002363473759032786,0.0042088439920917155,0.10062499999999999,nan,nan,nan,nan,nan,nan,nan
396,75284,0.2053355555555556,-2.1204353933334343,0.39111111111111113,2,250,0.002628667652606964,0.0022314396337606013,0.003952517872676253,0.1005,nan,nan,nan,nan,nan,nan,nan
397,75525,0.2027916666666667,-0.8270990839004515,0.5333333333333333,0,241,0.002725856681354344,0.0023036982398480176,0.004205812921281904,0.10037499999999999,nan,nan,nan,nan,nan,nan,nan
398,75708,0.20086000000000004,-1.285857531785965,0.4266666666666667,0,183,0.003299155365675688,0.0025987105560489,0.0069869800703600046,0.10025,nan,nan,nan,nan,nan,nan,nan
399,75937,0.19844277777777786,-0.22776240444183404,0.5822222222222222,0,229,0.0033119658939540384,0.002900131675414741,0.004113200539723039,0.10012499999999999,nan,nan,nan,nan,nan,nan,nan
400,76161,0.19607833333333347,-2.0378554315567,0.4266666666666667,0,224,0.0033647307194769383,0.002968967007473111,0.003957636863924563,0.1,-0.006944465661052468,0.5159999999999999,0.0,200.5,0.0,1.0,0.5159999999999999
401,76404,0.19351333333333343,0.3781226682662966,0.6444444444444445,0,243,0.0033214192371815443,0.0028257869184017182,0.004962525924202055,0.09987499999999999,nan,nan,nan,nan,nan,nan,nan
402,76648,0.19093777777777787,-1.4642766234874731,0.5155555555555555,0,244,0.004045889480039477,0.003391233179718256,0.006562970415689051,0.09975,nan,nan,nan,nan,nan,nan,nan
403,76837,0.1889427777777778,-4.518239982128145,0.3022222222222222,0,189,0.0030836881836876274,0.002712699677795172,0.0037238493328914045,0.09962499999999999,nan,nan,nan,nan,nan,nan,nan
404,77087,0.18630388888888894,-0.7404493801593758,0.5022222222222222,1,250,0.003312752931378782,0.003009070106782019,0.0030520886881276964,0.0995,nan,nan,nan,nan,nan,nan,nan
405,77294,0.18411888888888883,-0.6959399192333207,0.4577777777777778,0,207,0.003343875892460346,0.0030039136996492743,0.003421003476250917,0.09937499999999999,nan,nan,nan,nan,nan,nan,nan
406,77509,0.1818494444444444,-1.8629750890731807,0.4488888888888889,-1,215,0.002855395572260022,0.002434773533605039,0.004238005552906543,0.09925,nan,nan,nan,nan,nan,nan,nan
407,77759,0.17921055555555554,0.6517857460975653,0.5644444444444444,1,250,0.003225806762930006,0.002769416687078774,0.0046041875146329405,0.09912499999999999,nan,nan,nan,nan,nan,nan,nan
408,77950,0.17719444444444443,-0.8614218060970301,0.4577777777777778,0,191,0.003181730071082711,0.002868926455266774,0.0031596322427503765,0.099,nan,nan,nan,nan,nan,nan,nan
409,78169,0.17488277777777783,-0.15021414041519265,0.52,0,219,0.004316193819977343,0.0038546599447727204,0.0046678520855493845,0.09887499999999999,nan,nan,nan,nan,nan,nan,nan
410,78409,0.17234944444444444,-2.612680392742157,0.5866666666666667,0,240,0.00375850829295814,0.0031989583862014116,0.005666327942162752,0.09875,nan,nan,nan,nan,nan,nan,nan
411,78644,0.16986888888888896,-0.262750521183014,0.5555555555555556,0,235,0.003449421003460884,0.0029706504195928574,0.004854454868473112,0.09862499999999999,nan,nan,nan,nan,nan,nan,nan
412,78894,0.16723,-0.6973787784576415,0.5111111111111111,1,250,0.0028867804910987617,0.0024227833026088776,0.004710631328634918,0.0985,nan,nan,nan,nan,nan,nan,nan
413,79097,0.16508722222222227,-1.8946133279800403,0.44,0,203,0.003520480869337916,0.0030387732665985824,0.004896646691486239,0.09837499999999999,nan,nan,nan,nan,nan,nan,nan
414,79275,0.1632083333333334,-1.3854273848533605,0.4311111111111111,0,178,0.003122472949326038,0.0027627240167930724,0.0036615666933357714,0.09825,nan,nan,nan,nan,nan,nan,nan
415,79498,0.1608544444444444,-1.761983432292936,0.4888888888888889,0,223,0.002714722603559494,0.0022810874856077135,0.004419211414642632,0.09812499999999999,nan,nan,nan,nan,nan,nan,nan
416,79677,0.15896500000000002,-1.0091456878185252,0.39555555555555555,0,179,0.0026146679534576832,0.0022127402015030386,0.004101303499191999,0.098,nan,nan,nan,nan,nan,nan,nan
417,79927,0.15632611111111117,-0.1461100869178742,0.5466666666666666,1,250,0.002788644819520414,0.00236073627602309,0.004371990379877388,0.09787499999999999,nan,nan,nan,nan,nan,nan,nan
418,80168,0.15378222222222226,-3.139753022670747,0.43555555555555553,0,241,0.0033299311529845,0.002790143818128854,0.0055221212329342965,0.09775,nan,nan,nan,nan,nan,nan,nan
419,80418,0.1511433333333334,-0.10606783723831259,0.5022222222222222,1,250,0.0026733279693871735,0.002260564442258328,0.00422805140260607,0.09762499999999999,nan,nan,nan,nan,nan,nan,nan
420,80654,0.14865222222222219,0.1178511166572569,0.6266666666666667,0,236,0.003612084989435971,0.0032204104820266364,0.004017174732871354,0.0975,-2.0979691771507296,0.49733333333333335,-0.1,208.3,0.0,1.0,0.49733333333333335
421,80852,0.14656222222222226,-0.6129948596954354,0.48444444444444446,0,198,0.00260786444414407,0.0021823197486810384,0.004370163555722684,0.09737499999999999,nan,nan,nan,nan,nan,nan,nan
422,81083,0.14412388888888894,-2.71924086523056,0.4888888888888889,0,231,0.0031115841935388743,0.0027242764015682043,0.003982599149458111,0.09725,nan,nan,nan,nan,nan,nan,nan
423,81254,0.142318888888889,-0.8608608169555655,0.4088888888888889,0,171,0.0031717564910650254,0.0025734961731359363,0.00615969467908144,0.09712499999999999,nan,nan,nan,nan,nan,nan,nan
424,81504,0.13968000000000003,0.6232550797462397,0.49777777777777776,1,250,0.0029012636514380574,0.0024237197823822497,0.004923132969997824,0.097,nan,nan,nan,nan,nan,nan,nan
425,81743,0.13715722222222226,-1.0469685106277453,0.5777777777777777,0,239,0.003389314655214548,0.002949691622052342,0.00453804419375956,0.09687499999999999,nan,nan,nan,nan,nan,nan,nan
426,81975,0.13470833333333332,-7.6742991890907355,0.3422222222222222,0,232,0.0038895659847185014,0.0034049309324473143,0.005009148409590125,0.09675,nan,nan,nan,nan,nan,nan,nan
427,82151,0.13285055555555558,-0.6933268644809711,0.4533333333333333,0,176,0.0026948200073093178,0.002234701451379806,0.004761899798177182,0.096625,nan,nan,nan,nan,nan,nan,nan
428,82395,0.13027500000000003,-2.441957963943481,0.5155555555555555,0,244,0.0026414457592181862,0.0022826006752438843,0.003718602086883038,0.0965,nan,nan,nan,nan,nan,nan,nan
429,82596,0.12815333333333345,-0.16309707593918832,0.48,0,201,0.0023088772781193257,0.0019007232505828143,0.0042350613977760075,0.09637499999999999,nan,nan,nan,nan,nan,nan,nan
430,82802,0.12597888888888897,0.4055248956680322,0.5333333333333333,0,206,0.0028166713425889613,0.002394120558165014,0.0043901381315663455,0.09625,nan,nan,nan,nan,nan,nan,nan
431,82991,0.123983888888889,-0.023286557197571334,0.5022222222222222,0,189,0.0026899910415522756,0.0022845974192023276,0.004217359190806747,0.096125,nan,nan,nan,nan,nan,nan,nan
432,83203,0.12174611111111122,-0.9820803418159462,0.5111111111111111,0,212,0.0036470983643084763,0.003091300919186324,0.00578955675009638,0.096,nan,nan,nan,nan,nan,nan,nan
433,83365,0.12003611111111112,0.06768847465515315,0.4,0,162,0.003299858141690493,0.0028208490810357036,0.004996182606555521,0.09587499999999999,nan,nan,nan,nan,nan,nan,nan
434,83590,0.1176611111111111,0.9165059950351664,0.5955555555555555,0,225,0.0037777922581881283,0.003302464506123215,0.004964258836116642,0.09575,nan,nan,nan,nan,nan,nan,nan
435,83808,0.11536000000000002,-1.1457377605438226,0.5555555555555556,0,218,0.0036013558972626926,0.0031644049915485082,0.004569421464111656,0.095625,nan,nan,nan,nan,nan,nan,nan
436,84026,0.11305888888888893,-0.5788271391391752,0.4888888888888889,0,218,0.0029670941294170916,0.0025289526442065836,0.0045878687407821415,0.0955,nan,nan,nan,nan,nan,nan,nan
437,84276,0.11042000000000007,1.3556467323303216,0.5644444444444444,1,250,0.0030905694235116242,0.0027188672334887086,0.003897270141169429,0.09537499999999999,nan,nan,nan,nan,nan,nan,nan
438,84489,0.10817166666666678,-0.8587237501144411,0.4711111111111111,0,213,0.00266266162507236,0.002270384971052408,0.004118389799259603,0.09525,nan,nan,nan,nan,nan,nan,nan
439,84723,0.1057016666666667,-0.3770940945148499,0.6133333333333333,0,234,0.003199221147224307,0.002781978517305106,0.0043862563907168806,0.095125,nan,nan,nan,nan,nan,nan,nan
440,84973,0.10306277777777784,-2.569285695075989,0.3466666666666667,1,250,0.0028226353460922837,0.0023896005586721003,0.004558260971680284,0.095,-0.13741411354542113,0.519111111111111,0.0,204.8,0.0,1.0,0.519111111111111
441,85161,0.10107833333333338,0.9956432085037161,0.5022222222222222,0,188,0.002843578881584108,0.0023973869509063663,0.004702945123426616,0.09487499999999999,nan,nan,nan,nan,nan,nan,nan
442,85319,0.09941055555555556,-0.23983733010291974,0.39111111111111113,0,158,0.0032343340571969748,0.002715083153452724,0.005480220355093479,0.09475,nan,nan,nan,nan,nan,nan,nan
443,85491,0.0975950000000001,0.13468985247612042,0.4622222222222222,0,172,0.0031707081012427806,0.0027789879590272904,0.004139710310846567,0.094625,nan,nan,nan,nan,nan,nan,nan
444,85709,0.09529388888888901,-0.5896859631538401,0.5111111111111111,0,218,0.0032629225170239806,0.0027922512963414192,0.0049806480412371455,0.0945,nan,nan,nan,nan,nan,nan,nan
445,85929,0.09297166666666667,-0.2593944773674004,0.5333333333333333,0,220,0.0030933971749618648,0.0026403244119137526,0.004800771037116647,0.09437499999999999,nan,nan,nan,nan,nan,nan,nan
446,86149,0.09064944444444445,0.7111418006420067,0.5733333333333334,0,220,0.0030648873653262854,0.0026056754868477583,0.004872274934314191,0.09425,nan,nan,nan,nan,nan,nan,nan
447,86342,0.08861222222222231,-0.18518680572510482,0.5066666666666667,0,193,0.0031070119817741214,0.0027461775578558447,0.003833565814420581,0.094125,nan,nan,nan,nan,nan,nan,nan
448,86534,0.0865855555555557,-0.3131586432456961,0.4711111111111111,0,192,0.003087238152511418,0.0025070198229514063,0.006172535661607981,0.094,nan,nan,nan,nan,nan,nan,nan
449,86784,0.08394666666666661,-1.7769512972831714,0.44,1,250,0.002641458436846733,0.0022045038873329758,0.004654642567038536,0.09387499999999999,nan,nan,nan,nan,nan,nan,nan
450,86967,0.08201499999999995,0.03232409000396852,0.47555555555555556,0,183,0.0032963241217657925,0.002697065786924213,0.006392088788561523,0.09375,nan,nan,nan,nan,nan,nan,nan
451,87163,0.07994611111111116,0.0878143761157999,0.5111111111111111,0,196,0.002860362024512142,0.0025446979328989983,0.0033715791651047766,0.093625,nan,nan,nan,nan,nan,nan,nan
452,87379,0.07766611111111121,-0.40037684464454537,0.5244444444444445,0,216,0.003256704658269882,0.0028509330470114945,0.004339802952017635,0.0935,nan,nan,nan,nan,nan,nan,nan
453,87559,0.0757661111111112,-1.3709239017963435,0.4666666666666667,0,180,0.003118857345543802,0.002707996661774814,0.004400114645250142,0.09337499999999999,nan,nan,nan,nan,nan,nan,nan
454,87780,0.07343333333333335,-2.6311147754192374,0.4888888888888889,0,221,0.002874501305632293,0.002371748595032841,0.005391449783928692,0.09325,nan,nan,nan,nan,nan,nan,nan
455,87949,0.07164944444444443,-0.4587163350582115,0.41333333333333333,0,169,0.002936785900965333,0.002575333183631301,0.0038813709979876876,0.093125,nan,nan,nan,nan,nan,nan,nan
456,88173,0.06928500000000004,-3.412926677227021,0.44,0,224,0.002848407020792365,0.002390270063187927,0.004926203726790845,0.093,nan,nan,nan,nan,nan,nan,nan
457,88408,0.06680444444444444,0.9793432359695371,0.6311111111111111,0,235,0.003089774865657091,0.002668334054760635,0.004537721117958427,0.09287499999999999,nan,nan,nan,nan,nan,nan,nan
458,88622,0.06454555555555563,0.7795958874225528,0.5511111111111111,0,214,0.0032610685331746934,0.002718481468036771,0.005849995906464756,0.09275,nan,nan,nan,nan,nan,nan,nan
459,88837,0.06227611111111109,1.9028428966998931,0.6088888888888889,0,215,0.003600868978537619,0.0032312545808963478,0.003990438673645258,0.092625,nan,nan,nan,nan,nan,nan,nan
460,89078,0.05973222222222219,-0.7508167192935942,0.5555555555555556,0,241,0.00317479798104614,0.0027715138159692286,0.004359829123131931,0.0925,-0.638645682907108,0.5124444444444445,0.0,196.3,0.0,1.0,0.5124444444444445
461,89318,0.05719888888888891,-3.8505863840579986,0.43555555555555553,0,240,0.0029408476781100034,0.002631017507519573,0.0033540476695634426,0.09237499999999998,nan,nan,nan,nan,nan,nan,nan
462,89508,0.055193333333333316,0.11497196626663353,0.49333333333333335,0,190,0.003013684949837625,0.002461617486551404,0.005984471016563475,0.09225,nan,nan,nan,nan,nan,nan,nan
463,89702,0.05314555555555567,-1.2732645895481118,0.39555555555555555,0,194,0.0029654241632670166,0.00250186319462955,0.005031868990045041,0.092125,nan,nan,nan,nan,nan,nan,nan
464,89902,0.05103444444444449,0.23330252456665002,0.52,0,200,0.0033816835610195996,0.0028497141669504345,0.00578227611258626,0.092,nan,nan,nan,nan,nan,nan,nan
465,90126,0.05,0.4401460285186727,0.6,0,224,0.003730694414116442,0.0033418020233511926,0.004232841730117798,0.09187499999999998,nan,nan,nan,nan,nan,nan,nan
466,90346,0.05,-1.352583227872848,0.49777777777777776,0,220,0.0030670356238260863,0.0027051485958509147,0.003944272210355848,0.09175,nan,nan,nan,nan,nan,nan,nan
467,90514,0.05,0.10008915996551293,0.43555555555555553,0,168,0.0032342599239200353,0.0028353148023597895,0.004354108031839133,0.091625,nan,nan,nan,nan,nan,nan,nan
468,90724,0.05,-0.9894193689823134,0.47555555555555556,0,210,0.003176312195137143,0.0026157631538808344,0.006126219104044139,0.0915,nan,nan,nan,nan,nan,nan,nan
469,90890,0.05,0.14224368572235346,0.48,0,166,0.0032883086707442997,0.002856476861052215,0.004725929815322161,0.091375,nan,nan,nan,nan,nan,nan,nan
470,91127,0.05,-0.06833234071731509,0.6133333333333333,0,237,0.0029699888546019793,0.0025261872913688423,0.004863578546792269,0.09125,nan,nan,nan,nan,nan,nan,nan
471,91324,0.05,0.4285910131931272,0.5422222222222223,0,197,0.0035886776633560656,0.0030994082568213343,0.005369211337529123,0.091125,nan,nan,nan,nan,nan,nan,nan
472,91540,0.05,-2.6673698937892913,0.43555555555555553,0,216,0.0032069090753793716,0.002672889456152916,0.005868347408249974,0.091,nan,nan,nan,nan,nan,nan,nan
473,91746,0.05,0.45892546796798483,0.56,0,206,0.0033560146228410305,0.0029084259876981378,0.0049253223231062295,0.090875,nan,nan,nan,nan,nan,nan,nan
474,91979,0.05,-4.871160022258758,0.4088888888888889,0,233,0.00350139937363565,0.0030838429229333997,0.00460117346374318,0.09075,nan,nan,nan,nan,nan,nan,nan
475,92190,0.05,-5.776186179637912,0.2577777777777778,-1,211,0.0037107484182342886,0.003230811678804457,0.0052958540851250294,0.090625,nan,nan,nan,nan,nan,nan,nan
476,92440,0.05,0.20022696614265545,0.5422222222222223,1,250,0.0029121526051312683,0.002573696675244719,0.0037398447981104254,0.0905,nan,nan,nan,nan,nan,nan,nan
477,92631,0.05,1.2483385610580384,0.5422222222222223,0,191,0.003638770035468042,0.0032183938194066284,0.004651466012001037,0.09037500000000001,nan,nan,nan,nan,nan,nan,nan
478,92799,0.05,1.3014199826717325,0.5288888888888889,0,168,0.0040811230428516865,0.0037521067657507955,0.0036456101690419017,0.09025,nan,nan,nan,nan,nan,nan,nan
479,92999,0.05,1.1223570711612654,0.5555555555555556,0,200,0.0033926227013580503,0.0028857039753347634,0.005624618125148117,0.090125,nan,nan,nan,nan,nan,nan,nan
480,93221,0.05,-5.072043639659881,0.3022222222222222,0,222,0.0032441385788843035,0.0028697907691821456,0.00415942023973912,0.09,-1.7536349720239657,0.4408888888888889,0.2,208.3,0.1,0.9,0.4748888888888889
481,93443,0.05,-1.7871748309135476,0.48444444444444446,0,222,0.0029916964937001466,0.002615751000121236,0.0041829821653664116,0.08987500000000001,nan,nan,nan,nan,nan,nan,nan
482,93693,0.05,0.5639831597805035,0.5333333333333333,1,250,0.003058530669659376,0.002680035016965121,0.004217221774160862,0.08975,nan,nan,nan,nan,nan,nan,nan
483,93920,0.05,-7.13699115252495,0.2311111111111111,0,227,0.002532527968287468,0.002180480875540525,0.003928000968880951,0.089625,nan,nan,nan,nan,nan,nan,nan
484,94153,0.05,-0.46409627604484904,0.56,0,233,0.0026977139757946135,0.0023482092074118555,0.003905080840922892,0.0895,nan,nan,nan,nan,nan,nan,nan
485,94355,0.05,-4.286752783536911,0.28,0,202,0.0027654357720166443,0.002296206832397729,0.005250114505179227,0.08937500000000001,nan,nan,nan,nan,nan,nan,nan
486,94591,0.05,-4.334473425865173,0.4533333333333333,0,236,0.0033122487599030136,0.0028398671420291066,0.005292791384272277,0.08925,nan,nan,nan,nan,nan,nan,nan
487,94811,0.05,0.7335528664588864,0.5644444444444444,0,220,0.0025676501682028174,0.002223590633366257,0.003860415273811668,0.089125,nan,nan,nan,nan,nan,nan,nan
488,95016,0.05,0.25764302277564677,0.5377777777777778,0,205,0.0026882051257416605,0.002261653309687972,0.004792717134114355,0.089,nan,nan,nan,nan,nan,nan,nan
489,95247,0.05,0.44024740076064806,0.6222222222222222,0,231,0.0029576065368019044,0.002616031386423856,0.0038433211389929055,0.08887500000000001,nan,nan,nan,nan,nan,nan,nan
490,95497,0.05,1.3316549415588286,0.5377777777777778,1,250,0.003246323042549193,0.0028267350746318696,0.0047277512960135935,0.08875,nan,nan,nan,nan,nan,nan,nan
491,95711,0.05,-0.9683948450088502,0.4666666666666667,0,214,0.002930074534378946,0.0025879421620629726,0.003860450233332813,0.088625,nan,nan,nan,nan,nan,nan,nan
492,95907,0.05,0.9446933178901591,0.5422222222222223,0,196,0.0032498693326488137,0.002789490600116551,0.0052020194940269,0.0885,nan,nan,nan,nan,nan,nan,nan
493,96133,0.05,1.4633103640079383,0.64,0,226,0.0033666669158264996,0.0029740868718363344,0.0044422070030123,0.08837500000000001,nan,nan,nan,nan,nan,nan,nan
494,96373,0.05,-2.7184528055191035,0.4088888888888889,0,240,0.0027479595621116458,0.0024304766440764068,0.0035975406412035228,0.08825,nan,nan,nan,nan,nan,nan,nan
495,96559,0.05,-0.4113203790187807,0.49777777777777776,0,186,0.003195039066486061,0.0028469727491028606,0.003949688328430056,0.088125,nan,nan,nan,nan,nan,nan,nan
496,96783,0.05,-3.049346308946609,0.4,0,224,0.002820070006418973,0.0024763430352322756,0.003905987972393632,0.088,nan,nan,nan,nan,nan,nan,nan
497,96969,0.05,-0.38717199945449743,0.52,0,186,0.0022674578125588597,0.001858466793783009,0.004654236533679068,0.08787500000000001,nan,nan,nan,nan,nan,nan,nan
498,97153,0.05,0.639945008277893,0.5555555555555556,0,184,0.002191878296434879,0.0017765642260201275,0.004732923861593008,0.08775,nan,nan,nan,nan,nan,nan,nan
499,97392,0.05,-0.9653518226146736,0.5822222222222222,0,239,0.002817722095642239,0.002422291331458837,0.004512761998921633,0.087625,nan,nan,nan,nan,nan,nan,nan
500,97599,0.05,-2.103564047813415,0.4488888888888889,0,207,0.003464892937336117,0.003146573097910732,0.003637941530905664,0.0875,-4.785066031670574,0.4937777777777777,0.0,196.0,0.0,1.0,0.4937777777777777
501,97796,0.05,1.1963242223262724,0.5822222222222222,0,197,0.005075032822787762,0.004633425059728325,0.005054166237823665,0.08737500000000001,nan,nan,nan,nan,nan,nan,nan
502,97976,0.05,0.45994800376891853,0.52,0,180,0.004162066942080855,0.003705551032908261,0.005232273926958441,0.08725000000000001,nan,nan,nan,nan,nan,nan,nan
503,98179,0.05,-2.0258987336158754,0.40444444444444444,0,203,0.0038025642512366175,0.0033514686161652207,0.005177567875944078,0.087125,nan,nan,nan,nan,nan,nan,nan
504,98369,0.05,-0.9200020980834979,0.4222222222222222,0,190,0.0032071255845949054,0.0028931612498126922,0.0036087855347432195,0.087,nan,nan,nan,nan,nan,nan,nan
505,98567,0.05,0.9276059691905916,0.5822222222222222,0,198,0.00365709625184536,0.003306552628055215,0.004035034915432334,0.08687500000000001,nan,nan,nan,nan,nan,nan,nan
506,98796,0.05,-1.3571884517669675,0.52,0,229,0.003740999987348914,0.0032254027551971375,0.005943484208546579,0.08675000000000001,nan,nan,nan,nan,nan,nan,nan
507,99025,0.05,0.3280142779350268,0.6,0,229,0.0031800229800865052,0.002735731331631541,0.005128907971084118,0.086625,nan,nan,nan,nan,nan,nan,nan
508,99275,0.05,-2.1864035058021565,0.4533333333333333,1,250,0.0029502552701160313,0.0025649999268352987,0.004453818919137121,0.0865,nan,nan,nan,nan,nan,nan,nan
509,99483,0.05,0.7907107362747128,0.5822222222222222,0,208,0.003176317154429853,0.0027381707332096994,0.005072606890462339,0.08637500000000001,nan,nan,nan,nan,nan,nan,nan
510,99722,0.05,-1.567021500110629,0.5244444444444445,0,239,0.00271642345469445,0.002364441950339824,0.004080945649184287,0.08625000000000001,nan,nan,nan,nan,nan,nan,nan
511,99953,0.05,-0.3896137859821308,0.5777777777777777,0,231,0.002826748811639845,0.0023317201994359493,0.005747791705653071,0.086125,nan,nan,nan,nan,nan,nan,nan
512,100171,0.05,-2.7445758068561554,0.4222222222222222,0,218,0.002551472443155944,0.002223109477199614,0.0038181741256266832,0.086,nan,nan,nan,nan,nan,nan,nan
513,100387,0.05,1.2298320147991082,0.5911111111111111,0,216,0.003160076611675322,0.002825508255045861,0.003895992133766413,0.085875,nan,nan,nan,nan,nan,nan,nan
514,100615,0.05,-0.006379960536958329,0.52,0,228,0.0033352339873090387,0.0027320598368532957,0.0070341004175134,0.08575,nan,nan,nan,nan,nan,nan,nan
515,100814,0.05,0.9126064274311012,0.6,0,199,0.003072279749903828,0.002627315267454833,0.005196665553376079,0.08562499999999999,nan,nan,nan,nan,nan,nan,nan
516,101010,0.05,-0.4995589990615835,0.49777777777777776,0,196,0.0028950438252650203,0.0024847736000083386,0.00479848210234195,0.08549999999999999,nan,nan,nan,nan,nan,nan,nan
517,101218,0.05,-1.339832325220108,0.48444444444444446,0,208,0.002521592052653432,0.0020464831148274245,0.005564965889789164,0.085375,nan,nan,nan,nan,nan,nan,nan
518,101408,0.05,-1.1080164749622343,0.4311111111111111,0,190,0.0030008396483026446,0.0025970325456000864,0.004736740607768297,0.08525,nan,nan,nan,nan,nan,nan,nan
519,101620,0.05,0.5828181767463618,0.5644444444444444,0,212,0.002253710653167218,0.0019154425128363073,0.003973781317472458,0.08512499999999999,nan,nan,nan,nan,nan,nan,nan
520,101870,0.05,1.1854748163223277,0.5866666666666667,1,250,0.002655267098452896,0.002215612819418311,0.005172402993775904,0.08499999999999999,0.11739409215449959,0.5075555555555555,0.1,200.4,0.1,0.9,0.5442513192417355
521,102120,0.05,0.245000261068342,0.5022222222222222,1,250,0.0028953945497050882,0.0025451454683206977,0.004126645450014621,0.084875,nan,nan,nan,nan,nan,nan,nan
522,102329,0.05,1.8178328227996707,0.6044444444444445,0,209,0.002995126135647297,0.0026099994895048438,0.004544267652090639,0.08475,nan,nan,nan,nan,nan,nan,nan
523,102537,0.05,-4.831148694515228,0.28888888888888886,0,208,0.003251786041073501,0.0029233449487946926,0.0038811357459053396,0.08462499999999999,nan,nan,nan,nan,nan,nan,nan
524,102698,0.05,-0.17368482160568166,0.39111111111111113,0,161,0.00297656012699008,0.0025733101298101245,0.004772189143113792,0.08449999999999999,nan,nan,nan,nan,nan,nan,nan
525,102893,0.05,-1.2047609055042257,0.4711111111111111,0,195,0.0037521019112318754,0.0033465076819993557,0.00480704267974943,0.084375,nan,nan,nan,nan,nan,nan,nan
526,103094,0.05,-1.8132679295539846,0.5022222222222222,0,201,0.0033157728845253586,0.002865244820713997,0.005347513849847019,0.08425,nan,nan,nan,nan,nan,nan,nan
527,103344,0.05,0.19302964472769824,0.5511111111111111,1,250,0.003254000225570053,0.002901767671573907,0.004187014466151595,0.084125,nan,nan,nan,nan,nan,nan,nan
528,103594,0.05,1.2180576086044264,0.5688888888888889,1,250,0.003091287554707378,0.0027481513563543556,0.004084954468999058,0.08399999999999999,nan,nan,nan,nan,nan,nan,nan
529,103834,0.05,-1.7019534542560586,0.5066666666666667,0,240,0.0029905882314778865,0.0026129162171855567,0.004502795496955514,0.083875,nan,nan,nan,nan,nan,nan,nan
530,104061,0.05,0.3642269883155753,0.5688888888888889,0,227,0.003311633295379579,0.002941633039154112,0.004417913616634905,0.08375,nan,nan,nan,nan,nan,nan,nan
531,104295,0.05,1.833762454986562,0.6755555555555556,0,234,0.0031480776844546197,0.0027855550637468697,0.004335098806768656,0.083625,nan,nan,nan,nan,nan,nan,nan
532,104506,0.05,-2.3871967337131506,0.41333333333333333,0,211,0.002812068513594568,0.002511259098537266,0.003602507780306041,0.08349999999999999,nan,nan,nan,nan,nan,nan,nan
533,104725,0.05,0.8524873766899015,0.5822222222222222,0,219,0.0031705452827736737,0.0028183775837533178,0.004223900428041816,0.083375,nan,nan,nan,nan,nan,nan,nan
534,104946,0.05,0.059315853118890205,0.5333333333333333,0,221,0.0038373047951608895,0.003488675435073674,0.004187740327324718,0.08325,nan,nan,nan,nan,nan,nan,nan
535,105153,0.05,0.8883903679847658,0.5555555555555556,0,207,0.0032123699900694193,0.002853172749746591,0.0043211699579842385,0.083125,nan,nan,nan,nan,nan,nan,nan
536,105357,0.05,0.5444185581207275,0.5288888888888889,0,204,0.0025719468016177417,0.0021499195485375822,0.005084666237235069,0.08299999999999999,nan,nan,nan,nan,nan,nan,nan
537,105590,0.05,1.024045809030524,0.6488888888888888,0,233,0.0025905835442245006,0.0021772869513370097,0.004986987821757794,0.082875,nan,nan,nan,nan,nan,nan,nan
538,105742,0.05,1.0384669389724692,0.44,0,152,0.002833484672009945,0.002488491649273783,0.004169100220315159,0.08275,nan,nan,nan,nan,nan,nan,nan
539,105992,0.05,-1.5219870381355323,0.44,1,250,0.0029812016990035774,0.002685974445194006,0.003573098313063383,0.082625,nan,nan,nan,nan,nan,nan,nan
540,106190,0.05,0.5090619385242441,0.5555555555555556,0,198,0.0031465911772102116,0.0028613566188141703,0.003457388561218977,0.08249999999999999,0.253743334960933,0.5266666666666667,0.0,201.6,0.0,1.0,0.536816400065104
541,106399,0.05,0.46665825104713443,0.5555555555555556,0,209,0.0029649671632796526,0.0026131282560527326,0.004271185863763094,0.082375,nan,nan,nan,nan,nan,nan,nan
542,106605,0.05,-1.9667096643447874,0.47555555555555556,0,206,0.0034955992829054593,0.003103167365770787,0.004771208728197962,0.08225,nan,nan,nan,nan,nan,nan,nan
543,106817,0.05,1.247018579483029,0.6311111111111111,0,212,0.0030308896442875267,0.0026354961679317056,0.004814532492309809,0.082125,nan,nan,nan,nan,nan,nan,nan
544,107042,0.05,-1.446858981370922,0.4888888888888889,0,225,0.003305709920823574,0.002871386823244393,0.005296623194590211,0.08199999999999999,nan,nan,nan,nan,nan,nan,nan
545,107277,0.05,-1.1248211002349893,0.5244444444444445,0,235,0.002811694808769971,0.0025261342874728144,0.0034877627971582116,0.081875,nan,nan,nan,nan,nan,nan,nan
546,107463,0.05,-1.6137809581756601,0.4711111111111111,0,186,0.0032677690964192153,0.0028416467714123426,0.005212505534291268,0.08175,nan,nan,nan,nan,nan,nan,nan
547,107703,0.05,0.45804548048972227,0.5955555555555555,0,240,0.00252242157002911,0.002230287191923708,0.003578981349710375,0.081625,nan,nan,nan,nan,nan,nan,nan
548,107911,0.05,-1.1050658681392658,0.49777777777777776,0,208,0.0030521326698362827,0.002640233503188938,0.005053977714851499,0.08149999999999999,nan,nan,nan,nan,nan,nan,nan
549,108131,0.05,0.23990203523635145,0.5422222222222223,0,220,0.003028763039037585,0.0025399392005056145,0.006007052143104374,0.081375,nan,nan,nan,nan,nan,nan,nan
550,108374,0.05,-0.25104768395424604,0.5688888888888889,0,243,0.003376420889981091,0.0029526892583817245,0.005215158988721669,0.08125,nan,nan,nan,nan,nan,nan,nan
551,108592,0.05,-3.729242024421696,0.4666666666666667,0,218,0.0031587008619681,0.0028089609229937198,0.004311123571824282,0.081125,nan,nan,nan,nan,nan,nan,nan
552,108839,0.05,-1.2206884369850206,0.5111111111111111,0,247,0.003482911689206958,0.0031017915811389686,0.00470518684014678,0.081,nan,nan,nan,nan,nan,nan,nan
553,109078,0.05,0.10340521812438053,0.6222222222222222,0,239,0.003072599344886839,0.0027605163981206716,0.0038588308962062,0.080875,nan,nan,nan,nan,nan,nan,nan
554,109310,0.05,-2.282668179512026,0.5111111111111111,0,232,0.0041252874536439775,0.003712571761570871,0.005111029651015997,0.08075,nan,nan,nan,nan,nan,nan,nan
555,109554,0.05,-2.188283707141875,0.48444444444444446,0,244,0.004219564073719084,0.003800646821036935,0.005195872997865081,0.080625,nan,nan,nan,nan,nan,nan,nan
556,109789,0.05,1.2582804775237952,0.6533333333333333,0,235,0.0036694381618872286,0.003360579116269946,0.003836758085526526,0.0805,nan,nan,nan,nan,nan,nan,nan
557,110023,0.05,-1.1124595844745637,0.5377777777777778,0,234,0.0033761569764465095,0.0030811794102191927,0.0036700166296213866,0.080375,nan,nan,nan,nan,nan,nan,nan
558,110235,0.05,2.4933303618431015,0.6666666666666666,0,212,0.0032988808350637557,0.0028934010304510595,0.005052708135917783,0.08025,nan,nan,nan,nan,nan,nan,nan
559,110445,0.05,-0.1515033314228046,0.5111111111111111,0,210,0.0031245077261701226,0.0027450208901427684,0.0047361861215904355,0.080125,nan,nan,nan,nan,nan,nan,nan
560,110694,0.05,-2.8982397418022154,0.47555555555555556,0,249,0.0027098826947622003,0.0023312024655751883,0.0047335028648376465,0.08,-0.7051709357738527,0.4444444444444445,0.0,194.3,0.0,1.0,0.4444444444444445
561,110938,0.05,0.3880470163822096,0.6177777777777778,0,244,0.0026947019970975815,0.0023722587153315543,0.004036848782561719,0.079875,nan,nan,nan,nan,nan,nan,nan
562,111164,0.05,1.2091698927879235,0.5866666666666667,0,226,0.0030669675441458823,0.0026260063634254037,0.005529293464496732,0.07975,nan,nan,nan,nan,nan,nan,nan
563,111383,0.05,-0.5548799483776088,0.5333333333333333,0,219,0.0032580447383224963,0.0028358377749100327,0.0053024420514702795,0.079625,nan,nan,nan,nan,nan,nan,nan
564,111581,0.05,-0.19243818044663064,0.5111111111111111,0,198,0.003568527230527252,0.003214918845333159,0.004447904182597995,0.0795,nan,nan,nan,nan,nan,nan,nan
565,111821,0.05,1.0922573225498116,0.6266666666666667,0,240,0.0032746033743023873,0.002952745766378939,0.00405489910626784,0.079375,nan,nan,nan,nan,nan,nan,nan
566,112035,0.05,1.147578855037683,0.5688888888888889,0,214,0.0029164852807298304,0.0026179337408393623,0.0037672115257009866,0.07925,nan,nan,nan,nan,nan,nan,nan
567,112276,0.05,-0.6054739294052164,0.5822222222222222,0,241,0.003655247506685555,0.0032722864649258553,0.00483995039248839,0.079125,nan,nan,nan,nan,nan,nan,nan
568,112470,0.05,2.14393298149108,0.5777777777777777,0,194,0.002925349154975265,0.002628585952334106,0.003756496007554233,0.079,nan,nan,nan,nan,nan,nan,nan
569,112691,0.05,-2.601559569835665,0.4222222222222222,0,221,0.0029150361777283253,0.00261480767512694,0.00380638362839818,0.078875,nan,nan,nan,nan,nan,nan,nan
570,112901,0.05,-0.5812916030883802,0.52,0,210,0.002782209136057645,0.002530547883361578,0.0031956983148120344,0.07875,nan,nan,nan,nan,nan,nan,nan
571,113089,0.05,-0.40417962527275375,0.47555555555555556,0,188,0.0032822674489580094,0.0029663234134204687,0.0040183658711612225,0.078625,nan,nan,nan,nan,nan,nan,nan
572,113309,0.05,0.7054332993030481,0.5733333333333334,0,220,0.0027859784080646933,0.0024091382045298817,0.004800512176007033,0.0785,nan,nan,nan,nan,nan,nan,nan
573,113499,0.05,0.7284620139598801,0.5288888888888889,0,190,0.0029519052244722844,0.002578843920491636,0.004759952938184142,0.078375,nan,nan,nan,nan,nan,nan,nan
574,113695,0.05,1.1357849895954055,0.5377777777777778,0,196,0.0031518259085714815,0.0027085409383289516,0.005664983857423067,0.07825,nan,nan,nan,nan,nan,nan,nan
575,113888,0.05,1.0499899439811629,0.5422222222222223,0,193,0.003911497537046671,0.0034427670761942863,0.005999748688191175,0.078125,nan,nan,nan,nan,nan,nan,nan
576,114095,0.05,1.058393720149994,0.5955555555555555,0,207,0.003196798195131123,0.0028131269733421504,0.004918861645273864,0.078,nan,nan,nan,nan,nan,nan,nan
577,114322,0.05,-1.3638244998455034,0.48,0,227,0.003062542947009206,0.002645984839182347,0.00534905995009467,0.077875,nan,nan,nan,nan,nan,nan,nan
578,114541,0.05,0.04356835985183194,0.5377777777777778,0,219,0.003345870622433722,0.002948887168895453,0.005105897341854871,0.07775,nan,nan,nan,nan,nan,nan,nan
579,114789,0.05,0.5797398300170813,0.6222222222222222,0,248,0.0029807704733684657,0.0026542865787632765,0.004205911583267152,0.077625,nan,nan,nan,nan,nan,nan,nan
580,114969,0.05,-1.3717048220634471,0.36,0,180,0.003661751328036189,0.003251291229389608,0.0052962595829740165,0.0775,-0.2620068451881454,0.488,0.0,205.3,0.0,1.0,0.488
581,115219,0.05,0.14416931176185477,0.6222222222222222,0,250,0.0028195913066156207,0.0025261788396164775,0.0037920830538496373,0.077375,nan,nan,nan,nan,nan,nan,nan
582,115469,0.05,0.47705187869071425,0.5688888888888889,1,250,0.0030949522042647004,0.002643608604557812,0.005842636362649501,0.07725,nan,nan,nan,nan,nan,nan,nan
583,115690,0.05,-1.2500796756744388,0.4488888888888889,0,221,0.0035174360498785974,0.003009607421699911,0.006584488227963448,0.077125,nan,nan,nan,nan,nan,nan,nan
584,115882,0.05,-0.44572330617904643,0.44,0,192,0.003752183495089412,0.003350294171832502,0.005219342233613133,0.077,nan,nan,nan,nan,nan,nan,nan
585,116080,0.05,0.2868872134685527,0.52,0,198,0.003138774575199932,0.0028141342918388546,0.004222963331267237,0.076875,nan,nan,nan,nan,nan,nan,nan
586,116300,0.05,-3.401539870738983,0.32,0,220,0.0028175100916996597,0.0025029378361068667,0.004098661267198623,0.07675,nan,nan,nan,nan,nan,nan,nan
587,116520,0.05,-1.2299124016761775,0.48444444444444446,0,220,0.0032516734674572943,0.0029126298148185016,0.004424713179469108,0.076625,nan,nan,nan,nan,nan,nan,nan
588,116741,0.05,-0.0152857427597064,0.5466666666666666,0,221,0.003410224732942879,0.003016873833257705,0.0051418426213786,0.0765,nan,nan,nan,nan,nan,nan,nan
589,116937,0.05,1.314842077255243,0.6044444444444445,0,196,0.003540437656920403,0.0032095372676849364,0.0043325744452886285,0.076375,nan,nan,nan,nan,nan,nan,nan
590,117133,0.05,0.7299314439296729,0.5733333333333334,0,196,0.0029764515347778797,0.002602879737969488,0.0048993019154295325,0.07625,nan,nan,nan,nan,nan,nan,nan
591,117350,0.05,1.391853322029105,0.6133333333333333,0,217,0.002656656736508012,0.002323670219630003,0.004374206741340458,0.076125,nan,nan,nan,nan,nan,nan,nan
592,117597,0.05,-2.181846850156783,0.5155555555555555,0,247,0.0028009171481244268,0.002543893631082028,0.003381888323929161,0.076,nan,nan,nan,nan,nan,nan,nan
593,117790,0.05,0.1543207840919436,0.5111111111111111,0,193,0.0034758520778268576,0.003123777627479285,0.004640190489590168,0.075875,nan,nan,nan,nan,nan,nan,nan
594,118015,0.05,-1.136337728738784,0.5422222222222223,0,225,0.0030102588469162585,0.0026902108220383525,0.004225056408904493,0.07575,nan,nan,nan,nan,nan,nan,nan
595,118215,0.05,-2.687451070070267,0.32,0,200,0.003132935205940157,0.00276811015792191,0.004824132728390396,0.075625,nan,nan,nan,nan,nan,nan,nan
596,118398,0.05,0.15769032382965076,0.47555555555555556,0,183,0.0037562769604846833,0.003378020750824362,0.005010015610605478,0.0755,nan,nan,nan,nan,nan,nan,nan
597,118622,0.05,-2.8452600917816167,0.4444444444444444,0,224,0.0034961668075993656,0.0032012750627472995,0.003912329231388867,0.075375,nan,nan,nan,nan,nan,nan,nan
598,118826,0.05,2.07008552980422,0.6266666666666667,0,204,0.0031928283162415026,0.0027939169900491833,0.005301146791316569,0.07525,nan,nan,nan,nan,nan,nan,nan
599,119038,0.05,0.7008593072891178,0.5733333333333334,0,212,0.0029027138953097165,0.002505041635595262,0.005293474020436406,0.075125,nan,nan,nan,nan,nan,nan,nan
600,119216,0.05,1.1000746614933,0.52,0,178,0.002545847406145185,0.0022089841775596144,0.004491509520448744,0.075,-0.3060279240846677,0.5177777777777778,0.0,202.3,0.0,1.0,0.5177777777777778
601,119435,0.05,-0.0005744488239336487,0.52,0,219,0.0027597849955782296,0.002476382860913873,0.0037850037799216805,0.074875,nan,nan,nan,nan,nan,nan,nan
602,119644,0.05,-0.780845346450805,0.4888888888888889,0,209,0.003198579675517976,0.002868086041416973,0.004421319742687046,0.07475000000000001,nan,nan,nan,nan,nan,nan,nan
603,119840,0.05,0.09147170972824203,0.52,0,196,0.0025179720018059016,0.002280914830043912,0.003176645538769662,0.074625,nan,nan,nan,nan,nan,nan,nan
604,120033,0.05,1.1705300550460749,0.5288888888888889,0,193,0.003357592097017914,0.003014531347434968,0.004604841617401689,0.0745,nan,nan,nan,nan,nan,nan,nan
605,120245,0.05,-2.7127120716571813,0.37777777777777777,0,212,0.0031900874222628773,0.002897240500897169,0.003937437105923891,0.074375,nan,nan,nan,nan,nan,nan,nan
606,120465,0.05,0.8734218392372066,0.5466666666666666,0,220,0.003271011810284108,0.0029208036023192106,0.0047166087897494435,0.07425000000000001,nan,nan,nan,nan,nan,nan,nan
607,120679,0.05,1.5839819929599703,0.6222222222222222,0,214,0.003113450889941305,0.002820207504555583,0.003956065513193607,0.074125,nan,nan,nan,nan,nan,nan,nan
608,120877,0.05,-0.7449718539714809,0.4888888888888889,0,198,0.0036456511821597814,0.003215991344768554,0.005806213081814349,0.074,nan,nan,nan,nan,nan,nan,nan
609,121092,0.05,-0.5197992396354669,0.49777777777777776,0,215,0.0030848808120936154,0.0028102669632062314,0.0037172773387283086,0.073875,nan,nan,nan,nan,nan,nan,nan
610,121297,0.05,2.2758029136657623,0.6222222222222222,0,205,0.0031606087111867966,0.0027240822091698647,0.005919003859162331,0.07375000000000001,nan,nan,nan,nan,nan,nan,nan
611,121502,0.05,-0.9367101411819438,0.52,0,205,0.0028079750714823603,0.002508432511240244,0.004068489605560899,0.073625,nan,nan,nan,nan,nan,nan,nan
612,121718,0.05,-0.8861237702369694,0.49333333333333335,0,216,0.0024997701635584234,0.0021642668871209025,0.004564670682884753,0.0735,nan,nan,nan,nan,nan,nan,nan
613,121959,0.05,0.4086965057849794,0.6,0,241,0.002649554901290685,0.002324321970809251,0.004432476055808365,0.073375,nan,nan,nan,nan,nan,nan,nan
614,122203,0.05,-2.1240830223560314,0.48444444444444446,0,244,0.00341745400801301,0.0030933465110138058,0.004424675554037094,0.07325000000000001,nan,nan,nan,nan,nan,nan,nan
615,122411,0.05,-0.2753523440361064,0.5288888888888889,0,208,0.0034720113733783366,0.003139800287317485,0.004543058481067419,0.073125,nan,nan,nan,nan,nan,nan,nan
616,122651,0.05,-2.0708958957195254,0.5644444444444444,0,240,0.003207568929065019,0.002910177072044462,0.004073860659264028,0.073,nan,nan,nan,nan,nan,nan,nan
617,122863,0.05,0.7353539829254085,0.5644444444444444,0,212,0.0036150028696283697,0.003183399618137628,0.005922514921985566,0.072875,nan,nan,nan,nan,nan,nan,nan
618,123013,0.05,1.7520772154331161,0.5111111111111111,0,150,0.0029693351476453244,0.0025228931452147664,0.006136659509502351,0.07275000000000001,nan,nan,nan,nan,nan,nan,nan
619,123249,0.05,-0.7661662306785626,0.5511111111111111,0,236,0.0028508685529232023,0.002488383580930531,0.0049911875044927004,0.072625,nan,nan,nan,nan,nan,nan,nan
620,123466,0.05,-0.4986041369438179,0.5155555555555555,0,217,0.0033571691950783134,0.00288598146289587,0.006499141943641007,0.0725,-0.7664673850297956,0.4666666666666667,0.0,203.8,0.0,1.0,0.4666666666666667
621,123660,0.05,0.2800000593662264,0.5066666666666667,0,194,0.0032247012248262765,0.0028774972772225736,0.004797290975693614,0.072375,nan,nan,nan,nan,nan,nan,nan
622,123872,0.05,0.7233359842300331,0.6044444444444445,0,212,0.003607478179037571,0.0033049670746549964,0.004187004663981498,0.07225000000000001,nan,nan,nan,nan,nan,nan,nan
623,124083,0.05,-0.8504579005241385,0.49777777777777776,0,211,0.003267991333268583,0.0029596273554489015,0.004275410354603082,0.072125,nan,nan,nan,nan,nan,nan,nan
624,124323,0.05,-0.740857116222383,0.5955555555555555,0,240,0.003193777520209551,0.0028905672836117445,0.00421125388238579,0.072,nan,nan,nan,nan,nan,nan,nan
625,124481,0.05,-0.4956890404224401,0.4177777777777778,0,158,0.002916038071271032,0.0026727117830887435,0.003385408828034997,0.071875,nan,nan,nan,nan,nan,nan,nan
626,124672,0.05,-0.9454053664207491,0.40444444444444444,0,191,0.0032460993388667703,0.0029255305882543324,0.004467857372947037,0.07175000000000001,nan,nan,nan,nan,nan,nan,nan
627,124900,0.05,-0.47651367616653184,0.5866666666666667,0,228,0.0031799562042579056,0.002812580449972302,0.005129155004397035,0.07162500000000001,nan,nan,nan,nan,nan,nan,nan
628,125074,0.05,0.5793959927558905,0.4577777777777778,0,174,0.003170486818999052,0.002867798390798271,0.004233404435217381,0.0715,nan,nan,nan,nan,nan,nan,nan
629,125323,0.05,1.5276624119281652,0.6577777777777778,0,249,0.0031266256235539915,0.002805741538759321,0.00449574930826202,0.071375,nan,nan,nan,nan,nan,nan,nan
630,125549,0.05,-0.30114402103425075,0.5155555555555555,0,226,0.0029333084588870407,0.0026039505028165877,0.004622567992191762,0.07125000000000001,nan,nan,nan,nan,nan,nan,nan
631,125737,0.05,0.7486730670928943,0.5466666666666666,0,188,0.0027024891693145036,0.0023787261685356497,0.004552027769386768,0.07112500000000001,nan,nan,nan,nan,nan,nan,nan
632,125962,0.05,-1.7819206526279445,0.4622222222222222,0,225,0.003127146675251424,0.0026593272923491895,0.0065890051890164615,0.071,nan,nan,nan,nan,nan,nan,nan
633,126198,0.05,1.502582280874244,0.6533333333333333,0,236,0.0028855891665443777,0.0026192258577793837,0.003758212481625378,0.070875,nan,nan,nan,nan,nan,nan,nan
634,126395,0.05,-0.20012012767792575,0.49333333333333335,0,197,0.0033925318391993644,0.002985858777537942,0.005748028610832989,0.07075000000000001,nan,nan,nan,nan,nan,nan,nan
635,126582,0.05,1.0968973536491349,0.5511111111111111,0,187,0.0028715233318507673,0.0025717039126902817,0.004245231091044843,0.07062500000000001,nan,nan,nan,nan,nan,nan,nan
636,126800,0.05,-0.9492398018836977,0.47555555555555556,0,218,0.003638006024993956,0.0033655141713097693,0.0038651331211440264,0.0705,nan,nan,nan,nan,nan,nan,nan
637,127037,0.05,-1.4281379733085646,0.47555555555555556,0,237,0.002403260278515518,0.0021063724998384714,0.004218653682619334,0.070375,nan,nan,nan,nan,nan,nan,nan
638,127282,0.05,-2.3498796122074097,0.5155555555555555,0,245,0.0029214282054454087,0.0026021648896858095,0.004544673580676317,0.07025,nan,nan,nan,nan,nan,nan,nan
639,127507,0.05,-2.319906756401064,0.4444444444444444,0,225,0.0028319257544353604,0.0025965224136598407,0.003356910462025553,0.070125,nan,nan,nan,nan,nan,nan,nan
640,127709,0.05,1.008953032016752,0.5733333333333334,0,202,0.002690251846797764,0.0024282645084895194,0.003742676309775561,0.06999999999999999,0.32739500744342376,0.5391111111111112,0.0,204.4,0.0,1.0,0.5522069114088481
641,127901,0.05,-0.13024944972991803,0.4888888888888889,0,192,0.0028040704783052206,0.0024292994057759643,0.0053634496172890065,0.06987499999999999,nan,nan,nan,nan,nan,nan,nan
642,128054,0.05,-0.4982614154815691,0.36,0,153,0.003147088480181992,0.002746836643200368,0.005738377152010798,0.06975,nan,nan,nan,nan,nan,nan,nan
643,128220,0.05,0.34009675598144495,0.4577777777777778,0,166,0.0024476591730490326,0.0020871451590210198,0.005177939310669899,0.069625,nan,nan,nan,nan,nan,nan,nan
644,128389,0.05,0.18250300359726035,0.4533333333333333,0,169,0.002946985187008977,0.0026538920355960727,0.004217167710885405,0.06949999999999999,nan,nan,nan,nan,nan,nan,nan
645,128611,0.05,-0.23905559730529813,0.5288888888888889,0,222,0.0037061353912577035,0.00344575559720397,0.003753222431987524,0.06937499999999999,nan,nan,nan,nan,nan,nan,nan
646,128830,0.05,-0.81426838278771,0.5066666666666667,0,219,0.0035228226333856583,0.0033166569308377804,0.0029771213768981395,0.06925,nan,nan,nan,nan,nan,nan,nan
647,129057,0.05,-1.8075804331302643,0.49333333333333335,0,227,0.0033471358474344015,0.0031252883141860365,0.003209367603994906,0.069125,nan,nan,nan,nan,nan,nan,nan
648,129251,0.05,-0.9068080081939686,0.4266666666666667,0,194,0.0029938688967376947,0.0027297167340293526,0.003828292875550687,0.06899999999999999,nan,nan,nan,nan,nan,nan,nan
649,129472,0.05,2.371418379306782,0.6755555555555556,0,221,0.003474219935014844,0.0031416774028912185,0.004828203679062426,0.06887499999999999,nan,nan,nan,nan,nan,nan,nan
650,129712,0.05,1.5109203975200542,0.6488888888888888,0,240,0.0026830249931663274,0.002347041550092399,0.004887031717225909,0.06875,nan,nan,nan,nan,nan,nan,nan
651,129936,0.05,-0.37903249883651646,0.5377777777777778,0,224,0.002480932720936835,0.0021210509701631965,0.005244178837165237,0.068625,nan,nan,nan,nan,nan,nan,nan
652,130142,0.05,-0.09665821695327792,0.48444444444444446,0,206,0.002930336189456284,0.002634234074503183,0.004322659020544961,0.0685,nan,nan,nan,nan,nan,nan,nan
653,130355,0.05,0.8149999999999937,0.5333333333333333,0,213,0.0031838717055507003,0.0028879836783744393,0.004327430366538465,0.06837499999999999,nan,nan,nan,nan,nan,nan,nan
654,130569,0.05,0.8296758155822712,0.5955555555555555,0,214,0.0029195824405178427,0.0026228173985145984,0.004348205658607185,0.06825,nan,nan,nan,nan,nan,nan,nan
655,130717,0.05,1.0185226864814723,0.4311111111111111,0,148,0.0026637221919372676,0.002331579220481217,0.004875492863357067,0.068125,nan,nan,nan,nan,nan,nan,nan
656,130910,0.05,0.5868318254947653,0.5644444444444444,0,193,0.0035273691988550126,0.0032119507086463273,0.004638506425544619,0.068,nan,nan,nan,nan,nan,nan,nan
657,131100,0.05,0.7730966563224793,0.52,0,190,0.0029920343891717493,0.002773901214823127,0.0032137483824044464,0.06787499999999999,nan,nan,nan,nan,nan,nan,nan
658,131347,0.05,-0.035411925554281964,0.6222222222222222,0,247,0.0026791009353473783,0.0024635982234030964,0.0031808515079319475,0.06775,nan,nan,nan,nan,nan,nan,nan
659,131580,0.05,0.6353952798843339,0.5866666666666667,0,233,0.002588966046459973,0.0023247004835866393,0.0039078087080270055,0.067625,nan,nan,nan,nan,nan,nan,nan
660,131818,0.05,0.07808643221855016,0.5733333333333334,0,238,0.002946569654159248,0.0025948269409127533,0.0052110029966570435,0.0675,-0.1773460671424903,0.5062222222222222,0.1,203.2,0.1,0.9,0.5382222222222223
661,132054,0.05,-3.0701552608013154,0.38666666666666666,0,236,0.003351330803707242,0.002943989634513855,0.0060458806809037926,0.06737499999999999,nan,nan,nan,nan,nan,nan,nan
662,132271,0.05,-0.08698086261749594,0.5555555555555556,0,217,0.0030301217921078205,0.002761718153487891,0.003991132159717381,0.06725,nan,nan,nan,nan,nan,nan,nan
663,132489,0.05,1.0323334023952395,0.6088888888888889,0,218,0.002834597078617662,0.002566029189620167,0.004001011257059872,0.067125,nan,nan,nan,nan,nan,nan,nan
664,132677,0.05,-0.8857665717601773,0.48,0,188,0.0026506065158173444,0.0023370602051727475,0.004679795971605926,0.067,nan,nan,nan,nan,nan,nan,nan
665,132899,0.05,-0.30718745899200384,0.5111111111111111,0,222,0.002686810470186174,0.002371203841175884,0.00471935102250427,0.06687499999999999,nan,nan,nan,nan,nan,nan,nan
666,133110,0.05,-1.076612011909483,0.49777777777777776,0,211,0.002595348097383976,0.00232544009340927,0.004043566319160164,0.06675,nan,nan,nan,nan,nan,nan,nan
667,133360,0.05,-3.8499883241653436,0.3466666666666667,1,250,0.002779640955850482,0.0025577555294148623,0.0033303629606962204,0.066625,nan,nan,nan,nan,nan,nan,nan
668,133543,0.05,1.3509024286270082,0.5511111111111111,0,183,0.003291497309692204,0.002984086109790951,0.0046227246057242155,0.0665,nan,nan,nan,nan,nan,nan,nan
669,133763,0.05,-0.5841459212303214,0.5066666666666667,0,220,0.003029994177632034,0.002729118533898145,0.004532966250553727,0.066375,nan,nan,nan,nan,nan,nan,nan
670,133977,0.05,-8.649670849561696,0.5022222222222222,0,214,0.0030684348661452533,0.0027282383060082795,0.005135042895562947,0.06625,nan,nan,nan,nan,nan,nan,nan
671,134206,0.05,0.9405912482738492,0.64,0,229,0.0031235719099640845,0.002792718750424683,0.00500345048494637,0.066125,nan,nan,nan,nan,nan,nan,nan
672,134407,0.05,0.029161135673517524,0.48444444444444446,0,201,0.0034793291939422487,0.003171766723971814,0.004660038580186665,0.066,nan,nan,nan,nan,nan,nan,nan
673,134642,0.05,-2.952775784492496,0.37777777777777777,0,235,0.0032497668173164128,0.0029168657609261574,0.005053526558913291,0.065875,nan,nan,nan,nan,nan,nan,nan
674,134863,0.05,0.20180488491058157,0.6,0,221,0.0036452495725825427,0.0033823629608377816,0.003998275159392506,0.06575,nan,nan,nan,nan,nan,nan,nan
675,135084,0.05,-1.2944157056808496,0.5244444444444445,0,221,0.002851167507469654,0.002567268325947225,0.0043260827544145284,0.065625,nan,nan,nan,nan,nan,nan,nan
676,135307,0.05,-0.01465710496902517,0.5644444444444444,0,223,0.0028371733613312246,0.0024790510418824852,0.00546751581132412,0.0655,nan,nan,nan,nan,nan,nan,nan
677,135473,0.05,0.7987465486526459,0.4533333333333333,0,166,0.0029136624303646385,0.0026592594454996287,0.0038914420176297424,0.065375,nan,nan,nan,nan,nan,nan,nan
678,135675,0.05,-0.43262604165077734,0.4622222222222222,0,202,0.002628833893686533,0.002386861201375723,0.003708393406122923,0.06525,nan,nan,nan,nan,nan,nan,nan
679,135880,0.05,-0.4445649352073653,0.52,0,205,0.002972492342814803,0.002750377310439944,0.0034105956787243486,0.065125,nan,nan,nan,nan,nan,nan,nan
680,136127,0.05,-1.1784505388736735,0.5555555555555556,0,247,0.002817353722639382,0.0025578293949365615,0.003992681589443237,0.065,0.6977552550315829,0.5328888888888889,0.0,191.3,0.0,1.0,0.5607990990901521
681,136298,0.05,1.0746120767593363,0.5066666666666667,0,171,0.002433884143829346,0.002140041475649923,0.004529366712085902,0.064875,nan,nan,nan,nan,nan,nan,nan
682,136505,0.05,1.5035898671150103,0.5777777777777777,0,207,0.0026837200857698917,0.002444789931178093,0.0036900407169014214,0.06475,nan,nan,nan,nan,nan,nan,nan
683,136708,0.05,1.2698927764892505,0.5822222222222222,0,203,0.003071180870756507,0.002796346927061677,0.004252750310115516,0.064625,nan,nan,nan,nan,nan,nan,nan
684,136920,0.05,0.31140019536018104,0.5377777777777778,0,212,0.002502920851111412,0.0022315392736345528,0.004207466589286923,0.0645,nan,nan,nan,nan,nan,nan,nan
685,137143,0.05,-3.0675057895183566,0.44,0,223,0.003119172132574022,0.0028638287913054228,0.003966498794034124,0.064375,nan,nan,nan,nan,nan,nan,nan
686,137358,0.05,-0.2939486200809476,0.52,0,215,0.002468877634964883,0.00223013530485332,0.0037158340448513625,0.06425,nan,nan,nan,nan,nan,nan,nan
687,137526,0.05,1.477047310829156,0.5333333333333333,0,168,0.002451035368721932,0.002160610246937722,0.00452904615085572,0.064125,nan,nan,nan,nan,nan,nan,nan
688,137738,0.05,0.8712334055900524,0.5866666666666667,0,212,0.0023912174510769546,0.002160785940941423,0.0036004922119900586,0.064,nan,nan,nan,nan,nan,nan,nan
689,137890,0.05,0.40480848407745396,0.44,0,152,0.0031315627275034785,0.002855943993199617,0.0043149711564183235,0.063875,nan,nan,nan,nan,nan,nan,nan
690,138102,0.05,1.7233539433479184,0.5955555555555555,0,212,0.002790812123566866,0.0024722985224798323,0.004996292211581021,0.06375,nan,nan,nan,nan,nan,nan,nan
691,138335,0.05,0.1850231695175173,0.5555555555555556,0,233,0.003085144190117717,0.002819624764379114,0.00417319294065237,0.063625,nan,nan,nan,nan,nan,nan,nan
692,138579,0.05,-1.8278944115638733,0.49333333333333335,0,244,0.0036371552967466416,0.0033122034859843553,0.005117351387161762,0.0635,nan,nan,nan,nan,nan,nan,nan
693,138765,0.05,0.3177558028697951,0.5066666666666667,0,186,0.0033621968468651175,0.0030767277348786592,0.004504443774931133,0.063375,nan,nan,nan,nan,nan,nan,nan
694,138973,0.05,0.006990892410272398,0.5466666666666666,0,208,0.0031873218948021533,0.0028524278197437523,0.0052947680931538345,0.06325,nan,nan,nan,nan,nan,nan,nan
695,139151,0.05,1.0754688148498492,0.5155555555555555,0,178,0.0033899330534040927,0.0030927865765988825,0.0047072717687115075,0.063125,nan,nan,nan,nan,nan,nan,nan
696,139397,0.05,-2.8863994095325465,0.5111111111111111,0,246,0.00302382311783731,0.0027338888728991153,0.004602130176499486,0.063,nan,nan,nan,nan,nan,nan,nan
697,139607,0.05,-0.3193870720863431,0.48,0,210,0.003140057949349284,0.0028466139803640543,0.004667100450024009,0.062875,nan,nan,nan,nan,nan,nan,nan
698,139857,0.05,0.5818179712295461,0.4888888888888889,1,250,0.0025802967487834395,0.0022180785541422664,0.0057724020909518,0.06275,nan,nan,nan,nan,nan,nan,nan
699,140075,0.05,1.8554240944385434,0.64,0,218,0.0032042198814451694,0.002912854542955756,0.0046525397570803765,0.062625,nan,nan,nan,nan,nan,nan,nan
700,140324,0.05,-2.578887047290803,0.5066666666666667,0,249,0.0028305322746746244,0.0026161107700318096,0.0034307438414543866,0.0625,0.5694379941463421,0.5271111111111112,0.0,202.1,0.0,1.0,0.5498886308769649
701,140468,0.05,0.25444920444488606,0.4177777777777778,0,144,0.0034997448325157165,0.0032368005719035863,0.0042155396426096555,0.062375,nan,nan,nan,nan,nan,nan,nan
702,140574,0.05,0.2575000000000005,0.32,0,106,0.0030522919027134777,0.0027398883597925306,0.005018530820962042,0.062250000000000014,nan,nan,nan,nan,nan,nan,nan
703,140824,0.05,1.054866712570185,0.5422222222222223,1,250,0.0035339243011549117,0.0032824217341840267,0.004048330569639802,0.062125,nan,nan,nan,nan,nan,nan,nan
704,141010,0.05,0.28594371461868273,0.47555555555555556,0,186,0.004434785526245833,0.004172207578085363,0.004235127125866711,0.062,nan,nan,nan,nan,nan,nan,nan
705,141199,0.05,-0.9167264492511746,0.40444444444444444,0,189,0.003733017109334469,0.003521428303793073,0.0034196167951449754,0.061875,nan,nan,nan,nan,nan,nan,nan
706,141413,0.05,-5.9967364139556905,0.4266666666666667,0,214,0.0035850314889103174,0.003254873654805124,0.005346686043776572,0.06175000000000001,nan,nan,nan,nan,nan,nan,nan
707,141650,0.05,0.9249480791091815,0.6622222222222223,0,237,0.003824115265160799,0.003514949488453567,0.005016888515092433,0.061625,nan,nan,nan,nan,nan,nan,nan
708,141838,0.05,1.1088044044971397,0.5555555555555556,0,188,0.0031311379047110678,0.002806339482776821,0.005281275254674256,0.0615,nan,nan,nan,nan,nan,nan,nan
709,142033,0.05,-1.7051019375324241,0.41333333333333333,0,195,0.0034666394582018255,0.003162776795215905,0.004950918885879218,0.061375,nan,nan,nan,nan,nan,nan,nan
710,142249,0.05,-0.749329907417299,0.4888888888888889,0,216,0.0031747188651934264,0.0028662363765761256,0.00503644896671176,0.06125000000000001,nan,nan,nan,nan,nan,nan,nan
711,142430,0.05,1.363571479558943,0.5244444444444445,0,181,0.0027502665063366292,0.0024391091894358395,0.0050905087729915975,0.061125,nan,nan,nan,nan,nan,nan,nan
712,142656,0.05,-5.326932897567748,0.35555555555555557,0,226,0.0029974482487887142,0.0026683321804739533,0.005395345482975244,0.061,nan,nan,nan,nan,nan,nan,nan
713,142885,0.05,-0.8960035266876248,0.5288888888888889,0,229,0.003090404160320759,0.0027870885096490383,0.004982597287744283,0.060875,nan,nan,nan,nan,nan,nan,nan
714,143063,0.05,0.8594562168121294,0.5066666666666667,0,178,0.0038162099197506906,0.003547604265622795,0.004421492211986333,0.06075000000000001,nan,nan,nan,nan,nan,nan,nan
715,143236,0.05,-0.7901161799430836,0.41333333333333333,0,173,0.003573640249669552,0.0033692496130242945,0.003371391328983009,0.060625,nan,nan,nan,nan,nan,nan,nan
716,143433,0.05,1.2919454550742997,0.5466666666666666,0,197,0.0033898450201377273,0.0031542636454105375,0.0038939070072956383,0.0605,nan,nan,nan,nan,nan,nan,nan
717,143683,0.05,1.6287998275756843,0.5911111111111111,1,250,0.0034875464625656605,0.0032726589823141696,0.003559213143307716,0.060375,nan,nan,nan,nan,nan,nan,nan
718,143855,0.05,1.164923744201652,0.48444444444444446,0,172,0.0033781042555347087,0.00314558707177639,0.003859206079505384,0.06025000000000001,nan,nan,nan,nan,nan,nan,nan
719,144028,0.05,1.9184903378486542,0.5511111111111111,0,173,0.003763358993455768,0.003465907252393663,0.004947222548071295,0.060125,nan,nan,nan,nan,nan,nan,nan
720,144250,0.05,2.0277341992855007,0.6622222222222223,0,222,0.003855656343512237,0.0035527862375602124,0.005047834431752563,0.06,0.7132617075443217,0.5675555555555556,0.0,210.1,0.0,1.0,0.5960860238573285
721,144416,0.05,0.6550871069431292,0.49777777777777776,0,166,0.0032928392058238385,0.003100614715367556,0.003210429614409804,0.059875,nan,nan,nan,nan,nan,nan,nan
722,144666,0.05,-3.1834998714923874,0.4177777777777778,1,250,0.0036580294836312532,0.0034008033340796827,0.004305040440522134,0.05975000000000001,nan,nan,nan,nan,nan,nan,nan
723,144855,0.05,-0.26756281781196734,0.4488888888888889,0,189,0.0038452018750831487,0.003495504055172205,0.005864953133277595,0.059625,nan,nan,nan,nan,nan,nan,nan
724,145068,0.05,0.529611913681022,0.5288888888888889,0,213,0.0036195042775943875,0.003328439814504236,0.004891839949414134,0.0595,nan,nan,nan,nan,nan,nan,nan
725,145286,0.05,0.7782889556884691,0.5777777777777777,0,218,0.0035743532702326775,0.003273817617446184,0.00506165383849293,0.059375,nan,nan,nan,nan,nan,nan,nan
726,145523,0.05,-1.6773502926826473,0.48444444444444446,0,237,0.0029307717573828994,0.0027003256138414143,0.003889386751689017,0.05925000000000001,nan,nan,nan,nan,nan,nan,nan
727,145744,0.05,0.20725414991378144,0.5511111111111111,0,221,0.0034095666371285914,0.0029935848549939694,0.007035634317435324,0.05912500000000001,nan,nan,nan,nan,nan,nan,nan
728,145929,0.05,0.7588427877426087,0.5022222222222222,0,185,0.002611117030028254,0.002304288127925247,0.005200490006245673,0.059,nan,nan,nan,nan,nan,nan,nan
729,146104,0.05,0.9765407984256693,0.4888888888888889,0,175,0.0031427515903487803,0.002901760651730001,0.0040932650910690425,0.058875,nan,nan,nan,nan,nan,nan,nan
730,146354,0.05,0.8594835658073366,0.5866666666666667,1,250,0.0030141926137730478,0.002824205765500665,0.0032338188961148263,0.05875000000000001,nan,nan,nan,nan,nan,nan,nan
731,146534,0.05,0.4032821555137591,0.5111111111111111,0,180,0.003508083429187536,0.0031827316386625172,0.005549710988998413,0.05862500000000001,nan,nan,nan,nan,nan,nan,nan
732,146737,0.05,0.021218610525130854,0.5377777777777778,0,203,0.0034009076305665078,0.003163397137541324,0.004060008109081537,0.058499999999999996,nan,nan,nan,nan,nan,nan,nan
733,146965,0.05,-1.4609207558631938,0.4533333333333333,0,228,0.0026531155221164227,0.0024820120073854924,0.0029311095830053093,0.058374999999999996,nan,nan,nan,nan,nan,nan,nan
734,147180,0.05,-0.7273734333515227,0.4666666666666667,0,215,0.0030100766802206636,0.002725578856188804,0.00488408375531435,0.05825000000000001,nan,nan,nan,nan,nan,nan,nan
735,147370,0.05,1.5663946437835656,0.5644444444444444,0,190,0.0032241175533272324,0.002944736136123538,0.004806561791338026,0.05812500000000001,nan,nan,nan,nan,nan,nan,nan
736,147610,0.05,0.38529839944838695,0.5866666666666667,0,240,0.003617104236036539,0.0033580249175429342,0.004466884525027126,0.057999999999999996,nan,nan,nan,nan,nan,nan,nan
737,147838,0.05,1.670389182806009,0.6222222222222222,0,228,0.00337070272071287,0.0030369132291525602,0.005767420376650989,0.057874999999999996,nan,nan,nan,nan,nan,nan,nan
738,148054,0.05,1.033417877674093,0.5777777777777777,0,216,0.0030390853760764005,0.002800115931313485,0.004137998749502003,0.05775000000000001,nan,nan,nan,nan,nan,nan,nan
739,148282,0.05,-1.6858322758674615,0.47555555555555556,0,228,0.0027115463512018324,0.0024338167859241366,0.004819602565839886,0.05762500000000001,nan,nan,nan,nan,nan,nan,nan
740,148521,0.05,0.2059518780708245,0.5644444444444444,0,239,0.0030174475628882646,0.002737933676689863,0.004861110751517117,0.057499999999999996,0.3375235751151985,0.5439999999999999,0.1,213.3,0.1,0.9,0.5895009430046079
741,148689,0.05,-0.3564401440620406,0.44,0,168,0.0031893082894384863,0.0028709512203931808,0.005548706999979914,0.057374999999999995,nan,nan,nan,nan,nan,nan,nan
742,148863,0.05,1.9104725532531652,0.5288888888888889,0,174,0.003221756871789694,0.0029443429433740676,0.004845657898113131,0.05725000000000001,nan,nan,nan,nan,nan,nan,nan
743,149097,0.05,-2.0908623149395,0.48,0,234,0.003192827291786671,0.0029837072594091295,0.0036607440328225494,0.05712500000000001,nan,nan,nan,nan,nan,nan,nan
744,149342,0.05,-3.4026989922523505,0.4488888888888889,0,245,0.0038016514619812368,0.00358816955704242,0.003745297295972705,0.056999999999999995,nan,nan,nan,nan,nan,nan,nan
745,149582,0.05,-2.9658564403057137,0.38666666666666666,0,240,0.0038907595444470644,0.0036230698227882386,0.004706630855798722,0.056874999999999995,nan,nan,nan,nan,nan,nan,nan
746,149832,0.05,-0.1082550156116503,0.4888888888888889,1,250,0.003257255582138896,0.002959599415771663,0.005245042033493519,0.05675000000000001,nan,nan,nan,nan,nan,nan,nan
747,150027,0.05,0.34591062235831727,0.48444444444444446,0,195,0.0032029351452365516,0.0029467569547705352,0.004524117498658597,0.05662500000000001,nan,nan,nan,nan,nan,nan,nan
748,150256,0.05,0.1923254632949829,0.5911111111111111,0,229,0.004145955014973879,0.003869204595685005,0.004898237786255777,0.056499999999999995,nan,nan,nan,nan,nan,nan,nan
749,150496,0.05,-2.17494445681572,0.49777777777777776,0,240,0.0034815439023077486,0.0032142989803105593,0.004740486154332757,0.056374999999999995,nan,nan,nan,nan,nan,nan,nan
750,150692,0.05,-0.0118954808712044,0.4888888888888889,0,196,0.0031943102832883595,0.002945869043469429,0.004416732420213521,0.05625000000000001,nan,nan,nan,nan,nan,nan,nan
751,150912,0.05,0.4664939465522737,0.5377777777777778,0,220,0.0037359488662332295,0.003511687065474689,0.003995755221694708,0.05612500000000001,nan,nan,nan,nan,nan,nan,nan
752,151094,0.05,0.43809705901145857,0.4888888888888889,0,182,0.0036461013834923504,0.0033926919102668764,0.004525169730186462,0.05600000000000001,nan,nan,nan,nan,nan,nan,nan
753,151331,0.05,1.2858081464767397,0.6355555555555555,0,237,0.0028371238615363835,0.0026297409902326764,0.003711549344006926,0.055874999999999994,nan,nan,nan,nan,nan,nan,nan
754,151515,0.05,1.3957985439300478,0.5466666666666666,0,184,0.002862812008243054,0.00265436468180269,0.0037389652454294263,0.05575000000000001,nan,nan,nan,nan,nan,nan,nan
755,151723,0.05,0.29422449707984466,0.5377777777777778,0,208,0.003178703272715211,0.0029416486737318336,0.0042616564081981775,0.05562500000000001,nan,nan,nan,nan,nan,nan,nan
756,151940,0.05,-1.6434943904876733,0.4222222222222222,0,217,0.003031454375013709,0.0027987994602881373,0.004191980452742427,0.05550000000000001,nan,nan,nan,nan,nan,nan,nan
757,152125,0.05,0.5019613366127005,0.52,0,185,0.003719368437305093,0.003441727114841342,0.005013838643208146,0.055374999999999994,nan,nan,nan,nan,nan,nan,nan
758,152288,0.05,1.1474593234062163,0.47555555555555556,0,163,0.002960163727402687,0.0026557925157248974,0.0055089808302000165,0.05525000000000001,nan,nan,nan,nan,nan,nan,nan
759,152514,0.05,1.149793400049198,0.6177777777777778,0,226,0.0028935840120539067,0.0026292699272744357,0.004794812947511673,0.05512500000000001,nan,nan,nan,nan,nan,nan,nan
760,152752,0.05,0.10123723959922581,0.5822222222222222,0,238,0.0028669000836089253,0.0025938577950000764,0.0049644042504951354,0.05500000000000001,0.888718342041963,0.5542222222222223,0.0,204.6,0.0,1.0,0.5897709559039008
761,152967,0.05,0.5049633607864323,0.5777777777777777,0,215,0.0033571072155609725,0.003131322027184069,0.004114535311236978,0.05487499999999999,nan,nan,nan,nan,nan,nan,nan
762,153197,0.05,1.11952276730537,0.6355555555555555,0,230,0.002662166231311858,0.0024374126340262594,0.004105089185759425,0.05475000000000001,nan,nan,nan,nan,nan,nan,nan
763,153447,0.05,0.9436722567081421,0.52,1,250,0.0028542659943923353,0.0025713067734614015,0.00518003071192652,0.05462500000000001,nan,nan,nan,nan,nan,nan,nan
764,153645,0.05,1.4082919917106556,0.5777777777777777,0,198,0.003689704230055213,0.0033810733817517757,0.0056629510363563895,0.05450000000000001,nan,nan,nan,nan,nan,nan,nan
765,153854,0.05,0.8687265365123686,0.5511111111111111,0,209,0.0033355644904077054,0.003081116231624037,0.004679508437402546,0.05437499999999999,nan,nan,nan,nan,nan,nan,nan
766,154026,0.05,1.175263136386864,0.49333333333333335,0,172,0.0032128392485901713,0.002978805883321911,0.004313979693688452,0.05425000000000001,nan,nan,nan,nan,nan,nan,nan
767,154207,0.05,-0.7280165026187895,0.4,0,181,0.0034582996740937233,0.0032112129731103776,0.00456511250231415,0.054125000000000006,nan,nan,nan,nan,nan,nan,nan
768,154417,0.05,-2.4862065269947036,0.4666666666666667,-2,210,0.0026435231789946555,0.0023910973803140225,0.0046745516592636704,0.054000000000000006,nan,nan,nan,nan,nan,nan,nan
769,154667,0.05,1.142638627529135,0.5155555555555555,1,250,0.00370517261326313,0.003440321679227054,0.00491602597758174,0.05387499999999999,nan,nan,nan,nan,nan,nan,nan
770,154901,0.05,0.16925151109694836,0.5688888888888889,0,234,0.003136333939619362,0.002848056331276894,0.005363304540514946,0.053750000000000006,nan,nan,nan,nan,nan,nan,nan
771,155126,0.05,0.5581985881328508,0.5822222222222222,0,225,0.0030929493485018613,0.002851715765427798,0.004498528409749269,0.053625000000000006,nan,nan,nan,nan,nan,nan,nan
772,155302,0.05,1.3857971212863873,0.5244444444444445,0,176,0.003722916531842202,0.0034927666303701697,0.004301866714376957,0.053500000000000006,nan,nan,nan,nan,nan,nan,nan
773,155497,0.05,1.0700258047580684,0.56,0,195,0.00302147651091218,0.00278783836401999,0.004377295868471265,0.05337499999999999,nan,nan,nan,nan,nan,nan,nan
774,155715,0.05,-3.1018538248538974,0.4177777777777778,0,218,0.0028248510789126158,0.0025597834843210875,0.004977795854210853,0.053250000000000006,nan,nan,nan,nan,nan,nan,nan
775,155931,0.05,0.1124587140083253,0.5333333333333333,0,216,0.0039397712331265215,0.0036742006544955076,0.004998975829221308,0.053125000000000006,nan,nan,nan,nan,nan,nan,nan
776,156123,0.05,0.20015348863601656,0.48,0,192,0.003681411175057292,0.00344405306968838,0.0044784547528252,0.053000000000000005,nan,nan,nan,nan,nan,nan,nan
777,156351,0.05,-2.227658483505248,0.4222222222222222,0,228,0.003272502729669213,0.003022355493158102,0.0047309175599366425,0.052875000000000005,nan,nan,nan,nan,nan,nan,nan
778,156534,0.05,0.7993647496700245,0.4888888888888889,0,183,0.003154453495517373,0.00293778944760561,0.004107375687453896,0.052750000000000005,nan,nan,nan,nan,nan,nan,nan
779,156779,0.05,-0.4785707976818149,0.5688888888888889,0,245,0.002751238294877112,0.0025024566799402236,0.004727441561408341,0.052625000000000005,nan,nan,nan,nan,nan,nan,nan
780,156985,0.05,-1.2198553490638717,0.49333333333333335,0,206,0.0031192905502393843,0.002846700791269541,0.0051921857986599205,0.052500000000000005,-0.7771126902341876,0.4764444444444445,0.0,206.7,0.0,1.0,0.4764444444444445
781,157173,0.05,0.6729693541526718,0.5022222222222222,0,188,0.00299736550077796,0.002803193568252027,0.003707340161781758,0.052375000000000005,nan,nan,nan,nan,nan,nan,nan
782,157342,0.05,0.2941767618656159,0.4488888888888889,0,169,0.003799305181019008,0.0036228824988938867,0.0033765102969482543,0.052250000000000005,nan,nan,nan,nan,nan,nan,nan
783,157533,0.05,0.7870547933578498,0.5555555555555556,0,191,0.003090299526229501,0.002844807552173734,0.004709677607752383,0.052125000000000005,nan,nan,nan,nan,nan,nan,nan
784,157737,0.05,0.2658386335372884,0.5377777777777778,0,204,0.0036757268477231263,0.003462170786224306,0.0041068476508371535,0.052000000000000005,nan,nan,nan,nan,nan,nan,nan
785,157964,0.05,-0.07721608400345148,0.5866666666666667,0,227,0.0036607197718694804,0.0034270093776285647,0.004505260358564555,0.051875000000000004,nan,nan,nan,nan,nan,nan,nan
786,158201,0.05,0.5103759193420334,0.5733333333333334,0,237,0.0027923561399802567,0.0025605377275496723,0.004479583096690476,0.051750000000000004,nan,nan,nan,nan,nan,nan,nan
787,158376,0.05,-0.35495627450942946,0.4488888888888889,0,175,0.0035924946423619986,0.0033540501608513296,0.004618780058808625,0.051625000000000004,nan,nan,nan,nan,nan,nan,nan
788,158600,0.05,-3.086466004371646,0.3688888888888889,0,224,0.0031198159558698535,0.0029079964966513216,0.004112999059725553,0.051500000000000004,nan,nan,nan,nan,nan,nan,nan
789,158806,0.05,0.43262172079086114,0.5377777777777778,0,206,0.0027231912710703908,0.0025222774827852847,0.0039107309421524405,0.051375000000000004,nan,nan,nan,nan,nan,nan,nan
790,159029,0.05,-1.669831301927569,0.4266666666666667,0,223,0.0029103395529091356,0.0026842001127079127,0.004412477067671716,0.051250000000000004,nan,nan,nan,nan,nan,nan,nan
791,159183,0.05,1.0567365913391082,0.44,0,154,0.0035144501831382512,0.0032653943402692676,0.004871507361531258,0.051125000000000004,nan,nan,nan,nan,nan,nan,nan
792,159383,0.05,0.039459164142599645,0.5022222222222222,0,200,0.002831576857715845,0.002565655088983476,0.005214152415283025,0.051000000000000004,nan,nan,nan,nan,nan,nan,nan
793,159594,0.05,-2.1758849158287057,0.37333333333333335,0,211,0.003321369900368154,0.0031313546234741805,0.0037349442951381206,0.050875000000000004,nan,nan,nan,nan,nan,nan,nan
794,159844,0.05,0.9559634602069862,0.5644444444444444,1,250,0.0025166344363242387,0.002298922115005553,0.004289897880516947,0.05075,nan,nan,nan,nan,nan,nan,nan
795,160061,0.05,-0.6366552963256875,0.4711111111111111,0,217,0.004086774494498968,0.0038531577331013976,0.004614651738665998,0.050625,nan,nan,nan,nan,nan,nan,nan
796,160218,0.05,0.25952621364593575,0.4088888888888889,0,157,0.0037991389399394393,0.0035479385987855494,0.004974264209158719,0.0505,nan,nan,nan,nan,nan,nan,nan
797,160433,0.05,0.15963620090484776,0.5377777777777778,0,215,0.0030866718618199228,0.002851856406778097,0.004661348834633827,0.050375,nan,nan,nan,nan,nan,nan,nan
798,160667,0.05,-1.2990019073486325,0.5422222222222223,0,234,0.0028859405079856514,0.002665074123069644,0.004395350906997919,0.05025,nan,nan,nan,nan,nan,nan,nan
799,160894,0.05,0.3912846913337704,0.6133333333333333,0,227,0.003022938605863601,0.002809083554893732,0.004266434221062809,0.050125,nan,nan,nan,nan,nan,nan,nan
800,161101,0.05,0.1213505671024322,0.52,0,207,0.003188962023705244,0.002937295101583004,0.005033339117653668,0.05,-0.01138262407780093,0.5066666666666667,0.1,212.4,0.1,0.9,0.5386666666666667
801,161286,0.05,-1.3463154542446145,0.40444444444444444,0,185,0.0035238463897258043,0.003270982066169381,0.005057285493239761,0.05,nan,nan,nan,nan,nan,nan,nan
802,161511,0.05,0.9099345326423594,0.6355555555555555,0,225,0.002777998894453049,0.0025294768274761736,0.00497044138610363,0.05,nan,nan,nan,nan,nan,nan,nan
803,161761,0.05,1.3035551447868254,0.5777777777777777,1,250,0.0033509854460135103,0.0031373244477435947,0.004273219127207994,0.05,nan,nan,nan,nan,nan,nan,nan
804,161963,0.05,-0.47325660800933944,0.4622222222222222,0,202,0.004255327070131898,0.003962579602375627,0.005854949122294784,0.05,nan,nan,nan,nan,nan,nan,nan
805,162151,0.05,0.1344206058979034,0.5155555555555555,0,188,0.003263249434530735,0.0030484335031360386,0.004296318534761668,0.05,nan,nan,nan,nan,nan,nan,nan
806,162354,0.05,1.2712605471611,0.5733333333333334,0,203,0.0030782008543610573,0.0028810965828597545,0.0039420839748345315,0.05,nan,nan,nan,nan,nan,nan,nan
807,162568,0.05,-1.4539107842445391,0.4266666666666667,0,214,0.0030043978709727525,0.0027184301405213775,0.005719354818575084,0.05,nan,nan,nan,nan,nan,nan,nan
808,162796,0.05,0.8102826833724954,0.5733333333333334,0,228,0.002686035435181111,0.002438427344895899,0.004952161922119558,0.05,nan,nan,nan,nan,nan,nan,nan
809,162974,0.05,-0.26697646307945255,0.4711111111111111,0,178,0.0029721133410930633,0.002754344791173935,0.00435537138255313,0.05,nan,nan,nan,nan,nan,nan,nan
810,163208,0.05,0.9240916850566803,0.6311111111111111,0,234,0.0033432323019951583,0.003127769660204649,0.004309252463281154,0.05,nan,nan,nan,nan,nan,nan,nan
811,163416,0.05,-0.025858152389526268,0.5688888888888889,0,208,0.003002604132052511,0.0027439555269666016,0.005172971659339965,0.05,nan,nan,nan,nan,nan,nan,nan
812,163651,0.05,1.1479945025443992,0.6622222222222223,0,235,0.003578201401978731,0.0033742447383701803,0.004079132596962154,0.05,nan,nan,nan,nan,nan,nan,nan
813,163825,0.05,0.1742848522663094,0.5244444444444445,0,174,0.003877666452899575,0.003650827007368207,0.004536789644043892,0.05,nan,nan,nan,nan,nan,nan,nan
814,164049,0.05,-3.6307122125625604,0.3688888888888889,0,224,0.0035142716951668262,0.003262136236298829,0.005042709177359939,0.05,nan,nan,nan,nan,nan,nan,nan
815,164219,0.05,-0.4683373970985416,0.4222222222222222,0,170,0.003960790252313018,0.0037721120286732914,0.003773565124720335,0.05,nan,nan,nan,nan,nan,nan,nan
816,164398,0.05,0.531207118988035,0.5066666666666667,0,179,0.0034970484441146253,0.003273559850640595,0.004469771834556014,0.05,nan,nan,nan,nan,nan,nan,nan
817,164616,0.05,-3.326880085468292,0.39111111111111113,0,218,0.0034644346917048095,0.0032312062568962572,0.004664568568114191,0.05,nan,nan,nan,nan,nan,nan,nan
818,164815,0.05,-0.9356673622131355,0.4533333333333333,0,199,0.0034229276236146687,0.0031546044163405897,0.005366464052349329,0.05,nan,nan,nan,nan,nan,nan,nan
819,165017,0.05,0.1299925799369821,0.5377777777777778,0,202,0.0038999431766569615,0.0036894534481689335,0.0042097947676666084,0.05,nan,nan,nan,nan,nan,nan,nan
820,165252,0.05,1.0706225128173774,0.6311111111111111,0,235,0.003995984769426286,0.003779050847515464,0.004338677320629358,0.05,0.6246848647117575,0.5266666666666666,0.0,194.2,0.0,1.0,0.5516540612551369
821,165490,0.05,2.190581871032701,0.6755555555555556,0,238,0.002954527479596436,0.0027191896457225083,0.004706756654195487,0.05,nan,nan,nan,nan,nan,nan,nan
822,165669,0.05,1.9789582641124652,0.5866666666666667,0,179,0.0030126958386972546,0.0027969393180683256,0.004315129807218909,0.05,nan,nan,nan,nan,nan,nan,nan
823,165882,0.05,1.2849587054252534,0.6133333333333333,0,213,0.0027199089527130127,0.002493384969420731,0.004530479793902487,0.05,nan,nan,nan,nan,nan,nan,nan
824,166132,0.05,1.6633792798519123,0.56,1,250,0.003345074923709035,0.003076145565137267,0.0053785865427926184,0.05,nan,nan,nan,nan,nan,nan,nan
825,166340,0.05,-1.6783884105682376,0.47555555555555556,0,208,0.0034872791497036816,0.0032370543107390405,0.005004496802575887,0.05,nan,nan,nan,nan,nan,nan,nan
826,166551,0.05,-1.1493038358688372,0.4533333333333333,0,211,0.003392190230078995,0.0031980185769498347,0.0038834335515275597,0.05,nan,nan,nan,nan,nan,nan,nan
827,166759,0.05,-0.24951875019073566,0.5377777777777778,0,208,0.0034044099738821387,0.0031746675842441617,0.004594847629778087,0.05,nan,nan,nan,nan,nan,nan,nan
828,166967,0.05,0.7026416914462992,0.5377777777777778,0,208,0.003307083179242909,0.003084737644530833,0.00444691046141088,0.05,nan,nan,nan,nan,nan,nan,nan
829,167209,0.05,-1.0144586679935506,0.5288888888888889,0,242,0.003781591588631272,0.0035410151118412613,0.0048115291399881245,0.05,nan,nan,nan,nan,nan,nan,nan
830,167384,0.05,0.7542992076873705,0.48,0,175,0.0037220159312710164,0.0035003454657271506,0.0044334094738587735,0.05,nan,nan,nan,nan,nan,nan,nan
831,167597,0.05,1.104207540988916,0.5688888888888889,0,213,0.00323033188469708,0.0030036904383450745,0.004532827972434461,0.05,nan,nan,nan,nan,nan,nan,nan
832,167806,0.05,0.2385010521411861,0.5377777777777778,0,209,0.0032485930016264318,0.0030229447409510614,0.004512965097092092,0.05,nan,nan,nan,nan,nan,nan,nan
833,167999,0.05,-0.3457776303291349,0.4444444444444444,0,193,0.0037010803585872053,0.0034593501826748253,0.004834602889604867,0.05,nan,nan,nan,nan,nan,nan,nan
834,168217,0.05,-0.18004782724380808,0.49333333333333335,0,218,0.0032083439407870175,0.0029873204650357364,0.004420469701290131,0.05,nan,nan,nan,nan,nan,nan,nan
835,168413,0.05,1.6705337517261458,0.5866666666666667,0,196,0.003170777438208461,0.002976946218404919,0.0038766247685998677,0.05,nan,nan,nan,nan,nan,nan,nan
836,168623,0.05,0.557955662250516,0.56,0,210,0.0036842085421085356,0.0034808490658178926,0.004067189479246736,0.05,nan,nan,nan,nan,nan,nan,nan
837,168815,0.05,1.7247705798149024,0.5555555555555556,0,192,0.003561003180220723,0.003295604093000293,0.005307981022633612,0.05,nan,nan,nan,nan,nan,nan,nan
838,168936,0.05,-0.5125929896831501,0.36444444444444446,0,121,0.00404826186131686,0.0038782431511208415,0.0034003730746917427,0.05,nan,nan,nan,nan,nan,nan,nan
839,169086,0.05,0.4018845443725556,0.4177777777777778,0,150,0.00401608080137521,0.0038181675132364034,0.00395826583262533,0.05,nan,nan,nan,nan,nan,nan,nan
840,169244,0.05,-4.625480233430865,0.39555555555555555,0,158,0.003924182360060513,0.0037319213850423695,0.0038452188717201354,0.05,0.4460661672115284,0.5377777777777777,0.0,202.8,0.0,1.0,0.5556204244662388
841,169485,0.05,0.41292398548125897,0.6088888888888889,0,241,0.004173090378753841,0.0039478746009990575,0.004504315485246479,0.05,nan,nan,nan,nan,nan,nan,nan
842,169662,0.05,1.4019706616401602,0.5022222222222222,0,177,0.00363977022934705,0.0033854386769235135,0.00508663160726428,0.05,nan,nan,nan,nan,nan,nan,nan
843,169888,0.05,0.21818085575103607,0.56,0,226,0.0038379528792575,0.0035746161709539594,0.005266734049655497,0.05,nan,nan,nan,nan,nan,nan,nan
844,170101,0.05,0.47389530158042414,0.5333333333333333,0,213,0.004528550454415381,0.004285388183780015,0.0048632453661412,0.05,nan,nan,nan,nan,nan,nan,nan
845,170318,0.05,0.4906288836002297,0.6222222222222222,0,217,0.0037318716524168847,0.003491609892807901,0.004805236146785319,0.05,nan,nan,nan,nan,nan,nan,nan
846,170534,0.05,1.269063998937598,0.5777777777777777,0,216,0.003356846049427986,0.00317132705822587,0.0037103805923834445,0.05,nan,nan,nan,nan,nan,nan,nan
847,170706,0.05,2.12945186328887,0.5466666666666666,0,172,0.0028630479238927363,0.002638445049524307,0.004492056742310524,0.05,nan,nan,nan,nan,nan,nan,nan
848,170917,0.05,-0.2477571516036986,0.5466666666666666,0,211,0.0031928531592711807,0.0029160626931115986,0.005535808997228742,0.05,nan,nan,nan,nan,nan,nan,nan
849,171115,0.05,0.9344692831039385,0.5377777777777778,0,198,0.0038445758167654277,0.0036229822551831605,0.004431870998814702,0.05,nan,nan,nan,nan,nan,nan,nan
850,171334,0.05,-0.4771046397686023,0.5511111111111111,0,219,0.0036264544120058416,0.003386123897507787,0.0048066097078844905,0.05,nan,nan,nan,nan,nan,nan,nan
851,171535,0.05,0.1543296184539722,0.4711111111111111,0,201,0.003968530404381454,0.0037251235451549293,0.004868136090226472,0.05,nan,nan,nan,nan,nan,nan,nan
852,171752,0.05,0.26225470709800347,0.5288888888888889,-1,217,0.004105791146866977,0.0039000027580186726,0.004115768382325769,0.05,nan,nan,nan,nan,nan,nan,nan
853,171967,0.05,1.6557736735343804,0.5911111111111111,0,215,0.00408797999843955,0.003840790851972997,0.004943782556802034,0.05,nan,nan,nan,nan,nan,nan,nan
854,172162,0.05,1.5515535955428983,0.5555555555555556,0,195,0.003639648901298642,0.003466292005032301,0.003467138041742146,0.05,nan,nan,nan,nan,nan,nan,nan
855,172351,0.05,0.79023016452789,0.52,0,189,0.0036153656663373114,0.0034107522922568025,0.004092267225496471,0.05,nan,nan,nan,nan,nan,nan,nan
856,172518,0.05,0.8565571446418754,0.4622222222222222,0,167,0.0037642904790118337,0.003588954289443791,0.0035067226039245726,0.05,nan,nan,nan,nan,nan,nan,nan
857,172720,0.05,1.109170390367502,0.5822222222222222,0,202,0.0033287761267274617,0.0030741890659555793,0.005091740959323942,0.05,nan,nan,nan,nan,nan,nan,nan
858,172891,0.05,0.5965579633712745,0.49333333333333335,0,171,0.0037530317669734357,0.003548831189982593,0.004084011842496693,0.05,nan,nan,nan,nan,nan,nan,nan
859,173108,0.05,0.9812019765376949,0.5688888888888889,0,217,0.0031935225473716856,0.0029544581193476915,0.0047812883509323004,0.05,nan,nan,nan,nan,nan,nan,nan
860,173323,0.05,0.7231108953952767,0.5688888888888889,0,215,0.0038607581285759808,0.003628024272620678,0.004654676583595574,0.05,-0.13532748045921766,0.516,0.0,206.0,0.0,1.0,0.516
861,173528,0.05,-1.0852198927402517,0.4622222222222222,0,205,0.003933856729418039,0.0037070738850161432,0.004535657831002027,0.05,nan,nan,nan,nan,nan,nan,nan
862,173760,0.05,-0.739508463382721,0.5644444444444444,0,232,0.003486906550824642,0.0032118430361151697,0.005501270922832191,0.05,nan,nan,nan,nan,nan,nan,nan
863,173980,0.05,0.3352192187309262,0.5822222222222222,0,220,0.0038724384037777783,0.003631201572716236,0.004824737412855029,0.05,nan,nan,nan,nan,nan,nan,nan
864,174205,0.05,0.5131865653991645,0.5866666666666667,0,225,0.0032584309577941895,0.002998915989883244,0.005190298962406814,0.05,nan,nan,nan,nan,nan,nan,nan
865,174391,0.05,0.6552193427085862,0.48,0,186,0.003682482987642288,0.003399738948792219,0.00565488119609654,0.05,nan,nan,nan,nan,nan,nan,nan
866,174566,0.05,2.0639893932342446,0.5466666666666666,0,175,0.003964419080875814,0.003716011089272797,0.00496815973892808,0.05,nan,nan,nan,nan,nan,nan,nan
867,174773,0.05,-0.08624873280525236,0.5644444444444444,0,207,0.003932497836649418,0.003684368543326855,0.004962586145848036,0.05,nan,nan,nan,nan,nan,nan,nan
868,174948,0.05,0.5979192903041834,0.4888888888888889,0,175,0.0031415699515491722,0.0029057769104838373,0.0047158606117591265,0.05,nan,nan,nan,nan,nan,nan,nan
869,175127,0.05,-0.06931497955322685,0.4444444444444444,0,179,0.0034053898882120846,0.0031419122125953434,0.005269554210826755,0.05,nan,nan,nan,nan,nan,nan,nan
870,175350,0.05,1.156543794870369,0.6222222222222222,0,223,0.003423204249702394,0.0031894423067569734,0.004675238649360836,0.05,nan,nan,nan,nan,nan,nan,nan
871,175562,0.05,0.811538345098495,0.6133333333333333,0,212,0.003002123348414898,0.002807373250834644,0.003895002487115562,0.05,nan,nan,nan,nan,nan,nan,nan
872,175727,0.05,0.24965642285346923,0.4488888888888889,0,165,0.003026920126285404,0.0027665658271871507,0.0052070856327190995,0.05,nan,nan,nan,nan,nan,nan,nan
873,175934,0.05,-0.161364003896717,0.4888888888888889,0,207,0.004193390253931284,0.003984644776210189,0.00417490981053561,0.05,nan,nan,nan,nan,nan,nan,nan
874,176149,0.05,-1.2236658794879907,0.49333333333333335,0,215,0.003934094915166497,0.003676218423061073,0.0051575297955423595,0.05,nan,nan,nan,nan,nan,nan,nan
875,176376,0.05,-1.159788026332854,0.52,0,227,0.0034338570199906825,0.003220607154071331,0.004264997190330177,0.05,nan,nan,nan,nan,nan,nan,nan
876,176586,0.05,1.1613860433101584,0.5733333333333334,0,210,0.0033136146841570733,0.0031180160702206196,0.003911972418427468,0.05,nan,nan,nan,nan,nan,nan,nan
877,176832,0.05,-1.6992885503768953,0.52,0,246,0.0032271399162709714,0.0029825393809005617,0.004892010753974318,0.05,nan,nan,nan,nan,nan,nan,nan
878,177010,0.05,-1.5841347217559805,0.36444444444444446,0,178,0.0035437545739114285,0.0032812113873660564,0.005250863521359861,0.05,nan,nan,nan,nan,nan,nan,nan
879,177184,0.05,1.8361127736568381,0.5466666666666666,0,174,0.002990923449397087,0.002777172194328159,0.00427502493839711,0.05,nan,nan,nan,nan,nan,nan,nan
880,177360,0.05,1.0945694739818501,0.5111111111111111,0,176,0.003557245386764407,0.0033298905938863753,0.004547095927409828,0.05,0.764706141424174,0.5328888888888889,0.0,195.8,0.0,1.0,0.5634771345458558
881,177537,0.05,0.4946128349304193,0.4888888888888889,0,177,0.0036012699594721196,0.0033861611736938357,0.004302176577039063,0.05,nan,nan,nan,nan,nan,nan,nan
882,177715,0.05,-0.20794844317436056,0.4711111111111111,0,178,0.002969241258688271,0.002751085045747459,0.004363124188967049,0.05,nan,nan,nan,nan,nan,nan,nan
883,177925,0.05,-0.898957756280905,0.4622222222222222,0,210,0.0033968254923820496,0.0031279361341148616,0.005377787840552628,0.05,nan,nan,nan,nan,nan,nan,nan
884,178141,0.05,-0.6118138246536305,0.5422222222222223,0,216,0.00376554939430207,0.0035511972033418714,0.004287042003124952,0.05,nan,nan,nan,nan,nan,nan,nan
885,178342,0.05,-0.1527252662181886,0.5066666666666667,0,201,0.003641385259106755,0.0033916421234607697,0.004994861758314073,0.05,nan,nan,nan,nan,nan,nan,nan
886,178560,0.05,-3.3145867567062375,0.38222222222222224,0,218,0.004144408809952438,0.003860599803738296,0.0056761794723570345,0.05,nan,nan,nan,nan,nan,nan,nan
887,178733,0.05,-1.1393123233318327,0.41333333333333333,0,173,0.00382705123629421,0.003583896066993475,0.004863103199750185,0.05,nan,nan,nan,nan,nan,nan,nan
888,178947,0.05,-0.41131616616249267,0.49777777777777776,0,214,0.0037139845313504337,0.003408379096072167,0.006112110055983067,0.05,nan,nan,nan,nan,nan,nan,nan
889,179134,0.05,1.9426661224365156,0.6044444444444445,0,187,0.0033584221033379435,0.003121383860707283,0.004740765015594661,0.05,nan,nan,nan,nan,nan,nan,nan
890,179351,0.05,-0.08563171005249459,0.5511111111111111,0,217,0.00419983898755163,0.003949793800711632,0.0050009038299322125,0.05,nan,nan,nan,nan,nan,nan,nan
891,179562,0.05,-0.9664985365867609,0.5288888888888889,0,211,0.003774423245340586,0.003557563712820411,0.004337190929800272,0.05,nan,nan,nan,nan,nan,nan,nan
892,179804,0.05,0.2501640965938523,0.6,0,242,0.0036281523527577518,0.0034298511687666177,0.003966024389956147,0.05,nan,nan,nan,nan,nan,nan,nan
893,180053,0.05,-1.3911617658138333,0.5688888888888889,0,249,0.003219439904205501,0.00299187412019819,0.004551315470598638,0.05,nan,nan,nan,nan,nan,nan,nan
894,180235,0.05,0.2835665431022616,0.4533333333333333,0,182,0.003487811470404267,0.0032309098867699506,0.0051380314631387595,0.05,nan,nan,nan,nan,nan,nan,nan
895,180484,0.05,-0.5252298355102533,0.5955555555555555,0,249,0.00343913733959198,0.0032299252226948736,0.004184242361225188,0.05,nan,nan,nan,nan,nan,nan,nan
896,180695,0.05,0.741760632038114,0.56,0,211,0.0040403873892500995,0.0038328032242134213,0.0041516831261105835,0.05,nan,nan,nan,nan,nan,nan,nan
897,180889,0.05,0.8127558836936895,0.5288888888888889,0,194,0.003890573955141008,0.0036793538834899663,0.004224401363171637,0.05,nan,nan,nan,nan,nan,nan,nan
898,181105,0.05,1.0735554835796255,0.56,0,216,0.0037533836672082543,0.003605793719179928,0.002951798471622169,0.05,nan,nan,nan,nan,nan,nan,nan
899,181295,0.05,-0.867416317462921,0.5111111111111111,0,190,0.00396776597481221,0.0037843382451683283,0.0036685554543510078,0.05,nan,nan,nan,nan,nan,nan,nan
900,181473,0.05,0.16110842609405673,0.5066666666666667,0,178,0.0030948800034821034,0.0029042345471680165,0.00381290924269706,0.05,0.06567546703815101,0.516888888888889,0.0,209.3,0.0,1.0,0.519515907570415
901,181655,0.05,0.2605459249019624,0.47555555555555556,0,182,0.0029356526327319445,0.0027286368305794893,0.004140316671691835,0.05,nan,nan,nan,nan,nan,nan,nan
902,181849,0.05,1.2923986504077816,0.5333333333333333,0,194,0.003210100741125643,0.0030269215698353947,0.0036635823198594153,0.05,nan,nan,nan,nan,nan,nan,nan
903,182065,0.05,1.7795721323490075,0.6311111111111111,0,216,0.0029475271701812746,0.0027410358190536497,0.004129827162250877,0.05,nan,nan,nan,nan,nan,nan,nan
904,182257,0.05,1.5345239579677512,0.5644444444444444,0,192,0.0036029149778187275,0.003416062775067985,0.003737044439185411,0.05,nan,nan,nan,nan,nan,nan,nan
905,182449,0.05,2.3101734421253126,0.64,0,192,0.003055705409497023,0.0028614555252715946,0.00388499868568033,0.05,nan,nan,nan,nan,nan,nan,nan
906,182671,0.05,0.26796171355247345,0.6177777777777778,0,222,0.004093130235560238,0.003848404111340642,0.004894522274844349,0.05,nan,nan,nan,nan,nan,nan,nan
907,182877,0.05,1.283808472156522,0.5911111111111111,0,206,0.0033316635293886066,0.0031010270700789987,0.004612729756627232,0.05,nan,nan,nan,nan,nan,nan,nan
908,183073,0.05,1.5254079999923649,0.5688888888888889,0,196,0.003887004335410893,0.0036915799137204885,0.003908489271998406,0.05,nan,nan,nan,nan,nan,nan,nan
909,183250,0.05,0.5070593647956814,0.5066666666666667,0,177,0.003895950014702976,0.003708222066052258,0.0037545588449575005,0.05,nan,nan,nan,nan,nan,nan,nan
910,183443,0.05,1.0429997756481086,0.5511111111111111,0,193,0.0032916466472670434,0.0030478254426270722,0.004876423929817975,0.05,nan,nan,nan,nan,nan,nan,nan
911,183658,0.05,0.8311609029769842,0.5511111111111111,0,215,0.003089705784805119,0.002889758418314159,0.003998947236686945,0.05,nan,nan,nan,nan,nan,nan,nan
912,183881,0.05,0.5349957494735702,0.6222222222222222,0,223,0.003573984419927001,0.0033444156870245934,0.004591374681331218,0.05,nan,nan,nan,nan,nan,nan,nan
913,184106,0.05,0.24624126744269792,0.5866666666666667,0,225,0.0027391069801524282,0.0025182173354551195,0.0044177935225889085,0.05,nan,nan,nan,nan,nan,nan,nan
914,184273,0.05,-0.8886243934631346,0.36444444444444446,0,167,0.003229694138281047,0.002980169141665101,0.004990499303676188,0.05,nan,nan,nan,nan,nan,nan,nan
915,184460,0.05,0.15259504199027796,0.5155555555555555,0,187,0.00424736961722374,0.004001975222490728,0.004907888569869101,0.05,nan,nan,nan,nan,nan,nan,nan
916,184615,0.05,0.5868083577156071,0.4444444444444444,0,155,0.0029904347844421863,0.002707682899199426,0.0056550377397798,0.05,nan,nan,nan,nan,nan,nan,nan
917,184796,0.05,0.8850945158004768,0.5422222222222223,0,181,0.003688347828574479,0.0034911152673885227,0.003944651479832828,0.05,nan,nan,nan,nan,nan,nan,nan
918,185017,0.05,0.9230970945358237,0.6488888888888888,0,221,0.00365799437277019,0.0034457156201824547,0.0042455750051885845,0.05,nan,nan,nan,nan,nan,nan,nan
919,185212,0.05,1.68977599191665,0.5911111111111111,0,195,0.003011787636205554,0.002798795374110341,0.004259844915941358,0.05,nan,nan,nan,nan,nan,nan,nan
920,185413,0.05,-0.366288174152378,0.49333333333333335,0,201,0.003067294671200216,0.00285027923528105,0.0043403083924204115,0.05,1.219492422270769,0.5773333333333333,0.0,200.5,0.0,1.0,0.626113030224164
921,185647,0.05,-0.20656934928893955,0.5688888888888889,0,234,0.0032751583261415363,0.0030792567995376885,0.003918031230568886,0.05,nan,nan,nan,nan,nan,nan,nan
922,185897,0.05,-1.2543612017631536,0.4444444444444444,1,250,0.0033881569979712367,0.0031816013972274957,0.004131110850721598,0.05,nan,nan,nan,nan,nan,nan,nan
923,186089,0.05,1.0616989800930001,0.5777777777777777,0,192,0.0034074631286785005,0.003182538237888366,0.004498497676104307,0.05,nan,nan,nan,nan,nan,nan,nan
924,186339,0.05,0.7349566516876181,0.5822222222222222,1,250,0.003968656295910478,0.0037689992226660252,0.003993142256513238,0.05,nan,nan,nan,nan,nan,nan,nan
925,186534,0.05,1.1355844011306693,0.5777777777777777,0,195,0.00319303716532886,0.0029139973572455346,0.00558079588226974,0.05,nan,nan,nan,nan,nan,nan,nan
926,186715,0.05,0.07828222107887206,0.4666666666666667,0,181,0.0037340670824050903,0.0035582836251705887,0.003515669272746891,0.05,nan,nan,nan,nan,nan,nan,nan
927,186926,0.05,0.8473382918834618,0.5422222222222223,0,211,0.003688248689286411,0.003461079904809594,0.004543376353103668,0.05,nan,nan,nan,nan,nan,nan,nan
928,187100,0.05,1.8211966834068225,0.5377777777777778,0,174,0.0031562179792672396,0.00293251023394987,0.004474154999479651,0.05,nan,nan,nan,nan,nan,nan,nan
929,187324,0.05,-1.9024915328025815,0.49333333333333335,0,224,0.0035004946403205395,0.0032310227397829294,0.005389438371639699,0.05,nan,nan,nan,nan,nan,nan,nan
930,187544,0.05,2.8222882254123567,0.7155555555555555,0,220,0.003822094923816621,0.003554635331965983,0.005349191790446639,0.05,nan,nan,nan,nan,nan,nan,nan
931,187794,0.05,-0.008734695196150777,0.49777777777777776,1,250,0.0035964936250820756,0.003388288361020386,0.004164104629307985,0.05,nan,nan,nan,nan,nan,nan,nan
932,188000,0.05,0.9517281794547992,0.5733333333333334,0,206,0.0031876704888418317,0.0029771001660265028,0.004211406549438834,0.05,nan,nan,nan,nan,nan,nan,nan
933,188219,0.05,1.5300901403427014,0.6133333333333333,0,219,0.0036162693053483964,0.003449563798494637,0.0033341102884151042,0.05,nan,nan,nan,nan,nan,nan,nan
934,188378,0.05,0.7904515275955208,0.48,0,159,0.0030207610921934246,0.0028323256643489002,0.003768708440475166,0.05,nan,nan,nan,nan,nan,nan,nan
935,188560,0.05,0.044235559463500884,0.5288888888888889,0,182,0.0031563234282657505,0.0029435894917696714,0.004254679149016738,0.05,nan,nan,nan,nan,nan,nan,nan
936,188759,0.05,-0.13087629508972176,0.5333333333333333,0,199,0.003825478442013264,0.003623723331838846,0.004035102389752865,0.05,nan,nan,nan,nan,nan,nan,nan
937,188961,0.05,0.8581515460014284,0.6533333333333333,0,202,0.003794574271887541,0.003564829449169338,0.004594896803610027,0.05,nan,nan,nan,nan,nan,nan,nan
938,189162,0.05,1.7055888369083338,0.6044444444444445,0,201,0.0038224582793191077,0.0036104698898270725,0.004239767917897552,0.05,nan,nan,nan,nan,nan,nan,nan
939,189357,0.05,0.7832315683364806,0.5288888888888889,0,195,0.0032558807637542487,0.0029823970282450317,0.005469674896448851,0.05,nan,nan,nan,nan,nan,nan,nan
940,189586,0.05,0.32859602022170553,0.5911111111111111,0,229,0.0035502999788150193,0.0032796023180708287,0.005413953866809607,0.05,0.6636595285415611,0.5173333333333334,0.0,188.8,0.0,1.0,0.5438797144749958
941,189802,0.05,1.2878690946102043,0.6,0,216,0.0038854591781273483,0.0036212286679074166,0.0052846101578325035,0.05,nan,nan,nan,nan,nan,nan,nan
942,190009,0.05,1.713868978261937,0.6088888888888889,0,207,0.003903509583324194,0.0036529804347082973,0.005010583251714706,0.05,nan,nan,nan,nan,nan,nan,nan
943,190177,0.05,1.2063856778144788,0.5244444444444445,0,168,0.004178838152438402,0.003904892667196691,0.00547891054302454,0.05,nan,nan,nan,nan,nan,nan,nan
944,190400,0.05,0.35072594451904027,0.5555555555555556,0,223,0.0031854902161285283,0.0029468082124367357,0.004773639491759241,0.05,nan,nan,nan,nan,nan,nan,nan
945,190619,0.05,-0.19114625406265184,0.5066666666666667,0,219,0.0036052970681339502,0.0033774487441405655,0.004556965839583427,0.05,nan,nan,nan,nan,nan,nan,nan
946,190837,0.05,0.3018788213729817,0.5288888888888889,0,218,0.003498217603191733,0.003282451699487865,0.004315318050794303,0.05,nan,nan,nan,nan,nan,nan,nan
947,191037,0.05,-0.18517158126830902,0.5022222222222222,0,200,0.003928118571639061,0.003748203534632921,0.0035983002511784435,0.05,nan,nan,nan,nan,nan,nan,nan
948,191253,0.05,1.9466274521350795,0.68,0,216,0.0032590718008577825,0.003002120298333466,0.005139030609279871,0.05,nan,nan,nan,nan,nan,nan,nan
949,191472,0.05,-2.0903708834648143,0.41333333333333333,0,219,0.0033197828568518164,0.0031338868662714957,0.0037179204635322096,0.05,nan,nan,nan,nan,nan,nan,nan
950,191667,0.05,0.8535754604339576,0.52,0,195,0.0036148556042462586,0.003459088411182165,0.0031153448042459788,0.05,nan,nan,nan,nan,nan,nan,nan
951,191864,0.05,1.2116950793266252,0.5777777777777777,0,197,0.004655969492159784,0.004402442206628621,0.005070546548813582,0.05,nan,nan,nan,nan,nan,nan,nan
952,192032,0.05,1.006008834123609,0.5022222222222222,0,168,0.003224508697167039,0.0030128997284919025,0.004232179024256766,0.05,nan,nan,nan,nan,nan,nan,nan
953,192224,0.05,2.329820294857015,0.6222222222222222,0,192,0.003398913098499179,0.0031933278311043977,0.004111705371178687,0.05,nan,nan,nan,nan,nan,nan,nan
954,192431,0.05,-1.1565979449748998,0.4444444444444444,0,207,0.0039679073728621,0.003730082930997014,0.004756488231942057,0.05,nan,nan,nan,nan,nan,nan,nan
955,192670,0.05,0.4264811248779192,0.5911111111111111,0,239,0.003663505194708705,0.0034194245003163815,0.004881613492034376,0.05,nan,nan,nan,nan,nan,nan,nan
956,192898,0.05,1.5917284398078873,0.64,0,228,0.003344649216160178,0.003133169305510819,0.004229598632082343,0.05,nan,nan,nan,nan,nan,nan,nan
957,193093,0.05,-0.2976528477668787,0.49777777777777776,0,195,0.0038623559987172483,0.00367671144194901,0.0037128909025341272,0.05,nan,nan,nan,nan,nan,nan,nan
958,193335,0.05,1.2809509434699915,0.6311111111111111,0,242,0.003686766722239554,0.003408462507650256,0.005566083220764994,0.05,nan,nan,nan,nan,nan,nan,nan
959,193524,0.05,-0.21338942360877966,0.5422222222222223,0,189,0.003773342631757259,0.0035844588186591864,0.003777676075696945,0.05,nan,nan,nan,nan,nan,nan,nan
960,193759,0.05,0.5427125675678188,0.6088888888888889,0,235,0.003182833478786051,0.0029965611407533287,0.003725446527823806,0.05,0.9212185149431186,0.5439999999999999,0.0,191.5,0.0,1.0,0.5808487405977246
961,193951,0.05,-0.07197376871109462,0.49777777777777776,0,192,0.0039290125016123055,0.0036735214293003083,0.00510982230771333,0.05,nan,nan,nan,nan,nan,nan,nan
962,194093,0.05,0.9745261809825907,0.4444444444444444,0,142,0.0032258307561278342,0.0030410770792514085,0.003695073863491416,0.05,nan,nan,nan,nan,nan,nan,nan
963,194323,0.05,0.7353941895961702,0.6311111111111111,0,230,0.003143610549159348,0.002906756103038788,0.00473708906210959,0.05,nan,nan,nan,nan,nan,nan,nan
964,194514,0.05,-0.4303566999435422,0.4577777777777778,0,191,0.003785382816568017,0.003510132618248463,0.0055050042690709235,0.05,nan,nan,nan,nan,nan,nan,nan
965,194732,0.05,2.6536831574439943,0.7111111111111111,0,218,0.0033964471658691764,0.0031708409660495818,0.00451212446205318,0.05,nan,nan,nan,nan,nan,nan,nan
966,194906,0.05,1.6502894554138123,0.5333333333333333,0,174,0.0029412266332656143,0.002693564700894058,0.004953238926827907,0.05,nan,nan,nan,nan,nan,nan,nan
967,195075,0.05,-0.3117966275215168,0.4666666666666667,0,169,0.003254436538554728,0.003064751182682812,0.003793707408476621,0.05,nan,nan,nan,nan,nan,nan,nan
968,195261,0.05,-1.0007417950630206,0.4666666666666667,0,186,0.0030278779682703315,0.0028073860798031093,0.004409838141873479,0.05,nan,nan,nan,nan,nan,nan,nan
969,195477,0.05,-0.949710993528365,0.5333333333333333,0,216,0.0033265111036598683,0.0030381929129362105,0.005766363767907024,0.05,nan,nan,nan,nan,nan,nan,nan
970,195691,0.05,0.163511415004727,0.6,0,214,0.004080886184237897,0.003867604210972786,0.00426563851069659,0.05,nan,nan,nan,nan,nan,nan,nan
971,195873,0.05,-0.12116245889663901,0.4622222222222222,0,182,0.0036782009061425923,0.003496820945292711,0.0036275994963943957,0.05,nan,nan,nan,nan,nan,nan,nan
972,196072,0.05,0.13722443079948476,0.5244444444444445,0,199,0.0033919945592060683,0.0031186476116999984,0.005466939182952046,0.05,nan,nan,nan,nan,nan,nan,nan
973,196259,0.05,1.5110706825256277,0.5555555555555556,0,187,0.003576848632656038,0.003325618407689035,0.005024604336358607,0.05,nan,nan,nan,nan,nan,nan,nan
974,196457,0.05,-0.051157624006272995,0.48444444444444446,0,198,0.0038524668430909514,0.0036088855937123298,0.004871625429950654,0.05,nan,nan,nan,nan,nan,nan,nan
975,196671,0.05,-0.7479074416160578,0.49777777777777776,0,214,0.0043605354381725196,0.00411614312324673,0.004887846764177084,0.05,nan,nan,nan,nan,nan,nan,nan
976,196864,0.05,-0.686988646268847,0.4622222222222222,0,193,0.0038361794082447886,0.003619050211273134,0.004342584335245192,0.05,nan,nan,nan,nan,nan,nan,nan
977,197108,0.05,0.9035897006988434,0.6266666666666667,0,244,0.00403455167543143,0.0038061454193666576,0.0045681257732212545,0.05,nan,nan,nan,nan,nan,nan,nan
978,197311,0.05,-0.07298947906494502,0.5111111111111111,0,203,0.0034407082479447127,0.003222183184698224,0.004370501567609608,0.05,nan,nan,nan,nan,nan,nan,nan
979,197515,0.05,1.3573599908351812,0.5866666666666667,0,204,0.004257819405756891,0.004014246771112085,0.004871453158557415,0.05,nan,nan,nan,nan,nan,nan,nan
980,197720,0.05,0.8263076071739146,0.6,0,205,0.0047896171920001505,0.004634694429114461,0.0030984570505097507,0.05,0.9421850023984859,0.5546666666666666,0.0,193.7,0.0,1.0,0.592354066762606
981,197949,0.05,1.610607304096216,0.6622222222222223,0,229,0.004123802576214075,0.0038150542648509147,0.006174965621903538,0.05,nan,nan,nan,nan,nan,nan,nan
982,198140,0.05,1.1802689907550756,0.5733333333333334,0,191,0.0036743075121194123,0.003457175474613905,0.0043426402029581365,0.05,nan,nan,nan,nan,nan,nan,nan
983,198335,0.05,0.8530608048438992,0.5733333333333334,0,195,0.003472670400515199,0.0032650519628077746,0.004152368195354939,0.05,nan,nan,nan,nan,nan,nan,nan
984,198567,0.05,0.31921510267257425,0.64,0,232,0.003719484293833375,0.003481630957685411,0.004757067933678627,0.05,nan,nan,nan,nan,nan,nan,nan
985,198817,0.05,-2.3786580958366397,0.49777777777777776,0,250,0.003818712825886905,0.0035530042136088015,0.0053141720592975615,0.05,nan,nan,nan,nan,nan,nan,nan
986,199002,0.05,0.803361727237696,0.5288888888888889,0,185,0.0034202824579551818,0.0031261500902473927,0.005882647773250938,0.05,nan,nan,nan,nan,nan,nan,nan
987,199210,0.05,-5.617560766458516,0.52,0,208,0.0030426753684878348,0.0028005505562759938,0.004842496453784406,0.05,nan,nan,nan,nan,nan,nan,nan
988,199439,0.05,-0.14455312395095976,0.5333333333333333,0,229,0.0032450035912916066,0.003065931936725974,0.0035814322996884584,0.05,nan,nan,nan,nan,nan,nan,nan
989,199612,0.05,2.0179010725021276,0.5422222222222223,0,173,0.0033623834839090704,0.003137110685929656,0.004505456378683448,0.05,nan,nan,nan,nan,nan,nan,nan
990,199798,0.05,0.8649908657073913,0.49777777777777776,0,186,0.0035664157243445516,0.0033590440289117396,0.004147434537298977,0.05,nan,nan,nan,nan,nan,nan,nan
991,200017,0.05,0.9002037734985326,0.5911111111111111,0,219,0.003931954014115035,0.003710620547644794,0.004426669562235475,0.05,nan,nan,nan,nan,nan,nan,nan
992,200194,0.05,-0.3660765600204472,0.4622222222222222,0,177,0.0037621309515088797,0.0035431270487606527,0.004380078869871795,0.05,nan,nan,nan,nan,nan,nan,nan
993,200381,0.05,0.2546431055068945,0.49333333333333335,0,187,0.003952736034989357,0.0037209444446489213,0.004635831853374839,0.05,nan,nan,nan,nan,nan,nan,nan
994,200585,0.05,0.3526191442012754,0.52,0,204,0.004104779427871108,0.0037982190726324914,0.006131207989528775,0.05,nan,nan,nan,nan,nan,nan,nan
995,200754,0.05,1.8840870969295447,0.5466666666666666,0,169,0.004519783263094723,0.004280769941397011,0.004780266107991338,0.05,nan,nan,nan,nan,nan,nan,nan
996,200958,0.05,-0.7972041146755217,0.5288888888888889,0,204,0.0038167603313922884,0.0035654780222103,0.00502564508933574,0.05,nan,nan,nan,nan,nan,nan,nan
997,201171,0.05,0.5767604322433433,0.5911111111111111,0,213,0.004443261679261923,0.004266605898737908,0.003533115703612566,0.05,nan,nan,nan,nan,nan,nan,nan
998,201346,0.05,0.5518168144226063,0.4888888888888889,0,175,0.005321552464738488,0.005123982764780521,0.00395139540778473,0.05,nan,nan,nan,nan,nan,nan,nan
999,201561,0.05,1.374288897991173,0.5911111111111111,0,215,0.004146570432931184,0.003877537068910897,0.005380667140707373,0.05,nan,nan,nan,nan,nan,nan,nan
1000,201761,0.05,1.0265826804637848,0.5911111111111111,0,200,0.0034967079758644105,0.003275674651376903,0.004420666687656194,0.05,0.73758142368793,0.5617777777777778,0.0,205.7,0.0,1.0,0.591281034725295
1001,201954,0.05,-0.07333765172958429,0.4888888888888889,0,193,0.004286737111397087,0.004030184703879058,0.005131047102622688,0.05,nan,nan,nan,nan,nan,nan,nan
1002,202185,0.05,1.92315750694274,0.6488888888888888,0,231,0.004122961638495326,0.003931524697691202,0.0038287379895336924,0.05,nan,nan,nan,nan,nan,nan,nan
1003,202387,0.05,0.4772241344451864,0.5422222222222223,0,202,0.0033869075821712615,0.0031539404531940817,0.004659342602826655,0.05,nan,nan,nan,nan,nan,nan,nan
1004,202604,0.05,0.3759092886447848,0.5688888888888889,0,217,0.003747642762027681,0.0034779231995344163,0.005394390784204006,0.05,nan,nan,nan,nan,nan,nan,nan
1005,202754,0.05,0.3360413558483135,0.4266666666666667,0,150,0.00369148044846952,0.0034628174267709254,0.004573260992765426,0.05,nan,nan,nan,nan,nan,nan,nan
1006,202958,0.05,1.0123195271491954,0.5733333333333334,0,204,0.0034616773249581457,0.00328558140899986,0.003521918202750385,0.05,nan,nan,nan,nan,nan,nan,nan
1007,203206,0.05,-1.2699824981689516,0.5244444444444445,0,248,0.003669072478078306,0.003429618547670543,0.004789079225156456,0.05,nan,nan,nan,nan,nan,nan,nan
1008,203406,0.05,-1.4934426589012146,0.4533333333333333,0,200,0.0037451679818332195,0.0035256516188383103,0.004390326770953834,0.05,nan,nan,nan,nan,nan,nan,nan
1009,203580,0.05,0.7674952569007834,0.4888888888888889,0,174,0.0036963006015866993,0.0034797641448676584,0.004330729111097753,0.05,nan,nan,nan,nan,nan,nan,nan
1010,203770,0.05,0.527047444343566,0.5244444444444445,0,190,0.004378487728536129,0.00415868170093745,0.004396119131706655,0.05,nan,nan,nan,nan,nan,nan,nan
1011,203997,0.05,-3.399730290174486,0.41333333333333333,0,227,0.0037415037862956525,0.003529658238403499,0.004236911074258387,0.05,nan,nan,nan,nan,nan,nan,nan
1012,204201,0.05,-0.1818274393081698,0.48444444444444446,0,204,0.0031402319902554153,0.002943098149262369,0.003942676656879485,0.05,nan,nan,nan,nan,nan,nan,nan
1013,204424,0.05,-0.8870076029300678,0.5555555555555556,0,223,0.003060302999801934,0.002853180794045329,0.0041424442082643505,0.05,nan,nan,nan,nan,nan,nan,nan
1014,204627,0.05,0.5270094420909852,0.5422222222222223,0,203,0.0036518505308777093,0.0034022442065179347,0.004992126650176942,0.05,nan,nan,nan,nan,nan,nan,nan
1015,204872,0.05,-0.555278349399569,0.5555555555555556,0,245,0.003943315288051963,0.0037891193525865672,0.003083919151686132,0.05,nan,nan,nan,nan,nan,nan,nan
1016,205055,0.05,-0.807300136566163,0.4088888888888889,0,183,0.003889689454808831,0.0036264666356146335,0.005264457012526691,0.05,nan,nan,nan,nan,nan,nan,nan
1017,205280,0.05,2.8087202110290383,0.7066666666666667,0,225,0.004272165265865624,0.00407004349399358,0.004042436694726348,0.05,nan,nan,nan,nan,nan,nan,nan
1018,205489,0.05,2.3734297354221208,0.6177777777777778,0,209,0.003931843233294785,0.0036959252785891293,0.004718359210528433,0.05,nan,nan,nan,nan,nan,nan,nan
1019,205676,0.05,-2.204605177402498,0.4222222222222222,0,187,0.004196893400512635,0.004023642907850444,0.0034650102257728576,0.05,nan,nan,nan,nan,nan,nan,nan
1020,205847,0.05,0.509924129486083,0.4622222222222222,0,171,0.004152691620402038,0.003928974899463355,0.004474333510734141,0.05,-0.07511554274559376,0.4924444444444444,0.1,192.9,0.1,0.9,0.5244444444444444
1021,206054,0.05,1.0854233658313686,0.5866666666666667,0,207,0.0037312082247808577,0.00352215226739645,0.004181119007989764,0.05,nan,nan,nan,nan,nan,nan,nan
1022,206268,0.05,1.5366074161529473,0.6222222222222222,0,214,0.00342252051923424,0.003171668550930917,0.0050170391099527475,0.05,nan,nan,nan,nan,nan,nan,nan
1023,206493,0.05,1.6606045513152983,0.64,0,225,0.003672278579324484,0.0034970046719536184,0.003505478473380208,0.05,nan,nan,nan,nan,nan,nan,nan
1024,206710,0.05,0.3558310778141003,0.5866666666666667,0,217,0.004397607198916376,0.004167235805653036,0.004607428656890988,0.05,nan,nan,nan,nan,nan,nan,nan
1025,206933,0.05,0.8758305695056858,0.5955555555555555,0,223,0.0034856393234804274,0.0032763388473540543,0.00418600938282907,0.05,nan,nan,nan,nan,nan,nan,nan
1026,207162,0.05,-2.4637213194370293,0.40444444444444444,0,229,0.0032206187024712563,0.003011086373589933,0.004190646670758724,0.05,nan,nan,nan,nan,nan,nan,nan
1027,207370,0.05,1.1078482987880693,0.6133333333333333,0,208,0.00385848309379071,0.003613782930187881,0.004894002922810614,0.05,nan,nan,nan,nan,nan,nan,nan
1028,207562,0.05,0.622267786025996,0.5288888888888889,0,192,0.004354121629148722,0.00408583004027605,0.005365831684321165,0.05,nan,nan,nan,nan,nan,nan,nan
1029,207755,0.05,-0.23878634500504203,0.4488888888888889,0,193,0.004607692919671535,0.004365489259362221,0.004844073217827827,0.05,nan,nan,nan,nan,nan,nan,nan
1030,207951,0.05,-0.19390645408630536,0.47555555555555556,0,196,0.004580705333501101,0.004215629794634879,0.007301508961245417,0.05,nan,nan,nan,nan,nan,nan,nan
1031,208173,0.05,1.4461366991996687,0.6711111111111111,0,222,0.003564452356658876,0.003311970131471753,0.0050496448995545505,0.05,nan,nan,nan,nan,nan,nan,nan
1032,208387,0.05,1.0507981288433057,0.64,0,214,0.0036793915554881097,0.0034603609470650553,0.004380611795932054,0.05,nan,nan,nan,nan,nan,nan,nan
1033,208549,0.05,0.632330751895904,0.4533333333333333,0,162,0.0034194847336038946,0.0032501390669494867,0.0033869140082970262,0.05,nan,nan,nan,nan,nan,nan,nan
1034,208767,0.05,-0.19187445974350337,0.5288888888888889,0,218,0.0035914538893848658,0.0033776624361053107,0.004275829321704805,0.05,nan,nan,nan,nan,nan,nan,nan
1035,208943,0.05,0.335565043926237,0.4622222222222222,0,176,0.004214238724671304,0.0039690537611022595,0.004903698782436549,0.05,nan,nan,nan,nan,nan,nan,nan
1036,209120,0.05,0.6858318545818305,0.48444444444444446,0,177,0.0034105485770851373,0.0032058306969702244,0.0040943575673736635,0.05,nan,nan,nan,nan,nan,nan,nan
1037,209281,0.05,-0.7340008697509751,0.39555555555555555,0,161,0.003725063754245639,0.0035050599835813046,0.0044000747613608835,0.05,nan,nan,nan,nan,nan,nan,nan
1038,209477,0.05,0.49772839689254744,0.5288888888888889,0,196,0.004062524950131774,0.0038453878136351705,0.00434274235740304,0.05,nan,nan,nan,nan,nan,nan,nan
1039,209694,0.05,-0.10661698651314166,0.49777777777777776,0,217,0.004070275905542075,0.0038149665109813214,0.0051061886362731455,0.05,nan,nan,nan,nan,nan,nan,nan
1040,209892,0.05,2.133437415599814,0.6044444444444445,0,198,0.003744976781308651,0.003564974432811141,0.003600047808140516,0.05,0.8847238289356187,0.5431111111111111,0.0,188.1,0.0,1.0,0.5785000642685358
1041,210074,0.05,0.3802111191749533,0.5244444444444445,0,182,0.0036854795878753068,0.003454990731552243,0.00460977740585804,0.05,nan,nan,nan,nan,nan,nan,nan
1042,210286,0.05,0.062499999999994005,0.4888888888888889,0,212,0.003833074867725372,0.0036321696126833556,0.004018104798160493,0.05,nan,nan,nan,nan,nan,nan,nan
1043,210467,0.05,0.2617286510467538,0.48,0,181,0.004890093556605279,0.0046928425319492815,0.003945021843537688,0.05,nan,nan,nan,nan,nan,nan,nan
1044,210660,0.05,0.19805776405334208,0.5022222222222222,0,193,0.0038972607580944896,0.0036531831370666622,0.004881553421728313,0.05,nan,nan,nan,nan,nan,nan,nan
1045,210855,0.05,0.2355666127204863,0.49333333333333335,0,195,0.0039274752605706455,0.003683110699057579,0.004887291579507291,0.05,nan,nan,nan,nan,nan,nan,nan
1046,211084,0.05,1.1081219303607863,0.6222222222222222,0,229,0.0038411794696003197,0.0036459723487496376,0.00390414297580719,0.05,nan,nan,nan,nan,nan,nan,nan
1047,211271,0.05,-2.513943161010742,0.4177777777777778,0,187,0.003908829367719591,0.003666078508831561,0.004855017294175923,0.05,nan,nan,nan,nan,nan,nan,nan
1048,211504,0.05,0.27941547560691404,0.6311111111111111,0,233,0.0035628361627459528,0.0033652480924502015,0.003951761685311794,0.05,nan,nan,nan,nan,nan,nan,nan
1049,211726,0.05,0.29731247091293334,0.5777777777777777,0,222,0.0034781415946781636,0.003279817523434758,0.003966481820680201,0.05,nan,nan,nan,nan,nan,nan,nan
1050,211932,0.05,-0.1156098546981903,0.48,0,206,0.0033738383557647468,0.0031414623139426113,0.0046475220704451205,0.05,nan,nan,nan,nan,nan,nan,nan
1051,212121,0.05,0.788135720491403,0.5155555555555555,0,189,0.004248184547759592,0.004031616169959307,0.004331367660779506,0.05,nan,nan,nan,nan,nan,nan,nan
1052,212313,0.05,1.045176670551295,0.5733333333333334,0,192,0.0036968046566471457,0.0034764027688652275,0.004408038477413357,0.05,nan,nan,nan,nan,nan,nan,nan
1053,212544,0.05,-0.31375028276443995,0.5555555555555556,0,231,0.0044160303194075825,0.004188167536631227,0.004557255445979536,0.05,nan,nan,nan,nan,nan,nan,nan
1054,212768,0.05,0.8170235209464949,0.6177777777777778,0,224,0.004166316450573504,0.00395902746822685,0.004145779518876225,0.05,nan,nan,nan,nan,nan,nan,nan
1055,212979,0.05,-0.6263835608959201,0.49333333333333335,0,211,0.0035932176280766724,0.00335470971185714,0.004770158242899924,0.05,nan,nan,nan,nan,nan,nan,nan
1056,213169,0.05,0.5548611314296719,0.5066666666666667,0,190,0.004425625293515622,0.004205783409997821,0.004396836995147169,0.05,nan,nan,nan,nan,nan,nan,nan
1057,213391,0.05,0.07121244287490947,0.5688888888888889,0,222,0.004068956337869167,0.0038678607903420924,0.004021911416202784,0.05,nan,nan,nan,nan,nan,nan,nan
1058,213576,0.05,1.4963916344642567,0.5555555555555556,0,185,0.003385853418149054,0.0031673577846959232,0.004369912063702941,0.05,nan,nan,nan,nan,nan,nan,nan
1059,213798,0.05,-2.432477284908294,0.4711111111111111,0,222,0.004174287081696093,0.003955054609104991,0.00438464879989624,0.05,nan,nan,nan,nan,nan,nan,nan
1060,213990,0.05,-5.137163167715071,0.29333333333333333,0,192,0.004986662045121193,0.004826844786293805,0.0031963461195118727,0.05,-0.647623728442195,0.5124444444444445,0.0,215.6,0.0,1.0,0.5124444444444445
1061,214234,0.05,-0.7992886097431215,0.5422222222222223,0,244,0.003967268671840429,0.0037795644486322997,0.003754084522370249,0.05,nan,nan,nan,nan,nan,nan,nan
1062,214472,0.05,-0.005511640071869106,0.5688888888888889,0,238,0.003760631242766976,0.0035343934781849385,0.004524754150770605,0.05,nan,nan,nan,nan,nan,nan,nan
1063,214672,0.05,-0.09626639366150358,0.5288888888888889,0,200,0.0033791015623137353,0.003215992054902017,0.0032621901715174316,0.05,nan,nan,nan,nan,nan,nan,nan
1064,214819,0.05,0.004253996372223234,0.4088888888888889,0,147,0.003944519604556262,0.003713774564675987,0.004614901589229703,0.05,nan,nan,nan,nan,nan,nan,nan
1065,215017,0.05,0.052398087024688955,0.5111111111111111,0,198,0.004369283164851368,0.004178210231475532,0.0038214589236304163,0.05,nan,nan,nan,nan,nan,nan,nan
1066,215204,0.05,0.8043625421524021,0.5333333333333333,0,187,0.004299772926606238,0.004057590407319367,0.004843651177361607,0.05,nan,nan,nan,nan,nan,nan,nan
1067,215382,0.05,-0.2406123447418187,0.5022222222222222,0,178,0.0037114476319402455,0.003468227665871382,0.004864398390054703,0.05,nan,nan,nan,nan,nan,nan,nan
1068,215597,0.05,1.074964270591729,0.5511111111111111,0,215,0.0037708179792389275,0.003586629591882229,0.00368376747937873,0.05,nan,nan,nan,nan,nan,nan,nan
1069,215815,0.05,0.9979586486816387,0.6311111111111111,0,218,0.0037269009044393897,0.0034596375189721584,0.005345268291421235,0.05,nan,nan,nan,nan,nan,nan,nan
1070,215987,0.05,1.1996429548263499,0.5155555555555555,0,172,0.003902389039285481,0.003692308277823031,0.004201615299098194,0.05,nan,nan,nan,nan,nan,nan,nan
1071,216186,0.05,1.864634624242775,0.6133333333333333,0,199,0.004063216596841812,0.003851210093125701,0.004240129236131906,0.05,nan,nan,nan,nan,nan,nan,nan
1072,216395,0.05,0.8709395031928979,0.6044444444444445,0,209,0.004824785958044231,0.004592118039727211,0.0046533587854355575,0.05,nan,nan,nan,nan,nan,nan,nan
1073,216630,0.05,-3.3398190860748294,0.39111111111111113,0,235,0.003809317364357412,0.0035475265234708787,0.005235816305503249,0.05,nan,nan,nan,nan,nan,nan,nan
1074,216858,0.05,0.796024642467489,0.5866666666666667,0,228,0.0036271353717893364,0.003442658623680472,0.0036895349388942123,0.05,nan,nan,nan,nan,nan,nan,nan
1075,217050,0.05,-1.0696867084503179,0.40444444444444444,0,192,0.004008289752528071,0.003791913669556379,0.004327521263621748,0.05,nan,nan,nan,nan,nan,nan,nan
1076,217284,0.05,-1.0203315467834502,0.5511111111111111,0,234,0.0036949164466932418,0.0035043031675741076,0.003812266665045172,0.05,nan,nan,nan,nan,nan,nan,nan
1077,217489,0.05,-2.0605728528499583,0.52,0,205,0.0041074586333706975,0.0038800400914624335,0.004548372095450759,0.05,nan,nan,nan,nan,nan,nan,nan
1078,217669,0.05,-1.2088133060932162,0.4577777777777778,0,180,0.004526583524420857,0.004343327227979898,0.003665126673877239,0.05,nan,nan,nan,nan,nan,nan,nan
1079,217904,0.05,-3.4074315404891973,0.4533333333333333,0,235,0.004051407612860203,0.003783217747695744,0.0053637967677786945,0.05,nan,nan,nan,nan,nan,nan,nan
1080,218136,0.05,2.1408651144504445,0.6711111111111111,0,232,0.004191844188608229,0.003960922174155712,0.004618440591730178,0.05,1.043651274347301,0.5555555555555556,0.0,181.4,0.0,1.0,0.5973016065294476
1081,218272,0.05,-0.24781424570083477,0.4,0,136,0.0038440293865278363,0.0036266118520870807,0.004348350886721164,0.05,nan,nan,nan,nan,nan,nan,nan
1082,218462,0.05,0.3480527391433714,0.5866666666666667,0,190,0.003488706238567829,0.0032590566435828803,0.0045929923187941315,0.05,nan,nan,nan,nan,nan,nan,nan
1083,218676,0.05,-0.15446085143089727,0.5288888888888889,0,214,0.0036198241170495747,0.003391354321502149,0.004569395794533193,0.05,nan,nan,nan,nan,nan,nan,nan
1084,218869,0.05,1.4470538570880807,0.5377777777777778,0,193,0.003229588782414794,0.002967306924983859,0.005245637567713857,0.05,nan,nan,nan,nan,nan,nan,nan
1085,219097,0.05,1.2103618757724708,0.6266666666666667,0,228,0.003746762918308377,0.0035528115229681136,0.0038790282560512424,0.05,nan,nan,nan,nan,nan,nan,nan
1086,219321,0.05,1.3406122307777346,0.6311111111111111,0,224,0.004410196072421968,0.004207807523198426,0.0040477710543200375,0.05,nan,nan,nan,nan,nan,nan,nan
1087,219534,0.05,1.0564660315513574,0.5511111111111111,0,213,0.004256833600811661,0.00408291039057076,0.003478464623913169,0.05,nan,nan,nan,nan,nan,nan,nan
1088,219722,0.05,0.7228755807876541,0.48,0,188,0.003291174629703164,0.00305017470382154,0.004819999262690544,0.05,nan,nan,nan,nan,nan,nan,nan
1089,219915,0.05,0.351736963987352,0.56,0,193,0.003623684518970549,0.003398924111388624,0.0044952095719054345,0.05,nan,nan,nan,nan,nan,nan,nan
1090,220130,0.05,-1.0847121601104759,0.56,0,215,0.0035050463164225222,0.00325978291220963,0.0049052675487473605,0.05,nan,nan,nan,nan,nan,nan,nan
1091,220336,0.05,0.05406942439078777,0.5466666666666666,0,206,0.004411618434824049,0.0041849537752568725,0.004533295100554824,0.05,nan,nan,nan,nan,nan,nan,nan
1092,220538,0.05,-0.0923269903659838,0.5644444444444444,0,202,0.004784893221221864,0.004546229122206568,0.004773282120004297,0.05,nan,nan,nan,nan,nan,nan,nan
1093,220752,0.05,0.28050503587722075,0.5511111111111111,0,214,0.003309962316416204,0.0030916848685592414,0.004365549329668284,0.05,nan,nan,nan,nan,nan,nan,nan
1094,221000,0.05,1.3406556601524222,0.6488888888888888,0,248,0.004205801803618669,0.003970425832085312,0.004707519616931677,0.05,nan,nan,nan,nan,nan,nan,nan
1095,221199,0.05,-0.6125485134124733,0.49333333333333335,0,199,0.003467696928419173,0.003242599149234593,0.00450195416342467,0.05,nan,nan,nan,nan,nan,nan,nan
1096,221419,0.05,1.5515292537212302,0.6533333333333333,0,220,0.004284566966816783,0.004061829217243939,0.004454754898324609,0.05,nan,nan,nan,nan,nan,nan,nan
1097,221653,0.05,0.8930653152465728,0.6266666666666667,0,234,0.0036281270440667868,0.003394360071979463,0.004675339511595667,0.05,nan,nan,nan,nan,nan,nan,nan
1098,221874,0.05,-1.9528187971115099,0.5555555555555556,0,221,0.0037715998711064457,0.003547582123428583,0.004480355023406446,0.05,nan,nan,nan,nan,nan,nan,nan
1099,222059,0.05,0.7458731784820549,0.5333333333333333,0,185,0.003965347376652062,0.003733675670810044,0.004633434605784715,0.05,nan,nan,nan,nan,nan,nan,nan
1100,222234,0.05,-0.6502751283645625,0.48,0,175,0.004330839635804296,0.0041221847059205174,0.0041730984346941115,0.05,0.7261026937961523,0.5568888888888889,0.0,208.1,0.0,1.0,0.585932996640735
1101,222440,0.05,0.6282167568206727,0.5377777777777778,0,206,0.0041846725391224025,0.003954614931717515,0.0046011512633413075,0.05,nan,nan,nan,nan,nan,nan,nan
1102,222641,0.05,0.6563370165824844,0.56,0,201,0.004176125978119671,0.0039881185162812475,0.003760147676803172,0.05,nan,nan,nan,nan,nan,nan,nan
1103,222821,0.05,1.3317319278717,0.5466666666666666,0,180,0.003972478513605893,0.0037735282676294446,0.003979004803113639,0.05,nan,nan,nan,nan,nan,nan,nan
1104,223015,0.05,1.0491165440082515,0.5866666666666667,0,194,0.004647853365167975,0.004495465173386037,0.0030477636144496502,0.05,nan,nan,nan,nan,nan,nan,nan
1105,223201,0.05,0.297612458229066,0.48444444444444446,0,186,0.0034882986918091776,0.003275203472003341,0.004261903988663107,0.05,nan,nan,nan,nan,nan,nan,nan
1106,223443,0.05,0.4121902399063033,0.6,0,242,0.0036672191694378854,0.0034909222275018694,0.0035259397700428963,0.05,nan,nan,nan,nan,nan,nan,nan
1107,223683,0.05,0.12535925722121788,0.5911111111111111,0,240,0.004207329265773297,0.003998569841496646,0.0041751884389668705,0.05,nan,nan,nan,nan,nan,nan,nan
1108,223887,0.05,0.7063179564475959,0.52,0,204,0.003935560747049749,0.0037259896285831927,0.004191421694122255,0.05,nan,nan,nan,nan,nan,nan,nan
1109,224115,0.05,1.2925880198478596,0.64,0,228,0.003450262313708663,0.0032288692891597748,0.004427860607393086,0.05,nan,nan,nan,nan,nan,nan,nan
1110,224312,0.05,0.5044230620861037,0.5777777777777777,0,197,0.004702716367319226,0.0044854030478745695,0.004346265341155231,0.05,nan,nan,nan,nan,nan,nan,nan
1111,224513,0.05,-2.905775362014768,0.47555555555555556,0,201,0.004461950436234474,0.0042421963764354585,0.004395080753602088,0.05,nan,nan,nan,nan,nan,nan,nan
1112,224693,0.05,0.7543968987464913,0.4888888888888889,0,180,0.004183225776068866,0.003990673646330834,0.0038510426180437206,0.05,nan,nan,nan,nan,nan,nan,nan
1113,224876,0.05,1.3033590836524906,0.5155555555555555,0,183,0.0033289181534200906,0.0031388099770992993,0.0038021628744900225,0.05,nan,nan,nan,nan,nan,nan,nan
1114,225087,0.05,1.6523841743469154,0.6577777777777778,0,211,0.0034678966738283636,0.003290641610510647,0.0035451015341095627,0.05,nan,nan,nan,nan,nan,nan,nan
1115,225282,0.05,1.8129711925983376,0.5955555555555555,0,195,0.003831161349080503,0.0035681221168488266,0.005260785366408527,0.05,nan,nan,nan,nan,nan,nan,nan
1116,225494,0.05,1.017057769298546,0.56,0,212,0.00393853997811675,0.003748801932670176,0.0037947606644593177,0.05,nan,nan,nan,nan,nan,nan,nan
1117,225733,0.05,-1.0034369351863854,0.5466666666666666,0,239,0.003776777465827763,0.0035777899902313948,0.003979748860001564,0.05,nan,nan,nan,nan,nan,nan,nan
1118,225969,0.05,0.6268437471389685,0.6222222222222222,0,236,0.004092884692363441,0.003881966811604798,0.0042183574754744765,0.05,nan,nan,nan,nan,nan,nan,nan
1119,226156,0.05,1.2460636155605245,0.5911111111111111,0,187,0.004088412271812558,0.0038881435990333556,0.004005372920073569,0.05,nan,nan,nan,nan,nan,nan,nan
1120,226311,0.05,-0.5730181241035454,0.38666666666666666,0,155,0.003959985007531941,0.003785805404186249,0.0034835917642340062,0.05,0.883735149288173,0.5573333333333333,0.0,195.9,0.0,1.0,0.5926827393048603
1121,226502,0.05,0.08864119839668216,0.5377777777777778,0,191,0.0038617629557847976,0.0036781889852136374,0.0036714800167828797,0.05,nan,nan,nan,nan,nan,nan,nan
1122,226690,0.05,1.77045573616027,0.5733333333333334,0,188,0.0040685712127015,0.003845139010809362,0.004468642896972597,0.05,nan,nan,nan,nan,nan,nan,nan
1123,226872,0.05,1.3547139616012498,0.5511111111111111,0,182,0.0044576046522706745,0.004305464401841164,0.0030428051482886075,0.05,nan,nan,nan,nan,nan,nan,nan
1124,227086,0.05,-1.0922451298236835,0.5066666666666667,0,214,0.0037165122339501977,0.0035613762214779855,0.003102720121387392,0.05,nan,nan,nan,nan,nan,nan,nan
1125,227287,0.05,1.3827520751953097,0.6133333333333333,0,201,0.0039955083513632415,0.003775239479728043,0.004405378538649529,0.05,nan,nan,nan,nan,nan,nan,nan
1126,227470,0.05,0.4115237836837742,0.49777777777777776,0,183,0.003878363687545061,0.003678055037744343,0.004006172751542181,0.05,nan,nan,nan,nan,nan,nan,nan
1127,227665,0.05,0.7558708794116968,0.5155555555555555,0,195,0.003869009204208851,0.003600946650840342,0.005361251090653241,0.05,nan,nan,nan,nan,nan,nan,nan
1128,227868,0.05,0.9309049959182691,0.5511111111111111,0,203,0.004152269451878965,0.003945802454836667,0.004129339940845966,0.05,nan,nan,nan,nan,nan,nan,nan
1129,228056,0.05,-0.9004958052635196,0.4622222222222222,0,188,0.0037925120443105696,0.003619620343670249,0.0034578337683342395,0.05,nan,nan,nan,nan,nan,nan,nan
1130,228298,0.05,-0.0438044116497085,0.6044444444444445,0,242,0.004514909302815795,0.0043017364339903,0.004263456945773214,0.05,nan,nan,nan,nan,nan,nan,nan
1131,228489,0.05,-0.33975226569175787,0.4711111111111111,0,191,0.0040664914529770614,0.0038820083951577543,0.0036896619014441965,0.05,nan,nan,nan,nan,nan,nan,nan
1132,228731,0.05,-0.6504150271415702,0.5911111111111111,0,242,0.0037327118217945097,0.0035302531439810993,0.0040491733700037,0.05,nan,nan,nan,nan,nan,nan,nan
1133,228978,0.05,-0.6672282145023327,0.5688888888888889,0,247,0.0037515418138355018,0.0035397269297391177,0.004236297775059938,0.05,nan,nan,nan,nan,nan,nan,nan
1134,229212,0.05,0.37904118704795553,0.6044444444444445,0,234,0.0038244670955464243,0.003491850174032152,0.006652338174171745,0.05,nan,nan,nan,nan,nan,nan,nan
1135,229382,0.05,1.302535333871839,0.5155555555555555,0,170,0.004099903954192996,0.003875562222674489,0.0044868338853120806,0.05,nan,nan,nan,nan,nan,nan,nan
1136,229615,0.05,0.8115356993675171,0.6311111111111111,0,233,0.004450252116657794,0.0042652155039832,0.0037007329752668737,0.05,nan,nan,nan,nan,nan,nan,nan
1137,229818,0.05,1.544423654079429,0.5733333333333334,0,203,0.003582590981386602,0.0033144347835332155,0.005363124329596758,0.05,nan,nan,nan,nan,nan,nan,nan
1138,230034,0.05,0.2978710508346516,0.5733333333333334,0,216,0.004182816506363452,0.0040216762339696285,0.0032228043070062994,0.05,nan,nan,nan,nan,nan,nan,nan
1139,230217,0.05,1.9983915333747782,0.5733333333333334,0,183,0.004079607827588916,0.003839198802597821,0.004808180127292871,0.05,nan,nan,nan,nan,nan,nan,nan
1140,230403,0.05,-1.3992779040336614,0.4266666666666667,0,186,0.0035688881995156406,0.0033590478589758275,0.004196806694380939,0.05,0.2869547449111892,0.5293333333333333,0.0,200.9,0.0,1.0,0.5408115231297809
1141,230640,0.05,0.7324613840579919,0.6177777777777778,0,237,0.0034074524883180857,0.0031659426167607307,0.0048301972448825834,0.05,nan,nan,nan,nan,nan,nan,nan
1142,230789,0.05,0.677897590637208,0.4711111111111111,0,149,0.004384685610421002,0.0042043844237923626,0.003606023034080863,0.05,nan,nan,nan,nan,nan,nan,nan
1143,230952,0.05,-0.8191083984374998,0.44,0,163,0.0035782928578555586,0.0033655673963949085,0.004254508786834777,0.05,nan,nan,nan,nan,nan,nan,nan
1144,231130,0.05,-0.05743469858169492,0.43555555555555553,0,178,0.0039761487627401945,0.003759829932823777,0.00432637722697109,0.05,nan,nan,nan,nan,nan,nan,nan
1145,231306,0.05,0.9236171422004653,0.52,0,176,0.003971329727210105,0.003745189681649208,0.004522800049744547,0.05,nan,nan,nan,nan,nan,nan,nan
1146,231516,0.05,-0.79258760476113,0.52,0,210,0.0047850162955001,0.004578711371868849,0.00412609752966091,0.05,nan,nan,nan,nan,nan,nan,nan
1147,231766,0.05,2.752466644048677,0.6488888888888888,1,250,0.003648075205273926,0.003468803153373301,0.003585441329050809,0.05,nan,nan,nan,nan,nan,nan,nan
1148,231945,0.05,0.19973927593231133,0.4488888888888889,0,179,0.004588554822839796,0.00437054259236902,0.004360243771225214,0.05,nan,nan,nan,nan,nan,nan,nan
1149,232149,0.05,2.23642769575118,0.6222222222222222,0,204,0.003222139459103346,0.003039891389198601,0.0036449620383791625,0.05,nan,nan,nan,nan,nan,nan,nan
1150,232348,0.05,1.471989200592034,0.5955555555555555,0,199,0.003537197527475655,0.003301618294790387,0.0047115844441577796,0.05,nan,nan,nan,nan,nan,nan,nan
1151,232537,0.05,0.2781903843879703,0.52,0,189,0.004524661344476044,0.004268508101813495,0.005123065423686057,0.05,nan,nan,nan,nan,nan,nan,nan
1152,232711,0.05,1.8764679312705916,0.5377777777777778,0,174,0.003676397888921201,0.003455192060209811,0.0044241176918149,0.05,nan,nan,nan,nan,nan,nan,nan
1153,232897,0.05,-1.7617310903072354,0.4088888888888889,0,186,0.004064508993178606,0.003840271243825555,0.004484753683209419,0.05,nan,nan,nan,nan,nan,nan,nan
1154,233142,0.05,0.2599467427730475,0.5688888888888889,0,245,0.003911025752313435,0.0037332882173359396,0.0035547500592656434,0.05,nan,nan,nan,nan,nan,nan,nan
1155,233329,0.05,1.3271406745910568,0.5911111111111111,0,187,0.003743242472410202,0.003544653253629804,0.003971784119494259,0.05,nan,nan,nan,nan,nan,nan,nan
1156,233524,0.05,-0.9779341361522675,0.44,0,195,0.00393582540564239,0.003728705341927707,0.004142400762066245,0.05,nan,nan,nan,nan,nan,nan,nan
1157,233744,0.05,0.3572350029945284,0.5244444444444445,0,220,0.0034571442985907195,0.0032284782966598867,0.004573319456540048,0.05,nan,nan,nan,nan,nan,nan,nan
1158,233966,0.05,0.09674248385429163,0.6133333333333333,0,222,0.003986435220576822,0.003766575432382524,0.004397196578793228,0.05,nan,nan,nan,nan,nan,nan,nan
1159,234188,0.05,0.8399819333553278,0.5777777777777777,0,222,0.003837440605275333,0.0036241613095626237,0.004265585844404995,0.05,nan,nan,nan,nan,nan,nan,nan
1160,234414,0.05,0.5253655827045374,0.64,0,226,0.0043770049698650835,0.004174587386660278,0.004048351105302573,0.05,-0.052583743858341546,0.5288888888888889,0.1,200.5,0.1,0.9,0.5608888888888889
1161,234586,0.05,1.1837771601676883,0.5155555555555555,0,172,0.003991177352145314,0.0037892897613346576,0.00403775192098692,0.05,nan,nan,nan,nan,nan,nan,nan
1162,234791,0.05,1.7633774218559188,0.6,0,205,0.00394107976462692,0.0037272900342941286,0.00427579393144697,0.05,nan,nan,nan,nan,nan,nan,nan
1163,234968,0.05,1.0894437811374655,0.5111111111111111,0,177,0.0034136146539822223,0.0032060322584584354,0.004151647223625332,0.05,nan,nan,nan,nan,nan,nan,nan
1164,235165,0.05,2.281024260520926,0.6222222222222222,0,197,0.003591810748912394,0.0033229428459890186,0.00537735887337476,0.05,nan,nan,nan,nan,nan,nan,nan
1165,235356,0.05,1.101832056999201,0.5911111111111111,0,191,0.003806670708581805,0.0035736845806241036,0.004659721325151622,0.05,nan,nan,nan,nan,nan,nan,nan
1166,235566,0.05,2.0194505553245454,0.6355555555555555,0,210,0.0036426861304789783,0.0033965939888730644,0.004921844019554556,0.05,nan,nan,nan,nan,nan,nan,nan
1167,235711,0.05,1.074992108821868,0.4444444444444444,0,145,0.003130586096085608,0.0029067411087453365,0.0044769001426175235,0.05,nan,nan,nan,nan,nan,nan,nan
1168,235935,0.05,-1.301968060493469,0.4666666666666667,0,224,0.003346852376125753,0.003108278219588101,0.004771483526565134,0.05,nan,nan,nan,nan,nan,nan,nan
1169,236123,0.05,-0.5930269641876212,0.4444444444444444,0,188,0.004680817225016653,0.004465239751152694,0.0043115519802086055,0.05,nan,nan,nan,nan,nan,nan,nan
1170,236277,0.05,1.4125730664730032,0.5022222222222222,0,154,0.003833836456760764,0.003624364477582276,0.004189438559114933,0.05,nan,nan,nan,nan,nan,nan,nan
1171,236492,0.05,2.047259162902821,0.6355555555555555,0,215,0.004053686209954321,0.0038747744867578147,0.0035782344755716624,0.05,nan,nan,nan,nan,nan,nan,nan
1172,236701,0.05,1.6143132345676352,0.6133333333333333,0,209,0.0034163556061685084,0.003228269424289465,0.003761723404750228,0.05,nan,nan,nan,nan,nan,nan,nan
1173,236880,0.05,0.5383523139953608,0.5066666666666667,0,179,0.004605466267094016,0.0044468339066952465,0.003172647475730628,0.05,nan,nan,nan,nan,nan,nan,nan
1174,237081,0.05,0.6460090627670261,0.5422222222222223,0,201,0.004842870100401342,0.0045141733018681405,0.006573935714550316,0.05,nan,nan,nan,nan,nan,nan,nan
1175,237316,0.05,0.9149523506164499,0.6222222222222222,0,235,0.0037705973256379364,0.003618166223168373,0.003048622130881995,0.05,nan,nan,nan,nan,nan,nan,nan
1176,237518,0.05,0.6516330015659302,0.5422222222222223,0,202,0.0038146205944940446,0.0036712331930175424,0.002867748343851417,0.05,nan,nan,nan,nan,nan,nan,nan
1177,237671,0.05,-0.4983001418113693,0.4266666666666667,0,153,0.003650431288406253,0.0034205386182293296,0.0045978540671058,0.05,nan,nan,nan,nan,nan,nan,nan
1178,237835,0.05,0.08358463335037247,0.47555555555555556,0,164,0.003901965939439833,0.0036544563947245477,0.0049501919420436025,0.05,nan,nan,nan,nan,nan,nan,nan
1179,238064,0.05,0.02027360916137222,0.5511111111111111,0,229,0.0036951981484889982,0.0034903404070064426,0.004097154643386602,0.05,nan,nan,nan,nan,nan,nan,nan
1180,238259,0.05,1.1732676954269359,0.5866666666666667,0,195,0.003875278914347291,0.0036729072453454137,0.004047433944651857,0.05,0.36591141705512537,0.5271111111111112,0.0,195.5,0.0,1.0,0.5417475677933162
1181,238447,0.05,1.4700654990672994,0.5644444444444444,0,188,0.0034066107822582127,0.0032413885928690434,0.0033044439507648347,0.05,nan,nan,nan,nan,nan,nan,nan
1182,238591,0.05,0.6898872981071451,0.4266666666666667,0,144,0.003390949545428157,0.0031629323260858656,0.004560344840865582,0.05,nan,nan,nan,nan,nan,nan,nan
1183,238785,0.05,2.07538792920112,0.6177777777777778,0,194,0.0033026507124304773,0.003126517962664366,0.003522655158303678,0.05,nan,nan,nan,nan,nan,nan,nan
1184,238980,0.05,0.6790321817398057,0.5244444444444445,0,195,0.003437515441328287,0.0032053909264504908,0.004642490914557129,0.05,nan,nan,nan,nan,nan,nan,nan
1185,239189,0.05,0.7342620685100503,0.5511111111111111,0,209,0.003829513117671013,0.0035778046818450092,0.005034169182181358,0.05,nan,nan,nan,nan,nan,nan,nan
1186,239397,0.05,0.42136948394775353,0.56,0,208,0.0035471604205667973,0.0033657976891845465,0.0036272546276450157,0.05,nan,nan,nan,nan,nan,nan,nan
1187,239574,0.05,-0.38981956648826477,0.4488888888888889,0,177,0.003358738636597991,0.0031894710613414646,0.003385351924225688,0.05,nan,nan,nan,nan,nan,nan,nan
1188,239797,0.05,0.9995490145683243,0.6266666666666667,0,223,0.0035741083789616822,0.0033385212998837234,0.0047117410111241044,0.05,nan,nan,nan,nan,nan,nan,nan
1189,240032,0.05,-1.4436306471824638,0.5155555555555555,0,235,0.0036181549075990915,0.0033915995620191096,0.004531108704395592,0.05,nan,nan,nan,nan,nan,nan,nan
1190,240190,0.05,0.9821291875839204,0.47555555555555556,0,158,0.0034085020422935488,0.003246415127068758,0.0032417388283647597,0.05,nan,nan,nan,nan,nan,nan,nan
1191,240402,0.05,0.6334196426868413,0.5777777777777777,0,212,0.0037584243109449744,0.0035742673790082335,0.003683138662017882,0.05,nan,nan,nan,nan,nan,nan,nan
1192,240588,0.05,-0.4626739060878744,0.47555555555555556,0,186,0.004026113310828805,0.0038465207675471903,0.003591851016972214,0.05,nan,nan,nan,nan,nan,nan,nan
1193,240774,0.05,0.1478786976337405,0.49333333333333335,0,186,0.003971402044408023,0.0037830658722668884,0.003766724106390029,0.05,nan,nan,nan,nan,nan,nan,nan
1194,240997,0.05,-0.4021896767616254,0.5244444444444445,0,223,0.0049454505322501065,0.0047943608835339544,0.00302179396385327,0.05,nan,nan,nan,nan,nan,nan,nan
1195,241212,0.05,-0.9224430258274077,0.49777777777777776,0,215,0.005175109999254346,0.004928767494857311,0.004926850204356015,0.05,nan,nan,nan,nan,nan,nan,nan
1196,241431,0.05,2.2376509702205585,0.6755555555555556,0,219,0.0040149066131562,0.0038555648643523455,0.0031868343940004706,0.05,nan,nan,nan,nan,nan,nan,nan
1197,241613,0.05,0.6086113014221193,0.5288888888888889,0,182,0.00424292020034045,0.0040817794157192114,0.003222815727349371,0.05,nan,nan,nan,nan,nan,nan,nan
1198,241821,0.05,1.681708738803855,0.5777777777777777,0,208,0.003761692880652845,0.0035676332889124753,0.0038811915088444947,0.05,nan,nan,nan,nan,nan,nan,nan
1199,242066,0.05,-2.3054897115230553,0.49777777777777776,0,245,0.00408248589374125,0.003896381054073572,0.0037220967351458967,0.05,nan,nan,nan,nan,nan,nan,nan
1200,242211,0.05,-1.5299710433483116,0.37777777777777777,0,145,0.003702947194688022,0.0035164689645171164,0.003729565325193107,0.05,-0.012006665754320888,0.5253333333333334,0.0,206.2,0.0,1.0,0.5253333333333334
