episode,global_step,epsilon,reward,coverage,final_health,length,new_tile_rate,revisit_rate,wall_hit_rate,turn_streak_rate,hazard_contact_rate,action_forward_rate,action_left_rate,action_right_rate,coverage_at_step_50,coverage_at_step_100,coverage_at_step_150,mean_loss,mean_q_loss,mean_aux_loss,aux_weight,eval_reward_mean,eval_coverage_mean,eval_final_health_mean,eval_length_mean,eval_survival_rate,eval_death_rate,eval_new_tile_rate_mean,eval_revisit_rate_mean,eval_wall_hit_rate_mean,eval_turn_streak_rate_mean,eval_hazard_contact_rate_mean,eval_action_forward_rate_mean,eval_action_left_rate_mean,eval_action_right_rate_mean,eval_coverage_at_step_50_mean,eval_coverage_at_step_100_mean,eval_coverage_at_step_150_mean,holdout_eval_reward_mean,holdout_eval_coverage_mean,holdout_eval_final_health_mean,holdout_eval_length_mean,holdout_eval_survival_rate,holdout_eval_death_rate,holdout_eval_new_tile_rate_mean,holdout_eval_revisit_rate_mean,holdout_eval_wall_hit_rate_mean,holdout_eval_turn_streak_rate_mean,holdout_eval_hazard_contact_rate_mean,holdout_eval_action_forward_rate_mean,holdout_eval_action_left_rate_mean,holdout_eval_action_right_rate_mean,holdout_eval_coverage_at_step_50_mean,holdout_eval_coverage_at_step_100_mean,holdout_eval_coverage_at_step_150_mean,eval_soft_score
1,174,0.9981633333333333,-10.147425324439997,0.3422222222222222,0,174,0.4367816091954023,0.06321839080459771,0.20114942528735633,0.05747126436781609,0.0,0.7011494252873564,0.15517241379310345,0.14367816091954022,0.13333333333333333,0.26222222222222225,0.28,0.0,0.0,0.0,0.149875,-471.7,0.0044444444444444444,3.0,250.0,1.0,0.0,0.0,0.0,0.0,0.9960000000000001,0.0,0.0,0.0,1.0,0.0044444444444444444,0.0044444444444444444,0.0044444444444444444,-443.98332876539223,0.0044444444444444444,2.7,240.7,0.9,0.1,0.0,0.0,0.0,0.9957630573248408,0.0,0.0,0.0,1.0,0.0044444444444444444,0.0044444444444444444,0.0044444444444444444,-0.07111111111111111
2,323,0.9965905555555555,-6.288579624176029,0.26666666666666666,0,149,0.3959731543624161,0.053691275167785234,0.2214765100671141,0.053691275167785234,0.0,0.6711409395973155,0.15436241610738255,0.174496644295302,0.1111111111111111,0.1111111111111111,nan,0.0,0.0,0.0,0.14975,nan,nan,nan,nan,nan,nan,nan,nan,nan,nan,nan,nan,nan,nan,nan,nan,nan,nan,nan,nan,nan,nan,nan,nan,nan,nan,nan,nan,nan,nan,nan,nan,nan,nan,nan
3,452,0.9952288888888889,-7.844415769577028,0.21777777777777776,0,129,0.37209302325581395,0.023255813953488372,0.26356589147286824,0.06976744186046512,0.007751937984496124,0.6589147286821705,0.17054263565891473,0.17054263565891473,0.14666666666666667,0.21333333333333335,nan,0.0,0.0,0.0,0.149625,nan,nan,nan,nan,nan,nan,nan,nan,nan,nan,nan,nan,nan,nan,nan,nan,nan,nan,nan,nan,nan,nan,nan,nan,nan,nan,nan,nan,nan,nan,nan,nan,nan,nan,nan
4,548,0.9942155555555555,-3.447267048597336,0.22666666666666666,0,96,0.5208333333333334,0.020833333333333332,0.14583333333333334,0.08333333333333333,0.010416666666666666,0.6875,0.14583333333333334,0.16666666666666666,0.12,nan,nan,0.0,0.0,0.0,0.1495,nan,nan,nan,nan,nan,nan,nan,nan,nan,nan,nan,nan,nan,nan,nan,nan,nan,nan,nan,nan,nan,nan,nan,nan,nan,nan,nan,nan,nan,nan,nan,nan,nan,nan,nan
5,707,0.9925372222222222,-8.971600780963898,0.2222222222222222,0,159,0.3081761006289308,0.05660377358490566,0.2893081761006289,0.06918238993710692,0.0,0.6540880503144654,0.16981132075471697,0.1761006289308176,0.13777777777777778,0.15555555555555556,0.2222222222222222,0.0,0.0,0.0,0.149375,nan,nan,nan,nan,nan,nan,nan,nan,nan,nan,nan,nan,nan,nan,nan,nan,nan,nan,nan,nan,nan,nan,nan,nan,nan,nan,nan,nan,nan,nan,nan,nan,nan,nan,nan
6,870,0.9908166666666667,-1.739165913105011,0.4088888888888889,0,163,0.558282208588957,0.04294478527607362,0.07975460122699386,0.03680981595092025,0.006134969325153374,0.6809815950920245,0.147239263803681,0.17177914110429449,0.1511111111111111,0.3022222222222222,0.4088888888888889,0.0,0.0,0.0,0.14925,nan,nan,nan,nan,nan,nan,nan,nan,nan,nan,nan,nan,nan,nan,nan,nan,nan,nan,nan,nan,nan,nan,nan,nan,nan,nan,nan,nan,nan,nan,nan,nan,nan,nan,nan
7,1016,0.9892755555555556,-7.188512878894807,0.24444444444444444,0,146,0.3698630136986301,0.07534246575342465,0.17123287671232876,0.1095890410958904,0.00684931506849315,0.6164383561643836,0.18493150684931506,0.19863013698630136,0.1511111111111111,0.2088888888888889,nan,0.0,0.0,0.0,0.149125,nan,nan,nan,nan,nan,nan,nan,nan,nan,nan,nan,nan,nan,nan,nan,nan,nan,nan,nan,nan,nan,nan,nan,nan,nan,nan,nan,nan,nan,nan,nan,nan,nan,nan,nan
8,1125,0.988125,-6.374858927011492,0.2222222222222222,-2,109,0.44954128440366975,0.01834862385321101,0.21100917431192662,0.06422018348623854,0.01834862385321101,0.6788990825688074,0.1743119266055046,0.14678899082568808,0.09777777777777778,0.18666666666666668,nan,0.0,0.0,0.0,0.149,nan,nan,nan,nan,nan,nan,nan,nan,nan,nan,nan,nan,nan,nan,nan,nan,nan,nan,nan,nan,nan,nan,nan,nan,nan,nan,nan,nan,nan,nan,nan,nan,nan,nan,nan
9,1229,0.9870272222222223,-0.918661178350449,0.28,0,104,0.5961538461538461,0.04807692307692308,0.009615384615384616,0.057692307692307696,0.009615384615384616,0.6538461538461539,0.20192307692307693,0.14423076923076922,0.15555555555555556,0.27111111111111114,nan,0.0,0.0,0.0,0.148875,nan,nan,nan,nan,nan,nan,nan,nan,nan,nan,nan,nan,nan,nan,nan,nan,nan,nan,nan,nan,nan,nan,nan,nan,nan,nan,nan,nan,nan,nan,nan,nan,nan,nan,nan
10,1352,0.9857288888888889,-4.744395280599595,0.24,-1,123,0.43089430894308944,0.056910569105691054,0.1951219512195122,0.04878048780487805,0.008130081300813009,0.6829268292682927,0.13821138211382114,0.17886178861788618,0.1288888888888889,0.2088888888888889,nan,0.0,0.0,0.0,0.14875,nan,nan,nan,nan,nan,nan,nan,nan,nan,nan,nan,nan,nan,nan,nan,nan,nan,nan,nan,nan,nan,nan,nan,nan,nan,nan,nan,nan,nan,nan,nan,nan,nan,nan,nan
11,1475,0.9844305555555556,-3.264353859901429,0.31555555555555553,0,123,0.5691056910569106,0.008130081300813009,0.11382113821138211,0.04065040650406504,0.008130081300813009,0.6910569105691057,0.13008130081300814,0.17886178861788618,0.13777777777777778,0.28888888888888886,nan,0.0,0.0,0.0,0.148625,nan,nan,nan,nan,nan,nan,nan,nan,nan,nan,nan,nan,nan,nan,nan,nan,nan,nan,nan,nan,nan,nan,nan,nan,nan,nan,nan,nan,nan,nan,nan,nan,nan,nan,nan
12,1602,0.98309,-13.542727298021315,0.15555555555555556,0,127,0.2677165354330709,0.015748031496062992,0.3464566929133858,0.11811023622047244,0.0,0.6299212598425197,0.2047244094488189,0.16535433070866143,0.1288888888888889,0.15555555555555556,nan,0.0,0.0,0.0,0.1485,nan,nan,nan,nan,nan,nan,nan,nan,nan,nan,nan,nan,nan,nan,nan,nan,nan,nan,nan,nan,nan,nan,nan,nan,nan,nan,nan,nan,nan,nan,nan,nan,nan,nan,nan
13,1763,0.9813905555555555,-14.03681852006912,0.24444444444444444,0,161,0.33540372670807456,0.043478260869565216,0.2919254658385093,0.09937888198757763,0.0,0.6708074534161491,0.14285714285714285,0.18633540372670807,0.1288888888888889,0.23555555555555555,0.24444444444444444,0.0,0.0,0.0,0.148375,nan,nan,nan,nan,nan,nan,nan,nan,nan,nan,nan,nan,nan,nan,nan,nan,nan,nan,nan,nan,nan,nan,nan,nan,nan,nan,nan,nan,nan,nan,nan,nan,nan,nan,nan
14,1878,0.9801766666666667,-4.959941800355912,0.23555555555555555,0,115,0.45217391304347826,0.017391304347826087,0.17391304347826086,0.05217391304347826,0.017391304347826087,0.6434782608695652,0.1391304347826087,0.21739130434782608,0.16,0.22666666666666666,nan,0.0,0.0,0.0,0.14825,nan,nan,nan,nan,nan,nan,nan,nan,nan,nan,nan,nan,nan,nan,nan,nan,nan,nan,nan,nan,nan,nan,nan,nan,nan,nan,nan,nan,nan,nan,nan,nan,nan,nan,nan
15,2022,0.9786566666666666,-1.3058139147758487,0.37333333333333335,0,144,0.5763888888888888,0.041666666666666664,0.0625,0.04861111111111111,0.0,0.6805555555555556,0.1527777777777778,0.16666666666666666,0.1511111111111111,0.28,nan,0.0,0.0,0.0,0.148125,nan,nan,nan,nan,nan,nan,nan,nan,nan,nan,nan,nan,nan,nan,nan,nan,nan,nan,nan,nan,nan,nan,nan,nan,nan,nan,nan,nan,nan,nan,nan,nan,nan,nan,nan
16,2158,0.9772211111111111,-10.46926267433166,0.19555555555555557,0,136,0.3161764705882353,0.029411764705882353,0.27205882352941174,0.1323529411764706,0.0,0.6176470588235294,0.16911764705882354,0.21323529411764705,0.08444444444444445,0.1288888888888889,nan,0.0,0.0,0.0,0.148,nan,nan,nan,nan,nan,nan,nan,nan,nan,nan,nan,nan,nan,nan,nan,nan,nan,nan,nan,nan,nan,nan,nan,nan,nan,nan,nan,nan,nan,nan,nan,nan,nan,nan,nan
17,2246,0.9762922222222222,-2.9836422533988953,0.2311111111111111,-1,88,0.5795454545454546,0.011363636363636364,0.10227272727272728,0.022727272727272728,0.022727272727272728,0.6931818181818182,0.13636363636363635,0.17045454545454544,0.11555555555555555,nan,nan,0.0,0.0,0.0,0.147875,nan,nan,nan,nan,nan,nan,nan,nan,nan,nan,nan,nan,nan,nan,nan,nan,nan,nan,nan,nan,nan,nan,nan,nan,nan,nan,nan,nan,nan,nan,nan,nan,nan,nan,nan
18,2352,0.9751733333333333,-2.9488147444725064,0.28,0,106,0.5849056603773585,0.009433962264150943,0.12264150943396226,0.03773584905660377,0.009433962264150943,0.7169811320754716,0.1320754716981132,0.1509433962264151,0.11555555555555555,0.2577777777777778,nan,0.0,0.0,0.0,0.14775,nan,nan,nan,nan,nan,nan,nan,nan,nan,nan,nan,nan,nan,nan,nan,nan,nan,nan,nan,nan,nan,nan,nan,nan,nan,nan,nan,nan,nan,nan,nan,nan,nan,nan,nan
19,2446,0.9741811111111112,-2.458068078756333,0.25333333333333335,0,94,0.5957446808510638,0.010638297872340425,0.11702127659574468,0.031914893617021274,0.010638297872340425,0.723404255319149,0.13829787234042554,0.13829787234042554,0.12444444444444444,nan,nan,0.0,0.0,0.0,0.147625,nan,nan,nan,nan,nan,nan,nan,nan,nan,nan,nan,nan,nan,nan,nan,nan,nan,nan,nan,nan,nan,nan,nan,nan,nan,nan,nan,nan,nan,nan,nan,nan,nan,nan,nan
20,2581,0.9727561111111112,-3.973349961042404,0.3111111111111111,-2,135,0.5111111111111111,0.022222222222222223,0.16296296296296298,0.037037037037037035,0.007407407407407408,0.6962962962962963,0.14074074074074075,0.16296296296296298,0.1511111111111111,0.28,nan,0.03513154648244381,0.010289754252880812,0.16841893643140793,0.1475,-136.8246746945143,0.035555555555555556,0.0,147.4,0.0,1.0,0.05874971731996469,0.0,0.5945680452931136,0.3428176722260738,0.0032782515991471215,0.6533177626130784,0.0,0.3466822373869216,0.035555555555555556,0.035555555555555556,0.035555555555555556,-116.96796156692506,0.035555555555555556,0.0,134.7,0.0,1.0,0.06283460681883482,0.0,0.6479262838608857,0.28333091873577065,0.004107559107559108,0.7107608906797205,0.0,0.28923910932027946,0.035555555555555556,0.035555555555555556,0.03555555555555555,-0.07953130257944727
21,2739,0.9710883333333333,-6.61726507520676,0.3333333333333333,0,158,0.46835443037974683,0.012658227848101266,0.1962025316455696,0.04430379746835443,0.0,0.6772151898734177,0.16455696202531644,0.15822784810126583,0.1288888888888889,0.21333333333333335,0.3333333333333333,0.03319783080369234,0.011435841349884868,0.14766405150294304,0.147375,nan,nan,nan,nan,nan,nan,nan,nan,nan,nan,nan,nan,nan,nan,nan,nan,nan,nan,nan,nan,nan,nan,nan,nan,nan,nan,nan,nan,nan,nan,nan,nan,nan,nan,nan
22,2895,0.9694416666666666,-36.542500000000004,0.09333333333333334,0,156,0.1282051282051282,0.019230769230769232,0.5384615384615384,0.09615384615384616,0.0,0.6858974358974359,0.16025641025641027,0.15384615384615385,0.09333333333333334,0.09333333333333334,0.09333333333333334,0.030262519791722297,0.009293599659577012,0.1424035385251045,0.14725,nan,nan,nan,nan,nan,nan,nan,nan,nan,nan,nan,nan,nan,nan,nan,nan,nan,nan,nan,nan,nan,nan,nan,nan,nan,nan,nan,nan,nan,nan,nan,nan,nan,nan,nan
23,3050,0.9678055555555556,-2.31339499592781,0.4311111111111111,0,155,0.6193548387096774,0.012903225806451613,0.09032258064516129,0.025806451612903226,0.0,0.7225806451612903,0.12903225806451613,0.14838709677419354,0.16444444444444445,0.31555555555555553,0.4266666666666667,0.032968977279961106,0.010064852237701417,0.1556779883801937,0.147125,nan,nan,nan,nan,nan,nan,nan,nan,nan,nan,nan,nan,nan,nan,nan,nan,nan,nan,nan,nan,nan,nan,nan,nan,nan,nan,nan,nan,nan,nan,nan,nan,nan,nan,nan
24,3234,0.9658633333333333,-38.46998028302194,0.2311111111111111,0,184,0.27717391304347827,0.043478260869565216,0.30978260869565216,0.07608695652173914,0.0,0.6304347826086957,0.19021739130434784,0.1793478260869565,0.14222222222222222,0.2311111111111111,0.2311111111111111,0.027976580150425433,0.009479175927117467,0.12583268359303473,0.147,nan,nan,nan,nan,nan,nan,nan,nan,nan,nan,nan,nan,nan,nan,nan,nan,nan,nan,nan,nan,nan,nan,nan,nan,nan,nan,nan,nan,nan,nan,nan,nan,nan,nan,nan
25,3445,0.9636361111111111,-20.77046100282669,0.2577777777777778,0,211,0.27014218009478674,0.03317535545023697,0.2985781990521327,0.11374407582938388,0.0,0.6018957345971564,0.2132701421800948,0.1848341232227488,0.1511111111111111,0.2577777777777778,0.2577777777777778,0.03056085277348757,0.009038162045180797,0.14653747379779816,0.146875,nan,nan,nan,nan,nan,nan,nan,nan,nan,nan,nan,nan,nan,nan,nan,nan,nan,nan,nan,nan,nan,nan,nan,nan,nan,nan,nan,nan,nan,nan,nan,nan,nan,nan,nan
26,3578,0.9622322222222223,-2.0033154516220075,0.36444444444444446,0,133,0.6090225563909775,0.015037593984962405,0.09022556390977443,0.022556390977443608,0.007518796992481203,0.7142857142857143,0.15789473684210525,0.12781954887218044,0.15555555555555556,0.27111111111111114,nan,0.027886350452899934,0.007838948629796505,0.13660920783877373,0.14675,nan,nan,nan,nan,nan,nan,nan,nan,nan,nan,nan,nan,nan,nan,nan,nan,nan,nan,nan,nan,nan,nan,nan,nan,nan,nan,nan,nan,nan,nan,nan,nan,nan,nan,nan
27,3673,0.9612294444444445,-2.9548333563804627,0.2311111111111111,0,95,0.5368421052631579,0.021052631578947368,0.12631578947368421,0.042105263157894736,0.010526315789473684,0.6842105263157895,0.15789473684210525,0.15789473684210525,0.12,nan,nan,0.021176575776189567,0.007121280394494533,0.09585879445075988,0.146625,nan,nan,nan,nan,nan,nan,nan,nan,nan,nan,nan,nan,nan,nan,nan,nan,nan,nan,nan,nan,nan,nan,nan,nan,nan,nan,nan,nan,nan,nan,nan,nan,nan,nan,nan
28,3811,0.9597727777777778,-3.351956323623658,0.3111111111111111,0,138,0.5,0.07246376811594203,0.13768115942028986,0.036231884057971016,0.0,0.7101449275362319,0.10869565217391304,0.18115942028985507,0.10666666666666667,0.2222222222222222,nan,0.024731748551130295,0.007724339701235294,0.11609152257442475,0.1465,nan,nan,nan,nan,nan,nan,nan,nan,nan,nan,nan,nan,nan,nan,nan,nan,nan,nan,nan,nan,nan,nan,nan,nan,nan,nan,nan,nan,nan,nan,nan,nan,nan,nan,nan
29,3909,0.9587383333333334,-10.125471462488177,0.15555555555555556,0,98,0.3469387755102041,0.04081632653061224,0.2857142857142857,0.08163265306122448,0.01020408163265306,0.673469387755102,0.16326530612244897,0.16326530612244897,0.14222222222222222,nan,nan,0.017159567959606648,0.005872689792886377,0.07710932902991771,0.146375,nan,nan,nan,nan,nan,nan,nan,nan,nan,nan,nan,nan,nan,nan,nan,nan,nan,nan,nan,nan,nan,nan,nan,nan,nan,nan,nan,nan,nan,nan,nan,nan,nan,nan,nan
30,4099,0.9567327777777778,-3.030000000000005,0.4177777777777778,0,190,0.48947368421052634,0.03684210526315789,0.1368421052631579,0.05789473684210526,0.0,0.6631578947368421,0.16842105263157894,0.16842105263157894,0.10666666666666667,0.21333333333333335,0.3244444444444444,0.019408425875008108,0.007063789619132876,0.08440777100622654,0.14625,nan,nan,nan,nan,nan,nan,nan,nan,nan,nan,nan,nan,nan,nan,nan,nan,nan,nan,nan,nan,nan,nan,nan,nan,nan,nan,nan,nan,nan,nan,nan,nan,nan,nan,nan
31,4281,0.9548116666666666,-7.66392309069634,0.31555555555555553,0,182,0.38461538461538464,0.07692307692307693,0.17582417582417584,0.1043956043956044,0.0,0.6373626373626373,0.17582417582417584,0.18681318681318682,0.12,0.16444444444444445,0.28444444444444444,0.020907186437398195,0.007503374549560249,0.09172839671373367,0.146125,nan,nan,nan,nan,nan,nan,nan,nan,nan,nan,nan,nan,nan,nan,nan,nan,nan,nan,nan,nan,nan,nan,nan,nan,nan,nan,nan,nan,nan,nan,nan,nan,nan,nan,nan
32,4435,0.9531861111111111,-8.804229190826417,0.23555555555555555,0,154,0.33766233766233766,0.06493506493506493,0.2532467532467532,0.06493506493506493,0.0,0.6558441558441559,0.16883116883116883,0.17532467532467533,0.14666666666666667,0.19111111111111112,0.23555555555555555,0.017620920669287443,0.006590194581076503,0.07555291950702667,0.146,nan,nan,nan,nan,nan,nan,nan,nan,nan,nan,nan,nan,nan,nan,nan,nan,nan,nan,nan,nan,nan,nan,nan,nan,nan,nan,nan,nan,nan,nan,nan,nan,nan,nan,nan
33,4649,0.9509272222222223,-11.79519162130356,0.3377777777777778,0,214,0.35046728971962615,0.0794392523364486,0.2523364485981308,0.07009345794392523,0.0,0.6822429906542056,0.1588785046728972,0.1588785046728972,0.1111111111111111,0.2311111111111111,0.3111111111111111,0.01728835664689541,0.006343983532860875,0.07502568922936917,0.145875,nan,nan,nan,nan,nan,nan,nan,nan,nan,nan,nan,nan,nan,nan,nan,nan,nan,nan,nan,nan,nan,nan,nan,nan,nan,nan,nan,nan,nan,nan,nan,nan,nan,nan,nan
34,4804,0.9492911111111111,-0.9312849202156068,0.3688888888888889,0,155,0.5290322580645161,0.1032258064516129,0.025806451612903226,0.0967741935483871,0.0,0.6580645161290323,0.1935483870967742,0.14838709677419354,0.1288888888888889,0.24444444444444444,0.35555555555555557,0.016550975386053324,0.006638939585536718,0.06800710558891296,0.14575,nan,nan,nan,nan,nan,nan,nan,nan,nan,nan,nan,nan,nan,nan,nan,nan,nan,nan,nan,nan,nan,nan,nan,nan,nan,nan,nan,nan,nan,nan,nan,nan,nan,nan,nan
35,4900,0.9482777777777778,-6.341154412269593,0.2,0,96,0.4583333333333333,0.020833333333333332,0.25,0.041666666666666664,0.010416666666666666,0.7291666666666666,0.16666666666666666,0.10416666666666667,0.13777777777777778,nan,nan,0.013271417375653983,0.005472107557579875,0.053557492420077325,0.145625,nan,nan,nan,nan,nan,nan,nan,nan,nan,nan,nan,nan,nan,nan,nan,nan,nan,nan,nan,nan,nan,nan,nan,nan,nan,nan,nan,nan,nan,nan,nan,nan,nan,nan,nan
36,5040,0.9468,-3.311259219169619,0.3422222222222222,0,140,0.5428571428571428,0.014285714285714285,0.14285714285714285,0.05714285714285714,0.0,0.7,0.1357142857142857,0.16428571428571428,0.14666666666666667,0.2222222222222222,nan,0.01164898807182908,0.004146719654090703,0.05156198050826788,0.1455,nan,nan,nan,nan,nan,nan,nan,nan,nan,nan,nan,nan,nan,nan,nan,nan,nan,nan,nan,nan,nan,nan,nan,nan,nan,nan,nan,nan,nan,nan,nan,nan,nan,nan,nan
37,5184,0.94528,-3.3379457631111142,0.32,0,144,0.4930555555555556,0.020833333333333332,0.1111111111111111,0.05555555555555555,0.0,0.625,0.2013888888888889,0.1736111111111111,0.13333333333333333,0.24888888888888888,nan,0.011746191699057818,0.0052074547158554195,0.04497841540724039,0.145375,nan,nan,nan,nan,nan,nan,nan,nan,nan,nan,nan,nan,nan,nan,nan,nan,nan,nan,nan,nan,nan,nan,nan,nan,nan,nan,nan,nan,nan,nan,nan,nan,nan,nan,nan
38,5329,0.9437494444444444,-2.3676918730735776,0.36,0,145,0.5517241379310345,0.027586206896551724,0.11724137931034483,0.041379310344827586,0.006896551724137931,0.696551724137931,0.18620689655172415,0.11724137931034483,0.13777777777777778,0.26222222222222225,nan,0.010586007498204708,0.0049034080933779475,0.03912288807332516,0.14525,nan,nan,nan,nan,nan,nan,nan,nan,nan,nan,nan,nan,nan,nan,nan,nan,nan,nan,nan,nan,nan,nan,nan,nan,nan,nan,nan,nan,nan,nan,nan,nan,nan,nan,nan
39,5470,0.9422611111111111,-14.92312257361412,0.24,0,141,0.375886524822695,0.0425531914893617,0.24822695035460993,0.06382978723404255,0.0,0.6666666666666666,0.1773049645390071,0.15602836879432624,0.15555555555555556,0.23555555555555555,nan,0.009521297132596373,0.004593792045488954,0.0339535228908062,0.145125,nan,nan,nan,nan,nan,nan,nan,nan,nan,nan,nan,nan,nan,nan,nan,nan,nan,nan,nan,nan,nan,nan,nan,nan,nan,nan,nan,nan,nan,nan,nan,nan,nan,nan,nan
40,5651,0.9403505555555556,-10.041164809942241,0.26666666666666666,0,181,0.3259668508287293,0.06077348066298342,0.292817679558011,0.049723756906077346,0.0,0.6795580110497238,0.1878453038674033,0.13259668508287292,0.13333333333333333,0.14666666666666667,0.21777777777777776,0.008909905655309558,0.004509057570248842,0.030350678041577338,0.145,-5.170862445855141,0.2497777777777778,0.0,147.0,0.0,1.0,0.3751922227680694,0.2708150682690028,0.13705194055948555,0.07156168151736181,0.0014877236787349147,0.7830592315965578,0.07369113850418997,0.14324962989925222,0.10577777777777778,0.19111111111111112,0.28888888888888886,-5.458539793896678,0.30000000000000004,-0.1,149.9,0.0,1.0,0.44464407525045824,0.17216636902807117,0.1626763196975963,0.05973711642860578,0.0005714285714285715,0.7794867639761256,0.07875333328524817,0.14175990273862613,0.11022222222222222,0.2111111111111111,0.296,0.4305425159136513
41,5799,0.9387883333333333,-12.29460605669023,0.23555555555555555,0,148,0.35135135135135137,0.02027027027027027,0.28378378378378377,0.05405405405405406,0.0,0.6554054054054054,0.16891891891891891,0.17567567567567569,0.08444444444444445,0.13333333333333333,nan,0.009541353862732648,0.004649365390650928,0.03376695849001408,0.144875,nan,nan,nan,nan,nan,nan,nan,nan,nan,nan,nan,nan,nan,nan,nan,nan,nan,nan,nan,nan,nan,nan,nan,nan,nan,nan,nan,nan,nan,nan,nan,nan,nan,nan,nan
42,5927,0.9374372222222223,-5.811315646648407,0.26222222222222225,0,128,0.453125,0.0625,0.1171875,0.0859375,0.0078125,0.6328125,0.1953125,0.171875,0.1511111111111111,0.25333333333333335,nan,0.008761410927399993,0.0038533675135113297,0.033907036297023296,0.14475,nan,nan,nan,nan,nan,nan,nan,nan,nan,nan,nan,nan,nan,nan,nan,nan,nan,nan,nan,nan,nan,nan,nan,nan,nan,nan,nan,nan,nan,nan,nan,nan,nan,nan,nan
43,6081,0.9358116666666667,-11.88256199407577,0.19111111111111112,0,154,0.2727272727272727,0.045454545454545456,0.35064935064935066,0.09740259740259741,0.0,0.6688311688311688,0.15584415584415584,0.17532467532467533,0.09777777777777778,0.12,0.19111111111111112,0.008151316596195102,0.004219843004830181,0.02718391641974449,0.144625,nan,nan,nan,nan,nan,nan,nan,nan,nan,nan,nan,nan,nan,nan,nan,nan,nan,nan,nan,nan,nan,nan,nan,nan,nan,nan,nan,nan,nan,nan,nan,nan,nan,nan,nan
44,6281,0.9337005555555555,-11.23065284109115,0.37333333333333335,0,200,0.415,0.03,0.215,0.095,0.0,0.66,0.13,0.21,0.1511111111111111,0.15555555555555556,0.24888888888888888,0.007990224147215485,0.0039998533902689815,0.027615021914243698,0.1445,nan,nan,nan,nan,nan,nan,nan,nan,nan,nan,nan,nan,nan,nan,nan,nan,nan,nan,nan,nan,nan,nan,nan,nan,nan,nan,nan,nan,nan,nan,nan,nan,nan,nan,nan
45,6422,0.9322122222222222,-13.98725779747963,0.24444444444444444,0,141,0.3829787234042553,0.014184397163120567,0.2553191489361702,0.10638297872340426,0.0,0.6524822695035462,0.16312056737588654,0.18439716312056736,0.12,0.24444444444444444,nan,0.009122359612956644,0.004509915970265866,0.03194766286760568,0.144375,nan,nan,nan,nan,nan,nan,nan,nan,nan,nan,nan,nan,nan,nan,nan,nan,nan,nan,nan,nan,nan,nan,nan,nan,nan,nan,nan,nan,nan,nan,nan,nan,nan,nan,nan
46,6578,0.9305655555555555,-7.185826391696931,0.3422222222222222,0,156,0.48717948717948717,0.04487179487179487,0.16025641025641027,0.05128205128205128,0.0,0.6923076923076923,0.15384615384615385,0.15384615384615385,0.12444444444444444,0.28,0.3422222222222222,0.007983818743377924,0.003630470298230648,0.030179190542548896,0.14425,nan,nan,nan,nan,nan,nan,nan,nan,nan,nan,nan,nan,nan,nan,nan,nan,nan,nan,nan,nan,nan,nan,nan,nan,nan,nan,nan,nan,nan,nan,nan,nan,nan,nan,nan
47,6754,0.9287077777777778,-8.711683184146885,0.30666666666666664,0,176,0.38636363636363635,0.022727272727272728,0.2784090909090909,0.03409090909090909,0.0,0.6875,0.17045454545454544,0.14204545454545456,0.12,0.16444444444444445,0.28888888888888886,0.008094017719849944,0.0036883563734591007,0.030568335298448802,0.144125,nan,nan,nan,nan,nan,nan,nan,nan,nan,nan,nan,nan,nan,nan,nan,nan,nan,nan,nan,nan,nan,nan,nan,nan,nan,nan,nan,nan,nan,nan,nan,nan,nan,nan,nan
48,6886,0.9273144444444444,-11.527667428970336,0.19555555555555557,0,132,0.32575757575757575,0.07575757575757576,0.2803030303030303,0.07575757575757576,0.0,0.6818181818181818,0.1590909090909091,0.1590909090909091,0.12,0.1688888888888889,nan,0.009002830740064383,0.004067660286091268,0.03427201863378286,0.144,nan,nan,nan,nan,nan,nan,nan,nan,nan,nan,nan,nan,nan,nan,nan,nan,nan,nan,nan,nan,nan,nan,nan,nan,nan,nan,nan,nan,nan,nan,nan,nan,nan,nan,nan
49,7042,0.9256677777777778,-8.071034996032717,0.28,0,156,0.3974358974358974,0.04487179487179487,0.24358974358974358,0.0641025641025641,0.0,0.6858974358974359,0.14743589743589744,0.16666666666666666,0.1288888888888889,0.23555555555555555,0.27555555555555555,0.007766748778522015,0.004021227522753179,0.026033160649240016,0.143875,nan,nan,nan,nan,nan,nan,nan,nan,nan,nan,nan,nan,nan,nan,nan,nan,nan,nan,nan,nan,nan,nan,nan,nan,nan,nan,nan,nan,nan,nan,nan,nan,nan,nan,nan
50,7195,0.9240527777777778,-3.228070352077486,0.36444444444444446,0,153,0.5294117647058824,0.05228758169934641,0.13071895424836602,0.0392156862745098,0.0,0.7124183006535948,0.11764705882352941,0.16993464052287582,0.14666666666666667,0.2577777777777778,0.3511111111111111,0.00745584131218493,0.003455001418478787,0.027831930294632913,0.14375,nan,nan,nan,nan,nan,nan,nan,nan,nan,nan,nan,nan,nan,nan,nan,nan,nan,nan,nan,nan,nan,nan,nan,nan,nan,nan,nan,nan,nan,nan,nan,nan,nan,nan,nan
51,7337,0.9225538888888889,-2.8840910584926602,0.3333333333333333,0,142,0.5211267605633803,0.02112676056338028,0.1056338028169014,0.056338028169014086,0.0,0.647887323943662,0.19718309859154928,0.15492957746478872,0.11555555555555555,0.26222222222222225,nan,0.0070484597235918045,0.0038713056826964022,0.022121176496148108,0.143625,nan,nan,nan,nan,nan,nan,nan,nan,nan,nan,nan,nan,nan,nan,nan,nan,nan,nan,nan,nan,nan,nan,nan,nan,nan,nan,nan,nan,nan,nan,nan,nan,nan,nan,nan
52,7510,0.9207277777777778,-2.2708622615337375,0.4577777777777778,0,173,0.5895953757225434,0.028901734104046242,0.06358381502890173,0.046242774566473986,0.005780346820809248,0.6820809248554913,0.15028901734104047,0.1676300578034682,0.15555555555555556,0.26666666666666666,0.4,0.0071500597987324,0.0033524470636621118,0.026464200299233197,0.1435,nan,nan,nan,nan,nan,nan,nan,nan,nan,nan,nan,nan,nan,nan,nan,nan,nan,nan,nan,nan,nan,nan,nan,nan,nan,nan,nan,nan,nan,nan,nan,nan,nan,nan,nan
53,7659,0.919155,-7.121235754966737,0.29333333333333333,0,149,0.436241610738255,0.040268456375838924,0.15436241610738255,0.06040268456375839,0.0,0.6308724832214765,0.20134228187919462,0.16778523489932887,0.1511111111111111,0.24888888888888888,nan,0.007672498654574156,0.0035190003691241145,0.02896947544068098,0.143375,nan,nan,nan,nan,nan,nan,nan,nan,nan,nan,nan,nan,nan,nan,nan,nan,nan,nan,nan,nan,nan,nan,nan,nan,nan,nan,nan,nan,nan,nan,nan,nan,nan,nan,nan
54,7811,0.9175505555555555,-5.162651043653489,0.29777777777777775,0,152,0.4342105263157895,0.03289473684210526,0.19736842105263158,0.039473684210526314,0.0,0.6644736842105263,0.18421052631578946,0.1513157894736842,0.13333333333333333,0.24888888888888888,0.29777777777777775,0.00662533724680543,0.002880296122748405,0.02614339245483279,0.14325,nan,nan,nan,nan,nan,nan,nan,nan,nan,nan,nan,nan,nan,nan,nan,nan,nan,nan,nan,nan,nan,nan,nan,nan,nan,nan,nan,nan,nan,nan,nan,nan,nan,nan,nan
55,7986,0.9157033333333333,-13.065165027618406,0.32,0,175,0.4057142857142857,0.02857142857142857,0.2571428571428571,0.05142857142857143,0.0,0.6914285714285714,0.17714285714285713,0.13142857142857142,0.18222222222222223,0.29333333333333333,0.32,0.008433692064136267,0.0036495564505457877,0.03342627491801977,0.143125,nan,nan,nan,nan,nan,nan,nan,nan,nan,nan,nan,nan,nan,nan,nan,nan,nan,nan,nan,nan,nan,nan,nan,nan,nan,nan,nan,nan,nan,nan,nan,nan,nan,nan,nan
56,8132,0.9141622222222222,-1.92503282380104,0.36,0,146,0.547945205479452,0.03424657534246575,0.10273972602739725,0.0547945205479452,0.0,0.684931506849315,0.15753424657534246,0.15753424657534246,0.1688888888888889,0.28444444444444444,nan,0.00683321338146925,0.003121856041252613,0.025953546166419983,0.143,nan,nan,nan,nan,nan,nan,nan,nan,nan,nan,nan,nan,nan,nan,nan,nan,nan,nan,nan,nan,nan,nan,nan,nan,nan,nan,nan,nan,nan,nan,nan,nan,nan,nan,nan
57,8286,0.9125366666666667,-6.742957213401798,0.24444444444444444,0,154,0.35064935064935066,0.09090909090909091,0.2012987012987013,0.09740259740259741,0.0,0.6428571428571429,0.15584415584415584,0.2012987012987013,0.13333333333333333,0.20444444444444446,0.24444444444444444,0.006138639571145177,0.0027835906483232977,0.02348240800201893,0.142875,nan,nan,nan,nan,nan,nan,nan,nan,nan,nan,nan,nan,nan,nan,nan,nan,nan,nan,nan,nan,nan,nan,nan,nan,nan,nan,nan,nan,nan,nan,nan,nan,nan,nan,nan
58,8411,0.9112172222222222,-13.639840383291245,0.1688888888888889,0,125,0.296,0.032,0.352,0.088,0.0,0.68,0.168,0.152,0.1511111111111111,0.15555555555555556,nan,0.0070115846116095785,0.002869719360023737,0.029014818649739028,0.14275,nan,nan,nan,nan,nan,nan,nan,nan,nan,nan,nan,nan,nan,nan,nan,nan,nan,nan,nan,nan,nan,nan,nan,nan,nan,nan,nan,nan,nan,nan,nan,nan,nan,nan,nan
59,8560,0.9096444444444445,-4.511657400608065,0.31555555555555553,0,149,0.4697986577181208,0.040268456375838924,0.1610738255033557,0.0738255033557047,0.0,0.6711409395973155,0.18791946308724833,0.14093959731543623,0.1288888888888889,0.24444444444444444,nan,0.006797620793804526,0.003164920466952026,0.02547029107809067,0.142625,nan,nan,nan,nan,nan,nan,nan,nan,nan,nan,nan,nan,nan,nan,nan,nan,nan,nan,nan,nan,nan,nan,nan,nan,nan,nan,nan,nan,nan,nan,nan,nan,nan,nan,nan
60,8736,0.9077866666666666,-3.5479626095295,0.38666666666666666,0,176,0.48863636363636365,0.07954545454545454,0.10227272727272728,0.056818181818181816,0.0,0.6704545454545454,0.17045454545454544,0.1590909090909091,0.12444444444444444,0.19111111111111112,0.29777777777777775,0.00721033439040184,0.0030589688336476683,0.029132391139864922,0.1425,-2.267681439137459,0.2924444444444444,0.0,128.8,0.0,1.0,0.5124337642249887,0.2689772495701684,0.021699880314087525,0.013133031161581035,0.004428536598967914,0.8031108941092444,0.0376053856398223,0.15928372025093324,0.17688888888888887,0.2591111111111111,0.33111111111111113,-2.4399359312295905,0.2995555555555556,0.0,128.7,0.0,1.0,0.5223345104111228,0.2615895724982984,0.0346844818822628,0.016116047729998657,0.0033875830164318875,0.8186085647916839,0.03554500049553137,0.1458464347127848,0.17644444444444446,0.2773333333333334,nan,0.6188295187979678
61,8886,0.9062033333333334,-0.8406364970207207,0.39111111111111113,0,150,0.58,0.05333333333333334,0.08,0.03333333333333333,0.0,0.7133333333333334,0.09333333333333334,0.19333333333333333,0.13333333333333333,0.24444444444444444,0.39111111111111113,0.006345002655871212,0.0027039740001782776,0.025573510397225618,0.142375,nan,nan,nan,nan,nan,nan,nan,nan,nan,nan,nan,nan,nan,nan,nan,nan,nan,nan,nan,nan,nan,nan,nan,nan,nan,nan,nan,nan,nan,nan,nan,nan,nan,nan,nan
62,9018,0.90481,-3.519601721286773,0.3377777777777778,0,132,0.5681818181818182,0.022727272727272728,0.06060606060606061,0.09090909090909091,0.015151515151515152,0.6515151515151515,0.15151515151515152,0.19696969696969696,0.1288888888888889,0.29333333333333333,nan,0.006517817359417677,0.0030518840765580537,0.024365084245800972,0.14225,nan,nan,nan,nan,nan,nan,nan,nan,nan,nan,nan,nan,nan,nan,nan,nan,nan,nan,nan,nan,nan,nan,nan,nan,nan,nan,nan,nan,nan,nan,nan,nan,nan,nan,nan
63,9128,0.903648888888889,-1.5643922667503352,0.29777777777777775,0,110,0.6,0.045454545454545456,0.06363636363636363,0.01818181818181818,0.00909090909090909,0.7090909090909091,0.14545454545454545,0.14545454545454545,0.1288888888888889,0.26222222222222225,nan,0.006149259768426419,0.0026508145150728525,0.024615270271897315,0.142125,nan,nan,nan,nan,nan,nan,nan,nan,nan,nan,nan,nan,nan,nan,nan,nan,nan,nan,nan,nan,nan,nan,nan,nan,nan,nan,nan,nan,nan,nan,nan,nan,nan,nan,nan
64,9315,0.901675,-4.457457139968875,0.36444444444444446,0,187,0.43315508021390375,0.0748663101604278,0.13368983957219252,0.0748663101604278,0.0,0.6417112299465241,0.17647058823529413,0.18181818181818182,0.1511111111111111,0.21333333333333335,0.26666666666666666,0.00629710266366601,0.0026020292774774135,0.026021641958504916,0.142,nan,nan,nan,nan,nan,nan,nan,nan,nan,nan,nan,nan,nan,nan,nan,nan,nan,nan,nan,nan,nan,nan,nan,nan,nan,nan,nan,nan,nan,nan,nan,nan,nan,nan,nan
65,9492,0.8998066666666666,-11.421586985111233,0.24,0,177,0.2994350282485876,0.062146892655367235,0.3163841807909605,0.05649717514124294,0.0,0.6779661016949152,0.1694915254237288,0.15254237288135594,0.12,0.23555555555555555,0.24,0.00581591846421361,0.002661015186458826,0.0222372037358582,0.141875,nan,nan,nan,nan,nan,nan,nan,nan,nan,nan,nan,nan,nan,nan,nan,nan,nan,nan,nan,nan,nan,nan,nan,nan,nan,nan,nan,nan,nan,nan,nan,nan,nan,nan,nan
66,9602,0.8986455555555556,-13.256866644382479,0.14666666666666667,0,110,0.2909090909090909,0.03636363636363636,0.39090909090909093,0.05454545454545454,0.0,0.7181818181818181,0.11818181818181818,0.16363636363636364,0.14666666666666667,0.14666666666666667,nan,0.006614806712605059,0.0027790973195806145,0.027059680223464964,0.14175,nan,nan,nan,nan,nan,nan,nan,nan,nan,nan,nan,nan,nan,nan,nan,nan,nan,nan,nan,nan,nan,nan,nan,nan,nan,nan,nan,nan,nan,nan,nan,nan,nan,nan,nan
67,9760,0.8969777777777778,-6.442640641450884,0.3511111111111111,0,158,0.4936708860759494,0.012658227848101266,0.13924050632911392,0.0949367088607595,0.0,0.6455696202531646,0.16455696202531644,0.189873417721519,0.10222222222222223,0.25333333333333335,0.3511111111111111,0.006644046120345593,0.0024609830463305114,0.02953619007021189,0.141625,nan,nan,nan,nan,nan,nan,nan,nan,nan,nan,nan,nan,nan,nan,nan,nan,nan,nan,nan,nan,nan,nan,nan,nan,nan,nan,nan,nan,nan,nan,nan,nan,nan,nan,nan
68,9947,0.8950038888888889,-9.079912405490875,0.31555555555555553,0,187,0.37433155080213903,0.09090909090909091,0.18716577540106952,0.06417112299465241,0.0,0.6524064171122995,0.17647058823529413,0.1711229946524064,0.15555555555555556,0.24,0.31555555555555553,0.005683649005368352,0.002580163720995188,0.021932758297771214,0.1415,nan,nan,nan,nan,nan,nan,nan,nan,nan,nan,nan,nan,nan,nan,nan,nan,nan,nan,nan,nan,nan,nan,nan,nan,nan,nan,nan,nan,nan,nan,nan,nan,nan,nan,nan
69,10088,0.8935155555555556,-3.051224144697189,0.29333333333333333,0,141,0.46099290780141844,0.15602836879432624,0.09219858156028368,0.04964539007092199,0.0,0.7092198581560284,0.1276595744680851,0.16312056737588654,0.1111111111111111,0.2577777777777778,nan,0.006296860333532095,0.002739191125147045,0.025164767680689693,0.141375,nan,nan,nan,nan,nan,nan,nan,nan,nan,nan,nan,nan,nan,nan,nan,nan,nan,nan,nan,nan,nan,nan,nan,nan,nan,nan,nan,nan,nan,nan,nan,nan,nan,nan,nan
70,10279,0.8914994444444444,-5.41854352951051,0.36444444444444446,0,191,0.42408376963350786,0.05759162303664921,0.16753926701570682,0.07329842931937172,0.0,0.6492146596858639,0.14659685863874344,0.20418848167539266,0.09333333333333334,0.17777777777777778,0.28444444444444444,0.006149597465991974,0.002478255471214652,0.025991802103817463,0.14125,nan,nan,nan,nan,nan,nan,nan,nan,nan,nan,nan,nan,nan,nan,nan,nan,nan,nan,nan,nan,nan,nan,nan,nan,nan,nan,nan,nan,nan,nan,nan,nan,nan,nan,nan
71,10417,0.8900427777777777,-6.684356711626053,0.24,0,138,0.38405797101449274,0.07246376811594203,0.15217391304347827,0.10144927536231885,0.007246376811594203,0.6086956521739131,0.16666666666666666,0.2246376811594203,0.14222222222222222,0.2311111111111111,nan,0.005767631670460105,0.002694976853672415,0.02177257798612118,0.141125,nan,nan,nan,nan,nan,nan,nan,nan,nan,nan,nan,nan,nan,nan,nan,nan,nan,nan,nan,nan,nan,nan,nan,nan,nan,nan,nan,nan,nan,nan,nan,nan,nan,nan,nan
72,10573,0.8883961111111112,-0.3998327846527099,0.37777777777777777,0,156,0.5384615384615384,0.10897435897435898,0.019230769230769232,0.04487179487179487,0.00641025641025641,0.6666666666666666,0.15384615384615385,0.1794871794871795,0.1511111111111111,0.3111111111111111,0.37777777777777777,0.006170594878494739,0.002370666875503957,0.0269498435780406,0.141,nan,nan,nan,nan,nan,nan,nan,nan,nan,nan,nan,nan,nan,nan,nan,nan,nan,nan,nan,nan,nan,nan,nan,nan,nan,nan,nan,nan,nan,nan,nan,nan,nan,nan,nan
73,10710,0.88695,-1.6831180510520927,0.37333333333333335,0,137,0.6058394160583942,0.0072992700729927005,0.072992700729927,0.029197080291970802,0.0072992700729927005,0.6861313868613139,0.13138686131386862,0.18248175182481752,0.13777777777777778,0.26666666666666666,nan,0.00582569797988981,0.002600243396591395,0.022895862814038992,0.140875,nan,nan,nan,nan,nan,nan,nan,nan,nan,nan,nan,nan,nan,nan,nan,nan,nan,nan,nan,nan,nan,nan,nan,nan,nan,nan,nan,nan,nan,nan,nan,nan,nan,nan,nan
74,10826,0.8857255555555555,-2.0628714280128477,0.28,0,116,0.5344827586206896,0.0603448275862069,0.07758620689655173,0.05172413793103448,0.008620689655172414,0.6724137931034483,0.15517241379310345,0.1724137931034483,0.1511111111111111,0.24444444444444444,nan,0.0060724481008946896,0.0022835165727883577,0.02691958351060748,0.14075,nan,nan,nan,nan,nan,nan,nan,nan,nan,nan,nan,nan,nan,nan,nan,nan,nan,nan,nan,nan,nan,nan,nan,nan,nan,nan,nan,nan,nan,nan,nan,nan,nan,nan,nan
75,10982,0.8840788888888889,-6.5168728568553975,0.3111111111111111,-1,156,0.4423076923076923,0.019230769230769232,0.21794871794871795,0.05128205128205128,0.00641025641025641,0.6794871794871795,0.19230769230769232,0.1282051282051282,0.12,0.23555555555555555,0.3022222222222222,0.0071061681490391495,0.002515267569106072,0.032646403461694715,0.140625,nan,nan,nan,nan,nan,nan,nan,nan,nan,nan,nan,nan,nan,nan,nan,nan,nan,nan,nan,nan,nan,nan,nan,nan,nan,nan,nan,nan,nan,nan,nan,nan,nan,nan,nan
76,11165,0.8821472222222222,-3.9851159558296203,0.38666666666666666,0,183,0.46994535519125685,0.07650273224043716,0.07103825136612021,0.07650273224043716,0.01092896174863388,0.6174863387978142,0.15846994535519127,0.22404371584699453,0.1288888888888889,0.22666666666666666,0.3377777777777778,0.00644755745306611,0.002396916737779975,0.028830184414982796,0.14049999999999999,nan,nan,nan,nan,nan,nan,nan,nan,nan,nan,nan,nan,nan,nan,nan,nan,nan,nan,nan,nan,nan,nan,nan,nan,nan,nan,nan,nan,nan,nan,nan,nan,nan,nan,nan
77,11286,0.88087,-7.2508972465992,0.27555555555555555,0,121,0.5041322314049587,0.024793388429752067,0.15702479338842976,0.0743801652892562,0.0,0.6859504132231405,0.11570247933884298,0.19834710743801653,0.16444444444444445,0.21333333333333335,nan,0.005632496951147914,0.0026371733169071377,0.021338012255728244,0.140375,nan,nan,nan,nan,nan,nan,nan,nan,nan,nan,nan,nan,nan,nan,nan,nan,nan,nan,nan,nan,nan,nan,nan,nan,nan,nan,nan,nan,nan,nan,nan,nan,nan,nan,nan
78,11497,0.8786427777777778,-13.256139815330505,0.32,0,211,0.33649289099526064,0.07109004739336493,0.3080568720379147,0.04739336492890995,0.0,0.7156398104265402,0.12322274881516587,0.16113744075829384,0.16444444444444445,0.27111111111111114,0.31555555555555553,0.006723084719851613,0.0031813536770641804,0.02525298441760242,0.14024999999999999,nan,nan,nan,nan,nan,nan,nan,nan,nan,nan,nan,nan,nan,nan,nan,nan,nan,nan,nan,nan,nan,nan,nan,nan,nan,nan,nan,nan,nan,nan,nan,nan,nan,nan,nan
79,11639,0.877143888888889,-3.9321059916019467,0.29777777777777775,0,142,0.4647887323943662,0.06338028169014084,0.15492957746478872,0.04929577464788732,0.0,0.6830985915492958,0.16901408450704225,0.14788732394366197,0.12,0.18222222222222223,nan,0.006286522326990962,0.0028236269718036056,0.024712900398299098,0.140125,nan,nan,nan,nan,nan,nan,nan,nan,nan,nan,nan,nan,nan,nan,nan,nan,nan,nan,nan,nan,nan,nan,nan,nan,nan,nan,nan,nan,nan,nan,nan,nan,nan,nan,nan
80,11769,0.8757716666666666,-13.17148988008498,0.15555555555555556,0,130,0.26153846153846155,0.038461538461538464,0.3230769230769231,0.08461538461538462,0.007692307692307693,0.6230769230769231,0.19230769230769232,0.18461538461538463,0.07111111111111111,0.1111111111111111,nan,0.00718132327310741,0.00291780506959185,0.030453701224178075,0.13999999999999999,-8.113835296940803,0.2977777777777778,0.4,222.4,0.2,0.8,0.2983273291589476,0.2447571080429935,0.0017423713876546835,0.19059814880183737,0.0,0.5448268085895959,0.05480245896705534,0.40037073244334886,0.11733333333333336,0.1808888888888889,0.24355555555555553,-5.3470919046640395,0.3057777777777778,0.1,198.5,0.1,0.9,0.34709647452392584,0.26519922252393713,0.001058201058201058,0.1270586382098848,0.0,0.6133538981060641,0.042064883374093774,0.34458121851984225,0.14444444444444443,0.2271111111111111,0.2737777777777778,0.45947236961639754
81,11879,0.8746105555555556,-1.5416459932327276,0.27111111111111114,0,110,0.5454545454545454,0.03636363636363636,0.08181818181818182,0.045454545454545456,0.00909090909090909,0.6636363636363637,0.18181818181818182,0.15454545454545454,0.14222222222222222,0.24888888888888888,nan,0.00613137362524867,0.0029814721550792457,0.02251940406858921,0.139875,nan,nan,nan,nan,nan,nan,nan,nan,nan,nan,nan,nan,nan,nan,nan,nan,nan,nan,nan,nan,nan,nan,nan,nan,nan,nan,nan,nan,nan,nan,nan,nan,nan,nan,nan
82,12085,0.8724361111111112,-5.498465655326844,0.36444444444444446,0,206,0.3932038834951456,0.08737864077669903,0.15048543689320387,0.06310679611650485,0.0,0.6310679611650486,0.1796116504854369,0.18932038834951456,0.14222222222222222,0.21777777777777776,0.28444444444444444,0.005701961787417531,0.002617708663456142,0.022069788165390493,0.13974999999999999,nan,nan,nan,nan,nan,nan,nan,nan,nan,nan,nan,nan,nan,nan,nan,nan,nan,nan,nan,nan,nan,nan,nan,nan,nan,nan,nan,nan,nan,nan,nan,nan,nan,nan,nan
83,12255,0.8706416666666666,-6.434867070198058,0.21777777777777776,0,170,0.2823529411764706,0.12941176470588237,0.16470588235294117,0.10588235294117647,0.0,0.5764705882352941,0.21764705882352942,0.20588235294117646,0.16,0.21777777777777776,0.21777777777777776,0.005673023639246821,0.002190970454830676,0.02493860824033618,0.139625,nan,nan,nan,nan,nan,nan,nan,nan,nan,nan,nan,nan,nan,nan,nan,nan,nan,nan,nan,nan,nan,nan,nan,nan,nan,nan,nan,nan,nan,nan,nan,nan,nan,nan,nan
84,12402,0.86909,-10.266046950340273,0.19555555555555557,0,147,0.2925170068027211,0.08163265306122448,0.2585034013605442,0.09523809523809523,0.0,0.6326530612244898,0.1836734693877551,0.1836734693877551,0.13777777777777778,0.18666666666666668,nan,0.0061136588221415876,0.0023803959134966134,0.026761739514768124,0.13949999999999999,nan,nan,nan,nan,nan,nan,nan,nan,nan,nan,nan,nan,nan,nan,nan,nan,nan,nan,nan,nan,nan,nan,nan,nan,nan,nan,nan,nan,nan,nan,nan,nan,nan,nan,nan
85,12552,0.8675066666666666,-5.264079680681229,0.27555555555555555,0,150,0.4066666666666667,0.08,0.14666666666666667,0.11333333333333333,0.0,0.6333333333333333,0.18,0.18666666666666668,0.14666666666666667,0.22666666666666666,0.27555555555555555,0.005713979550637305,0.002587672043591738,0.022430905606597662,0.139375,nan,nan,nan,nan,nan,nan,nan,nan,nan,nan,nan,nan,nan,nan,nan,nan,nan,nan,nan,nan,nan,nan,nan,nan,nan,nan,nan,nan,nan,nan,nan,nan,nan,nan,nan
86,12660,0.8663666666666667,-1.5672203884124756,0.31555555555555553,0,108,0.6481481481481481,0.009259259259259259,0.09259259259259259,0.027777777777777776,0.009259259259259259,0.75,0.17592592592592593,0.07407407407407407,0.1511111111111111,0.29777777777777775,nan,0.006460760766640305,0.0025891334284096957,0.027803428284823895,0.13924999999999998,nan,nan,nan,nan,nan,nan,nan,nan,nan,nan,nan,nan,nan,nan,nan,nan,nan,nan,nan,nan,nan,nan,nan,nan,nan,nan,nan,nan,nan,nan,nan,nan,nan,nan,nan
87,12751,0.8654061111111111,-2.3281609206199647,0.24444444444444444,0,91,0.5934065934065934,0.04395604395604396,0.054945054945054944,0.04395604395604396,0.02197802197802198,0.6923076923076923,0.2087912087912088,0.0989010989010989,0.16444444444444445,nan,nan,0.006557871121913195,0.0025118272285908462,0.029082076717168094,0.139125,nan,nan,nan,nan,nan,nan,nan,nan,nan,nan,nan,nan,nan,nan,nan,nan,nan,nan,nan,nan,nan,nan,nan,nan,nan,nan,nan,nan,nan,nan,nan,nan,nan,nan,nan
88,12938,0.8634322222222223,-8.840336745262146,0.36,0,187,0.42780748663101603,0.0374331550802139,0.20320855614973263,0.0855614973262032,0.0,0.6684491978609626,0.15508021390374332,0.17647058823529413,0.1288888888888889,0.27111111111111114,0.3466666666666667,0.006388127757236362,0.0025189637672156096,0.027835712395608427,0.13899999999999998,nan,nan,nan,nan,nan,nan,nan,nan,nan,nan,nan,nan,nan,nan,nan,nan,nan,nan,nan,nan,nan,nan,nan,nan,nan,nan,nan,nan,nan,nan,nan,nan,nan,nan,nan
89,13118,0.8615322222222223,-22.76304895544051,0.21777777777777776,0,180,0.26666666666666666,0.027777777777777776,0.3333333333333333,0.12777777777777777,0.0,0.6277777777777778,0.19444444444444445,0.17777777777777778,0.1288888888888889,0.1688888888888889,0.18666666666666668,0.006270946189761162,0.0026553715113550426,0.026034743105992676,0.138875,nan,nan,nan,nan,nan,nan,nan,nan,nan,nan,nan,nan,nan,nan,nan,nan,nan,nan,nan,nan,nan,nan,nan,nan,nan,nan,nan,nan,nan,nan,nan,nan,nan,nan,nan
90,13293,0.859685,-8.603233840942385,0.3288888888888889,0,175,0.41714285714285715,0.06285714285714286,0.17714285714285713,0.06857142857142857,0.0,0.6571428571428571,0.19428571428571428,0.14857142857142858,0.1688888888888889,0.21777777777777776,0.32,0.005563112255185842,0.002293542947154492,0.023564462969079613,0.13874999999999998,nan,nan,nan,nan,nan,nan,nan,nan,nan,nan,nan,nan,nan,nan,nan,nan,nan,nan,nan,nan,nan,nan,nan,nan,nan,nan,nan,nan,nan,nan,nan,nan,nan,nan,nan
91,13498,0.8575211111111112,-6.701393066167835,0.39555555555555555,0,205,0.4292682926829268,0.05365853658536585,0.15121951219512195,0.06829268292682927,0.0,0.6341463414634146,0.17560975609756097,0.1902439024390244,0.1111111111111111,0.24888888888888888,0.29333333333333333,0.005833780206739902,0.0021631555631756783,0.026478808280080555,0.138625,nan,nan,nan,nan,nan,nan,nan,nan,nan,nan,nan,nan,nan,nan,nan,nan,nan,nan,nan,nan,nan,nan,nan,nan,nan,nan,nan,nan,nan,nan,nan,nan,nan,nan,nan
92,13704,0.8553466666666667,-6.278533898830421,0.41333333333333333,0,206,0.44660194174757284,0.06796116504854369,0.15048543689320387,0.09223300970873786,0.0,0.6650485436893204,0.18446601941747573,0.15048543689320387,0.1511111111111111,0.2577777777777778,0.28888888888888886,0.006115200091153383,0.0026576776755973695,0.024964059889316558,0.13849999999999998,nan,nan,nan,nan,nan,nan,nan,nan,nan,nan,nan,nan,nan,nan,nan,nan,nan,nan,nan,nan,nan,nan,nan,nan,nan,nan,nan,nan,nan,nan,nan,nan,nan,nan,nan
93,13771,0.8546394444444445,-4.951531782150269,0.11555555555555555,0,67,0.373134328358209,0.05970149253731343,0.19402985074626866,0.08955223880597014,0.029850746268656716,0.6268656716417911,0.22388059701492538,0.14925373134328357,0.10666666666666667,nan,nan,0.005768470978364348,0.0027230277424678206,0.022008623089641334,0.138375,nan,nan,nan,nan,nan,nan,nan,nan,nan,nan,nan,nan,nan,nan,nan,nan,nan,nan,nan,nan,nan,nan,nan,nan,nan,nan,nan,nan,nan,nan,nan,nan,nan,nan,nan
94,13922,0.8530455555555556,-0.3854067246913899,0.39111111111111113,0,151,0.5761589403973509,0.06622516556291391,0.006622516556291391,0.059602649006622516,0.0,0.6490066225165563,0.19205298013245034,0.15894039735099338,0.15555555555555556,0.3022222222222222,0.38666666666666666,0.006536643207073212,0.0028954274486750363,0.026337909512221813,0.13824999999999998,nan,nan,nan,nan,nan,nan,nan,nan,nan,nan,nan,nan,nan,nan,nan,nan,nan,nan,nan,nan,nan,nan,nan,nan,nan,nan,nan,nan,nan,nan,nan,nan,nan,nan,nan
95,14066,0.8515255555555555,-6.266041248321535,0.26222222222222225,0,144,0.4027777777777778,0.0625,0.19444444444444445,0.10416666666666667,0.0,0.6597222222222222,0.14583333333333334,0.19444444444444445,0.17777777777777778,0.21777777777777776,nan,0.0055021768203005195,0.0026782727567479015,0.02044455362483859,0.138125,nan,nan,nan,nan,nan,nan,nan,nan,nan,nan,nan,nan,nan,nan,nan,nan,nan,nan,nan,nan,nan,nan,nan,nan,nan,nan,nan,nan,nan,nan,nan,nan,nan,nan,nan
96,14262,0.8494566666666666,-5.160741340160369,0.4222222222222222,0,196,0.47959183673469385,0.03571428571428571,0.1377551020408163,0.09183673469387756,0.0,0.6530612244897959,0.1836734693877551,0.16326530612244897,0.14666666666666667,0.29333333333333333,0.38666666666666666,0.005831161700189114,0.0028408106416463854,0.021669211238622664,0.13799999999999998,nan,nan,nan,nan,nan,nan,nan,nan,nan,nan,nan,nan,nan,nan,nan,nan,nan,nan,nan,nan,nan,nan,nan,nan,nan,nan,nan,nan,nan,nan,nan,nan,nan,nan,nan
97,14418,0.84781,-5.720142227172854,0.31555555555555553,0,156,0.44871794871794873,0.07051282051282051,0.15384615384615385,0.07051282051282051,0.0,0.6730769230769231,0.1282051282051282,0.1987179487179487,0.18666666666666668,0.23555555555555555,0.29777777777777775,0.005896669439971447,0.0027979373233392836,0.02247493779286742,0.137875,nan,nan,nan,nan,nan,nan,nan,nan,nan,nan,nan,nan,nan,nan,nan,nan,nan,nan,nan,nan,nan,nan,nan,nan,nan,nan,nan,nan,nan,nan,nan,nan,nan,nan,nan
98,14569,0.8462161111111111,-3.352112823009495,0.39555555555555555,0,151,0.5827814569536424,0.039735099337748346,0.10596026490066225,0.046357615894039736,0.0,0.7284768211920529,0.15894039735099338,0.11258278145695365,0.15555555555555556,0.27111111111111114,0.39555555555555555,0.0060852357186377045,0.0028397775487974284,0.023560495115816593,0.13774999999999998,nan,nan,nan,nan,nan,nan,nan,nan,nan,nan,nan,nan,nan,nan,nan,nan,nan,nan,nan,nan,nan,nan,nan,nan,nan,nan,nan,nan,nan,nan,nan,nan,nan,nan,nan
99,14753,0.8442738888888889,-5.842729427576066,0.3377777777777778,0,184,0.4076086956521739,0.05434782608695652,0.17391304347826086,0.06521739130434782,0.005434782608695652,0.6358695652173914,0.1793478260869565,0.18478260869565216,0.09777777777777778,0.17333333333333334,0.3111111111111111,0.005340065620839596,0.0028498339815996587,0.01809432655572891,0.137625,nan,nan,nan,nan,nan,nan,nan,nan,nan,nan,nan,nan,nan,nan,nan,nan,nan,nan,nan,nan,nan,nan,nan,nan,nan,nan,nan,nan,nan,nan,nan,nan,nan,nan,nan
100,14930,0.8424055555555556,-3.5390748267173784,0.3466666666666667,0,177,0.4350282485875706,0.05084745762711865,0.096045197740113,0.11299435028248588,0.0,0.5819209039548022,0.20903954802259886,0.20903954802259886,0.13333333333333333,0.24444444444444444,0.30666666666666664,0.005255600484088063,0.002799414237961173,0.017863172758370637,0.13749999999999998,-6.582287719058991,0.43200000000000005,0.0,206.9,0.0,1.0,0.4714457059898006,0.18564270220521265,0.0009484304932735426,0.1714682348400876,0.0,0.6580368386882867,0.1505232332249994,0.1914399280867139,0.15955555555555556,0.292,0.3866666666666666,-9.463515674281123,0.40444444444444444,0.4,215.0,0.2,0.8,0.42866726774933006,0.20106374230034776,0.0006134969325153375,0.1853573274296501,0.0,0.6303445069821931,0.2112389346040126,0.15841655841379423,0.14044444444444443,0.268,0.3635555555555555,0.7525143381615099
101,15063,0.8410016666666666,-1.8102606515884385,0.36,0,133,0.6015037593984962,0.03007518796992481,0.06015037593984962,0.03759398496240601,0.0,0.6917293233082706,0.15037593984962405,0.15789473684210525,0.16,0.28,nan,0.006717118807137013,0.004843557486310601,0.013638298725709319,0.137375,nan,nan,nan,nan,nan,nan,nan,nan,nan,nan,nan,nan,nan,nan,nan,nan,nan,nan,nan,nan,nan,nan,nan,nan,nan,nan,nan,nan,nan,nan,nan,nan,nan,nan,nan
102,15272,0.8387955555555555,-7.502989023685458,0.38222222222222224,0,209,0.40669856459330145,0.06698564593301436,0.15789473684210525,0.08133971291866028,0.0,0.631578947368421,0.15311004784688995,0.215311004784689,0.14222222222222222,0.24444444444444444,0.28,0.005747891822829842,0.004085326427593827,0.0121134081389755,0.13724999999999998,nan,nan,nan,nan,nan,nan,nan,nan,nan,nan,nan,nan,nan,nan,nan,nan,nan,nan,nan,nan,nan,nan,nan,nan,nan,nan,nan,nan,nan,nan,nan,nan,nan,nan,nan
103,15385,0.8376027777777778,-6.436762433052063,0.2311111111111111,0,113,0.45132743362831856,0.02654867256637168,0.1415929203539823,0.07079646017699115,0.008849557522123894,0.6194690265486725,0.17699115044247787,0.20353982300884957,0.15555555555555556,0.21777777777777776,nan,0.0053439117968082425,0.004008132568560541,0.009741325723007321,0.137125,nan,nan,nan,nan,nan,nan,nan,nan,nan,nan,nan,nan,nan,nan,nan,nan,nan,nan,nan,nan,nan,nan,nan,nan,nan,nan,nan,nan,nan,nan,nan,nan,nan,nan,nan
104,15535,0.8360194444444444,-4.517382509708406,0.29777777777777775,0,150,0.44,0.05333333333333334,0.14,0.10666666666666667,0.0,0.6333333333333333,0.19333333333333333,0.17333333333333334,0.1511111111111111,0.25333333333333335,0.29777777777777775,0.006130032194778323,0.0046899249777197834,0.01051173210144043,0.13699999999999998,nan,nan,nan,nan,nan,nan,nan,nan,nan,nan,nan,nan,nan,nan,nan,nan,nan,nan,nan,nan,nan,nan,nan,nan,nan,nan,nan,nan,nan,nan,nan,nan,nan,nan,nan
105,15700,0.8342777777777778,-3.142457467794419,0.3022222222222222,0,165,0.40606060606060607,0.08484848484848485,0.09696969696969697,0.09090909090909091,0.0,0.5878787878787879,0.22424242424242424,0.18787878787878787,0.14222222222222222,0.24888888888888888,0.28888888888888886,0.0068743978161364796,0.005550061911344528,0.00967551302164793,0.136875,nan,nan,nan,nan,nan,nan,nan,nan,nan,nan,nan,nan,nan,nan,nan,nan,nan,nan,nan,nan,nan,nan,nan,nan,nan,nan,nan,nan,nan,nan,nan,nan,nan,nan,nan
106,15849,0.832705,-14.275705710649488,0.16444444444444445,0,149,0.24161073825503357,0.040268456375838924,0.3422818791946309,0.08053691275167785,0.0,0.6241610738255033,0.19463087248322147,0.18120805369127516,0.10222222222222223,0.16444444444444445,nan,0.008068432239815593,0.006586336297914386,0.010837995354086161,0.13674999999999998,nan,nan,nan,nan,nan,nan,nan,nan,nan,nan,nan,nan,nan,nan,nan,nan,nan,nan,nan,nan,nan,nan,nan,nan,nan,nan,nan,nan,nan,nan,nan,nan,nan,nan,nan
107,16020,0.8309,-2.2999321875572214,0.40444444444444444,0,171,0.5263157894736842,0.06432748538011696,0.07017543859649122,0.04678362573099415,0.0,0.6608187134502924,0.1871345029239766,0.15204678362573099,0.14222222222222222,0.26222222222222225,0.36,0.0118597527500242,0.010125232953578233,0.012695478135719895,0.136625,nan,nan,nan,nan,nan,nan,nan,nan,nan,nan,nan,nan,nan,nan,nan,nan,nan,nan,nan,nan,nan,nan,nan,nan,nan,nan,nan,nan,nan,nan,nan,nan,nan,nan,nan
108,16106,0.8299922222222222,-6.673210421562194,0.14666666666666667,0,86,0.37209302325581395,0.046511627906976744,0.19767441860465115,0.10465116279069768,0.011627906976744186,0.6162790697674418,0.19767441860465115,0.18604651162790697,0.1288888888888889,nan,nan,0.008330829720944167,0.005715752905234695,0.019158072490245103,0.13649999999999998,nan,nan,nan,nan,nan,nan,nan,nan,nan,nan,nan,nan,nan,nan,nan,nan,nan,nan,nan,nan,nan,nan,nan,nan,nan,nan,nan,nan,nan,nan,nan,nan,nan,nan,nan
109,16225,0.8287361111111111,-2.867452153682709,0.26666666666666666,0,119,0.4957983193277311,0.04201680672268908,0.11764705882352941,0.05042016806722689,0.008403361344537815,0.6554621848739496,0.13445378151260504,0.21008403361344538,0.16,0.2577777777777778,nan,0.006337199779227376,0.004502019751816988,0.013456865958869458,0.136375,nan,nan,nan,nan,nan,nan,nan,nan,nan,nan,nan,nan,nan,nan,nan,nan,nan,nan,nan,nan,nan,nan,nan,nan,nan,nan,nan,nan,nan,nan,nan,nan,nan,nan,nan
110,16436,0.826508888888889,-2.2992123498916612,0.4444444444444444,0,211,0.46919431279620855,0.08530805687203792,0.037914691943127965,0.12796208530805686,0.004739336492890996,0.5924170616113744,0.24170616113744076,0.16587677725118483,0.15555555555555556,0.26666666666666666,0.38666666666666666,0.005733436765149235,0.004547274368815124,0.00870577823370695,0.13624999999999998,nan,nan,nan,nan,nan,nan,nan,nan,nan,nan,nan,nan,nan,nan,nan,nan,nan,nan,nan,nan,nan,nan,nan,nan,nan,nan,nan,nan,nan,nan,nan,nan,nan,nan,nan
111,16538,0.8254322222222222,-3.108719236373901,0.26666666666666666,0,102,0.5784313725490197,0.0392156862745098,0.09803921568627451,0.058823529411764705,0.00980392156862745,0.7156862745098039,0.16666666666666666,0.11764705882352941,0.13333333333333333,0.26666666666666666,nan,0.004828200675547123,0.0037021963391453026,0.008271840587258338,0.136125,nan,nan,nan,nan,nan,nan,nan,nan,nan,nan,nan,nan,nan,nan,nan,nan,nan,nan,nan,nan,nan,nan,nan,nan,nan,nan,nan,nan,nan,nan,nan,nan,nan,nan,nan
112,16660,0.8241444444444445,-4.452131184101105,0.28444444444444444,0,122,0.5163934426229508,0.03278688524590164,0.13114754098360656,0.09016393442622951,0.00819672131147541,0.680327868852459,0.14754098360655737,0.1721311475409836,0.15555555555555556,0.28,nan,0.004723039921373129,0.0036486488534137607,0.007899934146553277,0.13599999999999998,nan,nan,nan,nan,nan,nan,nan,nan,nan,nan,nan,nan,nan,nan,nan,nan,nan,nan,nan,nan,nan,nan,nan,nan,nan,nan,nan,nan,nan,nan,nan,nan,nan,nan,nan
113,16838,0.8222655555555556,-3.2958105716705326,0.38666666666666666,0,178,0.48314606741573035,0.056179775280898875,0.10112359550561797,0.0898876404494382,0.0,0.6404494382022472,0.20786516853932585,0.15168539325842698,0.14666666666666667,0.24888888888888888,0.3377777777777778,0.004713901644572615,0.0036144097568467258,0.00809193616732955,0.135875,nan,nan,nan,nan,nan,nan,nan,nan,nan,nan,nan,nan,nan,nan,nan,nan,nan,nan,nan,nan,nan,nan,nan,nan,nan,nan,nan,nan,nan,nan,nan,nan,nan,nan,nan
114,16982,0.8207455555555556,-3.4683073077201856,0.3377777777777778,0,144,0.5208333333333334,0.04861111111111111,0.1388888888888889,0.04861111111111111,0.0,0.7083333333333334,0.19444444444444445,0.09722222222222222,0.08888888888888889,0.2222222222222222,nan,0.004495367431081832,0.003474310180172324,0.007521600415930152,0.13575,nan,nan,nan,nan,nan,nan,nan,nan,nan,nan,nan,nan,nan,nan,nan,nan,nan,nan,nan,nan,nan,nan,nan,nan,nan,nan,nan,nan,nan,nan,nan,nan,nan,nan,nan
115,17188,0.8185711111111111,-6.8151228122711185,0.4222222222222222,0,206,0.4563106796116505,0.04854368932038835,0.1553398058252427,0.06796116504854369,0.0,0.6601941747572816,0.20388349514563106,0.13592233009708737,0.13333333333333333,0.23555555555555555,0.36444444444444446,0.004204961005598307,0.003097197343595326,0.008167842449620367,0.135625,nan,nan,nan,nan,nan,nan,nan,nan,nan,nan,nan,nan,nan,nan,nan,nan,nan,nan,nan,nan,nan,nan,nan,nan,nan,nan,nan,nan,nan,nan,nan,nan,nan,nan,nan
116,17335,0.8170194444444444,-0.4237724893093098,0.43555555555555553,0,147,0.6598639455782312,0.034013605442176874,0.013605442176870748,0.04081632653061224,0.0,0.7074829931972789,0.17006802721088435,0.12244897959183673,0.16444444444444445,0.32,nan,0.00456957898568362,0.0033703192602843046,0.008850625343620777,0.1355,nan,nan,nan,nan,nan,nan,nan,nan,nan,nan,nan,nan,nan,nan,nan,nan,nan,nan,nan,nan,nan,nan,nan,nan,nan,nan,nan,nan,nan,nan,nan,nan,nan,nan,nan
117,17450,0.8158055555555556,-4.513389848709107,0.24888888888888888,-1,115,0.4782608695652174,0.034782608695652174,0.1826086956521739,0.043478260869565216,0.008695652173913044,0.6956521739130435,0.1391304347826087,0.16521739130434782,0.13333333333333333,0.22666666666666666,nan,0.004730836465023458,0.0036978711606934665,0.007630399893969297,0.135375,nan,nan,nan,nan,nan,nan,nan,nan,nan,nan,nan,nan,nan,nan,nan,nan,nan,nan,nan,nan,nan,nan,nan,nan,nan,nan,nan,nan,nan,nan,nan,nan,nan,nan,nan
118,17624,0.8139688888888889,-6.29676446914673,0.29333333333333333,0,174,0.3735632183908046,0.09770114942528736,0.15517241379310345,0.08045977011494253,0.0,0.6264367816091954,0.1896551724137931,0.1839080459770115,0.12444444444444444,0.2088888888888889,0.23555555555555555,0.004431021516211331,0.0035266708582639694,0.0066865113563835624,0.13525,nan,nan,nan,nan,nan,nan,nan,nan,nan,nan,nan,nan,nan,nan,nan,nan,nan,nan,nan,nan,nan,nan,nan,nan,nan,nan,nan,nan,nan,nan,nan,nan,nan,nan,nan
119,17768,0.8124488888888889,-4.2177081737518325,0.32,0,144,0.4930555555555556,0.034722222222222224,0.0763888888888889,0.11805555555555555,0.0,0.6041666666666666,0.2152777777777778,0.18055555555555555,0.10222222222222223,0.2,nan,0.0043665776960551735,0.0034632097696885465,0.006685424456372857,0.135125,nan,nan,nan,nan,nan,nan,nan,nan,nan,nan,nan,nan,nan,nan,nan,nan,nan,nan,nan,nan,nan,nan,nan,nan,nan,nan,nan,nan,nan,nan,nan,nan,nan,nan,nan
120,17963,0.8103905555555555,-10.270812644958479,0.30666666666666664,0,195,0.3487179487179487,0.06153846153846154,0.1794871794871795,0.14871794871794872,0.0,0.5897435897435898,0.18974358974358974,0.2205128205128205,0.08444444444444445,0.09333333333333334,0.20444444444444446,0.0041104201693087815,0.00315776695497334,0.007056690286844969,0.135,-17.973393563508974,0.32799999999999996,0.3,219.4,0.2,0.8,0.3364877695052059,0.13845301265059134,0.0009730349971313827,0.3990652579175136,0.0,0.4759138171529287,0.07510771429516885,0.4489784685519025,0.13466666666666668,0.22000000000000003,0.27911111111111114,-16.291058446598047,0.38177777777777777,1.3,215.1,0.5,0.5,0.40401750403799525,0.09623739220823165,0.0,0.3836088898943188,0.0,0.5002548962462269,0.04717564288717148,0.4525694608666016,0.1502222222222222,0.22444444444444445,0.32277777777777783,0.5422413386820434
121,18135,0.808575,-1.5584821419715875,0.43555555555555553,0,172,0.563953488372093,0.06395348837209303,0.05232558139534884,0.06395348837209303,0.0,0.6802325581395349,0.13953488372093023,0.18023255813953487,0.12444444444444444,0.23555555555555555,0.37333333333333335,0.004670849163085222,0.0035099368309602142,0.008607320534065366,0.134875,nan,nan,nan,nan,nan,nan,nan,nan,nan,nan,nan,nan,nan,nan,nan,nan,nan,nan,nan,nan,nan,nan,nan,nan,nan,nan,nan,nan,nan,nan,nan,nan,nan,nan,nan
122,18276,0.8070866666666667,-2.4658623471260066,0.3422222222222222,0,141,0.5390070921985816,0.05673758865248227,0.04964539007092199,0.0851063829787234,0.0,0.6453900709219859,0.19858156028368795,0.15602836879432624,0.15555555555555556,0.24,nan,0.004247442726045847,0.0032279415987432,0.007565871719270945,0.13475,nan,nan,nan,nan,nan,nan,nan,nan,nan,nan,nan,nan,nan,nan,nan,nan,nan,nan,nan,nan,nan,nan,nan,nan,nan,nan,nan,nan,nan,nan,nan,nan,nan,nan,nan
123,18404,0.8057355555555555,-1.0791791183948514,0.3688888888888889,0,128,0.640625,0.015625,0.0703125,0.046875,0.0078125,0.7265625,0.1328125,0.140625,0.13333333333333333,0.28,nan,0.00401601199992001,0.0031894417246803642,0.006139797577634454,0.134625,nan,nan,nan,nan,nan,nan,nan,nan,nan,nan,nan,nan,nan,nan,nan,nan,nan,nan,nan,nan,nan,nan,nan,nan,nan,nan,nan,nan,nan,nan,nan,nan,nan,nan,nan
124,18590,0.8037722222222222,-2.5033237833976743,0.4,0,186,0.478494623655914,0.06989247311827956,0.0967741935483871,0.06451612903225806,0.0,0.6451612903225806,0.16129032258064516,0.1935483870967742,0.14666666666666667,0.28444444444444444,0.37777777777777777,0.004221292724832892,0.0032690320163965224,0.007080005155876279,0.1345,nan,nan,nan,nan,nan,nan,nan,nan,nan,nan,nan,nan,nan,nan,nan,nan,nan,nan,nan,nan,nan,nan,nan,nan,nan,nan,nan,nan,nan,nan,nan,nan,nan,nan,nan
125,18688,0.8027377777777778,-2.6970494556427,0.2311111111111111,0,98,0.5204081632653061,0.07142857142857142,0.10204081632653061,0.05102040816326531,0.01020408163265306,0.6938775510204082,0.15306122448979592,0.15306122448979592,0.12444444444444444,nan,nan,0.003992169350385666,0.0030987839447334407,0.006648448947817087,0.134375,nan,nan,nan,nan,nan,nan,nan,nan,nan,nan,nan,nan,nan,nan,nan,nan,nan,nan,nan,nan,nan,nan,nan,nan,nan,nan,nan,nan,nan,nan,nan,nan,nan,nan,nan
126,18833,0.8012072222222222,-0.7066508302688601,0.39555555555555555,0,145,0.6068965517241379,0.027586206896551724,0.034482758620689655,0.06896551724137931,0.0,0.6689655172413793,0.16551724137931034,0.16551724137931034,0.13333333333333333,0.27555555555555555,nan,0.004412131942808628,0.0035326831974089147,0.006550828367471695,0.13424999999999998,nan,nan,nan,nan,nan,nan,nan,nan,nan,nan,nan,nan,nan,nan,nan,nan,nan,nan,nan,nan,nan,nan,nan,nan,nan,nan,nan,nan,nan,nan,nan,nan,nan,nan,nan
127,19007,0.7993705555555556,-2.8289080445766457,0.4088888888888889,0,174,0.5229885057471264,0.05172413793103448,0.08620689655172414,0.08620689655172414,0.0,0.6609195402298851,0.14942528735632185,0.1896551724137931,0.14666666666666667,0.28444444444444444,0.40444444444444444,0.004992974363267422,0.0038485541939735413,0.008532489906065166,0.134125,nan,nan,nan,nan,nan,nan,nan,nan,nan,nan,nan,nan,nan,nan,nan,nan,nan,nan,nan,nan,nan,nan,nan,nan,nan,nan,nan,nan,nan,nan,nan,nan,nan,nan,nan
128,19227,0.7970483333333334,-5.691384893894204,0.4088888888888889,0,220,0.41363636363636364,0.07727272727272727,0.1409090909090909,0.1,0.0,0.6318181818181818,0.20454545454545456,0.16363636363636364,0.12,0.1288888888888889,0.22666666666666666,0.003921942412853241,0.0030080412747338415,0.006820157822221518,0.134,nan,nan,nan,nan,nan,nan,nan,nan,nan,nan,nan,nan,nan,nan,nan,nan,nan,nan,nan,nan,nan,nan,nan,nan,nan,nan,nan,nan,nan,nan,nan,nan,nan,nan,nan
129,19421,0.7950005555555556,-7.31929089307785,0.28444444444444444,0,194,0.3247422680412371,0.10309278350515463,0.17525773195876287,0.10309278350515463,0.0,0.6030927835051546,0.20103092783505155,0.1958762886597938,0.1511111111111111,0.20444444444444446,0.26222222222222225,0.0038009076844900845,0.002872937521897256,0.006931616365909577,0.133875,nan,nan,nan,nan,nan,nan,nan,nan,nan,nan,nan,nan,nan,nan,nan,nan,nan,nan,nan,nan,nan,nan,nan,nan,nan,nan,nan,nan,nan,nan,nan,nan,nan,nan,nan
130,19596,0.7931533333333334,-3.971440853834155,0.36444444444444446,0,175,0.46285714285714286,0.06857142857142857,0.09714285714285714,0.10857142857142857,0.0,0.6285714285714286,0.19428571428571428,0.17714285714285713,0.09777777777777778,0.19555555555555557,0.29333333333333333,0.003782120835967362,0.0030717813409864903,0.005310949194245041,0.13374999999999998,nan,nan,nan,nan,nan,nan,nan,nan,nan,nan,nan,nan,nan,nan,nan,nan,nan,nan,nan,nan,nan,nan,nan,nan,nan,nan,nan,nan,nan,nan,nan,nan,nan,nan,nan
131,19738,0.7916544444444444,-1.100599804878235,0.37777777777777777,0,142,0.5915492957746479,0.035211267605633804,0.04225352112676056,0.04929577464788732,0.0,0.6690140845070423,0.21830985915492956,0.11267605633802817,0.15555555555555556,0.27111111111111114,nan,0.004026829963549972,0.0031784708146005867,0.006348805385641754,0.133625,nan,nan,nan,nan,nan,nan,nan,nan,nan,nan,nan,nan,nan,nan,nan,nan,nan,nan,nan,nan,nan,nan,nan,nan,nan,nan,nan,nan,nan,nan,nan,nan,nan,nan,nan
132,19922,0.7897122222222223,-5.0875597438812274,0.35555555555555557,0,184,0.42934782608695654,0.09239130434782608,0.09782608695652174,0.07608695652173914,0.005434782608695652,0.6195652173913043,0.1793478260869565,0.20108695652173914,0.08888888888888889,0.14666666666666667,0.27111111111111114,0.004076783545315266,0.003257196210324764,0.006139231333509088,0.1335,nan,nan,nan,nan,nan,nan,nan,nan,nan,nan,nan,nan,nan,nan,nan,nan,nan,nan,nan,nan,nan,nan,nan,nan,nan,nan,nan,nan,nan,nan,nan,nan,nan,nan,nan
133,20032,0.7885511111111111,-8.317410283088687,0.18222222222222223,0,110,0.36363636363636365,0.05454545454545454,0.17272727272727273,0.13636363636363635,0.00909090909090909,0.5909090909090909,0.20909090909090908,0.2,0.11555555555555555,0.16,nan,0.0039195336634293195,0.0032042272156104445,0.005363122164271772,0.133375,nan,nan,nan,nan,nan,nan,nan,nan,nan,nan,nan,nan,nan,nan,nan,nan,nan,nan,nan,nan,nan,nan,nan,nan,nan,nan,nan,nan,nan,nan,nan,nan,nan,nan,nan
134,20210,0.7866722222222222,-3.9260219342708638,0.3688888888888889,0,178,0.4606741573033708,0.06179775280898876,0.10112359550561797,0.10112359550561797,0.0,0.6235955056179775,0.2247191011235955,0.15168539325842698,0.12,0.2,0.3244444444444444,0.004643115866929293,0.0034688586834818124,0.008812436554580926,0.13324999999999998,nan,nan,nan,nan,nan,nan,nan,nan,nan,nan,nan,nan,nan,nan,nan,nan,nan,nan,nan,nan,nan,nan,nan,nan,nan,nan,nan,nan,nan,nan,nan,nan,nan,nan,nan
135,20395,0.7847194444444444,-1.1738307666778565,0.43555555555555553,0,185,0.5243243243243243,0.08108108108108109,0.06486486486486487,0.05945945945945946,0.0,0.6702702702702703,0.16216216216216217,0.16756756756756758,0.15555555555555556,0.28888888888888886,0.38222222222222224,0.0042442842852324246,0.0033330694888718424,0.0068448053672909735,0.133125,nan,nan,nan,nan,nan,nan,nan,nan,nan,nan,nan,nan,nan,nan,nan,nan,nan,nan,nan,nan,nan,nan,nan,nan,nan,nan,nan,nan,nan,nan,nan,nan,nan,nan,nan
136,20560,0.7829777777777778,-1.1424999999999998,0.3466666666666667,0,165,0.4666666666666667,0.12727272727272726,0.024242424242424242,0.07272727272727272,0.0,0.6181818181818182,0.15757575757575756,0.22424242424242424,0.17333333333333334,0.26666666666666666,0.32,0.004044696129858494,0.0032020298298448325,0.0063358362764120105,0.133,nan,nan,nan,nan,nan,nan,nan,nan,nan,nan,nan,nan,nan,nan,nan,nan,nan,nan,nan,nan,nan,nan,nan,nan,nan,nan,nan,nan,nan,nan,nan,nan,nan,nan,nan
137,20791,0.7805394444444445,-1.2465670771598814,0.5866666666666667,0,231,0.5670995670995671,0.05627705627705628,0.05194805194805195,0.06493506493506493,0.0,0.6753246753246753,0.13852813852813853,0.18614718614718614,0.13777777777777778,0.24444444444444444,0.37333333333333335,0.004223426850512624,0.0030108523089438675,0.0091256785672158,0.132875,nan,nan,nan,nan,nan,nan,nan,nan,nan,nan,nan,nan,nan,nan,nan,nan,nan,nan,nan,nan,nan,nan,nan,nan,nan,nan,nan,nan,nan,nan,nan,nan,nan,nan,nan
138,20981,0.7785338888888889,-3.2418576514720905,0.44,0,190,0.5157894736842106,0.042105263157894736,0.09473684210526316,0.08421052631578947,0.0,0.6526315789473685,0.17894736842105263,0.16842105263157894,0.14222222222222222,0.26666666666666666,0.3511111111111111,0.003986813058145344,0.0029492414323613048,0.007815981889143587,0.13275,nan,nan,nan,nan,nan,nan,nan,nan,nan,nan,nan,nan,nan,nan,nan,nan,nan,nan,nan,nan,nan,nan,nan,nan,nan,nan,nan,nan,nan,nan,nan,nan,nan,nan,nan
139,21148,0.7767711111111111,-8.2548982872963,0.19555555555555557,0,167,0.25748502994011974,0.1377245508982036,0.1377245508982036,0.1317365269461078,0.0,0.5329341317365269,0.2155688622754491,0.25149700598802394,0.12,0.18222222222222223,0.19111111111111112,0.004587504593655467,0.00363374559674412,0.007191397156566382,0.132625,nan,nan,nan,nan,nan,nan,nan,nan,nan,nan,nan,nan,nan,nan,nan,nan,nan,nan,nan,nan,nan,nan,nan,nan,nan,nan,nan,nan,nan,nan,nan,nan,nan,nan,nan
140,21316,0.7749977777777778,-1.2967433443069458,0.4577777777777778,0,168,0.6071428571428571,0.02976190476190476,0.05952380952380952,0.05952380952380952,0.0,0.6964285714285714,0.17261904761904762,0.13095238095238096,0.16444444444444445,0.27555555555555555,0.4222222222222222,0.0051924567203968765,0.004461397044360637,0.005517431488260627,0.1325,-3.407233038401602,0.5075555555555556,0.1,206.6,0.1,0.9,0.5545874898539915,0.15654453734468665,0.0004347826086956522,0.14413208135725386,0.0,0.7115668098073737,0.07098280107842912,0.2174503891141971,0.18222222222222223,0.32355555555555554,0.43244444444444446,-3.936115007758139,0.45066666666666666,0.0,186.4,0.0,1.0,0.5502483932402142,0.16316304776332294,0.0025109152124793014,0.13300503824338686,0.0,0.7159223562160164,0.06815736456901157,0.21592027921497198,0.16844444444444445,0.308,0.41037037037037033,0.911893751409322
141,21457,0.7735094444444445,-0.7183029808998104,0.38666666666666666,0,141,0.6099290780141844,0.07092198581560284,0.0425531914893617,0.0425531914893617,0.0,0.723404255319149,0.16312056737588654,0.11347517730496454,0.15555555555555556,0.2577777777777778,nan,0.005398973380215466,0.004376180260442198,0.007726482255384326,0.132375,nan,nan,nan,nan,nan,nan,nan,nan,nan,nan,nan,nan,nan,nan,nan,nan,nan,nan,nan,nan,nan,nan,nan,nan,nan,nan,nan,nan,nan,nan,nan,nan,nan,nan,nan
142,21626,0.7717255555555556,-0.8030161499977108,0.41333333333333333,0,169,0.5443786982248521,0.05325443786982249,0.023668639053254437,0.07100591715976332,0.0,0.621301775147929,0.20118343195266272,0.17751479289940827,0.14666666666666667,0.27555555555555555,0.38222222222222224,0.004459663503803312,0.003675847128033638,0.005926778400316834,0.13225,nan,nan,nan,nan,nan,nan,nan,nan,nan,nan,nan,nan,nan,nan,nan,nan,nan,nan,nan,nan,nan,nan,nan,nan,nan,nan,nan,nan,nan,nan,nan,nan,nan,nan,nan
143,21818,0.7696988888888889,-8.957603000164031,0.3022222222222222,0,192,0.3489583333333333,0.09895833333333333,0.19791666666666666,0.09895833333333333,0.0,0.6458333333333334,0.18229166666666666,0.171875,0.07555555555555556,0.1688888888888889,0.19111111111111112,0.004252507141791284,0.0034167642472311853,0.006325395498424769,0.132125,nan,nan,nan,nan,nan,nan,nan,nan,nan,nan,nan,nan,nan,nan,nan,nan,nan,nan,nan,nan,nan,nan,nan,nan,nan,nan,nan,nan,nan,nan,nan,nan,nan,nan,nan
144,21970,0.7680944444444444,-1.3321782722473132,0.35555555555555557,0,152,0.5197368421052632,0.09210526315789473,0.02631578947368421,0.09868421052631579,0.0,0.6381578947368421,0.19736842105263158,0.16447368421052633,0.16,0.24,0.3511111111111111,0.0050801064120605584,0.004163656663149595,0.006942801410332322,0.132,nan,nan,nan,nan,nan,nan,nan,nan,nan,nan,nan,nan,nan,nan,nan,nan,nan,nan,nan,nan,nan,nan,nan,nan,nan,nan,nan,nan,nan,nan,nan,nan,nan,nan,nan
145,22148,0.7662155555555555,-7.089322323322297,0.28,0,178,0.34831460674157305,0.11235955056179775,0.12921348314606743,0.12921348314606743,0.0,0.5898876404494382,0.20224719101123595,0.20786516853932585,0.1511111111111111,0.24444444444444444,0.28,0.003985040076076985,0.0031298528192564845,0.0064848325680941345,0.131875,nan,nan,nan,nan,nan,nan,nan,nan,nan,nan,nan,nan,nan,nan,nan,nan,nan,nan,nan,nan,nan,nan,nan,nan,nan,nan,nan,nan,nan,nan,nan,nan,nan,nan,nan
146,22290,0.7647166666666667,-1.4035043787956234,0.35555555555555557,0,142,0.5563380281690141,0.09154929577464789,0.007042253521126761,0.08450704225352113,0.0,0.6549295774647887,0.11971830985915492,0.22535211267605634,0.14222222222222222,0.26222222222222225,nan,0.004050014796666801,0.003275684919208288,0.005877266242168844,0.13175,nan,nan,nan,nan,nan,nan,nan,nan,nan,nan,nan,nan,nan,nan,nan,nan,nan,nan,nan,nan,nan,nan,nan,nan,nan,nan,nan,nan,nan,nan,nan,nan,nan,nan,nan
147,22444,0.7630911111111112,-4.903663641691216,0.39111111111111113,0,154,0.564935064935065,0.006493506493506494,0.09740259740259741,0.06493506493506493,0.0,0.6688311688311688,0.16233766233766234,0.16883116883116883,0.08444444444444445,0.21777777777777776,0.38222222222222224,0.004201370081864298,0.003470388543792069,0.005553516000509262,0.131625,nan,nan,nan,nan,nan,nan,nan,nan,nan,nan,nan,nan,nan,nan,nan,nan,nan,nan,nan,nan,nan,nan,nan,nan,nan,nan,nan,nan,nan,nan,nan,nan,nan,nan,nan
148,22551,0.7619616666666666,-3.123561114311218,0.23555555555555555,0,107,0.48598130841121495,0.07476635514018691,0.056074766355140186,0.07476635514018691,0.009345794392523364,0.616822429906542,0.18691588785046728,0.19626168224299065,0.14222222222222222,0.2222222222222222,nan,0.004680000292137265,0.003931244090199471,0.005693963309749961,0.1315,nan,nan,nan,nan,nan,nan,nan,nan,nan,nan,nan,nan,nan,nan,nan,nan,nan,nan,nan,nan,nan,nan,nan,nan,nan,nan,nan,nan,nan,nan,nan,nan,nan,nan,nan
149,22781,0.7595338888888888,-2.40065484380722,0.4533333333333333,0,230,0.4391304347826087,0.10869565217391304,0.017391304347826087,0.16521739130434782,0.0,0.5652173913043478,0.1782608695652174,0.2565217391304348,0.13333333333333333,0.27555555555555555,0.36,0.004318409715779126,0.003655614424496889,0.005045063910074532,0.131375,nan,nan,nan,nan,nan,nan,nan,nan,nan,nan,nan,nan,nan,nan,nan,nan,nan,nan,nan,nan,nan,nan,nan,nan,nan,nan,nan,nan,nan,nan,nan,nan,nan,nan,nan
150,22990,0.7573277777777778,-3.0252667953968038,0.4488888888888889,0,209,0.4784688995215311,0.10047846889952153,0.0861244019138756,0.07177033492822966,0.0,0.6650717703349283,0.20574162679425836,0.1291866028708134,0.15555555555555556,0.3022222222222222,0.38222222222222224,0.0046358052641153336,0.0036195476772263647,0.0077429154422134164,0.13125,nan,nan,nan,nan,nan,nan,nan,nan,nan,nan,nan,nan,nan,nan,nan,nan,nan,nan,nan,nan,nan,nan,nan,nan,nan,nan,nan,nan,nan,nan,nan,nan,nan,nan,nan
151,23139,0.755755,-10.929260680198668,0.18666666666666668,0,149,0.2751677852348993,0.08053691275167785,0.26174496644295303,0.10738255033557047,0.0,0.6174496644295302,0.1610738255033557,0.2214765100671141,0.14222222222222222,0.17777777777777778,nan,0.00372372402343899,0.002842880832031369,0.006717583886347711,0.131125,nan,nan,nan,nan,nan,nan,nan,nan,nan,nan,nan,nan,nan,nan,nan,nan,nan,nan,nan,nan,nan,nan,nan,nan,nan,nan,nan,nan,nan,nan,nan,nan,nan,nan,nan
152,23327,0.7537705555555556,-2.9250976815223684,0.43555555555555553,0,188,0.5159574468085106,0.0425531914893617,0.07446808510638298,0.10106382978723404,0.0,0.6329787234042553,0.18085106382978725,0.18617021276595744,0.14222222222222222,0.24444444444444444,0.3244444444444444,0.0034562220331281423,0.002661487669683993,0.006066674552857876,0.131,nan,nan,nan,nan,nan,nan,nan,nan,nan,nan,nan,nan,nan,nan,nan,nan,nan,nan,nan,nan,nan,nan,nan,nan,nan,nan,nan,nan,nan,nan,nan,nan,nan,nan,nan
153,23465,0.752313888888889,-2.164662573337555,0.3466666666666667,0,138,0.5579710144927537,0.06521739130434782,0.06521739130434782,0.050724637681159424,0.0,0.6884057971014492,0.2318840579710145,0.07971014492753623,0.13777777777777778,0.24444444444444444,nan,0.003753585531376302,0.0028544699773192404,0.006870032381266355,0.130875,nan,nan,nan,nan,nan,nan,nan,nan,nan,nan,nan,nan,nan,nan,nan,nan,nan,nan,nan,nan,nan,nan,nan,nan,nan,nan,nan,nan,nan,nan,nan,nan,nan,nan,nan
154,23597,0.7509205555555556,-5.65350839900971,0.24444444444444444,0,132,0.4090909090909091,0.045454545454545456,0.16666666666666666,0.08333333333333333,0.015151515151515152,0.6212121212121212,0.16666666666666666,0.21212121212121213,0.1111111111111111,0.19555555555555557,nan,0.00515908959787339,0.004389938549138606,0.005882608634419739,0.13075,nan,nan,nan,nan,nan,nan,nan,nan,nan,nan,nan,nan,nan,nan,nan,nan,nan,nan,nan,nan,nan,nan,nan,nan,nan,nan,nan,nan,nan,nan,nan,nan,nan,nan,nan
155,23801,0.7487672222222223,-1.9377494802474957,0.4577777777777778,0,204,0.5,0.06372549019607843,0.058823529411764705,0.11764705882352941,0.0,0.6225490196078431,0.20588235294117646,0.1715686274509804,0.13777777777777778,0.25333333333333335,0.3422222222222222,0.004541733674705029,0.003681607451289892,0.006584698450751603,0.130625,nan,nan,nan,nan,nan,nan,nan,nan,nan,nan,nan,nan,nan,nan,nan,nan,nan,nan,nan,nan,nan,nan,nan,nan,nan,nan,nan,nan,nan,nan,nan,nan,nan,nan,nan
156,23997,0.7466983333333334,-2.840102408647537,0.4888888888888889,0,196,0.5561224489795918,0.07653061224489796,0.09183673469387756,0.04591836734693878,0.0,0.7244897959183674,0.15306122448979592,0.12244897959183673,0.15555555555555556,0.32,0.4444444444444444,0.003841430018655956,0.002974803769029677,0.006640813732519746,0.1305,nan,nan,nan,nan,nan,nan,nan,nan,nan,nan,nan,nan,nan,nan,nan,nan,nan,nan,nan,nan,nan,nan,nan,nan,nan,nan,nan,nan,nan,nan,nan,nan,nan,nan,nan
157,24229,0.7442494444444445,-2.0219235131740545,0.5511111111111111,0,232,0.5301724137931034,0.0603448275862069,0.034482758620689655,0.10344827586206896,0.0,0.625,0.14655172413793102,0.22844827586206898,0.1511111111111111,0.27555555555555555,0.38666666666666666,0.00385831817984581,0.002974163740873337,0.006781626190058887,0.130375,nan,nan,nan,nan,nan,nan,nan,nan,nan,nan,nan,nan,nan,nan,nan,nan,nan,nan,nan,nan,nan,nan,nan,nan,nan,nan,nan,nan,nan,nan,nan,nan,nan,nan,nan
158,24407,0.7423705555555555,-3.1186843378543854,0.41333333333333333,0,178,0.5168539325842697,0.028089887640449437,0.09550561797752809,0.0898876404494382,0.0,0.6404494382022472,0.15168539325842698,0.20786516853932585,0.1511111111111111,0.22666666666666666,0.3377777777777778,0.0045209125149995085,0.003782488219439983,0.005669283983297646,0.13025,nan,nan,nan,nan,nan,nan,nan,nan,nan,nan,nan,nan,nan,nan,nan,nan,nan,nan,nan,nan,nan,nan,nan,nan,nan,nan,nan,nan,nan,nan,nan,nan,nan,nan,nan
159,24573,0.7406183333333334,-4.537277856588363,0.29333333333333333,0,166,0.39156626506024095,0.1144578313253012,0.10240963855421686,0.07228915662650602,0.0,0.608433734939759,0.1686746987951807,0.22289156626506024,0.10666666666666667,0.24444444444444444,0.28444444444444444,0.003906688187271357,0.0030724775046110154,0.006410841061733663,0.130125,nan,nan,nan,nan,nan,nan,nan,nan,nan,nan,nan,nan,nan,nan,nan,nan,nan,nan,nan,nan,nan,nan,nan,nan,nan,nan,nan,nan,nan,nan,nan,nan,nan,nan,nan
160,24755,0.7386972222222222,-5.883400410175326,0.29333333333333333,0,182,0.35714285714285715,0.12087912087912088,0.17032967032967034,0.08791208791208792,0.0,0.6483516483516484,0.1813186813186813,0.17032967032967034,0.11555555555555555,0.22666666666666666,0.29333333333333333,0.0037608677521348,0.0030202157329767944,0.005697323242202401,0.13,-17.293636876201628,0.38666666666666666,0.4,210.9,0.2,0.8,0.41508179628071434,0.08216270888404302,0.00044444444444444447,0.367843254623142,0.0,0.4976889496092019,0.1281257914301969,0.3741852589606013,0.17022222222222225,0.28355555555555556,0.3453333333333334,-21.901789560842513,0.4142222222222222,0.5,217.2,0.2,0.8,0.4305485704429456,0.08419314123108786,0.00042918454935622315,0.3610677016700457,0.0,0.5151708962233897,0.10932551433368316,0.37550358944292717,0.17244444444444446,0.2786666666666666,0.3551111111111111,0.6837506131822417
161,24897,0.7371983333333334,-2.8531749277114873,0.32,0,142,0.5,0.08450704225352113,0.07042253521126761,0.07042253521126761,0.0,0.6549295774647887,0.14788732394366197,0.19718309859154928,0.14222222222222222,0.2222222222222222,nan,0.003921619430184364,0.0032169698970392346,0.0054255983559414744,0.129875,nan,nan,nan,nan,nan,nan,nan,nan,nan,nan,nan,nan,nan,nan,nan,nan,nan,nan,nan,nan,nan,nan,nan,nan,nan,nan,nan,nan,nan,nan,nan,nan,nan,nan,nan
162,25144,0.7345911111111112,-7.4126264004707405,0.4266666666666667,0,247,0.38461538461538464,0.08502024291497975,0.12550607287449392,0.0931174089068826,0.0,0.5951417004048583,0.21052631578947367,0.19433198380566802,0.12,0.21777777777777776,0.22666666666666666,0.003999138227663934,0.0033314798027276995,0.005145729565992951,0.12975,nan,nan,nan,nan,nan,nan,nan,nan,nan,nan,nan,nan,nan,nan,nan,nan,nan,nan,nan,nan,nan,nan,nan,nan,nan,nan,nan,nan,nan,nan,nan,nan,nan,nan,nan
163,25368,0.7322266666666667,-18.313733923912043,0.28,0,224,0.2767857142857143,0.05357142857142857,0.27232142857142855,0.12053571428571429,0.0,0.6026785714285714,0.20535714285714285,0.19196428571428573,0.16444444444444445,0.27555555555555555,0.28,0.004036904172971844,0.003317679651081562,0.005548502039164305,0.129625,nan,nan,nan,nan,nan,nan,nan,nan,nan,nan,nan,nan,nan,nan,nan,nan,nan,nan,nan,nan,nan,nan,nan,nan,nan,nan,nan,nan,nan,nan,nan,nan,nan,nan,nan
164,25595,0.7298305555555555,-6.176197197198871,0.4577777777777778,0,227,0.44933920704845814,0.09691629955947137,0.13215859030837004,0.06607929515418502,0.0,0.6784140969162996,0.16299559471365638,0.15859030837004406,0.14666666666666667,0.26666666666666666,0.28888888888888886,0.004110587551258505,0.003267350886017084,0.006511479476466775,0.1295,nan,nan,nan,nan,nan,nan,nan,nan,nan,nan,nan,nan,nan,nan,nan,nan,nan,nan,nan,nan,nan,nan,nan,nan,nan,nan,nan,nan,nan,nan,nan,nan,nan,nan,nan
165,25736,0.7283422222222222,-2.1132132735252376,0.38222222222222224,0,141,0.6028368794326241,0.03546099290780142,0.12056737588652482,0.014184397163120567,0.0,0.7588652482269503,0.12056737588652482,0.12056737588652482,0.15555555555555556,0.25333333333333335,nan,0.003569915797561407,0.0028588382760062815,0.005496251489967107,0.129375,nan,nan,nan,nan,nan,nan,nan,nan,nan,nan,nan,nan,nan,nan,nan,nan,nan,nan,nan,nan,nan,nan,nan,nan,nan,nan,nan,nan,nan,nan,nan,nan,nan,nan,nan
166,25912,0.7264844444444445,-2.9285022883415217,0.37777777777777777,0,176,0.4772727272727273,0.13068181818181818,0.045454545454545456,0.11363636363636363,0.0,0.6534090909090909,0.125,0.2215909090909091,0.1688888888888889,0.25333333333333335,0.31555555555555553,0.0032380563672631977,0.0026430276455357673,0.004603703645989299,0.12925,nan,nan,nan,nan,nan,nan,nan,nan,nan,nan,nan,nan,nan,nan,nan,nan,nan,nan,nan,nan,nan,nan,nan,nan,nan,nan,nan,nan,nan,nan,nan,nan,nan,nan,nan
167,26069,0.7248272222222223,-2.105111839056015,0.4222222222222222,0,157,0.5987261146496815,0.050955414012738856,0.06369426751592357,0.044585987261146494,0.0,0.7133757961783439,0.12101910828025478,0.16560509554140126,0.13333333333333333,0.24888888888888888,0.4,0.0041142653208225965,0.0033408226212486626,0.005989875504747033,0.129125,nan,nan,nan,nan,nan,nan,nan,nan,nan,nan,nan,nan,nan,nan,nan,nan,nan,nan,nan,nan,nan,nan,nan,nan,nan,nan,nan,nan,nan,nan,nan,nan,nan,nan,nan
168,26246,0.7229588888888889,-4.530111404418948,0.3377777777777778,0,177,0.423728813559322,0.10734463276836158,0.0903954802259887,0.11299435028248588,0.0,0.6214689265536724,0.2033898305084746,0.1751412429378531,0.1288888888888889,0.2088888888888889,0.3377777777777778,0.003613094217143953,0.0027068809140473604,0.007024909858591855,0.129,nan,nan,nan,nan,nan,nan,nan,nan,nan,nan,nan,nan,nan,nan,nan,nan,nan,nan,nan,nan,nan,nan,nan,nan,nan,nan,nan,nan,nan,nan,nan,nan,nan,nan,nan
169,26439,0.7209216666666667,-2.2702562894821154,0.4088888888888889,0,193,0.47150259067357514,0.09844559585492228,0.07772020725388601,0.08808290155440414,0.0,0.6476683937823834,0.16062176165803108,0.19170984455958548,0.15555555555555556,0.24888888888888888,0.31555555555555553,0.003996061533689499,0.0033237376832403243,0.005216867825947702,0.128875,nan,nan,nan,nan,nan,nan,nan,nan,nan,nan,nan,nan,nan,nan,nan,nan,nan,nan,nan,nan,nan,nan,nan,nan,nan,nan,nan,nan,nan,nan,nan,nan,nan,nan,nan
170,26596,0.7192644444444445,-1.7847416820526119,0.4,0,157,0.5668789808917197,0.044585987261146494,0.050955414012738856,0.10828025477707007,0.0,0.6624203821656051,0.14012738853503184,0.19745222929936307,0.14666666666666667,0.26666666666666666,0.39555555555555555,0.003551275795325637,0.0029004607466049494,0.005054874578490853,0.12875,nan,nan,nan,nan,nan,nan,nan,nan,nan,nan,nan,nan,nan,nan,nan,nan,nan,nan,nan,nan,nan,nan,nan,nan,nan,nan,nan,nan,nan,nan,nan,nan,nan,nan,nan
171,26771,0.7174172222222223,-3.672251296043398,0.39555555555555555,0,175,0.5028571428571429,0.06285714285714286,0.08,0.09714285714285714,0.0,0.6457142857142857,0.17714285714285713,0.17714285714285713,0.13777777777777778,0.23555555555555555,0.3466666666666667,0.003704647137783468,0.0030058206059038637,0.0054330536862835285,0.128625,nan,nan,nan,nan,nan,nan,nan,nan,nan,nan,nan,nan,nan,nan,nan,nan,nan,nan,nan,nan,nan,nan,nan,nan,nan,nan,nan,nan,nan,nan,nan,nan,nan,nan,nan
172,26887,0.7161927777777778,-2.5051040515899654,0.27555555555555555,0,116,0.5258620689655172,0.04310344827586207,0.06896551724137931,0.09482758620689655,0.008620689655172414,0.6379310344827587,0.1724137931034483,0.1896551724137931,0.14222222222222222,0.2311111111111111,nan,0.004119213693775237,0.003250936232507229,0.006757022882811725,0.1285,nan,nan,nan,nan,nan,nan,nan,nan,nan,nan,nan,nan,nan,nan,nan,nan,nan,nan,nan,nan,nan,nan,nan,nan,nan,nan,nan,nan,nan,nan,nan,nan,nan,nan,nan
173,27053,0.7144405555555555,-2.3213834009170515,0.40444444444444444,0,166,0.5421686746987951,0.09036144578313253,0.0783132530120482,0.04819277108433735,0.0,0.7108433734939759,0.14457831325301204,0.14457831325301204,0.1511111111111111,0.29333333333333333,0.38222222222222224,0.003829053253866732,0.003063442069105804,0.00596386541146785,0.128375,nan,nan,nan,nan,nan,nan,nan,nan,nan,nan,nan,nan,nan,nan,nan,nan,nan,nan,nan,nan,nan,nan,nan,nan,nan,nan,nan,nan,nan,nan,nan,nan,nan,nan,nan
174,27271,0.7121394444444444,-9.54738087415694,0.27555555555555555,0,218,0.2798165137614679,0.12385321100917432,0.17889908256880735,0.14678899082568808,0.0,0.5825688073394495,0.1926605504587156,0.22477064220183487,0.1511111111111111,0.20444444444444446,0.2088888888888889,0.004322021477855742,0.0036179509945213793,0.005489828274585306,0.12825,nan,nan,nan,nan,nan,nan,nan,nan,nan,nan,nan,nan,nan,nan,nan,nan,nan,nan,nan,nan,nan,nan,nan,nan,nan,nan,nan,nan,nan,nan,nan,nan,nan,nan,nan
175,27457,0.7101761111111111,-3.812713291168214,0.38666666666666666,0,186,0.46236559139784944,0.06989247311827956,0.10752688172043011,0.05913978494623656,0.0,0.6397849462365591,0.1935483870967742,0.16666666666666666,0.11555555555555555,0.2088888888888889,0.3511111111111111,0.0037975148065015675,0.002954207709990442,0.006581908999942243,0.128125,nan,nan,nan,nan,nan,nan,nan,nan,nan,nan,nan,nan,nan,nan,nan,nan,nan,nan,nan,nan,nan,nan,nan,nan,nan,nan,nan,nan,nan,nan,nan,nan,nan,nan,nan
176,27622,0.7084344444444444,-4.117318382024765,0.39555555555555555,0,165,0.5333333333333333,0.05454545454545454,0.05454545454545454,0.08484848484848485,0.0,0.6424242424242425,0.18181818181818182,0.17575757575757575,0.1111111111111111,0.2577777777777778,0.38666666666666666,0.003279154049232602,0.0024707747623324396,0.0063154627569019794,0.128,nan,nan,nan,nan,nan,nan,nan,nan,nan,nan,nan,nan,nan,nan,nan,nan,nan,nan,nan,nan,nan,nan,nan,nan,nan,nan,nan,nan,nan,nan,nan,nan,nan,nan,nan
177,27816,0.7063866666666667,-2.890227547168731,0.44,0,194,0.5051546391752577,0.061855670103092786,0.08247422680412371,0.08762886597938144,0.0,0.6494845360824743,0.13917525773195877,0.211340206185567,0.1111111111111111,0.24888888888888888,0.3466666666666667,0.0032230204436928035,0.0025663584121502934,0.005135187483392656,0.127875,nan,nan,nan,nan,nan,nan,nan,nan,nan,nan,nan,nan,nan,nan,nan,nan,nan,nan,nan,nan,nan,nan,nan,nan,nan,nan,nan,nan,nan,nan,nan,nan,nan,nan,nan
178,27952,0.7049511111111111,-2.845188439846039,0.3333333333333333,0,136,0.5441176470588235,0.0661764705882353,0.10294117647058823,0.07352941176470588,0.0,0.7132352941176471,0.17647058823529413,0.11029411764705882,0.14666666666666667,0.24444444444444444,nan,0.0035731288837268947,0.002909093303605914,0.0051979304291307924,0.12775,nan,nan,nan,nan,nan,nan,nan,nan,nan,nan,nan,nan,nan,nan,nan,nan,nan,nan,nan,nan,nan,nan,nan,nan,nan,nan,nan,nan,nan,nan,nan,nan,nan,nan,nan
179,28104,0.7033466666666667,-1.6402008187770838,0.40444444444444444,0,152,0.5921052631578947,0.05921052631578947,0.05263157894736842,0.07236842105263158,0.0,0.7039473684210527,0.125,0.17105263157894737,0.14666666666666667,0.27111111111111114,0.4,0.003776185354217887,0.002945932559669018,0.006505408929660917,0.127625,nan,nan,nan,nan,nan,nan,nan,nan,nan,nan,nan,nan,nan,nan,nan,nan,nan,nan,nan,nan,nan,nan,nan,nan,nan,nan,nan,nan,nan,nan,nan,nan,nan,nan,nan
180,28306,0.7012144444444444,-3.632686900854111,0.43555555555555553,0,202,0.4801980198019802,0.07920792079207921,0.06930693069306931,0.10891089108910891,0.0,0.6287128712871287,0.16336633663366337,0.2079207920792079,0.13333333333333333,0.24,0.37333333333333335,0.004469785536639392,0.0037565212696790695,0.005594229255802929,0.1275,-14.797905894923204,0.40355555555555556,0.6,225.5,0.2,0.8,0.4010878371960028,0.05888545644526246,0.0,0.41810070485196976,0.0,0.45997329364126527,0.011958838996655919,0.5280678673620788,0.16622222222222222,0.2431111111111111,0.312,-17.543020962119094,0.3866666666666667,0.9,236.8,0.5,0.5,0.3682363773707613,0.057249208743651116,0.0,0.45319548768729084,0.0,0.4254855861144124,0.011318172952943266,0.5631962409326443,0.1622222222222222,0.23733333333333334,0.292,0.6696218896497056
181,28521,0.6989449999999999,-5.416041375160219,0.4533333333333333,0,215,0.4697674418604651,0.10697674418604651,0.08372093023255814,0.08837209302325581,0.0,0.6604651162790698,0.15813953488372093,0.1813953488372093,0.13333333333333333,0.29777777777777775,0.38222222222222224,0.004626539954915643,0.004007824184373021,0.004857434378936887,0.127375,nan,nan,nan,nan,nan,nan,nan,nan,nan,nan,nan,nan,nan,nan,nan,nan,nan,nan,nan,nan,nan,nan,nan,nan,nan,nan,nan,nan,nan,nan,nan,nan,nan,nan,nan
182,28729,0.6967494444444444,-4.37040765142441,0.4622222222222222,-1,208,0.4951923076923077,0.038461538461538464,0.10096153846153846,0.12980769230769232,0.004807692307692308,0.6346153846153846,0.1875,0.1778846153846154,0.14666666666666667,0.28,0.37777777777777777,0.0034833233803510666,0.0027756220661103725,0.005561503511853516,0.12725,nan,nan,nan,nan,nan,nan,nan,nan,nan,nan,nan,nan,nan,nan,nan,nan,nan,nan,nan,nan,nan,nan,nan,nan,nan,nan,nan,nan,nan,nan,nan,nan,nan,nan,nan
183,28877,0.6951872222222222,-2.8111226077079765,0.31555555555555553,0,148,0.47297297297297297,0.05405405405405406,0.06756756756756757,0.10135135135135136,0.006756756756756757,0.5945945945945946,0.16891891891891891,0.23648648648648649,0.13777777777777778,0.17777777777777778,nan,0.005115775391459465,0.004125309432856739,0.007791276415809989,0.127125,nan,nan,nan,nan,nan,nan,nan,nan,nan,nan,nan,nan,nan,nan,nan,nan,nan,nan,nan,nan,nan,nan,nan,nan,nan,nan,nan,nan,nan,nan,nan,nan,nan,nan,nan
184,29084,0.6930022222222223,-1.0555526709556569,0.5244444444444445,0,207,0.5652173913043478,0.043478260869565216,0.0821256038647343,0.03864734299516908,0.0,0.6908212560386473,0.1497584541062802,0.15942028985507245,0.1111111111111111,0.2577777777777778,0.4088888888888889,0.003962994483299553,0.0033133811550214885,0.005115065420977771,0.127,nan,nan,nan,nan,nan,nan,nan,nan,nan,nan,nan,nan,nan,nan,nan,nan,nan,nan,nan,nan,nan,nan,nan,nan,nan,nan,nan,nan,nan,nan,nan,nan,nan,nan,nan
185,29234,0.6914188888888889,-5.1932436022758495,0.24888888888888888,0,150,0.36666666666666664,0.12,0.13333333333333333,0.09333333333333334,0.0,0.62,0.14,0.24,0.08888888888888889,0.20444444444444446,0.24888888888888888,0.0034446002217009665,0.002802117308601737,0.005063904891721904,0.126875,nan,nan,nan,nan,nan,nan,nan,nan,nan,nan,nan,nan,nan,nan,nan,nan,nan,nan,nan,nan,nan,nan,nan,nan,nan,nan,nan,nan,nan,nan,nan,nan,nan,nan,nan
186,29353,0.6901627777777778,-1.7902817206382744,0.3022222222222222,0,119,0.5630252100840336,0.01680672268907563,0.058823529411764705,0.07563025210084033,0.008403361344537815,0.6386554621848739,0.19327731092436976,0.16806722689075632,0.1511111111111111,0.25333333333333335,nan,0.003502939338795841,0.00269995640264824,0.0063351707765832545,0.12675,nan,nan,nan,nan,nan,nan,nan,nan,nan,nan,nan,nan,nan,nan,nan,nan,nan,nan,nan,nan,nan,nan,nan,nan,nan,nan,nan,nan,nan,nan,nan,nan,nan,nan,nan
187,29520,0.6884,-3.571434393167495,0.37777777777777777,0,167,0.5029940119760479,0.07784431137724551,0.09580838323353294,0.07784431137724551,0.0,0.6766467065868264,0.1497005988023952,0.17365269461077845,0.15555555555555556,0.2577777777777778,0.36,0.0037706964649260044,0.003055856050923467,0.005645333859138191,0.126625,nan,nan,nan,nan,nan,nan,nan,nan,nan,nan,nan,nan,nan,nan,nan,nan,nan,nan,nan,nan,nan,nan,nan,nan,nan,nan,nan,nan,nan,nan,nan,nan,nan,nan,nan
188,29670,0.6868166666666666,-1.276512516260147,0.38666666666666666,0,150,0.5733333333333334,0.05333333333333334,0.05333333333333334,0.08,0.013333333333333334,0.68,0.12,0.2,0.13333333333333333,0.24,0.38666666666666666,0.0030906696105375887,0.002406685007736087,0.005406993255019188,0.1265,nan,nan,nan,nan,nan,nan,nan,nan,nan,nan,nan,nan,nan,nan,nan,nan,nan,nan,nan,nan,nan,nan,nan,nan,nan,nan,nan,nan,nan,nan,nan,nan,nan,nan,nan
189,29812,0.6853177777777778,-1.0087880072593676,0.38666666666666666,0,142,0.6056338028169014,0.04225352112676056,0.04929577464788732,0.04929577464788732,0.0,0.6971830985915493,0.1056338028169014,0.19718309859154928,0.14666666666666667,0.3022222222222222,nan,0.002972249430604279,0.002243014459963888,0.005770405009388924,0.126375,nan,nan,nan,nan,nan,nan,nan,nan,nan,nan,nan,nan,nan,nan,nan,nan,nan,nan,nan,nan,nan,nan,nan,nan,nan,nan,nan,nan,nan,nan,nan,nan,nan,nan,nan
190,30018,0.6831433333333333,-1.70675558066368,0.4888888888888889,-1,206,0.529126213592233,0.0970873786407767,0.04854368932038835,0.07281553398058252,0.0048543689320388345,0.6747572815533981,0.16019417475728157,0.1650485436893204,0.15555555555555556,0.28,0.4088888888888889,0.0032906394219025968,0.0025316029437817632,0.006012170296162367,0.12625,nan,nan,nan,nan,nan,nan,nan,nan,nan,nan,nan,nan,nan,nan,nan,nan,nan,nan,nan,nan,nan,nan,nan,nan,nan,nan,nan,nan,nan,nan,nan,nan,nan,nan,nan
191,30239,0.6808105555555556,-3.6391017336845386,0.48444444444444446,0,221,0.48868778280542985,0.06787330316742081,0.058823529411764705,0.09954751131221719,0.0,0.6153846153846154,0.17194570135746606,0.21266968325791855,0.14666666666666667,0.21333333333333335,0.37333333333333335,0.004165230225771666,0.003403845604043454,0.006036746664904058,0.126125,nan,nan,nan,nan,nan,nan,nan,nan,nan,nan,nan,nan,nan,nan,nan,nan,nan,nan,nan,nan,nan,nan,nan,nan,nan,nan,nan,nan,nan,nan,nan,nan,nan,nan,nan
192,30382,0.6793011111111111,-1.4333482799530028,0.37333333333333335,0,143,0.5804195804195804,0.055944055944055944,0.055944055944055944,0.06293706293706294,0.0,0.6923076923076923,0.13286713286713286,0.17482517482517482,0.13777777777777778,0.27555555555555555,nan,0.003335057245567441,0.0028356257709674535,0.003963741543702781,0.126,nan,nan,nan,nan,nan,nan,nan,nan,nan,nan,nan,nan,nan,nan,nan,nan,nan,nan,nan,nan,nan,nan,nan,nan,nan,nan,nan,nan,nan,nan,nan,nan,nan,nan,nan
193,30545,0.6775805555555556,-7.782591229438786,0.3511111111111111,0,163,0.4785276073619632,0.05521472392638037,0.1411042944785276,0.10429447852760736,0.0,0.6748466257668712,0.13496932515337423,0.1901840490797546,0.17333333333333334,0.26666666666666666,0.30666666666666664,0.0034577126614749433,0.0027598066255450247,0.0055444373050704595,0.125875,nan,nan,nan,nan,nan,nan,nan,nan,nan,nan,nan,nan,nan,nan,nan,nan,nan,nan,nan,nan,nan,nan,nan,nan,nan,nan,nan,nan,nan,nan,nan,nan,nan,nan,nan
194,30734,0.6755855555555556,-1.7506201176643363,0.43555555555555553,0,189,0.5132275132275133,0.047619047619047616,0.10052910052910052,0.037037037037037035,0.0,0.6613756613756614,0.17989417989417988,0.15873015873015872,0.1511111111111111,0.23555555555555555,0.37777777777777777,0.004411036800593138,0.0037815649760887028,0.005005739792250097,0.12575,nan,nan,nan,nan,nan,nan,nan,nan,nan,nan,nan,nan,nan,nan,nan,nan,nan,nan,nan,nan,nan,nan,nan,nan,nan,nan,nan,nan,nan,nan,nan,nan,nan,nan,nan
195,30934,0.6734744444444445,-2.68189292883873,0.48444444444444446,0,200,0.54,0.055,0.085,0.07,0.0,0.68,0.135,0.185,0.14666666666666667,0.28444444444444444,0.37777777777777777,0.0036099332617595794,0.002881185198202729,0.00580097995698452,0.125625,nan,nan,nan,nan,nan,nan,nan,nan,nan,nan,nan,nan,nan,nan,nan,nan,nan,nan,nan,nan,nan,nan,nan,nan,nan,nan,nan,nan,nan,nan,nan,nan,nan,nan,nan
196,31128,0.6714266666666666,-10.721577765941616,0.24888888888888888,0,194,0.28350515463917525,0.1134020618556701,0.19072164948453607,0.17525773195876287,0.0,0.5876288659793815,0.14948453608247422,0.26288659793814434,0.16444444444444445,0.24444444444444444,0.24888888888888888,0.003588962252251804,0.0028911718865856527,0.0055600829189643266,0.1255,nan,nan,nan,nan,nan,nan,nan,nan,nan,nan,nan,nan,nan,nan,nan,nan,nan,nan,nan,nan,nan,nan,nan,nan,nan,nan,nan,nan,nan,nan,nan,nan,nan,nan,nan
197,31307,0.6695372222222222,-2.4781574420929005,0.4311111111111111,0,179,0.5363128491620112,0.05027932960893855,0.08379888268156424,0.05027932960893855,0.0,0.6703910614525139,0.1340782122905028,0.19553072625698323,0.13777777777777778,0.18666666666666668,0.3511111111111111,0.0034512007609009744,0.002797352080233395,0.005215144390240312,0.125375,nan,nan,nan,nan,nan,nan,nan,nan,nan,nan,nan,nan,nan,nan,nan,nan,nan,nan,nan,nan,nan,nan,nan,nan,nan,nan,nan,nan,nan,nan,nan,nan,nan,nan,nan
198,31477,0.6677427777777778,-0.9769539647102332,0.4577777777777778,0,170,0.6,0.047058823529411764,0.041176470588235294,0.058823529411764705,0.0,0.6882352941176471,0.14705882352941177,0.16470588235294117,0.1688888888888889,0.31555555555555553,0.4222222222222222,0.003566262684762478,0.002919557876884937,0.005163311888463795,0.12525,nan,nan,nan,nan,nan,nan,nan,nan,nan,nan,nan,nan,nan,nan,nan,nan,nan,nan,nan,nan,nan,nan,nan,nan,nan,nan,nan,nan,nan,nan,nan,nan,nan,nan,nan
199,31636,0.6660644444444445,-3.411408087730411,0.36444444444444446,0,159,0.5094339622641509,0.08176100628930817,0.08176100628930817,0.07547169811320754,0.006289308176100629,0.6729559748427673,0.10062893081761007,0.22641509433962265,0.13333333333333333,0.21777777777777776,0.3466666666666667,0.0035113599617034195,0.0029704672284424304,0.004322818876244128,0.125125,nan,nan,nan,nan,nan,nan,nan,nan,nan,nan,nan,nan,nan,nan,nan,nan,nan,nan,nan,nan,nan,nan,nan,nan,nan,nan,nan,nan,nan,nan,nan,nan,nan,nan,nan
200,31838,0.6639322222222223,-3.3243898129463183,0.44,0,202,0.48514851485148514,0.09900990099009901,0.0594059405940594,0.11386138613861387,0.0,0.6435643564356436,0.15841584158415842,0.19801980198019803,0.1511111111111111,0.29333333333333333,0.38222222222222224,0.003223375417292118,0.0027190938708372414,0.0040342527441680435,0.125,-7.455748596739769,0.4537777777777777,0.6,219.0,0.3,0.7,0.46970690193962633,0.07236270815835641,0.0,0.31596597013172195,0.0,0.5420696100979827,0.0014150943396226416,0.4565152955623947,0.17644444444444446,0.28755555555555556,0.3884444444444444,-8.597637231802938,0.4391111111111111,1.0,228.7,0.5,0.5,0.4342078795547373,0.07806449942985069,0.0,0.3371785232697813,0.0,0.512272378984588,0.002055230125523013,0.485672390889889,0.17955555555555555,0.2884444444444445,0.37911111111111107,0.7878770253886598
201,32009,0.6621272222222223,-2.578348329544067,0.41333333333333333,0,171,0.5380116959064327,0.06432748538011696,0.0935672514619883,0.04093567251461988,0.0,0.695906432748538,0.15204678362573099,0.15204678362573099,0.17333333333333334,0.2088888888888889,0.3511111111111111,0.0033001253847032785,0.0028140064561739562,0.003892844240181148,0.124875,nan,nan,nan,nan,nan,nan,nan,nan,nan,nan,nan,nan,nan,nan,nan,nan,nan,nan,nan,nan,nan,nan,nan,nan,nan,nan,nan,nan,nan,nan,nan,nan,nan,nan,nan
202,32190,0.6602166666666667,-3.404668777942656,0.37333333333333335,0,181,0.4585635359116022,0.11049723756906077,0.09392265193370165,0.08287292817679558,0.0,0.6629834254143646,0.1270718232044199,0.20994475138121546,0.15555555555555556,0.26222222222222225,0.3466666666666667,0.004023037245497107,0.0034547189949080347,0.004555657552555203,0.12475,nan,nan,nan,nan,nan,nan,nan,nan,nan,nan,nan,nan,nan,nan,nan,nan,nan,nan,nan,nan,nan,nan,nan,nan,nan,nan,nan,nan,nan,nan,nan,nan,nan,nan,nan
203,32309,0.6589605555555555,-0.625160458087921,0.36444444444444446,-2,119,0.680672268907563,0.01680672268907563,0.025210084033613446,0.07563025210084033,0.01680672268907563,0.7226890756302521,0.07563025210084033,0.20168067226890757,0.1511111111111111,0.32,nan,0.0036790100391954185,0.003130651474930346,0.004400069266557694,0.124625,nan,nan,nan,nan,nan,nan,nan,nan,nan,nan,nan,nan,nan,nan,nan,nan,nan,nan,nan,nan,nan,nan,nan,nan,nan,nan,nan,nan,nan,nan,nan,nan,nan,nan,nan
204,32475,0.6572083333333334,-2.7617917160987844,0.39111111111111113,0,166,0.5240963855421686,0.0783132530120482,0.05421686746987952,0.06626506024096386,0.006024096385542169,0.6566265060240963,0.1746987951807229,0.1686746987951807,0.10666666666666667,0.26222222222222225,0.3511111111111111,0.004133249446749687,0.0034539182437583805,0.005456476006656885,0.1245,nan,nan,nan,nan,nan,nan,nan,nan,nan,nan,nan,nan,nan,nan,nan,nan,nan,nan,nan,nan,nan,nan,nan,nan,nan,nan,nan,nan,nan,nan,nan,nan,nan,nan,nan
205,32667,0.6551816666666667,-1.0879263570308662,0.49333333333333335,0,192,0.5729166666666666,0.052083333333333336,0.046875,0.07291666666666667,0.0,0.671875,0.15104166666666666,0.17708333333333334,0.13777777777777778,0.2311111111111111,0.3511111111111111,0.00408816912677139,0.003385437303222716,0.005650105630047619,0.124375,nan,nan,nan,nan,nan,nan,nan,nan,nan,nan,nan,nan,nan,nan,nan,nan,nan,nan,nan,nan,nan,nan,nan,nan,nan,nan,nan,nan,nan,nan,nan,nan,nan,nan,nan
206,32828,0.6534822222222223,-2.1336687207221967,0.41333333333333333,0,161,0.5714285714285714,0.06832298136645963,0.037267080745341616,0.055900621118012424,0.0,0.6770186335403726,0.16770186335403728,0.15527950310559005,0.14666666666666667,0.28888888888888886,0.4,0.0050309573533013465,0.004270401364192366,0.006121174758300185,0.12425,nan,nan,nan,nan,nan,nan,nan,nan,nan,nan,nan,nan,nan,nan,nan,nan,nan,nan,nan,nan,nan,nan,nan,nan,nan,nan,nan,nan,nan,nan,nan,nan,nan,nan,nan
207,32981,0.6518672222222223,-2.5207865576744064,0.38666666666666666,0,153,0.5620915032679739,0.05228758169934641,0.0784313725490196,0.058823529411764705,0.006535947712418301,0.6928104575163399,0.1111111111111111,0.19607843137254902,0.08444444444444445,0.2311111111111111,0.38666666666666666,0.00361091298982501,0.00289405332878232,0.005775304581038654,0.124125,nan,nan,nan,nan,nan,nan,nan,nan,nan,nan,nan,nan,nan,nan,nan,nan,nan,nan,nan,nan,nan,nan,nan,nan,nan,nan,nan,nan,nan,nan,nan,nan,nan,nan,nan
208,33127,0.6503261111111112,-2.2395789208412156,0.37777777777777777,0,146,0.5753424657534246,0.07534246575342465,0.07534246575342465,0.06164383561643835,0.0,0.726027397260274,0.1095890410958904,0.1643835616438356,0.17333333333333334,0.3022222222222222,nan,0.0036590524250641465,0.002784925966989249,0.0070494068786501884,0.124,nan,nan,nan,nan,nan,nan,nan,nan,nan,nan,nan,nan,nan,nan,nan,nan,nan,nan,nan,nan,nan,nan,nan,nan,nan,nan,nan,nan,nan,nan,nan,nan,nan,nan,nan
209,33276,0.6487533333333333,-0.6666478195190406,0.38666666666666666,0,149,0.5771812080536913,0.08053691275167785,0.040268456375838924,0.06040268456375839,0.0,0.697986577181208,0.10738255033557047,0.19463087248322147,0.1511111111111111,0.28444444444444444,nan,0.0032134402310475705,0.0025819432456046345,0.005097856302745641,0.123875,nan,nan,nan,nan,nan,nan,nan,nan,nan,nan,nan,nan,nan,nan,nan,nan,nan,nan,nan,nan,nan,nan,nan,nan,nan,nan,nan,nan,nan,nan,nan,nan,nan,nan,nan
210,33434,0.6470855555555556,-3.1867920224666593,0.38222222222222224,0,158,0.5379746835443038,0.056962025316455694,0.06962025316455696,0.06962025316455696,0.0,0.6645569620253164,0.14556962025316456,0.189873417721519,0.17333333333333334,0.29777777777777775,0.37333333333333335,0.003730034572072327,0.003042439208365977,0.005556325963698328,0.12375,nan,nan,nan,nan,nan,nan,nan,nan,nan,nan,nan,nan,nan,nan,nan,nan,nan,nan,nan,nan,nan,nan,nan,nan,nan,nan,nan,nan,nan,nan,nan,nan,nan,nan,nan
211,33556,0.6457977777777778,-2.498254123687743,0.3244444444444444,0,122,0.5901639344262295,0.02459016393442623,0.06557377049180328,0.09836065573770492,0.00819672131147541,0.680327868852459,0.1557377049180328,0.16393442622950818,0.16,0.28,nan,0.0030840048799291252,0.0024649327504448594,0.005007661529816687,0.123625,nan,nan,nan,nan,nan,nan,nan,nan,nan,nan,nan,nan,nan,nan,nan,nan,nan,nan,nan,nan,nan,nan,nan,nan,nan,nan,nan,nan,nan,nan,nan,nan,nan,nan,nan
212,33755,0.6436972222222223,-3.2318936352729786,0.48,0,199,0.5376884422110553,0.06532663316582915,0.09045226130653267,0.07537688442211055,0.0,0.6934673366834171,0.1306532663316583,0.17587939698492464,0.16,0.3022222222222222,0.3688888888888889,0.0035516189411282538,0.0027447605971246958,0.006533265765756369,0.1235,nan,nan,nan,nan,nan,nan,nan,nan,nan,nan,nan,nan,nan,nan,nan,nan,nan,nan,nan,nan,nan,nan,nan,nan,nan,nan,nan,nan,nan,nan,nan,nan,nan,nan,nan
213,33929,0.6418605555555557,-0.1947825999259929,0.4888888888888889,0,174,0.6264367816091954,0.04597701149425287,0.05747126436781609,0.05172413793103448,0.0,0.7298850574712644,0.11494252873563218,0.15517241379310345,0.14666666666666667,0.29333333333333333,0.4311111111111111,0.003913668869063258,0.003209485695697367,0.00570766485761851,0.123375,nan,nan,nan,nan,nan,nan,nan,nan,nan,nan,nan,nan,nan,nan,nan,nan,nan,nan,nan,nan,nan,nan,nan,nan,nan,nan,nan,nan,nan,nan,nan,nan,nan,nan,nan
214,34160,0.6394222222222223,-4.736284215211867,0.49777777777777776,0,231,0.4805194805194805,0.06926406926406926,0.08658008658008658,0.11688311688311688,0.0,0.6363636363636364,0.11255411255411256,0.2510822510822511,0.1288888888888889,0.27555555555555555,0.4177777777777778,0.0031498391879722478,0.0025785380392335357,0.004635303630493581,0.12325,nan,nan,nan,nan,nan,nan,nan,nan,nan,nan,nan,nan,nan,nan,nan,nan,nan,nan,nan,nan,nan,nan,nan,nan,nan,nan,nan,nan,nan,nan,nan,nan,nan,nan,nan
215,34318,0.6377544444444445,-1.4872067697048168,0.43555555555555553,0,158,0.6139240506329114,0.06962025316455696,0.04430379746835443,0.05063291139240506,0.0,0.7278481012658228,0.1518987341772152,0.12025316455696203,0.14222222222222222,0.28,0.4222222222222222,0.0037648825906217097,0.003149381815455854,0.004998991615138948,0.123125,nan,nan,nan,nan,nan,nan,nan,nan,nan,nan,nan,nan,nan,nan,nan,nan,nan,nan,nan,nan,nan,nan,nan,nan,nan,nan,nan,nan,nan,nan,nan,nan,nan,nan,nan
216,34541,0.6354005555555555,-5.403015065908432,0.35555555555555557,0,223,0.3542600896860987,0.15695067264573992,0.10762331838565023,0.11210762331838565,0.0,0.6188340807174888,0.16143497757847533,0.21973094170403587,0.13777777777777778,0.26222222222222225,0.3511111111111111,0.003673826879821718,0.003060784027911723,0.004984088358469307,0.123,nan,nan,nan,nan,nan,nan,nan,nan,nan,nan,nan,nan,nan,nan,nan,nan,nan,nan,nan,nan,nan,nan,nan,nan,nan,nan,nan,nan,nan,nan,nan,nan,nan,nan,nan
217,34689,0.6338383333333333,-1.5883233735561357,0.38666666666666666,0,148,0.581081081081081,0.04054054054054054,0.08783783783783784,0.06756756756756757,0.006756756756756757,0.7094594594594594,0.10135135135135136,0.1891891891891892,0.1511111111111111,0.3244444444444444,nan,0.003436729731038213,0.0028354408452287315,0.004893500730395317,0.122875,nan,nan,nan,nan,nan,nan,nan,nan,nan,nan,nan,nan,nan,nan,nan,nan,nan,nan,nan,nan,nan,nan,nan,nan,nan,nan,nan,nan,nan,nan,nan,nan,nan,nan,nan
218,34827,0.6323816666666666,-2.81793205499649,0.31555555555555553,0,138,0.5072463768115942,0.050724637681159424,0.07246376811594203,0.11594202898550725,0.007246376811594203,0.6304347826086957,0.17391304347826086,0.1956521739130435,0.16,0.23555555555555555,nan,0.00405994444154203,0.003389985486865044,0.005457914131693542,0.12275,nan,nan,nan,nan,nan,nan,nan,nan,nan,nan,nan,nan,nan,nan,nan,nan,nan,nan,nan,nan,nan,nan,nan,nan,nan,nan,nan,nan,nan,nan,nan,nan,nan,nan,nan
219,34965,0.630925,-1.5566986012458799,0.36444444444444446,0,138,0.5869565217391305,0.07971014492753623,0.028985507246376812,0.057971014492753624,0.007246376811594203,0.6956521739130435,0.10144927536231885,0.2028985507246377,0.17777777777777778,0.28888888888888886,nan,0.0033787849359214308,0.0026761282002553343,0.0057301262859255075,0.122625,nan,nan,nan,nan,nan,nan,nan,nan,nan,nan,nan,nan,nan,nan,nan,nan,nan,nan,nan,nan,nan,nan,nan,nan,nan,nan,nan,nan,nan,nan,nan,nan,nan,nan,nan
220,35180,0.6286555555555555,-5.541938851356507,0.39555555555555555,0,215,0.40930232558139534,0.09302325581395349,0.12558139534883722,0.12558139534883722,0.0,0.627906976744186,0.12558139534883722,0.24651162790697675,0.1511111111111111,0.3111111111111111,0.38222222222222224,0.003510382492095232,0.002790672064293176,0.005875187111087143,0.1225,-54.69449438998699,0.34977777777777774,1.0,228.2,0.5,0.5,0.3563309191208225,0.04009218507746864,0.0,0.4866505776008596,0.0,0.39642310419829113,0.09966062533498465,0.5039162704667242,0.14044444444444443,0.23288888888888887,0.27955555555555556,-13.559870199775693,0.37955555555555553,1.1,241.4,0.7,0.3,0.34973517665130577,0.06408463901689708,0.0,0.43583794162826417,0.0,0.41381981566820275,0.0023904761904761903,0.583789708141321,0.14577777777777778,0.23199999999999998,0.3031111111111111,0.5837435836988341
221,35332,0.6270511111111111,0.6908665165901187,0.44,0,152,0.6447368421052632,0.019736842105263157,0.03289473684210526,0.02631578947368421,0.0,0.6973684210526315,0.11842105263157894,0.18421052631578946,0.1688888888888889,0.3244444444444444,0.43555555555555553,0.0033147307694889605,0.002789374883286655,0.004293000313919037,0.122375,nan,nan,nan,nan,nan,nan,nan,nan,nan,nan,nan,nan,nan,nan,nan,nan,nan,nan,nan,nan,nan,nan,nan,nan,nan,nan,nan,nan,nan,nan,nan,nan,nan,nan,nan
222,35525,0.625013888888889,-3.3909035000801104,0.38222222222222224,0,193,0.44041450777202074,0.08290155440414508,0.10880829015544041,0.09326424870466321,0.0,0.6321243523316062,0.17098445595854922,0.19689119170984457,0.13333333333333333,0.27111111111111114,0.3111111111111111,0.005607338366098702,0.004827260528691113,0.006381004839204252,0.12225,nan,nan,nan,nan,nan,nan,nan,nan,nan,nan,nan,nan,nan,nan,nan,nan,nan,nan,nan,nan,nan,nan,nan,nan,nan,nan,nan,nan,nan,nan,nan,nan,nan,nan,nan
223,35703,0.623135,-0.3809780902862543,0.4711111111111111,0,178,0.5898876404494382,0.056179775280898875,0.028089887640449437,0.09550561797752809,0.0,0.6741573033707865,0.09550561797752809,0.2303370786516854,0.13777777777777778,0.24888888888888888,0.39111111111111113,0.0038645035121589897,0.0032811286160722374,0.004776867176406086,0.122125,nan,nan,nan,nan,nan,nan,nan,nan,nan,nan,nan,nan,nan,nan,nan,nan,nan,nan,nan,nan,nan,nan,nan,nan,nan,nan,nan,nan,nan,nan,nan,nan,nan,nan,nan
224,35849,0.6215938888888889,-0.9581363329887391,0.38666666666666666,0,146,0.589041095890411,0.0547945205479452,0.0547945205479452,0.0958904109589041,0.0,0.6986301369863014,0.08904109589041095,0.21232876712328766,0.12444444444444444,0.28444444444444444,nan,0.0029433623189106584,0.0023642847663722932,0.004746537515893578,0.122,nan,nan,nan,nan,nan,nan,nan,nan,nan,nan,nan,nan,nan,nan,nan,nan,nan,nan,nan,nan,nan,nan,nan,nan,nan,nan,nan,nan,nan,nan,nan,nan,nan,nan,nan
225,35960,0.6204222222222222,-2.428936147928238,0.28888888888888886,0,111,0.5765765765765766,0.07207207207207207,0.05405405405405406,0.08108108108108109,0.009009009009009009,0.7027027027027027,0.0990990990990991,0.1981981981981982,0.1288888888888889,0.2577777777777778,nan,0.0031916698440909385,0.0025363363791257145,0.005377095169387757,0.121875,nan,nan,nan,nan,nan,nan,nan,nan,nan,nan,nan,nan,nan,nan,nan,nan,nan,nan,nan,nan,nan,nan,nan,nan,nan,nan,nan,nan,nan,nan,nan,nan,nan,nan,nan
226,36150,0.6184166666666666,-1.9696119956970202,0.4666666666666667,0,190,0.5473684210526316,0.04736842105263158,0.08421052631578947,0.05789473684210526,0.0,0.6789473684210526,0.1368421052631579,0.18421052631578946,0.17333333333333334,0.25333333333333335,0.4088888888888889,0.0031530956737697126,0.0025236595422029494,0.005169906700029969,0.12175,nan,nan,nan,nan,nan,nan,nan,nan,nan,nan,nan,nan,nan,nan,nan,nan,nan,nan,nan,nan,nan,nan,nan,nan,nan,nan,nan,nan,nan,nan,nan,nan,nan,nan,nan
227,36267,0.6171816666666667,-4.608598828315735,0.24,0,117,0.452991452991453,0.05128205128205128,0.1452991452991453,0.13675213675213677,0.008547008547008548,0.6495726495726496,0.1623931623931624,0.18803418803418803,0.1511111111111111,0.23555555555555555,nan,0.0027120007667690515,0.002188163553364575,0.004306986345909536,0.121625,nan,nan,nan,nan,nan,nan,nan,nan,nan,nan,nan,nan,nan,nan,nan,nan,nan,nan,nan,nan,nan,nan,nan,nan,nan,nan,nan,nan,nan,nan,nan,nan,nan,nan,nan
228,36466,0.6150811111111111,-12.405975530147552,0.26222222222222225,0,199,0.2914572864321608,0.07035175879396985,0.22110552763819097,0.1507537688442211,0.0,0.5829145728643216,0.18592964824120603,0.23115577889447236,0.17777777777777778,0.26222222222222225,0.26222222222222225,0.003979912516660989,0.003374806244391948,0.004980298853479326,0.1215,nan,nan,nan,nan,nan,nan,nan,nan,nan,nan,nan,nan,nan,nan,nan,nan,nan,nan,nan,nan,nan,nan,nan,nan,nan,nan,nan,nan,nan,nan,nan,nan,nan,nan,nan
229,36631,0.6133394444444444,-1.0785661101341242,0.3688888888888889,0,165,0.49696969696969695,0.09696969696969697,0.0,0.1393939393939394,0.006060606060606061,0.593939393939394,0.11515151515151516,0.2909090909090909,0.16,0.29777777777777775,0.3422222222222222,0.0029620276764035225,0.0024103597388602793,0.0045451528392732145,0.121375,nan,nan,nan,nan,nan,nan,nan,nan,nan,nan,nan,nan,nan,nan,nan,nan,nan,nan,nan,nan,nan,nan,nan,nan,nan,nan,nan,nan,nan,nan,nan,nan,nan,nan,nan
230,36817,0.6113761111111111,-4.334257050752645,0.3688888888888889,0,186,0.44086021505376344,0.08064516129032258,0.10215053763440861,0.11290322580645161,0.0,0.6236559139784946,0.1827956989247312,0.1935483870967742,0.17333333333333334,0.22666666666666666,0.3244444444444444,0.0028511256910860538,0.0022618687245994805,0.004859851230867207,0.12125,nan,nan,nan,nan,nan,nan,nan,nan,nan,nan,nan,nan,nan,nan,nan,nan,nan,nan,nan,nan,nan,nan,nan,nan,nan,nan,nan,nan,nan,nan,nan,nan,nan,nan,nan
231,36971,0.6097505555555556,-2.255492200136184,0.3377777777777778,0,154,0.487012987012987,0.08441558441558442,0.05194805194805195,0.12337662337662338,0.006493506493506494,0.6233766233766234,0.16233766233766234,0.21428571428571427,0.09333333333333334,0.20444444444444446,0.3244444444444444,0.003007488721050322,0.002331728208810091,0.005579034425318241,0.121125,nan,nan,nan,nan,nan,nan,nan,nan,nan,nan,nan,nan,nan,nan,nan,nan,nan,nan,nan,nan,nan,nan,nan,nan,nan,nan,nan,nan,nan,nan,nan,nan,nan,nan,nan
232,37155,0.6078083333333333,-3.9087641739845265,0.37333333333333335,0,184,0.45108695652173914,0.07065217391304347,0.125,0.08152173913043478,0.0,0.6467391304347826,0.13043478260869565,0.22282608695652173,0.16,0.3022222222222222,0.36,0.0033970037242397667,0.002523667155764997,0.007217657845467329,0.121,nan,nan,nan,nan,nan,nan,nan,nan,nan,nan,nan,nan,nan,nan,nan,nan,nan,nan,nan,nan,nan,nan,nan,nan,nan,nan,nan,nan,nan,nan,nan,nan,nan,nan,nan
233,37385,0.6053805555555556,-4.831463557720192,0.38666666666666666,0,230,0.3739130434782609,0.1391304347826087,0.09130434782608696,0.10869565217391304,0.0,0.6043478260869565,0.1782608695652174,0.21739130434782608,0.11555555555555555,0.13333333333333333,0.27111111111111114,0.003017806354910135,0.0023365536006167533,0.005636010365560651,0.120875,nan,nan,nan,nan,nan,nan,nan,nan,nan,nan,nan,nan,nan,nan,nan,nan,nan,nan,nan,nan,nan,nan,nan,nan,nan,nan,nan,nan,nan,nan,nan,nan,nan,nan,nan
234,37557,0.603565,-4.972499999999998,0.26666666666666666,0,172,0.3430232558139535,0.11046511627906977,0.11046511627906977,0.1511627906976744,0.0,0.563953488372093,0.25,0.18604651162790697,0.1688888888888889,0.24888888888888888,0.25333333333333335,0.0036453965352848173,0.0030306325759738685,0.005091212294064462,0.12075,nan,nan,nan,nan,nan,nan,nan,nan,nan,nan,nan,nan,nan,nan,nan,nan,nan,nan,nan,nan,nan,nan,nan,nan,nan,nan,nan,nan,nan,nan,nan,nan,nan,nan,nan
235,37800,0.601,-3.6942125394344325,0.4888888888888889,0,243,0.448559670781893,0.1111111111111111,0.04938271604938271,0.11522633744855967,0.0,0.6090534979423868,0.15637860082304528,0.2345679012345679,0.13333333333333333,0.23555555555555555,0.37777777777777777,0.0031132190255448223,0.002643383201211691,0.0038950117537751793,0.120625,nan,nan,nan,nan,nan,nan,nan,nan,nan,nan,nan,nan,nan,nan,nan,nan,nan,nan,nan,nan,nan,nan,nan,nan,nan,nan,nan,nan,nan,nan,nan,nan,nan,nan,nan
236,37923,0.5997016666666667,-8.995306542873385,0.20444444444444446,0,123,0.36585365853658536,0.024390243902439025,0.1951219512195122,0.17886178861788618,0.008130081300813009,0.5853658536585366,0.11382113821138211,0.3008130081300813,0.13333333333333333,0.19555555555555557,nan,0.0032269129995256664,0.002698471862822771,0.004385403543710709,0.1205,nan,nan,nan,nan,nan,nan,nan,nan,nan,nan,nan,nan,nan,nan,nan,nan,nan,nan,nan,nan,nan,nan,nan,nan,nan,nan,nan,nan,nan,nan,nan,nan,nan,nan,nan
237,38127,0.5975483333333333,-1.5916057176589944,0.49777777777777776,0,204,0.5441176470588235,0.06372549019607843,0.04411764705882353,0.09313725490196079,0.0,0.6519607843137255,0.16176470588235295,0.18627450980392157,0.1511111111111111,0.28888888888888886,0.4088888888888889,0.0030040966579690576,0.0024386716773733496,0.004697196278721094,0.120375,nan,nan,nan,nan,nan,nan,nan,nan,nan,nan,nan,nan,nan,nan,nan,nan,nan,nan,nan,nan,nan,nan,nan,nan,nan,nan,nan,nan,nan,nan,nan,nan,nan,nan,nan
238,38328,0.5954266666666667,-1.7760334804058076,0.5155555555555555,0,201,0.572139303482587,0.06467661691542288,0.07960199004975124,0.05970149253731343,0.0,0.7164179104477612,0.11940298507462686,0.16417910447761194,0.13333333333333333,0.27111111111111114,0.4444444444444444,0.002919603860937059,0.0023133933544158937,0.005041251634247601,0.12025,nan,nan,nan,nan,nan,nan,nan,nan,nan,nan,nan,nan,nan,nan,nan,nan,nan,nan,nan,nan,nan,nan,nan,nan,nan,nan,nan,nan,nan,nan,nan,nan,nan,nan,nan
239,38513,0.5934738888888889,-7.384378201484687,0.30666666666666664,0,185,0.3675675675675676,0.10810810810810811,0.15135135135135136,0.14054054054054055,0.0,0.6270270270270271,0.17297297297297298,0.2,0.1688888888888889,0.18222222222222223,0.2311111111111111,0.0028088282560929656,0.002286666922736913,0.004346816206816584,0.120125,nan,nan,nan,nan,nan,nan,nan,nan,nan,nan,nan,nan,nan,nan,nan,nan,nan,nan,nan,nan,nan,nan,nan,nan,nan,nan,nan,nan,nan,nan,nan,nan,nan,nan,nan
240,38653,0.5919961111111112,-0.004693056106565896,0.4088888888888889,0,140,0.65,0.06428571428571428,0.03571428571428571,0.014285714285714285,0.0,0.75,0.12142857142857143,0.12857142857142856,0.1511111111111111,0.29333333333333333,nan,0.003061074996367097,0.0024983023176901042,0.00468977231066674,0.12,-1.1214377952098877,0.49377777777777776,0.1,200.9,0.1,0.9,0.5627862785027233,0.11177364313064986,0.0,0.1233319472493331,0.0,0.674559921633373,0.0060495974235104675,0.31939048094311645,0.18711111111111112,0.33688888888888885,0.4320987654320987,-4.988880546236037,0.41244444444444445,0.0,217.5,0.0,1.0,0.42850255557822337,0.14831708010229702,0.0,0.20017044533129896,0.0,0.5768196356805204,0.008168881257074672,0.415011483062405,0.17644444444444446,0.27955555555555556,0.3702222222222222,0.9460042171724476
241,38863,0.5897794444444444,-1.2903064649105067,0.52,0,210,0.5523809523809524,0.05238095238095238,0.05238095238095238,0.08571428571428572,0.0,0.6571428571428571,0.14761904761904762,0.19523809523809524,0.12444444444444444,0.27555555555555555,0.4,0.0029644388239830734,0.002411705884151161,0.004610911104828119,0.119875,nan,nan,nan,nan,nan,nan,nan,nan,nan,nan,nan,nan,nan,nan,nan,nan,nan,nan,nan,nan,nan,nan,nan,nan,nan,nan,nan,nan,nan,nan,nan,nan,nan,nan,nan
242,39033,0.587985,-7.639425218105318,0.19555555555555557,0,170,0.2529411764705882,0.13529411764705881,0.12941176470588237,0.23529411764705882,0.0,0.5176470588235295,0.14705882352941177,0.3352941176470588,0.1511111111111111,0.18222222222222223,0.19555555555555557,0.0027785869780927895,0.0022254407522268593,0.0046191753819584845,0.11975,nan,nan,nan,nan,nan,nan,nan,nan,nan,nan,nan,nan,nan,nan,nan,nan,nan,nan,nan,nan,nan,nan,nan,nan,nan,nan,nan,nan,nan,nan,nan,nan,nan,nan,nan
243,39204,0.58618,-1.1383229420185084,0.4577777777777778,0,171,0.5964912280701754,0.05263157894736842,0.06432748538011696,0.04093567251461988,0.0,0.7134502923976608,0.10526315789473684,0.18128654970760233,0.17777777777777778,0.3111111111111111,0.4,0.0027326303068548443,0.0022069251048378647,0.004394609434530139,0.119625,nan,nan,nan,nan,nan,nan,nan,nan,nan,nan,nan,nan,nan,nan,nan,nan,nan,nan,nan,nan,nan,nan,nan,nan,nan,nan,nan,nan,nan,nan,nan,nan,nan,nan,nan
244,39383,0.5842905555555555,-3.341214617252349,0.39555555555555555,0,179,0.49162011173184356,0.055865921787709494,0.12290502793296089,0.055865921787709494,0.0,0.6703910614525139,0.1340782122905028,0.19553072625698323,0.17333333333333334,0.28444444444444444,0.36444444444444446,0.002637476962991059,0.0020550086162984373,0.004874212248250842,0.1195,nan,nan,nan,nan,nan,nan,nan,nan,nan,nan,nan,nan,nan,nan,nan,nan,nan,nan,nan,nan,nan,nan,nan,nan,nan,nan,nan,nan,nan,nan,nan,nan,nan,nan,nan
245,39574,0.5822744444444445,-6.727084110260017,0.3466666666666667,0,191,0.4031413612565445,0.12041884816753927,0.11518324607329843,0.11518324607329843,0.0,0.6387434554973822,0.15706806282722513,0.20418848167539266,0.16,0.2088888888888889,0.26222222222222225,0.003151001688092947,0.0026517365360632537,0.004182326118461787,0.119375,nan,nan,nan,nan,nan,nan,nan,nan,nan,nan,nan,nan,nan,nan,nan,nan,nan,nan,nan,nan,nan,nan,nan,nan,nan,nan,nan,nan,nan,nan,nan,nan,nan,nan,nan
246,39692,0.5810288888888889,-1.1187273931503297,0.35555555555555557,0,118,0.6694915254237288,0.025423728813559324,0.0423728813559322,0.03389830508474576,0.00847457627118644,0.7372881355932204,0.11864406779661017,0.1440677966101695,0.14222222222222222,0.3111111111111111,nan,0.0027140076737850903,0.0021443427074700596,0.004777064407244324,0.11925,nan,nan,nan,nan,nan,nan,nan,nan,nan,nan,nan,nan,nan,nan,nan,nan,nan,nan,nan,nan,nan,nan,nan,nan,nan,nan,nan,nan,nan,nan,nan,nan,nan,nan,nan
247,39835,0.5795194444444445,-2.3190250916481014,0.31555555555555553,0,143,0.48951048951048953,0.14685314685314685,0.03496503496503497,0.06293706293706294,0.0,0.6713286713286714,0.16083916083916083,0.16783216783216784,0.1688888888888889,0.27111111111111114,nan,0.0026905726408585906,0.0021459962124936284,0.004571470303926617,0.119125,nan,nan,nan,nan,nan,nan,nan,nan,nan,nan,nan,nan,nan,nan,nan,nan,nan,nan,nan,nan,nan,nan,nan,nan,nan,nan,nan,nan,nan,nan,nan,nan,nan,nan,nan
248,39998,0.577798888888889,-1.518389217376708,0.40444444444444444,0,163,0.5521472392638037,0.07975460122699386,0.08588957055214724,0.049079754601226995,0.006134969325153374,0.7177914110429447,0.06748466257668712,0.2147239263803681,0.14666666666666667,0.25333333333333335,0.3688888888888889,0.0027566688833758233,0.002163527754601091,0.0049843789311125875,0.119,nan,nan,nan,nan,nan,nan,nan,nan,nan,nan,nan,nan,nan,nan,nan,nan,nan,nan,nan,nan,nan,nan,nan,nan,nan,nan,nan,nan,nan,nan,nan,nan,nan,nan,nan
249,40130,0.5764055555555556,-3.265000000000001,0.23555555555555555,0,132,0.3939393939393939,0.11363636363636363,0.11363636363636363,0.09090909090909091,0.007575757575757576,0.6212121212121212,0.14393939393939395,0.23484848484848486,0.11555555555555555,0.2,nan,0.002721118670888245,0.002113496116362512,0.00511144136544317,0.118875,nan,nan,nan,nan,nan,nan,nan,nan,nan,nan,nan,nan,nan,nan,nan,nan,nan,nan,nan,nan,nan,nan,nan,nan,nan,nan,nan,nan,nan,nan,nan,nan,nan,nan,nan
250,40330,0.5742944444444444,-0.6029074273109429,0.5555555555555556,0,200,0.62,0.06,0.03,0.065,0.0,0.71,0.125,0.165,0.18666666666666668,0.3422222222222222,0.43555555555555553,0.003259027237072587,0.0027498895302414893,0.004287475626915694,0.11875,nan,nan,nan,nan,nan,nan,nan,nan,nan,nan,nan,nan,nan,nan,nan,nan,nan,nan,nan,nan,nan,nan,nan,nan,nan,nan,nan,nan,nan,nan,nan,nan,nan,nan,nan
251,40539,0.5720883333333333,-2.0537433464527117,0.48444444444444446,0,209,0.5167464114832536,0.08133971291866028,0.05741626794258373,0.10047846889952153,0.0,0.6555023923444976,0.12440191387559808,0.22009569377990432,0.15555555555555556,0.20444444444444446,0.3377777777777778,0.0031108371913433075,0.0025226057739928366,0.004958747676573694,0.11862500000000001,nan,nan,nan,nan,nan,nan,nan,nan,nan,nan,nan,nan,nan,nan,nan,nan,nan,nan,nan,nan,nan,nan,nan,nan,nan,nan,nan,nan,nan,nan,nan,nan,nan,nan,nan
252,40753,0.5698294444444445,-8.047788050174715,0.3022222222222222,0,214,0.3130841121495327,0.14018691588785046,0.09813084112149532,0.1588785046728972,0.0,0.5514018691588785,0.1822429906542056,0.26635514018691586,0.1288888888888889,0.26666666666666666,0.29333333333333333,0.002970786625519395,0.00239915584679693,0.004823888069950044,0.1185,nan,nan,nan,nan,nan,nan,nan,nan,nan,nan,nan,nan,nan,nan,nan,nan,nan,nan,nan,nan,nan,nan,nan,nan,nan,nan,nan,nan,nan,nan,nan,nan,nan,nan,nan
253,40907,0.568203888888889,-3.0654258615970624,0.29333333333333333,0,154,0.42207792207792205,0.14285714285714285,0.05194805194805195,0.13636363636363635,0.0,0.6168831168831169,0.11688311688311688,0.2662337662337662,0.14666666666666667,0.23555555555555555,0.28888888888888886,0.00276253514457494,0.002160177635960281,0.005088553542736918,0.11837500000000001,nan,nan,nan,nan,nan,nan,nan,nan,nan,nan,nan,nan,nan,nan,nan,nan,nan,nan,nan,nan,nan,nan,nan,nan,nan,nan,nan,nan,nan,nan,nan,nan,nan,nan,nan
254,41081,0.5663672222222222,-3.1740465497970636,0.40444444444444444,0,174,0.5172413793103449,0.04597701149425287,0.08620689655172414,0.09195402298850575,0.005747126436781609,0.6494252873563219,0.13218390804597702,0.21839080459770116,0.08444444444444445,0.22666666666666666,0.39555555555555555,0.0027279458474367855,0.002260130480863154,0.003956155385822058,0.11825,nan,nan,nan,nan,nan,nan,nan,nan,nan,nan,nan,nan,nan,nan,nan,nan,nan,nan,nan,nan,nan,nan,nan,nan,nan,nan,nan,nan,nan,nan,nan,nan,nan,nan,nan
255,41253,0.5645516666666668,-2.1182697737216953,0.4444444444444444,0,172,0.5755813953488372,0.06395348837209303,0.040697674418604654,0.0755813953488372,0.005813953488372093,0.6802325581395349,0.12209302325581395,0.19767441860465115,0.15555555555555556,0.29777777777777775,0.4311111111111111,0.00313324723392725,0.0025857638102024794,0.004634780087508261,0.11812500000000001,nan,nan,nan,nan,nan,nan,nan,nan,nan,nan,nan,nan,nan,nan,nan,nan,nan,nan,nan,nan,nan,nan,nan,nan,nan,nan,nan,nan,nan,nan,nan,nan,nan,nan,nan
256,41397,0.5630316666666666,-1.0793427817821493,0.39111111111111113,0,144,0.6041666666666666,0.041666666666666664,0.05555555555555555,0.0763888888888889,0.0,0.7013888888888888,0.09722222222222222,0.2013888888888889,0.1511111111111111,0.26222222222222225,nan,0.002955522760748863,0.002428048045840114,0.004470124747604132,0.118,nan,nan,nan,nan,nan,nan,nan,nan,nan,nan,nan,nan,nan,nan,nan,nan,nan,nan,nan,nan,nan,nan,nan,nan,nan,nan,nan,nan,nan,nan,nan,nan,nan,nan,nan
257,41488,0.5620711111111112,-0.45314911937713587,0.30666666666666664,0,91,0.7472527472527473,0.01098901098901099,0.01098901098901099,0.0,0.01098901098901099,0.7692307692307693,0.07692307692307693,0.15384615384615385,0.16,nan,nan,0.0027046967297792435,0.0021685868501663207,0.004548121732659638,0.11787500000000001,nan,nan,nan,nan,nan,nan,nan,nan,nan,nan,nan,nan,nan,nan,nan,nan,nan,nan,nan,nan,nan,nan,nan,nan,nan,nan,nan,nan,nan,nan,nan,nan,nan,nan,nan
258,41679,0.560055,-3.804568850040435,0.3377777777777778,0,191,0.39267015706806285,0.13089005235602094,0.06806282722513089,0.14136125654450263,0.0,0.5916230366492147,0.19895287958115182,0.2094240837696335,0.16444444444444445,0.28888888888888886,0.3333333333333333,0.0025533127249218524,0.002007120556663722,0.004638574738055468,0.11775,nan,nan,nan,nan,nan,nan,nan,nan,nan,nan,nan,nan,nan,nan,nan,nan,nan,nan,nan,nan,nan,nan,nan,nan,nan,nan,nan,nan,nan,nan,nan,nan,nan,nan,nan
259,41836,0.5583977777777778,-3.0927270388603203,0.36,0,157,0.5095541401273885,0.06369426751592357,0.06369426751592357,0.10828025477707007,0.0,0.6369426751592356,0.11464968152866242,0.2484076433121019,0.14666666666666667,0.28888888888888886,0.36,0.0026312250876799224,0.0021880284999497234,0.0037678774213418366,0.11762500000000001,nan,nan,nan,nan,nan,nan,nan,nan,nan,nan,nan,nan,nan,nan,nan,nan,nan,nan,nan,nan,nan,nan,nan,nan,nan,nan,nan,nan,nan,nan,nan,nan,nan,nan,nan
260,42063,0.5560016666666667,-3.3717845346927637,0.5155555555555555,0,227,0.5066079295154186,0.07929515418502203,0.07048458149779736,0.05726872246696035,0.0,0.6563876651982379,0.12334801762114538,0.22026431718061673,0.17777777777777778,0.29777777777777775,0.4311111111111111,0.0029289048397913575,0.0023907302878797055,0.004580208822153509,0.1175,-1.0880495646953603,0.44755555555555554,0.1,194.7,0.1,0.9,0.523813146646851,0.15337250456312687,0.0,0.10484303052938093,0.0,0.6771856512099779,0.011045663306311748,0.3117686854837104,0.188,0.3168888888888889,0.40533333333333327,-1.5393463710784938,0.45555555555555555,0.0,196.2,0.0,1.0,0.5305062028775753,0.1346890297650853,0.0,0.11866123671399671,0.0,0.6651952326426606,0.00845820867864148,0.3263465586786979,0.18622222222222223,0.3026666666666667,0.414320987654321,0.8679595154375354
261,42239,0.554143888888889,-0.685193950176238,0.4577777777777778,0,176,0.5795454545454546,0.07386363636363637,0.017045454545454544,0.09659090909090909,0.0,0.6704545454545454,0.13068181818181818,0.19886363636363635,0.15555555555555556,0.28444444444444444,0.38666666666666666,0.002651829505339265,0.00210719263413921,0.004640144086442888,0.11737500000000001,nan,nan,nan,nan,nan,nan,nan,nan,nan,nan,nan,nan,nan,nan,nan,nan,nan,nan,nan,nan,nan,nan,nan,nan,nan,nan,nan,nan,nan,nan,nan,nan,nan,nan,nan
262,42433,0.5520961111111111,-2.107405408620834,0.49777777777777776,0,194,0.5721649484536082,0.05670103092783505,0.02577319587628866,0.10309278350515463,0.0,0.654639175257732,0.1134020618556701,0.23195876288659795,0.15555555555555556,0.26222222222222225,0.4,0.0025820078910328446,0.0020578768919222055,0.004470200219657272,0.11725,nan,nan,nan,nan,nan,nan,nan,nan,nan,nan,nan,nan,nan,nan,nan,nan,nan,nan,nan,nan,nan,nan,nan,nan,nan,nan,nan,nan,nan,nan,nan,nan,nan,nan,nan
263,42580,0.5505444444444445,-3.700237486839294,0.28444444444444444,0,147,0.42857142857142855,0.1360544217687075,0.047619047619047616,0.14285714285714285,0.0,0.6122448979591837,0.19047619047619047,0.19727891156462585,0.10222222222222223,0.2,nan,0.0025522622978314756,0.002073167636990547,0.004090456129051745,0.117125,nan,nan,nan,nan,nan,nan,nan,nan,nan,nan,nan,nan,nan,nan,nan,nan,nan,nan,nan,nan,nan,nan,nan,nan,nan,nan,nan,nan,nan,nan,nan,nan,nan,nan,nan
264,42756,0.5486866666666667,-1.2135141711235038,0.4488888888888889,0,176,0.5681818181818182,0.056818181818181816,0.05113636363636364,0.05113636363636364,0.0,0.6761363636363636,0.10227272727272728,0.2215909090909091,0.14666666666666667,0.3022222222222222,0.4088888888888889,0.0032199472188949585,0.0025991035159677266,0.005306356237269938,0.11699999999999999,nan,nan,nan,nan,nan,nan,nan,nan,nan,nan,nan,nan,nan,nan,nan,nan,nan,nan,nan,nan,nan,nan,nan,nan,nan,nan,nan,nan,nan,nan,nan,nan,nan,nan,nan
265,43002,0.54609,-0.9077590603828414,0.5777777777777777,0,246,0.524390243902439,0.10975609756097561,0.032520325203252036,0.08130081300813008,0.0,0.6666666666666666,0.13008130081300814,0.2032520325203252,0.1688888888888889,0.24888888888888888,0.38222222222222224,0.002690197387710214,0.0021928652771748603,0.004255247721448541,0.116875,nan,nan,nan,nan,nan,nan,nan,nan,nan,nan,nan,nan,nan,nan,nan,nan,nan,nan,nan,nan,nan,nan,nan,nan,nan,nan,nan,nan,nan,nan,nan,nan,nan,nan,nan
266,43186,0.5441477777777778,-3.119425082921985,0.39111111111111113,0,184,0.47282608695652173,0.10326086956521739,0.09239130434782608,0.07608695652173914,0.0,0.6684782608695652,0.13043478260869565,0.20108695652173914,0.16444444444444445,0.21333333333333335,0.27555555555555555,0.0030127324163913725,0.0025619272026233377,0.0038612863747403024,0.11674999999999999,nan,nan,nan,nan,nan,nan,nan,nan,nan,nan,nan,nan,nan,nan,nan,nan,nan,nan,nan,nan,nan,nan,nan,nan,nan,nan,nan,nan,nan,nan,nan,nan,nan,nan,nan
267,43353,0.542385,-5.47580582523346,0.2088888888888889,0,167,0.2754491017964072,0.17365269461077845,0.08383233532934131,0.17964071856287425,0.0,0.5329341317365269,0.1437125748502994,0.32335329341317365,0.1288888888888889,0.2088888888888889,0.2088888888888889,0.0030291873263195157,0.0025087894639000295,0.004462146479636431,0.116625,nan,nan,nan,nan,nan,nan,nan,nan,nan,nan,nan,nan,nan,nan,nan,nan,nan,nan,nan,nan,nan,nan,nan,nan,nan,nan,nan,nan,nan,nan,nan,nan,nan,nan,nan
268,43537,0.5404427777777778,-0.9047352733612049,0.48444444444444446,-1,184,0.5869565217391305,0.07608695652173914,0.03260869565217391,0.059782608695652176,0.005434782608695652,0.6956521739130435,0.10326086956521739,0.20108695652173914,0.17777777777777778,0.29333333333333333,0.41333333333333333,0.0026478640036657454,0.0021403308026492597,0.004356508026830852,0.11649999999999999,nan,nan,nan,nan,nan,nan,nan,nan,nan,nan,nan,nan,nan,nan,nan,nan,nan,nan,nan,nan,nan,nan,nan,nan,nan,nan,nan,nan,nan,nan,nan,nan,nan,nan,nan
269,43710,0.5386166666666667,-1.093760701417922,0.4533333333333333,0,173,0.5838150289017341,0.06936416184971098,0.05202312138728324,0.06358381502890173,0.0,0.7052023121387283,0.12716763005780346,0.1676300578034682,0.13333333333333333,0.31555555555555553,0.37777777777777777,0.0033499302808195353,0.0028967053862288595,0.0038945214822888375,0.116375,nan,nan,nan,nan,nan,nan,nan,nan,nan,nan,nan,nan,nan,nan,nan,nan,nan,nan,nan,nan,nan,nan,nan,nan,nan,nan,nan,nan,nan,nan,nan,nan,nan,nan,nan
270,43890,0.5367166666666667,-1.9123037159442888,0.41333333333333333,0,180,0.5111111111111111,0.08888888888888889,0.05555555555555555,0.07222222222222222,0.0,0.6555555555555556,0.16111111111111112,0.18333333333333332,0.15555555555555556,0.29777777777777775,0.37333333333333335,0.002761043538339436,0.002370701963081956,0.0033577770693227647,0.11624999999999999,nan,nan,nan,nan,nan,nan,nan,nan,nan,nan,nan,nan,nan,nan,nan,nan,nan,nan,nan,nan,nan,nan,nan,nan,nan,nan,nan,nan,nan,nan,nan,nan,nan,nan,nan
271,44096,0.5345422222222223,-1.490062627315521,0.5155555555555555,0,206,0.558252427184466,0.0825242718446602,0.038834951456310676,0.0825242718446602,0.0048543689320388345,0.6796116504854369,0.1407766990291262,0.1796116504854369,0.09777777777777778,0.2577777777777778,0.36,0.003100256691686809,0.002549431787338108,0.004743379051797092,0.116125,nan,nan,nan,nan,nan,nan,nan,nan,nan,nan,nan,nan,nan,nan,nan,nan,nan,nan,nan,nan,nan,nan,nan,nan,nan,nan,nan,nan,nan,nan,nan,nan,nan,nan,nan
272,44320,0.5321777777777779,-3.5852070407867425,0.38666666666666666,0,224,0.38392857142857145,0.17857142857142858,0.05803571428571429,0.07142857142857142,0.0,0.6205357142857143,0.16071428571428573,0.21875,0.16444444444444445,0.31555555555555553,0.38666666666666666,0.0025207121158018707,0.002156334021128714,0.00314119067043066,0.11599999999999999,nan,nan,nan,nan,nan,nan,nan,nan,nan,nan,nan,nan,nan,nan,nan,nan,nan,nan,nan,nan,nan,nan,nan,nan,nan,nan,nan,nan,nan,nan,nan,nan,nan,nan,nan
273,44490,0.5303833333333333,-0.575969635248183,0.4711111111111111,0,170,0.6176470588235294,0.029411764705882353,0.029411764705882353,0.06470588235294118,0.0,0.6764705882352942,0.12941176470588237,0.19411764705882353,0.1688888888888889,0.29777777777777775,0.4177777777777778,0.00273055387660861,0.0022965918062254785,0.003745088097639382,0.115875,nan,nan,nan,nan,nan,nan,nan,nan,nan,nan,nan,nan,nan,nan,nan,nan,nan,nan,nan,nan,nan,nan,nan,nan,nan,nan,nan,nan,nan,nan,nan,nan,nan,nan,nan
274,44681,0.5283672222222222,-2.340284465312958,0.49333333333333335,0,191,0.5759162303664922,0.05235602094240838,0.07329842931937172,0.05759162303664921,0.005235602094240838,0.7015706806282722,0.1099476439790576,0.18848167539267016,0.16,0.3333333333333333,0.4444444444444444,0.0025956717319786547,0.0021329397801309823,0.00399768422357738,0.11574999999999999,nan,nan,nan,nan,nan,nan,nan,nan,nan,nan,nan,nan,nan,nan,nan,nan,nan,nan,nan,nan,nan,nan,nan,nan,nan,nan,nan,nan,nan,nan,nan,nan,nan,nan,nan
275,44894,0.5261188888888889,-0.8175400905609179,0.49777777777777776,0,213,0.5211267605633803,0.12206572769953052,0.04225352112676056,0.056338028169014086,0.0,0.6854460093896714,0.08450704225352113,0.2300469483568075,0.1511111111111111,0.3244444444444444,0.47555555555555556,0.002942936378531158,0.002428327430970967,0.004450672282837331,0.115625,nan,nan,nan,nan,nan,nan,nan,nan,nan,nan,nan,nan,nan,nan,nan,nan,nan,nan,nan,nan,nan,nan,nan,nan,nan,nan,nan,nan,nan,nan,nan,nan,nan,nan,nan
276,45066,0.5243033333333333,-0.2634384117126457,0.48,0,172,0.622093023255814,0.06395348837209303,0.029069767441860465,0.06976744186046512,0.0,0.7151162790697675,0.0872093023255814,0.19767441860465115,0.16444444444444445,0.28444444444444444,0.41333333333333333,0.0034746019868180157,0.002938059228472412,0.004645391996018588,0.11549999999999999,nan,nan,nan,nan,nan,nan,nan,nan,nan,nan,nan,nan,nan,nan,nan,nan,nan,nan,nan,nan,nan,nan,nan,nan,nan,nan,nan,nan,nan,nan,nan,nan,nan,nan,nan
277,45256,0.5222977777777777,-0.8449147851467147,0.4711111111111111,0,190,0.5526315789473685,0.09473684210526316,0.03684210526315789,0.05263157894736842,0.0,0.6842105263157895,0.1368421052631579,0.17894736842105263,0.17333333333333334,0.3333333333333333,0.4666666666666667,0.003886689292266965,0.003409394109621644,0.004136903095059097,0.115375,nan,nan,nan,nan,nan,nan,nan,nan,nan,nan,nan,nan,nan,nan,nan,nan,nan,nan,nan,nan,nan,nan,nan,nan,nan,nan,nan,nan,nan,nan,nan,nan,nan,nan,nan
278,45437,0.5203872222222223,-1.9158366453647613,0.4088888888888889,0,181,0.5027624309392266,0.10497237569060773,0.03867403314917127,0.10497237569060773,0.0,0.6464088397790055,0.1270718232044199,0.2265193370165746,0.15555555555555556,0.23555555555555555,0.3111111111111111,0.004282129881903529,0.003789433534257114,0.004275022679939866,0.11524999999999999,nan,nan,nan,nan,nan,nan,nan,nan,nan,nan,nan,nan,nan,nan,nan,nan,nan,nan,nan,nan,nan,nan,nan,nan,nan,nan,nan,nan,nan,nan,nan,nan,nan,nan,nan
279,45594,0.5187299999999999,0.26564952254295426,0.4888888888888889,0,157,0.6942675159235668,0.06369426751592357,0.012738853503184714,0.01910828025477707,0.0,0.7707006369426752,0.05732484076433121,0.17197452229299362,0.17777777777777778,0.3511111111111111,0.4888888888888889,0.005057061696425081,0.004576854244805873,0.004171182843856513,0.115125,nan,nan,nan,nan,nan,nan,nan,nan,nan,nan,nan,nan,nan,nan,nan,nan,nan,nan,nan,nan,nan,nan,nan,nan,nan,nan,nan,nan,nan,nan,nan,nan,nan,nan,nan
280,45730,0.5172944444444445,-1.719254468202591,0.37333333333333335,0,136,0.6102941176470589,0.04411764705882353,0.051470588235294115,0.10294117647058823,0.0,0.7058823529411765,0.11029411764705882,0.18382352941176472,0.1688888888888889,0.30666666666666664,nan,0.004236693819984793,0.0037364595104008914,0.004349863459356129,0.11499999999999999,0.4969351337432835,0.5111111111111112,0.0,191.9,0.0,1.0,0.5983341844159977,0.2068899133365953,0.0,0.012182113362890898,0.0,0.805224097752593,0.0030487441175107784,0.19172715812989627,0.19733333333333333,0.36133333333333334,0.4701234567901234,0.5594492994308444,0.5386666666666666,0.0,194.3,0.0,1.0,0.614952350947539,0.1769942991735751,0.0,0.0147761204182074,0.0,0.7919466501211142,0.004865304082413986,0.20318804579647182,0.19644444444444448,0.35333333333333333,0.46799999999999997,1.016214997550592
281,45930,0.5151833333333333,1.56864070272445,0.5955555555555555,0,200,0.665,0.08,0.03,0.025,0.0,0.775,0.065,0.16,0.16,0.3288888888888889,0.4888888888888889,0.003643041383475065,0.0030875177821144462,0.004835896170698106,0.114875,nan,nan,nan,nan,nan,nan,nan,nan,nan,nan,nan,nan,nan,nan,nan,nan,nan,nan,nan,nan,nan,nan,nan,nan,nan,nan,nan,nan,nan,nan,nan,nan,nan,nan,nan
282,46113,0.5132516666666667,-4.4939750247001715,0.3422222222222222,0,183,0.41530054644808745,0.09289617486338798,0.07650273224043716,0.14754098360655737,0.0,0.5846994535519126,0.14207650273224043,0.273224043715847,0.12,0.17777777777777778,0.28,0.0032210744451731444,0.0027297706226818265,0.00428151476662606,0.11474999999999999,nan,nan,nan,nan,nan,nan,nan,nan,nan,nan,nan,nan,nan,nan,nan,nan,nan,nan,nan,nan,nan,nan,nan,nan,nan,nan,nan,nan,nan,nan,nan,nan,nan,nan,nan
283,46360,0.5106444444444445,-2.6347892601490015,0.5466666666666666,0,247,0.4939271255060729,0.08097165991902834,0.0728744939271255,0.08097165991902834,0.0,0.6477732793522267,0.1214574898785425,0.23076923076923078,0.14666666666666667,0.29333333333333333,0.4266666666666667,0.0034288944210857154,0.0029621370835229755,0.004072037735022604,0.114625,nan,nan,nan,nan,nan,nan,nan,nan,nan,nan,nan,nan,nan,nan,nan,nan,nan,nan,nan,nan,nan,nan,nan,nan,nan,nan,nan,nan,nan,nan,nan,nan,nan,nan,nan
284,46568,0.508448888888889,-1.8864649255275716,0.4711111111111111,0,208,0.5048076923076923,0.12980769230769232,0.04326923076923077,0.10096153846153846,0.0,0.6778846153846154,0.11538461538461539,0.20673076923076922,0.12444444444444444,0.2577777777777778,0.3288888888888889,0.003115557855926454,0.002584420214407146,0.0046387566719204186,0.11449999999999999,nan,nan,nan,nan,nan,nan,nan,nan,nan,nan,nan,nan,nan,nan,nan,nan,nan,nan,nan,nan,nan,nan,nan,nan,nan,nan,nan,nan,nan,nan,nan,nan,nan,nan,nan
285,46704,0.5070133333333333,0.701108661174775,0.4488888888888889,0,136,0.7352941176470589,0.0,0.014705882352941176,0.03676470588235294,0.0,0.75,0.11029411764705882,0.13970588235294118,0.16,0.3333333333333333,nan,0.0027087653987109663,0.002184478915296495,0.0045839256141334776,0.114375,nan,nan,nan,nan,nan,nan,nan,nan,nan,nan,nan,nan,nan,nan,nan,nan,nan,nan,nan,nan,nan,nan,nan,nan,nan,nan,nan,nan,nan,nan,nan,nan,nan,nan,nan
286,46875,0.5052083333333333,-0.6177719838619224,0.48444444444444446,0,171,0.631578947368421,0.03508771929824561,0.04678362573099415,0.08187134502923976,0.0,0.7134502923976608,0.0935672514619883,0.19298245614035087,0.16444444444444445,0.3288888888888889,0.4177777777777778,0.003219045395962894,0.0026567712426185607,0.0049214372644200925,0.11424999999999999,nan,nan,nan,nan,nan,nan,nan,nan,nan,nan,nan,nan,nan,nan,nan,nan,nan,nan,nan,nan,nan,nan,nan,nan,nan,nan,nan,nan,nan,nan,nan,nan,nan,nan,nan
287,47030,0.5035722222222223,-0.955479120016097,0.36444444444444446,0,155,0.5225806451612903,0.10967741935483871,0.012903225806451613,0.07096774193548387,0.0064516129032258064,0.6451612903225806,0.13548387096774195,0.21935483870967742,0.14222222222222222,0.27555555555555555,0.36444444444444446,0.0027667277259752153,0.002282407914754003,0.004243766085710377,0.114125,nan,nan,nan,nan,nan,nan,nan,nan,nan,nan,nan,nan,nan,nan,nan,nan,nan,nan,nan,nan,nan,nan,nan,nan,nan,nan,nan,nan,nan,nan,nan,nan,nan,nan,nan
288,47232,0.50144,-0.7608069586753822,0.5644444444444444,0,202,0.6237623762376238,0.06930693069306931,0.0297029702970297,0.04950495049504951,0.0,0.7227722772277227,0.11386138613861387,0.16336633663366337,0.15555555555555556,0.26666666666666666,0.4222222222222222,0.0029578570276498793,0.0025330640259198845,0.0037262545665726066,0.11399999999999999,nan,nan,nan,nan,nan,nan,nan,nan,nan,nan,nan,nan,nan,nan,nan,nan,nan,nan,nan,nan,nan,nan,nan,nan,nan,nan,nan,nan,nan,nan,nan,nan,nan,nan,nan
289,47379,0.4998883333333334,-1.0944524679183947,0.36444444444444446,0,147,0.5510204081632653,0.09523809523809523,0.034013605442176874,0.08163265306122448,0.0,0.6802721088435374,0.12244897959183673,0.19727891156462585,0.18222222222222223,0.3022222222222222,nan,0.0028161262394860386,0.00236443622270599,0.003966542147099972,0.113875,nan,nan,nan,nan,nan,nan,nan,nan,nan,nan,nan,nan,nan,nan,nan,nan,nan,nan,nan,nan,nan,nan,nan,nan,nan,nan,nan,nan,nan,nan,nan,nan,nan,nan,nan
290,47577,0.49779833333333345,-3.67683250761032,0.4088888888888889,0,198,0.4595959595959596,0.14646464646464646,0.04040404040404041,0.10606060606060606,0.0,0.6464646464646465,0.14646464646464646,0.20707070707070707,0.16,0.28444444444444444,0.4088888888888889,0.002577117085456848,0.002144304569810629,0.0038049448281526565,0.11374999999999999,nan,nan,nan,nan,nan,nan,nan,nan,nan,nan,nan,nan,nan,nan,nan,nan,nan,nan,nan,nan,nan,nan,nan,nan,nan,nan,nan,nan,nan,nan,nan,nan,nan,nan,nan
291,47819,0.49524388888888893,0.10550576734543182,0.6044444444444445,0,242,0.5578512396694215,0.09090909090909091,0.024793388429752067,0.0743801652892562,0.0,0.6735537190082644,0.19421487603305784,0.1322314049586777,0.1688888888888889,0.26666666666666666,0.39555555555555555,0.0025804693112149836,0.0020529185654595493,0.004642910812981427,0.113625,nan,nan,nan,nan,nan,nan,nan,nan,nan,nan,nan,nan,nan,nan,nan,nan,nan,nan,nan,nan,nan,nan,nan,nan,nan,nan,nan,nan,nan,nan,nan,nan,nan,nan,nan
292,48054,0.49276333333333333,-4.625273911237718,0.48,0,235,0.4553191489361702,0.09787234042553192,0.10638297872340426,0.09787234042553192,0.0,0.6595744680851063,0.14893617021276595,0.19148936170212766,0.13777777777777778,0.30666666666666664,0.41333333333333333,0.0027295075124129653,0.0021489318227395416,0.005115204281173647,0.11349999999999999,nan,nan,nan,nan,nan,nan,nan,nan,nan,nan,nan,nan,nan,nan,nan,nan,nan,nan,nan,nan,nan,nan,nan,nan,nan,nan,nan,nan,nan,nan,nan,nan,nan,nan,nan
293,48206,0.4911588888888889,-1.9637302339076976,0.37777777777777777,0,152,0.5526315789473685,0.046052631578947366,0.07894736842105263,0.09868421052631579,0.0,0.6776315789473685,0.17105263157894737,0.1513157894736842,0.16,0.32,0.37777777777777777,0.002462980488780886,0.001857160171493888,0.005343508871737868,0.113375,nan,nan,nan,nan,nan,nan,nan,nan,nan,nan,nan,nan,nan,nan,nan,nan,nan,nan,nan,nan,nan,nan,nan,nan,nan,nan,nan,nan,nan,nan,nan,nan,nan,nan,nan
294,48421,0.4888894444444445,-0.6139479792118117,0.5288888888888889,0,215,0.5488372093023256,0.07906976744186046,0.013953488372093023,0.10697674418604651,0.004651162790697674,0.641860465116279,0.1813953488372093,0.17674418604651163,0.18222222222222223,0.3333333333333333,0.4444444444444444,0.002777512976899743,0.002361887984443456,0.0036699775257147847,0.11324999999999999,nan,nan,nan,nan,nan,nan,nan,nan,nan,nan,nan,nan,nan,nan,nan,nan,nan,nan,nan,nan,nan,nan,nan,nan,nan,nan,nan,nan,nan,nan,nan,nan,nan,nan,nan
295,48586,0.48714777777777774,-0.5229842126369458,0.4711111111111111,0,165,0.6363636363636364,0.048484848484848485,0.05454545454545454,0.024242424242424242,0.0,0.7393939393939394,0.08484848484848485,0.17575757575757575,0.14222222222222222,0.29333333333333333,0.4533333333333333,0.0025268639205023647,0.002053402573801577,0.004185293987393379,0.113125,nan,nan,nan,nan,nan,nan,nan,nan,nan,nan,nan,nan,nan,nan,nan,nan,nan,nan,nan,nan,nan,nan,nan,nan,nan,nan,nan,nan,nan,nan,nan,nan,nan,nan,nan
296,48740,0.4855222222222222,-1.0475791196823117,0.38666666666666666,0,154,0.5584415584415584,0.05844155844155844,0.08441558441558442,0.09090909090909091,0.0,0.7012987012987013,0.13636363636363635,0.16233766233766234,0.15555555555555556,0.2311111111111111,0.37333333333333335,0.0026819577673450113,0.0021029135677963495,0.005124285258352757,0.11299999999999999,nan,nan,nan,nan,nan,nan,nan,nan,nan,nan,nan,nan,nan,nan,nan,nan,nan,nan,nan,nan,nan,nan,nan,nan,nan,nan,nan,nan,nan,nan,nan,nan,nan,nan,nan
297,48922,0.48360111111111104,-3.0112064270973207,0.39555555555555555,0,182,0.4835164835164835,0.09340659340659341,0.054945054945054944,0.12637362637362637,0.0,0.6318681318681318,0.12087912087912088,0.24725274725274726,0.15555555555555556,0.3111111111111111,0.3466666666666667,0.0025865786941722036,0.0020300954580307006,0.004930083802901208,0.112875,nan,nan,nan,nan,nan,nan,nan,nan,nan,nan,nan,nan,nan,nan,nan,nan,nan,nan,nan,nan,nan,nan,nan,nan,nan,nan,nan,nan,nan,nan,nan,nan,nan,nan,nan
298,49094,0.4817855555555556,-2.458733023881912,0.43555555555555553,0,172,0.563953488372093,0.040697674418604654,0.08139534883720931,0.06395348837209303,0.0,0.686046511627907,0.12790697674418605,0.18604651162790697,0.1688888888888889,0.27555555555555555,0.37333333333333335,0.0026704728370532393,0.002193463675212115,0.004230679711326957,0.11274999999999999,nan,nan,nan,nan,nan,nan,nan,nan,nan,nan,nan,nan,nan,nan,nan,nan,nan,nan,nan,nan,nan,nan,nan,nan,nan,nan,nan,nan,nan,nan,nan,nan,nan,nan,nan
299,49297,0.47964277777777775,-2.091962392568588,0.48,0,203,0.5270935960591133,0.07389162561576355,0.054187192118226604,0.054187192118226604,0.0,0.6551724137931034,0.15270935960591134,0.1921182266009852,0.13333333333333333,0.28,0.40444444444444444,0.0027335142251104115,0.0022707167081534863,0.004109189857263118,0.112625,nan,nan,nan,nan,nan,nan,nan,nan,nan,nan,nan,nan,nan,nan,nan,nan,nan,nan,nan,nan,nan,nan,nan,nan,nan,nan,nan,nan,nan,nan,nan,nan,nan,nan,nan
300,49547,0.4770038888888889,-0.14873227620125007,0.5288888888888889,1,250,0.472,0.144,0.036,0.088,0.0,0.652,0.184,0.164,0.17777777777777778,0.28888888888888886,0.4533333333333333,0.002507120883092284,0.002107077243272215,0.0035559435142204165,0.11249999999999999,0.8242744088172873,0.5386666666666666,0.0,193.1,0.0,1.0,0.6295694021349549,0.12653689694146258,0.0,0.04143103457178068,0.0,0.7561062990764176,0.08665100046548871,0.15724270045809377,0.19155555555555553,0.3457777777777778,0.46320987654320983,-0.517269826602939,0.4853333333333333,0.0,200.1,0.0,1.0,0.5470053595756902,0.15351487317540247,0.0,0.07194674944510285,0.0,0.7005202327510925,0.0931772184786955,0.20630254877021187,0.19422222222222224,0.32844444444444443,0.4062222222222222,1.0544404631437807
301,49714,0.4752411111111111,-1.276397203922269,0.4577777777777778,-1,167,0.6107784431137725,0.029940119760479042,0.059880239520958084,0.059880239520958084,0.005988023952095809,0.7005988023952096,0.1377245508982036,0.16167664670658682,0.16,0.3111111111111111,0.4533333333333333,0.0031246984610334037,0.0027008862933143975,0.0037714097299613057,0.112375,nan,nan,nan,nan,nan,nan,nan,nan,nan,nan,nan,nan,nan,nan,nan,nan,nan,nan,nan,nan,nan,nan,nan,nan,nan,nan,nan,nan,nan,nan,nan,nan,nan,nan,nan
302,49855,0.4737527777777778,0.7032094213962563,0.4444444444444444,0,141,0.7021276595744681,0.0425531914893617,0.0425531914893617,0.028368794326241134,0.0,0.7872340425531915,0.10638297872340426,0.10638297872340426,0.17777777777777778,0.3288888888888889,nan,0.0030129710678011177,0.0025851049344055355,0.0038117247284390034,0.11224999999999999,nan,nan,nan,nan,nan,nan,nan,nan,nan,nan,nan,nan,nan,nan,nan,nan,nan,nan,nan,nan,nan,nan,nan,nan,nan,nan,nan,nan,nan,nan,nan,nan,nan,nan,nan
303,50051,0.4716838888888889,-1.9645817971229538,0.4577777777777778,0,196,0.5204081632653061,0.14795918367346939,0.025510204081632654,0.0663265306122449,0.0,0.6938775510204082,0.12755102040816327,0.17857142857142858,0.12,0.24888888888888888,0.38666666666666666,0.0029625233495607973,0.0024842323968186975,0.004265693831257522,0.112125,nan,nan,nan,nan,nan,nan,nan,nan,nan,nan,nan,nan,nan,nan,nan,nan,nan,nan,nan,nan,nan,nan,nan,nan,nan,nan,nan,nan,nan,nan,nan,nan,nan,nan,nan
304,50210,0.47000555555555557,-3.6143995907306667,0.39111111111111113,-2,159,0.5471698113207547,0.06289308176100629,0.06289308176100629,0.08176100628930817,0.006289308176100629,0.6729559748427673,0.1069182389937107,0.22012578616352202,0.1511111111111111,0.26666666666666666,0.38666666666666666,0.002715301723219454,0.0023533505154773593,0.003231706831138581,0.11199999999999999,nan,nan,nan,nan,nan,nan,nan,nan,nan,nan,nan,nan,nan,nan,nan,nan,nan,nan,nan,nan,nan,nan,nan,nan,nan,nan,nan,nan,nan,nan,nan,nan,nan,nan,nan
305,50350,0.4685277777777779,-1.598811536073683,0.3688888888888889,0,140,0.5857142857142857,0.06428571428571428,0.04285714285714286,0.07857142857142857,0.0,0.6928571428571428,0.15,0.15714285714285714,0.14222222222222222,0.27555555555555555,nan,0.0030494741164147853,0.0025509188417345285,0.00445636035874486,0.111875,nan,nan,nan,nan,nan,nan,nan,nan,nan,nan,nan,nan,nan,nan,nan,nan,nan,nan,nan,nan,nan,nan,nan,nan,nan,nan,nan,nan,nan,nan,nan,nan,nan,nan,nan
306,50580,0.46609999999999996,-3.3527006945610043,0.4711111111111111,0,230,0.45652173913043476,0.08695652173913043,0.06521739130434782,0.12608695652173912,0.0,0.6086956521739131,0.17391304347826086,0.21739130434782608,0.13333333333333333,0.2088888888888889,0.36444444444444446,0.0041296182898804545,0.0036855987971648576,0.003973328578285873,0.11174999999999999,nan,nan,nan,nan,nan,nan,nan,nan,nan,nan,nan,nan,nan,nan,nan,nan,nan,nan,nan,nan,nan,nan,nan,nan,nan,nan,nan,nan,nan,nan,nan,nan,nan,nan,nan
307,50790,0.4638833333333333,-1.0173597655296367,0.5644444444444444,0,210,0.6,0.06190476190476191,0.0380952380952381,0.08571428571428572,0.0,0.7,0.1,0.2,0.17777777777777778,0.3333333333333333,0.48,0.003819624264724553,0.0033677412779070438,0.004048223746940494,0.111625,nan,nan,nan,nan,nan,nan,nan,nan,nan,nan,nan,nan,nan,nan,nan,nan,nan,nan,nan,nan,nan,nan,nan,nan,nan,nan,nan,nan,nan,nan,nan,nan,nan,nan,nan
308,50961,0.46207833333333337,-2.051933095216751,0.41333333333333333,0,171,0.5380116959064327,0.0935672514619883,0.05263157894736842,0.06432748538011696,0.0,0.6842105263157895,0.12280701754385964,0.19298245614035087,0.17777777777777778,0.28444444444444444,0.37777777777777777,0.003430191776715219,0.0029960238141939046,0.0038938837358728053,0.11149999999999999,nan,nan,nan,nan,nan,nan,nan,nan,nan,nan,nan,nan,nan,nan,nan,nan,nan,nan,nan,nan,nan,nan,nan,nan,nan,nan,nan,nan,nan,nan,nan,nan,nan,nan,nan
309,51158,0.45999888888888885,-2.042265955448149,0.5066666666666667,0,197,0.5736040609137056,0.08121827411167512,0.05583756345177665,0.09137055837563451,0.0,0.7106598984771574,0.06598984771573604,0.2233502538071066,0.18666666666666668,0.3244444444444444,0.39555555555555555,0.002919775666669011,0.0025181043427437546,0.003606476169079542,0.111375,nan,nan,nan,nan,nan,nan,nan,nan,nan,nan,nan,nan,nan,nan,nan,nan,nan,nan,nan,nan,nan,nan,nan,nan,nan,nan,nan,nan,nan,nan,nan,nan,nan,nan,nan
310,51318,0.45831,0.2521352329254154,0.4488888888888889,0,160,0.625,0.05625,0.04375,0.05,0.00625,0.725,0.16875,0.10625,0.18666666666666668,0.31555555555555553,0.4177777777777778,0.002974365744739771,0.0024050197447650135,0.005117717362008989,0.11124999999999999,nan,nan,nan,nan,nan,nan,nan,nan,nan,nan,nan,nan,nan,nan,nan,nan,nan,nan,nan,nan,nan,nan,nan,nan,nan,nan,nan,nan,nan,nan,nan,nan,nan,nan,nan
311,51534,0.45603000000000005,-5.200247468948365,0.36444444444444446,0,216,0.375,0.12037037037037036,0.06944444444444445,0.18055555555555555,0.0,0.5648148148148148,0.3472222222222222,0.08796296296296297,0.14666666666666667,0.29777777777777775,0.35555555555555557,0.0031360437395051123,0.00255941953510046,0.005188969150185585,0.111125,nan,nan,nan,nan,nan,nan,nan,nan,nan,nan,nan,nan,nan,nan,nan,nan,nan,nan,nan,nan,nan,nan,nan,nan,nan,nan,nan,nan,nan,nan,nan,nan,nan,nan,nan
312,51742,0.45383444444444443,-3.663706048250199,0.4088888888888889,0,208,0.4375,0.14903846153846154,0.057692307692307696,0.10576923076923077,0.0,0.6442307692307693,0.16346153846153846,0.19230769230769232,0.14222222222222222,0.29333333333333333,0.37333333333333335,0.0031183735001832245,0.0026438165688887237,0.004275287664495408,0.11099999999999999,nan,nan,nan,nan,nan,nan,nan,nan,nan,nan,nan,nan,nan,nan,nan,nan,nan,nan,nan,nan,nan,nan,nan,nan,nan,nan,nan,nan,nan,nan,nan,nan,nan,nan,nan
313,51922,0.4519344444444444,-3.8358792603015957,0.3422222222222222,0,180,0.4222222222222222,0.13333333333333333,0.06111111111111111,0.12777777777777777,0.0,0.6166666666666667,0.17222222222222222,0.2111111111111111,0.14222222222222222,0.16444444444444445,0.27111111111111114,0.0032903722720220687,0.0027401837753131984,0.0049622409045696255,0.110875,nan,nan,nan,nan,nan,nan,nan,nan,nan,nan,nan,nan,nan,nan,nan,nan,nan,nan,nan,nan,nan,nan,nan,nan,nan,nan,nan,nan,nan,nan,nan,nan,nan,nan,nan
314,52125,0.4497916666666666,-0.7116458897590615,0.5333333333333333,0,203,0.5862068965517241,0.059113300492610835,0.03940886699507389,0.054187192118226604,0.0,0.6847290640394089,0.18719211822660098,0.12807881773399016,0.1688888888888889,0.31555555555555553,0.4533333333333333,0.0029657038627192377,0.002494093857239932,0.004258329886943102,0.11074999999999999,nan,nan,nan,nan,nan,nan,nan,nan,nan,nan,nan,nan,nan,nan,nan,nan,nan,nan,nan,nan,nan,nan,nan,nan,nan,nan,nan,nan,nan,nan,nan,nan,nan,nan,nan
315,52324,0.44769111111111115,-2.0488700714111316,0.48,0,199,0.5376884422110553,0.09547738693467336,0.07537688442211055,0.06030150753768844,0.0,0.7085427135678392,0.135678391959799,0.15577889447236182,0.1688888888888889,0.3333333333333333,0.39111111111111113,0.002690250752493739,0.0023831206490285695,0.002776317216921598,0.110625,nan,nan,nan,nan,nan,nan,nan,nan,nan,nan,nan,nan,nan,nan,nan,nan,nan,nan,nan,nan,nan,nan,nan,nan,nan,nan,nan,nan,nan,nan,nan,nan,nan,nan,nan
316,52514,0.44568555555555567,-1.2643192305564859,0.48444444444444446,0,190,0.5684210526315789,0.06315789473684211,0.06842105263157895,0.07368421052631578,0.0,0.7,0.14210526315789473,0.15789473684210525,0.14222222222222222,0.29777777777777775,0.40444444444444444,0.0029115273151546716,0.0025838231900706886,0.002965648006647825,0.11049999999999999,nan,nan,nan,nan,nan,nan,nan,nan,nan,nan,nan,nan,nan,nan,nan,nan,nan,nan,nan,nan,nan,nan,nan,nan,nan,nan,nan,nan,nan,nan,nan,nan,nan,nan,nan
317,52717,0.44354277777777784,-2.6345447335243213,0.4666666666666667,0,203,0.5123152709359606,0.11330049261083744,0.04433497536945813,0.07881773399014778,0.0,0.6699507389162561,0.1477832512315271,0.18226600985221675,0.15555555555555556,0.29777777777777775,0.38666666666666666,0.0028624284081161023,0.0024739758810028434,0.0035193886142224073,0.110375,nan,nan,nan,nan,nan,nan,nan,nan,nan,nan,nan,nan,nan,nan,nan,nan,nan,nan,nan,nan,nan,nan,nan,nan,nan,nan,nan,nan,nan,nan,nan,nan,nan,nan,nan
318,52888,0.4417377777777778,-4.656333251714705,0.4666666666666667,0,171,0.6081871345029239,0.05263157894736842,0.029239766081871343,0.14619883040935672,0.0,0.6900584795321637,0.07602339181286549,0.23391812865497075,0.16444444444444445,0.3244444444444444,0.4533333333333333,0.003531429171562195,0.003048226051032543,0.004382794233970344,0.11024999999999999,nan,nan,nan,nan,nan,nan,nan,nan,nan,nan,nan,nan,nan,nan,nan,nan,nan,nan,nan,nan,nan,nan,nan,nan,nan,nan,nan,nan,nan,nan,nan,nan,nan,nan,nan
319,53028,0.4402600000000001,-1.4490054757595052,0.37777777777777777,0,140,0.6,0.05,0.05714285714285714,0.08571428571428572,0.007142857142857143,0.7071428571428572,0.14285714285714285,0.15,0.18666666666666668,0.3111111111111111,nan,0.003148824628442526,0.0027691266499459744,0.0034478815738111734,0.110125,nan,nan,nan,nan,nan,nan,nan,nan,nan,nan,nan,nan,nan,nan,nan,nan,nan,nan,nan,nan,nan,nan,nan,nan,nan,nan,nan,nan,nan,nan,nan,nan,nan,nan,nan
320,53232,0.43810666666666664,-0.09540889716148704,0.5911111111111111,0,204,0.6470588235294118,0.09313725490196079,0.05392156862745098,0.03431372549019608,0.0,0.7941176470588235,0.0784313725490196,0.12745098039215685,0.1688888888888889,0.36444444444444446,0.4711111111111111,0.00294463406316936,0.002410441287793219,0.0048562980256974695,0.10999999999999999,-0.4791883487224595,0.5075555555555555,0.1,201.6,0.1,0.9,0.5725538542718381,0.10844667135397776,0.00042918454935622315,0.1015109665954397,0.0,0.6814297101751722,0.15654177605423653,0.1620285137705913,0.17555555555555555,0.32533333333333336,0.4291358024691358,-0.4816715463399902,0.48533333333333334,0.1,203.0,0.1,0.9,0.5380690719489112,0.14387449694603077,0.0,0.08450081098363522,0.0,0.681943568894942,0.15439223449959907,0.16366419660545894,0.17822222222222223,0.29511111111111116,0.4026666666666666,0.9652202048447275
321,53401,0.43632277777777784,-1.1541069350242614,0.4488888888888889,0,169,0.591715976331361,0.05325443786982249,0.029585798816568046,0.08875739644970414,0.0,0.6745562130177515,0.15384615384615385,0.17159763313609466,0.12,0.28444444444444444,0.4177777777777778,0.0029799095820635555,0.002414403483271599,0.005146813159808516,0.109875,nan,nan,nan,nan,nan,nan,nan,nan,nan,nan,nan,nan,nan,nan,nan,nan,nan,nan,nan,nan,nan,nan,nan,nan,nan,nan,nan,nan,nan,nan,nan,nan,nan,nan,nan
322,53600,0.4342222222222223,-0.4655552260875686,0.5466666666666666,0,199,0.6130653266331658,0.04020100502512563,0.02512562814070352,0.08542713567839195,0.0,0.678391959798995,0.1507537688442211,0.1708542713567839,0.13777777777777778,0.28888888888888886,0.4311111111111111,0.0031158242840319873,0.002693213929887861,0.003850663732737303,0.10974999999999999,nan,nan,nan,nan,nan,nan,nan,nan,nan,nan,nan,nan,nan,nan,nan,nan,nan,nan,nan,nan,nan,nan,nan,nan,nan,nan,nan,nan,nan,nan,nan,nan,nan,nan,nan
323,53775,0.43237499999999995,-2.2107646214962013,0.41333333333333333,0,175,0.5257142857142857,0.08571428571428572,0.05142857142857143,0.10857142857142857,0.0,0.6628571428571428,0.10285714285714286,0.2342857142857143,0.19111111111111112,0.3288888888888889,0.41333333333333333,0.0031633809208869933,0.0027603219728916883,0.0036767067154869436,0.109625,nan,nan,nan,nan,nan,nan,nan,nan,nan,nan,nan,nan,nan,nan,nan,nan,nan,nan,nan,nan,nan,nan,nan,nan,nan,nan,nan,nan,nan,nan,nan,nan,nan,nan,nan
324,53973,0.43028500000000003,-0.9280149788856504,0.49777777777777776,0,198,0.5606060606060606,0.10606060606060606,0.030303030303030304,0.04040404040404041,0.0,0.696969696969697,0.13636363636363635,0.16666666666666666,0.13333333333333333,0.24444444444444444,0.39111111111111113,0.0029346209950745104,0.0025081598316319285,0.003894622344523668,0.10949999999999999,nan,nan,nan,nan,nan,nan,nan,nan,nan,nan,nan,nan,nan,nan,nan,nan,nan,nan,nan,nan,nan,nan,nan,nan,nan,nan,nan,nan,nan,nan,nan,nan,nan,nan,nan
325,54147,0.4284483333333333,-1.4276771094799023,0.4222222222222222,0,174,0.5402298850574713,0.08045977011494253,0.022988505747126436,0.08045977011494253,0.0,0.6436781609195402,0.20114942528735633,0.15517241379310345,0.14222222222222222,0.28444444444444444,0.4088888888888889,0.0030449108220636846,0.002448450808878988,0.005453348648734391,0.109375,nan,nan,nan,nan,nan,nan,nan,nan,nan,nan,nan,nan,nan,nan,nan,nan,nan,nan,nan,nan,nan,nan,nan,nan,nan,nan,nan,nan,nan,nan,nan,nan,nan,nan,nan
326,54330,0.42651666666666666,-2.2559492731094357,0.4266666666666667,0,183,0.5191256830601093,0.07103825136612021,0.060109289617486336,0.1092896174863388,0.0,0.6502732240437158,0.1366120218579235,0.21311475409836064,0.12444444444444444,0.20444444444444446,0.3244444444444444,0.002695439709350467,0.0023546489770524203,0.003119365929160267,0.10925,nan,nan,nan,nan,nan,nan,nan,nan,nan,nan,nan,nan,nan,nan,nan,nan,nan,nan,nan,nan,nan,nan,nan,nan,nan,nan,nan,nan,nan,nan,nan,nan,nan,nan,nan
327,54538,0.42432111111111115,-0.06792673730850551,0.5511111111111111,0,208,0.5913461538461539,0.0673076923076923,0.04807692307692308,0.04807692307692308,0.0,0.7067307692307693,0.09134615384615384,0.20192307692307693,0.1688888888888889,0.3288888888888889,0.43555555555555553,0.0027860750211402773,0.002382275811396539,0.003700336196925491,0.109125,nan,nan,nan,nan,nan,nan,nan,nan,nan,nan,nan,nan,nan,nan,nan,nan,nan,nan,nan,nan,nan,nan,nan,nan,nan,nan,nan,nan,nan,nan,nan,nan,nan,nan,nan
328,54653,0.4231072222222223,-0.3296118443012227,0.3377777777777778,0,115,0.6521739130434783,0.05217391304347826,0.017391304347826087,0.06086956521739131,0.008695652173913044,0.7217391304347827,0.1826086956521739,0.09565217391304348,0.18666666666666668,0.30666666666666664,nan,0.0030392886372283103,0.002622398058883846,0.0038246845826506613,0.109,nan,nan,nan,nan,nan,nan,nan,nan,nan,nan,nan,nan,nan,nan,nan,nan,nan,nan,nan,nan,nan,nan,nan,nan,nan,nan,nan,nan,nan,nan,nan,nan,nan,nan,nan
329,54814,0.4214077777777777,-2.014126291513443,0.4266666666666667,0,161,0.5900621118012422,0.055900621118012424,0.043478260869565216,0.09937888198757763,0.0,0.6894409937888198,0.14285714285714285,0.16770186335403728,0.18666666666666668,0.3244444444444444,0.4266666666666667,0.0029953275807201862,0.0025222759577445686,0.004344905610196292,0.108875,nan,nan,nan,nan,nan,nan,nan,nan,nan,nan,nan,nan,nan,nan,nan,nan,nan,nan,nan,nan,nan,nan,nan,nan,nan,nan,nan,nan,nan,nan,nan,nan,nan,nan,nan
330,55022,0.4192122222222222,-0.5985570242404926,0.5644444444444444,0,208,0.6057692307692307,0.07692307692307693,0.04807692307692308,0.038461538461538464,0.0,0.7307692307692307,0.125,0.14423076923076922,0.16444444444444445,0.28,0.43555555555555553,0.002949719876050949,0.002512949693482369,0.004016277706250548,0.10875,nan,nan,nan,nan,nan,nan,nan,nan,nan,nan,nan,nan,nan,nan,nan,nan,nan,nan,nan,nan,nan,nan,nan,nan,nan,nan,nan,nan,nan,nan,nan,nan,nan,nan,nan
331,55158,0.4177766666666667,0.22591551280021815,0.43555555555555553,0,136,0.7132352941176471,0.014705882352941176,0.051470588235294115,0.022058823529411766,0.0,0.7794117647058824,0.14705882352941177,0.07352941176470588,0.14666666666666667,0.30666666666666664,nan,0.0026968900696374477,0.0023686505039222537,0.003021768294274807,0.108625,nan,nan,nan,nan,nan,nan,nan,nan,nan,nan,nan,nan,nan,nan,nan,nan,nan,nan,nan,nan,nan,nan,nan,nan,nan,nan,nan,nan,nan,nan,nan,nan,nan,nan,nan
332,55301,0.41626722222222223,0.3625174107551594,0.43555555555555553,0,143,0.6783216783216783,0.02097902097902098,0.04195804195804196,0.03496503496503497,0.0,0.7412587412587412,0.16083916083916083,0.0979020979020979,0.1511111111111111,0.28444444444444444,nan,0.0027007216354832052,0.002317676949314773,0.0035303657641634345,0.1085,nan,nan,nan,nan,nan,nan,nan,nan,nan,nan,nan,nan,nan,nan,nan,nan,nan,nan,nan,nan,nan,nan,nan,nan,nan,nan,nan,nan,nan,nan,nan,nan,nan,nan,nan
333,55479,0.41438833333333336,0.10945017814636127,0.4888888888888889,0,178,0.6123595505617978,0.03932584269662921,0.0,0.10674157303370786,0.0,0.651685393258427,0.1853932584269663,0.16292134831460675,0.1688888888888889,0.3244444444444444,0.4266666666666667,0.0028181317960843445,0.002423149696551263,0.003644586866721511,0.108375,nan,nan,nan,nan,nan,nan,nan,nan,nan,nan,nan,nan,nan,nan,nan,nan,nan,nan,nan,nan,nan,nan,nan,nan,nan,nan,nan,nan,nan,nan,nan,nan,nan,nan,nan
334,55678,0.4122877777777778,-1.761286296606062,0.4888888888888889,0,199,0.5477386934673367,0.08542713567839195,0.05025125628140704,0.07035175879396985,0.0,0.6834170854271356,0.17587939698492464,0.1407035175879397,0.16,0.21777777777777776,0.3422222222222222,0.0028080722782760858,0.0024610597058199344,0.0032056591240689158,0.10825,nan,nan,nan,nan,nan,nan,nan,nan,nan,nan,nan,nan,nan,nan,nan,nan,nan,nan,nan,nan,nan,nan,nan,nan,nan,nan,nan,nan,nan,nan,nan,nan,nan,nan,nan
335,55874,0.4102188888888889,-2.55238687968254,0.48444444444444446,0,196,0.5510204081632653,0.07653061224489796,0.0663265306122449,0.10714285714285714,0.0,0.6938775510204082,0.20408163265306123,0.10204081632653061,0.17333333333333334,0.3288888888888889,0.4222222222222222,0.003216083184815943,0.0027693025884218516,0.004132074385415763,0.108125,nan,nan,nan,nan,nan,nan,nan,nan,nan,nan,nan,nan,nan,nan,nan,nan,nan,nan,nan,nan,nan,nan,nan,nan,nan,nan,nan,nan,nan,nan,nan,nan,nan,nan,nan
336,56045,0.40841388888888897,-0.7713446736335745,0.4622222222222222,0,171,0.6023391812865497,0.05847953216374269,0.029239766081871343,0.07602339181286549,0.0,0.6900584795321637,0.13450292397660818,0.17543859649122806,0.1288888888888889,0.27555555555555555,0.40444444444444444,0.002893496071919799,0.0024957795161753894,0.003682560846209526,0.108,nan,nan,nan,nan,nan,nan,nan,nan,nan,nan,nan,nan,nan,nan,nan,nan,nan,nan,nan,nan,nan,nan,nan,nan,nan,nan,nan,nan,nan,nan,nan,nan,nan,nan,nan
337,56183,0.4069572222222222,-2.6321281144618975,0.3422222222222222,0,138,0.5507246376811594,0.036231884057971016,0.06521739130434782,0.12318840579710146,0.0,0.6521739130434783,0.13043478260869565,0.21739130434782608,0.1511111111111111,0.2577777777777778,nan,0.002906363736838102,0.0024105431279167534,0.004596251319162548,0.107875,nan,nan,nan,nan,nan,nan,nan,nan,nan,nan,nan,nan,nan,nan,nan,nan,nan,nan,nan,nan,nan,nan,nan,nan,nan,nan,nan,nan,nan,nan,nan,nan,nan,nan,nan
338,56352,0.4051733333333334,0.23794615554809462,0.49777777777777776,0,169,0.6568047337278107,0.04142011834319527,0.01775147928994083,0.05917159763313609,0.0,0.7159763313609467,0.11242603550295859,0.17159763313609466,0.16444444444444445,0.3111111111111111,0.47555555555555556,0.0026346850907430054,0.0022075034910812976,0.0039645624929107726,0.10775,nan,nan,nan,nan,nan,nan,nan,nan,nan,nan,nan,nan,nan,nan,nan,nan,nan,nan,nan,nan,nan,nan,nan,nan,nan,nan,nan,nan,nan,nan,nan,nan,nan,nan,nan
339,56528,0.40331555555555554,-0.34858897399902145,0.47555555555555556,0,176,0.6022727272727273,0.03977272727272727,0.03977272727272727,0.056818181818181816,0.0,0.6818181818181818,0.16477272727272727,0.1534090909090909,0.15555555555555556,0.32,0.4177777777777778,0.0027743077604100107,0.0024555000592954455,0.002962208539247513,0.107625,nan,nan,nan,nan,nan,nan,nan,nan,nan,nan,nan,nan,nan,nan,nan,nan,nan,nan,nan,nan,nan,nan,nan,nan,nan,nan,nan,nan,nan,nan,nan,nan,nan,nan,nan
340,56716,0.4013311111111112,-1.7830523314476037,0.4177777777777778,0,188,0.4946808510638298,0.1276595744680851,0.047872340425531915,0.11702127659574468,0.0,0.6702127659574468,0.18085106382978725,0.14893617021276595,0.18222222222222223,0.3244444444444444,0.3466666666666667,0.003119156789034605,0.002750377345364541,0.003430506051518023,0.1075,0.5585333442926378,0.47777777777777786,0.0,172.6,0.0,1.0,0.6247452868513204,0.15876610744671435,0.0005747126436781609,0.031618853345784514,0.0,0.7840861069417129,0.13154133184037248,0.0843725612179147,0.17733333333333337,0.32399999999999995,0.4211111111111111,0.7348282626152006,0.5373333333333333,0.0,197.2,0.0,1.0,0.6187052215897366,0.15230909932302059,0.0014851485148514852,0.02421272202633091,0.0,0.7724994694276087,0.15265794859992662,0.0748425819724647,0.1951111111111111,0.34177777777777774,0.4582716049382717,0.9543567594345197
341,56863,0.39977944444444447,-1.4622486104965198,0.38666666666666666,0,147,0.5850340136054422,0.10884353741496598,0.04081632653061224,0.034013605442176874,0.0,0.7346938775510204,0.14285714285714285,0.12244897959183673,0.16,0.28444444444444444,nan,0.002586896577849984,0.0021446338621899487,0.004118860722519458,0.107375,nan,nan,nan,nan,nan,nan,nan,nan,nan,nan,nan,nan,nan,nan,nan,nan,nan,nan,nan,nan,nan,nan,nan,nan,nan,nan,nan,nan,nan,nan,nan,nan,nan,nan,nan
342,57010,0.39822777777777774,-1.4481133024692534,0.3511111111111111,0,147,0.5306122448979592,0.1292517006802721,0.034013605442176874,0.08163265306122448,0.0,0.6938775510204082,0.12244897959183673,0.1836734693877551,0.1511111111111111,0.25333333333333335,nan,0.002711186558008194,0.0023237885674461723,0.0036121019860729576,0.10725,nan,nan,nan,nan,nan,nan,nan,nan,nan,nan,nan,nan,nan,nan,nan,nan,nan,nan,nan,nan,nan,nan,nan,nan,nan,nan,nan,nan,nan,nan,nan,nan,nan,nan,nan
343,57217,0.39604277777777785,-2.4828450407981864,0.4711111111111111,0,207,0.5072463768115942,0.10628019323671498,0.043478260869565216,0.08695652173913043,0.0,0.6570048309178744,0.1497584541062802,0.1932367149758454,0.10666666666666667,0.2311111111111111,0.38222222222222224,0.0028152771992608905,0.0024114039726555346,0.003770111675839871,0.107125,nan,nan,nan,nan,nan,nan,nan,nan,nan,nan,nan,nan,nan,nan,nan,nan,nan,nan,nan,nan,nan,nan,nan,nan,nan,nan,nan,nan,nan,nan,nan,nan,nan,nan,nan
344,57420,0.39390000000000003,-4.38792862844468,0.3422222222222222,0,203,0.37438423645320196,0.11822660098522167,0.08374384236453201,0.16748768472906403,0.0,0.5763546798029556,0.1477832512315271,0.27586206896551724,0.09333333333333334,0.16,0.24,0.002761794370599091,0.0023085553431883453,0.004235878807958215,0.107,nan,nan,nan,nan,nan,nan,nan,nan,nan,nan,nan,nan,nan,nan,nan,nan,nan,nan,nan,nan,nan,nan,nan,nan,nan,nan,nan,nan,nan,nan,nan,nan,nan,nan,nan
345,57633,0.39165166666666673,-1.5565445098876949,0.4666666666666667,0,213,0.48826291079812206,0.12206572769953052,0.03286384976525822,0.07042253521126761,0.0,0.6431924882629108,0.27699530516431925,0.07981220657276995,0.16444444444444445,0.24,0.3244444444444444,0.002436876471620053,0.002001181652303785,0.004076676780823618,0.106875,nan,nan,nan,nan,nan,nan,nan,nan,nan,nan,nan,nan,nan,nan,nan,nan,nan,nan,nan,nan,nan,nan,nan,nan,nan,nan,nan,nan,nan,nan,nan,nan,nan,nan,nan
346,57832,0.38955111111111107,-0.2836248450279233,0.5466666666666666,0,199,0.6130653266331658,0.05025125628140704,0.04020100502512563,0.05527638190954774,0.0,0.7035175879396985,0.10050251256281408,0.19597989949748743,0.1511111111111111,0.29777777777777775,0.47555555555555556,0.002603110671043396,0.0022459028172306717,0.0033462095889262855,0.10675,nan,nan,nan,nan,nan,nan,nan,nan,nan,nan,nan,nan,nan,nan,nan,nan,nan,nan,nan,nan,nan,nan,nan,nan,nan,nan,nan,nan,nan,nan,nan,nan,nan,nan,nan
347,58026,0.3875033333333333,0.6138778300285337,0.5288888888888889,0,194,0.6082474226804123,0.07216494845360824,0.010309278350515464,0.07216494845360824,0.005154639175257732,0.6907216494845361,0.16494845360824742,0.14432989690721648,0.17777777777777778,0.3244444444444444,0.4533333333333333,0.0026955976150929927,0.002253800071775913,0.004143470572307706,0.106625,nan,nan,nan,nan,nan,nan,nan,nan,nan,nan,nan,nan,nan,nan,nan,nan,nan,nan,nan,nan,nan,nan,nan,nan,nan,nan,nan,nan,nan,nan,nan,nan,nan,nan,nan
348,58236,0.38528666666666667,-0.07171221876144718,0.5333333333333333,0,210,0.5666666666666667,0.09047619047619047,0.014285714285714285,0.1,0.0,0.6714285714285714,0.20476190476190476,0.12380952380952381,0.1688888888888889,0.32,0.4444444444444444,0.0030457044951617716,0.0025115707190707325,0.005015340447425842,0.1065,nan,nan,nan,nan,nan,nan,nan,nan,nan,nan,nan,nan,nan,nan,nan,nan,nan,nan,nan,nan,nan,nan,nan,nan,nan,nan,nan,nan,nan,nan,nan,nan,nan,nan,nan
349,58431,0.3832283333333334,-0.48110174798965355,0.5022222222222222,0,195,0.5743589743589743,0.08717948717948718,0.03076923076923077,0.08717948717948718,0.0,0.6923076923076923,0.09743589743589744,0.21025641025641026,0.17333333333333334,0.3111111111111111,0.39555555555555555,0.002921772329136729,0.0023415691684931517,0.005454318353440612,0.106375,nan,nan,nan,nan,nan,nan,nan,nan,nan,nan,nan,nan,nan,nan,nan,nan,nan,nan,nan,nan,nan,nan,nan,nan,nan,nan,nan,nan,nan,nan,nan,nan,nan,nan,nan
350,58666,0.3807477777777778,-3.254235776424408,0.48,0,235,0.4553191489361702,0.1276595744680851,0.029787234042553193,0.11914893617021277,0.0,0.6127659574468085,0.19148936170212766,0.19574468085106383,0.1511111111111111,0.27111111111111114,0.36444444444444446,0.0030921378172934057,0.002680157066788524,0.0038774657528847455,0.10625,nan,nan,nan,nan,nan,nan,nan,nan,nan,nan,nan,nan,nan,nan,nan,nan,nan,nan,nan,nan,nan,nan,nan,nan,nan,nan,nan,nan,nan,nan,nan,nan,nan,nan,nan
351,58874,0.3785522222222222,-1.4015292751789081,0.5022222222222222,0,208,0.5384615384615384,0.08653846153846154,0.038461538461538464,0.09134615384615384,0.0,0.6634615384615384,0.1875,0.14903846153846154,0.17777777777777778,0.32,0.4666666666666667,0.0026891100686043503,0.002165374136529863,0.004935085424222052,0.106125,nan,nan,nan,nan,nan,nan,nan,nan,nan,nan,nan,nan,nan,nan,nan,nan,nan,nan,nan,nan,nan,nan,nan,nan,nan,nan,nan,nan,nan,nan,nan,nan,nan,nan,nan
352,59081,0.3763672222222222,-0.5336152555942514,0.5288888888888889,0,207,0.5700483091787439,0.0821256038647343,0.033816425120772944,0.07246376811594203,0.0,0.6859903381642513,0.18357487922705315,0.13043478260869565,0.1511111111111111,0.28888888888888886,0.37333333333333335,0.00311048561707139,0.0027294832980260253,0.003594361711293459,0.106,nan,nan,nan,nan,nan,nan,nan,nan,nan,nan,nan,nan,nan,nan,nan,nan,nan,nan,nan,nan,nan,nan,nan,nan,nan,nan,nan,nan,nan,nan,nan,nan,nan,nan,nan
353,59281,0.3742561111111111,-2.6659366869926444,0.4533333333333333,0,200,0.505,0.105,0.045,0.08,0.005,0.655,0.195,0.15,0.10666666666666667,0.25333333333333335,0.3422222222222222,0.003950932202860713,0.0035588607424870133,0.003703154530376196,0.105875,nan,nan,nan,nan,nan,nan,nan,nan,nan,nan,nan,nan,nan,nan,nan,nan,nan,nan,nan,nan,nan,nan,nan,nan,nan,nan,nan,nan,nan,nan,nan,nan,nan,nan,nan
354,59500,0.3719444444444445,-1.62831703710556,0.5111111111111111,0,219,0.5205479452054794,0.1963470319634703,0.0136986301369863,0.0410958904109589,0.0,0.730593607305936,0.1187214611872146,0.1506849315068493,0.18222222222222223,0.3288888888888889,0.4488888888888889,0.0032011527102440594,0.0028294787160120906,0.003514647553674877,0.10575,nan,nan,nan,nan,nan,nan,nan,nan,nan,nan,nan,nan,nan,nan,nan,nan,nan,nan,nan,nan,nan,nan,nan,nan,nan,nan,nan,nan,nan,nan,nan,nan,nan,nan,nan
355,59687,0.3699705555555556,-0.10537584471702366,0.5377777777777778,0,187,0.6417112299465241,0.0855614973262032,0.0106951871657754,0.053475935828877004,0.0,0.7379679144385026,0.15508021390374332,0.10695187165775401,0.17333333333333334,0.27555555555555555,0.4311111111111111,0.0029136241413652898,0.0025137000950053333,0.0037862631026655434,0.105625,nan,nan,nan,nan,nan,nan,nan,nan,nan,nan,nan,nan,nan,nan,nan,nan,nan,nan,nan,nan,nan,nan,nan,nan,nan,nan,nan,nan,nan,nan,nan,nan,nan,nan,nan
356,59870,0.3680388888888889,-0.5483087871074671,0.4577777777777778,0,183,0.5573770491803278,0.07650273224043716,0.03278688524590164,0.0546448087431694,0.0,0.6666666666666666,0.1092896174863388,0.22404371584699453,0.1688888888888889,0.3244444444444444,0.4,0.003178056585602462,0.0026403955998830497,0.0050963129382580515,0.1055,nan,nan,nan,nan,nan,nan,nan,nan,nan,nan,nan,nan,nan,nan,nan,nan,nan,nan,nan,nan,nan,nan,nan,nan,nan,nan,nan,nan,nan,nan,nan,nan,nan,nan,nan
357,60074,0.3658855555555556,-0.9530286023616785,0.5244444444444445,0,204,0.5735294117647058,0.06862745098039216,0.0196078431372549,0.09803921568627451,0.004901960784313725,0.6617647058823529,0.13725490196078433,0.20098039215686275,0.14666666666666667,0.29333333333333333,0.39555555555555555,0.0028655406553298236,0.0024190722964704038,0.004236947698518634,0.105375,nan,nan,nan,nan,nan,nan,nan,nan,nan,nan,nan,nan,nan,nan,nan,nan,nan,nan,nan,nan,nan,nan,nan,nan,nan,nan,nan,nan,nan,nan,nan,nan,nan,nan,nan
358,60273,0.363785,-1.1514008748531332,0.4888888888888889,0,199,0.5477386934673367,0.135678391959799,0.005025125628140704,0.09045226130653267,0.0,0.6884422110552764,0.1507537688442211,0.16080402010050251,0.19111111111111112,0.3422222222222222,0.4488888888888889,0.002806464582681656,0.002354845544323325,0.004290917469188571,0.10525,nan,nan,nan,nan,nan,nan,nan,nan,nan,nan,nan,nan,nan,nan,nan,nan,nan,nan,nan,nan,nan,nan,nan,nan,nan,nan,nan,nan,nan,nan,nan,nan,nan,nan,nan
359,60474,0.36166333333333334,1.4238137927055274,0.6,0,201,0.6666666666666666,0.04975124378109453,0.014925373134328358,0.05970149253731343,0.0,0.7313432835820896,0.12935323383084577,0.13930348258706468,0.18222222222222223,0.3466666666666667,0.48,0.0030586973065510393,0.0026828022906556725,0.0035756956320255997,0.105125,nan,nan,nan,nan,nan,nan,nan,nan,nan,nan,nan,nan,nan,nan,nan,nan,nan,nan,nan,nan,nan,nan,nan,nan,nan,nan,nan,nan,nan,nan,nan,nan,nan,nan,nan
360,60724,0.3590244444444445,-0.5012782678604129,0.5511111111111111,1,250,0.492,0.08,0.04,0.12,0.0,0.612,0.168,0.22,0.13777777777777778,0.25333333333333335,0.3688888888888889,0.0026822009356692435,0.002364657970611006,0.0030242188484407963,0.105,0.6518688453197452,0.5142222222222222,0.0,185.0,0.0,1.0,0.6224990222964571,0.10451585513043612,0.0,0.06532002257810873,0.0,0.7270148774268932,0.11438503000188098,0.15860009257122573,0.18355555555555556,0.3315555555555555,0.43802469135802474,-0.8971642256736783,0.5026666666666666,0.2,204.4,0.1,0.9,0.5600999967825164,0.10910985231395467,0.004539497392128971,0.10965610997486919,0.0,0.6737493464886,0.12602394210176016,0.20022671140963982,0.18088888888888888,0.33599999999999997,0.43199999999999994,1.0093004465963051
361,60958,0.3565544444444445,-0.05088689994812068,0.6177777777777778,-1,234,0.5897435897435898,0.07264957264957266,0.03418803418803419,0.07692307692307693,0.004273504273504274,0.6965811965811965,0.1282051282051282,0.1752136752136752,0.15555555555555556,0.31555555555555553,0.4533333333333333,0.0026971169281750917,0.0022894814028404653,0.003886870399583131,0.104875,nan,nan,nan,nan,nan,nan,nan,nan,nan,nan,nan,nan,nan,nan,nan,nan,nan,nan,nan,nan,nan,nan,nan,nan,nan,nan,nan,nan,nan,nan,nan,nan,nan,nan,nan
362,61137,0.354665,-0.6474222922325115,0.4488888888888889,0,179,0.5586592178770949,0.0782122905027933,0.0223463687150838,0.08379888268156424,0.0,0.659217877094972,0.13966480446927373,0.2011173184357542,0.15555555555555556,0.3022222222222222,0.39111111111111113,0.002728926297277212,0.0023718661163002253,0.0034086892497725784,0.10475,nan,nan,nan,nan,nan,nan,nan,nan,nan,nan,nan,nan,nan,nan,nan,nan,nan,nan,nan,nan,nan,nan,nan,nan,nan,nan,nan,nan,nan,nan,nan,nan,nan,nan,nan
363,61350,0.3524166666666667,-1.1850774374008175,0.47555555555555556,0,213,0.49765258215962443,0.14084507042253522,0.04225352112676056,0.07042253521126761,0.0,0.6807511737089202,0.14084507042253522,0.1784037558685446,0.19111111111111112,0.2577777777777778,0.29777777777777775,0.003046043124049902,0.002537656738422811,0.0048591288505122066,0.104625,nan,nan,nan,nan,nan,nan,nan,nan,nan,nan,nan,nan,nan,nan,nan,nan,nan,nan,nan,nan,nan,nan,nan,nan,nan,nan,nan,nan,nan,nan,nan,nan,nan,nan,nan
364,61581,0.3499783333333334,0.349764328002923,0.5688888888888889,0,231,0.5497835497835498,0.1341991341991342,0.012987012987012988,0.09090909090909091,0.0,0.696969696969697,0.1471861471861472,0.15584415584415584,0.17777777777777778,0.3333333333333333,0.4622222222222222,0.003254456864669919,0.0028259414131753145,0.004100626218132675,0.1045,nan,nan,nan,nan,nan,nan,nan,nan,nan,nan,nan,nan,nan,nan,nan,nan,nan,nan,nan,nan,nan,nan,nan,nan,nan,nan,nan,nan,nan,nan,nan,nan,nan,nan,nan
365,61752,0.34817333333333333,0.9898699188232412,0.5111111111111111,0,171,0.6666666666666666,0.06432748538011696,0.023391812865497075,0.029239766081871343,0.0,0.7543859649122807,0.16374269005847952,0.08187134502923976,0.17333333333333334,0.32,0.4666666666666667,0.00359777242410928,0.0032792527228593825,0.003051685611717403,0.104375,nan,nan,nan,nan,nan,nan,nan,nan,nan,nan,nan,nan,nan,nan,nan,nan,nan,nan,nan,nan,nan,nan,nan,nan,nan,nan,nan,nan,nan,nan,nan,nan,nan,nan,nan
366,61889,0.3467272222222222,1.5329453959465007,0.4666666666666667,0,137,0.7591240875912408,0.0364963503649635,0.0072992700729927005,0.0072992700729927005,0.0,0.8029197080291971,0.072992700729927,0.12408759124087591,0.17333333333333334,0.3422222222222222,nan,0.0033371296478435395,0.0029621042776852846,0.0035973658785223963,0.10425,nan,nan,nan,nan,nan,nan,nan,nan,nan,nan,nan,nan,nan,nan,nan,nan,nan,nan,nan,nan,nan,nan,nan,nan,nan,nan,nan,nan,nan,nan,nan,nan,nan,nan,nan
367,62058,0.3449433333333334,0.35454650712013325,0.4888888888888889,0,169,0.6449704142011834,0.05325443786982249,0.011834319526627219,0.04142011834319527,0.0,0.7100591715976331,0.13609467455621302,0.15384615384615385,0.17333333333333334,0.3244444444444444,0.4266666666666667,0.003920292155817151,0.0034553174627944827,0.004465542989782989,0.104125,nan,nan,nan,nan,nan,nan,nan,nan,nan,nan,nan,nan,nan,nan,nan,nan,nan,nan,nan,nan,nan,nan,nan,nan,nan,nan,nan,nan,nan,nan,nan,nan,nan,nan,nan
368,62236,0.3430644444444445,-0.8104063622951494,0.44,0,178,0.550561797752809,0.10112359550561797,0.028089887640449437,0.07303370786516854,0.0,0.6797752808988764,0.17415730337078653,0.14606741573033707,0.1511111111111111,0.29777777777777775,0.4,0.00325636831112206,0.0028223135625012217,0.004173603258095682,0.104,nan,nan,nan,nan,nan,nan,nan,nan,nan,nan,nan,nan,nan,nan,nan,nan,nan,nan,nan,nan,nan,nan,nan,nan,nan,nan,nan,nan,nan,nan,nan,nan,nan,nan,nan
369,62445,0.3408583333333334,0.22114633774757486,0.5866666666666667,0,209,0.6267942583732058,0.09090909090909091,0.023923444976076555,0.06698564593301436,0.0,0.7416267942583732,0.11004784688995216,0.14832535885167464,0.13333333333333333,0.3111111111111111,0.4444444444444444,0.002963400911539793,0.002526447898708284,0.004206527397036553,0.103875,nan,nan,nan,nan,nan,nan,nan,nan,nan,nan,nan,nan,nan,nan,nan,nan,nan,nan,nan,nan,nan,nan,nan,nan,nan,nan,nan,nan,nan,nan,nan,nan,nan,nan,nan
370,62583,0.3394016666666667,-0.4886129372119894,0.4,0,138,0.644927536231884,0.050724637681159424,0.021739130434782608,0.07971014492753623,0.0,0.717391304347826,0.14492753623188406,0.13768115942028986,0.15555555555555556,0.28,nan,0.0029432544717565177,0.0025720098288729786,0.003578261798247695,0.10375,nan,nan,nan,nan,nan,nan,nan,nan,nan,nan,nan,nan,nan,nan,nan,nan,nan,nan,nan,nan,nan,nan,nan,nan,nan,nan,nan,nan,nan,nan,nan,nan,nan,nan,nan
371,62751,0.3376283333333333,-0.5406984574794766,0.4622222222222222,0,168,0.6130952380952381,0.05952380952380952,0.02976190476190476,0.05357142857142857,0.0,0.7023809523809523,0.18452380952380953,0.1130952380952381,0.19111111111111112,0.31555555555555553,0.40444444444444444,0.0026270480593666434,0.0022894242079928516,0.0032581316074356435,0.103625,nan,nan,nan,nan,nan,nan,nan,nan,nan,nan,nan,nan,nan,nan,nan,nan,nan,nan,nan,nan,nan,nan,nan,nan,nan,nan,nan,nan,nan,nan,nan,nan,nan,nan,nan
372,62967,0.33534833333333336,-4.301401875734328,0.44,0,216,0.4537037037037037,0.09259259259259259,0.08796296296296297,0.1388888888888889,0.0,0.6342592592592593,0.23148148148148148,0.13425925925925927,0.14666666666666667,0.29333333333333333,0.4266666666666667,0.0030391112668439746,0.002691416256129742,0.0033593722968362273,0.1035,nan,nan,nan,nan,nan,nan,nan,nan,nan,nan,nan,nan,nan,nan,nan,nan,nan,nan,nan,nan,nan,nan,nan,nan,nan,nan,nan,nan,nan,nan,nan,nan,nan,nan,nan
373,63168,0.33322666666666667,-2.074900655269623,0.4311111111111111,0,201,0.47761194029850745,0.12437810945273632,0.04975124378109453,0.09950248756218906,0.0,0.6517412935323383,0.1791044776119403,0.1691542288557214,0.18222222222222223,0.31555555555555553,0.39555555555555555,0.003338661999441683,0.0029520724434405564,0.003739681071601808,0.103375,nan,nan,nan,nan,nan,nan,nan,nan,nan,nan,nan,nan,nan,nan,nan,nan,nan,nan,nan,nan,nan,nan,nan,nan,nan,nan,nan,nan,nan,nan,nan,nan,nan,nan,nan
374,63344,0.33136888888888894,-5.683801628112795,0.24,0,176,0.30113636363636365,0.17045454545454544,0.056818181818181816,0.2159090909090909,0.005681818181818182,0.5284090909090909,0.3352272727272727,0.13636363636363635,0.16,0.17333333333333334,0.2,0.0028329747496172787,0.0023656369769014416,0.004526273882947862,0.10325,nan,nan,nan,nan,nan,nan,nan,nan,nan,nan,nan,nan,nan,nan,nan,nan,nan,nan,nan,nan,nan,nan,nan,nan,nan,nan,nan,nan,nan,nan,nan,nan,nan,nan,nan
375,63551,0.32918388888888894,-0.6673945007324211,0.5422222222222223,0,207,0.5845410628019324,0.13526570048309178,0.024154589371980676,0.057971014492753624,0.0,0.7439613526570048,0.10144927536231885,0.15458937198067632,0.1511111111111111,0.3333333333333333,0.48,0.0026846238411962985,0.0022536505362950265,0.004179135337471962,0.103125,nan,nan,nan,nan,nan,nan,nan,nan,nan,nan,nan,nan,nan,nan,nan,nan,nan,nan,nan,nan,nan,nan,nan,nan,nan,nan,nan,nan,nan,nan,nan,nan,nan,nan,nan
376,63782,0.3267455555555555,-0.295684707880024,0.6088888888888889,0,231,0.5887445887445888,0.08658008658008658,0.04329004329004329,0.0735930735930736,0.0,0.7186147186147186,0.09956709956709957,0.18181818181818182,0.17777777777777778,0.3244444444444444,0.4711111111111111,0.0026051844703033566,0.0022073961212299765,0.0038620226085186006,0.10300000000000001,nan,nan,nan,nan,nan,nan,nan,nan,nan,nan,nan,nan,nan,nan,nan,nan,nan,nan,nan,nan,nan,nan,nan,nan,nan,nan,nan,nan,nan,nan,nan,nan,nan,nan,nan
377,63983,0.32462388888888893,0.14461668753623846,0.5244444444444445,0,201,0.582089552238806,0.12935323383084577,0.009950248756218905,0.03482587064676617,0.0,0.7213930348258707,0.16417910447761194,0.11442786069651742,0.16444444444444445,0.3288888888888889,0.4488888888888889,0.002664142264984548,0.0021602996508590876,0.004897619551047683,0.102875,nan,nan,nan,nan,nan,nan,nan,nan,nan,nan,nan,nan,nan,nan,nan,nan,nan,nan,nan,nan,nan,nan,nan,nan,nan,nan,nan,nan,nan,nan,nan,nan,nan,nan,nan
378,64153,0.3228294444444445,-1.645477306842805,0.39555555555555555,0,170,0.5176470588235295,0.11764705882352941,0.052941176470588235,0.1,0.0,0.6882352941176471,0.20588235294117646,0.10588235294117647,0.1688888888888889,0.3422222222222222,0.35555555555555557,0.0025515923043712974,0.00217265784740448,0.003687926451675594,0.10275000000000001,nan,nan,nan,nan,nan,nan,nan,nan,nan,nan,nan,nan,nan,nan,nan,nan,nan,nan,nan,nan,nan,nan,nan,nan,nan,nan,nan,nan,nan,nan,nan,nan,nan,nan,nan
379,64348,0.3207711111111111,-2.1035014655590043,0.38666666666666666,0,195,0.441025641025641,0.1282051282051282,0.020512820512820513,0.12307692307692308,0.0,0.5897435897435898,0.2512820512820513,0.15897435897435896,0.1511111111111111,0.28888888888888886,0.35555555555555557,0.0032290579518303277,0.002899852977134287,0.0032078441814519464,0.102625,nan,nan,nan,nan,nan,nan,nan,nan,nan,nan,nan,nan,nan,nan,nan,nan,nan,nan,nan,nan,nan,nan,nan,nan,nan,nan,nan,nan,nan,nan,nan,nan,nan,nan,nan
380,64581,0.31831166666666666,-0.24279532527923475,0.5911111111111111,0,233,0.5665236051502146,0.08583690987124463,0.012875536480686695,0.06437768240343347,0.0,0.6652360515021459,0.15450643776824036,0.18025751072961374,0.1511111111111111,0.27555555555555555,0.4311111111111111,0.00302812943700701,0.0026550707058049738,0.0036395972012542186,0.10250000000000001,0.7692110920667605,0.5475555555555556,0.0,196.6,0.0,1.0,0.6277010367147977,0.1106866291247051,0.0005780346820809248,0.060264363924690686,0.0,0.7389657005215836,0.09345609801286475,0.16757820146555152,0.18755555555555556,0.3417777777777778,0.4790123456790124,0.45651328203677827,0.5213333333333334,0.0,181.4,0.0,1.0,0.6439190967560511,0.10147722726097741,0.0,0.054658464315749146,0.0,0.7453963240170285,0.10294102075639658,0.15166265522657485,0.18755555555555556,0.35288888888888886,0.4816666666666667,1.0694426350663124
381,64769,0.3163272222222222,0.9463401141166681,0.5466666666666666,0,188,0.648936170212766,0.06382978723404255,0.031914893617021274,0.05851063829787234,0.0,0.7446808510638298,0.09574468085106383,0.1595744680851064,0.17333333333333334,0.32,0.4533333333333333,0.002751549449749291,0.0024283108999952675,0.0031573973828926682,0.102375,nan,nan,nan,nan,nan,nan,nan,nan,nan,nan,nan,nan,nan,nan,nan,nan,nan,nan,nan,nan,nan,nan,nan,nan,nan,nan,nan,nan,nan,nan,nan,nan,nan,nan,nan
382,64998,0.31391,-0.40692767906189153,0.5733333333333334,0,229,0.5589519650655022,0.1222707423580786,0.004366812227074236,0.056768558951965066,0.0,0.6855895196506551,0.1703056768558952,0.14410480349344978,0.17333333333333334,0.3333333333333333,0.43555555555555553,0.0029948963783681393,0.002619226276874542,0.0036740348557941617,0.10225000000000001,nan,nan,nan,nan,nan,nan,nan,nan,nan,nan,nan,nan,nan,nan,nan,nan,nan,nan,nan,nan,nan,nan,nan,nan,nan,nan,nan,nan,nan,nan,nan,nan,nan,nan,nan
383,65204,0.31173555555555565,0.495571775913233,0.56,0,206,0.6067961165048543,0.07766990291262135,0.014563106796116505,0.06796116504854369,0.0,0.6990291262135923,0.1650485436893204,0.13592233009708737,0.18222222222222223,0.35555555555555557,0.4711111111111111,0.00256822663359344,0.002084991231095046,0.0047318028751760725,0.102125,nan,nan,nan,nan,nan,nan,nan,nan,nan,nan,nan,nan,nan,nan,nan,nan,nan,nan,nan,nan,nan,nan,nan,nan,nan,nan,nan,nan,nan,nan,nan,nan,nan,nan,nan
384,65432,0.3093288888888889,0.6605821111202228,0.5822222222222222,0,228,0.5701754385964912,0.09649122807017543,0.013157894736842105,0.05701754385964912,0.0,0.6798245614035088,0.15789473684210525,0.16228070175438597,0.12,0.24444444444444444,0.39555555555555555,0.002949634497053921,0.0025845831260085106,0.003578935260884464,0.10200000000000001,nan,nan,nan,nan,nan,nan,nan,nan,nan,nan,nan,nan,nan,nan,nan,nan,nan,nan,nan,nan,nan,nan,nan,nan,nan,nan,nan,nan,nan,nan,nan,nan,nan,nan,nan
385,65579,0.30777722222222226,-1.3523092370033256,0.39555555555555555,0,147,0.5986394557823129,0.04081632653061224,0.07482993197278912,0.061224489795918366,0.0,0.7142857142857143,0.1360544217687075,0.14965986394557823,0.1688888888888889,0.3111111111111111,nan,0.003112552408128977,0.002729304414242506,0.003761943499557674,0.101875,nan,nan,nan,nan,nan,nan,nan,nan,nan,nan,nan,nan,nan,nan,nan,nan,nan,nan,nan,nan,nan,nan,nan,nan,nan,nan,nan,nan,nan,nan,nan,nan,nan,nan,nan
386,65805,0.30539166666666673,0.6843235566615977,0.6177777777777778,0,226,0.6106194690265486,0.11061946902654868,0.004424778761061947,0.03982300884955752,0.0,0.7256637168141593,0.13274336283185842,0.1415929203539823,0.19111111111111112,0.3422222222222222,0.4666666666666667,0.0028726652031764387,0.002493253187276423,0.0037288649939000605,0.10175000000000001,nan,nan,nan,nan,nan,nan,nan,nan,nan,nan,nan,nan,nan,nan,nan,nan,nan,nan,nan,nan,nan,nan,nan,nan,nan,nan,nan,nan,nan,nan,nan,nan,nan,nan,nan
387,65976,0.30358666666666667,0.22188930702209553,0.43555555555555553,0,171,0.5672514619883041,0.0935672514619883,0.005847953216374269,0.06432748538011696,0.0,0.6666666666666666,0.14619883040935672,0.1871345029239766,0.14666666666666667,0.25333333333333335,0.37333333333333335,0.002969023771584034,0.002590505080297589,0.0037246614112518726,0.101625,nan,nan,nan,nan,nan,nan,nan,nan,nan,nan,nan,nan,nan,nan,nan,nan,nan,nan,nan,nan,nan,nan,nan,nan,nan,nan,nan,nan,nan,nan,nan,nan,nan,nan,nan
388,66152,0.30172888888888894,1.4319967446327173,0.5733333333333334,0,176,0.7272727272727273,0.03977272727272727,0.022727272727272728,0.017045454545454544,0.0,0.7897727272727273,0.08522727272727272,0.125,0.17333333333333334,0.3288888888888889,0.49333333333333335,0.0027562589617446064,0.0023158240132033826,0.004339260631240904,0.1015,nan,nan,nan,nan,nan,nan,nan,nan,nan,nan,nan,nan,nan,nan,nan,nan,nan,nan,nan,nan,nan,nan,nan,nan,nan,nan,nan,nan,nan,nan,nan,nan,nan,nan,nan
389,66313,0.30002944444444446,0.5603520705699936,0.5111111111111111,0,161,0.7080745341614907,0.024844720496894408,0.006211180124223602,0.055900621118012424,0.0,0.7391304347826086,0.13664596273291926,0.12422360248447205,0.18222222222222223,0.3511111111111111,0.48,0.0026247265050187707,0.002148323936853558,0.0046994088683277365,0.10137499999999999,nan,nan,nan,nan,nan,nan,nan,nan,nan,nan,nan,nan,nan,nan,nan,nan,nan,nan,nan,nan,nan,nan,nan,nan,nan,nan,nan,nan,nan,nan,nan,nan,nan,nan,nan
390,66534,0.2976966666666667,-0.13980800104141333,0.5244444444444445,0,221,0.5294117647058824,0.09954751131221719,0.027149321266968326,0.08144796380090498,0.0,0.6561085972850679,0.167420814479638,0.17647058823529413,0.1511111111111111,0.28,0.40444444444444444,0.0028080456424504517,0.002387578971683979,0.004152757045812905,0.10125,nan,nan,nan,nan,nan,nan,nan,nan,nan,nan,nan,nan,nan,nan,nan,nan,nan,nan,nan,nan,nan,nan,nan,nan,nan,nan,nan,nan,nan,nan,nan,nan,nan,nan,nan
391,66680,0.2961555555555555,0.5669889070987697,0.43555555555555553,0,146,0.6643835616438356,0.0410958904109589,0.0,0.06164383561643835,0.0,0.7054794520547946,0.13013698630136986,0.1643835616438356,0.16,0.3111111111111111,nan,0.0027922540437430145,0.002292557992041111,0.004941369500011205,0.10112499999999999,nan,nan,nan,nan,nan,nan,nan,nan,nan,nan,nan,nan,nan,nan,nan,nan,nan,nan,nan,nan,nan,nan,nan,nan,nan,nan,nan,nan,nan,nan,nan,nan,nan,nan,nan
392,66880,0.29404444444444455,0.8338640501499179,0.56,0,200,0.625,0.105,0.005,0.05,0.0,0.735,0.12,0.145,0.18222222222222223,0.3244444444444444,0.40444444444444444,0.002997311018407345,0.002588640712201595,0.004046240635216236,0.101,nan,nan,nan,nan,nan,nan,nan,nan,nan,nan,nan,nan,nan,nan,nan,nan,nan,nan,nan,nan,nan,nan,nan,nan,nan,nan,nan,nan,nan,nan,nan,nan,nan,nan,nan
393,67041,0.2923450000000001,-0.6927892222404469,0.44,0,161,0.6086956521739131,0.031055900621118012,0.012422360248447204,0.11801242236024845,0.006211180124223602,0.6521739130434783,0.19875776397515527,0.14906832298136646,0.13777777777777778,0.28444444444444444,0.41333333333333333,0.002869276003912091,0.002488646178971976,0.0037732820259407164,0.10087499999999999,nan,nan,nan,nan,nan,nan,nan,nan,nan,nan,nan,nan,nan,nan,nan,nan,nan,nan,nan,nan,nan,nan,nan,nan,nan,nan,nan,nan,nan,nan,nan,nan,nan,nan,nan
394,67223,0.2904238888888889,0.13473521709442182,0.5244444444444445,0,182,0.6428571428571429,0.07142857142857142,0.01098901098901099,0.04945054945054945,0.005494505494505495,0.7252747252747253,0.14285714285714285,0.13186813186813187,0.1688888888888889,0.29777777777777775,0.4622222222222222,0.003130569076165557,0.002700317685957998,0.004270485485903919,0.10075,nan,nan,nan,nan,nan,nan,nan,nan,nan,nan,nan,nan,nan,nan,nan,nan,nan,nan,nan,nan,nan,nan,nan,nan,nan,nan,nan,nan,nan,nan,nan,nan,nan,nan,nan
395,67386,0.2887033333333333,2.582877767562859,0.5777777777777777,0,163,0.7914110429447853,0.03067484662576687,0.006134969325153374,0.018404907975460124,0.0,0.8282208588957055,0.12269938650306748,0.049079754601226995,0.20444444444444446,0.38666666666666666,0.5422222222222223,0.0029323983937501906,0.002575890044681728,0.0035429398762062193,0.10062499999999999,nan,nan,nan,nan,nan,nan,nan,nan,nan,nan,nan,nan,nan,nan,nan,nan,nan,nan,nan,nan,nan,nan,nan,nan,nan,nan,nan,nan,nan,nan,nan,nan,nan,nan,nan
396,67619,0.28624388888888896,-2.2571233236789703,0.49333333333333335,0,233,0.4721030042918455,0.1759656652360515,0.012875536480686695,0.0815450643776824,0.0,0.6609442060085837,0.12446351931330472,0.2145922746781116,0.17777777777777778,0.3288888888888889,0.3688888888888889,0.0028810600051656365,0.002589096815790981,0.0029051064513623713,0.1005,nan,nan,nan,nan,nan,nan,nan,nan,nan,nan,nan,nan,nan,nan,nan,nan,nan,nan,nan,nan,nan,nan,nan,nan,nan,nan,nan,nan,nan,nan,nan,nan,nan,nan,nan
397,67862,0.2836788888888889,0.9245377969741793,0.6088888888888889,0,243,0.5596707818930041,0.12757201646090535,0.00411522633744856,0.04526748971193416,0.0,0.691358024691358,0.13168724279835392,0.17695473251028807,0.16,0.25333333333333335,0.4088888888888889,0.002792036975733936,0.0023702611215412617,0.004202001239173114,0.10037499999999999,nan,nan,nan,nan,nan,nan,nan,nan,nan,nan,nan,nan,nan,nan,nan,nan,nan,nan,nan,nan,nan,nan,nan,nan,nan,nan,nan,nan,nan,nan,nan,nan,nan,nan,nan
398,68059,0.2815994444444445,-1.5613854880332942,0.4577777777777778,0,197,0.5177664974619289,0.09137055837563451,0.02030456852791878,0.12690355329949238,0.0,0.6294416243654822,0.16751269035532995,0.20304568527918782,0.15555555555555556,0.28,0.39111111111111113,0.002884457493200898,0.002416766551323235,0.004665246163494885,0.10025,nan,nan,nan,nan,nan,nan,nan,nan,nan,nan,nan,nan,nan,nan,nan,nan,nan,nan,nan,nan,nan,nan,nan,nan,nan,nan,nan,nan,nan,nan,nan,nan,nan,nan,nan
399,68258,0.27949888888888896,0.5449592785835269,0.5555555555555556,0,199,0.6231155778894473,0.09045226130653267,0.010050251256281407,0.04522613065326633,0.005025125628140704,0.7236180904522613,0.12060301507537688,0.15577889447236182,0.18666666666666668,0.32,0.43555555555555553,0.0025257721310481427,0.002156177524011582,0.0036913315881974993,0.10012499999999999,nan,nan,nan,nan,nan,nan,nan,nan,nan,nan,nan,nan,nan,nan,nan,nan,nan,nan,nan,nan,nan,nan,nan,nan,nan,nan,nan,nan,nan,nan,nan,nan,nan,nan,nan
400,68419,0.2777994444444445,0.9918018839359273,0.5155555555555555,0,161,0.7142857142857143,0.055900621118012424,0.024844720496894408,0.024844720496894408,0.0,0.7950310559006211,0.09937888198757763,0.10559006211180125,0.19111111111111112,0.3377777777777778,0.47555555555555556,0.0032077189767733215,0.0028156616492196916,0.003920573031064123,0.1,0.16617210340499552,0.5431111111111112,0.0,199.2,0.0,1.0,0.6120940838024787,0.14910662391658155,0.0,0.04913067922702208,0.0,0.7612007077190601,0.09992129710919204,0.1388779951717478,0.18133333333333335,0.3453333333333334,0.46799999999999997,0.6761047819375958,0.5475555555555556,0.0,199.2,0.0,1.0,0.6143393393433544,0.17887451041617847,0.00042016806722689073,0.016375304243173093,0.0,0.7936340178267597,0.10955825813252917,0.0968077240407111,0.188,0.34977777777777785,0.45600000000000007,1.042666567477145
401,68611,0.27577277777777776,1.38970743370056,0.5866666666666667,0,192,0.6822916666666666,0.08854166666666667,0.0,0.052083333333333336,0.0,0.7708333333333334,0.140625,0.08854166666666667,0.18666666666666668,0.3422222222222222,0.5155555555555555,0.0035253747133538126,0.0030934879556298255,0.004324272810481489,0.09987499999999999,nan,nan,nan,nan,nan,nan,nan,nan,nan,nan,nan,nan,nan,nan,nan,nan,nan,nan,nan,nan,nan,nan,nan,nan,nan,nan,nan,nan,nan,nan,nan,nan,nan,nan,nan
402,68790,0.27388333333333337,-0.7541112155914309,0.4533333333333333,0,179,0.5642458100558659,0.12290502793296089,0.01675977653631285,0.0782122905027933,0.0,0.7039106145251397,0.13966480446927373,0.1564245810055866,0.16444444444444445,0.27111111111111114,0.37333333333333335,0.003888199268840253,0.0035228905035182834,0.003662243764847517,0.09975,nan,nan,nan,nan,nan,nan,nan,nan,nan,nan,nan,nan,nan,nan,nan,nan,nan,nan,nan,nan,nan,nan,nan,nan,nan,nan,nan,nan,nan,nan,nan,nan,nan,nan,nan
403,69018,0.2714766666666667,-1.112222678422928,0.5644444444444444,0,228,0.5526315789473685,0.10087719298245613,0.021929824561403508,0.09649122807017543,0.0,0.6754385964912281,0.16666666666666666,0.15789473684210525,0.1688888888888889,0.31555555555555553,0.4577777777777778,0.003544568503275514,0.003147797635756433,0.003982643061317503,0.09962499999999999,nan,nan,nan,nan,nan,nan,nan,nan,nan,nan,nan,nan,nan,nan,nan,nan,nan,nan,nan,nan,nan,nan,nan,nan,nan,nan,nan,nan,nan,nan,nan,nan,nan,nan,nan
404,69188,0.26968222222222227,1.1597271957397397,0.5244444444444445,0,170,0.6882352941176471,0.047058823529411764,0.0058823529411764705,0.058823529411764705,0.0,0.7411764705882353,0.18823529411764706,0.07058823529411765,0.18666666666666668,0.3688888888888889,0.4888888888888889,0.0033741177525371314,0.002952587231993675,0.0042364881606772545,0.0995,nan,nan,nan,nan,nan,nan,nan,nan,nan,nan,nan,nan,nan,nan,nan,nan,nan,nan,nan,nan,nan,nan,nan,nan,nan,nan,nan,nan,nan,nan,nan,nan,nan,nan,nan
405,69416,0.2672755555555556,-1.0145997045040136,0.5111111111111111,0,228,0.5,0.13596491228070176,0.021929824561403508,0.07456140350877193,0.0,0.6578947368421053,0.14912280701754385,0.19298245614035087,0.1688888888888889,0.3333333333333333,0.43555555555555553,0.0036328932736068966,0.0032163751777261494,0.00419137692078948,0.09937499999999999,nan,nan,nan,nan,nan,nan,nan,nan,nan,nan,nan,nan,nan,nan,nan,nan,nan,nan,nan,nan,nan,nan,nan,nan,nan,nan,nan,nan,nan,nan,nan,nan,nan,nan,nan
406,69636,0.2649533333333334,-2.6601302349567426,0.48444444444444446,0,220,0.4909090909090909,0.16363636363636364,0.004545454545454545,0.06363636363636363,0.0,0.6590909090909091,0.19090909090909092,0.15,0.16444444444444445,0.31555555555555553,0.4266666666666667,0.003859411715529859,0.003476995532400906,0.0038530596997588874,0.09925,nan,nan,nan,nan,nan,nan,nan,nan,nan,nan,nan,nan,nan,nan,nan,nan,nan,nan,nan,nan,nan,nan,nan,nan,nan,nan,nan,nan,nan,nan,nan,nan,nan,nan,nan
407,69824,0.2629688888888889,1.062109771013257,0.5288888888888889,0,188,0.6276595744680851,0.11170212765957446,0.0,0.03723404255319149,0.0,0.7393617021276596,0.11702127659574468,0.14361702127659576,0.18222222222222223,0.3377777777777778,0.4222222222222222,0.003631041059270501,0.0031665661605075,0.004685749020427466,0.09912499999999999,nan,nan,nan,nan,nan,nan,nan,nan,nan,nan,nan,nan,nan,nan,nan,nan,nan,nan,nan,nan,nan,nan,nan,nan,nan,nan,nan,nan,nan,nan,nan,nan,nan,nan,nan
408,69997,0.26114277777777783,-0.8152893257141107,0.44,0,173,0.5664739884393064,0.12138728323699421,0.017341040462427744,0.09826589595375723,0.0,0.7052023121387283,0.12138728323699421,0.17341040462427745,0.17333333333333334,0.27555555555555555,0.37333333333333335,0.003548294212669134,0.003124777344055474,0.00427794880233705,0.099,nan,nan,nan,nan,nan,nan,nan,nan,nan,nan,nan,nan,nan,nan,nan,nan,nan,nan,nan,nan,nan,nan,nan,nan,nan,nan,nan,nan,nan,nan,nan,nan,nan,nan,nan
409,70181,0.25920055555555566,0.04319245147705075,0.4488888888888889,0,184,0.5434782608695652,0.1358695652173913,0.010869565217391304,0.043478260869565216,0.0,0.6902173913043478,0.16304347826086957,0.14673913043478262,0.16,0.26666666666666666,0.4088888888888889,0.0032116592628881335,0.0028881530044600366,0.00327187140355818,0.09887499999999999,nan,nan,nan,nan,nan,nan,nan,nan,nan,nan,nan,nan,nan,nan,nan,nan,nan,nan,nan,nan,nan,nan,nan,nan,nan,nan,nan,nan,nan,nan,nan,nan,nan,nan,nan
410,70331,0.2576172222222223,1.0638699359893782,0.48444444444444446,0,150,0.72,0.06,0.006666666666666667,0.02666666666666667,0.0,0.7866666666666666,0.08,0.13333333333333333,0.2,0.37777777777777777,0.48444444444444446,0.0033075949642807244,0.0029106007306836544,0.004020194243639708,0.09875,nan,nan,nan,nan,nan,nan,nan,nan,nan,nan,nan,nan,nan,nan,nan,nan,nan,nan,nan,nan,nan,nan,nan,nan,nan,nan,nan,nan,nan,nan,nan,nan,nan,nan,nan
411,70537,0.2554427777777778,1.3157036051750117,0.5688888888888889,0,206,0.616504854368932,0.12135922330097088,0.009708737864077669,0.043689320388349516,0.0,0.7475728155339806,0.11165048543689321,0.1407766990291262,0.17777777777777778,0.3288888888888889,0.47555555555555556,0.00328664134722203,0.0029368617106229067,0.0035465616383589804,0.09862499999999999,nan,nan,nan,nan,nan,nan,nan,nan,nan,nan,nan,nan,nan,nan,nan,nan,nan,nan,nan,nan,nan,nan,nan,nan,nan,nan,nan,nan,nan,nan,nan,nan,nan,nan,nan
412,70730,0.25340555555555566,-1.4638674612045275,0.48444444444444446,0,193,0.5595854922279793,0.12435233160621761,0.02072538860103627,0.07772020725388601,0.0,0.7046632124352331,0.11398963730569948,0.18134715025906736,0.13333333333333333,0.3111111111111111,0.4488888888888889,0.003069924819283187,0.0026824510423466563,0.003933743922971189,0.0985,nan,nan,nan,nan,nan,nan,nan,nan,nan,nan,nan,nan,nan,nan,nan,nan,nan,nan,nan,nan,nan,nan,nan,nan,nan,nan,nan,nan,nan,nan,nan,nan,nan,nan,nan
413,70928,0.2513155555555556,-0.238068089962007,0.5377777777777778,0,198,0.6060606060606061,0.0707070707070707,0.005050505050505051,0.0707070707070707,0.0,0.6818181818181818,0.14646464646464646,0.1717171717171717,0.17777777777777778,0.30666666666666664,0.4577777777777778,0.003220566757954657,0.0028618427459150553,0.0036464954260736703,0.09837499999999999,nan,nan,nan,nan,nan,nan,nan,nan,nan,nan,nan,nan,nan,nan,nan,nan,nan,nan,nan,nan,nan,nan,nan,nan,nan,nan,nan,nan,nan,nan,nan,nan,nan,nan,nan
414,71163,0.25066665354779716,0.19306296110153132,0.6088888888888889,0,235,0.5787234042553191,0.07659574468085106,0.00851063829787234,0.06382978723404255,0.0,0.6638297872340425,0.13191489361702127,0.20425531914893616,0.15555555555555556,0.28888888888888886,0.40444444444444444,0.003041483880952001,0.002696182345971465,0.003514519287273288,0.09825,nan,nan,nan,nan,nan,nan,nan,nan,nan,nan,nan,nan,nan,nan,nan,nan,nan,nan,nan,nan,nan,nan,nan,nan,nan,nan,nan,nan,nan,nan,nan,nan,nan,nan,nan
415,71394,0.2520638727860467,0.8104411540031378,0.6222222222222222,0,231,0.6017316017316018,0.11688311688311688,0.004329004329004329,0.0735930735930736,0.0,0.7229437229437229,0.11255411255411256,0.1645021645021645,0.18666666666666668,0.3466666666666667,0.49333333333333335,0.0033277043141424654,0.0029963621171191336,0.0033767355955205856,0.09812499999999999,nan,nan,nan,nan,nan,nan,nan,nan,nan,nan,nan,nan,nan,nan,nan,nan,nan,nan,nan,nan,nan,nan,nan,nan,nan,nan,nan,nan,nan,nan,nan,nan,nan,nan,nan
416,71590,0.25323781600892387,-0.34602089929580515,0.48444444444444446,0,196,0.5510204081632653,0.09693877551020408,0.00510204081632653,0.08163265306122448,0.0,0.6530612244897959,0.12755102040816327,0.2193877551020408,0.16444444444444445,0.3022222222222222,0.35555555555555557,0.0032895505893975495,0.0028453493490815164,0.004532665759325027,0.098,nan,nan,nan,nan,nan,nan,nan,nan,nan,nan,nan,nan,nan,nan,nan,nan,nan,nan,nan,nan,nan,nan,nan,nan,nan,nan,nan,nan,nan,nan,nan,nan,nan,nan,nan
417,71823,0.254619583077599,2.0764713001251116,0.6666666666666666,0,233,0.6394849785407726,0.0944206008583691,0.0,0.03862660944206009,0.0,0.7339055793991416,0.09871244635193133,0.16738197424892703,0.19555555555555557,0.3511111111111111,0.5066666666666667,0.002915764134377241,0.002529881801456213,0.0039426039904356,0.09787499999999999,nan,nan,nan,nan,nan,nan,nan,nan,nan,nan,nan,nan,nan,nan,nan,nan,nan,nan,nan,nan,nan,nan,nan,nan,nan,nan,nan,nan,nan,nan,nan,nan,nan,nan,nan
418,72016,0.25575282529641574,-2.2719816126823416,0.4444444444444444,0,193,0.5129533678756477,0.13471502590673576,0.010362694300518135,0.07253886010362694,0.0,0.6580310880829016,0.13471502590673576,0.20725388601036268,0.14222222222222222,0.2311111111111111,0.3511111111111111,0.003296678327023983,0.002875566459260881,0.004308049799874425,0.09775,nan,nan,nan,nan,nan,nan,nan,nan,nan,nan,nan,nan,nan,nan,nan,nan,nan,nan,nan,nan,nan,nan,nan,nan,nan,nan,nan,nan,nan,nan,nan,nan,nan,nan,nan
419,72201,0.2568294972110343,-0.29127629709243674,0.4888888888888889,0,185,0.5891891891891892,0.12432432432432433,0.02702702702702703,0.04864864864864865,0.0,0.7405405405405405,0.10270270270270271,0.15675675675675677,0.1688888888888889,0.28888888888888886,0.4177777777777778,0.00356360268779099,0.0031644480070099233,0.004088652110658586,0.09762499999999999,nan,nan,nan,nan,nan,nan,nan,nan,nan,nan,nan,nan,nan,nan,nan,nan,nan,nan,nan,nan,nan,nan,nan,nan,nan,nan,nan,nan,nan,nan,nan,nan,nan,nan,nan
420,72406,0.25801162116404197,0.1414903385639148,0.5466666666666666,0,205,0.5951219512195122,0.17073170731707318,0.00975609756097561,0.00975609756097561,0.0,0.775609756097561,0.11707317073170732,0.1073170731707317,0.19111111111111112,0.37333333333333335,0.48444444444444446,0.003274500323459506,0.002952711237594485,0.003300400683656335,0.0975,0.7354400051593754,0.5279999999999999,0.0,179.7,0.0,1.0,0.6567251301619428,0.14582032715738893,0.0,0.022316743733356778,0.0005555555555555556,0.8025454573193318,0.11229169192461183,0.08516285075605641,0.19555555555555554,0.35733333333333334,0.47155555555555556,0.8932394390106163,0.5853333333333334,0.0,206.0,0.0,1.0,0.6343288102666425,0.15971222404759572,0.00045871559633027525,0.025209098610156085,0.0,0.7944997499105684,0.11109690796794738,0.0944033421214843,0.19022222222222224,0.352,0.47511111111111104,1.0549334248913276
421,72625,0.2592617960841793,1.7137186937332123,0.6666666666666666,0,219,0.680365296803653,0.0821917808219178,0.0,0.0365296803652968,0.0,0.7625570776255708,0.136986301369863,0.1004566210045662,0.18222222222222223,0.3288888888888889,0.4666666666666667,0.0030091030756011607,0.0026218764251098037,0.00397665404016152,0.09737499999999999,nan,nan,nan,nan,nan,nan,nan,nan,nan,nan,nan,nan,nan,nan,nan,nan,nan,nan,nan,nan,nan,nan,nan,nan,nan,nan,nan,nan,nan,nan,nan,nan,nan,nan,nan
422,72845,0.26050452701774596,0.7266096382141047,0.6355555555555555,0,220,0.6454545454545455,0.08636363636363636,0.01818181818181818,0.04090909090909091,0.0,0.75,0.16363636363636364,0.08636363636363636,0.2,0.3466666666666667,0.47555555555555556,0.0029549399157986047,0.0023961374536156654,0.005746041052043438,0.09725,nan,nan,nan,nan,nan,nan,nan,nan,nan,nan,nan,nan,nan,nan,nan,nan,nan,nan,nan,nan,nan,nan,nan,nan,nan,nan,nan,nan,nan,nan,nan,nan,nan,nan,nan
423,73062,0.26171743286205185,0.46960447001456873,0.5644444444444444,0,217,0.5806451612903226,0.059907834101382486,0.004608294930875576,0.1336405529953917,0.0,0.6451612903225806,0.14285714285714285,0.2119815668202765,0.17333333333333334,0.3288888888888889,0.4533333333333333,0.0026750291348434986,0.0022476294077932836,0.00440051183104515,0.09712499999999999,nan,nan,nan,nan,nan,nan,nan,nan,nan,nan,nan,nan,nan,nan,nan,nan,nan,nan,nan,nan,nan,nan,nan,nan,nan,nan,nan,nan,nan,nan,nan,nan,nan,nan,nan
424,73249,0.2627524223847471,-1.0030323610305776,0.4222222222222222,0,187,0.5026737967914439,0.13903743315508021,0.0106951871657754,0.13368983957219252,0.0,0.6524064171122995,0.15508021390374332,0.1925133689839572,0.15555555555555556,0.3288888888888889,0.37777777777777777,0.002918627276085317,0.0025463063269853593,0.0038383598206564785,0.097,nan,nan,nan,nan,nan,nan,nan,nan,nan,nan,nan,nan,nan,nan,nan,nan,nan,nan,nan,nan,nan,nan,nan,nan,nan,nan,nan,nan,nan,nan,nan,nan,nan,nan,nan
425,73454,0.2638761789313797,-0.02713163042068789,0.5111111111111111,0,205,0.5560975609756098,0.15121951219512195,0.00975609756097561,0.05853658536585366,0.0,0.7170731707317073,0.16585365853658537,0.11707317073170732,0.18666666666666668,0.3377777777777778,0.43555555555555553,0.0030193675076588987,0.0026594890980049966,0.0037148739909753205,0.09687499999999999,nan,nan,nan,nan,nan,nan,nan,nan,nan,nan,nan,nan,nan,nan,nan,nan,nan,nan,nan,nan,nan,nan,nan,nan,nan,nan,nan,nan,nan,nan,nan,nan,nan,nan,nan
426,73634,0.2648535510654845,-1.3997783961296073,0.4266666666666667,0,180,0.5277777777777778,0.08888888888888889,0.011111111111111112,0.11666666666666667,0.0,0.6277777777777778,0.2111111111111111,0.16111111111111112,0.16444444444444445,0.3111111111111111,0.4,0.002695736777968705,0.002294961328152567,0.0041423819726333026,0.09675,nan,nan,nan,nan,nan,nan,nan,nan,nan,nan,nan,nan,nan,nan,nan,nan,nan,nan,nan,nan,nan,nan,nan,nan,nan,nan,nan,nan,nan,nan,nan,nan,nan,nan,nan
427,73864,0.26608973742594183,0.08857486939430137,0.6044444444444445,0,230,0.5869565217391305,0.08695652173913043,0.008695652173913044,0.06521739130434782,0.0,0.6826086956521739,0.16521739130434782,0.15217391304347827,0.1688888888888889,0.29777777777777775,0.4488888888888889,0.002708606235682964,0.002313070418313146,0.004093514615669846,0.096625,nan,nan,nan,nan,nan,nan,nan,nan,nan,nan,nan,nan,nan,nan,nan,nan,nan,nan,nan,nan,nan,nan,nan,nan,nan,nan,nan,nan,nan,nan,nan,nan,nan,nan,nan
428,74041,0.26703140201634434,-2.3490130157470688,0.37777777777777777,0,177,0.4745762711864407,0.14689265536723164,0.03389830508474576,0.11299435028248588,0.0,0.655367231638418,0.15254237288135594,0.192090395480226,0.16,0.30666666666666664,0.35555555555555557,0.002997835795395076,0.002585318312048912,0.0042747925850562755,0.0965,nan,nan,nan,nan,nan,nan,nan,nan,nan,nan,nan,nan,nan,nan,nan,nan,nan,nan,nan,nan,nan,nan,nan,nan,nan,nan,nan,nan,nan,nan,nan,nan,nan,nan,nan
429,74251,0.2681377598496824,0.8075711963176695,0.56,0,210,0.5952380952380952,0.1,0.023809523809523808,0.047619047619047616,0.0,0.719047619047619,0.10476190476190476,0.1761904761904762,0.15555555555555556,0.32,0.4711111111111111,0.0032281832303851844,0.0028243750566616654,0.004189967759884894,0.09637499999999999,nan,nan,nan,nan,nan,nan,nan,nan,nan,nan,nan,nan,nan,nan,nan,nan,nan,nan,nan,nan,nan,nan,nan,nan,nan,nan,nan,nan,nan,nan,nan,nan,nan,nan,nan
430,74479,0.26932562406184085,0.1951010582447048,0.6,0,228,0.5877192982456141,0.11403508771929824,0.008771929824561403,0.05263157894736842,0.0,0.7105263157894737,0.17105263157894737,0.11842105263157894,0.16444444444444445,0.3111111111111111,0.43555555555555553,0.0031941063003614544,0.0028127022786065938,0.003962639381643385,0.09625,nan,nan,nan,nan,nan,nan,nan,nan,nan,nan,nan,nan,nan,nan,nan,nan,nan,nan,nan,nan,nan,nan,nan,nan,nan,nan,nan,nan,nan,nan,nan,nan,nan,nan,nan
431,74722,0.27057640988447007,-0.824659614086155,0.5644444444444444,0,243,0.5185185185185185,0.14814814814814814,0.024691358024691357,0.09053497942386832,0.0,0.691358024691358,0.10699588477366255,0.20164609053497942,0.17333333333333334,0.32,0.4577777777777778,0.0032389658270403745,0.0027435352327302097,0.005154024483636022,0.096125,nan,nan,nan,nan,nan,nan,nan,nan,nan,nan,nan,nan,nan,nan,nan,nan,nan,nan,nan,nan,nan,nan,nan,nan,nan,nan,nan,nan,nan,nan,nan,nan,nan,nan,nan
432,74871,0.27133560191414935,-0.3025991103649126,0.44,0,149,0.6577181208053692,0.053691275167785234,0.026845637583892617,0.040268456375838924,0.0,0.738255033557047,0.14093959731543623,0.12080536912751678,0.14666666666666667,0.30666666666666664,nan,0.00307870339602232,0.0027544422540813685,0.0033777207951061427,0.096,nan,nan,nan,nan,nan,nan,nan,nan,nan,nan,nan,nan,nan,nan,nan,nan,nan,nan,nan,nan,nan,nan,nan,nan,nan,nan,nan,nan,nan,nan,nan,nan,nan,nan,nan
433,75069,0.2723353663680066,-2.2732116937637334,0.40444444444444444,0,198,0.45454545454545453,0.1717171717171717,0.050505050505050504,0.0707070707070707,0.0,0.6767676767676768,0.18181818181818182,0.1414141414141414,0.16444444444444445,0.28,0.3466666666666667,0.0029321226524189115,0.00255480824271217,0.003935482341330498,0.09587499999999999,nan,nan,nan,nan,nan,nan,nan,nan,nan,nan,nan,nan,nan,nan,nan,nan,nan,nan,nan,nan,nan,nan,nan,nan,nan,nan,nan,nan,nan,nan,nan,nan,nan,nan,nan
434,75280,0.27338937502207067,-1.0634362115859988,0.49777777777777776,0,211,0.5260663507109005,0.09004739336492891,0.018957345971563982,0.061611374407582936,0.0,0.6350710900473934,0.1848341232227488,0.18009478672985782,0.1511111111111111,0.30666666666666664,0.44,0.002796409698203206,0.0024994478560984136,0.0031014295993372796,0.09575,nan,nan,nan,nan,nan,nan,nan,nan,nan,nan,nan,nan,nan,nan,nan,nan,nan,nan,nan,nan,nan,nan,nan,nan,nan,nan,nan,nan,nan,nan,nan,nan,nan,nan,nan
435,75480,0.27437760745448847,0.6459170589447001,0.5688888888888889,0,200,0.635,0.045,0.005,0.055,0.0,0.685,0.13,0.185,0.15555555555555556,0.31555555555555553,0.4577777777777778,0.0032886266708374023,0.0029711059178225696,0.003320478624664247,0.095625,nan,nan,nan,nan,nan,nan,nan,nan,nan,nan,nan,nan,nan,nan,nan,nan,nan,nan,nan,nan,nan,nan,nan,nan,nan,nan,nan,nan,nan,nan,nan,nan,nan,nan,nan
436,75667,0.27529209574567065,-2.686494819641113,0.3422222222222222,0,187,0.40641711229946526,0.19786096256684493,0.0374331550802139,0.0962566844919786,0.0,0.6417112299465241,0.12299465240641712,0.23529411764705882,0.16,0.23555555555555555,0.28,0.003145060455426574,0.0027337233303114774,0.004307195101864636,0.0955,nan,nan,nan,nan,nan,nan,nan,nan,nan,nan,nan,nan,nan,nan,nan,nan,nan,nan,nan,nan,nan,nan,nan,nan,nan,nan,nan,nan,nan,nan,nan,nan,nan,nan,nan
437,75869,0.2762696393082371,0.5178636991977665,0.5555555555555556,0,202,0.6138613861386139,0.0891089108910891,0.019801980198019802,0.06930693069306931,0.0,0.7227722772277227,0.12376237623762376,0.15346534653465346,0.1688888888888889,0.32,0.43555555555555553,0.003537004138343036,0.003155796695500612,0.0039969324949197475,0.09537499999999999,nan,nan,nan,nan,nan,nan,nan,nan,nan,nan,nan,nan,nan,nan,nan,nan,nan,nan,nan,nan,nan,nan,nan,nan,nan,nan,nan,nan,nan,nan,nan,nan,nan,nan,nan
438,76062,0.2771936610112154,0.10929229021072473,0.56,0,193,0.6476683937823834,0.06735751295336788,0.03626943005181347,0.05181347150259067,0.0,0.7512953367875648,0.12435233160621761,0.12435233160621761,0.16,0.3111111111111111,0.4577777777777778,0.0037904825992882253,0.0033653301652520895,0.004463542369194329,0.09525,nan,nan,nan,nan,nan,nan,nan,nan,nan,nan,nan,nan,nan,nan,nan,nan,nan,nan,nan,nan,nan,nan,nan,nan,nan,nan,nan,nan,nan,nan,nan,nan,nan,nan,nan
439,76257,0.2781173897719154,0.8372098586559307,0.5777777777777777,0,195,0.6615384615384615,0.07179487179487179,0.020512820512820513,0.05128205128205128,0.0,0.7538461538461538,0.15897435897435896,0.08717948717948718,0.13777777777777778,0.31555555555555553,0.4622222222222222,0.0032873721793293953,0.002771016955375671,0.005428175767883658,0.095125,nan,nan,nan,nan,nan,nan,nan,nan,nan,nan,nan,nan,nan,nan,nan,nan,nan,nan,nan,nan,nan,nan,nan,nan,nan,nan,nan,nan,nan,nan,nan,nan,nan,nan,nan
440,76453,0.2790358844760902,-0.7764081449508653,0.5066666666666667,0,196,0.576530612244898,0.10714285714285714,0.00510204081632653,0.0663265306122449,0.0,0.6887755102040817,0.1326530612244898,0.17857142857142858,0.16,0.3244444444444444,0.4,0.0029215477174147964,0.002505922131240368,0.004375005909241736,0.095,-1.3808850346803685,0.5226666666666666,0.4,209.3,0.1,0.9,0.5647499942950654,0.10607752330317444,0.005699999999999999,0.11785517863067312,0.0,0.6765275175982399,0.07691601425503561,0.2465564681467245,0.1746666666666667,0.31911111111111107,0.4391111111111111,-0.08094921391010465,0.4995555555555556,0.0,198.6,0.0,1.0,0.5651176985915549,0.13197697332024705,0.0,0.07103141718572825,0.0,0.6970946719118021,0.09145141067445259,0.21145391741374536,0.18666666666666665,0.3195555555555555,0.4192592592592593,0.9665228636374888
441,76681,0.2800917921256926,0.4396580309867828,0.6311111111111111,0,228,0.618421052631579,0.07456140350877193,0.02631578947368421,0.07017543859649122,0.0,0.7192982456140351,0.11842105263157894,0.16228070175438597,0.14666666666666667,0.3333333333333333,0.4666666666666667,0.003202967718243599,0.0029356703744269907,0.0028173630475066603,0.09487499999999999,nan,nan,nan,nan,nan,nan,nan,nan,nan,nan,nan,nan,nan,nan,nan,nan,nan,nan,nan,nan,nan,nan,nan,nan,nan,nan,nan,nan,nan,nan,nan,nan,nan,nan,nan
442,76847,0.28085210035181274,-0.4828945529460914,0.48444444444444446,-2,166,0.6506024096385542,0.060240963855421686,0.012048192771084338,0.060240963855421686,0.006024096385542169,0.7228915662650602,0.1144578313253012,0.16265060240963855,0.18666666666666668,0.35555555555555557,0.4622222222222222,0.00333278626203537,0.002927997871302068,0.004272173042409122,0.09475,nan,nan,nan,nan,nan,nan,nan,nan,nan,nan,nan,nan,nan,nan,nan,nan,nan,nan,nan,nan,nan,nan,nan,nan,nan,nan,nan,nan,nan,nan,nan,nan,nan,nan,nan
443,77038,0.2817181075882652,-1.6368614130020132,0.38666666666666666,0,191,0.450261780104712,0.15706806282722513,0.020942408376963352,0.08900523560209424,0.0,0.6282722513089005,0.1518324607329843,0.2198952879581152,0.16,0.3022222222222222,0.3688888888888889,0.0029362667817622425,0.0024577238596975803,0.0050572565291076895,0.094625,nan,nan,nan,nan,nan,nan,nan,nan,nan,nan,nan,nan,nan,nan,nan,nan,nan,nan,nan,nan,nan,nan,nan,nan,nan,nan,nan,nan,nan,nan,nan,nan,nan,nan,nan
444,77229,0.2770023474833602,0.7715806760787931,0.5866666666666667,0,191,0.6858638743455497,0.041884816753926704,0.020942408376963352,0.05759162303664921,0.0,0.7486910994764397,0.09424083769633508,0.15706806282722513,0.18222222222222223,0.3333333333333333,0.47555555555555556,0.002924494189210236,0.00254520068410784,0.004013687907718122,0.0945,nan,nan,nan,nan,nan,nan,nan,nan,nan,nan,nan,nan,nan,nan,nan,nan,nan,nan,nan,nan,nan,nan,nan,nan,nan,nan,nan,nan,nan,nan,nan,nan,nan,nan,nan
445,77426,0.27165815950554556,-0.04567466235160711,0.5377777777777778,0,197,0.6091370558375635,0.09137055837563451,0.015228426395939087,0.06598984771573604,0.0,0.7157360406091371,0.12690355329949238,0.15736040609137056,0.1688888888888889,0.3111111111111111,0.4222222222222222,0.002574472990818322,0.0022739961626939476,0.0031838602619245647,0.09437499999999999,nan,nan,nan,nan,nan,nan,nan,nan,nan,nan,nan,nan,nan,nan,nan,nan,nan,nan,nan,nan,nan,nan,nan,nan,nan,nan,nan,nan,nan,nan,nan,nan,nan,nan,nan
446,77652,0.26554014806655507,-0.16328957176208925,0.56,0,226,0.5530973451327433,0.09734513274336283,0.017699115044247787,0.084070796460177,0.0,0.668141592920354,0.11946902654867257,0.21238938053097345,0.18666666666666668,0.32,0.4533333333333333,0.0026975780725479125,0.002331045176833868,0.003888942603953183,0.09425,nan,nan,nan,nan,nan,nan,nan,nan,nan,nan,nan,nan,nan,nan,nan,nan,nan,nan,nan,nan,nan,nan,nan,nan,nan,nan,nan,nan,nan,nan,nan,nan,nan,nan,nan
447,77839,0.2604882824025205,1.4455949568748434,0.5644444444444444,0,187,0.6737967914438503,0.053475935828877004,0.016042780748663103,0.0374331550802139,0.0,0.7433155080213903,0.13903743315508021,0.11764705882352941,0.16444444444444445,0.31555555555555553,0.48,0.0028006782522425056,0.0023475200985558333,0.0048144288011826575,0.094125,nan,nan,nan,nan,nan,nan,nan,nan,nan,nan,nan,nan,nan,nan,nan,nan,nan,nan,nan,nan,nan,nan,nan,nan,nan,nan,nan,nan,nan,nan,nan,nan,nan,nan,nan
448,78075,0.2541260504834494,-2.7194846806526183,0.56,0,236,0.5296610169491526,0.09322033898305085,0.029661016949152543,0.11016949152542373,0.0,0.652542372881356,0.15677966101694915,0.1906779661016949,0.18666666666666668,0.28888888888888886,0.4222222222222222,0.0027013160986825826,0.0023247546749189498,0.0040059728897176685,0.094,nan,nan,nan,nan,nan,nan,nan,nan,nan,nan,nan,nan,nan,nan,nan,nan,nan,nan,nan,nan,nan,nan,nan,nan,nan,nan,nan,nan,nan,nan,nan,nan,nan,nan,nan
449,78274,0.24877286367258467,-0.6892891774177559,0.4666666666666667,0,199,0.5226130653266332,0.12562814070351758,0.010050251256281407,0.09045226130653267,0.0,0.6582914572864321,0.12060301507537688,0.22110552763819097,0.18222222222222223,0.3244444444444444,0.4488888888888889,0.002714545978233218,0.0023793078609742222,0.0035711116623133423,0.09387499999999999,nan,nan,nan,nan,nan,nan,nan,nan,nan,nan,nan,nan,nan,nan,nan,nan,nan,nan,nan,nan,nan,nan,nan,nan,nan,nan,nan,nan,nan,nan,nan,nan,nan,nan,nan
450,78497,0.24278661718418976,-1.3304997050762202,0.49333333333333335,0,223,0.49327354260089684,0.15695067264573992,0.013452914798206279,0.06278026905829596,0.0,0.6636771300448431,0.11659192825112108,0.21973094170403587,0.1688888888888889,0.3377777777777778,0.4666666666666667,0.002589257771614939,0.002276208240073174,0.003339195030275732,0.09375,nan,nan,nan,nan,nan,nan,nan,nan,nan,nan,nan,nan,nan,nan,nan,nan,nan,nan,nan,nan,nan,nan,nan,nan,nan,nan,nan,nan,nan,nan,nan,nan,nan,nan,nan
451,78672,0.2380981563154157,0.29434731650352375,0.5244444444444445,0,175,0.6685714285714286,0.06285714285714286,0.011428571428571429,0.04,0.0,0.7428571428571429,0.14857142857142858,0.10857142857142857,0.19111111111111112,0.36,0.4711111111111111,0.0027468519285321234,0.0024103226838633417,0.0035944376606494187,0.093625,nan,nan,nan,nan,nan,nan,nan,nan,nan,nan,nan,nan,nan,nan,nan,nan,nan,nan,nan,nan,nan,nan,nan,nan,nan,nan,nan,nan,nan,nan,nan,nan,nan,nan,nan
452,78896,0.23210878634613663,-1.2715532341003408,0.5511111111111111,0,224,0.5491071428571429,0.13392857142857142,0.017857142857142856,0.07142857142857142,0.0,0.7008928571428571,0.15625,0.14285714285714285,0.17333333333333334,0.3333333333333333,0.4488888888888889,0.002912630117498338,0.002591609233058989,0.0034333782270550726,0.0935,nan,nan,nan,nan,nan,nan,nan,nan,nan,nan,nan,nan,nan,nan,nan,nan,nan,nan,nan,nan,nan,nan,nan,nan,nan,nan,nan,nan,nan,nan,nan,nan,nan,nan,nan
453,79074,0.2273588488922518,-1.3013544216155999,0.4444444444444444,0,178,0.5561797752808989,0.06741573033707865,0.016853932584269662,0.11235955056179775,0.0,0.6404494382022472,0.15730337078651685,0.20224719101123595,0.15555555555555556,0.3244444444444444,0.44,0.002441226167138666,0.0021230980404652656,0.003406994987744838,0.09337499999999999,nan,nan,nan,nan,nan,nan,nan,nan,nan,nan,nan,nan,nan,nan,nan,nan,nan,nan,nan,nan,nan,nan,nan,nan,nan,nan,nan,nan,nan,nan,nan,nan,nan,nan,nan
454,79294,0.22149970107097744,1.313377557992931,0.6044444444444445,0,220,0.6136363636363636,0.1,0.0,0.04090909090909091,0.0,0.7136363636363636,0.1,0.18636363636363637,0.17333333333333334,0.3333333333333333,0.4888888888888889,0.0025930196628905834,0.0022833584691397844,0.003320763469673693,0.09325,nan,nan,nan,nan,nan,nan,nan,nan,nan,nan,nan,nan,nan,nan,nan,nan,nan,nan,nan,nan,nan,nan,nan,nan,nan,nan,nan,nan,nan,nan,nan,nan,nan,nan,nan
455,79483,0.216476342437636,0.19078864359855952,0.49777777777777776,0,189,0.5873015873015873,0.12169312169312169,0.015873015873015872,0.042328042328042326,0.0,0.7248677248677249,0.1111111111111111,0.164021164021164,0.15555555555555556,0.29333333333333333,0.39111111111111113,0.0030353734269738196,0.002564859460107982,0.00505249856505543,0.093125,nan,nan,nan,nan,nan,nan,nan,nan,nan,nan,nan,nan,nan,nan,nan,nan,nan,nan,nan,nan,nan,nan,nan,nan,nan,nan,nan,nan,nan,nan,nan,nan,nan,nan,nan
456,79667,0.21159489481656726,-2.160556974887846,0.4488888888888889,0,184,0.5434782608695652,0.14673913043478262,0.016304347826086956,0.04891304347826087,0.0,0.7065217391304348,0.19021739130434784,0.10326086956521739,0.16444444444444445,0.25333333333333335,0.39555555555555555,0.0029265636345371603,0.0026044013909995558,0.003464110044296831,0.093,nan,nan,nan,nan,nan,nan,nan,nan,nan,nan,nan,nan,nan,nan,nan,nan,nan,nan,nan,nan,nan,nan,nan,nan,nan,nan,nan,nan,nan,nan,nan,nan,nan,nan,nan
457,79847,0.20682815492672282,1.376968258619305,0.5555555555555556,0,180,0.6888888888888889,0.07777777777777778,0.0,0.05,0.0,0.7666666666666667,0.12777777777777777,0.10555555555555556,0.18666666666666668,0.3244444444444444,0.4888888888888889,0.002866971306502819,0.0025161631987430156,0.0037772072944790127,0.09287499999999999,nan,nan,nan,nan,nan,nan,nan,nan,nan,nan,nan,nan,nan,nan,nan,nan,nan,nan,nan,nan,nan,nan,nan,nan,nan,nan,nan,nan,nan,nan,nan,nan,nan,nan,nan
458,80071,0.20090804657264824,-0.9335773904323569,0.5288888888888889,0,224,0.5267857142857143,0.125,0.0,0.08482142857142858,0.0,0.6517857142857143,0.15178571428571427,0.19642857142857142,0.14222222222222222,0.26666666666666666,0.4088888888888889,0.003175828605890274,0.002917730377521366,0.002782730420585722,0.09275,nan,nan,nan,nan,nan,nan,nan,nan,nan,nan,nan,nan,nan,nan,nan,nan,nan,nan,nan,nan,nan,nan,nan,nan,nan,nan,nan,nan,nan,nan,nan,nan,nan,nan,nan
459,80271,0.19563329751187386,-0.5376988370418542,0.5155555555555555,0,200,0.575,0.11,0.0,0.1,0.0,0.685,0.09,0.225,0.1688888888888889,0.32,0.43555555555555553,0.0029164509498514233,0.002670138340909034,0.002659245114773512,0.092625,nan,nan,nan,nan,nan,nan,nan,nan,nan,nan,nan,nan,nan,nan,nan,nan,nan,nan,nan,nan,nan,nan,nan,nan,nan,nan,nan,nan,nan,nan,nan,nan,nan,nan,nan
460,80475,0.1902637764677121,0.17416758823394263,0.5155555555555555,0,204,0.5637254901960784,0.16176470588235295,0.0,0.06862745098039216,0.0,0.7254901960784313,0.12745098039215685,0.14705882352941177,0.18222222222222223,0.3288888888888889,0.49333333333333335,0.002707012905739248,0.0023649744573049246,0.003697712626308203,0.0925,-0.86069064872265,0.4782222222222222,0.0,206.8,0.0,1.0,0.5167814395149251,0.14171630899787097,0.0035464480874316936,0.0818574051317387,0.0,0.6620441966002277,0.19083063882093904,0.14712516457883315,0.17066666666666666,0.28400000000000003,0.4022222222222222,-1.031621340537072,0.4720000000000001,0.0,206.0,0.0,1.0,0.5151341228623851,0.13917786929485645,0.0015617628801986344,0.09781421040119628,0.0,0.6558737550374403,0.19892494143934367,0.14520130352321609,0.17422222222222225,0.3048888888888889,0.4093333333333334,0.8861860660150269
461,80714,0.18398675281348076,-2.7958940434455863,0.4666666666666667,0,239,0.4351464435146444,0.1297071129707113,0.02510460251046025,0.1297071129707113,0.0,0.5899581589958159,0.17573221757322174,0.23430962343096234,0.16,0.25333333333333335,0.28444444444444444,0.002660377649590373,0.0023230094346217813,0.003652159182820469,0.09237499999999998,nan,nan,nan,nan,nan,nan,nan,nan,nan,nan,nan,nan,nan,nan,nan,nan,nan,nan,nan,nan,nan,nan,nan,nan,nan,nan,nan,nan,nan,nan,nan,nan,nan,nan,nan
462,80943,0.17798623416614603,0.925291616916647,0.5911111111111111,0,229,0.5764192139737991,0.10480349344978165,0.004366812227074236,0.06550218340611354,0.0,0.6855895196506551,0.1091703056768559,0.2052401746724891,0.19111111111111112,0.3377777777777778,0.4222222222222222,0.002503840625286102,0.0020719098509289326,0.0046821767697110776,0.09225,nan,nan,nan,nan,nan,nan,nan,nan,nan,nan,nan,nan,nan,nan,nan,nan,nan,nan,nan,nan,nan,nan,nan,nan,nan,nan,nan,nan,nan,nan,nan,nan,nan,nan,nan
463,81154,0.17246935164555321,-3.1583356368541757,0.4488888888888889,0,211,0.47393364928909953,0.13270142180094788,0.07109004739336493,0.08056872037914692,0.0,0.6777251184834123,0.15639810426540285,0.16587677725118483,0.18222222222222223,0.31555555555555553,0.3688888888888889,0.0027502541663125156,0.0023475634516216815,0.004371133842505514,0.092125,nan,nan,nan,nan,nan,nan,nan,nan,nan,nan,nan,nan,nan,nan,nan,nan,nan,nan,nan,nan,nan,nan,nan,nan,nan,nan,nan,nan,nan,nan,nan,nan,nan,nan,nan
464,81274,0.16933690149665995,-1.4861218526363367,0.3466666666666667,0,120,0.6416666666666667,0.041666666666666664,0.008333333333333333,0.09166666666666666,0.008333333333333333,0.6916666666666667,0.15,0.15833333333333333,0.1688888888888889,0.3022222222222222,nan,0.0027912171557545663,0.0023935061995871364,0.004322945163585246,0.092,nan,nan,nan,nan,nan,nan,nan,nan,nan,nan,nan,nan,nan,nan,nan,nan,nan,nan,nan,nan,nan,nan,nan,nan,nan,nan,nan,nan,nan,nan,nan,nan,nan,nan,nan
465,81483,0.16389004961768944,-1.8928781898021714,0.4711111111111111,0,209,0.5023923444976076,0.1339712918660287,0.023923444976076555,0.11004784688995216,0.0,0.6602870813397129,0.14354066985645933,0.19617224880382775,0.18222222222222223,0.3422222222222222,0.4311111111111111,0.002961250930093229,0.0025633204029873015,0.004331216379068792,0.09187499999999998,nan,nan,nan,nan,nan,nan,nan,nan,nan,nan,nan,nan,nan,nan,nan,nan,nan,nan,nan,nan,nan,nan,nan,nan,nan,nan,nan,nan,nan,nan,nan,nan,nan,nan,nan
466,81612,0.16053370700276656,1.0250199813842737,0.43555555555555553,0,129,0.751937984496124,0.031007751937984496,0.007751937984496124,0.031007751937984496,0.007751937984496124,0.7906976744186046,0.09302325581395349,0.11627906976744186,0.19111111111111112,0.36,nan,0.002674037334509194,0.002330015297047794,0.0037495587253943085,0.09175,nan,nan,nan,nan,nan,nan,nan,nan,nan,nan,nan,nan,nan,nan,nan,nan,nan,nan,nan,nan,nan,nan,nan,nan,nan,nan,nan,nan,nan,nan,nan,nan,nan,nan,nan
467,81817,0.15520874246972235,0.7499154117107374,0.5555555555555556,0,205,0.6048780487804878,0.1024390243902439,0.0,0.04878048780487805,0.0,0.7073170731707317,0.13658536585365855,0.15609756097560976,0.17777777777777778,0.3111111111111111,0.43555555555555553,0.002476153848692775,0.0021803436684422195,0.0032284878427162765,0.091625,nan,nan,nan,nan,nan,nan,nan,nan,nan,nan,nan,nan,nan,nan,nan,nan,nan,nan,nan,nan,nan,nan,nan,nan,nan,nan,nan,nan,nan,nan,nan,nan,nan,nan,nan
468,82005,0.15033479061707009,-0.16976203846931415,0.49333333333333335,0,188,0.5851063829787234,0.11170212765957446,0.015957446808510637,0.07446808510638298,0.0,0.7127659574468085,0.14361702127659576,0.14361702127659576,0.16444444444444445,0.3333333333333333,0.44,0.002684678975492716,0.002224606508389115,0.005028114095330239,0.0915,nan,nan,nan,nan,nan,nan,nan,nan,nan,nan,nan,nan,nan,nan,nan,nan,nan,nan,nan,nan,nan,nan,nan,nan,nan,nan,nan,nan,nan,nan,nan,nan,nan,nan,nan
469,82176,0.14590938553441946,-1.8478262691497798,0.4177777777777778,0,171,0.543859649122807,0.1111111111111111,0.005847953216374269,0.14619883040935672,0.0,0.6608187134502924,0.12280701754385964,0.21637426900584794,0.17333333333333334,0.3422222222222222,0.4088888888888889,0.002668920415453613,0.002360199450049549,0.003378615574911237,0.091375,nan,nan,nan,nan,nan,nan,nan,nan,nan,nan,nan,nan,nan,nan,nan,nan,nan,nan,nan,nan,nan,nan,nan,nan,nan,nan,nan,nan,nan,nan,nan,nan,nan,nan,nan
470,82407,0.13994300249807703,0.5429123749732896,0.5955555555555555,0,231,0.5757575757575758,0.1471861471861472,0.004329004329004329,0.04329004329004329,0.0,0.7272727272727273,0.1471861471861472,0.12554112554112554,0.2,0.36,0.5022222222222222,0.002608178462833166,0.002317328844219446,0.003187393047846854,0.09125,nan,nan,nan,nan,nan,nan,nan,nan,nan,nan,nan,nan,nan,nan,nan,nan,nan,nan,nan,nan,nan,nan,nan,nan,nan,nan,nan,nan,nan,nan,nan,nan,nan,nan,nan
471,82633,0.13411884706097604,1.2261426045894566,0.6444444444444445,0,226,0.6371681415929203,0.10619469026548672,0.022123893805309734,0.030973451327433628,0.0,0.7654867256637168,0.10619469026548672,0.12831858407079647,0.18222222222222223,0.3422222222222222,0.4488888888888889,0.0026855584932491184,0.0023522395989857615,0.0036578208790160717,0.091125,nan,nan,nan,nan,nan,nan,nan,nan,nan,nan,nan,nan,nan,nan,nan,nan,nan,nan,nan,nan,nan,nan,nan,nan,nan,nan,nan,nan,nan,nan,nan,nan,nan,nan,nan
472,82859,0.12830759681876927,-1.7939307422637927,0.5555555555555556,0,226,0.5486725663716814,0.11946902654867257,0.035398230088495575,0.05309734513274336,0.0,0.7035398230088495,0.16371681415929204,0.13274336283185842,0.17777777777777778,0.3422222222222222,0.4444444444444444,0.0027336505008861423,0.0024468660354614257,0.0031514777801930904,0.091,nan,nan,nan,nan,nan,nan,nan,nan,nan,nan,nan,nan,nan,nan,nan,nan,nan,nan,nan,nan,nan,nan,nan,nan,nan,nan,nan,nan,nan,nan,nan,nan,nan,nan,nan
473,83075,0.12342893512256213,-0.7014086418151846,0.5377777777777778,0,216,0.5555555555555556,0.10648148148148148,0.0,0.09722222222222222,0.0,0.6620370370370371,0.13425925925925927,0.2037037037037037,0.18222222222222223,0.29333333333333333,0.44,0.002825775882229209,0.002371678804047406,0.004996941750869155,0.090875,nan,nan,nan,nan,nan,nan,nan,nan,nan,nan,nan,nan,nan,nan,nan,nan,nan,nan,nan,nan,nan,nan,nan,nan,nan,nan,nan,nan,nan,nan,nan,nan,nan,nan,nan
474,83311,0.1244885557729083,-2.844365514039999,0.49777777777777776,0,236,0.4703389830508475,0.15254237288135594,0.06779661016949153,0.07203389830508475,0.0,0.690677966101695,0.1483050847457627,0.16101694915254236,0.19555555555555557,0.35555555555555557,0.4666666666666667,0.002750186249613762,0.0022340470808558167,0.005687483702786267,0.09075,nan,nan,nan,nan,nan,nan,nan,nan,nan,nan,nan,nan,nan,nan,nan,nan,nan,nan,nan,nan,nan,nan,nan,nan,nan,nan,nan,nan,nan,nan,nan,nan,nan,nan,nan
475,83532,0.12546817524784543,-1.9175850973129271,0.5066666666666667,0,221,0.5113122171945701,0.12669683257918551,0.0,0.1583710407239819,0.0,0.6380090497737556,0.13122171945701358,0.23076923076923078,0.19111111111111112,0.3111111111111111,0.38222222222222224,0.0025479235919192433,0.0022765273693948983,0.0029947170289233325,0.090625,nan,nan,nan,nan,nan,nan,nan,nan,nan,nan,nan,nan,nan,nan,nan,nan,nan,nan,nan,nan,nan,nan,nan,nan,nan,nan,nan,nan,nan,nan,nan,nan,nan,nan,nan
476,83732,0.12634418940083345,-0.013084883451460971,0.52,0,200,0.58,0.135,0.005,0.055,0.0,0.72,0.135,0.145,0.1688888888888889,0.3111111111111111,0.4177777777777778,0.0030040509765967725,0.0025994436466135083,0.004470799164846539,0.0905,nan,nan,nan,nan,nan,nan,nan,nan,nan,nan,nan,nan,nan,nan,nan,nan,nan,nan,nan,nan,nan,nan,nan,nan,nan,nan,nan,nan,nan,nan,nan,nan,nan,nan,nan
477,83908,0.12710683488572838,1.3446899051666235,0.5555555555555556,0,176,0.7045454545454546,0.07386363636363637,0.0,0.022727272727272728,0.0,0.7784090909090909,0.11363636363636363,0.10795454545454546,0.18666666666666668,0.3288888888888889,0.49777777777777776,0.002692340733483434,0.002165545814204961,0.005828989180736243,0.09037500000000001,nan,nan,nan,nan,nan,nan,nan,nan,nan,nan,nan,nan,nan,nan,nan,nan,nan,nan,nan,nan,nan,nan,nan,nan,nan,nan,nan,nan,nan,nan,nan,nan,nan,nan,nan
478,84101,0.12793429084248828,1.048296863079071,0.5911111111111111,0,193,0.6839378238341969,0.07253886010362694,0.05181347150259067,0.0051813471502590676,0.0,0.8082901554404145,0.05699481865284974,0.13471502590673576,0.2088888888888889,0.29333333333333333,0.4533333333333333,0.002587731322273612,0.002254058117978275,0.003697210398968309,0.09025,nan,nan,nan,nan,nan,nan,nan,nan,nan,nan,nan,nan,nan,nan,nan,nan,nan,nan,nan,nan,nan,nan,nan,nan,nan,nan,nan,nan,nan,nan,nan,nan,nan,nan,nan
479,84326,0.12888727761860652,-1.033920415163045,0.5111111111111111,0,225,0.5066666666666667,0.14666666666666667,0.0,0.09777777777777778,0.0,0.6533333333333333,0.15555555555555556,0.19111111111111112,0.18666666666666668,0.35555555555555557,0.4444444444444444,0.002639236790128052,0.0023615343496203424,0.0030813036602921782,0.090125,nan,nan,nan,nan,nan,nan,nan,nan,nan,nan,nan,nan,nan,nan,nan,nan,nan,nan,nan,nan,nan,nan,nan,nan,nan,nan,nan,nan,nan,nan,nan,nan,nan,nan,nan
480,84545,0.1298028243555256,0.4121122820377279,0.6177777777777778,0,219,0.6301369863013698,0.1004566210045662,0.0182648401826484,0.0410958904109589,0.0,0.7488584474885844,0.1050228310502283,0.1461187214611872,0.2,0.3688888888888889,0.5066666666666667,0.002641821256838739,0.002338372345548123,0.003371654613874853,0.09,0.49540855083465046,0.5439999999999999,0.0,203.8,0.0,1.0,0.6007781018586998,0.13402538625535737,0.003875231720429302,0.05364938161731828,0.0,0.7386787198344865,0.07602715557968424,0.18529412458582925,0.1866666666666667,0.34577777777777785,0.4653333333333333,0.3040931135415999,0.556,0.0,201.2,0.0,1.0,0.6164510445529864,0.12436543554681564,0.005164608380419452,0.05204138873564793,0.0,0.7459810884802215,0.07496318389285,0.1790557276269285,0.188,0.3457777777777778,0.45955555555555555,1.047068203711428
481,84742,0.13061628886023155,0.4982200827598533,0.52,0,197,0.5888324873096447,0.09137055837563451,0.0,0.09644670050761421,0.0,0.6802030456852792,0.1319796954314721,0.18781725888324874,0.1511111111111111,0.31555555555555553,0.4488888888888889,0.0023040584521368144,0.0020171563141047955,0.003192235517781228,0.08987500000000001,nan,nan,nan,nan,nan,nan,nan,nan,nan,nan,nan,nan,nan,nan,nan,nan,nan,nan,nan,nan,nan,nan,nan,nan,nan,nan,nan,nan,nan,nan,nan,nan,nan,nan,nan
482,84933,0.13139585906591184,1.2196235597133618,0.5866666666666667,0,191,0.6858638743455497,0.06282722513089005,0.010471204188481676,0.020942408376963352,0.0,0.7591623036649214,0.1256544502617801,0.11518324607329843,0.15555555555555556,0.3244444444444444,0.4577777777777778,0.002752403263002634,0.002242940058931708,0.00567647039424628,0.08975,nan,nan,nan,nan,nan,nan,nan,nan,nan,nan,nan,nan,nan,nan,nan,nan,nan,nan,nan,nan,nan,nan,nan,nan,nan,nan,nan,nan,nan,nan,nan,nan,nan,nan,nan
483,85159,0.1323067160041571,0.7133605618476788,0.6088888888888889,0,226,0.6017699115044248,0.0752212389380531,0.004424778761061947,0.11946902654867257,0.0,0.6814159292035398,0.13274336283185842,0.18584070796460178,0.17777777777777778,0.3688888888888889,0.5155555555555555,0.0026054603746160864,0.002139639854431152,0.005197439645417035,0.089625,nan,nan,nan,nan,nan,nan,nan,nan,nan,nan,nan,nan,nan,nan,nan,nan,nan,nan,nan,nan,nan,nan,nan,nan,nan,nan,nan,nan,nan,nan,nan,nan,nan,nan,nan
484,85330,0.13298759280154038,0.5138951754570005,0.48,0,171,0.6257309941520468,0.09941520467836257,0.005847953216374269,0.017543859649122806,0.0,0.7309941520467836,0.08771929824561403,0.18128654970760233,0.1688888888888889,0.3288888888888889,0.4533333333333333,0.002608313283417374,0.002207337669096887,0.004480174474883825,0.0895,nan,nan,nan,nan,nan,nan,nan,nan,nan,nan,nan,nan,nan,nan,nan,nan,nan,nan,nan,nan,nan,nan,nan,nan,nan,nan,nan,nan,nan,nan,nan,nan,nan,nan,nan
485,85523,0.13374748800241956,-0.7117402663230887,0.48444444444444446,0,193,0.5595854922279793,0.16580310880829016,0.0,0.04145077720207254,0.0,0.7253886010362695,0.12953367875647667,0.14507772020725387,0.17333333333333334,0.3244444444444444,0.4266666666666667,0.003170180949382484,0.0026730139390565453,0.005562708177603781,0.08937500000000001,nan,nan,nan,nan,nan,nan,nan,nan,nan,nan,nan,nan,nan,nan,nan,nan,nan,nan,nan,nan,nan,nan,nan,nan,nan,nan,nan,nan,nan,nan,nan,nan,nan,nan,nan
486,85716,0.13449830602520788,-1.3475450038909897,0.48444444444444446,0,193,0.5595854922279793,0.09844559585492228,0.0,0.06735751295336788,0.0,0.6580310880829016,0.19689119170984457,0.14507772020725387,0.17333333333333334,0.26666666666666666,0.39555555555555555,0.0025891889235936105,0.002276823250576854,0.003499895485583693,0.08925,nan,nan,nan,nan,nan,nan,nan,nan,nan,nan,nan,nan,nan,nan,nan,nan,nan,nan,nan,nan,nan,nan,nan,nan,nan,nan,nan,nan,nan,nan,nan,nan,nan,nan,nan
487,85893,0.1351789192291597,0.3876003530025425,0.48444444444444446,0,177,0.6101694915254238,0.096045197740113,0.011299435028248588,0.0903954802259887,0.0,0.7175141242937854,0.11299435028248588,0.1694915254237288,0.19111111111111112,0.37777777777777777,0.48444444444444446,0.002587619994301349,0.002154213306494057,0.0048629086231812835,0.089125,nan,nan,nan,nan,nan,nan,nan,nan,nan,nan,nan,nan,nan,nan,nan,nan,nan,nan,nan,nan,nan,nan,nan,nan,nan,nan,nan,nan,nan,nan,nan,nan,nan,nan,nan
488,86097,0.1359539294636057,0.5950362715721134,0.5466666666666666,0,204,0.5980392156862745,0.10784313725490197,0.0,0.049019607843137254,0.0,0.7058823529411765,0.11274509803921569,0.18137254901960784,0.1688888888888889,0.28888888888888886,0.44,0.0027932810597121717,0.002422507340088487,0.004165996890515089,0.089,nan,nan,nan,nan,nan,nan,nan,nan,nan,nan,nan,nan,nan,nan,nan,nan,nan,nan,nan,nan,nan,nan,nan,nan,nan,nan,nan,nan,nan,nan,nan,nan,nan,nan,nan
489,86287,0.13666669636735274,0.3153625364303587,0.5466666666666666,0,190,0.6421052631578947,0.09473684210526316,0.010526315789473684,0.021052631578947368,0.0,0.7473684210526316,0.11052631578947368,0.14210526315789473,0.1688888888888889,0.32,0.4577777777777778,0.0027519055176526306,0.0023180525284260513,0.00488160849781707,0.08887500000000001,nan,nan,nan,nan,nan,nan,nan,nan,nan,nan,nan,nan,nan,nan,nan,nan,nan,nan,nan,nan,nan,nan,nan,nan,nan,nan,nan,nan,nan,nan,nan,nan,nan,nan,nan
490,86513,0.13750316952249633,1.5525304186344069,0.64,0,226,0.6327433628318584,0.1415929203539823,0.004424778761061947,0.04424778761061947,0.0,0.7787610619469026,0.10619469026548672,0.11504424778761062,0.19111111111111112,0.3511111111111111,0.48,0.0028582564322277904,0.0022054500412195923,0.007355565112084151,0.08875,nan,nan,nan,nan,nan,nan,nan,nan,nan,nan,nan,nan,nan,nan,nan,nan,nan,nan,nan,nan,nan,nan,nan,nan,nan,nan,nan,nan,nan,nan,nan,nan,nan,nan,nan
491,86698,0.138178741511635,0.5034950914382941,0.5244444444444445,0,185,0.6324324324324324,0.08648648648648649,0.021621621621621623,0.04864864864864865,0.0,0.7405405405405405,0.12432432432432433,0.13513513513513514,0.17333333333333334,0.3111111111111111,0.4266666666666667,0.0028360817115753887,0.002355859789531678,0.005418583727441728,0.088625,nan,nan,nan,nan,nan,nan,nan,nan,nan,nan,nan,nan,nan,nan,nan,nan,nan,nan,nan,nan,nan,nan,nan,nan,nan,nan,nan,nan,nan,nan,nan,nan,nan,nan,nan
492,86920,0.13897858163366916,1.0517498703002892,0.6177777777777778,0,222,0.6216216216216216,0.15315315315315314,0.0,0.036036036036036036,0.0,0.7747747747747747,0.0990990990990991,0.12612612612612611,0.19555555555555557,0.3288888888888889,0.4622222222222222,0.0025643201312050222,0.002119727956596762,0.005023640324361622,0.0885,nan,nan,nan,nan,nan,nan,nan,nan,nan,nan,nan,nan,nan,nan,nan,nan,nan,nan,nan,nan,nan,nan,nan,nan,nan,nan,nan,nan,nan,nan,nan,nan,nan,nan,nan
493,87118,0.13968199513553364,-1.0669348948001864,0.49333333333333335,0,198,0.5555555555555556,0.14646464646464646,0.005050505050505051,0.07575757575757576,0.0,0.7070707070707071,0.18686868686868688,0.10606060606060606,0.17333333333333334,0.3333333333333333,0.4266666666666667,0.0025126788998022674,0.002215621224604547,0.00336133117089048,0.08837500000000001,nan,nan,nan,nan,nan,nan,nan,nan,nan,nan,nan,nan,nan,nan,nan,nan,nan,nan,nan,nan,nan,nan,nan,nan,nan,nan,nan,nan,nan,nan,nan,nan,nan,nan,nan
494,87337,0.14044910749805078,-0.5884238610267664,0.5333333333333333,0,219,0.54337899543379,0.1461187214611872,0.0228310502283105,0.0730593607305936,0.0,0.7123287671232876,0.1187214611872146,0.1689497716894977,0.18666666666666668,0.3422222222222222,0.4577777777777778,0.0026447568088769913,0.002330109220929444,0.0035654116072691977,0.08825,nan,nan,nan,nan,nan,nan,nan,nan,nan,nan,nan,nan,nan,nan,nan,nan,nan,nan,nan,nan,nan,nan,nan,nan,nan,nan,nan,nan,nan,nan,nan,nan,nan,nan,nan
495,87551,0.1411876696031687,-2.1114773185253135,0.5022222222222222,0,214,0.5233644859813084,0.11682242990654206,0.018691588785046728,0.14485981308411214,0.0,0.6588785046728972,0.19158878504672897,0.14953271028037382,0.17333333333333334,0.3244444444444444,0.4222222222222222,0.003061311598867178,0.002472358604427427,0.0066831550560891625,0.088125,nan,nan,nan,nan,nan,nan,nan,nan,nan,nan,nan,nan,nan,nan,nan,nan,nan,nan,nan,nan,nan,nan,nan,nan,nan,nan,nan,nan,nan,nan,nan,nan,nan,nan,nan
496,87711,0.14173275617355158,-0.9450114533901195,0.40444444444444444,0,160,0.5625,0.06875,0.0125,0.075,0.0,0.64375,0.18125,0.175,0.1511111111111111,0.29333333333333333,0.4,0.0026569711044430733,0.0021712488611228763,0.005519571271724999,0.088,nan,nan,nan,nan,nan,nan,nan,nan,nan,nan,nan,nan,nan,nan,nan,nan,nan,nan,nan,nan,nan,nan,nan,nan,nan,nan,nan,nan,nan,nan,nan,nan,nan,nan,nan
497,87930,0.1424690068299761,0.626323473215098,0.6355555555555555,0,219,0.6484018264840182,0.0684931506849315,0.0091324200913242,0.0547945205479452,0.0,0.726027397260274,0.1506849315068493,0.1232876712328767,0.18222222222222223,0.3422222222222222,0.48444444444444446,0.0026801769156008957,0.0022586792125366627,0.004796559922397137,0.08787500000000001,nan,nan,nan,nan,nan,nan,nan,nan,nan,nan,nan,nan,nan,nan,nan,nan,nan,nan,nan,nan,nan,nan,nan,nan,nan,nan,nan,nan,nan,nan,nan,nan,nan,nan,nan
498,88105,0.14304918256816856,0.9260235948562598,0.5555555555555556,0,175,0.7085714285714285,0.02857142857142857,0.005714285714285714,0.03428571428571429,0.0,0.7428571428571429,0.12,0.13714285714285715,0.18222222222222223,0.3511111111111111,0.5022222222222222,0.002921108528971672,0.0023821127717383204,0.00614240150898695,0.08775,nan,nan,nan,nan,nan,nan,nan,nan,nan,nan,nan,nan,nan,nan,nan,nan,nan,nan,nan,nan,nan,nan,nan,nan,nan,nan,nan,nan,nan,nan,nan,nan,nan,nan,nan
499,88319,0.14374883697025886,0.8479196865558547,0.5866666666666667,0,214,0.6121495327102804,0.11682242990654206,0.009345794392523364,0.037383177570093455,0.0,0.7383177570093458,0.19158878504672897,0.07009345794392523,0.17333333333333334,0.3333333333333333,0.49777777777777776,0.0025338096544146537,0.002050377312116325,0.005517059890553355,0.087625,nan,nan,nan,nan,nan,nan,nan,nan,nan,nan,nan,nan,nan,nan,nan,nan,nan,nan,nan,nan,nan,nan,nan,nan,nan,nan,nan,nan,nan,nan,nan,nan,nan,nan,nan
500,88507,0.14435459511145793,0.5331469321250908,0.5644444444444444,0,188,0.6702127659574468,0.0851063829787234,0.02127659574468085,0.03723404255319149,0.0,0.776595744680851,0.0797872340425532,0.14361702127659576,0.17333333333333334,0.3466666666666667,0.48,0.0027309011202305555,0.0023623199202120306,0.004212355962954462,0.0875,0.2622531753540003,0.5400000000000001,0.0,192.2,0.0,1.0,0.6326254954374917,0.12959818144890978,0.027496539051794132,0.030455997404819433,0.0,0.7897202159381956,0.11594924518812215,0.09433053887368224,0.18177777777777782,0.33822222222222226,0.4680000000000001,0.2280022149324398,0.548,0.0,198.5,0.0,1.0,0.617205515289746,0.15753159567639075,0.013545550530186995,0.02787406315848326,0.0,0.7882826614963239,0.11672412132927801,0.09499321717439815,0.18400000000000002,0.3373333333333333,0.4688888888888888,1.0415154373008815
501,88699,0.14496467935603302,1.1817691860198904,0.5777777777777777,0,192,0.671875,0.09895833333333333,0.005208333333333333,0.036458333333333336,0.0,0.7760416666666666,0.09375,0.13020833333333334,0.19111111111111112,0.37333333333333335,0.4888888888888889,0.002828657766804099,0.0024593199137598275,0.004227042850106955,0.08737500000000001,nan,nan,nan,nan,nan,nan,nan,nan,nan,nan,nan,nan,nan,nan,nan,nan,nan,nan,nan,nan,nan,nan,nan,nan,nan,nan,nan,nan,nan,nan,nan,nan,nan,nan,nan
502,88913,0.14563449804338055,0.2996538484096478,0.6088888888888889,0,214,0.6355140186915887,0.04205607476635514,0.014018691588785047,0.08878504672897196,0.0,0.6915887850467289,0.19626168224299065,0.11214953271028037,0.18222222222222223,0.3511111111111111,0.4622222222222222,0.003249269793741405,0.0028019852470606565,0.005126470082905144,0.08725000000000001,nan,nan,nan,nan,nan,nan,nan,nan,nan,nan,nan,nan,nan,nan,nan,nan,nan,nan,nan,nan,nan,nan,nan,nan,nan,nan,nan,nan,nan,nan,nan,nan,nan,nan,nan
503,89147,0.1436599041766345,-1.6716094698905963,0.5288888888888889,0,234,0.5042735042735043,0.11965811965811966,0.008547008547008548,0.15384615384615385,0.0,0.6324786324786325,0.2905982905982906,0.07692307692307693,0.17333333333333334,0.3111111111111111,0.4666666666666667,0.0027611323399469256,0.0024754177080467342,0.0032793641556054355,0.087125,nan,nan,nan,nan,nan,nan,nan,nan,nan,nan,nan,nan,nan,nan,nan,nan,nan,nan,nan,nan,nan,nan,nan,nan,nan,nan,nan,nan,nan,nan,nan,nan,nan,nan,nan
504,89319,0.13926119564942002,1.604787586927409,0.5244444444444445,0,172,0.6802325581395349,0.0755813953488372,0.0,0.023255813953488372,0.0,0.7558139534883721,0.13953488372093023,0.10465116279069768,0.16444444444444445,0.3333333333333333,0.4666666666666667,0.0028979953145608305,0.0022995144012384118,0.00687909135594964,0.087,nan,nan,nan,nan,nan,nan,nan,nan,nan,nan,nan,nan,nan,nan,nan,nan,nan,nan,nan,nan,nan,nan,nan,nan,nan,nan,nan,nan,nan,nan,nan,nan,nan,nan,nan
505,89518,0.13418100775194147,-3.972192139148712,0.3333333333333333,0,199,0.37185929648241206,0.1457286432160804,0.04522613065326633,0.19095477386934673,0.0,0.5628140703517588,0.1708542713567839,0.2663316582914573,0.17333333333333334,0.30666666666666664,0.3333333333333333,0.003184183407574892,0.002796617243438959,0.004461193107999861,0.08687500000000001,nan,nan,nan,nan,nan,nan,nan,nan,nan,nan,nan,nan,nan,nan,nan,nan,nan,nan,nan,nan,nan,nan,nan,nan,nan,nan,nan,nan,nan,nan,nan,nan,nan,nan,nan
506,89711,0.12926320850509207,-2.021970005750655,0.4088888888888889,0,193,0.47150259067357514,0.16580310880829016,0.010362694300518135,0.10362694300518134,0.0,0.6476683937823834,0.19689119170984457,0.15544041450777202,0.1511111111111111,0.2222222222222222,0.3333333333333333,0.0029417370446026326,0.0025391671108081935,0.004640575940720737,0.08675000000000001,nan,nan,nan,nan,nan,nan,nan,nan,nan,nan,nan,nan,nan,nan,nan,nan,nan,nan,nan,nan,nan,nan,nan,nan,nan,nan,nan,nan,nan,nan,nan,nan,nan,nan,nan
507,89873,0.12514230523346137,-0.08694327878951924,0.47555555555555556,0,162,0.654320987654321,0.09259259259259259,0.006172839506172839,0.05555555555555555,0.0,0.7530864197530864,0.17901234567901234,0.06790123456790123,0.2,0.3377777777777778,0.4577777777777778,0.0030787878204137087,0.0026613059919327496,0.004819415009114892,0.086625,nan,nan,nan,nan,nan,nan,nan,nan,nan,nan,nan,nan,nan,nan,nan,nan,nan,nan,nan,nan,nan,nan,nan,nan,nan,nan,nan,nan,nan,nan,nan,nan,nan,nan,nan
508,90109,0.12030095876488399,-3.985235070228578,0.38222222222222224,0,236,0.3601694915254237,0.16101694915254236,0.0211864406779661,0.2033898305084746,0.0,0.5423728813559322,0.1652542372881356,0.2923728813559322,0.18666666666666668,0.31555555555555553,0.38222222222222224,0.002692369930446148,0.0023634151904843746,0.0038029451039619743,0.0865,nan,nan,nan,nan,nan,nan,nan,nan,nan,nan,nan,nan,nan,nan,nan,nan,nan,nan,nan,nan,nan,nan,nan,nan,nan,nan,nan,nan,nan,nan,nan,nan,nan,nan,nan
509,90303,0.11743328023866252,0.47346924924849887,0.5377777777777778,0,194,0.6185567010309279,0.061855670103092786,0.015463917525773196,0.08762886597938144,0.0,0.6958762886597938,0.16494845360824742,0.13917525773195877,0.16444444444444445,0.3288888888888889,0.4711111111111111,0.0028321342542767525,0.0024427383206784723,0.0045082020107656716,0.08637500000000001,nan,nan,nan,nan,nan,nan,nan,nan,nan,nan,nan,nan,nan,nan,nan,nan,nan,nan,nan,nan,nan,nan,nan,nan,nan,nan,nan,nan,nan,nan,nan,nan,nan,nan,nan
510,90495,0.11460410676082086,-0.3802928643226602,0.4888888888888889,0,192,0.5677083333333334,0.11458333333333333,0.026041666666666668,0.08333333333333333,0.0,0.7083333333333334,0.109375,0.18229166666666666,0.1688888888888889,0.27555555555555555,0.39111111111111113,0.0027161706704646347,0.0024156333762221037,0.0034844905836507677,0.08625000000000001,nan,nan,nan,nan,nan,nan,nan,nan,nan,nan,nan,nan,nan,nan,nan,nan,nan,nan,nan,nan,nan,nan,nan,nan,nan,nan,nan,nan,nan,nan,nan,nan,nan,nan,nan
511,90727,0.11119735956904594,-0.6297357170581813,0.5822222222222222,0,232,0.5603448275862069,0.09482758620689655,0.01293103448275862,0.08620689655172414,0.0,0.6681034482758621,0.125,0.20689655172413793,0.17333333333333334,0.3244444444444444,0.4488888888888889,0.0027893574442714453,0.0023761117248795927,0.004798209201544524,0.086125,nan,nan,nan,nan,nan,nan,nan,nan,nan,nan,nan,nan,nan,nan,nan,nan,nan,nan,nan,nan,nan,nan,nan,nan,nan,nan,nan,nan,nan,nan,nan,nan,nan,nan,nan
512,90899,0.10868000913095155,1.6408502666950175,0.5377777777777778,0,172,0.6976744186046512,0.046511627906976744,0.011627906976744186,0.03488372093023256,0.0,0.7558139534883721,0.08139534883720931,0.16279069767441862,0.14222222222222222,0.3244444444444444,0.47555555555555556,0.002747146331239492,0.002379351435229182,0.004276684438809753,0.086,nan,nan,nan,nan,nan,nan,nan,nan,nan,nan,nan,nan,nan,nan,nan,nan,nan,nan,nan,nan,nan,nan,nan,nan,nan,nan,nan,nan,nan,nan,nan,nan,nan,nan,nan
513,91109,0.10561610514349137,2.3173365952968457,0.68,0,210,0.7238095238095238,0.04285714285714286,0.023809523809523808,0.0380952380952381,0.0,0.7904761904761904,0.09523809523809523,0.11428571428571428,0.20444444444444446,0.37777777777777777,0.5288888888888889,0.002566949720494449,0.0022666835691779854,0.0034965491271577776,0.085875,nan,nan,nan,nan,nan,nan,nan,nan,nan,nan,nan,nan,nan,nan,nan,nan,nan,nan,nan,nan,nan,nan,nan,nan,nan,nan,nan,nan,nan,nan,nan,nan,nan,nan,nan
514,91359,0.10198233409251778,1.6158541355132998,0.5866666666666667,1,250,0.524,0.128,0.0,0.136,0.0,0.652,0.068,0.28,0.16444444444444445,0.3333333333333333,0.47555555555555556,0.0026487693190574645,0.00219732056139037,0.005264708306640387,0.08575,nan,nan,nan,nan,nan,nan,nan,nan,nan,nan,nan,nan,nan,nan,nan,nan,nan,nan,nan,nan,nan,nan,nan,nan,nan,nan,nan,nan,nan,nan,nan,nan,nan,nan,nan
515,91547,0.09925954568861003,2.3908750693797955,0.5911111111111111,0,188,0.7021276595744681,0.06382978723404255,0.005319148936170213,0.047872340425531915,0.0,0.7712765957446809,0.0797872340425532,0.14893617021276595,0.19111111111111112,0.37333333333333335,0.52,0.0026616718620061874,0.0021956029115244744,0.005443140771239996,0.08562499999999999,nan,nan,nan,nan,nan,nan,nan,nan,nan,nan,nan,nan,nan,nan,nan,nan,nan,nan,nan,nan,nan,nan,nan,nan,nan,nan,nan,nan,nan,nan,nan,nan,nan,nan,nan
516,91718,0.09679026005562005,-0.4989578442573527,0.4577777777777778,0,171,0.5964912280701754,0.08187134502923976,0.011695906432748537,0.04678362573099415,0.005847953216374269,0.6900584795321637,0.11695906432748537,0.19298245614035087,0.18222222222222223,0.3111111111111111,0.4,0.002675782726146281,0.00232774552423507,0.00407060997094959,0.08549999999999999,nan,nan,nan,nan,nan,nan,nan,nan,nan,nan,nan,nan,nan,nan,nan,nan,nan,nan,nan,nan,nan,nan,nan,nan,nan,nan,nan,nan,nan,nan,nan,nan,nan,nan,nan
517,91929,0.09375291687767134,0.00033862018584196463,0.5333333333333333,0,211,0.5639810426540285,0.10900473933649289,0.018957345971563982,0.0995260663507109,0.0,0.6919431279620853,0.16587677725118483,0.14218009478672985,0.19555555555555557,0.36,0.5066666666666667,0.0025578067405149342,0.0022226203000172973,0.003926049196161329,0.085375,nan,nan,nan,nan,nan,nan,nan,nan,nan,nan,nan,nan,nan,nan,nan,nan,nan,nan,nan,nan,nan,nan,nan,nan,nan,nan,nan,nan,nan,nan,nan,nan,nan,nan,nan
518,92103,0.09125610989360672,-1.533884843111037,0.4177777777777778,0,174,0.5344827586206896,0.11494252873563218,0.017241379310344827,0.11494252873563218,0.0,0.6666666666666666,0.16666666666666666,0.16666666666666666,0.15555555555555556,0.26666666666666666,0.4088888888888889,0.0023943563224747776,0.0020255728508345784,0.004325905989389867,0.08525,nan,nan,nan,nan,nan,nan,nan,nan,nan,nan,nan,nan,nan,nan,nan,nan,nan,nan,nan,nan,nan,nan,nan,nan,nan,nan,nan,nan,nan,nan,nan,nan,nan,nan,nan
519,92291,0.08856643884949955,1.0211789107322635,0.5155555555555555,0,188,0.6117021276595744,0.13829787234042554,0.0,0.02127659574468085,0.0,0.75,0.16489361702127658,0.0851063829787234,0.18666666666666668,0.3422222222222222,0.4622222222222222,0.0028820292558521033,0.0024756721453741194,0.004773652052972466,0.08512499999999999,nan,nan,nan,nan,nan,nan,nan,nan,nan,nan,nan,nan,nan,nan,nan,nan,nan,nan,nan,nan,nan,nan,nan,nan,nan,nan,nan,nan,nan,nan,nan,nan,nan,nan,nan
520,92514,0.08538681711198678,0.5478005478382066,0.5911111111111111,0,223,0.5919282511210763,0.1031390134529148,0.008968609865470852,0.08071748878923767,0.0,0.7040358744394619,0.14798206278026907,0.14798206278026907,0.17333333333333334,0.3333333333333333,0.4311111111111111,0.0029611259931698443,0.0026386642013676463,0.0037936683045700194,0.08499999999999999,0.3714958288669547,0.5222222222222223,0.0,193.5,0.0,1.0,0.6085481763189222,0.11379965217531958,0.0,0.0675221282288757,0.0,0.7223478284942418,0.1609428207716322,0.1167093507341261,0.1831111111111111,0.3497777777777778,0.48,0.2086392236232729,0.512888888888889,0.0,192.9,0.0,1.0,0.5968272145423573,0.11248065377702203,0.0,0.0687729411439055,0.0,0.7093078683193794,0.17566856679959314,0.1150235648810275,0.18711111111111112,0.33999999999999997,0.4573333333333333,1.0355556779456134
521,92721,0.08244577773246906,-1.1724029798507691,0.4577777777777778,0,207,0.4927536231884058,0.12560386473429952,0.00966183574879227,0.13526570048309178,0.0,0.6280193236714976,0.21256038647342995,0.15942028985507245,0.18222222222222223,0.28888888888888886,0.43555555555555553,0.0027481781085953116,0.0023149044951424,0.005104843876324594,0.084875,nan,nan,nan,nan,nan,nan,nan,nan,nan,nan,nan,nan,nan,nan,nan,nan,nan,nan,nan,nan,nan,nan,nan,nan,nan,nan,nan,nan,nan,nan,nan,nan,nan,nan,nan
522,92963,0.07902017998107112,0.4462719917297273,0.5955555555555555,0,242,0.5495867768595041,0.1322314049586777,0.0,0.09090909090909091,0.0,0.6818181818181818,0.1859504132231405,0.1322314049586777,0.19111111111111112,0.3422222222222222,0.5022222222222222,0.002516020694747567,0.002168688247911632,0.004098317981697619,0.08475,nan,nan,nan,nan,nan,nan,nan,nan,nan,nan,nan,nan,nan,nan,nan,nan,nan,nan,nan,nan,nan,nan,nan,nan,nan,nan,nan,nan,nan,nan,nan,nan,nan,nan,nan
523,93147,0.07642474430155005,-3.051390287399292,0.27111111111111114,0,184,0.32608695652173914,0.2554347826086957,0.010869565217391304,0.15760869565217392,0.0,0.592391304347826,0.21195652173913043,0.1956521739130435,0.2,0.27111111111111114,0.27111111111111114,0.0028234376572072507,0.002487004641443491,0.0039755754405632615,0.08462499999999999,nan,nan,nan,nan,nan,nan,nan,nan,nan,nan,nan,nan,nan,nan,nan,nan,nan,nan,nan,nan,nan,nan,nan,nan,nan,nan,nan,nan,nan,nan,nan,nan,nan,nan,nan
524,93393,0.07296707462972365,-4.52827207303047,0.4622222222222222,0,246,0.4186991869918699,0.14227642276422764,0.06910569105691057,0.1016260162601626,0.0,0.6300813008130082,0.2886178861788618,0.08130081300813008,0.18666666666666668,0.3466666666666667,0.4533333333333333,0.0026025393046438692,0.0022026999620720746,0.004731826134957373,0.08449999999999999,nan,nan,nan,nan,nan,nan,nan,nan,nan,nan,nan,nan,nan,nan,nan,nan,nan,nan,nan,nan,nan,nan,nan,nan,nan,nan,nan,nan,nan,nan,nan,nan,nan,nan,nan
525,93573,0.07044597696830081,-0.0033881344795221313,0.49777777777777776,0,180,0.6166666666666667,0.11666666666666667,0.016666666666666666,0.044444444444444446,0.0,0.75,0.12777777777777777,0.12222222222222222,0.17777777777777778,0.23555555555555555,0.4,0.0025934857316315175,0.00225786849623546,0.003977685386780649,0.084375,nan,nan,nan,nan,nan,nan,nan,nan,nan,nan,nan,nan,nan,nan,nan,nan,nan,nan,nan,nan,nan,nan,nan,nan,nan,nan,nan,nan,nan,nan,nan,nan,nan,nan,nan
526,93813,0.06709618654732932,-0.704938763856892,0.56,0,240,0.5208333333333334,0.1375,0.0125,0.08333333333333333,0.0,0.6708333333333333,0.15,0.17916666666666667,0.17333333333333334,0.3244444444444444,0.4577777777777778,0.002582862973213196,0.002302535984199494,0.0033273233450017868,0.08425,nan,nan,nan,nan,nan,nan,nan,nan,nan,nan,nan,nan,nan,nan,nan,nan,nan,nan,nan,nan,nan,nan,nan,nan,nan,nan,nan,nan,nan,nan,nan,nan,nan,nan,nan
527,94039,0.06395396394865939,1.4550866308212211,0.6488888888888888,0,226,0.6415929203539823,0.11061946902654868,0.0,0.05752212389380531,0.0,0.7522123893805309,0.12831858407079647,0.11946902654867257,0.19111111111111112,0.35555555555555557,0.4533333333333333,0.0023547437274828555,0.0020680669927969574,0.003407747240271419,0.084125,nan,nan,nan,nan,nan,nan,nan,nan,nan,nan,nan,nan,nan,nan,nan,nan,nan,nan,nan,nan,nan,nan,nan,nan,nan,nan,nan,nan,nan,nan,nan,nan,nan,nan,nan
528,94215,0.061515072985993784,1.33346711540222,0.5555555555555556,0,176,0.7045454545454546,0.06818181818181818,0.0,0.028409090909090908,0.0,0.7727272727272727,0.09090909090909091,0.13636363636363635,0.17777777777777778,0.3377777777777778,0.48444444444444446,0.002844620053656399,0.002517356036696583,0.0038959999335929753,0.08399999999999999,nan,nan,nan,nan,nan,nan,nan,nan,nan,nan,nan,nan,nan,nan,nan,nan,nan,nan,nan,nan,nan,nan,nan,nan,nan,nan,nan,nan,nan,nan,nan,nan,nan,nan,nan
529,94445,0.05833861375735497,-1.086135755777359,0.6133333333333333,0,230,0.5956521739130435,0.08260869565217391,0.04782608695652174,0.06086956521739131,0.0,0.7260869565217392,0.08695652173913043,0.18695652173913044,0.19555555555555557,0.29333333333333333,0.40444444444444444,0.0027971782721579073,0.0023368119262158872,0.005488718999549747,0.083875,nan,nan,nan,nan,nan,nan,nan,nan,nan,nan,nan,nan,nan,nan,nan,nan,nan,nan,nan,nan,nan,nan,nan,nan,nan,nan,nan,nan,nan,nan,nan,nan,nan,nan,nan
530,94664,0.055325339407505766,2.6590577051639475,0.7066666666666667,0,219,0.7214611872146118,0.0730593607305936,0.0091324200913242,0.0319634703196347,0.0,0.8036529680365296,0.0639269406392694,0.1324200913242009,0.20444444444444446,0.37777777777777777,0.5422222222222223,0.002610308863222599,0.0021655319025740026,0.0053107690997421745,0.08375,nan,nan,nan,nan,nan,nan,nan,nan,nan,nan,nan,nan,nan,nan,nan,nan,nan,nan,nan,nan,nan,nan,nan,nan,nan,nan,nan,nan,nan,nan,nan,nan,nan,nan,nan
531,94912,0.05192627931871873,-1.0946614851951648,0.5377777777777778,0,248,0.4838709677419355,0.16532258064516128,0.008064516129032258,0.11693548387096774,0.0,0.657258064516129,0.1975806451612903,0.14516129032258066,0.18666666666666668,0.32,0.47555555555555556,0.0025176551192998887,0.0021619445527903737,0.004253638489171862,0.083625,nan,nan,nan,nan,nan,nan,nan,nan,nan,nan,nan,nan,nan,nan,nan,nan,nan,nan,nan,nan,nan,nan,nan,nan,nan,nan,nan,nan,nan,nan,nan,nan,nan,nan,nan
532,95120,0.05091373902753081,0.15451422691344652,0.5111111111111111,0,208,0.5480769230769231,0.16346153846153846,0.004807692307692308,0.0625,0.0,0.7163461538461539,0.14423076923076922,0.13942307692307693,0.18666666666666668,0.3422222222222222,0.48,0.0026976604713127017,0.0023271293146535756,0.004437498725019395,0.08349999999999999,nan,nan,nan,nan,nan,nan,nan,nan,nan,nan,nan,nan,nan,nan,nan,nan,nan,nan,nan,nan,nan,nan,nan,nan,nan,nan,nan,nan,nan,nan,nan,nan,nan,nan,nan
533,95280,0.05309167739095734,1.912184319496145,0.5244444444444445,0,160,0.73125,0.0125,0.00625,0.0375,0.00625,0.75,0.09375,0.15625,0.19555555555555557,0.3333333333333333,0.5022222222222222,0.0029797529568895698,0.002664302312768996,0.003783516027033329,0.083375,nan,nan,nan,nan,nan,nan,nan,nan,nan,nan,nan,nan,nan,nan,nan,nan,nan,nan,nan,nan,nan,nan,nan,nan,nan,nan,nan,nan,nan,nan,nan,nan,nan,nan,nan
534,95496,0.056022687216233845,-2.4058083999156956,0.4577777777777778,0,216,0.4722222222222222,0.125,0.041666666666666664,0.1388888888888889,0.0,0.6388888888888888,0.09722222222222222,0.2638888888888889,0.19555555555555557,0.3333333333333333,0.4488888888888889,0.0030239362851716576,0.0027058599633164706,0.003820736170746386,0.08325,nan,nan,nan,nan,nan,nan,nan,nan,nan,nan,nan,nan,nan,nan,nan,nan,nan,nan,nan,nan,nan,nan,nan,nan,nan,nan,nan,nan,nan,nan,nan,nan,nan,nan,nan
535,95662,0.0582680501345613,0.7265489251613537,0.47555555555555556,0,166,0.6385542168674698,0.06626506024096386,0.006024096385542169,0.10240963855421686,0.0,0.7108433734939759,0.0963855421686747,0.1927710843373494,0.19111111111111112,0.3466666666666667,0.4666666666666667,0.0027844076743349434,0.0023902524495497345,0.004741716920398176,0.083125,nan,nan,nan,nan,nan,nan,nan,nan,nan,nan,nan,nan,nan,nan,nan,nan,nan,nan,nan,nan,nan,nan,nan,nan,nan,nan,nan,nan,nan,nan,nan,nan,nan,nan,nan
536,95848,0.060776550811258025,1.637911040782921,0.5644444444444444,0,186,0.6774193548387096,0.06989247311827956,0.0,0.03763440860215054,0.0,0.7473118279569892,0.10752688172043011,0.14516129032258066,0.19555555555555557,0.3688888888888889,0.4888888888888889,0.0028049933491274713,0.0023888489580713213,0.0050137885846197605,0.08299999999999999,nan,nan,nan,nan,nan,nan,nan,nan,nan,nan,nan,nan,nan,nan,nan,nan,nan,nan,nan,nan,nan,nan,nan,nan,nan,nan,nan,nan,nan,nan,nan,nan,nan,nan,nan
537,96028,0.06319671465413361,-2.3083820080757143,0.35555555555555557,0,180,0.4388888888888889,0.2,0.022222222222222223,0.08888888888888889,0.0,0.6611111111111111,0.20555555555555555,0.13333333333333333,0.17777777777777778,0.28444444444444444,0.29777777777777775,0.0024951547966338694,0.0021849432843737302,0.0037431256379932163,0.082875,nan,nan,nan,nan,nan,nan,nan,nan,nan,nan,nan,nan,nan,nan,nan,nan,nan,nan,nan,nan,nan,nan,nan,nan,nan,nan,nan,nan,nan,nan,nan,nan,nan,nan,nan
538,96197,0.0654623537048105,1.2986668655872342,0.52,0,169,0.6863905325443787,0.08875739644970414,0.01775147928994083,0.04142011834319527,0.0,0.7928994082840237,0.1242603550295858,0.08284023668639054,0.14666666666666667,0.3111111111111111,0.4666666666666667,0.0027887178817763924,0.0024986046832054854,0.0035058998502790926,0.08275,nan,nan,nan,nan,nan,nan,nan,nan,nan,nan,nan,nan,nan,nan,nan,nan,nan,nan,nan,nan,nan,nan,nan,nan,nan,nan,nan,nan,nan,nan,nan,nan,nan,nan,nan
539,96393,0.06808194025248775,1.4566620006561188,0.5822222222222222,0,196,0.6632653061224489,0.10204081632653061,0.00510204081632653,0.030612244897959183,0.0,0.7704081632653061,0.12755102040816327,0.10204081632653061,0.19555555555555557,0.3511111111111111,0.4888888888888889,0.002432191953994334,0.002153505163732916,0.0033729108865372835,0.082625,nan,nan,nan,nan,nan,nan,nan,nan,nan,nan,nan,nan,nan,nan,nan,nan,nan,nan,nan,nan,nan,nan,nan,nan,nan,nan,nan,nan,nan,nan,nan,nan,nan,nan,nan
540,96597,0.07079932432273935,0.45407989931106285,0.5466666666666666,0,204,0.5980392156862745,0.10294117647058823,0.024509803921568627,0.04411764705882353,0.0,0.7254901960784313,0.16176470588235295,0.11274509803921569,0.19555555555555557,0.3111111111111111,0.4444444444444444,0.0025385099463164805,0.002285959688015282,0.0030612150207161904,0.08249999999999999,0.3071363721132242,0.5342222222222223,0.0,203.3,0.0,1.0,0.589023095396968,0.11955633294650539,0.009056118934213691,0.04951357681407069,0.0,0.717635547277687,0.16266015259842725,0.11970430012388575,0.1831111111111111,0.34177777777777774,0.46533333333333343,1.0250026606798117,0.5768888888888889,0.0,202.4,0.0,1.0,0.6407604010711258,0.10956530070130328,0.003967650732399153,0.03461493276541065,0.0,0.7542933525048283,0.14369558726049697,0.1020110602346747,0.18977777777777777,0.35644444444444445,0.488,1.030493550773482
541,96787,0.07332187112345624,2.2335364441871564,0.6222222222222222,0,190,0.7315789473684211,0.05789473684210526,0.0,0.010526315789473684,0.0,0.7894736842105263,0.11052631578947368,0.1,0.18666666666666668,0.38222222222222224,0.5155555555555555,0.00252821936737746,0.0021814976469613613,0.004209064971655607,0.082375,nan,nan,nan,nan,nan,nan,nan,nan,nan,nan,nan,nan,nan,nan,nan,nan,nan,nan,nan,nan,nan,nan,nan,nan,nan,nan,nan,nan,nan,nan,nan,nan,nan,nan,nan
542,96995,0.07607418523179452,-0.3555393798351284,0.5022222222222222,0,208,0.5384615384615384,0.14423076923076922,0.009615384615384616,0.08653846153846154,0.0,0.6923076923076923,0.125,0.18269230769230768,0.14222222222222222,0.14222222222222222,0.31555555555555553,0.00250125986058265,0.0020515752956271173,0.0054672897793352606,0.08225,nan,nan,nan,nan,nan,nan,nan,nan,nan,nan,nan,nan,nan,nan,nan,nan,nan,nan,nan,nan,nan,nan,nan,nan,nan,nan,nan,nan,nan,nan,nan,nan,nan,nan,nan
543,97193,0.0786852545634837,-1.9267936525344824,0.43555555555555553,0,198,0.4898989898989899,0.13131313131313133,0.010101010101010102,0.1414141414141414,0.0,0.6313131313131313,0.17676767676767677,0.1919191919191919,0.16444444444444445,0.29333333333333333,0.4222222222222222,0.0025248188991099595,0.002204738080035895,0.0038974834838882088,0.082125,nan,nan,nan,nan,nan,nan,nan,nan,nan,nan,nan,nan,nan,nan,nan,nan,nan,nan,nan,nan,nan,nan,nan,nan,nan,nan,nan,nan,nan,nan,nan,nan,nan,nan,nan
544,97386,0.08122203336379046,-0.25147167372703483,0.5288888888888889,0,193,0.6113989637305699,0.046632124352331605,0.05181347150259067,0.08290155440414508,0.0,0.7098445595854922,0.09326424870466321,0.19689119170984457,0.18666666666666668,0.30666666666666664,0.4177777777777778,0.0025012619094923138,0.0021872852346859874,0.003828983590938151,0.08199999999999999,nan,nan,nan,nan,nan,nan,nan,nan,nan,nan,nan,nan,nan,nan,nan,nan,nan,nan,nan,nan,nan,nan,nan,nan,nan,nan,nan,nan,nan,nan,nan,nan,nan,nan,nan
545,97592,0.08392060633306955,-1.4257286117076924,0.4888888888888889,0,206,0.529126213592233,0.1262135922330097,0.05339805825242718,0.07766990291262135,0.0,0.7087378640776699,0.13592233009708737,0.1553398058252427,0.18666666666666668,0.3333333333333333,0.48444444444444446,0.00265819258056581,0.002189414564054459,0.005725533177610487,0.081875,nan,nan,nan,nan,nan,nan,nan,nan,nan,nan,nan,nan,nan,nan,nan,nan,nan,nan,nan,nan,nan,nan,nan,nan,nan,nan,nan,nan,nan,nan,nan,nan,nan,nan,nan
546,97731,0.08573620417151993,1.2947092590331994,0.4622222222222222,0,139,0.7410071942446043,0.04316546762589928,0.007194244604316547,0.03597122302158273,0.0,0.7913669064748201,0.14388489208633093,0.06474820143884892,0.20444444444444446,0.3511111111111111,nan,0.0028784638969227673,0.002521505218464881,0.004366466915234924,0.08175,nan,nan,nan,nan,nan,nan,nan,nan,nan,nan,nan,nan,nan,nan,nan,nan,nan,nan,nan,nan,nan,nan,nan,nan,nan,nan,nan,nan,nan,nan,nan,nan,nan,nan,nan
547,97946,0.0885361364212569,1.0203990592956484,0.5911111111111111,0,215,0.6139534883720931,0.12093023255813953,0.004651162790697674,0.05116279069767442,0.0,0.7395348837209302,0.11627906976744186,0.14418604651162792,0.19555555555555557,0.32,0.4666666666666667,0.00307060731574893,0.0026925601065158843,0.004631512518972159,0.081625,nan,nan,nan,nan,nan,nan,nan,nan,nan,nan,nan,nan,nan,nan,nan,nan,nan,nan,nan,nan,nan,nan,nan,nan,nan,nan,nan,nan,nan,nan,nan,nan,nan,nan,nan
548,98182,0.09159787904393966,-3.0958154001235956,0.4711111111111111,0,236,0.4449152542372881,0.1440677966101695,0.00423728813559322,0.19491525423728814,0.0,0.5932203389830508,0.2288135593220339,0.17796610169491525,0.17777777777777778,0.3111111111111111,0.4266666666666667,0.0034829012118279936,0.0031137875281274318,0.004529001843184233,0.08149999999999999,nan,nan,nan,nan,nan,nan,nan,nan,nan,nan,nan,nan,nan,nan,nan,nan,nan,nan,nan,nan,nan,nan,nan,nan,nan,nan,nan,nan,nan,nan,nan,nan,nan,nan,nan
549,98374,0.09407980138963166,-1.5984735541343689,0.41333333333333333,0,192,0.4791666666666667,0.125,0.036458333333333336,0.13020833333333334,0.0,0.640625,0.16145833333333334,0.19791666666666666,0.1688888888888889,0.27555555555555555,0.3244444444444444,0.003786735632456839,0.00350290845381096,0.0034878910053521396,0.081375,nan,nan,nan,nan,nan,nan,nan,nan,nan,nan,nan,nan,nan,nan,nan,nan,nan,nan,nan,nan,nan,nan,nan,nan,nan,nan,nan,nan,nan,nan,nan,nan,nan,nan,nan
550,98600,0.09699092787856271,-0.427667942523963,0.56,0,226,0.5530973451327433,0.18141592920353983,0.017699115044247787,0.04424778761061947,0.0,0.7522123893805309,0.08849557522123894,0.1592920353982301,0.2,0.38222222222222224,0.52,0.003441362758167088,0.003058096894528717,0.004717118525877595,0.08125,nan,nan,nan,nan,nan,nan,nan,nan,nan,nan,nan,nan,nan,nan,nan,nan,nan,nan,nan,nan,nan,nan,nan,nan,nan,nan,nan,nan,nan,nan,nan,nan,nan,nan,nan
551,98776,0.09925030259453112,0.6222963049411774,0.5244444444444445,0,176,0.6647727272727273,0.09659090909090909,0.005681818181818182,0.022727272727272728,0.0,0.7670454545454546,0.1534090909090909,0.07954545454545454,0.17777777777777778,0.3244444444444444,0.4444444444444444,0.003134296019561589,0.0027909173630177976,0.004232711344957352,0.081125,nan,nan,nan,nan,nan,nan,nan,nan,nan,nan,nan,nan,nan,nan,nan,nan,nan,nan,nan,nan,nan,nan,nan,nan,nan,nan,nan,nan,nan,nan,nan,nan,nan,nan,nan
552,99008,0.10221829877193211,-0.4884555368423499,0.5422222222222223,0,232,0.521551724137931,0.2025862068965517,0.008620689655172414,0.05172413793103448,0.0,0.7327586206896551,0.15086206896551724,0.11637931034482758,0.18222222222222223,0.3022222222222222,0.4666666666666667,0.003322743624448776,0.002925752243027091,0.004901129007339478,0.081,nan,nan,nan,nan,nan,nan,nan,nan,nan,nan,nan,nan,nan,nan,nan,nan,nan,nan,nan,nan,nan,nan,nan,nan,nan,nan,nan,nan,nan,nan,nan,nan,nan,nan,nan
553,99229,0.10503473698093482,-0.045736404895785565,0.5511111111111111,0,221,0.5565610859728507,0.13122171945701358,0.013574660633484163,0.06334841628959276,0.0,0.7013574660633484,0.16289592760180996,0.13574660633484162,0.1688888888888889,0.3422222222222222,0.49333333333333335,0.0025465814396739006,0.002275516220834106,0.003351656103041023,0.080875,nan,nan,nan,nan,nan,nan,nan,nan,nan,nan,nan,nan,nan,nan,nan,nan,nan,nan,nan,nan,nan,nan,nan,nan,nan,nan,nan,nan,nan,nan,nan,nan,nan,nan,nan
554,99443,0.1077519208611559,1.4640851817131024,0.6577777777777778,0,214,0.6869158878504673,0.08411214953271028,0.004672897196261682,0.018691588785046728,0.0,0.7757009345794392,0.08411214953271028,0.14018691588785046,0.19111111111111112,0.36444444444444446,0.5022222222222222,0.0026010779780335723,0.00226866154698655,0.0041166122537106276,0.08075,nan,nan,nan,nan,nan,nan,nan,nan,nan,nan,nan,nan,nan,nan,nan,nan,nan,nan,nan,nan,nan,nan,nan,nan,nan,nan,nan,nan,nan,nan,nan,nan,nan,nan,nan
555,99643,0.11028243337634633,1.2651167006492545,0.5777777777777777,0,200,0.645,0.09,0.005,0.04,0.0,0.74,0.125,0.135,0.17777777777777778,0.3333333333333333,0.4888888888888889,0.0024817715864628555,0.002184457564726472,0.0036876157158985735,0.080625,nan,nan,nan,nan,nan,nan,nan,nan,nan,nan,nan,nan,nan,nan,nan,nan,nan,nan,nan,nan,nan,nan,nan,nan,nan,nan,nan,nan,nan,nan,nan,nan,nan,nan,nan
556,99880,0.11326997407699557,0.30378930950164107,0.5911111111111111,0,237,0.5569620253164557,0.1518987341772152,0.012658227848101266,0.0759493670886076,0.0,0.7215189873417721,0.08860759493670886,0.189873417721519,0.19111111111111112,0.35555555555555557,0.4311111111111111,0.002462064102292061,0.0021654854877851903,0.00368420637678355,0.0805,nan,nan,nan,nan,nan,nan,nan,nan,nan,nan,nan,nan,nan,nan,nan,nan,nan,nan,nan,nan,nan,nan,nan,nan,nan,nan,nan,nan,nan,nan,nan,nan,nan,nan,nan
557,100091,0.11591964902676362,-0.6597369928360025,0.49333333333333335,0,211,0.5213270142180095,0.15165876777251186,0.014218009478672985,0.08530805687203792,0.0,0.6872037914691943,0.07582938388625593,0.23696682464454977,0.19111111111111112,0.36444444444444446,0.4488888888888889,0.0027754477225244044,0.002384302602149546,0.004866502224467694,0.080375,nan,nan,nan,nan,nan,nan,nan,nan,nan,nan,nan,nan,nan,nan,nan,nan,nan,nan,nan,nan,nan,nan,nan,nan,nan,nan,nan,nan,nan,nan,nan,nan,nan,nan,nan
558,100286,0.11835994890566216,2.403150413751591,0.6311111111111111,0,195,0.7230769230769231,0.05128205128205128,0.0,0.035897435897435895,0.0,0.7743589743589744,0.09743589743589744,0.1282051282051282,0.2,0.36444444444444446,0.5111111111111111,0.0031235499773174524,0.002800112357363105,0.004030375427100807,0.08025,nan,nan,nan,nan,nan,nan,nan,nan,nan,nan,nan,nan,nan,nan,nan,nan,nan,nan,nan,nan,nan,nan,nan,nan,nan,nan,nan,nan,nan,nan,nan,nan,nan,nan,nan
559,100494,0.12095400978097229,0.0013447513580340242,0.5333333333333333,0,208,0.5721153846153846,0.11057692307692307,0.019230769230769232,0.08653846153846154,0.0,0.7019230769230769,0.12980769230769232,0.16826923076923078,0.1688888888888889,0.29777777777777775,0.36444444444444446,0.0027345852926373483,0.0023603424429893493,0.004670737707056105,0.080125,nan,nan,nan,nan,nan,nan,nan,nan,nan,nan,nan,nan,nan,nan,nan,nan,nan,nan,nan,nan,nan,nan,nan,nan,nan,nan,nan,nan,nan,nan,nan,nan,nan,nan,nan
560,100709,0.12362571196081645,0.569153062105179,0.6311111111111111,0,215,0.6558139534883721,0.07441860465116279,0.023255813953488372,0.013953488372093023,0.0,0.7534883720930232,0.09767441860465116,0.14883720930232558,0.1688888888888889,0.3111111111111111,0.4488888888888889,0.002647498552687466,0.002292549586854875,0.004436862166039645,0.08,0.8715621583938556,0.5404444444444444,0.0,190.9,0.0,1.0,0.631431233871429,0.0997725280883924,0.004209041471904498,0.05348787027225057,0.0,0.735412803431726,0.1043579071733386,0.16022928939493547,0.17777777777777778,0.33422222222222225,0.46799999999999997,0.7069097620725586,0.5417777777777778,0.0,191.8,0.0,1.0,0.632729953840989,0.08867980522131981,0.0015161502966381016,0.05305615245835924,0.0,0.7229259093589468,0.12339271180538029,0.15368137883567284,0.1808888888888889,0.336,0.46711111111111114,1.0556889029266656
561,100943,0.1265223902557,1.7300265438556597,0.6488888888888888,0,234,0.6196581196581197,0.10256410256410256,0.0,0.03418803418803419,0.0,0.7222222222222222,0.10683760683760683,0.17094017094017094,0.2,0.36,0.5111111111111111,0.00256441964302212,0.0022659454261884093,0.0037367667304351927,0.079875,nan,nan,nan,nan,nan,nan,nan,nan,nan,nan,nan,nan,nan,nan,nan,nan,nan,nan,nan,nan,nan,nan,nan,nan,nan,nan,nan,nan,nan,nan,nan,nan,nan,nan,nan
562,101118,0.12699466072032628,2.2847536139488134,0.56,0,175,0.7142857142857143,0.03428571428571429,0.011428571428571429,0.017142857142857144,0.0,0.76,0.14857142857142858,0.09142857142857143,0.18666666666666668,0.3288888888888889,0.47555555555555556,0.0031214840477332474,0.0027680939878337086,0.004431223578285426,0.07975,nan,nan,nan,nan,nan,nan,nan,nan,nan,nan,nan,nan,nan,nan,nan,nan,nan,nan,nan,nan,nan,nan,nan,nan,nan,nan,nan,nan,nan,nan,nan,nan,nan,nan,nan
563,101311,0.12437116492174245,1.826716735839839,0.64,0,193,0.7409326424870466,0.07772020725388601,0.0051813471502590676,0.0051813471502590676,0.0,0.8238341968911918,0.07253886010362694,0.10362694300518134,0.19111111111111112,0.35555555555555557,0.5155555555555555,0.0026809755945578218,0.002410263498313725,0.003399837564211339,0.079625,nan,nan,nan,nan,nan,nan,nan,nan,nan,nan,nan,nan,nan,nan,nan,nan,nan,nan,nan,nan,nan,nan,nan,nan,nan,nan,nan,nan,nan,nan,nan,nan,nan,nan,nan
564,101521,0.12152593638470581,-0.587981212854388,0.5244444444444445,0,210,0.5571428571428572,0.08571428571428572,0.004761904761904762,0.10952380952380952,0.0,0.6476190476190476,0.1523809523809524,0.2,0.1688888888888889,0.3288888888888889,0.4666666666666667,0.002621446247212589,0.002271145605482161,0.004406297323293984,0.0795,nan,nan,nan,nan,nan,nan,nan,nan,nan,nan,nan,nan,nan,nan,nan,nan,nan,nan,nan,nan,nan,nan,nan,nan,nan,nan,nan,nan,nan,nan,nan,nan,nan,nan,nan
565,101716,0.1188926443594202,-0.5198002686500571,0.4488888888888889,0,195,0.5128205128205128,0.1794871794871795,0.015384615384615385,0.046153846153846156,0.0,0.7076923076923077,0.13333333333333333,0.15897435897435896,0.19111111111111112,0.3511111111111111,0.4488888888888889,0.0025459132506512106,0.0020380967878736557,0.006397687923163175,0.079375,nan,nan,nan,nan,nan,nan,nan,nan,nan,nan,nan,nan,nan,nan,nan,nan,nan,nan,nan,nan,nan,nan,nan,nan,nan,nan,nan,nan,nan,nan,nan,nan,nan,nan,nan
566,101903,0.11637524018104332,2.0273548705577777,0.5644444444444444,0,187,0.6737967914438503,0.10160427807486631,0.0,0.0106951871657754,0.0,0.7754010695187166,0.11229946524064172,0.11229946524064172,0.17777777777777778,0.3377777777777778,0.49333333333333335,0.0024971632286906243,0.0022373286075890063,0.00327867039013654,0.07925,nan,nan,nan,nan,nan,nan,nan,nan,nan,nan,nan,nan,nan,nan,nan,nan,nan,nan,nan,nan,nan,nan,nan,nan,nan,nan,nan,nan,nan,nan,nan,nan,nan,nan,nan
567,102092,0.11383870812155482,2.6252923328876423,0.6444444444444445,0,189,0.7619047619047619,0.042328042328042326,0.0,0.021164021164021163,0.0,0.8042328042328042,0.031746031746031744,0.164021164021164,0.19555555555555557,0.3688888888888889,0.5377777777777778,0.0023385822772979737,0.0020625305944122372,0.0034888049121946096,0.079125,nan,nan,nan,nan,nan,nan,nan,nan,nan,nan,nan,nan,nan,nan,nan,nan,nan,nan,nan,nan,nan,nan,nan,nan,nan,nan,nan,nan,nan,nan,nan,nan,nan,nan,nan
568,102327,0.11069572266982465,1.9109561653137122,0.6488888888888888,0,235,0.6170212765957447,0.12340425531914893,0.00425531914893617,0.01276595744680851,0.0,0.7446808510638298,0.10638297872340426,0.14893617021276595,0.18666666666666668,0.3466666666666667,0.48444444444444446,0.002540057059377432,0.0022326856153085826,0.00389077760046348,0.079,nan,nan,nan,nan,nan,nan,nan,nan,nan,nan,nan,nan,nan,nan,nan,nan,nan,nan,nan,nan,nan,nan,nan,nan,nan,nan,nan,nan,nan,nan,nan,nan,nan,nan,nan
569,102557,0.10763128116196176,-0.9985371544361181,0.49777777777777776,0,230,0.4826086956521739,0.16521739130434782,0.021739130434782608,0.06956521739130435,0.0,0.6695652173913044,0.13478260869565217,0.1956521739130435,0.18222222222222223,0.3466666666666667,0.4533333333333333,0.002589522558264434,0.0022600530413910747,0.00417710947804153,0.078875,nan,nan,nan,nan,nan,nan,nan,nan,nan,nan,nan,nan,nan,nan,nan,nan,nan,nan,nan,nan,nan,nan,nan,nan,nan,nan,nan,nan,nan,nan,nan,nan,nan,nan,nan
570,102789,0.10455185607775183,-0.7097983353137982,0.5822222222222222,0,232,0.5603448275862069,0.09913793103448276,0.04741379310344827,0.034482758620689655,0.0,0.7068965517241379,0.1206896551724138,0.1724137931034483,0.18222222222222223,0.3377777777777778,0.4577777777777778,0.0023168707848526537,0.0019800631562247872,0.004276921972632408,0.07875,nan,nan,nan,nan,nan,nan,nan,nan,nan,nan,nan,nan,nan,nan,nan,nan,nan,nan,nan,nan,nan,nan,nan,nan,nan,nan,nan,nan,nan,nan,nan,nan,nan,nan,nan
571,102973,0.1021178606700693,1.5405238263606968,0.5733333333333334,0,184,0.6956521739130435,0.03804347826086957,0.021739130434782608,0.03804347826086957,0.0,0.7554347826086957,0.125,0.11956521739130435,0.16444444444444445,0.3288888888888889,0.49333333333333335,0.002502364688552916,0.0022093515028245745,0.0037267175153829156,0.078625,nan,nan,nan,nan,nan,nan,nan,nan,nan,nan,nan,nan,nan,nan,nan,nan,nan,nan,nan,nan,nan,nan,nan,nan,nan,nan,nan,nan,nan,nan,nan,nan,nan,nan,nan
572,103142,0.09988874764336954,1.3823324122428882,0.5111111111111111,0,169,0.6745562130177515,0.10650887573964497,0.0,0.01775147928994083,0.0,0.7810650887573964,0.05917159763313609,0.15976331360946747,0.16,0.32,0.4444444444444444,0.002815050072968006,0.0024898053845390676,0.00414324386510998,0.0785,nan,nan,nan,nan,nan,nan,nan,nan,nan,nan,nan,nan,nan,nan,nan,nan,nan,nan,nan,nan,nan,nan,nan,nan,nan,nan,nan,nan,nan,nan,nan,nan,nan,nan,nan
573,103360,0.09702243614666894,1.5816079909801404,0.6177777777777778,0,218,0.6330275229357798,0.10550458715596331,0.0,0.05504587155963303,0.0,0.7385321100917431,0.0963302752293578,0.1651376146788991,0.18666666666666668,0.32,0.48,0.0023589534219354393,0.0020540627767331896,0.0038901517167687417,0.078375,nan,nan,nan,nan,nan,nan,nan,nan,nan,nan,nan,nan,nan,nan,nan,nan,nan,nan,nan,nan,nan,nan,nan,nan,nan,nan,nan,nan,nan,nan,nan,nan,nan,nan,nan
574,103583,0.09410097880739302,2.0833127145767114,0.6844444444444444,0,223,0.6860986547085202,0.07623318385650224,0.004484304932735426,0.03139013452914798,0.0,0.7668161434977578,0.08968609865470852,0.14349775784753363,0.19111111111111112,0.3688888888888889,0.5155555555555555,0.002584151132032275,0.002136600995436311,0.005719490419141948,0.07825,nan,nan,nan,nan,nan,nan,nan,nan,nan,nan,nan,nan,nan,nan,nan,nan,nan,nan,nan,nan,nan,nan,nan,nan,nan,nan,nan,nan,nan,nan,nan,nan,nan,nan,nan
575,103789,0.09141172916466758,0.9818690848350506,0.5733333333333334,0,206,0.6213592233009708,0.0825242718446602,0.0048543689320388345,0.07281553398058252,0.0,0.7087378640776699,0.12135922330097088,0.16990291262135923,0.17333333333333334,0.32,0.4088888888888889,0.003181790187954903,0.0027887097094208,0.005031430465169251,0.078125,nan,nan,nan,nan,nan,nan,nan,nan,nan,nan,nan,nan,nan,nan,nan,nan,nan,nan,nan,nan,nan,nan,nan,nan,nan,nan,nan,nan,nan,nan,nan,nan,nan,nan,nan
576,104014,0.08848483357999805,0.13495471715926666,0.56,0,225,0.5555555555555556,0.20444444444444446,0.0,0.013333333333333334,0.0,0.76,0.12444444444444444,0.11555555555555555,0.18666666666666668,0.37333333333333335,0.49777777777777776,0.0031191384186968207,0.0028208812698721887,0.0038238094886764882,0.078,nan,nan,nan,nan,nan,nan,nan,nan,nan,nan,nan,nan,nan,nan,nan,nan,nan,nan,nan,nan,nan,nan,nan,nan,nan,nan,nan,nan,nan,nan,nan,nan,nan,nan,nan
577,104180,0.08633237305103944,-0.25352238416671613,0.48,0,166,0.6445783132530121,0.04216867469879518,0.012048192771084338,0.0783132530120482,0.0,0.6987951807228916,0.1686746987951807,0.13253012048192772,0.1511111111111111,0.29333333333333333,0.43555555555555553,0.003663467196747661,0.003319336730055511,0.004419010668061674,0.077875,nan,nan,nan,nan,nan,nan,nan,nan,nan,nan,nan,nan,nan,nan,nan,nan,nan,nan,nan,nan,nan,nan,nan,nan,nan,nan,nan,nan,nan,nan,nan,nan,nan,nan,nan
578,104384,0.0836952289734964,0.74842080593109,0.5688888888888889,0,204,0.6225490196078431,0.08823529411764706,0.024509803921568627,0.024509803921568627,0.004901960784313725,0.7352941176470589,0.14215686274509803,0.12254901960784313,0.19111111111111112,0.3288888888888889,0.4444444444444444,0.0027961444342508913,0.002416270284447819,0.0048858411610126495,0.07775,nan,nan,nan,nan,nan,nan,nan,nan,nan,nan,nan,nan,nan,nan,nan,nan,nan,nan,nan,nan,nan,nan,nan,nan,nan,nan,nan,nan,nan,nan,nan,nan,nan,nan,nan
579,104598,0.08093832823923745,1.4194079174995358,0.5777777777777777,0,214,0.602803738317757,0.09345794392523364,0.004672897196261682,0.056074766355140186,0.0,0.7009345794392523,0.19158878504672897,0.10747663551401869,0.16,0.3111111111111111,0.4444444444444444,0.0030246077803894877,0.0025920035084709527,0.0055730021325871345,0.077625,nan,nan,nan,nan,nan,nan,nan,nan,nan,nan,nan,nan,nan,nan,nan,nan,nan,nan,nan,nan,nan,nan,nan,nan,nan,nan,nan,nan,nan,nan,nan,nan,nan,nan,nan
580,104764,0.07880649140440904,1.3845682039260812,0.4888888888888889,0,166,0.6566265060240963,0.05421686746987952,0.0,0.05421686746987952,0.0,0.7108433734939759,0.09036144578313253,0.19879518072289157,0.18666666666666668,0.3333333333333333,0.4444444444444444,0.0024875523755326866,0.002068379695992917,0.005408679496031255,0.0775,1.2604653427362391,0.5644444444444444,0.0,187.8,0.0,1.0,0.6762832757520003,0.10977344986428017,0.0029406405279800325,0.02255570916406892,0.0,0.7889973661442606,0.07571259243539383,0.1352900414203456,0.19022222222222224,0.36266666666666664,0.49377777777777787,0.9787296651363316,0.5751111111111111,0.0,195.6,0.0,1.0,0.6588927883556964,0.11205326821851405,0.008414181539780328,0.027608426123907903,0.0,0.7793602381139909,0.08587694577655536,0.1347628161094538,0.19244444444444447,0.3568888888888889,0.4964444444444444,1.1191873981555414
581,104972,0.0761435088153411,0.8199339988231622,0.5822222222222222,0,208,0.625,0.14423076923076922,0.004807692307692308,0.028846153846153848,0.0,0.7740384615384616,0.10096153846153846,0.125,0.18666666666666668,0.3511111111111111,0.4888888888888889,0.0023880265187472107,0.0020505122025497257,0.004362059035338461,0.077375,nan,nan,nan,nan,nan,nan,nan,nan,nan,nan,nan,nan,nan,nan,nan,nan,nan,nan,nan,nan,nan,nan,nan,nan,nan,nan,nan,nan,nan,nan,nan,nan,nan,nan,nan
582,105212,0.07308218910420125,-2.034109193325045,0.4888888888888889,0,240,0.45416666666666666,0.2,0.016666666666666666,0.11666666666666667,0.0,0.6708333333333333,0.1625,0.16666666666666666,0.19111111111111112,0.3511111111111111,0.40444444444444444,0.0024307855521328746,0.002054408844560385,0.0048721907660365105,0.07725,nan,nan,nan,nan,nan,nan,nan,nan,nan,nan,nan,nan,nan,nan,nan,nan,nan,nan,nan,nan,nan,nan,nan,nan,nan,nan,nan,nan,nan,nan,nan,nan,nan,nan,nan
583,105425,0.07037542771404681,0.7946139926910356,0.5822222222222222,0,213,0.6103286384976526,0.15492957746478872,0.023474178403755867,0.04225352112676056,0.0,0.7887323943661971,0.13145539906103287,0.07981220657276995,0.19555555555555557,0.38666666666666666,0.44,0.0025282950140535832,0.0022588016232475638,0.0034942420898005366,0.077125,nan,nan,nan,nan,nan,nan,nan,nan,nan,nan,nan,nan,nan,nan,nan,nan,nan,nan,nan,nan,nan,nan,nan,nan,nan,nan,nan,nan,nan,nan,nan,nan,nan,nan,nan
584,105569,0.06855090413268035,0.282209774255753,0.4088888888888889,0,144,0.6319444444444444,0.10416666666666667,0.0,0.05555555555555555,0.0,0.7361111111111112,0.10416666666666667,0.1597222222222222,0.19555555555555557,0.31555555555555553,nan,0.0023214530665427446,0.0021042193635366856,0.0028212170233018695,0.077,nan,nan,nan,nan,nan,nan,nan,nan,nan,nan,nan,nan,nan,nan,nan,nan,nan,nan,nan,nan,nan,nan,nan,nan,nan,nan,nan,nan,nan,nan,nan,nan,nan,nan,nan
585,105744,0.06633945176280616,0.3801845886707287,0.48,0,175,0.6114285714285714,0.08571428571428572,0.005714285714285714,0.05714285714285714,0.0,0.7028571428571428,0.14857142857142858,0.14857142857142858,0.18666666666666668,0.3377777777777778,0.4444444444444444,0.002648149570450187,0.002344694524072111,0.003947382257319987,0.076875,nan,nan,nan,nan,nan,nan,nan,nan,nan,nan,nan,nan,nan,nan,nan,nan,nan,nan,nan,nan,nan,nan,nan,nan,nan,nan,nan,nan,nan,nan,nan,nan,nan,nan,nan
586,105937,0.06390796337435303,-1.1035555188655843,0.4622222222222222,0,193,0.533678756476684,0.11917098445595854,0.046632124352331605,0.08290155440414508,0.0,0.6994818652849741,0.17098445595854922,0.12953367875647667,0.17777777777777778,0.19111111111111112,0.3422222222222222,0.002402154286392033,0.0021744247991591693,0.0029671590775251387,0.07675,nan,nan,nan,nan,nan,nan,nan,nan,nan,nan,nan,nan,nan,nan,nan,nan,nan,nan,nan,nan,nan,nan,nan,nan,nan,nan,nan,nan,nan,nan,nan,nan,nan,nan,nan
587,106113,0.06169742399710983,0.17137856149673558,0.4711111111111111,0,176,0.5965909090909091,0.11931818181818182,0.03409090909090909,0.03977272727272727,0.0,0.75,0.13068181818181818,0.11931818181818182,0.17333333333333334,0.26666666666666666,0.41333333333333333,0.0027131160255521535,0.002456803119275719,0.003345029754564166,0.076625,nan,nan,nan,nan,nan,nan,nan,nan,nan,nan,nan,nan,nan,nan,nan,nan,nan,nan,nan,nan,nan,nan,nan,nan,nan,nan,nan,nan,nan,nan,nan,nan,nan,nan,nan
588,106271,0.05971845684425974,-0.05900291609764352,0.4711111111111111,0,158,0.6645569620253164,0.11392405063291139,0.0,0.04430379746835443,0.006329113924050633,0.7784810126582279,0.10759493670886076,0.11392405063291139,0.19111111111111112,0.35555555555555557,0.4666666666666667,0.002990623889490962,0.002669035911094397,0.004203764721751213,0.0765,nan,nan,nan,nan,nan,nan,nan,nan,nan,nan,nan,nan,nan,nan,nan,nan,nan,nan,nan,nan,nan,nan,nan,nan,nan,nan,nan,nan,nan,nan,nan,nan,nan,nan,nan
589,106466,0.05728321164004065,-0.09078317451477025,0.5422222222222223,0,195,0.6205128205128205,0.06666666666666667,0.0,0.07179487179487179,0.0,0.6871794871794872,0.1794871794871795,0.13333333333333333,0.16444444444444445,0.32,0.4622222222222222,0.0022737103747203944,0.0019884923473000526,0.0037344427080824973,0.076375,nan,nan,nan,nan,nan,nan,nan,nan,nan,nan,nan,nan,nan,nan,nan,nan,nan,nan,nan,nan,nan,nan,nan,nan,nan,nan,nan,nan,nan,nan,nan,nan,nan,nan,nan
590,106665,0.05480613924827486,0.5352421391010258,0.5955555555555555,0,199,0.6683417085427136,0.09045226130653267,0.010050251256281407,0.02512562814070352,0.0,0.7688442211055276,0.07035175879396985,0.16080402010050251,0.18666666666666668,0.3377777777777778,0.4666666666666667,0.002362348069436848,0.001998356031253934,0.004773665778338909,0.07625,nan,nan,nan,nan,nan,nan,nan,nan,nan,nan,nan,nan,nan,nan,nan,nan,nan,nan,nan,nan,nan,nan,nan,nan,nan,nan,nan,nan,nan,nan,nan,nan,nan,nan,nan
591,106863,0.05234964168784108,1.0581107454299867,0.5644444444444444,0,198,0.6363636363636364,0.11616161616161616,0.010101010101010102,0.045454545454545456,0.0,0.7626262626262627,0.12121212121212122,0.11616161616161616,0.1688888888888889,0.3333333333333333,0.48,0.002170617366209626,0.0019044935004785656,0.0034958794713020325,0.076125,nan,nan,nan,nan,nan,nan,nan,nan,nan,nan,nan,nan,nan,nan,nan,nan,nan,nan,nan,nan,nan,nan,nan,nan,nan,nan,nan,nan,nan,nan,nan,nan,nan,nan,nan
592,107048,0.05006173742406255,-3.134687252283096,0.4222222222222222,0,185,0.5081081081081081,0.13513513513513514,0.005405405405405406,0.11351351351351352,0.0,0.6486486486486487,0.1783783783783784,0.17297297297297298,0.17333333333333334,0.3333333333333333,0.4222222222222222,0.0028583904495462775,0.002460059686563909,0.005241194111295045,0.076,nan,nan,nan,nan,nan,nan,nan,nan,nan,nan,nan,nan,nan,nan,nan,nan,nan,nan,nan,nan,nan,nan,nan,nan,nan,nan,nan,nan,nan,nan,nan,nan,nan,nan,nan
593,107287,0.052883562627596165,-0.8860413932800344,0.49333333333333335,0,239,0.4602510460251046,0.1799163179916318,0.008368200836820083,0.09205020920502092,0.0,0.6485355648535565,0.13807531380753138,0.21338912133891214,0.17777777777777778,0.31555555555555553,0.43555555555555553,0.002771562768612057,0.002482503023929894,0.003809683583676815,0.075875,nan,nan,nan,nan,nan,nan,nan,nan,nan,nan,nan,nan,nan,nan,nan,nan,nan,nan,nan,nan,nan,nan,nan,nan,nan,nan,nan,nan,nan,nan,nan,nan,nan,nan,nan
594,107446,0.05483649386251778,1.5706381409168202,0.49777777777777776,0,159,0.6981132075471698,0.050314465408805034,0.0,0.03773584905660377,0.0,0.7484276729559748,0.12578616352201258,0.12578616352201258,0.1688888888888889,0.3244444444444444,0.4666666666666667,0.0026259704842232167,0.0023451506509445607,0.003707192558795214,0.07575,nan,nan,nan,nan,nan,nan,nan,nan,nan,nan,nan,nan,nan,nan,nan,nan,nan,nan,nan,nan,nan,nan,nan,nan,nan,nan,nan,nan,nan,nan,nan,nan,nan,nan,nan
595,107655,0.05739568126068115,0.5056029822826344,0.5644444444444444,0,209,0.6028708133971292,0.1674641148325359,0.014354066985645933,0.03349282296650718,0.0,0.784688995215311,0.09569377990430622,0.11961722488038277,0.17333333333333334,0.3111111111111111,0.4666666666666667,0.0025835784850642084,0.002237459167372435,0.00457678441889584,0.075625,nan,nan,nan,nan,nan,nan,nan,nan,nan,nan,nan,nan,nan,nan,nan,nan,nan,nan,nan,nan,nan,nan,nan,nan,nan,nan,nan,nan,nan,nan,nan,nan,nan,nan,nan
596,107842,0.059677917643015534,1.2170578963756535,0.5911111111111111,0,187,0.7058823529411765,0.058823529411764705,0.016042780748663103,0.0213903743315508,0.0,0.7807486631016043,0.10160427807486631,0.11764705882352941,0.1688888888888889,0.3333333333333333,0.48444444444444446,0.002694391179829836,0.0023955092765390873,0.003958701132796704,0.0755,nan,nan,nan,nan,nan,nan,nan,nan,nan,nan,nan,nan,nan,nan,nan,nan,nan,nan,nan,nan,nan,nan,nan,nan,nan,nan,nan,nan,nan,nan,nan,nan,nan,nan,nan
597,108063,0.062365920979164935,-0.005988772392277575,0.56,0,221,0.5656108597285068,0.1085972850678733,0.0,0.07692307692307693,0.0,0.6742081447963801,0.09954751131221719,0.22624434389140272,0.19111111111111112,0.3466666666666667,0.4711111111111111,0.0024174740770831703,0.0021028825780376793,0.004173684632405639,0.075375,nan,nan,nan,nan,nan,nan,nan,nan,nan,nan,nan,nan,nan,nan,nan,nan,nan,nan,nan,nan,nan,nan,nan,nan,nan,nan,nan,nan,nan,nan,nan,nan,nan,nan,nan
598,108261,0.06476574763599313,1.573169795513146,0.5955555555555555,0,198,0.6717171717171717,0.06565656565656566,0.005050505050505051,0.04040404040404041,0.0,0.7424242424242424,0.10606060606060606,0.15151515151515152,0.17777777777777778,0.3511111111111111,0.49333333333333335,0.0025898601161316037,0.0022578925243578853,0.004411529540084303,0.07525,nan,nan,nan,nan,nan,nan,nan,nan,nan,nan,nan,nan,nan,nan,nan,nan,nan,nan,nan,nan,nan,nan,nan,nan,nan,nan,nan,nan,nan,nan,nan,nan,nan,nan,nan
599,108427,0.06677159883955079,1.3853580496311149,0.5244444444444445,0,166,0.7048192771084337,0.06626506024096386,0.0,0.018072289156626505,0.0,0.7710843373493976,0.10240963855421686,0.12650602409638553,0.18666666666666668,0.3688888888888889,0.49777777777777776,0.0024194645578972996,0.0020835043978877366,0.0044720150297507645,0.075125,nan,nan,nan,nan,nan,nan,nan,nan,nan,nan,nan,nan,nan,nan,nan,nan,nan,nan,nan,nan,nan,nan,nan,nan,nan,nan,nan,nan,nan,nan,nan,nan,nan,nan,nan
600,108560,0.06837467399313048,-0.3234510776996605,0.40444444444444444,0,133,0.6766917293233082,0.05263157894736842,0.015037593984962405,0.045112781954887216,0.0,0.7443609022556391,0.16541353383458646,0.09022556390977443,0.17333333333333334,0.3422222222222222,nan,0.0026210851734504103,0.002276129962410778,0.004599402891471982,0.075,0.9823762567996935,0.5422222222222222,0.0,181.3,0.0,1.0,0.6735616896551556,0.11322700960325564,0.014048378522062732,0.022445186209516212,0.0,0.8008370777804739,0.08390133292879937,0.11526158929072675,0.1911111111111111,0.35688888888888887,0.4866666666666667,0.9388787377834271,0.5653333333333335,0.0,191.2,0.0,1.0,0.6626066287268287,0.12411532153990641,0.016853901046957706,0.01565151167325124,0.0,0.803575851313693,0.09412982310252513,0.102294325583782,0.19288888888888892,0.34844444444444445,0.4884444444444444,1.0847721178795149
601,108727,0.07038249998516952,-0.9314343824386598,0.4533333333333333,0,167,0.6047904191616766,0.1377245508982036,0.0718562874251497,0.011976047904191617,0.0,0.8143712574850299,0.11377245508982035,0.0718562874251497,0.18222222222222223,0.29777777777777775,0.43555555555555553,0.002877812460064888,0.002598612871952355,0.0037288762861862777,0.074875,nan,nan,nan,nan,nan,nan,nan,nan,nan,nan,nan,nan,nan,nan,nan,nan,nan,nan,nan,nan,nan,nan,nan,nan,nan,nan,nan,nan,nan,nan,nan,nan,nan,nan,nan
602,108915,0.07263608306675653,0.22789949393271947,0.5377777777777778,0,188,0.6382978723404256,0.14893617021276595,0.0425531914893617,0.010638297872340425,0.0,0.8297872340425532,0.07446808510638298,0.09574468085106383,0.2,0.36444444444444446,0.5111111111111111,0.003147508157417178,0.0028369629406370224,0.004154451098293066,0.07475000000000001,nan,nan,nan,nan,nan,nan,nan,nan,nan,nan,nan,nan,nan,nan,nan,nan,nan,nan,nan,nan,nan,nan,nan,nan,nan,nan,nan,nan,nan,nan,nan,nan,nan,nan,nan
603,109145,0.07538346377750973,0.38605044007301137,0.5955555555555555,0,230,0.5782608695652174,0.14347826086956522,0.0,0.05652173913043478,0.0,0.7217391304347827,0.11739130434782609,0.1608695652173913,0.17777777777777778,0.3333333333333333,0.43555555555555553,0.0028106439858675003,0.0024990155245177446,0.004175925999879837,0.074625,nan,nan,nan,nan,nan,nan,nan,nan,nan,nan,nan,nan,nan,nan,nan,nan,nan,nan,nan,nan,nan,nan,nan,nan,nan,nan,nan,nan,nan,nan,nan,nan,nan,nan,nan
604,109365,0.07800146977896685,2.4881964030265697,0.6533333333333333,0,220,0.6636363636363637,0.08181818181818182,0.0,0.03636363636363636,0.0,0.7454545454545455,0.07272727272727272,0.18181818181818182,0.19111111111111112,0.35555555555555557,0.4888888888888889,0.0027595259482041,0.0023540556314401327,0.005442554177716374,0.0745,nan,nan,nan,nan,nan,nan,nan,nan,nan,nan,nan,nan,nan,nan,nan,nan,nan,nan,nan,nan,nan,nan,nan,nan,nan,nan,nan,nan,nan,nan,nan,nan,nan,nan,nan
605,109539,0.08006522063853519,0.4894008224010471,0.49333333333333335,0,174,0.632183908045977,0.06321839080459771,0.011494252873563218,0.06321839080459771,0.0,0.7068965517241379,0.1206896551724138,0.1724137931034483,0.17333333333333334,0.28888888888888886,0.44,0.0027541811810806393,0.002437902323435992,0.004252488841302693,0.074375,nan,nan,nan,nan,nan,nan,nan,nan,nan,nan,nan,nan,nan,nan,nan,nan,nan,nan,nan,nan,nan,nan,nan,nan,nan,nan,nan,nan,nan,nan,nan,nan,nan,nan,nan
606,109766,0.08274850843594514,1.6351811046600229,0.6133333333333333,0,227,0.6035242290748899,0.1145374449339207,0.004405286343612335,0.06167400881057269,0.0,0.7224669603524229,0.08370044052863436,0.19383259911894274,0.19555555555555557,0.3511111111111111,0.49777777777777776,0.002474075509235263,0.002171195449773222,0.0040791927138343455,0.07425000000000001,nan,nan,nan,nan,nan,nan,nan,nan,nan,nan,nan,nan,nan,nan,nan,nan,nan,nan,nan,nan,nan,nan,nan,nan,nan,nan,nan,nan,nan,nan,nan,nan,nan,nan,nan
607,109997,0.08546855695041682,1.2789561808109249,0.6355555555555555,0,231,0.6147186147186147,0.10822510822510822,0.004329004329004329,0.03463203463203463,0.0,0.7272727272727273,0.13852813852813853,0.1341991341991342,0.18666666666666668,0.3022222222222222,0.4311111111111111,0.0024867911241017284,0.0022509568952955306,0.0031815747497603297,0.074125,nan,nan,nan,nan,nan,nan,nan,nan,nan,nan,nan,nan,nan,nan,nan,nan,nan,nan,nan,nan,nan,nan,nan,nan,nan,nan,nan,nan,nan,nan,nan,nan,nan,nan,nan
608,110190,0.08773303532422555,0.3585681374073031,0.52,0,193,0.6010362694300518,0.07772020725388601,0.0051813471502590676,0.06217616580310881,0.0051813471502590676,0.6839378238341969,0.16062176165803108,0.15544041450777202,0.17333333333333334,0.32,0.43555555555555553,0.002513779012952,0.002188902709167451,0.004390220437198877,0.074,nan,nan,nan,nan,nan,nan,nan,nan,nan,nan,nan,nan,nan,nan,nan,nan,nan,nan,nan,nan,nan,nan,nan,nan,nan,nan,nan,nan,nan,nan,nan,nan,nan,nan,nan
609,110358,0.08969818716883496,-0.4722141702175118,0.38666666666666666,0,168,0.5119047619047619,0.17261904761904762,0.011904761904761904,0.02976190476190476,0.0,0.6964285714285714,0.16071428571428573,0.14285714285714285,0.17333333333333334,0.25333333333333335,0.3688888888888889,0.002752851601690054,0.002462805574759841,0.0039261729805730285,0.073875,nan,nan,nan,nan,nan,nan,nan,nan,nan,nan,nan,nan,nan,nan,nan,nan,nan,nan,nan,nan,nan,nan,nan,nan,nan,nan,nan,nan,nan,nan,nan,nan,nan,nan,nan
610,110562,0.09207695260374112,1.7307942605018538,0.5911111111111111,0,204,0.6470588235294118,0.09803921568627451,0.0196078431372549,0.03431372549019608,0.0,0.7647058823529411,0.11274509803921569,0.12254901960784313,0.2,0.3377777777777778,0.47555555555555556,0.002717643778305501,0.002370372205041349,0.00470876710023731,0.07375000000000001,nan,nan,nan,nan,nan,nan,nan,nan,nan,nan,nan,nan,nan,nan,nan,nan,nan,nan,nan,nan,nan,nan,nan,nan,nan,nan,nan,nan,nan,nan,nan,nan,nan,nan,nan
611,110714,0.09384403675055275,-1.6431253390312184,0.35555555555555557,0,152,0.5197368421052632,0.21710526315789475,0.0,0.07236842105263158,0.006578947368421052,0.7368421052631579,0.23684210526315788,0.02631578947368421,0.17777777777777778,0.28444444444444444,0.3511111111111111,0.002865773416124284,0.0025021831737831236,0.004938407673034817,0.073625,nan,nan,nan,nan,nan,nan,nan,nan,nan,nan,nan,nan,nan,nan,nan,nan,nan,nan,nan,nan,nan,nan,nan,nan,nan,nan,nan,nan,nan,nan,nan,nan,nan,nan,nan
612,110914,0.09616223012851055,1.4927825148105567,0.5866666666666667,0,200,0.655,0.075,0.01,0.02,0.0,0.74,0.165,0.095,0.17333333333333334,0.3333333333333333,0.48444444444444446,0.002535538247320801,0.002325314108747989,0.002860192023217678,0.0735,nan,nan,nan,nan,nan,nan,nan,nan,nan,nan,nan,nan,nan,nan,nan,nan,nan,nan,nan,nan,nan,nan,nan,nan,nan,nan,nan,nan,nan,nan,nan,nan,nan,nan,nan
613,111164,0.09904894569782008,0.061401747703545784,0.5777777777777777,0,250,0.516,0.136,0.004,0.084,0.0,0.656,0.136,0.208,0.17333333333333334,0.29777777777777775,0.4577777777777778,0.0023979519261047243,0.0021394746960140764,0.0035226881271228196,0.073375,nan,nan,nan,nan,nan,nan,nan,nan,nan,nan,nan,nan,nan,nan,nan,nan,nan,nan,nan,nan,nan,nan,nan,nan,nan,nan,nan,nan,nan,nan,nan,nan,nan,nan,nan
614,111371,0.10142990000641937,-0.41559894537925723,0.5111111111111111,0,207,0.5507246376811594,0.11594202898550725,0.0,0.07729468599033816,0.0,0.6666666666666666,0.12077294685990338,0.21256038647342995,0.18666666666666668,0.3244444444444444,0.4311111111111111,0.002902806573547423,0.002587695175316185,0.004301861883141101,0.07325000000000001,nan,nan,nan,nan,nan,nan,nan,nan,nan,nan,nan,nan,nan,nan,nan,nan,nan,nan,nan,nan,nan,nan,nan,nan,nan,nan,nan,nan,nan,nan,nan,nan,nan,nan,nan
615,111578,0.10380250140365288,2.8410169537067316,0.68,0,207,0.7342995169082126,0.057971014492753624,0.0,0.028985507246376812,0.0,0.7922705314009661,0.057971014492753624,0.1497584541062802,0.20444444444444446,0.37333333333333335,0.5022222222222222,0.003130678692832589,0.002768697449937463,0.004950171243399382,0.073125,nan,nan,nan,nan,nan,nan,nan,nan,nan,nan,nan,nan,nan,nan,nan,nan,nan,nan,nan,nan,nan,nan,nan,nan,nan,nan,nan,nan,nan,nan,nan,nan,nan,nan,nan
616,111785,0.10616677160960586,-1.9458214545249928,0.4577777777777778,0,207,0.4927536231884058,0.13043478260869565,0.028985507246376812,0.0821256038647343,0.0,0.6521739130434783,0.06280193236714976,0.28502415458937197,0.15555555555555556,0.3288888888888889,0.37777777777777777,0.0031316210050135853,0.002858410216867924,0.0037426132475957274,0.073,nan,nan,nan,nan,nan,nan,nan,nan,nan,nan,nan,nan,nan,nan,nan,nan,nan,nan,nan,nan,nan,nan,nan,nan,nan,nan,nan,nan,nan,nan,nan,nan,nan,nan,nan
617,112008,0.10870449019585027,1.612674429178228,0.6533333333333333,0,223,0.6547085201793722,0.1031390134529148,0.008968609865470852,0.03587443946188341,0.0,0.7668161434977578,0.09417040358744394,0.13901345291479822,0.19111111111111112,0.36444444444444446,0.52,0.002528732898645103,0.0021977467578835784,0.0045418337918818,0.072875,nan,nan,nan,nan,nan,nan,nan,nan,nan,nan,nan,nan,nan,nan,nan,nan,nan,nan,nan,nan,nan,nan,nan,nan,nan,nan,nan,nan,nan,nan,nan,nan,nan,nan,nan
618,112197,0.11084776183182785,1.4324850251674615,0.6,0,189,0.708994708994709,0.05291005291005291,0.0,0.037037037037037035,0.0,0.7619047619047619,0.09523809523809523,0.14285714285714285,0.19111111111111112,0.3511111111111111,0.5155555555555555,0.0026906012091785668,0.0024005436105653645,0.0039870459353551265,0.07275000000000001,nan,nan,nan,nan,nan,nan,nan,nan,nan,nan,nan,nan,nan,nan,nan,nan,nan,nan,nan,nan,nan,nan,nan,nan,nan,nan,nan,nan,nan,nan,nan,nan,nan,nan,nan
619,112418,0.11334517625487925,0.4712779257297459,0.5822222222222222,0,221,0.5882352941176471,0.09502262443438914,0.02262443438914027,0.04072398190045249,0.0,0.7058823529411765,0.13574660633484162,0.1583710407239819,0.17333333333333334,0.3333333333333333,0.4622222222222222,0.002942693931981921,0.0026394124841317536,0.004175992810633034,0.072625,nan,nan,nan,nan,nan,nan,nan,nan,nan,nan,nan,nan,nan,nan,nan,nan,nan,nan,nan,nan,nan,nan,nan,nan,nan,nan,nan,nan,nan,nan,nan,nan,nan,nan,nan
620,112608,0.11548476192340232,0.034322325229643846,0.48444444444444446,0,190,0.5684210526315789,0.1368421052631579,0.005263157894736842,0.042105263157894736,0.0,0.7105263157894737,0.1736842105263158,0.11578947368421053,0.18222222222222223,0.31555555555555553,0.4488888888888889,0.0034319751197472216,0.0030447673751041295,0.005340796266682446,0.0725,-0.0709053119182614,0.4902222222222223,0.0,197.5,0.0,1.0,0.5622366739434456,0.11765212528152462,0.0034081331179257636,0.07520609702508117,0.0,0.6832969323428959,0.16677899960561438,0.1499240680514897,0.18355555555555556,0.32799999999999996,0.43999999999999995,0.6134716671705203,0.5386666666666666,0.0,193.3,0.0,1.0,0.6266243185451082,0.09092372886107081,0.002116402116402116,0.053793457848599756,0.0,0.7196644495225812,0.14709829119276374,0.1332372592846551,0.18444444444444447,0.3408888888888889,0.47333333333333333,0.958537454334426
621,112848,0.11817749512476847,-0.6285613207817159,0.5333333333333333,0,240,0.49583333333333335,0.12916666666666668,0.0,0.14583333333333334,0.0,0.625,0.2,0.175,0.17777777777777778,0.31555555555555553,0.43555555555555553,0.0025470145978033544,0.002241819188930094,0.004216862306930125,0.072375,nan,nan,nan,nan,nan,nan,nan,nan,nan,nan,nan,nan,nan,nan,nan,nan,nan,nan,nan,nan,nan,nan,nan,nan,nan,nan,nan,nan,nan,nan,nan,nan,nan,nan,nan
622,113055,0.1204441452900086,0.9153231136798832,0.6177777777777778,0,207,0.6666666666666666,0.06763285024154589,0.024154589371980676,0.03864734299516908,0.0,0.7584541062801933,0.10628019323671498,0.13526570048309178,0.19111111111111112,0.3511111111111111,0.49333333333333335,0.002703525801189244,0.002347284078132361,0.004930681572295726,0.07225000000000001,nan,nan,nan,nan,nan,nan,nan,nan,nan,nan,nan,nan,nan,nan,nan,nan,nan,nan,nan,nan,nan,nan,nan,nan,nan,nan,nan,nan,nan,nan,nan,nan,nan,nan,nan
623,113249,0.118055579604078,0.523700793266296,0.5555555555555556,0,194,0.6391752577319587,0.08762886597938144,0.0,0.04639175257731959,0.0,0.7268041237113402,0.13402061855670103,0.13917525773195877,0.18222222222222223,0.3422222222222222,0.4666666666666667,0.0030651885317638516,0.0027575841173529624,0.00426487916847691,0.072125,nan,nan,nan,nan,nan,nan,nan,nan,nan,nan,nan,nan,nan,nan,nan,nan,nan,nan,nan,nan,nan,nan,nan,nan,nan,nan,nan,nan,nan,nan,nan,nan,nan,nan,nan
624,113467,0.11538050885366745,0.46091179585456676,0.5866666666666667,0,218,0.6009174311926605,0.10091743119266056,0.013761467889908258,0.07339449541284404,0.0,0.7155963302752294,0.10550458715596331,0.17889908256880735,0.17777777777777778,0.3377777777777778,0.43555555555555553,0.0026545254746451973,0.0023492561187595127,0.004239852225873619,0.072,nan,nan,nan,nan,nan,nan,nan,nan,nan,nan,nan,nan,nan,nan,nan,nan,nan,nan,nan,nan,nan,nan,nan,nan,nan,nan,nan,nan,nan,nan,nan,nan,nan,nan,nan
625,113643,0.11322774088817895,0.7964172322750098,0.4888888888888889,0,176,0.6193181818181818,0.08522727272727272,0.0,0.03977272727272727,0.0,0.7045454545454546,0.14204545454545456,0.1534090909090909,0.18222222222222223,0.29333333333333333,0.40444444444444444,0.002651307894848287,0.0023772316984832288,0.003813234297558665,0.071875,nan,nan,nan,nan,nan,nan,nan,nan,nan,nan,nan,nan,nan,nan,nan,nan,nan,nan,nan,nan,nan,nan,nan,nan,nan,nan,nan,nan,nan,nan,nan,nan,nan,nan,nan
626,113836,0.11087412702208467,0.6208572874069154,0.5111111111111111,0,193,0.5906735751295337,0.11917098445595854,0.0051813471502590676,0.06735751295336788,0.0,0.7150259067357513,0.13471502590673576,0.15025906735751296,0.19555555555555557,0.3333333333333333,0.4533333333333333,0.00318967291386798,0.00278251237468794,0.005674711230676621,0.07175000000000001,nan,nan,nan,nan,nan,nan,nan,nan,nan,nan,nan,nan,nan,nan,nan,nan,nan,nan,nan,nan,nan,nan,nan,nan,nan,nan,nan,nan,nan,nan,nan,nan,nan,nan,nan
627,114054,0.10822454158207946,0.9857708203792539,0.6488888888888888,0,218,0.6651376146788991,0.0779816513761468,0.022935779816513763,0.03211009174311927,0.0,0.7660550458715596,0.08256880733944955,0.15137614678899083,0.2,0.37777777777777777,0.52,0.0029986792709678412,0.0026456177001819015,0.004929306567646563,0.07162500000000001,nan,nan,nan,nan,nan,nan,nan,nan,nan,nan,nan,nan,nan,nan,nan,nan,nan,nan,nan,nan,nan,nan,nan,nan,nan,nan,nan,nan,nan,nan,nan,nan,nan,nan,nan
628,114250,0.10585038614418654,0.9922247869968321,0.5511111111111111,0,196,0.6275510204081632,0.07653061224489796,0.0,0.08163265306122448,0.00510204081632653,0.7040816326530612,0.12244897959183673,0.17346938775510204,0.18222222222222223,0.3511111111111111,0.47555555555555556,0.0029835146619006992,0.0026798735139891504,0.004246728727594018,0.0715,nan,nan,nan,nan,nan,nan,nan,nan,nan,nan,nan,nan,nan,nan,nan,nan,nan,nan,nan,nan,nan,nan,nan,nan,nan,nan,nan,nan,nan,nan,nan,nan,nan,nan,nan
629,114464,0.10326686770478555,2.6581707694530365,0.6577777777777778,0,214,0.6869158878504673,0.08878504672897196,0.0,0.018691588785046728,0.0,0.7757009345794392,0.09813084112149532,0.1261682242990654,0.18222222222222223,0.36,0.49777777777777776,0.0027575531741604207,0.00236291621113196,0.005529064522124827,0.071375,nan,nan,nan,nan,nan,nan,nan,nan,nan,nan,nan,nan,nan,nan,nan,nan,nan,nan,nan,nan,nan,nan,nan,nan,nan,nan,nan,nan,nan,nan,nan,nan,nan,nan,nan
630,114660,0.10090857694145494,3.225637317180618,0.6622222222222223,0,196,0.7551020408163265,0.05612244897959184,0.01020408163265306,0.02040816326530612,0.0,0.8214285714285714,0.05612244897959184,0.12244897959183673,0.2088888888888889,0.4,0.5377777777777778,0.0024332260945811868,0.002130502974614501,0.004248745809309185,0.07125000000000001,nan,nan,nan,nan,nan,nan,nan,nan,nan,nan,nan,nan,nan,nan,nan,nan,nan,nan,nan,nan,nan,nan,nan,nan,nan,nan,nan,nan,nan,nan,nan,nan,nan,nan,nan
631,114826,0.09891715917704572,1.9547763085365237,0.5511111111111111,0,166,0.7409638554216867,0.04216867469879518,0.006024096385542169,0.018072289156626505,0.0,0.7891566265060241,0.12650602409638553,0.08433734939759036,0.19555555555555557,0.36444444444444446,0.5111111111111111,0.002717388793826103,0.0024649449507705866,0.0035492983530275523,0.07112500000000001,nan,nan,nan,nan,nan,nan,nan,nan,nan,nan,nan,nan,nan,nan,nan,nan,nan,nan,nan,nan,nan,nan,nan,nan,nan,nan,nan,nan,nan,nan,nan,nan,nan,nan,nan
632,115036,0.09640564318192563,0.34902156615257396,0.5422222222222223,0,210,0.5761904761904761,0.09047619047619047,0.004761904761904762,0.08095238095238096,0.0,0.6714285714285714,0.14285714285714285,0.18571428571428572,0.13333333333333333,0.3022222222222222,0.4266666666666667,0.002334615285508335,0.0020155980833806097,0.004493199707940221,0.071,nan,nan,nan,nan,nan,nan,nan,nan,nan,nan,nan,nan,nan,nan,nan,nan,nan,nan,nan,nan,nan,nan,nan,nan,nan,nan,nan,nan,nan,nan,nan,nan,nan,nan,nan
633,115248,0.09387896470749293,1.4572395277023265,0.6,0,212,0.6320754716981132,0.1320754716981132,0.0,0.02830188679245283,0.0,0.7641509433962265,0.09905660377358491,0.13679245283018868,0.17333333333333334,0.3244444444444444,0.4533333333333333,0.0027051464770920576,0.0024233531788922847,0.003975918877404183,0.070875,nan,nan,nan,nan,nan,nan,nan,nan,nan,nan,nan,nan,nan,nan,nan,nan,nan,nan,nan,nan,nan,nan,nan,nan,nan,nan,nan,nan,nan,nan,nan,nan,nan,nan,nan
634,115415,0.09189478949731594,1.6972485556602421,0.5377777777777778,0,167,0.718562874251497,0.059880239520958084,0.005988023952095809,0.029940119760479042,0.0,0.7844311377245509,0.11976047904191617,0.09580838323353294,0.19555555555555557,0.37777777777777777,0.5155555555555555,0.0024105584947392345,0.0021054042619653044,0.004313134076073766,0.07075000000000001,nan,nan,nan,nan,nan,nan,nan,nan,nan,nan,nan,nan,nan,nan,nan,nan,nan,nan,nan,nan,nan,nan,nan,nan,nan,nan,nan,nan,nan,nan,nan,nan,nan,nan,nan
635,115589,0.08983322544184633,1.8463957338333086,0.5866666666666667,0,174,0.7528735632183908,0.028735632183908046,0.005747126436781609,0.017241379310344827,0.0,0.7873563218390804,0.07471264367816093,0.13793103448275862,0.17333333333333334,0.35555555555555557,0.5111111111111111,0.002603892586193979,0.00238015876384452,0.0031679127365350722,0.07062500000000001,nan,nan,nan,nan,nan,nan,nan,nan,nan,nan,nan,nan,nan,nan,nan,nan,nan,nan,nan,nan,nan,nan,nan,nan,nan,nan,nan,nan,nan,nan,nan,nan,nan,nan,nan
636,115788,0.08748267449774269,-0.03978743791580319,0.5244444444444445,0,199,0.5879396984924623,0.1306532663316583,0.010050251256281407,0.04020100502512563,0.0,0.7286432160804021,0.12060301507537688,0.1507537688442211,0.1688888888888889,0.3111111111111111,0.44,0.0027594312792643904,0.0024702989379875363,0.004101168154738844,0.0705,nan,nan,nan,nan,nan,nan,nan,nan,nan,nan,nan,nan,nan,nan,nan,nan,nan,nan,nan,nan,nan,nan,nan,nan,nan,nan,nan,nan,nan,nan,nan,nan,nan,nan,nan
637,115961,0.08544547194781936,0.8191414113044699,0.5022222222222222,0,173,0.6473988439306358,0.08670520231213873,0.028901734104046242,0.046242774566473986,0.0,0.7630057803468208,0.12138728323699421,0.11560693641618497,0.18666666666666668,0.3466666666666667,0.5022222222222222,0.0025326522998511793,0.002291755867190659,0.0034230394288897515,0.070375,nan,nan,nan,nan,nan,nan,nan,nan,nan,nan,nan,nan,nan,nan,nan,nan,nan,nan,nan,nan,nan,nan,nan,nan,nan,nan,nan,nan,nan,nan,nan,nan,nan,nan,nan
638,116134,0.08341406130794407,1.7991119995117124,0.5866666666666667,0,173,0.7572254335260116,0.028901734104046242,0.017341040462427744,0.011560693641618497,0.0,0.8034682080924855,0.08670520231213873,0.10982658959537572,0.19111111111111112,0.36444444444444446,0.5066666666666667,0.0025196515372954307,0.0021709790686145424,0.0049633090733550485,0.07025,nan,nan,nan,nan,nan,nan,nan,nan,nan,nan,nan,nan,nan,nan,nan,nan,nan,nan,nan,nan,nan,nan,nan,nan,nan,nan,nan,nan,nan,nan,nan,nan,nan,nan,nan
639,116382,0.08051205905185699,-0.9571873526573251,0.5688888888888889,0,248,0.5120967741935484,0.125,0.004032258064516129,0.14919354838709678,0.0,0.6411290322580645,0.1975806451612903,0.16129032258064516,0.19111111111111112,0.35555555555555557,0.49777777777777776,0.0027644128073006867,0.002440707269124687,0.004616121621802449,0.070125,nan,nan,nan,nan,nan,nan,nan,nan,nan,nan,nan,nan,nan,nan,nan,nan,nan,nan,nan,nan,nan,nan,nan,nan,nan,nan,nan,nan,nan,nan,nan,nan,nan,nan,nan
640,116580,0.07820363974628701,-0.328803860425953,0.4888888888888889,0,198,0.5505050505050505,0.11616161616161616,0.0,0.1111111111111111,0.0,0.6666666666666666,0.2474747474747475,0.08585858585858586,0.18666666666666668,0.3422222222222222,0.47555555555555556,0.0025926694506779313,0.0022597775910981,0.004755598027259111,0.06999999999999999,0.741998791885373,0.5337777777777777,0.0,188.1,0.0,1.0,0.6336558535819747,0.11378722829695027,0.0005714285714285715,0.03829460239326737,0.0,0.7480145104503534,0.12674316074128772,0.12524232880835887,0.18622222222222223,0.33777777777777773,0.46577777777777785,0.5094670340537986,0.5417777777777777,0.0,199.0,0.0,1.0,0.6157825088284222,0.11734891543957175,0.0,0.06062251575874009,0.0,0.733131424267994,0.12347687071904571,0.14339170501296022,0.19022222222222224,0.3471111111111111,0.46518518518518515,1.0480931011840606
641,116753,0.07619285088014013,-0.029722856283187493,0.4888888888888889,0,173,0.630057803468208,0.06358381502890173,0.0,0.10404624277456648,0.0,0.6936416184971098,0.1329479768786127,0.17341040462427745,0.15555555555555556,0.31555555555555553,0.4311111111111111,0.002287875395268202,0.0020017473376356064,0.00409485618583858,0.06987499999999999,nan,nan,nan,nan,nan,nan,nan,nan,nan,nan,nan,nan,nan,nan,nan,nan,nan,nan,nan,nan,nan,nan,nan,nan,nan,nan,nan,nan,nan,nan,nan,nan,nan,nan,nan
642,116916,0.07430354018669225,2.0870184321403453,0.5466666666666666,0,163,0.7484662576687117,0.0736196319018405,0.0,0.018404907975460124,0.0,0.8220858895705522,0.12269938650306748,0.05521472392638037,0.19111111111111112,0.37333333333333335,0.5066666666666667,0.0027285866672173142,0.002457028313074261,0.003893309296108782,0.06975,nan,nan,nan,nan,nan,nan,nan,nan,nan,nan,nan,nan,nan,nan,nan,nan,nan,nan,nan,nan,nan,nan,nan,nan,nan,nan,nan,nan,nan,nan,nan,nan,nan,nan,nan
643,117067,0.07255785364789942,1.0953887715339665,0.48,0,151,0.7086092715231788,0.052980132450331126,0.006622516556291391,0.013245033112582781,0.0,0.7682119205298014,0.152317880794702,0.07947019867549669,0.17333333333333334,0.32,0.47555555555555556,0.0029616056010127066,0.002664203359745443,0.004271486424840987,0.069625,nan,nan,nan,nan,nan,nan,nan,nan,nan,nan,nan,nan,nan,nan,nan,nan,nan,nan,nan,nan,nan,nan,nan,nan,nan,nan,nan,nan,nan,nan,nan,nan,nan,nan,nan
644,117259,0.07034445677424747,1.4075845913887,0.5822222222222222,0,192,0.6770833333333334,0.10416666666666667,0.0,0.026041666666666668,0.0,0.78125,0.11979166666666667,0.09895833333333333,0.18666666666666668,0.32,0.4711111111111111,0.002923485147766769,0.0025674840086139738,0.005122318584471941,0.06949999999999999,nan,nan,nan,nan,nan,nan,nan,nan,nan,nan,nan,nan,nan,nan,nan,nan,nan,nan,nan,nan,nan,nan,nan,nan,nan,nan,nan,nan,nan,nan,nan,nan,nan,nan,nan
645,117487,0.06772516381361982,-0.4324701530933399,0.5644444444444444,0,228,0.5526315789473685,0.15789473684210525,0.013157894736842105,0.07017543859649122,0.0,0.7236842105263158,0.16666666666666666,0.10964912280701754,0.19555555555555557,0.37333333333333335,0.4666666666666667,0.0026290212525054814,0.0022830634959973397,0.004986777959857136,0.06937499999999999,nan,nan,nan,nan,nan,nan,nan,nan,nan,nan,nan,nan,nan,nan,nan,nan,nan,nan,nan,nan,nan,nan,nan,nan,nan,nan,nan,nan,nan,nan,nan,nan,nan,nan,nan
646,117678,0.06553853054915262,0.5843446714877998,0.5155555555555555,0,191,0.6020942408376964,0.11518324607329843,0.0,0.09424083769633508,0.0,0.7172774869109948,0.10471204188481675,0.17801047120418848,0.19555555555555557,0.3511111111111111,0.49333333333333335,0.002764272806234658,0.0025011949241161347,0.0037989583681337534,0.06925,nan,nan,nan,nan,nan,nan,nan,nan,nan,nan,nan,nan,nan,nan,nan,nan,nan,nan,nan,nan,nan,nan,nan,nan,nan,nan,nan,nan,nan,nan,nan,nan,nan,nan,nan
647,117897,0.06303984696143748,-1.3416537418365482,0.4888888888888889,0,219,0.4977168949771689,0.1004566210045662,0.0182648401826484,0.1598173515981735,0.0,0.6164383561643836,0.1689497716894977,0.2146118721461187,0.13333333333333333,0.23555555555555555,0.37333333333333335,0.0024397059343755243,0.0021520015434361994,0.00416208878159523,0.069125,nan,nan,nan,nan,nan,nan,nan,nan,nan,nan,nan,nan,nan,nan,nan,nan,nan,nan,nan,nan,nan,nan,nan,nan,nan,nan,nan,nan,nan,nan,nan,nan,nan,nan,nan
648,118081,0.060947501341560614,2.1751629931926657,0.5911111111111111,0,184,0.717391304347826,0.05434782608695652,0.005434782608695652,0.03804347826086957,0.0,0.7771739130434783,0.10326086956521739,0.11956521739130435,0.17777777777777778,0.3511111111111111,0.49333333333333335,0.002595943817868829,0.002282093348912895,0.00454855760326609,0.06899999999999999,nan,nan,nan,nan,nan,nan,nan,nan,nan,nan,nan,nan,nan,nan,nan,nan,nan,nan,nan,nan,nan,nan,nan,nan,nan,nan,nan,nan,nan,nan,nan,nan,nan,nan,nan
649,118276,0.0587370341340368,2.7310874323844807,0.6355555555555555,0,195,0.7282051282051282,0.06666666666666667,0.0,0.005128205128205128,0.0,0.7948717948717948,0.07692307692307693,0.1282051282051282,0.19111111111111112,0.3688888888888889,0.52,0.002866237564012408,0.0025663262931630015,0.0043544282903894786,0.06887499999999999,nan,nan,nan,nan,nan,nan,nan,nan,nan,nan,nan,nan,nan,nan,nan,nan,nan,nan,nan,nan,nan,nan,nan,nan,nan,nan,nan,nan,nan,nan,nan,nan,nan,nan,nan
650,118490,0.05631941558139175,0.3583047909736561,0.5644444444444444,0,214,0.5887850467289719,0.08878504672897196,0.004672897196261682,0.1308411214953271,0.0,0.6822429906542056,0.07009345794392523,0.24766355140186916,0.2088888888888889,0.3688888888888889,0.5333333333333333,0.0029570872196927668,0.002614354144316167,0.004985208204016089,0.06875,nan,nan,nan,nan,nan,nan,nan,nan,nan,nan,nan,nan,nan,nan,nan,nan,nan,nan,nan,nan,nan,nan,nan,nan,nan,nan,nan,nan,nan,nan,nan,nan,nan,nan,nan
651,118668,0.05431504220463295,-2.08987268424034,0.39111111111111113,0,178,0.4887640449438202,0.11797752808988764,0.03932584269662921,0.07865168539325842,0.0,0.6460674157303371,0.06179775280898876,0.29213483146067415,0.18222222222222223,0.3333333333333333,0.39111111111111113,0.00299946703016758,0.0027085019974038005,0.004239927139133215,0.068625,nan,nan,nan,nan,nan,nan,nan,nan,nan,nan,nan,nan,nan,nan,nan,nan,nan,nan,nan,nan,nan,nan,nan,nan,nan,nan,nan,nan,nan,nan,nan,nan,nan,nan,nan
652,118839,0.052395075576064556,1.5294046976566258,0.52,0,171,0.6783625730994152,0.08771929824561403,0.005847953216374269,0.011695906432748537,0.0,0.7719298245614035,0.05847953216374269,0.1695906432748538,0.18666666666666668,0.3511111111111111,0.47555555555555556,0.003309260751120746,0.002972130780108273,0.004921605670824647,0.0685,nan,nan,nan,nan,nan,nan,nan,nan,nan,nan,nan,nan,nan,nan,nan,nan,nan,nan,nan,nan,nan,nan,nan,nan,nan,nan,nan,nan,nan,nan,nan,nan,nan,nan,nan
653,119050,0.05003351684021231,2.5605584788322355,0.6488888888888888,0,211,0.6872037914691943,0.10900473933649289,0.0,0.014218009478672985,0.0,0.7962085308056872,0.061611374407582936,0.14218009478672985,0.18666666666666668,0.36444444444444446,0.5022222222222222,0.0030169235775247215,0.0027419206220656634,0.004021981183905154,0.06837499999999999,nan,nan,nan,nan,nan,nan,nan,nan,nan,nan,nan,nan,nan,nan,nan,nan,nan,nan,nan,nan,nan,nan,nan,nan,nan,nan,nan,nan,nan,nan,nan,nan,nan,nan,nan
654,119247,0.052163867067810975,0.40332983541488066,0.5377777777777778,0,197,0.6091370558375635,0.13705583756345177,0.0,0.04568527918781726,0.0,0.7461928934010152,0.116751269035533,0.13705583756345177,0.17333333333333334,0.3466666666666667,0.48,0.0027907226467505097,0.0025627952767536045,0.003339595487341285,0.06825,nan,nan,nan,nan,nan,nan,nan,nan,nan,nan,nan,nan,nan,nan,nan,nan,nan,nan,nan,nan,nan,nan,nan,nan,nan,nan,nan,nan,nan,nan,nan,nan,nan,nan,nan
655,119442,0.05433184312202057,1.2890685834884572,0.5288888888888889,0,195,0.6051282051282051,0.1282051282051282,0.005128205128205128,0.02564102564102564,0.0,0.7384615384615385,0.14358974358974358,0.11794871794871795,0.19555555555555557,0.3422222222222222,0.4577777777777778,0.002697317977435887,0.0023725056787952782,0.004767886537592858,0.068125,nan,nan,nan,nan,nan,nan,nan,nan,nan,nan,nan,nan,nan,nan,nan,nan,nan,nan,nan,nan,nan,nan,nan,nan,nan,nan,nan,nan,nan,nan,nan,nan,nan,nan,nan
656,119654,0.05668082871496112,-0.18084364318848167,0.5377777777777778,0,212,0.5660377358490566,0.1650943396226415,0.0047169811320754715,0.04716981132075472,0.0,0.7358490566037735,0.1509433962264151,0.11320754716981132,0.18666666666666668,0.3466666666666667,0.47555555555555556,0.0025408447370864453,0.0022306407801806925,0.004561822907999158,0.068,nan,nan,nan,nan,nan,nan,nan,nan,nan,nan,nan,nan,nan,nan,nan,nan,nan,nan,nan,nan,nan,nan,nan,nan,nan,nan,nan,nan,nan,nan,nan,nan,nan,nan,nan
657,119834,0.0586687296215546,1.2336308274269028,0.5066666666666667,0,180,0.6277777777777778,0.09444444444444444,0.011111111111111112,0.05,0.0,0.7333333333333333,0.14444444444444443,0.12222222222222222,0.18666666666666668,0.3466666666666667,0.47555555555555556,0.0029107418144121767,0.00259189959615469,0.00469749178737402,0.06787499999999999,nan,nan,nan,nan,nan,nan,nan,nan,nan,nan,nan,nan,nan,nan,nan,nan,nan,nan,nan,nan,nan,nan,nan,nan,nan,nan,nan,nan,nan,nan,nan,nan,nan,nan,nan
658,120047,0.06101336253100145,-0.8436039979457907,0.4711111111111111,0,213,0.49295774647887325,0.17370892018779344,0.009389671361502348,0.07511737089201878,0.0,0.676056338028169,0.1596244131455399,0.1643192488262911,0.17777777777777778,0.36,0.4622222222222222,0.0028928173007443546,0.0026072929962538184,0.004214380972553044,0.06775,nan,nan,nan,nan,nan,nan,nan,nan,nan,nan,nan,nan,nan,nan,nan,nan,nan,nan,nan,nan,nan,nan,nan,nan,nan,nan,nan,nan,nan,nan,nan,nan,nan,nan,nan
659,120232,0.06304300974217412,2.093169135570519,0.5688888888888889,0,185,0.6864864864864865,0.10270270270270271,0.0,0.021621621621621623,0.0,0.7891891891891892,0.11891891891891893,0.0918918918918919,0.1688888888888889,0.3511111111111111,0.5022222222222222,0.002799401176162064,0.0024891746346838773,0.0045874533243477345,0.067625,nan,nan,nan,nan,nan,nan,nan,nan,nan,nan,nan,nan,nan,nan,nan,nan,nan,nan,nan,nan,nan,nan,nan,nan,nan,nan,nan,nan,nan,nan,nan,nan,nan,nan,nan
660,120429,0.06519740651991457,1.0785498418807922,0.5466666666666666,0,197,0.6192893401015228,0.07614213197969544,0.0,0.07106598984771574,0.0,0.6954314720812182,0.20812182741116753,0.09644670050761421,0.18666666666666668,0.3288888888888889,0.4666666666666667,0.003329132799990475,0.0031253005843609573,0.0030197367421351375,0.0675,0.22902020986079769,0.5333333333333334,0.0,196.9,0.0,1.0,0.6112428183722634,0.09875326559852275,0.0,0.07348364481327586,0.0,0.7099960839707861,0.19053566720581627,0.0994682488233976,0.18755555555555556,0.3382222222222222,0.46355555555555555,0.03605923659800956,0.528,0.0,203.6,0.0,1.0,0.5870375197264506,0.10546960178412568,0.0008928571428571428,0.08939922899935675,0.0,0.6933999786534335,0.19881682259930894,0.1077831987472577,0.18444444444444447,0.3408888888888889,0.4648888888888889,1.0353646390620406
661,120659,0.06770370604880986,-1.6385473437309326,0.5333333333333333,0,230,0.5173913043478261,0.10434782608695652,0.008695652173913044,0.11304347826086956,0.0,0.6304347826086957,0.26521739130434785,0.10434782608695652,0.18666666666666668,0.3333333333333333,0.4577777777777778,0.0026409582467749717,0.0023027964401990176,0.005019099754281342,0.06737499999999999,nan,nan,nan,nan,nan,nan,nan,nan,nan,nan,nan,nan,nan,nan,nan,nan,nan,nan,nan,nan,nan,nan,nan,nan,nan,nan,nan,nan,nan,nan,nan,nan,nan,nan,nan
662,120858,0.06986440907691971,1.2535890388488722,0.5688888888888889,0,199,0.6381909547738693,0.11557788944723618,0.0,0.035175879396984924,0.0,0.7537688442211056,0.16080402010050251,0.08542713567839195,0.18666666666666668,0.3422222222222222,0.4888888888888889,0.0027675723657011988,0.0024853514041751623,0.004196595028042793,0.06725,nan,nan,nan,nan,nan,nan,nan,nan,nan,nan,nan,nan,nan,nan,nan,nan,nan,nan,nan,nan,nan,nan,nan,nan,nan,nan,nan,nan,nan,nan,nan,nan,nan,nan,nan
663,121023,0.07165047930155219,1.2718435373306232,0.4711111111111111,0,165,0.6363636363636364,0.09090909090909091,0.0,0.03636363636363636,0.0,0.7272727272727273,0.18181818181818182,0.09090909090909091,0.19111111111111112,0.3333333333333333,0.4311111111111111,0.003388540749438107,0.0030170878861099483,0.005533748306334019,0.067125,nan,nan,nan,nan,nan,nan,nan,nan,nan,nan,nan,nan,nan,nan,nan,nan,nan,nan,nan,nan,nan,nan,nan,nan,nan,nan,nan,nan,nan,nan,nan,nan,nan,nan,nan
664,121189,0.07344238333977539,1.4839775199890108,0.52,0,166,0.6987951807228916,0.08433734939759036,0.0,0.0,0.0,0.7831325301204819,0.12650602409638553,0.09036144578313253,0.18666666666666668,0.3022222222222222,0.4666666666666667,0.0029053660575300453,0.0024947781930677593,0.00612817716319114,0.067,nan,nan,nan,nan,nan,nan,nan,nan,nan,nan,nan,nan,nan,nan,nan,nan,nan,nan,nan,nan,nan,nan,nan,nan,nan,nan,nan,nan,nan,nan,nan,nan,nan,nan,nan
665,121412,0.075841718544739,-0.9127032933235216,0.5333333333333333,0,223,0.5336322869955157,0.1210762331838565,0.03139013452914798,0.08071748878923767,0.0,0.6860986547085202,0.17488789237668162,0.13901345291479822,0.18222222222222223,0.3333333333333333,0.48,0.0027102969354018567,0.002401474351063371,0.0046179074794054035,0.06687499999999999,nan,nan,nan,nan,nan,nan,nan,nan,nan,nan,nan,nan,nan,nan,nan,nan,nan,nan,nan,nan,nan,nan,nan,nan,nan,nan,nan,nan,nan,nan,nan,nan,nan,nan,nan
666,121579,0.07763264160270461,1.8013419249057705,0.5422222222222223,0,167,0.7245508982035929,0.059880239520958084,0.005988023952095809,0.041916167664670656,0.0,0.7904191616766467,0.11377245508982035,0.09580838323353294,0.19111111111111112,0.3466666666666667,0.5022222222222222,0.0029428729321807623,0.002655157959088683,0.004310337651986629,0.06675,nan,nan,nan,nan,nan,nan,nan,nan,nan,nan,nan,nan,nan,nan,nan,nan,nan,nan,nan,nan,nan,nan,nan,nan,nan,nan,nan,nan,nan,nan,nan,nan,nan,nan,nan
667,121796,0.07995225444592624,-0.905176941394806,0.5555555555555556,0,217,0.5714285714285714,0.11981566820276497,0.03225806451612903,0.08755760368663594,0.0,0.7235023041474654,0.2073732718894009,0.06912442396313365,0.18666666666666668,0.3288888888888889,0.4222222222222222,0.002842648641671985,0.002621216606348753,0.00332355760037899,0.066625,nan,nan,nan,nan,nan,nan,nan,nan,nan,nan,nan,nan,nan,nan,nan,nan,nan,nan,nan,nan,nan,nan,nan,nan,nan,nan,nan,nan,nan,nan,nan,nan,nan,nan,nan
668,121992,0.08204010622334901,0.17994199442863512,0.5466666666666666,0,196,0.6224489795918368,0.09693877551020408,0.01020408163265306,0.05102040816326531,0.0,0.7295918367346939,0.1377551020408163,0.1326530612244898,0.17333333333333334,0.32,0.4266666666666667,0.0032912229420617224,0.0031223602360114454,0.0025392885436303914,0.0665,nan,nan,nan,nan,nan,nan,nan,nan,nan,nan,nan,nan,nan,nan,nan,nan,nan,nan,nan,nan,nan,nan,nan,nan,nan,nan,nan,nan,nan,nan,nan,nan,nan,nan,nan
669,122200,0.08424824542203574,-2.2978925521373768,0.49333333333333335,0,208,0.5288461538461539,0.16346153846153846,0.0625,0.04326923076923077,0.0,0.7548076923076923,0.09615384615384616,0.14903846153846154,0.18666666666666668,0.3377777777777778,0.4266666666666667,0.00312897814437747,0.002823877474293113,0.004596620285883546,0.066375,nan,nan,nan,nan,nan,nan,nan,nan,nan,nan,nan,nan,nan,nan,nan,nan,nan,nan,nan,nan,nan,nan,nan,nan,nan,nan,nan,nan,nan,nan,nan,nan,nan,nan,nan
670,122406,0.08642751944032698,1.0936494061946813,0.5644444444444444,0,206,0.6116504854368932,0.11650485436893204,0.0048543689320388345,0.043689320388349516,0.0,0.7330097087378641,0.10679611650485436,0.16019417475728157,0.17333333333333334,0.3377777777777778,0.47555555555555556,0.003071871679276228,0.0028274715412408115,0.00368905880022794,0.06625,nan,nan,nan,nan,nan,nan,nan,nan,nan,nan,nan,nan,nan,nan,nan,nan,nan,nan,nan,nan,nan,nan,nan,nan,nan,nan,nan,nan,nan,nan,nan,nan,nan,nan,nan
671,122612,0.0885992169484241,2.0008901224136277,0.6488888888888888,0,206,0.7038834951456311,0.0825242718446602,0.0,0.05825242718446602,0.0,0.7864077669902912,0.09223300970873786,0.12135922330097088,0.19555555555555557,0.37333333333333335,0.5333333333333333,0.002894544065929949,0.0026313733775168656,0.003979897394310683,0.066125,nan,nan,nan,nan,nan,nan,nan,nan,nan,nan,nan,nan,nan,nan,nan,nan,nan,nan,nan,nan,nan,nan,nan,nan,nan,nan,nan,nan,nan,nan,nan,nan,nan,nan,nan
672,122784,0.09040668915206818,1.6368222100734662,0.52,0,172,0.6744186046511628,0.09883720930232558,0.0,0.011627906976744186,0.0,0.7732558139534884,0.0872093023255814,0.13953488372093023,0.19111111111111112,0.3466666666666667,0.4622222222222222,0.0026282798615284266,0.002359815174713731,0.004067646840121597,0.066,nan,nan,nan,nan,nan,nan,nan,nan,nan,nan,nan,nan,nan,nan,nan,nan,nan,nan,nan,nan,nan,nan,nan,nan,nan,nan,nan,nan,nan,nan,nan,nan,nan,nan,nan
673,122997,0.09263772764601472,-0.5051561155319224,0.5155555555555555,0,213,0.539906103286385,0.1784037558685446,0.009389671361502348,0.023474178403755867,0.0,0.7276995305164319,0.13145539906103287,0.14084507042253522,0.17777777777777778,0.31555555555555553,0.4177777777777778,0.002996414597146213,0.0026827847468666732,0.004760984051972628,0.065875,nan,nan,nan,nan,nan,nan,nan,nan,nan,nan,nan,nan,nan,nan,nan,nan,nan,nan,nan,nan,nan,nan,nan,nan,nan,nan,nan,nan,nan,nan,nan,nan,nan,nan,nan
674,123213,0.09489197841649419,0.1582971470355925,0.5688888888888889,0,216,0.5879629629629629,0.12037037037037036,0.013888888888888888,0.05555555555555555,0.0,0.7222222222222222,0.0787037037037037,0.19907407407407407,0.17777777777777778,0.3422222222222222,0.48,0.0029270167695358397,0.0026452033431269228,0.004286136035807431,0.06575,nan,nan,nan,nan,nan,nan,nan,nan,nan,nan,nan,nan,nan,nan,nan,nan,nan,nan,nan,nan,nan,nan,nan,nan,nan,nan,nan,nan,nan,nan,nan,nan,nan,nan,nan
675,123404,0.09687845026172325,1.6110124473571719,0.6,0,191,0.7015706806282722,0.07329842931937172,0.010471204188481676,0.020942408376963352,0.0,0.7853403141361257,0.1099476439790576,0.10471204188481675,0.19111111111111112,0.3466666666666667,0.5066666666666667,0.0026545462198555468,0.0023396577918902038,0.0047982997260987755,0.065625,nan,nan,nan,nan,nan,nan,nan,nan,nan,nan,nan,nan,nan,nan,nan,nan,nan,nan,nan,nan,nan,nan,nan,nan,nan,nan,nan,nan,nan,nan,nan,nan,nan,nan,nan
676,123595,0.0988584899861646,0.045674965858456096,0.5022222222222222,0,191,0.5863874345549738,0.12041884816753927,0.0,0.08376963350785341,0.0,0.7068062827225131,0.15706806282722513,0.13612565445026178,0.17777777777777778,0.3333333333333333,0.4533333333333333,0.002751725586131215,0.0025108928792178633,0.0036768356803804636,0.0655,nan,nan,nan,nan,nan,nan,nan,nan,nan,nan,nan,nan,nan,nan,nan,nan,nan,nan,nan,nan,nan,nan,nan,nan,nan,nan,nan,nan,nan,nan,nan,nan,nan,nan,nan
677,123763,0.10059479092198992,1.3843094904422686,0.5333333333333333,0,168,0.7083333333333334,0.05357142857142857,0.005952380952380952,0.05952380952380952,0.0,0.7678571428571429,0.08333333333333333,0.1488095238095238,0.2,0.3466666666666667,0.5022222222222222,0.0026576240081340073,0.0024315288057550786,0.0034584348322823644,0.065375,nan,nan,nan,nan,nan,nan,nan,nan,nan,nan,nan,nan,nan,nan,nan,nan,nan,nan,nan,nan,nan,nan,nan,nan,nan,nan,nan,nan,nan,nan,nan,nan,nan,nan,nan
678,123948,0.10250105822577396,1.68106010103225,0.5644444444444444,0,185,0.6810810810810811,0.05945945945945946,0.0,0.02702702702702703,0.0,0.7405405405405405,0.12432432432432433,0.13513513513513514,0.18222222222222223,0.3377777777777778,0.48,0.0025865475181490183,0.002361260273028165,0.003452678024768829,0.06525,nan,nan,nan,nan,nan,nan,nan,nan,nan,nan,nan,nan,nan,nan,nan,nan,nan,nan,nan,nan,nan,nan,nan,nan,nan,nan,nan,nan,nan,nan,nan,nan,nan,nan,nan
679,124163,0.10470892110572586,1.0520935735702488,0.6177777777777778,0,215,0.641860465116279,0.07441860465116279,0.027906976744186046,0.05581395348837209,0.0,0.7441860465116279,0.14418604651162792,0.11162790697674418,0.16444444444444445,0.32,0.4311111111111111,0.0027866677846759558,0.0024638832779601215,0.004956383549142629,0.065125,nan,nan,nan,nan,nan,nan,nan,nan,nan,nan,nan,nan,nan,nan,nan,nan,nan,nan,nan,nan,nan,nan,nan,nan,nan,nan,nan,nan,nan,nan,nan,nan,nan,nan,nan
680,124334,0.106459177628044,0.4370965678691878,0.47555555555555556,0,171,0.6198830409356725,0.10526315789473684,0.005847953216374269,0.03508771929824561,0.0,0.7309941520467836,0.14619883040935672,0.12280701754385964,0.1688888888888889,0.26222222222222225,0.41333333333333333,0.0025316956918686627,0.0022564036422409116,0.004235262656584382,0.065,1.0430831415653175,0.5497777777777777,0.0,192.7,0.0,1.0,0.6394464906712827,0.12596643450156472,0.0010354836179170045,0.035287542081909026,0.0,0.7664484087907644,0.13291168519221647,0.10063990601701915,0.19333333333333333,0.36444444444444446,0.4884444444444444,0.844367512845988,0.5577777777777777,0.0,194.5,0.0,1.0,0.6403350013097022,0.119662296361459,0.0016245047241694606,0.04779474814131054,0.0,0.7616218023953307,0.1411352618912845,0.09724293571338484,0.19377777777777777,0.35644444444444445,0.48933333333333334,1.0900481692782844
681,124500,0.10815338265656592,1.0980725383758547,0.5066666666666667,0,166,0.6807228915662651,0.09036144578313253,0.006024096385542169,0.024096385542168676,0.0,0.7771084337349398,0.0963855421686747,0.12650602409638553,0.2,0.29333333333333333,0.4577777777777778,0.0026092012994922698,0.0023628381197340785,0.0037975057028234007,0.064875,nan,nan,nan,nan,nan,nan,nan,nan,nan,nan,nan,nan,nan,nan,nan,nan,nan,nan,nan,nan,nan,nan,nan,nan,nan,nan,nan,nan,nan,nan,nan,nan,nan,nan,nan
682,124737,0.1105639154031797,0.8073701555728854,0.6088888888888889,0,237,0.5738396624472574,0.13924050632911392,0.004219409282700422,0.06751054852320675,0.0,0.7172995780590717,0.1729957805907173,0.10970464135021098,0.18666666666666668,0.3511111111111111,0.49777777777777776,0.002542263059876859,0.0023312017903663216,0.0032596334000118076,0.06475,nan,nan,nan,nan,nan,nan,nan,nan,nan,nan,nan,nan,nan,nan,nan,nan,nan,nan,nan,nan,nan,nan,nan,nan,nan,nan,nan,nan,nan,nan,nan,nan,nan,nan,nan
683,124924,0.11245902200817429,1.394467415332789,0.5466666666666666,0,187,0.6524064171122995,0.0855614973262032,0.0,0.0213903743315508,0.0,0.7379679144385026,0.11764705882352941,0.1443850267379679,0.13777777777777778,0.31555555555555553,0.4711111111111111,0.0025078475940972567,0.0022410730482079087,0.004128039325587451,0.064625,nan,nan,nan,nan,nan,nan,nan,nan,nan,nan,nan,nan,nan,nan,nan,nan,nan,nan,nan,nan,nan,nan,nan,nan,nan,nan,nan,nan,nan,nan,nan,nan,nan,nan,nan
684,125120,0.11301560352361781,1.9716378931999143,0.6088888888888889,0,196,0.6938775510204082,0.0663265306122449,0.0,0.015306122448979591,0.0,0.7602040816326531,0.14285714285714285,0.09693877551020408,0.17777777777777778,0.36,0.5244444444444445,0.002708812360651791,0.0024620867101475597,0.0038252043072134257,0.0645,nan,nan,nan,nan,nan,nan,nan,nan,nan,nan,nan,nan,nan,nan,nan,nan,nan,nan,nan,nan,nan,nan,nan,nan,nan,nan,nan,nan,nan,nan,nan,nan,nan,nan,nan
685,125315,0.11084551439779775,0.8002772388458259,0.5644444444444444,0,195,0.6461538461538462,0.09230769230769231,0.005128205128205128,0.046153846153846156,0.0,0.7435897435897436,0.11794871794871795,0.13846153846153847,0.18222222222222223,0.29333333333333333,0.4488888888888889,0.0025821847841143606,0.0023466527927666903,0.0036587500013411044,0.064375,nan,nan,nan,nan,nan,nan,nan,nan,nan,nan,nan,nan,nan,nan,nan,nan,nan,nan,nan,nan,nan,nan,nan,nan,nan,nan,nan,nan,nan,nan,nan,nan,nan,nan,nan
686,125492,0.10888169913712972,1.3211798770427678,0.5511111111111111,0,177,0.6949152542372882,0.0847457627118644,0.0,0.022598870056497175,0.0,0.7796610169491526,0.0847457627118644,0.13559322033898305,0.17777777777777778,0.3511111111111111,0.5022222222222222,0.0025167050771415234,0.002281314495485276,0.0036636664997786285,0.06425,nan,nan,nan,nan,nan,nan,nan,nan,nan,nan,nan,nan,nan,nan,nan,nan,nan,nan,nan,nan,nan,nan,nan,nan,nan,nan,nan,nan,nan,nan,nan,nan,nan,nan,nan
687,125676,0.10684621549210324,1.8498205599784807,0.6133333333333333,0,184,0.7445652173913043,0.059782608695652176,0.005434782608695652,0.010869565217391304,0.0,0.8097826086956522,0.13043478260869565,0.059782608695652176,0.18666666666666668,0.3511111111111111,0.5022222222222222,0.002506012935191393,0.0022369698621332646,0.004195602983236313,0.064125,nan,nan,nan,nan,nan,nan,nan,nan,nan,nan,nan,nan,nan,nan,nan,nan,nan,nan,nan,nan,nan,nan,nan,nan,nan,nan,nan,nan,nan,nan,nan,nan,nan,nan,nan
688,125905,0.10432144076169238,1.5699716784953983,0.6355555555555555,0,229,0.6200873362445415,0.13537117903930132,0.004366812227074236,0.039301310043668124,0.0,0.759825327510917,0.13537117903930132,0.10480349344978165,0.18222222222222223,0.36,0.5155555555555555,0.0023703011916950344,0.0021018852829001846,0.004193998710252345,0.064,nan,nan,nan,nan,nan,nan,nan,nan,nan,nan,nan,nan,nan,nan,nan,nan,nan,nan,nan,nan,nan,nan,nan,nan,nan,nan,nan,nan,nan,nan,nan,nan,nan,nan,nan
689,126135,0.10179512298101853,2.120682483196248,0.6755555555555556,0,230,0.6565217391304348,0.09130434782608696,0.004347826086956522,0.030434782608695653,0.0,0.7521739130434782,0.1565217391304348,0.09130434782608696,0.17333333333333334,0.3466666666666667,0.4711111111111111,0.0023230271530337633,0.0020760039798915384,0.003867290704511106,0.063875,nan,nan,nan,nan,nan,nan,nan,nan,nan,nan,nan,nan,nan,nan,nan,nan,nan,nan,nan,nan,nan,nan,nan,nan,nan,nan,nan,nan,nan,nan,nan,nan,nan,nan,nan
690,126345,0.09949676131683421,-0.6804355843067151,0.5066666666666667,0,210,0.5380952380952381,0.11428571428571428,0.009523809523809525,0.09523809523809523,0.0,0.6619047619047619,0.19047619047619047,0.14761904761904762,0.19555555555555557,0.3288888888888889,0.40444444444444444,0.002368334587663412,0.002146314026322216,0.003482675412669778,0.06375,nan,nan,nan,nan,nan,nan,nan,nan,nan,nan,nan,nan,nan,nan,nan,nan,nan,nan,nan,nan,nan,nan,nan,nan,nan,nan,nan,nan,nan,nan,nan,nan,nan,nan,nan
691,126585,0.09687970869006496,1.6828919882774245,0.6488888888888888,0,240,0.6041666666666666,0.09583333333333334,0.004166666666666667,0.041666666666666664,0.0,0.7041666666666667,0.18333333333333332,0.1125,0.17777777777777778,0.3333333333333333,0.4533333333333333,0.0023415660369209947,0.002064638864248991,0.0043524894397705795,0.063625,nan,nan,nan,nan,nan,nan,nan,nan,nan,nan,nan,nan,nan,nan,nan,nan,nan,nan,nan,nan,nan,nan,nan,nan,nan,nan,nan,nan,nan,nan,nan,nan,nan,nan,nan
692,126786,0.09469582309994612,1.5970428843498177,0.5822222222222222,0,201,0.6467661691542289,0.11940298507462686,0.004975124378109453,0.029850746268656716,0.0,0.7711442786069652,0.09950248756218906,0.12935323383084577,0.18666666666666668,0.3111111111111111,0.44,0.002508839941583574,0.0022661640192382037,0.0038216678658500314,0.0635,nan,nan,nan,nan,nan,nan,nan,nan,nan,nan,nan,nan,nan,nan,nan,nan,nan,nan,nan,nan,nan,nan,nan,nan,nan,nan,nan,nan,nan,nan,nan,nan,nan,nan,nan
693,126995,0.09243262928255253,-8.305633900880817,0.39111111111111113,0,209,0.41626794258373206,0.08133971291866028,0.19617224880382775,0.04784688995215311,0.0,0.69377990430622,0.1674641148325359,0.13875598086124402,0.17333333333333334,0.24444444444444444,0.39111111111111113,0.003056910750456154,0.002729152864776552,0.005171721242368222,0.063375,nan,nan,nan,nan,nan,nan,nan,nan,nan,nan,nan,nan,nan,nan,nan,nan,nan,nan,nan,nan,nan,nan,nan,nan,nan,nan,nan,nan,nan,nan,nan,nan,nan,nan,nan
694,127189,0.09033879387559964,1.195993969917291,0.5777777777777777,0,194,0.6649484536082474,0.08247422680412371,0.0,0.03608247422680412,0.0,0.7474226804123711,0.14948453608247422,0.10309278350515463,0.18666666666666668,0.36,0.48,0.003050606092438102,0.0028204477624967695,0.003638866567052901,0.06325,nan,nan,nan,nan,nan,nan,nan,nan,nan,nan,nan,nan,nan,nan,nan,nan,nan,nan,nan,nan,nan,nan,nan,nan,nan,nan,nan,nan,nan,nan,nan,nan,nan,nan,nan
695,127362,0.08847722370442493,1.8026089665889673,0.5377777777777778,0,173,0.6936416184971098,0.057803468208092484,0.0,0.023121387283236993,0.0,0.7514450867052023,0.09826589595375723,0.15028901734104047,0.2,0.36444444444444446,0.48444444444444446,0.002638124511577189,0.0023967437678948044,0.0038238537148572505,0.063125,nan,nan,nan,nan,nan,nan,nan,nan,nan,nan,nan,nan,nan,nan,nan,nan,nan,nan,nan,nan,nan,nan,nan,nan,nan,nan,nan,nan,nan,nan,nan,nan,nan,nan,nan
696,127562,0.08633169902367552,-0.07093796682358433,0.5288888888888889,0,200,0.59,0.12,0.025,0.055,0.0,0.735,0.135,0.13,0.19111111111111112,0.37333333333333335,0.49333333333333335,0.0033022257033735515,0.003020492091309279,0.004471961280796677,0.063,nan,nan,nan,nan,nan,nan,nan,nan,nan,nan,nan,nan,nan,nan,nan,nan,nan,nan,nan,nan,nan,nan,nan,nan,nan,nan,nan,nan,nan,nan,nan,nan,nan,nan,nan
697,127764,0.08417186406442745,0.33992814111708536,0.5333333333333333,0,202,0.5891089108910891,0.08415841584158416,0.01485148514851485,0.11386138613861387,0.0,0.6881188118811881,0.20297029702970298,0.10891089108910891,0.18666666666666668,0.35555555555555557,0.4577777777777778,0.002854527928866446,0.002558859554119408,0.004702478833496571,0.062875,nan,nan,nan,nan,nan,nan,nan,nan,nan,nan,nan,nan,nan,nan,nan,nan,nan,nan,nan,nan,nan,nan,nan,nan,nan,nan,nan,nan,nan,nan,nan,nan,nan,nan,nan
698,127949,0.0822000815690568,1.9593175077438272,0.5688888888888889,0,185,0.6864864864864865,0.08108108108108109,0.0,0.010810810810810811,0.0,0.7675675675675676,0.11891891891891893,0.11351351351351352,0.1688888888888889,0.3466666666666667,0.4888888888888889,0.0028795846505090595,0.002607007441110909,0.0043438598047941925,0.06275,nan,nan,nan,nan,nan,nan,nan,nan,nan,nan,nan,nan,nan,nan,nan,nan,nan,nan,nan,nan,nan,nan,nan,nan,nan,nan,nan,nan,nan,nan,nan,nan,nan,nan,nan
699,128130,0.08027673319597457,1.1622010278701715,0.5111111111111111,0,181,0.6298342541436464,0.06629834254143646,0.0,0.049723756906077346,0.0,0.6961325966850829,0.1712707182320442,0.13259668508287292,0.1688888888888889,0.3466666666666667,0.4444444444444444,0.002790352248121053,0.002547915431205183,0.003871246916241944,0.062625,nan,nan,nan,nan,nan,nan,nan,nan,nan,nan,nan,nan,nan,nan,nan,nan,nan,nan,nan,nan,nan,nan,nan,nan,nan,nan,nan,nan,nan,nan,nan,nan,nan,nan,nan
700,128352,0.07792552443498862,0.49093681621551166,0.6044444444444445,0,222,0.6081081081081081,0.13063063063063063,0.0,0.04054054054054054,0.0,0.7387387387387387,0.12162162162162163,0.13963963963963963,0.18666666666666668,0.36,0.49333333333333335,0.002632822166197002,0.0023409034591168167,0.004670699336566031,0.0625,1.258875431084628,0.555111111111111,0.0,189.2,0.0,1.0,0.6557381263321005,0.11257160281941414,0.0005076142131979695,0.031690030996197605,0.0,0.7688173433647124,0.14050587681481247,0.09067677982047495,0.19333333333333333,0.34755555555555556,0.4804444444444444,0.7318352038860269,0.5555555555555556,0.0,197.5,0.0,1.0,0.6331228522895878,0.1125092108062474,0.009294897086003808,0.04315246952852634,0.0,0.754926960181839,0.15941213401460194,0.085660905803559,0.18755555555555556,0.3511111111111111,0.4764444444444445,1.094427279529738
701,128526,0.07608868977616254,-2.7230236527919764,0.38222222222222224,0,174,0.4885057471264368,0.13218390804597702,0.022988505747126436,0.13218390804597702,0.0,0.6436781609195402,0.28160919540229884,0.07471264367816093,0.16444444444444445,0.28888888888888886,0.37777777777777777,0.0031594702741131186,0.002876242739148438,0.004540722002275288,0.062375,nan,nan,nan,nan,nan,nan,nan,nan,nan,nan,nan,nan,nan,nan,nan,nan,nan,nan,nan,nan,nan,nan,nan,nan,nan,nan,nan,nan,nan,nan,nan,nan,nan,nan,nan
702,128710,0.07415201651710336,2.2556768803596388,0.5911111111111111,0,184,0.717391304347826,0.06521739130434782,0.005434782608695652,0.03804347826086957,0.0,0.7880434782608695,0.11413043478260869,0.09782608695652174,0.19111111111111112,0.3511111111111111,0.4888888888888889,0.003120881598442793,0.002851360640488565,0.004329654457978904,0.062250000000000014,nan,nan,nan,nan,nan,nan,nan,nan,nan,nan,nan,nan,nan,nan,nan,nan,nan,nan,nan,nan,nan,nan,nan,nan,nan,nan,nan,nan,nan,nan,nan,nan,nan,nan,nan
703,128960,0.0715300756891558,2.176040002346027,0.6355555555555555,1,250,0.568,0.08,0.004,0.136,0.0,0.652,0.164,0.184,0.18222222222222223,0.3333333333333333,0.49777777777777776,0.003363080881536007,0.0030395933194085956,0.0052070421632379295,0.062125,nan,nan,nan,nan,nan,nan,nan,nan,nan,nan,nan,nan,nan,nan,nan,nan,nan,nan,nan,nan,nan,nan,nan,nan,nan,nan,nan,nan,nan,nan,nan,nan,nan,nan,nan
704,129129,0.06976376878930066,1.7524309208393034,0.5333333333333333,0,169,0.7041420118343196,0.0650887573964497,0.011834319526627219,0.011834319526627219,0.0,0.7810650887573964,0.10059171597633136,0.11834319526627218,0.1688888888888889,0.3333333333333333,0.4888888888888889,0.0035200742771849037,0.0032861018320545555,0.003773748525418341,0.062,nan,nan,nan,nan,nan,nan,nan,nan,nan,nan,nan,nan,nan,nan,nan,nan,nan,nan,nan,nan,nan,nan,nan,nan,nan,nan,nan,nan,nan,nan,nan,nan,nan,nan,nan
705,129314,0.067835888204902,1.3342099959850247,0.5466666666666666,0,185,0.6594594594594595,0.0918918918918919,0.005405405405405406,0.02702702702702703,0.0,0.7567567567567568,0.04864864864864865,0.1945945945945946,0.18222222222222223,0.3288888888888889,0.4622222222222222,0.003444951074197888,0.0031556776724755765,0.004675126075744629,0.061875,nan,nan,nan,nan,nan,nan,nan,nan,nan,nan,nan,nan,nan,nan,nan,nan,nan,nan,nan,nan,nan,nan,nan,nan,nan,nan,nan,nan,nan,nan,nan,nan,nan,nan,nan
706,129503,0.06587240892854486,0.9319949166774735,0.5777777777777777,0,189,0.6825396825396826,0.06878306878306878,0.0,0.037037037037037035,0.0,0.7513227513227513,0.14285714285714285,0.10582010582010581,0.19111111111111112,0.3244444444444444,0.48444444444444446,0.003257921920157969,0.002970095514319837,0.0046611567959189415,0.06175000000000001,nan,nan,nan,nan,nan,nan,nan,nan,nan,nan,nan,nan,nan,nan,nan,nan,nan,nan,nan,nan,nan,nan,nan,nan,nan,nan,nan,nan,nan,nan,nan,nan,nan,nan,nan
707,129745,0.06336728053357564,-1.0026652846336455,0.5733333333333334,0,242,0.5289256198347108,0.10330578512396695,0.07024793388429752,0.045454545454545456,0.0,0.7024793388429752,0.1446280991735537,0.15289256198347106,0.20444444444444446,0.35555555555555557,0.49333333333333335,0.00331231108866632,0.0030108358478173614,0.004892093292437494,0.061625,nan,nan,nan,nan,nan,nan,nan,nan,nan,nan,nan,nan,nan,nan,nan,nan,nan,nan,nan,nan,nan,nan,nan,nan,nan,nan,nan,nan,nan,nan,nan,nan,nan,nan,nan
708,129956,0.061191242633402046,0.4679291393756806,0.5733333333333334,0,211,0.6066350710900474,0.11374407582938388,0.0,0.037914691943127965,0.0,0.7203791469194313,0.16113744075829384,0.11848341232227488,0.19555555555555557,0.3511111111111111,0.4888888888888889,0.003368763322941959,0.0030729502672329546,0.004809968150220811,0.0615,nan,nan,nan,nan,nan,nan,nan,nan,nan,nan,nan,nan,nan,nan,nan,nan,nan,nan,nan,nan,nan,nan,nan,nan,nan,nan,nan,nan,nan,nan,nan,nan,nan,nan,nan
709,130165,0.05904332738976125,0.9695071747302986,0.6311111111111111,0,209,0.6746411483253588,0.11483253588516747,0.004784688995215311,0.004784688995215311,0.0,0.7942583732057417,0.09569377990430622,0.11004784688995216,0.18222222222222223,0.36,0.49777777777777776,0.0033383998554199932,0.0030345675768330693,0.004950424074195325,0.061375,nan,nan,nan,nan,nan,nan,nan,nan,nan,nan,nan,nan,nan,nan,nan,nan,nan,nan,nan,nan,nan,nan,nan,nan,nan,nan,nan,nan,nan,nan,nan,nan,nan,nan,nan
710,130354,0.057107362225779085,1.1553809218406643,0.5777777777777777,0,189,0.6825396825396826,0.09523809523809523,0.0,0.026455026455026454,0.0,0.7777777777777778,0.08465608465608465,0.13756613756613756,0.18666666666666668,0.36,0.4888888888888889,0.0035883132833987473,0.0033487599110230805,0.0039110756595619025,0.06125000000000001,nan,nan,nan,nan,nan,nan,nan,nan,nan,nan,nan,nan,nan,nan,nan,nan,nan,nan,nan,nan,nan,nan,nan,nan,nan,nan,nan,nan,nan,nan,nan,nan,nan,nan,nan
711,130515,0.05546299585827967,1.0207558734416953,0.5022222222222222,0,161,0.6956521739130435,0.09937888198757763,0.0,0.012422360248447204,0.0,0.7950310559006211,0.13664596273291926,0.06832298136645963,0.17777777777777778,0.3466666666666667,0.4888888888888889,0.0031428066315129398,0.0028440421912819145,0.004887761967256665,0.061125,nan,nan,nan,nan,nan,nan,nan,nan,nan,nan,nan,nan,nan,nan,nan,nan,nan,nan,nan,nan,nan,nan,nan,nan,nan,nan,nan,nan,nan,nan,nan,nan,nan,nan,nan
712,130691,0.05367045750944281,-1.5009154419898985,0.38222222222222224,0,176,0.48295454545454547,0.19886363636363635,0.005681818181818182,0.08522727272727272,0.0,0.6875,0.14204545454545456,0.17045454545454544,0.15555555555555556,0.3244444444444444,0.37333333333333335,0.003001491818577051,0.0026868969900533555,0.005157291865907609,0.061,nan,nan,nan,nan,nan,nan,nan,nan,nan,nan,nan,nan,nan,nan,nan,nan,nan,nan,nan,nan,nan,nan,nan,nan,nan,nan,nan,nan,nan,nan,nan,nan,nan,nan,nan
713,130886,0.05169052801806446,1.3124360551834064,0.5555555555555556,0,195,0.6358974358974359,0.15897435897435896,0.0,0.005128205128205128,0.0,0.7948717948717948,0.1076923076923077,0.09743589743589744,0.18666666666666668,0.3377777777777778,0.48444444444444446,0.0028148490702733396,0.0025365274981595577,0.004572018119506538,0.060875,nan,nan,nan,nan,nan,nan,nan,nan,nan,nan,nan,nan,nan,nan,nan,nan,nan,nan,nan,nan,nan,nan,nan,nan,nan,nan,nan,nan,nan,nan,nan,nan,nan,nan,nan
714,131053,0.05,0.6837967629432662,0.49777777777777776,0,167,0.6646706586826348,0.0658682634730539,0.0,0.03592814371257485,0.0,0.7305389221556886,0.1497005988023952,0.11976047904191617,0.18666666666666668,0.3511111111111111,0.4577777777777778,0.002736474317498505,0.002464635111391544,0.0044747196370735765,0.06075000000000001,nan,nan,nan,nan,nan,nan,nan,nan,nan,nan,nan,nan,nan,nan,nan,nan,nan,nan,nan,nan,nan,nan,nan,nan,nan,nan,nan,nan,nan,nan,nan,nan,nan,nan,nan
715,131238,0.05186725529540624,-0.35129025578498785,0.48,0,185,0.5783783783783784,0.12972972972972974,0.02702702702702703,0.04864864864864865,0.0,0.7351351351351352,0.07567567567567568,0.1891891891891892,0.1688888888888889,0.31555555555555553,0.38666666666666666,0.0031321524409577252,0.0028703677700832484,0.004318097443319857,0.060625,nan,nan,nan,nan,nan,nan,nan,nan,nan,nan,nan,nan,nan,nan,nan,nan,nan,nan,nan,nan,nan,nan,nan,nan,nan,nan,nan,nan,nan,nan,nan,nan,nan,nan,nan
716,131428,0.05377898881183721,1.5505698468685065,0.6,0,190,0.7052631578947368,0.06315789473684211,0.010526315789473684,0.02631578947368421,0.0,0.7789473684210526,0.09473684210526316,0.12631578947368421,0.18222222222222223,0.36444444444444446,0.5066666666666667,0.0035017819609493017,0.003189726313576102,0.005157945014070719,0.0605,nan,nan,nan,nan,nan,nan,nan,nan,nan,nan,nan,nan,nan,nan,nan,nan,nan,nan,nan,nan,nan,nan,nan,nan,nan,nan,nan,nan,nan,nan,nan,nan,nan,nan,nan
717,131658,0.05608509433467644,1.7257367603778757,0.6355555555555555,0,230,0.6173913043478261,0.15217391304347827,0.0,0.02608695652173913,0.0,0.7695652173913043,0.11304347826086956,0.11739130434782609,0.19555555555555557,0.3466666666666667,0.4666666666666667,0.003943597665056586,0.0036640965146943925,0.004629418579861521,0.060375,nan,nan,nan,nan,nan,nan,nan,nan,nan,nan,nan,nan,nan,nan,nan,nan,nan,nan,nan,nan,nan,nan,nan,nan,nan,nan,nan,nan,nan,nan,nan,nan,nan,nan,nan
718,131845,0.057953537749277986,1.0426184988021832,0.5377777777777778,0,187,0.6417112299465241,0.08021390374331551,0.0,0.0481283422459893,0.0,0.7219251336898396,0.1711229946524064,0.10695187165775401,0.17333333333333334,0.31555555555555553,0.4488888888888889,0.0034108666703104975,0.0031314333435148002,0.004637898039072752,0.06025000000000001,nan,nan,nan,nan,nan,nan,nan,nan,nan,nan,nan,nan,nan,nan,nan,nan,nan,nan,nan,nan,nan,nan,nan,nan,nan,nan,nan,nan,nan,nan,nan,nan,nan,nan,nan
719,132069,0.060183995294937634,2.259353425264349,0.6844444444444444,0,224,0.6830357142857143,0.08035714285714286,0.004464285714285714,0.044642857142857144,0.0,0.7678571428571429,0.14285714285714285,0.08928571428571429,0.19555555555555557,0.3422222222222222,0.48,0.003815005603246391,0.00352280578808859,0.004859872255474329,0.060125,nan,nan,nan,nan,nan,nan,nan,nan,nan,nan,nan,nan,nan,nan,nan,nan,nan,nan,nan,nan,nan,nan,nan,nan,nan,nan,nan,nan,nan,nan,nan,nan,nan,nan,nan
720,132286,0.06233679106052275,2.7158195204734703,0.7111111111111111,0,217,0.7327188940092166,0.059907834101382486,0.0,0.02304147465437788,0.0,0.7926267281105991,0.11059907834101383,0.0967741935483871,0.2,0.3688888888888889,0.5244444444444445,0.0032147766556590795,0.002927086502313614,0.00479483597446233,0.06,1.7298807397842348,0.5800000000000001,0.0,183.5,0.0,1.0,0.7104622503290575,0.09603472282795336,0.006400487656202378,0.010472827647082805,0.0,0.8128974608132132,0.07629859424618798,0.11080394494059875,0.19155555555555556,0.3622222222222222,0.5084444444444444,1.540008428812021,0.5595555555555556,0.0,180.8,0.0,1.0,0.6946816789799379,0.11116595061055887,0.003211883565799264,0.011988145274742268,0.0,0.809059513156296,0.0913561794813716,0.0995843073623323,0.19155555555555553,0.3595555555555555,0.48839506172839503,1.15809357968761
721,132473,0.06418569773162039,1.3319241809844926,0.5777777777777777,0,187,0.6898395721925134,0.10160427807486631,0.0,0.016042780748663103,0.0,0.7914438502673797,0.0962566844919786,0.11229946524064172,0.17777777777777778,0.36,0.5111111111111111,0.0031961237080395223,0.0029836736037395896,0.003548227366991341,0.059875,nan,nan,nan,nan,nan,nan,nan,nan,nan,nan,nan,nan,nan,nan,nan,nan,nan,nan,nan,nan,nan,nan,nan,nan,nan,nan,nan,nan,nan,nan,nan,nan,nan,nan,nan
722,132668,0.06610753766051722,0.22798314833640676,0.49333333333333335,0,195,0.5641025641025641,0.13846153846153847,0.0,0.08205128205128205,0.0,0.7025641025641025,0.12307692307692308,0.17435897435897435,0.18222222222222223,0.3333333333333333,0.43555555555555553,0.0030935164075344803,0.0027998598059639336,0.004914755211211741,0.05975000000000001,nan,nan,nan,nan,nan,nan,nan,nan,nan,nan,nan,nan,nan,nan,nan,nan,nan,nan,nan,nan,nan,nan,nan,nan,nan,nan,nan,nan,nan,nan,nan,nan,nan,nan,nan
723,132851,0.06790539957289923,1.0505716814994772,0.5377777777777778,0,183,0.6557377049180327,0.09289617486338798,0.00546448087431694,0.03278688524590164,0.0,0.7540983606557377,0.13114754098360656,0.11475409836065574,0.18666666666666668,0.3377777777777778,0.4888888888888889,0.0027916661230847238,0.002545325818937272,0.00413149397354573,0.059625,nan,nan,nan,nan,nan,nan,nan,nan,nan,nan,nan,nan,nan,nan,nan,nan,nan,nan,nan,nan,nan,nan,nan,nan,nan,nan,nan,nan,nan,nan,nan,nan,nan,nan,nan
724,133040,0.0697564169413061,0.8813807854652369,0.5422222222222223,0,189,0.6402116402116402,0.08994708994708994,0.021164021164021163,0.07936507936507936,0.0,0.7513227513227513,0.06878306878306878,0.17989417989417988,0.2088888888888889,0.3333333333333333,0.4488888888888889,0.0028168750228360294,0.0025893339887261392,0.0038242188980802893,0.0595,nan,nan,nan,nan,nan,nan,nan,nan,nan,nan,nan,nan,nan,nan,nan,nan,nan,nan,nan,nan,nan,nan,nan,nan,nan,nan,nan,nan,nan,nan,nan,nan,nan,nan,nan
725,133256,0.07186467785181619,0.645691211700439,0.5866666666666667,0,216,0.6064814814814815,0.10185185185185185,0.013888888888888888,0.05555555555555555,0.0,0.7222222222222222,0.1574074074074074,0.12037037037037036,0.15555555555555556,0.28888888888888886,0.4622222222222222,0.0026272293878719212,0.002400344843044877,0.003821212821640074,0.059375,nan,nan,nan,nan,nan,nan,nan,nan,nan,nan,nan,nan,nan,nan,nan,nan,nan,nan,nan,nan,nan,nan,nan,nan,nan,nan,nan,nan,nan,nan,nan,nan,nan,nan,nan
726,133442,0.07367399650189863,0.8945194199085236,0.5688888888888889,0,186,0.6827956989247311,0.0913978494623656,0.005376344086021506,0.021505376344086023,0.0,0.7795698924731183,0.10215053763440861,0.11827956989247312,0.18666666666666668,0.3244444444444444,0.4711111111111111,0.0029162959195673465,0.002694870880804956,0.0037371312384493647,0.05925000000000001,nan,nan,nan,nan,nan,nan,nan,nan,nan,nan,nan,nan,nan,nan,nan,nan,nan,nan,nan,nan,nan,nan,nan,nan,nan,nan,nan,nan,nan,nan,nan,nan,nan,nan,nan
727,133659,0.07577771937741021,1.8083380811214365,0.6355555555555555,0,217,0.6543778801843319,0.08294930875576037,0.004608294930875576,0.05069124423963134,0.0,0.7419354838709677,0.11981566820276497,0.1382488479262673,0.1688888888888889,0.3422222222222222,0.48444444444444446,0.0025004794588312507,0.0021887018694542347,0.0052731943549588324,0.05912500000000001,nan,nan,nan,nan,nan,nan,nan,nan,nan,nan,nan,nan,nan,nan,nan,nan,nan,nan,nan,nan,nan,nan,nan,nan,nan,nan,nan,nan,nan,nan,nan,nan,nan,nan,nan
728,133827,0.07740113324885502,1.5237011468410455,0.5244444444444445,0,168,0.6964285714285714,0.08928571428571429,0.0,0.03571428571428571,0.0,0.7857142857142857,0.11904761904761904,0.09523809523809523,0.20444444444444446,0.3688888888888889,0.5022222222222222,0.002794449799694121,0.0025538996094837787,0.004077121976297349,0.059,nan,nan,nan,nan,nan,nan,nan,nan,nan,nan,nan,nan,nan,nan,nan,nan,nan,nan,nan,nan,nan,nan,nan,nan,nan,nan,nan,nan,nan,nan,nan,nan,nan,nan,nan
729,134008,0.07914502903194891,1.5924135270118651,0.56,0,181,0.6906077348066298,0.08287292817679558,0.0,0.03314917127071823,0.0,0.7734806629834254,0.06077348066298342,0.16574585635359115,0.18222222222222223,0.3511111111111111,0.5066666666666667,0.0025197166949510576,0.0023060877923853696,0.003628516674507409,0.058875,nan,nan,nan,nan,nan,nan,nan,nan,nan,nan,nan,nan,nan,nan,nan,nan,nan,nan,nan,nan,nan,nan,nan,nan,nan,nan,nan,nan,nan,nan,nan,nan,nan,nan,nan
730,134183,0.08082605851564065,1.5226272726058894,0.5288888888888889,0,175,0.6742857142857143,0.06285714285714286,0.017142857142857144,0.02857142857142857,0.0,0.7542857142857143,0.12571428571428572,0.12,0.18222222222222223,0.3511111111111111,0.4622222222222222,0.0030987205216661097,0.0028938006493262947,0.003487997537013143,0.05875000000000001,nan,nan,nan,nan,nan,nan,nan,nan,nan,nan,nan,nan,nan,nan,nan,nan,nan,nan,nan,nan,nan,nan,nan,nan,nan,nan,nan,nan,nan,nan,nan,nan,nan,nan,nan
731,134372,0.08263599812662795,1.464351329326628,0.5955555555555555,0,189,0.7037037037037037,0.0582010582010582,0.0,0.010582010582010581,0.0,0.7619047619047619,0.14285714285714285,0.09523809523809523,0.17333333333333334,0.32,0.4888888888888889,0.0030844498658552768,0.002845693752169609,0.004072599322535097,0.05862500000000001,nan,nan,nan,nan,nan,nan,nan,nan,nan,nan,nan,nan,nan,nan,nan,nan,nan,nan,nan,nan,nan,nan,nan,nan,nan,nan,nan,nan,nan,nan,nan,nan,nan,nan,nan
732,134543,0.08426858754837563,1.7461955246925287,0.5377777777777778,0,171,0.7017543859649122,0.04093567251461988,0.0,0.023391812865497075,0.0,0.7426900584795322,0.12280701754385964,0.13450292397660818,0.19111111111111112,0.3466666666666667,0.4888888888888889,0.0030231726239435376,0.002811114420183003,0.003624926705379039,0.058499999999999996,nan,nan,nan,nan,nan,nan,nan,nan,nan,nan,nan,nan,nan,nan,nan,nan,nan,nan,nan,nan,nan,nan,nan,nan,nan,nan,nan,nan,nan,nan,nan,nan,nan,nan,nan
733,134742,0.08616256503490297,0.7463432295322403,0.5511111111111111,0,199,0.6180904522613065,0.11055276381909548,0.0,0.04020100502512563,0.0,0.7286432160804021,0.11055276381909548,0.16080402010050251,0.13333333333333333,0.3111111111111111,0.4488888888888889,0.0032863810192793608,0.0030030425870791076,0.004853763268329203,0.058374999999999996,nan,nan,nan,nan,nan,nan,nan,nan,nan,nan,nan,nan,nan,nan,nan,nan,nan,nan,nan,nan,nan,nan,nan,nan,nan,nan,nan,nan,nan,nan,nan,nan,nan,nan,nan
734,134978,0.08840043296502878,0.5512479047775198,0.5955555555555555,0,236,0.5635593220338984,0.1483050847457627,0.00847457627118644,0.05084745762711865,0.0,0.7203389830508474,0.13559322033898305,0.1440677966101695,0.1688888888888889,0.3244444444444444,0.4622222222222222,0.0027238465147092937,0.002503651240840554,0.003780176490545273,0.05825000000000001,nan,nan,nan,nan,nan,nan,nan,nan,nan,nan,nan,nan,nan,nan,nan,nan,nan,nan,nan,nan,nan,nan,nan,nan,nan,nan,nan,nan,nan,nan,nan,nan,nan,nan,nan
735,135184,0.0903465232088077,2.040927741527548,0.64,0,206,0.6941747572815534,0.09223300970873786,0.0048543689320388345,0.019417475728155338,0.0,0.7912621359223301,0.07766990291262135,0.13106796116504854,0.19555555555555557,0.36444444444444446,0.48,0.0026701836846768855,0.002438851760234684,0.003979904390871525,0.05812500000000001,nan,nan,nan,nan,nan,nan,nan,nan,nan,nan,nan,nan,nan,nan,nan,nan,nan,nan,nan,nan,nan,nan,nan,nan,nan,nan,nan,nan,nan,nan,nan,nan,nan,nan,nan
736,135377,0.09216364189468801,1.135723656892772,0.5733333333333334,0,193,0.6632124352331606,0.10880829015544041,0.0,0.04145077720207254,0.0,0.772020725388601,0.08290155440414508,0.14507772020725387,0.19555555555555557,0.39111111111111113,0.5155555555555555,0.0028887325432151558,0.0026574291987344623,0.003987988899461925,0.057999999999999996,nan,nan,nan,nan,nan,nan,nan,nan,nan,nan,nan,nan,nan,nan,nan,nan,nan,nan,nan,nan,nan,nan,nan,nan,nan,nan,nan,nan,nan,nan,nan,nan,nan,nan,nan
737,135601,0.09426517686493725,2.5787404220104113,0.68,0,224,0.6785714285714286,0.11160714285714286,0.0,0.008928571428571428,0.0,0.7901785714285714,0.09821428571428571,0.11160714285714286,0.2,0.3466666666666667,0.4711111111111111,0.0033990782918408512,0.003181535960175097,0.0037588302977383135,0.057874999999999996,nan,nan,nan,nan,nan,nan,nan,nan,nan,nan,nan,nan,nan,nan,nan,nan,nan,nan,nan,nan,nan,nan,nan,nan,nan,nan,nan,nan,nan,nan,nan,nan,nan,nan,nan
738,135784,0.09597612837453226,1.7625737552642764,0.5644444444444444,0,183,0.6885245901639344,0.07650273224043716,0.0,0.01639344262295082,0.0,0.7650273224043715,0.12021857923497267,0.11475409836065574,0.1688888888888889,0.36,0.5066666666666667,0.0032448788406327367,0.002988478576298803,0.004439831722993404,0.05775000000000001,nan,nan,nan,nan,nan,nan,nan,nan,nan,nan,nan,nan,nan,nan,nan,nan,nan,nan,nan,nan,nan,nan,nan,nan,nan,nan,nan,nan,nan,nan,nan,nan,nan,nan,nan
739,135976,0.09776550935979769,1.781503320217127,0.5644444444444444,0,192,0.65625,0.07291666666666667,0.0,0.041666666666666664,0.0,0.7291666666666666,0.15104166666666666,0.11979166666666667,0.17777777777777778,0.3244444444444444,0.47555555555555556,0.003105986979790032,0.0028054058784618974,0.005216157739050686,0.05762500000000001,nan,nan,nan,nan,nan,nan,nan,nan,nan,nan,nan,nan,nan,nan,nan,nan,nan,nan,nan,nan,nan,nan,nan,nan,nan,nan,nan,nan,nan,nan,nan,nan,nan,nan,nan
740,136183,0.09968814512324362,-0.1056356375217462,0.5333333333333333,0,207,0.5748792270531401,0.1111111111111111,0.01932367149758454,0.07729468599033816,0.0,0.7053140096618358,0.1642512077294686,0.13043478260869565,0.1688888888888889,0.3288888888888889,0.4577777777777778,0.002962332405149937,0.0027461314806714655,0.0037600160692818465,0.057499999999999996,1.0864753314256628,0.548,0.0,188.8,0.0,1.0,0.6496176971984355,0.1528554975323046,0.0034776245564910645,0.014237055091376826,0.0,0.8059508192872311,0.07829949310187284,0.11574968761089602,0.19022222222222224,0.3528888888888889,0.472,0.7827641300678215,0.5493333333333333,0.0,182.2,0.0,1.0,0.6759005470799637,0.11142440625118584,0.024737484737484737,0.010282716528040473,0.0,0.8120624380686342,0.07423397426962661,0.1137035876617392,0.18977777777777777,0.3413333333333333,0.47377777777777774,1.0756915259397717
741,136393,0.10163172812842006,-1.5722282385826114,0.5066666666666667,0,210,0.5380952380952381,0.1761904761904762,0.04285714285714286,0.02857142857142857,0.0,0.7571428571428571,0.0761904761904762,0.16666666666666666,0.1688888888888889,0.30666666666666664,0.37777777777777777,0.0027880601584911345,0.0025547560770064594,0.004066301649436355,0.057374999999999995,nan,nan,nan,nan,nan,nan,nan,nan,nan,nan,nan,nan,nan,nan,nan,nan,nan,nan,nan,nan,nan,nan,nan,nan,nan,nan,nan,nan,nan,nan,nan,nan,nan,nan,nan
742,136582,0.10337501134576717,2.69552558660506,0.5955555555555555,0,189,0.7037037037037037,0.06349206349206349,0.0,0.010582010582010581,0.0,0.7671957671957672,0.10582010582010581,0.12698412698412698,0.18222222222222223,0.3466666666666667,0.5111111111111111,0.002978194551542401,0.0027745859231799843,0.0035564822610467672,0.05725000000000001,nan,nan,nan,nan,nan,nan,nan,nan,nan,nan,nan,nan,nan,nan,nan,nan,nan,nan,nan,nan,nan,nan,nan,nan,nan,nan,nan,nan,nan,nan,nan,nan,nan,nan,nan
743,136799,0.10536963528725714,-0.2026359977722192,0.5911111111111111,0,217,0.6082949308755761,0.12903225806451613,0.009216589861751152,0.055299539170506916,0.0,0.7465437788018433,0.14285714285714285,0.11059907834101383,0.19111111111111112,0.35555555555555557,0.4622222222222222,0.0030374393798410894,0.0027414340991526844,0.0051817117724567655,0.05712500000000001,nan,nan,nan,nan,nan,nan,nan,nan,nan,nan,nan,nan,nan,nan,nan,nan,nan,nan,nan,nan,nan,nan,nan,nan,nan,nan,nan,nan,nan,nan,nan,nan,nan,nan,nan
744,136973,0.1069636777535946,1.4699868576526618,0.5688888888888889,0,174,0.7298850574712644,0.04597701149425287,0.005747126436781609,0.022988505747126436,0.0,0.7816091954022989,0.1206896551724138,0.09770114942528736,0.17333333333333334,0.36,0.4888888888888889,0.0028960335534065963,0.00262827652040869,0.004697491461411118,0.056999999999999995,nan,nan,nan,nan,nan,nan,nan,nan,nan,nan,nan,nan,nan,nan,nan,nan,nan,nan,nan,nan,nan,nan,nan,nan,nan,nan,nan,nan,nan,nan,nan,nan,nan,nan,nan
745,137190,0.10631328459102253,1.034903458833687,0.64,0,217,0.6589861751152074,0.08755760368663594,0.0,0.03225806451612903,0.0,0.7465437788018433,0.07834101382488479,0.17511520737327188,0.18222222222222223,0.3511111111111111,0.5022222222222222,0.0030735626933164895,0.0028280945145525037,0.004315924621187151,0.056874999999999995,nan,nan,nan,nan,nan,nan,nan,nan,nan,nan,nan,nan,nan,nan,nan,nan,nan,nan,nan,nan,nan,nan,nan,nan,nan,nan,nan,nan,nan,nan,nan,nan,nan,nan,nan
746,137384,0.1043619857791245,1.6688327288627542,0.5866666666666667,0,194,0.6752577319587629,0.10824742268041238,0.010309278350515464,0.015463917525773196,0.0,0.7938144329896907,0.12371134020618557,0.08247422680412371,0.19111111111111112,0.3688888888888889,0.4711111111111111,0.0037407287629321216,0.0034520720364525914,0.00508646231610328,0.05675000000000001,nan,nan,nan,nan,nan,nan,nan,nan,nan,nan,nan,nan,nan,nan,nan,nan,nan,nan,nan,nan,nan,nan,nan,nan,nan,nan,nan,nan,nan,nan,nan,nan,nan,nan,nan
747,137593,0.10226670258792056,0.1236491608619672,0.6,0,209,0.6411483253588517,0.11483253588516747,0.004784688995215311,0.023923444976076555,0.0,0.7607655502392344,0.07177033492822966,0.1674641148325359,0.18222222222222223,0.3511111111111111,0.44,0.0035052134189754725,0.003301340085454285,0.0036004126304760575,0.05662500000000001,nan,nan,nan,nan,nan,nan,nan,nan,nan,nan,nan,nan,nan,nan,nan,nan,nan,nan,nan,nan,nan,nan,nan,nan,nan,nan,nan,nan,nan,nan,nan,nan,nan,nan,nan
748,137774,0.1004578870849873,1.346577289104456,0.5377777777777778,0,181,0.6629834254143646,0.1270718232044199,0.0055248618784530384,0.016574585635359115,0.0,0.7955801104972375,0.09944751381215469,0.10497237569060773,0.18666666666666668,0.36,0.49777777777777776,0.003595158387906849,0.003351965523324907,0.00430429793195799,0.056499999999999995,nan,nan,nan,nan,nan,nan,nan,nan,nan,nan,nan,nan,nan,nan,nan,nan,nan,nan,nan,nan,nan,nan,nan,nan,nan,nan,nan,nan,nan,nan,nan,nan,nan,nan,nan
749,137951,0.09869420373287666,1.3626926608085552,0.5333333333333333,0,177,0.672316384180791,0.03389830508474576,0.0,0.062146892655367235,0.0,0.7062146892655368,0.15254237288135594,0.14124293785310735,0.17777777777777778,0.3466666666666667,0.48444444444444446,0.003410872002132237,0.003129982645623386,0.0049825160414911805,0.056374999999999995,nan,nan,nan,nan,nan,nan,nan,nan,nan,nan,nan,nan,nan,nan,nan,nan,nan,nan,nan,nan,nan,nan,nan,nan,nan,nan,nan,nan,nan,nan,nan,nan,nan,nan,nan
750,138117,0.09704475283740316,0.44178888750076006,0.47555555555555556,0,166,0.6385542168674698,0.1144578313253012,0.012048192771084338,0.024096385542168676,0.0,0.7650602409638554,0.13855421686746988,0.0963855421686747,0.2,0.37333333333333335,0.4266666666666667,0.003138204524293542,0.0028663654811680317,0.0048326937248930335,0.05625000000000001,nan,nan,nan,nan,nan,nan,nan,nan,nan,nan,nan,nan,nan,nan,nan,nan,nan,nan,nan,nan,nan,nan,nan,nan,nan,nan,nan,nan,nan,nan,nan,nan,nan,nan,nan
751,138286,0.09537008163462535,2.0519764215946132,0.5466666666666666,0,169,0.7218934911242604,0.05917159763313609,0.0,0.005917159763313609,0.0,0.7810650887573964,0.10059171597633136,0.11834319526627218,0.19111111111111112,0.3511111111111111,0.49333333333333335,0.002829241845756769,0.0026376961963251234,0.0034128403989598156,0.05612500000000001,nan,nan,nan,nan,nan,nan,nan,nan,nan,nan,nan,nan,nan,nan,nan,nan,nan,nan,nan,nan,nan,nan,nan,nan,nan,nan,nan,nan,nan,nan,nan,nan,nan,nan,nan
752,138509,0.09316737773000382,-1.228399200677879,0.5111111111111111,0,223,0.5112107623318386,0.1031390134529148,0.0,0.16143497757847533,0.0,0.6143497757847534,0.3004484304932735,0.08520179372197309,0.19555555555555557,0.3466666666666667,0.47555555555555556,0.0025859093759208916,0.0023553829058073463,0.004116544721182436,0.05600000000000001,nan,nan,nan,nan,nan,nan,nan,nan,nan,nan,nan,nan,nan,nan,nan,nan,nan,nan,nan,nan,nan,nan,nan,nan,nan,nan,nan,nan,nan,nan,nan,nan,nan,nan,nan
753,138736,0.09093340317746658,0.8675290970802221,0.6311111111111111,0,227,0.6211453744493393,0.1145374449339207,0.013215859030837005,0.05726872246696035,0.0,0.748898678414097,0.13215859030837004,0.11894273127753303,0.2,0.3511111111111111,0.4888888888888889,0.0029256094712764025,0.0027017332147806885,0.004006733233109116,0.055874999999999994,nan,nan,nan,nan,nan,nan,nan,nan,nan,nan,nan,nan,nan,nan,nan,nan,nan,nan,nan,nan,nan,nan,nan,nan,nan,nan,nan,nan,nan,nan,nan,nan,nan,nan,nan
754,138903,0.089295200405712,2.9390647864341637,0.5777777777777777,0,167,0.7724550898203593,0.059880239520958084,0.0,0.0,0.0,0.8323353293413174,0.08982035928143713,0.07784431137724551,0.19111111111111112,0.38222222222222224,0.52,0.0026631864253431558,0.0024420729256235062,0.003966161038260907,0.05575000000000001,nan,nan,nan,nan,nan,nan,nan,nan,nan,nan,nan,nan,nan,nan,nan,nan,nan,nan,nan,nan,nan,nan,nan,nan,nan,nan,nan,nan,nan,nan,nan,nan,nan,nan,nan
755,139132,0.08705607997136994,-0.431403440952305,0.56,0,229,0.5458515283842795,0.1615720524017467,0.004366812227074236,0.0611353711790393,0.0,0.7117903930131004,0.16593886462882096,0.1222707423580786,0.19111111111111112,0.37333333333333335,0.4666666666666667,0.0034179168520495295,0.003195022908039391,0.00400708265369758,0.05562500000000001,nan,nan,nan,nan,nan,nan,nan,nan,nan,nan,nan,nan,nan,nan,nan,nan,nan,nan,nan,nan,nan,nan,nan,nan,nan,nan,nan,nan,nan,nan,nan,nan,nan,nan,nan
756,139340,0.08502956988371177,0.4500918903350768,0.52,0,208,0.5576923076923077,0.15865384615384615,0.0,0.04807692307692308,0.0,0.7163461538461539,0.17307692307692307,0.11057692307692307,0.18666666666666668,0.3422222222222222,0.48444444444444446,0.0025267521385103466,0.0023407629341818392,0.0033511571236886084,0.05550000000000001,nan,nan,nan,nan,nan,nan,nan,nan,nan,nan,nan,nan,nan,nan,nan,nan,nan,nan,nan,nan,nan,nan,nan,nan,nan,nan,nan,nan,nan,nan,nan,nan,nan,nan,nan
757,139516,0.08332022689946803,1.4979536786079344,0.56,0,176,0.7102272727272727,0.07386363636363637,0.0,0.022727272727272728,0.0,0.7840909090909091,0.10227272727272728,0.11363636363636363,0.18666666666666668,0.37777777777777777,0.49777777777777776,0.002749581867828965,0.002540137735195458,0.003782286448404193,0.055374999999999994,nan,nan,nan,nan,nan,nan,nan,nan,nan,nan,nan,nan,nan,nan,nan,nan,nan,nan,nan,nan,nan,nan,nan,nan,nan,nan,nan,nan,nan,nan,nan,nan,nan,nan,nan
758,139723,0.0813161212466024,2.3236784663200307,0.6488888888888888,0,207,0.7004830917874396,0.08695652173913043,0.0,0.014492753623188406,0.0,0.7874396135265701,0.12077294685990338,0.09178743961352658,0.17333333333333334,0.3333333333333333,0.5066666666666667,0.0035434504272416232,0.0032325232634320853,0.00562764082569629,0.05525000000000001,nan,nan,nan,nan,nan,nan,nan,nan,nan,nan,nan,nan,nan,nan,nan,nan,nan,nan,nan,nan,nan,nan,nan,nan,nan,nan,nan,nan,nan,nan,nan,nan,nan,nan,nan
759,139950,0.07912620940210716,0.39806933712959025,0.5822222222222222,0,227,0.5726872246696035,0.16740088105726872,0.004405286343612335,0.030837004405286344,0.0,0.7444933920704846,0.1013215859030837,0.15418502202643172,0.18666666666666668,0.3466666666666667,0.4666666666666667,0.003442245163023472,0.0031492104986682533,0.005315822106786073,0.05512500000000001,nan,nan,nan,nan,nan,nan,nan,nan,nan,nan,nan,nan,nan,nan,nan,nan,nan,nan,nan,nan,nan,nan,nan,nan,nan,nan,nan,nan,nan,nan,nan,nan,nan,nan,nan
760,140163,0.07707878424831337,2.1384867208003957,0.6755555555555556,0,213,0.7089201877934272,0.09859154929577464,0.0,0.009389671361502348,0.0,0.8075117370892019,0.12206572769953052,0.07042253521126761,0.19555555555555557,0.36,0.48444444444444446,0.0030662673991173504,0.0028797110542654993,0.0033919343375600876,0.05500000000000001,0.09886306061744302,0.5066666666666666,0.0,194.7,0.0,1.0,0.5829506488839273,0.13935740331702823,0.0,0.060316138947772366,0.0,0.7223080522009556,0.18718805965462,0.09050388814442444,0.18577777777777776,0.3453333333333333,0.4453333333333334,0.7978396417617752,0.5413333333333333,0.0,192.6,0.0,1.0,0.6329585901028938,0.10874132149771121,0.0,0.047615864366469876,0.0,0.7416999116006051,0.16616950660246227,0.09213058179693265,0.18444444444444444,0.3448888888888889,0.48,0.9891752113926402
761,140330,0.07547854172996937,1.5541633715629528,0.5377777777777778,0,167,0.718562874251497,0.04790419161676647,0.0,0.04790419161676647,0.0,0.7664670658682635,0.1497005988023952,0.08383233532934131,0.19111111111111112,0.37777777777777777,0.52,0.0029652626486495136,0.0027806682395748795,0.003363907616585493,0.05487499999999999,nan,nan,nan,nan,nan,nan,nan,nan,nan,nan,nan,nan,nan,nan,nan,nan,nan,nan,nan,nan,nan,nan,nan,nan,nan,nan,nan,nan,nan,nan,nan,nan,nan,nan,nan
762,140538,0.07349157517415619,1.2242806456088977,0.6133333333333333,0,208,0.6586538461538461,0.09134615384615384,0.0,0.04326923076923077,0.0,0.75,0.15865384615384615,0.09134615384615384,0.18666666666666668,0.3377777777777778,0.44,0.0026279296027496455,0.0023871458834037185,0.004397877072915435,0.05475000000000001,nan,nan,nan,nan,nan,nan,nan,nan,nan,nan,nan,nan,nan,nan,nan,nan,nan,nan,nan,nan,nan,nan,nan,nan,nan,nan,nan,nan,nan,nan,nan,nan,nan,nan,nan
763,140761,0.0713688769565454,0.11648321032524223,0.5777777777777777,0,223,0.57847533632287,0.09417040358744394,0.0,0.11210762331838565,0.0,0.672645739910314,0.17937219730941703,0.14798206278026907,0.17777777777777778,0.29777777777777775,0.38666666666666666,0.0029871283331885934,0.002666754787787795,0.005864961631596088,0.05462500000000001,nan,nan,nan,nan,nan,nan,nan,nan,nan,nan,nan,nan,nan,nan,nan,nan,nan,nan,nan,nan,nan,nan,nan,nan,nan,nan,nan,nan,nan,nan,nan,nan,nan,nan,nan
764,140923,0.06983172040544677,1.598887206792827,0.5377777777777778,0,162,0.7407407407407407,0.04938271604938271,0.0,0.030864197530864196,0.0,0.7901234567901234,0.09259259259259259,0.11728395061728394,0.18222222222222223,0.3466666666666667,0.5066666666666667,0.003156108479015529,0.0028825442772358657,0.005019526835530997,0.05450000000000001,nan,nan,nan,nan,nan,nan,nan,nan,nan,nan,nan,nan,nan,nan,nan,nan,nan,nan,nan,nan,nan,nan,nan,nan,nan,nan,nan,nan,nan,nan,nan,nan,nan,nan,nan
765,141131,0.0678641103898027,0.6941022193431798,0.5288888888888889,0,208,0.5673076923076923,0.16346153846153846,0.0,0.052884615384615384,0.0,0.7307692307692307,0.13942307692307693,0.12980769230769232,0.19111111111111112,0.37777777777777777,0.5111111111111111,0.002950760326348245,0.0027267520083114503,0.004119692789390683,0.05437499999999999,nan,nan,nan,nan,nan,nan,nan,nan,nan,nan,nan,nan,nan,nan,nan,nan,nan,nan,nan,nan,nan,nan,nan,nan,nan,nan,nan,nan,nan,nan,nan,nan,nan,nan,nan
766,141290,0.06636458071589456,1.6510095703601788,0.5333333333333333,0,159,0.7484276729559748,0.06918238993710692,0.0,0.006289308176100629,0.0,0.8176100628930818,0.06289308176100629,0.11949685534591195,0.19111111111111112,0.37333333333333335,0.5155555555555555,0.0033627475379034875,0.0030658677918836475,0.005472439376171678,0.05425000000000001,nan,nan,nan,nan,nan,nan,nan,nan,nan,nan,nan,nan,nan,nan,nan,nan,nan,nan,nan,nan,nan,nan,nan,nan,nan,nan,nan,nan,nan,nan,nan,nan,nan,nan,nan
767,141491,0.0644745861857151,-0.6317839508056688,0.4311111111111111,0,201,0.47761194029850745,0.208955223880597,0.004975124378109453,0.04975124378109453,0.0,0.6915422885572139,0.12935323383084577,0.1791044776119403,0.17777777777777778,0.31555555555555553,0.4311111111111111,0.0031169259455055,0.0028432108112610875,0.005057092336937785,0.054125000000000006,nan,nan,nan,nan,nan,nan,nan,nan,nan,nan,nan,nan,nan,nan,nan,nan,nan,nan,nan,nan,nan,nan,nan,nan,nan,nan,nan,nan,nan,nan,nan,nan,nan,nan,nan
768,141709,0.06243184043923422,0.29193057298660396,0.5866666666666667,0,218,0.6009174311926605,0.16055045871559634,0.0045871559633027525,0.027522935779816515,0.0,0.7660550458715596,0.14220183486238533,0.09174311926605505,0.19555555555555557,0.28444444444444444,0.4533333333333333,0.0026279537472873927,0.0024475848069414495,0.003340165549889207,0.054000000000000006,nan,nan,nan,nan,nan,nan,nan,nan,nan,nan,nan,nan,nan,nan,nan,nan,nan,nan,nan,nan,nan,nan,nan,nan,nan,nan,nan,nan,nan,nan,nan,nan,nan,nan,nan
769,141940,0.06027531882454235,2.2590923657417186,0.6711111111111111,0,231,0.6493506493506493,0.1038961038961039,0.0,0.03463203463203463,0.0,0.7532467532467533,0.11255411255411256,0.1341991341991342,0.18666666666666668,0.37333333333333335,0.52,0.00311223566532135,0.0029253569198772313,0.0034687470411881804,0.05387499999999999,nan,nan,nan,nan,nan,nan,nan,nan,nan,nan,nan,nan,nan,nan,nan,nan,nan,nan,nan,nan,nan,nan,nan,nan,nan,nan,nan,nan,nan,nan,nan,nan,nan,nan,nan
770,142112,0.05867495591547119,1.255123442173,0.49333333333333335,0,172,0.6395348837209303,0.14534883720930233,0.0,0.023255813953488372,0.0,0.7848837209302325,0.09883720930232558,0.11627906976744186,0.19111111111111112,0.35555555555555557,0.4622222222222222,0.0031038424232974647,0.002864769520238042,0.0044478677911683915,0.053750000000000006,nan,nan,nan,nan,nan,nan,nan,nan,nan,nan,nan,nan,nan,nan,nan,nan,nan,nan,nan,nan,nan,nan,nan,nan,nan,nan,nan,nan,nan,nan,nan,nan,nan,nan,nan
771,142318,0.056764246930782775,1.6300295615196134,0.6133333333333333,0,206,0.6650485436893204,0.1262135922330097,0.0048543689320388345,0.024271844660194174,0.0,0.7961165048543689,0.04854368932038835,0.1553398058252427,0.19555555555555557,0.36444444444444446,0.5111111111111111,0.002852640091441572,0.0026510814670473335,0.0037586699007079007,0.053625000000000006,nan,nan,nan,nan,nan,nan,nan,nan,nan,nan,nan,nan,nan,nan,nan,nan,nan,nan,nan,nan,nan,nan,nan,nan,nan,nan,nan,nan,nan,nan,nan,nan,nan,nan,nan
772,142481,0.055257003017450804,2.1564873998165064,0.5511111111111111,0,163,0.754601226993865,0.06134969325153374,0.0,0.006134969325153374,0.0,0.8159509202453987,0.09202453987730061,0.09202453987730061,0.2,0.38222222222222224,0.5155555555555555,0.0027155767194926737,0.0025223532458767293,0.0036116532050073148,0.053500000000000006,nan,nan,nan,nan,nan,nan,nan,nan,nan,nan,nan,nan,nan,nan,nan,nan,nan,nan,nan,nan,nan,nan,nan,nan,nan,nan,nan,nan,nan,nan,nan,nan,nan,nan,nan
773,142669,0.05352365213596638,1.5607522017955722,0.6044444444444445,0,188,0.7180851063829787,0.05851063829787234,0.0,0.0425531914893617,0.0,0.776595744680851,0.047872340425531915,0.17553191489361702,0.2,0.37333333333333335,0.52,0.0030578750651329757,0.0027870907681062816,0.005073242099024355,0.05337499999999999,nan,nan,nan,nan,nan,nan,nan,nan,nan,nan,nan,nan,nan,nan,nan,nan,nan,nan,nan,nan,nan,nan,nan,nan,nan,nan,nan,nan,nan,nan,nan,nan,nan,nan,nan
774,142881,0.05157551664636325,1.6029198114871923,0.6533333333333333,0,212,0.6886792452830188,0.12264150943396226,0.0,0.03773584905660377,0.0,0.8113207547169812,0.11320754716981132,0.07547169811320754,0.19555555555555557,0.35555555555555557,0.5155555555555555,0.0029696432873606684,0.0027114432072266937,0.004848827607929707,0.053250000000000006,nan,nan,nan,nan,nan,nan,nan,nan,nan,nan,nan,nan,nan,nan,nan,nan,nan,nan,nan,nan,nan,nan,nan,nan,nan,nan,nan,nan,nan,nan,nan,nan,nan,nan,nan
775,143075,0.050201194044278315,1.909532343149178,0.6044444444444445,0,194,0.6958762886597938,0.08247422680412371,0.0,0.020618556701030927,0.0,0.7783505154639175,0.10309278350515463,0.11855670103092783,0.19111111111111112,0.3333333333333333,0.47555555555555556,0.0031095158075913785,0.0028323282720521094,0.005217647599056363,0.053125000000000006,nan,nan,nan,nan,nan,nan,nan,nan,nan,nan,nan,nan,nan,nan,nan,nan,nan,nan,nan,nan,nan,nan,nan,nan,nan,nan,nan,nan,nan,nan,nan,nan,nan,nan,nan
776,143285,0.05211797295104998,2.194285428047168,0.6488888888888888,0,210,0.6904761904761905,0.0761904761904762,0.004761904761904762,0.03333333333333333,0.0,0.7714285714285715,0.09523809523809523,0.13333333333333333,0.19555555555555557,0.37333333333333335,0.5422222222222223,0.0031841613817960024,0.002928488631732762,0.004824014729820192,0.053000000000000005,nan,nan,nan,nan,nan,nan,nan,nan,nan,nan,nan,nan,nan,nan,nan,nan,nan,nan,nan,nan,nan,nan,nan,nan,nan,nan,nan,nan,nan,nan,nan,nan,nan,nan,nan
777,143482,0.0539099999323908,0.11641441226005345,0.5111111111111111,0,197,0.5786802030456852,0.17258883248730963,0.0,0.030456852791878174,0.0,0.751269035532995,0.1218274111675127,0.12690355329949238,0.19111111111111112,0.36,0.4711111111111111,0.002844656421802938,0.002639525569975376,0.0038795429281890392,0.052875000000000005,nan,nan,nan,nan,nan,nan,nan,nan,nan,nan,nan,nan,nan,nan,nan,nan,nan,nan,nan,nan,nan,nan,nan,nan,nan,nan,nan,nan,nan,nan,nan,nan,nan,nan,nan
778,143654,0.05546979992498512,1.7773758661746917,0.5333333333333333,0,172,0.6918604651162791,0.06395348837209303,0.0,0.005813953488372093,0.0,0.7558139534883721,0.11627906976744186,0.12790697674418605,0.19111111111111112,0.3511111111111111,0.48,0.0024783120956271888,0.002264130499679595,0.004060314421076327,0.052750000000000005,nan,nan,nan,nan,nan,nan,nan,nan,nan,nan,nan,nan,nan,nan,nan,nan,nan,nan,nan,nan,nan,nan,nan,nan,nan,nan,nan,nan,nan,nan,nan,nan,nan,nan,nan
779,143826,0.05702512367255248,0.6738771228790295,0.4888888888888889,0,172,0.6337209302325582,0.09302325581395349,0.0,0.05232558139534884,0.0,0.7267441860465116,0.12790697674418605,0.14534883720930233,0.17777777777777778,0.31555555555555553,0.4311111111111111,0.0028547300258651375,0.0026806095032952727,0.003308702283538878,0.052625000000000005,nan,nan,nan,nan,nan,nan,nan,nan,nan,nan,nan,nan,nan,nan,nan,nan,nan,nan,nan,nan,nan,nan,nan,nan,nan,nan,nan,nan,nan,nan,nan,nan,nan,nan,nan
780,144040,0.058954001051133464,0.13024115848540885,0.5466666666666666,0,214,0.5700934579439252,0.16355140186915887,0.009345794392523364,0.028037383177570093,0.0,0.7429906542056075,0.09813084112149532,0.1588785046728972,0.18222222222222223,0.3333333333333333,0.43555555555555553,0.0030265927547588945,0.0027543405536562203,0.005185756366699934,0.052500000000000005,0.9449597850084265,0.5373333333333332,0.0,192.9,0.0,1.0,0.6262849321219408,0.10984530739534933,0.0005649717514124294,0.0407444947059284,0.0,0.7366952112687025,0.16848137815368874,0.09482341057760872,0.17822222222222223,0.32666666666666666,0.4528888888888889,0.6322074886560395,0.5324444444444445,0.0,196.0,0.0,1.0,0.6124469068822191,0.11302942884607418,0.000946498400284394,0.05381197894921983,0.0,0.7264228341285779,0.16644526263153886,0.1071319032398832,0.18266666666666667,0.3431111111111111,0.4702222222222222,1.0422295259533403
781,144246,0.06080425667668889,1.537554469823828,0.5866666666666667,0,206,0.6359223300970874,0.08737864077669903,0.009708737864077669,0.04854368932038835,0.0,0.7330097087378641,0.1407766990291262,0.1262135922330097,0.18222222222222223,0.3422222222222222,0.48444444444444446,0.003236861783079803,0.0030147643527016045,0.00424052441958338,0.052375000000000005,nan,nan,nan,nan,nan,nan,nan,nan,nan,nan,nan,nan,nan,nan,nan,nan,nan,nan,nan,nan,nan,nan,nan,nan,nan,nan,nan,nan,nan,nan,nan,nan,nan,nan,nan
782,144405,0.06222800762642934,1.2368977549076026,0.48,0,159,0.6729559748427673,0.06918238993710692,0.006289308176100629,0.031446540880503145,0.0,0.7484276729559748,0.13836477987421383,0.11320754716981132,0.18666666666666668,0.3288888888888889,0.4577777777777778,0.003273385693319142,0.0030925013823434712,0.0034619006561115383,0.052250000000000005,nan,nan,nan,nan,nan,nan,nan,nan,nan,nan,nan,nan,nan,nan,nan,nan,nan,nan,nan,nan,nan,nan,nan,nan,nan,nan,nan,nan,nan,nan,nan,nan,nan,nan,nan
783,144600,0.0639689445842332,0.23423133468627677,0.5377777777777778,0,195,0.6153846153846154,0.1076923076923077,0.0,0.05128205128205128,0.0,0.7230769230769231,0.09230769230769231,0.18461538461538463,0.18666666666666668,0.3244444444444444,0.4666666666666667,0.0031107588671147822,0.0028310187160968782,0.0053667180007323624,0.052125000000000005,nan,nan,nan,nan,nan,nan,nan,nan,nan,nan,nan,nan,nan,nan,nan,nan,nan,nan,nan,nan,nan,nan,nan,nan,nan,nan,nan,nan,nan,nan,nan,nan,nan,nan,nan
784,144788,0.06564200301337068,0.07688277339935334,0.5466666666666666,0,188,0.648936170212766,0.0851063829787234,0.0,0.05851063829787234,0.0,0.7340425531914894,0.13829787234042554,0.1276595744680851,0.17777777777777778,0.32,0.4711111111111111,0.00284725830424577,0.002573941112495959,0.005256099486723542,0.052000000000000005,nan,nan,nan,nan,nan,nan,nan,nan,nan,nan,nan,nan,nan,nan,nan,nan,nan,nan,nan,nan,nan,nan,nan,nan,nan,nan,nan,nan,nan,nan,nan,nan,nan,nan,nan
785,145009,0.0676019957125237,1.109970697402948,0.6355555555555555,0,221,0.6425339366515838,0.11764705882352941,0.00904977375565611,0.03167420814479638,0.0,0.7692307692307693,0.11312217194570136,0.11764705882352941,0.19555555555555557,0.37777777777777777,0.4711111111111111,0.0030686424812301993,0.002788034803234041,0.00540930472780019,0.051875000000000004,nan,nan,nan,nan,nan,nan,nan,nan,nan,nan,nan,nan,nan,nan,nan,nan,nan,nan,nan,nan,nan,nan,nan,nan,nan,nan,nan,nan,nan,nan,nan,nan,nan,nan,nan
786,145191,0.06921065095947083,1.1691300830841054,0.5466666666666666,0,182,0.6703296703296703,0.06593406593406594,0.0,0.03296703296703297,0.0,0.7362637362637363,0.14835164835164835,0.11538461538461539,0.17333333333333334,0.3466666666666667,0.47555555555555556,0.0031844681594520806,0.0028809334617108107,0.005865404754877091,0.051750000000000004,nan,nan,nan,nan,nan,nan,nan,nan,nan,nan,nan,nan,nan,nan,nan,nan,nan,nan,nan,nan,nan,nan,nan,nan,nan,nan,nan,nan,nan,nan,nan,nan,nan,nan,nan
787,145407,0.07111344537130318,1.4508522372245747,0.6577777777777778,0,216,0.6805555555555556,0.09259259259259259,0.004629629629629629,0.046296296296296294,0.0,0.7777777777777778,0.10648148148148148,0.11574074074074074,0.17777777777777778,0.3377777777777778,0.48,0.0032101491000503302,0.0029669116018339993,0.004711622814647853,0.051625000000000004,nan,nan,nan,nan,nan,nan,nan,nan,nan,nan,nan,nan,nan,nan,nan,nan,nan,nan,nan,nan,nan,nan,nan,nan,nan,nan,nan,nan,nan,nan,nan,nan,nan,nan,nan
788,145606,0.07286037025847962,-0.016565177202222836,0.52,0,199,0.5829145728643216,0.1306532663316583,0.005025125628140704,0.04522613065326633,0.0,0.7185929648241206,0.19095477386934673,0.09045226130653267,0.16,0.25333333333333335,0.40444444444444444,0.0026992418337613345,0.002444446529261768,0.00494748076889664,0.051500000000000004,nan,nan,nan,nan,nan,nan,nan,nan,nan,nan,nan,nan,nan,nan,nan,nan,nan,nan,nan,nan,nan,nan,nan,nan,nan,nan,nan,nan,nan,nan,nan,nan,nan,nan,nan
789,145836,0.07487214574737908,1.4653718237876812,0.6444444444444445,0,230,0.6260869565217392,0.10434782608695652,0.008695652173913044,0.04782608695652174,0.0,0.7391304347826086,0.12608695652173912,0.13478260869565217,0.18222222222222223,0.36,0.4888888888888889,0.0033039693720638753,0.003062602994032204,0.004698128171730787,0.051375000000000004,nan,nan,nan,nan,nan,nan,nan,nan,nan,nan,nan,nan,nan,nan,nan,nan,nan,nan,nan,nan,nan,nan,nan,nan,nan,nan,nan,nan,nan,nan,nan,nan,nan,nan,nan
790,146046,0.07670218184113312,0.49728438162803523,0.6177777777777778,0,210,0.6571428571428571,0.10476190476190476,0.0,0.023809523809523808,0.0,0.7619047619047619,0.12857142857142856,0.10952380952380952,0.19111111111111112,0.36444444444444446,0.4888888888888889,0.0029277849942445757,0.0026841106824576854,0.00475462106987834,0.051250000000000004,nan,nan,nan,nan,nan,nan,nan,nan,nan,nan,nan,nan,nan,nan,nan,nan,nan,nan,nan,nan,nan,nan,nan,nan,nan,nan,nan,nan,nan,nan,nan,nan,nan,nan,nan
791,146196,0.07800538485427175,1.2474758381843518,0.4533333333333333,0,150,0.6733333333333333,0.05333333333333334,0.006666666666666667,0.05333333333333334,0.0,0.7333333333333333,0.08666666666666667,0.18,0.17333333333333334,0.3511111111111111,0.4533333333333333,0.0030823360895738004,0.0028867497108876704,0.0038256502128206195,0.051125000000000004,nan,nan,nan,nan,nan,nan,nan,nan,nan,nan,nan,nan,nan,nan,nan,nan,nan,nan,nan,nan,nan,nan,nan,nan,nan,nan,nan,nan,nan,nan,nan,nan,nan,nan,nan
792,146405,0.0798156840674493,0.7847975769042905,0.5333333333333333,0,209,0.569377990430622,0.15789473684210525,0.0,0.0430622009569378,0.0,0.7272727272727273,0.14354066985645933,0.1291866028708134,0.17333333333333334,0.3333333333333333,0.4577777777777778,0.002931191003881395,0.002692958898842335,0.004671218944713474,0.051000000000000004,nan,nan,nan,nan,nan,nan,nan,nan,nan,nan,nan,nan,nan,nan,nan,nan,nan,nan,nan,nan,nan,nan,nan,nan,nan,nan,nan,nan,nan,nan,nan,nan,nan,nan,nan
793,146587,0.08138691513623048,2.2670148873329072,0.5777777777777777,0,182,0.7087912087912088,0.1043956043956044,0.005494505494505495,0.01098901098901099,0.0,0.8186813186813187,0.08241758241758242,0.0989010989010989,0.19111111111111112,0.37777777777777777,0.5111111111111111,0.0027698388090357184,0.002558756642974913,0.00414903552737087,0.050875000000000004,nan,nan,nan,nan,nan,nan,nan,nan,nan,nan,nan,nan,nan,nan,nan,nan,nan,nan,nan,nan,nan,nan,nan,nan,nan,nan,nan,nan,nan,nan,nan,nan,nan,nan,nan
794,146799,0.08321105007451168,1.7947294085025738,0.68,0,212,0.7169811320754716,0.05660377358490566,0.0,0.02830188679245283,0.0,0.7735849056603774,0.12735849056603774,0.09905660377358491,0.16444444444444445,0.35555555555555557,0.52,0.0029070384334772825,0.0026976287248544396,0.004126300243660808,0.05075,nan,nan,nan,nan,nan,nan,nan,nan,nan,nan,nan,nan,nan,nan,nan,nan,nan,nan,nan,nan,nan,nan,nan,nan,nan,nan,nan,nan,nan,nan,nan,nan,nan,nan,nan
795,146964,0.08462625280222774,1.467916735172265,0.5244444444444445,0,165,0.7090909090909091,0.06666666666666667,0.0,0.012121212121212121,0.0,0.7757575757575758,0.05454545454545454,0.1696969696969697,0.18666666666666668,0.3288888888888889,0.48,0.002836928400211036,0.0025808837497606875,0.005057671829126776,0.050625,nan,nan,nan,nan,nan,nan,nan,nan,nan,nan,nan,nan,nan,nan,nan,nan,nan,nan,nan,nan,nan,nan,nan,nan,nan,nan,nan,nan,nan,nan,nan,nan,nan,nan,nan
796,147170,0.08638756612134113,2.0699791643619463,0.6444444444444445,0,206,0.6990291262135923,0.07766990291262135,0.0,0.024271844660194174,0.0,0.7766990291262136,0.08737864077669903,0.13592233009708737,0.20444444444444446,0.37777777777777777,0.5244444444444445,0.0028373940847814085,0.002647598460316658,0.0037583287921734154,0.0505,nan,nan,nan,nan,nan,nan,nan,nan,nan,nan,nan,nan,nan,nan,nan,nan,nan,nan,nan,nan,nan,nan,nan,nan,nan,nan,nan,nan,nan,nan,nan,nan,nan,nan,nan
797,147337,0.08781091695816712,1.0181380503177633,0.5066666666666667,0,167,0.6766467065868264,0.059880239520958084,0.0,0.011976047904191617,0.0,0.7365269461077845,0.10778443113772455,0.15568862275449102,0.18222222222222223,0.3288888888888889,0.4711111111111111,0.00299557417165488,0.002770850295200944,0.004461019684094935,0.050375,nan,nan,nan,nan,nan,nan,nan,nan,nan,nan,nan,nan,nan,nan,nan,nan,nan,nan,nan,nan,nan,nan,nan,nan,nan,nan,nan,nan,nan,nan,nan,nan,nan,nan,nan
798,147504,0.08923023851542278,1.2202897176742498,0.5066666666666667,0,167,0.6766467065868264,0.10778443113772455,0.0,0.023952095808383235,0.0,0.7844311377245509,0.09580838323353294,0.11976047904191617,0.19111111111111112,0.37333333333333335,0.4888888888888889,0.0030788867734372616,0.002874704729765654,0.004063324152957648,0.05025,nan,nan,nan,nan,nan,nan,nan,nan,nan,nan,nan,nan,nan,nan,nan,nan,nan,nan,nan,nan,nan,nan,nan,nan,nan,nan,nan,nan,nan,nan,nan,nan,nan,nan,nan
799,147679,0.09071323730870501,1.9777591414451545,0.5822222222222222,0,175,0.7428571428571429,0.05714285714285714,0.0,0.011428571428571429,0.0,0.8,0.06285714285714286,0.13714285714285715,0.18666666666666668,0.3511111111111111,0.5111111111111111,0.0027373496210202574,0.0025510393315926194,0.0037169135641306637,0.050125,nan,nan,nan,nan,nan,nan,nan,nan,nan,nan,nan,nan,nan,nan,nan,nan,nan,nan,nan,nan,nan,nan,nan,nan,nan,nan,nan,nan,nan,nan,nan,nan,nan,nan,nan
800,147879,0.09240269906037535,1.0685154488086657,0.56,0,200,0.625,0.115,0.005,0.035,0.0,0.745,0.115,0.14,0.19111111111111112,0.3466666666666667,0.4666666666666667,0.002818251703865826,0.0026224572909995915,0.003915887814946473,0.05,0.7228122376680325,0.5351111111111112,0.0,198.5,0.0,1.0,0.6080745714283403,0.13450623652003152,0.0024509803921568627,0.04028522495570299,0.0,0.7450317883405286,0.14388158961216055,0.11108662204731075,0.1897777777777778,0.35733333333333334,0.47377777777777774,0.5732028714656784,0.5542222222222223,0.0,205.9,0.0,1.0,0.6047674009689248,0.1453858175013519,0.004614755157414187,0.03267454592054888,0.0,0.7547679736276909,0.1382764618428217,0.10695556452948744,0.1897777777777778,0.35333333333333333,0.4866666666666667,1.052054307276685
801,148103,0.09428808267331792,-1.1412203598022488,0.48444444444444446,0,224,0.48214285714285715,0.20089285714285715,0.0,0.07142857142857142,0.0,0.6830357142857143,0.19196428571428573,0.125,0.18222222222222223,0.36,0.4622222222222222,0.0029285844182595612,0.0026696246350184083,0.005179195594973862,0.05,nan,nan,nan,nan,nan,nan,nan,nan,nan,nan,nan,nan,nan,nan,nan,nan,nan,nan,nan,nan,nan,nan,nan,nan,nan,nan,nan,nan,nan,nan,nan,nan,nan,nan,nan
802,148286,0.09582304409743742,1.305017258167261,0.5511111111111111,0,183,0.6721311475409836,0.06557377049180328,0.0,0.03278688524590164,0.0,0.7377049180327869,0.14207650273224043,0.12021857923497267,0.2,0.3422222222222222,0.48444444444444446,0.002946246648207307,0.0026654103072360157,0.005616726772859693,0.05,nan,nan,nan,nan,nan,nan,nan,nan,nan,nan,nan,nan,nan,nan,nan,nan,nan,nan,nan,nan,nan,nan,nan,nan,nan,nan,nan,nan,nan,nan,nan,nan,nan,nan,nan
803,148520,0.09777881800631455,0.49142638683318407,0.5911111111111111,0,234,0.5641025641025641,0.1623931623931624,0.017094017094017096,0.04700854700854701,0.0,0.7435897435897436,0.08547008547008547,0.17094017094017094,0.18222222222222223,0.3466666666666667,0.4488888888888889,0.003286569123156369,0.0030688255792483687,0.004354871436953544,0.05,nan,nan,nan,nan,nan,nan,nan,nan,nan,nan,nan,nan,nan,nan,nan,nan,nan,nan,nan,nan,nan,nan,nan,nan,nan,nan,nan,nan,nan,nan,nan,nan,nan,nan,nan
804,148738,0.09959385048873615,1.2680512359142253,0.5955555555555555,0,218,0.6100917431192661,0.12844036697247707,0.0,0.045871559633027525,0.0,0.7385321100917431,0.0871559633027523,0.1743119266055046,0.17333333333333334,0.31555555555555553,0.4622222222222222,0.0032132121734321116,0.002967930352315307,0.004905637283809483,0.05,nan,nan,nan,nan,nan,nan,nan,nan,nan,nan,nan,nan,nan,nan,nan,nan,nan,nan,nan,nan,nan,nan,nan,nan,nan,nan,nan,nan,nan,nan,nan,nan,nan,nan,nan
805,148930,0.10118682344788217,-0.5672809176444995,0.5155555555555555,0,192,0.5989583333333334,0.09895833333333333,0.0,0.06770833333333333,0.0,0.6979166666666666,0.10416666666666667,0.19791666666666666,0.17777777777777778,0.3244444444444444,0.40444444444444444,0.0033410984789952634,0.0030971901840530338,0.0048781652236357335,0.05,nan,nan,nan,nan,nan,nan,nan,nan,nan,nan,nan,nan,nan,nan,nan,nan,nan,nan,nan,nan,nan,nan,nan,nan,nan,nan,nan,nan,nan,nan,nan,nan,nan,nan,nan
806,149134,0.10146506523141943,1.551303668022149,0.6,0,204,0.6568627450980392,0.04411764705882353,0.004901960784313725,0.0392156862745098,0.0,0.7058823529411765,0.11764705882352941,0.17647058823529413,0.16444444444444445,0.3377777777777778,0.47555555555555556,0.0029702869243919848,0.0027118383441120386,0.005168971652165055,0.05,nan,nan,nan,nan,nan,nan,nan,nan,nan,nan,nan,nan,nan,nan,nan,nan,nan,nan,nan,nan,nan,nan,nan,nan,nan,nan,nan,nan,nan,nan,nan,nan,nan,nan,nan
807,149317,0.09979790027839869,1.2275271792411777,0.5288888888888889,0,183,0.644808743169399,0.1366120218579235,0.0,0.02185792349726776,0.0,0.7814207650273224,0.12568306010928962,0.09289617486338798,0.19111111111111112,0.30666666666666664,0.4533333333333333,0.002804475021548569,0.0025607381481677293,0.004874737607315183,0.05,nan,nan,nan,nan,nan,nan,nan,nan,nan,nan,nan,nan,nan,nan,nan,nan,nan,nan,nan,nan,nan,nan,nan,nan,nan,nan,nan,nan,nan,nan,nan,nan,nan,nan,nan
808,149495,0.09818104636341696,0.9188353774547562,0.4888888888888889,0,178,0.6123595505617978,0.11235955056179775,0.0,0.0449438202247191,0.0,0.7247191011235955,0.16292134831460675,0.11235955056179775,0.17777777777777778,0.31555555555555553,0.4266666666666667,0.002703911950811744,0.0025160903111100196,0.0037564328638836743,0.05,nan,nan,nan,nan,nan,nan,nan,nan,nan,nan,nan,nan,nan,nan,nan,nan,nan,nan,nan,nan,nan,nan,nan,nan,nan,nan,nan,nan,nan,nan,nan,nan,nan,nan,nan
809,149707,0.09626146543238538,1.4292158753871855,0.6133333333333333,0,212,0.6462264150943396,0.09433962264150944,0.0,0.03773584905660377,0.0,0.7405660377358491,0.12264150943396226,0.13679245283018868,0.19555555555555557,0.3422222222222222,0.49777777777777776,0.0028467563446611167,0.002590400609187782,0.005127114686183631,0.05,nan,nan,nan,nan,nan,nan,nan,nan,nan,nan,nan,nan,nan,nan,nan,nan,nan,nan,nan,nan,nan,nan,nan,nan,nan,nan,nan,nan,nan,nan,nan,nan,nan,nan,nan
810,149925,0.0942944669504332,1.3220858016014045,0.6133333333333333,0,218,0.6284403669724771,0.0779816513761468,0.0,0.05045871559633028,0.0,0.7064220183486238,0.13302752293577982,0.16055045871559634,0.17777777777777778,0.3511111111111111,0.48,0.0028163876617327333,0.002593295695260167,0.0044618388870731,0.05,nan,nan,nan,nan,nan,nan,nan,nan,nan,nan,nan,nan,nan,nan,nan,nan,nan,nan,nan,nan,nan,nan,nan,nan,nan,nan,nan,nan,nan,nan,nan,nan,nan,nan,nan
811,150126,0.09248705042654651,1.1693596909046133,0.6311111111111111,0,201,0.7014925373134329,0.05472636815920398,0.009950248756218905,0.03980099502487562,0.0,0.7661691542288557,0.0945273631840796,0.13930348258706468,0.17777777777777778,0.31555555555555553,0.4666666666666667,0.0031139970291405917,0.0029151811031624675,0.003976318333297968,0.05,nan,nan,nan,nan,nan,nan,nan,nan,nan,nan,nan,nan,nan,nan,nan,nan,nan,nan,nan,nan,nan,nan,nan,nan,nan,nan,nan,nan,nan,nan,nan,nan,nan,nan,nan
812,150330,0.09065871649819707,1.6792619068622543,0.6133333333333333,0,204,0.6715686274509803,0.1323529411764706,0.0,0.024509803921568627,0.0,0.803921568627451,0.10294117647058823,0.09313725490196079,0.19111111111111112,0.3422222222222222,0.48,0.002999228797852993,0.002790965838357806,0.004165258980356157,0.05,nan,nan,nan,nan,nan,nan,nan,nan,nan,nan,nan,nan,nan,nan,nan,nan,nan,nan,nan,nan,nan,nan,nan,nan,nan,nan,nan,nan,nan,nan,nan,nan,nan,nan,nan
813,150542,0.08876513428924937,0.9559954156875567,0.6444444444444445,0,212,0.6792452830188679,0.07547169811320754,0.0,0.04245283018867924,0.0,0.7547169811320755,0.09433962264150944,0.1509433962264151,0.18666666666666668,0.3466666666666667,0.4888888888888889,0.0032304987544193864,0.0030575447250157594,0.0034590806113556027,0.05,nan,nan,nan,nan,nan,nan,nan,nan,nan,nan,nan,nan,nan,nan,nan,nan,nan,nan,nan,nan,nan,nan,nan,nan,nan,nan,nan,nan,nan,nan,nan,nan,nan,nan,nan
814,150765,0.08678037716927375,2.016975426673877,0.64,0,223,0.6412556053811659,0.08968609865470852,0.004484304932735426,0.06278026905829596,0.0,0.7354260089686099,0.05829596412556054,0.2062780269058296,0.17777777777777778,0.3333333333333333,0.5066666666666667,0.0033123522996902468,0.003088747407309711,0.004472097684629262,0.05,nan,nan,nan,nan,nan,nan,nan,nan,nan,nan,nan,nan,nan,nan,nan,nan,nan,nan,nan,nan,nan,nan,nan,nan,nan,nan,nan,nan,nan,nan,nan,nan,nan,nan,nan
815,150921,0.08539624005456253,0.1384310355186471,0.4222222222222222,0,156,0.6025641025641025,0.14743589743589744,0.00641025641025641,0.02564102564102564,0.0,0.7564102564102564,0.12179487179487179,0.12179487179487179,0.18666666666666668,0.3244444444444444,0.4222222222222222,0.0028924389043822885,0.0027380402898415923,0.0030879719066433608,0.05,nan,nan,nan,nan,nan,nan,nan,nan,nan,nan,nan,nan,nan,nan,nan,nan,nan,nan,nan,nan,nan,nan,nan,nan,nan,nan,nan,nan,nan,nan,nan,nan,nan,nan,nan
816,151129,0.08355622058038983,-1.3728062548637396,0.47555555555555556,0,208,0.5096153846153846,0.24519230769230768,0.014423076923076924,0.038461538461538464,0.0,0.7692307692307693,0.11057692307692307,0.1201923076923077,0.18222222222222223,0.36444444444444446,0.44,0.003110444382764399,0.0028821486514061688,0.004565914953127503,0.05,nan,nan,nan,nan,nan,nan,nan,nan,nan,nan,nan,nan,nan,nan,nan,nan,nan,nan,nan,nan,nan,nan,nan,nan,nan,nan,nan,nan,nan,nan,nan,nan,nan,nan,nan
817,151314,0.08192493117519326,-1.261398856878282,0.4266666666666667,0,185,0.5135135135135135,0.20540540540540542,0.02702702702702703,0.043243243243243246,0.0,0.745945945945946,0.0972972972972973,0.15675675675675677,0.17777777777777778,0.35555555555555557,0.37333333333333335,0.0029424785170704126,0.002720084658358246,0.004447877337224781,0.05,nan,nan,nan,nan,nan,nan,nan,nan,nan,nan,nan,nan,nan,nan,nan,nan,nan,nan,nan,nan,nan,nan,nan,nan,nan,nan,nan,nan,nan,nan,nan,nan,nan,nan,nan
818,151519,0.08012306299003416,0.5785766172409021,0.5644444444444444,0,205,0.6146341463414634,0.16585365853658537,0.0,0.024390243902439025,0.0,0.7804878048780488,0.06829268292682927,0.15121951219512195,0.2,0.36444444444444446,0.5066666666666667,0.0030683469492942097,0.002857935638166964,0.004208226315677166,0.05,nan,nan,nan,nan,nan,nan,nan,nan,nan,nan,nan,nan,nan,nan,nan,nan,nan,nan,nan,nan,nan,nan,nan,nan,nan,nan,nan,nan,nan,nan,nan,nan,nan,nan,nan
819,151670,0.07879970872067418,1.398245705127714,0.5022222222222222,0,151,0.7417218543046358,0.033112582781456956,0.0,0.052980132450331126,0.0,0.7748344370860927,0.0728476821192053,0.152317880794702,0.2,0.3466666666666667,0.5022222222222222,0.002771264547482133,0.002584656875114888,0.0037321530864574013,0.05,nan,nan,nan,nan,nan,nan,nan,nan,nan,nan,nan,nan,nan,nan,nan,nan,nan,nan,nan,nan,nan,nan,nan,nan,nan,nan,nan,nan,nan,nan,nan,nan,nan,nan,nan
820,151865,0.07709559434446357,1.5981791546344732,0.5866666666666667,0,195,0.6717948717948717,0.08717948717948718,0.0,0.015384615384615385,0.0,0.7589743589743589,0.1076923076923077,0.13333333333333333,0.18666666666666668,0.3466666666666667,0.5066666666666667,0.0031587318750098347,0.0028979153954423963,0.005216329731047154,0.05,0.5998271691322286,0.52,0.0,197.2,0.0,1.0,0.5923266216340698,0.12977262287924124,0.0,0.0548723522394852,0.0,0.722099244513311,0.1445956394302314,0.1333051160564576,0.18133333333333335,0.33466666666666667,0.46222222222222226,0.743494316172595,0.5284444444444444,0.0,189.6,0.0,1.0,0.6267706955087256,0.11128843749038922,0.0013636363636363635,0.03986535725821343,0.0,0.7394227693627512,0.14738751304667233,0.11318971759057643,0.18266666666666667,0.34488888888888886,0.46711111111111114,1.0177762736221316
821,152085,0.07517955549590186,2.0530191779136553,0.6355555555555555,0,220,0.6454545454545455,0.08636363636363636,0.0,0.05,0.0,0.7318181818181818,0.15,0.11818181818181818,0.1688888888888889,0.3244444444444444,0.48444444444444446,0.0032698082504794,0.003035961533896625,0.004676935449242592,0.05,nan,nan,nan,nan,nan,nan,nan,nan,nan,nan,nan,nan,nan,nan,nan,nan,nan,nan,nan,nan,nan,nan,nan,nan,nan,nan,nan,nan,nan,nan,nan,nan,nan,nan,nan
822,152283,0.0734610446282555,1.4989569561481408,0.5777777777777777,0,198,0.6515151515151515,0.11616161616161616,0.0,0.03535353535353535,0.0,0.7676767676767676,0.13131313131313133,0.10101010101010101,0.18666666666666668,0.36444444444444446,0.5111111111111111,0.0032382053090259434,0.003016588045284152,0.00443234508857131,0.05,nan,nan,nan,nan,nan,nan,nan,nan,nan,nan,nan,nan,nan,nan,nan,nan,nan,nan,nan,nan,nan,nan,nan,nan,nan,nan,nan,nan,nan,nan,nan,nan,nan,nan,nan
823,152457,0.071955459850568,1.03051980924606,0.5555555555555556,0,174,0.7126436781609196,0.06321839080459771,0.0,0.034482758620689655,0.005747126436781609,0.7758620689655172,0.12643678160919541,0.09770114942528736,0.18666666666666668,0.36444444444444446,0.48444444444444446,0.0036035987548530104,0.0033745327964425087,0.004581319284625351,0.05,nan,nan,nan,nan,nan,nan,nan,nan,nan,nan,nan,nan,nan,nan,nan,nan,nan,nan,nan,nan,nan,nan,nan,nan,nan,nan,nan,nan,nan,nan,nan,nan,nan,nan,nan
824,152681,0.07002358571639025,0.8678866529464664,0.6177777777777778,0,224,0.6160714285714286,0.12946428571428573,0.004464285714285714,0.04017857142857143,0.0,0.75,0.15178571428571427,0.09821428571428571,0.2,0.35555555555555557,0.5111111111111111,0.0035360575653612613,0.0033633751794695855,0.003453647799324244,0.05,nan,nan,nan,nan,nan,nan,nan,nan,nan,nan,nan,nan,nan,nan,nan,nan,nan,nan,nan,nan,nan,nan,nan,nan,nan,nan,nan,nan,nan,nan,nan,nan,nan,nan,nan
825,152896,0.06817603710867413,-2.2928220746517214,0.3688888888888889,0,215,0.3813953488372093,0.21395348837209302,0.0,0.13023255813953488,0.0,0.5953488372093023,0.11627906976744186,0.28837209302325584,0.19555555555555557,0.3377777777777778,0.3688888888888889,0.003172267135232687,0.0029177569784224035,0.005090202484279871,0.05,nan,nan,nan,nan,nan,nan,nan,nan,nan,nan,nan,nan,nan,nan,nan,nan,nan,nan,nan,nan,nan,nan,nan,nan,nan,nan,nan,nan,nan,nan,nan,nan,nan,nan,nan
826,153105,0.06638632679899152,1.0296093981265995,0.6044444444444445,0,209,0.645933014354067,0.0861244019138756,0.0,0.04784688995215311,0.0,0.7320574162679426,0.09569377990430622,0.1722488038277512,0.16444444444444445,0.3377777777777778,0.4888888888888889,0.0030161191709339617,0.002808753144927323,0.004147320846095681,0.05,nan,nan,nan,nan,nan,nan,nan,nan,nan,nan,nan,nan,nan,nan,nan,nan,nan,nan,nan,nan,nan,nan,nan,nan,nan,nan,nan,nan,nan,nan,nan,nan,nan,nan,nan
827,153289,0.06481580734051971,0.20246739983558726,0.5111111111111111,0,184,0.6195652173913043,0.10326086956521739,0.0,0.08695652173913043,0.0,0.7228260869565217,0.09239130434782608,0.18478260869565216,0.1688888888888889,0.3288888888888889,0.4622222222222222,0.0029591095400974153,0.002753783785738051,0.004106514435261488,0.05,nan,nan,nan,nan,nan,nan,nan,nan,nan,nan,nan,nan,nan,nan,nan,nan,nan,nan,nan,nan,nan,nan,nan,nan,nan,nan,nan,nan,nan,nan,nan,nan,nan,nan,nan
828,153478,0.06320758108084439,0.25023547530173973,0.4888888888888889,0,189,0.5767195767195767,0.15343915343915343,0.010582010582010581,0.037037037037037035,0.0,0.7407407407407407,0.13227513227513227,0.12698412698412698,0.17333333333333334,0.3111111111111111,0.44,0.0035329086938872935,0.0033547426690347494,0.003563319705426693,0.05,nan,nan,nan,nan,nan,nan,nan,nan,nan,nan,nan,nan,nan,nan,nan,nan,nan,nan,nan,nan,nan,nan,nan,nan,nan,nan,nan,nan,nan,nan,nan,nan,nan,nan,nan
829,153697,0.061350365048552284,-0.5321581897735614,0.5066666666666667,0,219,0.5159817351598174,0.1963470319634703,0.0,0.0593607305936073,0.0,0.7123287671232876,0.1780821917808219,0.1095890410958904,0.1688888888888889,0.3333333333333333,0.4088888888888889,0.003087383508682251,0.0028986426535993815,0.003774817171506584,0.05,nan,nan,nan,nan,nan,nan,nan,nan,nan,nan,nan,nan,nan,nan,nan,nan,nan,nan,nan,nan,nan,nan,nan,nan,nan,nan,nan,nan,nan,nan,nan,nan,nan,nan,nan
830,153880,0.05980360609069859,-0.2943919129371696,0.4577777777777778,0,183,0.5573770491803278,0.12568306010928962,0.00546448087431694,0.1092896174863388,0.0,0.6885245901639344,0.19672131147540983,0.11475409836065574,0.19555555555555557,0.3333333333333333,0.4577777777777778,0.0029347582487389444,0.0027199246222153308,0.004296672367490828,0.05,nan,nan,nan,nan,nan,nan,nan,nan,nan,nan,nan,nan,nan,nan,nan,nan,nan,nan,nan,nan,nan,nan,nan,nan,nan,nan,nan,nan,nan,nan,nan,nan,nan,nan,nan
831,154081,0.05811010846476565,1.3039451718330344,0.5688888888888889,0,201,0.6318407960199005,0.11940298507462686,0.0,0.05472636815920398,0.0,0.7512437810945274,0.15920398009950248,0.08955223880597014,0.1511111111111111,0.29777777777777775,0.4666666666666667,0.0029355113627389075,0.0026276824180968108,0.006156579137314111,0.05,nan,nan,nan,nan,nan,nan,nan,nan,nan,nan,nan,nan,nan,nan,nan,nan,nan,nan,nan,nan,nan,nan,nan,nan,nan,nan,nan,nan,nan,nan,nan,nan,nan,nan,nan
832,154292,0.056338425934487284,0.7578478565216009,0.5911111111111111,0,211,0.6255924170616114,0.0995260663507109,0.0,0.06635071090047394,0.0,0.7251184834123223,0.08530805687203792,0.1895734597156398,0.19555555555555557,0.36,0.4577777777777778,0.0030149889644235373,0.002753346157260239,0.005232855142094195,0.05,nan,nan,nan,nan,nan,nan,nan,nan,nan,nan,nan,nan,nan,nan,nan,nan,nan,nan,nan,nan,nan,nan,nan,nan,nan,nan,nan,nan,nan,nan,nan,nan,nan,nan,nan
833,154520,0.054430970030558995,1.3861200923919603,0.6311111111111111,0,228,0.618421052631579,0.14035087719298245,0.0043859649122807015,0.03508771929824561,0.0,0.7631578947368421,0.08333333333333333,0.15350877192982457,0.20444444444444446,0.38222222222222224,0.4622222222222222,0.0032133755972608923,0.0029857857734896243,0.004551796149462462,0.05,nan,nan,nan,nan,nan,nan,nan,nan,nan,nan,nan,nan,nan,nan,nan,nan,nan,nan,nan,nan,nan,nan,nan,nan,nan,nan,nan,nan,nan,nan,nan,nan,nan,nan,nan
834,154756,0.05246418857937657,0.7785097241401626,0.5911111111111111,0,236,0.559322033898305,0.1694915254237288,0.0,0.0423728813559322,0.0,0.7288135593220338,0.1228813559322034,0.1483050847457627,0.2,0.36,0.48,0.0028788192896172403,0.0026653905981220303,0.004268573992885649,0.05,nan,nan,nan,nan,nan,nan,nan,nan,nan,nan,nan,nan,nan,nan,nan,nan,nan,nan,nan,nan,nan,nan,nan,nan,nan,nan,nan,nan,nan,nan,nan,nan,nan,nan,nan
835,154947,0.05087807599468939,1.9775606391429839,0.6,0,191,0.7015706806282722,0.10471204188481675,0.0,0.015706806282722512,0.0,0.806282722513089,0.06282722513089005,0.13089005235602094,0.19555555555555557,0.36,0.52,0.0035314929904416204,0.0033255715388804674,0.004118430160451681,0.05,nan,nan,nan,nan,nan,nan,nan,nan,nan,nan,nan,nan,nan,nan,nan,nan,nan,nan,nan,nan,nan,nan,nan,nan,nan,nan,nan,nan,nan,nan,nan,nan,nan,nan,nan
836,155177,0.05102521635672676,1.416018139839162,0.6355555555555555,0,230,0.6173913043478261,0.12173913043478261,0.008695652173913044,0.034782608695652174,0.0,0.7478260869565218,0.1826086956521739,0.06956521739130435,0.18222222222222223,0.3466666666666667,0.5066666666666667,0.0030158268520608543,0.002745455550029874,0.0054074257612228395,0.05,nan,nan,nan,nan,nan,nan,nan,nan,nan,nan,nan,nan,nan,nan,nan,nan,nan,nan,nan,nan,nan,nan,nan,nan,nan,nan,nan,nan,nan,nan,nan,nan,nan,nan,nan
837,155358,0.05251790082321216,1.7802398161888053,0.5688888888888889,0,181,0.7016574585635359,0.07734806629834254,0.011049723756906077,0.0055248618784530384,0.0,0.7900552486187845,0.09392265193370165,0.11602209944751381,0.18666666666666668,0.3422222222222222,0.4888888888888889,0.003125239862129092,0.0028238028986379503,0.0060287391068413855,0.05,nan,nan,nan,nan,nan,nan,nan,nan,nan,nan,nan,nan,nan,nan,nan,nan,nan,nan,nan,nan,nan,nan,nan,nan,nan,nan,nan,nan,nan,nan,nan,nan,nan,nan,nan
838,155548,0.05407996414483407,1.473293796300885,0.5777777777777777,0,190,0.6789473684210526,0.12105263157894737,0.005263157894736842,0.015789473684210527,0.0,0.8052631578947368,0.09473684210526316,0.1,0.19111111111111112,0.3688888888888889,0.5111111111111111,0.0034249600488692523,0.0032191821141168476,0.004115558112971485,0.05,nan,nan,nan,nan,nan,nan,nan,nan,nan,nan,nan,nan,nan,nan,nan,nan,nan,nan,nan,nan,nan,nan,nan,nan,nan,nan,nan,nan,nan,nan,nan,nan,nan,nan,nan
839,155727,0.05554706457272795,-1.447993841171265,0.37777777777777777,0,179,0.4692737430167598,0.2122905027932961,0.0,0.0670391061452514,0.0,0.6815642458100558,0.22346368715083798,0.09497206703910614,0.18222222222222223,0.3333333333333333,0.35555555555555557,0.003528986615128815,0.0033136384095996617,0.004306963505223393,0.05,nan,nan,nan,nan,nan,nan,nan,nan,nan,nan,nan,nan,nan,nan,nan,nan,nan,nan,nan,nan,nan,nan,nan,nan,nan,nan,nan,nan,nan,nan,nan,nan,nan,nan,nan
840,155907,0.0570179416647932,0.6461496205329862,0.48444444444444446,0,180,0.6,0.1,0.0,0.06666666666666667,0.0,0.7,0.10555555555555556,0.19444444444444445,0.17333333333333334,0.3244444444444444,0.43555555555555553,0.003262908081524074,0.0030584158608689903,0.004089844611007721,0.05,0.998582628750795,0.552,0.0,195.4,0.0,1.0,0.6327347849075843,0.12134003309823962,0.0004405286343612335,0.04391894463210121,0.0,0.7545153466401853,0.07771924703608309,0.16776540632373177,0.19111111111111115,0.3528888888888889,0.48533333333333334,0.5879200981855345,0.5364444444444445,0.0,199.7,0.0,1.0,0.6068057092710504,0.1350859045929737,0.0,0.04927132362956176,0.0,0.7418916138640241,0.08429677945307873,0.17381160668289714,0.18711111111111112,0.34977777777777774,0.47555555555555545,1.0849744085321578
841,156098,0.058573870539302186,1.7654663984775487,0.5911111111111111,0,191,0.6910994764397905,0.1099476439790576,0.0,0.010471204188481676,0.0,0.8010471204188482,0.06806282722513089,0.13089005235602094,0.18666666666666668,0.35555555555555557,0.49777777777777776,0.0029653659323230384,0.0026986902579665185,0.00533351341728121,0.05,nan,nan,nan,nan,nan,nan,nan,nan,nan,nan,nan,nan,nan,nan,nan,nan,nan,nan,nan,nan,nan,nan,nan,nan,nan,nan,nan,nan,nan,nan,nan,nan,nan,nan,nan
842,156280,0.0600518619146891,1.5591340670585576,0.5511111111111111,0,182,0.6758241758241759,0.0989010989010989,0.0,0.02197802197802198,0.0,0.7747252747252747,0.13736263736263737,0.08791208791208792,0.18222222222222223,0.35555555555555557,0.49333333333333335,0.003019119962118566,0.002786623756401241,0.0046499248826876284,0.05,nan,nan,nan,nan,nan,nan,nan,nan,nan,nan,nan,nan,nan,nan,nan,nan,nan,nan,nan,nan,nan,nan,nan,nan,nan,nan,nan,nan,nan,nan,nan,nan,nan,nan,nan
843,156490,0.06175164609367679,1.830056477069849,0.6177777777777778,0,210,0.6571428571428571,0.12380952380952381,0.0,0.009523809523809525,0.0,0.780952380952381,0.1380952380952381,0.08095238095238096,0.18666666666666668,0.35555555555555557,0.5155555555555555,0.0030208266573026775,0.002815192623529583,0.004112680465914309,0.05,nan,nan,nan,nan,nan,nan,nan,nan,nan,nan,nan,nan,nan,nan,nan,nan,nan,nan,nan,nan,nan,nan,nan,nan,nan,nan,nan,nan,nan,nan,nan,nan,nan,nan,nan
844,156716,0.06357426313937188,0.706314247608179,0.5866666666666667,0,226,0.5796460176991151,0.18141592920353983,0.004424778761061947,0.022123893805309734,0.0,0.7654867256637168,0.14601769911504425,0.08849557522123894,0.19555555555555557,0.36444444444444446,0.4444444444444444,0.0031404039589688184,0.002924772724509239,0.004312624665908515,0.05,nan,nan,nan,nan,nan,nan,nan,nan,nan,nan,nan,nan,nan,nan,nan,nan,nan,nan,nan,nan,nan,nan,nan,nan,nan,nan,nan,nan,nan,nan,nan,nan,nan,nan,nan
845,156903,0.06507713999642707,1.210379652738568,0.5866666666666667,0,187,0.7005347593582888,0.06951871657754011,0.0,0.0374331550802139,0.0,0.7700534759358288,0.12299465240641712,0.10695187165775401,0.1688888888888889,0.35555555555555557,0.5244444444444445,0.0030765260802581907,0.0028648122446611524,0.004234276479110122,0.05,nan,nan,nan,nan,nan,nan,nan,nan,nan,nan,nan,nan,nan,nan,nan,nan,nan,nan,nan,nan,nan,nan,nan,nan,nan,nan,nan,nan,nan,nan,nan,nan,nan,nan,nan
846,157081,0.06650330728752507,2.531461417913428,0.5955555555555555,0,178,0.7471910112359551,0.07303370786516854,0.0,0.0056179775280898875,0.0,0.8202247191011236,0.11797752808988764,0.06179775280898876,0.19555555555555557,0.3511111111111111,0.5111111111111111,0.00318581520114094,0.002986808610148728,0.003980131843127311,0.05,nan,nan,nan,nan,nan,nan,nan,nan,nan,nan,nan,nan,nan,nan,nan,nan,nan,nan,nan,nan,nan,nan,nan,nan,nan,nan,nan,nan,nan,nan,nan,nan,nan,nan,nan
847,157262,0.06794914188361277,1.1319773721694926,0.5333333333333333,0,181,0.6574585635359116,0.11602209944751381,0.0,0.027624309392265192,0.0,0.7734806629834254,0.15469613259668508,0.0718232044198895,0.17777777777777778,0.29777777777777775,0.4577777777777778,0.0035425448324531315,0.0033015096094459297,0.004820703342556953,0.05,nan,nan,nan,nan,nan,nan,nan,nan,nan,nan,nan,nan,nan,nan,nan,nan,nan,nan,nan,nan,nan,nan,nan,nan,nan,nan,nan,nan,nan,nan,nan,nan,nan,nan,nan
848,157442,0.06938262898436497,0.12018620681762648,0.5511111111111111,0,180,0.6833333333333333,0.07777777777777778,0.005555555555555556,0.03333333333333333,0.0,0.7666666666666667,0.16666666666666666,0.06666666666666667,0.2088888888888889,0.3511111111111111,0.48,0.0034580669132992627,0.0032269516726955772,0.004622304043732583,0.05,nan,nan,nan,nan,nan,nan,nan,nan,nan,nan,nan,nan,nan,nan,nan,nan,nan,nan,nan,nan,nan,nan,nan,nan,nan,nan,nan,nan,nan,nan,nan,nan,nan,nan,nan
849,157646,0.0710020045931259,1.4494666795730504,0.6088888888888889,0,204,0.6666666666666666,0.04411764705882353,0.004901960784313725,0.058823529411764705,0.0,0.7156862745098039,0.1715686274509804,0.11274509803921569,0.18666666666666668,0.3511111111111111,0.49777777777777776,0.0035241014789789914,0.003186340141110122,0.006755227223038673,0.05,nan,nan,nan,nan,nan,nan,nan,nan,nan,nan,nan,nan,nan,nan,nan,nan,nan,nan,nan,nan,nan,nan,nan,nan,nan,nan,nan,nan,nan,nan,nan,nan,nan,nan,nan
850,157819,0.07237094346347255,2.101885787725442,0.5866666666666667,0,173,0.7572254335260116,0.06936416184971098,0.005780346820809248,0.023121387283236993,0.0,0.8323699421965318,0.08670520231213873,0.08092485549132948,0.2,0.37333333333333335,0.5288888888888889,0.0032409862847998737,0.002933821827173233,0.006143289478495717,0.05,nan,nan,nan,nan,nan,nan,nan,nan,nan,nan,nan,nan,nan,nan,nan,nan,nan,nan,nan,nan,nan,nan,nan,nan,nan,nan,nan,nan,nan,nan,nan,nan,nan,nan,nan
851,158029,0.07402730360039203,1.2513174152374167,0.5733333333333334,0,210,0.6095238095238096,0.10952380952380952,0.009523809523809525,0.0761904761904762,0.0,0.7285714285714285,0.11428571428571428,0.15714285714285714,0.18666666666666668,0.3377777777777778,0.4488888888888889,0.0037619271548464893,0.003481401549652219,0.005610511847771704,0.05,nan,nan,nan,nan,nan,nan,nan,nan,nan,nan,nan,nan,nan,nan,nan,nan,nan,nan,nan,nan,nan,nan,nan,nan,nan,nan,nan,nan,nan,nan,nan,nan,nan,nan,nan
852,158242,0.07570133933608836,0.5187277145385707,0.5955555555555555,0,213,0.6244131455399061,0.1643192488262911,0.0,0.009389671361502348,0.0,0.7887323943661971,0.13145539906103287,0.07981220657276995,0.19111111111111112,0.36,0.47555555555555556,0.0031958813313394787,0.002976747625507414,0.004382674978114664,0.05,nan,nan,nan,nan,nan,nan,nan,nan,nan,nan,nan,nan,nan,nan,nan,nan,nan,nan,nan,nan,nan,nan,nan,nan,nan,nan,nan,nan,nan,nan,nan,nan,nan,nan,nan
853,158449,0.07732245755836654,2.425826488494862,0.6177777777777778,0,207,0.6666666666666666,0.0821256038647343,0.0,0.033816425120772944,0.0,0.748792270531401,0.09178743961352658,0.15942028985507245,0.19555555555555557,0.3511111111111111,0.49777777777777776,0.0031516389921307565,0.002941170474514365,0.004209370212629437,0.05,nan,nan,nan,nan,nan,nan,nan,nan,nan,nan,nan,nan,nan,nan,nan,nan,nan,nan,nan,nan,nan,nan,nan,nan,nan,nan,nan,nan,nan,nan,nan,nan,nan,nan,nan
854,158616,0.07862618724199145,1.5206192326545658,0.52,0,167,0.6946107784431138,0.08982035928143713,0.005988023952095809,0.011976047904191617,0.0,0.7904191616766467,0.09580838323353294,0.11377245508982035,0.18666666666666668,0.3377777777777778,0.48444444444444446,0.0031962858512997626,0.002987590176053345,0.004173913155682385,0.05,nan,nan,nan,nan,nan,nan,nan,nan,nan,nan,nan,nan,nan,nan,nan,nan,nan,nan,nan,nan,nan,nan,nan,nan,nan,nan,nan,nan,nan,nan,nan,nan,nan,nan,nan
855,158824,0.08024485039279335,1.9389959702491673,0.6311111111111111,0,208,0.6778846153846154,0.09615384615384616,0.0,0.009615384615384616,0.0,0.7740384615384616,0.09134615384615384,0.1346153846153846,0.19555555555555557,0.36444444444444446,0.4711111111111111,0.003018012293614447,0.0027207582723349335,0.0059450805420055985,0.05,nan,nan,nan,nan,nan,nan,nan,nan,nan,nan,nan,nan,nan,nan,nan,nan,nan,nan,nan,nan,nan,nan,nan,nan,nan,nan,nan,nan,nan,nan,nan,nan,nan,nan,nan
856,159042,0.08193522469554906,1.8062474215030577,0.6311111111111111,0,218,0.6467889908256881,0.0779816513761468,0.0045871559633027525,0.045871559633027525,0.0,0.7293577981651376,0.11467889908256881,0.1559633027522936,0.17777777777777778,0.3511111111111111,0.4711111111111111,0.0034940497484058143,0.00325465037021786,0.004787987493909895,0.05,nan,nan,nan,nan,nan,nan,nan,nan,nan,nan,nan,nan,nan,nan,nan,nan,nan,nan,nan,nan,nan,nan,nan,nan,nan,nan,nan,nan,nan,nan,nan,nan,nan,nan,nan
857,159229,0.08338025532815765,0.0916189846992459,0.5288888888888889,0,187,0.6310160427807486,0.13903743315508021,0.0,0.0427807486631016,0.0,0.7700534759358288,0.12834224598930483,0.10160427807486631,0.2,0.36,0.4577777777777778,0.0034418466966599226,0.0032641992205753923,0.0035529494867660104,0.05,nan,nan,nan,nan,nan,nan,nan,nan,nan,nan,nan,nan,nan,nan,nan,nan,nan,nan,nan,nan,nan,nan,nan,nan,nan,nan,nan,nan,nan,nan,nan,nan,nan,nan,nan
858,159399,0.08468994695715554,1.4254245209693868,0.5288888888888889,0,170,0.6941176470588235,0.047058823529411764,0.0058823529411764705,0.03529411764705882,0.0,0.7470588235294118,0.10588235294117647,0.14705882352941177,0.19111111111111112,0.3511111111111111,0.48,0.0031413274351507424,0.00287722188513726,0.005282111512497067,0.05,nan,nan,nan,nan,nan,nan,nan,nan,nan,nan,nan,nan,nan,nan,nan,nan,nan,nan,nan,nan,nan,nan,nan,nan,nan,nan,nan,nan,nan,nan,nan,nan,nan,nan,nan
859,159594,0.08618759216519153,0.16796989107131988,0.5377777777777778,0,195,0.6153846153846154,0.10256410256410256,0.015384615384615385,0.041025641025641026,0.0,0.7333333333333333,0.1282051282051282,0.13846153846153847,0.15555555555555556,0.32,0.4666666666666667,0.002986742160283029,0.0027581828413531183,0.004571186541579664,0.05,nan,nan,nan,nan,nan,nan,nan,nan,nan,nan,nan,nan,nan,nan,nan,nan,nan,nan,nan,nan,nan,nan,nan,nan,nan,nan,nan,nan,nan,nan,nan,nan,nan,nan,nan
860,159776,0.08758092374110747,1.2828768680095628,0.56,0,182,0.6868131868131868,0.06043956043956044,0.01098901098901099,0.04395604395604396,0.005494505494505495,0.7582417582417582,0.12637362637362637,0.11538461538461539,0.16444444444444445,0.3377777777777778,0.4888888888888889,0.003127104719169438,0.002886072755791247,0.0048206395003944635,0.05,0.688951267838474,0.5395555555555556,0.0,195.4,0.0,1.0,0.6190804669074937,0.11407627695172096,0.0,0.05505788769247545,0.0,0.7331567438592146,0.16449338463114277,0.1023498715096425,0.18933333333333333,0.3426666666666667,0.46711111111111103,0.5082401455163914,0.5,0.0,186.6,0.0,1.0,0.6007324977429822,0.15489718767265048,0.0,0.033752329055298846,0.0,0.7556296854156326,0.13714497751926777,0.10722533706509962,0.18533333333333335,0.3457777777777778,0.4466666666666666,1.0526577397543369
861,159977,0.0891147092441038,0.09107688879966624,0.5422222222222223,0,201,0.6019900497512438,0.1044776119402985,0.004975124378109453,0.08955223880597014,0.0,0.7114427860696517,0.15422885572139303,0.13432835820895522,0.17333333333333334,0.36,0.4666666666666667,0.0031023565214127304,0.002872306131757796,0.004601008491590619,0.05,nan,nan,nan,nan,nan,nan,nan,nan,nan,nan,nan,nan,nan,nan,nan,nan,nan,nan,nan,nan,nan,nan,nan,nan,nan,nan,nan,nan,nan,nan,nan,nan,nan,nan,nan
862,160181,0.09066603011549895,-0.5904832530021679,0.5066666666666667,0,204,0.553921568627451,0.12254901960784313,0.0,0.08333333333333333,0.0,0.6764705882352942,0.18137254901960784,0.14215686274509803,0.17333333333333334,0.3333333333333333,0.4444444444444444,0.0030248196562752128,0.002812061063013971,0.004255172493867576,0.05,nan,nan,nan,nan,nan,nan,nan,nan,nan,nan,nan,nan,nan,nan,nan,nan,nan,nan,nan,nan,nan,nan,nan,nan,nan,nan,nan,nan,nan,nan,nan,nan,nan,nan,nan
863,160386,0.09221953301947648,1.3449452428817739,0.5777777777777777,0,205,0.6292682926829268,0.07804878048780488,0.0,0.04390243902439024,0.0,0.7073170731707317,0.16585365853658537,0.12682926829268293,0.16444444444444445,0.3111111111111111,0.41333333333333333,0.002935158461332321,0.0026742357295006514,0.005218454706482589,0.05,nan,nan,nan,nan,nan,nan,nan,nan,nan,nan,nan,nan,nan,nan,nan,nan,nan,nan,nan,nan,nan,nan,nan,nan,nan,nan,nan,nan,nan,nan,nan,nan,nan,nan,nan
864,160591,0.0937676141757196,2.2112538528442287,0.6088888888888889,0,205,0.6634146341463415,0.08780487804878048,0.0,0.02926829268292683,0.0,0.751219512195122,0.16097560975609757,0.08780487804878048,0.19111111111111112,0.3466666666666667,0.48,0.0032154472544789316,0.00300350496545434,0.004238845291547477,0.05,nan,nan,nan,nan,nan,nan,nan,nan,nan,nan,nan,nan,nan,nan,nan,nan,nan,nan,nan,nan,nan,nan,nan,nan,nan,nan,nan,nan,nan,nan,nan,nan,nan,nan,nan
865,160762,0.09505480302245574,1.8485323419570865,0.5333333333333333,0,171,0.695906432748538,0.08187134502923976,0.011695906432748537,0.005847953216374269,0.0,0.7894736842105263,0.12280701754385964,0.08771929824561403,0.18666666666666668,0.3466666666666667,0.48,0.003222327725961804,0.0029831879306584596,0.004782795696519316,0.05,nan,nan,nan,nan,nan,nan,nan,nan,nan,nan,nan,nan,nan,nan,nan,nan,nan,nan,nan,nan,nan,nan,nan,nan,nan,nan,nan,nan,nan,nan,nan,nan,nan,nan,nan
866,160974,0.0966454040981177,1.7404196720123213,0.6266666666666667,0,212,0.660377358490566,0.09433962264150944,0.009433962264150943,0.014150943396226415,0.0,0.7641509433962265,0.1320754716981132,0.10377358490566038,0.17333333333333334,0.3377777777777778,0.49333333333333335,0.003034541429951787,0.002818063157610595,0.004329565563239157,0.05,nan,nan,nan,nan,nan,nan,nan,nan,nan,nan,nan,nan,nan,nan,nan,nan,nan,nan,nan,nan,nan,nan,nan,nan,nan,nan,nan,nan,nan,nan,nan,nan,nan,nan,nan
867,161175,0.0962291530783167,1.233728168964383,0.6311111111111111,0,201,0.7014925373134329,0.05472636815920398,0.009950248756218905,0.029850746268656716,0.0,0.7661691542288557,0.07960199004975124,0.15422885572139303,0.17777777777777778,0.3511111111111111,0.5066666666666667,0.0034220256609842183,0.0031903090653941034,0.004634332167916,0.05,nan,nan,nan,nan,nan,nan,nan,nan,nan,nan,nan,nan,nan,nan,nan,nan,nan,nan,nan,nan,nan,nan,nan,nan,nan,nan,nan,nan,nan,nan,nan,nan,nan,nan,nan
868,161396,0.09440917533543844,-0.6990783417224932,0.5377777777777778,0,221,0.5429864253393665,0.21266968325791855,0.04072398190045249,0.01809954751131222,0.0,0.7963800904977375,0.14027149321266968,0.06334841628959276,0.20444444444444446,0.38222222222222224,0.5111111111111111,0.003860548511147499,0.003627299820072949,0.004664973146282137,0.05,nan,nan,nan,nan,nan,nan,nan,nan,nan,nan,nan,nan,nan,nan,nan,nan,nan,nan,nan,nan,nan,nan,nan,nan,nan,nan,nan,nan,nan,nan,nan,nan,nan,nan,nan
869,161543,0.09320222534726595,1.116805195808411,0.48444444444444446,0,147,0.7346938775510204,0.05442176870748299,0.006802721088435374,0.02040816326530612,0.0,0.7959183673469388,0.10884353741496598,0.09523809523809523,0.1688888888888889,0.3244444444444444,nan,0.003318834467791021,0.0030948443803936244,0.004479802097193897,0.05,nan,nan,nan,nan,nan,nan,nan,nan,nan,nan,nan,nan,nan,nan,nan,nan,nan,nan,nan,nan,nan,nan,nan,nan,nan,nan,nan,nan,nan,nan,nan,nan,nan,nan,nan
870,161764,0.09139312932990723,2.1052335543632417,0.6666666666666666,0,221,0.6742081447963801,0.11312217194570136,0.0,0.01809954751131222,0.0,0.7873303167420814,0.10407239819004525,0.1085972850678733,0.19555555555555557,0.38222222222222224,0.5511111111111111,0.002969753392972052,0.002673356398008764,0.005927939130924642,0.05,nan,nan,nan,nan,nan,nan,nan,nan,nan,nan,nan,nan,nan,nan,nan,nan,nan,nan,nan,nan,nan,nan,nan,nan,nan,nan,nan,nan,nan,nan,nan,nan,nan,nan,nan
871,161974,0.08968011214228537,1.4605437507629344,0.6177777777777778,0,210,0.6571428571428571,0.10476190476190476,0.0,0.03333333333333333,0.0,0.7619047619047619,0.12857142857142856,0.10952380952380952,0.17777777777777778,0.35555555555555557,0.52,0.003533224412240088,0.0033529217587783934,0.0036060525337234138,0.05,nan,nan,nan,nan,nan,nan,nan,nan,nan,nan,nan,nan,nan,nan,nan,nan,nan,nan,nan,nan,nan,nan,nan,nan,nan,nan,nan,nan,nan,nan,nan,nan,nan,nan,nan
872,162161,0.08815964719989697,-0.21222112512589075,0.4488888888888889,0,187,0.5347593582887701,0.13368983957219252,0.0053475935828877,0.0962566844919786,0.0,0.6737967914438503,0.17647058823529413,0.1497326203208556,0.1688888888888889,0.3244444444444444,0.44,0.0032316266791895033,0.0030556767247617244,0.003518998285289854,0.05,nan,nan,nan,nan,nan,nan,nan,nan,nan,nan,nan,nan,nan,nan,nan,nan,nan,nan,nan,nan,nan,nan,nan,nan,nan,nan,nan,nan,nan,nan,nan,nan,nan,nan,nan
873,162368,0.08648197485852467,2.262587513923635,0.6488888888888888,0,207,0.7004830917874396,0.08695652173913043,0.0,0.024154589371980676,0.0,0.7874396135265701,0.11594202898550725,0.0966183574879227,0.2,0.3688888888888889,0.5288888888888889,0.002964049717411399,0.002767591760493815,0.0039291582768782975,0.05,nan,nan,nan,nan,nan,nan,nan,nan,nan,nan,nan,nan,nan,nan,nan,nan,nan,nan,nan,nan,nan,nan,nan,nan,nan,nan,nan,nan,nan,nan,nan,nan,nan,nan,nan
874,162567,0.08487448545978452,-0.80107890748978,0.5155555555555555,0,199,0.5778894472361809,0.10552763819095477,0.005025125628140704,0.11055276381909548,0.0,0.6884422110552764,0.1507537688442211,0.16080402010050251,0.1688888888888889,0.3377777777777778,0.5022222222222222,0.003518551611341536,0.0032835245598107576,0.004700540192425251,0.05,nan,nan,nan,nan,nan,nan,nan,nan,nan,nan,nan,nan,nan,nan,nan,nan,nan,nan,nan,nan,nan,nan,nan,nan,nan,nan,nan,nan,nan,nan,nan,nan,nan,nan,nan
875,162753,0.08337673407896636,0.917453255414961,0.5866666666666667,0,186,0.7043010752688172,0.03763440860215054,0.0,0.043010752688172046,0.0,0.7419354838709677,0.11827956989247312,0.13978494623655913,0.17777777777777778,0.3288888888888889,0.4888888888888889,0.002853880333714187,0.0026263921987265348,0.004549762234091759,0.05,nan,nan,nan,nan,nan,nan,nan,nan,nan,nan,nan,nan,nan,nan,nan,nan,nan,nan,nan,nan,nan,nan,nan,nan,nan,nan,nan,nan,nan,nan,nan,nan,nan,nan,nan
876,162982,0.08153898457803438,1.4800464534759434,0.6444444444444445,0,229,0.62882096069869,0.11353711790393013,0.0,0.048034934497816595,0.0,0.74235807860262,0.1222707423580786,0.13537117903930132,0.2,0.36444444444444446,0.48,0.0031755469739437104,0.002982402010820806,0.003862899343948811,0.05,nan,nan,nan,nan,nan,nan,nan,nan,nan,nan,nan,nan,nan,nan,nan,nan,nan,nan,nan,nan,nan,nan,nan,nan,nan,nan,nan,nan,nan,nan,nan,nan,nan,nan,nan
877,163159,0.08012325978622907,0.5327019147872878,0.4666666666666667,0,177,0.5875706214689266,0.13559322033898305,0.005649717514124294,0.03954802259887006,0.0,0.7288135593220338,0.096045197740113,0.1751412429378531,0.17777777777777778,0.3422222222222222,0.4666666666666667,0.0031175170559436085,0.0029178802855312825,0.003992735338397324,0.05,nan,nan,nan,nan,nan,nan,nan,nan,nan,nan,nan,nan,nan,nan,nan,nan,nan,nan,nan,nan,nan,nan,nan,nan,nan,nan,nan,nan,nan,nan,nan,nan,nan,nan,nan
878,163388,0.07829770536251898,1.8579273729324286,0.6488888888888888,0,229,0.6331877729257642,0.11790393013100436,0.0,0.026200873362445413,0.0,0.7510917030567685,0.1572052401746725,0.09170305676855896,0.17333333333333334,0.31555555555555553,0.47555555555555556,0.0035085808718577026,0.003311220626346767,0.003947204863652587,0.05,nan,nan,nan,nan,nan,nan,nan,nan,nan,nan,nan,nan,nan,nan,nan,nan,nan,nan,nan,nan,nan,nan,nan,nan,nan,nan,nan,nan,nan,nan,nan,nan,nan,nan,nan
879,163583,0.07674859577002095,1.9657517938613804,0.6088888888888889,0,195,0.6974358974358974,0.07179487179487179,0.0,0.035897435897435895,0.0,0.7692307692307693,0.08205128205128205,0.14871794871794872,0.18222222222222223,0.3466666666666667,0.5066666666666667,0.00280622080899775,0.0026289656292647124,0.0035451035131700338,0.05,nan,nan,nan,nan,nan,nan,nan,nan,nan,nan,nan,nan,nan,nan,nan,nan,nan,nan,nan,nan,nan,nan,nan,nan,nan,nan,nan,nan,nan,nan,nan,nan,nan,nan,nan
880,163815,0.07491200723088769,1.2348330903053197,0.6222222222222222,0,232,0.5991379310344828,0.14655172413793102,0.004310344827586207,0.04310344827586207,0.0,0.75,0.10344827586206896,0.14655172413793102,0.19555555555555557,0.36444444444444446,0.5066666666666667,0.003827992617152631,0.0035866062389686704,0.0048277269583195444,0.05,1.3980781955480532,0.5662222222222223,0.0,185.6,0.0,1.0,0.682707485867097,0.11966814306611662,0.001444665208733376,0.011322311723669282,0.0,0.8038202941419469,0.1020406403412644,0.09413906551678872,0.19155555555555556,0.3537777777777778,0.4915555555555556,1.2570907501935908,0.5671111111111111,0.0,193.9,0.0,1.0,0.6551674117834925,0.13766059779125697,0.0017777777777777779,0.015577036998559415,0.0,0.7946057873525272,0.1099782273775902,0.0954159852698827,0.19288888888888892,0.35377777777777786,0.4884444444444444,1.1200847194725847
881,164023,0.07327135805279163,1.2781308872699664,0.6711111111111111,0,208,0.7211538461538461,0.04807692307692308,0.0,0.04807692307692308,0.0,0.7692307692307693,0.14423076923076922,0.08653846153846154,0.18666666666666668,0.3688888888888889,0.5066666666666667,0.0035255630267784,0.003302309918217361,0.004465062136296183,0.05,nan,nan,nan,nan,nan,nan,nan,nan,nan,nan,nan,nan,nan,nan,nan,nan,nan,nan,nan,nan,nan,nan,nan,nan,nan,nan,nan,nan,nan,nan,nan,nan,nan,nan,nan
882,164158,0.07220951560248742,0.43543005681037816,0.4177777777777778,0,135,0.6888888888888889,0.0962962962962963,0.0,0.02962962962962963,0.0,0.7851851851851852,0.1259259259259259,0.08888888888888889,0.19555555555555557,0.3688888888888889,nan,0.003365343506447971,0.0031220753444358706,0.004865363065619022,0.05,nan,nan,nan,nan,nan,nan,nan,nan,nan,nan,nan,nan,nan,nan,nan,nan,nan,nan,nan,nan,nan,nan,nan,nan,nan,nan,nan,nan,nan,nan,nan,nan,nan,nan,nan
883,164358,0.07064074953128668,1.226125995159141,0.5644444444444444,0,200,0.63,0.135,0.005,0.045,0.0,0.77,0.135,0.095,0.19555555555555557,0.3422222222222222,0.4711111111111111,0.0029371932148933412,0.002750982402358204,0.0037242157850414515,0.05,nan,nan,nan,nan,nan,nan,nan,nan,nan,nan,nan,nan,nan,nan,nan,nan,nan,nan,nan,nan,nan,nan,nan,nan,nan,nan,nan,nan,nan,nan,nan,nan,nan,nan,nan
884,164576,0.06893667530241354,2.150956928253165,0.68,0,218,0.6972477064220184,0.0871559633027523,0.0,0.022935779816513763,0.0,0.7844036697247706,0.0963302752293578,0.11926605504587157,0.18666666666666668,0.37333333333333335,0.5111111111111111,0.0031747034285217524,0.0029560561990365384,0.004372944496572018,0.05,nan,nan,nan,nan,nan,nan,nan,nan,nan,nan,nan,nan,nan,nan,nan,nan,nan,nan,nan,nan,nan,nan,nan,nan,nan,nan,nan,nan,nan,nan,nan,nan,nan,nan,nan
885,164787,0.06729314556193954,1.2247733445167466,0.6088888888888889,0,211,0.6445497630331753,0.0947867298578199,0.004739336492890996,0.02843601895734597,0.0,0.7440758293838863,0.08056872037914692,0.17535545023696683,0.15555555555555556,0.29777777777777775,0.4444444444444444,0.0028620653320103884,0.002697673882357776,0.0032878288417123257,0.05,nan,nan,nan,nan,nan,nan,nan,nan,nan,nan,nan,nan,nan,nan,nan,nan,nan,nan,nan,nan,nan,nan,nan,nan,nan,nan,nan,nan,nan,nan,nan,nan,nan,nan,nan
886,164979,0.06580257908438417,0.6179596099853508,0.5511111111111111,0,192,0.640625,0.109375,0.005208333333333333,0.015625,0.0,0.7552083333333334,0.08854166666666667,0.15625,0.18222222222222223,0.31555555555555553,0.4488888888888889,0.003006439981982112,0.002786763769108802,0.004393524094484747,0.05,nan,nan,nan,nan,nan,nan,nan,nan,nan,nan,nan,nan,nan,nan,nan,nan,nan,nan,nan,nan,nan,nan,nan,nan,nan,nan,nan,nan,nan,nan,nan,nan,nan,nan,nan
887,165165,0.06436309569189588,1.117174889087672,0.5866666666666667,0,186,0.7043010752688172,0.06451612903225806,0.016129032258064516,0.016129032258064516,0.0,0.7849462365591398,0.0967741935483871,0.11827956989247312,0.18666666666666668,0.36,0.5066666666666667,0.0031068377662450074,0.0028627857798710467,0.004881040810141712,0.05,nan,nan,nan,nan,nan,nan,nan,nan,nan,nan,nan,nan,nan,nan,nan,nan,nan,nan,nan,nan,nan,nan,nan,nan,nan,nan,nan,nan,nan,nan,nan,nan,nan,nan,nan
888,165358,0.06287411179781255,0.33205975675582966,0.5555555555555556,0,193,0.6424870466321243,0.06217616580310881,0.0051813471502590676,0.031088082901554404,0.0,0.7098445595854922,0.12435233160621761,0.16580310880829016,0.16,0.3288888888888889,0.4488888888888889,0.0032133782748132943,0.0029603499453514813,0.005060566216707229,0.05,nan,nan,nan,nan,nan,nan,nan,nan,nan,nan,nan,nan,nan,nan,nan,nan,nan,nan,nan,nan,nan,nan,nan,nan,nan,nan,nan,nan,nan,nan,nan,nan,nan,nan,nan
889,165524,0.06159723039291845,1.1313415236473068,0.5111111111111111,0,166,0.6867469879518072,0.07228915662650602,0.006024096385542169,0.024096385542168676,0.0,0.7650602409638554,0.12048192771084337,0.1144578313253012,0.1688888888888889,0.31555555555555553,0.4622222222222222,0.003155051381327212,0.00291920630261302,0.004716901970095932,0.05,nan,nan,nan,nan,nan,nan,nan,nan,nan,nan,nan,nan,nan,nan,nan,nan,nan,nan,nan,nan,nan,nan,nan,nan,nan,nan,nan,nan,nan,nan,nan,nan,nan,nan,nan
890,165702,0.06023193906652276,-0.5434434690475483,0.4577777777777778,0,178,0.5730337078651685,0.1797752808988764,0.0056179775280898875,0.033707865168539325,0.0,0.7584269662921348,0.12921348314606743,0.11235955056179775,0.19555555555555557,0.3377777777777778,0.4222222222222222,0.0032543767709285023,0.003033226658590138,0.004423002083785832,0.05,nan,nan,nan,nan,nan,nan,nan,nan,nan,nan,nan,nan,nan,nan,nan,nan,nan,nan,nan,nan,nan,nan,nan,nan,nan,nan,nan,nan,nan,nan,nan,nan,nan,nan,nan
891,165871,0.05893940145627068,1.4744769895076693,0.52,0,169,0.6863905325443787,0.11242603550295859,0.0,0.04142011834319527,0.0,0.7988165680473372,0.11834319526627218,0.08284023668639054,0.18666666666666668,0.36444444444444446,0.47555555555555556,0.0034867604030296207,0.0032359320204705,0.0050165676046162845,0.05,nan,nan,nan,nan,nan,nan,nan,nan,nan,nan,nan,nan,nan,nan,nan,nan,nan,nan,nan,nan,nan,nan,nan,nan,nan,nan,nan,nan,nan,nan,nan,nan,nan,nan,nan
892,166102,0.05717852909263638,1.107657188177103,0.6177777777777778,0,231,0.5974025974025974,0.12987012987012986,0.0,0.025974025974025976,0.0,0.7272727272727273,0.18181818181818182,0.09090909090909091,0.1688888888888889,0.3333333333333333,0.4088888888888889,0.0032133597182109953,0.0030051879584789276,0.004163435474038124,0.05,nan,nan,nan,nan,nan,nan,nan,nan,nan,nan,nan,nan,nan,nan,nan,nan,nan,nan,nan,nan,nan,nan,nan,nan,nan,nan,nan,nan,nan,nan,nan,nan,nan,nan,nan
893,166307,0.05562149534787704,1.1989615910053195,0.6044444444444445,0,205,0.6585365853658537,0.1073170731707317,0.0,0.03414634146341464,0.0,0.7658536585365854,0.1073170731707317,0.12682926829268293,0.18666666666666668,0.3422222222222222,0.48444444444444446,0.0031920197419822217,0.0029805938247591257,0.004228518076706678,0.05,nan,nan,nan,nan,nan,nan,nan,nan,nan,nan,nan,nan,nan,nan,nan,nan,nan,nan,nan,nan,nan,nan,nan,nan,nan,nan,nan,nan,nan,nan,nan,nan,nan,nan,nan
894,166519,0.054016863108439485,0.4036481161117549,0.5733333333333334,0,212,0.6037735849056604,0.12735849056603774,0.014150943396226415,0.05660377358490566,0.0,0.7452830188679245,0.09905660377358491,0.15566037735849056,0.17333333333333334,0.3466666666666667,0.4577777777777778,0.0033436723286286,0.0030954054556787012,0.004965337365865708,0.05,nan,nan,nan,nan,nan,nan,nan,nan,nan,nan,nan,nan,nan,nan,nan,nan,nan,nan,nan,nan,nan,nan,nan,nan,nan,nan,nan,nan,nan,nan,nan,nan,nan,nan,nan
895,166708,0.05259108020105832,1.8922515680789873,0.6133333333333333,0,189,0.7248677248677249,0.07407407407407407,0.005291005291005291,0.037037037037037035,0.0,0.8042328042328042,0.07936507936507936,0.1164021164021164,0.19555555555555557,0.36444444444444446,0.5066666666666667,0.003419089363887906,0.003155702771618962,0.005267732031643391,0.05,nan,nan,nan,nan,nan,nan,nan,nan,nan,nan,nan,nan,nan,nan,nan,nan,nan,nan,nan,nan,nan,nan,nan,nan,nan,nan,nan,nan,nan,nan,nan,nan,nan,nan,nan
896,166919,0.05100462255559436,0.9532575743198344,0.5733333333333334,0,211,0.6066350710900474,0.16587677725118483,0.004739336492890996,0.02843601895734597,0.0,0.7772511848341233,0.08056872037914692,0.14218009478672985,0.2,0.35555555555555557,0.52,0.003152670501731336,0.002904811385087669,0.004957182472571731,0.05,nan,nan,nan,nan,nan,nan,nan,nan,nan,nan,nan,nan,nan,nan,nan,nan,nan,nan,nan,nan,nan,nan,nan,nan,nan,nan,nan,nan,nan,nan,nan,nan,nan,nan,nan
897,167114,0.05045658562349241,1.2549167435169175,0.5688888888888889,0,195,0.6512820512820513,0.12307692307692308,0.0,0.041025641025641026,0.0,0.7743589743589744,0.11794871794871795,0.1076923076923077,0.1688888888888889,0.3422222222222222,0.47555555555555556,0.0030523032415658235,0.0028224458452314138,0.004597148485481739,0.05,nan,nan,nan,nan,nan,nan,nan,nan,nan,nan,nan,nan,nan,nan,nan,nan,nan,nan,nan,nan,nan,nan,nan,nan,nan,nan,nan,nan,nan,nan,nan,nan,nan,nan,nan
898,167307,0.05189813730238001,2.1347664303779545,0.6044444444444445,0,193,0.6994818652849741,0.10362694300518134,0.0,0.010362694300518135,0.0,0.8031088082901554,0.10362694300518134,0.09326424870466321,0.19111111111111112,0.3377777777777778,0.4666666666666667,0.003234260203316808,0.002978838444687426,0.005108435126021505,0.05,nan,nan,nan,nan,nan,nan,nan,nan,nan,nan,nan,nan,nan,nan,nan,nan,nan,nan,nan,nan,nan,nan,nan,nan,nan,nan,nan,nan,nan,nan,nan,nan,nan,nan,nan
899,167481,0.05319380171273448,1.7575185823440507,0.5822222222222222,0,174,0.7471264367816092,0.04597701149425287,0.0,0.034482758620689655,0.0,0.7931034482758621,0.14942528735632185,0.05747126436781609,0.2,0.36,0.5111111111111111,0.0029492529341951013,0.002734860358759761,0.004287851694971323,0.05,nan,nan,nan,nan,nan,nan,nan,nan,nan,nan,nan,nan,nan,nan,nan,nan,nan,nan,nan,nan,nan,nan,nan,nan,nan,nan,nan,nan,nan,nan,nan,nan,nan,nan,nan
900,167658,0.05450794875769541,0.2796060903072368,0.5066666666666667,0,177,0.6384180790960452,0.11864406779661017,0.0,0.03954802259887006,0.0,0.7570621468926554,0.12994350282485875,0.11299435028248588,0.18222222222222223,0.3377777777777778,0.4444444444444444,0.0030598898185417054,0.0028060283977538346,0.005077228951267898,0.05,1.3990364483594842,0.5768888888888888,0.0,194.2,0.0,1.0,0.6644684095555223,0.1172527438636628,0.0,0.014844709352648085,0.0,0.7817211534191852,0.09658196302252599,0.12169688355828892,0.19066666666666668,0.35022222222222227,0.4915555555555556,1.174215344595904,0.556,0.0,190.8,0.0,1.0,0.6528977008216373,0.12061328040788133,0.0,0.026603104676900153,0.0,0.7735109812295187,0.10287288387782971,0.12361613489265158,0.1875555555555556,0.3493333333333334,0.4746666666666666,1.125900136667378
901,167836,0.05582560661398029,2.4552246630191723,0.5955555555555555,0,178,0.7471910112359551,0.06179775280898876,0.0,0.0,0.0,0.8089887640449438,0.0898876404494382,0.10112359550561797,0.19555555555555557,0.38666666666666666,0.52,0.0032033389201387764,0.0029037497006356716,0.0059917845064774156,0.05,nan,nan,nan,nan,nan,nan,nan,nan,nan,nan,nan,nan,nan,nan,nan,nan,nan,nan,nan,nan,nan,nan,nan,nan,nan,nan,nan,nan,nan,nan,nan,nan,nan,nan,nan
902,168035,0.057294082571556465,1.0504781045913596,0.5466666666666666,0,199,0.6130653266331658,0.09045226130653267,0.005025125628140704,0.07537688442211055,0.0,0.7085427135678392,0.1457286432160804,0.1457286432160804,0.18222222222222223,0.3511111111111111,0.4577777777777778,0.0031110948417335748,0.0029102036729454993,0.004017823305912316,0.05,nan,nan,nan,nan,nan,nan,nan,nan,nan,nan,nan,nan,nan,nan,nan,nan,nan,nan,nan,nan,nan,nan,nan,nan,nan,nan,nan,nan,nan,nan,nan,nan,nan,nan,nan
903,168251,0.05888248076236376,-1.184918318748478,0.48444444444444446,0,216,0.5,0.2037037037037037,0.009259259259259259,0.046296296296296294,0.0,0.7129629629629629,0.10648148148148148,0.18055555555555555,0.18222222222222223,0.32,0.37333333333333335,0.0033935841638594866,0.0031552933622151615,0.0047658165916800495,0.05,nan,nan,nan,nan,nan,nan,nan,nan,nan,nan,nan,nan,nan,nan,nan,nan,nan,nan,nan,nan,nan,nan,nan,nan,nan,nan,nan,nan,nan,nan,nan,nan,nan,nan,nan
904,168440,0.06026762277858344,0.5885676543712621,0.5333333333333333,0,189,0.6296296296296297,0.15873015873015872,0.0,0.015873015873015872,0.0,0.7883597883597884,0.10052910052910052,0.1111111111111111,0.18666666666666668,0.3422222222222222,0.4488888888888889,0.0033254548208788036,0.003066108445636928,0.005186926783062517,0.05,nan,nan,nan,nan,nan,nan,nan,nan,nan,nan,nan,nan,nan,nan,nan,nan,nan,nan,nan,nan,nan,nan,nan,nan,nan,nan,nan,nan,nan,nan,nan,nan,nan,nan,nan
905,168657,0.06185256807791601,1.730308286190026,0.6177777777777778,0,217,0.6359447004608295,0.1152073732718894,0.0,0.03686635944700461,0.0,0.7511520737327189,0.06912442396313365,0.17972350230414746,0.17777777777777778,0.36,0.48,0.0029976955149322746,0.0028110552346333863,0.003732805885374546,0.05,nan,nan,nan,nan,nan,nan,nan,nan,nan,nan,nan,nan,nan,nan,nan,nan,nan,nan,nan,nan,nan,nan,nan,nan,nan,nan,nan,nan,nan,nan,nan,nan,nan,nan,nan
906,168862,0.06334457483929923,1.5824394245147664,0.6311111111111111,0,205,0.6878048780487804,0.06341463414634146,0.004878048780487805,0.024390243902439025,0.0,0.7560975609756098,0.12195121951219512,0.12195121951219512,0.17333333333333334,0.3333333333333333,0.5066666666666667,0.0030904795276001096,0.0028937116963788866,0.003935356042347848,0.05,nan,nan,nan,nan,nan,nan,nan,nan,nan,nan,nan,nan,nan,nan,nan,nan,nan,nan,nan,nan,nan,nan,nan,nan,nan,nan,nan,nan,nan,nan,nan,nan,nan,nan,nan
907,169069,0.06484593465211672,0.33076321601867487,0.5333333333333333,0,207,0.5748792270531401,0.12560386473429952,0.004830917874396135,0.06280193236714976,0.0,0.7053140096618358,0.1642512077294686,0.13043478260869565,0.15555555555555556,0.3288888888888889,0.43555555555555553,0.0030492012621834872,0.00282680441159755,0.004447936592623591,0.05,nan,nan,nan,nan,nan,nan,nan,nan,nan,nan,nan,nan,nan,nan,nan,nan,nan,nan,nan,nan,nan,nan,nan,nan,nan,nan,nan,nan,nan,nan,nan,nan,nan,nan,nan
908,169256,0.06619775174196144,1.0584419591426788,0.5066666666666667,0,187,0.6042780748663101,0.058823529411764705,0.0,0.06951871657754011,0.0,0.6631016042780749,0.18181818181818182,0.15508021390374332,0.1688888888888889,0.3022222222222222,0.4444444444444444,0.00329981844406575,0.0030459394212812184,0.005077581154182553,0.05,nan,nan,nan,nan,nan,nan,nan,nan,nan,nan,nan,nan,nan,nan,nan,nan,nan,nan,nan,nan,nan,nan,nan,nan,nan,nan,nan,nan,nan,nan,nan,nan,nan,nan,nan
909,169430,0.06745177864971912,0.11604010915756069,0.4577777777777778,0,174,0.5862068965517241,0.14367816091954022,0.0,0.06896551724137931,0.0,0.7298850574712644,0.14942528735632185,0.1206896551724138,0.18666666666666668,0.3466666666666667,0.4577777777777778,0.003003963897936046,0.0027472714893519877,0.005133848241530359,0.05,nan,nan,nan,nan,nan,nan,nan,nan,nan,nan,nan,nan,nan,nan,nan,nan,nan,nan,nan,nan,nan,nan,nan,nan,nan,nan,nan,nan,nan,nan,nan,nan,nan,nan,nan
910,169616,0.06878823414961244,1.2546997392177557,0.5422222222222223,0,186,0.6505376344086021,0.0913978494623656,0.0,0.03225806451612903,0.0,0.7419354838709677,0.13440860215053763,0.12365591397849462,0.1688888888888889,0.3244444444444444,0.43555555555555553,0.0035635168896988034,0.0033099524327553807,0.005071289872284978,0.05,nan,nan,nan,nan,nan,nan,nan,nan,nan,nan,nan,nan,nan,nan,nan,nan,nan,nan,nan,nan,nan,nan,nan,nan,nan,nan,nan,nan,nan,nan,nan,nan,nan,nan,nan
911,169822,0.07026351464754016,3.012052126407615,0.6755555555555556,0,206,0.7330097087378641,0.0825242718446602,0.0,0.009708737864077669,0.0,0.8155339805825242,0.08737864077669903,0.0970873786407767,0.19555555555555557,0.37333333333333335,0.52,0.003556657745502889,0.003376822522841394,0.0035967031493783,0.05,nan,nan,nan,nan,nan,nan,nan,nan,nan,nan,nan,nan,nan,nan,nan,nan,nan,nan,nan,nan,nan,nan,nan,nan,nan,nan,nan,nan,nan,nan,nan,nan,nan,nan,nan
912,170019,0.07166955529847549,1.8672751967906902,0.6355555555555555,0,197,0.7208121827411168,0.1065989847715736,0.0,0.025380710659898477,0.0,0.8274111675126904,0.09137055837563451,0.08121827411167512,0.19555555555555557,0.38666666666666666,0.5288888888888889,0.003396995598450303,0.0032005627872422338,0.003928656317293644,0.05,nan,nan,nan,nan,nan,nan,nan,nan,nan,nan,nan,nan,nan,nan,nan,nan,nan,nan,nan,nan,nan,nan,nan,nan,nan,nan,nan,nan,nan,nan,nan,nan,nan,nan,nan
913,170218,0.07308513196340709,0.6246990563869437,0.5422222222222223,0,199,0.6080402010050251,0.1306532663316583,0.0,0.04522613065326633,0.0,0.7386934673366834,0.10050251256281408,0.16080402010050251,0.17777777777777778,0.3377777777777778,0.4622222222222222,0.0031647042371332644,0.002907425700686872,0.005145570554304868,0.05,nan,nan,nan,nan,nan,nan,nan,nan,nan,nan,nan,nan,nan,nan,nan,nan,nan,nan,nan,nan,nan,nan,nan,nan,nan,nan,nan,nan,nan,nan,nan,nan,nan,nan,nan
914,170456,0.07477189585550208,-0.14980493330956235,0.5511111111111111,0,238,0.5168067226890757,0.18487394957983194,0.0,0.037815126050420166,0.0,0.7016806722689075,0.17647058823529413,0.12184873949579832,0.17777777777777778,0.3422222222222222,0.4444444444444444,0.0032104602549225094,0.0030283877858892083,0.003641448845155537,0.05,nan,nan,nan,nan,nan,nan,nan,nan,nan,nan,nan,nan,nan,nan,nan,nan,nan,nan,nan,nan,nan,nan,nan,nan,nan,nan,nan,nan,nan,nan,nan,nan,nan,nan,nan
915,170679,0.07634620290761956,-3.09332135462761,0.40444444444444444,0,223,0.40358744394618834,0.16143497757847533,0.02242152466367713,0.14349775784753363,0.0,0.5874439461883408,0.16591928251121077,0.24663677130044842,0.17333333333333334,0.32,0.4,0.003332970174960792,0.0031192409340292217,0.00427458449266851,0.05,nan,nan,nan,nan,nan,nan,nan,nan,nan,nan,nan,nan,nan,nan,nan,nan,nan,nan,nan,nan,nan,nan,nan,nan,nan,nan,nan,nan,nan,nan,nan,nan,nan,nan,nan
916,170851,0.07755641420890003,1.6296289372444144,0.5333333333333333,0,172,0.6918604651162791,0.040697674418604654,0.0,0.023255813953488372,0.0,0.7325581395348837,0.1511627906976744,0.11627906976744186,0.15555555555555556,0.31555555555555553,0.4666666666666667,0.003598217200487852,0.0033597780391573908,0.004768784949555993,0.05,nan,nan,nan,nan,nan,nan,nan,nan,nan,nan,nan,nan,nan,nan,nan,nan,nan,nan,nan,nan,nan,nan,nan,nan,nan,nan,nan,nan,nan,nan,nan,nan,nan,nan,nan
917,171075,0.07912722609594443,0.06097306704520622,0.5955555555555555,0,224,0.59375,0.125,0.0,0.07142857142857142,0.0,0.71875,0.14732142857142858,0.13392857142857142,0.18666666666666668,0.37333333333333335,0.5111111111111111,0.003221672005020082,0.0030445849057286977,0.0035417413455434144,0.05,nan,nan,nan,nan,nan,nan,nan,nan,nan,nan,nan,nan,nan,nan,nan,nan,nan,nan,nan,nan,nan,nan,nan,nan,nan,nan,nan,nan,nan,nan,nan,nan,nan,nan,nan
918,171271,0.08049680118145588,1.0590917005538896,0.5777777777777777,0,196,0.6581632653061225,0.07653061224489796,0.02040816326530612,0.030612244897959183,0.0,0.7551020408163265,0.10204081632653061,0.14285714285714285,0.16444444444444445,0.3288888888888889,0.4622222222222222,0.0032390183070674537,0.00299688836093992,0.004842598410323262,0.05,nan,nan,nan,nan,nan,nan,nan,nan,nan,nan,nan,nan,nan,nan,nan,nan,nan,nan,nan,nan,nan,nan,nan,nan,nan,nan,nan,nan,nan,nan,nan,nan,nan,nan,nan
919,171461,0.08182010921812688,1.2661623535156215,0.5733333333333334,0,190,0.6736842105263158,0.12105263157894737,0.015789473684210527,0.02631578947368421,0.0,0.8105263157894737,0.11578947368421053,0.07368421052631578,0.19555555555555557,0.37777777777777777,0.5022222222222222,0.0033448279136791825,0.0031234593596309425,0.004427370871417225,0.05,nan,nan,nan,nan,nan,nan,nan,nan,nan,nan,nan,nan,nan,nan,nan,nan,nan,nan,nan,nan,nan,nan,nan,nan,nan,nan,nan,nan,nan,nan,nan,nan,nan,nan,nan
920,171646,0.0831044966001559,-0.6151772403717064,0.44,0,185,0.5297297297297298,0.12432432432432433,0.0,0.10810810810810811,0.0,0.654054054054054,0.13513513513513514,0.21081081081081082,0.18222222222222223,0.3288888888888889,0.3466666666666667,0.002956861676648259,0.0027663205051794647,0.0038108240813016893,0.05,1.1007676965236617,0.5528888888888889,0.0,191.3,0.0,1.0,0.6454481979280391,0.10076427986502308,0.0004651162790697674,0.043898767472145404,0.0,0.7466775940721319,0.09329831298493534,0.16002409294293268,0.19022222222222224,0.3466666666666666,0.47155555555555556,0.5666789995670266,0.5453333333333334,0.0,200.8,0.0,1.0,0.6090468490542387,0.10604042746885797,0.000966183574879227,0.0592685443863906,0.0,0.716053460097976,0.11226475458512597,0.17168178531689815,0.1875555555555556,0.3435555555555555,0.46355555555555555,1.0833093424229752
921,171805,0.08420515278064797,1.1615861060619328,0.48444444444444446,0,159,0.6792452830188679,0.03773584905660377,0.006289308176100629,0.03773584905660377,0.0,0.7232704402515723,0.1320754716981132,0.14465408805031446,0.17333333333333334,0.3244444444444444,0.4711111111111111,0.0030698569025844336,0.0028017171891406177,0.005362794222310186,0.05,nan,nan,nan,nan,nan,nan,nan,nan,nan,nan,nan,nan,nan,nan,nan,nan,nan,nan,nan,nan,nan,nan,nan,nan,nan,nan,nan,nan,nan,nan,nan,nan,nan,nan,nan
922,171976,0.08538555965388128,-0.3575902822017679,0.44,0,171,0.5730994152046783,0.14035087719298245,0.005847953216374269,0.04678362573099415,0.0,0.7192982456140351,0.12280701754385964,0.15789473684210525,0.16,0.3288888888888889,0.39555555555555555,0.0031008502701297402,0.0028769881930202244,0.004477241518907249,0.05,nan,nan,nan,nan,nan,nan,nan,nan,nan,nan,nan,nan,nan,nan,nan,nan,nan,nan,nan,nan,nan,nan,nan,nan,nan,nan,nan,nan,nan,nan,nan,nan,nan,nan,nan
923,172145,0.08654878940824684,1.1164888427257493,0.5111111111111111,0,169,0.6745562130177515,0.07100591715976332,0.0,0.023668639053254437,0.0,0.7455621301775148,0.07100591715976332,0.1834319526627219,0.18222222222222223,0.3333333333333333,0.4666666666666667,0.0030404212418943645,0.0027703037019819023,0.005402350262738764,0.05,nan,nan,nan,nan,nan,nan,nan,nan,nan,nan,nan,nan,nan,nan,nan,nan,nan,nan,nan,nan,nan,nan,nan,nan,nan,nan,nan,nan,nan,nan,nan,nan,nan,nan,nan
924,172353,0.08797586668178066,1.6483704991340546,0.6177777777777778,0,208,0.6634615384615384,0.11057692307692307,0.004807692307692308,0.02403846153846154,0.0,0.7788461538461539,0.09615384615384616,0.125,0.17777777777777778,0.3422222222222222,0.48444444444444446,0.0029920157743617893,0.0027505569625645874,0.00482917653862387,0.05,nan,nan,nan,nan,nan,nan,nan,nan,nan,nan,nan,nan,nan,nan,nan,nan,nan,nan,nan,nan,nan,nan,nan,nan,nan,nan,nan,nan,nan,nan,nan,nan,nan,nan,nan
925,172538,0.08924089634823962,1.8784723014831473,0.6088888888888889,0,185,0.7351351351351352,0.07567567567567568,0.0,0.021621621621621623,0.0,0.8108108108108109,0.05945945945945946,0.12972972972972974,0.2,0.37333333333333335,0.5377777777777778,0.003399383486248553,0.0031886978773400187,0.004213711502961815,0.05,nan,nan,nan,nan,nan,nan,nan,nan,nan,nan,nan,nan,nan,nan,nan,nan,nan,nan,nan,nan,nan,nan,nan,nan,nan,nan,nan,nan,nan,nan,nan,nan,nan,nan,nan
926,172733,0.09056998940885427,0.5419609994888268,0.5511111111111111,0,195,0.6307692307692307,0.10256410256410256,0.0,0.041025641025641026,0.0,0.7333333333333333,0.15384615384615385,0.11282051282051282,0.16444444444444445,0.3288888888888889,0.48444444444444446,0.002794416924007237,0.002599284308962524,0.0039026523241773247,0.05,nan,nan,nan,nan,nan,nan,nan,nan,nan,nan,nan,nan,nan,nan,nan,nan,nan,nan,nan,nan,nan,nan,nan,nan,nan,nan,nan,nan,nan,nan,nan,nan,nan,nan,nan
927,172945,0.09200993825287063,2.7579222807884105,0.7111111111111111,0,212,0.75,0.05660377358490566,0.0,0.0,0.0,0.8066037735849056,0.1179245283018868,0.07547169811320754,0.19555555555555557,0.37777777777777777,0.5377777777777778,0.002964650932699442,0.002707903226837516,0.0051349539309740065,0.05,nan,nan,nan,nan,nan,nan,nan,nan,nan,nan,nan,nan,nan,nan,nan,nan,nan,nan,nan,nan,nan,nan,nan,nan,nan,nan,nan,nan,nan,nan,nan,nan,nan,nan,nan
928,173162,0.09192692181296988,1.9794044508933908,0.6355555555555555,0,217,0.6543778801843319,0.08755760368663594,0.0,0.041474654377880185,0.0,0.7419354838709677,0.15668202764976957,0.10138248847926268,0.19111111111111112,0.3377777777777778,0.48,0.0029409949900582434,0.002751468634232879,0.0037905274890363216,0.05,nan,nan,nan,nan,nan,nan,nan,nan,nan,nan,nan,nan,nan,nan,nan,nan,nan,nan,nan,nan,nan,nan,nan,nan,nan,nan,nan,nan,nan,nan,nan,nan,nan,nan,nan
929,173343,0.09057747354202596,0.11503832578658857,0.48444444444444446,0,181,0.5966850828729282,0.15469613259668508,0.0,0.022099447513812154,0.0,0.7513812154696132,0.08839779005524862,0.16022099447513813,0.18222222222222223,0.3377777777777778,0.44,0.003373695886693895,0.0031509815249592065,0.004454286629334092,0.05,nan,nan,nan,nan,nan,nan,nan,nan,nan,nan,nan,nan,nan,nan,nan,nan,nan,nan,nan,nan,nan,nan,nan,nan,nan,nan,nan,nan,nan,nan,nan,nan,nan,nan,nan
930,173569,0.08889810280907431,1.5763223426341948,0.6488888888888888,0,226,0.6415929203539823,0.11946902654867257,0.017699115044247787,0.02654867256637168,0.0,0.7787610619469026,0.10619469026548672,0.11504424778761062,0.18666666666666668,0.3288888888888889,0.48444444444444446,0.0030032801907509564,0.0028389582643285395,0.0032864388544112445,0.05,nan,nan,nan,nan,nan,nan,nan,nan,nan,nan,nan,nan,nan,nan,nan,nan,nan,nan,nan,nan,nan,nan,nan,nan,nan,nan,nan,nan,nan,nan,nan,nan,nan,nan,nan
931,173764,0.08745405226730182,0.21146285319328384,0.5288888888888889,0,195,0.6051282051282051,0.1282051282051282,0.005128205128205128,0.020512820512820513,0.0,0.7384615384615385,0.1076923076923077,0.15384615384615385,0.1688888888888889,0.27111111111111114,0.4222222222222222,0.0030403568176552652,0.002832548040896654,0.004156175919342786,0.05,nan,nan,nan,nan,nan,nan,nan,nan,nan,nan,nan,nan,nan,nan,nan,nan,nan,nan,nan,nan,nan,nan,nan,nan,nan,nan,nan,nan,nan,nan,nan,nan,nan,nan,nan
932,173904,0.08642012735578783,-0.1592339868545518,0.4266666666666667,0,140,0.6785714285714286,0.03571428571428571,0.0,0.10714285714285714,0.0,0.7142857142857143,0.10714285714285714,0.17857142857142858,0.2,0.3511111111111111,nan,0.003289304720237851,0.003069354686886072,0.00439900002675131,0.05,nan,nan,nan,nan,nan,nan,nan,nan,nan,nan,nan,nan,nan,nan,nan,nan,nan,nan,nan,nan,nan,nan,nan,nan,nan,nan,nan,nan,nan,nan,nan,nan,nan,nan,nan
933,174083,0.08510161790381285,3.030196254253377,0.6222222222222222,0,179,0.776536312849162,0.03910614525139665,0.0,0.01675977653631285,0.0,0.8156424581005587,0.0782122905027933,0.10614525139664804,0.18666666666666668,0.37333333333333335,0.5244444444444445,0.0029724091989919545,0.00277548530139029,0.0039384785341098905,0.05,nan,nan,nan,nan,nan,nan,nan,nan,nan,nan,nan,nan,nan,nan,nan,nan,nan,nan,nan,nan,nan,nan,nan,nan,nan,nan,nan,nan,nan,nan,nan,nan,nan,nan,nan
934,174238,0.08396300221595143,1.857043156623834,0.5111111111111111,0,155,0.7354838709677419,0.04516129032258064,0.012903225806451613,0.0,0.0,0.7935483870967742,0.14838709677419354,0.05806451612903226,0.18222222222222223,0.3422222222222222,0.49333333333333335,0.00322227927390486,0.003004119242541492,0.004363200964871794,0.05,nan,nan,nan,nan,nan,nan,nan,nan,nan,nan,nan,nan,nan,nan,nan,nan,nan,nan,nan,nan,nan,nan,nan,nan,nan,nan,nan,nan,nan,nan,nan,nan,nan,nan,nan
935,174435,0.08252001549077768,0.6038443264961213,0.5288888888888889,0,197,0.5989847715736041,0.16751269035532995,0.005076142131979695,0.015228426395939087,0.0,0.7715736040609137,0.14213197969543148,0.08629441624365482,0.19111111111111112,0.3377777777777778,0.4622222222222222,0.003173862164840102,0.002933657052926719,0.004804102121852338,0.05,nan,nan,nan,nan,nan,nan,nan,nan,nan,nan,nan,nan,nan,nan,nan,nan,nan,nan,nan,nan,nan,nan,nan,nan,nan,nan,nan,nan,nan,nan,nan,nan,nan,nan,nan
936,174597,0.08133687605258028,0.4931082141399403,0.49777777777777776,0,162,0.6851851851851852,0.043209876543209874,0.006172839506172839,0.030864197530864196,0.0,0.7345679012345679,0.11728395061728394,0.14814814814814814,0.17777777777777778,0.3422222222222222,0.4666666666666667,0.003708719345740974,0.0034752761013805865,0.004668864142149687,0.05,nan,nan,nan,nan,nan,nan,nan,nan,nan,nan,nan,nan,nan,nan,nan,nan,nan,nan,nan,nan,nan,nan,nan,nan,nan,nan,nan,nan,nan,nan,nan,nan,nan,nan,nan
937,174795,0.07989507097774362,0.5498231263160671,0.5555555555555556,0,198,0.6262626262626263,0.10606060606060606,0.025252525252525252,0.050505050505050504,0.0,0.7575757575757576,0.12121212121212122,0.12121212121212122,0.1688888888888889,0.35555555555555557,0.5155555555555555,0.003179737366735935,0.0029448967892676593,0.004696811735630036,0.05,nan,nan,nan,nan,nan,nan,nan,nan,nan,nan,nan,nan,nan,nan,nan,nan,nan,nan,nan,nan,nan,nan,nan,nan,nan,nan,nan,nan,nan,nan,nan,nan,nan,nan,nan
938,175000,0.07840721222201116,1.2534318819045986,0.6044444444444445,0,205,0.6585365853658537,0.11219512195121951,0.0,0.014634146341463415,0.0,0.7707317073170732,0.11219512195121951,0.11707317073170732,0.19555555555555557,0.35555555555555557,0.4888888888888889,0.0030377207323908804,0.002812004694715142,0.00451432098634541,0.05,nan,nan,nan,nan,nan,nan,nan,nan,nan,nan,nan,nan,nan,nan,nan,nan,nan,nan,nan,nan,nan,nan,nan,nan,nan,nan,nan,nan,nan,nan,nan,nan,nan,nan,nan
939,175185,0.07706879606302901,1.7393173995017945,0.5466666666666666,0,185,0.6594594594594595,0.13513513513513514,0.0,0.02702702702702703,0.0,0.7945945945945946,0.05945945945945946,0.14594594594594595,0.18666666666666668,0.3422222222222222,0.47555555555555556,0.0030263753607869147,0.0028331351932138205,0.0038648028625175358,0.05,nan,nan,nan,nan,nan,nan,nan,nan,nan,nan,nan,nan,nan,nan,nan,nan,nan,nan,nan,nan,nan,nan,nan,nan,nan,nan,nan,nan,nan,nan,nan,nan,nan,nan,nan
940,175366,0.07576324428410676,0.529865416288372,0.5288888888888889,0,181,0.6519337016574586,0.0718232044198895,0.0055248618784530384,0.055248618784530384,0.0,0.7292817679558011,0.12154696132596685,0.14917127071823205,0.17777777777777778,0.3333333333333333,0.4533333333333333,0.003902865247800946,0.003638626541942358,0.005284774932079017,0.05,0.655385093712803,0.5288888888888889,0.0,195.0,0.0,1.0,0.6079473227974017,0.1050780556667221,0.0,0.053726552151366555,0.0,0.7130253784641238,0.131763812765186,0.15521080877069018,0.18311111111111114,0.328,0.43644444444444447,0.7811802382230708,0.5217777777777778,0.0,189.0,0.0,1.0,0.6245835949842012,0.10225101057518575,0.0,0.052338656887162084,0.0,0.7268346055593871,0.12678354904814454,0.14638184539246848,0.18400000000000002,0.34222222222222226,0.47111111111111115,1.018757878059272
941,175588,0.07416724851539777,1.703583997726431,0.6222222222222222,0,222,0.6261261261261262,0.09009009009009009,0.0,0.04504504504504504,0.0,0.7162162162162162,0.12162162162162163,0.16216216216216217,0.2,0.3422222222222222,0.4622222222222222,0.0033016100991517306,0.0030510727781802418,0.005010746465995908,0.05,nan,nan,nan,nan,nan,nan,nan,nan,nan,nan,nan,nan,nan,nan,nan,nan,nan,nan,nan,nan,nan,nan,nan,nan,nan,nan,nan,nan,nan,nan,nan,nan,nan,nan,nan
942,175800,0.0726485695992665,2.6682789995670246,0.6977777777777778,0,212,0.7358490566037735,0.08490566037735849,0.0,0.0,0.0,0.8207547169811321,0.08962264150943396,0.08962264150943396,0.2,0.37333333333333335,0.5333333333333333,0.003373096650466323,0.0031398270279169084,0.004665392590686679,0.05,nan,nan,nan,nan,nan,nan,nan,nan,nan,nan,nan,nan,nan,nan,nan,nan,nan,nan,nan,nan,nan,nan,nan,nan,nan,nan,nan,nan,nan,nan,nan,nan,nan,nan,nan
943,176009,0.07115655578012549,2.4194995343685073,0.6933333333333334,0,209,0.7416267942583732,0.08133971291866028,0.004784688995215311,0.004784688995215311,0.0,0.8277511961722488,0.11961722488038277,0.05263157894736842,0.18222222222222223,0.3688888888888889,0.52,0.0034906364046037195,0.003180776908993721,0.006197188864462078,0.05,nan,nan,nan,nan,nan,nan,nan,nan,nan,nan,nan,nan,nan,nan,nan,nan,nan,nan,nan,nan,nan,nan,nan,nan,nan,nan,nan,nan,nan,nan,nan,nan,nan,nan,nan
944,176201,0.06979041809516547,3.096789213180531,0.6444444444444445,0,192,0.75,0.08854166666666667,0.0,0.005208333333333333,0.0,0.8385416666666666,0.06770833333333333,0.09375,0.20444444444444446,0.38666666666666666,0.5466666666666666,0.0036123922327533364,0.003390870988368988,0.004430424794554711,0.05,nan,nan,nan,nan,nan,nan,nan,nan,nan,nan,nan,nan,nan,nan,nan,nan,nan,nan,nan,nan,nan,nan,nan,nan,nan,nan,nan,nan,nan,nan,nan,nan,nan,nan,nan
945,176359,0.06866943686891562,0.7812044551372521,0.4533333333333333,0,158,0.6392405063291139,0.10759493670886076,0.0,0.0379746835443038,0.0,0.7468354430379747,0.15822784810126583,0.0949367088607595,0.16444444444444445,0.3333333333333333,0.4266666666666667,0.0031849877675995232,0.002896643918938935,0.005766876693814993,0.05,nan,nan,nan,nan,nan,nan,nan,nan,nan,nan,nan,nan,nan,nan,nan,nan,nan,nan,nan,nan,nan,nan,nan,nan,nan,nan,nan,nan,nan,nan,nan,nan,nan,nan,nan
946,176557,0.06726877862431739,2.0144051585197396,0.5911111111111111,0,198,0.6666666666666666,0.13131313131313133,0.0,0.015151515151515152,0.0,0.797979797979798,0.09595959595959595,0.10606060606060606,0.18666666666666668,0.36,0.49777777777777776,0.0032802120549604297,0.0030151206301525235,0.0053018288454040885,0.05,nan,nan,nan,nan,nan,nan,nan,nan,nan,nan,nan,nan,nan,nan,nan,nan,nan,nan,nan,nan,nan,nan,nan,nan,nan,nan,nan,nan,nan,nan,nan,nan,nan,nan,nan
947,176777,0.06571784827875754,0.6263316419124556,0.5733333333333334,0,220,0.5818181818181818,0.13636363636363635,0.0,0.06818181818181818,0.0,0.7181818181818181,0.15454545454545454,0.12727272727272726,0.1688888888888889,0.3244444444444444,0.48444444444444446,0.003230325784534216,0.002991263079456985,0.0047812535194680095,0.05,nan,nan,nan,nan,nan,nan,nan,nan,nan,nan,nan,nan,nan,nan,nan,nan,nan,nan,nan,nan,nan,nan,nan,nan,nan,nan,nan,nan,nan,nan,nan,nan,nan,nan,nan
948,176984,0.06426369905601463,2.4767504730224505,0.6666666666666666,0,207,0.7198067632850241,0.05314009661835749,0.0,0.01932367149758454,0.0,0.7729468599033816,0.12560386473429952,0.10144927536231885,0.19111111111111112,0.3688888888888889,0.5244444444444445,0.0031786342617124317,0.0028915411327034234,0.005741862813010812,0.05,nan,nan,nan,nan,nan,nan,nan,nan,nan,nan,nan,nan,nan,nan,nan,nan,nan,nan,nan,nan,nan,nan,nan,nan,nan,nan,nan,nan,nan,nan,nan,nan,nan,nan,nan
949,177181,0.06288441053389657,-4.326110585689543,0.21777777777777776,0,197,0.2436548223350254,0.2639593908629442,0.0,0.20812182741116753,0.0,0.5076142131979695,0.27411167512690354,0.2182741116751269,0.1511111111111111,0.21777777777777776,0.21777777777777776,0.0036683155223727225,0.0034280097112059592,0.004806115943938494,0.05,nan,nan,nan,nan,nan,nan,nan,nan,nan,nan,nan,nan,nan,nan,nan,nan,nan,nan,nan,nan,nan,nan,nan,nan,nan,nan,nan,nan,nan,nan,nan,nan,nan,nan,nan
950,177385,0.061460840156633896,2.0515106096267623,0.64,0,204,0.7009803921568627,0.09313725490196079,0.004901960784313725,0.0196078431372549,0.0,0.7990196078431373,0.0784313725490196,0.12254901960784313,0.19555555555555557,0.3466666666666667,0.48444444444444446,0.002995417802594602,0.0027292740065604447,0.005322875361889601,0.05,nan,nan,nan,nan,nan,nan,nan,nan,nan,nan,nan,nan,nan,nan,nan,nan,nan,nan,nan,nan,nan,nan,nan,nan,nan,nan,nan,nan,nan,nan,nan,nan,nan,nan,nan
951,177575,0.06013928219239521,1.184481083869932,0.5777777777777777,0,190,0.6789473684210526,0.1,0.010526315789473684,0.02631578947368421,0.0,0.7894736842105263,0.15263157894736842,0.05789473684210526,0.17333333333333334,0.3688888888888889,0.5244444444444445,0.0030486331321299075,0.002789628366008401,0.005180095508694649,0.05,nan,nan,nan,nan,nan,nan,nan,nan,nan,nan,nan,nan,nan,nan,nan,nan,nan,nan,nan,nan,nan,nan,nan,nan,nan,nan,nan,nan,nan,nan,nan,nan,nan,nan,nan
952,177784,0.058690364694060596,0.5944299771785682,0.5333333333333333,0,209,0.569377990430622,0.14354066985645933,0.0,0.06698564593301436,0.0,0.7129186602870813,0.13875598086124402,0.14832535885167464,0.18666666666666668,0.37333333333333335,0.52,0.0030454694759100677,0.002823508670553565,0.0044392160139977935,0.05,nan,nan,nan,nan,nan,nan,nan,nan,nan,nan,nan,nan,nan,nan,nan,nan,nan,nan,nan,nan,nan,nan,nan,nan,nan,nan,nan,nan,nan,nan,nan,nan,nan,nan,nan
953,177984,0.05730853382227466,1.0429430551528884,0.5511111111111111,0,200,0.615,0.155,0.0,0.035,0.0,0.77,0.11,0.12,0.18666666666666668,0.30666666666666664,0.44,0.0035751807736232877,0.003334604995325208,0.0048115150537341835,0.05,nan,nan,nan,nan,nan,nan,nan,nan,nan,nan,nan,nan,nan,nan,nan,nan,nan,nan,nan,nan,nan,nan,nan,nan,nan,nan,nan,nan,nan,nan,nan,nan,nan,nan,nan
954,178166,0.0560550466827107,1.8195485072135884,0.5777777777777777,0,182,0.7087912087912088,0.06043956043956044,0.005494505494505495,0.02197802197802198,0.005494505494505495,0.7747252747252747,0.08241758241758242,0.14285714285714285,0.17333333333333334,0.3333333333333333,0.48444444444444446,0.0030959651106968523,0.002905434067361057,0.0038106211461126803,0.05,nan,nan,nan,nan,nan,nan,nan,nan,nan,nan,nan,nan,nan,nan,nan,nan,nan,nan,nan,nan,nan,nan,nan,nan,nan,nan,nan,nan,nan,nan,nan,nan,nan,nan,nan
955,178348,0.05480534211937581,2.677572017669668,0.6044444444444445,0,182,0.7417582417582418,0.04395604395604396,0.005494505494505495,0.0,0.0,0.7912087912087912,0.13186813186813187,0.07692307692307693,0.18222222222222223,0.3422222222222222,0.5022222222222222,0.003137431037612259,0.002884968253783882,0.005049255047924817,0.05,nan,nan,nan,nan,nan,nan,nan,nan,nan,nan,nan,nan,nan,nan,nan,nan,nan,nan,nan,nan,nan,nan,nan,nan,nan,nan,nan,nan,nan,nan,nan,nan,nan,nan,nan
956,178542,0.053477394690721505,1.1710226304531053,0.5333333333333333,0,194,0.6134020618556701,0.10309278350515463,0.005154639175257732,0.03608247422680412,0.0,0.7216494845360825,0.15463917525773196,0.12371134020618557,0.16,0.3111111111111111,0.4622222222222222,0.0035113142337650062,0.0032391765853390098,0.005442752339877188,0.05,nan,nan,nan,nan,nan,nan,nan,nan,nan,nan,nan,nan,nan,nan,nan,nan,nan,nan,nan,nan,nan,nan,nan,nan,nan,nan,nan,nan,nan,nan,nan,nan,nan,nan,nan
957,178726,0.052221850947590506,-0.17712742090225309,0.47555555555555556,0,184,0.5760869565217391,0.15217391304347827,0.0,0.043478260869565216,0.0,0.7282608695652174,0.16304347826086957,0.10869565217391304,0.19111111111111112,0.3377777777777778,0.4311111111111111,0.0031821851385757326,0.002937011863104999,0.004903466184623539,0.05,nan,nan,nan,nan,nan,nan,nan,nan,nan,nan,nan,nan,nan,nan,nan,nan,nan,nan,nan,nan,nan,nan,nan,nan,nan,nan,nan,nan,nan,nan,nan,nan,nan,nan,nan
958,178923,0.05088185575588247,2.3994471349716076,0.6177777777777778,0,197,0.700507614213198,0.08629441624365482,0.005076142131979695,0.01015228426395939,0.0,0.7918781725888325,0.08629441624365482,0.1218274111675127,0.19555555555555557,0.3377777777777778,0.49333333333333335,0.0033983564469963314,0.003217211947776377,0.003622889961116016,0.05,nan,nan,nan,nan,nan,nan,nan,nan,nan,nan,nan,nan,nan,nan,nan,nan,nan,nan,nan,nan,nan,nan,nan,nan,nan,nan,nan,nan,nan,nan,nan,nan,nan,nan,nan
959,179110,0.05038605775576055,-1.8846071476936346,0.36444444444444446,0,187,0.43315508021390375,0.19786096256684493,0.0,0.10695187165775401,0.0,0.6310160427807486,0.0962566844919786,0.2727272727272727,0.18666666666666668,0.31555555555555553,0.36444444444444446,0.0031678768806159495,0.0029954425059258937,0.0034486881457269193,0.05,nan,nan,nan,nan,nan,nan,nan,nan,nan,nan,nan,nan,nan,nan,nan,nan,nan,nan,nan,nan,nan,nan,nan,nan,nan,nan,nan,nan,nan,nan,nan,nan,nan,nan,nan
960,179290,0.05160278153446103,1.1253821194171865,0.5244444444444445,0,180,0.65,0.13333333333333333,0.0,0.005555555555555556,0.0,0.7833333333333333,0.13333333333333333,0.08333333333333333,0.18222222222222223,0.36444444444444446,0.4666666666666667,0.003066660324111581,0.0028527561575174333,0.004278083704411984,0.05,1.6523694807052554,0.5773333333333334,0.0,185.1,0.0,1.0,0.6987495944629807,0.09500390297974079,0.0,0.01350108558067117,0.0,0.7937534974427213,0.10242599499210317,0.1038205075651755,0.196,0.3648888888888889,0.4973333333333333,1.0595199512481637,0.5448888888888888,0.0,191.0,0.0,1.0,0.6432593851757487,0.13504872608066606,0.0,0.018533628369115894,0.0,0.7783081112564146,0.11934266448598993,0.10234922425759545,0.188,0.35333333333333333,0.48888888888888893,1.1487068766196102
961,179484,0.05291005465040506,2.0617461621761235,0.6,0,194,0.6907216494845361,0.10309278350515463,0.0,0.010309278350515464,0.0,0.7938144329896907,0.07731958762886598,0.12886597938144329,0.2,0.35555555555555557,0.5066666666666667,0.003262151638045907,0.0030624942388385533,0.0039931489154696465,0.05,nan,nan,nan,nan,nan,nan,nan,nan,nan,nan,nan,nan,nan,nan,nan,nan,nan,nan,nan,nan,nan,nan,nan,nan,nan,nan,nan,nan,nan,nan,nan,nan,nan,nan,nan
962,179702,0.05437400830577059,1.6726262290477665,0.6266666666666667,0,218,0.6422018348623854,0.09174311926605505,0.0045871559633027525,0.05504587155963303,0.0,0.7385321100917431,0.13302752293577982,0.12844036697247707,0.18666666666666668,0.36,0.5066666666666667,0.003108094702474773,0.0029042265145108105,0.004077363375108689,0.05,nan,nan,nan,nan,nan,nan,nan,nan,nan,nan,nan,nan,nan,nan,nan,nan,nan,nan,nan,nan,nan,nan,nan,nan,nan,nan,nan,nan,nan,nan,nan,nan,nan,nan,nan
963,179892,0.055645588691162935,1.2809121961593568,0.5955555555555555,0,190,0.7,0.07894736842105263,0.04736842105263158,0.005263157894736842,0.0,0.8263157894736842,0.031578947368421054,0.14210526315789473,0.17777777777777778,0.35555555555555557,0.52,0.003634245763532817,0.0034180594608187675,0.004323725611902774,0.05,nan,nan,nan,nan,nan,nan,nan,nan,nan,nan,nan,nan,nan,nan,nan,nan,nan,nan,nan,nan,nan,nan,nan,nan,nan,nan,nan,nan,nan,nan,nan,nan,nan,nan,nan
964,180070,0.056833198283060965,1.6167623200416517,0.56,0,178,0.702247191011236,0.08426966292134831,0.0,0.02247191011235955,0.0,0.7865168539325843,0.08426966292134831,0.12921348314606743,0.16444444444444445,0.3511111111111111,0.49333333333333335,0.003238226938992739,0.002973722713068128,0.0052900842041708526,0.05,nan,nan,nan,nan,nan,nan,nan,nan,nan,nan,nan,nan,nan,nan,nan,nan,nan,nan,nan,nan,nan,nan,nan,nan,nan,nan,nan,nan,nan,nan,nan,nan,nan,nan,nan
965,180291,0.05830278685705284,1.3885038974285102,0.64,0,221,0.6470588235294118,0.13122171945701358,0.004524886877828055,0.049773755656108594,0.0,0.7828054298642534,0.09502262443438914,0.12217194570135746,0.2,0.38222222222222224,0.5288888888888889,0.0036698062671348453,0.003437114879488945,0.004653827066067606,0.05,nan,nan,nan,nan,nan,nan,nan,nan,nan,nan,nan,nan,nan,nan,nan,nan,nan,nan,nan,nan,nan,nan,nan,nan,nan,nan,nan,nan,nan,nan,nan,nan,nan,nan,nan
966,180448,0.059343492690145466,1.6294230060577342,0.5422222222222223,-1,157,0.7707006369426752,0.03184713375796178,0.0,0.03184713375796178,0.006369426751592357,0.802547770700637,0.12101910828025478,0.07643312101910828,0.19111111111111112,0.35555555555555557,0.5288888888888889,0.003289501299150288,0.003012103517539799,0.005547955678775906,0.05,nan,nan,nan,nan,nan,nan,nan,nan,nan,nan,nan,nan,nan,nan,nan,nan,nan,nan,nan,nan,nan,nan,nan,nan,nan,nan,nan,nan,nan,nan,nan,nan,nan,nan,nan
967,180599,0.060341845487722603,1.4004311966896026,0.49333333333333335,0,151,0.7284768211920529,0.046357615894039736,0.0,0.0,0.0,0.7748344370860927,0.15894039735099338,0.06622516556291391,0.18222222222222223,0.3466666666666667,0.4888888888888889,0.002922893641516566,0.0027319224318489432,0.003819423750974238,0.05,nan,nan,nan,nan,nan,nan,nan,nan,nan,nan,nan,nan,nan,nan,nan,nan,nan,nan,nan,nan,nan,nan,nan,nan,nan,nan,nan,nan,nan,nan,nan,nan,nan,nan,nan
968,180762,0.06141670295102247,0.6994478492736829,0.49333333333333335,0,163,0.6748466257668712,0.09202453987730061,0.0,0.024539877300613498,0.0,0.7668711656441718,0.10429447852760736,0.12883435582822086,0.1688888888888889,0.3377777777777778,0.4622222222222222,0.003172661946155131,0.0029272782150655983,0.00490767452865839,0.05,nan,nan,nan,nan,nan,nan,nan,nan,nan,nan,nan,nan,nan,nan,nan,nan,nan,nan,nan,nan,nan,nan,nan,nan,nan,nan,nan,nan,nan,nan,nan,nan,nan,nan,nan
969,180944,0.06261338022459027,-0.4119166738986966,0.5244444444444445,0,182,0.6428571428571429,0.1043956043956044,0.0,0.054945054945054944,0.0,0.7472527472527473,0.17032967032967034,0.08241758241758242,0.1688888888888889,0.3333333333333333,0.4533333333333333,0.002914177649654448,0.0026730538345873358,0.004822476767003536,0.05,nan,nan,nan,nan,nan,nan,nan,nan,nan,nan,nan,nan,nan,nan,nan,nan,nan,nan,nan,nan,nan,nan,nan,nan,nan,nan,nan,nan,nan,nan,nan,nan,nan,nan,nan
970,181148,0.06395036868291319,0.43271447849273414,0.5466666666666666,0,204,0.5980392156862745,0.10294117647058823,0.0,0.08333333333333333,0.0,0.7009803921568627,0.18627450980392157,0.11274509803921569,0.17777777777777778,0.3511111111111111,0.4311111111111111,0.002979411487467587,0.002735939412377775,0.004869441874325276,0.05,nan,nan,nan,nan,nan,nan,nan,nan,nan,nan,nan,nan,nan,nan,nan,nan,nan,nan,nan,nan,nan,nan,nan,nan,nan,nan,nan,nan,nan,nan,nan,nan,nan,nan,nan
971,181314,0.06503493124433107,1.3388081345558143,0.5288888888888889,0,166,0.7108433734939759,0.05421686746987952,0.0,0.018072289156626505,0.006024096385542169,0.7650602409638554,0.10240963855421686,0.13253012048192772,0.17777777777777778,0.3333333333333333,0.47555555555555556,0.0033409525640308857,0.0030459695495665073,0.005899660475552082,0.05,nan,nan,nan,nan,nan,nan,nan,nan,nan,nan,nan,nan,nan,nan,nan,nan,nan,nan,nan,nan,nan,nan,nan,nan,nan,nan,nan,nan,nan,nan,nan,nan,nan,nan,nan
972,181501,0.06625307434609042,1.372080414056771,0.5911111111111111,0,187,0.7058823529411765,0.0855614973262032,0.0,0.03208556149732621,0.0,0.7914438502673797,0.10160427807486631,0.10695187165775401,0.2,0.36,0.49777777777777776,0.003067934256978333,0.0028029178036376836,0.00530032841488719,0.05,nan,nan,nan,nan,nan,nan,nan,nan,nan,nan,nan,nan,nan,nan,nan,nan,nan,nan,nan,nan,nan,nan,nan,nan,nan,nan,nan,nan,nan,nan,nan,nan,nan,nan,nan
973,181709,0.06760351529975725,1.2826726784706066,0.5644444444444444,0,208,0.6057692307692307,0.11538461538461539,0.0,0.04326923076923077,0.0,0.7211538461538461,0.11057692307692307,0.16826923076923078,0.17777777777777778,0.3288888888888889,0.4533333333333333,0.003176641184836626,0.0029746865388005973,0.004039093339815736,0.05,nan,nan,nan,nan,nan,nan,nan,nan,nan,nan,nan,nan,nan,nan,nan,nan,nan,nan,nan,nan,nan,nan,nan,nan,nan,nan,nan,nan,nan,nan,nan,nan,nan,nan,nan
974,181885,0.06874250412703203,1.5967778918743094,0.5555555555555556,0,176,0.7045454545454546,0.09659090909090909,0.0,0.005681818181818182,0.0,0.8011363636363636,0.08522727272727272,0.11363636363636363,0.19111111111111112,0.3466666666666667,0.4888888888888889,0.0035309183178469537,0.003290480840951204,0.004808749491348863,0.05,nan,nan,nan,nan,nan,nan,nan,nan,nan,nan,nan,nan,nan,nan,nan,nan,nan,nan,nan,nan,nan,nan,nan,nan,nan,nan,nan,nan,nan,nan,nan,nan,nan,nan,nan
975,182065,0.06990388674936696,1.8289971871375983,0.56,0,180,0.6944444444444444,0.10555555555555556,0.0,0.022222222222222223,0.0,0.8,0.05555555555555555,0.14444444444444443,0.17333333333333334,0.3422222222222222,0.5022222222222222,0.003896184079349041,0.003656869032420218,0.004786301159765571,0.05,nan,nan,nan,nan,nan,nan,nan,nan,nan,nan,nan,nan,nan,nan,nan,nan,nan,nan,nan,nan,nan,nan,nan,nan,nan,nan,nan,nan,nan,nan,nan,nan,nan,nan,nan
976,182259,0.07115165396904394,2.6830820360183614,0.64,0,194,0.7371134020618557,0.05154639175257732,0.0,0.020618556701030927,0.0,0.788659793814433,0.0979381443298969,0.1134020618556701,0.19111111111111112,0.37333333333333335,0.5244444444444445,0.00334299192763865,0.0030991178704425693,0.0048774816561490296,0.05,nan,nan,nan,nan,nan,nan,nan,nan,nan,nan,nan,nan,nan,nan,nan,nan,nan,nan,nan,nan,nan,nan,nan,nan,nan,nan,nan,nan,nan,nan,nan,nan,nan,nan,nan
977,182480,0.07256810500056068,-0.011215933799748612,0.5333333333333333,0,221,0.5384615384615384,0.17647058823529413,0.00904977375565611,0.04524886877828054,0.0,0.7239819004524887,0.167420814479638,0.1085972850678733,0.19555555555555557,0.3511111111111111,0.4222222222222222,0.0036033770302310586,0.0033870630664750933,0.004326278809458017,0.05,nan,nan,nan,nan,nan,nan,nan,nan,nan,nan,nan,nan,nan,nan,nan,nan,nan,nan,nan,nan,nan,nan,nan,nan,nan,nan,nan,nan,nan,nan,nan,nan,nan,nan,nan
978,182698,0.07396015116347973,-2.8544192659854914,0.38222222222222224,0,218,0.38990825688073394,0.1559633027522936,0.013761467889908258,0.18807339449541285,0.0,0.5596330275229358,0.22018348623853212,0.22018348623853212,0.19111111111111112,0.35555555555555557,0.37333333333333335,0.004273914778605103,0.004108813614584506,0.003302023187279701,0.05,nan,nan,nan,nan,nan,nan,nan,nan,nan,nan,nan,nan,nan,nan,nan,nan,nan,nan,nan,nan,nan,nan,nan,nan,nan,nan,nan,nan,nan,nan,nan,nan,nan,nan,nan
979,182920,0.07537247003622072,3.2957764344215263,0.72,0,222,0.7252252252252253,0.07657657657657657,0.0,0.02252252252252252,0.0,0.8018018018018018,0.09009009009009009,0.10810810810810811,0.19111111111111112,0.3688888888888889,0.5288888888888889,0.0039799413178116085,0.0037923822877928615,0.003751180414110422,0.05,nan,nan,nan,nan,nan,nan,nan,nan,nan,nan,nan,nan,nan,nan,nan,nan,nan,nan,nan,nan,nan,nan,nan,nan,nan,nan,nan,nan,nan,nan,nan,nan,nan,nan,nan
980,183142,0.07677948630774029,1.4532790741920374,0.6222222222222222,0,222,0.6261261261261262,0.09009009009009009,0.0045045045045045045,0.07207207207207207,0.0,0.7207207207207207,0.12162162162162163,0.15765765765765766,0.17777777777777778,0.3466666666666667,0.48,0.0038154914742335676,0.003582921135239303,0.00465140666346997,0.05,1.2253839299678755,0.5662222222222223,0.0,195.6,0.0,1.0,0.6497663406309179,0.10052329945545949,0.0,0.040644455225129196,0.0,0.7502896400863772,0.09847550568460497,0.1512348542290177,0.18977777777777782,0.3528888888888889,0.4724444444444445,0.7458125055074651,0.5408888888888889,0.0,193.8,0.0,1.0,0.627312712489867,0.12867802765725508,0.0,0.03835503327719374,0.0,0.755990740147122,0.09651475194094522,0.14749450791193283,0.18444444444444447,0.34355555555555556,0.45955555555555555,1.102031296761631
981,183363,0.07817491249656466,-0.6571179804802001,0.5422222222222223,0,221,0.5475113122171946,0.13122171945701358,0.004524886877828055,0.11764705882352941,0.0,0.6832579185520362,0.08144796380090498,0.23529411764705882,0.2,0.36,0.5022222222222222,0.0032787932781502605,0.0030650791246443986,0.004274284117855132,0.05,nan,nan,nan,nan,nan,nan,nan,nan,nan,nan,nan,nan,nan,nan,nan,nan,nan,nan,nan,nan,nan,nan,nan,nan,nan,nan,nan,nan,nan,nan,nan,nan,nan,nan,nan
982,183568,0.07946464009721488,0.3292221858501383,0.5288888888888889,0,205,0.5756097560975609,0.14146341463414633,0.004878048780487805,0.05853658536585366,0.0,0.7219512195121951,0.13658536585365855,0.14146341463414633,0.18222222222222223,0.3422222222222222,0.4488888888888889,0.003382785036228597,0.0031413949793204663,0.004827801906503737,0.05,nan,nan,nan,nan,nan,nan,nan,nan,nan,nan,nan,nan,nan,nan,nan,nan,nan,nan,nan,nan,nan,nan,nan,nan,nan,nan,nan,nan,nan,nan,nan,nan,nan,nan,nan
983,183758,0.080655992479336,1.6442700934410042,0.6,0,190,0.7052631578947368,0.06315789473684211,0.0,0.021052631578947368,0.0,0.7684210526315789,0.11578947368421053,0.11578947368421053,0.18222222222222223,0.36,0.49777777777777776,0.003198789549060166,0.003013337345328182,0.003709043958224356,0.05,nan,nan,nan,nan,nan,nan,nan,nan,nan,nan,nan,nan,nan,nan,nan,nan,nan,nan,nan,nan,nan,nan,nan,nan,nan,nan,nan,nan,nan,nan,nan,nan,nan,nan,nan
984,183958,0.08190589566431396,1.5908649032115867,0.6311111111111111,0,200,0.705,0.075,0.0,0.03,0.0,0.78,0.12,0.1,0.2,0.3511111111111111,0.52,0.0033146852161735295,0.003105830471031368,0.004177094157785177,0.05,nan,nan,nan,nan,nan,nan,nan,nan,nan,nan,nan,nan,nan,nan,nan,nan,nan,nan,nan,nan,nan,nan,nan,nan,nan,nan,nan,nan,nan,nan,nan,nan,nan,nan,nan
985,184173,0.0832448041639351,0.33768597459792726,0.5911111111111111,0,215,0.6139534883720931,0.15813953488372093,0.0,0.009302325581395349,0.0,0.772093023255814,0.14418604651162792,0.08372093023255814,0.18222222222222223,0.3422222222222222,0.4711111111111111,0.0031601579394191504,0.002938501932658255,0.0044331208802759646,0.05,nan,nan,nan,nan,nan,nan,nan,nan,nan,nan,nan,nan,nan,nan,nan,nan,nan,nan,nan,nan,nan,nan,nan,nan,nan,nan,nan,nan,nan,nan,nan,nan,nan,nan,nan
986,184383,0.0845478489168507,1.4508477327823572,0.6577777777777778,0,210,0.7,0.08571428571428572,0.0,0.023809523809523808,0.0,0.7857142857142857,0.09523809523809523,0.11904761904761904,0.2,0.3688888888888889,0.49777777777777776,0.0031277487287297845,0.0028806669171899555,0.004941636649891734,0.05,nan,nan,nan,nan,nan,nan,nan,nan,nan,nan,nan,nan,nan,nan,nan,nan,nan,nan,nan,nan,nan,nan,nan,nan,nan,nan,nan,nan,nan,nan,nan,nan,nan,nan,nan
987,184575,0.08573512732150859,0.9355864453315694,0.5022222222222222,0,192,0.5833333333333334,0.171875,0.0,0.020833333333333332,0.0,0.7552083333333334,0.06770833333333333,0.17708333333333334,0.17333333333333334,0.3511111111111111,0.4488888888888889,0.00313250501640141,0.0028900729957967997,0.004848640877753496,0.05,nan,nan,nan,nan,nan,nan,nan,nan,nan,nan,nan,nan,nan,nan,nan,nan,nan,nan,nan,nan,nan,nan,nan,nan,nan,nan,nan,nan,nan,nan,nan,nan,nan,nan,nan
988,184765,0.08690621414189326,2.2068977298736474,0.5733333333333334,0,190,0.6736842105263158,0.08421052631578947,0.0,0.021052631578947368,0.0,0.7578947368421053,0.15263157894736842,0.08947368421052632,0.17777777777777778,0.3377777777777778,0.48,0.00287969927303493,0.002621469320729375,0.005164599628187716,0.05,nan,nan,nan,nan,nan,nan,nan,nan,nan,nan,nan,nan,nan,nan,nan,nan,nan,nan,nan,nan,nan,nan,nan,nan,nan,nan,nan,nan,nan,nan,nan,nan,nan,nan,nan
989,184945,0.08801216406057755,2.0864590985774916,0.5777777777777777,0,180,0.7166666666666667,0.08333333333333333,0.0,0.016666666666666666,0.0,0.8,0.1,0.1,0.19555555555555557,0.38222222222222224,0.5111111111111111,0.003463581087999046,0.003265118389390409,0.0039692552294582125,0.05,nan,nan,nan,nan,nan,nan,nan,nan,nan,nan,nan,nan,nan,nan,nan,nan,nan,nan,nan,nan,nan,nan,nan,nan,nan,nan,nan,nan,nan,nan,nan,nan,nan,nan,nan
990,185125,0.08818709398586135,2.733110376596441,0.6088888888888889,0,180,0.7555555555555555,0.05,0.0,0.016666666666666666,0.0,0.8055555555555556,0.07777777777777778,0.11666666666666667,0.2,0.36444444444444446,0.5111111111111111,0.0033604946918785574,0.003106441698037088,0.005081059783697129,0.05,nan,nan,nan,nan,nan,nan,nan,nan,nan,nan,nan,nan,nan,nan,nan,nan,nan,nan,nan,nan,nan,nan,nan,nan,nan,nan,nan,nan,nan,nan,nan,nan,nan,nan,nan
991,185313,0.08691814853759902,1.372616858005516,0.5377777777777778,0,188,0.6382978723404256,0.12234042553191489,0.005319148936170213,0.031914893617021274,0.0,0.7659574468085106,0.0797872340425532,0.15425531914893617,0.2,0.36,0.5066666666666667,0.0035279276082292197,0.00331670381128788,0.004224475286900997,0.05,nan,nan,nan,nan,nan,nan,nan,nan,nan,nan,nan,nan,nan,nan,nan,nan,nan,nan,nan,nan,nan,nan,nan,nan,nan,nan,nan,nan,nan,nan,nan,nan,nan,nan,nan
992,185507,0.08561277175276874,0.2174214689731524,0.5777777777777777,0,194,0.6649484536082474,0.08247422680412371,0.08247422680412371,0.010309278350515464,0.005154639175257732,0.8298969072164949,0.12886597938144329,0.041237113402061855,0.18666666666666668,0.37777777777777777,0.49333333333333335,0.0033934853971004488,0.0031769315246492624,0.004331076797097921,0.05,nan,nan,nan,nan,nan,nan,nan,nan,nan,nan,nan,nan,nan,nan,nan,nan,nan,nan,nan,nan,nan,nan,nan,nan,nan,nan,nan,nan,nan,nan,nan,nan,nan,nan,nan
993,185677,0.08447227300785388,0.7421150820255251,0.48444444444444446,0,170,0.6352941176470588,0.12941176470588237,0.011764705882352941,0.023529411764705882,0.0,0.7764705882352941,0.1588235294117647,0.06470588235294118,0.18666666666666668,0.3422222222222222,0.4266666666666667,0.003709750482812524,0.0034996635979041455,0.0042017369996756315,0.05,nan,nan,nan,nan,nan,nan,nan,nan,nan,nan,nan,nan,nan,nan,nan,nan,nan,nan,nan,nan,nan,nan,nan,nan,nan,nan,nan,nan,nan,nan,nan,nan,nan,nan,nan
994,185871,0.08317462021527207,0.888882652521132,0.5288888888888889,0,194,0.6082474226804123,0.08762886597938144,0.0,0.05670103092783505,0.0,0.6958762886597938,0.17525773195876287,0.12886597938144329,0.16444444444444445,0.3022222222222222,0.4177777777777778,0.003084546024911106,0.0028970189625397323,0.0037505408632569014,0.05,nan,nan,nan,nan,nan,nan,nan,nan,nan,nan,nan,nan,nan,nan,nan,nan,nan,nan,nan,nan,nan,nan,nan,nan,nan,nan,nan,nan,nan,nan,nan,nan,nan,nan,nan
995,186060,0.08191435733104623,1.8602387189865077,0.6133333333333333,0,189,0.7248677248677249,0.047619047619047616,0.0,0.021164021164021163,0.0,0.7724867724867724,0.09523809523809523,0.13227513227513227,0.19555555555555557,0.3422222222222222,0.49777777777777776,0.0032067906809970736,0.0030081258621066807,0.003973296377807856,0.05,nan,nan,nan,nan,nan,nan,nan,nan,nan,nan,nan,nan,nan,nan,nan,nan,nan,nan,nan,nan,nan,nan,nan,nan,nan,nan,nan,nan,nan,nan,nan,nan,nan,nan,nan
996,186237,0.08073763372555447,0.11787885093689088,0.5422222222222223,0,177,0.6836158192090396,0.10734463276836158,0.0,0.02824858757062147,0.0,0.7909604519774012,0.0903954802259887,0.11864406779661017,0.2,0.37333333333333335,0.4711111111111111,0.003162041981704533,0.002898991550318897,0.005261008744128048,0.05,nan,nan,nan,nan,nan,nan,nan,nan,nan,nan,nan,nan,nan,nan,nan,nan,nan,nan,nan,nan,nan,nan,nan,nan,nan,nan,nan,nan,nan,nan,nan,nan,nan,nan,nan
997,186460,0.07925993347780838,0.3824909489154791,0.6088888888888889,0,223,0.6098654708520179,0.10762331838565023,0.008968609865470852,0.04932735426008968,0.0,0.726457399103139,0.11210762331838565,0.16143497757847533,0.18222222222222223,0.3288888888888889,0.4666666666666667,0.0031667877454310657,0.0029731418704614042,0.0038729178719222545,0.05,nan,nan,nan,nan,nan,nan,nan,nan,nan,nan,nan,nan,nan,nan,nan,nan,nan,nan,nan,nan,nan,nan,nan,nan,nan,nan,nan,nan,nan,nan,nan,nan,nan,nan,nan
998,186667,0.07789307267434226,0.22860035753250219,0.5155555555555555,0,207,0.5555555555555556,0.1497584541062802,0.0,0.057971014492753624,0.0,0.7053140096618358,0.1497584541062802,0.14492753623188406,0.1511111111111111,0.31555555555555553,0.36,0.0032794518629089,0.003079549898393452,0.003998040151782334,0.05,nan,nan,nan,nan,nan,nan,nan,nan,nan,nan,nan,nan,nan,nan,nan,nan,nan,nan,nan,nan,nan,nan,nan,nan,nan,nan,nan,nan,nan,nan,nan,nan,nan,nan,nan
999,186877,0.07651112794601077,2.267852246522896,0.6311111111111111,0,210,0.6714285714285714,0.12380952380952381,0.0,0.0,0.0,0.7952380952380952,0.10952380952380952,0.09523809523809523,0.18222222222222223,0.3511111111111111,0.5022222222222222,0.0034066838677972557,0.003195058507844806,0.004232507175765931,0.05,nan,nan,nan,nan,nan,nan,nan,nan,nan,nan,nan,nan,nan,nan,nan,nan,nan,nan,nan,nan,nan,nan,nan,nan,nan,nan,nan,nan,nan,nan,nan,nan,nan,nan,nan
1000,187076,0.07520595181214679,0.795396875143048,0.5555555555555556,0,199,0.6231155778894473,0.10050251256281408,0.010050251256281407,0.035175879396984924,0.0,0.7336683417085427,0.1306532663316583,0.135678391959799,0.15555555555555556,0.3111111111111111,0.44,0.003093984862789512,0.0028400570387020706,0.005078556656371802,0.05,1.3672909989595357,0.5413333333333332,0.0,184.8,0.0,1.0,0.6534560247275144,0.11583310793617559,0.0,0.014020725078901463,0.0,0.7692891326636901,0.12242369938154067,0.1082871679547693,0.188,0.356,0.4746666666666667,1.3139382729053453,0.5688888888888888,0.0,192.2,0.0,1.0,0.6677528377160488,0.09444706028348401,0.0059524853160340145,0.01864805239582199,0.0,0.7681523833155666,0.12029697127008683,0.11155064541434652,0.18222222222222223,0.34444444444444444,0.48666666666666664,1.0804803372964547
1001,187278,0.07388544870668853,2.2345072133541026,0.6577777777777778,0,202,0.7277227722772277,0.06930693069306931,0.01485148514851485,0.0049504950495049506,0.0,0.8118811881188119,0.10396039603960396,0.08415841584158416,0.19111111111111112,0.35555555555555557,0.4888888888888889,0.002996841631829739,0.0027864106930792333,0.004208619031123817,0.05,nan,nan,nan,nan,nan,nan,nan,nan,nan,nan,nan,nan,nan,nan,nan,nan,nan,nan,nan,nan,nan,nan,nan,nan,nan,nan,nan,nan,nan,nan,nan,nan,nan,nan,nan
1002,187463,0.07267991170845911,2.3469079089164646,0.5911111111111111,0,185,0.7135135135135136,0.05945945945945946,0.0,0.02702702702702703,0.0,0.772972972972973,0.12972972972972974,0.0972972972972973,0.18666666666666668,0.3244444444444444,0.5022222222222222,0.0035179124213755133,0.0033566261874511836,0.0032257246552035213,0.05,nan,nan,nan,nan,nan,nan,nan,nan,nan,nan,nan,nan,nan,nan,nan,nan,nan,nan,nan,nan,nan,nan,nan,nan,nan,nan,nan,nan,nan,nan,nan,nan,nan,nan,nan
1003,187615,0.07169215389968679,1.8064396471977207,0.5111111111111111,0,152,0.75,0.03289473684210526,0.0,0.019736842105263157,0.0,0.7828947368421053,0.125,0.09210526315789473,0.17333333333333334,0.35555555555555557,0.5111111111111111,0.0032692903652787207,0.00304149049334228,0.004555997485294938,0.05,nan,nan,nan,nan,nan,nan,nan,nan,nan,nan,nan,nan,nan,nan,nan,nan,nan,nan,nan,nan,nan,nan,nan,nan,nan,nan,nan,nan,nan,nan,nan,nan,nan,nan,nan
1004,187857,0.07012462275422782,-1.8059427611827905,0.4577777777777778,0,242,0.4214876033057851,0.2768595041322314,0.004132231404958678,0.049586776859504134,0.0,0.7024793388429752,0.10330578512396695,0.19421487603305784,0.19111111111111112,0.36444444444444446,0.4533333333333333,0.003401775611564517,0.003198240022175014,0.004070713161490857,0.05,nan,nan,nan,nan,nan,nan,nan,nan,nan,nan,nan,nan,nan,nan,nan,nan,nan,nan,nan,nan,nan,nan,nan,nan,nan,nan,nan,nan,nan,nan,nan,nan,nan,nan,nan
1005,188028,0.06902074340093647,0.2946194348335267,0.4711111111111111,0,171,0.6140350877192983,0.1111111111111111,0.005847953216374269,0.04678362573099415,0.0,0.7309941520467836,0.09941520467836257,0.1695906432748538,0.16,0.32,0.43555555555555553,0.0032055735122412444,0.0030104896984994413,0.003901676647365093,0.05,nan,nan,nan,nan,nan,nan,nan,nan,nan,nan,nan,nan,nan,nan,nan,nan,nan,nan,nan,nan,nan,nan,nan,nan,nan,nan,nan,nan,nan,nan,nan,nan,nan,nan,nan
1006,188219,0.06779142366644268,1.8735317921638397,0.5644444444444444,0,191,0.6596858638743456,0.07329842931937172,0.0,0.031413612565445025,0.0,0.7329842931937173,0.14136125654450263,0.1256544502617801,0.18222222222222223,0.3422222222222222,0.48444444444444446,0.0030398319475352766,0.0028289022156968713,0.004218594008125365,0.05,nan,nan,nan,nan,nan,nan,nan,nan,nan,nan,nan,nan,nan,nan,nan,nan,nan,nan,nan,nan,nan,nan,nan,nan,nan,nan,nan,nan,nan,nan,nan,nan,nan,nan,nan
1007,188434,0.06641225451443895,1.3424687294959963,0.6,0,215,0.6232558139534884,0.13023255813953488,0.009302325581395349,0.03255813953488372,0.0,0.7627906976744186,0.08837209302325581,0.14883720930232558,0.17333333333333334,0.3511111111111111,0.4711111111111111,0.0028658636612817643,0.002687403652817011,0.003569200937636197,0.05,nan,nan,nan,nan,nan,nan,nan,nan,nan,nan,nan,nan,nan,nan,nan,nan,nan,nan,nan,nan,nan,nan,nan,nan,nan,nan,nan,nan,nan,nan,nan,nan,nan,nan,nan
1008,188620,0.06522305082183141,0.24242128205299363,0.5555555555555556,0,186,0.6666666666666666,0.05913978494623656,0.005376344086021506,0.03763440860215054,0.0,0.7311827956989247,0.15053763440860216,0.11827956989247312,0.18222222222222223,0.3244444444444444,0.4488888888888889,0.0030862557934597133,0.002867162926122546,0.0043818576261401175,0.05,nan,nan,nan,nan,nan,nan,nan,nan,nan,nan,nan,nan,nan,nan,nan,nan,nan,nan,nan,nan,nan,nan,nan,nan,nan,nan,nan,nan,nan,nan,nan,nan,nan,nan,nan
1009,188793,0.06412023483608487,0.9933971123695351,0.5022222222222222,0,173,0.6473988439306358,0.08670520231213873,0.0,0.05202312138728324,0.0,0.7341040462427746,0.1329479768786127,0.1329479768786127,0.19111111111111112,0.3244444444444444,0.43555555555555553,0.0031115448800846934,0.0028902658727020026,0.0044255807995796205,0.05,nan,nan,nan,nan,nan,nan,nan,nan,nan,nan,nan,nan,nan,nan,nan,nan,nan,nan,nan,nan,nan,nan,nan,nan,nan,nan,nan,nan,nan,nan,nan,nan,nan,nan,nan
1010,188961,0.06305230303917592,1.2158871850967388,0.5644444444444444,0,168,0.75,0.03571428571428571,0.0,0.02976190476190476,0.0,0.7857142857142857,0.041666666666666664,0.17261904761904762,0.18222222222222223,0.38222222222222224,0.5111111111111111,0.0030554675962775947,0.002841578400693834,0.004277783655561506,0.05,nan,nan,nan,nan,nan,nan,nan,nan,nan,nan,nan,nan,nan,nan,nan,nan,nan,nan,nan,nan,nan,nan,nan,nan,nan,nan,nan,nan,nan,nan,nan,nan,nan,nan,nan
1011,189100,0.06217095491580473,1.327998166084285,0.4577777777777778,0,139,0.7338129496402878,0.06474820143884892,0.0,0.02158273381294964,0.007194244604316547,0.7985611510791367,0.07913669064748201,0.1223021582733813,0.19555555555555557,0.3511111111111111,nan,0.0033005774719640614,0.0030448911944404244,0.0051137246424332265,0.05,nan,nan,nan,nan,nan,nan,nan,nan,nan,nan,nan,nan,nan,nan,nan,nan,nan,nan,nan,nan,nan,nan,nan,nan,nan,nan,nan,nan,nan,nan,nan,nan,nan,nan,nan
1012,189288,0.06098213366956573,1.3794624438285779,0.5333333333333333,0,188,0.6329787234042553,0.1276595744680851,0.0,0.031914893617021274,0.0,0.7606382978723404,0.0851063829787234,0.15425531914893617,0.16444444444444445,0.3333333333333333,0.48,0.0031933805672451853,0.0029867657227441668,0.004132297658361495,0.05,nan,nan,nan,nan,nan,nan,nan,nan,nan,nan,nan,nan,nan,nan,nan,nan,nan,nan,nan,nan,nan,nan,nan,nan,nan,nan,nan,nan,nan,nan,nan,nan,nan,nan,nan
1013,189492,0.059696312820304076,2.0184630274772566,0.6488888888888888,0,204,0.7107843137254902,0.07352941176470588,0.0,0.014705882352941176,0.0,0.7843137254901961,0.0784313725490196,0.13725490196078433,0.19555555555555557,0.3466666666666667,0.49333333333333335,0.0031711254734545944,0.0029741744976490734,0.003939019329845905,0.05,nan,nan,nan,nan,nan,nan,nan,nan,nan,nan,nan,nan,nan,nan,nan,nan,nan,nan,nan,nan,nan,nan,nan,nan,nan,nan,nan,nan,nan,nan,nan,nan,nan,nan,nan
1014,189704,0.058364662280093786,2.5554744670391,0.6977777777777778,0,212,0.7358490566037735,0.08018867924528301,0.0,0.014150943396226415,0.0,0.8160377358490566,0.07547169811320754,0.10849056603773585,0.19555555555555557,0.37777777777777777,0.56,0.0031139882979914547,0.0028682539705187082,0.004914685664698481,0.05,nan,nan,nan,nan,nan,nan,nan,nan,nan,nan,nan,nan,nan,nan,nan,nan,nan,nan,nan,nan,nan,nan,nan,nan,nan,nan,nan,nan,nan,nan,nan,nan,nan,nan,nan
1015,189888,0.057212676746474636,1.891983340740199,0.5777777777777777,0,184,0.7010869565217391,0.06521739130434782,0.0,0.05434782608695652,0.0,0.7663043478260869,0.11413043478260869,0.11956521739130435,0.17333333333333334,0.3466666666666667,0.49333333333333335,0.0034500771667808293,0.0032164277276024223,0.0046729895053431395,0.05,nan,nan,nan,nan,nan,nan,nan,nan,nan,nan,nan,nan,nan,nan,nan,nan,nan,nan,nan,nan,nan,nan,nan,nan,nan,nan,nan,nan,nan,nan,nan,nan,nan,nan,nan
1016,190116,0.05579008547124876,1.6014106492996156,0.6355555555555555,0,228,0.6228070175438597,0.14473684210526316,0.0043859649122807015,0.039473684210526314,0.0,0.7719298245614035,0.11842105263157894,0.10964912280701754,0.2,0.3688888888888889,0.49333333333333335,0.003480818262323737,0.0032666030339896677,0.004284305055625737,0.05,nan,nan,nan,nan,nan,nan,nan,nan,nan,nan,nan,nan,nan,nan,nan,nan,nan,nan,nan,nan,nan,nan,nan,nan,nan,nan,nan,nan,nan,nan,nan,nan,nan,nan,nan
1017,190318,0.054534210314038746,2.5254828064441606,0.6577777777777778,0,202,0.7277227722772277,0.09405940594059406,0.0,0.01485148514851485,0.0,0.8217821782178217,0.08415841584158416,0.09405940594059406,0.2,0.38222222222222224,0.5288888888888889,0.003996733226813376,0.0037929651094600557,0.00407536233542487,0.05,nan,nan,nan,nan,nan,nan,nan,nan,nan,nan,nan,nan,nan,nan,nan,nan,nan,nan,nan,nan,nan,nan,nan,nan,nan,nan,nan,nan,nan,nan,nan,nan,nan,nan,nan
1018,190524,0.05325780026723137,2.6555199961662184,0.6577777777777778,0,206,0.7135922330097088,0.10194174757281553,0.0,0.009708737864077669,0.0,0.8155339805825242,0.05825242718446602,0.1262135922330097,0.19555555555555557,0.3466666666666667,0.5111111111111111,0.003942359401844442,0.0037211561342701317,0.004424064955674112,0.05,nan,nan,nan,nan,nan,nan,nan,nan,nan,nan,nan,nan,nan,nan,nan,nan,nan,nan,nan,nan,nan,nan,nan,nan,nan,nan,nan,nan,nan,nan,nan,nan,nan,nan,nan
1019,190704,0.05214606448634854,0.7981887061595878,0.5333333333333333,0,180,0.6611111111111111,0.08333333333333333,0.011111111111111112,0.022222222222222223,0.0,0.7555555555555555,0.1111111111111111,0.13333333333333333,0.19111111111111112,0.3333333333333333,0.4577777777777778,0.0036364694125950335,0.0033985794056206942,0.004757801210507751,0.05,nan,nan,nan,nan,nan,nan,nan,nan,nan,nan,nan,nan,nan,nan,nan,nan,nan,nan,nan,nan,nan,nan,nan,nan,nan,nan,nan,nan,nan,nan,nan,nan,nan,nan,nan
1020,190915,0.050847096315529396,0.12073434829711549,0.5111111111111111,0,211,0.5402843601895735,0.16113744075829384,0.0,0.08056872037914692,0.0,0.7014218009478673,0.10426540284360189,0.1943127962085308,0.18666666666666668,0.36,0.47555555555555556,0.0036334930919110775,0.003346280031837523,0.0057442608755081895,0.05,1.265725290536875,0.5493333333333333,0.0,190.6,0.0,1.0,0.6468884312982374,0.09986032696340338,0.0,0.040623220316444025,0.0,0.7467487582616407,0.10599364223387382,0.14725759950448544,0.18933333333333333,0.3546666666666667,0.4800000000000001,1.1726687955379425,0.5622222222222222,0.0,202.0,0.0,1.0,0.6284657462772565,0.11311749113037173,0.0004807692307692308,0.032782257992971485,0.0,0.7420640066383976,0.11108794199887484,0.14684805136272772,0.18755555555555556,0.3568888888888889,0.488,1.0894876935045288
1021,191089,0.05022066145633521,-0.37835039782524327,0.4577777777777778,0,174,0.5862068965517241,0.10344827586206896,0.011494252873563218,0.09770114942528736,0.0,0.7011494252873564,0.1206896551724138,0.1781609195402299,0.2,0.37333333333333335,0.4577777777777778,0.003633602592162788,0.0033630781108513474,0.005410489183850587,0.05,nan,nan,nan,nan,nan,nan,nan,nan,nan,nan,nan,nan,nan,nan,nan,nan,nan,nan,nan,nan,nan,nan,nan,nan,nan,nan,nan,nan,nan,nan,nan,nan,nan,nan,nan
1022,191246,0.05118144385137924,0.7831956758499135,0.5022222222222222,0,157,0.7133757961783439,0.07643312101910828,0.0,0.006369426751592357,0.0,0.7898089171974523,0.07006369426751592,0.14012738853503184,0.17777777777777778,0.3511111111111111,0.49777777777777776,0.003548220032826066,0.003341713617555797,0.004130128573160618,0.05,nan,nan,nan,nan,nan,nan,nan,nan,nan,nan,nan,nan,nan,nan,nan,nan,nan,nan,nan,nan,nan,nan,nan,nan,nan,nan,nan,nan,nan,nan,nan,nan,nan,nan,nan
1023,191436,0.052340814065928554,2.295242819786062,0.6222222222222222,0,190,0.7315789473684211,0.07368421052631578,0.0,0.015789473684210527,0.0,0.8052631578947368,0.07894736842105263,0.11578947368421053,0.2,0.36444444444444446,0.52,0.003410787042230368,0.0032195351552218197,0.003825037449132651,0.05,nan,nan,nan,nan,nan,nan,nan,nan,nan,nan,nan,nan,nan,nan,nan,nan,nan,nan,nan,nan,nan,nan,nan,nan,nan,nan,nan,nan,nan,nan,nan,nan,nan,nan,nan
1024,191637,0.05356330952168952,-0.0005029993057299453,0.4711111111111111,0,201,0.5223880597014925,0.1691542288557214,0.004975124378109453,0.05970149253731343,0.0,0.6965174129353234,0.1044776119402985,0.19900497512437812,0.18666666666666668,0.3333333333333333,0.43555555555555553,0.0031878647394478323,0.002957836934365332,0.004600556031800806,0.05,nan,nan,nan,nan,nan,nan,nan,nan,nan,nan,nan,nan,nan,nan,nan,nan,nan,nan,nan,nan,nan,nan,nan,nan,nan,nan,nan,nan,nan,nan,nan,nan,nan,nan,nan
1025,191854,0.05487851751033581,2.126320332050315,0.68,0,217,0.7004608294930875,0.0967741935483871,0.004608294930875576,0.027649769585253458,0.0,0.8018433179723502,0.0967741935483871,0.10138248847926268,0.19555555555555557,0.3511111111111111,0.5066666666666667,0.003558779926970601,0.003339160745963454,0.0043923835502937434,0.05,nan,nan,nan,nan,nan,nan,nan,nan,nan,nan,nan,nan,nan,nan,nan,nan,nan,nan,nan,nan,nan,nan,nan,nan,nan,nan,nan,nan,nan,nan,nan,nan,nan,nan,nan
1026,192080,0.056243209008485034,-0.9062324559688613,0.52,0,226,0.5132743362831859,0.11946902654867257,0.004424778761061947,0.09734513274336283,0.0,0.6371681415929203,0.17256637168141592,0.1902654867256637,0.1688888888888889,0.31555555555555553,0.4666666666666667,0.0031986766261979938,0.0029761527664959432,0.004450477287173271,0.05,nan,nan,nan,nan,nan,nan,nan,nan,nan,nan,nan,nan,nan,nan,nan,nan,nan,nan,nan,nan,nan,nan,nan,nan,nan,nan,nan,nan,nan,nan,nan,nan,nan,nan,nan
1027,192302,0.057578729811497545,1.1163491857051788,0.64,0,222,0.6441441441441441,0.0945945945945946,0.009009009009009009,0.036036036036036036,0.0,0.7477477477477478,0.12612612612612611,0.12612612612612611,0.17333333333333334,0.35555555555555557,0.4711111111111111,0.002916967635974288,0.0026971267536282538,0.004396817623637616,0.05,nan,nan,nan,nan,nan,nan,nan,nan,nan,nan,nan,nan,nan,nan,nan,nan,nan,nan,nan,nan,nan,nan,nan,nan,nan,nan,nan,nan,nan,nan,nan,nan,nan,nan,nan
1028,192479,0.058639983779303795,1.5229564085006662,0.56,0,177,0.7062146892655368,0.07909604519774012,0.0,0.02824858757062147,0.0,0.7853107344632768,0.11864406779661017,0.096045197740113,0.16444444444444445,0.3466666666666667,0.49777777777777776,0.0038527666125446557,0.003608562960289419,0.004884073021821677,0.05,nan,nan,nan,nan,nan,nan,nan,nan,nan,nan,nan,nan,nan,nan,nan,nan,nan,nan,nan,nan,nan,nan,nan,nan,nan,nan,nan,nan,nan,nan,nan,nan,nan,nan,nan
1029,192679,0.05983535678137024,-1.2163188729286167,0.4311111111111111,0,200,0.48,0.18,0.0,0.11,0.0,0.66,0.09,0.25,0.1511111111111111,0.29777777777777775,0.39555555555555555,0.003876321134157479,0.0036286770598962905,0.00495288057718426,0.05,nan,nan,nan,nan,nan,nan,nan,nan,nan,nan,nan,nan,nan,nan,nan,nan,nan,nan,nan,nan,nan,nan,nan,nan,nan,nan,nan,nan,nan,nan,nan,nan,nan,nan,nan
1030,192852,0.06086612340512859,2.518622856378548,0.5955555555555555,0,173,0.7687861271676301,0.08670520231213873,0.005780346820809248,0.005780346820809248,0.0,0.861271676300578,0.09826589595375723,0.04046242774566474,0.18666666666666668,0.3688888888888889,0.52,0.0033014442306011915,0.003068565181456506,0.0046575803775340315,0.05,nan,nan,nan,nan,nan,nan,nan,nan,nan,nan,nan,nan,nan,nan,nan,nan,nan,nan,nan,nan,nan,nan,nan,nan,nan,nan,nan,nan,nan,nan,nan,nan,nan,nan,nan
1031,193063,0.06211925413621215,1.292325468778605,0.6,0,211,0.6350710900473934,0.12796208530805686,0.004739336492890996,0.023696682464454975,0.0,0.7677725118483413,0.0995260663507109,0.13270142180094788,0.19111111111111112,0.35555555555555557,0.5155555555555555,0.0035510910442098976,0.003300488949753344,0.005012040887959301,0.05,nan,nan,nan,nan,nan,nan,nan,nan,nan,nan,nan,nan,nan,nan,nan,nan,nan,nan,nan,nan,nan,nan,nan,nan,nan,nan,nan,nan,nan,nan,nan,nan,nan,nan,nan
1032,193288,0.06345064344695109,-0.3192141060829139,0.5911111111111111,0,225,0.5866666666666667,0.1111111111111111,0.008888888888888889,0.08,0.0,0.7066666666666667,0.09333333333333334,0.2,0.18222222222222223,0.29777777777777775,0.39555555555555555,0.0035082120215520264,0.003337880549952388,0.003406629944220185,0.05,nan,nan,nan,nan,nan,nan,nan,nan,nan,nan,nan,nan,nan,nan,nan,nan,nan,nan,nan,nan,nan,nan,nan,nan,nan,nan,nan,nan,nan,nan,nan,nan,nan,nan,nan
1033,193481,0.06458867082531107,1.5784582357406554,0.5822222222222222,0,193,0.6735751295336787,0.10880829015544041,0.0,0.02072538860103627,0.0,0.7823834196891192,0.11917098445595854,0.09844559585492228,0.19111111111111112,0.36444444444444446,0.4888888888888889,0.003228947171010077,0.0030085878912359475,0.004407186096068471,0.05,nan,nan,nan,nan,nan,nan,nan,nan,nan,nan,nan,nan,nan,nan,nan,nan,nan,nan,nan,nan,nan,nan,nan,nan,nan,nan,nan,nan,nan,nan,nan,nan,nan,nan,nan
1034,193663,0.06565845361270688,1.8324355750083843,0.5688888888888889,0,182,0.6978021978021978,0.07692307692307693,0.0,0.03296703296703297,0.0,0.7747252747252747,0.054945054945054944,0.17032967032967034,0.19555555555555557,0.37777777777777777,0.48,0.0031460763188079,0.0029083995847031473,0.00475353563670069,0.05,nan,nan,nan,nan,nan,nan,nan,nan,nan,nan,nan,nan,nan,nan,nan,nan,nan,nan,nan,nan,nan,nan,nan,nan,nan,nan,nan,nan,nan,nan,nan,nan,nan,nan,nan
1035,193862,0.0668244120777754,-3.8805140500068696,0.3466666666666667,0,199,0.3869346733668342,0.1457286432160804,0.005025125628140704,0.22110552763819097,0.0,0.5376884422110553,0.10552763819095477,0.35678391959798994,0.17777777777777778,0.21777777777777776,0.2222222222222222,0.0029709973372519017,0.0027521482668817045,0.004376981710083783,0.05,nan,nan,nan,nan,nan,nan,nan,nan,nan,nan,nan,nan,nan,nan,nan,nan,nan,nan,nan,nan,nan,nan,nan,nan,nan,nan,nan,nan,nan,nan,nan,nan,nan,nan,nan
1036,194050,0.0679223314997141,1.6338545744419033,0.5911111111111111,0,188,0.7021276595744681,0.10106382978723404,0.0,0.026595744680851064,0.0,0.8031914893617021,0.06382978723404255,0.13297872340425532,0.17333333333333334,0.36,0.5155555555555555,0.0032900053076446055,0.0030473418068140746,0.004853270552121103,0.05,nan,nan,nan,nan,nan,nan,nan,nan,nan,nan,nan,nan,nan,nan,nan,nan,nan,nan,nan,nan,nan,nan,nan,nan,nan,nan,nan,nan,nan,nan,nan,nan,nan,nan,nan
1037,194259,0.06913880796453978,0.009326737165452847,0.5955555555555555,0,209,0.6363636363636364,0.1291866028708134,0.004784688995215311,0.03349282296650718,0.0,0.7703349282296651,0.1291866028708134,0.10047846889952153,0.17333333333333334,0.3288888888888889,0.4711111111111111,0.0031229623593389986,0.0029069469077512623,0.004320308705791831,0.05,nan,nan,nan,nan,nan,nan,nan,nan,nan,nan,nan,nan,nan,nan,nan,nan,nan,nan,nan,nan,nan,nan,nan,nan,nan,nan,nan,nan,nan,nan,nan,nan,nan,nan,nan
1038,194460,0.07030467568369717,-0.3652536916732808,0.48444444444444446,0,201,0.5373134328358209,0.20398009950248755,0.004975124378109453,0.04477611940298507,0.0,0.746268656716418,0.11442786069651742,0.13930348258706468,0.18666666666666668,0.32,0.41333333333333333,0.0033473723800852896,0.0030873093055561185,0.005201261211186648,0.05,nan,nan,nan,nan,nan,nan,nan,nan,nan,nan,nan,nan,nan,nan,nan,nan,nan,nan,nan,nan,nan,nan,nan,nan,nan,nan,nan,nan,nan,nan,nan,nan,nan,nan,nan
1039,194651,0.07140887421372666,1.091555285930627,0.5111111111111111,0,191,0.5968586387434555,0.16753926701570682,0.0,0.020942408376963352,0.0,0.7643979057591623,0.07853403141361257,0.15706806282722513,0.17777777777777778,0.3288888888888889,0.4622222222222222,0.003543781512416899,0.0033107987139374016,0.0046596564818173645,0.05,nan,nan,nan,nan,nan,nan,nan,nan,nan,nan,nan,nan,nan,nan,nan,nan,nan,nan,nan,nan,nan,nan,nan,nan,nan,nan,nan,nan,nan,nan,nan,nan,nan,nan,nan
1040,194857,0.07259579577782668,2.512851226329791,0.6488888888888888,0,206,0.7038834951456311,0.03398058252427184,0.0,0.08737864077669903,0.0,0.7378640776699029,0.043689320388349516,0.21844660194174756,0.19111111111111112,0.38222222222222224,0.5333333333333333,0.003274572757072747,0.003020920348353684,0.005073048616759479,0.05,1.3471774941444348,0.5515555555555556,0.0,184.2,0.0,1.0,0.6692409261831044,0.09311775279427084,0.0,0.03397796068515981,0.0,0.7623586789773753,0.0821524886309064,0.15548883239171837,0.1875555555555556,0.35422222222222227,0.47733333333333333,0.951715606021876,0.5382222222222222,0.0,187.9,0.0,1.0,0.6497228139944282,0.09798074028950624,0.0,0.05008118178643932,0.0,0.7477035542839345,0.07547793905264118,0.1768185066634243,0.18488888888888894,0.344,0.48148148148148145,1.0968094017205003
1041,195064,0.07378431437547335,2.0576101593971154,0.6044444444444445,0,207,0.6521739130434783,0.08695652173913043,0.0,0.05314009661835749,0.0,0.7391304347826086,0.06280193236714976,0.19806763285024154,0.18666666666666668,0.3511111111111111,0.5155555555555555,0.0033396370941773056,0.0030943526420742274,0.004905689274892211,0.05,nan,nan,nan,nan,nan,nan,nan,nan,nan,nan,nan,nan,nan,nan,nan,nan,nan,nan,nan,nan,nan,nan,nan,nan,nan,nan,nan,nan,nan,nan,nan,nan,nan,nan,nan
1042,195237,0.07477442266598146,2.359727460384361,0.5555555555555556,0,173,0.7167630057803468,0.057803468208092484,0.0,0.011560693641618497,0.0,0.7745664739884393,0.09826589595375723,0.12716763005780346,0.17777777777777778,0.3377777777777778,0.4711111111111111,0.0032156068831682206,0.0029983543092384933,0.004345051315613091,0.05,nan,nan,nan,nan,nan,nan,nan,nan,nan,nan,nan,nan,nan,nan,nan,nan,nan,nan,nan,nan,nan,nan,nan,nan,nan,nan,nan,nan,nan,nan,nan,nan,nan,nan,nan
1043,195402,0.07571604159384887,1.5144030930995906,0.5244444444444445,0,165,0.7090909090909091,0.08484848484848485,0.0,0.012121212121212121,0.0,0.793939393939394,0.14545454545454545,0.06060606060606061,0.19111111111111112,0.32,0.47555555555555556,0.003329342813231051,0.0030931704211980106,0.004723448026925326,0.05,nan,nan,nan,nan,nan,nan,nan,nan,nan,nan,nan,nan,nan,nan,nan,nan,nan,nan,nan,nan,nan,nan,nan,nan,nan,nan,nan,nan,nan,nan,nan,nan,nan,nan,nan
1044,195609,0.07689362032062773,-0.020584730863577816,0.5288888888888889,0,207,0.5700483091787439,0.10144927536231885,0.004830917874396135,0.057971014492753624,0.0,0.6763285024154589,0.1932367149758454,0.13043478260869565,0.19111111111111112,0.3511111111111111,0.4622222222222222,0.003609671350568533,0.003394548036158085,0.004302466847002506,0.05,nan,nan,nan,nan,nan,nan,nan,nan,nan,nan,nan,nan,nan,nan,nan,nan,nan,nan,nan,nan,nan,nan,nan,nan,nan,nan,nan,nan,nan,nan,nan,nan,nan,nan,nan
1045,195818,0.07807838099249258,-1.2084196393489874,0.4444444444444444,0,209,0.47368421052631576,0.20574162679425836,0.009569377990430622,0.03827751196172249,0.0,0.6889952153110048,0.24880382775119617,0.06220095693779904,0.18222222222222223,0.3333333333333333,0.4444444444444444,0.003379361587576568,0.003164101531729102,0.004305201442912221,0.05,nan,nan,nan,nan,nan,nan,nan,nan,nan,nan,nan,nan,nan,nan,nan,nan,nan,nan,nan,nan,nan,nan,nan,nan,nan,nan,nan,nan,nan,nan,nan,nan,nan,nan,nan
1046,195999,0.07910101982781063,1.2862078046798664,0.6,0,181,0.7403314917127072,0.04419889502762431,0.0,0.027624309392265192,0.0,0.7845303867403315,0.07734806629834254,0.13812154696132597,0.2,0.3688888888888889,0.5111111111111111,0.0035345090553164484,0.0032832325669005513,0.005025529745034873,0.05,nan,nan,nan,nan,nan,nan,nan,nan,nan,nan,nan,nan,nan,nan,nan,nan,nan,nan,nan,nan,nan,nan,nan,nan,nan,nan,nan,nan,nan,nan,nan,nan,nan,nan,nan
1047,196187,0.08015987702996533,-0.04619439888000554,0.47555555555555556,0,188,0.5638297872340425,0.1595744680851064,0.005319148936170213,0.0425531914893617,0.0,0.7287234042553191,0.14893617021276595,0.12234042553191489,0.17333333333333334,0.3288888888888889,0.4177777777777778,0.003427058132365346,0.0032398418756201864,0.0037443253211677076,0.05,nan,nan,nan,nan,nan,nan,nan,nan,nan,nan,nan,nan,nan,nan,nan,nan,nan,nan,nan,nan,nan,nan,nan,nan,nan,nan,nan,nan,nan,nan,nan,nan,nan,nan,nan
1048,196427,0.08150668966557778,-0.8626759898662623,0.5288888888888889,0,240,0.49166666666666664,0.18333333333333332,0.004166666666666667,0.0875,0.0,0.6791666666666667,0.0875,0.23333333333333334,0.18666666666666668,0.36444444444444446,0.49333333333333335,0.0030092107597738506,0.0028221423039212824,0.0037413690122775735,0.05,nan,nan,nan,nan,nan,nan,nan,nan,nan,nan,nan,nan,nan,nan,nan,nan,nan,nan,nan,nan,nan,nan,nan,nan,nan,nan,nan,nan,nan,nan,nan,nan,nan,nan,nan
1049,196625,0.08261366718578117,0.5610189740657818,0.5777777777777777,0,198,0.6515151515151515,0.13636363636363635,0.005050505050505051,0.005050505050505051,0.0,0.7929292929292929,0.07575757575757576,0.13131313131313133,0.2,0.36444444444444446,0.4533333333333333,0.003097569919191301,0.002888262807391584,0.004186141525860876,0.05,nan,nan,nan,nan,nan,nan,nan,nan,nan,nan,nan,nan,nan,nan,nan,nan,nan,nan,nan,nan,nan,nan,nan,nan,nan,nan,nan,nan,nan,nan,nan,nan,nan,nan,nan
1050,196818,0.083689095314226,2.8332492918968097,0.6444444444444445,0,193,0.7461139896373057,0.05699481865284974,0.0,0.0051813471502590676,0.0,0.8031088082901554,0.06735751295336788,0.12953367875647667,0.19111111111111112,0.35555555555555557,0.5111111111111111,0.003256863751448691,0.0030210712226107716,0.004715850460343063,0.05,nan,nan,nan,nan,nan,nan,nan,nan,nan,nan,nan,nan,nan,nan,nan,nan,nan,nan,nan,nan,nan,nan,nan,nan,nan,nan,nan,nan,nan,nan,nan,nan,nan,nan,nan
1051,197039,0.0849161960882517,1.004259580135339,0.6088888888888889,0,221,0.6153846153846154,0.07692307692307693,0.0,0.09502262443438914,0.0,0.6923076923076923,0.13574660633484162,0.17194570135746606,0.17333333333333334,0.3244444444444444,0.4622222222222222,0.003360852203331888,0.00309603912755847,0.005296262004412711,0.05,nan,nan,nan,nan,nan,nan,nan,nan,nan,nan,nan,nan,nan,nan,nan,nan,nan,nan,nan,nan,nan,nan,nan,nan,nan,nan,nan,nan,nan,nan,nan,nan,nan,nan,nan
1052,197235,0.08388087209538397,0.9247381486892676,0.5644444444444444,0,196,0.6428571428571429,0.09693877551020408,0.00510204081632653,0.030612244897959183,0.0,0.7448979591836735,0.09693877551020408,0.15816326530612246,0.18222222222222223,0.3466666666666667,0.4888888888888889,0.003279451886191964,0.0030397871742025018,0.004793294286355376,0.05,nan,nan,nan,nan,nan,nan,nan,nan,nan,nan,nan,nan,nan,nan,nan,nan,nan,nan,nan,nan,nan,nan,nan,nan,nan,nan,nan,nan,nan,nan,nan,nan,nan,nan,nan
1053,197437,0.08264952748481931,1.1469691452979993,0.56,0,202,0.6188118811881188,0.12871287128712872,0.009900990099009901,0.034653465346534656,0.0,0.7574257425742574,0.12376237623762376,0.1188118811881188,0.18666666666666668,0.3244444444444444,0.4311111111111111,0.003388376417569816,0.003145737177692354,0.0048527841223403815,0.05,nan,nan,nan,nan,nan,nan,nan,nan,nan,nan,nan,nan,nan,nan,nan,nan,nan,nan,nan,nan,nan,nan,nan,nan,nan,nan,nan,nan,nan,nan,nan,nan,nan,nan,nan
1054,197647,0.08137370634638924,1.2954697704315141,0.6,0,210,0.638095238095238,0.12857142857142856,0.004761904761904762,0.04285714285714286,0.0,0.7714285714285715,0.08095238095238096,0.14761904761904762,0.16444444444444445,0.3511111111111111,0.48,0.0035605790093541146,0.0032832233468070627,0.005547112436033785,0.05,nan,nan,nan,nan,nan,nan,nan,nan,nan,nan,nan,nan,nan,nan,nan,nan,nan,nan,nan,nan,nan,nan,nan,nan,nan,nan,nan,nan,nan,nan,nan,nan,nan,nan,nan
1055,197838,0.0802171045097424,1.5204102697372397,0.5911111111111111,0,191,0.6910994764397905,0.07329842931937172,0.0,0.010471204188481676,0.0,0.7643979057591623,0.08900523560209424,0.14659685863874344,0.18666666666666668,0.3466666666666667,0.5111111111111111,0.0032370408764109014,0.0030281721381470563,0.004177374159917235,0.05,nan,nan,nan,nan,nan,nan,nan,nan,nan,nan,nan,nan,nan,nan,nan,nan,nan,nan,nan,nan,nan,nan,nan,nan,nan,nan,nan,nan,nan,nan,nan,nan,nan,nan,nan
1056,198009,0.07918466698763324,1.4894372484683949,0.5511111111111111,0,171,0.7192982456140351,0.1111111111111111,0.0,0.005847953216374269,0.0,0.8304093567251462,0.08771929824561403,0.08187134502923976,0.19555555555555557,0.37777777777777777,0.49777777777777776,0.003111898130737245,0.002869329182431102,0.00485137845389545,0.05,nan,nan,nan,nan,nan,nan,nan,nan,nan,nan,nan,nan,nan,nan,nan,nan,nan,nan,nan,nan,nan,nan,nan,nan,nan,nan,nan,nan,nan,nan,nan,nan,nan,nan,nan
1057,198223,0.07789666602637806,1.5613588881492535,0.6133333333333333,0,214,0.6401869158878505,0.11214953271028037,0.014018691588785047,0.028037383177570093,0.0,0.7663551401869159,0.102803738317757,0.1308411214953271,0.19111111111111112,0.3466666666666667,0.5022222222222222,0.002915642806328833,0.0026862332364544273,0.004588191234506667,0.05,nan,nan,nan,nan,nan,nan,nan,nan,nan,nan,nan,nan,nan,nan,nan,nan,nan,nan,nan,nan,nan,nan,nan,nan,nan,nan,nan,nan,nan,nan,nan,nan,nan,nan,nan
1058,198394,0.07687070204078231,1.4148530094623504,0.5155555555555555,0,171,0.672514619883041,0.0935672514619883,0.011695906432748537,0.029239766081871343,0.0,0.7777777777777778,0.1111111111111111,0.1111111111111111,0.18666666666666668,0.3511111111111111,0.49333333333333335,0.003232151479460299,0.003052687086164951,0.003589287609793246,0.05,nan,nan,nan,nan,nan,nan,nan,nan,nan,nan,nan,nan,nan,nan,nan,nan,nan,nan,nan,nan,nan,nan,nan,nan,nan,nan,nan,nan,nan,nan,nan,nan,nan,nan,nan
1059,198587,0.07571618439891654,2.4189495530128378,0.6266666666666667,0,193,0.7253886010362695,0.06217616580310881,0.0051813471502590676,0.015544041450777202,0.0,0.7927461139896373,0.07253886010362694,0.13471502590673576,0.19111111111111112,0.36,0.49333333333333335,0.003374300361610949,0.0031894916901364923,0.0036961727775633333,0.05,nan,nan,nan,nan,nan,nan,nan,nan,nan,nan,nan,nan,nan,nan,nan,nan,nan,nan,nan,nan,nan,nan,nan,nan,nan,nan,nan,nan,nan,nan,nan,nan,nan,nan,nan
1060,198780,0.07456530807490439,1.0518630592822973,0.5866666666666667,0,193,0.6787564766839378,0.06735751295336788,0.0051813471502590676,0.05181347150259067,0.0,0.7512953367875648,0.05699481865284974,0.19170984455958548,0.18666666666666668,0.36444444444444446,0.49333333333333335,0.003761316556483507,0.0035629530670121313,0.0039672688348218795,0.05,1.7479071217536866,0.5755555555555555,0.0,183.1,0.0,1.0,0.7037445943050785,0.08167966097324095,0.0,0.02153973814918168,0.0,0.7854242552783195,0.07566679502688045,0.13890894969480008,0.19022222222222224,0.3622222222222222,0.5044444444444445,1.1844016740798888,0.5622222222222222,0.0,195.9,0.0,1.0,0.6477889281826942,0.10613937386527186,0.0,0.03668274310574863,0.0,0.753928302047966,0.0812675553824096,0.16480414256962445,0.18755555555555556,0.356,0.4844444444444445,1.1525512474867408
1061,198991,0.0733112524069965,1.7226983313560407,0.6266666666666667,0,211,0.6635071090047393,0.10426540284360189,0.004739336492890996,0.037914691943127965,0.0,0.7725118483412322,0.09004739336492891,0.13744075829383887,0.19111111111111112,0.3688888888888889,0.5066666666666667,0.003273982624523342,0.0030555576318874954,0.004368499643169344,0.05,nan,nan,nan,nan,nan,nan,nan,nan,nan,nan,nan,nan,nan,nan,nan,nan,nan,nan,nan,nan,nan,nan,nan,nan,nan,nan,nan,nan,nan,nan,nan,nan,nan,nan,nan
1062,199241,0.0718310085399745,1.2082173008918695,0.5644444444444444,1,250,0.504,0.14,0.008,0.124,0.0,0.652,0.292,0.056,0.18666666666666668,0.3333333333333333,0.4488888888888889,0.0035322450567036867,0.0032929270528256893,0.004786360240541398,0.05,nan,nan,nan,nan,nan,nan,nan,nan,nan,nan,nan,nan,nan,nan,nan,nan,nan,nan,nan,nan,nan,nan,nan,nan,nan,nan,nan,nan,nan,nan,nan,nan,nan,nan,nan
1063,199434,0.07069240644729927,1.9489077179431837,0.6,0,193,0.694300518134715,0.09326424870466321,0.0,0.0,0.0,0.7875647668393783,0.11917098445595854,0.09326424870466321,0.18666666666666668,0.3333333333333333,0.48,0.0032815459882840512,0.003077100054360926,0.004088919167406857,0.05,nan,nan,nan,nan,nan,nan,nan,nan,nan,nan,nan,nan,nan,nan,nan,nan,nan,nan,nan,nan,nan,nan,nan,nan,nan,nan,nan,nan,nan,nan,nan,nan,nan,nan,nan
1064,199618,0.06961025497531133,2.4076276109218533,0.6355555555555555,0,184,0.7717391304347826,0.04891304347826087,0.0,0.0,0.0,0.8206521739130435,0.07065217391304347,0.10869565217391304,0.2,0.38222222222222224,0.5377777777777778,0.0034878429723903537,0.0032368091866374015,0.005020676692947745,0.05,nan,nan,nan,nan,nan,nan,nan,nan,nan,nan,nan,nan,nan,nan,nan,nan,nan,nan,nan,nan,nan,nan,nan,nan,nan,nan,nan,nan,nan,nan,nan,nan,nan,nan,nan
1065,199807,0.06850209901377916,-1.9676484985351563,0.4,-1,189,0.4708994708994709,0.14285714285714285,0.005291005291005291,0.12169312169312169,0.005291005291005291,0.6190476190476191,0.15343915343915343,0.2275132275132275,0.1511111111111111,0.3244444444444444,0.3511111111111111,0.0035404330119490623,0.003316427255049348,0.004480114951729774,0.05,nan,nan,nan,nan,nan,nan,nan,nan,nan,nan,nan,nan,nan,nan,nan,nan,nan,nan,nan,nan,nan,nan,nan,nan,nan,nan,nan,nan,nan,nan,nan,nan,nan,nan,nan
1066,200020,0.06725734664830992,1.4256041550636247,0.6622222222222223,0,213,0.6948356807511737,0.07042253521126761,0.004694835680751174,0.018779342723004695,0.0,0.7699530516431925,0.107981220657277,0.12206572769953052,0.19111111111111112,0.36,0.52,0.003134184912778437,0.002879768842831254,0.005088320537470281,0.05,nan,nan,nan,nan,nan,nan,nan,nan,nan,nan,nan,nan,nan,nan,nan,nan,nan,nan,nan,nan,nan,nan,nan,nan,nan,nan,nan,nan,nan,nan,nan,nan,nan,nan,nan
1067,200195,0.06623792349474782,-0.0347487080097193,0.5066666666666667,0,175,0.6457142857142857,0.08,0.011428571428571429,0.03428571428571429,0.0,0.7371428571428571,0.12571428571428572,0.13714285714285715,0.1688888888888889,0.3333333333333333,0.4577777777777778,0.0032139984890818597,0.002970023453235626,0.004879500530660152,0.05,nan,nan,nan,nan,nan,nan,nan,nan,nan,nan,nan,nan,nan,nan,nan,nan,nan,nan,nan,nan,nan,nan,nan,nan,nan,nan,nan,nan,nan,nan,nan,nan,nan,nan,nan
1068,200396,0.06507066366073215,1.9358366951942354,0.5866666666666667,0,201,0.6517412935323383,0.12935323383084577,0.009950248756218905,0.009950248756218905,0.0,0.7910447761194029,0.06965174129353234,0.13930348258706468,0.2,0.36444444444444446,0.49333333333333335,0.0036832727026194336,0.0035049064783379434,0.0035673237638548017,0.05,nan,nan,nan,nan,nan,nan,nan,nan,nan,nan,nan,nan,nan,nan,nan,nan,nan,nan,nan,nan,nan,nan,nan,nan,nan,nan,nan,nan,nan,nan,nan,nan,nan,nan,nan
1069,200587,0.06396505477230442,2.162478376388544,0.6088888888888889,0,191,0.7120418848167539,0.08900523560209424,0.0,0.010471204188481676,0.0,0.8010471204188482,0.10471204188481675,0.09424083769633508,0.17777777777777778,0.36444444444444446,0.5066666666666667,0.003449301887303591,0.0032380374846979975,0.004225287865847349,0.05,nan,nan,nan,nan,nan,nan,nan,nan,nan,nan,nan,nan,nan,nan,nan,nan,nan,nan,nan,nan,nan,nan,nan,nan,nan,nan,nan,nan,nan,nan,nan,nan,nan,nan,nan
1070,200769,0.0629147793534923,1.3926600465774492,0.5955555555555555,0,182,0.7307692307692307,0.06593406593406594,0.005494505494505495,0.01098901098901099,0.0,0.8021978021978022,0.13186813186813187,0.06593406593406594,0.18666666666666668,0.3466666666666667,0.5022222222222222,0.0033417741302400827,0.0030891160480678082,0.0050531607819721104,0.05,nan,nan,nan,nan,nan,nan,nan,nan,nan,nan,nan,nan,nan,nan,nan,nan,nan,nan,nan,nan,nan,nan,nan,nan,nan,nan,nan,nan,nan,nan,nan,nan,nan,nan,nan
1071,200948,0.06188489006127405,1.990562676191324,0.5911111111111111,0,179,0.7374301675977654,0.01675977653631285,0.0111731843575419,0.00558659217877095,0.0,0.7653631284916201,0.1340782122905028,0.1005586592178771,0.17333333333333334,0.3288888888888889,0.49333333333333335,0.0033170756418257953,0.0030391917796805503,0.005557676940225065,0.05,nan,nan,nan,nan,nan,nan,nan,nan,nan,nan,nan,nan,nan,nan,nan,nan,nan,nan,nan,nan,nan,nan,nan,nan,nan,nan,nan,nan,nan,nan,nan,nan,nan,nan,nan
1072,201163,0.0606518921797224,2.2996129484176517,0.6488888888888888,0,215,0.6744186046511628,0.08372093023255814,0.0,0.05116279069767442,0.0,0.7581395348837209,0.08837209302325581,0.15348837209302327,0.19111111111111112,0.3688888888888889,0.52,0.0032140869880095124,0.0029989223112352192,0.004303292697295546,0.05,nan,nan,nan,nan,nan,nan,nan,nan,nan,nan,nan,nan,nan,nan,nan,nan,nan,nan,nan,nan,nan,nan,nan,nan,nan,nan,nan,nan,nan,nan,nan,nan,nan,nan,nan
1073,201355,0.05955449576687878,1.1077492623329117,0.5733333333333334,0,192,0.6666666666666666,0.11458333333333333,0.0,0.046875,0.0,0.78125,0.07291666666666667,0.14583333333333334,0.18222222222222223,0.3466666666666667,0.5022222222222222,0.003177930391393602,0.0029764099977910518,0.004030407848767936,0.05,nan,nan,nan,nan,nan,nan,nan,nan,nan,nan,nan,nan,nan,nan,nan,nan,nan,nan,nan,nan,nan,nan,nan,nan,nan,nan,nan,nan,nan,nan,nan,nan,nan,nan,nan
1074,201558,0.058398014063924183,1.8553559074401778,0.5822222222222222,0,203,0.6403940886699507,0.12315270935960591,0.0,0.024630541871921183,0.0,0.7635467980295566,0.06896551724137931,0.16748768472906403,0.18666666666666668,0.36,0.5155555555555555,0.003137244679965079,0.0029580726753920318,0.00358344039414078,0.05,nan,nan,nan,nan,nan,nan,nan,nan,nan,nan,nan,nan,nan,nan,nan,nan,nan,nan,nan,nan,nan,nan,nan,nan,nan,nan,nan,nan,nan,nan,nan,nan,nan,nan,nan
1075,201792,0.057069742848752124,3.0484108743667453,0.7066666666666667,0,234,0.6752136752136753,0.0811965811965812,0.0,0.029914529914529916,0.0,0.7564102564102564,0.1111111111111111,0.13247863247863248,0.2,0.3333333333333333,0.5066666666666667,0.003272290760651231,0.003094783308915794,0.003550149651709944,0.05,nan,nan,nan,nan,nan,nan,nan,nan,nan,nan,nan,nan,nan,nan,nan,nan,nan,nan,nan,nan,nan,nan,nan,nan,nan,nan,nan,nan,nan,nan,nan,nan,nan,nan,nan
1076,202004,0.05587079296729045,0.7189546232223445,0.5688888888888889,0,212,0.5990566037735849,0.16981132075471697,0.0047169811320754715,0.02830188679245283,0.0,0.7735849056603774,0.06132075471698113,0.1650943396226415,0.18222222222222223,0.3377777777777778,0.4888888888888889,0.003338582208380103,0.0031275669811293484,0.0042203041142784056,0.05,nan,nan,nan,nan,nan,nan,nan,nan,nan,nan,nan,nan,nan,nan,nan,nan,nan,nan,nan,nan,nan,nan,nan,nan,nan,nan,nan,nan,nan,nan,nan,nan,nan,nan,nan
1077,202196,0.05478858529861098,1.345190258741374,0.6177777777777778,0,192,0.71875,0.09895833333333333,0.0,0.0,0.0,0.8177083333333334,0.08854166666666667,0.09375,0.18666666666666668,0.37777777777777777,0.5066666666666667,0.003064923081547022,0.002857352397404611,0.004151415289379656,0.05,nan,nan,nan,nan,nan,nan,nan,nan,nan,nan,nan,nan,nan,nan,nan,nan,nan,nan,nan,nan,nan,nan,nan,nan,nan,nan,nan,nan,nan,nan,nan,nan,nan,nan,nan
1078,202363,0.05385009196631602,1.290398061037062,0.5111111111111111,0,167,0.6826347305389222,0.09580838323353294,0.0,0.017964071856287425,0.0,0.7784431137724551,0.12574850299401197,0.09580838323353294,0.1688888888888889,0.3022222222222222,0.4533333333333333,0.003494417737238109,0.003306805435568094,0.0037522460799664257,0.05,nan,nan,nan,nan,nan,nan,nan,nan,nan,nan,nan,nan,nan,nan,nan,nan,nan,nan,nan,nan,nan,nan,nan,nan,nan,nan,nan,nan,nan,nan,nan,nan,nan,nan,nan
1079,202583,0.052617722851359294,2.3891075992584145,0.6844444444444444,0,220,0.6954545454545454,0.09090909090909091,0.0,0.01818181818181818,0.0,0.7863636363636364,0.06363636363636363,0.15,0.2088888888888889,0.3333333333333333,0.48,0.003339397441595793,0.0031523275189101695,0.0037413987796753646,0.05,nan,nan,nan,nan,nan,nan,nan,nan,nan,nan,nan,nan,nan,nan,nan,nan,nan,nan,nan,nan,nan,nan,nan,nan,nan,nan,nan,nan,nan,nan,nan,nan,nan,nan,nan
1080,202780,0.051518012985011484,0.9076753838062233,0.5466666666666666,0,197,0.6192893401015228,0.1319796954314721,0.0,0.015228426395939087,0.0,0.751269035532995,0.14720812182741116,0.10152284263959391,0.17777777777777778,0.3466666666666667,0.48,0.0032170335529372097,0.0029773015761747957,0.004794638836756349,0.05,1.7425860605239811,0.5822222222222222,0.0,187.8,0.0,1.0,0.6936619088413902,0.09849023632190762,0.0005319148936170213,0.008275487670712126,0.0,0.7926840600569148,0.10603100092258785,0.10128493902049725,0.1888888888888889,0.3506666666666667,0.48177777777777775,1.3763986281633325,0.5537777777777777,0.0,184.9,0.0,1.0,0.6744630866753337,0.10406378091661435,0.0020916135955768413,0.01878197622530948,0.0,0.780618481187525,0.10332379128148887,0.11605772753098616,0.18622222222222223,0.34711111111111104,0.49111111111111116,1.1398879496406367
1081,202966,0.0504830131289695,0.945333647727965,0.5733333333333334,0,186,0.6881720430107527,0.07526881720430108,0.005376344086021506,0.016129032258064516,0.0,0.7688172043010753,0.10752688172043011,0.12365591397849462,0.18222222222222223,0.3511111111111111,0.5066666666666667,0.0037447749404236675,0.003456562664359808,0.005764245381578803,0.05,nan,nan,nan,nan,nan,nan,nan,nan,nan,nan,nan,nan,nan,nan,nan,nan,nan,nan,nan,nan,nan,nan,nan,nan,nan,nan,nan,nan,nan,nan,nan,nan,nan,nan,nan
1082,203148,0.050526628802980735,-0.20714380502701224,0.48444444444444446,0,182,0.5934065934065934,0.14835164835164835,0.03296703296703297,0.038461538461538464,0.0,0.7747252747252747,0.1043956043956044,0.12087912087912088,0.17777777777777778,0.3511111111111111,0.4622222222222222,0.0034661370096728205,0.0032413020497187974,0.004496699501760304,0.05,nan,nan,nan,nan,nan,nan,nan,nan,nan,nan,nan,nan,nan,nan,nan,nan,nan,nan,nan,nan,nan,nan,nan,nan,nan,nan,nan,nan,nan,nan,nan,nan,nan,nan,nan
1083,203339,0.05158290840135089,-1.9394662184715283,0.3422222222222222,0,191,0.39790575916230364,0.24607329842931938,0.0,0.10471204188481675,0.0,0.643979057591623,0.21465968586387435,0.14136125654450263,0.18666666666666668,0.3422222222222222,0.3422222222222222,0.003140893834643066,0.002917569549754262,0.004466484626755118,0.05,nan,nan,nan,nan,nan,nan,nan,nan,nan,nan,nan,nan,nan,nan,nan,nan,nan,nan,nan,nan,nan,nan,nan,nan,nan,nan,nan,nan,nan,nan,nan,nan,nan,nan,nan
1084,203535,0.05266334508945047,2.8570237078666567,0.6355555555555555,0,196,0.7244897959183674,0.08163265306122448,0.0,0.015306122448979591,0.0,0.8061224489795918,0.08163265306122448,0.11224489795918367,0.19111111111111112,0.36,0.5155555555555555,0.0035469099413603543,0.003324727970175445,0.00444364061113447,0.05,nan,nan,nan,nan,nan,nan,nan,nan,nan,nan,nan,nan,nan,nan,nan,nan,nan,nan,nan,nan,nan,nan,nan,nan,nan,nan,nan,nan,nan,nan,nan,nan,nan,nan,nan
1085,203733,0.05375122168382981,1.8550008966922675,0.6133333333333333,0,198,0.6919191919191919,0.06565656565656566,0.005050505050505051,0.045454545454545456,0.0,0.7626262626262627,0.13636363636363635,0.10101010101010101,0.19111111111111112,0.3422222222222222,0.48,0.0035521955927833916,0.0033338025212287905,0.004367861780337989,0.05,nan,nan,nan,nan,nan,nan,nan,nan,nan,nan,nan,nan,nan,nan,nan,nan,nan,nan,nan,nan,nan,nan,nan,nan,nan,nan,nan,nan,nan,nan,nan,nan,nan,nan,nan
1086,203957,0.054977618007374184,1.879661829471579,0.6488888888888888,0,224,0.6473214285714286,0.13392857142857142,0.0,0.022321428571428572,0.0,0.78125,0.10714285714285714,0.11160714285714286,0.19555555555555557,0.36444444444444446,0.49333333333333335,0.00326060198713094,0.0030457433545961975,0.004297172999940813,0.05,nan,nan,nan,nan,nan,nan,nan,nan,nan,nan,nan,nan,nan,nan,nan,nan,nan,nan,nan,nan,nan,nan,nan,nan,nan,nan,nan,nan,nan,nan,nan,nan,nan,nan,nan
1087,204150,0.05603061039139522,1.1351818192005103,0.5688888888888889,0,193,0.6580310880829016,0.11917098445595854,0.02072538860103627,0.015544041450777202,0.0,0.7979274611398963,0.09326424870466321,0.10880829015544041,0.18666666666666668,0.3422222222222222,0.4666666666666667,0.002942366828210652,0.0027243727119639514,0.004359882394783199,0.05,nan,nan,nan,nan,nan,nan,nan,nan,nan,nan,nan,nan,nan,nan,nan,nan,nan,nan,nan,nan,nan,nan,nan,nan,nan,nan,nan,nan,nan,nan,nan,nan,nan,nan,nan
1088,204318,0.05694443883935446,1.9515710232257772,0.5288888888888889,0,168,0.7023809523809523,0.10119047619047619,0.0,0.0,0.0,0.8035714285714286,0.09523809523809523,0.10119047619047619,0.19555555555555557,0.3377777777777778,0.4622222222222222,0.0031886951997876166,0.002966493717394769,0.004444029810838401,0.05,nan,nan,nan,nan,nan,nan,nan,nan,nan,nan,nan,nan,nan,nan,nan,nan,nan,nan,nan,nan,nan,nan,nan,nan,nan,nan,nan,nan,nan,nan,nan,nan,nan,nan,nan
1089,204505,0.05795859624491,-0.5269122638702387,0.4888888888888889,0,187,0.5828877005347594,0.18181818181818182,0.0,0.0213903743315508,0.0,0.7647058823529411,0.13903743315508021,0.0962566844919786,0.18222222222222223,0.35555555555555557,0.4177777777777778,0.0031133814714848994,0.0028554873540997507,0.005157881951890886,0.05,nan,nan,nan,nan,nan,nan,nan,nan,nan,nan,nan,nan,nan,nan,nan,nan,nan,nan,nan,nan,nan,nan,nan,nan,nan,nan,nan,nan,nan,nan,nan,nan,nan,nan,nan
1090,204700,0.05901275835011989,1.240018233299253,0.5688888888888889,0,195,0.6512820512820513,0.12307692307692308,0.0,0.035897435897435895,0.0,0.7743589743589744,0.14871794871794872,0.07692307692307693,0.1688888888888889,0.3422222222222222,0.43555555555555553,0.00306689792778343,0.0028503063367679715,0.004331830958835781,0.05,nan,nan,nan,nan,nan,nan,nan,nan,nan,nan,nan,nan,nan,nan,nan,nan,nan,nan,nan,nan,nan,nan,nan,nan,nan,nan,nan,nan,nan,nan,nan,nan,nan,nan,nan
1091,204883,0.05999891596495405,2.108055946826929,0.6266666666666667,0,183,0.7650273224043715,0.0546448087431694,0.00546448087431694,0.01092896174863388,0.0,0.825136612021858,0.0546448087431694,0.12021857923497267,0.20444444444444446,0.38666666666666666,0.5288888888888889,0.0033682754496112467,0.0031871126499027013,0.0036232560640200974,0.05,nan,nan,nan,nan,nan,nan,nan,nan,nan,nan,nan,nan,nan,nan,nan,nan,nan,nan,nan,nan,nan,nan,nan,nan,nan,nan,nan,nan,nan,nan,nan,nan,nan,nan,nan
1092,205075,0.061030319919784214,1.0143708333969081,0.56,0,192,0.6510416666666666,0.11458333333333333,0.0,0.015625,0.0,0.765625,0.13541666666666666,0.09895833333333333,0.19555555555555557,0.3511111111111111,0.4577777777777778,0.0039211364928632975,0.0037158547667786477,0.004105633962899447,0.05,nan,nan,nan,nan,nan,nan,nan,nan,nan,nan,nan,nan,nan,nan,nan,nan,nan,nan,nan,nan,nan,nan,nan,nan,nan,nan,nan,nan,nan,nan,nan,nan,nan,nan,nan
1093,205307,0.06227216634096205,1.5061225984096471,0.64,0,232,0.6163793103448276,0.125,0.0,0.05172413793103448,0.0,0.7413793103448276,0.1853448275862069,0.07327586206896551,0.17777777777777778,0.3377777777777778,0.5022222222222222,0.0036370954010635616,0.0034327219240367413,0.004087469726800919,0.05,nan,nan,nan,nan,nan,nan,nan,nan,nan,nan,nan,nan,nan,nan,nan,nan,nan,nan,nan,nan,nan,nan,nan,nan,nan,nan,nan,nan,nan,nan,nan,nan,nan,nan,nan
1094,205513,0.06337078451566014,2.367979113101949,0.6133333333333333,0,206,0.6650485436893204,0.08737864077669903,0.0048543689320388345,0.024271844660194174,0.0,0.7572815533980582,0.13106796116504854,0.11165048543689321,0.19111111111111112,0.3511111111111111,0.49777777777777776,0.0032251653727144005,0.003015808970667422,0.004187128227204085,0.05,nan,nan,nan,nan,nan,nan,nan,nan,nan,nan,nan,nan,nan,nan,nan,nan,nan,nan,nan,nan,nan,nan,nan,nan,nan,nan,nan,nan,nan,nan,nan,nan,nan,nan,nan
1095,205705,0.06439131340910849,1.082999723911282,0.5777777777777777,0,192,0.671875,0.08333333333333333,0.005208333333333333,0.052083333333333336,0.0,0.7604166666666666,0.13541666666666666,0.10416666666666667,0.19111111111111112,0.3422222222222222,0.4888888888888889,0.0031398882158100603,0.0029188506305217743,0.0044207510771229865,0.05,nan,nan,nan,nan,nan,nan,nan,nan,nan,nan,nan,nan,nan,nan,nan,nan,nan,nan,nan,nan,nan,nan,nan,nan,nan,nan,nan,nan,nan,nan,nan,nan,nan,nan,nan
1096,205905,0.06545085826054839,1.0494525377750368,0.5777777777777777,0,200,0.645,0.07,0.0,0.055,0.0,0.715,0.18,0.105,0.17777777777777778,0.3377777777777778,0.4666666666666667,0.0030123834032565354,0.0028314821887761355,0.0036180239636451005,0.05,nan,nan,nan,nan,nan,nan,nan,nan,nan,nan,nan,nan,nan,nan,nan,nan,nan,nan,nan,nan,nan,nan,nan,nan,nan,nan,nan,nan,nan,nan,nan,nan,nan,nan,nan
1097,206113,0.06654899926667278,0.12288835048675617,0.56,0,208,0.6009615384615384,0.08173076923076923,0.004807692307692308,0.10096153846153846,0.0,0.6875,0.13942307692307693,0.17307692307692307,0.16,0.3333333333333333,0.4577777777777778,0.0028853391064330935,0.0026702555129304527,0.004301671392749995,0.05,nan,nan,nan,nan,nan,nan,nan,nan,nan,nan,nan,nan,nan,nan,nan,nan,nan,nan,nan,nan,nan,nan,nan,nan,nan,nan,nan,nan,nan,nan,nan,nan,nan,nan,nan
1098,206307,0.06756975677474808,0.8795884313583369,0.5777777777777777,0,194,0.6649484536082474,0.07216494845360824,0.0,0.041237113402061855,0.005154639175257732,0.7371134020618557,0.1134020618556701,0.14948453608247422,0.19111111111111112,0.3422222222222222,0.4444444444444444,0.0032313838601112366,0.0029798756586387753,0.005030164332129061,0.05,nan,nan,nan,nan,nan,nan,nan,nan,nan,nan,nan,nan,nan,nan,nan,nan,nan,nan,nan,nan,nan,nan,nan,nan,nan,nan,nan,nan,nan,nan,nan,nan,nan,nan,nan
1099,206521,0.06869187197594255,0.7034221212863918,0.6088888888888889,0,214,0.6355140186915887,0.14485981308411214,0.0,0.009345794392523364,0.0,0.780373831775701,0.12149532710280374,0.09813084112149532,0.2,0.36,0.5111111111111111,0.0030742266913875937,0.0028827054891735317,0.0038304234156385066,0.05,nan,nan,nan,nan,nan,nan,nan,nan,nan,nan,nan,nan,nan,nan,nan,nan,nan,nan,nan,nan,nan,nan,nan,nan,nan,nan,nan,nan,nan,nan,nan,nan,nan,nan,nan
1100,206691,0.06958038167836224,-0.8934308047294618,0.4222222222222222,0,170,0.5529411764705883,0.14705882352941177,0.0,0.07058823529411765,0.0,0.7,0.21176470588235294,0.08823529411764706,0.17777777777777778,0.3244444444444444,0.4177777777777778,0.003468632185831666,0.0031837046379223468,0.005698550341185183,0.05,1.4473988462686485,0.5568888888888889,0.0,184.7,0.0,1.0,0.6725423122059574,0.10547271677647338,0.0006060606060606061,0.024922553587613996,0.0,0.7786210895884915,0.1404798402509202,0.08089907016058824,0.1933333333333333,0.3488888888888889,0.4746666666666667,1.1041170251607828,0.5413333333333333,0.0,194.1,0.0,1.0,0.6271543050141013,0.12901397835339673,0.0,0.038082727381852435,0.0,0.7561682833674979,0.14367128915790825,0.10016042747459375,0.1857777777777778,0.3497777777777778,0.4746666666666666,1.1011522367297797
1101,206884,0.07058600719221814,1.8792953042983933,0.6088888888888889,0,193,0.7046632124352331,0.07253886010362694,0.0,0.04145077720207254,0.0,0.7772020725388601,0.13471502590673576,0.08808290155440414,0.2,0.37333333333333335,0.5111111111111111,0.004021195229142904,0.0038302545435726643,0.003818814130499959,0.05,nan,nan,nan,nan,nan,nan,nan,nan,nan,nan,nan,nan,nan,nan,nan,nan,nan,nan,nan,nan,nan,nan,nan,nan,nan,nan,nan,nan,nan,nan,nan,nan,nan,nan,nan
1102,207018,0.0712822822046098,1.4028507375717139,0.4577777777777778,0,134,0.7611940298507462,0.07462686567164178,0.014925373134328358,0.0,0.0,0.8507462686567164,0.08955223880597014,0.05970149253731343,0.18222222222222223,0.35555555555555557,nan,0.00435466063208878,0.0040727729676291345,0.005637754150666296,0.05,nan,nan,nan,nan,nan,nan,nan,nan,nan,nan,nan,nan,nan,nan,nan,nan,nan,nan,nan,nan,nan,nan,nan,nan,nan,nan,nan,nan,nan,nan,nan,nan,nan,nan,nan
1103,207222,0.07233925062510961,-0.25341557502747125,0.5022222222222222,0,204,0.5490196078431373,0.10294117647058823,0.0,0.12745098039215685,0.0,0.6519607843137255,0.15196078431372548,0.19607843137254902,0.2,0.3688888888888889,0.4533333333333333,0.0043965459801256655,0.0041752159362658855,0.004426600434817374,0.05,nan,nan,nan,nan,nan,nan,nan,nan,nan,nan,nan,nan,nan,nan,nan,nan,nan,nan,nan,nan,nan,nan,nan,nan,nan,nan,nan,nan,nan,nan,nan,nan,nan,nan,nan
1104,207360,0.07305218724272641,1.4465849037170395,0.4666666666666667,0,138,0.7536231884057971,0.036231884057971016,0.007246376811594203,0.028985507246376812,0.0,0.7971014492753623,0.11594202898550725,0.08695652173913043,0.18222222222222223,0.3422222222222222,nan,0.004136370937339961,0.003914653859101236,0.0044343405403196815,0.05,nan,nan,nan,nan,nan,nan,nan,nan,nan,nan,nan,nan,nan,nan,nan,nan,nan,nan,nan,nan,nan,nan,nan,nan,nan,nan,nan,nan,nan,nan,nan,nan,nan,nan,nan
1105,207569,0.07412874889379747,1.2972746739387484,0.6577777777777778,0,209,0.7033492822966507,0.09569377990430622,0.009569377990430622,0.023923444976076555,0.0,0.8086124401913876,0.0861244019138756,0.10526315789473684,0.18222222222222223,0.37777777777777777,0.5244444444444445,0.004077586368657649,0.0038730534026399253,0.004090658645145595,0.05,nan,nan,nan,nan,nan,nan,nan,nan,nan,nan,nan,nan,nan,nan,nan,nan,nan,nan,nan,nan,nan,nan,nan,nan,nan,nan,nan,nan,nan,nan,nan,nan,nan,nan,nan
1106,207785,0.07523735730515277,0.8425040419101635,0.5911111111111111,0,216,0.6111111111111112,0.12037037037037036,0.004629629629629629,0.06481481481481481,0.0,0.7361111111111112,0.16666666666666666,0.09722222222222222,0.18666666666666668,0.3511111111111111,0.47555555555555556,0.003993704379536211,0.0038420445285737514,0.003033196716569364,0.05,nan,nan,nan,nan,nan,nan,nan,nan,nan,nan,nan,nan,nan,nan,nan,nan,nan,nan,nan,nan,nan,nan,nan,nan,nan,nan,nan,nan,nan,nan,nan,nan,nan,nan,nan
1107,207977,0.07621937370117832,-0.9265187005996689,0.4177777777777778,0,192,0.484375,0.140625,0.005208333333333333,0.125,0.0,0.6302083333333334,0.23958333333333334,0.13020833333333334,0.1688888888888889,0.23555555555555555,0.4,0.004385889414697886,0.004163685743696988,0.004444074095226824,0.05,nan,nan,nan,nan,nan,nan,nan,nan,nan,nan,nan,nan,nan,nan,nan,nan,nan,nan,nan,nan,nan,nan,nan,nan,nan,nan,nan,nan,nan,nan,nan,nan,nan,nan,nan
1108,208169,0.0771981856529994,1.6957261810302646,0.5511111111111111,0,192,0.640625,0.109375,0.0,0.036458333333333336,0.0,0.75,0.15104166666666666,0.09895833333333333,0.19111111111111112,0.35555555555555557,0.49333333333333335,0.004305005981586873,0.004066885029897094,0.004762420617043972,0.05,nan,nan,nan,nan,nan,nan,nan,nan,nan,nan,nan,nan,nan,nan,nan,nan,nan,nan,nan,nan,nan,nan,nan,nan,nan,nan,nan,nan,nan,nan,nan,nan,nan,nan,nan
1109,208386,0.07830059931721867,2.1562698917388845,0.6755555555555556,0,217,0.695852534562212,0.0967741935483871,0.004608294930875576,0.02304147465437788,0.0,0.7972350230414746,0.1382488479262673,0.06451612903225806,0.19111111111111112,0.36444444444444446,0.5111111111111111,0.004350966052152216,0.0041326486971229315,0.004366347612813115,0.05,nan,nan,nan,nan,nan,nan,nan,nan,nan,nan,nan,nan,nan,nan,nan,nan,nan,nan,nan,nan,nan,nan,nan,nan,nan,nan,nan,nan,nan,nan,nan,nan,nan,nan,nan
1110,208578,0.0792726109065831,1.8340250399112656,0.6,0,192,0.6979166666666666,0.09895833333333333,0.0,0.026041666666666668,0.0,0.796875,0.11458333333333333,0.08854166666666667,0.17333333333333334,0.3422222222222222,0.47555555555555556,0.0046376399230211975,0.004417286021634936,0.004407076956704259,0.05,nan,nan,nan,nan,nan,nan,nan,nan,nan,nan,nan,nan,nan,nan,nan,nan,nan,nan,nan,nan,nan,nan,nan,nan,nan,nan,nan,nan,nan,nan,nan,nan,nan,nan,nan
1111,208742,0.08010035209501484,2.3590990455150527,0.56,0,164,0.7621951219512195,0.06707317073170732,0.0,0.024390243902439025,0.0,0.8292682926829268,0.0975609756097561,0.07317073170731707,0.2,0.3688888888888889,0.5244444444444445,0.004138933145441115,0.003973052417859435,0.0033176152152009307,0.05,nan,nan,nan,nan,nan,nan,nan,nan,nan,nan,nan,nan,nan,nan,nan,nan,nan,nan,nan,nan,nan,nan,nan,nan,nan,nan,nan,nan,nan,nan,nan,nan,nan,nan,nan
1112,208937,0.0810815434918383,2.717866076230993,0.6266666666666667,0,195,0.717948717948718,0.09743589743589744,0.005128205128205128,0.010256410256410256,0.0,0.8205128205128205,0.05128205128205128,0.1282051282051282,0.19555555555555557,0.37333333333333335,0.5111111111111111,0.005241901450790465,0.005027902196161449,0.004279985697939992,0.05,nan,nan,nan,nan,nan,nan,nan,nan,nan,nan,nan,nan,nan,nan,nan,nan,nan,nan,nan,nan,nan,nan,nan,nan,nan,nan,nan,nan,nan,nan,nan,nan,nan,nan,nan
1113,209137,0.0811985388381621,2.4795600826740163,0.6311111111111111,0,200,0.705,0.06,0.0,0.04,0.0,0.765,0.125,0.11,0.19111111111111112,0.37333333333333335,0.5066666666666667,0.004375726846046746,0.004147223872132599,0.004570059734396637,0.05,nan,nan,nan,nan,nan,nan,nan,nan,nan,nan,nan,nan,nan,nan,nan,nan,nan,nan,nan,nan,nan,nan,nan,nan,nan,nan,nan,nan,nan,nan,nan,nan,nan,nan,nan
1114,209335,0.0801046549909624,1.9585388612747092,0.6,0,198,0.6767676767676768,0.08585858585858586,0.005050505050505051,0.015151515151515152,0.0,0.7676767676767676,0.10101010101010101,0.13131313131313133,0.18666666666666668,0.3466666666666667,0.4444444444444444,0.004543372732587159,0.004305607662536204,0.004755301971454173,0.05,nan,nan,nan,nan,nan,nan,nan,nan,nan,nan,nan,nan,nan,nan,nan,nan,nan,nan,nan,nan,nan,nan,nan,nan,nan,nan,nan,nan,nan,nan,nan,nan,nan,nan,nan
1115,209530,0.07903078758420658,2.090712693214411,0.6088888888888889,0,195,0.6974358974358974,0.08717948717948718,0.0,0.015384615384615385,0.0,0.7846153846153846,0.10256410256410256,0.11282051282051282,0.18222222222222223,0.3377777777777778,0.5066666666666667,0.004502531979233027,0.004301586281508207,0.004018913535401225,0.05,nan,nan,nan,nan,nan,nan,nan,nan,nan,nan,nan,nan,nan,nan,nan,nan,nan,nan,nan,nan,nan,nan,nan,nan,nan,nan,nan,nan,nan,nan,nan,nan,nan,nan,nan
1116,209751,0.07781785714868511,3.0982690343856705,0.72,0,221,0.7285067873303167,0.07239819004524888,0.00904977375565611,0.01809954751131222,0.0,0.8099547511312217,0.12217194570135746,0.06787330316742081,0.19111111111111112,0.3688888888888889,0.5155555555555555,0.004250155109912157,0.00401056653354317,0.004791770968586207,0.05,nan,nan,nan,nan,nan,nan,nan,nan,nan,nan,nan,nan,nan,nan,nan,nan,nan,nan,nan,nan,nan,nan,nan,nan,nan,nan,nan,nan,nan,nan,nan,nan,nan,nan,nan
1117,209983,0.07654925094679274,0.8650767586231183,0.6088888888888889,0,232,0.5862068965517241,0.1336206896551724,0.0,0.04310344827586207,0.0,0.7198275862068966,0.15517241379310345,0.125,0.14666666666666667,0.3288888888888889,0.4577777777777778,0.003980029164813459,0.003750164294615388,0.00459729703143239,0.05,nan,nan,nan,nan,nan,nan,nan,nan,nan,nan,nan,nan,nan,nan,nan,nan,nan,nan,nan,nan,nan,nan,nan,nan,nan,nan,nan,nan,nan,nan,nan,nan,nan,nan,nan
1118,210210,0.07531262830047016,1.9468440048694529,0.6488888888888888,0,227,0.6387665198237885,0.13215859030837004,0.0,0.013215859030837005,0.0,0.7709251101321586,0.1277533039647577,0.1013215859030837,0.18222222222222223,0.36,0.4888888888888889,0.00396086263936013,0.0037379659013822676,0.004457935644313693,0.05,nan,nan,nan,nan,nan,nan,nan,nan,nan,nan,nan,nan,nan,nan,nan,nan,nan,nan,nan,nan,nan,nan,nan,nan,nan,nan,nan,nan,nan,nan,nan,nan,nan,nan,nan
1119,210384,0.07436783356540712,1.3219218537807398,0.5155555555555555,0,174,0.6609195402298851,0.07471264367816093,0.0,0.034482758620689655,0.0,0.735632183908046,0.14367816091954022,0.1206896551724138,0.1688888888888889,0.3511111111111111,0.4533333333333333,0.0035263960482552646,0.0033227960811927915,0.004071999201551079,0.05,nan,nan,nan,nan,nan,nan,nan,nan,nan,nan,nan,nan,nan,nan,nan,nan,nan,nan,nan,nan,nan,nan,nan,nan,nan,nan,nan,nan,nan,nan,nan,nan,nan,nan,nan
1120,210566,0.07338247266807096,2.6759876379966627,0.6,0,182,0.7362637362637363,0.07142857142857142,0.005494505494505495,0.02197802197802198,0.0,0.8131868131868132,0.08791208791208792,0.0989010989010989,0.20444444444444446,0.36444444444444446,0.4888888888888889,0.0037580790696665643,0.0035542896948754787,0.004075787519104779,0.05,1.8057424654960577,0.5768888888888888,0.0,185.9,0.0,1.0,0.6963417328685513,0.10341995527594153,0.00115854679390591,0.006105174649028896,0.0,0.8009202349383987,0.12256805718343336,0.07651170787816809,0.192,0.35377777777777775,0.49333333333333335,1.2998370039701412,0.5715555555555556,0.0,193.5,0.0,1.0,0.6655350220102743,0.12217948239716181,0.0,0.010599410007591837,0.0,0.7877145044074361,0.12632892260912523,0.08595657298343869,0.19200000000000003,0.35644444444444445,0.49086419753086424,1.1429073130447216
1121,210756,0.07235692585890291,1.490820168018337,0.5955555555555555,0,190,0.7,0.06842105263157895,0.005263157894736842,0.005263157894736842,0.0,0.7736842105263158,0.11578947368421053,0.11052631578947368,0.2,0.36444444444444446,0.5155555555555555,0.003382062981836498,0.0031438675243407486,0.004763908754102886,0.05,nan,nan,nan,nan,nan,nan,nan,nan,nan,nan,nan,nan,nan,nan,nan,nan,nan,nan,nan,nan,nan,nan,nan,nan,nan,nan,nan,nan,nan,nan,nan,nan,nan,nan,nan
1122,210930,0.07142053633777912,-0.3402795181274414,0.48444444444444446,0,174,0.6206896551724138,0.06896551724137931,0.0,0.13793103448275862,0.0,0.6896551724137931,0.13793103448275862,0.1724137931034483,0.18666666666666668,0.32,0.4711111111111111,0.0035414319718256593,0.0033327747834846376,0.004173143673688174,0.05,nan,nan,nan,nan,nan,nan,nan,nan,nan,nan,nan,nan,nan,nan,nan,nan,nan,nan,nan,nan,nan,nan,nan,nan,nan,nan,nan,nan,nan,nan,nan,nan,nan,nan,nan
1123,211142,0.07028325115424937,1.6979310872554743,0.6622222222222223,0,212,0.6981132075471698,0.09433962264150944,0.0047169811320754715,0.0047169811320754715,0.0,0.7971698113207547,0.05188679245283019,0.1509433962264151,0.18222222222222223,0.3288888888888889,0.4888888888888889,0.003381840535439551,0.0031326530501246453,0.004983749985694885,0.05,nan,nan,nan,nan,nan,nan,nan,nan,nan,nan,nan,nan,nan,nan,nan,nan,nan,nan,nan,nan,nan,nan,nan,nan,nan,nan,nan,nan,nan,nan,nan,nan,nan,nan,nan
1124,211351,0.06916592439008311,0.5021059646606452,0.56,0,209,0.5980861244019139,0.15789473684210525,0.004784688995215311,0.014354066985645933,0.0,0.7607655502392344,0.14354066985645933,0.09569377990430622,0.1511111111111111,0.3022222222222222,0.44,0.0033309383550658824,0.0031211794121190906,0.00419517916161567,0.05,nan,nan,nan,nan,nan,nan,nan,nan,nan,nan,nan,nan,nan,nan,nan,nan,nan,nan,nan,nan,nan,nan,nan,nan,nan,nan,nan,nan,nan,nan,nan,nan,nan,nan,nan
1125,211558,0.06806306223247782,2.527078684568396,0.6622222222222223,0,207,0.714975845410628,0.06280193236714976,0.0,0.014492753623188406,0.0,0.7777777777777778,0.0966183574879227,0.12560386473429952,0.18666666666666668,0.3377777777777778,0.5066666666666667,0.0032199839362874625,0.002972506219521165,0.004949554009363056,0.05,nan,nan,nan,nan,nan,nan,nan,nan,nan,nan,nan,nan,nan,nan,nan,nan,nan,nan,nan,nan,nan,nan,nan,nan,nan,nan,nan,nan,nan,nan,nan,nan,nan,nan,nan
1126,211771,0.06693214200537256,2.022813149929037,0.6355555555555555,0,213,0.6666666666666666,0.08450704225352113,0.0,0.028169014084507043,0.0,0.7511737089201878,0.107981220657277,0.14084507042253522,0.18222222222222223,0.3377777777777778,0.4622222222222222,0.0034479828318580985,0.0032506573013961317,0.003946510655805468,0.05,nan,nan,nan,nan,nan,nan,nan,nan,nan,nan,nan,nan,nan,nan,nan,nan,nan,nan,nan,nan,nan,nan,nan,nan,nan,nan,nan,nan,nan,nan,nan,nan,nan,nan,nan
1127,211983,0.06581045787167808,1.635749417781821,0.6266666666666667,0,212,0.660377358490566,0.08018867924528301,0.0,0.04245283018867924,0.0,0.7405660377358491,0.12264150943396226,0.13679245283018868,0.18222222222222223,0.3466666666666667,0.47555555555555556,0.003168557514436543,0.0029646528186276556,0.004078093497082591,0.05,nan,nan,nan,nan,nan,nan,nan,nan,nan,nan,nan,nan,nan,nan,nan,nan,nan,nan,nan,nan,nan,nan,nan,nan,nan,nan,nan,nan,nan,nan,nan,nan,nan,nan,nan
1128,212188,0.06472952623855988,1.7529349699020327,0.68,0,205,0.7414634146341463,0.06341463414634146,0.0,0.01951219512195122,0.0,0.8048780487804879,0.1024390243902439,0.09268292682926829,0.18666666666666668,0.3688888888888889,0.5422222222222223,0.0031090591102838515,0.0029092219891026618,0.003996742283925414,0.05,nan,nan,nan,nan,nan,nan,nan,nan,nan,nan,nan,nan,nan,nan,nan,nan,nan,nan,nan,nan,nan,nan,nan,nan,nan,nan,nan,nan,nan,nan,nan,nan,nan,nan,nan
1129,212332,0.06397241706506716,1.3547803735732977,0.4533333333333333,0,144,0.7013888888888888,0.0625,0.0,0.020833333333333332,0.0,0.7638888888888888,0.10416666666666667,0.13194444444444445,0.19111111111111112,0.3511111111111111,nan,0.003559667174704373,0.003346962318755686,0.004254096676595509,0.05,nan,nan,nan,nan,nan,nan,nan,nan,nan,nan,nan,nan,nan,nan,nan,nan,nan,nan,nan,nan,nan,nan,nan,nan,nan,nan,nan,nan,nan,nan,nan,nan,nan,nan,nan
1130,212538,0.06289244980575448,1.9590073373317676,0.6311111111111111,0,206,0.6844660194174758,0.10194174757281553,0.0,0.009708737864077669,0.0,0.7864077669902912,0.10679611650485436,0.10679611650485436,0.2,0.3511111111111111,0.52,0.003496226528659463,0.0032772936392575502,0.004378657694905997,0.05,nan,nan,nan,nan,nan,nan,nan,nan,nan,nan,nan,nan,nan,nan,nan,nan,nan,nan,nan,nan,nan,nan,nan,nan,nan,nan,nan,nan,nan,nan,nan,nan,nan,nan,nan
1131,212733,0.06187352623593862,1.3959890348911228,0.5644444444444444,0,195,0.6461538461538462,0.15897435897435896,0.005128205128205128,0.03076923076923077,0.0,0.8102564102564103,0.12307692307692308,0.06666666666666667,0.2,0.35555555555555557,0.49333333333333335,0.004066316527314484,0.003779009962454438,0.0057461301330477,0.05,nan,nan,nan,nan,nan,nan,nan,nan,nan,nan,nan,nan,nan,nan,nan,nan,nan,nan,nan,nan,nan,nan,nan,nan,nan,nan,nan,nan,nan,nan,nan,nan,nan,nan,nan
1132,212935,0.06082147909252297,1.1379658851623478,0.5777777777777777,0,202,0.6386138613861386,0.06435643564356436,0.0,0.04455445544554455,0.0,0.7029702970297029,0.1485148514851485,0.1485148514851485,0.17333333333333334,0.3288888888888889,0.4577777777777778,0.003928822302259505,0.003685626806691289,0.004863910959102213,0.05,nan,nan,nan,nan,nan,nan,nan,nan,nan,nan,nan,nan,nan,nan,nan,nan,nan,nan,nan,nan,nan,nan,nan,nan,nan,nan,nan,nan,nan,nan,nan,nan,nan,nan,nan
1133,213099,0.0599699204371274,0.6606392605304718,0.49333333333333335,0,164,0.6707317073170732,0.07926829268292683,0.006097560975609756,0.006097560975609756,0.0,0.7560975609756098,0.10365853658536585,0.1402439024390244,0.17777777777777778,0.3244444444444444,0.47555555555555556,0.0034771972103044392,0.0032911720918491483,0.0037205024855211377,0.05,nan,nan,nan,nan,nan,nan,nan,nan,nan,nan,nan,nan,nan,nan,nan,nan,nan,nan,nan,nan,nan,nan,nan,nan,nan,nan,nan,nan,nan,nan,nan,nan,nan,nan,nan
1134,213248,0.059198247485580335,0.47026079225539874,0.4,0,149,0.5973154362416108,0.15436241610738255,0.0,0.026845637583892617,0.0,0.7516778523489933,0.10738255033557047,0.14093959731543623,0.19111111111111112,0.3422222222222222,nan,0.003293148009106517,0.003084237757138908,0.004178203991614282,0.05,nan,nan,nan,nan,nan,nan,nan,nan,nan,nan,nan,nan,nan,nan,nan,nan,nan,nan,nan,nan,nan,nan,nan,nan,nan,nan,nan,nan,nan,nan,nan,nan,nan,nan,nan
1135,213450,0.05815511977864751,2.0862355558872157,0.6622222222222223,0,202,0.7326732673267327,0.039603960396039604,0.0,0.019801980198019802,0.0,0.7722772277227723,0.11386138613861387,0.11386138613861387,0.17777777777777778,0.3466666666666667,0.4888888888888889,0.004689143784344196,0.004465649207122624,0.004469892429187894,0.05,nan,nan,nan,nan,nan,nan,nan,nan,nan,nan,nan,nan,nan,nan,nan,nan,nan,nan,nan,nan,nan,nan,nan,nan,nan,nan,nan,nan,nan,nan,nan,nan,nan,nan,nan
1136,213614,0.05731078614190764,2.491280719280237,0.5688888888888889,0,164,0.774390243902439,0.054878048780487805,0.0,0.024390243902439025,0.0,0.8292682926829268,0.036585365853658534,0.13414634146341464,0.19555555555555557,0.36,0.5288888888888889,0.0038942145882174374,0.003685625432990491,0.004171782080084086,0.05,nan,nan,nan,nan,nan,nan,nan,nan,nan,nan,nan,nan,nan,nan,nan,nan,nan,nan,nan,nan,nan,nan,nan,nan,nan,nan,nan,nan,nan,nan,nan,nan,nan,nan,nan
1137,213836,0.05617149553942809,1.1938672018051084,0.6266666666666667,0,222,0.6306306306306306,0.15315315315315314,0.018018018018018018,0.018018018018018018,0.0,0.8018018018018018,0.08558558558558559,0.11261261261261261,0.19111111111111112,0.35555555555555557,0.4888888888888889,0.0039952457183972,0.0037771013798192144,0.00436288679484278,0.05,nan,nan,nan,nan,nan,nan,nan,nan,nan,nan,nan,nan,nan,nan,nan,nan,nan,nan,nan,nan,nan,nan,nan,nan,nan,nan,nan,nan,nan,nan,nan,nan,nan,nan,nan
1138,214029,0.05518443349207668,2.936309285402287,0.6444444444444445,0,193,0.7461139896373057,0.06217616580310881,0.0,0.010362694300518135,0.0,0.8082901554404145,0.10880829015544041,0.08290155440414508,0.19111111111111112,0.36,0.5066666666666667,0.004031477123498916,0.003812192240729928,0.004385696980170906,0.05,nan,nan,nan,nan,nan,nan,nan,nan,nan,nan,nan,nan,nan,nan,nan,nan,nan,nan,nan,nan,nan,nan,nan,nan,nan,nan,nan,nan,nan,nan,nan,nan,nan,nan,nan
1139,214221,0.054205617837708955,1.957588629245752,0.6088888888888889,0,192,0.7083333333333334,0.06770833333333333,0.0,0.010416666666666666,0.0,0.7760416666666666,0.16145833333333334,0.0625,0.16,0.3288888888888889,0.49777777777777776,0.00479442069772631,0.00454533570446074,0.004981699003838003,0.05,nan,nan,nan,nan,nan,nan,nan,nan,nan,nan,nan,nan,nan,nan,nan,nan,nan,nan,nan,nan,nan,nan,nan,nan,nan,nan,nan,nan,nan,nan,nan,nan,nan,nan,nan
1140,214394,0.053326333475411034,0.5694698729515075,0.5066666666666667,0,173,0.653179190751445,0.15028901734104047,0.0,0.011560693641618497,0.0,0.8034682080924855,0.12716763005780346,0.06936416184971098,0.16444444444444445,0.3422222222222222,0.4577777777777778,0.003901657788082957,0.0036769335390999915,0.004494485002942384,0.05,1.5344276710271776,0.5715555555555556,0.0,190.6,0.0,1.0,0.6711907227370562,0.0963651092454186,0.000510204081632653,0.025066197963606023,0.0,0.7680660360641076,0.0881560011624032,0.14377796277348928,0.192,0.3542222222222222,0.4933333333333333,1.073512636041636,0.5502222222222222,0.0,194.3,0.0,1.0,0.6358540945042309,0.12334337621033975,0.0,0.033664239166254065,0.0,0.7591974707145706,0.0788185627570969,0.16198396652833247,0.188,0.3542222222222222,0.4648888888888889,1.1286381955759504
1141,214573,0.052419211212236,1.6404029014110517,0.56,0,179,0.6983240223463687,0.09497206703910614,0.0,0.027932960893854747,0.0,0.7932960893854749,0.061452513966480445,0.1452513966480447,0.18666666666666668,0.36,0.5111111111111111,0.0038759133545681833,0.003666679374873638,0.004184679908212275,0.05,nan,nan,nan,nan,nan,nan,nan,nan,nan,nan,nan,nan,nan,nan,nan,nan,nan,nan,nan,nan,nan,nan,nan,nan,nan,nan,nan,nan,nan,nan,nan,nan,nan,nan,nan
1142,214755,0.05149965076492407,1.346878338098522,0.56,0,182,0.6868131868131868,0.054945054945054944,0.0,0.04395604395604396,0.0,0.7417582417582418,0.13186813186813187,0.12637362637362637,0.17333333333333334,0.35555555555555557,0.48,0.0033256429247558116,0.0031580529641360043,0.0033517993637360633,0.05,nan,nan,nan,nan,nan,nan,nan,nan,nan,nan,nan,nan,nan,nan,nan,nan,nan,nan,nan,nan,nan,nan,nan,nan,nan,nan,nan,nan,nan,nan,nan,nan,nan,nan,nan
1143,214919,0.050673418637714455,0.1391374907493601,0.4666666666666667,0,164,0.6341463414634146,0.12804878048780488,0.006097560975609756,0.024390243902439025,0.0,0.7682926829268293,0.0975609756097561,0.13414634146341464,0.1688888888888889,0.32,0.4311111111111111,0.0036289006704464553,0.0034308596979826687,0.00396081933286041,0.05,nan,nan,nan,nan,nan,nan,nan,nan,nan,nan,nan,nan,nan,nan,nan,nan,nan,nan,nan,nan,nan,nan,nan,nan,nan,nan,nan,nan,nan,nan,nan,nan,nan,nan,nan
1144,215075,0.05011041763261276,1.6821556954383805,0.49333333333333335,0,156,0.7051282051282052,0.08333333333333333,0.0,0.01282051282051282,0.0,0.7884615384615384,0.10256410256410256,0.10897435897435898,0.19555555555555557,0.36444444444444446,0.4711111111111111,0.0042566550895571705,0.004048220929689705,0.0041686833370476965,0.05,nan,nan,nan,nan,nan,nan,nan,nan,nan,nan,nan,nan,nan,nan,nan,nan,nan,nan,nan,nan,nan,nan,nan,nan,nan,nan,nan,nan,nan,nan,nan,nan,nan,nan,nan
1145,215272,0.051097354373198296,1.97839570116996,0.6088888888888889,0,197,0.6903553299492385,0.07106598984771574,0.005076142131979695,0.030456852791878174,0.0,0.766497461928934,0.15228426395939088,0.08121827411167512,0.18666666666666668,0.3688888888888889,0.48,0.0032145682023838164,0.0030314197996631266,0.0036629677983000875,0.05,nan,nan,nan,nan,nan,nan,nan,nan,nan,nan,nan,nan,nan,nan,nan,nan,nan,nan,nan,nan,nan,nan,nan,nan,nan,nan,nan,nan,nan,nan,nan,nan,nan,nan,nan
1146,215460,0.05203618295883429,1.5253337831497153,0.5777777777777777,0,188,0.6861702127659575,0.13297872340425532,0.0,0.005319148936170213,0.0,0.8191489361702128,0.06382978723404255,0.11702127659574468,0.19111111111111112,0.3466666666666667,0.48444444444444446,0.0036370342364534735,0.003398302989080548,0.004774624644778669,0.05,nan,nan,nan,nan,nan,nan,nan,nan,nan,nan,nan,nan,nan,nan,nan,nan,nan,nan,nan,nan,nan,nan,nan,nan,nan,nan,nan,nan,nan,nan,nan,nan,nan,nan,nan
1147,215661,0.05303667647655414,2.3125024275779626,0.6311111111111111,0,201,0.7014925373134329,0.05970149253731343,0.0,0.05970149253731343,0.0,0.7611940298507462,0.07960199004975124,0.15920398009950248,0.19111111111111112,0.35555555555555557,0.5066666666666667,0.0033579241950064897,0.003130463999696076,0.004549204162321985,0.05,nan,nan,nan,nan,nan,nan,nan,nan,nan,nan,nan,nan,nan,nan,nan,nan,nan,nan,nan,nan,nan,nan,nan,nan,nan,nan,nan,nan,nan,nan,nan,nan,nan,nan,nan
1148,215873,0.05408828858947028,1.1476994585990805,0.56,0,212,0.589622641509434,0.11320754716981132,0.009433962264150943,0.06132075471698113,0.0,0.7122641509433962,0.1792452830188679,0.10849056603773585,0.19111111111111112,0.3688888888888889,0.52,0.0035149229923263194,0.0032821667613461615,0.004655123921111226,0.05,nan,nan,nan,nan,nan,nan,nan,nan,nan,nan,nan,nan,nan,nan,nan,nan,nan,nan,nan,nan,nan,nan,nan,nan,nan,nan,nan,nan,nan,nan,nan,nan,nan,nan,nan
1149,216071,0.05506709310729083,2.0858030481338403,0.6044444444444445,0,198,0.6818181818181818,0.09595959595959595,0.0,0.04040404040404041,0.0,0.7777777777777778,0.12626262626262627,0.09595959595959595,0.18666666666666668,0.3422222222222222,0.47555555555555556,0.0032641596626490355,0.0030104486737400292,0.005074219778180122,0.05,nan,nan,nan,nan,nan,nan,nan,nan,nan,nan,nan,nan,nan,nan,nan,nan,nan,nan,nan,nan,nan,nan,nan,nan,nan,nan,nan,nan,nan,nan,nan,nan,nan,nan,nan
1150,216267,0.05603282108361334,2.2231858065128245,0.6088888888888889,0,196,0.6938775510204082,0.09693877551020408,0.0,0.01020408163265306,0.0,0.7908163265306123,0.08673469387755102,0.12244897959183673,0.19111111111111112,0.35555555555555557,0.52,0.00346240873914212,0.003282524831593037,0.0035976783256046474,0.05,nan,nan,nan,nan,nan,nan,nan,nan,nan,nan,nan,nan,nan,nan,nan,nan,nan,nan,nan,nan,nan,nan,nan,nan,nan,nan,nan,nan,nan,nan,nan,nan,nan,nan,nan
1151,216471,0.05703460455714046,0.9658515343666025,0.6266666666666667,0,204,0.6862745098039216,0.14705882352941177,0.004901960784313725,0.014705882352941176,0.0,0.8382352941176471,0.08333333333333333,0.0784313725490196,0.2,0.37777777777777777,0.5288888888888889,0.0037374384934082626,0.003515906701795757,0.00443063504062593,0.05,nan,nan,nan,nan,nan,nan,nan,nan,nan,nan,nan,nan,nan,nan,nan,nan,nan,nan,nan,nan,nan,nan,nan,nan,nan,nan,nan,nan,nan,nan,nan,nan,nan,nan,nan
1152,216669,0.058003652581680346,2.3821953756809133,0.6222222222222222,0,198,0.702020202020202,0.08080808080808081,0.020202020202020204,0.005050505050505051,0.0,0.803030303030303,0.10606060606060606,0.09090909090909091,0.18222222222222223,0.3688888888888889,0.5288888888888889,0.0035352501086890697,0.0033190888818353413,0.004323224956169725,0.05,nan,nan,nan,nan,nan,nan,nan,nan,nan,nan,nan,nan,nan,nan,nan,nan,nan,nan,nan,nan,nan,nan,nan,nan,nan,nan,nan,nan,nan,nan,nan,nan,nan,nan,nan
1153,216867,0.05896948626438109,0.47826607680320565,0.5733333333333334,0,198,0.6464646464646465,0.14646464646464646,0.010101010101010102,0.005050505050505051,0.0,0.803030303030303,0.08585858585858586,0.1111111111111111,0.18666666666666668,0.3377777777777778,0.48444444444444446,0.003655137703754008,0.003428010526113212,0.004542543087154627,0.05,nan,nan,nan,nan,nan,nan,nan,nan,nan,nan,nan,nan,nan,nan,nan,nan,nan,nan,nan,nan,nan,nan,nan,nan,nan,nan,nan,nan,nan,nan,nan,nan,nan,nan,nan
1154,217087,0.06003887458031401,1.6985430064201263,0.6177777777777778,0,220,0.6272727272727273,0.1,0.0,0.04090909090909091,0.0,0.7272727272727273,0.09545454545454546,0.17727272727272728,0.17333333333333334,0.3333333333333333,0.49333333333333335,0.0032752946950495242,0.003056231839582324,0.004381257109344006,0.05,nan,nan,nan,nan,nan,nan,nan,nan,nan,nan,nan,nan,nan,nan,nan,nan,nan,nan,nan,nan,nan,nan,nan,nan,nan,nan,nan,nan,nan,nan,nan,nan,nan,nan,nan
1155,217277,0.06095925998709881,2.276497459411612,0.6177777777777778,0,190,0.7263157894736842,0.08421052631578947,0.0,0.010526315789473684,0.0,0.8105263157894737,0.08947368421052632,0.1,0.20444444444444446,0.38666666666666666,0.5377777777777778,0.00363954552449286,0.0034245650749653578,0.004299609526060522,0.05,nan,nan,nan,nan,nan,nan,nan,nan,nan,nan,nan,nan,nan,nan,nan,nan,nan,nan,nan,nan,nan,nan,nan,nan,nan,nan,nan,nan,nan,nan,nan,nan,nan,nan,nan
1156,217460,0.061842959336990515,0.5610974214076974,0.49333333333333335,0,183,0.6010928961748634,0.16939890710382513,0.0,0.01092896174863388,0.0,0.7704918032786885,0.1366120218579235,0.09289617486338798,0.17777777777777778,0.3422222222222222,0.4444444444444444,0.0035972669254988434,0.0033884225646033882,0.004176886868663132,0.05,nan,nan,nan,nan,nan,nan,nan,nan,nan,nan,nan,nan,nan,nan,nan,nan,nan,nan,nan,nan,nan,nan,nan,nan,nan,nan,nan,nan,nan,nan,nan,nan,nan,nan,nan
1157,217658,0.06279603117806476,1.5483293333053518,0.5733333333333334,0,198,0.6464646464646465,0.13131313131313133,0.005050505050505051,0.020202020202020204,0.0,0.7828282828282829,0.07575757575757576,0.1414141414141414,0.19111111111111112,0.3422222222222222,0.5066666666666667,0.0035712783224880694,0.003355600032955408,0.0043135655694641175,0.05,nan,nan,nan,nan,nan,nan,nan,nan,nan,nan,nan,nan,nan,nan,nan,nan,nan,nan,nan,nan,nan,nan,nan,nan,nan,nan,nan,nan,nan,nan,nan,nan,nan,nan,nan
1158,217865,0.06378903012231738,2.2564044919013906,0.6444444444444445,0,207,0.6956521739130435,0.1111111111111111,0.004830917874396135,0.01932367149758454,0.0,0.8115942028985508,0.13043478260869565,0.057971014492753624,0.19555555555555557,0.37333333333333335,0.49777777777777776,0.0037916675209999084,0.0036005604546517135,0.0038221413036808372,0.05,nan,nan,nan,nan,nan,nan,nan,nan,nan,nan,nan,nan,nan,nan,nan,nan,nan,nan,nan,nan,nan,nan,nan,nan,nan,nan,nan,nan,nan,nan,nan,nan,nan,nan,nan
1159,218073,0.06478334015425653,1.9408840713500894,0.6311111111111111,0,208,0.6778846153846154,0.10576923076923077,0.0,0.019230769230769232,0.0,0.7836538461538461,0.10096153846153846,0.11538461538461539,0.18666666666666668,0.3466666666666667,0.5111111111111111,0.0039363684831187126,0.0037354175932705403,0.0040190180763602255,0.05,nan,nan,nan,nan,nan,nan,nan,nan,nan,nan,nan,nan,nan,nan,nan,nan,nan,nan,nan,nan,nan,nan,nan,nan,nan,nan,nan,nan,nan,nan,nan,nan,nan,nan,nan
1160,218286,0.06579793995340806,1.272331992387765,0.64,0,213,0.6713615023474179,0.11737089201877934,0.0,0.028169014084507043,0.0,0.7887323943661971,0.09859154929577464,0.11267605633802817,0.19555555555555557,0.36,0.5022222222222222,0.0039454278303310275,0.0037598346825689077,0.0037118633976206184,0.05,1.8021731373310037,0.5795555555555556,0.0,184.5,0.0,1.0,0.704495728920323,0.08979656827224591,0.0016683518705763397,0.0073721032023180005,0.0,0.7959606490631452,0.08435167595665304,0.11968767498020172,0.18844444444444447,0.3515555555555555,0.4955555555555556,1.3207612159252122,0.5626666666666666,0.0,186.0,0.0,1.0,0.676706642646791,0.10551146295600917,0.0005181347150259067,0.013694292555464721,0.0,0.782736240317826,0.08909381845539283,0.12816994122678113,0.184,0.34044444444444444,0.47777777777777775,1.1483617155817727
1161,218516,0.06688942436529019,2.7011242499351393,0.68,0,230,0.6608695652173913,0.12173913043478261,0.0,0.034782608695652174,0.0,0.782608695652174,0.08260869565217391,0.13478260869565217,0.18222222222222223,0.35555555555555557,0.5155555555555555,0.00326480339281261,0.0030604413943365215,0.004087239876389504,0.05,nan,nan,nan,nan,nan,nan,nan,nan,nan,nan,nan,nan,nan,nan,nan,nan,nan,nan,nan,nan,nan,nan,nan,nan,nan,nan,nan,nan,nan,nan,nan,nan,nan,nan,nan
1162,218719,0.06784925670491772,2.715419488191595,0.6666666666666666,0,203,0.7339901477832512,0.08374384236453201,0.0,0.0049261083743842365,0.0,0.8177339901477833,0.12315270935960591,0.059113300492610835,0.2,0.37333333333333335,0.5155555555555555,0.0032391665503382684,0.003014568448998034,0.004491960979066789,0.05,nan,nan,nan,nan,nan,nan,nan,nan,nan,nan,nan,nan,nan,nan,nan,nan,nan,nan,nan,nan,nan,nan,nan,nan,nan,nan,nan,nan,nan,nan,nan,nan,nan,nan,nan
1163,218966,0.06901269143914895,0.29142392563819497,0.5822222222222222,0,247,0.5263157894736842,0.13765182186234817,0.004048582995951417,0.06882591093117409,0.0,0.6680161943319838,0.1700404858299595,0.16194331983805668,0.17333333333333334,0.3288888888888889,0.4533333333333333,0.0032244750764220953,0.0030460374895483256,0.0035687510389834642,0.05,nan,nan,nan,nan,nan,nan,nan,nan,nan,nan,nan,nan,nan,nan,nan,nan,nan,nan,nan,nan,nan,nan,nan,nan,nan,nan,nan,nan,nan,nan,nan,nan,nan,nan,nan
1164,219182,0.07002612418251311,1.9487672901153472,0.68,0,216,0.7037037037037037,0.08333333333333333,0.004629629629629629,0.032407407407407406,0.0,0.7916666666666666,0.125,0.08333333333333333,0.19111111111111112,0.36444444444444446,0.4711111111111111,0.0035428757313638926,0.0033377829007804395,0.00410185782238841,0.05,nan,nan,nan,nan,nan,nan,nan,nan,nan,nan,nan,nan,nan,nan,nan,nan,nan,nan,nan,nan,nan,nan,nan,nan,nan,nan,nan,nan,nan,nan,nan,nan,nan,nan,nan
1165,219356,0.07083980453001103,1.8494584007263142,0.5733333333333334,0,174,0.735632183908046,0.07471264367816093,0.0,0.022988505747126436,0.0,0.8103448275862069,0.09770114942528736,0.09195402298850575,0.18666666666666668,0.36,0.5111111111111111,0.0034328950103372337,0.003214819263666868,0.0043615145608782765,0.05,nan,nan,nan,nan,nan,nan,nan,nan,nan,nan,nan,nan,nan,nan,nan,nan,nan,nan,nan,nan,nan,nan,nan,nan,nan,nan,nan,nan,nan,nan,nan,nan,nan,nan,nan
1166,219547,0.0717302193927251,0.9749884521961163,0.52,0,191,0.6073298429319371,0.1256544502617801,0.0,0.04712041884816754,0.0,0.7329842931937173,0.13089005235602094,0.13612565445026178,0.19111111111111112,0.30666666666666664,0.4311111111111111,0.0033809480955824256,0.0031955265905708073,0.003708429588004947,0.05,nan,nan,nan,nan,nan,nan,nan,nan,nan,nan,nan,nan,nan,nan,nan,nan,nan,nan,nan,nan,nan,nan,nan,nan,nan,nan,nan,nan,nan,nan,nan,nan,nan,nan,nan
1167,219765,0.07274297931980811,0.9641872215270952,0.6266666666666667,0,218,0.6422018348623854,0.11467889908256881,0.009174311926605505,0.027522935779816515,0.0,0.7660550458715596,0.11926605504587157,0.11467889908256881,0.18222222222222223,0.3466666666666667,0.49777777777777776,0.003227621014229953,0.00303605601657182,0.003831299883313477,0.05,nan,nan,nan,nan,nan,nan,nan,nan,nan,nan,nan,nan,nan,nan,nan,nan,nan,nan,nan,nan,nan,nan,nan,nan,nan,nan,nan,nan,nan,nan,nan,nan,nan,nan,nan
1168,219970,0.07369192576775244,1.1948769822120593,0.6133333333333333,0,205,0.6682926829268293,0.09268292682926829,0.00975609756097561,0.03902439024390244,0.0,0.7707317073170732,0.08292682926829269,0.14634146341463414,0.19555555555555557,0.36444444444444446,0.5244444444444445,0.0029877986060455443,0.0027836628491058947,0.004082715790718794,0.05,nan,nan,nan,nan,nan,nan,nan,nan,nan,nan,nan,nan,nan,nan,nan,nan,nan,nan,nan,nan,nan,nan,nan,nan,nan,nan,nan,nan,nan,nan,nan,nan,nan,nan,nan
1169,220175,0.07463756648993179,1.7479083104133544,0.6222222222222222,0,205,0.6780487804878049,0.11219512195121951,0.0,0.01951219512195122,0.0,0.7902439024390244,0.12682926829268293,0.08292682926829269,0.19555555555555557,0.3511111111111111,0.49777777777777776,0.0036182770971208813,0.003412495506927371,0.004115631803870201,0.05,nan,nan,nan,nan,nan,nan,nan,nan,nan,nan,nan,nan,nan,nan,nan,nan,nan,nan,nan,nan,nan,nan,nan,nan,nan,nan,nan,nan,nan,nan,nan,nan,nan,nan,nan
1170,220354,0.07546057554600916,0.576791311740873,0.5333333333333333,0,179,0.664804469273743,0.0670391061452514,0.0,0.061452513966480445,0.0,0.7318435754189944,0.1452513966480447,0.12290502793296089,0.19111111111111112,0.3688888888888889,0.44,0.0032405979465693234,0.003032219037413597,0.004167577694170177,0.05,nan,nan,nan,nan,nan,nan,nan,nan,nan,nan,nan,nan,nan,nan,nan,nan,nan,nan,nan,nan,nan,nan,nan,nan,nan,nan,nan,nan,nan,nan,nan,nan,nan,nan,nan
1171,220554,0.07637717212846193,1.8256783590316696,0.6133333333333333,0,200,0.685,0.07,0.005,0.07,0.005,0.76,0.105,0.135,0.19111111111111112,0.3333333333333333,0.48444444444444446,0.0035159089835360645,0.003289469610899687,0.004528787406161428,0.05,nan,nan,nan,nan,nan,nan,nan,nan,nan,nan,nan,nan,nan,nan,nan,nan,nan,nan,nan,nan,nan,nan,nan,nan,nan,nan,nan,nan,nan,nan,nan,nan,nan,nan,nan
1172,220694,0.07701693085505233,1.6523343119621232,0.4666666666666667,0,140,0.7428571428571429,0.05714285714285714,0.0,0.03571428571428571,0.0,0.8,0.05,0.15,0.18666666666666668,0.35555555555555557,nan,0.003713632095605135,0.0035407117567956446,0.0034584060311317446,0.05,nan,nan,nan,nan,nan,nan,nan,nan,nan,nan,nan,nan,nan,nan,nan,nan,nan,nan,nan,nan,nan,nan,nan,nan,nan,nan,nan,nan,nan,nan,nan,nan,nan,nan,nan
1173,220884,0.0778827317169967,2.76155181980132,0.6044444444444445,0,190,0.7105263157894737,0.04736842105263158,0.0,0.015789473684210527,0.0,0.7578947368421053,0.11052631578947368,0.13157894736842105,0.18222222222222223,0.36,0.5111111111111111,0.003813366615213454,0.0035372466081753373,0.005522400606423616,0.05,nan,nan,nan,nan,nan,nan,nan,nan,nan,nan,nan,nan,nan,nan,nan,nan,nan,nan,nan,nan,nan,nan,nan,nan,nan,nan,nan,nan,nan,nan,nan,nan,nan,nan,nan
1174,221052,0.07864594332127103,0.7416354269981364,0.4888888888888889,0,168,0.6488095238095238,0.125,0.011904761904761904,0.011904761904761904,0.005952380952380952,0.7857142857142857,0.125,0.08928571428571429,0.17777777777777778,0.3466666666666667,0.48444444444444446,0.00402508054394275,0.0037807638524100184,0.00488633259665221,0.05,nan,nan,nan,nan,nan,nan,nan,nan,nan,nan,nan,nan,nan,nan,nan,nan,nan,nan,nan,nan,nan,nan,nan,nan,nan,nan,nan,nan,nan,nan,nan,nan,nan,nan,nan
1175,221241,0.07770931936559311,1.6404949648380218,0.6,0,189,0.708994708994709,0.07407407407407407,0.005291005291005291,0.010582010582010581,0.0,0.7883597883597884,0.12169312169312169,0.08994708994708994,0.2,0.35555555555555557,0.49333333333333335,0.003657443542033434,0.0034373255213722585,0.004402359807863831,0.05,nan,nan,nan,nan,nan,nan,nan,nan,nan,nan,nan,nan,nan,nan,nan,nan,nan,nan,nan,nan,nan,nan,nan,nan,nan,nan,nan,nan,nan,nan,nan,nan,nan,nan,nan
1176,221430,0.07676605230159805,1.4376251697540203,0.5422222222222223,0,189,0.6402116402116402,0.10582010582010581,0.005291005291005291,0.015873015873015872,0.0,0.7513227513227513,0.1164021164021164,0.13227513227513227,0.17777777777777778,0.3244444444444444,0.4622222222222222,0.0032383504323661326,0.003011070494540036,0.004545599175617099,0.05,nan,nan,nan,nan,nan,nan,nan,nan,nan,nan,nan,nan,nan,nan,nan,nan,nan,nan,nan,nan,nan,nan,nan,nan,nan,nan,nan,nan,nan,nan,nan,nan,nan,nan,nan
1177,221585,0.07599463842383333,1.6912849230766254,0.49777777777777776,0,155,0.7161290322580646,0.06451612903225806,0.0,0.012903225806451613,0.0,0.7806451612903226,0.08387096774193549,0.13548387096774195,0.17777777777777778,0.3288888888888889,0.48444444444444446,0.003245581523515284,0.0030059518059715627,0.00479259395506233,0.05,nan,nan,nan,nan,nan,nan,nan,nan,nan,nan,nan,nan,nan,nan,nan,nan,nan,nan,nan,nan,nan,nan,nan,nan,nan,nan,nan,nan,nan,nan,nan,nan,nan,nan,nan
1178,221751,0.0751706380377094,1.4300715475082357,0.48444444444444446,0,166,0.6506024096385542,0.060240963855421686,0.0,0.03614457831325301,0.0,0.7108433734939759,0.14457831325301204,0.14457831325301204,0.15555555555555556,0.30666666666666664,0.4533333333333333,0.003470435901544988,0.003272706479765475,0.003954589099157602,0.05,nan,nan,nan,nan,nan,nan,nan,nan,nan,nan,nan,nan,nan,nan,nan,nan,nan,nan,nan,nan,nan,nan,nan,nan,nan,nan,nan,nan,nan,nan,nan,nan,nan,nan,nan
1179,221967,0.0741017804917477,-0.510848771095282,0.4888888888888889,0,216,0.5046296296296297,0.17592592592592593,0.0,0.07407407407407407,0.0,0.6805555555555556,0.11574074074074074,0.2037037037037037,0.19555555555555557,0.3333333333333333,0.4311111111111111,0.003417100268416107,0.003229766082949936,0.0037466838955879213,0.05,nan,nan,nan,nan,nan,nan,nan,nan,nan,nan,nan,nan,nan,nan,nan,nan,nan,nan,nan,nan,nan,nan,nan,nan,nan,nan,nan,nan,nan,nan,nan,nan,nan,nan,nan
1180,222186,0.07302191943354269,-0.9571526885032672,0.4888888888888889,0,219,0.4977168949771689,0.2054794520547945,0.0,0.0547945205479452,0.0,0.7031963470319634,0.2054794520547945,0.091324200913242,0.19111111111111112,0.3466666666666667,0.44,0.0032881631050258875,0.0030468490673229097,0.004826280591078103,0.05,1.7745837240934315,0.5773333333333335,0.0,188.5,0.0,1.0,0.6839187571834611,0.1089588007755932,0.0024390243902439024,0.013244321797641507,0.0,0.795316582349298,0.07755816994465399,0.127125247706048,0.18888888888888888,0.35022222222222216,0.4866666666666667,1.6413484601736013,0.5884444444444445,0.0,191.6,0.0,1.0,0.6886287148024547,0.09323927784848207,0.0009368143922773145,0.016875784540869958,0.0,0.7828048070432141,0.08860420159881532,0.12859099135797064,0.18444444444444447,0.3426666666666667,0.4768888888888889,1.1343559004514407
1181,222378,0.07207836595113433,1.6444936532974186,0.5644444444444444,0,192,0.65625,0.06770833333333333,0.010416666666666666,0.046875,0.0,0.734375,0.109375,0.15625,0.1688888888888889,0.3111111111111111,0.4622222222222222,0.0035889267222955824,0.0033769693924114107,0.004239145899191499,0.05,nan,nan,nan,nan,nan,nan,nan,nan,nan,nan,nan,nan,nan,nan,nan,nan,nan,nan,nan,nan,nan,nan,nan,nan,nan,nan,nan,nan,nan,nan,nan,nan,nan,nan,nan
1182,222534,0.07131390721447192,1.549416745424267,0.49333333333333335,0,156,0.7051282051282052,0.0641025641025641,0.0,0.03205128205128205,0.0,0.7692307692307693,0.16025641025641027,0.07051282051282051,0.17777777777777778,0.3288888888888889,0.4711111111111111,0.0038353012641891837,0.00359313755761832,0.004843274177983403,0.05,nan,nan,nan,nan,nan,nan,nan,nan,nan,nan,nan,nan,nan,nan,nan,nan,nan,nan,nan,nan,nan,nan,nan,nan,nan,nan,nan,nan,nan,nan,nan,nan,nan,nan,nan
1183,222733,0.07034156071544218,2.4495770082473705,0.6711111111111111,0,199,0.7537688442211056,0.04020100502512563,0.0,0.01507537688442211,0.0,0.7939698492462312,0.09045226130653267,0.11557788944723618,0.18222222222222223,0.3466666666666667,0.49777777777777776,0.003698564087972045,0.003513489360921085,0.0037014942849054933,0.05,nan,nan,nan,nan,nan,nan,nan,nan,nan,nan,nan,nan,nan,nan,nan,nan,nan,nan,nan,nan,nan,nan,nan,nan,nan,nan,nan,nan,nan,nan,nan,nan,nan,nan,nan
1184,222957,0.0692508446526434,1.1975920994281675,0.6,0,224,0.5982142857142857,0.09375,0.008928571428571428,0.03571428571428571,0.0,0.7008928571428571,0.16517857142857142,0.13392857142857142,0.17777777777777778,0.3466666666666667,0.47555555555555556,0.003198450244963169,0.002952601155266166,0.0049169802805408835,0.05,nan,nan,nan,nan,nan,nan,nan,nan,nan,nan,nan,nan,nan,nan,nan,nan,nan,nan,nan,nan,nan,nan,nan,nan,nan,nan,nan,nan,nan,nan,nan,nan,nan,nan,nan
1185,223141,0.06835789025869535,1.8957397325038858,0.6088888888888889,0,184,0.7391304347826086,0.07608695652173914,0.0,0.0,0.0,0.8152173913043478,0.04891304347826087,0.1358695652173913,0.19555555555555557,0.37333333333333335,0.49333333333333335,0.003390987101010978,0.0031504110665991902,0.004811520292423666,0.05,nan,nan,nan,nan,nan,nan,nan,nan,nan,nan,nan,nan,nan,nan,nan,nan,nan,nan,nan,nan,nan,nan,nan,nan,nan,nan,nan,nan,nan,nan,nan,nan,nan,nan,nan
1186,223316,0.06751110995261965,2.0341628105640353,0.5911111111111111,0,175,0.7542857142857143,0.03428571428571429,0.005714285714285714,0.005714285714285714,0.0,0.7942857142857143,0.09142857142857143,0.11428571428571428,0.18222222222222223,0.36,0.5066666666666667,0.003256728849373758,0.0030267577385529876,0.004599422169849277,0.05,nan,nan,nan,nan,nan,nan,nan,nan,nan,nan,nan,nan,nan,nan,nan,nan,nan,nan,nan,nan,nan,nan,nan,nan,nan,nan,nan,nan,nan,nan,nan,nan,nan,nan,nan
1187,223486,0.06669084929998659,-0.15488159227371323,0.48444444444444446,0,170,0.6352941176470588,0.07058823529411765,0.06470588235294118,0.023529411764705882,0.0,0.7705882352941177,0.12941176470588237,0.1,0.17777777777777778,0.3244444444444444,0.4577777777777778,0.0033193046459928156,0.003107034135609865,0.004245409846771508,0.05,nan,nan,nan,nan,nan,nan,nan,nan,nan,nan,nan,nan,nan,nan,nan,nan,nan,nan,nan,nan,nan,nan,nan,nan,nan,nan,nan,nan,nan,nan,nan,nan,nan,nan,nan
1188,223667,0.06582002696992956,1.752306751728054,0.6133333333333333,0,181,0.7569060773480663,0.049723756906077346,0.0,0.016574585635359115,0.0,0.8066298342541437,0.06077348066298342,0.13259668508287292,0.18666666666666668,0.36,0.5111111111111111,0.003925061435438693,0.003703040815889835,0.004440412553958595,0.05,nan,nan,nan,nan,nan,nan,nan,nan,nan,nan,nan,nan,nan,nan,nan,nan,nan,nan,nan,nan,nan,nan,nan,nan,nan,nan,nan,nan,nan,nan,nan,nan,nan,nan,nan
1189,223876,0.06481770977827876,0.4494658393859847,0.6222222222222222,0,209,0.6650717703349283,0.10047846889952153,0.004784688995215311,0.05263157894736842,0.0,0.7703349282296651,0.07655502392344497,0.15311004784688995,0.2,0.36,0.48,0.0036357413046061993,0.003426372935064137,0.004187369183637202,0.05,nan,nan,nan,nan,nan,nan,nan,nan,nan,nan,nan,nan,nan,nan,nan,nan,nan,nan,nan,nan,nan,nan,nan,nan,nan,nan,nan,nan,nan,nan,nan,nan,nan,nan,nan
1190,224063,0.06392381621666748,1.1906712307929912,0.6044444444444445,0,187,0.7219251336898396,0.0374331550802139,0.0427807486631016,0.0213903743315508,0.0,0.8021390374331551,0.0855614973262032,0.11229946524064172,0.18222222222222223,0.3511111111111111,0.5066666666666667,0.0035348318750038745,0.003319699317216873,0.004302650946192444,0.05,nan,nan,nan,nan,nan,nan,nan,nan,nan,nan,nan,nan,nan,nan,nan,nan,nan,nan,nan,nan,nan,nan,nan,nan,nan,nan,nan,nan,nan,nan,nan,nan,nan,nan,nan
1191,224269,0.06294227984267758,2.0671978871822283,0.6533333333333333,0,206,0.7087378640776699,0.05825242718446602,0.0,0.03398058252427184,0.0,0.7669902912621359,0.09223300970873786,0.1407766990291262,0.19111111111111112,0.36,0.47555555555555556,0.0033900576177984475,0.003202364780008793,0.0037538566859439014,0.05,nan,nan,nan,nan,nan,nan,nan,nan,nan,nan,nan,nan,nan,nan,nan,nan,nan,nan,nan,nan,nan,nan,nan,nan,nan,nan,nan,nan,nan,nan,nan,nan,nan,nan,nan
1192,224453,0.06206838023436462,2.097826767206187,0.5777777777777777,0,184,0.7010869565217391,0.08152173913043478,0.0,0.02717391304347826,0.0,0.782608695652174,0.10869565217391304,0.10869565217391304,0.17333333333333334,0.3377777777777778,0.5022222222222222,0.003385147056542337,0.003174431109800935,0.004214318818412721,0.05,nan,nan,nan,nan,nan,nan,nan,nan,nan,nan,nan,nan,nan,nan,nan,nan,nan,nan,nan,nan,nan,nan,nan,nan,nan,nan,nan,nan,nan,nan,nan,nan,nan,nan,nan
1193,224623,0.06126332614794174,1.0285824759006474,0.5466666666666666,0,170,0.7176470588235294,0.07058823529411765,0.0,0.01764705882352941,0.0,0.788235294117647,0.08823529411764706,0.12352941176470589,0.17333333333333334,0.35555555555555557,0.48444444444444446,0.003401500266045332,0.0031953283119946717,0.004123438242822885,0.05,nan,nan,nan,nan,nan,nan,nan,nan,nan,nan,nan,nan,nan,nan,nan,nan,nan,nan,nan,nan,nan,nan,nan,nan,nan,nan,nan,nan,nan,nan,nan,nan,nan,nan,nan
1194,224815,0.060356800184772165,2.7128531990051172,0.6444444444444445,0,192,0.75,0.052083333333333336,0.0,0.010416666666666666,0.0,0.8020833333333334,0.109375,0.08854166666666667,0.19555555555555557,0.37333333333333335,0.5288888888888889,0.003157148323953152,0.0029289065394550564,0.00456483568996191,0.05,nan,nan,nan,nan,nan,nan,nan,nan,nan,nan,nan,nan,nan,nan,nan,nan,nan,nan,nan,nan,nan,nan,nan,nan,nan,nan,nan,nan,nan,nan,nan,nan,nan,nan,nan
1195,224999,0.05949073913191588,2.2271905624866406,0.6311111111111111,0,184,0.7663043478260869,0.04891304347826087,0.0,0.010869565217391304,0.0,0.8152173913043478,0.059782608695652176,0.125,0.2,0.3688888888888889,0.5288888888888889,0.003362308698706329,0.0031786782201379538,0.0036726102931424975,0.05,nan,nan,nan,nan,nan,nan,nan,nan,nan,nan,nan,nan,nan,nan,nan,nan,nan,nan,nan,nan,nan,nan,nan,nan,nan,nan,nan,nan,nan,nan,nan,nan,nan,nan,nan
1196,225215,0.05847741363457383,1.8827694842815312,0.6577777777777778,0,216,0.6805555555555556,0.11574074074074074,0.004629629629629629,0.009259259259259259,0.0,0.8009259259259259,0.11574074074074074,0.08333333333333333,0.20444444444444446,0.37333333333333335,0.5155555555555555,0.0038330557057633997,0.003632227540947497,0.004016563086770475,0.05,nan,nan,nan,nan,nan,nan,nan,nan,nan,nan,nan,nan,nan,nan,nan,nan,nan,nan,nan,nan,nan,nan,nan,nan,nan,nan,nan,nan,nan,nan,nan,nan,nan,nan,nan
1197,225397,0.0576263989363146,2.3299388899803075,0.5911111111111111,0,182,0.7252747252747253,0.06043956043956044,0.0,0.027472527472527472,0.0,0.7857142857142857,0.13186813186813187,0.08241758241758242,0.18666666666666668,0.36,0.5066666666666667,0.0032811577897518874,0.0030791695695370435,0.00403976459056139,0.05,nan,nan,nan,nan,nan,nan,nan,nan,nan,nan,nan,nan,nan,nan,nan,nan,nan,nan,nan,nan,nan,nan,nan,nan,nan,nan,nan,nan,nan,nan,nan,nan,nan,nan,nan
1198,225555,0.05688968203495898,2.2759713530540386,0.52,0,158,0.7341772151898734,0.05063291139240506,0.0,0.012658227848101266,0.0,0.7848101265822784,0.13291139240506328,0.08227848101265822,0.18222222222222223,0.3377777777777778,0.49333333333333335,0.0030724484007805587,0.002856189152225852,0.00432518501766026,0.05,nan,nan,nan,nan,nan,nan,nan,nan,nan,nan,nan,nan,nan,nan,nan,nan,nan,nan,nan,nan,nan,nan,nan,nan,nan,nan,nan,nan,nan,nan,nan,nan,nan,nan,nan
1199,225763,0.05592276224275123,-0.5633164191246032,0.4711111111111111,0,208,0.5048076923076923,0.19230769230769232,0.0,0.052884615384615384,0.0,0.6971153846153846,0.1346153846153846,0.16826923076923078,0.17777777777777778,0.3111111111111111,0.39555555555555555,0.003151153982616961,0.0029394927667453887,0.004233224224299193,0.05,nan,nan,nan,nan,nan,nan,nan,nan,nan,nan,nan,nan,nan,nan,nan,nan,nan,nan,nan,nan,nan,nan,nan,nan,nan,nan,nan,nan,nan,nan,nan,nan,nan,nan,nan
1200,225957,0.05502392368327301,2.178903371095651,0.6177777777777778,0,194,0.711340206185567,0.06701030927835051,0.005154639175257732,0.015463917525773196,0.0,0.7835051546391752,0.09278350515463918,0.12371134020618557,0.19111111111111112,0.3333333333333333,0.4888888888888889,0.0034062734572216868,0.003204867453314364,0.004028119170106948,0.05,1.8034126062869962,0.5977777777777779,0.0,194.2,0.0,1.0,0.6896756875005725,0.10901394174326726,0.0,0.012147546276086793,0.0,0.7986896292438399,0.11142687929998729,0.08988349145617289,0.19244444444444445,0.3568888888888889,0.49511111111111117,1.712725124096864,0.6084444444444446,0.0,199.2,0.0,1.0,0.6832113505863021,0.11563366715941814,0.0,0.01189998244523727,0.0,0.7988450177457203,0.09580044677889014,0.1053545354753896,0.18844444444444447,0.3551111111111111,0.4933333333333333,1.163859636554169
