episode,global_step,epsilon,reward,coverage,final_health,length,new_tile_rate,revisit_rate,wall_hit_rate,turn_streak_rate,hazard_contact_rate,action_forward_rate,action_left_rate,action_right_rate,max_no_new_tile_streak,stagnation_step_rate,coverage_gain_25,energy_spent,coverage_gain_per_energy,new_tiles_per_energy,obs_novelty_mean,turn_oscillation_rate,forward_after_turn_success_rate,coverage_at_step_50,coverage_at_step_100,coverage_at_step_150,mean_loss,mean_ce_loss,mean_td_error,eval_reward_mean,eval_coverage_mean,eval_final_health_mean,eval_length_mean,eval_survival_rate,eval_death_rate,eval_new_tile_rate_mean,eval_revisit_rate_mean,eval_wall_hit_rate_mean,eval_turn_streak_rate_mean,eval_hazard_contact_rate_mean,eval_action_forward_rate_mean,eval_action_left_rate_mean,eval_action_right_rate_mean,eval_max_no_new_tile_streak_mean,eval_stagnation_step_rate_mean,eval_coverage_gain_25_mean,eval_energy_spent_mean,eval_coverage_gain_per_energy_mean,eval_new_tiles_per_energy_mean,eval_obs_novelty_mean_mean,eval_turn_oscillation_rate_mean,eval_forward_after_turn_success_rate_mean,eval_coverage_at_step_50_mean,eval_coverage_at_step_100_mean,eval_coverage_at_step_150_mean,holdout_eval_reward_mean,holdout_eval_coverage_mean,holdout_eval_final_health_mean,holdout_eval_length_mean,holdout_eval_survival_rate,holdout_eval_death_rate,holdout_eval_new_tile_rate_mean,holdout_eval_revisit_rate_mean,holdout_eval_wall_hit_rate_mean,holdout_eval_turn_streak_rate_mean,holdout_eval_hazard_contact_rate_mean,holdout_eval_action_forward_rate_mean,holdout_eval_action_left_rate_mean,holdout_eval_action_right_rate_mean,holdout_eval_max_no_new_tile_streak_mean,holdout_eval_stagnation_step_rate_mean,holdout_eval_coverage_gain_25_mean,holdout_eval_energy_spent_mean,holdout_eval_coverage_gain_per_energy_mean,holdout_eval_new_tiles_per_energy_mean,holdout_eval_obs_novelty_mean_mean,holdout_eval_turn_oscillation_rate_mean,holdout_eval_forward_after_turn_success_rate_mean,holdout_eval_coverage_at_step_50_mean,holdout_eval_coverage_at_step_100_mean,holdout_eval_coverage_at_step_150_mean,eval_soft_score
1,193,0.997980886419753,-4.51934819364548,0.4088888888888889,0,193,0.47150259067357514,0.08290155440414508,0.07253886010362694,0.07253886010362694,0.0,0.6269430051813472,0.20725388601036268,0.16580310880829016,15.0,0.11398963730569948,0.05185185185185186,140.77474470138523,0.0028729900757579903,0.6464227670455477,0.9773523931159309,0.0,0.7241379310344828,0.1511111111111111,0.22666666666666666,0.32,0.0,0.0,0.0,-471.7,0.0044444444444444444,3.0,250.0,1.0,0.0,0.0,0.0,0.0,0.9960000000000001,0.0,0.0,1.0,0.0,250.0,0.9800000000000001,0.0,74.99999999999964,0.0,0.0,0.2411092147648631,0.0,0.0,0.0044444444444444444,0.0044444444444444444,0.0044444444444444444,-443.98332876539223,0.0044444444444444444,2.7,240.7,0.9,0.1,0.0,0.0,0.0,0.9957630573248408,0.0,0.0,1.0,0.0,240.7,0.9788152866242038,0.0,77.53932157516451,0.0,0.0,0.247009682888193,0.0,0.0,0.0044444444444444444,0.0044444444444444444,0.0044444444444444444,0.009333333333333334
2,317,0.9966538888888888,-5.54729009199143,0.27111111111111114,0,124,0.4838709677419355,0.024193548387096774,0.12903225806451613,0.056451612903225805,0.008064516129032258,0.6370967741935484,0.1774193548387097,0.18548387096774194,21.0,0.1532258064516129,0.05381481481481483,90.03133420944197,0.0029619317430786252,0.6664346421926906,0.9515388644430682,0.0,0.7105263157894737,0.09333333333333334,0.21333333333333335,nan,0.0,0.0,0.0,nan,nan,nan,nan,nan,nan,nan,nan,nan,nan,nan,nan,nan,nan,nan,nan,nan,nan,nan,nan,nan,nan,nan,nan,nan,nan,nan,nan,nan,nan,nan,nan,nan,nan,nan,nan,nan,nan,nan,nan,nan,nan,nan,nan,nan,nan,nan,nan,nan,nan,nan,nan,nan
3,497,0.9947538888888889,-3.6218054320812243,0.4177777777777778,0,180,0.5166666666666667,0.005555555555555556,0.12777777777777777,0.08333333333333333,0.0,0.65,0.17777777777777778,0.17222222222222222,12.0,0.06666666666666667,0.05833333333333335,120.44576601982092,0.003431696663088298,0.7721317491948669,0.9507682339775596,0.0,0.6875,0.1111111111111111,0.22666666666666666,0.3377777777777778,0.0,0.0,0.0,nan,nan,nan,nan,nan,nan,nan,nan,nan,nan,nan,nan,nan,nan,nan,nan,nan,nan,nan,nan,nan,nan,nan,nan,nan,nan,nan,nan,nan,nan,nan,nan,nan,nan,nan,nan,nan,nan,nan,nan,nan,nan,nan,nan,nan,nan,nan,nan,nan,nan,nan,nan,nan
4,651,0.9931283333333333,-1.7050359075069415,0.37777777777777777,0,154,0.5454545454545454,0.012987012987012988,0.08441558441558442,0.05844155844155844,0.0,0.6428571428571429,0.2077922077922078,0.14935064935064934,10.0,0.05194805194805195,0.06333333333333332,100.39081816673254,0.0037187995889553208,0.8367299075149471,0.978453235557628,0.006493506493506494,0.8695652173913043,0.12,0.25333333333333335,0.36444444444444446,0.0,0.0,0.0,nan,nan,nan,nan,nan,nan,nan,nan,nan,nan,nan,nan,nan,nan,nan,nan,nan,nan,nan,nan,nan,nan,nan,nan,nan,nan,nan,nan,nan,nan,nan,nan,nan,nan,nan,nan,nan,nan,nan,nan,nan,nan,nan,nan,nan,nan,nan,nan,nan,nan,nan,nan,nan
5,812,0.9934859555555555,-9.108768224239348,0.27111111111111114,0,161,0.37267080745341613,0.031055900621118012,0.19875776397515527,0.12422360248447205,0.006211180124223602,0.6024844720496895,0.2236024844720497,0.17391304347826086,56.0,0.37267080745341613,0.03809523809523809,100.02636404037456,0.0026659638108911927,0.5998418574505182,0.9119617563641791,0.024844720496894408,0.6136363636363636,0.10222222222222223,0.26222222222222225,0.27111111111111114,0.0,0.0,0.0,nan,nan,nan,nan,nan,nan,nan,nan,nan,nan,nan,nan,nan,nan,nan,nan,nan,nan,nan,nan,nan,nan,nan,nan,nan,nan,nan,nan,nan,nan,nan,nan,nan,nan,nan,nan,nan,nan,nan,nan,nan,nan,nan,nan,nan,nan,nan,nan,nan,nan,nan,nan,nan
6,955,0.990009049382716,-10.924245904445652,0.18222222222222223,0,143,0.27972027972027974,0.055944055944055944,0.3076923076923077,0.0979020979020979,0.0,0.6433566433566433,0.20279720279720279,0.15384615384615385,41.0,0.42657342657342656,0.030781893004115227,100.24996099472034,0.001773345106709223,0.39900264900957516,0.8707714808971668,0.0,0.4594594594594595,0.08444444444444445,0.13333333333333333,nan,0.0,0.0,0.0,nan,nan,nan,nan,nan,nan,nan,nan,nan,nan,nan,nan,nan,nan,nan,nan,nan,nan,nan,nan,nan,nan,nan,nan,nan,nan,nan,nan,nan,nan,nan,nan,nan,nan,nan,nan,nan,nan,nan,nan,nan,nan,nan,nan,nan,nan,nan,nan,nan,nan,nan,nan,nan
7,1151,0.9880935444444444,-6.336481797218327,0.4088888888888889,0,196,0.4642857142857143,0.05612244897959184,0.10204081632653061,0.10204081632653061,0.00510204081632653,0.6224489795918368,0.1989795918367347,0.17857142857142858,32.0,0.16326530612244897,0.05182539682539683,120.19506473541225,0.0033649005916736763,0.7571026331265771,0.9260062114567398,0.01020408163265306,0.7169811320754716,0.12,0.24,0.29777777777777775,0.0,0.0,0.0,nan,nan,nan,nan,nan,nan,nan,nan,nan,nan,nan,nan,nan,nan,nan,nan,nan,nan,nan,nan,nan,nan,nan,nan,nan,nan,nan,nan,nan,nan,nan,nan,nan,nan,nan,nan,nan,nan,nan,nan,nan,nan,nan,nan,nan,nan,nan,nan,nan,nan,nan,nan,nan
8,1311,0.9861616666666667,-1.6542757320404045,0.40444444444444444,0,160,0.5625,0.03125,0.05625,0.05625,0.0,0.65,0.20625,0.14375,11.0,0.0625,0.06476190476190477,110.70738792419417,0.0036131283331686612,0.8129538749629487,0.9869111087120988,0.0125,0.8085106382978723,0.1288888888888889,0.25333333333333335,0.3688888888888889,0.0,0.0,0.0,nan,nan,nan,nan,nan,nan,nan,nan,nan,nan,nan,nan,nan,nan,nan,nan,nan,nan,nan,nan,nan,nan,nan,nan,nan,nan,nan,nan,nan,nan,nan,nan,nan,nan,nan,nan,nan,nan,nan,nan,nan,nan,nan,nan,nan,nan,nan,nan,nan,nan,nan,nan,nan
9,1445,0.9856058971193415,-15.452715990543362,0.10222222222222223,0,134,0.16417910447761194,0.07462686567164178,0.3283582089552239,0.15671641791044777,0.007462686567164179,0.5671641791044776,0.2462686567164179,0.1865671641791045,62.0,0.5746268656716418,0.017613168724279836,80.08300943374613,0.0012209553370827154,0.27471495084361097,0.8214405444358623,0.007462686567164179,0.3333333333333333,0.08888888888888889,0.09777777777777778,nan,0.0,0.0,0.0,nan,nan,nan,nan,nan,nan,nan,nan,nan,nan,nan,nan,nan,nan,nan,nan,nan,nan,nan,nan,nan,nan,nan,nan,nan,nan,nan,nan,nan,nan,nan,nan,nan,nan,nan,nan,nan,nan,nan,nan,nan,nan,nan,nan,nan,nan,nan,nan,nan,nan,nan,nan,nan
10,1600,0.9831111111111112,-4.5648506431579605,0.3111111111111111,0,155,0.44516129032258067,0.03225806451612903,0.14838709677419354,0.07096774193548387,0.0,0.6258064516129033,0.21935483870967742,0.15483870967741936,16.0,0.12903225806451613,0.053968253968253964,100.28429183959945,0.003057973098689945,0.6880439472052375,0.9550246709251696,0.0,0.6595744680851063,0.09777777777777778,0.21333333333333335,0.29333333333333333,0.0,0.0,0.0,nan,nan,nan,nan,nan,nan,nan,nan,nan,nan,nan,nan,nan,nan,nan,nan,nan,nan,nan,nan,nan,nan,nan,nan,nan,nan,nan,nan,nan,nan,nan,nan,nan,nan,nan,nan,nan,nan,nan,nan,nan,nan,nan,nan,nan,nan,nan,nan,nan,nan,nan,nan,nan
11,1708,0.9819711111111111,-0.4808200297355628,0.3244444444444444,0,108,0.6666666666666666,0.009259259259259259,0.018518518518518517,0.05555555555555555,0.009259259259259259,0.6944444444444444,0.1574074074074074,0.14814814814814814,4.0,0.0,0.07344444444444444,75.78876218795764,0.004222261859962742,0.9500089184916171,0.9537130654858764,0.0,0.9259259259259259,0.14666666666666667,0.3022222222222222,nan,0.0,0.0,0.0,nan,nan,nan,nan,nan,nan,nan,nan,nan,nan,nan,nan,nan,nan,nan,nan,nan,nan,nan,nan,nan,nan,nan,nan,nan,nan,nan,nan,nan,nan,nan,nan,nan,nan,nan,nan,nan,nan,nan,nan,nan,nan,nan,nan,nan,nan,nan,nan,nan,nan,nan,nan,nan
12,1817,0.9808205555555556,-2.5381588711738576,0.28,0,109,0.5688073394495413,0.05504587155963303,0.06422018348623854,0.05504587155963303,0.009174311926605505,0.6880733944954128,0.22018348623853212,0.09174311926605505,6.0,0.009174311926605505,0.0645925925925926,84.0872273445128,0.003277020354430051,0.7373295797467614,0.971535240600904,0.0,0.7857142857142857,0.13333333333333333,0.25333333333333335,nan,0.0,0.0,0.0,nan,nan,nan,nan,nan,nan,nan,nan,nan,nan,nan,nan,nan,nan,nan,nan,nan,nan,nan,nan,nan,nan,nan,nan,nan,nan,nan,nan,nan,nan,nan,nan,nan,nan,nan,nan,nan,nan,nan,nan,nan,nan,nan,nan,nan,nan,nan,nan,nan,nan,nan,nan,nan
13,1969,0.9842042444444444,-11.898919385910038,0.2577777777777778,0,152,0.375,0.019736842105263157,0.23684210526315788,0.1513157894736842,0.0,0.631578947368421,0.21710526315789475,0.1513157894736842,35.0,0.29605263157894735,0.03619047619047618,100.16113700866681,0.0025292577630325096,0.5690829966823147,0.8749627407302819,0.0,0.6666666666666666,0.10666666666666667,0.2088888888888889,0.2577777777777778,0.0,0.0,0.0,nan,nan,nan,nan,nan,nan,nan,nan,nan,nan,nan,nan,nan,nan,nan,nan,nan,nan,nan,nan,nan,nan,nan,nan,nan,nan,nan,nan,nan,nan,nan,nan,nan,nan,nan,nan,nan,nan,nan,nan,nan,nan,nan,nan,nan,nan,nan,nan,nan,nan,nan,nan,nan
14,2072,0.9781288888888889,-5.847475914001467,0.20444444444444446,0,103,0.4368932038834951,0.0,0.1941747572815534,0.0970873786407767,0.009708737864077669,0.6310679611650486,0.1941747572815534,0.17475728155339806,21.0,0.17475728155339806,0.053037037037037035,70.23310394287107,0.002847659988980179,0.6407234975205403,0.9282902451223011,0.019417475728155338,0.7142857142857143,0.07555555555555556,0.19555555555555557,nan,0.0,0.0,0.0,nan,nan,nan,nan,nan,nan,nan,nan,nan,nan,nan,nan,nan,nan,nan,nan,nan,nan,nan,nan,nan,nan,nan,nan,nan,nan,nan,nan,nan,nan,nan,nan,nan,nan,nan,nan,nan,nan,nan,nan,nan,nan,nan,nan,nan,nan,nan,nan,nan,nan,nan,nan,nan
15,2252,0.9762288888888889,-1.7928736431598635,0.4311111111111111,0,180,0.5333333333333333,0.044444444444444446,0.08888888888888889,0.05,0.0,0.6666666666666666,0.19444444444444445,0.1388888888888889,16.0,0.06111111111111111,0.059999999999999984,120.07498707771285,0.003553335103759178,0.7995003983458149,0.9852612539862586,0.0,0.8,0.14222222222222222,0.27555555555555555,0.36,0.0,0.0,0.0,nan,nan,nan,nan,nan,nan,nan,nan,nan,nan,nan,nan,nan,nan,nan,nan,nan,nan,nan,nan,nan,nan,nan,nan,nan,nan,nan,nan,nan,nan,nan,nan,nan,nan,nan,nan,nan,nan,nan,nan,nan,nan,nan,nan,nan,nan,nan,nan,nan,nan,nan,nan,nan
16,2417,0.9744872222222222,-12.930611784458149,0.17777777777777778,0,165,0.23636363636363636,0.06666666666666667,0.3090909090909091,0.13333333333333333,0.0,0.6121212121212121,0.21818181818181817,0.1696969696969697,96.0,0.5575757575757576,0.028571428571428574,100.24392175674411,0.0017291156440781606,0.3890510199175861,0.8626917708255074,0.006060606060606061,0.38095238095238093,0.10222222222222223,0.10222222222222223,0.13777777777777778,0.0,0.0,0.0,nan,nan,nan,nan,nan,nan,nan,nan,nan,nan,nan,nan,nan,nan,nan,nan,nan,nan,nan,nan,nan,nan,nan,nan,nan,nan,nan,nan,nan,nan,nan,nan,nan,nan,nan,nan,nan,nan,nan,nan,nan,nan,nan,nan,nan,nan,nan,nan,nan,nan,nan,nan,nan
17,2596,0.974140421399177,-4.355385253429414,0.3688888888888889,0,179,0.4581005586592179,0.055865921787709494,0.12849162011173185,0.08379888268156424,0.0,0.6424581005586593,0.2346368715083799,0.12290502793296089,23.0,0.12849162011173185,0.04847222222222221,120.25128812789893,0.0030306905657162056,0.6819053772861462,0.964032536461051,0.0,0.6530612244897959,0.1288888888888889,0.28444444444444444,0.36,0.0,0.0,0.0,nan,nan,nan,nan,nan,nan,nan,nan,nan,nan,nan,nan,nan,nan,nan,nan,nan,nan,nan,nan,nan,nan,nan,nan,nan,nan,nan,nan,nan,nan,nan,nan,nan,nan,nan,nan,nan,nan,nan,nan,nan,nan,nan,nan,nan,nan,nan,nan,nan,nan,nan,nan,nan
18,2778,0.9706766666666666,-4.787135413646704,0.3377777777777778,0,182,0.41208791208791207,0.09340659340659341,0.08241758241758242,0.11538461538461539,0.0,0.5879120879120879,0.2802197802197802,0.13186813186813187,14.0,0.15934065934065933,0.04595238095238097,120.00128965377795,0.0027777479250018977,0.6249932831254269,0.9732363289635971,0.01098901098901099,0.6792452830188679,0.09333333333333334,0.20444444444444446,0.3022222222222222,0.0,0.0,0.0,nan,nan,nan,nan,nan,nan,nan,nan,nan,nan,nan,nan,nan,nan,nan,nan,nan,nan,nan,nan,nan,nan,nan,nan,nan,nan,nan,nan,nan,nan,nan,nan,nan,nan,nan,nan,nan,nan,nan,nan,nan,nan,nan,nan,nan,nan,nan,nan,nan,nan,nan,nan,nan
19,2949,0.9750973333333334,-6.053352435112,0.32,0,171,0.4152046783625731,0.04678362573099415,0.14035087719298245,0.08187134502923976,0.0,0.6023391812865497,0.25146198830409355,0.14619883040935672,30.0,0.1695906432748538,0.04507936507936509,120.26049938201889,0.0026239335207910905,0.5903850421779953,0.9715169124740786,0.011695906432748537,0.7037037037037037,0.13333333333333333,0.24888888888888888,0.32,0.0,0.0,0.0,nan,nan,nan,nan,nan,nan,nan,nan,nan,nan,nan,nan,nan,nan,nan,nan,nan,nan,nan,nan,nan,nan,nan,nan,nan,nan,nan,nan,nan,nan,nan,nan,nan,nan,nan,nan,nan,nan,nan,nan,nan,nan,nan,nan,nan,nan,nan,nan,nan,nan,nan,nan,nan
20,3096,0.9680026488888889,-3.6456042544841774,0.31555555555555553,0,147,0.47619047619047616,0.034013605442176874,0.11564625850340136,0.06802721088435375,0.006802721088435374,0.6258503401360545,0.22448979591836735,0.14965986394557823,16.0,0.08843537414965986,0.052154882154882155,100.6057548046111,0.0030923788774839733,0.695785247433894,0.983177535629221,0.0,0.6666666666666666,0.14222222222222222,0.25333333333333335,nan,3.9281453788280487,3.9281453788280487,5.310723602771759,-68.26230637083054,0.035555555555555556,0.0,119.0,0.0,1.0,0.060223700519501266,0.0,0.8830829996334548,0.04808991405854381,0.0,0.943306700152956,0.056693299847044,0.0,105.4,0.853742441595497,0.005807407407407407,100.46958448410018,0.0003096592949210634,0.06967334135723928,0.29251123604286117,0.0,1.0,0.035555555555555556,0.035555555555555556,nan,-66.44042569084169,0.035555555555555556,0.0,116.9,0.0,1.0,0.06179133449388694,0.0,0.8826192464511522,0.0467620855558342,0.0012658227848101266,0.9444105809450392,0.0555894190549609,0.0,103.6,0.849935330514846,0.005962962962962962,97.40024467468251,0.0003229287023148275,0.07265895802083619,0.2973358078973285,0.0,1.0,0.035555555555555556,0.035555555555555556,nan,0.05511111111111111
21,3251,0.9739197555555555,-9.541407579422,0.23555555555555555,0,155,0.33548387096774196,0.05161290322580645,0.3032258064516129,0.05806451612903226,0.0,0.6903225806451613,0.15483870967741936,0.15483870967741936,36.0,0.38064516129032255,0.03301587301587301,110.53721504211401,0.0020907991125256697,0.47042980031827575,0.9041976818158018,0.0064516129032258064,0.5384615384615384,0.14666666666666667,0.21777777777777776,0.23555555555555555,3.9177065789699554,3.9177065789699554,5.208494126796722,nan,nan,nan,nan,nan,nan,nan,nan,nan,nan,nan,nan,nan,nan,nan,nan,nan,nan,nan,nan,nan,nan,nan,nan,nan,nan,nan,nan,nan,nan,nan,nan,nan,nan,nan,nan,nan,nan,nan,nan,nan,nan,nan,nan,nan,nan,nan,nan,nan,nan,nan,nan,nan
22,3383,0.9728608222222223,-16.22109845423698,0.07111111111111111,0,132,0.11363636363636363,0.06818181818181818,0.4318181818181818,0.13636363636363635,0.0,0.6136363636363636,0.22727272727272727,0.1590909090909091,98.0,0.7348484848484849,0.011111111111111112,101.08665194511418,0.0006595001949699934,0.1483875438682485,0.8324344738076697,0.03787878787878788,0.15151515151515152,0.07111111111111111,0.07111111111111111,nan,3.8794758021831512,3.8794758021831512,5.344865679740906,nan,nan,nan,nan,nan,nan,nan,nan,nan,nan,nan,nan,nan,nan,nan,nan,nan,nan,nan,nan,nan,nan,nan,nan,nan,nan,nan,nan,nan,nan,nan,nan,nan,nan,nan,nan,nan,nan,nan,nan,nan,nan,nan,nan,nan,nan,nan,nan,nan,nan,nan,nan,nan
23,3507,0.9718660666666666,-12.072085686683655,0.17777777777777778,0,124,0.31451612903225806,0.08870967741935484,0.4838709677419355,0.024193548387096774,0.0,0.8870967741935484,0.06451612903225806,0.04838709677419355,39.0,0.5080645161290323,0.034666666666666665,100.12462558746319,0.0017311758452661498,0.38951456518488364,0.7318528331652785,0.0,0.5,0.1111111111111111,0.17777777777777778,nan,3.8784393966197968,3.8784393966197968,4.2487534284591675,nan,nan,nan,nan,nan,nan,nan,nan,nan,nan,nan,nan,nan,nan,nan,nan,nan,nan,nan,nan,nan,nan,nan,nan,nan,nan,nan,nan,nan,nan,nan,nan,nan,nan,nan,nan,nan,nan,nan,nan,nan,nan,nan,nan,nan,nan,nan,nan,nan,nan,nan,nan,nan
24,3605,0.9619472222222222,-7.1884445672035255,0.18666666666666668,0,98,0.41836734693877553,0.07142857142857142,0.40816326530612246,0.01020408163265306,0.01020408163265306,0.8979591836734694,0.07142857142857142,0.030612244897959183,25.0,0.3673469387755102,0.04642512077294686,80.71851968765245,0.0022575020320906216,0.5079379572203898,0.8112310773320008,0.0,0.4444444444444444,0.08888888888888889,nan,nan,3.860785812139511,3.860785812139511,4.273856371641159,nan,nan,nan,nan,nan,nan,nan,nan,nan,nan,nan,nan,nan,nan,nan,nan,nan,nan,nan,nan,nan,nan,nan,nan,nan,nan,nan,nan,nan,nan,nan,nan,nan,nan,nan,nan,nan,nan,nan,nan,nan,nan,nan,nan,nan,nan,nan,nan,nan,nan,nan,nan,nan
25,3740,0.9605222222222223,-10.77896714448928,0.24,0,135,0.3925925925925926,0.05185185185185185,0.3925925925925926,0.037037037037037035,0.0,0.837037037037037,0.08148148148148149,0.08148148148148149,65.0,0.4666666666666667,0.050370370370370364,100.75206804275489,0.0023379724121950114,0.5260437927438776,0.7930922936233333,0.0,0.29411764705882354,0.16444444444444445,0.18222222222222223,nan,3.839106500148773,3.839106500148773,5.252872318029404,nan,nan,nan,nan,nan,nan,nan,nan,nan,nan,nan,nan,nan,nan,nan,nan,nan,nan,nan,nan,nan,nan,nan,nan,nan,nan,nan,nan,nan,nan,nan,nan,nan,nan,nan,nan,nan,nan,nan,nan,nan,nan,nan,nan,nan,nan,nan,nan,nan,nan,nan,nan,nan
26,3799,0.9598994444444444,-1.3091926887035366,0.2222222222222222,0,59,0.8305084745762712,0.0,0.0847457627118644,0.0,0.03389830508474576,0.9152542372881356,0.0847457627118644,0.0,6.0,0.01694915254237288,0.0936625514403292,50.620882749557474,0.004302133150368295,0.9679799588328664,0.9029438005767487,0.0,1.0,0.18666666666666668,nan,nan,3.834291785955429,3.834291785955429,5.373783707618713,nan,nan,nan,nan,nan,nan,nan,nan,nan,nan,nan,nan,nan,nan,nan,nan,nan,nan,nan,nan,nan,nan,nan,nan,nan,nan,nan,nan,nan,nan,nan,nan,nan,nan,nan,nan,nan,nan,nan,nan,nan,nan,nan,nan,nan,nan,nan,nan,nan,nan,nan,nan,nan
27,3938,0.9684084888888889,-11.87629184317589,0.26222222222222225,0,139,0.4172661870503597,0.02877697841726619,0.34532374100719426,0.06474820143884892,0.007194244604316547,0.7913669064748201,0.1223021582733813,0.08633093525179857,31.0,0.35251798561151076,0.04296296296296296,110.0218270778655,0.002342969432741208,0.5271681223667718,0.7929765134526656,0.0,0.5,0.15555555555555556,0.23555555555555555,nan,3.840519279241562,3.840519279241562,5.137396812438965,nan,nan,nan,nan,nan,nan,nan,nan,nan,nan,nan,nan,nan,nan,nan,nan,nan,nan,nan,nan,nan,nan,nan,nan,nan,nan,nan,nan,nan,nan,nan,nan,nan,nan,nan,nan,nan,nan,nan,nan,nan,nan,nan,nan,nan,nan,nan,nan,nan,nan,nan,nan,nan
28,4094,0.9567855555555556,-7.340348189353948,0.2222222222222222,0,156,0.3141025641025641,0.10256410256410256,0.2692307692307692,0.05128205128205128,0.0,0.6858974358974359,0.16025641025641027,0.15384615384615385,56.0,0.3974358974358974,0.03312169312169312,100.66045894622778,0.0021634888223002577,0.486784985017558,0.8917307699454141,0.0,0.4634146341463415,0.10666666666666667,0.13777777777777778,0.21777777777777776,3.801840662956238,3.801840662956238,6.738609194755554,nan,nan,nan,nan,nan,nan,nan,nan,nan,nan,nan,nan,nan,nan,nan,nan,nan,nan,nan,nan,nan,nan,nan,nan,nan,nan,nan,nan,nan,nan,nan,nan,nan,nan,nan,nan,nan,nan,nan,nan,nan,nan,nan,nan,nan,nan,nan,nan,nan,nan,nan,nan,nan
29,4202,0.9556455555555555,-5.3642022202014985,0.27111111111111114,0,108,0.5555555555555556,0.018518518518518517,0.26851851851851855,0.0,0.009259259259259259,0.8425925925925926,0.05555555555555555,0.10185185185185185,16.0,0.19444444444444445,0.06655555555555556,90.24954495429984,0.0029547702074475854,0.6648232966757066,0.7786807051276545,0.0,0.6470588235294118,0.10222222222222223,0.24,nan,3.7951830625534058,3.7951830625534058,7.152340769767761,nan,nan,nan,nan,nan,nan,nan,nan,nan,nan,nan,nan,nan,nan,nan,nan,nan,nan,nan,nan,nan,nan,nan,nan,nan,nan,nan,nan,nan,nan,nan,nan,nan,nan,nan,nan,nan,nan,nan,nan,nan,nan,nan,nan,nan,nan,nan,nan,nan,nan,nan,nan,nan
30,4355,0.9650632222222223,-18.681115012168885,0.19111111111111112,0,153,0.27450980392156865,0.032679738562091505,0.37254901960784315,0.0784313725490196,0.0,0.6797385620915033,0.12418300653594772,0.19607843137254902,77.0,0.5620915032679739,0.02666666666666667,100.41061916351289,0.001859033120418178,0.41828245209409004,0.7657481542000673,0.0,0.2972972972972973,0.12,0.19111111111111112,0.19111111111111112,3.799111545085907,3.799111545085907,5.758184373378754,nan,nan,nan,nan,nan,nan,nan,nan,nan,nan,nan,nan,nan,nan,nan,nan,nan,nan,nan,nan,nan,nan,nan,nan,nan,nan,nan,nan,nan,nan,nan,nan,nan,nan,nan,nan,nan,nan,nan,nan,nan,nan,nan,nan,nan,nan,nan,nan,nan,nan,nan,nan,nan
31,4543,0.9520461111111111,-5.083171842336656,0.4622222222222222,0,188,0.5478723404255319,0.047872340425531915,0.18617021276595744,0.05851063829787234,0.0,0.7819148936170213,0.14893617021276595,0.06914893617021277,17.0,0.18617021276595744,0.060299145299145304,140.7159223079679,0.003253205254028716,0.7319711821564611,0.8826235330910104,0.0,0.5333333333333333,0.1288888888888889,0.27111111111111114,0.38222222222222224,3.7845559120178223,3.7845559120178223,7.246326506137848,nan,nan,nan,nan,nan,nan,nan,nan,nan,nan,nan,nan,nan,nan,nan,nan,nan,nan,nan,nan,nan,nan,nan,nan,nan,nan,nan,nan,nan,nan,nan,nan,nan,nan,nan,nan,nan,nan,nan,nan,nan,nan,nan,nan,nan,nan,nan,nan,nan,nan,nan,nan,nan
32,4627,0.9511594444444444,-2.9224777293205246,0.2311111111111111,-2,84,0.6071428571428571,0.05952380952380952,0.10714285714285714,0.03571428571428571,0.023809523809523808,0.7738095238095238,0.16666666666666666,0.05952380952380952,10.0,0.05952380952380952,0.06456790123456789,68.17597837448115,0.0033247292091888765,0.7480640720674973,0.9879948075186039,0.0,0.75,0.16444444444444445,nan,nan,3.7448903620243073,3.7448903620243073,6.99568647146225,nan,nan,nan,nan,nan,nan,nan,nan,nan,nan,nan,nan,nan,nan,nan,nan,nan,nan,nan,nan,nan,nan,nan,nan,nan,nan,nan,nan,nan,nan,nan,nan,nan,nan,nan,nan,nan,nan,nan,nan,nan,nan,nan,nan,nan,nan,nan,nan,nan,nan,nan,nan,nan
33,4773,0.9496183333333333,-6.002260118484501,0.31555555555555553,-1,146,0.4794520547945205,0.0821917808219178,0.2602739726027397,0.0136986301369863,0.00684931506849315,0.821917808219178,0.11643835616438356,0.06164383561643835,14.0,0.19863013698630136,0.05269841269841269,109.48819160461399,0.0028415037873180146,0.6393383521465533,0.9076150986821895,0.0,0.5416666666666666,0.16,0.23555555555555555,nan,3.7351182401180267,3.7351182401180267,6.805187821388245,nan,nan,nan,nan,nan,nan,nan,nan,nan,nan,nan,nan,nan,nan,nan,nan,nan,nan,nan,nan,nan,nan,nan,nan,nan,nan,nan,nan,nan,nan,nan,nan,nan,nan,nan,nan,nan,nan,nan,nan,nan,nan,nan,nan,nan,nan,nan,nan,nan,nan,nan,nan,nan
34,4904,0.9482355555555555,-6.426263381481169,0.27555555555555555,0,131,0.46564885496183206,0.15267175572519084,0.22900763358778625,0.022900763358778626,0.0,0.8473282442748091,0.10687022900763359,0.04580152671755725,38.0,0.3893129770992366,0.056913580246913564,100.71679410934432,0.0026918163302217138,0.6056586742998855,0.8927496619910865,0.0,0.5294117647058824,0.1688888888888889,0.2311111111111111,nan,3.682518094778061,3.682518094778061,6.790699809789658,nan,nan,nan,nan,nan,nan,nan,nan,nan,nan,nan,nan,nan,nan,nan,nan,nan,nan,nan,nan,nan,nan,nan,nan,nan,nan,nan,nan,nan,nan,nan,nan,nan,nan,nan,nan,nan,nan,nan,nan,nan,nan,nan,nan,nan,nan,nan,nan,nan,nan,nan,nan,nan
35,5026,0.9490698666666666,-7.434010230064397,0.2577777777777778,0,122,0.4672131147540984,0.04918032786885246,0.26229508196721313,0.05737704918032787,0.00819672131147541,0.7786885245901639,0.13934426229508196,0.08196721311475409,31.0,0.2540983606557377,0.05236363636363637,90.20962123870837,0.002808273994000871,0.631861648650196,0.8599967169657479,0.0,0.631578947368421,0.12,0.19555555555555557,nan,3.6441473364830017,3.6441473364830017,7.27161705493927,nan,nan,nan,nan,nan,nan,nan,nan,nan,nan,nan,nan,nan,nan,nan,nan,nan,nan,nan,nan,nan,nan,nan,nan,nan,nan,nan,nan,nan,nan,nan,nan,nan,nan,nan,nan,nan,nan,nan,nan,nan,nan,nan,nan,nan,nan,nan,nan,nan,nan,nan,nan,nan
36,5209,0.9450161111111111,-4.62598097229004,0.37777777777777777,0,183,0.45901639344262296,0.06557377049180328,0.15300546448087432,0.0546448087431694,0.0,0.6775956284153005,0.20218579234972678,0.12021857923497267,37.0,0.20765027322404372,0.053750000000000006,120.50458068847624,0.0030980841657667784,0.6970689372975252,0.9632173662592408,0.00546448087431694,0.6326530612244898,0.16,0.3022222222222222,0.3511111111111111,3.729778468608856,3.729778468608856,5.304500639438629,nan,nan,nan,nan,nan,nan,nan,nan,nan,nan,nan,nan,nan,nan,nan,nan,nan,nan,nan,nan,nan,nan,nan,nan,nan,nan,nan,nan,nan,nan,nan,nan,nan,nan,nan,nan,nan,nan,nan,nan,nan,nan,nan,nan,nan,nan,nan,nan,nan,nan,nan,nan,nan
37,5372,0.9546364444444444,-4.773749521255494,0.3377777777777778,0,163,0.4601226993865031,0.0736196319018405,0.12269938650306748,0.0736196319018405,0.0,0.656441717791411,0.22699386503067484,0.1165644171779141,36.0,0.20245398773006135,0.047619047619047616,120.24523353576646,0.0027721126528827,0.6237253468986075,0.9695903400843424,0.012269938650306749,0.6363636363636364,0.13777777777777778,0.28888888888888886,0.3377777777777778,3.705960988998413,3.705960988998413,5.335233628749847,nan,nan,nan,nan,nan,nan,nan,nan,nan,nan,nan,nan,nan,nan,nan,nan,nan,nan,nan,nan,nan,nan,nan,nan,nan,nan,nan,nan,nan,nan,nan,nan,nan,nan,nan,nan,nan,nan,nan,nan,nan,nan,nan,nan,nan,nan,nan,nan,nan,nan,nan,nan,nan
38,5517,0.9440944,-4.231399932146075,0.3333333333333333,0,145,0.5103448275862069,0.020689655172413793,0.23448275862068965,0.05517241379310345,0.0,0.7655172413793103,0.15172413793103448,0.08275862068965517,13.0,0.11724137931034483,0.056296296296296296,100.44190411567664,0.003274419096138551,0.7367442966311739,0.8879218928466914,0.0,0.6923076923076923,0.16,0.24888888888888888,nan,3.733454257249832,3.733454257249832,4.595222860574722,nan,nan,nan,nan,nan,nan,nan,nan,nan,nan,nan,nan,nan,nan,nan,nan,nan,nan,nan,nan,nan,nan,nan,nan,nan,nan,nan,nan,nan,nan,nan,nan,nan,nan,nan,nan,nan,nan,nan,nan,nan,nan,nan,nan,nan,nan,nan,nan,nan,nan,nan,nan,nan
39,5672,0.9401288888888889,-11.03385763335227,0.24,-2,155,0.3419354838709677,0.06451612903225806,0.2838709677419355,0.08387096774193549,0.0064516129032258064,0.6903225806451613,0.2,0.10967741935483871,39.0,0.4129032258064516,0.043809523809523805,111.37007269859282,0.0021150705018668074,0.4758908629200317,0.8694248076049432,0.0,0.4,0.10222222222222223,0.13777777777777778,0.2222222222222222,3.612368106842041,3.612368106842041,5.433498024940491,nan,nan,nan,nan,nan,nan,nan,nan,nan,nan,nan,nan,nan,nan,nan,nan,nan,nan,nan,nan,nan,nan,nan,nan,nan,nan,nan,nan,nan,nan,nan,nan,nan,nan,nan,nan,nan,nan,nan,nan,nan,nan,nan,nan,nan,nan,nan,nan,nan,nan,nan,nan,nan
40,5818,0.9410442666666667,-9.353936185359958,0.24444444444444444,0,146,0.3698630136986301,0.0547945205479452,0.23972602739726026,0.07534246575342465,0.0,0.6643835616438356,0.2191780821917808,0.11643835616438356,38.0,0.3356164383561644,0.04169312169312169,100.69463033676125,0.0023834438757791595,0.536274872050311,0.9072784056234892,0.0,0.5789473684210527,0.14666666666666667,0.18666666666666668,nan,3.660679519176483,3.660679519176483,3.869796723127365,-213.1364478128909,0.09555555555555555,0.9,212.8,0.6,0.4,0.11367347636364497,0.012892853056095915,0.05226607527771686,0.7972399088199413,0.003152027676340573,0.17883240469745773,0.8211675953025421,0.0,155.8,0.7729716794506991,0.012562670180061483,89.67283631324742,0.0010168383697802057,0.2287886332005463,0.5017103882249442,0.0,0.6238095238095238,0.03955555555555555,0.04296296296296296,0.04722222222222222,-189.52862027759548,0.08088888888888889,0.5,183.6,0.4,0.6,0.1195672681558062,0.022262112342094117,0.035852814833866056,0.8022759651535033,0.005587372226029623,0.17768219533176638,0.8223178046682337,0.0,147.8,0.7864573149503736,0.013322545561434451,79.00495502471907,0.0009789127384506936,0.22025536615140603,0.4855999319006907,0.0,0.5333333333333333,0.04,0.035,0.048888888888888885,0.1444759259259259
41,5991,0.9380264333333334,-4.5479226040840235,0.38222222222222224,0,173,0.4913294797687861,0.057803468208092484,0.16184971098265896,0.057803468208092484,0.0,0.7109826589595376,0.18497109826589594,0.10404624277456648,16.0,0.15606936416184972,0.054630779848171156,120.95164384841893,0.0031233786144421725,0.7027601882494887,0.9825126675993535,0.005780346820809248,0.7,0.08444444444444445,0.2311111111111111,0.3288888888888889,3.678251266479492,3.678251266479492,3.6084677428007126,nan,nan,nan,nan,nan,nan,nan,nan,nan,nan,nan,nan,nan,nan,nan,nan,nan,nan,nan,nan,nan,nan,nan,nan,nan,nan,nan,nan,nan,nan,nan,nan,nan,nan,nan,nan,nan,nan,nan,nan,nan,nan,nan,nan,nan,nan,nan,nan,nan,nan,nan,nan,nan
42,6150,0.938459,-5.86180089712143,0.28444444444444444,0,159,0.39622641509433965,0.0440251572327044,0.18867924528301888,0.1320754716981132,0.0,0.6289308176100629,0.2389937106918239,0.1320754716981132,18.0,0.13836477987421383,0.04338624338624338,100.45524663925148,0.0027873108609798975,0.6271449437204769,0.9482277712219092,0.018867924528301886,0.6842105263157895,0.10222222222222223,0.2088888888888889,0.27111111111111114,3.7146485447883606,3.7146485447883606,3.5508481860160828,nan,nan,nan,nan,nan,nan,nan,nan,nan,nan,nan,nan,nan,nan,nan,nan,nan,nan,nan,nan,nan,nan,nan,nan,nan,nan,nan,nan,nan,nan,nan,nan,nan,nan,nan,nan,nan,nan,nan,nan,nan,nan,nan,nan,nan,nan,nan,nan,nan,nan,nan,nan,nan
43,6279,0.9337216666666667,-3.1477789263725278,0.30666666666666664,0,129,0.5271317829457365,0.046511627906976744,0.03875968992248062,0.12403100775193798,0.007751937984496124,0.6124031007751938,0.2248062015503876,0.16279069767441862,7.0,0.023255813953488372,0.05814814814814815,96.60741834640493,0.0031283541926205387,0.7038796933396213,1.0,0.03875968992248062,0.8529411764705882,0.14222222222222222,0.24,nan,3.660346269607544,3.660346269607544,3.0823894143104553,nan,nan,nan,nan,nan,nan,nan,nan,nan,nan,nan,nan,nan,nan,nan,nan,nan,nan,nan,nan,nan,nan,nan,nan,nan,nan,nan,nan,nan,nan,nan,nan,nan,nan,nan,nan,nan,nan,nan,nan,nan,nan,nan,nan,nan,nan,nan,nan,nan,nan,nan,nan,nan
44,6384,0.9460906666666666,-9.621578924655914,0.1511111111111111,-2,105,0.3142857142857143,0.0380952380952381,0.2857142857142857,0.12380952380952381,0.01904761904761905,0.638095238095238,0.20952380952380953,0.1523809523809524,17.0,0.3142857142857143,0.029333333333333333,87.6817040443422,0.001672716882788851,0.37636129862749146,0.9083982379317815,0.02857142857142857,0.48,0.12,0.1511111111111111,nan,3.721132457256317,3.721132457256317,2.402724638581276,nan,nan,nan,nan,nan,nan,nan,nan,nan,nan,nan,nan,nan,nan,nan,nan,nan,nan,nan,nan,nan,nan,nan,nan,nan,nan,nan,nan,nan,nan,nan,nan,nan,nan,nan,nan,nan,nan,nan,nan,nan,nan,nan,nan,nan,nan,nan,nan,nan,nan,nan,nan,nan
45,6471,0.9316949999999999,-7.282608617305755,0.17333333333333334,0,87,0.4367816091954023,0.022988505747126436,0.12643678160919541,0.13793103448275862,0.011494252873563218,0.5862068965517241,0.22988505747126436,0.1839080459770115,25.0,0.22988505747126436,0.053055555555555564,70.10103445053095,0.0024092210651765885,0.5420747396647324,0.9551265728534228,0.0,0.7083333333333334,0.07555555555555556,nan,nan,3.673594743013382,3.673594743013382,2.7522196620702744,nan,nan,nan,nan,nan,nan,nan,nan,nan,nan,nan,nan,nan,nan,nan,nan,nan,nan,nan,nan,nan,nan,nan,nan,nan,nan,nan,nan,nan,nan,nan,nan,nan,nan,nan,nan,nan,nan,nan,nan,nan,nan,nan,nan,nan,nan,nan,nan,nan,nan,nan,nan,nan
46,6608,0.9308688987654321,-6.9720626077651975,0.26222222222222225,0,137,0.4233576642335766,0.021897810218978103,0.16058394160583941,0.13138686131386862,0.0072992700729927005,0.6058394160583942,0.145985401459854,0.24817518248175183,16.0,0.15328467153284672,0.04537037037037037,100.14345340728748,0.0025740851649022445,0.5791691621030048,0.9540122750746275,0.029197080291970802,0.6388888888888888,0.14222222222222222,0.22666666666666666,nan,3.7115527987480164,3.7115527987480164,3.0252419859170914,nan,nan,nan,nan,nan,nan,nan,nan,nan,nan,nan,nan,nan,nan,nan,nan,nan,nan,nan,nan,nan,nan,nan,nan,nan,nan,nan,nan,nan,nan,nan,nan,nan,nan,nan,nan,nan,nan,nan,nan,nan,nan,nan,nan,nan,nan,nan,nan,nan,nan,nan,nan,nan
47,6764,0.9309292609053498,-2.839025663137436,0.30666666666666664,0,156,0.4358974358974359,0.08974358974358974,0.05128205128205128,0.1282051282051282,0.0,0.5769230769230769,0.22435897435897437,0.1987179487179487,10.0,0.08333333333333333,0.04518518518518517,100.26691107749913,0.0030141770497809205,0.678189836200707,0.9792769522551853,0.01282051282051282,0.717391304347826,0.14222222222222222,0.2222222222222222,0.3022222222222222,3.719648629426956,3.719648629426956,2.9052135199308395,nan,nan,nan,nan,nan,nan,nan,nan,nan,nan,nan,nan,nan,nan,nan,nan,nan,nan,nan,nan,nan,nan,nan,nan,nan,nan,nan,nan,nan,nan,nan,nan,nan,nan,nan,nan,nan,nan,nan,nan,nan,nan,nan,nan,nan,nan,nan,nan,nan,nan,nan,nan,nan
48,6902,0.9286026444444444,-5.414112622737886,0.3111111111111111,0,138,0.5,0.007246376811594203,0.2826086956521739,0.028985507246376812,0.0,0.7898550724637681,0.09420289855072464,0.11594202898550725,15.0,0.15942028985507245,0.058632478632478634,100.20107259750344,0.0030605128140545217,0.6886153831622673,0.893419321575589,0.007246376811594203,0.64,0.1511111111111111,0.22666666666666666,nan,3.6621841192245483,3.6621841192245483,3.453748881816864,nan,nan,nan,nan,nan,nan,nan,nan,nan,nan,nan,nan,nan,nan,nan,nan,nan,nan,nan,nan,nan,nan,nan,nan,nan,nan,nan,nan,nan,nan,nan,nan,nan,nan,nan,nan,nan,nan,nan,nan,nan,nan,nan,nan,nan,nan,nan,nan,nan,nan,nan,nan,nan
49,7082,0.9282357333333333,-2.092281239748,0.43555555555555553,0,180,0.5388888888888889,0.044444444444444446,0.1388888888888889,0.03333333333333333,0.0,0.7222222222222222,0.15555555555555556,0.12222222222222222,22.0,0.10555555555555556,0.05611111111111109,120.06934514045683,0.003590517717963718,0.8078664865418366,0.9622247769162943,0.0,0.75,0.14222222222222222,0.28,0.36,3.59012308716774,3.59012308716774,2.9385664463043213,nan,nan,nan,nan,nan,nan,nan,nan,nan,nan,nan,nan,nan,nan,nan,nan,nan,nan,nan,nan,nan,nan,nan,nan,nan,nan,nan,nan,nan,nan,nan,nan,nan,nan,nan,nan,nan,nan,nan,nan,nan,nan,nan,nan,nan,nan,nan,nan,nan,nan,nan,nan,nan
50,7190,0.9271413333333333,-3.180879320621491,0.25333333333333335,0,108,0.5185185185185185,0.046296296296296294,0.09259259259259259,0.07407407407407407,0.009259259259259259,0.6574074074074074,0.19444444444444445,0.14814814814814814,8.0,0.027777777777777776,0.059222222222222246,80.31313638687124,0.0030989810644423384,0.697270739499526,0.9739836522621482,0.0,0.7586206896551724,0.1111111111111111,0.2311111111111111,nan,3.6796019971370697,3.6796019971370697,2.4393236935138702,nan,nan,nan,nan,nan,nan,nan,nan,nan,nan,nan,nan,nan,nan,nan,nan,nan,nan,nan,nan,nan,nan,nan,nan,nan,nan,nan,nan,nan,nan,nan,nan,nan,nan,nan,nan,nan,nan,nan,nan,nan,nan,nan,nan,nan,nan,nan,nan,nan,nan,nan,nan,nan
51,7409,0.9258606066666667,-18.403166095495216,0.26666666666666666,0,219,0.2694063926940639,0.0593607305936073,0.228310502283105,0.1872146118721461,0.0,0.5570776255707762,0.2922374429223744,0.1506849315068493,64.0,0.3881278538812785,0.03100714749837557,140.5634866237639,0.001865507384034187,0.419739161407692,0.8957350238031297,0.0228310502283105,0.4642857142857143,0.10666666666666667,0.16444444444444445,0.16444444444444445,3.6282421946525574,3.6282421946525574,3.051026925444603,nan,nan,nan,nan,nan,nan,nan,nan,nan,nan,nan,nan,nan,nan,nan,nan,nan,nan,nan,nan,nan,nan,nan,nan,nan,nan,nan,nan,nan,nan,nan,nan,nan,nan,nan,nan,nan,nan,nan,nan,nan,nan,nan,nan,nan,nan,nan,nan,nan,nan,nan,nan,nan
52,7512,0.9207066666666667,-1.7159553785324089,0.26222222222222225,0,103,0.5631067961165048,0.019417475728155338,0.019417475728155338,0.08737864077669903,0.009708737864077669,0.6019417475728155,0.23300970873786409,0.1650485436893204,5.0,0.0,0.0645925925925926,70.55195598602295,0.0036537297113186516,0.8220891850466965,0.9755643462439364,0.0,0.90625,0.14666666666666667,0.25333333333333335,nan,3.600411981344223,3.600411981344223,2.8217281997203827,nan,nan,nan,nan,nan,nan,nan,nan,nan,nan,nan,nan,nan,nan,nan,nan,nan,nan,nan,nan,nan,nan,nan,nan,nan,nan,nan,nan,nan,nan,nan,nan,nan,nan,nan,nan,nan,nan,nan,nan,nan,nan,nan,nan,nan,nan,nan,nan,nan,nan,nan,nan,nan
53,7666,0.921718467489712,-9.250806191205976,0.2088888888888889,0,154,0.2987012987012987,0.07142857142857142,0.2987012987012987,0.08441558441558442,0.0,0.6688311688311688,0.18181818181818182,0.14935064935064934,47.0,0.43506493506493504,0.035873015873015876,100.3505351543424,0.0020373029812945417,0.4583931707912718,0.8506533569567613,0.006493506493506494,0.4473684210526316,0.11555555555555555,0.18666666666666668,0.2,3.6700439155101776,3.6700439155101776,2.1588201820850372,nan,nan,nan,nan,nan,nan,nan,nan,nan,nan,nan,nan,nan,nan,nan,nan,nan,nan,nan,nan,nan,nan,nan,nan,nan,nan,nan,nan,nan,nan,nan,nan,nan,nan,nan,nan,nan,nan,nan,nan,nan,nan,nan,nan,nan,nan,nan,nan,nan,nan,nan,nan,nan
54,7827,0.9173816666666667,-7.424740031719208,0.2577777777777778,0,161,0.35403726708074534,0.08695652173913043,0.18012422360248448,0.11801242236024845,0.006211180124223602,0.6211180124223602,0.2484472049689441,0.13043478260869565,26.0,0.32919254658385094,0.04184704184704185,100.51180982589692,0.0025204335069893636,0.5670975390726067,0.9447064477897742,0.0,0.47619047619047616,0.14666666666666667,0.20444444444444446,0.22666666666666666,3.6854020953178406,3.6854020953178406,1.8485574051737785,nan,nan,nan,nan,nan,nan,nan,nan,nan,nan,nan,nan,nan,nan,nan,nan,nan,nan,nan,nan,nan,nan,nan,nan,nan,nan,nan,nan,nan,nan,nan,nan,nan,nan,nan,nan,nan,nan,nan,nan,nan,nan,nan,nan,nan,nan,nan,nan,nan,nan,nan,nan,nan
55,7965,0.915925,-6.626858073234561,0.24888888888888888,0,138,0.39855072463768115,0.050724637681159424,0.21739130434782608,0.07246376811594203,0.007246376811594203,0.6666666666666666,0.1956521739130435,0.13768115942028986,19.0,0.1956521739130435,0.04484330484330484,101.0843626022337,0.0024182221478343956,0.544099983262739,0.9414717275516491,0.007246376811594203,0.6388888888888888,0.10222222222222223,0.2,nan,3.6755684316158295,3.6755684316158295,2.148124486207962,nan,nan,nan,nan,nan,nan,nan,nan,nan,nan,nan,nan,nan,nan,nan,nan,nan,nan,nan,nan,nan,nan,nan,nan,nan,nan,nan,nan,nan,nan,nan,nan,nan,nan,nan,nan,nan,nan,nan,nan,nan,nan,nan,nan,nan,nan,nan,nan,nan,nan,nan,nan,nan
56,8126,0.9152548488888889,-8.170394516468052,0.24,0,161,0.32919254658385094,0.062111801242236024,0.22981366459627328,0.10559006211180125,0.0,0.6211180124223602,0.20496894409937888,0.17391304347826086,38.0,0.39751552795031053,0.036883116883116886,100.37518587112403,0.002346750877831453,0.5280189475120769,0.8940544785320523,0.006211180124223602,0.5,0.06666666666666667,0.09777777777777778,0.2222222222222222,3.6374188661575317,3.6374188661575317,2.4149982929229736,nan,nan,nan,nan,nan,nan,nan,nan,nan,nan,nan,nan,nan,nan,nan,nan,nan,nan,nan,nan,nan,nan,nan,nan,nan,nan,nan,nan,nan,nan,nan,nan,nan,nan,nan,nan,nan,nan,nan,nan,nan,nan,nan,nan,nan,nan,nan,nan,nan,nan,nan,nan,nan
57,8266,0.9127477777777777,-2.6030661840438842,0.31555555555555553,0,140,0.5,0.05,0.09285714285714286,0.12142857142857143,0.007142857142857143,0.6428571428571429,0.15714285714285714,0.2,10.0,0.06428571428571428,0.05728395061728395,90.314916038513,0.003444736758415896,0.7750657706435766,0.9693914164928683,0.0,0.8484848484848485,0.12444444444444444,0.19555555555555557,nan,3.640163332223892,3.640163332223892,2.0974158495664597,nan,nan,nan,nan,nan,nan,nan,nan,nan,nan,nan,nan,nan,nan,nan,nan,nan,nan,nan,nan,nan,nan,nan,nan,nan,nan,nan,nan,nan,nan,nan,nan,nan,nan,nan,nan,nan,nan,nan,nan,nan,nan,nan,nan,nan,nan,nan,nan,nan,nan,nan,nan,nan
58,8403,0.9198429876543209,-6.502414029359819,0.3022222222222222,0,137,0.48905109489051096,0.021897810218978103,0.26277372262773724,0.021897810218978103,0.0,0.7737226277372263,0.1386861313868613,0.08759124087591241,25.0,0.18248175182481752,0.05043209876543211,100.14680027961715,0.0029734127994739783,0.669017879881645,0.8437279398659951,0.0,0.75,0.16444444444444445,0.25333333333333335,nan,3.6276356279850006,3.6276356279850006,2.1395233422517776,nan,nan,nan,nan,nan,nan,nan,nan,nan,nan,nan,nan,nan,nan,nan,nan,nan,nan,nan,nan,nan,nan,nan,nan,nan,nan,nan,nan,nan,nan,nan,nan,nan,nan,nan,nan,nan,nan,nan,nan,nan,nan,nan,nan,nan,nan,nan,nan,nan,nan,nan,nan,nan
59,8588,0.9093488888888889,-4.516862674713138,0.35555555555555557,0,185,0.42702702702702705,0.0918918918918919,0.15135135135135136,0.07567567567567568,0.0,0.6702702702702703,0.16216216216216217,0.16756756756756758,31.0,0.2,0.04805555555555556,120.44631118774382,0.002915083971013626,0.6558938934780657,0.9832288714891815,0.0,0.574468085106383,0.13777777777777778,0.2088888888888889,0.24888888888888888,3.6044700741767883,3.6044700741767883,2.008561372756958,nan,nan,nan,nan,nan,nan,nan,nan,nan,nan,nan,nan,nan,nan,nan,nan,nan,nan,nan,nan,nan,nan,nan,nan,nan,nan,nan,nan,nan,nan,nan,nan,nan,nan,nan,nan,nan,nan,nan,nan,nan,nan,nan,nan,nan,nan,nan,nan,nan,nan,nan,nan,nan
60,8686,0.9083144444444444,-2.1727611303329466,0.2577777777777778,0,98,0.5816326530612245,0.030612244897959183,0.12244897959183673,0.05102040816326531,0.01020408163265306,0.7346938775510204,0.07142857142857142,0.19387755102040816,6.0,0.02040816326530612,0.06478260869565217,70.7120107650756,0.003582606838532355,0.8060865386697798,0.9331003019125517,0.0,0.7142857142857143,0.10222222222222223,nan,nan,3.640964537858963,3.640964537858963,2.3657888174057007,-243.12824701354498,0.05644444444444444,1.0,205.5,0.6,0.4,0.0678207794226845,0.0007575757575757576,0.06959268228512658,0.8376059129667137,0.002341396420343789,0.13817103746538684,0.0024000000000000002,0.8594289625346132,158.2,0.8317492289160032,0.009324867724867724,85.95473346233345,0.0006062992032565275,0.1364173207327187,0.4258055564615952,0.0,0.8162698412698413,0.029333333333333333,0.03422222222222222,0.04055555555555556,-236.4712745784759,0.06711111111111111,1.0,205.4,0.5,0.5,0.07995059632358381,0.0029009009009009013,0.09036564485222805,0.803552516146255,0.0031036420347690472,0.17321714207671274,0.004187182710438524,0.8225956752128487,155.1,0.8134632874101568,0.008234599967933302,89.82737693786596,0.0007048928402553716,0.15860088905745862,0.4315033277785864,0.0,0.7652777777777777,0.026666666666666665,0.044000000000000004,0.045,0.09659444444444445
61,8788,0.9072377777777778,-5.186592700481416,0.23555555555555555,0,102,0.5098039215686274,0.0392156862745098,0.14705882352941177,0.09803921568627451,0.00980392156862745,0.696078431372549,0.12745098039215685,0.17647058823529413,14.0,0.11764705882352941,0.06666666666666668,90.13897809982295,0.002563941992499303,0.5768869483123432,0.9810677853014936,0.00980392156862745,0.6666666666666666,0.14666666666666667,0.22666666666666666,nan,3.6105400025844574,3.6105400025844574,2.194570869207382,nan,nan,nan,nan,nan,nan,nan,nan,nan,nan,nan,nan,nan,nan,nan,nan,nan,nan,nan,nan,nan,nan,nan,nan,nan,nan,nan,nan,nan,nan,nan,nan,nan,nan,nan,nan,nan,nan,nan,nan,nan,nan,nan,nan,nan,nan,nan,nan,nan,nan,nan,nan,nan
62,8920,0.9284417777777778,-5.0155342514514905,0.27111111111111114,0,132,0.45454545454545453,0.045454545454545456,0.18181818181818182,0.045454545454545456,0.0,0.6818181818181818,0.14393939393939395,0.17424242424242425,22.0,0.12878787878787878,0.04444444444444445,100.70032620429996,0.002648121180120665,0.5958272655271495,0.9611676019319851,0.0,0.6944444444444444,0.13777777777777778,0.24888888888888888,nan,3.567289501428604,3.567289501428604,2.3103548288345337,nan,nan,nan,nan,nan,nan,nan,nan,nan,nan,nan,nan,nan,nan,nan,nan,nan,nan,nan,nan,nan,nan,nan,nan,nan,nan,nan,nan,nan,nan,nan,nan,nan,nan,nan,nan,nan,nan,nan,nan,nan,nan,nan,nan,nan,nan,nan,nan,nan,nan,nan,nan,nan
63,9085,0.9041027777777778,-6.4217512559890775,0.3111111111111111,-2,165,0.41818181818181815,0.06060606060606061,0.21818181818181817,0.03636363636363636,0.006060606060606061,0.696969696969697,0.09090909090909091,0.21212121212121213,17.0,0.18787878787878787,0.046772486772486764,111.06429767608618,0.0027611633358637505,0.6212617505693437,0.9237269349306344,0.0,0.6818181818181818,0.12444444444444444,0.16444444444444445,0.28,3.6379392445087433,3.6379392445087433,2.310351014137268,nan,nan,nan,nan,nan,nan,nan,nan,nan,nan,nan,nan,nan,nan,nan,nan,nan,nan,nan,nan,nan,nan,nan,nan,nan,nan,nan,nan,nan,nan,nan,nan,nan,nan,nan,nan,nan,nan,nan,nan,nan,nan,nan,nan,nan,nan,nan,nan,nan,nan,nan,nan,nan
64,9171,0.903195,-3.2052613730430606,0.21333333333333335,0,86,0.5465116279069767,0.046511627906976744,0.08139534883720931,0.03488372093023256,0.011627906976744186,0.6744186046511628,0.12790697674418605,0.19767441860465115,7.0,0.023255813953488372,0.06494949494949495,70.23106069564814,0.002974309184850923,0.6692195665914575,0.965745726729222,0.0,0.8,0.12,nan,nan,3.6185168027877808,3.6185168027877808,1.849633812904358,nan,nan,nan,nan,nan,nan,nan,nan,nan,nan,nan,nan,nan,nan,nan,nan,nan,nan,nan,nan,nan,nan,nan,nan,nan,nan,nan,nan,nan,nan,nan,nan,nan,nan,nan,nan,nan,nan,nan,nan,nan,nan,nan,nan,nan,nan,nan,nan,nan,nan,nan,nan,nan
65,9306,0.90177,-2.9564916977882385,0.2577777777777778,0,135,0.4222222222222222,0.05925925925925926,0.08148148148148149,0.14074074074074075,0.007407407407407408,0.562962962962963,0.18518518518518517,0.2518518518518518,16.0,0.1037037037037037,0.04666666666666667,80.25230188369734,0.003156711114660203,0.7102600007985457,0.9881909436587838,0.014814814814814815,0.7,0.1111111111111111,0.21333333333333335,nan,3.556213468313217,3.556213468313217,2.1804154962301254,nan,nan,nan,nan,nan,nan,nan,nan,nan,nan,nan,nan,nan,nan,nan,nan,nan,nan,nan,nan,nan,nan,nan,nan,nan,nan,nan,nan,nan,nan,nan,nan,nan,nan,nan,nan,nan,nan,nan,nan,nan,nan,nan,nan,nan,nan,nan,nan,nan,nan,nan,nan,nan
66,9448,0.9002711111111111,-0.9471832282543172,0.39111111111111113,0,142,0.6126760563380281,0.035211267605633804,0.07746478873239436,0.056338028169014086,0.0,0.7253521126760564,0.09154929577464789,0.18309859154929578,8.0,0.04929577464788732,0.06793028322440088,100.23984026908857,0.003857415032073878,0.8679183822166224,0.9143679170068967,0.007042253521126761,0.8064516129032258,0.14666666666666667,0.27111111111111114,nan,3.623429089784622,3.623429089784622,2.213575839996338,nan,nan,nan,nan,nan,nan,nan,nan,nan,nan,nan,nan,nan,nan,nan,nan,nan,nan,nan,nan,nan,nan,nan,nan,nan,nan,nan,nan,nan,nan,nan,nan,nan,nan,nan,nan,nan,nan,nan,nan,nan,nan,nan,nan,nan,nan,nan,nan,nan,nan,nan,nan,nan
67,9573,0.8989516666666667,-3.406257811784744,0.30666666666666664,-2,125,0.544,0.056,0.088,0.072,0.008,0.688,0.12,0.192,25.0,0.16,0.06044444444444443,95.05959820747368,0.0031792920222806203,0.7153407050131395,0.976216781899964,0.008,0.6333333333333333,0.14666666666666667,0.22666666666666666,nan,3.524299204349518,3.524299204349518,2.2258958965539932,nan,nan,nan,nan,nan,nan,nan,nan,nan,nan,nan,nan,nan,nan,nan,nan,nan,nan,nan,nan,nan,nan,nan,nan,nan,nan,nan,nan,nan,nan,nan,nan,nan,nan,nan,nan,nan,nan,nan,nan,nan,nan,nan,nan,nan,nan,nan,nan,nan,nan,nan,nan,nan
68,9663,0.9004496266666667,-4.384014892578126,0.19111111111111112,0,90,0.4666666666666667,0.022222222222222223,0.17777777777777778,0.07777777777777778,0.011111111111111112,0.6666666666666666,0.14444444444444443,0.18888888888888888,7.0,0.044444444444444446,0.05185185185185186,70.41918945312491,0.0026507926052020637,0.5964283361704643,0.9496250591805651,0.011111111111111112,0.782608695652174,0.10222222222222223,nan,nan,3.5764335989952087,3.5764335989952087,2.299841046333313,nan,nan,nan,nan,nan,nan,nan,nan,nan,nan,nan,nan,nan,nan,nan,nan,nan,nan,nan,nan,nan,nan,nan,nan,nan,nan,nan,nan,nan,nan,nan,nan,nan,nan,nan,nan,nan,nan,nan,nan,nan,nan,nan,nan,nan,nan,nan,nan,nan,nan,nan,nan,nan
69,9865,0.9166955555555555,-11.600036134481432,0.27555555555555555,0,202,0.30198019801980197,0.0594059405940594,0.22277227722772278,0.11386138613861387,0.0,0.5841584158415841,0.2524752475247525,0.16336633663366337,32.0,0.3217821782178218,0.030123456790123453,140.12415366172817,0.001934792139873307,0.435328231471494,0.9282591879093254,0.0049504950495049506,0.47540983606557374,0.1288888888888889,0.18222222222222223,0.26222222222222225,3.5668654441833496,3.5668654441833496,1.9908751249313354,nan,nan,nan,nan,nan,nan,nan,nan,nan,nan,nan,nan,nan,nan,nan,nan,nan,nan,nan,nan,nan,nan,nan,nan,nan,nan,nan,nan,nan,nan,nan,nan,nan,nan,nan,nan,nan,nan,nan,nan,nan,nan,nan,nan,nan,nan,nan,nan,nan,nan,nan,nan,nan
70,9976,0.8946977777777778,-1.9586365776062,0.28888888888888886,0,111,0.5765765765765766,0.04504504504504504,0.05405405405405406,0.05405405405405406,0.009009009009009009,0.6756756756756757,0.14414414414414414,0.18018018018018017,10.0,0.05405405405405406,0.06480808080808079,80.12034835815417,0.003550214774066136,0.7987983241648806,0.9815292564712238,0.0,0.8666666666666667,0.13333333333333333,0.2577777777777778,nan,3.52850604057312,3.52850604057312,2.107144296169281,nan,nan,nan,nan,nan,nan,nan,nan,nan,nan,nan,nan,nan,nan,nan,nan,nan,nan,nan,nan,nan,nan,nan,nan,nan,nan,nan,nan,nan,nan,nan,nan,nan,nan,nan,nan,nan,nan,nan,nan,nan,nan,nan,nan,nan,nan,nan,nan,nan,nan,nan,nan,nan
71,10158,0.8927766666666667,-5.217623379707343,0.39111111111111113,0,182,0.47802197802197804,0.027472527472527472,0.08791208791208792,0.15384615384615385,0.0,0.5934065934065934,0.14835164835164835,0.25824175824175827,20.0,0.14285714285714285,0.05547619047619049,120.72022266387921,0.003202998289220034,0.7206746150745076,0.9639698055593848,0.005494505494505495,0.8043478260869565,0.12444444444444444,0.1511111111111111,0.30666666666666664,3.562493622303009,3.562493622303009,2.0047744512557983,nan,nan,nan,nan,nan,nan,nan,nan,nan,nan,nan,nan,nan,nan,nan,nan,nan,nan,nan,nan,nan,nan,nan,nan,nan,nan,nan,nan,nan,nan,nan,nan,nan,nan,nan,nan,nan,nan,nan,nan,nan,nan,nan,nan,nan,nan,nan,nan,nan,nan,nan,nan,nan
72,10327,0.8909927777777777,-10.799999999999997,0.16,0,169,0.20710059171597633,0.10059171597633136,0.2781065088757396,0.1301775147928994,0.0,0.5857988165680473,0.17159763313609466,0.24260355029585798,98.0,0.6035502958579881,0.02302422723475355,100.19999999999969,0.0015524506542470662,0.3493013972055899,0.8375941914868148,0.0,0.2916666666666667,0.13333333333333333,0.14222222222222222,0.14222222222222222,3.4818443059921265,3.4818443059921265,2.41803739964962,nan,nan,nan,nan,nan,nan,nan,nan,nan,nan,nan,nan,nan,nan,nan,nan,nan,nan,nan,nan,nan,nan,nan,nan,nan,nan,nan,nan,nan,nan,nan,nan,nan,nan,nan,nan,nan,nan,nan,nan,nan,nan,nan,nan,nan,nan,nan,nan,nan,nan,nan,nan,nan
73,10498,0.8936202666666667,-4.082500000000003,0.29777777777777775,0,171,0.38596491228070173,0.08187134502923976,0.10526315789473684,0.15204678362573099,0.0,0.5730994152046783,0.1871345029239766,0.23976608187134502,24.0,0.18128654970760233,0.04323507180650037,100.2999999999997,0.0029245596543702314,0.658025922233302,0.9585067403018763,0.011695906432748537,0.6382978723404256,0.11555555555555555,0.18222222222222223,0.24888888888888888,3.5383082032203674,3.5383082032203674,2.2623004615306854,nan,nan,nan,nan,nan,nan,nan,nan,nan,nan,nan,nan,nan,nan,nan,nan,nan,nan,nan,nan,nan,nan,nan,nan,nan,nan,nan,nan,nan,nan,nan,nan,nan,nan,nan,nan,nan,nan,nan,nan,nan,nan,nan,nan,nan,nan,nan,nan,nan,nan,nan,nan,nan
74,10680,0.9143226666666666,-10.933671755790714,0.24888888888888888,0,182,0.3021978021978022,0.06043956043956044,0.21428571428571427,0.17032967032967034,0.0,0.5769230769230769,0.21978021978021978,0.2032967032967033,39.0,0.3901098901098901,0.030555555555555555,110.44449291229219,0.0022132787067850115,0.49798770902662765,0.927367647919959,0.027472527472527472,0.5652173913043478,0.13333333333333333,0.2,0.24,3.446556895971298,3.446556895971298,2.36198790371418,nan,nan,nan,nan,nan,nan,nan,nan,nan,nan,nan,nan,nan,nan,nan,nan,nan,nan,nan,nan,nan,nan,nan,nan,nan,nan,nan,nan,nan,nan,nan,nan,nan,nan,nan,nan,nan,nan,nan,nan,nan,nan,nan,nan,nan,nan,nan,nan,nan,nan,nan,nan,nan
75,10844,0.8855355555555555,-4.594654894590384,0.37333333333333335,0,164,0.5060975609756098,0.024390243902439025,0.1402439024390244,0.07317073170731707,0.0,0.6707317073170732,0.16463414634146342,0.16463414634146342,17.0,0.12195121951219512,0.0581859410430839,120.57766566276543,0.003059346744368119,0.6883530174828267,0.951812226525532,0.006097560975609756,0.7142857142857143,0.12,0.16444444444444445,0.3244444444444444,3.5798594057559967,3.5798594057559967,1.9635877311229706,nan,nan,nan,nan,nan,nan,nan,nan,nan,nan,nan,nan,nan,nan,nan,nan,nan,nan,nan,nan,nan,nan,nan,nan,nan,nan,nan,nan,nan,nan,nan,nan,nan,nan,nan,nan,nan,nan,nan,nan,nan,nan,nan,nan,nan,nan,nan,nan,nan,nan,nan,nan,nan
76,10994,0.8877345201646091,-8.571486429691317,0.21333333333333335,0,150,0.31333333333333335,0.06,0.25333333333333335,0.15333333333333332,0.0,0.6266666666666667,0.14,0.23333333333333334,31.0,0.35333333333333333,0.03481481481481482,101.2046326637267,0.0020640249699138318,0.46440561823061216,0.9330038420087716,0.0,0.5151515151515151,0.07555555555555556,0.1288888888888889,0.21333333333333335,3.480479121208191,3.480479121208191,2.0726105123758316,nan,nan,nan,nan,nan,nan,nan,nan,nan,nan,nan,nan,nan,nan,nan,nan,nan,nan,nan,nan,nan,nan,nan,nan,nan,nan,nan,nan,nan,nan,nan,nan,nan,nan,nan,nan,nan,nan,nan,nan,nan,nan,nan,nan,nan,nan,nan,nan,nan,nan,nan,nan,nan
77,11106,0.88277,-0.7030250811576839,0.32,0,112,0.6339285714285714,0.05357142857142857,0.017857142857142856,0.008928571428571428,0.008928571428571428,0.7053571428571429,0.14285714285714285,0.15178571428571427,4.0,0.0,0.06792592592592595,80.05738172531122,0.003941617234476561,0.8868638777572262,0.9843092918492796,0.0,0.9375,0.15555555555555556,0.29777777777777775,nan,3.4399441182613373,3.4399441182613373,1.9598061740398407,nan,nan,nan,nan,nan,nan,nan,nan,nan,nan,nan,nan,nan,nan,nan,nan,nan,nan,nan,nan,nan,nan,nan,nan,nan,nan,nan,nan,nan,nan,nan,nan,nan,nan,nan,nan,nan,nan,nan,nan,nan,nan,nan,nan,nan,nan,nan,nan,nan,nan,nan,nan,nan
78,11331,0.880395,-6.4811526668071835,0.4088888888888889,0,225,0.40444444444444444,0.057777777777777775,0.1688888888888889,0.14222222222222222,0.0,0.6311111111111111,0.12,0.24888888888888888,38.0,0.2577777777777778,0.04493827160493827,140.43954920768707,0.002879847213453651,0.6479656230270714,0.9404089936503714,0.017777777777777778,0.5098039215686274,0.09333333333333334,0.10666666666666667,0.21333333333333335,3.491853207349777,3.491853207349777,1.892234355211258,nan,nan,nan,nan,nan,nan,nan,nan,nan,nan,nan,nan,nan,nan,nan,nan,nan,nan,nan,nan,nan,nan,nan,nan,nan,nan,nan,nan,nan,nan,nan,nan,nan,nan,nan,nan,nan,nan,nan,nan,nan,nan,nan,nan,nan,nan,nan,nan,nan,nan,nan,nan,nan
79,11471,0.8789172222222222,-0.8559690771102904,0.37777777777777777,0,140,0.6,0.07142857142857142,0.04285714285714286,0.04285714285714286,0.0,0.7142857142857143,0.12857142857142856,0.15714285714285714,8.0,0.02142857142857143,0.0651851851851852,100.1520864486693,0.003727664061443962,0.8387244138248914,0.9579324823372258,0.0,0.8823529411764706,0.15555555555555556,0.27111111111111114,nan,3.521535098552704,3.521535098552704,1.9234198927879333,nan,nan,nan,nan,nan,nan,nan,nan,nan,nan,nan,nan,nan,nan,nan,nan,nan,nan,nan,nan,nan,nan,nan,nan,nan,nan,nan,nan,nan,nan,nan,nan,nan,nan,nan,nan,nan,nan,nan,nan,nan,nan,nan,nan,nan,nan,nan,nan,nan,nan,nan,nan,nan
80,11559,0.9072711333333333,-6.93183268404007,0.14666666666666667,0,88,0.36363636363636365,0.03409090909090909,0.23863636363636365,0.10227272727272728,0.011363636363636364,0.6363636363636364,0.14772727272727273,0.2159090909090909,24.0,0.22727272727272727,0.035555555555555556,70.84602556228633,0.002007483427523869,0.4516837711928706,0.9400920986418093,0.0,0.6086956521739131,0.1111111111111111,nan,nan,3.4142960011959076,3.4142960011959076,2.0070516616106033,-356.7131883977175,0.03333333333333333,2.0,217.3,0.7,0.3,0.05433943696967793,0.0024000000000000002,0.010909090909090908,0.9146656084263197,0.004792469319502714,0.06764852787876885,0.014486498867599054,0.9178649732536321,207.1,0.8876725787611276,0.006216931216931216,74.02750854968997,0.00043298149753426545,0.09742083694520973,0.3364444344823026,0.0,0.4916666666666667,0.025333333333333336,0.018765432098765432,0.01888888888888889,-277.2161297298909,0.043555555555555556,1.6,184.5,0.6,0.4,0.07320093409797937,0.00899917409779161,0.01876734693877551,0.8723926384630099,0.00811685377963502,0.10096745513454648,0.01611685377963502,0.8829156910858185,167.5,0.8472214941108408,0.008650966183574877,74.64885457038855,0.000549988087562793,0.12374731970162844,0.4125247213464733,0.0,0.4130952380952381,0.02222222222222222,0.02349206349206349,0.018518518518518517,0.055356790123456796
81,11725,0.9059394444444444,-4.529636160850524,0.30666666666666664,0,166,0.40963855421686746,0.04819277108433735,0.15060240963855423,0.12048192771084337,0.0,0.608433734939759,0.12048192771084337,0.2710843373493976,16.0,0.15060240963855423,0.043174603174603164,100.51082057952853,0.003006862549521132,0.6765440736422548,0.9471075329480062,0.006024096385542169,0.6888888888888889,0.12444444444444444,0.2088888888888889,0.30666666666666664,3.3200460970401764,3.3200460970401764,2.70723158121109,nan,nan,nan,nan,nan,nan,nan,nan,nan,nan,nan,nan,nan,nan,nan,nan,nan,nan,nan,nan,nan,nan,nan,nan,nan,nan,nan,nan,nan,nan,nan,nan,nan,nan,nan,nan,nan,nan,nan,nan,nan,nan,nan,nan,nan,nan,nan,nan,nan,nan,nan,nan,nan
82,11931,0.8790992000000001,-5.913378199100498,0.3244444444444444,0,206,0.34951456310679613,0.06796116504854369,0.1407766990291262,0.15048543689320387,0.0,0.558252427184466,0.15048543689320387,0.2912621359223301,18.0,0.1796116504854369,0.0402469135802469,120.21312570571881,0.0026619389365464016,0.5989362607229404,0.967618632025344,0.009708737864077669,0.6333333333333333,0.10222222222222223,0.17777777777777778,0.26222222222222225,3.3670084476470947,3.3670084476470947,3.136014476418495,nan,nan,nan,nan,nan,nan,nan,nan,nan,nan,nan,nan,nan,nan,nan,nan,nan,nan,nan,nan,nan,nan,nan,nan,nan,nan,nan,nan,nan,nan,nan,nan,nan,nan,nan,nan,nan,nan,nan,nan,nan,nan,nan,nan,nan,nan,nan,nan,nan,nan,nan,nan,nan
83,12006,0.87327,-2.7808586618900293,0.1688888888888889,-1,75,0.49333333333333335,0.02666666666666667,0.05333333333333334,0.12,0.02666666666666667,0.5733333333333334,0.14666666666666667,0.28,6.0,0.013333333333333334,0.054814814814814816,51.62722535133358,0.003185227238639442,0.7166761286938744,0.990459427338349,0.0,0.8695652173913043,0.12,nan,nan,3.3690786957740784,3.3690786957740784,2.2180546075105667,nan,nan,nan,nan,nan,nan,nan,nan,nan,nan,nan,nan,nan,nan,nan,nan,nan,nan,nan,nan,nan,nan,nan,nan,nan,nan,nan,nan,nan,nan,nan,nan,nan,nan,nan,nan,nan,nan,nan,nan,nan,nan,nan,nan,nan,nan,nan,nan,nan,nan,nan,nan,nan
84,12192,0.8713066666666667,-5.9686093645095895,0.32,0,186,0.3817204301075269,0.08602150537634409,0.13978494623655913,0.12365591397849462,0.0,0.6075268817204301,0.24731182795698925,0.14516129032258066,37.0,0.3064516129032258,0.0443939393939394,120.3105653762815,0.002622841598064383,0.590139359564486,0.9661427450525174,0.016129032258064516,0.5,0.09333333333333334,0.11555555555555555,0.20444444444444446,3.30366113781929,3.30366113781929,2.0541221648454666,nan,nan,nan,nan,nan,nan,nan,nan,nan,nan,nan,nan,nan,nan,nan,nan,nan,nan,nan,nan,nan,nan,nan,nan,nan,nan,nan,nan,nan,nan,nan,nan,nan,nan,nan,nan,nan,nan,nan,nan,nan,nan,nan,nan,nan,nan,nan,nan,nan,nan,nan,nan,nan
85,12346,0.8696811111111111,-2.6497002005577093,0.32,0,154,0.461038961038961,0.07792207792207792,0.05194805194805195,0.1038961038961039,0.0,0.5909090909090909,0.19480519480519481,0.21428571428571427,8.0,0.032467532467532464,0.05841269841269842,100.05428762435889,0.0031538434088928683,0.7096147670008953,0.9847847678538467,0.0,0.7446808510638298,0.10666666666666667,0.2088888888888889,0.3022222222222222,3.150129556655884,3.150129556655884,2.4209865033626556,nan,nan,nan,nan,nan,nan,nan,nan,nan,nan,nan,nan,nan,nan,nan,nan,nan,nan,nan,nan,nan,nan,nan,nan,nan,nan,nan,nan,nan,nan,nan,nan,nan,nan,nan,nan,nan,nan,nan,nan,nan,nan,nan,nan,nan,nan,nan,nan,nan,nan,nan,nan,nan
86,12591,0.8989921999999999,-17.780035816192626,0.2088888888888889,0,245,0.18775510204081633,0.08163265306122448,0.27346938775510204,0.19591836734693877,0.0,0.5428571428571428,0.2,0.2571428571428571,51.0,0.5551020408163265,0.020444444444444446,140.3812934875486,0.001456351051948229,0.3276789866883515,0.8818322564557802,0.02857142857142857,0.390625,0.11555555555555555,0.15555555555555556,0.18666666666666668,3.255297511816025,3.255297511816025,1.649050459265709,nan,nan,nan,nan,nan,nan,nan,nan,nan,nan,nan,nan,nan,nan,nan,nan,nan,nan,nan,nan,nan,nan,nan,nan,nan,nan,nan,nan,nan,nan,nan,nan,nan,nan,nan,nan,nan,nan,nan,nan,nan,nan,nan,nan,nan,nan,nan,nan,nan,nan,nan,nan,nan
87,12803,0.8693019180246914,-7.134228537082674,0.3688888888888889,0,212,0.3867924528301887,0.0660377358490566,0.14150943396226415,0.13679245283018868,0.0,0.5943396226415094,0.19339622641509435,0.21226415094339623,27.0,0.19811320754716982,0.04209876543209876,140.25931940078726,0.0025983617060272067,0.5846313838561215,0.9703249811951424,0.014150943396226415,0.5964912280701754,0.1288888888888889,0.23555555555555555,0.32,3.197545826435089,3.197545826435089,2.05386945605278,nan,nan,nan,nan,nan,nan,nan,nan,nan,nan,nan,nan,nan,nan,nan,nan,nan,nan,nan,nan,nan,nan,nan,nan,nan,nan,nan,nan,nan,nan,nan,nan,nan,nan,nan,nan,nan,nan,nan,nan,nan,nan,nan,nan,nan,nan,nan,nan,nan,nan,nan,nan,nan
88,13040,0.8685342617283951,-8.314768007278447,0.36,0,237,0.33755274261603374,0.08438818565400844,0.10126582278481013,0.24050632911392406,0.0,0.5232067510548524,0.2109704641350211,0.26582278481012656,44.0,0.32489451476793246,0.037,140.6930286407469,0.00252717251871413,0.5686138167106792,0.9460879042009698,0.016877637130801686,0.6071428571428571,0.11555555555555555,0.23555555555555555,0.30666666666666664,3.3709860742092133,3.3709860742092133,1.7865213453769684,nan,nan,nan,nan,nan,nan,nan,nan,nan,nan,nan,nan,nan,nan,nan,nan,nan,nan,nan,nan,nan,nan,nan,nan,nan,nan,nan,nan,nan,nan,nan,nan,nan,nan,nan,nan,nan,nan,nan,nan,nan,nan,nan,nan,nan,nan,nan,nan,nan,nan,nan,nan,nan
89,13198,0.8606877777777778,-0.8659615259170521,0.39111111111111113,0,158,0.5506329113924051,0.02531645569620253,0.0189873417721519,0.12025316455696203,0.0,0.5949367088607594,0.22151898734177214,0.18354430379746836,8.0,0.0189873417721519,0.06333333333333334,100.50439548492415,0.0038472612546052026,0.8656337822861705,0.95691984969381,0.0,0.9111111111111111,0.14666666666666667,0.24888888888888888,0.36444444444444446,3.2752393186092377,3.2752393186092377,1.8156538009643555,nan,nan,nan,nan,nan,nan,nan,nan,nan,nan,nan,nan,nan,nan,nan,nan,nan,nan,nan,nan,nan,nan,nan,nan,nan,nan,nan,nan,nan,nan,nan,nan,nan,nan,nan,nan,nan,nan,nan,nan,nan,nan,nan,nan,nan,nan,nan,nan,nan,nan,nan,nan,nan
90,13345,0.8591361111111111,-1.484441235780715,0.36444444444444446,0,147,0.5510204081632653,0.034013605442176874,0.04081632653061224,0.08843537414965986,0.0,0.6258503401360545,0.1360544217687075,0.23809523809523808,6.0,0.006802721088435374,0.06111111111111111,100.02324986457806,0.0035991631994301897,0.8098117198717926,0.9940225873711541,0.0,0.8571428571428571,0.14222222222222222,0.2577777777777778,nan,3.289155662059784,3.289155662059784,1.9307261258363724,nan,nan,nan,nan,nan,nan,nan,nan,nan,nan,nan,nan,nan,nan,nan,nan,nan,nan,nan,nan,nan,nan,nan,nan,nan,nan,nan,nan,nan,nan,nan,nan,nan,nan,nan,nan,nan,nan,nan,nan,nan,nan,nan,nan,nan,nan,nan,nan,nan,nan,nan,nan,nan
91,13438,0.8921973777777777,-5.60172827577591,0.17777777777777778,0,93,0.41935483870967744,0.010752688172043012,0.21505376344086022,0.10752688172043011,0.010752688172043012,0.6451612903225806,0.12903225806451613,0.22580645161290322,15.0,0.10752688172043011,0.04376543209876543,70.51169786453238,0.0024582209559943185,0.5530997150987217,0.9429713329552534,0.0,0.6956521739130435,0.13333333333333333,nan,nan,3.241215169429779,3.241215169429779,2.2920010536909103,nan,nan,nan,nan,nan,nan,nan,nan,nan,nan,nan,nan,nan,nan,nan,nan,nan,nan,nan,nan,nan,nan,nan,nan,nan,nan,nan,nan,nan,nan,nan,nan,nan,nan,nan,nan,nan,nan,nan,nan,nan,nan,nan,nan,nan,nan,nan,nan,nan,nan,nan,nan,nan
92,13468,0.8578377777777778,-2.9516640782356265,0.08444444444444445,0,30,0.6,0.0,0.0,0.06666666666666667,0.1,0.6,0.13333333333333333,0.26666666666666666,2.0,0.0,0.05777777777777778,28.587276935577393,0.0027984477213511207,0.6296507373040021,1.0,0.0,1.0,nan,nan,nan,3.2929561138153076,3.2929561138153076,1.8812820464372635,nan,nan,nan,nan,nan,nan,nan,nan,nan,nan,nan,nan,nan,nan,nan,nan,nan,nan,nan,nan,nan,nan,nan,nan,nan,nan,nan,nan,nan,nan,nan,nan,nan,nan,nan,nan,nan,nan,nan,nan,nan,nan,nan,nan,nan,nan,nan,nan,nan,nan,nan,nan,nan
93,13643,0.8559905555555556,-4.214292516469957,0.37333333333333335,0,175,0.4742857142857143,0.045714285714285714,0.10285714285714286,0.09714285714285714,0.0,0.6228571428571429,0.14285714285714285,0.2342857142857143,13.0,0.07428571428571429,0.0526984126984127,120.04088110923749,0.0030730271677462877,0.6914311127429147,0.9539460951956935,0.0,0.6938775510204082,0.14666666666666667,0.23555555555555555,0.3288888888888889,3.292453497648239,3.292453497648239,1.783388614654541,nan,nan,nan,nan,nan,nan,nan,nan,nan,nan,nan,nan,nan,nan,nan,nan,nan,nan,nan,nan,nan,nan,nan,nan,nan,nan,nan,nan,nan,nan,nan,nan,nan,nan,nan,nan,nan,nan,nan,nan,nan,nan,nan,nan,nan,nan,nan,nan,nan,nan,nan,nan,nan
94,13799,0.8601701333333334,-2.0723080306053157,0.3422222222222222,0,156,0.48717948717948717,0.04487179487179487,0.05128205128205128,0.11538461538461539,0.0,0.5833333333333334,0.16666666666666666,0.25,7.0,0.01282051282051282,0.052275132275132266,100.34579076766954,0.003366137983404149,0.7573810462659334,0.9841480624198429,0.0,0.851063829787234,0.13333333333333333,0.22666666666666666,0.3333333333333333,3.322251111268997,3.322251111268997,1.9011749476194382,nan,nan,nan,nan,nan,nan,nan,nan,nan,nan,nan,nan,nan,nan,nan,nan,nan,nan,nan,nan,nan,nan,nan,nan,nan,nan,nan,nan,nan,nan,nan,nan,nan,nan,nan,nan,nan,nan,nan,nan,nan,nan,nan,nan,nan,nan,nan,nan,nan,nan,nan,nan,nan
95,13973,0.8667976335802469,-3.2249999999999983,0.31555555555555553,0,174,0.40229885057471265,0.05747126436781609,0.09195402298850575,0.15517241379310345,0.0,0.5517241379310345,0.14367816091954022,0.3045977011494253,13.0,0.09770114942528736,0.04465608465608465,100.1999999999997,0.003104901308494132,0.6986027944111797,0.9693849537111765,0.005747126436781609,0.6862745098039216,0.07555555555555556,0.18666666666666668,0.28,3.074471801519394,3.074471801519394,2.192986473441124,nan,nan,nan,nan,nan,nan,nan,nan,nan,nan,nan,nan,nan,nan,nan,nan,nan,nan,nan,nan,nan,nan,nan,nan,nan,nan,nan,nan,nan,nan,nan,nan,nan,nan,nan,nan,nan,nan,nan,nan,nan,nan,nan,nan,nan,nan,nan,nan,nan,nan,nan,nan,nan
96,14063,0.8515572222222222,-2.212171188592909,0.19555555555555557,0,90,0.4777777777777778,0.011111111111111112,0.03333333333333333,0.16666666666666666,0.022222222222222223,0.5222222222222223,0.18888888888888888,0.28888888888888886,6.0,0.011111111111111112,0.052222222222222225,52.97305893898,0.0036077038958851368,0.8117333765741557,0.9902368927062183,0.044444444444444446,0.9285714285714286,0.12444444444444444,nan,nan,3.2027007341384888,3.2027007341384888,1.727451577782631,nan,nan,nan,nan,nan,nan,nan,nan,nan,nan,nan,nan,nan,nan,nan,nan,nan,nan,nan,nan,nan,nan,nan,nan,nan,nan,nan,nan,nan,nan,nan,nan,nan,nan,nan,nan,nan,nan,nan,nan,nan,nan,nan,nan,nan,nan,nan,nan,nan,nan,nan,nan,nan
97,14160,0.8505333333333334,-2.5886268768310545,0.23555555555555555,0,97,0.5360824742268041,0.030927835051546393,0.030927835051546393,0.13402061855670103,0.010309278350515464,0.5979381443298969,0.1134020618556701,0.28865979381443296,6.0,0.010309278350515464,0.05914141414141414,70.5393035888671,0.0032763452338305525,0.7371776776118744,0.9775256799619476,0.020618556701030927,0.9230769230769231,0.1288888888888889,nan,nan,3.2843136489391327,3.2843136489391327,1.5344690382480621,nan,nan,nan,nan,nan,nan,nan,nan,nan,nan,nan,nan,nan,nan,nan,nan,nan,nan,nan,nan,nan,nan,nan,nan,nan,nan,nan,nan,nan,nan,nan,nan,nan,nan,nan,nan,nan,nan,nan,nan,nan,nan,nan,nan,nan,nan,nan,nan,nan,nan,nan,nan,nan
98,14368,0.8483377777777777,-10.789723566055283,0.31555555555555553,0,208,0.33653846153846156,0.0673076923076923,0.13942307692307693,0.19230769230769232,0.0,0.5432692307692307,0.21153846153846154,0.24519230769230768,27.0,0.27884615384615385,0.04191358024691358,130.4449863433835,0.002384998610005155,0.53662468725116,0.9475328414864824,0.019230769230769232,0.5454545454545454,0.12444444444444444,0.1688888888888889,0.18222222222222223,3.2513528168201447,3.2513528168201447,1.8319674879312515,nan,nan,nan,nan,nan,nan,nan,nan,nan,nan,nan,nan,nan,nan,nan,nan,nan,nan,nan,nan,nan,nan,nan,nan,nan,nan,nan,nan,nan,nan,nan,nan,nan,nan,nan,nan,nan,nan,nan,nan,nan,nan,nan,nan,nan,nan,nan,nan,nan,nan,nan,nan,nan
99,14524,0.8646112167901234,-3.572935123205185,0.38666666666666666,0,156,0.5512820512820513,0.019230769230769232,0.10897435897435898,0.07692307692307693,0.00641025641025641,0.6794871794871795,0.21794871794871795,0.10256410256410256,14.0,0.08333333333333333,0.054603174603174605,110.20890593528726,0.0034681609347129933,0.7803362103104234,0.9209528047339813,0.01282051282051282,0.7837837837837838,0.12,0.29777777777777775,0.38666666666666666,3.097732752561569,3.097732752561569,2.609694540500641,nan,nan,nan,nan,nan,nan,nan,nan,nan,nan,nan,nan,nan,nan,nan,nan,nan,nan,nan,nan,nan,nan,nan,nan,nan,nan,nan,nan,nan,nan,nan,nan,nan,nan,nan,nan,nan,nan,nan,nan,nan,nan,nan,nan,nan,nan,nan,nan,nan,nan,nan,nan,nan
100,14676,0.8450866666666667,-2.377741408824921,0.3377777777777778,0,152,0.4934210526315789,0.05263157894736842,0.05921052631578947,0.09868421052631579,0.0,0.6052631578947368,0.16447368421052633,0.23026315789473684,15.0,0.07236842105263158,0.054920634920634974,100.67372770309439,0.0033110260336877122,0.7449808575797352,0.9698809545407115,0.006578947368421052,0.8,0.13333333333333333,0.2222222222222222,0.3333333333333333,3.247739255428314,3.247739255428314,1.878270611166954,-380.9782510365248,0.024888888888888887,2.4,218.5,0.8,0.2,0.04965270318653778,0.002631578947368421,0.0,0.9233735767991407,0.0085750089509488,0.05228428213390619,0.01667239527389903,0.9310433225921948,211.5,0.8867103472968134,0.005668738668738668,72.73096225261664,0.0003491855354007979,0.07856674546517953,0.33346942692277687,0.0,0.3,0.017777777777777778,0.017777777777777778,0.017777777777777778,-298.710220814395,0.03333333333333333,1.5,189.7,0.6,0.4,0.056405904385576786,0.007977014162990482,0.0,0.911924950606954,0.005530579880930998,0.06438291854856729,0.019559745215117122,0.9160573362363154,178.8,0.8728757214013168,0.006747504025764896,77.13353156566599,0.00038228072346535303,0.08601316277970443,0.3700799390644009,0.0,0.3458333333333333,0.019555555555555555,0.02469135802469136,0.017777777777777778,0.044444444444444446
101,14828,0.8434822222222222,-2.3296478188037875,0.3466666666666667,0,152,0.506578947368421,0.05263157894736842,0.046052631578947366,0.1513157894736842,0.0,0.6052631578947368,0.1513157894736842,0.24342105263157895,7.0,0.039473684210526314,0.06349206349206349,100.1680744647978,0.0034164799917611463,0.7687079981462578,0.9804414324835228,0.019736842105263157,0.8108108108108109,0.1288888888888889,0.2222222222222222,0.3377777777777778,3.0894274413585663,3.0894274413585663,2.151125743985176,nan,nan,nan,nan,nan,nan,nan,nan,nan,nan,nan,nan,nan,nan,nan,nan,nan,nan,nan,nan,nan,nan,nan,nan,nan,nan,nan,nan,nan,nan,nan,nan,nan,nan,nan,nan,nan,nan,nan,nan,nan,nan,nan,nan,nan,nan,nan,nan,nan,nan,nan,nan,nan
102,14951,0.8421838888888888,-1.9700717883110044,0.27111111111111114,0,123,0.4878048780487805,0.0975609756097561,0.008130081300813009,0.14634146341463414,0.008130081300813009,0.5934959349593496,0.08943089430894309,0.3170731707317073,19.0,0.13008130081300814,0.05464734299516909,80.44830274581889,0.003314758143614485,0.745820582313259,0.9829737999506979,0.016260162601626018,0.65625,0.12,0.19555555555555557,nan,3.1873432993888855,3.1873432993888855,2.374383181333542,nan,nan,nan,nan,nan,nan,nan,nan,nan,nan,nan,nan,nan,nan,nan,nan,nan,nan,nan,nan,nan,nan,nan,nan,nan,nan,nan,nan,nan,nan,nan,nan,nan,nan,nan,nan,nan,nan,nan,nan,nan,nan,nan,nan,nan,nan,nan,nan,nan,nan,nan,nan,nan
103,15050,0.8411388888888889,-4.60339927482605,0.19111111111111112,0,99,0.42424242424242425,0.04040404040404041,0.1111111111111111,0.13131313131313133,0.010101010101010102,0.5757575757575758,0.16161616161616163,0.26262626262626265,12.0,0.10101010101010101,0.04689814814814815,70.47046928405761,0.0026488636809588535,0.595994328215742,0.9673493405404204,0.020202020202020204,0.6551724137931034,0.10666666666666667,nan,nan,3.0863510072231293,3.0863510072231293,1.9702266454696655,nan,nan,nan,nan,nan,nan,nan,nan,nan,nan,nan,nan,nan,nan,nan,nan,nan,nan,nan,nan,nan,nan,nan,nan,nan,nan,nan,nan,nan,nan,nan,nan,nan,nan,nan,nan,nan,nan,nan,nan,nan,nan,nan,nan,nan,nan,nan,nan,nan,nan,nan,nan,nan
104,15221,0.8483787958847736,-12.21820486021042,0.21777777777777776,0,171,0.2807017543859649,0.04093567251461988,0.24561403508771928,0.14035087719298245,0.0,0.5672514619883041,0.19298245614035087,0.23976608187134502,42.0,0.3567251461988304,0.03059712773998488,100.02099866867034,0.0021328854557833552,0.47989922755125497,0.9259615110064281,0.023391812865497075,0.5102040816326531,0.11555555555555555,0.19555555555555557,0.21333333333333335,3.0978387594223022,3.0978387594223022,1.934367686510086,nan,nan,nan,nan,nan,nan,nan,nan,nan,nan,nan,nan,nan,nan,nan,nan,nan,nan,nan,nan,nan,nan,nan,nan,nan,nan,nan,nan,nan,nan,nan,nan,nan,nan,nan,nan,nan,nan,nan,nan,nan,nan,nan,nan,nan,nan,nan,nan,nan,nan,nan,nan,nan
105,15408,0.83736,-5.437948110103612,0.3288888888888889,0,187,0.39037433155080214,0.0748663101604278,0.0962566844919786,0.18716577540106952,0.0,0.5614973262032086,0.1711229946524064,0.26737967914438504,14.0,0.13368983957219252,0.04476851851851853,120.72331533431978,0.0026875044273424616,0.6046884961520538,0.9719269102402907,0.016042780748663103,0.7446808510638298,0.11555555555555555,0.2088888888888889,0.26222222222222225,3.132937014102936,3.132937014102936,2.17134065926075,nan,nan,nan,nan,nan,nan,nan,nan,nan,nan,nan,nan,nan,nan,nan,nan,nan,nan,nan,nan,nan,nan,nan,nan,nan,nan,nan,nan,nan,nan,nan,nan,nan,nan,nan,nan,nan,nan,nan,nan,nan,nan,nan,nan,nan,nan,nan,nan,nan,nan,nan,nan,nan
106,15590,0.8354388888888888,-5.385000000000005,0.25333333333333335,0,182,0.3076923076923077,0.08791208791208792,0.10989010989010989,0.18681318681318682,0.005494505494505495,0.5054945054945055,0.15384615384615385,0.34065934065934067,17.0,0.17582417582417584,0.03539682539682541,100.59999999999967,0.0024740446211619256,0.5566600397614333,0.9839069659992609,0.016483516483516484,0.5714285714285714,0.08888888888888889,0.16444444444444445,0.2088888888888889,3.1922212541103363,3.1922212541103363,1.8814719319343567,nan,nan,nan,nan,nan,nan,nan,nan,nan,nan,nan,nan,nan,nan,nan,nan,nan,nan,nan,nan,nan,nan,nan,nan,nan,nan,nan,nan,nan,nan,nan,nan,nan,nan,nan,nan,nan,nan,nan,nan,nan,nan,nan,nan,nan,nan,nan,nan,nan,nan,nan,nan,nan
107,15726,0.8340033333333333,-6.003698569774626,0.24,-1,136,0.3897058823529412,0.04411764705882353,0.16176470588235295,0.09558823529411764,0.007352941176470588,0.5955882352941176,0.17647058823529413,0.22794117647058823,13.0,0.15441176470588236,0.04303030303030303,97.02570066452019,0.0024277645401399525,0.5462470215314894,0.9694581656918783,0.007352941176470588,0.7142857142857143,0.11555555555555555,0.21333333333333335,nan,3.044051468372345,3.044051468372345,2.09869647026062,nan,nan,nan,nan,nan,nan,nan,nan,nan,nan,nan,nan,nan,nan,nan,nan,nan,nan,nan,nan,nan,nan,nan,nan,nan,nan,nan,nan,nan,nan,nan,nan,nan,nan,nan,nan,nan,nan,nan,nan,nan,nan,nan,nan,nan,nan,nan,nan,nan,nan,nan,nan,nan
108,15858,0.8326100000000001,-2.536627737045294,0.3111111111111111,0,132,0.5227272727272727,0.022727272727272728,0.05303030303030303,0.11363636363636363,0.007575757575757576,0.5984848484848485,0.14393939393939395,0.25757575757575757,7.0,0.015151515151515152,0.06253968253968255,90.0916927337645,0.0034039394461475624,0.7658863753832014,0.9841346772267866,0.015151515151515152,0.8157894736842105,0.10222222222222223,0.21333333333333335,nan,3.0676249265670776,3.0676249265670776,1.8751822263002396,nan,nan,nan,nan,nan,nan,nan,nan,nan,nan,nan,nan,nan,nan,nan,nan,nan,nan,nan,nan,nan,nan,nan,nan,nan,nan,nan,nan,nan,nan,nan,nan,nan,nan,nan,nan,nan,nan,nan,nan,nan,nan,nan,nan,nan,nan,nan,nan,nan,nan,nan,nan,nan
109,15971,0.8314172222222223,-4.341361782073976,0.18666666666666668,0,113,0.36283185840707965,0.035398230088495575,0.09734513274336283,0.19469026548672566,0.008849557522123894,0.49557522123893805,0.19469026548672566,0.30973451327433627,10.0,0.09734513274336283,0.04382905982905984,70.17487411499026,0.0025966875540614216,0.5842546996638198,0.9896320984490813,0.02654867256637168,0.7714285714285715,0.08,0.14666666666666667,nan,3.02686408162117,3.02686408162117,1.835499793291092,nan,nan,nan,nan,nan,nan,nan,nan,nan,nan,nan,nan,nan,nan,nan,nan,nan,nan,nan,nan,nan,nan,nan,nan,nan,nan,nan,nan,nan,nan,nan,nan,nan,nan,nan,nan,nan,nan,nan,nan,nan,nan,nan,nan,nan,nan,nan,nan,nan,nan,nan,nan,nan
110,16166,0.8293588888888889,-3.705676325082784,0.38222222222222224,0,195,0.4358974358974359,0.046153846153846156,0.10256410256410256,0.13846153846153847,0.0,0.5846153846153846,0.14358974358974358,0.2717948717948718,15.0,0.06153846153846154,0.04875,120.14929833412135,0.003144236237878155,0.7074531535225849,0.987758380385243,0.010256410256410256,0.7037037037037037,0.08,0.21333333333333335,0.29333333333333333,2.9369150400161743,2.9369150400161743,2.2289433777332306,nan,nan,nan,nan,nan,nan,nan,nan,nan,nan,nan,nan,nan,nan,nan,nan,nan,nan,nan,nan,nan,nan,nan,nan,nan,nan,nan,nan,nan,nan,nan,nan,nan,nan,nan,nan,nan,nan,nan,nan,nan,nan,nan,nan,nan,nan,nan,nan,nan,nan,nan,nan,nan
111,16274,0.8282188888888888,-5.746457437992098,0.2311111111111111,0,108,0.4722222222222222,0.018518518518518517,0.19444444444444445,0.10185185185185185,0.009259259259259259,0.6851851851851852,0.10185185185185185,0.21296296296296297,17.0,0.14814814814814814,0.04911111111111111,81.985308933258,0.00276472296824776,0.622062667855746,0.9233726439806806,0.009259259259259259,0.6086956521739131,0.1288888888888889,0.2222222222222222,nan,3.083570569753647,3.083570569753647,1.8359779566526413,nan,nan,nan,nan,nan,nan,nan,nan,nan,nan,nan,nan,nan,nan,nan,nan,nan,nan,nan,nan,nan,nan,nan,nan,nan,nan,nan,nan,nan,nan,nan,nan,nan,nan,nan,nan,nan,nan,nan,nan,nan,nan,nan,nan,nan,nan,nan,nan,nan,nan,nan,nan,nan
112,16433,0.8265405555555556,-6.325611527442939,0.28444444444444444,0,159,0.39622641509433965,0.03773584905660377,0.18867924528301888,0.11949685534591195,0.0,0.6226415094339622,0.1320754716981132,0.24528301886792453,21.0,0.22012578616352202,0.047901234567901234,100.11058597564673,0.002796907013091641,0.6293040779456192,0.9216748288293499,0.006289308176100629,0.5853658536585366,0.08,0.1688888888888889,0.25333333333333335,3.1159879863262177,3.1159879863262177,1.8801272958517075,nan,nan,nan,nan,nan,nan,nan,nan,nan,nan,nan,nan,nan,nan,nan,nan,nan,nan,nan,nan,nan,nan,nan,nan,nan,nan,nan,nan,nan,nan,nan,nan,nan,nan,nan,nan,nan,nan,nan,nan,nan,nan,nan,nan,nan,nan,nan,nan,nan,nan,nan,nan,nan
113,16576,0.8307338008230453,-5.826001183032991,0.24,0,143,0.3706293706293706,0.11888111888111888,0.1048951048951049,0.13986013986013987,0.006993006993006993,0.5944055944055944,0.0979020979020979,0.3076923076923077,24.0,0.2097902097902098,0.039835390946502056,101.17143983840937,0.002328281142699797,0.5238632571074544,0.9347347137403423,0.0,0.6578947368421053,0.1288888888888889,0.2222222222222222,nan,3.047100216150284,3.047100216150284,1.824290618300438,nan,nan,nan,nan,nan,nan,nan,nan,nan,nan,nan,nan,nan,nan,nan,nan,nan,nan,nan,nan,nan,nan,nan,nan,nan,nan,nan,nan,nan,nan,nan,nan,nan,nan,nan,nan,nan,nan,nan,nan,nan,nan,nan,nan,nan,nan,nan,nan,nan,nan,nan,nan,nan
114,16745,0.8232472222222222,-4.784243542671205,0.3244444444444444,0,169,0.4260355029585799,0.047337278106508875,0.11242603550295859,0.13609467455621302,0.005917159763313609,0.5857988165680473,0.26627218934911245,0.14792899408284024,18.0,0.13609467455621302,0.048521303258145354,110.62136707305886,0.002892750365204391,0.6508688321709879,0.9724030689500666,0.005917159763313609,0.6808510638297872,0.11555555555555555,0.18222222222222223,0.26222222222222225,2.912060022354126,2.912060022354126,1.9969786256551743,nan,nan,nan,nan,nan,nan,nan,nan,nan,nan,nan,nan,nan,nan,nan,nan,nan,nan,nan,nan,nan,nan,nan,nan,nan,nan,nan,nan,nan,nan,nan,nan,nan,nan,nan,nan,nan,nan,nan,nan,nan,nan,nan,nan,nan,nan,nan,nan,nan,nan,nan,nan,nan
115,16854,0.8220966666666667,-1.6099005994796753,0.3111111111111111,0,109,0.6330275229357798,0.027522935779816515,0.08256880733944955,0.03669724770642202,0.009174311926605505,0.7431192660550459,0.1651376146788991,0.09174311926605505,11.0,0.05504587155963303,0.0739753086419753,80.91333904266348,0.003790063174935463,0.8527642143604791,0.9745250869489801,0.009174311926605505,0.7916666666666666,0.12444444444444444,0.27555555555555555,nan,3.1844644844532013,3.1844644844532013,1.7577601969242096,nan,nan,nan,nan,nan,nan,nan,nan,nan,nan,nan,nan,nan,nan,nan,nan,nan,nan,nan,nan,nan,nan,nan,nan,nan,nan,nan,nan,nan,nan,nan,nan,nan,nan,nan,nan,nan,nan,nan,nan,nan,nan,nan,nan,nan,nan,nan,nan,nan,nan,nan,nan,nan
116,17009,0.8220564617283951,-11.256664186000828,0.2,0,155,0.2838709677419355,0.1032258064516129,0.24516129032258063,0.12258064516129032,0.0064516129032258064,0.632258064516129,0.2,0.16774193548387098,33.0,0.47096774193548385,0.035555555555555556,118.96823034286486,0.0016437628347666185,0.3698466378224891,0.9259456847542155,0.012903225806451613,0.39473684210526316,0.08444444444444445,0.18222222222222223,0.18666666666666668,3.0654699504375458,3.0654699504375458,1.7857392132282257,nan,nan,nan,nan,nan,nan,nan,nan,nan,nan,nan,nan,nan,nan,nan,nan,nan,nan,nan,nan,nan,nan,nan,nan,nan,nan,nan,nan,nan,nan,nan,nan,nan,nan,nan,nan,nan,nan,nan,nan,nan,nan,nan,nan,nan,nan,nan,nan,nan,nan,nan,nan,nan
117,17143,0.8190461111111111,-6.4861825294494695,0.2577777777777778,-1,134,0.4253731343283582,0.03731343283582089,0.2462686567164179,0.03731343283582089,0.007462686567164179,0.7089552238805971,0.12686567164179105,0.16417910447761194,19.0,0.17164179104477612,0.048806584362139915,91.49697647094705,0.0027687618007112406,0.622971405160029,0.9082200899161648,0.0,0.7058823529411765,0.10666666666666667,0.16,nan,3.130467861890793,3.130467861890793,1.697103574872017,nan,nan,nan,nan,nan,nan,nan,nan,nan,nan,nan,nan,nan,nan,nan,nan,nan,nan,nan,nan,nan,nan,nan,nan,nan,nan,nan,nan,nan,nan,nan,nan,nan,nan,nan,nan,nan,nan,nan,nan,nan,nan,nan,nan,nan,nan,nan,nan,nan,nan,nan,nan,nan
118,17277,0.8176316666666666,-7.859241353988647,0.27111111111111114,0,134,0.44776119402985076,0.0,0.26119402985074625,0.06716417910447761,0.007462686567164179,0.7089552238805971,0.12686567164179105,0.16417910447761194,26.0,0.21641791044776118,0.05102880658436215,92.33563194274886,0.0028880147463766627,0.649803317934749,0.9073818459658415,0.0,0.6666666666666666,0.12,0.17333333333333334,nan,3.0893923342227936,3.0893923342227936,1.7399850636720657,nan,nan,nan,nan,nan,nan,nan,nan,nan,nan,nan,nan,nan,nan,nan,nan,nan,nan,nan,nan,nan,nan,nan,nan,nan,nan,nan,nan,nan,nan,nan,nan,nan,nan,nan,nan,nan,nan,nan,nan,nan,nan,nan,nan,nan,nan,nan,nan,nan,nan,nan,nan,nan
119,17377,0.8416848034567901,-1.7607407543659201,0.28,0,100,0.62,0.0,0.11,0.04,0.02,0.73,0.13,0.14,9.0,0.04,0.06888888888888889,70.24515004158013,0.003922769833824062,0.8826232126104138,0.9429390429128811,0.0,1.0,0.16,0.28,nan,2.9060832262039185,2.9060832262039185,2.272956505417824,nan,nan,nan,nan,nan,nan,nan,nan,nan,nan,nan,nan,nan,nan,nan,nan,nan,nan,nan,nan,nan,nan,nan,nan,nan,nan,nan,nan,nan,nan,nan,nan,nan,nan,nan,nan,nan,nan,nan,nan,nan,nan,nan,nan,nan,nan,nan,nan,nan,nan,nan,nan,nan
120,17461,0.8156894444444445,-1.6197440676689143,0.24,0,84,0.6309523809523809,0.023809523809523808,0.07142857142857142,0.05952380952380952,0.023809523809523808,0.7261904761904762,0.13095238095238096,0.14285714285714285,5.0,0.0,0.07074074074074073,60.43565778732299,0.0038976254115491034,0.8769657175985484,1.0,0.0,0.8888888888888888,0.14222222222222222,nan,nan,2.9186612367630005,2.9186612367630005,1.9454454183578491,-373.6711936175108,0.024,2.4,216.4,0.8,0.2,0.03944871664116947,0.0037735849056603774,0.0,0.934879755226925,0.006561278259391468,0.04322230154682985,0.5024943056263812,0.454283392826789,205.9,0.8905142274349821,0.003781818181818182,73.4932725477216,0.00029781547011086326,0.06700848077494423,0.3470187158383201,0.02629039605643379,0.175,0.02266666666666667,0.01925925925925926,0.017777777777777778,-293.80895171444416,0.029777777777777775,1.8,185.8,0.6,0.4,0.05077318064912826,0.0,0.020767299838897007,0.9161915156621264,0.004491659763826853,0.07154048048802528,0.4160522837616557,0.512407235750319,175.2,0.8820635423957152,0.007045878383559542,74.11096870899178,0.00035061710716701507,0.0788888491125784,0.36688651535729605,0.013695676980469607,0.4,0.020444444444444446,0.017777777777777778,0.017777777777777778,0.04505185185185186
121,17679,0.8403157056790124,-3.6586802344322216,0.4311111111111111,0,218,0.44036697247706424,0.06880733944954129,0.05045871559633028,0.1651376146788991,0.0,0.5596330275229358,0.23394495412844038,0.20642201834862386,9.0,0.05963302752293578,0.04759945130315501,140.10171651840213,0.0030454064180621566,0.6852164440639852,0.9757675788156306,0.0045871559633027525,0.6949152542372882,0.11555555555555555,0.21333333333333335,0.3333333333333333,3.0743724405765533,3.0743724405765533,1.8289680480957031,nan,nan,nan,nan,nan,nan,nan,nan,nan,nan,nan,nan,nan,nan,nan,nan,nan,nan,nan,nan,nan,nan,nan,nan,nan,nan,nan,nan,nan,nan,nan,nan,nan,nan,nan,nan,nan,nan,nan,nan,nan,nan,nan,nan,nan,nan,nan,nan,nan,nan,nan,nan,nan
122,17840,0.8116888888888889,-2.9885218529701243,0.36444444444444446,0,161,0.5031055900621118,0.049689440993788817,0.006211180124223602,0.20496894409937888,0.006211180124223602,0.5590062111801242,0.2919254658385093,0.14906832298136646,6.0,0.012422360248447204,0.05708513708513709,110.16687479019149,0.0032677699234511825,0.735248232776516,0.9874728426281084,0.031055900621118012,0.8947368421052632,0.13333333333333333,0.24,0.3333333333333333,2.9785895943641663,2.9785895943641663,1.7347740978002548,nan,nan,nan,nan,nan,nan,nan,nan,nan,nan,nan,nan,nan,nan,nan,nan,nan,nan,nan,nan,nan,nan,nan,nan,nan,nan,nan,nan,nan,nan,nan,nan,nan,nan,nan,nan,nan,nan,nan,nan,nan,nan,nan,nan,nan,nan,nan,nan,nan,nan,nan,nan,nan
123,17935,0.8493061444444444,-5.927406253576278,0.17333333333333334,0,95,0.4,0.021052631578947368,0.2736842105263158,0.05263157894736842,0.010526315789473684,0.6947368421052632,0.1368421052631579,0.16842105263157894,12.0,0.21052631578947367,0.043611111111111114,70.7848214626312,0.002385947797834722,0.5368382545128125,0.9225804165013365,0.0,0.5833333333333334,0.12,nan,nan,2.970966100692749,2.970966100692749,1.8518758118152618,nan,nan,nan,nan,nan,nan,nan,nan,nan,nan,nan,nan,nan,nan,nan,nan,nan,nan,nan,nan,nan,nan,nan,nan,nan,nan,nan,nan,nan,nan,nan,nan,nan,nan,nan,nan,nan,nan,nan,nan,nan,nan,nan,nan,nan,nan,nan,nan,nan,nan,nan,nan,nan
124,18086,0.8107891802469136,-6.313150717735297,0.31555555555555553,0,151,0.46357615894039733,0.033112582781456956,0.17218543046357615,0.10596026490066225,0.006622516556291391,0.6688741721854304,0.152317880794702,0.17880794701986755,28.0,0.2582781456953642,0.044444444444444446,100.0681020736692,0.0031089938218481854,0.6995236099158417,0.9416080089294662,0.0,0.6060606060606061,0.10222222222222223,0.23555555555555555,0.31555555555555553,3.0537035763263702,3.0537035763263702,1.9736011773347855,nan,nan,nan,nan,nan,nan,nan,nan,nan,nan,nan,nan,nan,nan,nan,nan,nan,nan,nan,nan,nan,nan,nan,nan,nan,nan,nan,nan,nan,nan,nan,nan,nan,nan,nan,nan,nan,nan,nan,nan,nan,nan,nan,nan,nan,nan,nan,nan,nan,nan,nan,nan,nan
125,18229,0.8152794666666666,-13.5734459927082,0.19111111111111112,0,143,0.2937062937062937,0.07692307692307693,0.25874125874125875,0.11188811188811189,0.0,0.6293706293706294,0.14685314685314685,0.22377622377622378,34.0,0.40559440559440557,0.03341563786008231,120.14710469245918,0.0015536509776450942,0.34957146997014615,0.909059401901277,0.006993006993006993,0.4166666666666667,0.07111111111111111,0.13333333333333333,nan,3.0135393738746643,3.0135393738746643,2.030990809202194,nan,nan,nan,nan,nan,nan,nan,nan,nan,nan,nan,nan,nan,nan,nan,nan,nan,nan,nan,nan,nan,nan,nan,nan,nan,nan,nan,nan,nan,nan,nan,nan,nan,nan,nan,nan,nan,nan,nan,nan,nan,nan,nan,nan,nan,nan,nan,nan,nan,nan,nan,nan,nan
126,18328,0.8065377777777778,-2.6407093820571896,0.23555555555555555,0,99,0.5252525252525253,0.020202020202020204,0.04040404040404041,0.16161616161616163,0.010101010101010102,0.5858585858585859,0.29292929292929293,0.12121212121212122,5.0,0.0,0.05842592592592592,70.20675601959228,0.00329186426227436,0.740669459011731,0.994082965276496,0.010101010101010102,0.88,0.12444444444444444,nan,nan,2.9982670545578003,2.9982670545578003,1.6405748128890991,nan,nan,nan,nan,nan,nan,nan,nan,nan,nan,nan,nan,nan,nan,nan,nan,nan,nan,nan,nan,nan,nan,nan,nan,nan,nan,nan,nan,nan,nan,nan,nan,nan,nan,nan,nan,nan,nan,nan,nan,nan,nan,nan,nan,nan,nan,nan,nan,nan,nan,nan,nan,nan
127,18406,0.822149563292181,-5.234990134954452,0.1288888888888889,0,78,0.358974358974359,0.05128205128205128,0.1282051282051282,0.19230769230769232,0.02564102564102564,0.5384615384615384,0.3333333333333333,0.1282051282051282,11.0,0.10256410256410256,0.03111111111111111,61.06657271385188,0.0020378488412567553,0.45851598928276993,0.9795612486402027,0.01282051282051282,0.7619047619047619,0.09333333333333334,nan,nan,3.1595788300037384,3.1595788300037384,1.5585130974650383,nan,nan,nan,nan,nan,nan,nan,nan,nan,nan,nan,nan,nan,nan,nan,nan,nan,nan,nan,nan,nan,nan,nan,nan,nan,nan,nan,nan,nan,nan,nan,nan,nan,nan,nan,nan,nan,nan,nan,nan,nan,nan,nan,nan,nan,nan,nan,nan,nan,nan,nan,nan,nan
128,18554,0.8386214311111111,-5.895636139869694,0.28,0,148,0.4189189189189189,0.0472972972972973,0.24324324324324326,0.060810810810810814,0.0,0.7094594594594594,0.14864864864864866,0.14189189189189189,13.0,0.21621621621621623,0.04599033816425121,100.263201332092,0.002748321935610852,0.6183724355124416,0.9256749072308087,0.006756756756756757,0.6363636363636364,0.12,0.2,nan,3.107494205236435,3.107494205236435,1.5080519244074821,nan,nan,nan,nan,nan,nan,nan,nan,nan,nan,nan,nan,nan,nan,nan,nan,nan,nan,nan,nan,nan,nan,nan,nan,nan,nan,nan,nan,nan,nan,nan,nan,nan,nan,nan,nan,nan,nan,nan,nan,nan,nan,nan,nan,nan,nan,nan,nan,nan,nan,nan,nan,nan
129,18678,0.8028433333333334,-4.71583533096314,0.32,0,124,0.5725806451612904,0.03225806451612903,0.12903225806451613,0.08064516129032258,0.008064516129032258,0.7338709677419355,0.16129032258064516,0.10483870967741936,24.0,0.16129032258064516,0.06374074074074074,100.11271743774401,0.003152002698875761,0.7092006072470461,0.9332600447573671,0.0,0.782608695652174,0.15555555555555556,0.24444444444444444,nan,2.9540990591049194,2.9540990591049194,1.7120004743337631,nan,nan,nan,nan,nan,nan,nan,nan,nan,nan,nan,nan,nan,nan,nan,nan,nan,nan,nan,nan,nan,nan,nan,nan,nan,nan,nan,nan,nan,nan,nan,nan,nan,nan,nan,nan,nan,nan,nan,nan,nan,nan,nan,nan,nan,nan,nan,nan,nan,nan,nan,nan,nan
130,18785,0.8493025555555556,-6.546917045831681,0.2311111111111111,0,107,0.4766355140186916,0.028037383177570093,0.17757009345794392,0.06542056074766354,0.009345794392523364,0.6822429906542056,0.12149532710280374,0.19626168224299065,19.0,0.1308411214953271,0.04533333333333333,90.66587662696841,0.002500021784372678,0.5625049014838526,0.914527722721865,0.0,0.8148148148148148,0.16,0.2311111111111111,nan,2.842757076025009,2.842757076025009,1.9534777849912643,nan,nan,nan,nan,nan,nan,nan,nan,nan,nan,nan,nan,nan,nan,nan,nan,nan,nan,nan,nan,nan,nan,nan,nan,nan,nan,nan,nan,nan,nan,nan,nan,nan,nan,nan,nan,nan,nan,nan,nan,nan,nan,nan,nan,nan,nan,nan,nan,nan,nan,nan,nan,nan
131,18906,0.8004366666666667,-3.1554458620548265,0.30666666666666664,0,121,0.5619834710743802,0.03305785123966942,0.0743801652892562,0.10743801652892562,0.008264462809917356,0.6694214876033058,0.09917355371900827,0.23140495867768596,18.0,0.10743801652892562,0.06298412698412698,90.42329392433162,0.003342304942741071,0.752018612116741,0.975703287360515,0.01652892561983471,0.7777777777777778,0.11555555555555555,0.24,nan,2.9666360914707184,2.9666360914707184,1.7851062268018723,nan,nan,nan,nan,nan,nan,nan,nan,nan,nan,nan,nan,nan,nan,nan,nan,nan,nan,nan,nan,nan,nan,nan,nan,nan,nan,nan,nan,nan,nan,nan,nan,nan,nan,nan,nan,nan,nan,nan,nan,nan,nan,nan,nan,nan,nan,nan,nan,nan,nan,nan,nan,nan
132,19052,0.7988955555555556,-5.771749291658404,0.3288888888888889,0,146,0.5,0.04794520547945205,0.13013698630136986,0.0821917808219178,0.0,0.678082191780822,0.13013698630136986,0.1917808219178082,18.0,0.1780821917808219,0.05604938271604939,120.53094563484183,0.0026917937359205242,0.6056535905821179,0.9606213176481305,0.00684931506849315,0.6571428571428571,0.15555555555555556,0.24444444444444444,nan,2.909565657377243,2.909565657377243,1.7575961351394653,nan,nan,nan,nan,nan,nan,nan,nan,nan,nan,nan,nan,nan,nan,nan,nan,nan,nan,nan,nan,nan,nan,nan,nan,nan,nan,nan,nan,nan,nan,nan,nan,nan,nan,nan,nan,nan,nan,nan,nan,nan,nan,nan,nan,nan,nan,nan,nan,nan,nan,nan,nan,nan
133,19170,0.83812,-18.424278316497805,0.10666666666666667,0,118,0.19491525423728814,0.0423728813559322,0.3983050847457627,0.13559322033898305,0.00847457627118644,0.635593220338983,0.1694915254237288,0.19491525423728814,60.0,0.652542372881356,0.020444444444444446,80.15503158569327,0.0012753063681714984,0.28694393283858716,0.7991313518736396,0.00847457627118644,0.18518518518518517,0.10222222222222223,0.10666666666666667,nan,2.94559845328331,2.94559845328331,1.740813285112381,nan,nan,nan,nan,nan,nan,nan,nan,nan,nan,nan,nan,nan,nan,nan,nan,nan,nan,nan,nan,nan,nan,nan,nan,nan,nan,nan,nan,nan,nan,nan,nan,nan,nan,nan,nan,nan,nan,nan,nan,nan,nan,nan,nan,nan,nan,nan,nan,nan,nan,nan,nan,nan
134,19300,0.7962777777777779,-6.363384455680852,0.22666666666666666,-1,130,0.38461538461538464,0.07692307692307693,0.2076923076923077,0.08461538461538462,0.007692307692307693,0.6692307692307692,0.1076923076923077,0.2230769230769231,19.0,0.2,0.04296296296296296,90.3179471969603,0.002460443678349027,0.5535998276285311,0.9359783007552195,0.0,0.625,0.08,0.17333333333333334,nan,2.9565123915672302,2.9565123915672302,1.9697403311729431,nan,nan,nan,nan,nan,nan,nan,nan,nan,nan,nan,nan,nan,nan,nan,nan,nan,nan,nan,nan,nan,nan,nan,nan,nan,nan,nan,nan,nan,nan,nan,nan,nan,nan,nan,nan,nan,nan,nan,nan,nan,nan,nan,nan,nan,nan,nan,nan,nan,nan,nan,nan,nan
135,19467,0.7945150000000001,-3.131751738071442,0.44,-2,167,0.5868263473053892,0.023952095808383235,0.15568862275449102,0.023952095808383235,0.005988023952095809,0.7664670658682635,0.11976047904191617,0.11377245508982035,14.0,0.0658682634730539,0.06521008403361346,121.23573083877538,0.003592633562252176,0.8083425515067395,0.9014331136524495,0.0,0.7714285714285715,0.1511111111111111,0.29777777777777775,0.39555555555555555,2.8886071145534515,2.8886071145534515,1.7798466682434082,nan,nan,nan,nan,nan,nan,nan,nan,nan,nan,nan,nan,nan,nan,nan,nan,nan,nan,nan,nan,nan,nan,nan,nan,nan,nan,nan,nan,nan,nan,nan,nan,nan,nan,nan,nan,nan,nan,nan,nan,nan,nan,nan,nan,nan,nan,nan,nan,nan,nan,nan,nan,nan
136,19614,0.7954477733333334,-2.9856888692379,0.35555555555555557,0,147,0.5374149659863946,0.04081632653061224,0.16326530612244897,0.05442176870748299,0.0,0.7414965986394558,0.14965986394557823,0.10884353741496598,15.0,0.12244897959183673,0.059528619528619535,100.6065606594083,0.003489942492913127,0.7852370609054535,0.9340125177279335,0.0,0.7333333333333333,0.13777777777777778,0.27111111111111114,nan,2.8908219635486603,2.8908219635486603,1.837822362780571,nan,nan,nan,nan,nan,nan,nan,nan,nan,nan,nan,nan,nan,nan,nan,nan,nan,nan,nan,nan,nan,nan,nan,nan,nan,nan,nan,nan,nan,nan,nan,nan,nan,nan,nan,nan,nan,nan,nan,nan,nan,nan,nan,nan,nan,nan,nan,nan,nan,nan,nan,nan,nan
137,19761,0.7914116666666666,-6.182499288320543,0.27111111111111114,-1,147,0.40816326530612246,0.05442176870748299,0.25170068027210885,0.04081632653061224,0.006802721088435374,0.7142857142857143,0.14285714285714285,0.14285714285714285,53.0,0.32653061224489793,0.04616161616161616,98.81427893638588,0.0026986653096799902,0.6071996946779977,0.9194923799554843,0.0,0.5277777777777778,0.12444444444444444,0.14666666666666667,nan,2.8368845880031586,2.8368845880031586,2.082224667072296,nan,nan,nan,nan,nan,nan,nan,nan,nan,nan,nan,nan,nan,nan,nan,nan,nan,nan,nan,nan,nan,nan,nan,nan,nan,nan,nan,nan,nan,nan,nan,nan,nan,nan,nan,nan,nan,nan,nan,nan,nan,nan,nan,nan,nan,nan,nan,nan,nan,nan,nan,nan,nan
138,19913,0.7982149333333334,-11.761172799110408,0.17777777777777778,0,152,0.2565789473684211,0.05263157894736842,0.3223684210526316,0.11842105263157894,0.006578947368421052,0.631578947368421,0.17105263157894737,0.19736842105263158,54.0,0.47368421052631576,0.024761904761904763,101.03974094390844,0.0017154966126601435,0.38598673784853227,0.8453811084657561,0.013157894736842105,0.42105263157894735,0.10666666666666667,0.1111111111111111,0.17777777777777778,2.9001994729042053,2.9001994729042053,1.8678823709487915,nan,nan,nan,nan,nan,nan,nan,nan,nan,nan,nan,nan,nan,nan,nan,nan,nan,nan,nan,nan,nan,nan,nan,nan,nan,nan,nan,nan,nan,nan,nan,nan,nan,nan,nan,nan,nan,nan,nan,nan,nan,nan,nan,nan,nan,nan,nan,nan,nan,nan,nan,nan,nan
139,20081,0.7880338888888889,-2.5515059521198262,0.43555555555555553,-2,168,0.5773809523809523,0.03571428571428571,0.125,0.02976190476190476,0.011904761904761904,0.7380952380952381,0.13690476190476192,0.125,8.0,0.047619047619047616,0.0638095238095238,119.65243763923628,0.0036030282342508807,0.8106813527064481,0.9717806461015734,0.0,0.8205128205128205,0.14666666666666667,0.26666666666666666,0.39555555555555555,2.6327032148838043,2.6327032148838043,1.6173917949199677,nan,nan,nan,nan,nan,nan,nan,nan,nan,nan,nan,nan,nan,nan,nan,nan,nan,nan,nan,nan,nan,nan,nan,nan,nan,nan,nan,nan,nan,nan,nan,nan,nan,nan,nan,nan,nan,nan,nan,nan,nan,nan,nan,nan,nan,nan,nan,nan,nan,nan,nan,nan,nan
140,20260,0.7861444444444444,-3.237220159053804,0.38666666666666666,0,179,0.48044692737430167,0.061452513966480445,0.08379888268156424,0.0782122905027933,0.00558659217877095,0.6256983240223464,0.12849162011173185,0.24581005586592178,17.0,0.0782122905027933,0.05361111111111111,120.1259062767026,0.003181846731227126,0.7159155145261034,0.9788202962966053,0.0,0.7692307692307693,0.11555555555555555,0.25333333333333335,0.35555555555555557,2.8214835822582245,2.8214835822582245,1.584409460425377,-33.79164998147488,0.07777777777777778,-0.4,115.0,0.0,1.0,0.19934574518914508,0.04914658163203826,0.48582775101263903,0.1924092666569312,0.02945814689512169,0.7343200778338222,0.0,0.2656799221661776,69.4,0.6395270205427295,0.02359824137638783,84.72999982357008,0.0010485276783408902,0.23591872762670035,0.581496509195486,0.0,0.46297979797979794,0.04246913580246914,0.051428571428571435,0.09111111111111111,-31.418293541336066,0.06666666666666667,-0.2,93.7,0.0,1.0,0.17780430240741613,0.046947014643130516,0.48111529350112187,0.23947673058223135,0.015764395939909446,0.7058666105516684,0.0,0.29413338944833156,62.5,0.6531805907266087,0.022814861043694,75.02470039367665,0.0009421211184412161,0.21197725164927364,0.575326629524809,0.0,0.5625,0.04000000000000001,0.037037037037037035,nan,0.15438271604938272
141,20356,0.7870410567901235,-6.482346355915071,0.17777777777777778,0,96,0.40625,0.020833333333333332,0.19791666666666666,0.125,0.010416666666666666,0.625,0.16666666666666666,0.20833333333333334,23.0,0.23958333333333334,0.04439153439153439,70.0128224372864,0.002475736976445932,0.5570408197003347,0.9448579389642114,0.010416666666666666,0.6666666666666666,0.09333333333333334,nan,nan,2.6463269889354706,2.6463269889354706,1.5970921218395233,nan,nan,nan,nan,nan,nan,nan,nan,nan,nan,nan,nan,nan,nan,nan,nan,nan,nan,nan,nan,nan,nan,nan,nan,nan,nan,nan,nan,nan,nan,nan,nan,nan,nan,nan,nan,nan,nan,nan,nan,nan,nan,nan,nan,nan,nan,nan,nan,nan,nan,nan,nan,nan
142,20495,0.7836638888888889,-4.473316421508792,0.3377777777777778,0,139,0.539568345323741,0.007194244604316547,0.20863309352517986,0.04316546762589928,0.007194244604316547,0.7553956834532374,0.1079136690647482,0.1366906474820144,14.0,0.1510791366906475,0.06137566137566138,99.42206115722631,0.003352709946399111,0.7543597379397999,0.8761003589646507,0.0,0.7142857142857143,0.14666666666666667,0.24888888888888888,nan,2.817364275455475,2.817364275455475,1.6595012545585632,nan,nan,nan,nan,nan,nan,nan,nan,nan,nan,nan,nan,nan,nan,nan,nan,nan,nan,nan,nan,nan,nan,nan,nan,nan,nan,nan,nan,nan,nan,nan,nan,nan,nan,nan,nan,nan,nan,nan,nan,nan,nan,nan,nan,nan,nan,nan,nan,nan,nan,nan,nan,nan
143,20582,0.7827455555555556,-1.6093839578628535,0.26666666666666666,0,87,0.6781609195402298,0.034482758620689655,0.034482758620689655,0.022988505747126436,0.011494252873563218,0.7471264367816092,0.11494252873563218,0.13793103448275862,7.0,0.022988505747126436,0.07398148148148148,70.26079959869377,0.0037321269288130513,0.8397285589829365,0.9506295417617913,0.0,0.9473684210526315,0.17777777777777778,nan,nan,2.904209464788437,2.904209464788437,1.6042673885822296,nan,nan,nan,nan,nan,nan,nan,nan,nan,nan,nan,nan,nan,nan,nan,nan,nan,nan,nan,nan,nan,nan,nan,nan,nan,nan,nan,nan,nan,nan,nan,nan,nan,nan,nan,nan,nan,nan,nan,nan,nan,nan,nan,nan,nan,nan,nan,nan,nan,nan,nan,nan,nan
144,20667,0.8385677666666667,-9.329518677949906,0.08,0,85,0.2,0.058823529411764705,0.3058823529411765,0.1411764705882353,0.011764705882352941,0.5647058823529412,0.17647058823529413,0.25882352941176473,32.0,0.4588235294117647,0.01888888888888889,70.28113026618954,0.001075047530815016,0.24188569443337862,0.8970207794063224,0.011764705882352941,0.4166666666666667,0.07555555555555556,nan,nan,2.8736059069633484,2.8736059069633484,1.741975024342537,nan,nan,nan,nan,nan,nan,nan,nan,nan,nan,nan,nan,nan,nan,nan,nan,nan,nan,nan,nan,nan,nan,nan,nan,nan,nan,nan,nan,nan,nan,nan,nan,nan,nan,nan,nan,nan,nan,nan,nan,nan,nan,nan,nan,nan,nan,nan,nan,nan,nan,nan,nan,nan
145,20805,0.7803916666666667,-2.5895959441661827,0.3377777777777778,0,138,0.5434782608695652,0.007246376811594203,0.057971014492753624,0.09420289855072464,0.0,0.6086956521739131,0.13768115942028986,0.2536231884057971,4.0,0.0,0.05965811965811966,100.25329470634445,0.003324911508491687,0.7481050894106295,0.9957551707418341,0.0,0.926829268292683,0.16444444444444445,0.27555555555555555,nan,2.8939971029758453,2.8939971029758453,1.5885219871997833,nan,nan,nan,nan,nan,nan,nan,nan,nan,nan,nan,nan,nan,nan,nan,nan,nan,nan,nan,nan,nan,nan,nan,nan,nan,nan,nan,nan,nan,nan,nan,nan,nan,nan,nan,nan,nan,nan,nan,nan,nan,nan,nan,nan,nan,nan,nan,nan,nan,nan,nan,nan,nan
146,20960,0.7912107983539095,-4.5618007264137255,0.28444444444444444,0,155,0.4064516129032258,0.025806451612903226,0.09032258064516129,0.21935483870967742,0.0064516129032258064,0.5225806451612903,0.34838709677419355,0.12903225806451613,11.0,0.0967741935483871,0.04253968253968252,94.73143548965437,0.002955724238239574,0.665037953603904,0.9780932129463554,0.03870967741935484,0.8,0.09777777777777778,0.17777777777777778,0.28,2.774976760149002,2.774976760149002,1.7821924984455109,nan,nan,nan,nan,nan,nan,nan,nan,nan,nan,nan,nan,nan,nan,nan,nan,nan,nan,nan,nan,nan,nan,nan,nan,nan,nan,nan,nan,nan,nan,nan,nan,nan,nan,nan,nan,nan,nan,nan,nan,nan,nan,nan,nan,nan,nan,nan,nan,nan,nan,nan,nan,nan
147,21062,0.7776788888888889,-2.885135172367095,0.2222222222222222,0,102,0.4803921568627451,0.09803921568627451,0.08823529411764706,0.09803921568627451,0.00980392156862745,0.6666666666666666,0.17647058823529413,0.1568627450980392,22.0,0.16666666666666666,0.06399999999999993,71.55366830825801,0.0030435585334294317,0.6848006700216221,0.941186383063477,0.0,0.6666666666666666,0.1111111111111111,0.21333333333333335,nan,2.9231766760349274,2.9231766760349274,1.6424964219331741,nan,nan,nan,nan,nan,nan,nan,nan,nan,nan,nan,nan,nan,nan,nan,nan,nan,nan,nan,nan,nan,nan,nan,nan,nan,nan,nan,nan,nan,nan,nan,nan,nan,nan,nan,nan,nan,nan,nan,nan,nan,nan,nan,nan,nan,nan,nan,nan,nan,nan,nan,nan,nan
148,21195,0.7835667777777778,-9.907345714569091,0.20444444444444446,0,133,0.3383458646616541,0.06015037593984962,0.3383458646616541,0.045112781954887216,0.0,0.7368421052631579,0.16541353383458646,0.09774436090225563,51.0,0.3609022556390977,0.03648148148148148,100.08900680541969,0.0019982214469248813,0.44959982555809824,0.8369913540827596,0.0,0.5862068965517241,0.14222222222222222,0.19555555555555557,nan,2.7291873693466187,2.7291873693466187,1.5561296939849854,nan,nan,nan,nan,nan,nan,nan,nan,nan,nan,nan,nan,nan,nan,nan,nan,nan,nan,nan,nan,nan,nan,nan,nan,nan,nan,nan,nan,nan,nan,nan,nan,nan,nan,nan,nan,nan,nan,nan,nan,nan,nan,nan,nan,nan,nan,nan,nan,nan,nan,nan,nan,nan
149,21304,0.7914487440329219,-5.063191601514817,0.2311111111111111,0,109,0.46788990825688076,0.045871559633027525,0.1834862385321101,0.09174311926605505,0.009174311926605505,0.6972477064220184,0.1651376146788991,0.13761467889908258,31.0,0.24770642201834864,0.04849382716049382,80.13515810966493,0.002828554557245316,0.636424775380196,0.9444716589027077,0.0,0.7272727272727273,0.14666666666666667,0.2222222222222222,nan,2.936125636100769,2.936125636100769,1.4798437356948853,nan,nan,nan,nan,nan,nan,nan,nan,nan,nan,nan,nan,nan,nan,nan,nan,nan,nan,nan,nan,nan,nan,nan,nan,nan,nan,nan,nan,nan,nan,nan,nan,nan,nan,nan,nan,nan,nan,nan,nan,nan,nan,nan,nan,nan,nan,nan,nan,nan,nan,nan,nan,nan
150,21377,0.7743538888888889,-3.0653756375312815,0.19555555555555557,0,73,0.589041095890411,0.0410958904109589,0.0958904109589041,0.0410958904109589,0.0273972602739726,0.726027397260274,0.0821917808219178,0.1917808219178082,8.0,0.0547945205479452,0.06589371980676328,60.30833940505977,0.0031689002382824225,0.713002553613545,0.9821735700376613,0.0,0.7058823529411765,0.12,nan,nan,2.890290290117264,2.890290290117264,1.5780049115419388,nan,nan,nan,nan,nan,nan,nan,nan,nan,nan,nan,nan,nan,nan,nan,nan,nan,nan,nan,nan,nan,nan,nan,nan,nan,nan,nan,nan,nan,nan,nan,nan,nan,nan,nan,nan,nan,nan,nan,nan,nan,nan,nan,nan,nan,nan,nan,nan,nan,nan,nan,nan,nan
151,21520,0.7728444444444444,-9.110049270153047,0.2577777777777778,0,143,0.3986013986013986,0.04895104895104895,0.3006993006993007,0.055944055944055944,0.0,0.7482517482517482,0.1048951048951049,0.14685314685314685,21.0,0.3146853146853147,0.04337448559670782,110.06713590621933,0.002301625560141597,0.5178657510318593,0.870468615011923,0.0,0.5357142857142857,0.15555555555555556,0.19111111111111112,nan,2.791790872812271,2.791790872812271,1.7644826173782349,nan,nan,nan,nan,nan,nan,nan,nan,nan,nan,nan,nan,nan,nan,nan,nan,nan,nan,nan,nan,nan,nan,nan,nan,nan,nan,nan,nan,nan,nan,nan,nan,nan,nan,nan,nan,nan,nan,nan,nan,nan,nan,nan,nan,nan,nan,nan,nan,nan,nan,nan,nan,nan
152,21671,0.8224904311111111,-8.63057990074158,0.27111111111111114,0,151,0.3973509933774834,0.039735099337748346,0.304635761589404,0.046357615894039736,0.0,0.7417218543046358,0.10596026490066225,0.152317880794702,43.0,0.31125827814569534,0.038095238095238106,110.51980857849092,0.002412840468116452,0.5428891053262016,0.8718771090898518,0.0,0.5161290322580645,0.17333333333333334,0.21333333333333335,0.27111111111111114,2.826854944229126,2.826854944229126,1.9921623915433884,nan,nan,nan,nan,nan,nan,nan,nan,nan,nan,nan,nan,nan,nan,nan,nan,nan,nan,nan,nan,nan,nan,nan,nan,nan,nan,nan,nan,nan,nan,nan,nan,nan,nan,nan,nan,nan,nan,nan,nan,nan,nan,nan,nan,nan,nan,nan,nan,nan,nan,nan,nan,nan
153,21756,0.7703533333333333,-3.4013616991043127,0.2311111111111111,0,85,0.6,0.011764705882352941,0.15294117647058825,0.047058823529411764,0.023529411764705882,0.7647058823529411,0.11764705882352941,0.11764705882352941,19.0,0.16470588235294117,0.06833333333333333,60.63201618194578,0.003738398967081694,0.8411397675933812,0.9155496142613495,0.011764705882352941,0.8125,0.1111111111111111,nan,nan,2.7436127364635468,2.7436127364635468,2.180870443582535,nan,nan,nan,nan,nan,nan,nan,nan,nan,nan,nan,nan,nan,nan,nan,nan,nan,nan,nan,nan,nan,nan,nan,nan,nan,nan,nan,nan,nan,nan,nan,nan,nan,nan,nan,nan,nan,nan,nan,nan,nan,nan,nan,nan,nan,nan,nan,nan,nan,nan,nan,nan,nan
154,21925,0.7991868497942386,-5.06460381412506,0.3022222222222222,0,169,0.39644970414201186,0.01775147928994083,0.13609467455621302,0.21301775147928995,0.0,0.5502958579881657,0.11242603550295859,0.33727810650887574,11.0,0.07692307692307693,0.04274018379281538,100.76765537261933,0.0029550928487583946,0.6648958909706387,0.9428835598021899,0.0,0.75,0.11555555555555555,0.21777777777777776,0.29777777777777775,2.730725049972534,2.730725049972534,2.092281237244606,nan,nan,nan,nan,nan,nan,nan,nan,nan,nan,nan,nan,nan,nan,nan,nan,nan,nan,nan,nan,nan,nan,nan,nan,nan,nan,nan,nan,nan,nan,nan,nan,nan,nan,nan,nan,nan,nan,nan,nan,nan,nan,nan,nan,nan,nan,nan,nan,nan,nan,nan,nan,nan
155,22099,0.7743355613168724,-6.390031927824018,0.31555555555555553,0,174,0.40229885057471265,0.05747126436781609,0.1206896551724138,0.12643678160919541,0.005747126436781609,0.5804597701149425,0.10344827586206896,0.3160919540229885,19.0,0.16091954022988506,0.04462962962962963,120.67649455070467,0.0025780589026008827,0.5800632530851987,0.9673631279784389,0.0,0.7254901960784313,0.13777777777777778,0.2,0.28444444444444444,2.8637479841709137,2.8637479841709137,1.8655565977096558,nan,nan,nan,nan,nan,nan,nan,nan,nan,nan,nan,nan,nan,nan,nan,nan,nan,nan,nan,nan,nan,nan,nan,nan,nan,nan,nan,nan,nan,nan,nan,nan,nan,nan,nan,nan,nan,nan,nan,nan,nan,nan,nan,nan,nan,nan,nan,nan,nan,nan,nan,nan,nan
156,22206,0.7656033333333334,-7.497934804439546,0.15555555555555556,0,107,0.3177570093457944,0.056074766355140186,0.2803738317757009,0.056074766355140186,0.009345794392523364,0.6542056074766355,0.14953271028037382,0.19626168224299065,52.0,0.4392523364485981,0.03936507936507937,73.34223623275747,0.0020603559268570415,0.4635800835428343,0.9014735692419305,0.009345794392523364,0.41935483870967744,0.12,0.13777777777777778,nan,2.7304935455322266,2.7304935455322266,1.7211304157972336,nan,nan,nan,nan,nan,nan,nan,nan,nan,nan,nan,nan,nan,nan,nan,nan,nan,nan,nan,nan,nan,nan,nan,nan,nan,nan,nan,nan,nan,nan,nan,nan,nan,nan,nan,nan,nan,nan,nan,nan,nan,nan,nan,nan,nan,nan,nan,nan,nan,nan,nan,nan,nan
157,22304,0.7760788543209877,-2.885301072359085,0.24,0,98,0.5408163265306123,0.0,0.17346938775510204,0.030612244897959183,0.01020408163265306,0.7142857142857143,0.1326530612244898,0.15306122448979592,6.0,0.01020408163265306,0.05995169082125604,70.35524830818177,0.0033480878999067117,0.7533197774790102,0.9816190878851966,0.0,0.84,0.11555555555555555,nan,nan,2.7979288697242737,2.7979288697242737,1.5311081409454346,nan,nan,nan,nan,nan,nan,nan,nan,nan,nan,nan,nan,nan,nan,nan,nan,nan,nan,nan,nan,nan,nan,nan,nan,nan,nan,nan,nan,nan,nan,nan,nan,nan,nan,nan,nan,nan,nan,nan,nan,nan,nan,nan,nan,nan,nan,nan,nan,nan,nan,nan,nan,nan
158,22421,0.7633338888888889,-1.4150171082019802,0.3333333333333333,0,117,0.6324786324786325,0.03418803418803419,0.1111111111111111,0.042735042735042736,0.008547008547008548,0.7777777777777778,0.1623931623931624,0.05982905982905983,6.0,0.017094017094017096,0.06996078431372547,85.60016293525685,0.0038421526035837335,0.86448433580634,0.9597769597545993,0.017094017094017096,0.9523809523809523,0.16444444444444445,0.28888888888888886,nan,2.6482877135276794,2.6482877135276794,1.4248102456331253,nan,nan,nan,nan,nan,nan,nan,nan,nan,nan,nan,nan,nan,nan,nan,nan,nan,nan,nan,nan,nan,nan,nan,nan,nan,nan,nan,nan,nan,nan,nan,nan,nan,nan,nan,nan,nan,nan,nan,nan,nan,nan,nan,nan,nan,nan,nan,nan,nan,nan,nan,nan,nan
159,22508,0.7624155555555555,-5.8664267249107365,0.1511111111111111,0,87,0.3793103448275862,0.034482758620689655,0.19540229885057472,0.06896551724137931,0.011494252873563218,0.6091954022988506,0.1839080459770115,0.20689655172413793,14.0,0.21839080459770116,0.045092592592592594,70.61358785629265,0.0020770317883457698,0.46733215237779824,0.9532514382923132,0.0,0.5357142857142857,0.08444444444444445,nan,nan,2.7954543232917786,2.7954543232917786,1.6270445138216019,nan,nan,nan,nan,nan,nan,nan,nan,nan,nan,nan,nan,nan,nan,nan,nan,nan,nan,nan,nan,nan,nan,nan,nan,nan,nan,nan,nan,nan,nan,nan,nan,nan,nan,nan,nan,nan,nan,nan,nan,nan,nan,nan,nan,nan,nan,nan,nan,nan,nan,nan,nan,nan
160,22657,0.8182405111111111,-10.785719271183018,0.2222222222222222,0,149,0.3288590604026846,0.04697986577181208,0.348993288590604,0.06040268456375839,0.0,0.7248322147651006,0.12080536912751678,0.15436241610738255,31.0,0.40268456375838924,0.03635802469135802,100.492564487457,0.002167103396042398,0.4875982641095396,0.8411953320421983,0.006711409395973154,0.4375,0.1288888888888889,0.19555555555555557,nan,2.8033491671085358,2.8033491671085358,1.6246706396341324,-65.81592469451428,0.035555555555555556,0.0,108.4,0.0,1.0,0.07063109452736319,0.0,0.9293689054726368,0.0,0.0032782515991471215,1.0,0.0,0.0,101.4,0.8789181236673775,0.006585185185185184,95.77642566204055,0.0003293825679460758,0.07411107778786705,0.26902344404617884,0.0,0.0,0.035555555555555556,0.035555555555555556,nan,-59.75608350169658,0.035555555555555556,0.0,103.3,0.0,1.0,0.07287276477297491,0.0,0.927127235227025,0.0,0.00418579179296467,1.0,0.0,0.0,96.3,0.8750752603891858,0.006844444444444445,91.68841430187219,0.00034825944822670354,0.07835837585100829,0.27268119833945004,0.0,0.0,0.035555555555555556,0.035555555555555556,nan,0.05511111111111111
161,22746,0.7599033333333334,-3.7482889056205764,0.21333333333333335,-1,89,0.5280898876404494,0.0449438202247191,0.12359550561797752,0.07865168539325842,0.033707865168539325,0.6966292134831461,0.12359550561797752,0.1797752808988764,21.0,0.1797752808988764,0.05920634920634921,68.99322767257685,0.0030276723663403447,0.6812262824265775,0.9764694089206271,0.02247191011235955,0.7,0.10222222222222223,nan,nan,2.644932270050049,2.644932270050049,2.050062417984009,nan,nan,nan,nan,nan,nan,nan,nan,nan,nan,nan,nan,nan,nan,nan,nan,nan,nan,nan,nan,nan,nan,nan,nan,nan,nan,nan,nan,nan,nan,nan,nan,nan,nan,nan,nan,nan,nan,nan,nan,nan,nan,nan,nan,nan,nan,nan,nan,nan,nan,nan,nan,nan
162,22828,0.7823843397530864,-5.899485356092454,0.17333333333333334,0,82,0.4634146341463415,0.0,0.2682926829268293,0.07317073170731707,0.012195121951219513,0.7317073170731707,0.13414634146341464,0.13414634146341464,12.0,0.17073170731707318,0.042222222222222223,70.5474795818328,0.00239397480802958,0.5386443318066555,0.9405977057484716,0.0,0.5625,0.1111111111111111,nan,nan,2.5855212211608887,2.5855212211608887,1.5282634645700455,nan,nan,nan,nan,nan,nan,nan,nan,nan,nan,nan,nan,nan,nan,nan,nan,nan,nan,nan,nan,nan,nan,nan,nan,nan,nan,nan,nan,nan,nan,nan,nan,nan,nan,nan,nan,nan,nan,nan,nan,nan,nan,nan,nan,nan,nan,nan,nan,nan,nan,nan,nan,nan
163,22908,0.77076728,-4.427320897102358,0.18666666666666668,0,80,0.5125,0.0375,0.1875,0.0375,0.0125,0.7375,0.1625,0.1,8.0,0.0875,0.04555555555555556,70.49829425811761,0.00258477491036941,0.5815743548331171,0.9652904309679858,0.0,0.8333333333333334,0.13333333333333333,nan,nan,2.598315179347992,2.598315179347992,1.6390586644411087,nan,nan,nan,nan,nan,nan,nan,nan,nan,nan,nan,nan,nan,nan,nan,nan,nan,nan,nan,nan,nan,nan,nan,nan,nan,nan,nan,nan,nan,nan,nan,nan,nan,nan,nan,nan,nan,nan,nan,nan,nan,nan,nan,nan,nan,nan,nan,nan,nan,nan,nan,nan,nan
164,23080,0.7563777777777778,-4.495824555158616,0.36,-1,172,0.46511627906976744,0.06976744186046512,0.11046511627906977,0.11627906976744186,0.011627906976744186,0.6453488372093024,0.13953488372093023,0.21511627906976744,20.0,0.13372093023255813,0.051832611832611834,116.70309100151037,0.0030466678517619894,0.6855002666464476,0.9793099494178407,0.011627906976744186,0.6585365853658537,0.13333333333333333,0.2311111111111111,0.30666666666666664,2.7129083573818207,2.7129083573818207,1.4654909744858742,nan,nan,nan,nan,nan,nan,nan,nan,nan,nan,nan,nan,nan,nan,nan,nan,nan,nan,nan,nan,nan,nan,nan,nan,nan,nan,nan,nan,nan,nan,nan,nan,nan,nan,nan,nan,nan,nan,nan,nan,nan,nan,nan,nan,nan,nan,nan,nan,nan,nan,nan,nan,nan
165,23208,0.7550266666666666,-2.809567467212677,0.26222222222222225,0,128,0.453125,0.0625,0.0859375,0.1328125,0.0078125,0.6015625,0.1171875,0.28125,12.0,0.0859375,0.053827160493827166,80.58635683059688,0.0031987769135619396,0.7197248055514363,0.9552919295011872,0.0,0.7647058823529411,0.12,0.2222222222222222,nan,2.3838116228580475,2.3838116228580475,1.6075630336999893,nan,nan,nan,nan,nan,nan,nan,nan,nan,nan,nan,nan,nan,nan,nan,nan,nan,nan,nan,nan,nan,nan,nan,nan,nan,nan,nan,nan,nan,nan,nan,nan,nan,nan,nan,nan,nan,nan,nan,nan,nan,nan,nan,nan,nan,nan,nan,nan,nan,nan,nan,nan,nan
166,23294,0.7541188888888889,-1.6076361119747165,0.27111111111111114,0,86,0.6976744186046512,0.023255813953488372,0.03488372093023256,0.011627906976744186,0.011627906976744186,0.7558139534883721,0.08139534883720931,0.16279069767441862,3.0,0.0,0.077979797979798,70.92034392356871,0.0037600870485633153,0.8460195859267458,0.981462527836463,0.0,0.95,0.16,nan,nan,2.625093698501587,2.625093698501587,1.723979040980339,nan,nan,nan,nan,nan,nan,nan,nan,nan,nan,nan,nan,nan,nan,nan,nan,nan,nan,nan,nan,nan,nan,nan,nan,nan,nan,nan,nan,nan,nan,nan,nan,nan,nan,nan,nan,nan,nan,nan,nan,nan,nan,nan,nan,nan,nan,nan,nan,nan,nan,nan,nan,nan
167,23431,0.7548712419753086,-2.8752078313827516,0.3511111111111111,0,137,0.5693430656934306,0.021897810218978103,0.13138686131386862,0.0364963503649635,0.0,0.7226277372262774,0.1678832116788321,0.10948905109489052,13.0,0.058394160583941604,0.06018518518518518,100.07816982269266,0.003463958896139408,0.7793907516313668,0.9649664005011317,0.0,0.84375,0.1511111111111111,0.3022222222222222,nan,2.468186914920807,2.468186914920807,1.621628388762474,nan,nan,nan,nan,nan,nan,nan,nan,nan,nan,nan,nan,nan,nan,nan,nan,nan,nan,nan,nan,nan,nan,nan,nan,nan,nan,nan,nan,nan,nan,nan,nan,nan,nan,nan,nan,nan,nan,nan,nan,nan,nan,nan,nan,nan,nan,nan,nan,nan,nan,nan,nan,nan
168,23520,0.7706016,-5.3284275784492525,0.16444444444444445,0,89,0.4044943820224719,0.0449438202247191,0.20224719101123595,0.11235955056179775,0.011235955056179775,0.651685393258427,0.07865168539325842,0.2696629213483146,9.0,0.1348314606741573,0.045238095238095244,70.2326436042785,0.002278142923132869,0.5125821577048956,0.9562297528841022,0.0,0.6666666666666666,0.10222222222222223,nan,nan,2.4794415533542633,2.4794415533542633,1.500727191567421,nan,nan,nan,nan,nan,nan,nan,nan,nan,nan,nan,nan,nan,nan,nan,nan,nan,nan,nan,nan,nan,nan,nan,nan,nan,nan,nan,nan,nan,nan,nan,nan,nan,nan,nan,nan,nan,nan,nan,nan,nan,nan,nan,nan,nan,nan,nan,nan,nan,nan,nan,nan,nan
169,23669,0.7501605555555556,-2.973148557901382,0.40444444444444444,0,149,0.6040268456375839,0.006711409395973154,0.18120805369127516,0.03355704697986577,0.006711409395973154,0.7919463087248322,0.09395973154362416,0.11409395973154363,15.0,0.09395973154362416,0.0670679012345679,110.37284340858443,0.003624079870075082,0.8154179707668934,0.8695991658571531,0.0,0.7307692307692307,0.12444444444444444,0.29777777777777775,nan,2.526573523879051,2.526573523879051,1.5788969546556473,nan,nan,nan,nan,nan,nan,nan,nan,nan,nan,nan,nan,nan,nan,nan,nan,nan,nan,nan,nan,nan,nan,nan,nan,nan,nan,nan,nan,nan,nan,nan,nan,nan,nan,nan,nan,nan,nan,nan,nan,nan,nan,nan,nan,nan,nan,nan,nan,nan,nan,nan,nan,nan
170,23744,0.7493688888888889,-1.7855847790241235,0.24,0,75,0.7066666666666667,0.013333333333333334,0.08,0.04,0.02666666666666667,0.8,0.14666666666666667,0.05333333333333334,7.0,0.02666666666666667,0.07851851851851852,60.05318837165829,0.003922448781532546,0.882550975844823,0.9248420455170511,0.0,1.0,0.15555555555555556,nan,nan,2.482359081506729,2.482359081506729,1.7403410077095032,nan,nan,nan,nan,nan,nan,nan,nan,nan,nan,nan,nan,nan,nan,nan,nan,nan,nan,nan,nan,nan,nan,nan,nan,nan,nan,nan,nan,nan,nan,nan,nan,nan,nan,nan,nan,nan,nan,nan,nan,nan,nan,nan,nan,nan,nan,nan,nan,nan,nan,nan,nan,nan
171,23871,0.7480283333333333,-0.8427695744037619,0.3288888888888889,-1,127,0.5748031496062992,0.05511811023622047,0.023622047244094488,0.09448818897637795,0.007874015748031496,0.6535433070866141,0.11023622047244094,0.23622047244094488,7.0,0.023622047244094488,0.06259259259259264,82.29304356575003,0.003942550067251088,0.8870737651314947,0.9552849154980183,0.0,0.84375,0.11555555555555555,0.26222222222222225,nan,2.340215563774109,2.340215563774109,1.8732991069555283,nan,nan,nan,nan,nan,nan,nan,nan,nan,nan,nan,nan,nan,nan,nan,nan,nan,nan,nan,nan,nan,nan,nan,nan,nan,nan,nan,nan,nan,nan,nan,nan,nan,nan,nan,nan,nan,nan,nan,nan,nan,nan,nan,nan,nan,nan,nan,nan,nan,nan,nan,nan,nan
172,24077,0.8068489555555556,-4.665731116294861,0.3244444444444444,0,206,0.34951456310679613,0.08737864077669903,0.06310679611650485,0.22330097087378642,0.0,0.5,0.1650485436893204,0.33495145631067963,28.0,0.1941747572815534,0.03555555555555555,120.04505825042693,0.0026656657480430847,0.5997747933096941,0.9806198617855099,0.019417475728155338,0.6607142857142857,0.12444444444444444,0.20444444444444446,0.3111111111111111,2.680418759584427,2.680418759584427,1.926276609301567,nan,nan,nan,nan,nan,nan,nan,nan,nan,nan,nan,nan,nan,nan,nan,nan,nan,nan,nan,nan,nan,nan,nan,nan,nan,nan,nan,nan,nan,nan,nan,nan,nan,nan,nan,nan,nan,nan,nan,nan,nan,nan,nan,nan,nan,nan,nan,nan,nan,nan,nan,nan,nan
173,24223,0.8056777111111112,-8.322101944446567,0.23555555555555555,0,146,0.3561643835616438,0.08904109589041095,0.2191780821917808,0.10273972602739725,0.0,0.6643835616438356,0.17123287671232876,0.1643835616438356,28.0,0.3767123287671233,0.038518518518518514,100.0104947090148,0.0023108685921766478,0.5199454332397457,0.8737461564760076,0.0,0.5294117647058824,0.08888888888888889,0.2222222222222222,nan,2.4722604155540466,2.4722604155540466,1.5990518927574158,nan,nan,nan,nan,nan,nan,nan,nan,nan,nan,nan,nan,nan,nan,nan,nan,nan,nan,nan,nan,nan,nan,nan,nan,nan,nan,nan,nan,nan,nan,nan,nan,nan,nan,nan,nan,nan,nan,nan,nan,nan,nan,nan,nan,nan,nan,nan,nan,nan,nan,nan,nan,nan
174,24375,0.7757179012345679,-1.7923302326202384,0.4266666666666667,0,152,0.625,0.019736842105263157,0.1513157894736842,0.006578947368421052,0.0,0.7960526315789473,0.09868421052631579,0.10526315789473684,11.0,0.07894736842105263,0.060317460317460325,110.24124031066863,0.0038299843237645575,0.8617464728470253,0.9270272010567339,0.0,0.7586206896551724,0.16444444444444445,0.3022222222222222,0.4266666666666667,2.6045735478401184,2.6045735478401184,1.3146196752786636,nan,nan,nan,nan,nan,nan,nan,nan,nan,nan,nan,nan,nan,nan,nan,nan,nan,nan,nan,nan,nan,nan,nan,nan,nan,nan,nan,nan,nan,nan,nan,nan,nan,nan,nan,nan,nan,nan,nan,nan,nan,nan,nan,nan,nan,nan,nan,nan,nan,nan,nan,nan,nan
175,24514,0.7971330311111111,-6.963615174293524,0.26666666666666666,0,139,0.4244604316546763,0.03597122302158273,0.30935251798561153,0.050359712230215826,0.0,0.7697841726618705,0.09352517985611511,0.1366906474820144,18.0,0.28776978417266186,0.04428571428571428,100.80585880279527,0.0026012597416108815,0.5852834418624483,0.8665197421187808,0.0,0.4,0.08444444444444445,0.2088888888888889,nan,2.4839122593402863,2.4839122593402863,1.5447353571653366,nan,nan,nan,nan,nan,nan,nan,nan,nan,nan,nan,nan,nan,nan,nan,nan,nan,nan,nan,nan,nan,nan,nan,nan,nan,nan,nan,nan,nan,nan,nan,nan,nan,nan,nan,nan,nan,nan,nan,nan,nan,nan,nan,nan,nan,nan,nan,nan,nan,nan,nan,nan,nan
176,24620,0.7401222222222222,-3.657326478004456,0.24888888888888888,0,106,0.5188679245283019,0.04716981132075472,0.10377358490566038,0.07547169811320754,0.009433962264150943,0.6698113207547169,0.09433962264150944,0.2358490566037736,11.0,0.05660377358490566,0.06296296296296297,80.96501407623288,0.003019136688030301,0.6793057548068178,0.9710409552700511,0.0,0.8148148148148148,0.1288888888888889,0.22666666666666666,nan,2.5750934183597565,2.5750934183597565,1.4861840158700943,nan,nan,nan,nan,nan,nan,nan,nan,nan,nan,nan,nan,nan,nan,nan,nan,nan,nan,nan,nan,nan,nan,nan,nan,nan,nan,nan,nan,nan,nan,nan,nan,nan,nan,nan,nan,nan,nan,nan,nan,nan,nan,nan,nan,nan,nan,nan,nan,nan,nan,nan,nan,nan
177,24744,0.7733673619753086,-4.982126792192459,0.24888888888888888,0,124,0.4435483870967742,0.016129032258064516,0.10483870967741936,0.1532258064516129,0.008064516129032258,0.5645161290322581,0.14516129032258066,0.2903225806451613,8.0,0.08064516129032258,0.04922222222222222,90.36311230659483,0.0027051352947546113,0.6086554413197875,0.9786531531406111,0.008064516129032258,0.8571428571428571,0.1111111111111111,0.2088888888888889,nan,2.518846094608307,2.518846094608307,1.5785590708255768,nan,nan,nan,nan,nan,nan,nan,nan,nan,nan,nan,nan,nan,nan,nan,nan,nan,nan,nan,nan,nan,nan,nan,nan,nan,nan,nan,nan,nan,nan,nan,nan,nan,nan,nan,nan,nan,nan,nan,nan,nan,nan,nan,nan,nan,nan,nan,nan,nan,nan,nan,nan,nan
178,24806,0.7433957111111111,-1.4670896129608153,0.2088888888888889,0,62,0.7419354838709677,0.0,0.03225806451612903,0.016129032258064516,0.03225806451612903,0.7741935483870968,0.11290322580645161,0.11290322580645161,2.0,0.0,0.08098765432098766,50.57228202819823,0.004042618530254375,0.9095891693072342,0.9803944685544544,0.0,1.0,0.17333333333333334,nan,nan,2.5933559238910675,2.5933559238910675,1.506058156490326,nan,nan,nan,nan,nan,nan,nan,nan,nan,nan,nan,nan,nan,nan,nan,nan,nan,nan,nan,nan,nan,nan,nan,nan,nan,nan,nan,nan,nan,nan,nan,nan,nan,nan,nan,nan,nan,nan,nan,nan,nan,nan,nan,nan,nan,nan,nan,nan,nan,nan,nan,nan,nan
179,24944,0.7390426469135803,-3.3134909605979934,0.3333333333333333,0,138,0.5362318840579711,0.050724637681159424,0.15942028985507245,0.057971014492753624,0.0,0.7463768115942029,0.13768115942028986,0.11594202898550725,16.0,0.10144927536231885,0.05754985754985755,100.24277105331403,0.003280923755728676,0.7382078450389521,0.9503577259221155,0.0,0.7307692307692307,0.13777777777777778,0.26666666666666666,nan,2.5214280784130096,2.5214280784130096,1.5155612379312515,nan,nan,nan,nan,nan,nan,nan,nan,nan,nan,nan,nan,nan,nan,nan,nan,nan,nan,nan,nan,nan,nan,nan,nan,nan,nan,nan,nan,nan,nan,nan,nan,nan,nan,nan,nan,nan,nan,nan,nan,nan,nan,nan,nan,nan,nan,nan,nan,nan,nan,nan,nan,nan
180,25016,0.7359422222222223,-1.9178822021484367,0.22666666666666666,0,72,0.6944444444444444,0.06944444444444445,0.027777777777777776,0.013888888888888888,0.027777777777777776,0.7916666666666666,0.1111111111111111,0.09722222222222222,4.0,0.0,0.07730639730639731,60.294116210937425,0.0036856369441552713,0.829268312434936,0.971371908709204,0.0,0.8571428571428571,0.15555555555555556,nan,nan,2.667533040046692,2.667533040046692,1.6290796846151352,-65.09179991273881,0.06577777777777778,-0.1,132.0,0.0,1.0,0.167493943115848,0.039164330203112295,0.39256014505614456,0.36457404164532986,0.025695709641696134,0.5992184183751048,0.0,0.4007815816248951,72.7,0.7125287960259308,0.01798253968253968,81.40285631179796,0.0009121897113891336,0.20524268506255505,0.5198099114219782,0.0,0.6694444444444445,0.03944444444444444,0.05777777777777777,0.06814814814814814,-53.36409744005205,0.05733333333333333,0.0,105.1,0.0,1.0,0.18463912695507428,0.06390512884507393,0.41605164656035487,0.297736034588918,0.03165402248700182,0.664595902360503,0.0,0.33540409763949686,67.3,0.6622214110191341,0.01991358024691358,68.57616609573354,0.0009830738938325667,0.2211916261123275,0.561324893144694,0.0,0.5266666666666666,0.044444444444444446,0.051111111111111114,0.05555555555555555,0.13137037037037036
181,25172,0.7342955555555556,-7.907090492725375,0.3244444444444444,0,156,0.46153846153846156,0.019230769230769232,0.1987179487179487,0.10256410256410256,0.0,0.6794871794871795,0.1282051282051282,0.19230769230769232,28.0,0.17307692307692307,0.05576719576719576,110.20086183547957,0.0029037885427586996,0.6533524221207073,0.876708156442783,0.0,0.7878787878787878,0.1111111111111111,0.21777777777777776,0.3022222222222222,2.622927665710449,2.622927665710449,1.6223833709955215,nan,nan,nan,nan,nan,nan,nan,nan,nan,nan,nan,nan,nan,nan,nan,nan,nan,nan,nan,nan,nan,nan,nan,nan,nan,nan,nan,nan,nan,nan,nan,nan,nan,nan,nan,nan,nan,nan,nan,nan,nan,nan,nan,nan,nan,nan,nan,nan,nan,nan,nan,nan,nan
182,25303,0.7329127777777777,-9.019146127223973,0.24444444444444444,0,131,0.4122137404580153,0.030534351145038167,0.3053435114503817,0.061068702290076333,0.0,0.7480916030534351,0.12213740458015267,0.1297709923664122,23.0,0.2900763358778626,0.051728395061728404,100.55377264022808,0.00238678265069872,0.537026096407212,0.867371227151085,0.0,0.56,0.11555555555555555,0.19111111111111112,nan,2.4750807881355286,2.4750807881355286,1.6244640499353409,nan,nan,nan,nan,nan,nan,nan,nan,nan,nan,nan,nan,nan,nan,nan,nan,nan,nan,nan,nan,nan,nan,nan,nan,nan,nan,nan,nan,nan,nan,nan,nan,nan,nan,nan,nan,nan,nan,nan,nan,nan,nan,nan,nan,nan,nan,nan,nan,nan,nan,nan,nan,nan
183,25439,0.7734463378600822,-5.941649481534959,0.3022222222222222,0,136,0.49264705882352944,0.03676470588235294,0.22794117647058823,0.058823529411764705,0.0,0.7573529411764706,0.11764705882352941,0.125,17.0,0.21323529411764705,0.05057239057239058,100.29189982414226,0.002969110948141564,0.6680499633318518,0.8945147699907022,0.0,0.68,0.12,0.2311111111111111,nan,2.568979859352112,2.568979859352112,1.8021371811628342,nan,nan,nan,nan,nan,nan,nan,nan,nan,nan,nan,nan,nan,nan,nan,nan,nan,nan,nan,nan,nan,nan,nan,nan,nan,nan,nan,nan,nan,nan,nan,nan,nan,nan,nan,nan,nan,nan,nan,nan,nan,nan,nan,nan,nan,nan,nan,nan,nan,nan,nan,nan,nan
184,25542,0.7327865333333334,-9.264505342483522,0.1688888888888889,0,103,0.3592233009708738,0.019417475728155338,0.3592233009708738,0.06796116504854369,0.009708737864077669,0.7378640776699029,0.14563106796116504,0.11650485436893204,23.0,0.4077669902912621,0.052444444444444446,80.0619556427001,0.0020539648716342367,0.46214209611770324,0.8457047855756415,0.0,0.4,0.1288888888888889,0.15555555555555556,nan,2.4441646933555603,2.4441646933555603,1.5480953305959702,nan,nan,nan,nan,nan,nan,nan,nan,nan,nan,nan,nan,nan,nan,nan,nan,nan,nan,nan,nan,nan,nan,nan,nan,nan,nan,nan,nan,nan,nan,nan,nan,nan,nan,nan,nan,nan,nan,nan,nan,nan,nan,nan,nan,nan,nan,nan,nan,nan,nan,nan,nan,nan
185,25695,0.78302,-17.075225463867188,0.1688888888888889,0,153,0.24183006535947713,0.05228758169934641,0.3660130718954248,0.08496732026143791,0.0,0.6601307189542484,0.1503267973856209,0.1895424836601307,45.0,0.5424836601307189,0.02349206349206349,130.30690917968758,0.0012619779371612805,0.2839450358612881,0.8672598145441416,0.006535947712418301,0.3333333333333333,0.1111111111111111,0.16,0.1688888888888889,2.4094001799821854,2.4094001799821854,1.495522826910019,nan,nan,nan,nan,nan,nan,nan,nan,nan,nan,nan,nan,nan,nan,nan,nan,nan,nan,nan,nan,nan,nan,nan,nan,nan,nan,nan,nan,nan,nan,nan,nan,nan,nan,nan,nan,nan,nan,nan,nan,nan,nan,nan,nan,nan,nan,nan,nan,nan,nan,nan,nan,nan
186,25780,0.7542433975308642,-5.903807706594467,0.18222222222222223,0,85,0.47058823529411764,0.0,0.3411764705882353,0.023529411764705882,0.011764705882352941,0.8117647058823529,0.10588235294117647,0.08235294117647059,12.0,0.21176470588235294,0.04611111111111112,70.41721625328056,0.002524635128124588,0.5680429038280322,0.8783183259419639,0.0,0.5,0.13333333333333333,nan,nan,2.5988462269306183,2.5988462269306183,1.5009801387786865,nan,nan,nan,nan,nan,nan,nan,nan,nan,nan,nan,nan,nan,nan,nan,nan,nan,nan,nan,nan,nan,nan,nan,nan,nan,nan,nan,nan,nan,nan,nan,nan,nan,nan,nan,nan,nan,nan,nan,nan,nan,nan,nan,nan,nan,nan,nan,nan,nan,nan,nan,nan,nan
187,25916,0.7373845333333333,-8.366713066816331,0.2577777777777778,0,136,0.41911764705882354,0.03676470588235294,0.3088235294117647,0.03676470588235294,0.007352941176470588,0.7647058823529411,0.14705882352941177,0.08823529411764706,27.0,0.3014705882352941,0.045993265993265996,100.2448863506315,0.0025271447009001216,0.5686075577025274,0.8388005951786495,0.0,0.48148148148148145,0.17777777777777778,0.2222222222222222,nan,2.4266924411058426,2.4266924411058426,1.5412206947803497,nan,nan,nan,nan,nan,nan,nan,nan,nan,nan,nan,nan,nan,nan,nan,nan,nan,nan,nan,nan,nan,nan,nan,nan,nan,nan,nan,nan,nan,nan,nan,nan,nan,nan,nan,nan,nan,nan,nan,nan,nan,nan,nan,nan,nan,nan,nan,nan,nan,nan,nan,nan,nan
188,26092,0.7763625688888889,-13.694940306425085,0.32,0,176,0.4034090909090909,0.03409090909090909,0.2897727272727273,0.0625,0.0,0.7272727272727273,0.11363636363636363,0.1590909090909091,33.0,0.3693181818181818,0.03944444444444445,120.4184791088102,0.0026204911230478124,0.5896105026857578,0.8033444996037656,0.0,0.43243243243243246,0.1688888888888889,0.2222222222222222,0.29777777777777775,2.6014523804187775,2.6014523804187775,1.3328165784478188,nan,nan,nan,nan,nan,nan,nan,nan,nan,nan,nan,nan,nan,nan,nan,nan,nan,nan,nan,nan,nan,nan,nan,nan,nan,nan,nan,nan,nan,nan,nan,nan,nan,nan,nan,nan,nan,nan,nan,nan,nan,nan,nan,nan,nan,nan,nan,nan,nan,nan,nan,nan,nan
189,26196,0.7234866666666667,-2.7496611065864567,0.24,0,104,0.5096153846153846,0.04807692307692308,0.10576923076923077,0.07692307692307693,0.009615384615384616,0.6634615384615384,0.125,0.21153846153846154,15.0,0.11538461538461539,0.061111111111111116,70.00629625320427,0.003364776715276862,0.757074760937294,0.9401838720120085,0.009615384615384616,0.8461538461538461,0.13333333333333333,0.22666666666666666,nan,2.431757628917694,2.431757628917694,1.4482927173376083,nan,nan,nan,nan,nan,nan,nan,nan,nan,nan,nan,nan,nan,nan,nan,nan,nan,nan,nan,nan,nan,nan,nan,nan,nan,nan,nan,nan,nan,nan,nan,nan,nan,nan,nan,nan,nan,nan,nan,nan,nan,nan,nan,nan,nan,nan,nan,nan,nan,nan,nan,nan,nan
190,26383,0.7215127777777778,-9.653522232055655,0.28888888888888886,-1,187,0.3422459893048128,0.0481283422459893,0.18181818181818182,0.1711229946524064,0.0053475935828877,0.5721925133689839,0.11764705882352941,0.31016042780748665,43.0,0.3048128342245989,0.03976851851851851,110.39544982910122,0.0025765957282187038,0.5797340388492084,0.9349426681447602,0.016042780748663103,0.6041666666666666,0.12444444444444444,0.1688888888888889,0.19555555555555557,2.51530721783638,2.51530721783638,1.2356360852718353,nan,nan,nan,nan,nan,nan,nan,nan,nan,nan,nan,nan,nan,nan,nan,nan,nan,nan,nan,nan,nan,nan,nan,nan,nan,nan,nan,nan,nan,nan,nan,nan,nan,nan,nan,nan,nan,nan,nan,nan,nan,nan,nan,nan,nan,nan,nan,nan,nan,nan,nan,nan,nan
191,26521,0.7312538666666667,-3.0751642200946807,0.3022222222222222,0,138,0.4855072463768116,0.021739130434782608,0.07971014492753623,0.13043478260869565,0.007246376811594203,0.5869565217391305,0.10144927536231885,0.3115942028985507,8.0,0.021739130434782608,0.05236467236467237,90.02061161994932,0.003307884410238641,0.7442739923036942,0.9786963606566835,0.0,0.7894736842105263,0.12,0.2222222222222222,nan,2.4798653721809387,2.4798653721809387,1.4740279614925385,nan,nan,nan,nan,nan,nan,nan,nan,nan,nan,nan,nan,nan,nan,nan,nan,nan,nan,nan,nan,nan,nan,nan,nan,nan,nan,nan,nan,nan,nan,nan,nan,nan,nan,nan,nan,nan,nan,nan,nan,nan,nan,nan,nan,nan,nan,nan,nan,nan,nan,nan,nan,nan
192,26702,0.7857906222222223,-10.69786036062241,0.25333333333333335,0,181,0.30939226519337015,0.04419889502762431,0.287292817679558,0.1270718232044199,0.0,0.6408839779005525,0.15469613259668508,0.20441988950276244,19.0,0.292817679558011,0.031111111111111114,120.39867010116562,0.0020672062962137265,0.4651214166480884,0.9225698884424022,0.0055248618784530384,0.5238095238095238,0.08444444444444445,0.16444444444444445,0.24,2.48029488325119,2.48029488325119,1.3557725548744202,nan,nan,nan,nan,nan,nan,nan,nan,nan,nan,nan,nan,nan,nan,nan,nan,nan,nan,nan,nan,nan,nan,nan,nan,nan,nan,nan,nan,nan,nan,nan,nan,nan,nan,nan,nan,nan,nan,nan,nan,nan,nan,nan,nan,nan,nan,nan,nan,nan,nan,nan,nan,nan
193,26791,0.7172061111111112,-1.1038946692943572,0.28888888888888886,0,89,0.7191011235955056,0.02247191011235955,0.056179775280898875,0.02247191011235955,0.011235955056179775,0.797752808988764,0.0898876404494382,0.11235955056179775,4.0,0.0,0.08071428571428571,70.85613970756523,0.004014393750751773,0.903238593919149,0.9783024056264309,0.0,0.9375,0.14666666666666667,nan,nan,2.5609045773744583,2.5609045773744583,1.399831846356392,nan,nan,nan,nan,nan,nan,nan,nan,nan,nan,nan,nan,nan,nan,nan,nan,nan,nan,nan,nan,nan,nan,nan,nan,nan,nan,nan,nan,nan,nan,nan,nan,nan,nan,nan,nan,nan,nan,nan,nan,nan,nan,nan,nan,nan,nan,nan,nan,nan,nan,nan,nan,nan
194,26971,0.772244888888889,-5.57065865468979,0.3466666666666667,0,180,0.42777777777777776,0.1,0.19444444444444445,0.06666666666666667,0.0,0.7222222222222222,0.15555555555555556,0.12222222222222222,37.0,0.25555555555555554,0.042777777777777776,120.57770147323575,0.0028381883054735806,0.6385923687315557,0.928285778064362,0.005555555555555556,0.5789473684210527,0.16,0.28888888888888886,0.3466666666666667,2.5355164706707,2.5355164706707,1.4158112332224846,nan,nan,nan,nan,nan,nan,nan,nan,nan,nan,nan,nan,nan,nan,nan,nan,nan,nan,nan,nan,nan,nan,nan,nan,nan,nan,nan,nan,nan,nan,nan,nan,nan,nan,nan,nan,nan,nan,nan,nan,nan,nan,nan,nan,nan,nan,nan,nan,nan,nan,nan,nan,nan
195,27077,0.7141872222222223,-3.5677258450984977,0.26222222222222225,0,106,0.5471698113207547,0.09433962264150944,0.03773584905660377,0.0660377358490566,0.009433962264150943,0.6792452830188679,0.1320754716981132,0.18867924528301888,11.0,0.05660377358490566,0.06562962962962966,90.49262709617607,0.0028486053068589793,0.6409361940432703,0.9857694701090823,0.009433962264150943,0.7777777777777778,0.13333333333333333,0.24,nan,2.450456365942955,2.450456365942955,1.6119265854358673,nan,nan,nan,nan,nan,nan,nan,nan,nan,nan,nan,nan,nan,nan,nan,nan,nan,nan,nan,nan,nan,nan,nan,nan,nan,nan,nan,nan,nan,nan,nan,nan,nan,nan,nan,nan,nan,nan,nan,nan,nan,nan,nan,nan,nan,nan,nan,nan,nan,nan,nan,nan,nan
196,27219,0.7126883333333334,-3.9134061787128473,0.3111111111111111,0,142,0.4859154929577465,0.06338028169014084,0.15492957746478872,0.028169014084507043,0.0,0.704225352112676,0.14788732394366197,0.14788732394366197,22.0,0.13380281690140844,0.05459694989106754,100.34672551155064,0.0030560704906247003,0.6876158603905574,0.935068776638481,0.0,0.7105263157894737,0.12,0.2311111111111111,nan,2.267257645726204,2.267257645726204,1.479761779308319,nan,nan,nan,nan,nan,nan,nan,nan,nan,nan,nan,nan,nan,nan,nan,nan,nan,nan,nan,nan,nan,nan,nan,nan,nan,nan,nan,nan,nan,nan,nan,nan,nan,nan,nan,nan,nan,nan,nan,nan,nan,nan,nan,nan,nan,nan,nan,nan,nan,nan,nan,nan,nan
197,27371,0.7804237555555555,-8.193655435562137,0.24,0,152,0.34868421052631576,0.07236842105263158,0.2894736842105263,0.07894736842105263,0.0,0.7105263157894737,0.1513157894736842,0.13815789473684212,58.0,0.4605263157894737,0.033650793650793646,100.53957557678198,0.002342913765094045,0.5271555971461601,0.8846107677136473,0.006578947368421052,0.3125,0.1111111111111111,0.24,0.24,2.4185861945152283,2.4185861945152283,1.2256656736135483,nan,nan,nan,nan,nan,nan,nan,nan,nan,nan,nan,nan,nan,nan,nan,nan,nan,nan,nan,nan,nan,nan,nan,nan,nan,nan,nan,nan,nan,nan,nan,nan,nan,nan,nan,nan,nan,nan,nan,nan,nan,nan,nan,nan,nan,nan,nan,nan,nan,nan,nan,nan,nan
198,27499,0.7793969111111111,-9.028966816186905,0.24888888888888888,0,128,0.4296875,0.0546875,0.3125,0.03125,0.0,0.796875,0.109375,0.09375,45.0,0.375,0.04074074074074074,101.0092077732085,0.002420021400358715,0.5445048150807109,0.8659387380140336,0.0078125,0.45454545454545453,0.14222222222222222,0.24888888888888888,nan,2.437743902206421,2.437743902206421,1.3381425738334656,nan,nan,nan,nan,nan,nan,nan,nan,nan,nan,nan,nan,nan,nan,nan,nan,nan,nan,nan,nan,nan,nan,nan,nan,nan,nan,nan,nan,nan,nan,nan,nan,nan,nan,nan,nan,nan,nan,nan,nan,nan,nan,nan,nan,nan,nan,nan,nan,nan,nan,nan,nan,nan
199,27643,0.7303886066666667,-13.262252335548396,0.19555555555555557,0,144,0.2986111111111111,0.013888888888888888,0.3333333333333333,0.1388888888888889,0.0,0.6458333333333334,0.14583333333333334,0.20833333333333334,41.0,0.3472222222222222,0.03302144249512671,100.26906986236553,0.001905982686120855,0.42884610437719234,0.8639456782008306,0.006944444444444444,0.4666666666666667,0.11555555555555555,0.13333333333333333,nan,2.3945912420749664,2.3945912420749664,1.3321280032396317,nan,nan,nan,nan,nan,nan,nan,nan,nan,nan,nan,nan,nan,nan,nan,nan,nan,nan,nan,nan,nan,nan,nan,nan,nan,nan,nan,nan,nan,nan,nan,nan,nan,nan,nan,nan,nan,nan,nan,nan,nan,nan,nan,nan,nan,nan,nan,nan,nan,nan,nan,nan,nan
200,27755,0.7070305555555556,-1.011563651084899,0.3244444444444444,0,112,0.6428571428571429,0.017857142857142856,0.044642857142857144,0.05357142857142857,0.008928571428571428,0.7053571428571429,0.13392857142857142,0.16071428571428573,7.0,0.017857142857142856,0.06977777777777779,80.13870143890372,0.003993076931050126,0.8984423094862783,0.9647469785909379,0.0,0.9259259259259259,0.1511111111111111,0.29777777777777775,nan,2.3908702433109283,2.3908702433109283,1.3217855542898178,-61.238160047316555,0.044,0.0,102.4,0.0,1.0,0.14301928974979822,0.0035714285714285713,0.8267143664245358,0.007142857142857143,0.01419491525423729,0.9733050847457626,0.0,0.02669491525423729,92.7,0.7762353510895885,0.01616954732510288,87.65961949825271,0.0006274091983951866,0.141167069638917,0.3512173703796461,0.0,0.2,0.035555555555555556,0.035555555555555556,nan,-59.2907534240961,0.04133333333333333,0.0,103.5,0.0,1.0,0.09225634510973761,0.0,0.903333982059537,0.0,0.0056782879611034336,0.9955903271692745,0.0,0.004409672830725462,95.0,0.851823912345916,0.010804232804232806,90.59765165805806,0.0004255491341288926,0.09574855517900084,0.2930256569846015,0.0,0.2,0.03866666666666667,0.03936507936507937,nan,0.06355555555555555
201,27879,0.7057216666666666,-6.1040957801342035,0.3377777777777778,0,124,0.6048387096774194,0.024193548387096774,0.18548387096774194,0.016129032258064516,0.016129032258064516,0.8145161290322581,0.04032258064516129,0.14516129032258066,21.0,0.14516129032258066,0.06722222222222222,110.7628169536591,0.0030094335129883273,0.6771225404223736,0.910099843527668,0.0,0.7619047619047619,0.15555555555555556,0.27111111111111114,nan,2.2903504222631454,2.2903504222631454,1.377941757440567,nan,nan,nan,nan,nan,nan,nan,nan,nan,nan,nan,nan,nan,nan,nan,nan,nan,nan,nan,nan,nan,nan,nan,nan,nan,nan,nan,nan,nan,nan,nan,nan,nan,nan,nan,nan,nan,nan,nan,nan,nan,nan,nan,nan,nan,nan,nan,nan,nan,nan,nan,nan,nan
202,27991,0.7045394444444444,-0.7856890799999228,0.3244444444444444,0,112,0.6428571428571429,0.0625,0.07142857142857142,0.03571428571428571,0.008928571428571428,0.7767857142857143,0.09821428571428571,0.125,6.0,0.008928571428571428,0.06881481481481481,80.13037219047531,0.003993491996260024,0.8985356991585055,0.947746522001384,0.0,0.8571428571428571,0.16444444444444445,0.3022222222222222,nan,2.465909719467163,2.465909719467163,1.4555330276489258,nan,nan,nan,nan,nan,nan,nan,nan,nan,nan,nan,nan,nan,nan,nan,nan,nan,nan,nan,nan,nan,nan,nan,nan,nan,nan,nan,nan,nan,nan,nan,nan,nan,nan,nan,nan,nan,nan,nan,nan,nan,nan,nan,nan,nan,nan,nan,nan,nan,nan,nan,nan,nan
203,28086,0.7746878666666667,-11.421215359687805,0.14222222222222222,0,95,0.3263157894736842,0.021052631578947368,0.4,0.06315789473684211,0.010526315789473684,0.7473684210526316,0.12631578947368421,0.12631578947368421,32.0,0.47368421052631576,0.034444444444444444,70.58300342559812,0.0019519965301988032,0.4391992192947307,0.8096705549659897,0.010526315789473684,0.3333333333333333,0.06666666666666667,nan,nan,2.262497454881668,2.262497454881668,1.2400948107242584,nan,nan,nan,nan,nan,nan,nan,nan,nan,nan,nan,nan,nan,nan,nan,nan,nan,nan,nan,nan,nan,nan,nan,nan,nan,nan,nan,nan,nan,nan,nan,nan,nan,nan,nan,nan,nan,nan,nan,nan,nan,nan,nan,nan,nan,nan,nan,nan,nan,nan,nan,nan,nan
204,28176,0.7087993007407407,-4.90383515405655,0.17777777777777778,0,90,0.43333333333333335,0.06666666666666667,0.13333333333333333,0.16666666666666666,0.011111111111111112,0.6333333333333333,0.17777777777777778,0.18888888888888888,11.0,0.14444444444444443,0.04555555555555556,70.17938241958625,0.002469861195087377,0.5557187688946598,0.9705225079725172,0.022222222222222223,0.6111111111111112,0.12444444444444444,nan,nan,2.3294623643159866,2.3294623643159866,1.491646558046341,nan,nan,nan,nan,nan,nan,nan,nan,nan,nan,nan,nan,nan,nan,nan,nan,nan,nan,nan,nan,nan,nan,nan,nan,nan,nan,nan,nan,nan,nan,nan,nan,nan,nan,nan,nan,nan,nan,nan,nan,nan,nan,nan,nan,nan,nan,nan,nan,nan,nan,nan,nan,nan
205,28286,0.7040795506172839,-6.140702646017078,0.24,-1,110,0.4818181818181818,0.00909090909090909,0.21818181818181817,0.08181818181818182,0.01818181818181818,0.7090909090909091,0.11818181818181818,0.17272727272727273,14.0,0.16363636363636364,0.05111111111111111,86.91145377159116,0.0027102935842565766,0.6098160564577297,0.9354091325235256,0.0,0.8260869565217391,0.13333333333333333,0.22666666666666666,nan,2.3983131647109985,2.3983131647109985,1.3668148666620255,nan,nan,nan,nan,nan,nan,nan,nan,nan,nan,nan,nan,nan,nan,nan,nan,nan,nan,nan,nan,nan,nan,nan,nan,nan,nan,nan,nan,nan,nan,nan,nan,nan,nan,nan,nan,nan,nan,nan,nan,nan,nan,nan,nan,nan,nan,nan,nan,nan,nan,nan,nan,nan
206,28446,0.6997366666666667,-2.9745149991512285,0.4088888888888889,0,160,0.56875,0.05625,0.1375,0.0375,0.0,0.7625,0.11875,0.11875,10.0,0.08125,0.06444444444444444,120.09061903953531,0.00336782712654097,0.7577611034717181,0.9540321222976689,0.0,0.7741935483870968,0.13333333333333333,0.25333333333333335,0.37777777777777777,2.241031691431999,2.241031691431999,1.2839225009083748,nan,nan,nan,nan,nan,nan,nan,nan,nan,nan,nan,nan,nan,nan,nan,nan,nan,nan,nan,nan,nan,nan,nan,nan,nan,nan,nan,nan,nan,nan,nan,nan,nan,nan,nan,nan,nan,nan,nan,nan,nan,nan,nan,nan,nan,nan,nan,nan,nan,nan,nan,nan,nan
207,28492,0.699251111111111,-3.2575832810401932,0.10666666666666667,0,46,0.5,0.10869565217391304,0.021739130434782608,0.10869565217391304,0.043478260869565216,0.6304347826086957,0.13043478260869565,0.2391304347826087,9.0,0.08695652173913043,0.05576719576719577,40.20555505752561,0.0025424900135308155,0.5720602530444334,0.9551908136317973,0.0,0.6666666666666666,nan,nan,nan,2.066672697663307,2.066672697663307,1.440267413854599,nan,nan,nan,nan,nan,nan,nan,nan,nan,nan,nan,nan,nan,nan,nan,nan,nan,nan,nan,nan,nan,nan,nan,nan,nan,nan,nan,nan,nan,nan,nan,nan,nan,nan,nan,nan,nan,nan,nan,nan,nan,nan,nan,nan,nan,nan,nan,nan,nan,nan,nan,nan,nan
208,28556,0.6985755555555555,-2.3456863517761226,0.1688888888888889,0,64,0.578125,0.078125,0.0,0.09375,0.03125,0.65625,0.09375,0.25,6.0,0.015625,0.0687830687830688,50.25415573120117,0.0032722556383997957,0.736257518639954,0.9908470869120796,0.0,0.75,0.11555555555555555,nan,nan,2.3871666193008423,2.3871666193008423,1.2987861633300781,nan,nan,nan,nan,nan,nan,nan,nan,nan,nan,nan,nan,nan,nan,nan,nan,nan,nan,nan,nan,nan,nan,nan,nan,nan,nan,nan,nan,nan,nan,nan,nan,nan,nan,nan,nan,nan,nan,nan,nan,nan,nan,nan,nan,nan,nan,nan,nan,nan,nan,nan,nan,nan
209,28647,0.7097104,-3.395685236930848,0.20444444444444446,0,91,0.4945054945054945,0.0989010989010989,0.08791208791208792,0.054945054945054944,0.01098901098901099,0.6813186813186813,0.15384615384615385,0.16483516483516483,16.0,0.13186813186813187,0.05562500000000001,70.18747844696051,0.002849511115449697,0.6411400009761817,0.9755606690322955,0.0,0.7391304347826086,0.1511111111111111,nan,nan,2.276430517435074,2.276430517435074,1.3941632136702538,nan,nan,nan,nan,nan,nan,nan,nan,nan,nan,nan,nan,nan,nan,nan,nan,nan,nan,nan,nan,nan,nan,nan,nan,nan,nan,nan,nan,nan,nan,nan,nan,nan,nan,nan,nan,nan,nan,nan,nan,nan,nan,nan,nan,nan,nan,nan,nan,nan,nan,nan,nan,nan
210,28762,0.6964011111111111,-3.6899179205894486,0.2577777777777778,0,115,0.4956521739130435,0.06956521739130435,0.21739130434782608,0.017391304347826087,0.008695652173913044,0.782608695652174,0.11304347826086956,0.10434782608695652,22.0,0.19130434782608696,0.055407407407407405,81.09445638656602,0.0031239291145343955,0.702884050770239,0.9223637710312832,0.0,0.7391304347826086,0.13777777777777778,0.2222222222222222,nan,2.2791197896003723,2.2791197896003723,1.2764022201299667,nan,nan,nan,nan,nan,nan,nan,nan,nan,nan,nan,nan,nan,nan,nan,nan,nan,nan,nan,nan,nan,nan,nan,nan,nan,nan,nan,nan,nan,nan,nan,nan,nan,nan,nan,nan,nan,nan,nan,nan,nan,nan,nan,nan,nan,nan,nan,nan,nan,nan,nan,nan,nan
211,28920,0.7557866666666666,-9.33932049846649,0.21333333333333335,0,158,0.2974683544303797,0.14556962025316456,0.16455696202531644,0.10126582278481013,0.0,0.6075949367088608,0.17088607594936708,0.22151898734177214,47.0,0.43037974683544306,0.029841269841269842,120.39352855682374,0.0017350508070730465,0.39038643159143543,0.949369928299476,0.0,0.5111111111111111,0.13777777777777778,0.19555555555555557,0.21333333333333335,2.1243996024131775,2.1243996024131775,1.297124207019806,nan,nan,nan,nan,nan,nan,nan,nan,nan,nan,nan,nan,nan,nan,nan,nan,nan,nan,nan,nan,nan,nan,nan,nan,nan,nan,nan,nan,nan,nan,nan,nan,nan,nan,nan,nan,nan,nan,nan,nan,nan,nan,nan,nan,nan,nan,nan,nan,nan,nan,nan,nan,nan
212,29062,0.7338183912757202,-5.441792990684513,0.18666666666666668,0,142,0.2887323943661972,0.08450704225352113,0.14084507042253522,0.20422535211267606,0.007042253521126761,0.5140845070422535,0.15492957746478872,0.33098591549295775,31.0,0.24647887323943662,0.031416122004357304,80.56945705413798,0.002261678666889607,0.5088777000501615,0.9725071256214635,0.0,0.55,0.09777777777777778,0.13333333333333333,nan,2.3397506326436996,2.3397506326436996,1.1838258653879166,nan,nan,nan,nan,nan,nan,nan,nan,nan,nan,nan,nan,nan,nan,nan,nan,nan,nan,nan,nan,nan,nan,nan,nan,nan,nan,nan,nan,nan,nan,nan,nan,nan,nan,nan,nan,nan,nan,nan,nan,nan,nan,nan,nan,nan,nan,nan,nan,nan,nan,nan,nan,nan
213,29188,0.7180583338271604,-4.455679482221604,0.24888888888888888,0,126,0.4365079365079365,0.0873015873015873,0.12698412698412698,0.12698412698412698,0.007936507936507936,0.6507936507936508,0.0873015873015873,0.2619047619047619,8.0,0.09523809523809523,0.04074074074074074,90.09218554496749,0.0027132702238912326,0.6104858003755274,0.9803737915674244,0.0,0.6428571428571429,0.12,0.2088888888888889,nan,2.237302854657173,2.237302854657173,1.2290760427713394,nan,nan,nan,nan,nan,nan,nan,nan,nan,nan,nan,nan,nan,nan,nan,nan,nan,nan,nan,nan,nan,nan,nan,nan,nan,nan,nan,nan,nan,nan,nan,nan,nan,nan,nan,nan,nan,nan,nan,nan,nan,nan,nan,nan,nan,nan,nan,nan,nan,nan,nan,nan,nan
214,29317,0.6905427777777777,-4.551211990833282,0.31555555555555553,-1,129,0.5426356589147286,0.06976744186046512,0.15503875968992248,0.023255813953488372,0.007751937984496124,0.7674418604651163,0.10852713178294573,0.12403100775193798,17.0,0.12403100775193798,0.05962962962962962,107.06868562698358,0.002905715235871958,0.6537859280711905,0.9241399509176691,0.0,0.7777777777777778,0.13333333333333333,0.24888888888888888,nan,2.4436456859111786,2.4436456859111786,1.3481375128030777,nan,nan,nan,nan,nan,nan,nan,nan,nan,nan,nan,nan,nan,nan,nan,nan,nan,nan,nan,nan,nan,nan,nan,nan,nan,nan,nan,nan,nan,nan,nan,nan,nan,nan,nan,nan,nan,nan,nan,nan,nan,nan,nan,nan,nan,nan,nan,nan,nan,nan,nan,nan,nan
215,29364,0.6900466666666667,-4.356205627202987,0.07555555555555556,0,47,0.3404255319148936,0.1276595744680851,0.1276595744680851,0.19148936170212766,0.0425531914893617,0.5957446808510638,0.06382978723404255,0.3404255319148936,10.0,0.1276595744680851,0.037676767676767677,40.46862502098084,0.0017571911838923059,0.39536801637576885,0.9847756819228972,0.0,0.5,nan,nan,nan,2.099267229437828,2.099267229437828,1.2798859998583794,nan,nan,nan,nan,nan,nan,nan,nan,nan,nan,nan,nan,nan,nan,nan,nan,nan,nan,nan,nan,nan,nan,nan,nan,nan,nan,nan,nan,nan,nan,nan,nan,nan,nan,nan,nan,nan,nan,nan,nan,nan,nan,nan,nan,nan,nan,nan,nan,nan,nan,nan,nan,nan
216,29543,0.7083923535802469,-7.123161668300631,0.21777777777777776,0,179,0.2681564245810056,0.11173184357541899,0.13966480446927373,0.20670391061452514,0.0,0.5195530726256983,0.11731843575418995,0.36312849162011174,40.0,0.2737430167597765,0.026666666666666665,100.75392065048192,0.002117370043329554,0.47640825974914963,0.9546374207158693,0.00558659217877095,0.5714285714285714,0.08888888888888889,0.17333333333333334,0.20444444444444446,2.3183706998825073,2.3183706998825073,1.4280182719230652,nan,nan,nan,nan,nan,nan,nan,nan,nan,nan,nan,nan,nan,nan,nan,nan,nan,nan,nan,nan,nan,nan,nan,nan,nan,nan,nan,nan,nan,nan,nan,nan,nan,nan,nan,nan,nan,nan,nan,nan,nan,nan,nan,nan,nan,nan,nan,nan,nan,nan,nan,nan,nan
217,29665,0.6868694444444444,-1.6320644574165348,0.3288888888888889,0,122,0.5983606557377049,0.08196721311475409,0.05737704918032787,0.06557377049180328,0.00819672131147541,0.7377049180327869,0.12295081967213115,0.13934426229508196,8.0,0.03278688524590164,0.06597979797979799,90.00061388015736,0.0036049136828829507,0.8111055786486638,0.9759055568222547,0.0,0.782608695652174,0.13777777777777778,0.28888888888888886,nan,2.2334406971931458,2.2334406971931458,1.256489410996437,nan,nan,nan,nan,nan,nan,nan,nan,nan,nan,nan,nan,nan,nan,nan,nan,nan,nan,nan,nan,nan,nan,nan,nan,nan,nan,nan,nan,nan,nan,nan,nan,nan,nan,nan,nan,nan,nan,nan,nan,nan,nan,nan,nan,nan,nan,nan,nan,nan,nan,nan,nan,nan
218,29786,0.6855922222222222,-6.045326183319092,0.2311111111111111,0,121,0.4214876033057851,0.0743801652892562,0.2231404958677686,0.08264462809917356,0.008264462809917356,0.71900826446281,0.11570247933884298,0.1652892561983471,15.0,0.2066115702479339,0.046518518518518515,85.85072555541974,0.0026402417125798794,0.594054385330473,0.9268483553208332,0.0,0.625,0.13333333333333333,0.2,nan,2.2873251289129257,2.2873251289129257,1.249547727406025,nan,nan,nan,nan,nan,nan,nan,nan,nan,nan,nan,nan,nan,nan,nan,nan,nan,nan,nan,nan,nan,nan,nan,nan,nan,nan,nan,nan,nan,nan,nan,nan,nan,nan,nan,nan,nan,nan,nan,nan,nan,nan,nan,nan,nan,nan,nan,nan,nan,nan,nan,nan,nan
219,29884,0.6845577777777778,-2.518255497217179,0.20444444444444446,0,98,0.45918367346938777,0.061224489795918366,0.061224489795918366,0.17346938775510204,0.02040816326530612,0.5816326530612245,0.19387755102040816,0.22448979591836735,17.0,0.14285714285714285,0.05135265700483092,60.28814759254444,0.0033174016450413066,0.7464153701342939,0.994022587371154,0.0,0.7916666666666666,0.12444444444444444,nan,nan,2.2162718921899796,2.2162718921899796,1.3245425894856453,nan,nan,nan,nan,nan,nan,nan,nan,nan,nan,nan,nan,nan,nan,nan,nan,nan,nan,nan,nan,nan,nan,nan,nan,nan,nan,nan,nan,nan,nan,nan,nan,nan,nan,nan,nan,nan,nan,nan,nan,nan,nan,nan,nan,nan,nan,nan,nan,nan,nan,nan,nan,nan
220,30024,0.7135982222222222,-4.830785065412522,0.26666666666666666,0,140,0.42142857142857143,0.08571428571428572,0.12142857142857143,0.10714285714285714,0.0,0.6285714285714286,0.12857142857142856,0.24285714285714285,19.0,0.16428571428571428,0.044691358024691354,100.29319109916663,0.0026145565750614664,0.5882752293888298,0.9768659948564261,0.007142857142857143,0.7027027027027027,0.12444444444444444,0.21333333333333335,nan,2.26210381090641,2.26210381090641,1.3509130626916885,-56.52149603784087,0.05822222222222222,-0.1,111.4,0.0,1.0,0.10749009811132793,0.011068749999999999,0.8533079679778861,0.0191962647640534,0.004118587733600903,0.971866816089214,0.02470292728826943,0.003430256622516556,94.6,0.8220704503943346,0.010620718462823725,96.90567655086504,0.0005388880758379385,0.12124981706353619,0.34239530706182086,0.0,0.4,0.035555555555555556,0.035555555555555556,0.12444444444444444,-54.02061519768239,0.05066666666666666,-0.4,103.8,0.0,1.0,0.10882895619676418,0.014615707283164947,0.8225980524467899,0.04085996243476558,0.00948332480587976,0.9460427159267191,0.053957284073280945,0.0,90.2,0.8156511585731984,0.011064738803869238,88.08871616840352,0.0005456367794686735,0.12276827538045154,0.35828451615878787,0.0,0.36666666666666664,0.035555555555555556,0.03555555555555555,nan,0.1462222222222222
221,30167,0.7579936222222222,-7.265506511688232,0.3022222222222222,0,143,0.46853146853146854,0.02097902097902098,0.25874125874125875,0.06293706293706294,0.0,0.7482517482517482,0.15384615384615385,0.0979020979020979,27.0,0.27972027972027974,0.04962962962962963,100.64291915893529,0.0029587553726211696,0.6657199588397631,0.888888665552666,0.0,0.6666666666666666,0.17333333333333334,0.26222222222222225,nan,2.2362589836120605,2.2362589836120605,1.2616032138466835,nan,nan,nan,nan,nan,nan,nan,nan,nan,nan,nan,nan,nan,nan,nan,nan,nan,nan,nan,nan,nan,nan,nan,nan,nan,nan,nan,nan,nan,nan,nan,nan,nan,nan,nan,nan,nan,nan,nan,nan,nan,nan,nan,nan,nan,nan,nan,nan,nan,nan,nan,nan,nan
222,30272,0.6932437333333334,-1.806240154743194,0.28,0,105,0.5904761904761905,0.01904761904761905,0.08571428571428572,0.11428571428571428,0.009523809523809525,0.6952380952380952,0.22857142857142856,0.0761904761904762,10.0,0.047619047619047616,0.062222222222222234,70.15466814041122,0.0039278292216284785,0.8837615748664075,0.9704508688142718,0.009523809523809525,0.7894736842105263,0.17333333333333334,0.27111111111111114,nan,2.2408018708229065,2.2408018708229065,1.334171012043953,nan,nan,nan,nan,nan,nan,nan,nan,nan,nan,nan,nan,nan,nan,nan,nan,nan,nan,nan,nan,nan,nan,nan,nan,nan,nan,nan,nan,nan,nan,nan,nan,nan,nan,nan,nan,nan,nan,nan,nan,nan,nan,nan,nan,nan,nan,nan,nan,nan,nan,nan,nan,nan
223,30365,0.6794805555555555,-4.01954454469681,0.18666666666666668,0,93,0.44086021505376344,0.0967741935483871,0.11827956989247312,0.08602150537634409,0.010752688172043012,0.6559139784946236,0.16129032258064516,0.1827956989247312,11.0,0.12903225806451613,0.05074074074074074,70.01470994949335,0.0026026276814354043,0.585591228322966,0.9778363164200289,0.0,0.5217391304347826,0.08444444444444445,nan,nan,2.2142718881368637,2.2142718881368637,1.2366465777158737,nan,nan,nan,nan,nan,nan,nan,nan,nan,nan,nan,nan,nan,nan,nan,nan,nan,nan,nan,nan,nan,nan,nan,nan,nan,nan,nan,nan,nan,nan,nan,nan,nan,nan,nan,nan,nan,nan,nan,nan,nan,nan,nan,nan,nan,nan,nan,nan,nan,nan,nan,nan,nan
224,30452,0.6785622222222223,-4.5669404320716875,0.18222222222222223,0,87,0.45977011494252873,0.034482758620689655,0.14942528735632185,0.11494252873563218,0.011494252873563218,0.6436781609195402,0.19540229885057472,0.16091954022988506,7.0,0.04597701149425287,0.05527777777777779,70.14228982925411,0.0025345305693688994,0.5702693781080024,0.982661653236353,0.011494252873563218,0.7619047619047619,0.08888888888888889,nan,nan,2.2631810903549194,2.2631810903549194,1.3009095638990402,nan,nan,nan,nan,nan,nan,nan,nan,nan,nan,nan,nan,nan,nan,nan,nan,nan,nan,nan,nan,nan,nan,nan,nan,nan,nan,nan,nan,nan,nan,nan,nan,nan,nan,nan,nan,nan,nan,nan,nan,nan,nan,nan,nan,nan,nan,nan,nan,nan,nan,nan,nan,nan
225,30567,0.6773483333333333,-3.3162845098972324,0.23555555555555555,0,115,0.45217391304347826,0.02608695652173913,0.09565217391304348,0.19130434782608696,0.008695652173913044,0.5739130434782609,0.30434782608695654,0.12173913043478261,8.0,0.08695652173913043,0.049777777777777775,70.15509057044979,0.003294288543167501,0.7412149222126877,0.9466146305847897,0.008695652173913044,0.7777777777777778,0.09333333333333334,0.2088888888888889,nan,2.063671961426735,2.063671961426735,1.2724639475345612,nan,nan,nan,nan,nan,nan,nan,nan,nan,nan,nan,nan,nan,nan,nan,nan,nan,nan,nan,nan,nan,nan,nan,nan,nan,nan,nan,nan,nan,nan,nan,nan,nan,nan,nan,nan,nan,nan,nan,nan,nan,nan,nan,nan,nan,nan,nan,nan,nan,nan,nan,nan,nan
226,30648,0.6764933333333334,-1.9068061461448664,0.24,0,81,0.654320987654321,0.0,0.09876543209876543,0.06172839506172839,0.024691358024691357,0.7530864197530864,0.14814814814814814,0.09876543209876543,8.0,0.037037037037037035,0.07999999999999999,61.15053472518911,0.0038520604376420207,0.8667135984694547,0.9730863081025793,0.012345679012345678,0.9333333333333333,0.13333333333333333,nan,nan,2.4058392345905304,2.4058392345905304,1.4300309494137764,nan,nan,nan,nan,nan,nan,nan,nan,nan,nan,nan,nan,nan,nan,nan,nan,nan,nan,nan,nan,nan,nan,nan,nan,nan,nan,nan,nan,nan,nan,nan,nan,nan,nan,nan,nan,nan,nan,nan,nan,nan,nan,nan,nan,nan,nan,nan,nan,nan,nan,nan,nan,nan
227,30840,0.7525946666666666,-6.7987278633117665,0.29777777777777775,0,192,0.34375,0.13541666666666666,0.11979166666666667,0.15625,0.0,0.5989583333333334,0.17708333333333334,0.22395833333333334,47.0,0.3645833333333333,0.03666666666666666,120.01645584106407,0.0024441092788291476,0.5499245877365582,0.9564982991689215,0.020833333333333332,0.5319148936170213,0.12444444444444444,0.27555555555555555,0.29777777777777775,2.0853233635425568,2.0853233635425568,1.225869819521904,nan,nan,nan,nan,nan,nan,nan,nan,nan,nan,nan,nan,nan,nan,nan,nan,nan,nan,nan,nan,nan,nan,nan,nan,nan,nan,nan,nan,nan,nan,nan,nan,nan,nan,nan,nan,nan,nan,nan,nan,nan,nan,nan,nan,nan,nan,nan,nan,nan,nan,nan,nan,nan
228,31009,0.6726827777777777,-2.7494311103820803,0.4088888888888889,0,169,0.5384615384615384,0.05325443786982249,0.08284023668639054,0.047337278106508875,0.0,0.6745562130177515,0.1242603550295858,0.20118343195266272,14.0,0.05325443786982249,0.05938178780284043,120.28982009887676,0.0033622499735388757,0.7565062440462469,0.9706699729807563,0.0,0.7872340425531915,0.13777777777777778,0.26222222222222225,0.37333333333333335,2.299966871738434,2.299966871738434,1.2150752320885658,nan,nan,nan,nan,nan,nan,nan,nan,nan,nan,nan,nan,nan,nan,nan,nan,nan,nan,nan,nan,nan,nan,nan,nan,nan,nan,nan,nan,nan,nan,nan,nan,nan,nan,nan,nan,nan,nan,nan,nan,nan,nan,nan,nan,nan,nan,nan,nan,nan,nan,nan,nan,nan
229,31164,0.6817681086419753,-6.6586798028946,0.2577777777777778,0,155,0.36774193548387096,0.08387096774193549,0.24516129032258063,0.06451612903225806,0.0064516129032258064,0.6967741935483871,0.13548387096774195,0.16774193548387098,26.0,0.2,0.04126984126984127,100.6540933609006,0.002516870649512417,0.5662958961402937,0.934004239120132,0.012903225806451613,0.5945945945945946,0.07555555555555556,0.18222222222222223,0.24888888888888888,2.1698105186223984,2.1698105186223984,1.2250966727733612,nan,nan,nan,nan,nan,nan,nan,nan,nan,nan,nan,nan,nan,nan,nan,nan,nan,nan,nan,nan,nan,nan,nan,nan,nan,nan,nan,nan,nan,nan,nan,nan,nan,nan,nan,nan,nan,nan,nan,nan,nan,nan,nan,nan,nan,nan,nan,nan,nan,nan,nan,nan,nan
230,31258,0.6700544444444445,-4.168162458419801,0.19111111111111112,0,94,0.44680851063829785,0.0851063829787234,0.13829787234042554,0.07446808510638298,0.010638297872340425,0.6702127659574468,0.1276595744680851,0.20212765957446807,10.0,0.11702127659574468,0.04947368421052632,70.7063091278075,0.0026400284355000236,0.5940063979875053,0.9400522247539976,0.0,0.7083333333333334,0.1111111111111111,nan,nan,2.2591549456119537,2.2591549456119537,1.4540175646543503,nan,nan,nan,nan,nan,nan,nan,nan,nan,nan,nan,nan,nan,nan,nan,nan,nan,nan,nan,nan,nan,nan,nan,nan,nan,nan,nan,nan,nan,nan,nan,nan,nan,nan,nan,nan,nan,nan,nan,nan,nan,nan,nan,nan,nan,nan,nan,nan,nan,nan,nan,nan,nan
231,31371,0.7126700417283951,-9.188427792787556,0.2,0,113,0.3893805309734513,0.035398230088495575,0.3805309734513274,0.05309734513274336,0.0,0.8053097345132744,0.10619469026548672,0.08849557522123894,21.0,0.30973451327433627,0.03993162393162393,100.38502659797673,0.001948055025563912,0.4383123807518802,0.8524380898392339,0.0,0.5,0.08444444444444445,0.19555555555555557,nan,2.3189023286104202,2.3189023286104202,1.5044812560081482,nan,nan,nan,nan,nan,nan,nan,nan,nan,nan,nan,nan,nan,nan,nan,nan,nan,nan,nan,nan,nan,nan,nan,nan,nan,nan,nan,nan,nan,nan,nan,nan,nan,nan,nan,nan,nan,nan,nan,nan,nan,nan,nan,nan,nan,nan,nan,nan,nan,nan,nan,nan,nan
232,31456,0.7119898995884774,-4.800214012622833,0.18222222222222223,0,85,0.47058823529411764,0.07058823529411765,0.23529411764705882,0.011764705882352941,0.011764705882352941,0.7764705882352941,0.09411764705882353,0.12941176470588237,10.0,0.1411764705882353,0.044444444444444446,70.62108583450318,0.0025173469888921094,0.5664030725007246,0.9673321703228102,0.0,0.6111111111111112,0.1288888888888889,nan,nan,2.289957106113434,2.289957106113434,1.1947651281952858,nan,nan,nan,nan,nan,nan,nan,nan,nan,nan,nan,nan,nan,nan,nan,nan,nan,nan,nan,nan,nan,nan,nan,nan,nan,nan,nan,nan,nan,nan,nan,nan,nan,nan,nan,nan,nan,nan,nan,nan,nan,nan,nan,nan,nan,nan,nan,nan,nan,nan,nan,nan,nan
233,31605,0.6663916666666667,-10.233405254840838,0.24444444444444444,0,149,0.3624161073825503,0.053691275167785234,0.30201342281879195,0.09395973154362416,0.0,0.7181208053691275,0.12080536912751678,0.1610738255033557,61.0,0.3825503355704698,0.0404320987654321,100.56576433181736,0.0023864980452802855,0.5369620601880642,0.8113921514482628,0.006711409395973154,0.5714285714285714,0.13777777777777778,0.18222222222222223,nan,2.1840822100639343,2.1840822100639343,1.117174670100212,nan,nan,nan,nan,nan,nan,nan,nan,nan,nan,nan,nan,nan,nan,nan,nan,nan,nan,nan,nan,nan,nan,nan,nan,nan,nan,nan,nan,nan,nan,nan,nan,nan,nan,nan,nan,nan,nan,nan,nan,nan,nan,nan,nan,nan,nan,nan,nan,nan,nan,nan,nan,nan
234,31705,0.6976621637860082,-3.89913184785843,0.19111111111111112,0,100,0.42,0.08,0.12,0.13,0.01,0.62,0.19,0.19,10.0,0.07,0.04666666666666667,70.75363664627058,0.00263826250514723,0.5936090636581267,0.9777602088193891,0.01,0.64,0.11555555555555555,0.19111111111111112,nan,2.037873402237892,2.037873402237892,1.1646842956542969,nan,nan,nan,nan,nan,nan,nan,nan,nan,nan,nan,nan,nan,nan,nan,nan,nan,nan,nan,nan,nan,nan,nan,nan,nan,nan,nan,nan,nan,nan,nan,nan,nan,nan,nan,nan,nan,nan,nan,nan,nan,nan,nan,nan,nan,nan,nan,nan,nan,nan,nan,nan,nan
235,31822,0.6830109744855968,-12.703352052927011,0.16444444444444445,-1,117,0.3076923076923077,0.05982905982905983,0.21367521367521367,0.15384615384615385,0.008547008547008548,0.5811965811965812,0.18803418803418803,0.23076923076923078,38.0,0.3418803418803419,0.03325490196078432,81.72716240882866,0.001957733454633142,0.44049002729245695,0.8773941238891069,0.017094017094017096,0.5161290322580645,0.12,0.1511111111111111,nan,2.219624236226082,2.219624236226082,1.1598246544599533,nan,nan,nan,nan,nan,nan,nan,nan,nan,nan,nan,nan,nan,nan,nan,nan,nan,nan,nan,nan,nan,nan,nan,nan,nan,nan,nan,nan,nan,nan,nan,nan,nan,nan,nan,nan,nan,nan,nan,nan,nan,nan,nan,nan,nan,nan,nan,nan,nan,nan,nan,nan,nan
236,31914,0.66313,-3.9941545326709758,0.18666666666666668,0,92,0.44565217391304346,0.08695652173913043,0.06521739130434782,0.18478260869565216,0.010869565217391304,0.5978260869565217,0.11956521739130435,0.2826086956521739,17.0,0.16304347826086957,0.050261437908496735,70.30623364448549,0.0025918359265788226,0.583163083480235,0.9922223592432193,0.021739130434782608,0.7,0.06666666666666667,nan,nan,2.1493598967790604,2.1493598967790604,1.1018586680293083,nan,nan,nan,nan,nan,nan,nan,nan,nan,nan,nan,nan,nan,nan,nan,nan,nan,nan,nan,nan,nan,nan,nan,nan,nan,nan,nan,nan,nan,nan,nan,nan,nan,nan,nan,nan,nan,nan,nan,nan,nan,nan,nan,nan,nan,nan,nan,nan,nan,nan,nan,nan,nan
237,32009,0.6621272222222223,-2.0600389502048486,0.25333333333333335,0,95,0.5894736842105263,0.042105263157894736,0.07368421052631578,0.05263157894736842,0.010526315789473684,0.7052631578947368,0.08421052631578947,0.21052631578947367,7.0,0.021052631578947368,0.065,70.61941857337943,0.0035243689896748824,0.7929830226768485,0.9924679689513282,0.0,0.8695652173913043,0.14666666666666667,nan,nan,2.135155439376831,2.135155439376831,1.0876827165484428,nan,nan,nan,nan,nan,nan,nan,nan,nan,nan,nan,nan,nan,nan,nan,nan,nan,nan,nan,nan,nan,nan,nan,nan,nan,nan,nan,nan,nan,nan,nan,nan,nan,nan,nan,nan,nan,nan,nan,nan,nan,nan,nan,nan,nan,nan,nan,nan,nan,nan,nan,nan,nan
238,32137,0.6607761111111111,-10.517027721166606,0.14222222222222222,0,128,0.2421875,0.078125,0.2421875,0.1484375,0.0,0.5625,0.1796875,0.2578125,52.0,0.4921875,0.039259259259259265,100.22883543968193,0.001374632132293834,0.30929222976611265,0.9314484677446503,0.0234375,0.2972972972972973,0.07555555555555556,0.08888888888888889,nan,2.0651941895484924,2.0651941895484924,1.263998381793499,nan,nan,nan,nan,nan,nan,nan,nan,nan,nan,nan,nan,nan,nan,nan,nan,nan,nan,nan,nan,nan,nan,nan,nan,nan,nan,nan,nan,nan,nan,nan,nan,nan,nan,nan,nan,nan,nan,nan,nan,nan,nan,nan,nan,nan,nan,nan,nan,nan,nan,nan,nan,nan
239,32263,0.6594461111111112,-3.7854638786315915,0.27111111111111114,-2,126,0.47619047619047616,0.0873015873015873,0.03968253968253968,0.16666666666666666,0.015873015873015872,0.6031746031746031,0.09523809523809523,0.30158730158730157,13.0,0.07142857142857142,0.062222222222222345,89.2806083679199,0.0029868374727886012,0.6720384313774351,0.978944648551798,0.015873015873015872,0.7241379310344828,0.10222222222222223,0.2311111111111111,nan,2.175890013575554,2.175890013575554,1.2122154086828232,nan,nan,nan,nan,nan,nan,nan,nan,nan,nan,nan,nan,nan,nan,nan,nan,nan,nan,nan,nan,nan,nan,nan,nan,nan,nan,nan,nan,nan,nan,nan,nan,nan,nan,nan,nan,nan,nan,nan,nan,nan,nan,nan,nan,nan,nan,nan,nan,nan,nan,nan,nan,nan
240,32397,0.6717104,-4.4681244983673105,0.27555555555555555,0,134,0.4552238805970149,0.05223880597014925,0.04477611940298507,0.1791044776119403,0.0,0.5522388059701493,0.16417910447761194,0.2835820895522388,8.0,0.03731343283582089,0.05045267489711933,100.27737617492672,0.002703611935738897,0.6083126855412517,0.9978142297103474,0.014925373134328358,0.8055555555555556,0.12444444444444444,0.21777777777777776,nan,2.1865906417369843,2.1865906417369843,1.1814392358064651,-85.58523351302145,0.07155555555555557,0.0,155.0,0.0,1.0,0.14202630984114656,0.060640056988263594,0.21827045847060028,0.53179289871651,0.014150156098132036,0.4209368253000104,0.06715326433676568,0.5119099103632239,86.3,0.7167369220908144,0.01320809327846365,84.0688906002043,0.0008932317513411413,0.20097714405175685,0.5489831880191042,0.0018433179723502304,0.4405555555555555,0.030617283950617285,0.04555555555555555,0.048,-57.97107490265371,0.08755555555555555,-0.1,106.9,0.0,1.0,0.3113910045762103,0.09303811718295421,0.19227650904496957,0.3325882376061828,0.0381098110444651,0.5967056308041341,0.04384428099953803,0.3594500881963279,58.8,0.4638966768226343,0.031502306335639677,64.64928478717798,0.0016392939127463327,0.36884113036792493,0.7105443009564624,0.0,0.5801587301587301,0.047407407407407405,0.02888888888888889,0.05666666666666667,0.12002345679012347
241,32497,0.6569761111111112,-4.129975868225098,0.21333333333333335,0,100,0.47,0.01,0.16,0.13,0.01,0.64,0.09,0.27,9.0,0.09,0.052222222222222225,70.04738922119145,0.0029821081301013527,0.6709743292728043,0.9528580314458924,0.0,0.8695652173913043,0.10666666666666667,0.21333333333333335,nan,2.0264053344726562,2.0264053344726562,1.1652964353561401,nan,nan,nan,nan,nan,nan,nan,nan,nan,nan,nan,nan,nan,nan,nan,nan,nan,nan,nan,nan,nan,nan,nan,nan,nan,nan,nan,nan,nan,nan,nan,nan,nan,nan,nan,nan,nan,nan,nan,nan,nan,nan,nan,nan,nan,nan,nan,nan,nan,nan,nan,nan,nan
242,32581,0.6591464271604939,-3.779587010383607,0.20444444444444446,0,84,0.5357142857142857,0.05952380952380952,0.10714285714285714,0.05952380952380952,0.011904761904761904,0.7023809523809523,0.14285714285714285,0.15476190476190477,9.0,0.047619047619047616,0.05592592592592593,70.71987628936766,0.0028280592457720246,0.6363133302987055,0.935289225274478,0.011904761904761904,0.8,0.13333333333333333,nan,nan,2.026553675532341,2.026553675532341,1.0351178646087646,nan,nan,nan,nan,nan,nan,nan,nan,nan,nan,nan,nan,nan,nan,nan,nan,nan,nan,nan,nan,nan,nan,nan,nan,nan,nan,nan,nan,nan,nan,nan,nan,nan,nan,nan,nan,nan,nan,nan,nan,nan,nan,nan,nan,nan,nan,nan,nan,nan,nan,nan,nan,nan
243,32669,0.687090133744856,-9.344228548049927,0.1511111111111111,0,88,0.375,0.056818181818181816,0.3409090909090909,0.06818181818181818,0.011363636363636364,0.7727272727272727,0.13636363636363635,0.09090909090909091,25.0,0.3068181818181818,0.03974358974358974,80.10693855285638,0.0018308859296862615,0.4119493341794088,0.8327896530636569,0.0,0.6153846153846154,0.12444444444444444,nan,nan,2.030876085162163,2.030876085162163,1.1268145740032196,nan,nan,nan,nan,nan,nan,nan,nan,nan,nan,nan,nan,nan,nan,nan,nan,nan,nan,nan,nan,nan,nan,nan,nan,nan,nan,nan,nan,nan,nan,nan,nan,nan,nan,nan,nan,nan,nan,nan,nan,nan,nan,nan,nan,nan,nan,nan,nan,nan,nan,nan,nan,nan
244,32805,0.653725,-9.651533056735985,0.2222222222222222,0,136,0.3602941176470588,0.022058823529411766,0.25735294117647056,0.14705882352941177,0.0,0.6397058823529411,0.16176470588235295,0.19852941176470587,30.0,0.3235294117647059,0.044781144781144776,100.19555292129529,0.0021735273814881247,0.4890436608348281,0.8800043343909228,0.007352941176470588,0.41379310344827586,0.08888888888888889,0.13333333333333333,nan,2.1616513282060623,2.1616513282060623,1.0913921669125557,nan,nan,nan,nan,nan,nan,nan,nan,nan,nan,nan,nan,nan,nan,nan,nan,nan,nan,nan,nan,nan,nan,nan,nan,nan,nan,nan,nan,nan,nan,nan,nan,nan,nan,nan,nan,nan,nan,nan,nan,nan,nan,nan,nan,nan,nan,nan,nan,nan,nan,nan,nan,nan
245,32892,0.6528066666666668,-4.426875311613084,0.17777777777777778,0,87,0.4482758620689655,0.06896551724137931,0.04597701149425287,0.1839080459770115,0.011494252873563218,0.5632183908045977,0.21839080459770116,0.21839080459770116,13.0,0.13793103448275862,0.05296296296296297,70.28452677726742,0.0024661663282251147,0.5548874238506508,0.9966334112780063,0.011494252873563218,0.6818181818181818,0.12,nan,nan,1.9474413692951202,1.9474413692951202,1.1760599687695503,nan,nan,nan,nan,nan,nan,nan,nan,nan,nan,nan,nan,nan,nan,nan,nan,nan,nan,nan,nan,nan,nan,nan,nan,nan,nan,nan,nan,nan,nan,nan,nan,nan,nan,nan,nan,nan,nan,nan,nan,nan,nan,nan,nan,nan,nan,nan,nan,nan,nan,nan,nan,nan
246,33023,0.6514238888888889,-2.5940022878646856,0.3333333333333333,0,131,0.5648854961832062,0.0916030534351145,0.06870229007633588,0.061068702290076333,0.007633587786259542,0.7251908396946565,0.1297709923664122,0.1450381679389313,9.0,0.05343511450381679,0.05950617283950616,100.83811702728258,0.0032615532556989867,0.7338494825322719,0.9485722559985147,0.007633587786259542,0.7857142857142857,0.16444444444444445,0.27555555555555555,nan,1.9399982392787933,1.9399982392787933,0.9542884156107903,nan,nan,nan,nan,nan,nan,nan,nan,nan,nan,nan,nan,nan,nan,nan,nan,nan,nan,nan,nan,nan,nan,nan,nan,nan,nan,nan,nan,nan,nan,nan,nan,nan,nan,nan,nan,nan,nan,nan,nan,nan,nan,nan,nan,nan,nan,nan,nan,nan,nan,nan,nan,nan
247,33158,0.6639989333333334,-5.275000000000007,0.23555555555555555,0,135,0.3851851851851852,0.05925925925925926,0.14074074074074075,0.21481481481481482,0.007407407407407408,0.5851851851851851,0.13333333333333333,0.2814814814814815,21.0,0.2740740740740741,0.04296296296296296,79.99999999999983,0.002888888888888895,0.6500000000000014,0.9567302259659125,0.022222222222222223,0.5185185185185185,0.06666666666666667,0.14666666666666667,nan,2.045235440135002,2.045235440135002,1.2517165839672089,nan,nan,nan,nan,nan,nan,nan,nan,nan,nan,nan,nan,nan,nan,nan,nan,nan,nan,nan,nan,nan,nan,nan,nan,nan,nan,nan,nan,nan,nan,nan,nan,nan,nan,nan,nan,nan,nan,nan,nan,nan,nan,nan,nan,nan,nan,nan,nan,nan,nan,nan,nan,nan
248,33295,0.6485527777777778,-2.724675718784333,0.3022222222222222,0,137,0.48905109489051096,0.051094890510948905,0.0072992700729927005,0.15328467153284672,0.0072992700729927005,0.5474452554744526,0.1386861313868613,0.31386861313868614,5.0,0.0,0.053641975308641975,94.02548303604117,0.003166990140998646,0.7125727817246953,0.9978620932933325,0.014598540145985401,0.8292682926829268,0.11555555555555555,0.2311111111111111,nan,2.0800113677978516,2.0800113677978516,1.2381694465875626,nan,nan,nan,nan,nan,nan,nan,nan,nan,nan,nan,nan,nan,nan,nan,nan,nan,nan,nan,nan,nan,nan,nan,nan,nan,nan,nan,nan,nan,nan,nan,nan,nan,nan,nan,nan,nan,nan,nan,nan,nan,nan,nan,nan,nan,nan,nan,nan,nan,nan,nan,nan,nan
249,33452,0.7091465613168725,-4.743755520820619,0.30666666666666664,0,157,0.43312101910828027,0.06369426751592357,0.12101910828025478,0.1464968152866242,0.006369426751592357,0.6178343949044586,0.1464968152866242,0.2356687898089172,15.0,0.1910828025477707,0.04317460317460318,100.0167192459105,0.003021717013923945,0.6798863281328876,0.9673915215835925,0.0,0.5277777777777778,0.10222222222222223,0.23555555555555555,0.30666666666666664,2.1248388290405273,2.1248388290405273,1.0943572670221329,nan,nan,nan,nan,nan,nan,nan,nan,nan,nan,nan,nan,nan,nan,nan,nan,nan,nan,nan,nan,nan,nan,nan,nan,nan,nan,nan,nan,nan,nan,nan,nan,nan,nan,nan,nan,nan,nan,nan,nan,nan,nan,nan,nan,nan,nan,nan,nan,nan,nan,nan,nan,nan
250,33517,0.6462094444444444,-1.8302910504341123,0.2,0,65,0.676923076923077,0.03076923076923077,0.12307692307692308,0.0,0.03076923076923077,0.8307692307692308,0.12307692307692308,0.046153846153846156,6.0,0.015384615384615385,0.07506172839506174,50.28848619461059,0.0038886745327504652,0.8749517698688546,0.9669749407865926,0.0,0.9090909090909091,0.15555555555555556,nan,nan,2.019024908542633,2.019024908542633,1.0767592638731003,nan,nan,nan,nan,nan,nan,nan,nan,nan,nan,nan,nan,nan,nan,nan,nan,nan,nan,nan,nan,nan,nan,nan,nan,nan,nan,nan,nan,nan,nan,nan,nan,nan,nan,nan,nan,nan,nan,nan,nan,nan,nan,nan,nan,nan,nan,nan,nan,nan,nan,nan,nan,nan
251,33665,0.6446472222222223,-1.4818404536247245,0.38222222222222224,0,148,0.5743243243243243,0.08108108108108109,0.05405405405405406,0.08108108108108109,0.0,0.7094594594594594,0.16216216216216217,0.12837837837837837,15.0,0.10810810810810811,0.06399355877616747,100.79848051071143,0.003747851910700509,0.8432666799076144,0.971302723726097,0.0,0.7741935483870968,0.16444444444444445,0.28,nan,1.8545144498348236,1.8545144498348236,1.0007569938898087,nan,nan,nan,nan,nan,nan,nan,nan,nan,nan,nan,nan,nan,nan,nan,nan,nan,nan,nan,nan,nan,nan,nan,nan,nan,nan,nan,nan,nan,nan,nan,nan,nan,nan,nan,nan,nan,nan,nan,nan,nan,nan,nan,nan,nan,nan,nan,nan,nan,nan,nan,nan,nan
252,33782,0.663486793415638,-7.4435523185729995,0.21777777777777776,0,117,0.41025641025641024,0.008547008547008548,0.24786324786324787,0.06837606837606838,0.008547008547008548,0.6666666666666666,0.18803418803418803,0.1452991452991453,14.0,0.21367521367521367,0.043921568627450974,90.68145065307611,0.002352557571553324,0.5293254535994979,0.9172911393711776,0.0,0.6129032258064516,0.13777777777777778,0.20444444444444446,nan,2.041667550802231,2.041667550802231,1.0843300744891167,nan,nan,nan,nan,nan,nan,nan,nan,nan,nan,nan,nan,nan,nan,nan,nan,nan,nan,nan,nan,nan,nan,nan,nan,nan,nan,nan,nan,nan,nan,nan,nan,nan,nan,nan,nan,nan,nan,nan,nan,nan,nan,nan,nan,nan,nan,nan,nan,nan,nan,nan,nan,nan
253,33932,0.641828888888889,-2.312060103416441,0.32,-1,150,0.47333333333333333,0.06,0.04666666666666667,0.18,0.006666666666666667,0.58,0.16666666666666666,0.25333333333333335,12.0,0.07333333333333333,0.0525925925925926,90.4958105087278,0.003486963139858525,0.7845667064681681,0.9784505647566774,0.02666666666666667,0.6944444444444444,0.1111111111111111,0.20444444444444446,0.32,2.0580381751060486,2.0580381751060486,1.038098283112049,nan,nan,nan,nan,nan,nan,nan,nan,nan,nan,nan,nan,nan,nan,nan,nan,nan,nan,nan,nan,nan,nan,nan,nan,nan,nan,nan,nan,nan,nan,nan,nan,nan,nan,nan,nan,nan,nan,nan,nan,nan,nan,nan,nan,nan,nan,nan,nan,nan,nan,nan,nan,nan
254,34058,0.640498888888889,-1.0289958338737482,0.37333333333333335,0,126,0.6587301587301587,0.007936507936507936,0.05555555555555555,0.06349206349206349,0.007936507936507936,0.7222222222222222,0.09523809523809523,0.18253968253968253,8.0,0.023809523809523808,0.07925925925925938,91.07615079879744,0.004050334644728527,0.9113252950639184,0.9556151083320762,0.0,0.9259259259259259,0.16444444444444445,0.30666666666666664,nan,2.021363779902458,2.021363779902458,0.936136044561863,nan,nan,nan,nan,nan,nan,nan,nan,nan,nan,nan,nan,nan,nan,nan,nan,nan,nan,nan,nan,nan,nan,nan,nan,nan,nan,nan,nan,nan,nan,nan,nan,nan,nan,nan,nan,nan,nan,nan,nan,nan,nan,nan,nan,nan,nan,nan,nan,nan,nan,nan,nan,nan
255,34138,0.6396544444444445,-3.9784079046249436,0.21333333333333335,0,80,0.5875,0.0,0.175,0.0375,0.025,0.7625,0.15,0.0875,9.0,0.05,0.061111111111111116,70.17531337738025,0.0029766719781577845,0.6697511950855015,0.9251419467035312,0.0,0.875,0.12444444444444444,nan,nan,1.866790547966957,1.866790547966957,0.8823216259479523,nan,nan,nan,nan,nan,nan,nan,nan,nan,nan,nan,nan,nan,nan,nan,nan,nan,nan,nan,nan,nan,nan,nan,nan,nan,nan,nan,nan,nan,nan,nan,nan,nan,nan,nan,nan,nan,nan,nan,nan,nan,nan,nan,nan,nan,nan,nan,nan,nan,nan,nan,nan,nan
256,34293,0.6655289400000001,-3.1365172944068895,0.3377777777777778,0,155,0.4838709677419355,0.05161290322580645,0.11612903225806452,0.11612903225806452,0.0064516129032258064,0.6516129032258065,0.0967741935483871,0.25161290322580643,10.0,0.11612903225806452,0.047619047619047616,100.34778375625592,0.0033217807195722203,0.7474006619037495,0.9694114089249782,0.0,0.6666666666666666,0.09333333333333334,0.20444444444444446,0.3377777777777778,1.8608134090900421,1.8608134090900421,0.8926917165517807,nan,nan,nan,nan,nan,nan,nan,nan,nan,nan,nan,nan,nan,nan,nan,nan,nan,nan,nan,nan,nan,nan,nan,nan,nan,nan,nan,nan,nan,nan,nan,nan,nan,nan,nan,nan,nan,nan,nan,nan,nan,nan,nan,nan,nan,nan,nan,nan,nan,nan,nan,nan,nan
257,34394,0.7095617777777777,-5.721490951299669,0.16,0,101,0.3465346534653465,0.09900990099009901,0.10891089108910891,0.19801980198019803,0.009900990099009901,0.5544554455445545,0.25742574257425743,0.18811881188118812,19.0,0.26732673267326734,0.03111111111111111,70.5284852504729,0.0022055706287058326,0.49625339145881237,0.9613466518638399,0.0,0.56,0.12444444444444444,0.16,nan,1.9694127887487411,1.9694127887487411,0.9941017851233482,nan,nan,nan,nan,nan,nan,nan,nan,nan,nan,nan,nan,nan,nan,nan,nan,nan,nan,nan,nan,nan,nan,nan,nan,nan,nan,nan,nan,nan,nan,nan,nan,nan,nan,nan,nan,nan,nan,nan,nan,nan,nan,nan,nan,nan,nan,nan,nan,nan,nan,nan,nan,nan
258,34515,0.70854,-3.158404510736466,0.26666666666666666,0,121,0.48760330578512395,0.05785123966942149,0.09917355371900827,0.14049586776859505,0.008264462809917356,0.6446280991735537,0.18181818181818182,0.17355371900826447,28.0,0.19834710743801653,0.052444444444444446,80.26099534034711,0.003267118992360707,0.735101773281159,0.9725768452551632,0.01652892561983471,0.6923076923076923,0.17777777777777778,0.26666666666666666,nan,1.8162613958120346,1.8162613958120346,0.8209030702710152,nan,nan,nan,nan,nan,nan,nan,nan,nan,nan,nan,nan,nan,nan,nan,nan,nan,nan,nan,nan,nan,nan,nan,nan,nan,nan,nan,nan,nan,nan,nan,nan,nan,nan,nan,nan,nan,nan,nan,nan,nan,nan,nan,nan,nan,nan,nan,nan,nan,nan,nan,nan,nan
259,34688,0.6517496098765432,-2.7431111154556276,0.37333333333333335,0,173,0.4797687861271676,0.057803468208092484,0.023121387283236993,0.1907514450867052,0.005780346820809248,0.5606936416184971,0.14450867052023122,0.2947976878612717,10.0,0.09248554913294797,0.053140096618357495,110.2391534805297,0.003346260173832355,0.7529085391122797,0.9949209268413853,0.011560693641618497,0.8095238095238095,0.08888888888888889,0.21333333333333335,0.3377777777777778,2.063136547803879,2.063136547803879,1.0555685982108116,nan,nan,nan,nan,nan,nan,nan,nan,nan,nan,nan,nan,nan,nan,nan,nan,nan,nan,nan,nan,nan,nan,nan,nan,nan,nan,nan,nan,nan,nan,nan,nan,nan,nan,nan,nan,nan,nan,nan,nan,nan,nan,nan,nan,nan,nan,nan,nan,nan,nan,nan,nan,nan
260,34775,0.6800242057613168,-3.5825162160396573,0.22666666666666666,0,87,0.5747126436781609,0.034482758620689655,0.1724137931034483,0.034482758620689655,0.022988505747126436,0.7816091954022989,0.12643678160919541,0.09195402298850575,11.0,0.12643678160919541,0.05675925925925926,70.05253539085379,0.003172222403976488,0.7137500408947098,0.9729411977959681,0.0,0.6,0.1511111111111111,nan,nan,1.7663341909646988,1.7663341909646988,0.9944156855344772,-49.43399929285053,0.11066666666666666,0.0,150.6,0.1,0.9,0.21896591917356342,0.1267349792825107,0.035883875044945154,0.5391032014727728,0.028868527496282725,0.38158477350101927,0.134671534343139,0.48374369215584173,69.4,0.5884240283772326,0.02467046994590854,78.07046945571884,0.0014976844443890971,0.3369789999875469,0.7037411389034969,0.016474772379207626,0.4465145896415247,0.03802469135802469,0.055238095238095246,0.06666666666666667,-42.69547533087732,0.10577777777777778,-0.5,109.1,0.0,1.0,0.3187304101530611,0.16431268684836908,0.025995395864149163,0.39720838310774675,0.04760274513083731,0.5090384928655792,0.07601213364669639,0.4149493734877243,57.6,0.4906201067347298,0.032785650910927985,61.64643172264093,0.0018095091637237944,0.40713956183785366,0.7769912313068618,0.00125,0.4885897435897436,0.039259259259259265,0.030222222222222223,0.11555555555555555,0.1742716049382716
261,34945,0.6607545152263374,-8.495361703395854,0.24,0,170,0.31176470588235294,0.10588235294117647,0.12941176470588237,0.2235294117647059,0.0,0.5470588235294118,0.17647058823529413,0.27647058823529413,40.0,0.3411764705882353,0.03380952380952381,100.14630193710305,0.002352114366674232,0.5292257325017022,0.9367126553286753,0.011764705882352941,0.46153846153846156,0.08,0.19111111111111112,0.23555555555555555,1.824712485074997,1.824712485074997,0.970592275261879,nan,nan,nan,nan,nan,nan,nan,nan,nan,nan,nan,nan,nan,nan,nan,nan,nan,nan,nan,nan,nan,nan,nan,nan,nan,nan,nan,nan,nan,nan,nan,nan,nan,nan,nan,nan,nan,nan,nan,nan,nan,nan,nan,nan,nan,nan,nan,nan,nan,nan,nan,nan,nan
262,35026,0.651204461563786,-5.54864987564087,0.14666666666666667,0,81,0.3950617283950617,0.04938271604938271,0.09876543209876543,0.18518518518518517,0.012345679012345678,0.5432098765432098,0.16049382716049382,0.2962962962962963,7.0,0.07407407407407407,0.035555555555555556,70.1204750061034,0.0020282552593923952,0.45635743336328893,0.9813773312538608,0.012345679012345678,0.6818181818181818,0.1111111111111111,nan,nan,1.951198771595955,1.951198771595955,1.0274563506245613,nan,nan,nan,nan,nan,nan,nan,nan,nan,nan,nan,nan,nan,nan,nan,nan,nan,nan,nan,nan,nan,nan,nan,nan,nan,nan,nan,nan,nan,nan,nan,nan,nan,nan,nan,nan,nan,nan,nan,nan,nan,nan,nan,nan,nan,nan,nan,nan,nan,nan,nan,nan,nan
263,35158,0.6288877777777777,-4.250401385545735,0.30666666666666664,0,132,0.5151515151515151,0.07575757575757576,0.18181818181818182,0.045454545454545456,0.0,0.7727272727272727,0.15151515151515152,0.07575757575757576,20.0,0.1893939393939394,0.05798941798941798,100.41334652900673,0.003009781395294084,0.6772008139411688,0.9104134366314919,0.007575757575757576,0.5,0.14666666666666667,0.22666666666666666,nan,1.8707018196582794,1.8707018196582794,0.9485390186309814,nan,nan,nan,nan,nan,nan,nan,nan,nan,nan,nan,nan,nan,nan,nan,nan,nan,nan,nan,nan,nan,nan,nan,nan,nan,nan,nan,nan,nan,nan,nan,nan,nan,nan,nan,nan,nan,nan,nan,nan,nan,nan,nan,nan,nan,nan,nan,nan,nan,nan,nan,nan,nan
264,35320,0.6510384,-12.120199248552312,0.24888888888888888,0,162,0.3395061728395062,0.07407407407407407,0.3395061728395062,0.08024691358024691,0.0,0.7530864197530864,0.12962962962962962,0.11728395061728394,27.0,0.4382716049382716,0.037671957671957676,120.26856427192664,0.0020324882559648485,0.45730985759209086,0.7992805198425054,0.018518518518518517,0.2692307692307692,0.13333333333333333,0.20444444444444446,0.2311111111111111,2.0644392371177673,2.0644392371177673,0.9570053964853287,nan,nan,nan,nan,nan,nan,nan,nan,nan,nan,nan,nan,nan,nan,nan,nan,nan,nan,nan,nan,nan,nan,nan,nan,nan,nan,nan,nan,nan,nan,nan,nan,nan,nan,nan,nan,nan,nan,nan,nan,nan,nan,nan,nan,nan,nan,nan,nan,nan,nan,nan,nan,nan
265,35481,0.7153635333333334,-5.355456429243092,0.26222222222222225,0,161,0.36024844720496896,0.09316770186335403,0.11180124223602485,0.17391304347826086,0.0,0.5652173913043478,0.12422360248447205,0.3105590062111801,26.0,0.2857142857142857,0.036825396825396824,100.56625170707696,0.0025632632558347376,0.5767342325628159,0.969981470023823,0.0,0.5,0.06222222222222222,0.14222222222222222,0.26222222222222225,1.8889616876840591,1.8889616876840591,0.9867015928030014,nan,nan,nan,nan,nan,nan,nan,nan,nan,nan,nan,nan,nan,nan,nan,nan,nan,nan,nan,nan,nan,nan,nan,nan,nan,nan,nan,nan,nan,nan,nan,nan,nan,nan,nan,nan,nan,nan,nan,nan,nan,nan,nan,nan,nan,nan,nan,nan,nan,nan,nan,nan,nan
266,35589,0.6412013681481481,-3.8614354584217065,0.20444444444444446,0,108,0.4166666666666667,0.12037037037037036,0.05555555555555555,0.2037037037037037,0.009259259259259259,0.5925925925925926,0.2037037037037037,0.2037037037037037,11.0,0.18518518518518517,0.04,70.7470043659209,0.0028269748209486132,0.636069334713438,0.9525381801390927,0.037037037037037035,0.5454545454545454,0.12444444444444444,0.20444444444444446,nan,1.8763269186019897,1.8763269186019897,0.7816755101084709,nan,nan,nan,nan,nan,nan,nan,nan,nan,nan,nan,nan,nan,nan,nan,nan,nan,nan,nan,nan,nan,nan,nan,nan,nan,nan,nan,nan,nan,nan,nan,nan,nan,nan,nan,nan,nan,nan,nan,nan,nan,nan,nan,nan,nan,nan,nan,nan,nan,nan,nan,nan,nan
267,35690,0.7136868888888889,-4.4468665575981134,0.19555555555555557,0,101,0.42574257425742573,0.06930693069306931,0.2079207920792079,0.039603960396039604,0.009900990099009901,0.7029702970297029,0.1188118811881188,0.1782178217821782,34.0,0.3069306930693069,0.03822222222222223,70.62730054855334,0.002705909890747278,0.6088297254181375,0.903932680579788,0.0,0.5384615384615384,0.14222222222222222,0.19555555555555557,nan,1.9531792551279068,1.9531792551279068,0.8473560698330402,nan,nan,nan,nan,nan,nan,nan,nan,nan,nan,nan,nan,nan,nan,nan,nan,nan,nan,nan,nan,nan,nan,nan,nan,nan,nan,nan,nan,nan,nan,nan,nan,nan,nan,nan,nan,nan,nan,nan,nan,nan,nan,nan,nan,nan,nan,nan,nan,nan,nan,nan,nan,nan
268,35844,0.6367808,-5.016959018945702,0.3333333333333333,0,154,0.4805194805194805,0.03896103896103896,0.11688311688311688,0.14285714285714285,0.0,0.6363636363636364,0.21428571428571427,0.14935064935064934,22.0,0.15584415584415584,0.050317460317460296,100.07580018043495,0.0032863977934316575,0.739439503522123,0.9513712564728424,0.012987012987012988,0.7575757575757576,0.1288888888888889,0.2222222222222222,0.3288888888888889,1.952021673321724,1.952021673321724,0.9324627295136452,nan,nan,nan,nan,nan,nan,nan,nan,nan,nan,nan,nan,nan,nan,nan,nan,nan,nan,nan,nan,nan,nan,nan,nan,nan,nan,nan,nan,nan,nan,nan,nan,nan,nan,nan,nan,nan,nan,nan,nan,nan,nan,nan,nan,nan,nan,nan,nan,nan,nan,nan,nan,nan
269,35906,0.6209922222222222,-2.723046907424927,0.18222222222222223,0,62,0.6451612903225806,0.0,0.08064516129032258,0.0967741935483871,0.03225806451612903,0.7258064516129032,0.12903225806451613,0.14516129032258066,8.0,0.08064516129032258,0.07370370370370372,50.390922927856415,0.0035279722507225823,0.793793756412581,0.9294039774107328,0.0,0.8181818181818182,0.14222222222222222,nan,nan,1.87030728161335,1.87030728161335,0.9818388819694519,nan,nan,nan,nan,nan,nan,nan,nan,nan,nan,nan,nan,nan,nan,nan,nan,nan,nan,nan,nan,nan,nan,nan,nan,nan,nan,nan,nan,nan,nan,nan,nan,nan,nan,nan,nan,nan,nan,nan,nan,nan,nan,nan,nan,nan,nan,nan,nan,nan,nan,nan,nan,nan
270,35997,0.6324158197530864,-4.854659997940065,0.14222222222222222,0,91,0.34065934065934067,0.16483516483516483,0.03296703296703297,0.17582417582417584,0.01098901098901099,0.5384615384615384,0.24175824175824176,0.21978021978021978,20.0,0.25274725274725274,0.035694444444444445,70.74914283752453,0.0019474126788247394,0.4381678527355664,0.9935627863997044,0.0,0.5,0.11555555555555555,nan,nan,1.9318370968103409,1.9318370968103409,0.9379552006721497,nan,nan,nan,nan,nan,nan,nan,nan,nan,nan,nan,nan,nan,nan,nan,nan,nan,nan,nan,nan,nan,nan,nan,nan,nan,nan,nan,nan,nan,nan,nan,nan,nan,nan,nan,nan,nan,nan,nan,nan,nan,nan,nan,nan,nan,nan,nan,nan,nan,nan,nan,nan,nan
271,36074,0.6192188888888889,-1.7034204826354982,0.22666666666666666,-1,77,0.6493506493506493,0.012987012987012988,0.025974025974025976,0.1038961038961039,0.025974025974025976,0.6883116883116883,0.18181818181818182,0.12987012987012986,3.0,0.0,0.0811111111111111,56.823052215576155,0.003910775883336083,0.8799245737506187,0.9728023038173481,0.025974025974025976,1.0,0.14666666666666667,nan,nan,1.792710393667221,1.792710393667221,0.7823640927672386,nan,nan,nan,nan,nan,nan,nan,nan,nan,nan,nan,nan,nan,nan,nan,nan,nan,nan,nan,nan,nan,nan,nan,nan,nan,nan,nan,nan,nan,nan,nan,nan,nan,nan,nan,nan,nan,nan,nan,nan,nan,nan,nan,nan,nan,nan,nan,nan,nan,nan,nan,nan,nan
272,36173,0.6334469333333334,-3.36487475728989,0.2088888888888889,0,99,0.46464646464646464,0.0707070707070707,0.050505050505050504,0.16161616161616163,0.010101010101010102,0.5858585858585859,0.1717171717171717,0.24242424242424243,7.0,0.020202020202020204,0.05171296296296297,70.05595006942734,0.0029183023603538954,0.6566180310796265,0.9600575386896548,0.04040404040404041,0.7916666666666666,0.12,nan,nan,1.7068271189928055,1.7068271189928055,0.7737715393304825,nan,nan,nan,nan,nan,nan,nan,nan,nan,nan,nan,nan,nan,nan,nan,nan,nan,nan,nan,nan,nan,nan,nan,nan,nan,nan,nan,nan,nan,nan,nan,nan,nan,nan,nan,nan,nan,nan,nan,nan,nan,nan,nan,nan,nan,nan,nan,nan,nan,nan,nan,nan,nan
273,36269,0.6171605555555555,-7.367479727745058,0.17333333333333334,0,96,0.3958333333333333,0.03125,0.15625,0.1875,0.010416666666666666,0.5833333333333334,0.125,0.2916666666666667,28.0,0.25,0.04560846560846561,70.06171169281002,0.0024105732618893588,0.5423789839251058,0.8956552990519769,0.010416666666666666,0.7142857142857143,0.07111111111111111,nan,nan,1.9285350292921066,1.9285350292921066,0.887633241713047,nan,nan,nan,nan,nan,nan,nan,nan,nan,nan,nan,nan,nan,nan,nan,nan,nan,nan,nan,nan,nan,nan,nan,nan,nan,nan,nan,nan,nan,nan,nan,nan,nan,nan,nan,nan,nan,nan,nan,nan,nan,nan,nan,nan,nan,nan,nan,nan,nan,nan,nan,nan,nan
274,36353,0.6287805176954733,-2.4947248353958127,0.23555555555555555,0,84,0.6190476190476191,0.047619047619047616,0.023809523809523808,0.047619047619047616,0.011904761904761904,0.6904761904761905,0.11904761904761904,0.19047619047619047,10.0,0.05952380952380952,0.06172839506172839,70.62595081329337,0.003272325660040684,0.7362732735091538,0.9965131759665066,0.011904761904761904,0.7727272727272727,0.14666666666666667,nan,nan,1.7938737273216248,1.7938737273216248,0.8826920613646507,nan,nan,nan,nan,nan,nan,nan,nan,nan,nan,nan,nan,nan,nan,nan,nan,nan,nan,nan,nan,nan,nan,nan,nan,nan,nan,nan,nan,nan,nan,nan,nan,nan,nan,nan,nan,nan,nan,nan,nan,nan,nan,nan,nan,nan,nan,nan,nan,nan,nan,nan,nan,nan
275,36477,0.6660177888888889,-4.2574999999999985,0.25333333333333335,0,124,0.45161290322580644,0.06451612903225806,0.18548387096774194,0.08064516129032258,0.008064516129032258,0.7016129032258065,0.1774193548387097,0.12096774193548387,12.0,0.1532258064516129,0.05,80.6999999999998,0.003084125017210527,0.6939281288723684,0.9555187175408457,0.0,0.5555555555555556,0.1288888888888889,0.22666666666666666,nan,1.692449375987053,1.692449375987053,0.787980929017067,nan,nan,nan,nan,nan,nan,nan,nan,nan,nan,nan,nan,nan,nan,nan,nan,nan,nan,nan,nan,nan,nan,nan,nan,nan,nan,nan,nan,nan,nan,nan,nan,nan,nan,nan,nan,nan,nan,nan,nan,nan,nan,nan,nan,nan,nan,nan,nan,nan,nan,nan,nan,nan
276,36571,0.6139727777777778,-1.5049378356933594,0.26666666666666666,-2,94,0.6276595744680851,0.010638297872340425,0.0425531914893617,0.07446808510638298,0.031914893617021274,0.6808510638297872,0.11702127659574468,0.20212765957446807,4.0,0.0,0.07116959064327485,64.19940795898431,0.004084495956563192,0.9190115902267182,0.981187985594427,0.0,0.9130434782608695,0.13777777777777778,nan,nan,1.7770368456840515,1.7770368456840515,0.8814363554120064,nan,nan,nan,nan,nan,nan,nan,nan,nan,nan,nan,nan,nan,nan,nan,nan,nan,nan,nan,nan,nan,nan,nan,nan,nan,nan,nan,nan,nan,nan,nan,nan,nan,nan,nan,nan,nan,nan,nan,nan,nan,nan,nan,nan,nan,nan,nan,nan,nan,nan,nan,nan,nan
277,36646,0.625788541563786,-3.1878132708072657,0.21333333333333335,-1,75,0.6266666666666667,0.0,0.06666666666666667,0.10666666666666667,0.02666666666666667,0.6933333333333334,0.17333333333333334,0.13333333333333333,12.0,0.09333333333333334,0.06962962962962964,60.55060257911679,0.0034498234533000714,0.776210276992516,0.9748384556682983,0.013333333333333334,0.8666666666666667,0.1688888888888889,nan,nan,1.810288980603218,1.810288980603218,0.8553023263812065,nan,nan,nan,nan,nan,nan,nan,nan,nan,nan,nan,nan,nan,nan,nan,nan,nan,nan,nan,nan,nan,nan,nan,nan,nan,nan,nan,nan,nan,nan,nan,nan,nan,nan,nan,nan,nan,nan,nan,nan,nan,nan,nan,nan,nan,nan,nan,nan,nan,nan,nan,nan,nan
278,36808,0.6425534222222222,-3.497062514781951,0.3288888888888889,0,162,0.4506172839506173,0.11728395061728394,0.030864197530864196,0.14814814814814814,0.0,0.5987654320987654,0.1728395061728395,0.22839506172839505,19.0,0.1111111111111111,0.04978835978835979,110.00059537887545,0.0029494789853360278,0.6636327717006062,0.9839342050956702,0.024691358024691357,0.675,0.12,0.26666666666666666,0.30666666666666664,1.8727578967809677,1.8727578967809677,0.9270568639039993,nan,nan,nan,nan,nan,nan,nan,nan,nan,nan,nan,nan,nan,nan,nan,nan,nan,nan,nan,nan,nan,nan,nan,nan,nan,nan,nan,nan,nan,nan,nan,nan,nan,nan,nan,nan,nan,nan,nan,nan,nan,nan,nan,nan,nan,nan,nan,nan,nan,nan,nan,nan,nan
279,36919,0.6102994444444445,-2.909602047204971,0.30666666666666664,-1,111,0.6126126126126126,0.036036036036036036,0.036036036036036036,0.14414414414414414,0.018018018018018018,0.6846846846846847,0.16216216216216217,0.15315315315315314,11.0,0.0990990990990991,0.06836363636363635,86.89144806861873,0.003478158425712452,0.7825856457853018,0.9708791415630775,0.018018018018018018,0.7368421052631579,0.14666666666666667,0.27555555555555555,nan,1.8594403713941574,1.8594403713941574,0.8717809095978737,nan,nan,nan,nan,nan,nan,nan,nan,nan,nan,nan,nan,nan,nan,nan,nan,nan,nan,nan,nan,nan,nan,nan,nan,nan,nan,nan,nan,nan,nan,nan,nan,nan,nan,nan,nan,nan,nan,nan,nan,nan,nan,nan,nan,nan,nan,nan,nan,nan,nan,nan,nan,nan
280,37013,0.6220409127572016,-3.5582396020889284,0.23555555555555555,0,94,0.5531914893617021,0.0,0.11702127659574468,0.11702127659574468,0.010638297872340425,0.6702127659574468,0.19148936170212766,0.13829787234042554,10.0,0.10638297872340426,0.06093567251461988,70.65942478179923,0.0032707754390132217,0.7359244737779749,0.9436171990102376,0.0,0.8,0.12444444444444444,nan,nan,1.9351019859313965,1.9351019859313965,0.9227690920233727,-34.60069621024133,0.09688888888888889,-0.2,102.7,0.0,1.0,0.25497769025585326,0.03575489513912776,0.5573938366842366,0.08399386363115216,0.01956097877360216,0.8481264220792175,0.11629020283958025,0.03558337508120221,65.6,0.5931554058444611,0.03250900399146013,80.21901152610762,0.001300833161206716,0.2926874612715111,0.5605047815631538,0.011363636363636364,0.6900000000000001,0.03944444444444444,0.0653968253968254,nan,-35.93675248143673,0.07777777777777778,-0.3,102.4,0.0,1.0,0.17134908961627068,0.11701081050102605,0.5992482690997968,0.06391369385566567,0.012049246414391054,0.8876081692170935,0.09507683740041453,0.017314993382491966,73.5,0.7373836422596058,0.01781358024691358,81.19859506130207,0.0009272647310671249,0.2086345644901031,0.49218591574777315,0.0,0.225,0.045925925925925926,0.05851851851851852,nan,0.12766666666666665
281,37141,0.6079561111111111,-4.054927680969239,0.31555555555555553,0,128,0.546875,0.046875,0.21875,0.0390625,0.0078125,0.8125,0.09375,0.09375,22.0,0.2109375,0.05728395061728391,94.35169219970687,0.00329735592290816,0.741905082654336,0.8814297592836133,0.0,0.631578947368421,0.1111111111111111,0.24,nan,1.926879569888115,1.926879569888115,0.8640252128243446,nan,nan,nan,nan,nan,nan,nan,nan,nan,nan,nan,nan,nan,nan,nan,nan,nan,nan,nan,nan,nan,nan,nan,nan,nan,nan,nan,nan,nan,nan,nan,nan,nan,nan,nan,nan,nan,nan,nan,nan,nan,nan,nan,nan,nan,nan,nan,nan,nan,nan,nan,nan,nan
282,37196,0.7173104,-5.675630509853363,0.08888888888888889,0,55,0.34545454545454546,0.05454545454545454,0.18181818181818182,0.14545454545454545,0.03636363636363636,0.5818181818181818,0.2545454545454545,0.16363636363636364,22.0,0.36363636363636365,0.028148148148148148,50.24410009384154,0.001680683787484033,0.3781538521839074,0.9526789313727005,0.01818181818181818,0.5,0.08888888888888889,nan,nan,1.8549590706825256,1.8549590706825256,0.8546504080295563,nan,nan,nan,nan,nan,nan,nan,nan,nan,nan,nan,nan,nan,nan,nan,nan,nan,nan,nan,nan,nan,nan,nan,nan,nan,nan,nan,nan,nan,nan,nan,nan,nan,nan,nan,nan,nan,nan,nan,nan,nan,nan,nan,nan,nan,nan,nan,nan,nan,nan,nan,nan,nan
283,37301,0.6062672222222223,-5.873394111633305,0.15555555555555556,0,105,0.3238095238095238,0.08571428571428572,0.18095238095238095,0.14285714285714285,0.01904761904761905,0.5904761904761905,0.18095238095238095,0.22857142857142856,14.0,0.2,0.03377777777777778,70.46089630126944,0.002144609550026241,0.4825371487559043,0.9583715416321398,0.0,0.5357142857142857,0.07111111111111111,0.1511111111111111,nan,1.794277384877205,1.794277384877205,0.8605273589491844,nan,nan,nan,nan,nan,nan,nan,nan,nan,nan,nan,nan,nan,nan,nan,nan,nan,nan,nan,nan,nan,nan,nan,nan,nan,nan,nan,nan,nan,nan,nan,nan,nan,nan,nan,nan,nan,nan,nan,nan,nan,nan,nan,nan,nan,nan,nan,nan,nan,nan,nan,nan,nan
284,37388,0.6132419111111111,-3.2985366578102138,0.21333333333333335,0,87,0.5402298850574713,0.04597701149425287,0.09195402298850575,0.05747126436781609,0.011494252873563218,0.6781609195402298,0.13793103448275862,0.1839080459770115,13.0,0.09195402298850575,0.06064814814814815,70.20511102676384,0.0029754085683199837,0.6694669278719962,0.9695746090739745,0.0,0.6521739130434783,0.10666666666666667,nan,nan,1.725911632180214,1.725911632180214,0.8462075963616371,nan,nan,nan,nan,nan,nan,nan,nan,nan,nan,nan,nan,nan,nan,nan,nan,nan,nan,nan,nan,nan,nan,nan,nan,nan,nan,nan,nan,nan,nan,nan,nan,nan,nan,nan,nan,nan,nan,nan,nan,nan,nan,nan,nan,nan,nan,nan,nan,nan,nan,nan,nan,nan
285,37510,0.611979888888889,-3.2264710769653373,0.29333333333333333,0,122,0.5327868852459017,0.05737704918032787,0.12295081967213115,0.08196721311475409,0.00819672131147541,0.7131147540983607,0.09016393442622951,0.19672131147540983,13.0,0.10655737704918032,0.059717171717171724,90.70924835205062,0.0031847787754528136,0.7165752244768829,0.9622041398119774,0.00819672131147541,0.6,0.06666666666666667,0.2222222222222222,nan,1.712938666343689,1.712938666343689,0.8412243500351906,nan,nan,nan,nan,nan,nan,nan,nan,nan,nan,nan,nan,nan,nan,nan,nan,nan,nan,nan,nan,nan,nan,nan,nan,nan,nan,nan,nan,nan,nan,nan,nan,nan,nan,nan,nan,nan,nan,nan,nan,nan,nan,nan,nan,nan,nan,nan,nan,nan,nan,nan,nan,nan
286,37636,0.6821848888888888,-5.050308304786682,0.28,0,126,0.49206349206349204,0.09523809523809523,0.1746031746031746,0.06349206349206349,0.007936507936507936,0.7619047619047619,0.12698412698412698,0.1111111111111111,31.0,0.23015873015873015,0.045925925925925926,101.13626956939686,0.0027245967913269446,0.6130342780485625,0.9449963889804307,0.0,0.5909090909090909,0.16444444444444445,0.28,nan,1.7198421210050583,1.7198421210050583,0.868351548910141,nan,nan,nan,nan,nan,nan,nan,nan,nan,nan,nan,nan,nan,nan,nan,nan,nan,nan,nan,nan,nan,nan,nan,nan,nan,nan,nan,nan,nan,nan,nan,nan,nan,nan,nan,nan,nan,nan,nan,nan,nan,nan,nan,nan,nan,nan,nan,nan,nan,nan,nan,nan,nan
287,37737,0.601665,-2.6709821391105653,0.24888888888888888,0,101,0.5445544554455446,0.019801980198019802,0.10891089108910891,0.07920792079207921,0.009900990099009901,0.6732673267326733,0.15841584158415842,0.16831683168316833,9.0,0.039603960396039604,0.07022222222222223,70.66649656295772,0.0034591278234186356,0.7783037602691931,0.9821650555717748,0.009900990099009901,0.84,0.12,0.24444444444444444,nan,1.7817812263965607,1.7817812263965607,0.7677943557500839,nan,nan,nan,nan,nan,nan,nan,nan,nan,nan,nan,nan,nan,nan,nan,nan,nan,nan,nan,nan,nan,nan,nan,nan,nan,nan,nan,nan,nan,nan,nan,nan,nan,nan,nan,nan,nan,nan,nan,nan,nan,nan,nan,nan,nan,nan,nan,nan,nan,nan,nan,nan,nan
288,37820,0.6007888888888889,-5.1315735869407675,0.17777777777777778,0,83,0.46987951807228917,0.03614457831325301,0.07228915662650602,0.1927710843373494,0.012048192771084338,0.5783132530120482,0.20481927710843373,0.21686746987951808,23.0,0.21686746987951808,0.059861111111111115,70.55784368515009,0.0024566132449681684,0.5527379801178378,0.9792291672522756,0.024096385542168676,0.631578947368421,0.08444444444444445,nan,nan,1.7378900349140167,1.7378900349140167,0.7964978516101837,nan,nan,nan,nan,nan,nan,nan,nan,nan,nan,nan,nan,nan,nan,nan,nan,nan,nan,nan,nan,nan,nan,nan,nan,nan,nan,nan,nan,nan,nan,nan,nan,nan,nan,nan,nan,nan,nan,nan,nan,nan,nan,nan,nan,nan,nan,nan,nan,nan,nan,nan,nan,nan
289,37915,0.5997861111111111,-3.984558625221255,0.2088888888888889,0,95,0.4842105263157895,0.08421052631578947,0.1368421052631579,0.07368421052631578,0.010526315789473684,0.7052631578947368,0.08421052631578947,0.21052631578947367,15.0,0.14736842105263157,0.05416666666666667,73.18627262115469,0.0027934807597422206,0.6285331709419996,0.9486208810068307,0.0,0.7619047619047619,0.13333333333333333,nan,nan,1.8149743676185608,1.8149743676185608,0.8957348093390465,nan,nan,nan,nan,nan,nan,nan,nan,nan,nan,nan,nan,nan,nan,nan,nan,nan,nan,nan,nan,nan,nan,nan,nan,nan,nan,nan,nan,nan,nan,nan,nan,nan,nan,nan,nan,nan,nan,nan,nan,nan,nan,nan,nan,nan,nan,nan,nan,nan,nan,nan,nan,nan
290,38030,0.6900977555555556,-4.61940527534485,0.24888888888888888,0,115,0.4782608695652174,0.0782608695652174,0.09565217391304348,0.08695652173913043,0.008695652173913044,0.6521739130434783,0.11304347826086956,0.23478260869565218,14.0,0.1391304347826087,0.04948148148148148,90.0895740509034,0.002713348875490584,0.6105034969853814,0.9886840922847764,0.0,0.6551724137931034,0.14222222222222222,0.24444444444444444,nan,1.8956165164709091,1.8956165164709091,0.8545625358819962,nan,nan,nan,nan,nan,nan,nan,nan,nan,nan,nan,nan,nan,nan,nan,nan,nan,nan,nan,nan,nan,nan,nan,nan,nan,nan,nan,nan,nan,nan,nan,nan,nan,nan,nan,nan,nan,nan,nan,nan,nan,nan,nan,nan,nan,nan,nan,nan,nan,nan,nan,nan,nan
291,38107,0.6765985933333334,-3.3623990111351016,0.1511111111111111,0,77,0.42857142857142855,0.06493506493506493,0.11688311688311688,0.14285714285714285,0.025974025974025976,0.6103896103896104,0.22077922077922077,0.16883116883116883,13.0,0.18181818181818182,0.03666666666666667,50.00380010604859,0.0029331104107210744,0.6599498424122417,0.9754920022743165,0.025974025974025976,0.6111111111111112,0.13333333333333333,nan,nan,1.9367226362228394,1.9367226362228394,0.9410111904144287,nan,nan,nan,nan,nan,nan,nan,nan,nan,nan,nan,nan,nan,nan,nan,nan,nan,nan,nan,nan,nan,nan,nan,nan,nan,nan,nan,nan,nan,nan,nan,nan,nan,nan,nan,nan,nan,nan,nan,nan,nan,nan,nan,nan,nan,nan,nan,nan,nan,nan,nan,nan,nan
292,38181,0.6101138543209877,-4.203745635986327,0.1511111111111111,-1,74,0.44594594594594594,0.013513513513513514,0.10810810810810811,0.14864864864864866,0.02702702702702703,0.5675675675675675,0.14864864864864866,0.28378378378378377,6.0,0.013513513513513514,0.0495679012345679,57.045196533203125,0.0025710607654984485,0.578488672237151,0.9903305006807591,0.0,0.8095238095238095,0.10222222222222223,nan,nan,1.7868200838565826,1.7868200838565826,0.7960649281740189,nan,nan,nan,nan,nan,nan,nan,nan,nan,nan,nan,nan,nan,nan,nan,nan,nan,nan,nan,nan,nan,nan,nan,nan,nan,nan,nan,nan,nan,nan,nan,nan,nan,nan,nan,nan,nan,nan,nan,nan,nan,nan,nan,nan,nan,nan,nan,nan,nan,nan,nan,nan,nan
293,38253,0.5962183333333333,-3.8067917413711565,0.1511111111111111,0,72,0.4583333333333333,0.09722222222222222,0.05555555555555555,0.125,0.027777777777777776,0.6111111111111112,0.1527777777777778,0.2361111111111111,13.0,0.125,0.051515151515151514,59.18849277496331,0.0024779591402048096,0.5575408065460822,0.9877961158827726,0.0,0.631578947368421,0.09333333333333334,nan,nan,1.7547332644462585,1.7547332644462585,0.7711056470870972,nan,nan,nan,nan,nan,nan,nan,nan,nan,nan,nan,nan,nan,nan,nan,nan,nan,nan,nan,nan,nan,nan,nan,nan,nan,nan,nan,nan,nan,nan,nan,nan,nan,nan,nan,nan,nan,nan,nan,nan,nan,nan,nan,nan,nan,nan,nan,nan,nan,nan,nan,nan,nan
294,38308,0.6137891486419753,-2.0973945167064656,0.16,0,55,0.6363636363636364,0.01818181818181818,0.07272727272727272,0.09090909090909091,0.03636363636363636,0.7272727272727273,0.14545454545454545,0.12727272727272726,8.0,0.05454545454545454,0.05185185185185185,40.737090635299666,0.003818523933095088,0.8591678849463948,0.9946746687488462,0.0,0.8,0.16,nan,nan,1.719154268503189,1.719154268503189,0.7337000519037247,nan,nan,nan,nan,nan,nan,nan,nan,nan,nan,nan,nan,nan,nan,nan,nan,nan,nan,nan,nan,nan,nan,nan,nan,nan,nan,nan,nan,nan,nan,nan,nan,nan,nan,nan,nan,nan,nan,nan,nan,nan,nan,nan,nan,nan,nan,nan,nan,nan,nan,nan,nan,nan
295,38389,0.5947827777777778,-2.4282804713249213,0.2,0,81,0.5432098765432098,0.07407407407407407,0.06172839506172839,0.07407407407407407,0.037037037037037035,0.6790123456790124,0.12345679012345678,0.19753086419753085,10.0,0.06172839506172839,0.05944444444444445,58.45029020309445,0.003345672962034371,0.7527764164577334,0.9911661364243972,0.0,0.85,0.12,nan,nan,1.697542279958725,1.697542279958725,0.7303082570433617,nan,nan,nan,nan,nan,nan,nan,nan,nan,nan,nan,nan,nan,nan,nan,nan,nan,nan,nan,nan,nan,nan,nan,nan,nan,nan,nan,nan,nan,nan,nan,nan,nan,nan,nan,nan,nan,nan,nan,nan,nan,nan,nan,nan,nan,nan,nan,nan,nan,nan,nan,nan,nan
296,38515,0.5934527777777778,-1.1421714897155757,0.3422222222222222,0,126,0.6031746031746031,0.06349206349206349,0.023809523809523808,0.047619047619047616,0.007936507936507936,0.6904761904761905,0.09523809523809523,0.21428571428571427,6.0,0.007936507936507936,0.05629629629629629,90.05877609252911,0.0037506369998936548,0.8438933249760723,0.9943210877013983,0.007936507936507936,0.875,0.13333333333333333,0.28888888888888886,nan,1.7447511702775955,1.7447511702775955,0.7095135748386383,nan,nan,nan,nan,nan,nan,nan,nan,nan,nan,nan,nan,nan,nan,nan,nan,nan,nan,nan,nan,nan,nan,nan,nan,nan,nan,nan,nan,nan,nan,nan,nan,nan,nan,nan,nan,nan,nan,nan,nan,nan,nan,nan,nan,nan,nan,nan,nan,nan,nan,nan,nan,nan
297,38602,0.5925344444444445,-2.904847810745239,0.21333333333333335,0,87,0.5402298850574713,0.10344827586206896,0.04597701149425287,0.04597701149425287,0.011494252873563218,0.6896551724137931,0.10344827586206896,0.20689655172413793,8.0,0.034482758620689655,0.058240740740740746,70.45569343566886,0.002964826243313034,0.6670859047454326,0.9850421909511409,0.0,0.7391304347826086,0.12444444444444444,nan,nan,1.751406967639923,1.751406967639923,0.7947398796677589,nan,nan,nan,nan,nan,nan,nan,nan,nan,nan,nan,nan,nan,nan,nan,nan,nan,nan,nan,nan,nan,nan,nan,nan,nan,nan,nan,nan,nan,nan,nan,nan,nan,nan,nan,nan,nan,nan,nan,nan,nan,nan,nan,nan,nan,nan,nan,nan,nan,nan,nan,nan,nan
298,38700,0.5915,-3.890340103626254,0.22666666666666666,0,98,0.5102040816326531,0.09183673469387756,0.05102040816326531,0.10204081632653061,0.030612244897959183,0.6530612244897959,0.09183673469387756,0.25510204081632654,9.0,0.07142857142857142,0.0566183574879227,80.0222867012023,0.0027770041495063075,0.6248259336389193,1.0,0.01020408163265306,0.6521739130434783,0.13777777777777778,nan,nan,1.7316468060016632,1.7316468060016632,0.7212275639176369,nan,nan,nan,nan,nan,nan,nan,nan,nan,nan,nan,nan,nan,nan,nan,nan,nan,nan,nan,nan,nan,nan,nan,nan,nan,nan,nan,nan,nan,nan,nan,nan,nan,nan,nan,nan,nan,nan,nan,nan,nan,nan,nan,nan,nan,nan,nan,nan,nan,nan,nan,nan,nan
299,38849,0.5899272222222223,-5.395010094404224,0.31555555555555553,0,149,0.4697986577181208,0.06040268456375839,0.12751677852348994,0.10067114093959731,0.0,0.6577181208053692,0.12751677852348994,0.21476510067114093,16.0,0.1342281879194631,0.0524074074074074,110.4858104228972,0.0028158467582425056,0.6335655206045637,0.9601630531748736,0.006711409395973154,0.7777777777777778,0.1111111111111111,0.21333333333333335,nan,1.6581784635782242,1.6581784635782242,0.811673067510128,nan,nan,nan,nan,nan,nan,nan,nan,nan,nan,nan,nan,nan,nan,nan,nan,nan,nan,nan,nan,nan,nan,nan,nan,nan,nan,nan,nan,nan,nan,nan,nan,nan,nan,nan,nan,nan,nan,nan,nan,nan,nan,nan,nan,nan,nan,nan,nan,nan,nan,nan,nan,nan
300,38889,0.5895050000000001,-3.390637754917145,0.10666666666666667,0,40,0.575,0.1,0.025,0.1,0.05,0.7,0.125,0.175,12.0,0.175,0.07037037037037037,40.006073856353744,0.0025551675625371906,0.5749127015708679,0.9853553390593273,0.025,0.5,nan,nan,nan,1.7680020183324814,1.7680020183324814,0.791383408010006,-39.91429107003213,0.07999999999999999,-0.2,116.1,0.0,1.0,0.2182947640077856,0.08135387137672825,0.2999873267619955,0.34289514834447077,0.021662145998296016,0.5996359621465095,0.06282419396856219,0.33753984388492836,55.4,0.6134680120747302,0.021620442718997934,72.99705780982963,0.001314024573599483,0.29565552905988374,0.6334005087658284,0.017525252525252524,0.5954761904761905,0.045,0.04533333333333334,0.07444444444444445,-27.590307179713257,0.09688888888888889,-0.2,89.3,0.0,1.0,0.2969621916536342,0.0936092220037357,0.1834790263929899,0.35754231358256894,0.02516399177452753,0.5740504400503598,0.13220149750530333,0.2937480624443369,45.6,0.5148423339079435,0.03229432756976617,60.623877902030905,0.0016698084159197466,0.375706893581943,0.7034089912593113,0.011363636363636364,0.6532051282051282,0.05015873015873016,0.0651851851851852,0.05111111111111111,0.1458111111111111
301,39045,0.5878583333333334,-3.5932895359992973,0.3511111111111111,0,156,0.5,0.08974358974358974,0.04487179487179487,0.1282051282051282,0.00641025641025641,0.6346153846153846,0.20512820512820512,0.16025641025641027,24.0,0.14102564102564102,0.05354497354497355,110.06942415237407,0.0031495273945174856,0.7086436637664342,0.9833162899070421,0.038461538461538464,0.6216216216216216,0.1288888888888889,0.27111111111111114,0.3422222222222222,1.7256727516651154,1.7256727516651154,0.8983888626098633,nan,nan,nan,nan,nan,nan,nan,nan,nan,nan,nan,nan,nan,nan,nan,nan,nan,nan,nan,nan,nan,nan,nan,nan,nan,nan,nan,nan,nan,nan,nan,nan,nan,nan,nan,nan,nan,nan,nan,nan,nan,nan,nan,nan,nan,nan,nan,nan,nan,nan,nan,nan,nan
302,39123,0.587035,-6.027314796686174,0.14222222222222222,0,78,0.3974358974358974,0.0641025641025641,0.038461538461538464,0.2948717948717949,0.01282051282051282,0.5,0.34615384615384615,0.15384615384615385,16.0,0.23076923076923078,0.05888888888888889,70.04109330177303,0.0019670991882459674,0.44259731735534263,0.9833162899070417,0.0641025641025641,0.8125,0.06666666666666667,nan,nan,1.6881005614995956,1.6881005614995956,0.8284021988511086,nan,nan,nan,nan,nan,nan,nan,nan,nan,nan,nan,nan,nan,nan,nan,nan,nan,nan,nan,nan,nan,nan,nan,nan,nan,nan,nan,nan,nan,nan,nan,nan,nan,nan,nan,nan,nan,nan,nan,nan,nan,nan,nan,nan,nan,nan,nan,nan,nan,nan,nan,nan,nan
303,39282,0.5853566666666667,-1.1520319051742547,0.37777777777777777,0,159,0.5283018867924528,0.06918238993710692,0.025157232704402517,0.11949685534591195,0.006289308176100629,0.6226415094339622,0.11949685534591195,0.2578616352201258,9.0,0.025157232704402517,0.05784832451499118,100.69554195404027,0.0037075457968509785,0.8341978042914702,0.977560358312719,0.0,0.7317073170731707,0.11555555555555555,0.21333333333333335,0.36,1.6395518332719803,1.6395518332719803,0.7669609487056732,nan,nan,nan,nan,nan,nan,nan,nan,nan,nan,nan,nan,nan,nan,nan,nan,nan,nan,nan,nan,nan,nan,nan,nan,nan,nan,nan,nan,nan,nan,nan,nan,nan,nan,nan,nan,nan,nan,nan,nan,nan,nan,nan,nan,nan,nan,nan,nan,nan,nan,nan,nan,nan
304,39398,0.5841322222222223,-2.3871246871948237,0.25333333333333335,0,116,0.4827586206896552,0.1206896551724138,0.008620689655172414,0.11206896551724138,0.008620689655172414,0.6120689655172413,0.11206896551724138,0.27586206896551724,7.0,0.02586206896551724,0.05277777777777779,80.10594940185541,0.0031069963061086214,0.6990741688744398,1.0,0.017241379310344827,0.78125,0.08888888888888889,0.22666666666666666,nan,1.8008281886577606,1.8008281886577606,0.8303929567337036,nan,nan,nan,nan,nan,nan,nan,nan,nan,nan,nan,nan,nan,nan,nan,nan,nan,nan,nan,nan,nan,nan,nan,nan,nan,nan,nan,nan,nan,nan,nan,nan,nan,nan,nan,nan,nan,nan,nan,nan,nan,nan,nan,nan,nan,nan,nan,nan,nan,nan,nan,nan,nan
305,39486,0.5832033333333333,-3.0170207653045655,0.2088888888888889,0,88,0.5227272727272727,0.125,0.022727272727272728,0.11363636363636363,0.022727272727272728,0.6704545454545454,0.125,0.20454545454545456,5.0,0.0,0.05931623931623932,70.65734062194815,0.002893463618144415,0.6510293140824933,0.9852121660539688,0.0,0.6842105263157895,0.12444444444444444,nan,nan,1.6469378471374512,1.6469378471374512,0.7196664735674858,nan,nan,nan,nan,nan,nan,nan,nan,nan,nan,nan,nan,nan,nan,nan,nan,nan,nan,nan,nan,nan,nan,nan,nan,nan,nan,nan,nan,nan,nan,nan,nan,nan,nan,nan,nan,nan,nan,nan,nan,nan,nan,nan,nan,nan,nan,nan,nan,nan,nan,nan,nan,nan
306,39543,0.6111084269135802,-4.256223809719085,0.09777777777777778,0,57,0.3684210526315789,0.017543859649122806,0.05263157894736842,0.3684210526315789,0.03508771929824561,0.43859649122807015,0.3508771929824561,0.21052631578947367,6.0,0.03508771929824561,0.03492063492063492,40.611655330657975,0.002298190816735201,0.5170929337654202,1.0,0.08771929824561403,0.7272727272727273,0.09333333333333334,nan,nan,1.6699720919132233,1.6699720919132233,0.7074607908725739,nan,nan,nan,nan,nan,nan,nan,nan,nan,nan,nan,nan,nan,nan,nan,nan,nan,nan,nan,nan,nan,nan,nan,nan,nan,nan,nan,nan,nan,nan,nan,nan,nan,nan,nan,nan,nan,nan,nan,nan,nan,nan,nan,nan,nan,nan,nan,nan,nan,nan,nan,nan,nan
307,39766,0.5802477777777778,-3.605798125743867,0.43555555555555553,0,223,0.4349775784753363,0.08071748878923767,0.03587443946188341,0.17937219730941703,0.0,0.5515695067264574,0.18834080717488788,0.2600896860986547,13.0,0.08071748878923767,0.04824476650563606,140.0742678642271,0.003077732389284974,0.6924897875891192,0.9763109066448766,0.013452914798206279,0.6779661016949152,0.10222222222222223,0.21777777777777776,0.3377777777777778,1.5777874290943146,1.5777874290943146,0.731579415500164,nan,nan,nan,nan,nan,nan,nan,nan,nan,nan,nan,nan,nan,nan,nan,nan,nan,nan,nan,nan,nan,nan,nan,nan,nan,nan,nan,nan,nan,nan,nan,nan,nan,nan,nan,nan,nan,nan,nan,nan,nan,nan,nan,nan,nan,nan,nan,nan,nan,nan,nan,nan,nan
308,39806,0.5798255555555556,-2.29586880493164,0.1111111111111111,0,40,0.6,0.025,0.0,0.125,0.075,0.625,0.15,0.225,4.0,0.0,0.06814814814814815,30.34160766601564,0.0035155245509993034,0.7909930239748434,0.9926776695296636,0.0,0.9,nan,nan,nan,1.5815560817718506,1.5815560817718506,0.7139446474611759,nan,nan,nan,nan,nan,nan,nan,nan,nan,nan,nan,nan,nan,nan,nan,nan,nan,nan,nan,nan,nan,nan,nan,nan,nan,nan,nan,nan,nan,nan,nan,nan,nan,nan,nan,nan,nan,nan,nan,nan,nan,nan,nan,nan,nan,nan,nan,nan,nan,nan,nan,nan,nan
309,39886,0.5927032082304527,-4.00873291015625,0.1688888888888889,-1,80,0.4625,0.0625,0.0875,0.2125,0.025,0.6125,0.1125,0.275,13.0,0.1625,0.04555555555555556,57.416503906249915,0.0028640623036357373,0.6444140183180409,0.9890165042944957,0.0375,0.5714285714285714,0.1111111111111111,nan,nan,1.603794977068901,1.603794977068901,0.7097395732998848,nan,nan,nan,nan,nan,nan,nan,nan,nan,nan,nan,nan,nan,nan,nan,nan,nan,nan,nan,nan,nan,nan,nan,nan,nan,nan,nan,nan,nan,nan,nan,nan,nan,nan,nan,nan,nan,nan,nan,nan,nan,nan,nan,nan,nan,nan,nan,nan,nan,nan,nan,nan,nan
310,40016,0.577608888888889,-3.1430253577232374,0.29777777777777775,0,130,0.5076923076923077,0.038461538461538464,0.06923076923076923,0.11538461538461539,0.007692307692307693,0.6153846153846154,0.13846153846153847,0.24615384615384617,9.0,0.038461538461538464,0.05481481481481481,90.26690816879258,0.0032496220296459166,0.7311649566703312,0.9705804064790212,0.0,0.7941176470588235,0.11555555555555555,0.22666666666666666,nan,1.6838172525167465,1.6838172525167465,0.795452207326889,nan,nan,nan,nan,nan,nan,nan,nan,nan,nan,nan,nan,nan,nan,nan,nan,nan,nan,nan,nan,nan,nan,nan,nan,nan,nan,nan,nan,nan,nan,nan,nan,nan,nan,nan,nan,nan,nan,nan,nan,nan,nan,nan,nan,nan,nan,nan,nan,nan,nan,nan,nan,nan
311,40165,0.5760361111111112,-3.730589825391769,0.29777777777777775,0,149,0.4429530201342282,0.06040268456375839,0.06711409395973154,0.2483221476510067,0.013422818791946308,0.5704697986577181,0.06711409395973154,0.3624161073825503,11.0,0.11409395973154363,0.04944444444444444,90.72942690849291,0.0032330561685260163,0.7274376379183537,0.968182205000432,0.03355704697986577,0.7407407407407407,0.10222222222222223,0.1688888888888889,nan,1.6735477298498154,1.6735477298498154,0.6667946614325047,nan,nan,nan,nan,nan,nan,nan,nan,nan,nan,nan,nan,nan,nan,nan,nan,nan,nan,nan,nan,nan,nan,nan,nan,nan,nan,nan,nan,nan,nan,nan,nan,nan,nan,nan,nan,nan,nan,nan,nan,nan,nan,nan,nan,nan,nan,nan,nan,nan,nan,nan,nan,nan
312,40265,0.5749805555555556,-2.993672184944153,0.24,0,100,0.53,0.05,0.09,0.14,0.01,0.67,0.14,0.19,9.0,0.11,0.058888888888888886,71.27306842803944,0.0033049728424893515,0.7436188895601041,0.9319968168522391,0.01,0.7368421052631579,0.14666666666666667,0.24,nan,1.5520571172237396,1.5520571172237396,0.7286650501191616,nan,nan,nan,nan,nan,nan,nan,nan,nan,nan,nan,nan,nan,nan,nan,nan,nan,nan,nan,nan,nan,nan,nan,nan,nan,nan,nan,nan,nan,nan,nan,nan,nan,nan,nan,nan,nan,nan,nan,nan,nan,nan,nan,nan,nan,nan,nan,nan,nan,nan,nan,nan,nan
313,40391,0.5736505555555556,-2.3930154266357406,0.3244444444444444,0,126,0.5714285714285714,0.023809523809523808,0.06349206349206349,0.07936507936507936,0.007936507936507936,0.6587301587301587,0.15873015873015872,0.18253968253968253,8.0,0.03968253968253968,0.071111111111111,90.68586120605448,0.0035286647305791453,0.7939495643803077,0.9787300869548329,0.0,0.7878787878787878,0.1511111111111111,0.27555555555555555,nan,1.492980495095253,1.492980495095253,0.6647599563002586,nan,nan,nan,nan,nan,nan,nan,nan,nan,nan,nan,nan,nan,nan,nan,nan,nan,nan,nan,nan,nan,nan,nan,nan,nan,nan,nan,nan,nan,nan,nan,nan,nan,nan,nan,nan,nan,nan,nan,nan,nan,nan,nan,nan,nan,nan,nan,nan,nan,nan,nan,nan,nan
314,40521,0.5862188913580247,-5.690125428915026,0.21333333333333335,-2,130,0.36153846153846153,0.038461538461538464,0.06923076923076923,0.2923076923076923,0.015384615384615385,0.46923076923076923,0.16153846153846155,0.36923076923076925,14.0,0.15384615384615385,0.040740740740740744,79.19167075157162,0.002637763377214053,0.5934967598731619,0.9922427987043286,0.007692307692307693,0.6774193548387096,0.07555555555555556,0.17333333333333334,nan,1.6463274955749512,1.6463274955749512,0.6848492287099361,nan,nan,nan,nan,nan,nan,nan,nan,nan,nan,nan,nan,nan,nan,nan,nan,nan,nan,nan,nan,nan,nan,nan,nan,nan,nan,nan,nan,nan,nan,nan,nan,nan,nan,nan,nan,nan,nan,nan,nan,nan,nan,nan,nan,nan,nan,nan,nan,nan,nan,nan,nan,nan
315,40563,0.6643186400000001,-5.593750564098359,0.07111111111111111,0,42,0.35714285714285715,0.023809523809523808,0.38095238095238093,0.047619047619047616,0.047619047619047616,0.7619047619047619,0.07142857142857142,0.16666666666666666,13.0,0.3333333333333333,0.03542483660130719,40.016672039031995,0.0016659722877914597,0.3748437647530784,0.9049450363765479,0.0,0.375,nan,nan,nan,1.5794846713542938,1.5794846713542938,0.7279527857899666,nan,nan,nan,nan,nan,nan,nan,nan,nan,nan,nan,nan,nan,nan,nan,nan,nan,nan,nan,nan,nan,nan,nan,nan,nan,nan,nan,nan,nan,nan,nan,nan,nan,nan,nan,nan,nan,nan,nan,nan,nan,nan,nan,nan,nan,nan,nan,nan,nan,nan,nan,nan,nan
316,40666,0.6293804516872429,-7.950546583652497,0.11555555555555555,0,103,0.24271844660194175,0.06796116504854369,0.1941747572815534,0.24271844660194175,0.009708737864077669,0.5048543689320388,0.21359223300970873,0.2815533980582524,27.0,0.39805825242718446,0.02222222222222222,70.02425317764278,0.0015867518191052478,0.3570191592986808,0.9457581433015351,0.02912621359223301,0.44,0.09333333333333334,0.11555555555555555,nan,1.761382594704628,1.761382594704628,0.6945704817771912,nan,nan,nan,nan,nan,nan,nan,nan,nan,nan,nan,nan,nan,nan,nan,nan,nan,nan,nan,nan,nan,nan,nan,nan,nan,nan,nan,nan,nan,nan,nan,nan,nan,nan,nan,nan,nan,nan,nan,nan,nan,nan,nan,nan,nan,nan,nan,nan,nan,nan,nan,nan,nan
317,40746,0.6559226666666668,-5.966105894088743,0.13333333333333333,0,80,0.3625,0.0875,0.1125,0.1625,0.0125,0.5625,0.15,0.2875,22.0,0.225,0.03222222222222222,70.72481803894037,0.0018223997242088905,0.41003993794700033,0.9926776695296639,0.0,0.6363636363636364,0.1111111111111111,nan,nan,1.5996858030557632,1.5996858030557632,0.6898699626326561,nan,nan,nan,nan,nan,nan,nan,nan,nan,nan,nan,nan,nan,nan,nan,nan,nan,nan,nan,nan,nan,nan,nan,nan,nan,nan,nan,nan,nan,nan,nan,nan,nan,nan,nan,nan,nan,nan,nan,nan,nan,nan,nan,nan,nan,nan,nan,nan,nan,nan,nan,nan,nan
318,40822,0.5691011111111111,-1.6583717646598812,0.2222222222222222,0,76,0.6447368421052632,0.05263157894736842,0.0,0.06578947368421052,0.02631578947368421,0.6973684210526315,0.07894736842105263,0.2236842105263158,9.0,0.05263157894736842,0.0811111111111111,57.92735013961787,0.003759498358769814,0.8458871307232083,1.0,0.02631578947368421,0.8888888888888888,0.14666666666666667,nan,nan,1.6363230496644974,1.6363230496644974,0.6968121826648712,nan,nan,nan,nan,nan,nan,nan,nan,nan,nan,nan,nan,nan,nan,nan,nan,nan,nan,nan,nan,nan,nan,nan,nan,nan,nan,nan,nan,nan,nan,nan,nan,nan,nan,nan,nan,nan,nan,nan,nan,nan,nan,nan,nan,nan,nan,nan,nan,nan,nan,nan,nan,nan
319,40918,0.5680877777777777,-2.1415134420394883,0.24444444444444444,0,96,0.5625,0.0625,0.03125,0.125,0.010416666666666666,0.65625,0.13541666666666666,0.20833333333333334,9.0,0.041666666666666664,0.06253968253968253,70.2906042098999,0.0034143965996268648,0.7682392349160446,0.9925464276080852,0.010416666666666666,0.7619047619047619,0.12,nan,nan,1.480817899107933,1.480817899107933,0.6801134645938873,nan,nan,nan,nan,nan,nan,nan,nan,nan,nan,nan,nan,nan,nan,nan,nan,nan,nan,nan,nan,nan,nan,nan,nan,nan,nan,nan,nan,nan,nan,nan,nan,nan,nan,nan,nan,nan,nan,nan,nan,nan,nan,nan,nan,nan,nan,nan,nan,nan,nan,nan,nan,nan
320,41053,0.5666627777777777,-2.1108499345779412,0.27111111111111114,0,135,0.4444444444444444,0.08888888888888889,0.014814814814814815,0.16296296296296298,0.007407407407407408,0.5481481481481482,0.1925925925925926,0.25925925925925924,15.0,0.1037037037037037,0.05111111111111113,80.1033327102659,0.0033290333578404434,0.7490325055140996,0.9903605230574019,0.007407407407407408,0.7368421052631579,0.10222222222222223,0.2088888888888889,nan,1.6370300948619843,1.6370300948619843,0.7180748023092747,-31.633663654136676,0.16,-0.2,114.7,0.0,1.0,0.3661600106039491,0.08062866307175601,0.0517924361900393,0.3930093621067618,0.03342761272236834,0.4985811098657444,0.1066276810306261,0.39479120910362947,49.1,0.3714312686511889,0.038618088817723314,67.97108242034906,0.0023178137821300527,0.5215081009792619,0.7871248607883546,0.0015789473684210526,0.6489277389277388,0.056666666666666664,0.08370370370370371,0.13925925925925928,-26.052444508409515,0.136,-0.1,97.9,0.0,1.0,0.3473335793987173,0.09914849179111453,0.1251838331101828,0.3330432864252769,0.027998448424499563,0.5716659043000146,0.08575163167764903,0.3425824640223364,50.6,0.4663937104408379,0.03948457556935818,62.95280484199518,0.002113675555177305,0.47557699991489366,0.7317561330321669,0.03934573829531812,0.6473809523809524,0.06444444444444446,0.07644444444444445,0.12,0.27722222222222226
321,41184,0.5897531259259259,-5.994413954734805,0.21333333333333335,0,131,0.35877862595419846,0.061068702290076333,0.15267175572519084,0.1984732824427481,0.007633587786259542,0.5725190839694656,0.1450381679389313,0.2824427480916031,21.0,0.22900763358778625,0.037160493827160496,80.27060909271223,0.002602308506811292,0.5855194140325407,0.9495801876151743,0.04580152671755725,0.5666666666666667,0.08444444444444445,0.15555555555555556,nan,1.6411214917898178,1.6411214917898178,0.7415095046162605,nan,nan,nan,nan,nan,nan,nan,nan,nan,nan,nan,nan,nan,nan,nan,nan,nan,nan,nan,nan,nan,nan,nan,nan,nan,nan,nan,nan,nan,nan,nan,nan,nan,nan,nan,nan,nan,nan,nan,nan,nan,nan,nan,nan,nan,nan,nan,nan,nan,nan,nan,nan,nan
322,41270,0.5643722222222223,-2.3502398388385775,0.23555555555555555,0,86,0.6046511627906976,0.05813953488372093,0.0,0.05813953488372093,0.011627906976744186,0.6627906976744186,0.18604651162790697,0.1511627906976744,4.0,0.0,0.06626262626262626,70.23085560798637,0.0032907346651324305,0.7404152996547969,1.0,0.0,0.9166666666666666,0.14222222222222222,nan,nan,1.5788863152265549,1.5788863152265549,0.6403803266584873,nan,nan,nan,nan,nan,nan,nan,nan,nan,nan,nan,nan,nan,nan,nan,nan,nan,nan,nan,nan,nan,nan,nan,nan,nan,nan,nan,nan,nan,nan,nan,nan,nan,nan,nan,nan,nan,nan,nan,nan,nan,nan,nan,nan,nan,nan,nan,nan,nan,nan,nan,nan,nan
323,41383,0.5985133738271605,-1.9728535573482502,0.28888888888888886,0,113,0.5663716814159292,0.07964601769911504,0.08849557522123894,0.04424778761061947,0.008849557522123894,0.7345132743362832,0.13274336283185842,0.13274336283185842,14.0,0.12389380530973451,0.06017094017094016,80.04622435569748,0.0035535023261118806,0.7995380233751731,0.9507995654928747,0.0,0.6666666666666666,0.15555555555555556,0.27111111111111114,nan,1.396921917796135,1.396921917796135,0.5724350698292255,nan,nan,nan,nan,nan,nan,nan,nan,nan,nan,nan,nan,nan,nan,nan,nan,nan,nan,nan,nan,nan,nan,nan,nan,nan,nan,nan,nan,nan,nan,nan,nan,nan,nan,nan,nan,nan,nan,nan,nan,nan,nan,nan,nan,nan,nan,nan,nan,nan,nan,nan,nan,nan
324,41518,0.5656499604938271,-3.4154078013896934,0.3022222222222222,0,135,0.4962962962962963,0.07407407407407407,0.0,0.1925925925925926,0.0,0.5703703703703704,0.14074074074074075,0.28888888888888886,5.0,0.0,0.05185185185185185,100.67055048942551,0.0029579432746725323,0.6655372368013197,0.9978304206013818,0.022222222222222223,0.8125,0.10666666666666667,0.23555555555555555,nan,1.4424408376216888,1.4424408376216888,0.6440526321530342,nan,nan,nan,nan,nan,nan,nan,nan,nan,nan,nan,nan,nan,nan,nan,nan,nan,nan,nan,nan,nan,nan,nan,nan,nan,nan,nan,nan,nan,nan,nan,nan,nan,nan,nan,nan,nan,nan,nan,nan,nan,nan,nan,nan,nan,nan,nan,nan,nan,nan,nan,nan,nan
325,41660,0.5778453333333333,-3.205583667039871,0.31555555555555553,0,142,0.49295774647887325,0.07042253521126761,0.04929577464788732,0.14084507042253522,0.0,0.6126760563380281,0.16901408450704225,0.21830985915492956,13.0,0.09154929577464789,0.05324618736383443,100.12936825752244,0.0031070915209508295,0.6990955922139366,0.9733436500633913,0.02112676056338028,0.7352941176470589,0.14222222222222222,0.24888888888888888,nan,1.4445960968732834,1.4445960968732834,0.5901038534939289,nan,nan,nan,nan,nan,nan,nan,nan,nan,nan,nan,nan,nan,nan,nan,nan,nan,nan,nan,nan,nan,nan,nan,nan,nan,nan,nan,nan,nan,nan,nan,nan,nan,nan,nan,nan,nan,nan,nan,nan,nan,nan,nan,nan,nan,nan,nan,nan,nan,nan,nan,nan,nan
326,41777,0.5590205555555556,-2.4676986312866216,0.2577777777777778,0,117,0.48717948717948717,0.1111111111111111,0.07692307692307693,0.09401709401709402,0.008547008547008548,0.6752136752136753,0.10256410256410256,0.2222222222222222,15.0,0.11965811965811966,0.054013071895424834,80.19712982177715,0.003158882791645018,0.7107486281201291,0.9184091712027689,0.0,0.7307692307692307,0.1288888888888889,0.2222222222222222,nan,1.571199044585228,1.571199044585228,0.689909428358078,nan,nan,nan,nan,nan,nan,nan,nan,nan,nan,nan,nan,nan,nan,nan,nan,nan,nan,nan,nan,nan,nan,nan,nan,nan,nan,nan,nan,nan,nan,nan,nan,nan,nan,nan,nan,nan,nan,nan,nan,nan,nan,nan,nan,nan,nan,nan,nan,nan,nan,nan,nan,nan
327,41947,0.6034057878189302,-6.541943313837051,0.2577777777777778,0,170,0.3352941176470588,0.07647058823529412,0.1,0.25882352941176473,0.0,0.5117647058823529,0.15294117647058825,0.3352941176470588,25.0,0.25882352941176473,0.03666666666666667,100.68517441749552,0.002516093702960433,0.5661210831660973,0.961932022539462,0.011764705882352941,0.5641025641025641,0.08444444444444445,0.18222222222222223,0.24444444444444444,1.5358754098415375,1.5358754098415375,0.6276094205677509,nan,nan,nan,nan,nan,nan,nan,nan,nan,nan,nan,nan,nan,nan,nan,nan,nan,nan,nan,nan,nan,nan,nan,nan,nan,nan,nan,nan,nan,nan,nan,nan,nan,nan,nan,nan,nan,nan,nan,nan,nan,nan,nan,nan,nan,nan,nan,nan,nan,nan,nan,nan,nan
328,42001,0.5975751100411523,-5.714029708862304,0.08888888888888889,0,54,0.35185185185185186,0.037037037037037035,0.14814814814814814,0.2222222222222222,0.037037037037037035,0.5370370370370371,0.2037037037037037,0.25925925925925924,15.0,0.25925925925925924,0.028148148148148148,48.42885437011719,0.0017436804058811376,0.3923280913232559,0.9837281545103637,0.07407407407407407,0.5384615384615384,0.08888888888888889,nan,nan,1.5274513363838196,1.5274513363838196,0.6007295101881027,nan,nan,nan,nan,nan,nan,nan,nan,nan,nan,nan,nan,nan,nan,nan,nan,nan,nan,nan,nan,nan,nan,nan,nan,nan,nan,nan,nan,nan,nan,nan,nan,nan,nan,nan,nan,nan,nan,nan,nan,nan,nan,nan,nan,nan,nan,nan,nan,nan,nan,nan,nan,nan
329,42097,0.6162070213991769,-3.253453467130661,0.2222222222222222,0,96,0.5104166666666666,0.052083333333333336,0.10416666666666667,0.13541666666666666,0.010416666666666666,0.6666666666666666,0.15625,0.17708333333333334,9.0,0.08333333333333333,0.05634920634920634,70.26146159172056,0.003099533838952194,0.6973951137642437,0.9693799784616152,0.0,0.6666666666666666,0.1288888888888889,nan,nan,1.4184780716896057,1.4184780716896057,0.5499555058777332,nan,nan,nan,nan,nan,nan,nan,nan,nan,nan,nan,nan,nan,nan,nan,nan,nan,nan,nan,nan,nan,nan,nan,nan,nan,nan,nan,nan,nan,nan,nan,nan,nan,nan,nan,nan,nan,nan,nan,nan,nan,nan,nan,nan,nan,nan,nan,nan,nan,nan,nan,nan,nan
330,42198,0.5545766666666667,-3.9896183600425745,0.21333333333333335,0,101,0.46534653465346537,0.019801980198019802,0.13861386138613863,0.13861386138613863,0.009900990099009901,0.6237623762376238,0.1485148514851485,0.22772277227722773,13.0,0.07920792079207921,0.06311111111111112,70.17731771469103,0.002976586961304732,0.6697320662935646,0.956989048022957,0.009900990099009901,0.875,0.13333333333333333,0.2088888888888889,nan,1.478747934103012,1.478747934103012,0.5747322887182236,nan,nan,nan,nan,nan,nan,nan,nan,nan,nan,nan,nan,nan,nan,nan,nan,nan,nan,nan,nan,nan,nan,nan,nan,nan,nan,nan,nan,nan,nan,nan,nan,nan,nan,nan,nan,nan,nan,nan,nan,nan,nan,nan,nan,nan,nan,nan,nan,nan,nan,nan,nan,nan
331,42299,0.5535105555555555,-3.962047461032869,0.2,0,101,0.43564356435643564,0.06930693069306931,0.06930693069306931,0.2079207920792079,0.019801980198019802,0.5742574257425742,0.10891089108910891,0.31683168316831684,9.0,0.0594059405940594,0.06044444444444445,70.53378534317008,0.0027725090125833092,0.6238145278312446,0.9900154834808191,0.019801980198019802,0.7727272727272727,0.12444444444444444,0.19555555555555557,nan,1.519816741347313,1.519816741347313,0.6125188395380974,nan,nan,nan,nan,nan,nan,nan,nan,nan,nan,nan,nan,nan,nan,nan,nan,nan,nan,nan,nan,nan,nan,nan,nan,nan,nan,nan,nan,nan,nan,nan,nan,nan,nan,nan,nan,nan,nan,nan,nan,nan,nan,nan,nan,nan,nan,nan,nan,nan,nan,nan,nan,nan
332,42455,0.5518638888888889,-2.5090178673267354,0.3511111111111111,0,156,0.5,0.07051282051282051,0.07051282051282051,0.15384615384615385,0.00641025641025641,0.6410256410256411,0.07692307692307693,0.28205128205128205,15.0,0.1346153846153846,0.05957671957671956,100.50493206977822,0.0034492502957564723,0.7760813165452062,0.959560434334945,0.00641025641025641,0.65625,0.10222222222222223,0.18222222222222223,0.3288888888888889,1.4994632601737976,1.4994632601737976,0.6150823831558228,nan,nan,nan,nan,nan,nan,nan,nan,nan,nan,nan,nan,nan,nan,nan,nan,nan,nan,nan,nan,nan,nan,nan,nan,nan,nan,nan,nan,nan,nan,nan,nan,nan,nan,nan,nan,nan,nan,nan,nan,nan,nan,nan,nan,nan,nan,nan,nan,nan,nan,nan,nan,nan
333,42568,0.5506711111111111,-2.9923444318771364,0.22666666666666666,0,113,0.4424778761061947,0.061946902654867256,0.017699115044247787,0.24778761061946902,0.017699115044247787,0.5221238938053098,0.1415929203539823,0.336283185840708,13.0,0.18584070796460178,0.04936752136752136,70.0413755416869,0.003172727841273777,0.7138637642865998,0.983299859956835,0.017699115044247787,0.6538461538461539,0.1111111111111111,0.2,nan,1.4026110470294952,1.4026110470294952,0.5732877030968666,nan,nan,nan,nan,nan,nan,nan,nan,nan,nan,nan,nan,nan,nan,nan,nan,nan,nan,nan,nan,nan,nan,nan,nan,nan,nan,nan,nan,nan,nan,nan,nan,nan,nan,nan,nan,nan,nan,nan,nan,nan,nan,nan,nan,nan,nan,nan,nan,nan,nan,nan,nan,nan
334,42670,0.5495944444444445,-1.9966524853706353,0.25333333333333335,0,102,0.5490196078431373,0.0784313725490196,0.08823529411764706,0.10784313725490197,0.00980392156862745,0.7156862745098039,0.13725490196078433,0.14705882352941177,12.0,0.08823529411764706,0.04977777777777778,70.33002367019638,0.003538871109385963,0.7962459996118416,0.966710274575344,0.0196078431372549,0.6666666666666666,0.1688888888888889,0.25333333333333335,nan,1.4347859099507332,1.4347859099507332,0.611540038138628,nan,nan,nan,nan,nan,nan,nan,nan,nan,nan,nan,nan,nan,nan,nan,nan,nan,nan,nan,nan,nan,nan,nan,nan,nan,nan,nan,nan,nan,nan,nan,nan,nan,nan,nan,nan,nan,nan,nan,nan,nan,nan,nan,nan,nan,nan,nan,nan,nan,nan,nan,nan,nan
335,42764,0.5486022222222222,-2.060761498928069,0.24888888888888888,0,94,0.5851063829787234,0.06382978723404255,0.0851063829787234,0.031914893617021274,0.010638297872340425,0.7340425531914894,0.0851063829787234,0.18085106382978725,6.0,0.031914893617021274,0.06672514619883041,70.01677618026723,0.003491226785636212,0.7855260267681476,0.9718403296748486,0.0,0.6363636363636364,0.12,nan,nan,1.5726489573717117,1.5726489573717117,0.6393719837069511,nan,nan,nan,nan,nan,nan,nan,nan,nan,nan,nan,nan,nan,nan,nan,nan,nan,nan,nan,nan,nan,nan,nan,nan,nan,nan,nan,nan,nan,nan,nan,nan,nan,nan,nan,nan,nan,nan,nan,nan,nan,nan,nan,nan,nan,nan,nan,nan,nan,nan,nan,nan,nan
336,42861,0.5475783333333333,-2.6589926221370703,0.21777777777777776,0,97,0.4948453608247423,0.12371134020618557,0.0,0.10309278350515463,0.020618556701030927,0.6185567010309279,0.21649484536082475,0.16494845360824742,10.0,0.10309278350515463,0.054696969696969695,70.25707259178154,0.0030364677243652823,0.6832052379821886,0.9835647154014002,0.0,0.6666666666666666,0.16,nan,nan,1.3926907926797867,1.3926907926797867,0.5601491071283817,nan,nan,nan,nan,nan,nan,nan,nan,nan,nan,nan,nan,nan,nan,nan,nan,nan,nan,nan,nan,nan,nan,nan,nan,nan,nan,nan,nan,nan,nan,nan,nan,nan,nan,nan,nan,nan,nan,nan,nan,nan,nan,nan,nan,nan,nan,nan,nan,nan,nan,nan,nan,nan
337,42950,0.5466388888888889,-4.165349152326587,0.20444444444444446,0,89,0.5056179775280899,0.056179775280898875,0.1348314606741573,0.10112359550561797,0.011235955056179775,0.6966292134831461,0.16853932584269662,0.1348314606741573,11.0,0.10112359550561797,0.05523809523809524,70.3938014507293,0.002841159248090699,0.6392608308204072,0.9621514917741878,0.0,0.6666666666666666,0.08888888888888889,nan,nan,1.403490111231804,1.403490111231804,0.5774861574172974,nan,nan,nan,nan,nan,nan,nan,nan,nan,nan,nan,nan,nan,nan,nan,nan,nan,nan,nan,nan,nan,nan,nan,nan,nan,nan,nan,nan,nan,nan,nan,nan,nan,nan,nan,nan,nan,nan,nan,nan,nan,nan,nan,nan,nan,nan,nan,nan,nan,nan,nan,nan,nan
338,43056,0.54552,-1.9132955048084255,0.28,0,106,0.5849056603773585,0.08490566037735849,0.04716981132075472,0.04716981132075472,0.009433962264150943,0.7169811320754716,0.08490566037735849,0.19811320754716982,17.0,0.11320754716981132,0.06637037037037037,80.35519528388971,0.0034292189146207116,0.77157425578966,0.9857694701090823,0.0,0.76,0.15555555555555556,0.26222222222222225,nan,1.4523876160383224,1.4523876160383224,0.6096944361925125,nan,nan,nan,nan,nan,nan,nan,nan,nan,nan,nan,nan,nan,nan,nan,nan,nan,nan,nan,nan,nan,nan,nan,nan,nan,nan,nan,nan,nan,nan,nan,nan,nan,nan,nan,nan,nan,nan,nan,nan,nan,nan,nan,nan,nan,nan,nan,nan,nan,nan,nan,nan,nan
339,43125,0.5447916666666667,-4.633913918733597,0.15555555555555556,0,69,0.4927536231884058,0.014492753623188406,0.11594202898550725,0.17391304347826086,0.028985507246376812,0.6231884057971014,0.17391304347826086,0.2028985507246377,18.0,0.18840579710144928,0.05551656920077972,58.52298970222472,0.00258208119373243,0.5809682685897968,0.9707699661322526,0.043478260869565216,0.5,0.10666666666666667,nan,nan,1.4538158625364304,1.4538158625364304,0.6454348489642143,nan,nan,nan,nan,nan,nan,nan,nan,nan,nan,nan,nan,nan,nan,nan,nan,nan,nan,nan,nan,nan,nan,nan,nan,nan,nan,nan,nan,nan,nan,nan,nan,nan,nan,nan,nan,nan,nan,nan,nan,nan,nan,nan,nan,nan,nan,nan,nan,nan,nan,nan,nan,nan
340,43310,0.5469025432098766,-4.087008065223693,0.40444444444444444,0,185,0.4864864864864865,0.0972972972972973,0.02702702702702703,0.11351351351351352,0.0,0.6108108108108108,0.13513513513513514,0.25405405405405407,8.0,0.021621621621621623,0.051666666666666666,140.11436252593973,0.002854810833014688,0.6423324374283048,0.9897993739195805,0.010810810810810811,0.72,0.12444444444444444,0.24888888888888888,0.36,1.5655052363872528,1.5655052363872528,0.6895906180143356,-11.88345532631874,0.15244444444444444,-0.2,105.5,0.0,1.0,0.33021605835782675,0.152372858748498,0.06763533921476975,0.2996680807452317,0.030662090034824722,0.5502242563210945,0.21507211009266367,0.23470363358624186,27.6,0.3407771645120663,0.0362594432942259,73.39481263160694,0.0020081766847818566,0.4518397540759178,0.8894592377888377,0.03945480631276901,0.47648946535135794,0.08691358024691358,0.14148148148148149,0.26666666666666666,-24.48269229383468,0.12977777777777777,-0.2,101.4,0.0,1.0,0.30579514112192197,0.07012625542158651,0.04033455480018924,0.4917350867402003,0.023745817126728446,0.4162559513436978,0.2917721165777009,0.2919719320786014,42.6,0.4731470823734455,0.03374691358024691,64.374212322235,0.0019226190580163703,0.43258928805368335,0.7633108128617901,0.17421456163274296,0.6206637806637807,0.08499999999999999,0.13244444444444445,0.18,0.3660123456790123
341,43471,0.5411394444444444,-5.379235170364384,0.3022222222222222,0,161,0.4161490683229814,0.09937888198757763,0.09316770186335403,0.10559006211180125,0.0,0.6086956521739131,0.2111801242236025,0.18012422360248448,11.0,0.09937888198757763,0.04658008658008657,120.1736682891844,0.002477895382715697,0.5575264611110318,0.983627087147074,0.012422360248447204,0.5869565217391305,0.07555555555555556,0.17333333333333334,0.28,1.3288083523511887,1.3288083523511887,0.5342194922268391,nan,nan,nan,nan,nan,nan,nan,nan,nan,nan,nan,nan,nan,nan,nan,nan,nan,nan,nan,nan,nan,nan,nan,nan,nan,nan,nan,nan,nan,nan,nan,nan,nan,nan,nan,nan,nan,nan,nan,nan,nan,nan,nan,nan,nan,nan,nan,nan,nan,nan,nan,nan,nan
342,43570,0.5400944444444444,-1.4421594054698947,0.28,0,99,0.6262626262626263,0.04040404040404041,0.0707070707070707,0.050505050505050504,0.020202020202020204,0.7373737373737373,0.13131313131313133,0.13131313131313133,8.0,0.04040404040404041,0.06967592592592593,70.31580386161794,0.0039188282067833735,0.8817363465262588,0.8747136599014046,0.0,0.5238095238095238,0.14222222222222222,nan,nan,1.5041194558143616,1.5041194558143616,0.5434743240475655,nan,nan,nan,nan,nan,nan,nan,nan,nan,nan,nan,nan,nan,nan,nan,nan,nan,nan,nan,nan,nan,nan,nan,nan,nan,nan,nan,nan,nan,nan,nan,nan,nan,nan,nan,nan,nan,nan,nan,nan,nan,nan,nan,nan,nan,nan,nan,nan,nan,nan,nan,nan,nan
343,43620,0.5395666666666666,-2.5201629080772396,0.14222222222222222,0,50,0.62,0.02,0.06,0.06,0.04,0.7,0.04,0.26,5.0,0.0,0.06888888888888889,40.858694362640385,0.003372055322055432,0.7587124474624721,1.0,0.0,0.8333333333333334,0.14222222222222222,nan,nan,1.3717433586716652,1.3717433586716652,0.4931200221180916,nan,nan,nan,nan,nan,nan,nan,nan,nan,nan,nan,nan,nan,nan,nan,nan,nan,nan,nan,nan,nan,nan,nan,nan,nan,nan,nan,nan,nan,nan,nan,nan,nan,nan,nan,nan,nan,nan,nan,nan,nan,nan,nan,nan,nan,nan,nan,nan,nan,nan,nan,nan,nan
344,43810,0.6300488888888889,-4.35080146074295,0.36444444444444446,0,190,0.4263157894736842,0.07894736842105263,0.07894736842105263,0.1631578947368421,0.0,0.5842105263157895,0.14736842105263157,0.26842105263157895,26.0,0.14210526315789473,0.045,120.1981091499325,0.0029950554342826133,0.6738874727135878,0.9445311629743348,0.015789473684210527,0.6595744680851063,0.10666666666666667,0.21333333333333335,0.3377777777777778,1.532853975892067,1.532853975892067,0.5766803584992886,nan,nan,nan,nan,nan,nan,nan,nan,nan,nan,nan,nan,nan,nan,nan,nan,nan,nan,nan,nan,nan,nan,nan,nan,nan,nan,nan,nan,nan,nan,nan,nan,nan,nan,nan,nan,nan,nan,nan,nan,nan,nan,nan,nan,nan,nan,nan,nan,nan,nan,nan,nan,nan
345,43926,0.5456099333333333,-12.432191385745991,0.21333333333333335,0,116,0.4051724137931034,0.04310344827586207,0.1724137931034483,0.16379310344827586,0.0,0.6206896551724138,0.1810344827586207,0.19827586206896552,39.0,0.29310344827586204,0.045777777777777785,100.01134653091421,0.0020886518993554386,0.46994667735497364,0.8611116839791557,0.05172413793103448,0.56,0.08444444444444445,0.17777777777777778,nan,1.49508535861969,1.49508535861969,0.6161003783345222,nan,nan,nan,nan,nan,nan,nan,nan,nan,nan,nan,nan,nan,nan,nan,nan,nan,nan,nan,nan,nan,nan,nan,nan,nan,nan,nan,nan,nan,nan,nan,nan,nan,nan,nan,nan,nan,nan,nan,nan,nan,nan,nan,nan,nan,nan,nan,nan,nan,nan,nan,nan,nan
346,44082,0.53469,-4.474067747831354,0.38666666666666666,0,156,0.5512820512820513,0.05128205128205128,0.10256410256410256,0.07051282051282051,0.0,0.7051282051282052,0.1282051282051282,0.16666666666666666,18.0,0.08974358974358974,0.06063492063492063,120.64826426506023,0.0031680706270460113,0.7128158910853525,0.9352975505508144,0.01282051282051282,0.8,0.10222222222222223,0.24888888888888888,0.37333333333333335,1.3439283668994904,1.3439283668994904,0.5632736682891846,nan,nan,nan,nan,nan,nan,nan,nan,nan,nan,nan,nan,nan,nan,nan,nan,nan,nan,nan,nan,nan,nan,nan,nan,nan,nan,nan,nan,nan,nan,nan,nan,nan,nan,nan,nan,nan,nan,nan,nan,nan,nan,nan,nan,nan,nan,nan,nan,nan,nan,nan,nan,nan
347,44134,0.5341411111111112,-2.733981506586075,0.14222222222222222,0,52,0.5961538461538461,0.057692307692307696,0.0,0.07692307692307693,0.038461538461538464,0.6538461538461539,0.17307692307692307,0.17307692307692307,7.0,0.038461538461538464,0.06296296296296296,44.73315720558165,0.0030799922559587713,0.6929982575907235,1.0,0.019230769230769232,0.9285714285714286,0.13777777777777778,nan,nan,1.5352168828248978,1.5352168828248978,0.57456049695611,nan,nan,nan,nan,nan,nan,nan,nan,nan,nan,nan,nan,nan,nan,nan,nan,nan,nan,nan,nan,nan,nan,nan,nan,nan,nan,nan,nan,nan,nan,nan,nan,nan,nan,nan,nan,nan,nan,nan,nan,nan,nan,nan,nan,nan,nan,nan,nan,nan,nan,nan,nan,nan
348,44228,0.5331488888888889,-2.866900480985641,0.26666666666666666,0,94,0.6276595744680851,0.010638297872340425,0.14893617021276595,0.07446808510638298,0.010638297872340425,0.7872340425531915,0.13829787234042554,0.07446808510638298,15.0,0.10638297872340426,0.06906432748538012,70.64667124748223,0.0037117420763340997,0.8351419671751724,0.8172045392359363,0.0,0.7692307692307693,0.14222222222222222,nan,nan,1.5011613965034485,1.5011613965034485,0.5731518119573593,nan,nan,nan,nan,nan,nan,nan,nan,nan,nan,nan,nan,nan,nan,nan,nan,nan,nan,nan,nan,nan,nan,nan,nan,nan,nan,nan,nan,nan,nan,nan,nan,nan,nan,nan,nan,nan,nan,nan,nan,nan,nan,nan,nan,nan,nan,nan,nan,nan,nan,nan,nan,nan
349,44371,0.5316394444444444,-3.51242364215851,0.27555555555555555,0,143,0.42657342657342656,0.15384615384615385,0.03496503496503497,0.13286713286713286,0.0,0.6153846153846154,0.18181818181818182,0.20279720279720279,18.0,0.23076923076923078,0.049218106995884775,100.18498706817621,0.0027061051665018348,0.6088736624629127,0.9773956972972142,0.027972027972027972,0.5555555555555556,0.09777777777777778,0.1511111111111111,nan,1.513548195362091,1.513548195362091,0.5748745761811733,nan,nan,nan,nan,nan,nan,nan,nan,nan,nan,nan,nan,nan,nan,nan,nan,nan,nan,nan,nan,nan,nan,nan,nan,nan,nan,nan,nan,nan,nan,nan,nan,nan,nan,nan,nan,nan,nan,nan,nan,nan,nan,nan,nan,nan,nan,nan,nan,nan,nan,nan,nan,nan
350,44564,0.5883496780246915,-3.6535031323432943,0.4444444444444444,0,193,0.5129533678756477,0.07253886010362694,0.010362694300518135,0.16062176165803108,0.0051813471502590676,0.5958549222797928,0.20725388601036268,0.19689119170984457,10.0,0.06735751295336788,0.05651234567901234,140.0047917366028,0.003142749576941562,0.7071186548118514,0.9856694534646737,0.05181347150259067,0.8043478260869565,0.1511111111111111,0.28,0.3688888888888889,1.4149674773216248,1.4149674773216248,0.5267003029584885,nan,nan,nan,nan,nan,nan,nan,nan,nan,nan,nan,nan,nan,nan,nan,nan,nan,nan,nan,nan,nan,nan,nan,nan,nan,nan,nan,nan,nan,nan,nan,nan,nan,nan,nan,nan,nan,nan,nan,nan,nan,nan,nan,nan,nan,nan,nan,nan,nan,nan,nan,nan,nan
351,44692,0.5471210666666667,-1.1644716918468474,0.3422222222222222,0,128,0.59375,0.0625,0.0234375,0.0859375,0.0078125,0.6796875,0.0859375,0.234375,5.0,0.0,0.06172839506172836,90.06163516044599,0.0037505179333688784,0.8438665350079976,0.9648379324951386,0.0,0.7931034482758621,0.14222222222222222,0.26222222222222225,nan,1.4594674110412598,1.4594674110412598,0.5253815315663815,nan,nan,nan,nan,nan,nan,nan,nan,nan,nan,nan,nan,nan,nan,nan,nan,nan,nan,nan,nan,nan,nan,nan,nan,nan,nan,nan,nan,nan,nan,nan,nan,nan,nan,nan,nan,nan,nan,nan,nan,nan,nan,nan,nan,nan,nan,nan,nan,nan,nan,nan,nan,nan
352,44849,0.5265938888888889,-4.925091796636588,0.29777777777777775,0,157,0.42038216560509556,0.08280254777070063,0.1592356687898089,0.12738853503184713,0.0,0.6624203821656051,0.12101910828025478,0.21656050955414013,15.0,0.21656050955414013,0.05170068027210883,100.45801711082436,0.002919959419562609,0.656990869401587,0.9384554769855326,0.006369426751592357,0.5454545454545454,0.08444444444444445,0.15555555555555556,0.27111111111111114,1.4459567815065384,1.4459567815065384,0.5576756820082664,nan,nan,nan,nan,nan,nan,nan,nan,nan,nan,nan,nan,nan,nan,nan,nan,nan,nan,nan,nan,nan,nan,nan,nan,nan,nan,nan,nan,nan,nan,nan,nan,nan,nan,nan,nan,nan,nan,nan,nan,nan,nan,nan,nan,nan,nan,nan,nan,nan,nan,nan,nan,nan
353,45009,0.524905,-4.162846967697144,0.36444444444444446,-2,160,0.50625,0.04375,0.13125,0.1,0.0125,0.68125,0.13125,0.1875,8.0,0.05625,0.0561904761904762,113.36044731140123,0.003175710828055219,0.7145349363124243,0.9745119068136759,0.00625,0.8285714285714286,0.11555555555555555,0.2311111111111111,0.3422222222222222,1.3831896632909775,1.3831896632909775,0.5841963849961758,nan,nan,nan,nan,nan,nan,nan,nan,nan,nan,nan,nan,nan,nan,nan,nan,nan,nan,nan,nan,nan,nan,nan,nan,nan,nan,nan,nan,nan,nan,nan,nan,nan,nan,nan,nan,nan,nan,nan,nan,nan,nan,nan,nan,nan,nan,nan,nan,nan,nan,nan,nan,nan
354,45105,0.5238916666666666,-1.648365269899368,0.27111111111111114,-1,96,0.625,0.03125,0.020833333333333332,0.09375,0.03125,0.6770833333333334,0.14583333333333334,0.17708333333333334,6.0,0.010416666666666666,0.06857142857142857,68.87966923713671,0.0038714858770386266,0.8710843223336908,0.9894954565787782,0.0,0.9090909090909091,0.15555555555555556,nan,nan,1.4585101455450058,1.4585101455450058,0.5155887827277184,nan,nan,nan,nan,nan,nan,nan,nan,nan,nan,nan,nan,nan,nan,nan,nan,nan,nan,nan,nan,nan,nan,nan,nan,nan,nan,nan,nan,nan,nan,nan,nan,nan,nan,nan,nan,nan,nan,nan,nan,nan,nan,nan,nan,nan,nan,nan,nan,nan,nan,nan,nan,nan
355,45235,0.5837784312757203,-4.877919257640841,0.2577777777777778,0,130,0.43846153846153846,0.11538461538461539,0.06153846153846154,0.12307692307692308,0.015384615384615385,0.6153846153846154,0.15384615384615385,0.23076923076923078,11.0,0.09230769230769231,0.04222222222222222,100.4563738822936,0.0025218243854806884,0.5674104867331549,0.9922427987043285,0.0,0.7352941176470589,0.1288888888888889,0.21777777777777776,nan,1.4188085049390793,1.4188085049390793,0.5859111174941063,nan,nan,nan,nan,nan,nan,nan,nan,nan,nan,nan,nan,nan,nan,nan,nan,nan,nan,nan,nan,nan,nan,nan,nan,nan,nan,nan,nan,nan,nan,nan,nan,nan,nan,nan,nan,nan,nan,nan,nan,nan,nan,nan,nan,nan,nan,nan,nan,nan,nan,nan,nan,nan
356,45334,0.5370708329218107,-5.97958470582962,0.16444444444444445,0,99,0.36363636363636365,0.1414141414141414,0.13131313131313133,0.12121212121212122,0.020202020202020204,0.6363636363636364,0.12121212121212122,0.24242424242424243,28.0,0.25252525252525254,0.040092592592592596,80.14842576980585,0.00199629622744601,0.44916665117535226,0.9838967413528872,0.010101010101010102,0.5833333333333334,0.12444444444444444,nan,nan,1.389206513762474,1.389206513762474,0.5550876334309578,nan,nan,nan,nan,nan,nan,nan,nan,nan,nan,nan,nan,nan,nan,nan,nan,nan,nan,nan,nan,nan,nan,nan,nan,nan,nan,nan,nan,nan,nan,nan,nan,nan,nan,nan,nan,nan,nan,nan,nan,nan,nan,nan,nan,nan,nan,nan,nan,nan,nan,nan,nan,nan
357,45440,0.5203555555555555,-1.1764348196983323,0.27111111111111114,0,106,0.5660377358490566,0.04716981132075472,0.0,0.09433962264150944,0.009433962264150943,0.6132075471698113,0.16037735849056603,0.22641509433962265,5.0,0.0,0.0617777777777778,70.00414113998399,0.003809298454693215,0.8570921523059732,0.9885326136827941,0.009433962264150943,0.9032258064516129,0.1111111111111111,0.2577777777777778,nan,1.3612391501665115,1.3612391501665115,0.5117140263319016,nan,nan,nan,nan,nan,nan,nan,nan,nan,nan,nan,nan,nan,nan,nan,nan,nan,nan,nan,nan,nan,nan,nan,nan,nan,nan,nan,nan,nan,nan,nan,nan,nan,nan,nan,nan,nan,nan,nan,nan,nan,nan,nan,nan,nan,nan,nan,nan,nan,nan,nan,nan,nan
358,45526,0.5351102205761318,-7.082563913822174,0.1111111111111111,0,86,0.27906976744186046,0.09302325581395349,0.18604651162790697,0.19767441860465115,0.011627906976744186,0.5581395348837209,0.16279069767441862,0.27906976744186046,14.0,0.2441860465116279,0.02949494949494949,71.15775156021111,0.0014990168228743034,0.3372787851467183,0.9374772860402957,0.03488372093023256,0.42857142857142855,0.08444444444444445,nan,nan,1.3696564882993698,1.3696564882993698,0.5594939179718494,nan,nan,nan,nan,nan,nan,nan,nan,nan,nan,nan,nan,nan,nan,nan,nan,nan,nan,nan,nan,nan,nan,nan,nan,nan,nan,nan,nan,nan,nan,nan,nan,nan,nan,nan,nan,nan,nan,nan,nan,nan,nan,nan,nan,nan,nan,nan,nan,nan,nan,nan,nan,nan
359,45705,0.5218467037037037,-0.3914375171661365,0.4488888888888889,0,179,0.5586592178770949,0.11731843575418995,0.01675977653631285,0.0893854748603352,0.0,0.6927374301675978,0.12849162011173185,0.1787709497206704,15.0,0.12290502793296089,0.06138888888888889,120.59464302062963,0.003685441022188815,0.8292242299924832,0.9563402239284061,0.00558659217877095,0.7435897435897436,0.1111111111111111,0.26222222222222225,0.4088888888888889,1.5159877240657806,1.5159877240657806,0.5684361085295677,nan,nan,nan,nan,nan,nan,nan,nan,nan,nan,nan,nan,nan,nan,nan,nan,nan,nan,nan,nan,nan,nan,nan,nan,nan,nan,nan,nan,nan,nan,nan,nan,nan,nan,nan,nan,nan,nan,nan,nan,nan,nan,nan,nan,nan,nan,nan,nan,nan,nan,nan,nan,nan
360,45868,0.5992571354732512,-4.055083285331728,0.30666666666666664,0,163,0.4171779141104294,0.03067484662576687,0.049079754601226995,0.2392638036809816,0.006134969325153374,0.49693251533742333,0.17177914110429449,0.3312883435582822,8.0,0.049079754601226995,0.04376068376068376,100.0198408126829,0.0030216227077207993,0.6798651092371798,0.9889488994647195,0.012269938650306749,0.7857142857142857,0.08888888888888889,0.18666666666666668,0.3022222222222222,1.4136653542518616,1.4136653542518616,0.5613016337156296,-21.812259116625775,0.19822222222222222,0.0,138.9,0.0,1.0,0.3297166193086018,0.08120162224020702,0.2829120413508141,0.1816103394372398,0.005991042850126043,0.6938302828996229,0.17660203051575435,0.12956768658462278,47.4,0.42637598478607897,0.03629707104331997,97.30818206310252,0.0020331204616591257,0.45745210387330326,0.739327173715603,0.04563820053014921,0.6553249890206413,0.07955555555555556,0.14765432098765433,0.17185185185185184,-16.76560121583938,0.2226666666666667,-0.1,135.5,0.0,1.0,0.37646957490556027,0.06432314247862539,0.2372088201036946,0.20277605293871895,0.008043169418570379,0.6780015374878803,0.23005474695997313,0.0919437155521465,41.6,0.38013565400006766,0.04082771256650809,93.52953538894633,0.002385670011003021,0.5367757524756798,0.766638960680299,0.03175048982025726,0.7067524580682475,0.08044444444444446,0.16317460317460317,0.22666666666666668,0.36033086419753085
361,45979,0.5146661111111112,-2.176820062160491,0.28888888888888886,0,111,0.5765765765765766,0.036036036036036036,0.08108108108108109,0.05405405405405406,0.009009009009009009,0.6936936936936937,0.12612612612612611,0.18018018018018017,9.0,0.07207207207207207,0.06480808080808079,80.00781011581411,0.00355520847318157,0.7999219064658533,0.9476705203265893,0.009009009009009009,0.8214285714285714,0.13777777777777778,0.2577777777777778,nan,1.4367749094963074,1.4367749094963074,0.5613502487540245,nan,nan,nan,nan,nan,nan,nan,nan,nan,nan,nan,nan,nan,nan,nan,nan,nan,nan,nan,nan,nan,nan,nan,nan,nan,nan,nan,nan,nan,nan,nan,nan,nan,nan,nan,nan,nan,nan,nan,nan,nan,nan,nan,nan,nan,nan,nan,nan,nan,nan,nan,nan,nan
362,46131,0.5130616666666667,-6.06312160158158,0.2577777777777778,0,152,0.375,0.02631578947368421,0.13157894736842105,0.23684210526315788,0.006578947368421052,0.5328947368421053,0.23026315789473684,0.23684210526315788,14.0,0.18421052631578946,0.03619047619047618,90.53449144363384,0.0027981969003609743,0.6295943025812192,0.9475417966899553,0.05921052631578947,0.6285714285714286,0.08444444444444445,0.14666666666666667,0.2577777777777778,1.3891645669937134,1.3891645669937134,0.5462637804448605,nan,nan,nan,nan,nan,nan,nan,nan,nan,nan,nan,nan,nan,nan,nan,nan,nan,nan,nan,nan,nan,nan,nan,nan,nan,nan,nan,nan,nan,nan,nan,nan,nan,nan,nan,nan,nan,nan,nan,nan,nan,nan,nan,nan,nan,nan,nan,nan,nan,nan,nan,nan,nan
363,46208,0.512248888888889,-2.988484675884248,0.18222222222222223,0,77,0.5194805194805194,0.012987012987012988,0.1038961038961039,0.16883116883116883,0.025974025974025976,0.6363636363636364,0.09090909090909091,0.2727272727272727,9.0,0.07792207792207792,0.07,50.63318738937371,0.0035110919723589764,0.7899956937807696,0.9448415988501605,0.012987012987012988,0.6,0.1288888888888889,nan,nan,1.3982024639844894,1.3982024639844894,0.5268104635179043,nan,nan,nan,nan,nan,nan,nan,nan,nan,nan,nan,nan,nan,nan,nan,nan,nan,nan,nan,nan,nan,nan,nan,nan,nan,nan,nan,nan,nan,nan,nan,nan,nan,nan,nan,nan,nan,nan,nan,nan,nan,nan,nan,nan,nan,nan,nan,nan,nan,nan,nan,nan,nan
364,46352,0.5150779654320986,-3.687271327495576,0.2577777777777778,-2,144,0.3958333333333333,0.13194444444444445,0.013888888888888888,0.1875,0.006944444444444444,0.5416666666666666,0.2013888888888889,0.2569444444444444,9.0,0.1111111111111111,0.043859649122807015,93.07877454757673,0.002721708945618352,0.6123845127641292,0.995932038627591,0.034722222222222224,0.5897435897435898,0.09333333333333334,0.19111111111111112,nan,1.288229301571846,1.288229301571846,0.44913945719599724,nan,nan,nan,nan,nan,nan,nan,nan,nan,nan,nan,nan,nan,nan,nan,nan,nan,nan,nan,nan,nan,nan,nan,nan,nan,nan,nan,nan,nan,nan,nan,nan,nan,nan,nan,nan,nan,nan,nan,nan,nan,nan,nan,nan,nan,nan,nan,nan,nan,nan,nan,nan,nan
365,46450,0.5096944444444444,-2.426266951560974,0.24444444444444444,0,98,0.5510204081632653,0.061224489795918366,0.09183673469387756,0.09183673469387756,0.01020408163265306,0.7040816326530612,0.09183673469387756,0.20408163265306123,8.0,0.05102040816326531,0.06144927536231884,70.0787328720092,0.003424719457161598,0.7705618778613597,0.969552323431146,0.04081632653061224,0.85,0.13333333333333333,nan,nan,1.4553019255399704,1.4553019255399704,0.577917817980051,nan,nan,nan,nan,nan,nan,nan,nan,nan,nan,nan,nan,nan,nan,nan,nan,nan,nan,nan,nan,nan,nan,nan,nan,nan,nan,nan,nan,nan,nan,nan,nan,nan,nan,nan,nan,nan,nan,nan,nan,nan,nan,nan,nan,nan,nan,nan,nan,nan,nan,nan,nan,nan
366,46547,0.5538728644444444,-3.53111625337601,0.2,0,97,0.4536082474226804,0.09278350515463918,0.041237113402061855,0.16494845360824742,0.010309278350515464,0.5876288659793815,0.13402061855670103,0.27835051546391754,12.0,0.10309278350515463,0.05025252525252526,70.08682146072374,0.002790190102502277,0.6277927730630123,0.984449111665595,0.010309278350515464,0.6956521739130435,0.10222222222222223,nan,nan,1.4217351227998734,1.4217351227998734,0.5162660777568817,nan,nan,nan,nan,nan,nan,nan,nan,nan,nan,nan,nan,nan,nan,nan,nan,nan,nan,nan,nan,nan,nan,nan,nan,nan,nan,nan,nan,nan,nan,nan,nan,nan,nan,nan,nan,nan,nan,nan,nan,nan,nan,nan,nan,nan,nan,nan,nan,nan,nan,nan,nan,nan
367,46646,0.5273205333333333,-3.2480329995155337,0.2222222222222222,0,99,0.494949494949495,0.030303030303030304,0.04040404040404041,0.18181818181818182,0.010101010101010102,0.5656565656565656,0.12121212121212122,0.31313131313131315,9.0,0.050505050505050504,0.05499999999999999,70.03840951919558,0.0031094049575481997,0.699616115448345,0.9762210526085779,0.020202020202020204,0.8333333333333334,0.09777777777777778,nan,nan,1.4073087871074677,1.4073087871074677,0.5376921743154526,nan,nan,nan,nan,nan,nan,nan,nan,nan,nan,nan,nan,nan,nan,nan,nan,nan,nan,nan,nan,nan,nan,nan,nan,nan,nan,nan,nan,nan,nan,nan,nan,nan,nan,nan,nan,nan,nan,nan,nan,nan,nan,nan,nan,nan,nan,nan,nan,nan,nan,nan,nan,nan
368,46735,0.5066861111111112,-2.70046549487114,0.24444444444444444,0,89,0.6067415730337079,0.02247191011235955,0.0898876404494382,0.07865168539325842,0.011235955056179775,0.7191011235955056,0.11235955056179775,0.16853932584269662,11.0,0.07865168539325842,0.06436507936507936,70.6330047130584,0.0033978449731111265,0.7645151189500036,0.985378321491565,0.0,0.8333333333333334,0.14222222222222222,nan,nan,1.4519122689962387,1.4519122689962387,0.6064993627369404,nan,nan,nan,nan,nan,nan,nan,nan,nan,nan,nan,nan,nan,nan,nan,nan,nan,nan,nan,nan,nan,nan,nan,nan,nan,nan,nan,nan,nan,nan,nan,nan,nan,nan,nan,nan,nan,nan,nan,nan,nan,nan,nan,nan,nan,nan,nan,nan,nan,nan,nan,nan,nan
369,46897,0.6039808888888889,-6.81110119199753,0.26666666666666666,0,162,0.36419753086419754,0.07407407407407407,0.14814814814814814,0.19135802469135801,0.0,0.5864197530864198,0.21604938271604937,0.19753086419753085,20.0,0.25925925925925924,0.03746031746031746,100.03905897140483,0.002621198409085154,0.5897696420441596,0.9333396776508457,0.024691358024691357,0.5555555555555556,0.08444444444444445,0.2,0.26666666666666666,1.394397720694542,1.394397720694542,0.5607738792896271,nan,nan,nan,nan,nan,nan,nan,nan,nan,nan,nan,nan,nan,nan,nan,nan,nan,nan,nan,nan,nan,nan,nan,nan,nan,nan,nan,nan,nan,nan,nan,nan,nan,nan,nan,nan,nan,nan,nan,nan,nan,nan,nan,nan,nan,nan,nan,nan,nan,nan,nan,nan,nan
370,46984,0.5040577777777778,-5.820586117982867,0.1688888888888889,0,87,0.42528735632183906,0.05747126436781609,0.12643678160919541,0.1839080459770115,0.011494252873563218,0.6091954022988506,0.1724137931034483,0.21839080459770116,15.0,0.22988505747126436,0.04833333333333334,70.51034398078913,0.002332203123122589,0.5247457027025825,0.9390806518041643,0.022988505747126436,0.6111111111111112,0.08888888888888889,nan,nan,1.3344895988702774,1.3344895988702774,0.4866568520665169,nan,nan,nan,nan,nan,nan,nan,nan,nan,nan,nan,nan,nan,nan,nan,nan,nan,nan,nan,nan,nan,nan,nan,nan,nan,nan,nan,nan,nan,nan,nan,nan,nan,nan,nan,nan,nan,nan,nan,nan,nan,nan,nan,nan,nan,nan,nan,nan,nan,nan,nan,nan,nan
