episode,global_step,epsilon,reward,coverage,length,new_tile_rate,revisit_rate,wall_hit_rate,turn_streak_rate,hazard_contact_rate,seen_coverage,center_seen_coverage,action_forward_rate,action_left_rate,action_right_rate,max_no_new_tile_streak,stagnation_step_rate,coverage_gain_25,energy_spent,coverage_gain_per_energy,new_tiles_per_energy,obs_novelty_mean,turn_oscillation_rate,forward_after_turn_success_rate,coverage_at_step_50,coverage_at_step_100,coverage_at_step_150,seen_at_step_50,seen_at_step_100,seen_at_step_150,center_seen_at_step_50,center_seen_at_step_100,center_seen_at_step_150,mean_loss,mean_q_loss,eval_reward_mean,eval_coverage_mean,eval_length_mean,eval_survival_rate,eval_death_rate,eval_new_tile_rate_mean,eval_revisit_rate_mean,eval_wall_hit_rate_mean,eval_turn_streak_rate_mean,eval_hazard_contact_rate_mean,eval_seen_coverage_mean,eval_center_seen_coverage_mean,eval_action_forward_rate_mean,eval_action_left_rate_mean,eval_action_right_rate_mean,eval_max_no_new_tile_streak_mean,eval_stagnation_step_rate_mean,eval_coverage_gain_25_mean,eval_energy_spent_mean,eval_coverage_gain_per_energy_mean,eval_new_tiles_per_energy_mean,eval_obs_novelty_mean_mean,eval_turn_oscillation_rate_mean,eval_forward_after_turn_success_rate_mean,eval_coverage_at_step_50_mean,eval_coverage_at_step_100_mean,eval_coverage_at_step_150_mean,eval_seen_at_step_50_mean,eval_seen_at_step_100_mean,eval_seen_at_step_150_mean,eval_center_seen_at_step_50_mean,eval_center_seen_at_step_100_mean,eval_center_seen_at_step_150_mean,holdout_eval_reward_mean,holdout_eval_coverage_mean,holdout_eval_length_mean,holdout_eval_survival_rate,holdout_eval_death_rate,holdout_eval_new_tile_rate_mean,holdout_eval_revisit_rate_mean,holdout_eval_wall_hit_rate_mean,holdout_eval_turn_streak_rate_mean,holdout_eval_hazard_contact_rate_mean,holdout_eval_seen_coverage_mean,holdout_eval_center_seen_coverage_mean,holdout_eval_action_forward_rate_mean,holdout_eval_action_left_rate_mean,holdout_eval_action_right_rate_mean,holdout_eval_max_no_new_tile_streak_mean,holdout_eval_stagnation_step_rate_mean,holdout_eval_coverage_gain_25_mean,holdout_eval_energy_spent_mean,holdout_eval_coverage_gain_per_energy_mean,holdout_eval_new_tiles_per_energy_mean,holdout_eval_obs_novelty_mean_mean,holdout_eval_turn_oscillation_rate_mean,holdout_eval_forward_after_turn_success_rate_mean,holdout_eval_coverage_at_step_50_mean,holdout_eval_coverage_at_step_100_mean,holdout_eval_coverage_at_step_150_mean,holdout_eval_seen_at_step_50_mean,holdout_eval_seen_at_step_100_mean,holdout_eval_seen_at_step_150_mean,holdout_eval_center_seen_at_step_50_mean,holdout_eval_center_seen_at_step_100_mean,holdout_eval_center_seen_at_step_150_mean,eval_soft_score
1,177,0.9981316666666666,-2.8743927698135376,0.35555555555555557,177,0.4463276836158192,0.13559322033898305,0.0,0.12994350282485875,0.0,0.8711111111111111,0.9526627218934911,0.5819209039548022,0.22033898305084745,0.1977401129943503,17.0,0.15254237288135594,0.05666666666666667,120.2608835220336,0.00291957867619343,0.6569052021435218,0.9983452360519014,0.005649717514124294,0.6274509803921569,0.14666666666666667,0.24444444444444444,0.3022222222222222,0.6,0.7822222222222223,0.8533333333333334,0.727810650887574,0.863905325443787,0.9349112426035503,0.0,0.0,-471.7,0.0044444444444444444,250.0,1.0,0.0,0.0,0.0,0.0,0.9960000000000001,0.0,0.11111111111111112,0.14792899408284027,0.0,0.0,1.0,250.0,0.9800000000000001,0.0,74.99999999999964,0.0,0.0,0.2411092147648631,0.0,0.0,0.0044444444444444444,0.0044444444444444444,0.0044444444444444444,0.11111111111111112,0.11111111111111112,0.11111111111111112,0.14792899408284027,0.14792899408284027,0.14792899408284027,-443.98332876539223,0.0044444444444444444,240.7,0.9,0.1,0.0,0.0,0.0,0.9957630573248408,0.0,0.11111111111111112,0.14792899408284027,0.0,0.0,1.0,240.7,0.9788152866242038,0.0,77.53932157516451,0.0,0.0,0.247009682888193,0.0,0.0,0.0044444444444444444,0.0044444444444444444,0.0044444444444444444,0.11111111111111112,0.11111111111111112,0.11111111111111112,0.14792899408284027,0.14792899408284027,0.14792899408284027,0.22780802103879028
2,427,0.9954927777777778,0.007002574682237417,0.5511111111111111,250,0.492,0.068,0.02,0.124,0.0,1.0,1.0,0.58,0.192,0.228,11.0,0.072,0.054666666666666676,159.79045166969334,0.003421147264773332,0.7697581345739997,0.9964852813742386,0.004,0.7972972972972973,0.08888888888888889,0.19555555555555557,0.30666666666666664,0.39555555555555555,0.7733333333333333,0.8044444444444444,0.4911242603550296,0.8816568047337278,0.8994082840236687,0.0,0.0,nan,nan,nan,nan,nan,nan,nan,nan,nan,nan,nan,nan,nan,nan,nan,nan,nan,nan,nan,nan,nan,nan,nan,nan,nan,nan,nan,nan,nan,nan,nan,nan,nan,nan,nan,nan,nan,nan,nan,nan,nan,nan,nan,nan,nan,nan,nan,nan,nan,nan,nan,nan,nan,nan,nan,nan,nan,nan,nan,nan,nan,nan,nan,nan,nan,nan,nan
3,623,0.9934238888888889,-1.6022491140365596,0.37777777777777777,196,0.42857142857142855,0.14795918367346939,0.0,0.09693877551020408,0.0,0.7644444444444445,0.8106508875739645,0.576530612244898,0.20918367346938777,0.21428571428571427,14.0,0.15306122448979592,0.047195767195767194,120.01189632415742,0.0031108027184650394,0.6999306116546338,0.9970112936855771,0.00510204081632653,0.640625,0.1511111111111111,0.27555555555555555,0.3422222222222222,0.5244444444444445,0.7422222222222222,0.76,0.5739644970414202,0.7988165680473372,0.8106508875739645,0.0,0.0,nan,nan,nan,nan,nan,nan,nan,nan,nan,nan,nan,nan,nan,nan,nan,nan,nan,nan,nan,nan,nan,nan,nan,nan,nan,nan,nan,nan,nan,nan,nan,nan,nan,nan,nan,nan,nan,nan,nan,nan,nan,nan,nan,nan,nan,nan,nan,nan,nan,nan,nan,nan,nan,nan,nan,nan,nan,nan,nan,nan,nan,nan,nan,nan,nan,nan,nan
4,796,0.9915977777777778,-2.104551267385481,0.32,173,0.41040462427745666,0.12138728323699421,0.0,0.16184971098265896,0.0,0.6888888888888889,0.7337278106508875,0.5317919075144508,0.21965317919075145,0.24855491329479767,16.0,0.11560693641618497,0.04557625948930296,100.443345403671,0.003141627295341187,0.7068661414517671,0.9858987163717635,0.023121387283236993,0.7169811320754716,0.13777777777777778,0.20444444444444446,0.28,0.4666666666666667,0.5333333333333333,0.6355555555555555,0.5029585798816568,0.5562130177514792,0.6804733727810651,0.0,0.0,nan,nan,nan,nan,nan,nan,nan,nan,nan,nan,nan,nan,nan,nan,nan,nan,nan,nan,nan,nan,nan,nan,nan,nan,nan,nan,nan,nan,nan,nan,nan,nan,nan,nan,nan,nan,nan,nan,nan,nan,nan,nan,nan,nan,nan,nan,nan,nan,nan,nan,nan,nan,nan,nan,nan,nan,nan,nan,nan,nan,nan,nan,nan,nan,nan,nan,nan
5,982,0.9896344444444445,0.9697104918956758,0.5155555555555555,186,0.6182795698924731,0.021505376344086023,0.005376344086021506,0.08064516129032258,0.0,0.9288888888888889,0.9644970414201184,0.6451612903225806,0.1827956989247312,0.17204301075268819,4.0,0.0,0.07025252525252525,120.32656674385039,0.004247699613994287,0.9557324131487146,0.9833190388467663,0.0,0.9411764705882353,0.1288888888888889,0.24444444444444444,0.40444444444444444,0.5066666666666667,0.7111111111111111,0.9066666666666666,0.5798816568047337,0.7988165680473372,0.9526627218934911,0.0,0.0,nan,nan,nan,nan,nan,nan,nan,nan,nan,nan,nan,nan,nan,nan,nan,nan,nan,nan,nan,nan,nan,nan,nan,nan,nan,nan,nan,nan,nan,nan,nan,nan,nan,nan,nan,nan,nan,nan,nan,nan,nan,nan,nan,nan,nan,nan,nan,nan,nan,nan,nan,nan,nan,nan,nan,nan,nan,nan,nan,nan,nan,nan,nan,nan,nan,nan,nan
6,1214,0.9871855555555555,-0.6286221556663499,0.5022222222222222,232,0.4827586206896552,0.10344827586206896,0.0,0.15086206896551724,0.0,0.9777777777777777,0.9940828402366864,0.5862068965517241,0.1810344827586207,0.23275862068965517,21.0,0.13793103448275862,0.056634920634920635,140.30116338729835,0.003547923379677708,0.7982827604274841,0.9949501169170095,0.004310344827586207,0.7049180327868853,0.12444444444444444,0.21333333333333335,0.3377777777777778,0.4622222222222222,0.6133333333333333,0.7288888888888889,0.5088757396449705,0.6390532544378699,0.7810650887573964,0.0,0.0,nan,nan,nan,nan,nan,nan,nan,nan,nan,nan,nan,nan,nan,nan,nan,nan,nan,nan,nan,nan,nan,nan,nan,nan,nan,nan,nan,nan,nan,nan,nan,nan,nan,nan,nan,nan,nan,nan,nan,nan,nan,nan,nan,nan,nan,nan,nan,nan,nan,nan,nan,nan,nan,nan,nan,nan,nan,nan,nan,nan,nan,nan,nan,nan,nan,nan,nan
7,1399,0.9852327777777777,-2.5737523384094247,0.29777777777777775,185,0.3567567567567568,0.12972972972972974,0.0,0.1945945945945946,0.0,0.64,0.6804733727810651,0.4864864864864865,0.2972972972972973,0.21621621621621623,28.0,0.15675675675675677,0.039166666666666655,100.51192703247038,0.002918393289172259,0.6566384900637583,0.9945489936841229,0.03783783783783784,0.6779661016949152,0.1111111111111111,0.21777777777777776,0.24444444444444444,0.39111111111111113,0.6266666666666667,0.6266666666666667,0.4319526627218935,0.6804733727810651,0.6804733727810651,0.0,0.0,nan,nan,nan,nan,nan,nan,nan,nan,nan,nan,nan,nan,nan,nan,nan,nan,nan,nan,nan,nan,nan,nan,nan,nan,nan,nan,nan,nan,nan,nan,nan,nan,nan,nan,nan,nan,nan,nan,nan,nan,nan,nan,nan,nan,nan,nan,nan,nan,nan,nan,nan,nan,nan,nan,nan,nan,nan,nan,nan,nan,nan,nan,nan,nan,nan,nan,nan
8,1620,0.9829,-3.4722756395339953,0.35555555555555557,221,0.3574660633484163,0.14479638009049775,0.0,0.17647058823529413,0.0,0.6666666666666666,0.6982248520710059,0.502262443438914,0.27149321266968324,0.22624434389140272,14.0,0.18099547511312217,0.03920047031158142,130.488339424133,0.0026907470250646425,0.6054180806395445,0.9946987652703448,0.01809954751131222,0.6338028169014085,0.13333333333333333,0.21333333333333335,0.29777777777777775,0.4577777777777778,0.5111111111111111,0.6533333333333333,0.5266272189349113,0.5562130177514792,0.6982248520710059,0.0,0.0,nan,nan,nan,nan,nan,nan,nan,nan,nan,nan,nan,nan,nan,nan,nan,nan,nan,nan,nan,nan,nan,nan,nan,nan,nan,nan,nan,nan,nan,nan,nan,nan,nan,nan,nan,nan,nan,nan,nan,nan,nan,nan,nan,nan,nan,nan,nan,nan,nan,nan,nan,nan,nan,nan,nan,nan,nan,nan,nan,nan,nan,nan,nan,nan,nan,nan,nan
9,1801,0.9809894444444445,-4.814371257066728,0.4088888888888889,181,0.5027624309392266,0.04419889502762431,0.0718232044198895,0.143646408839779,0.0,0.9333333333333333,1.0,0.6187845303867403,0.1878453038674033,0.19337016574585636,23.0,0.12154696132596685,0.055833333333333346,120.03210721015907,0.003369468835003622,0.7581304878758148,0.9433124828651182,0.022099447513812154,0.7142857142857143,0.13333333333333333,0.24,0.36444444444444446,0.48444444444444446,0.8088888888888889,0.9244444444444444,0.5325443786982249,0.9289940828402367,0.9881656804733728,0.0,0.0,nan,nan,nan,nan,nan,nan,nan,nan,nan,nan,nan,nan,nan,nan,nan,nan,nan,nan,nan,nan,nan,nan,nan,nan,nan,nan,nan,nan,nan,nan,nan,nan,nan,nan,nan,nan,nan,nan,nan,nan,nan,nan,nan,nan,nan,nan,nan,nan,nan,nan,nan,nan,nan,nan,nan,nan,nan,nan,nan,nan,nan,nan,nan,nan,nan,nan,nan
10,1970,0.9792055555555556,-1.0387588655948634,0.3466666666666667,169,0.4556213017751479,0.11834319526627218,0.0,0.11834319526627218,0.0,0.7644444444444445,0.8461538461538461,0.5739644970414202,0.20710059171597633,0.21893491124260356,8.0,0.023668639053254437,0.04989139515455305,100.37865586280797,0.0034093126599538527,0.7670953484896168,0.9965338080613794,0.011834319526627219,0.7115384615384616,0.1288888888888889,0.22666666666666666,0.3244444444444444,0.4577777777777778,0.6622222222222223,0.7644444444444445,0.5502958579881657,0.7928994082840237,0.8461538461538461,0.0,0.0,nan,nan,nan,nan,nan,nan,nan,nan,nan,nan,nan,nan,nan,nan,nan,nan,nan,nan,nan,nan,nan,nan,nan,nan,nan,nan,nan,nan,nan,nan,nan,nan,nan,nan,nan,nan,nan,nan,nan,nan,nan,nan,nan,nan,nan,nan,nan,nan,nan,nan,nan,nan,nan,nan,nan,nan,nan,nan,nan,nan,nan,nan,nan,nan,nan,nan,nan
11,2200,0.9767777777777777,-2.377954338312148,0.4444444444444444,230,0.43043478260869567,0.12173913043478261,0.0391304347826087,0.11739130434782609,0.0,0.8488888888888889,0.9526627218934911,0.591304347826087,0.17391304347826086,0.23478260869565218,23.0,0.1565217391304348,0.044,140.36146988868694,0.0031347634101362726,0.7053217672806613,0.9930685973649385,0.008695652173913044,0.6865671641791045,0.13777777777777778,0.2311111111111111,0.3511111111111111,0.4888888888888889,0.5911111111111111,0.8222222222222222,0.5976331360946746,0.6863905325443787,0.9467455621301775,0.0,0.0,nan,nan,nan,nan,nan,nan,nan,nan,nan,nan,nan,nan,nan,nan,nan,nan,nan,nan,nan,nan,nan,nan,nan,nan,nan,nan,nan,nan,nan,nan,nan,nan,nan,nan,nan,nan,nan,nan,nan,nan,nan,nan,nan,nan,nan,nan,nan,nan,nan,nan,nan,nan,nan,nan,nan,nan,nan,nan,nan,nan,nan,nan,nan,nan,nan,nan,nan
12,2395,0.9747194444444445,-2.0655333082675917,0.3688888888888889,195,0.4205128205128205,0.14871794871794872,0.0,0.14358974358974358,0.0,0.7688888888888888,0.8224852071005917,0.5692307692307692,0.20512820512820512,0.22564102564102564,24.0,0.17435897435897435,0.04694444444444444,120.00507912635781,0.0030369084966871056,0.6833044117545988,0.983252330865036,0.005128205128205128,0.6181818181818182,0.13777777777777778,0.21333333333333335,0.2577777777777778,0.47555555555555556,0.5688888888888889,0.5688888888888889,0.5443786982248521,0.5976331360946746,0.5976331360946746,0.0,0.0,nan,nan,nan,nan,nan,nan,nan,nan,nan,nan,nan,nan,nan,nan,nan,nan,nan,nan,nan,nan,nan,nan,nan,nan,nan,nan,nan,nan,nan,nan,nan,nan,nan,nan,nan,nan,nan,nan,nan,nan,nan,nan,nan,nan,nan,nan,nan,nan,nan,nan,nan,nan,nan,nan,nan,nan,nan,nan,nan,nan,nan,nan,nan,nan,nan,nan,nan
13,2608,0.9724711111111111,-3.604743142843247,0.37333333333333335,213,0.38967136150234744,0.1596244131455399,0.0,0.107981220657277,0.0,0.8177777777777778,0.8875739644970414,0.5492957746478874,0.22535211267605634,0.22535211267605634,51.0,0.2300469483568075,0.043722697056030393,140.20707755088796,0.002631029013175182,0.5919815279644158,0.980088114475923,0.0,0.5753424657534246,0.14222222222222222,0.26222222222222225,0.3288888888888889,0.6711111111111111,0.7688888888888888,0.7688888888888888,0.7514792899408284,0.834319526627219,0.834319526627219,0.0,0.0,nan,nan,nan,nan,nan,nan,nan,nan,nan,nan,nan,nan,nan,nan,nan,nan,nan,nan,nan,nan,nan,nan,nan,nan,nan,nan,nan,nan,nan,nan,nan,nan,nan,nan,nan,nan,nan,nan,nan,nan,nan,nan,nan,nan,nan,nan,nan,nan,nan,nan,nan,nan,nan,nan,nan,nan,nan,nan,nan,nan,nan,nan,nan,nan,nan,nan,nan
14,2814,0.9702966666666667,-2.611559961080551,0.4444444444444444,206,0.48058252427184467,0.08737864077669903,0.043689320388349516,0.1553398058252427,0.0,0.8444444444444444,0.9230769230769231,0.6116504854368932,0.17475728155339806,0.21359223300970873,19.0,0.10679611650485436,0.050452674897119326,130.338666296005,0.003375820947873904,0.7595597132716284,0.9330065640622921,0.014563106796116505,0.6458333333333334,0.13333333333333333,0.24,0.3333333333333333,0.6444444444444445,0.7333333333333333,0.8355555555555556,0.7337278106508875,0.7810650887573964,0.9171597633136095,0.0,0.0,nan,nan,nan,nan,nan,nan,nan,nan,nan,nan,nan,nan,nan,nan,nan,nan,nan,nan,nan,nan,nan,nan,nan,nan,nan,nan,nan,nan,nan,nan,nan,nan,nan,nan,nan,nan,nan,nan,nan,nan,nan,nan,nan,nan,nan,nan,nan,nan,nan,nan,nan,nan,nan,nan,nan,nan,nan,nan,nan,nan,nan,nan,nan,nan,nan,nan,nan
15,3000,0.9683333333333334,-2.50105171585083,0.37777777777777777,186,0.45161290322580644,0.08602150537634409,0.0,0.14516129032258066,0.0,0.8844444444444445,0.9881656804733728,0.5376344086021505,0.1989247311827957,0.26344086021505375,9.0,0.026881720430107527,0.04808080808080808,120.28620681762682,0.0031037085897917334,0.69833443270314,0.9961529948944956,0.021505376344086023,0.7796610169491526,0.1288888888888889,0.20444444444444446,0.3111111111111111,0.5244444444444445,0.5955555555555555,0.8,0.6390532544378699,0.7337278106508875,0.9230769230769231,0.0,0.0,nan,nan,nan,nan,nan,nan,nan,nan,nan,nan,nan,nan,nan,nan,nan,nan,nan,nan,nan,nan,nan,nan,nan,nan,nan,nan,nan,nan,nan,nan,nan,nan,nan,nan,nan,nan,nan,nan,nan,nan,nan,nan,nan,nan,nan,nan,nan,nan,nan,nan,nan,nan,nan,nan,nan,nan,nan,nan,nan,nan,nan,nan,nan,nan,nan,nan,nan
16,3176,0.9664755555555555,-2.5104769854545594,0.29777777777777775,176,0.375,0.10795454545454546,0.0,0.1875,0.0,0.7866666666666666,0.8875739644970414,0.48295454545454547,0.23295454545454544,0.2840909090909091,17.0,0.14772727272727273,0.03666666666666667,100.23311414718603,0.002926511221656665,0.6584650248727496,0.9983358339840145,0.005681818181818182,0.7017543859649122,0.10222222222222223,0.23555555555555555,0.29333333333333333,0.4444444444444444,0.7466666666666667,0.7866666666666666,0.5207100591715976,0.8520710059171598,0.8875739644970414,0.0,0.0,nan,nan,nan,nan,nan,nan,nan,nan,nan,nan,nan,nan,nan,nan,nan,nan,nan,nan,nan,nan,nan,nan,nan,nan,nan,nan,nan,nan,nan,nan,nan,nan,nan,nan,nan,nan,nan,nan,nan,nan,nan,nan,nan,nan,nan,nan,nan,nan,nan,nan,nan,nan,nan,nan,nan,nan,nan,nan,nan,nan,nan,nan,nan,nan,nan,nan,nan
17,3426,0.9638366666666667,-3.3912474436759967,0.30666666666666664,250,0.272,0.2,0.0,0.22,0.0,0.6444444444444445,0.6923076923076923,0.472,0.244,0.284,25.0,0.336,0.030222222222222216,141.1071185111997,0.0021417928833847937,0.4819033987615786,0.9976568542494925,0.02,0.5263157894736842,0.09777777777777778,0.2,0.27111111111111114,0.39555555555555555,0.5866666666666667,0.6311111111111111,0.46745562130177515,0.6804733727810651,0.6923076923076923,0.0,0.0,nan,nan,nan,nan,nan,nan,nan,nan,nan,nan,nan,nan,nan,nan,nan,nan,nan,nan,nan,nan,nan,nan,nan,nan,nan,nan,nan,nan,nan,nan,nan,nan,nan,nan,nan,nan,nan,nan,nan,nan,nan,nan,nan,nan,nan,nan,nan,nan,nan,nan,nan,nan,nan,nan,nan,nan,nan,nan,nan,nan,nan,nan,nan,nan,nan,nan,nan
18,3658,0.9613877777777777,-2.4182300992012022,0.4177777777777778,232,0.40086206896551724,0.12931034482758622,0.0,0.125,0.0,0.8044444444444444,0.8757396449704142,0.5301724137931034,0.21120689655172414,0.25862068965517243,31.0,0.14655172413793102,0.04133333333333333,140.05933427810658,0.002951130215374326,0.6640042984592233,0.9974750584585048,0.004310344827586207,0.7341772151898734,0.10666666666666667,0.24,0.3111111111111111,0.3511111111111111,0.6711111111111111,0.7333333333333333,0.42011834319526625,0.7455621301775148,0.8284023668639053,0.0,0.0,nan,nan,nan,nan,nan,nan,nan,nan,nan,nan,nan,nan,nan,nan,nan,nan,nan,nan,nan,nan,nan,nan,nan,nan,nan,nan,nan,nan,nan,nan,nan,nan,nan,nan,nan,nan,nan,nan,nan,nan,nan,nan,nan,nan,nan,nan,nan,nan,nan,nan,nan,nan,nan,nan,nan,nan,nan,nan,nan,nan,nan,nan,nan,nan,nan,nan,nan
19,3845,0.9594138888888889,-1.3193536024093624,0.4311111111111111,187,0.5133689839572193,0.058823529411764705,0.0,0.11229946524064172,0.0,0.9377777777777778,0.9763313609467456,0.5721925133689839,0.18181818181818182,0.24598930481283424,7.0,0.0106951871657754,0.05754629629629629,120.5462247848509,0.003539444453181134,0.7963750019657552,0.9930410193195148,0.03208556149732621,0.9152542372881356,0.12,0.2311111111111111,0.3333333333333333,0.5066666666666667,0.7333333333333333,0.8044444444444444,0.6745562130177515,0.8284023668639053,0.8994082840236687,0.0,0.0,nan,nan,nan,nan,nan,nan,nan,nan,nan,nan,nan,nan,nan,nan,nan,nan,nan,nan,nan,nan,nan,nan,nan,nan,nan,nan,nan,nan,nan,nan,nan,nan,nan,nan,nan,nan,nan,nan,nan,nan,nan,nan,nan,nan,nan,nan,nan,nan,nan,nan,nan,nan,nan,nan,nan,nan,nan,nan,nan,nan,nan,nan,nan,nan,nan,nan,nan
20,4066,0.9570811111111112,-4.936199926853181,0.39111111111111113,221,0.3936651583710407,0.1085972850678733,0.09049773755656108,0.12217194570135746,0.0,0.8133333333333334,0.8698224852071006,0.5927601809954751,0.17647058823529413,0.23076923076923078,46.0,0.248868778280543,0.04315108759553204,140.28761835098254,0.002756242291456355,0.6201545155776798,0.9222661779306129,0.004524886877828055,0.5873015873015873,0.12,0.2311111111111111,0.3377777777777778,0.48444444444444446,0.7066666666666667,0.8133333333333334,0.6094674556213018,0.7810650887573964,0.8698224852071006,0.06362473554909229,0.06362473554909229,-65.81592469451428,0.035555555555555556,108.4,0.0,1.0,0.07063109452736319,0.0,0.9293689054726368,0.0,0.0032782515991471215,0.22222222222222224,0.2662721893491124,1.0,0.0,0.0,101.4,0.8789181236673775,0.006585185185185184,95.77642566204055,0.0003293825679460758,0.07411107778786705,0.26902344404617884,0.0,0.0,0.035555555555555556,0.035555555555555556,nan,0.22222222222222224,0.22222222222222218,nan,0.2662721893491124,0.26627218934911245,nan,-59.75608350169658,0.035555555555555556,103.3,0.0,1.0,0.07287276477297491,0.0,0.927127235227025,0.0,0.00418579179296467,0.22222222222222224,0.2662721893491124,1.0,0.0,0.0,96.3,0.8750752603891858,0.006844444444444445,91.68841430187219,0.00034825944822670354,0.07835837585100829,0.27268119833945004,0.0,0.0,0.035555555555555556,0.035555555555555556,nan,0.22222222222222224,0.2222222222222222,nan,0.2662721893491124,0.26627218934911245,nan,0.3861433267587114
21,4249,0.9551494444444445,-3.00538000202179,0.36444444444444446,183,0.4426229508196721,0.12568306010928962,0.0546448087431694,0.11475409836065574,0.0,0.8444444444444444,0.9112426035502958,0.6229508196721312,0.15846994535519127,0.2185792349726776,30.0,0.18579234972677597,0.045,120.73695240020731,0.0029816886449701534,0.6708799451182844,0.9719298000752943,0.00546448087431694,0.6666666666666666,0.13777777777777778,0.27555555555555555,0.32,0.44,0.8311111111111111,0.8444444444444444,0.47928994082840237,0.8994082840236687,0.9112426035502958,0.03761034328490496,0.03761034328490496,nan,nan,nan,nan,nan,nan,nan,nan,nan,nan,nan,nan,nan,nan,nan,nan,nan,nan,nan,nan,nan,nan,nan,nan,nan,nan,nan,nan,nan,nan,nan,nan,nan,nan,nan,nan,nan,nan,nan,nan,nan,nan,nan,nan,nan,nan,nan,nan,nan,nan,nan,nan,nan,nan,nan,nan,nan,nan,nan,nan,nan,nan,nan,nan,nan,nan,nan
22,4457,0.9529538888888889,-3.2096688265800486,0.31555555555555553,208,0.33653846153846156,0.1778846153846154,0.0,0.16346153846153846,0.0,0.7333333333333333,0.8579881656804734,0.5144230769230769,0.1971153846153846,0.28846153846153844,38.0,0.27884615384615385,0.0408641975308642,120.68256025314294,0.0025779293251529177,0.5800340981594065,0.995775578574806,0.009615384615384616,0.5970149253731343,0.1288888888888889,0.18666666666666668,0.23555555555555555,0.5066666666666667,0.5066666666666667,0.5377777777777778,0.5976331360946746,0.5976331360946746,0.5976331360946746,0.041419637948274614,0.041419637948274614,nan,nan,nan,nan,nan,nan,nan,nan,nan,nan,nan,nan,nan,nan,nan,nan,nan,nan,nan,nan,nan,nan,nan,nan,nan,nan,nan,nan,nan,nan,nan,nan,nan,nan,nan,nan,nan,nan,nan,nan,nan,nan,nan,nan,nan,nan,nan,nan,nan,nan,nan,nan,nan,nan,nan,nan,nan,nan,nan,nan,nan,nan,nan,nan,nan,nan,nan
23,4633,0.9510961111111111,0.5811170818805704,0.4888888888888889,176,0.6193181818181818,0.07954545454545454,0.0,0.056818181818181816,0.0,0.9688888888888889,1.0,0.6988636363636364,0.14204545454545456,0.1590909090909091,6.0,0.005681818181818182,0.06055555555555555,120.69412302970866,0.004013819664816648,0.9031094245837457,0.9756622387619232,0.0,0.8837209302325582,0.14666666666666667,0.27555555555555555,0.4177777777777778,0.5555555555555556,0.7644444444444445,0.9688888888888889,0.5739644970414202,0.8047337278106509,1.0,0.037651759944856165,0.037651759944856165,nan,nan,nan,nan,nan,nan,nan,nan,nan,nan,nan,nan,nan,nan,nan,nan,nan,nan,nan,nan,nan,nan,nan,nan,nan,nan,nan,nan,nan,nan,nan,nan,nan,nan,nan,nan,nan,nan,nan,nan,nan,nan,nan,nan,nan,nan,nan,nan,nan,nan,nan,nan,nan,nan,nan,nan,nan,nan,nan,nan,nan,nan,nan,nan,nan,nan,nan
24,4840,0.9489111111111111,-2.048268464565277,0.4666666666666667,207,0.5024154589371981,0.1111111111111111,0.024154589371980676,0.0966183574879227,0.0,0.9422222222222222,1.0,0.6376811594202898,0.15458937198067632,0.20772946859903382,16.0,0.14009661835748793,0.052627865961199304,140.726366329193,0.0032845459900596925,0.7390228477634307,0.9845968830331965,0.0,0.7272727272727273,0.13777777777777778,0.24,0.37333333333333335,0.49777777777777776,0.5822222222222222,0.8222222222222222,0.5443786982248521,0.6153846153846154,0.8579881656804734,0.03381532039493322,0.03381532039493322,nan,nan,nan,nan,nan,nan,nan,nan,nan,nan,nan,nan,nan,nan,nan,nan,nan,nan,nan,nan,nan,nan,nan,nan,nan,nan,nan,nan,nan,nan,nan,nan,nan,nan,nan,nan,nan,nan,nan,nan,nan,nan,nan,nan,nan,nan,nan,nan,nan,nan,nan,nan,nan,nan,nan,nan,nan,nan,nan,nan,nan,nan,nan,nan,nan,nan,nan
25,5008,0.9471377777777777,-0.6956274685859674,0.4533333333333333,168,0.6011904761904762,0.06547619047619048,0.017857142857142856,0.07142857142857142,0.0,0.8977777777777778,1.0,0.6845238095238095,0.17261904761904762,0.14285714285714285,8.0,0.03571428571428571,0.06708994708994709,120.78692827224708,0.0037163697703870577,0.836183198337088,0.9922539917425552,0.0,0.8292682926829268,0.13777777777777778,0.23555555555555555,0.4,0.39111111111111113,0.6044444444444445,0.8711111111111111,0.4260355029585799,0.7100591715976331,0.9822485207100592,0.03849198129028082,0.03849198129028082,nan,nan,nan,nan,nan,nan,nan,nan,nan,nan,nan,nan,nan,nan,nan,nan,nan,nan,nan,nan,nan,nan,nan,nan,nan,nan,nan,nan,nan,nan,nan,nan,nan,nan,nan,nan,nan,nan,nan,nan,nan,nan,nan,nan,nan,nan,nan,nan,nan,nan,nan,nan,nan,nan,nan,nan,nan,nan,nan,nan,nan,nan,nan,nan,nan,nan,nan
26,5170,0.9454277777777778,-1.3152295260429365,0.35555555555555557,162,0.4876543209876543,0.08024691358024691,0.0,0.12962962962962962,0.0,0.7555555555555555,0.8284023668639053,0.5679012345679012,0.19135802469135801,0.24074074074074073,9.0,0.030864197530864196,0.05222222222222223,100.84028120040871,0.0034818537486356006,0.78341709344301,0.9839342050956702,0.030864197530864196,0.7551020408163265,0.13333333333333333,0.24444444444444444,0.3422222222222222,0.5022222222222222,0.7066666666666667,0.7244444444444444,0.6331360946745562,0.7869822485207101,0.7869822485207101,0.03461176063865423,0.03461176063865423,nan,nan,nan,nan,nan,nan,nan,nan,nan,nan,nan,nan,nan,nan,nan,nan,nan,nan,nan,nan,nan,nan,nan,nan,nan,nan,nan,nan,nan,nan,nan,nan,nan,nan,nan,nan,nan,nan,nan,nan,nan,nan,nan,nan,nan,nan,nan,nan,nan,nan,nan,nan,nan,nan,nan,nan,nan,nan,nan,nan,nan,nan,nan,nan,nan,nan,nan
27,5355,0.9434750000000001,-2.049078155517578,0.37777777777777777,185,0.4540540540540541,0.13513513513513514,0.0,0.12432432432432433,0.0,0.8977777777777778,0.9585798816568047,0.5891891891891892,0.22162162162162163,0.1891891891891892,18.0,0.0918918918918919,0.05333333333333333,120.27693481445293,0.003103947850926379,0.6983882664584352,0.9929657870959421,0.005405405405405406,0.6923076923076923,0.12,0.21777777777777776,0.2577777777777778,0.49777777777777776,0.6177777777777778,0.6177777777777778,0.5562130177514792,0.650887573964497,0.650887573964497,0.03222230300307274,0.03222230300307274,nan,nan,nan,nan,nan,nan,nan,nan,nan,nan,nan,nan,nan,nan,nan,nan,nan,nan,nan,nan,nan,nan,nan,nan,nan,nan,nan,nan,nan,nan,nan,nan,nan,nan,nan,nan,nan,nan,nan,nan,nan,nan,nan,nan,nan,nan,nan,nan,nan,nan,nan,nan,nan,nan,nan,nan,nan,nan,nan,nan,nan,nan,nan,nan,nan,nan,nan
28,5602,0.9408677777777777,-1.0416085157394388,0.5555555555555556,247,0.5020242914979757,0.11336032388663968,0.02834008097165992,0.07692307692307693,0.0,0.9333333333333333,0.9881656804733728,0.6437246963562753,0.17813765182186234,0.17813765182186234,18.0,0.1214574898785425,0.055959595959595966,160.32960491180444,0.0034373633703786103,0.7734067583351873,0.9723019453659847,0.008097165991902834,0.6811594202898551,0.1288888888888889,0.25333333333333335,0.3466666666666667,0.5022222222222222,0.6488888888888888,0.76,0.6153846153846154,0.7337278106508875,0.834319526627219,0.032371388748288155,0.032371388748288155,nan,nan,nan,nan,nan,nan,nan,nan,nan,nan,nan,nan,nan,nan,nan,nan,nan,nan,nan,nan,nan,nan,nan,nan,nan,nan,nan,nan,nan,nan,nan,nan,nan,nan,nan,nan,nan,nan,nan,nan,nan,nan,nan,nan,nan,nan,nan,nan,nan,nan,nan,nan,nan,nan,nan,nan,nan,nan,nan,nan,nan,nan,nan,nan,nan,nan,nan
29,5791,0.9388727777777778,-2.4914625124931344,0.35555555555555557,189,0.41798941798941797,0.14814814814814814,0.0,0.1164021164021164,0.0,0.76,0.8402366863905325,0.5661375661375662,0.2328042328042328,0.20105820105820105,18.0,0.10582010582010581,0.04563492063492064,120.16630964279155,0.0029218764573434113,0.6574222029022674,0.9953509012886754,0.005291005291005291,0.6949152542372882,0.14666666666666667,0.2088888888888889,0.27111111111111114,0.5688888888888889,0.5688888888888889,0.5955555555555555,0.6449704142011834,0.6449704142011834,0.6686390532544378,0.03170469254255295,0.03170469254255295,nan,nan,nan,nan,nan,nan,nan,nan,nan,nan,nan,nan,nan,nan,nan,nan,nan,nan,nan,nan,nan,nan,nan,nan,nan,nan,nan,nan,nan,nan,nan,nan,nan,nan,nan,nan,nan,nan,nan,nan,nan,nan,nan,nan,nan,nan,nan,nan,nan,nan,nan,nan,nan,nan,nan,nan,nan,nan,nan,nan,nan,nan,nan,nan,nan,nan,nan
30,5954,0.9371522222222223,-0.2615614848136879,0.39111111111111113,163,0.5337423312883436,0.0736196319018405,0.0,0.1165644171779141,0.0,0.84,0.9585798816568047,0.6073619631901841,0.19631901840490798,0.19631901840490798,14.0,0.05521472392638037,0.06109890109890111,100.2720141410825,0.0038561773190536257,0.8676398967870657,0.9889488994647193,0.03067484662576687,0.8,0.14666666666666667,0.24444444444444444,0.3466666666666667,0.5155555555555555,0.6355555555555555,0.7777777777777778,0.5798816568047337,0.7100591715976331,0.8816568047337278,0.03431636765599251,0.03431636765599251,nan,nan,nan,nan,nan,nan,nan,nan,nan,nan,nan,nan,nan,nan,nan,nan,nan,nan,nan,nan,nan,nan,nan,nan,nan,nan,nan,nan,nan,nan,nan,nan,nan,nan,nan,nan,nan,nan,nan,nan,nan,nan,nan,nan,nan,nan,nan,nan,nan,nan,nan,nan,nan,nan,nan,nan,nan,nan,nan,nan,nan,nan,nan,nan,nan,nan,nan
31,6148,0.9351044444444444,0.2791205108165744,0.5466666666666666,194,0.6288659793814433,0.08247422680412371,0.005154639175257732,0.04639175257731959,0.0,0.9822222222222222,1.0,0.7164948453608248,0.13402061855670103,0.14948453608247422,5.0,0.0,0.06935672514619882,140.7798046588896,0.003851562541488321,0.8666015718348723,0.9826365091129007,0.0,0.8695652173913043,0.14222222222222222,0.30666666666666664,0.4444444444444444,0.7511111111111111,0.8844444444444445,0.9644444444444444,0.8224852071005917,0.9467455621301775,1.0,0.03357863202691078,0.03357863202691078,nan,nan,nan,nan,nan,nan,nan,nan,nan,nan,nan,nan,nan,nan,nan,nan,nan,nan,nan,nan,nan,nan,nan,nan,nan,nan,nan,nan,nan,nan,nan,nan,nan,nan,nan,nan,nan,nan,nan,nan,nan,nan,nan,nan,nan,nan,nan,nan,nan,nan,nan,nan,nan,nan,nan,nan,nan,nan,nan,nan,nan,nan,nan,nan,nan,nan,nan
32,6323,0.9332572222222222,-1.8346925659179685,0.41333333333333333,175,0.5257142857142857,0.06857142857142857,0.03428571428571429,0.09142857142857143,0.0,0.96,1.0,0.6285714285714286,0.17714285714285713,0.19428571428571428,9.0,0.03428571428571429,0.05841269841269841,120.13992919921856,0.003403438736932005,0.7657737158097011,0.9942375076089299,0.005714285714285714,0.8125,0.13777777777777778,0.25333333333333335,0.36,0.5777777777777777,0.8,0.88,0.6923076923076923,0.9112426035502958,0.9526627218934911,0.03238234985619783,0.03238234985619783,nan,nan,nan,nan,nan,nan,nan,nan,nan,nan,nan,nan,nan,nan,nan,nan,nan,nan,nan,nan,nan,nan,nan,nan,nan,nan,nan,nan,nan,nan,nan,nan,nan,nan,nan,nan,nan,nan,nan,nan,nan,nan,nan,nan,nan,nan,nan,nan,nan,nan,nan,nan,nan,nan,nan,nan,nan,nan,nan,nan,nan,nan,nan,nan,nan,nan,nan
33,6496,0.9314311111111111,-1.270873756170272,0.4177777777777778,173,0.5375722543352601,0.09826589595375723,0.0,0.07514450867052024,0.0,0.9777777777777777,1.0,0.6358381502890174,0.17341040462427745,0.1907514450867052,13.0,0.09248554913294797,0.06009661835748792,120.21784529685954,0.0034382028085154087,0.7735956319159669,0.982971864154411,0.005780346820809248,0.78,0.10222222222222223,0.23555555555555555,0.3333333333333333,0.43555555555555553,0.5822222222222222,0.8711111111111111,0.48520710059171596,0.6272189349112426,0.9289940828402367,0.0362111821770668,0.0362111821770668,nan,nan,nan,nan,nan,nan,nan,nan,nan,nan,nan,nan,nan,nan,nan,nan,nan,nan,nan,nan,nan,nan,nan,nan,nan,nan,nan,nan,nan,nan,nan,nan,nan,nan,nan,nan,nan,nan,nan,nan,nan,nan,nan,nan,nan,nan,nan,nan,nan,nan,nan,nan,nan,nan,nan,nan,nan,nan,nan,nan,nan,nan,nan,nan,nan,nan,nan
34,6683,0.9294572222222223,-1.404667654514313,0.38222222222222224,187,0.45454545454545453,0.1711229946524064,0.0,0.06951871657754011,0.0,0.7555555555555555,0.8698224852071006,0.6256684491978609,0.1711229946524064,0.20320855614973263,9.0,0.06951871657754011,0.05203703703703704,120.35873956680267,0.0031387648220435205,0.7062220849597921,1.0,0.0,0.7017543859649122,0.12444444444444444,0.21333333333333335,0.32,0.4533333333333333,0.6622222222222223,0.72,0.6035502958579881,0.8284023668639053,0.8461538461538461,0.03637744951993227,0.03637744951993227,nan,nan,nan,nan,nan,nan,nan,nan,nan,nan,nan,nan,nan,nan,nan,nan,nan,nan,nan,nan,nan,nan,nan,nan,nan,nan,nan,nan,nan,nan,nan,nan,nan,nan,nan,nan,nan,nan,nan,nan,nan,nan,nan,nan,nan,nan,nan,nan,nan,nan,nan,nan,nan,nan,nan,nan,nan,nan,nan,nan,nan,nan,nan,nan,nan,nan,nan
35,6933,0.9268183333333333,-1.4414612858295457,0.43555555555555553,250,0.388,0.176,0.0,0.116,0.0,0.8355555555555556,0.8875739644970414,0.564,0.204,0.232,26.0,0.2,0.04311111111111111,157.96629796028128,0.0027291334713655745,0.6140550310572542,0.9953137084989848,0.004,0.5949367088607594,0.12,0.24888888888888888,0.28888888888888886,0.4488888888888889,0.7066666666666667,0.7066666666666667,0.5562130177514792,0.7988165680473372,0.7988165680473372,0.033785886317491534,0.033785886317491534,nan,nan,nan,nan,nan,nan,nan,nan,nan,nan,nan,nan,nan,nan,nan,nan,nan,nan,nan,nan,nan,nan,nan,nan,nan,nan,nan,nan,nan,nan,nan,nan,nan,nan,nan,nan,nan,nan,nan,nan,nan,nan,nan,nan,nan,nan,nan,nan,nan,nan,nan,nan,nan,nan,nan,nan,nan,nan,nan,nan,nan,nan,nan,nan,nan,nan,nan
36,7143,0.9246016666666667,-1.4995425882339464,0.49333333333333335,210,0.5238095238095238,0.07142857142857142,0.06190476190476191,0.05714285714285714,0.0,0.9466666666666667,0.9822485207100592,0.6571428571428571,0.14285714285714285,0.2,13.0,0.05238095238095238,0.057283950617283946,140.4242151260376,0.0034815141281016753,0.783340678822877,0.9876063867880884,0.0,0.7666666666666667,0.13777777777777778,0.2577777777777778,0.3688888888888889,0.5422222222222223,0.6666666666666666,0.8044444444444444,0.6331360946745562,0.6923076923076923,0.8757396449704142,0.033166012912988665,0.033166012912988665,nan,nan,nan,nan,nan,nan,nan,nan,nan,nan,nan,nan,nan,nan,nan,nan,nan,nan,nan,nan,nan,nan,nan,nan,nan,nan,nan,nan,nan,nan,nan,nan,nan,nan,nan,nan,nan,nan,nan,nan,nan,nan,nan,nan,nan,nan,nan,nan,nan,nan,nan,nan,nan,nan,nan,nan,nan,nan,nan,nan,nan,nan,nan,nan,nan,nan,nan
37,7320,0.9227333333333334,-2.4469817948341372,0.28444444444444444,177,0.3559322033898305,0.15819209039548024,0.005649717514124294,0.15254237288135594,0.0,0.5555555555555556,0.5976331360946746,0.519774011299435,0.22033898305084745,0.2598870056497175,14.0,0.11299435028248588,0.035,100.47601709365813,0.0027867346666319353,0.6270152999921854,0.9909930926211065,0.011299435028248588,0.6379310344827587,0.12444444444444444,0.19111111111111112,0.26666666666666666,0.4311111111111111,0.5022222222222222,0.5555555555555556,0.4970414201183432,0.5621301775147929,0.5976331360946746,0.03879479449242353,0.03879479449242353,nan,nan,nan,nan,nan,nan,nan,nan,nan,nan,nan,nan,nan,nan,nan,nan,nan,nan,nan,nan,nan,nan,nan,nan,nan,nan,nan,nan,nan,nan,nan,nan,nan,nan,nan,nan,nan,nan,nan,nan,nan,nan,nan,nan,nan,nan,nan,nan,nan,nan,nan,nan,nan,nan,nan,nan,nan,nan,nan,nan,nan,nan,nan,nan,nan,nan,nan
38,7504,0.9207911111111111,0.02939982104301464,0.4666666666666667,184,0.5652173913043478,0.08695652173913043,0.0,0.08695652173913043,0.0,0.9644444444444444,0.9822485207100592,0.6521739130434783,0.14673913043478262,0.20108695652173914,9.0,0.02717391304347826,0.06074074074074075,120.20571599006627,0.003845259923084024,0.8651834826939053,0.9787826730339555,0.010869565217391304,0.8125,0.12444444444444444,0.23555555555555555,0.37333333333333335,0.41333333333333333,0.7244444444444444,0.8755555555555555,0.46745562130177515,0.7751479289940828,0.9289940828402367,0.03367422167211771,0.03367422167211771,nan,nan,nan,nan,nan,nan,nan,nan,nan,nan,nan,nan,nan,nan,nan,nan,nan,nan,nan,nan,nan,nan,nan,nan,nan,nan,nan,nan,nan,nan,nan,nan,nan,nan,nan,nan,nan,nan,nan,nan,nan,nan,nan,nan,nan,nan,nan,nan,nan,nan,nan,nan,nan,nan,nan,nan,nan,nan,nan,nan,nan,nan,nan,nan,nan,nan,nan
39,7670,0.9190388888888888,-2.60591646528244,0.28888888888888886,166,0.3855421686746988,0.14457831325301204,0.0,0.15060240963855423,0.0,0.6177777777777778,0.6568047337278107,0.5301204819277109,0.26506024096385544,0.20481927710843373,17.0,0.16265060240963855,0.04099206349206349,100.42777585983262,0.002832328427161869,0.6372738961114205,0.9929423320767844,0.018072289156626505,0.6346153846153846,0.14666666666666667,0.18666666666666668,0.28444444444444444,0.5066666666666667,0.52,0.6133333333333333,0.5798816568047337,0.5976331360946746,0.6568047337278107,0.031380992569029334,0.031380992569029334,nan,nan,nan,nan,nan,nan,nan,nan,nan,nan,nan,nan,nan,nan,nan,nan,nan,nan,nan,nan,nan,nan,nan,nan,nan,nan,nan,nan,nan,nan,nan,nan,nan,nan,nan,nan,nan,nan,nan,nan,nan,nan,nan,nan,nan,nan,nan,nan,nan,nan,nan,nan,nan,nan,nan,nan,nan,nan,nan,nan,nan,nan,nan,nan,nan,nan,nan
40,7856,0.9170755555555555,-1.923837710380552,0.37777777777777777,186,0.45161290322580644,0.14516129032258066,0.0,0.11827956989247312,0.0,0.7644444444444445,0.8698224852071006,0.5967741935483871,0.1989247311827957,0.20430107526881722,19.0,0.12903225806451613,0.04878787878787878,120.12226390838595,0.003107944532397964,0.6992875197895418,0.9921265263759826,0.010752688172043012,0.6415094339622641,0.15555555555555556,0.28444444444444444,0.35555555555555557,0.5377777777777778,0.7066666666666667,0.7555555555555555,0.650887573964497,0.8402366863905325,0.8698224852071006,0.03325033206492663,0.03325033206492663,-65.81592469451428,0.035555555555555556,108.4,0.0,1.0,0.07063109452736319,0.0,0.9293689054726368,0.0,0.0032782515991471215,0.22222222222222224,0.2662721893491124,1.0,0.0,0.0,101.4,0.8789181236673775,0.006585185185185184,95.77642566204055,0.0003293825679460758,0.07411107778786705,0.26902344404617884,0.0,0.0,0.035555555555555556,0.035555555555555556,nan,0.22222222222222224,0.22222222222222218,nan,0.2662721893491124,0.26627218934911245,nan,-59.75608350169658,0.035555555555555556,103.3,0.0,1.0,0.07287276477297491,0.0,0.927127235227025,0.0,0.00418579179296467,0.22222222222222224,0.2662721893491124,1.0,0.0,0.0,96.3,0.8750752603891858,0.006844444444444445,91.68841430187219,0.00034825944822670354,0.07835837585100829,0.27268119833945004,0.0,0.0,0.035555555555555556,0.035555555555555556,nan,0.22222222222222224,0.2222222222222222,nan,0.2662721893491124,0.26627218934911245,nan,0.3861433267587114
41,8064,0.91488,-3.4939558401107766,0.4177777777777778,208,0.44711538461538464,0.11538461538461539,0.052884615384615384,0.07211538461538461,0.0,0.8844444444444445,0.9526627218934911,0.6153846153846154,0.20192307692307693,0.18269230769230768,11.0,0.09134615384615384,0.04697530864197533,140.19957942962634,0.0029481781258895107,0.6633400783251399,0.9872739951415183,0.004807692307692308,0.671875,0.13333333333333333,0.27111111111111114,0.3511111111111111,0.5155555555555555,0.6844444444444444,0.7777777777777778,0.6035502958579881,0.7751479289940828,0.8816568047337278,0.031184928864240645,0.031184928864240645,nan,nan,nan,nan,nan,nan,nan,nan,nan,nan,nan,nan,nan,nan,nan,nan,nan,nan,nan,nan,nan,nan,nan,nan,nan,nan,nan,nan,nan,nan,nan,nan,nan,nan,nan,nan,nan,nan,nan,nan,nan,nan,nan,nan,nan,nan,nan,nan,nan,nan,nan,nan,nan,nan,nan,nan,nan,nan,nan,nan,nan,nan,nan,nan,nan,nan,nan
42,8268,0.9127266666666667,-2.40733708167076,0.4488888888888889,204,0.49019607843137253,0.11274509803921569,0.0392156862745098,0.06862745098039216,0.0,0.8488888888888889,0.9349112426035503,0.6421568627450981,0.20588235294117646,0.15196078431372548,12.0,0.0784313725490196,0.04938271604938271,140.07940077781666,0.00317280372400642,0.7138808379014444,0.9956927467821552,0.00980392156862745,0.6779661016949152,0.1111111111111111,0.26222222222222225,0.32,0.4666666666666667,0.6844444444444444,0.7422222222222222,0.5857988165680473,0.8106508875739645,0.8875739644970414,0.029806547984480857,0.029806547984480857,nan,nan,nan,nan,nan,nan,nan,nan,nan,nan,nan,nan,nan,nan,nan,nan,nan,nan,nan,nan,nan,nan,nan,nan,nan,nan,nan,nan,nan,nan,nan,nan,nan,nan,nan,nan,nan,nan,nan,nan,nan,nan,nan,nan,nan,nan,nan,nan,nan,nan,nan,nan,nan,nan,nan,nan,nan,nan,nan,nan,nan,nan,nan,nan,nan,nan,nan
43,8461,0.9106894444444444,-4.82531606531143,0.4088888888888889,193,0.47150259067357514,0.12435233160621761,0.11398963730569948,0.046632124352331605,0.0,0.8266666666666667,0.8757396449704142,0.7098445595854922,0.17616580310880828,0.11398963730569948,45.0,0.22797927461139897,0.05206790123456791,140.73634347915626,0.0028737739978610764,0.6465991495187421,0.978024706649594,0.0,0.5319148936170213,0.1511111111111111,0.29777777777777775,0.32,0.5688888888888889,0.8088888888888889,0.8088888888888889,0.6331360946745562,0.8579881656804734,0.8579881656804734,0.03253059517592192,0.03253059517592192,nan,nan,nan,nan,nan,nan,nan,nan,nan,nan,nan,nan,nan,nan,nan,nan,nan,nan,nan,nan,nan,nan,nan,nan,nan,nan,nan,nan,nan,nan,nan,nan,nan,nan,nan,nan,nan,nan,nan,nan,nan,nan,nan,nan,nan,nan,nan,nan,nan,nan,nan,nan,nan,nan,nan,nan,nan,nan,nan,nan,nan,nan,nan,nan,nan,nan,nan
44,8629,0.9089161111111111,-1.184004091739655,0.3422222222222222,168,0.4523809523809524,0.11904761904761904,0.005952380952380952,0.1130952380952381,0.0,0.8177777777777778,0.8875739644970414,0.5773809523809523,0.24404761904761904,0.17857142857142858,10.0,0.07142857142857142,0.049982363315696644,100.00956277847268,0.00337745479925731,0.7599273298328947,0.9840475652161247,0.017857142857142856,0.8076923076923077,0.12,0.18666666666666668,0.3111111111111111,0.4533333333333333,0.5155555555555555,0.8177777777777778,0.5029585798816568,0.5857988165680473,0.8875739644970414,0.0381558358669281,0.0381558358669281,nan,nan,nan,nan,nan,nan,nan,nan,nan,nan,nan,nan,nan,nan,nan,nan,nan,nan,nan,nan,nan,nan,nan,nan,nan,nan,nan,nan,nan,nan,nan,nan,nan,nan,nan,nan,nan,nan,nan,nan,nan,nan,nan,nan,nan,nan,nan,nan,nan,nan,nan,nan,nan,nan,nan,nan,nan,nan,nan,nan,nan,nan,nan,nan,nan,nan,nan
45,8879,0.9062772222222222,0.3089332528114317,0.5066666666666667,250,0.452,0.168,0.0,0.104,0.0,0.8888888888888888,0.9644970414201184,0.62,0.152,0.228,13.0,0.16,0.05022222222222224,158.53396902084344,0.00316791552828777,0.7127809938647482,0.9964852813742386,0.012,0.6521739130434783,0.1511111111111111,0.32,0.35555555555555557,0.4666666666666667,0.6844444444444444,0.6933333333333334,0.5739644970414202,0.7337278106508875,0.7455621301775148,0.03350852765142918,0.03350852765142918,nan,nan,nan,nan,nan,nan,nan,nan,nan,nan,nan,nan,nan,nan,nan,nan,nan,nan,nan,nan,nan,nan,nan,nan,nan,nan,nan,nan,nan,nan,nan,nan,nan,nan,nan,nan,nan,nan,nan,nan,nan,nan,nan,nan,nan,nan,nan,nan,nan,nan,nan,nan,nan,nan,nan,nan,nan,nan,nan,nan,nan,nan,nan,nan,nan,nan,nan
46,9040,0.9045777777777778,-1.3392337303161628,0.3288888888888889,161,0.453416149068323,0.14906832298136646,0.0,0.10559006211180125,0.0,0.7466666666666667,0.8284023668639053,0.6024844720496895,0.16149068322981366,0.2360248447204969,11.0,0.10559006211180125,0.04958152958152958,100.26889266967748,0.0032357437666463867,0.728042347495437,0.9869924061735145,0.0,0.6595744680851063,0.1111111111111111,0.16444444444444445,0.3111111111111111,0.4222222222222222,0.4888888888888889,0.7377777777777778,0.5029585798816568,0.5502958579881657,0.8224852071005917,0.03170366771519184,0.03170366771519184,nan,nan,nan,nan,nan,nan,nan,nan,nan,nan,nan,nan,nan,nan,nan,nan,nan,nan,nan,nan,nan,nan,nan,nan,nan,nan,nan,nan,nan,nan,nan,nan,nan,nan,nan,nan,nan,nan,nan,nan,nan,nan,nan,nan,nan,nan,nan,nan,nan,nan,nan,nan,nan,nan,nan,nan,nan,nan,nan,nan,nan,nan,nan,nan,nan,nan,nan
47,9250,0.9023611111111112,-3.058169263362885,0.3244444444444444,210,0.34285714285714286,0.1761904761904762,0.0,0.17142857142857143,0.0,0.6488888888888888,0.7396449704142012,0.5190476190476191,0.22857142857142856,0.2523809523809524,41.0,0.2714285714285714,0.038518518518518514,120.7920882225033,0.0026491801301633984,0.5960655292867647,0.98543481571366,0.01904761904761905,0.5692307692307692,0.14222222222222222,0.25333333333333335,0.28,0.48444444444444446,0.6266666666666667,0.6266666666666667,0.5502958579881657,0.7159763313609467,0.7159763313609467,0.03137777280062437,0.03137777280062437,nan,nan,nan,nan,nan,nan,nan,nan,nan,nan,nan,nan,nan,nan,nan,nan,nan,nan,nan,nan,nan,nan,nan,nan,nan,nan,nan,nan,nan,nan,nan,nan,nan,nan,nan,nan,nan,nan,nan,nan,nan,nan,nan,nan,nan,nan,nan,nan,nan,nan,nan,nan,nan,nan,nan,nan,nan,nan,nan,nan,nan,nan,nan,nan,nan,nan,nan
48,9420,0.9005666666666666,0.01857214999199064,0.4888888888888889,170,0.6411764705882353,0.03529411764705882,0.03529411764705882,0.06470588235294118,0.0,0.9955555555555555,1.0,0.711764705882353,0.13529411764705881,0.15294117647058825,7.0,0.011764705882352941,0.07126984126984127,120.44217000007606,0.004022216175980045,0.9049986395955102,0.9834719673194824,0.0058823529411764705,0.7631578947368421,0.14222222222222222,0.27111111111111114,0.4311111111111111,0.5511111111111111,0.8,0.9955555555555555,0.6686390532544378,0.9053254437869822,1.0,0.03490655925124884,0.03490655925124884,nan,nan,nan,nan,nan,nan,nan,nan,nan,nan,nan,nan,nan,nan,nan,nan,nan,nan,nan,nan,nan,nan,nan,nan,nan,nan,nan,nan,nan,nan,nan,nan,nan,nan,nan,nan,nan,nan,nan,nan,nan,nan,nan,nan,nan,nan,nan,nan,nan,nan,nan,nan,nan,nan,nan,nan,nan,nan,nan,nan,nan,nan,nan,nan,nan,nan,nan
49,9592,0.8987511111111112,-1.0896338987350453,0.3422222222222222,172,0.4418604651162791,0.12209302325581395,0.0,0.12790697674418605,0.0,0.6488888888888888,0.6804733727810651,0.563953488372093,0.22674418604651161,0.20930232558139536,25.0,0.18023255813953487,0.04877344877344877,100.3584180831906,0.0033657144485655602,0.757285750927251,0.9941369990207135,0.005813953488372093,0.660377358490566,0.15555555555555556,0.26222222222222225,0.31555555555555553,0.6,0.6222222222222222,0.6222222222222222,0.6449704142011834,0.6449704142011834,0.6449704142011834,0.03449502382427454,0.03449502382427454,nan,nan,nan,nan,nan,nan,nan,nan,nan,nan,nan,nan,nan,nan,nan,nan,nan,nan,nan,nan,nan,nan,nan,nan,nan,nan,nan,nan,nan,nan,nan,nan,nan,nan,nan,nan,nan,nan,nan,nan,nan,nan,nan,nan,nan,nan,nan,nan,nan,nan,nan,nan,nan,nan,nan,nan,nan,nan,nan,nan,nan,nan,nan,nan,nan,nan,nan
50,9790,0.8966611111111111,-0.862064719676972,0.4577777777777778,198,0.5151515151515151,0.1111111111111111,0.0,0.08080808080808081,0.0,0.8755555555555555,0.9112426035502958,0.6262626262626263,0.16161616161616163,0.21212121212121213,9.0,0.020202020202020204,0.05743961352657005,130.8958544731138,0.003463313144316948,0.7792454574713132,0.995562223957372,0.005050505050505051,0.7758620689655172,0.12,0.2088888888888889,0.31555555555555553,0.4088888888888889,0.47555555555555556,0.7022222222222222,0.46745562130177515,0.514792899408284,0.727810650887574,0.0339408278465271,0.0339408278465271,nan,nan,nan,nan,nan,nan,nan,nan,nan,nan,nan,nan,nan,nan,nan,nan,nan,nan,nan,nan,nan,nan,nan,nan,nan,nan,nan,nan,nan,nan,nan,nan,nan,nan,nan,nan,nan,nan,nan,nan,nan,nan,nan,nan,nan,nan,nan,nan,nan,nan,nan,nan,nan,nan,nan,nan,nan,nan,nan,nan,nan,nan,nan,nan,nan,nan,nan
51,9952,0.8949511111111111,-1.1815181257724765,0.39555555555555555,162,0.5432098765432098,0.09876543209876543,0.012345679012345678,0.09876543209876543,0.0,0.8133333333333334,0.893491124260355,0.654320987654321,0.21604938271604937,0.12962962962962962,7.0,0.012345679012345678,0.06206349206349206,110.7096964359282,0.0035327629259417365,0.7948716583368907,0.9808477853425835,0.006172839506172839,0.725,0.1288888888888889,0.24888888888888888,0.35555555555555557,0.5688888888888889,0.7822222222222223,0.8133333333333334,0.5976331360946746,0.8757396449704142,0.893491124260355,0.03335730899125337,0.03335730899125337,nan,nan,nan,nan,nan,nan,nan,nan,nan,nan,nan,nan,nan,nan,nan,nan,nan,nan,nan,nan,nan,nan,nan,nan,nan,nan,nan,nan,nan,nan,nan,nan,nan,nan,nan,nan,nan,nan,nan,nan,nan,nan,nan,nan,nan,nan,nan,nan,nan,nan,nan,nan,nan,nan,nan,nan,nan,nan,nan,nan,nan,nan,nan,nan,nan,nan,nan
52,10132,0.8930511111111111,-2.134072460889816,0.39111111111111113,180,0.48333333333333334,0.1,0.005555555555555556,0.13333333333333333,0.0,0.92,0.9408284023668639,0.5888888888888889,0.19444444444444445,0.21666666666666667,14.0,0.08333333333333333,0.050555555555555576,120.18164248466478,0.0032173521568903962,0.7239042353003391,0.9943975768420151,0.016666666666666666,0.7142857142857143,0.09333333333333334,0.17777777777777778,0.3111111111111111,0.38666666666666666,0.49777777777777776,0.8355555555555556,0.514792899408284,0.5739644970414202,0.8994082840236687,0.03185866754502058,0.03185866754502058,nan,nan,nan,nan,nan,nan,nan,nan,nan,nan,nan,nan,nan,nan,nan,nan,nan,nan,nan,nan,nan,nan,nan,nan,nan,nan,nan,nan,nan,nan,nan,nan,nan,nan,nan,nan,nan,nan,nan,nan,nan,nan,nan,nan,nan,nan,nan,nan,nan,nan,nan,nan,nan,nan,nan,nan,nan,nan,nan,nan,nan,nan,nan,nan,nan,nan,nan
53,10303,0.8912461111111111,-0.18262042617797714,0.4711111111111111,171,0.6140350877192983,0.05263157894736842,0.011695906432748537,0.05263157894736842,0.0,0.9288888888888889,0.9585798816568047,0.6783625730994152,0.15204678362573099,0.1695906432748538,5.0,0.0,0.06860166288737717,120.44400405883769,0.003874552912062745,0.8717744052141176,0.9818557966403425,0.0,0.9347826086956522,0.1511111111111111,0.24888888888888888,0.4,0.5866666666666667,0.6888888888888889,0.8977777777777778,0.7396449704142012,0.7692307692307693,0.9526627218934911,0.034737991914153096,0.034737991914153096,nan,nan,nan,nan,nan,nan,nan,nan,nan,nan,nan,nan,nan,nan,nan,nan,nan,nan,nan,nan,nan,nan,nan,nan,nan,nan,nan,nan,nan,nan,nan,nan,nan,nan,nan,nan,nan,nan,nan,nan,nan,nan,nan,nan,nan,nan,nan,nan,nan,nan,nan,nan,nan,nan,nan,nan,nan,nan,nan,nan,nan,nan,nan,nan,nan,nan,nan
54,10458,0.88961,-2.37209173989296,0.3111111111111111,155,0.44516129032258067,0.12903225806451613,0.0,0.14838709677419354,0.0,0.7866666666666666,0.9112426035502958,0.5741935483870968,0.23870967741935484,0.1870967741935484,20.0,0.13548387096774195,0.04888888888888889,100.92468323707564,0.0030385695236347277,0.6836781428178136,0.9924414653209434,0.0,0.6976744186046512,0.11555555555555555,0.18222222222222223,0.3022222222222222,0.4222222222222222,0.4711111111111111,0.7466666666666667,0.5325443786982249,0.5621301775147929,0.8875739644970414,0.030515624023973942,0.030515624023973942,nan,nan,nan,nan,nan,nan,nan,nan,nan,nan,nan,nan,nan,nan,nan,nan,nan,nan,nan,nan,nan,nan,nan,nan,nan,nan,nan,nan,nan,nan,nan,nan,nan,nan,nan,nan,nan,nan,nan,nan,nan,nan,nan,nan,nan,nan,nan,nan,nan,nan,nan,nan,nan,nan,nan,nan,nan,nan,nan,nan,nan,nan,nan,nan,nan,nan,nan
55,10684,0.8872244444444445,-0.5177142515182475,0.5066666666666667,226,0.5,0.11504424778761062,0.01327433628318584,0.084070796460177,0.0,0.9288888888888889,0.9881656804733728,0.6283185840707964,0.15486725663716813,0.2168141592920354,14.0,0.07964601769911504,0.06088888888888897,140.34965953826892,0.0035783643784706304,0.8051319851558918,0.9948160492245408,0.008849557522123894,0.7076923076923077,0.12,0.20444444444444446,0.3511111111111111,0.40444444444444444,0.4888888888888889,0.8222222222222222,0.47337278106508873,0.5325443786982249,0.9408284023668639,0.03373032137751579,0.03373032137751579,nan,nan,nan,nan,nan,nan,nan,nan,nan,nan,nan,nan,nan,nan,nan,nan,nan,nan,nan,nan,nan,nan,nan,nan,nan,nan,nan,nan,nan,nan,nan,nan,nan,nan,nan,nan,nan,nan,nan,nan,nan,nan,nan,nan,nan,nan,nan,nan,nan,nan,nan,nan,nan,nan,nan,nan,nan,nan,nan,nan,nan,nan,nan,nan,nan,nan,nan
56,10840,0.8855777777777778,-0.5055464665889726,0.36444444444444446,156,0.5192307692307693,0.12179487179487179,0.0,0.05128205128205128,0.0,0.7822222222222223,0.8994082840236687,0.6410256410256411,0.22435897435897437,0.1346153846153846,10.0,0.03205128205128205,0.05544973544973545,100.32901396751383,0.003588194339441697,0.8073437263743817,0.9862395586610803,0.0,0.7916666666666666,0.14222222222222222,0.27555555555555555,0.35555555555555557,0.5422222222222223,0.7777777777777778,0.7822222222222223,0.6804733727810651,0.8994082840236687,0.8994082840236687,0.036679346673190595,0.036679346673190595,nan,nan,nan,nan,nan,nan,nan,nan,nan,nan,nan,nan,nan,nan,nan,nan,nan,nan,nan,nan,nan,nan,nan,nan,nan,nan,nan,nan,nan,nan,nan,nan,nan,nan,nan,nan,nan,nan,nan,nan,nan,nan,nan,nan,nan,nan,nan,nan,nan,nan,nan,nan,nan,nan,nan,nan,nan,nan,nan,nan,nan,nan,nan,nan,nan,nan,nan
57,11077,0.8830761111111112,-2.136787038087844,0.4711111111111111,237,0.4430379746835443,0.11392405063291139,0.0,0.10970464135021098,0.0,0.9288888888888889,0.9763313609467456,0.5569620253164557,0.18565400843881857,0.25738396624472576,18.0,0.10126582278481013,0.04955555555555556,150.09320988655074,0.003109179069588829,0.6995652906574865,0.9962924909010956,0.012658227848101266,0.7468354430379747,0.1511111111111111,0.24888888888888888,0.31555555555555553,0.5511111111111111,0.6666666666666666,0.7066666666666667,0.650887573964497,0.727810650887574,0.7633136094674556,0.03546616900712252,0.03546616900712252,nan,nan,nan,nan,nan,nan,nan,nan,nan,nan,nan,nan,nan,nan,nan,nan,nan,nan,nan,nan,nan,nan,nan,nan,nan,nan,nan,nan,nan,nan,nan,nan,nan,nan,nan,nan,nan,nan,nan,nan,nan,nan,nan,nan,nan,nan,nan,nan,nan,nan,nan,nan,nan,nan,nan,nan,nan,nan,nan,nan,nan,nan,nan,nan,nan,nan,nan
58,11293,0.8807961111111111,-4.379062463521957,0.3111111111111111,216,0.3194444444444444,0.19907407407407407,0.0,0.18518518518518517,0.0,0.6533333333333333,0.7100591715976331,0.5185185185185185,0.23148148148148148,0.25,23.0,0.32407407407407407,0.03518518518518518,130.79107108116122,0.0023447064400624676,0.5275589490140552,0.9774999162621197,0.037037037037037035,0.546875,0.14666666666666667,0.2088888888888889,0.26222222222222225,0.5155555555555555,0.6177777777777778,0.6177777777777778,0.6094674556213018,0.7100591715976331,0.7100591715976331,0.03374640643596649,0.03374640643596649,nan,nan,nan,nan,nan,nan,nan,nan,nan,nan,nan,nan,nan,nan,nan,nan,nan,nan,nan,nan,nan,nan,nan,nan,nan,nan,nan,nan,nan,nan,nan,nan,nan,nan,nan,nan,nan,nan,nan,nan,nan,nan,nan,nan,nan,nan,nan,nan,nan,nan,nan,nan,nan,nan,nan,nan,nan,nan,nan,nan,nan,nan,nan,nan,nan,nan,nan
59,11461,0.8790227777777778,-0.981140627861022,0.39111111111111113,168,0.5178571428571429,0.11904761904761904,0.017857142857142856,0.07142857142857142,0.0,0.8755555555555555,0.9408284023668639,0.6547619047619048,0.18452380952380953,0.16071428571428573,23.0,0.11904761904761904,0.05795414462081129,110.45848217010473,0.0035005611073960323,0.7876262491641072,0.9930263519330131,0.0,0.7608695652173914,0.16,0.28888888888888886,0.3422222222222222,0.6266666666666667,0.7733333333333333,0.8044444444444444,0.7159763313609467,0.8461538461538461,0.8875739644970414,0.03038451764732599,0.03038451764732599,nan,nan,nan,nan,nan,nan,nan,nan,nan,nan,nan,nan,nan,nan,nan,nan,nan,nan,nan,nan,nan,nan,nan,nan,nan,nan,nan,nan,nan,nan,nan,nan,nan,nan,nan,nan,nan,nan,nan,nan,nan,nan,nan,nan,nan,nan,nan,nan,nan,nan,nan,nan,nan,nan,nan,nan,nan,nan,nan,nan,nan,nan,nan,nan,nan,nan,nan
60,11698,0.8765211111111111,-1.9668155167102808,0.5466666666666666,237,0.5147679324894515,0.0970464135021097,0.0759493670886076,0.05063291139240506,0.0,0.9688888888888889,0.9881656804733728,0.6877637130801688,0.12658227848101267,0.18565400843881857,15.0,0.05485232067510549,0.05662962962962962,160.0934811115266,0.0033869100631554864,0.7620547642099845,0.9881444491321182,0.0,0.819672131147541,0.16,0.29333333333333333,0.38666666666666666,0.5644444444444444,0.8177777777777778,0.9155555555555556,0.5976331360946746,0.8757396449704142,0.9585798816568047,0.03663902673870325,0.03663902673870325,-3.440806949567795,0.24133333333333332,101.4,0.0,1.0,0.5318164501511036,0.1331713525406455,0.10120387208825143,0.09793703347774932,0.02424931950734595,0.6426666666666667,0.6875739644970414,0.7661916747800004,0.15921925848278984,0.07458906673720975,15.9,0.19273021959750458,0.05922867269290969,76.93720904350272,0.0030557938542792964,0.6875536172128415,0.9400264268525653,0.020136406066107386,0.6153758040765713,0.13777777777777778,0.2459259259259259,0.39555555555555555,0.5061728395061728,0.6533333333333333,0.8355555555555556,0.5483234714003945,0.6873767258382643,0.8579881656804734,-13.38083893048763,0.21333333333333332,120.6,0.0,1.0,0.4070708766954915,0.17598797323238421,0.14715908291715776,0.13199395230623226,0.011052003060902923,0.6159999999999999,0.6538461538461539,0.7302179328450336,0.15217313582056133,0.11760893133440523,43.4,0.37708897358145005,0.047419234006734014,87.64989457607254,0.0023638914385750135,0.5318755736793779,0.8613069605826162,0.023822576288032967,0.520469062527886,0.11333333333333333,0.13703703703703704,0.24888888888888888,0.44800000000000006,0.4392592592592593,0.6622222222222223,0.4887573964497041,0.4733727810650888,0.6982248520710059,1.8930999780845934
61,11861,0.8748005555555556,0.19348938798904514,0.41333333333333333,163,0.5644171779141104,0.04294478527607362,0.006134969325153374,0.0736196319018405,0.006134969325153374,0.7911111111111111,0.8402366863905325,0.6134969325153374,0.18404907975460122,0.20245398773006135,5.0,0.0,0.060757020757020753,100.08105344772312,0.004085577387556878,0.9192549122002975,0.9884226023013641,0.0,0.92,0.15555555555555556,0.28888888888888886,0.39555555555555555,0.5155555555555555,0.7644444444444445,0.7911111111111111,0.591715976331361,0.8284023668639053,0.8402366863905325,0.039906807616353034,0.039906807616353034,nan,nan,nan,nan,nan,nan,nan,nan,nan,nan,nan,nan,nan,nan,nan,nan,nan,nan,nan,nan,nan,nan,nan,nan,nan,nan,nan,nan,nan,nan,nan,nan,nan,nan,nan,nan,nan,nan,nan,nan,nan,nan,nan,nan,nan,nan,nan,nan,nan,nan,nan,nan,nan,nan,nan,nan,nan,nan,nan,nan,nan,nan,nan,nan,nan,nan,nan
62,12076,0.8725311111111111,-0.8333711867332472,0.4711111111111111,215,0.4883720930232558,0.06511627906976744,0.0,0.13488372093023257,0.0,0.9644444444444444,1.0,0.5534883720930233,0.20930232558139536,0.2372093023255814,9.0,0.023255813953488372,0.05382716049382716,130.27020177841158,0.00358229787239036,0.8060170212878309,0.9904639417130505,0.009302325581395349,0.8656716417910447,0.10666666666666667,0.2311111111111111,0.3244444444444444,0.38222222222222224,0.6088888888888889,0.7644444444444445,0.4319526627218935,0.7159763313609467,0.8284023668639053,0.04139811638742685,0.04139811638742685,nan,nan,nan,nan,nan,nan,nan,nan,nan,nan,nan,nan,nan,nan,nan,nan,nan,nan,nan,nan,nan,nan,nan,nan,nan,nan,nan,nan,nan,nan,nan,nan,nan,nan,nan,nan,nan,nan,nan,nan,nan,nan,nan,nan,nan,nan,nan,nan,nan,nan,nan,nan,nan,nan,nan,nan,nan,nan,nan,nan,nan,nan,nan,nan,nan,nan,nan
63,12325,0.8699027777777778,-1.9575914690494516,0.48444444444444446,249,0.43373493975903615,0.13253012048192772,0.0,0.1566265060240964,0.0,0.8666666666666667,0.9230769230769231,0.5662650602409639,0.23694779116465864,0.19678714859437751,19.0,0.15261044176706828,0.048185185185185185,150.70087113380418,0.0031851176200157327,0.7166514645035398,0.9898920789683752,0.01606425702811245,0.6811594202898551,0.1288888888888889,0.24,0.28888888888888886,0.5466666666666666,0.5955555555555555,0.5955555555555555,0.5739644970414202,0.621301775147929,0.621301775147929,0.038011832349002364,0.038011832349002364,nan,nan,nan,nan,nan,nan,nan,nan,nan,nan,nan,nan,nan,nan,nan,nan,nan,nan,nan,nan,nan,nan,nan,nan,nan,nan,nan,nan,nan,nan,nan,nan,nan,nan,nan,nan,nan,nan,nan,nan,nan,nan,nan,nan,nan,nan,nan,nan,nan,nan,nan,nan,nan,nan,nan,nan,nan,nan,nan,nan,nan,nan,nan,nan,nan,nan,nan
64,12526,0.8677811111111111,-1.6721611595153802,0.38666666666666666,201,0.42786069651741293,0.14925373134328357,0.0,0.14427860696517414,0.004975124378109453,0.7333333333333333,0.7928994082840237,0.5771144278606966,0.21393034825870647,0.208955223880597,44.0,0.21393034825870647,0.04246913580246914,120.24915390014607,0.0031785855436422985,0.7151817473195172,0.9906113640553352,0.009950248756218905,0.6071428571428571,0.16444444444444445,0.3022222222222222,0.37777777777777777,0.6133333333333333,0.7333333333333333,0.7333333333333333,0.7218934911242604,0.7928994082840237,0.7928994082840237,0.032651637494564054,0.032651637494564054,nan,nan,nan,nan,nan,nan,nan,nan,nan,nan,nan,nan,nan,nan,nan,nan,nan,nan,nan,nan,nan,nan,nan,nan,nan,nan,nan,nan,nan,nan,nan,nan,nan,nan,nan,nan,nan,nan,nan,nan,nan,nan,nan,nan,nan,nan,nan,nan,nan,nan,nan,nan,nan,nan,nan,nan,nan,nan,nan,nan,nan,nan,nan,nan,nan,nan,nan
65,12702,0.8659233333333334,0.005474086284637858,0.4222222222222222,176,0.5340909090909091,0.09659090909090909,0.0,0.10227272727272728,0.0,0.7955555555555556,0.863905325443787,0.6306818181818182,0.17613636363636365,0.19318181818181818,21.0,0.10227272727272728,0.06555555555555548,110.12881822586029,0.0037935372821396155,0.8535458884814134,0.9802196680060125,0.0,0.7021276595744681,0.17333333333333334,0.28888888888888886,0.40444444444444444,0.5866666666666667,0.7955555555555556,0.7955555555555556,0.6094674556213018,0.863905325443787,0.863905325443787,0.03503836002200842,0.03503836002200842,nan,nan,nan,nan,nan,nan,nan,nan,nan,nan,nan,nan,nan,nan,nan,nan,nan,nan,nan,nan,nan,nan,nan,nan,nan,nan,nan,nan,nan,nan,nan,nan,nan,nan,nan,nan,nan,nan,nan,nan,nan,nan,nan,nan,nan,nan,nan,nan,nan,nan,nan,nan,nan,nan,nan,nan,nan,nan,nan,nan,nan,nan,nan,nan,nan,nan,nan
66,12850,0.8643611111111111,-1.2937797534465783,0.36444444444444446,148,0.5472972972972973,0.0472972972972973,0.02027027027027027,0.08783783783783784,0.0,0.8666666666666667,0.9467455621301775,0.6148648648648649,0.17567567567567569,0.20945945945945946,7.0,0.013513513513513514,0.060966183574879235,100.05504527091972,0.0035980194604402567,0.8095543785990577,0.9912072338699274,0.006756756756756757,0.9069767441860465,0.1288888888888889,0.24,nan,0.4577777777777778,0.7466666666666667,nan,0.5207100591715976,0.8461538461538461,nan,0.03972750436514616,0.03972750436514616,nan,nan,nan,nan,nan,nan,nan,nan,nan,nan,nan,nan,nan,nan,nan,nan,nan,nan,nan,nan,nan,nan,nan,nan,nan,nan,nan,nan,nan,nan,nan,nan,nan,nan,nan,nan,nan,nan,nan,nan,nan,nan,nan,nan,nan,nan,nan,nan,nan,nan,nan,nan,nan,nan,nan,nan,nan,nan,nan,nan,nan,nan,nan,nan,nan,nan,nan
67,13024,0.8625244444444444,-2.00916424846649,0.4088888888888889,174,0.5229885057471264,0.06896551724137931,0.028735632183908046,0.09770114942528736,0.0,0.8133333333333334,0.8816568047337278,0.6206896551724138,0.1896551724137931,0.1896551724137931,7.0,0.022988505747126436,0.05812169312169312,120.28727855682357,0.0033623210142989927,0.7565222282172733,0.9958876841975642,0.005747126436781609,0.8333333333333334,0.12444444444444444,0.26222222222222225,0.3511111111111111,0.47555555555555556,0.76,0.7955555555555556,0.5088757396449705,0.834319526627219,0.8698224852071006,0.03433203008025885,0.03433203008025885,nan,nan,nan,nan,nan,nan,nan,nan,nan,nan,nan,nan,nan,nan,nan,nan,nan,nan,nan,nan,nan,nan,nan,nan,nan,nan,nan,nan,nan,nan,nan,nan,nan,nan,nan,nan,nan,nan,nan,nan,nan,nan,nan,nan,nan,nan,nan,nan,nan,nan,nan,nan,nan,nan,nan,nan,nan,nan,nan,nan,nan,nan,nan,nan,nan,nan,nan
68,13168,0.8610044444444445,-0.7868164951801291,0.39111111111111113,144,0.6041666666666666,0.034722222222222224,0.006944444444444444,0.06944444444444445,0.006944444444444444,0.9555555555555556,0.9763313609467456,0.6458333333333334,0.1736111111111111,0.18055555555555555,5.0,0.0,0.06771929824561403,100.5506332874297,0.0038454921070597142,0.8652357240884356,0.9909629903663144,0.006944444444444444,0.926829268292683,0.11555555555555555,0.26222222222222225,nan,0.39555555555555555,0.8044444444444444,nan,0.4319526627218935,0.8224852071005917,nan,0.03960335869342089,0.03960335869342089,nan,nan,nan,nan,nan,nan,nan,nan,nan,nan,nan,nan,nan,nan,nan,nan,nan,nan,nan,nan,nan,nan,nan,nan,nan,nan,nan,nan,nan,nan,nan,nan,nan,nan,nan,nan,nan,nan,nan,nan,nan,nan,nan,nan,nan,nan,nan,nan,nan,nan,nan,nan,nan,nan,nan,nan,nan,nan,nan,nan,nan,nan,nan,nan,nan,nan,nan
69,13283,0.8597905555555556,-1.6463874380588535,0.28444444444444444,115,0.5478260869565217,0.08695652173913043,0.0,0.0782608695652174,0.008695652173913044,0.7733333333333333,0.8579881656804734,0.6347826086956522,0.16521739130434782,0.2,7.0,0.034782608695652174,0.05837037037037037,80.58464226722703,0.003474607470136692,0.7817866807807556,0.9868831637527193,0.017391304347826087,0.7878787878787878,0.14666666666666667,0.26666666666666666,nan,0.6088888888888889,0.7733333333333333,nan,0.7159763313609467,0.8579881656804734,nan,0.03941980227828026,0.03941980227828026,nan,nan,nan,nan,nan,nan,nan,nan,nan,nan,nan,nan,nan,nan,nan,nan,nan,nan,nan,nan,nan,nan,nan,nan,nan,nan,nan,nan,nan,nan,nan,nan,nan,nan,nan,nan,nan,nan,nan,nan,nan,nan,nan,nan,nan,nan,nan,nan,nan,nan,nan,nan,nan,nan,nan,nan,nan,nan,nan,nan,nan,nan,nan,nan,nan,nan,nan
70,13428,0.85826,-3.3783251271247874,0.26666666666666666,145,0.4068965517241379,0.16551724137931034,0.0,0.1310344827586207,0.0,0.7111111111111111,0.7869822485207101,0.5724137931034483,0.19310344827586207,0.23448275862068965,23.0,0.16551724137931034,0.04462962962962963,100.4126202583312,0.002611446863428163,0.5875755442713366,0.9939401403004114,0.006896551724137931,0.6976744186046512,0.13333333333333333,0.21333333333333335,nan,0.5288888888888889,0.6177777777777778,nan,0.6153846153846154,0.7218934911242604,nan,0.04032701775431633,0.04032701775431633,nan,nan,nan,nan,nan,nan,nan,nan,nan,nan,nan,nan,nan,nan,nan,nan,nan,nan,nan,nan,nan,nan,nan,nan,nan,nan,nan,nan,nan,nan,nan,nan,nan,nan,nan,nan,nan,nan,nan,nan,nan,nan,nan,nan,nan,nan,nan,nan,nan,nan,nan,nan,nan,nan,nan,nan,nan,nan,nan,nan,nan,nan,nan,nan,nan,nan,nan
71,13574,0.8567188888888889,-1.8735593118667604,0.3288888888888889,146,0.5,0.10273972602739725,0.0,0.10273972602739725,0.0,0.7466666666666667,0.834319526627219,0.6027397260273972,0.2054794520547945,0.1917808219178082,6.0,0.00684931506849315,0.054920634920634925,100.07199344635004,0.0032421103374780237,0.7294748259325552,0.9979938820629216,0.00684931506849315,0.7380952380952381,0.1288888888888889,0.25333333333333335,nan,0.5422222222222223,0.7244444444444444,nan,0.6804733727810651,0.8284023668639053,nan,0.04112937469035387,0.04112937469035387,nan,nan,nan,nan,nan,nan,nan,nan,nan,nan,nan,nan,nan,nan,nan,nan,nan,nan,nan,nan,nan,nan,nan,nan,nan,nan,nan,nan,nan,nan,nan,nan,nan,nan,nan,nan,nan,nan,nan,nan,nan,nan,nan,nan,nan,nan,nan,nan,nan,nan,nan,nan,nan,nan,nan,nan,nan,nan,nan,nan,nan,nan,nan,nan,nan,nan,nan
72,13780,0.8545444444444444,-2.272050955295562,0.38222222222222224,206,0.41262135922330095,0.1262135922330097,0.0048543689320388345,0.16990291262135923,0.0048543689320388345,0.7555555555555555,0.8284023668639053,0.5436893203883495,0.19902912621359223,0.25728155339805825,19.0,0.0970873786407767,0.04353909465020577,120.01000909805262,0.003147885585685769,0.7082742567792979,0.9916311693298006,0.019417475728155338,0.7068965517241379,0.13333333333333333,0.2577777777777778,0.32,0.4622222222222222,0.7422222222222222,0.7466666666666667,0.5088757396449705,0.8284023668639053,0.8284023668639053,0.03949097208678722,0.03949097208678722,nan,nan,nan,nan,nan,nan,nan,nan,nan,nan,nan,nan,nan,nan,nan,nan,nan,nan,nan,nan,nan,nan,nan,nan,nan,nan,nan,nan,nan,nan,nan,nan,nan,nan,nan,nan,nan,nan,nan,nan,nan,nan,nan,nan,nan,nan,nan,nan,nan,nan,nan,nan,nan,nan,nan,nan,nan,nan,nan,nan,nan,nan,nan,nan,nan,nan,nan
73,13990,0.8523277777777778,-2.119888524532317,0.3688888888888889,210,0.3904761904761905,0.14285714285714285,0.004761904761904762,0.1761904761904762,0.0,0.7244444444444444,0.8165680473372781,0.5380952380952381,0.23333333333333334,0.22857142857142856,21.0,0.21428571428571427,0.04123456790123456,120.2846526145931,0.0030298499145370566,0.6817162307708378,0.9746332473606891,0.004761904761904762,0.6271186440677966,0.14222222222222222,0.21777777777777776,0.3022222222222222,0.56,0.5822222222222222,0.7111111111111111,0.6745562130177515,0.6745562130177515,0.8165680473372781,0.04358351230621338,0.04358351230621338,nan,nan,nan,nan,nan,nan,nan,nan,nan,nan,nan,nan,nan,nan,nan,nan,nan,nan,nan,nan,nan,nan,nan,nan,nan,nan,nan,nan,nan,nan,nan,nan,nan,nan,nan,nan,nan,nan,nan,nan,nan,nan,nan,nan,nan,nan,nan,nan,nan,nan,nan,nan,nan,nan,nan,nan,nan,nan,nan,nan,nan,nan,nan,nan,nan,nan,nan
74,14175,0.850375,-0.5015340449810017,0.4666666666666667,185,0.5621621621621622,0.03783783783783784,0.005405405405405406,0.14594594594594595,0.0,0.9244444444444444,0.9526627218934911,0.6054054054054054,0.1837837837837838,0.21081081081081082,7.0,0.010810810810810811,0.06111111111111111,120.49080042839027,0.0038361619358394817,0.8631364355638833,0.9902630843932394,0.016216216216216217,0.8913043478260869,0.13333333333333333,0.2577777777777778,0.37333333333333335,0.5511111111111111,0.7644444444444445,0.8177777777777778,0.5976331360946746,0.8520710059171598,0.8994082840236687,0.03748672287911177,0.03748672287911177,nan,nan,nan,nan,nan,nan,nan,nan,nan,nan,nan,nan,nan,nan,nan,nan,nan,nan,nan,nan,nan,nan,nan,nan,nan,nan,nan,nan,nan,nan,nan,nan,nan,nan,nan,nan,nan,nan,nan,nan,nan,nan,nan,nan,nan,nan,nan,nan,nan,nan,nan,nan,nan,nan,nan,nan,nan,nan,nan,nan,nan,nan,nan,nan,nan,nan,nan
75,14310,0.84895,-1.1204869096279135,0.3022222222222222,135,0.4962962962962963,0.05925925925925926,0.007407407407407408,0.13333333333333333,0.007407407407407408,0.6933333333333334,0.7337278106508875,0.562962962962963,0.21481481481481482,0.2222222222222222,10.0,0.044444444444444446,0.05185185185185185,80.71892294883706,0.0036890702563824036,0.8300408076860407,0.9891521030069091,0.0,0.8292682926829268,0.15555555555555556,0.26666666666666666,nan,0.5377777777777778,0.6933333333333334,nan,0.6035502958579881,0.7337278106508875,nan,0.04252671413123608,0.04252671413123608,nan,nan,nan,nan,nan,nan,nan,nan,nan,nan,nan,nan,nan,nan,nan,nan,nan,nan,nan,nan,nan,nan,nan,nan,nan,nan,nan,nan,nan,nan,nan,nan,nan,nan,nan,nan,nan,nan,nan,nan,nan,nan,nan,nan,nan,nan,nan,nan,nan,nan,nan,nan,nan,nan,nan,nan,nan,nan,nan,nan,nan,nan,nan,nan,nan,nan,nan
76,14535,0.846575,-2.5385096807479854,0.44,225,0.43555555555555553,0.10666666666666667,0.013333333333333334,0.1511111111111111,0.0,0.9422222222222222,0.9881656804733728,0.5555555555555556,0.2088888888888889,0.23555555555555555,15.0,0.1288888888888889,0.048395061728395056,140.081044578552,0.003109311162448628,0.6995950115509413,0.9823051625291477,0.0044444444444444444,0.7121212121212122,0.1111111111111111,0.17777777777777778,0.31555555555555553,0.40444444444444444,0.48,0.7466666666666667,0.5029585798816568,0.5502958579881657,0.834319526627219,0.039464757218956946,0.039464757218956946,nan,nan,nan,nan,nan,nan,nan,nan,nan,nan,nan,nan,nan,nan,nan,nan,nan,nan,nan,nan,nan,nan,nan,nan,nan,nan,nan,nan,nan,nan,nan,nan,nan,nan,nan,nan,nan,nan,nan,nan,nan,nan,nan,nan,nan,nan,nan,nan,nan,nan,nan,nan,nan,nan,nan,nan,nan,nan,nan,nan,nan,nan,nan,nan,nan,nan,nan
77,14722,0.8446011111111111,-7.804913389921188,0.36444444444444446,187,0.43315508021390375,0.03208556149732621,0.13903743315508021,0.10160427807486631,0.0,0.9822222222222222,1.0,0.6042780748663101,0.21390374331550802,0.18181818181818182,51.0,0.24598930481283424,0.04861111111111112,120.21822276115384,0.0029945543340400053,0.6737747251590012,0.904228363296092,0.0053475935828877,0.7407407407407407,0.1511111111111111,0.27111111111111114,0.3022222222222222,0.6133333333333333,0.8355555555555556,0.8888888888888888,0.6627218934911243,0.9230769230769231,0.9467455621301775,0.03846137616783381,0.03846137616783381,nan,nan,nan,nan,nan,nan,nan,nan,nan,nan,nan,nan,nan,nan,nan,nan,nan,nan,nan,nan,nan,nan,nan,nan,nan,nan,nan,nan,nan,nan,nan,nan,nan,nan,nan,nan,nan,nan,nan,nan,nan,nan,nan,nan,nan,nan,nan,nan,nan,nan,nan,nan,nan,nan,nan,nan,nan,nan,nan,nan,nan,nan,nan,nan,nan,nan,nan
78,14922,0.84249,-0.45133719635009495,0.43555555555555553,200,0.485,0.1,0.0,0.11,0.0,0.7866666666666666,0.8461538461538461,0.585,0.21,0.205,9.0,0.055,0.05388888888888889,120.15559234619103,0.003587940458642976,0.8072866031946696,0.9844867061274928,0.0,0.7666666666666667,0.16,0.25333333333333335,0.32,0.5155555555555555,0.5822222222222222,0.6444444444444445,0.5384615384615384,0.6094674556213018,0.6745562130177515,0.041174750030040744,0.041174750030040744,nan,nan,nan,nan,nan,nan,nan,nan,nan,nan,nan,nan,nan,nan,nan,nan,nan,nan,nan,nan,nan,nan,nan,nan,nan,nan,nan,nan,nan,nan,nan,nan,nan,nan,nan,nan,nan,nan,nan,nan,nan,nan,nan,nan,nan,nan,nan,nan,nan,nan,nan,nan,nan,nan,nan,nan,nan,nan,nan,nan,nan,nan,nan,nan,nan,nan,nan
79,15084,0.84078,-1.4398713741302471,0.3288888888888889,162,0.4506172839506173,0.13580246913580246,0.0,0.10493827160493827,0.0,0.72,0.7692307692307693,0.5864197530864198,0.2037037037037037,0.20987654320987653,15.0,0.08024691358024691,0.05047619047619047,100.02734642028788,0.003243557447592547,0.729800425708323,0.9836627848835094,0.006172839506172839,0.7346938775510204,0.15555555555555556,0.2577777777777778,0.3022222222222222,0.5333333333333333,0.6177777777777778,0.6622222222222223,0.5976331360946746,0.6449704142011834,0.6923076923076923,0.04083934836089611,0.04083934836089611,nan,nan,nan,nan,nan,nan,nan,nan,nan,nan,nan,nan,nan,nan,nan,nan,nan,nan,nan,nan,nan,nan,nan,nan,nan,nan,nan,nan,nan,nan,nan,nan,nan,nan,nan,nan,nan,nan,nan,nan,nan,nan,nan,nan,nan,nan,nan,nan,nan,nan,nan,nan,nan,nan,nan,nan,nan,nan,nan,nan,nan,nan,nan,nan,nan,nan,nan
80,15334,0.8381411111111111,-1.2854455051422118,0.4266666666666667,250,0.38,0.136,0.0,0.192,0.0,0.76,0.8284023668639053,0.516,0.228,0.256,35.0,0.196,0.042222222222222223,146.05186195373548,0.0028909061245379307,0.6504538780210343,0.9840746462762329,0.012,0.6164383561643836,0.1288888888888889,0.2577777777777778,0.3422222222222222,0.4222222222222222,0.7466666666666667,0.7466666666666667,0.4556213017751479,0.8284023668639053,0.8284023668639053,0.04095283970236778,0.04095283970236778,-3.2346486144065865,0.2555555555555556,119.6,0.0,1.0,0.48737816304024156,0.11863593897677423,0.04526944819560778,0.1646015143621433,0.01738513171840363,0.6866666666666666,0.7266272189349112,0.6512835502126235,0.183846583911235,0.1648698658761414,15.2,0.148704499970303,0.05165558533950347,81.12427251815782,0.0031515824168362573,0.709106043788158,0.9608829064978133,0.055035672029113025,0.6691530118432292,0.14133333333333334,0.22555555555555556,0.28,0.5257777777777777,0.6527777777777778,0.6222222222222222,0.5727810650887574,0.6982248520710059,0.6568047337278107,-4.969739040970802,0.24888888888888888,123.9,0.0,1.0,0.45148525456591404,0.0951562658526154,0.08258039575920197,0.20124060593959103,0.015832311537609674,0.6688888888888889,0.7100591715976332,0.6292219161777315,0.19348680124020562,0.17729128258206292,18.2,0.20766027563639855,0.049419831886479484,84.63656229495984,0.002815106467223756,0.633398955125345,0.9292773890299907,0.08334213073761312,0.6472444222444222,0.13135802469135804,0.22158730158730158,0.3496296296296297,0.4765432098765432,0.6438095238095237,0.8414814814814816,0.5358316896778434,0.6923076923076924,0.8875739644970414,1.788564332675871
81,15516,0.83622,-0.9579287142753604,0.4311111111111111,182,0.5274725274725275,0.0989010989010989,0.0,0.12637362637362637,0.0,0.9466666666666667,0.9881656804733728,0.6263736263736264,0.21428571428571427,0.15934065934065933,17.0,0.07692307692307693,0.06333333333333332,120.24694013595564,0.0035482538365156032,0.7983571132160108,0.9912405351315156,0.016483516483516484,0.7777777777777778,0.1111111111111111,0.22666666666666666,0.3377777777777778,0.4622222222222222,0.76,0.8222222222222222,0.5502958579881657,0.8698224852071006,0.9171597633136095,0.04030483886599541,0.04030483886599541,nan,nan,nan,nan,nan,nan,nan,nan,nan,nan,nan,nan,nan,nan,nan,nan,nan,nan,nan,nan,nan,nan,nan,nan,nan,nan,nan,nan,nan,nan,nan,nan,nan,nan,nan,nan,nan,nan,nan,nan,nan,nan,nan,nan,nan,nan,nan,nan,nan,nan,nan,nan,nan,nan,nan,nan,nan,nan,nan,nan,nan,nan,nan,nan,nan,nan,nan
82,15765,0.8335916666666667,-1.7949999999999995,0.4444444444444444,249,0.39759036144578314,0.12449799196787148,0.004016064257028112,0.1606425702811245,0.0,0.7777777777777778,0.8461538461538461,0.5261044176706827,0.2289156626506024,0.24497991967871485,14.0,0.10843373493975904,0.04407407407407407,140.19999999999982,0.003138373751783171,0.7061340941512134,0.9952948880511896,0.01606425702811245,0.6753246753246753,0.13333333333333333,0.26222222222222225,0.35555555555555557,0.5066666666666667,0.6666666666666666,0.7777777777777778,0.5562130177514792,0.757396449704142,0.8461538461538461,0.04568314775824547,0.04568314775824547,nan,nan,nan,nan,nan,nan,nan,nan,nan,nan,nan,nan,nan,nan,nan,nan,nan,nan,nan,nan,nan,nan,nan,nan,nan,nan,nan,nan,nan,nan,nan,nan,nan,nan,nan,nan,nan,nan,nan,nan,nan,nan,nan,nan,nan,nan,nan,nan,nan,nan,nan,nan,nan,nan,nan,nan,nan,nan,nan,nan,nan,nan,nan,nan,nan,nan,nan
83,15949,0.8316494444444444,-1.7994635939598076,0.4488888888888889,184,0.5434782608695652,0.059782608695652176,0.03804347826086957,0.10869565217391304,0.0,0.9111111111111111,0.9822485207100592,0.6413043478260869,0.16304347826086957,0.1956521739130435,13.0,0.08152173913043478,0.058518518518518525,120.7663199424741,0.0036802019359052376,0.8280454355786784,0.9614478712212922,0.005434782608695652,0.7391304347826086,0.13777777777777778,0.27111111111111114,0.38666666666666666,0.6088888888888889,0.8933333333333333,0.8977777777777778,0.6686390532544378,0.9763313609467456,0.9822485207100592,0.04066824950277805,0.04066824950277805,nan,nan,nan,nan,nan,nan,nan,nan,nan,nan,nan,nan,nan,nan,nan,nan,nan,nan,nan,nan,nan,nan,nan,nan,nan,nan,nan,nan,nan,nan,nan,nan,nan,nan,nan,nan,nan,nan,nan,nan,nan,nan,nan,nan,nan,nan,nan,nan,nan,nan,nan,nan,nan,nan,nan,nan,nan,nan,nan,nan,nan,nan,nan,nan,nan,nan,nan
84,16141,0.8296227777777778,-0.6157190330028532,0.4622222222222222,192,0.5364583333333334,0.057291666666666664,0.010416666666666666,0.13541666666666666,0.0,0.9333333333333333,0.9526627218934911,0.6041666666666666,0.234375,0.16145833333333334,10.0,0.057291666666666664,0.059313725490196076,120.74970507621741,0.0037911295724393505,0.8530041537988539,0.9894954565787782,0.015625,0.84,0.10666666666666667,0.23555555555555555,0.36444444444444446,0.4266666666666667,0.6488888888888888,0.9333333333333333,0.47928994082840237,0.727810650887574,0.9526627218934911,0.042351337522268294,0.042351337522268294,nan,nan,nan,nan,nan,nan,nan,nan,nan,nan,nan,nan,nan,nan,nan,nan,nan,nan,nan,nan,nan,nan,nan,nan,nan,nan,nan,nan,nan,nan,nan,nan,nan,nan,nan,nan,nan,nan,nan,nan,nan,nan,nan,nan,nan,nan,nan,nan,nan,nan,nan,nan,nan,nan,nan,nan,nan,nan,nan,nan,nan,nan,nan,nan,nan,nan,nan
85,16291,0.8280394444444444,-0.6281544713973995,0.38222222222222224,150,0.5666666666666667,0.06,0.006666666666666667,0.08,0.0,0.9377777777777778,0.9644970414201184,0.6333333333333333,0.16666666666666666,0.2,6.0,0.006666666666666667,0.06296296296296297,100.69670925140365,0.0037516397565148024,0.8441189452158304,0.9899437588770849,0.006666666666666667,0.8604651162790697,0.13777777777777778,0.26666666666666666,0.38222222222222224,0.5155555555555555,0.8622222222222222,0.9377777777777778,0.5739644970414202,0.8994082840236687,0.9644970414201184,0.04641878828406334,0.04641878828406334,nan,nan,nan,nan,nan,nan,nan,nan,nan,nan,nan,nan,nan,nan,nan,nan,nan,nan,nan,nan,nan,nan,nan,nan,nan,nan,nan,nan,nan,nan,nan,nan,nan,nan,nan,nan,nan,nan,nan,nan,nan,nan,nan,nan,nan,nan,nan,nan,nan,nan,nan,nan,nan,nan,nan,nan,nan,nan,nan,nan,nan,nan,nan,nan,nan,nan,nan
86,16502,0.8258122222222222,-2.4851255707740765,0.3466666666666667,211,0.36492890995260663,0.17061611374407584,0.0,0.15639810426540285,0.004739336492890996,0.6177777777777778,0.650887573964497,0.5355450236966824,0.1990521327014218,0.26540284360189575,28.0,0.21800947867298578,0.03991021324354658,120.3250054359432,0.0028441488199592007,0.6399334844908201,0.9874549335992218,0.014218009478672985,0.6153846153846154,0.14222222222222222,0.2577777777777778,0.32,0.49777777777777776,0.6044444444444445,0.6133333333333333,0.5562130177514792,0.6449704142011834,0.6449704142011834,0.04417708273977041,0.04417708273977041,nan,nan,nan,nan,nan,nan,nan,nan,nan,nan,nan,nan,nan,nan,nan,nan,nan,nan,nan,nan,nan,nan,nan,nan,nan,nan,nan,nan,nan,nan,nan,nan,nan,nan,nan,nan,nan,nan,nan,nan,nan,nan,nan,nan,nan,nan,nan,nan,nan,nan,nan,nan,nan,nan,nan,nan,nan,nan,nan,nan,nan,nan,nan,nan,nan,nan,nan
87,16698,0.8237433333333334,-2.9928091385364537,0.36,196,0.40816326530612246,0.15306122448979592,0.0,0.15306122448979592,0.00510204081632653,0.7466666666666667,0.8402366863905325,0.5612244897959183,0.21428571428571427,0.22448979591836735,20.0,0.14285714285714285,0.04486772486772486,124.01722989082312,0.002866985142859295,0.6450716571433414,0.9940225873711541,0.04591836734693878,0.6607142857142857,0.1288888888888889,0.24888888888888888,0.3377777777777778,0.4577777777777778,0.6977777777777778,0.7377777777777778,0.5680473372781065,0.8224852071005917,0.8284023668639053,0.048556015640497205,0.048556015640497205,nan,nan,nan,nan,nan,nan,nan,nan,nan,nan,nan,nan,nan,nan,nan,nan,nan,nan,nan,nan,nan,nan,nan,nan,nan,nan,nan,nan,nan,nan,nan,nan,nan,nan,nan,nan,nan,nan,nan,nan,nan,nan,nan,nan,nan,nan,nan,nan,nan,nan,nan,nan,nan,nan,nan,nan,nan,nan,nan,nan,nan,nan,nan,nan,nan,nan,nan
88,16889,0.8217272222222223,-0.32296076107024985,0.4488888888888889,191,0.5235602094240838,0.08900523560209424,0.005235602094240838,0.09424083769633508,0.0,0.9288888888888889,0.9585798816568047,0.6178010471204188,0.19895287958115182,0.18324607329842932,8.0,0.031413612565445025,0.05774305555555555,120.11391201019262,0.0037001912351895577,0.8325430279176504,0.9775331572622636,0.005235602094240838,0.7636363636363637,0.15555555555555556,0.26222222222222225,0.37777777777777777,0.52,0.7111111111111111,0.9288888888888889,0.6035502958579881,0.7869822485207101,0.9585798816568047,0.04568281024694443,0.04568281024694443,nan,nan,nan,nan,nan,nan,nan,nan,nan,nan,nan,nan,nan,nan,nan,nan,nan,nan,nan,nan,nan,nan,nan,nan,nan,nan,nan,nan,nan,nan,nan,nan,nan,nan,nan,nan,nan,nan,nan,nan,nan,nan,nan,nan,nan,nan,nan,nan,nan,nan,nan,nan,nan,nan,nan,nan,nan,nan,nan,nan,nan,nan,nan,nan,nan,nan,nan
89,17050,0.8200277777777778,-0.7497892377376558,0.41333333333333333,161,0.5714285714285714,0.062111801242236024,0.0,0.08695652173913043,0.0,0.9333333333333333,0.9881656804733728,0.6335403726708074,0.20496894409937888,0.16149068322981366,7.0,0.018633540372670808,0.06406926406926407,110.22656416892984,0.0037095312910437666,0.8346445404848475,0.9835218988666246,0.012422360248447204,0.8409090909090909,0.13333333333333333,0.25333333333333335,0.38222222222222224,0.44,0.7866666666666666,0.9066666666666666,0.47928994082840237,0.8698224852071006,0.9822485207100592,0.04249168541282415,0.04249168541282415,nan,nan,nan,nan,nan,nan,nan,nan,nan,nan,nan,nan,nan,nan,nan,nan,nan,nan,nan,nan,nan,nan,nan,nan,nan,nan,nan,nan,nan,nan,nan,nan,nan,nan,nan,nan,nan,nan,nan,nan,nan,nan,nan,nan,nan,nan,nan,nan,nan,nan,nan,nan,nan,nan,nan,nan,nan,nan,nan,nan,nan,nan,nan,nan,nan,nan,nan
90,17227,0.8181594444444444,-1.2374276020526882,0.43555555555555553,177,0.5480225988700564,0.07344632768361582,0.01694915254237288,0.0903954802259887,0.0,0.9333333333333333,0.9704142011834319,0.6384180790960452,0.1864406779661017,0.1751412429378531,8.0,0.03389830508474576,0.05388888888888889,120.86121525764437,0.0035669930191591687,0.802573429310813,0.9534283158031278,0.005649717514124294,0.7291666666666666,0.14666666666666667,0.25333333333333335,0.38222222222222224,0.5644444444444444,0.8444444444444444,0.9333333333333333,0.650887573964497,0.9230769230769231,0.9704142011834319,0.04519832693040371,0.04519832693040371,nan,nan,nan,nan,nan,nan,nan,nan,nan,nan,nan,nan,nan,nan,nan,nan,nan,nan,nan,nan,nan,nan,nan,nan,nan,nan,nan,nan,nan,nan,nan,nan,nan,nan,nan,nan,nan,nan,nan,nan,nan,nan,nan,nan,nan,nan,nan,nan,nan,nan,nan,nan,nan,nan,nan,nan,nan,nan,nan,nan,nan,nan,nan,nan,nan,nan,nan
91,17437,0.8159427777777778,-1.074995607614517,0.5155555555555555,210,0.5476190476190477,0.0761904761904762,0.0,0.1523809523809524,0.0,0.9644444444444444,0.9940828402366864,0.6238095238095238,0.18571428571428572,0.19047619047619047,9.0,0.04285714285714286,0.05901234567901234,140.42852959632845,0.003639652943602952,0.8189219123106642,0.9832128166413722,0.023809523809523808,0.8260869565217391,0.16,0.24,0.37777777777777777,0.6133333333333333,0.7644444444444445,0.9466666666666667,0.7100591715976331,0.8284023668639053,0.9822485207100592,0.043577531538903716,0.043577531538903716,nan,nan,nan,nan,nan,nan,nan,nan,nan,nan,nan,nan,nan,nan,nan,nan,nan,nan,nan,nan,nan,nan,nan,nan,nan,nan,nan,nan,nan,nan,nan,nan,nan,nan,nan,nan,nan,nan,nan,nan,nan,nan,nan,nan,nan,nan,nan,nan,nan,nan,nan,nan,nan,nan,nan,nan,nan,nan,nan,nan,nan,nan,nan,nan,nan,nan,nan
92,17582,0.8144122222222222,-0.7466104960441591,0.38222222222222224,145,0.5862068965517241,0.05517241379310345,0.0,0.0896551724137931,0.0,0.9288888888888889,0.9704142011834319,0.6413793103448275,0.15172413793103448,0.20689655172413793,7.0,0.013793103448275862,0.06537037037037037,100.11057615280131,0.003773605070468938,0.849061140855511,0.9837235788713103,0.020689655172413793,0.8974358974358975,0.12444444444444444,0.24888888888888888,nan,0.4266666666666667,0.6177777777777778,nan,0.5207100591715976,0.6627218934911243,nan,0.042757630720734595,0.042757630720734595,nan,nan,nan,nan,nan,nan,nan,nan,nan,nan,nan,nan,nan,nan,nan,nan,nan,nan,nan,nan,nan,nan,nan,nan,nan,nan,nan,nan,nan,nan,nan,nan,nan,nan,nan,nan,nan,nan,nan,nan,nan,nan,nan,nan,nan,nan,nan,nan,nan,nan,nan,nan,nan,nan,nan,nan,nan,nan,nan,nan,nan,nan,nan,nan,nan,nan,nan
93,17743,0.8127127777777778,-1.447641896247864,0.37333333333333335,161,0.515527950310559,0.043478260869565216,0.0,0.15527950310559005,0.006211180124223602,0.8622222222222222,0.9704142011834319,0.5590062111801242,0.19254658385093168,0.2484472049689441,8.0,0.024844720496894408,0.05835497835497837,100.4918275833127,0.0036708347112411883,0.8259378100292672,0.9653010492034214,0.0,0.8695652173913043,0.13777777777777778,0.24444444444444444,0.3422222222222222,0.5955555555555555,0.7333333333333333,0.8044444444444444,0.7396449704142012,0.834319526627219,0.9230769230769231,0.04884845055639744,0.04884845055639744,nan,nan,nan,nan,nan,nan,nan,nan,nan,nan,nan,nan,nan,nan,nan,nan,nan,nan,nan,nan,nan,nan,nan,nan,nan,nan,nan,nan,nan,nan,nan,nan,nan,nan,nan,nan,nan,nan,nan,nan,nan,nan,nan,nan,nan,nan,nan,nan,nan,nan,nan,nan,nan,nan,nan,nan,nan,nan,nan,nan,nan,nan,nan,nan,nan,nan,nan
94,17948,0.8105488888888889,-1.6179671435356142,0.4088888888888889,205,0.44390243902439025,0.0975609756097561,0.004878048780487805,0.17073170731707318,0.004878048780487805,0.76,0.8284023668639053,0.5463414634146342,0.23902439024390243,0.2146341463414634,21.0,0.11219512195121951,0.04888888888888889,120.50444898605312,0.0033562615143881854,0.7551588407373416,0.9957137577734617,0.00975609756097561,0.7758620689655172,0.1288888888888889,0.25333333333333335,0.3422222222222222,0.52,0.7422222222222222,0.7422222222222222,0.5739644970414202,0.8284023668639053,0.8284023668639053,0.04060006737709045,0.04060006737709045,nan,nan,nan,nan,nan,nan,nan,nan,nan,nan,nan,nan,nan,nan,nan,nan,nan,nan,nan,nan,nan,nan,nan,nan,nan,nan,nan,nan,nan,nan,nan,nan,nan,nan,nan,nan,nan,nan,nan,nan,nan,nan,nan,nan,nan,nan,nan,nan,nan,nan,nan,nan,nan,nan,nan,nan,nan,nan,nan,nan,nan,nan,nan,nan,nan,nan,nan
95,18145,0.8084694444444445,-0.9845079808235168,0.4533333333333333,197,0.5126903553299492,0.04568527918781726,0.015228426395939087,0.18274111675126903,0.0,0.8622222222222222,0.9585798816568047,0.5736040609137056,0.2233502538071066,0.20304568527918782,8.0,0.015228426395939087,0.056944444444444436,120.50007600784271,0.0037252166451718512,0.8381737451636665,0.9716508864713086,0.03553299492385787,0.8541666666666666,0.13777777777777778,0.24888888888888888,0.36444444444444446,0.48444444444444446,0.7333333333333333,0.8577777777777778,0.5976331360946746,0.863905325443787,0.9585798816568047,0.049168117716908454,0.049168117716908454,nan,nan,nan,nan,nan,nan,nan,nan,nan,nan,nan,nan,nan,nan,nan,nan,nan,nan,nan,nan,nan,nan,nan,nan,nan,nan,nan,nan,nan,nan,nan,nan,nan,nan,nan,nan,nan,nan,nan,nan,nan,nan,nan,nan,nan,nan,nan,nan,nan,nan,nan,nan,nan,nan,nan,nan,nan,nan,nan,nan,nan,nan,nan,nan,nan,nan,nan
96,18317,0.8066538888888889,-0.8259651303291318,0.37333333333333335,172,0.48255813953488375,0.08139534883720931,0.0,0.18604651162790697,0.0,0.8,0.8579881656804734,0.563953488372093,0.22093023255813954,0.21511627906976744,23.0,0.11046511627906977,0.053217893217893227,100.1806202888486,0.0036822380199411785,0.828503554486765,0.9717440808873131,0.03488372093023256,0.7619047619047619,0.11555555555555555,0.2311111111111111,0.3466666666666667,0.48,0.6133333333333333,0.7644444444444445,0.591715976331361,0.6863905325443787,0.8579881656804734,0.04528847690671682,0.04528847690671682,nan,nan,nan,nan,nan,nan,nan,nan,nan,nan,nan,nan,nan,nan,nan,nan,nan,nan,nan,nan,nan,nan,nan,nan,nan,nan,nan,nan,nan,nan,nan,nan,nan,nan,nan,nan,nan,nan,nan,nan,nan,nan,nan,nan,nan,nan,nan,nan,nan,nan,nan,nan,nan,nan,nan,nan,nan,nan,nan,nan,nan,nan,nan,nan,nan,nan,nan
97,18458,0.8051655555555556,-3.5991135907173164,0.24444444444444444,141,0.3829787234042553,0.12056737588652482,0.0,0.19148936170212766,0.0070921985815602835,0.5955555555555555,0.6804733727810651,0.5035460992907801,0.2695035460992908,0.22695035460992907,15.0,0.14184397163120568,0.041666666666666664,90.93441514968859,0.0026392647888583455,0.5938345774931277,0.9916909725159306,0.014184397163120567,0.627906976744186,0.14222222222222222,0.2,nan,0.5244444444444445,0.5688888888888889,nan,0.5976331360946746,0.6449704142011834,nan,0.04740153048187494,0.04740153048187494,nan,nan,nan,nan,nan,nan,nan,nan,nan,nan,nan,nan,nan,nan,nan,nan,nan,nan,nan,nan,nan,nan,nan,nan,nan,nan,nan,nan,nan,nan,nan,nan,nan,nan,nan,nan,nan,nan,nan,nan,nan,nan,nan,nan,nan,nan,nan,nan,nan,nan,nan,nan,nan,nan,nan,nan,nan,nan,nan,nan,nan,nan,nan,nan,nan,nan,nan
98,18635,0.8032972222222222,0.257513935804369,0.48,177,0.6045197740112994,0.06779661016949153,0.005649717514124294,0.04519774011299435,0.0,0.96,1.0,0.6779661016949152,0.12994350282485875,0.192090395480226,5.0,0.0,0.07222222222222222,121.00462918281531,0.003930060847813353,0.8842636907580045,0.9846102874685814,0.005649717514124294,0.8571428571428571,0.14222222222222222,0.28888888888888886,0.41333333333333333,0.5333333333333333,0.9155555555555556,0.9466666666666667,0.6035502958579881,0.9881656804733728,0.9881656804733728,0.044079748541116716,0.044079748541116716,nan,nan,nan,nan,nan,nan,nan,nan,nan,nan,nan,nan,nan,nan,nan,nan,nan,nan,nan,nan,nan,nan,nan,nan,nan,nan,nan,nan,nan,nan,nan,nan,nan,nan,nan,nan,nan,nan,nan,nan,nan,nan,nan,nan,nan,nan,nan,nan,nan,nan,nan,nan,nan,nan,nan,nan,nan,nan,nan,nan,nan,nan,nan,nan,nan,nan,nan
99,18826,0.8012811111111111,-1.7220786876678476,0.4266666666666667,191,0.4973821989528796,0.041884816753926704,0.020942408376963352,0.14659685863874344,0.0,0.9688888888888889,1.0,0.5602094240837696,0.19895287958115182,0.24083769633507854,7.0,0.02617801047120419,0.05527777777777779,120.24836845397935,0.003511251151684543,0.7900315091290221,0.9868226579221226,0.020942408376963352,0.8214285714285714,0.13333333333333333,0.2222222222222222,0.3422222222222222,0.44,0.6444444444444445,0.9244444444444444,0.5266272189349113,0.7396449704142012,1.0,0.04737335406243801,0.04737335406243801,nan,nan,nan,nan,nan,nan,nan,nan,nan,nan,nan,nan,nan,nan,nan,nan,nan,nan,nan,nan,nan,nan,nan,nan,nan,nan,nan,nan,nan,nan,nan,nan,nan,nan,nan,nan,nan,nan,nan,nan,nan,nan,nan,nan,nan,nan,nan,nan,nan,nan,nan,nan,nan,nan,nan,nan,nan,nan,nan,nan,nan,nan,nan,nan,nan,nan,nan
100,18948,0.7999933333333333,0.06133587074279867,0.3511111111111111,122,0.639344262295082,0.040983606557377046,0.0,0.09016393442622951,0.00819672131147541,0.7466666666666667,0.7928994082840237,0.680327868852459,0.20491803278688525,0.11475409836065574,6.0,0.00819672131147541,0.07103030303030303,80.63489646911607,0.0042992138868739455,0.9673231245466377,0.983468259533815,0.00819672131147541,0.8571428571428571,0.16444444444444445,0.28888888888888886,nan,0.5955555555555555,0.7466666666666667,nan,0.650887573964497,0.7928994082840237,nan,0.04353449661284685,0.04353449661284685,-19.6001838001728,0.24488888888888893,210.6,0.2,0.8,0.2602328615225714,0.07462979641991627,0.011909966647811115,0.5155906915139202,0.004090601757944557,0.7062222222222221,0.7627218934911243,0.34677262459029884,0.2771354423097436,0.3760919330999576,43.5,0.3666145801295512,0.02903635162281711,110.176988573074,0.0021677835999984007,0.4877513099996403,0.839769852489745,0.3366553697484923,0.6737520492078697,0.09466666666666665,0.1622222222222222,0.22172839506172837,0.43644444444444447,0.6097777777777778,0.6943209876543209,0.48698224852071004,0.670414201183432,0.7429322813938197,-52.39953417031766,0.196,189.5,0.3,0.7,0.2662958160971617,0.037006379539167945,0.023130195295858434,0.5495352769420911,0.00868615814680995,0.6111111111111112,0.655621301775148,0.326432390932188,0.31071989170520936,0.36284771736260263,65.6,0.4225670366485709,0.03070390307491757,94.62413495540589,0.0020969060415606117,0.4718038593511376,0.7587470262820392,0.37808724051663944,0.719333920423808,0.10622222222222222,0.15654320987654324,0.18285714285714286,0.45111111111111113,0.5501234567901235,0.5917460317460318,0.49704142011834324,0.5996055226824457,0.6373626373626374,1.756561662648842
101,19140,0.7979666666666667,-2.2175088059902177,0.38666666666666666,192,0.4479166666666667,0.10416666666666667,0.005208333333333333,0.15104166666666666,0.0,0.88,0.9467455621301775,0.5572916666666666,0.22916666666666666,0.21354166666666666,12.0,0.08854166666666667,0.0503921568627451,120.05246481895416,0.003183793209066009,0.716353472039852,0.9969490289706933,0.015625,0.7321428571428571,0.1288888888888889,0.21333333333333335,0.28444444444444444,0.5288888888888889,0.6444444444444445,0.68,0.6627218934911243,0.7455621301775148,0.7928994082840237,0.08779724016785621,0.08779724016785621,nan,nan,nan,nan,nan,nan,nan,nan,nan,nan,nan,nan,nan,nan,nan,nan,nan,nan,nan,nan,nan,nan,nan,nan,nan,nan,nan,nan,nan,nan,nan,nan,nan,nan,nan,nan,nan,nan,nan,nan,nan,nan,nan,nan,nan,nan,nan,nan,nan,nan,nan,nan,nan,nan,nan,nan,nan,nan,nan,nan,nan,nan,nan,nan,nan,nan,nan
102,19380,0.7954333333333333,-0.8408231914043397,0.5733333333333334,240,0.5333333333333333,0.09166666666666666,0.03333333333333333,0.09166666666666666,0.0,0.9733333333333334,0.9940828402366864,0.6583333333333333,0.17916666666666667,0.1625,14.0,0.07916666666666666,0.05718518518518519,160.00783991813682,0.0035553813436888073,0.7999608023299817,0.973035182632119,0.008333333333333333,0.7288135593220338,0.14666666666666667,0.26666666666666666,0.3688888888888889,0.5688888888888889,0.7733333333333333,0.7911111111111111,0.7159763313609467,0.8994082840236687,0.8994082840236687,0.0806274376809597,0.0806274376809597,nan,nan,nan,nan,nan,nan,nan,nan,nan,nan,nan,nan,nan,nan,nan,nan,nan,nan,nan,nan,nan,nan,nan,nan,nan,nan,nan,nan,nan,nan,nan,nan,nan,nan,nan,nan,nan,nan,nan,nan,nan,nan,nan,nan,nan,nan,nan,nan,nan,nan,nan,nan,nan,nan,nan,nan,nan,nan,nan,nan,nan,nan,nan,nan,nan,nan,nan
103,19564,0.7934911111111111,-2.684999999999999,0.3022222222222222,184,0.3641304347826087,0.125,0.0,0.23369565217391305,0.0,0.5911111111111111,0.6449704142011834,0.4891304347826087,0.20652173913043478,0.30434782608695654,18.0,0.17391304347826086,0.04018518518518519,100.19999999999965,0.002971834109558671,0.668662674650701,0.9865603137907364,0.05434782608695652,0.7058823529411765,0.14222222222222222,0.21777777777777776,0.27555555555555555,0.5066666666666667,0.56,0.5911111111111111,0.6272189349112426,0.6449704142011834,0.6449704142011834,0.07454904876649379,0.07454904876649379,nan,nan,nan,nan,nan,nan,nan,nan,nan,nan,nan,nan,nan,nan,nan,nan,nan,nan,nan,nan,nan,nan,nan,nan,nan,nan,nan,nan,nan,nan,nan,nan,nan,nan,nan,nan,nan,nan,nan,nan,nan,nan,nan,nan,nan,nan,nan,nan,nan,nan,nan,nan,nan,nan,nan,nan,nan,nan,nan,nan,nan,nan,nan,nan,nan,nan,nan
104,19789,0.7911161111111111,-0.8433205308914185,0.5111111111111111,225,0.5066666666666667,0.07111111111111111,0.008888888888888889,0.11555555555555555,0.0,0.9688888888888889,1.0,0.5866666666666667,0.2088888888888889,0.20444444444444446,7.0,0.017777777777777778,0.05629629629629629,140.41257648468013,0.0036084137144363777,0.8118930857481851,0.9878934261419506,0.022222222222222223,0.835820895522388,0.11555555555555555,0.21777777777777776,0.32,0.39111111111111113,0.6177777777777778,0.76,0.4437869822485207,0.6568047337278107,0.8284023668639053,0.06313944421708584,0.06313944421708584,nan,nan,nan,nan,nan,nan,nan,nan,nan,nan,nan,nan,nan,nan,nan,nan,nan,nan,nan,nan,nan,nan,nan,nan,nan,nan,nan,nan,nan,nan,nan,nan,nan,nan,nan,nan,nan,nan,nan,nan,nan,nan,nan,nan,nan,nan,nan,nan,nan,nan,nan,nan,nan,nan,nan,nan,nan,nan,nan,nan,nan,nan,nan,nan,nan,nan,nan
105,19942,0.7895011111111111,-2.1351152846813193,0.32,153,0.46405228758169936,0.0392156862745098,0.013071895424836602,0.20261437908496732,0.006535947712418301,0.8977777777777778,0.9526627218934911,0.5163398692810458,0.17647058823529413,0.30718954248366015,7.0,0.013071895424836602,0.04507936507936507,90.06776461601234,0.00350353488732478,0.7882953496480753,0.9760692127391456,0.0196078431372549,0.8809523809523809,0.12444444444444444,0.2311111111111111,0.32,0.5111111111111111,0.7422222222222222,0.8977777777777778,0.6035502958579881,0.834319526627219,0.9526627218934911,0.062026117369532584,0.062026117369532584,nan,nan,nan,nan,nan,nan,nan,nan,nan,nan,nan,nan,nan,nan,nan,nan,nan,nan,nan,nan,nan,nan,nan,nan,nan,nan,nan,nan,nan,nan,nan,nan,nan,nan,nan,nan,nan,nan,nan,nan,nan,nan,nan,nan,nan,nan,nan,nan,nan,nan,nan,nan,nan,nan,nan,nan,nan,nan,nan,nan,nan,nan,nan,nan,nan,nan,nan
106,20110,0.7877277777777778,-1.204841688632966,0.37777777777777777,168,0.5,0.017857142857142856,0.0,0.17857142857142858,0.0,0.9111111111111111,0.9526627218934911,0.5178571428571429,0.3273809523809524,0.15476190476190477,5.0,0.0,0.05555555555555556,100.06515893936132,0.0037309023169549986,0.8394530213148746,0.9947697639497599,0.02976190476190476,0.94,0.12444444444444444,0.2311111111111111,0.3377777777777778,0.4711111111111111,0.6577777777777778,0.8222222222222222,0.5207100591715976,0.7041420118343196,0.8875739644970414,0.056957083940505984,0.056957083940505984,nan,nan,nan,nan,nan,nan,nan,nan,nan,nan,nan,nan,nan,nan,nan,nan,nan,nan,nan,nan,nan,nan,nan,nan,nan,nan,nan,nan,nan,nan,nan,nan,nan,nan,nan,nan,nan,nan,nan,nan,nan,nan,nan,nan,nan,nan,nan,nan,nan,nan,nan,nan,nan,nan,nan,nan,nan,nan,nan,nan,nan,nan,nan,nan,nan,nan,nan
107,20266,0.7860811111111111,-1.7595984170436865,0.3377777777777778,156,0.4807692307692308,0.08333333333333333,0.0,0.14743589743589744,0.0,0.7688888888888888,0.8165680473372781,0.5641025641025641,0.21153846153846154,0.22435897435897437,9.0,0.03205128205128205,0.047619047619047616,100.12950873374929,0.0033290219591478056,0.7490299408082561,0.9897806243201013,0.019230769230769232,0.8222222222222222,0.14222222222222222,0.22666666666666666,0.3377777777777778,0.4577777777777778,0.5688888888888889,0.7688888888888888,0.514792899408284,0.6331360946745562,0.8165680473372781,0.0661543220281601,0.0661543220281601,nan,nan,nan,nan,nan,nan,nan,nan,nan,nan,nan,nan,nan,nan,nan,nan,nan,nan,nan,nan,nan,nan,nan,nan,nan,nan,nan,nan,nan,nan,nan,nan,nan,nan,nan,nan,nan,nan,nan,nan,nan,nan,nan,nan,nan,nan,nan,nan,nan,nan,nan,nan,nan,nan,nan,nan,nan,nan,nan,nan,nan,nan,nan,nan,nan,nan,nan
108,20448,0.78416,-2.6051775262355794,0.38222222222222224,182,0.46703296703296704,0.09340659340659341,0.005494505494505495,0.16483516483516483,0.0,0.9155555555555556,0.9467455621301775,0.5659340659340659,0.21978021978021978,0.21428571428571427,9.0,0.02197802197802198,0.050079365079365085,120.12550024986244,0.003144859143079493,0.7075933071928858,0.9912405351315156,0.027472527472527472,0.7916666666666666,0.09777777777777778,0.22666666666666666,0.3111111111111111,0.4444444444444444,0.7555555555555555,0.7555555555555555,0.4970414201183432,0.8047337278106509,0.8047337278106509,0.05804810896515846,0.05804810896515846,nan,nan,nan,nan,nan,nan,nan,nan,nan,nan,nan,nan,nan,nan,nan,nan,nan,nan,nan,nan,nan,nan,nan,nan,nan,nan,nan,nan,nan,nan,nan,nan,nan,nan,nan,nan,nan,nan,nan,nan,nan,nan,nan,nan,nan,nan,nan,nan,nan,nan,nan,nan,nan,nan,nan,nan,nan,nan,nan,nan,nan,nan,nan,nan,nan,nan,nan
109,20648,0.7820488888888889,-0.38168984770774395,0.4622222222222222,200,0.515,0.055,0.01,0.14,0.0,0.8933333333333333,0.9526627218934911,0.58,0.175,0.245,6.0,0.01,0.057222222222222216,120.06371283531153,0.0038127904507309416,0.8578778514144618,0.9806574138395137,0.02,0.8571428571428571,0.14222222222222222,0.24,0.3422222222222222,0.5911111111111111,0.7466666666666667,0.88,0.650887573964497,0.7928994082840237,0.9526627218934911,0.055247680842876436,0.055247680842876436,nan,nan,nan,nan,nan,nan,nan,nan,nan,nan,nan,nan,nan,nan,nan,nan,nan,nan,nan,nan,nan,nan,nan,nan,nan,nan,nan,nan,nan,nan,nan,nan,nan,nan,nan,nan,nan,nan,nan,nan,nan,nan,nan,nan,nan,nan,nan,nan,nan,nan,nan,nan,nan,nan,nan,nan,nan,nan,nan,nan,nan,nan,nan,nan,nan,nan,nan
110,20808,0.78036,-1.1546584692001318,0.38222222222222224,160,0.53125,0.03125,0.025,0.13125,0.0,0.88,0.9644970414201184,0.5875,0.18125,0.23125,8.0,0.025,0.060634920634920646,100.61579494476305,0.0037546567910651963,0.844797777989669,0.9842695478945341,0.0125,0.8666666666666667,0.1511111111111111,0.25333333333333335,0.3511111111111111,0.6177777777777778,0.8044444444444444,0.8622222222222222,0.7633136094674556,0.9467455621301775,0.9644970414201184,0.0628744624555111,0.0628744624555111,nan,nan,nan,nan,nan,nan,nan,nan,nan,nan,nan,nan,nan,nan,nan,nan,nan,nan,nan,nan,nan,nan,nan,nan,nan,nan,nan,nan,nan,nan,nan,nan,nan,nan,nan,nan,nan,nan,nan,nan,nan,nan,nan,nan,nan,nan,nan,nan,nan,nan,nan,nan,nan,nan,nan,nan,nan,nan,nan,nan,nan,nan,nan,nan,nan,nan,nan
111,20986,0.7784811111111112,-3.383319385051733,0.3688888888888889,178,0.4606741573033708,0.06741573033707865,0.0,0.19101123595505617,0.0,0.8222222222222222,0.8875739644970414,0.5280898876404494,0.20786516853932585,0.2640449438202247,10.0,0.056179775280898875,0.05777777777777775,120.09827985763536,0.003034551742759824,0.6827741421209604,0.9861072906600871,0.02247191011235955,0.8,0.10666666666666667,0.19111111111111112,0.29777777777777775,0.4222222222222222,0.5244444444444445,0.72,0.46745562130177515,0.5443786982248521,0.7810650887573964,0.05524137765169144,0.05524137765169144,nan,nan,nan,nan,nan,nan,nan,nan,nan,nan,nan,nan,nan,nan,nan,nan,nan,nan,nan,nan,nan,nan,nan,nan,nan,nan,nan,nan,nan,nan,nan,nan,nan,nan,nan,nan,nan,nan,nan,nan,nan,nan,nan,nan,nan,nan,nan,nan,nan,nan,nan,nan,nan,nan,nan,nan,nan,nan,nan,nan,nan,nan,nan,nan,nan,nan,nan
112,21208,0.7761377777777778,-1.3181227374076816,0.52,222,0.5225225225225225,0.04954954954954955,0.02702702702702703,0.13063063063063063,0.0,0.9866666666666667,1.0,0.5990990990990991,0.17567567567567569,0.22522522522522523,9.0,0.03153153153153153,0.057890011223344556,140.24878797531122,0.003676007208321199,0.8271016218722698,0.9755911271901289,0.036036036036036036,0.8166666666666667,0.14222222222222222,0.24888888888888888,0.38222222222222224,0.5422222222222223,0.84,0.8844444444444445,0.6804733727810651,0.9526627218934911,0.9526627218934911,0.05902719795703888,0.05902719795703888,nan,nan,nan,nan,nan,nan,nan,nan,nan,nan,nan,nan,nan,nan,nan,nan,nan,nan,nan,nan,nan,nan,nan,nan,nan,nan,nan,nan,nan,nan,nan,nan,nan,nan,nan,nan,nan,nan,nan,nan,nan,nan,nan,nan,nan,nan,nan,nan,nan,nan,nan,nan,nan,nan,nan,nan,nan,nan,nan,nan,nan,nan,nan,nan,nan,nan,nan
113,21360,0.7745333333333333,-2.1237712907791133,0.3377777777777778,152,0.4934210526315789,0.07894736842105263,0.006578947368421052,0.1513157894736842,0.0,0.7377777777777778,0.8047337278106509,0.5789473684210527,0.23684210526315788,0.18421052631578946,9.0,0.046052631578947366,0.05492063492063497,100.44544086456287,0.00331855115039804,0.7466740088395588,0.993365551523439,0.006578947368421052,0.7560975609756098,0.14666666666666667,0.2577777777777778,0.3333333333333333,0.5155555555555555,0.6888888888888889,0.7333333333333333,0.6331360946745562,0.7751479289940828,0.7988165680473372,0.057403122633695604,0.057403122633695604,nan,nan,nan,nan,nan,nan,nan,nan,nan,nan,nan,nan,nan,nan,nan,nan,nan,nan,nan,nan,nan,nan,nan,nan,nan,nan,nan,nan,nan,nan,nan,nan,nan,nan,nan,nan,nan,nan,nan,nan,nan,nan,nan,nan,nan,nan,nan,nan,nan,nan,nan,nan,nan,nan,nan,nan,nan,nan,nan,nan,nan,nan,nan,nan,nan,nan,nan
114,21540,0.7726333333333333,-1.981752649784088,0.39555555555555555,180,0.4888888888888889,0.09444444444444444,0.005555555555555556,0.13333333333333333,0.0,0.8933333333333333,0.9289940828402367,0.5888888888888889,0.18888888888888888,0.2222222222222222,15.0,0.06111111111111111,0.05555555555555554,120.15954904556267,0.0032549315823647753,0.7323596060320744,0.9852612539862586,0.011111111111111112,0.78,0.1288888888888889,0.24888888888888888,0.31555555555555553,0.4666666666666667,0.7644444444444445,0.8044444444444444,0.5266272189349113,0.8461538461538461,0.8698224852071006,0.055997561663389206,0.055997561663389206,nan,nan,nan,nan,nan,nan,nan,nan,nan,nan,nan,nan,nan,nan,nan,nan,nan,nan,nan,nan,nan,nan,nan,nan,nan,nan,nan,nan,nan,nan,nan,nan,nan,nan,nan,nan,nan,nan,nan,nan,nan,nan,nan,nan,nan,nan,nan,nan,nan,nan,nan,nan,nan,nan,nan,nan,nan,nan,nan,nan,nan,nan,nan,nan,nan,nan,nan
115,21749,0.7704272222222222,-3.8303720240592964,0.39555555555555555,209,0.42105263157894735,0.07177033492822966,0.019138755980861243,0.20095693779904306,0.0,0.88,0.9585798816568047,0.5119617224880383,0.27751196172248804,0.21052631578947367,10.0,0.07177033492822966,0.04433470507544582,130.67973356246935,0.0029928979838648563,0.6734020463695927,0.9985985970391701,0.028708133971291867,0.7666666666666667,0.10222222222222223,0.17777777777777778,0.29777777777777775,0.40444444444444444,0.5377777777777778,0.7466666666666667,0.5384615384615384,0.6745562130177515,0.834319526627219,0.0609348613768816,0.0609348613768816,nan,nan,nan,nan,nan,nan,nan,nan,nan,nan,nan,nan,nan,nan,nan,nan,nan,nan,nan,nan,nan,nan,nan,nan,nan,nan,nan,nan,nan,nan,nan,nan,nan,nan,nan,nan,nan,nan,nan,nan,nan,nan,nan,nan,nan,nan,nan,nan,nan,nan,nan,nan,nan,nan,nan,nan,nan,nan,nan,nan,nan,nan,nan,nan,nan,nan,nan
116,21939,0.7684216666666667,-2.3377747664451594,0.38222222222222224,190,0.4473684210526316,0.11578947368421053,0.0,0.1631578947368421,0.0,0.7911111111111111,0.8579881656804734,0.5631578947368421,0.18421052631578946,0.25263157894736843,11.0,0.05263157894736842,0.049444444444444444,120.69309301376317,0.00313006957021723,0.7042656532988766,0.9931508979618383,0.031578947368421054,0.7884615384615384,0.12,0.2311111111111111,0.3244444444444444,0.4533333333333333,0.6933333333333334,0.76,0.4911242603550296,0.8106508875739645,0.8461538461538461,0.0592583667486906,0.0592583667486906,nan,nan,nan,nan,nan,nan,nan,nan,nan,nan,nan,nan,nan,nan,nan,nan,nan,nan,nan,nan,nan,nan,nan,nan,nan,nan,nan,nan,nan,nan,nan,nan,nan,nan,nan,nan,nan,nan,nan,nan,nan,nan,nan,nan,nan,nan,nan,nan,nan,nan,nan,nan,nan,nan,nan,nan,nan,nan,nan,nan,nan,nan,nan,nan,nan,nan,nan
117,22103,0.7666905555555555,-0.9183199524879433,0.39555555555555555,164,0.5365853658536586,0.024390243902439025,0.018292682926829267,0.1524390243902439,0.0,0.8755555555555555,0.9408284023668639,0.5792682926829268,0.2073170731707317,0.21341463414634146,6.0,0.012195121951219513,0.05736961451247165,100.23161859512304,0.0039020731840216077,0.8779664664048616,0.9854444157019658,0.06707317073170732,0.9090909090909091,0.13777777777777778,0.28,0.38222222222222224,0.5644444444444444,0.8044444444444444,0.8755555555555555,0.6331360946745562,0.9289940828402367,0.9408284023668639,0.06514715775847435,0.06514715775847435,nan,nan,nan,nan,nan,nan,nan,nan,nan,nan,nan,nan,nan,nan,nan,nan,nan,nan,nan,nan,nan,nan,nan,nan,nan,nan,nan,nan,nan,nan,nan,nan,nan,nan,nan,nan,nan,nan,nan,nan,nan,nan,nan,nan,nan,nan,nan,nan,nan,nan,nan,nan,nan,nan,nan,nan,nan,nan,nan,nan,nan,nan,nan,nan,nan,nan,nan
118,22261,0.7650227777777778,-1.5712403655052165,0.3466666666666667,158,0.4873417721518987,0.08227848101265822,0.006329113924050633,0.13291139240506328,0.0,0.72,0.7514792899408284,0.5759493670886076,0.25949367088607594,0.16455696202531644,8.0,0.05063291139240506,0.05563492063492064,100.07847967147809,0.0034195385795789024,0.7693961804052529,0.9872349852096548,0.006329113924050633,0.7608695652173914,0.15555555555555556,0.2577777777777778,0.3244444444444444,0.5555555555555556,0.6133333333333333,0.6844444444444444,0.650887573964497,0.6804733727810651,0.727810650887574,0.0690218225121498,0.0690218225121498,nan,nan,nan,nan,nan,nan,nan,nan,nan,nan,nan,nan,nan,nan,nan,nan,nan,nan,nan,nan,nan,nan,nan,nan,nan,nan,nan,nan,nan,nan,nan,nan,nan,nan,nan,nan,nan,nan,nan,nan,nan,nan,nan,nan,nan,nan,nan,nan,nan,nan,nan,nan,nan,nan,nan,nan,nan,nan,nan,nan,nan,nan,nan,nan,nan,nan,nan
119,22454,0.7629855555555556,-1.663274356365203,0.41333333333333333,193,0.47668393782383417,0.06735751295336788,0.0051813471502590676,0.13989637305699482,0.0,0.9066666666666666,0.9526627218934911,0.5492227979274611,0.18134715025906736,0.2694300518134715,12.0,0.03626943005181347,0.0532716049382716,120.7168986320494,0.0033871719164621753,0.7621136812039894,0.9984824185553708,0.010362694300518135,0.8833333333333333,0.12444444444444444,0.2311111111111111,0.3111111111111111,0.47555555555555556,0.6,0.7955555555555556,0.5976331360946746,0.6568047337278107,0.8402366863905325,0.07671296000480651,0.07671296000480651,nan,nan,nan,nan,nan,nan,nan,nan,nan,nan,nan,nan,nan,nan,nan,nan,nan,nan,nan,nan,nan,nan,nan,nan,nan,nan,nan,nan,nan,nan,nan,nan,nan,nan,nan,nan,nan,nan,nan,nan,nan,nan,nan,nan,nan,nan,nan,nan,nan,nan,nan,nan,nan,nan,nan,nan,nan,nan,nan,nan,nan,nan,nan,nan,nan,nan,nan
120,22653,0.760885,-1.3969813857078546,0.4311111111111111,199,0.4824120603015075,0.08542713567839195,0.005025125628140704,0.1708542713567839,0.005025125628140704,0.9733333333333334,0.9644970414201184,0.5728643216080402,0.22110552763819097,0.20603015075376885,25.0,0.11557788944723618,0.05372685185185185,120.64744176864589,0.0035364750417571614,0.7957068843953613,0.9663957190945281,0.010050251256281407,0.7843137254901961,0.14222222222222222,0.25333333333333335,0.28888888888888886,0.5244444444444445,0.6622222222222223,0.6622222222222223,0.5976331360946746,0.6923076923076923,0.6923076923076923,0.06454137973487377,0.06454137973487377,-7.493617113280297,0.2884444444444444,162.5,0.0,1.0,0.40433926740219883,0.06559840169754079,0.008241788977384725,0.3453711532728988,0.012516918509098904,0.7342222222222223,0.7869822485207101,0.4781794580771243,0.16274655588673878,0.35907398603613694,24.1,0.18331155816697914,0.04225388462852231,93.64873441219311,0.0030750615828977787,0.6918888561520001,0.9168126574567899,0.1823931980446397,0.7579019572660479,0.13822222222222225,0.2327777777777778,0.2773333333333333,0.5426666666666666,0.6861111111111111,0.72,0.5988165680473373,0.7374260355029586,0.7597633136094675,-18.575153243708606,0.25066666666666665,205.6,0.3,0.7,0.2876600844060918,0.08158754220574879,0.01894786714145514,0.4531017165977899,0.0040664590172622165,0.7066666666666667,0.7591715976331361,0.38819549375329576,0.2080367409949096,0.4037677652517947,49.7,0.3870780576783101,0.031940184506851176,107.70050708293886,0.0023379215697827624,0.5260323532011216,0.8169084020642478,0.27008116096537566,0.5960283271945677,0.12266666666666666,0.17911111111111108,0.21185185185185185,0.4773333333333333,0.591111111111111,0.6335802469135802,0.5272189349112426,0.6502958579881656,0.6877054569362261,1.9324297830374753
121,22903,0.7582461111111111,-1.4619043803215028,0.47555555555555556,250,0.424,0.084,0.008,0.184,0.0,0.9511111111111111,0.9763313609467456,0.516,0.204,0.28,13.0,0.048,0.04711111111111112,155.39908933639535,0.0030316207972833614,0.6821146793887563,0.9941421356237311,0.024,0.7837837837837838,0.12,0.21333333333333335,0.29777777777777775,0.5022222222222222,0.6355555555555555,0.7511111111111111,0.5739644970414202,0.6923076923076923,0.8461538461538461,0.06131470948457718,0.06131470948457718,nan,nan,nan,nan,nan,nan,nan,nan,nan,nan,nan,nan,nan,nan,nan,nan,nan,nan,nan,nan,nan,nan,nan,nan,nan,nan,nan,nan,nan,nan,nan,nan,nan,nan,nan,nan,nan,nan,nan,nan,nan,nan,nan,nan,nan,nan,nan,nan,nan,nan,nan,nan,nan,nan,nan,nan,nan,nan,nan,nan,nan,nan,nan,nan,nan,nan,nan
122,23095,0.7562194444444444,-1.9009657099246948,0.4088888888888889,192,0.4739583333333333,0.09375,0.0,0.16666666666666666,0.005208333333333333,0.7733333333333333,0.8461538461538461,0.5677083333333334,0.21875,0.21354166666666666,14.0,0.078125,0.05238562091503268,120.37110199928254,0.0033599795775472348,0.7559954049481278,0.9916967572600824,0.03125,0.7254901960784313,0.16,0.2577777777777778,0.3333333333333333,0.6488888888888888,0.72,0.7466666666666667,0.7337278106508875,0.8284023668639053,0.8461538461538461,0.06291754581034184,0.06291754581034184,nan,nan,nan,nan,nan,nan,nan,nan,nan,nan,nan,nan,nan,nan,nan,nan,nan,nan,nan,nan,nan,nan,nan,nan,nan,nan,nan,nan,nan,nan,nan,nan,nan,nan,nan,nan,nan,nan,nan,nan,nan,nan,nan,nan,nan,nan,nan,nan,nan,nan,nan,nan,nan,nan,nan,nan,nan,nan,nan,nan,nan,nan,nan,nan,nan,nan,nan
123,23250,0.7545833333333334,-1.7621135120391833,0.35555555555555557,155,0.5096774193548387,0.04516129032258064,0.01935483870967742,0.14838709677419354,0.0,0.8888888888888888,0.9408284023668639,0.5741935483870968,0.2,0.22580645161290322,8.0,0.03225806451612903,0.057777777777777796,100.3058429718015,0.0035004053673106297,0.7875912076448915,0.9801957500556479,0.0064516129032258064,0.8604651162790697,0.11555555555555555,0.23555555555555555,0.3422222222222222,0.5022222222222222,0.7644444444444445,0.8888888888888888,0.6153846153846154,0.893491124260355,0.9408284023668639,0.0578571368008852,0.0578571368008852,nan,nan,nan,nan,nan,nan,nan,nan,nan,nan,nan,nan,nan,nan,nan,nan,nan,nan,nan,nan,nan,nan,nan,nan,nan,nan,nan,nan,nan,nan,nan,nan,nan,nan,nan,nan,nan,nan,nan,nan,nan,nan,nan,nan,nan,nan,nan,nan,nan,nan,nan,nan,nan,nan,nan,nan,nan,nan,nan,nan,nan,nan,nan,nan,nan,nan,nan
124,23443,0.7525461111111111,-2.911801018714905,0.39555555555555555,193,0.45595854922279794,0.05181347150259067,0.025906735751295335,0.18652849740932642,0.0,0.9644444444444444,1.0,0.533678756476684,0.2694300518134715,0.19689119170984457,14.0,0.05699481865284974,0.04932098765432098,120.22667636871309,0.0032531142249299593,0.7319507006092408,0.9869592106897692,0.03626943005181347,0.7735849056603774,0.13777777777777778,0.23555555555555555,0.3333333333333333,0.6088888888888889,0.8133333333333334,0.9111111111111111,0.7100591715976331,0.8994082840236687,1.0,0.07344685681164265,0.07344685681164265,nan,nan,nan,nan,nan,nan,nan,nan,nan,nan,nan,nan,nan,nan,nan,nan,nan,nan,nan,nan,nan,nan,nan,nan,nan,nan,nan,nan,nan,nan,nan,nan,nan,nan,nan,nan,nan,nan,nan,nan,nan,nan,nan,nan,nan,nan,nan,nan,nan,nan,nan,nan,nan,nan,nan,nan,nan,nan,nan,nan,nan,nan,nan,nan,nan,nan,nan
125,23601,0.7508783333333333,-1.4652019097805027,0.36444444444444446,158,0.5126582278481012,0.04430379746835443,0.0189873417721519,0.13291139240506328,0.0,0.96,0.9881656804733728,0.5759493670886076,0.189873417721519,0.23417721518987342,6.0,0.012658227848101266,0.05817460317460318,100.4495419979093,0.00358388891417238,0.8063750056887855,0.9395916614550817,0.0189873417721519,0.8,0.13777777777777778,0.23555555555555555,0.3422222222222222,0.5066666666666667,0.7288888888888889,0.9377777777777778,0.5384615384615384,0.7810650887573964,0.9585798816568047,0.05419608317315579,0.05419608317315579,nan,nan,nan,nan,nan,nan,nan,nan,nan,nan,nan,nan,nan,nan,nan,nan,nan,nan,nan,nan,nan,nan,nan,nan,nan,nan,nan,nan,nan,nan,nan,nan,nan,nan,nan,nan,nan,nan,nan,nan,nan,nan,nan,nan,nan,nan,nan,nan,nan,nan,nan,nan,nan,nan,nan,nan,nan,nan,nan,nan,nan,nan,nan,nan,nan,nan,nan
126,23832,0.74844,-2.636835685253142,0.4666666666666667,231,0.45021645021645024,0.05194805194805195,0.017316017316017316,0.18181818181818182,0.0,0.9866666666666667,1.0,0.5194805194805194,0.2727272727272727,0.2077922077922078,17.0,0.06926406926406926,0.04903703703703703,140.10319700241044,0.0032991554233717437,0.7423099702586423,0.9778375276563809,0.017316017316017316,0.8382352941176471,0.12,0.2311111111111111,0.29777777777777775,0.4888888888888889,0.8133333333333334,0.9022222222222223,0.5621301775147929,0.9289940828402367,1.0,0.057950825244188306,0.057950825244188306,nan,nan,nan,nan,nan,nan,nan,nan,nan,nan,nan,nan,nan,nan,nan,nan,nan,nan,nan,nan,nan,nan,nan,nan,nan,nan,nan,nan,nan,nan,nan,nan,nan,nan,nan,nan,nan,nan,nan,nan,nan,nan,nan,nan,nan,nan,nan,nan,nan,nan,nan,nan,nan,nan,nan,nan,nan,nan,nan,nan,nan,nan,nan,nan,nan,nan,nan
127,24033,0.7463183333333334,-2.4899098803997037,0.48444444444444446,201,0.5373134328358209,0.03980099502487562,0.04975124378109453,0.11442786069651742,0.0,0.9733333333333334,0.9940828402366864,0.6268656716417911,0.14427860696517414,0.22885572139303484,11.0,0.03980099502487562,0.05333333333333334,140.1800940990447,0.003424166627116504,0.7704374911012133,0.9663775922711296,0.01990049751243781,0.803921568627451,0.13777777777777778,0.27111111111111114,0.39555555555555555,0.5777777777777777,0.88,0.9422222222222222,0.6272189349112426,0.9585798816568047,0.9940828402366864,0.06296968497335911,0.06296968497335911,nan,nan,nan,nan,nan,nan,nan,nan,nan,nan,nan,nan,nan,nan,nan,nan,nan,nan,nan,nan,nan,nan,nan,nan,nan,nan,nan,nan,nan,nan,nan,nan,nan,nan,nan,nan,nan,nan,nan,nan,nan,nan,nan,nan,nan,nan,nan,nan,nan,nan,nan,nan,nan,nan,nan,nan,nan,nan,nan,nan,nan,nan,nan,nan,nan,nan,nan
128,24236,0.7441755555555556,-1.0631737127304062,0.43555555555555553,203,0.47783251231527096,0.07881773399014778,0.009852216748768473,0.15270935960591134,0.0,0.9333333333333333,0.9763313609467456,0.5665024630541872,0.21182266009852216,0.22167487684729065,10.0,0.04926108374384237,0.05514403292181066,120.85879726409874,0.0035670643831499822,0.8025894862087459,0.9780576173905213,0.009852216748768473,0.8070175438596491,0.14222222222222222,0.20444444444444446,0.31555555555555553,0.5244444444444445,0.5422222222222223,0.72,0.591715976331361,0.5976331360946746,0.7928994082840237,0.0576312929391861,0.0576312929391861,nan,nan,nan,nan,nan,nan,nan,nan,nan,nan,nan,nan,nan,nan,nan,nan,nan,nan,nan,nan,nan,nan,nan,nan,nan,nan,nan,nan,nan,nan,nan,nan,nan,nan,nan,nan,nan,nan,nan,nan,nan,nan,nan,nan,nan,nan,nan,nan,nan,nan,nan,nan,nan,nan,nan,nan,nan,nan,nan,nan,nan,nan,nan,nan,nan,nan,nan
129,24390,0.74255,-1.3498907413482668,0.38222222222222224,154,0.551948051948052,0.045454545454545456,0.025974025974025976,0.09090909090909091,0.006493506493506494,0.84,0.8698224852071006,0.6233766233766234,0.18181818181818182,0.19480519480519481,8.0,0.01948051948051948,0.063968253968254,102.67514991760238,0.0036793496584221932,0.8278536731449934,0.988588575890385,0.0,0.8636363636363636,0.13777777777777778,0.2577777777777778,0.3688888888888889,0.5155555555555555,0.7866666666666666,0.84,0.5798816568047337,0.8461538461538461,0.8698224852071006,0.06316811107099056,0.06316811107099056,nan,nan,nan,nan,nan,nan,nan,nan,nan,nan,nan,nan,nan,nan,nan,nan,nan,nan,nan,nan,nan,nan,nan,nan,nan,nan,nan,nan,nan,nan,nan,nan,nan,nan,nan,nan,nan,nan,nan,nan,nan,nan,nan,nan,nan,nan,nan,nan,nan,nan,nan,nan,nan,nan,nan,nan,nan,nan,nan,nan,nan,nan,nan,nan,nan,nan,nan
130,24602,0.7403122222222223,-4.708135392427445,0.37333333333333335,212,0.3915094339622642,0.04716981132075472,0.009433962264150943,0.25471698113207547,0.0,0.9066666666666666,0.9467455621301775,0.4481132075471698,0.29245283018867924,0.25943396226415094,7.0,0.03773584905660377,0.04312757201646091,130.39176564216584,0.002829081169904784,0.6365432632285764,0.9889474257051529,0.0660377358490566,0.8412698412698413,0.09333333333333334,0.19555555555555557,0.26222222222222225,0.37777777777777777,0.6133333333333333,0.7422222222222222,0.4437869822485207,0.6804733727810651,0.7928994082840237,0.06365955360233784,0.06365955360233784,nan,nan,nan,nan,nan,nan,nan,nan,nan,nan,nan,nan,nan,nan,nan,nan,nan,nan,nan,nan,nan,nan,nan,nan,nan,nan,nan,nan,nan,nan,nan,nan,nan,nan,nan,nan,nan,nan,nan,nan,nan,nan,nan,nan,nan,nan,nan,nan,nan,nan,nan,nan,nan,nan,nan,nan,nan,nan,nan,nan,nan,nan,nan,nan,nan,nan,nan
131,24816,0.7380533333333333,-1.1141066331863405,0.5022222222222222,214,0.5233644859813084,0.07009345794392523,0.004672897196261682,0.11682242990654206,0.0,0.9555555555555556,0.9763313609467456,0.5981308411214953,0.18691588785046728,0.21495327102803738,9.0,0.018691588785046728,0.05647266313932981,140.42958698272707,0.00354467878509822,0.7975527266470994,0.9883931200759454,0.009345794392523364,0.8032786885245902,0.13777777777777778,0.25333333333333335,0.3466666666666667,0.5155555555555555,0.7377777777777778,0.8888888888888888,0.6390532544378699,0.8402366863905325,0.9467455621301775,0.06142156571149826,0.06142156571149826,nan,nan,nan,nan,nan,nan,nan,nan,nan,nan,nan,nan,nan,nan,nan,nan,nan,nan,nan,nan,nan,nan,nan,nan,nan,nan,nan,nan,nan,nan,nan,nan,nan,nan,nan,nan,nan,nan,nan,nan,nan,nan,nan,nan,nan,nan,nan,nan,nan,nan,nan,nan,nan,nan,nan,nan,nan,nan,nan,nan,nan,nan,nan,nan,nan,nan,nan
132,25014,0.7359633333333333,-1.0412393860816953,0.4444444444444444,198,0.5,0.045454545454545456,0.005050505050505051,0.16161616161616163,0.0,0.9288888888888889,0.9704142011834319,0.5505050505050505,0.22727272727272727,0.2222222222222222,8.0,0.015151515151515152,0.05557971014492753,120.17370843887302,0.0036613665810588535,0.8238074807382421,0.9819714204981081,0.025252525252525252,0.875,0.13333333333333333,0.24444444444444444,0.3466666666666667,0.4666666666666667,0.7288888888888889,0.8133333333333334,0.47928994082840237,0.8284023668639053,0.8875739644970414,0.06452139019966126,0.06452139019966126,nan,nan,nan,nan,nan,nan,nan,nan,nan,nan,nan,nan,nan,nan,nan,nan,nan,nan,nan,nan,nan,nan,nan,nan,nan,nan,nan,nan,nan,nan,nan,nan,nan,nan,nan,nan,nan,nan,nan,nan,nan,nan,nan,nan,nan,nan,nan,nan,nan,nan,nan,nan,nan,nan,nan,nan,nan,nan,nan,nan,nan,nan,nan,nan,nan,nan,nan
133,25199,0.7340105555555556,-1.9715631628036503,0.40444444444444444,185,0.4864864864864865,0.10270270270270271,0.016216216216216217,0.15135135135135136,0.0,0.96,1.0,0.6054054054054054,0.1837837837837838,0.21081081081081082,19.0,0.10270270270270271,0.051666666666666666,120.15774440765358,0.003328957296692743,0.7490153917558672,0.977547624508624,0.021621621621621623,0.7333333333333333,0.11555555555555555,0.25333333333333335,0.36,0.5111111111111111,0.9333333333333333,0.9422222222222222,0.5739644970414202,0.9763313609467456,0.9763313609467456,0.06524618193507195,0.06524618193507195,nan,nan,nan,nan,nan,nan,nan,nan,nan,nan,nan,nan,nan,nan,nan,nan,nan,nan,nan,nan,nan,nan,nan,nan,nan,nan,nan,nan,nan,nan,nan,nan,nan,nan,nan,nan,nan,nan,nan,nan,nan,nan,nan,nan,nan,nan,nan,nan,nan,nan,nan,nan,nan,nan,nan,nan,nan,nan,nan,nan,nan,nan,nan,nan,nan,nan,nan
134,25370,0.7322055555555556,-1.8828004393577578,0.3511111111111111,171,0.45614035087719296,0.06432748538011696,0.0,0.22807017543859648,0.0,0.9422222222222222,0.9763313609467456,0.52046783625731,0.23976608187134502,0.23976608187134502,9.0,0.05263157894736842,0.0509750566893424,100.39809942245462,0.0034529206096617867,0.7769071371739019,0.9818557966403425,0.04678362573099415,0.813953488372093,0.11555555555555555,0.20444444444444446,0.29777777777777775,0.38222222222222224,0.5333333333333333,0.8222222222222222,0.4556213017751479,0.5798816568047337,0.8698224852071006,0.0671547543257475,0.0671547543257475,nan,nan,nan,nan,nan,nan,nan,nan,nan,nan,nan,nan,nan,nan,nan,nan,nan,nan,nan,nan,nan,nan,nan,nan,nan,nan,nan,nan,nan,nan,nan,nan,nan,nan,nan,nan,nan,nan,nan,nan,nan,nan,nan,nan,nan,nan,nan,nan,nan,nan,nan,nan,nan,nan,nan,nan,nan,nan,nan,nan,nan,nan,nan,nan,nan,nan,nan
135,25599,0.7297883333333334,-0.5062347826957693,0.52,229,0.5065502183406113,0.08296943231441048,0.013100436681222707,0.14410480349344978,0.0,0.9288888888888889,0.9585798816568047,0.6026200873362445,0.24017467248908297,0.1572052401746725,11.0,0.043668122270742356,0.053888888888888896,140.11652173995952,0.0036794772604501883,0.8278823836012924,0.9857388843610568,0.013100436681222707,0.7894736842105263,0.16,0.3022222222222222,0.39555555555555555,0.6933333333333334,0.8311111111111111,0.8711111111111111,0.7692307692307693,0.9112426035502958,0.9230769230769231,0.07441225685179234,0.07441225685179234,nan,nan,nan,nan,nan,nan,nan,nan,nan,nan,nan,nan,nan,nan,nan,nan,nan,nan,nan,nan,nan,nan,nan,nan,nan,nan,nan,nan,nan,nan,nan,nan,nan,nan,nan,nan,nan,nan,nan,nan,nan,nan,nan,nan,nan,nan,nan,nan,nan,nan,nan,nan,nan,nan,nan,nan,nan,nan,nan,nan,nan,nan,nan,nan,nan,nan,nan
136,25824,0.7274133333333334,-3.7508427395820703,0.40444444444444444,225,0.4,0.10666666666666667,0.0,0.18666666666666668,0.0044444444444444444,0.88,0.9585798816568047,0.5066666666666667,0.26222222222222225,0.2311111111111111,13.0,0.09777777777777778,0.04444444444444444,140.34135942459113,0.002850193283291729,0.641293488740639,0.9947930094433165,0.022222222222222223,0.7246376811594203,0.13777777777777778,0.2088888888888889,0.26666666666666666,0.6088888888888889,0.6755555555555556,0.6888888888888889,0.7514792899408284,0.7633136094674556,0.7810650887573964,0.07232731506228447,0.07232731506228447,nan,nan,nan,nan,nan,nan,nan,nan,nan,nan,nan,nan,nan,nan,nan,nan,nan,nan,nan,nan,nan,nan,nan,nan,nan,nan,nan,nan,nan,nan,nan,nan,nan,nan,nan,nan,nan,nan,nan,nan,nan,nan,nan,nan,nan,nan,nan,nan,nan,nan,nan,nan,nan,nan,nan,nan,nan,nan,nan,nan,nan,nan,nan,nan,nan,nan,nan
137,26074,0.7247744444444445,-4.754221944332121,0.5288888888888889,250,0.472,0.072,0.06,0.148,0.0,0.9466666666666667,0.9881656804733728,0.604,0.168,0.228,23.0,0.148,0.05244444444444444,160.46878042221107,0.003268202344808586,0.7353455275819321,0.9618642895578136,0.016,0.7096774193548387,0.16,0.3022222222222222,0.39555555555555555,0.5511111111111111,0.9022222222222223,0.9244444444444444,0.6331360946745562,0.9822485207100592,0.9822485207100592,0.06632543355226517,0.06632543355226517,nan,nan,nan,nan,nan,nan,nan,nan,nan,nan,nan,nan,nan,nan,nan,nan,nan,nan,nan,nan,nan,nan,nan,nan,nan,nan,nan,nan,nan,nan,nan,nan,nan,nan,nan,nan,nan,nan,nan,nan,nan,nan,nan,nan,nan,nan,nan,nan,nan,nan,nan,nan,nan,nan,nan,nan,nan,nan,nan,nan,nan,nan,nan,nan,nan,nan,nan
138,26263,0.7227794444444444,-1.1686322479248048,0.4444444444444444,189,0.5238095238095238,0.042328042328042326,0.010582010582010581,0.14814814814814814,0.0,0.9555555555555556,1.0,0.5767195767195767,0.20634920634920634,0.21693121693121692,5.0,0.0,0.05761904761904761,120.32983093261697,0.003656616124113013,0.822738627925428,1.0,0.021164021164021163,0.8653846153846154,0.12,0.24444444444444444,0.37777777777777777,0.41333333333333333,0.7777777777777778,0.92,0.46745562130177515,0.863905325443787,0.9763313609467456,0.07089394927024842,0.07089394927024842,nan,nan,nan,nan,nan,nan,nan,nan,nan,nan,nan,nan,nan,nan,nan,nan,nan,nan,nan,nan,nan,nan,nan,nan,nan,nan,nan,nan,nan,nan,nan,nan,nan,nan,nan,nan,nan,nan,nan,nan,nan,nan,nan,nan,nan,nan,nan,nan,nan,nan,nan,nan,nan,nan,nan,nan,nan,nan,nan,nan,nan,nan,nan,nan,nan,nan,nan
139,26491,0.7203727777777778,-1.309998029947281,0.5066666666666667,228,0.4956140350877193,0.04824561403508772,0.008771929824561403,0.15350877192982457,0.0,0.9955555555555555,1.0,0.5526315789473685,0.21052631578947367,0.23684210526315788,7.0,0.02631578947368421,0.05674074074074078,140.78093361854528,0.0035674022704169916,0.8026655108438231,0.9851072280994961,0.03070175438596491,0.8507462686567164,0.11555555555555555,0.25333333333333335,0.35555555555555557,0.4488888888888889,0.8488888888888889,0.8488888888888889,0.5088757396449705,0.8757396449704142,0.8757396449704142,0.07817264907062053,0.07817264907062053,nan,nan,nan,nan,nan,nan,nan,nan,nan,nan,nan,nan,nan,nan,nan,nan,nan,nan,nan,nan,nan,nan,nan,nan,nan,nan,nan,nan,nan,nan,nan,nan,nan,nan,nan,nan,nan,nan,nan,nan,nan,nan,nan,nan,nan,nan,nan,nan,nan,nan,nan,nan,nan,nan,nan,nan,nan,nan,nan,nan,nan,nan,nan,nan,nan,nan,nan
140,26741,0.7177338888888889,-3.2255335187912006,0.40444444444444444,250,0.36,0.056,0.072,0.204,0.0,0.8533333333333334,0.8994082840236687,0.488,0.268,0.244,28.0,0.144,0.04,139.76698589324943,0.002861906175078499,0.6439288893926622,0.984250526573713,0.012,0.7532467532467533,0.10666666666666667,0.21777777777777776,0.32,0.44,0.7377777777777778,0.8488888888888889,0.47928994082840237,0.7928994082840237,0.8994082840236687,0.06823225244879723,0.06823225244879723,-13.781951917934416,0.2982222222222223,164.0,0.1,0.9,0.4201405779980167,0.100112899126461,0.03354910948851668,0.23797506181324518,0.014262815768730609,0.7386666666666667,0.7757396449704143,0.5538025866129944,0.23852073623287406,0.20767667715413157,27.6,0.18679114431147142,0.045539980899401186,100.95668493270853,0.0029376328225911553,0.66096738508301,0.9291355003321442,0.06605885285509025,0.6516314518371784,0.16088888888888891,0.23950617283950615,0.3004444444444444,0.628,0.7027160493827159,0.7813333333333333,0.6899408284023669,0.7547666009204471,0.8165680473372781,-32.86014719219209,0.26799999999999996,182.2,0.2,0.8,0.3672065516923665,0.12075133195702803,0.01632537725111298,0.3011773779358718,0.009125447800458718,0.6995555555555556,0.7491124260355029,0.5042832609005075,0.2736826725328476,0.22203406656664493,53.9,0.3203326314790176,0.038929021628144427,103.0899732589719,0.002655900713710357,0.5975776605848304,0.8560296589684289,0.08136268061710583,0.6038653225703896,0.15422222222222223,0.21055555555555558,0.25333333333333335,0.5737777777777777,0.6311111111111112,0.6876190476190477,0.6343195266272189,0.6826923076923076,0.7345731191885038,1.9969701512163056
141,26979,0.7152216666666666,-2.8610317950248696,0.4666666666666667,238,0.4369747899159664,0.07563025210084033,0.03361344537815126,0.19327731092436976,0.0,0.9466666666666667,0.9763313609467456,0.5462184873949579,0.20588235294117646,0.24789915966386555,15.0,0.13865546218487396,0.04704273504273504,140.69554090499864,0.0032852656114690016,0.7391847625805252,0.9809490553132697,0.025210084033613446,0.7580645161290323,0.1288888888888889,0.23555555555555555,0.3511111111111111,0.4577777777777778,0.5955555555555555,0.8088888888888889,0.5443786982248521,0.650887573964497,0.863905325443787,0.07948130816221237,0.07948130816221237,nan,nan,nan,nan,nan,nan,nan,nan,nan,nan,nan,nan,nan,nan,nan,nan,nan,nan,nan,nan,nan,nan,nan,nan,nan,nan,nan,nan,nan,nan,nan,nan,nan,nan,nan,nan,nan,nan,nan,nan,nan,nan,nan,nan,nan,nan,nan,nan,nan,nan,nan,nan,nan,nan,nan,nan,nan,nan,nan,nan,nan,nan,nan,nan,nan,nan,nan
142,27223,0.7126461111111111,-6.618282763242722,0.3466666666666667,244,0.3155737704918033,0.1598360655737705,0.0,0.20081967213114754,0.0,0.7822222222222223,0.8461538461538461,0.47540983606557374,0.2581967213114754,0.26639344262295084,28.0,0.20491803278688525,0.03422222222222222,160.04078822135926,0.0021383437686452785,0.4811273479451876,0.9927977077340956,0.03278688524590164,0.6025641025641025,0.09333333333333334,0.2088888888888889,0.29777777777777775,0.4222222222222222,0.7066666666666667,0.7822222222222223,0.46745562130177515,0.7455621301775148,0.8461538461538461,0.057670453935861586,0.057670453935861586,nan,nan,nan,nan,nan,nan,nan,nan,nan,nan,nan,nan,nan,nan,nan,nan,nan,nan,nan,nan,nan,nan,nan,nan,nan,nan,nan,nan,nan,nan,nan,nan,nan,nan,nan,nan,nan,nan,nan,nan,nan,nan,nan,nan,nan,nan,nan,nan,nan,nan,nan,nan,nan,nan,nan,nan,nan,nan,nan,nan,nan,nan,nan,nan,nan,nan,nan
143,27473,0.7100072222222222,-3.328314704418183,0.4577777777777778,250,0.408,0.072,0.056,0.176,0.0,0.9555555555555556,0.9822485207100592,0.536,0.212,0.252,22.0,0.148,0.04533333333333334,153.98394956588777,0.002944029781099736,0.6624067007474406,0.9731449851302394,0.032,0.6901408450704225,0.13777777777777778,0.24888888888888888,0.3466666666666667,0.52,0.8,0.9377777777777778,0.5857988165680473,0.8757396449704142,0.9822485207100592,0.07540833130478859,0.07540833130478859,nan,nan,nan,nan,nan,nan,nan,nan,nan,nan,nan,nan,nan,nan,nan,nan,nan,nan,nan,nan,nan,nan,nan,nan,nan,nan,nan,nan,nan,nan,nan,nan,nan,nan,nan,nan,nan,nan,nan,nan,nan,nan,nan,nan,nan,nan,nan,nan,nan,nan,nan,nan,nan,nan,nan,nan,nan,nan,nan,nan,nan,nan,nan,nan,nan,nan,nan
144,27621,0.708445,-3.1309244189262397,0.30666666666666664,148,0.4594594594594595,0.06756756756756757,0.013513513513513514,0.16891891891891891,0.0,0.88,0.9349112426035503,0.5405405405405406,0.23648648648648649,0.22297297297297297,7.0,0.033783783783783786,0.050756843800322055,100.17070875167836,0.003017071816586887,0.6788411587320496,0.996041983529548,0.02702702702702703,0.8095238095238095,0.13777777777777778,0.24888888888888888,nan,0.4888888888888889,0.7822222222222223,nan,0.5502958579881657,0.8461538461538461,nan,0.07066930793225765,0.07066930793225765,nan,nan,nan,nan,nan,nan,nan,nan,nan,nan,nan,nan,nan,nan,nan,nan,nan,nan,nan,nan,nan,nan,nan,nan,nan,nan,nan,nan,nan,nan,nan,nan,nan,nan,nan,nan,nan,nan,nan,nan,nan,nan,nan,nan,nan,nan,nan,nan,nan,nan,nan,nan,nan,nan,nan,nan,nan,nan,nan,nan,nan,nan,nan,nan,nan,nan,nan
145,27790,0.7066611111111112,-4.671055234909062,0.2577777777777778,169,0.33727810650887574,0.10059171597633136,0.0,0.2781065088757396,0.0,0.6488888888888888,0.7514792899408284,0.4378698224852071,0.20710059171597633,0.35502958579881655,28.0,0.1952662721893491,0.03679197994987469,100.40052604675282,0.0025232271513733443,0.5677261090590024,0.9905667301416322,0.04142011834319527,0.7291666666666666,0.08888888888888889,0.14222222222222222,0.24444444444444444,0.36444444444444446,0.4622222222222222,0.6444444444444445,0.40828402366863903,0.5325443786982249,0.7455621301775148,0.07332980036735534,0.07332980036735534,nan,nan,nan,nan,nan,nan,nan,nan,nan,nan,nan,nan,nan,nan,nan,nan,nan,nan,nan,nan,nan,nan,nan,nan,nan,nan,nan,nan,nan,nan,nan,nan,nan,nan,nan,nan,nan,nan,nan,nan,nan,nan,nan,nan,nan,nan,nan,nan,nan,nan,nan,nan,nan,nan,nan,nan,nan,nan,nan,nan,nan,nan,nan,nan,nan,nan,nan
146,28011,0.7043283333333334,0.05049700164795001,0.5377777777777778,221,0.5429864253393665,0.07692307692307693,0.013574660633484163,0.08597285067873303,0.0,0.9466666666666667,0.9881656804733728,0.6334841628959276,0.18099547511312217,0.18552036199095023,14.0,0.05429864253393665,0.059823633156966496,140.41431427001945,0.003798283217106505,0.8546137238489637,0.9960240739527586,0.00904977375565611,0.7903225806451613,0.15555555555555556,0.28444444444444444,0.4311111111111111,0.6088888888888889,0.8533333333333334,0.9288888888888889,0.7100591715976331,0.9408284023668639,0.9881656804733728,0.06657261177897453,0.06657261177897453,nan,nan,nan,nan,nan,nan,nan,nan,nan,nan,nan,nan,nan,nan,nan,nan,nan,nan,nan,nan,nan,nan,nan,nan,nan,nan,nan,nan,nan,nan,nan,nan,nan,nan,nan,nan,nan,nan,nan,nan,nan,nan,nan,nan,nan,nan,nan,nan,nan,nan,nan,nan,nan,nan,nan,nan,nan,nan,nan,nan,nan,nan,nan,nan,nan,nan,nan
147,28193,0.7024072222222222,-4.154183352947235,0.31555555555555553,182,0.38461538461538464,0.07692307692307693,0.02197802197802198,0.26373626373626374,0.0,0.8266666666666667,0.8816568047337278,0.4835164835164835,0.3021978021978022,0.21428571428571427,20.0,0.1813186813186813,0.03888888888888889,100.11603193283047,0.003107505412518155,0.6991887178165849,0.9592239524158271,0.06593406593406594,0.7608695652173914,0.13333333333333333,0.2311111111111111,0.30666666666666664,0.6311111111111111,0.8044444444444444,0.8266666666666667,0.6923076923076923,0.8816568047337278,0.8816568047337278,0.06624645441770553,0.06624645441770553,nan,nan,nan,nan,nan,nan,nan,nan,nan,nan,nan,nan,nan,nan,nan,nan,nan,nan,nan,nan,nan,nan,nan,nan,nan,nan,nan,nan,nan,nan,nan,nan,nan,nan,nan,nan,nan,nan,nan,nan,nan,nan,nan,nan,nan,nan,nan,nan,nan,nan,nan,nan,nan,nan,nan,nan,nan,nan,nan,nan,nan,nan,nan,nan,nan,nan,nan
148,28427,0.6999372222222222,-2.724404794931412,0.4444444444444444,234,0.4230769230769231,0.08547008547008547,0.01282051282051282,0.19230769230769232,0.0,0.9022222222222223,0.9704142011834319,0.5213675213675214,0.2222222222222222,0.2564102564102564,8.0,0.029914529914529916,0.044790123456790114,140.0514742374421,0.0031417020234576587,0.7068829552779732,0.9949932783108812,0.029914529914529916,0.7575757575757576,0.1288888888888889,0.2222222222222222,0.32,0.5466666666666666,0.6488888888888888,0.8088888888888889,0.6863905325443787,0.7514792899408284,0.9112426035502958,0.0712385330349207,0.0712385330349207,nan,nan,nan,nan,nan,nan,nan,nan,nan,nan,nan,nan,nan,nan,nan,nan,nan,nan,nan,nan,nan,nan,nan,nan,nan,nan,nan,nan,nan,nan,nan,nan,nan,nan,nan,nan,nan,nan,nan,nan,nan,nan,nan,nan,nan,nan,nan,nan,nan,nan,nan,nan,nan,nan,nan,nan,nan,nan,nan,nan,nan,nan,nan,nan,nan,nan,nan
149,28625,0.6978472222222223,-2.602264356136322,0.38222222222222224,198,0.4292929292929293,0.08080808080808081,0.015151515151515152,0.17676767676767677,0.0,0.8488888888888889,0.9112426035502958,0.5252525252525253,0.19696969696969696,0.2777777777777778,11.0,0.0707070707070707,0.04736714975845411,120.18347005844086,0.0031433422382801746,0.7072520036130392,0.997041482638248,0.030303030303030304,0.7758620689655172,0.13333333333333333,0.21333333333333335,0.31555555555555553,0.5244444444444445,0.5911111111111111,0.8044444444444444,0.6272189349112426,0.6745562130177515,0.893491124260355,0.0699815608561039,0.0699815608561039,nan,nan,nan,nan,nan,nan,nan,nan,nan,nan,nan,nan,nan,nan,nan,nan,nan,nan,nan,nan,nan,nan,nan,nan,nan,nan,nan,nan,nan,nan,nan,nan,nan,nan,nan,nan,nan,nan,nan,nan,nan,nan,nan,nan,nan,nan,nan,nan,nan,nan,nan,nan,nan,nan,nan,nan,nan,nan,nan,nan,nan,nan,nan,nan,nan,nan,nan
150,28848,0.6954933333333333,-1.7833476788997646,0.4444444444444444,223,0.4439461883408072,0.09417040358744394,0.0,0.21076233183856502,0.0,0.9066666666666666,0.9644970414201184,0.5381165919282511,0.23318385650224216,0.22869955156950672,14.0,0.08968609865470852,0.04931830381105742,130.622358846664,0.0033684891613120433,0.7579100612952097,0.9921194649646606,0.013452914798206279,0.8214285714285714,0.13333333333333333,0.24444444444444444,0.3288888888888889,0.5111111111111111,0.76,0.8311111111111111,0.5857988165680473,0.8402366863905325,0.9230769230769231,0.06131914742290974,0.06131914742290974,nan,nan,nan,nan,nan,nan,nan,nan,nan,nan,nan,nan,nan,nan,nan,nan,nan,nan,nan,nan,nan,nan,nan,nan,nan,nan,nan,nan,nan,nan,nan,nan,nan,nan,nan,nan,nan,nan,nan,nan,nan,nan,nan,nan,nan,nan,nan,nan,nan,nan,nan,nan,nan,nan,nan,nan,nan,nan,nan,nan,nan,nan,nan,nan,nan,nan,nan
151,28986,0.6940366666666666,-1.6295731940269476,0.32,138,0.5144927536231884,0.06521739130434782,0.0,0.14492753623188406,0.007246376811594203,0.6577777777777778,0.6923076923076923,0.5797101449275363,0.2536231884057971,0.16666666666666666,7.0,0.021739130434782608,0.05532763532763532,89.53879232406607,0.0035242328756621075,0.7929523970239741,0.9905700769039801,0.007246376811594203,0.8157894736842105,0.1288888888888889,0.2577777777777778,nan,0.4577777777777778,0.64,nan,0.514792899408284,0.6804733727810651,nan,0.07259671837091446,0.07259671837091446,nan,nan,nan,nan,nan,nan,nan,nan,nan,nan,nan,nan,nan,nan,nan,nan,nan,nan,nan,nan,nan,nan,nan,nan,nan,nan,nan,nan,nan,nan,nan,nan,nan,nan,nan,nan,nan,nan,nan,nan,nan,nan,nan,nan,nan,nan,nan,nan,nan,nan,nan,nan,nan,nan,nan,nan,nan,nan,nan,nan,nan,nan,nan,nan,nan,nan,nan
152,29216,0.6916088888888889,-1.139960894584653,0.48,230,0.4652173913043478,0.11304347826086956,0.0,0.14782608695652175,0.0,0.9066666666666666,0.9881656804733728,0.5782608695652174,0.15217391304347827,0.26956521739130435,10.0,0.05217391304347826,0.052888888888888874,140.38057994842518,0.0033876164048493836,0.7622136910911113,0.9879271064236472,0.008695652173913044,0.7741935483870968,0.14222222222222222,0.24444444444444444,0.32,0.5244444444444445,0.7244444444444444,0.8,0.6449704142011834,0.8757396449704142,0.9467455621301775,0.0767991490662098,0.0767991490662098,nan,nan,nan,nan,nan,nan,nan,nan,nan,nan,nan,nan,nan,nan,nan,nan,nan,nan,nan,nan,nan,nan,nan,nan,nan,nan,nan,nan,nan,nan,nan,nan,nan,nan,nan,nan,nan,nan,nan,nan,nan,nan,nan,nan,nan,nan,nan,nan,nan,nan,nan,nan,nan,nan,nan,nan,nan,nan,nan,nan,nan,nan,nan,nan,nan,nan,nan
153,29408,0.6895822222222222,-2.9599154376983643,0.37777777777777777,192,0.4375,0.078125,0.0,0.20833333333333334,0.0,0.84,0.9112426035502958,0.515625,0.21875,0.265625,9.0,0.052083333333333336,0.04771241830065359,120.21824226379366,0.0031054632500293246,0.698729231256598,0.9772344368300766,0.046875,0.8490566037735849,0.13777777777777778,0.24444444444444444,0.3288888888888889,0.48,0.7866666666666666,0.84,0.5384615384615384,0.8875739644970414,0.9112426035502958,0.06325945034623146,0.06325945034623146,nan,nan,nan,nan,nan,nan,nan,nan,nan,nan,nan,nan,nan,nan,nan,nan,nan,nan,nan,nan,nan,nan,nan,nan,nan,nan,nan,nan,nan,nan,nan,nan,nan,nan,nan,nan,nan,nan,nan,nan,nan,nan,nan,nan,nan,nan,nan,nan,nan,nan,nan,nan,nan,nan,nan,nan,nan,nan,nan,nan,nan,nan,nan,nan,nan,nan,nan
154,29597,0.6875872222222222,-1.5293905968666075,0.39555555555555555,189,0.4656084656084656,0.05291005291005291,0.0,0.15343915343915343,0.005291005291005291,0.9377777777777778,0.9704142011834319,0.5185185185185185,0.23809523809523808,0.24338624338624337,8.0,0.037037037037037035,0.05238095238095238,111.8608628273007,0.003496407065221177,0.7866915896747648,0.9938012017182339,0.021164021164021163,0.8387096774193549,0.12,0.18666666666666668,0.3022222222222222,0.5066666666666667,0.5688888888888889,0.7644444444444445,0.5621301775147929,0.6449704142011834,0.8047337278106509,0.0665876291692257,0.0665876291692257,nan,nan,nan,nan,nan,nan,nan,nan,nan,nan,nan,nan,nan,nan,nan,nan,nan,nan,nan,nan,nan,nan,nan,nan,nan,nan,nan,nan,nan,nan,nan,nan,nan,nan,nan,nan,nan,nan,nan,nan,nan,nan,nan,nan,nan,nan,nan,nan,nan,nan,nan,nan,nan,nan,nan,nan,nan,nan,nan,nan,nan,nan,nan,nan,nan,nan,nan
155,29768,0.6857822222222223,-2.159706231117249,0.36,171,0.4678362573099415,0.0935672514619883,0.0,0.14035087719298245,0.005847953216374269,0.8933333333333333,0.9289940828402367,0.5614035087719298,0.1871345029239766,0.25146198830409355,14.0,0.07017543859649122,0.05224489795918367,110.27339267730693,0.00322430957208343,0.7254696537187718,0.9524323560349939,0.023391812865497075,0.8235294117647058,0.13777777777777778,0.22666666666666666,0.30666666666666664,0.5066666666666667,0.6844444444444444,0.8177777777777778,0.5976331360946746,0.7928994082840237,0.8816568047337278,0.07034234181046486,0.07034234181046486,nan,nan,nan,nan,nan,nan,nan,nan,nan,nan,nan,nan,nan,nan,nan,nan,nan,nan,nan,nan,nan,nan,nan,nan,nan,nan,nan,nan,nan,nan,nan,nan,nan,nan,nan,nan,nan,nan,nan,nan,nan,nan,nan,nan,nan,nan,nan,nan,nan,nan,nan,nan,nan,nan,nan,nan,nan,nan,nan,nan,nan,nan,nan,nan,nan,nan,nan
156,29952,0.68384,-3.3453787298202498,0.3422222222222222,184,0.41304347826086957,0.125,0.0,0.17391304347826086,0.0,0.88,0.9467455621301775,0.5380434782608695,0.1793478260869565,0.2826086956521739,15.0,0.08695652173913043,0.04222222222222222,120.0131307601928,0.0028145068430280086,0.6332640396813018,0.9984081890281878,0.021739130434782608,0.6153846153846154,0.15555555555555556,0.2088888888888889,0.29333333333333333,0.5866666666666667,0.68,0.7555555555555555,0.7041420118343196,0.7810650887573964,0.834319526627219,0.05878506228327751,0.05878506228327751,nan,nan,nan,nan,nan,nan,nan,nan,nan,nan,nan,nan,nan,nan,nan,nan,nan,nan,nan,nan,nan,nan,nan,nan,nan,nan,nan,nan,nan,nan,nan,nan,nan,nan,nan,nan,nan,nan,nan,nan,nan,nan,nan,nan,nan,nan,nan,nan,nan,nan,nan,nan,nan,nan,nan,nan,nan,nan,nan,nan,nan,nan,nan,nan,nan,nan,nan
157,30192,0.6813066666666667,-4.982697247266776,0.39111111111111113,240,0.3625,0.125,0.0,0.24166666666666667,0.0,0.8888888888888888,0.9289940828402367,0.4875,0.2375,0.275,18.0,0.14166666666666666,0.04014814814814815,150.73997378349335,0.002565123616261424,0.5771528136588203,0.9827313535926738,0.03333333333333333,0.6615384615384615,0.13333333333333333,0.21777777777777776,0.27111111111111114,0.5955555555555555,0.6711111111111111,0.7911111111111111,0.7218934911242604,0.7810650887573964,0.8816568047337278,0.0806436724960804,0.0806436724960804,nan,nan,nan,nan,nan,nan,nan,nan,nan,nan,nan,nan,nan,nan,nan,nan,nan,nan,nan,nan,nan,nan,nan,nan,nan,nan,nan,nan,nan,nan,nan,nan,nan,nan,nan,nan,nan,nan,nan,nan,nan,nan,nan,nan,nan,nan,nan,nan,nan,nan,nan,nan,nan,nan,nan,nan,nan,nan,nan,nan,nan,nan,nan,nan,nan,nan,nan
158,30442,0.6786677777777778,-4.547194108486174,0.4533333333333333,250,0.404,0.072,0.06,0.176,0.0,0.9066666666666666,0.9763313609467456,0.536,0.224,0.24,29.0,0.16,0.04488888888888889,153.16375341415383,0.0029307775428765847,0.6594249471472315,0.97886932872723,0.024,0.676056338028169,0.15555555555555556,0.24444444444444444,0.3333333333333333,0.6488888888888888,0.7644444444444445,0.8888888888888888,0.8224852071005917,0.893491124260355,0.9763313609467456,0.07102777250111103,0.07102777250111103,nan,nan,nan,nan,nan,nan,nan,nan,nan,nan,nan,nan,nan,nan,nan,nan,nan,nan,nan,nan,nan,nan,nan,nan,nan,nan,nan,nan,nan,nan,nan,nan,nan,nan,nan,nan,nan,nan,nan,nan,nan,nan,nan,nan,nan,nan,nan,nan,nan,nan,nan,nan,nan,nan,nan,nan,nan,nan,nan,nan,nan,nan,nan,nan,nan,nan,nan
159,30669,0.6762716666666666,-2.6305955440998074,0.48,227,0.4713656387665198,0.022026431718061675,0.013215859030837005,0.20704845814977973,0.0,0.9822222222222222,1.0,0.5066079295154186,0.2775330396475771,0.21585903083700442,10.0,0.02643171806167401,0.04755555555555555,140.1771004199982,0.00339253383135118,0.7633201120540154,0.9922583290181467,0.03524229074889868,0.9384615384615385,0.11555555555555555,0.2088888888888889,0.30666666666666664,0.4311111111111111,0.6755555555555556,0.7822222222222223,0.5207100591715976,0.7751479289940828,0.8520710059171598,0.07609202340245247,0.07609202340245247,nan,nan,nan,nan,nan,nan,nan,nan,nan,nan,nan,nan,nan,nan,nan,nan,nan,nan,nan,nan,nan,nan,nan,nan,nan,nan,nan,nan,nan,nan,nan,nan,nan,nan,nan,nan,nan,nan,nan,nan,nan,nan,nan,nan,nan,nan,nan,nan,nan,nan,nan,nan,nan,nan,nan,nan,nan,nan,nan,nan,nan,nan,nan,nan,nan,nan,nan
160,30868,0.674171111111111,-4.093963345527648,0.38666666666666666,199,0.4321608040201005,0.06532663316582915,0.06030150753768844,0.135678391959799,0.0,0.92,0.9881656804733728,0.5577889447236181,0.22613065326633167,0.21608040201005024,30.0,0.1658291457286432,0.04787037037037037,120.76155567169155,0.003165098529049682,0.7121471690361785,0.9793093448415041,0.03015075376884422,0.7213114754098361,0.15555555555555556,0.26222222222222225,0.3422222222222222,0.6844444444444444,0.7777777777777778,0.8888888888888888,0.7869822485207101,0.893491124260355,0.9881656804733728,0.07072641961276531,0.07072641961276531,-166.71184679627416,0.18711111111111112,240.7,0.7,0.3,0.17212805271024448,0.023229093477038682,0.0032407407407407406,0.7186334430320731,0.001319583967529173,0.6404444444444445,0.7005917159763314,0.19859788692802388,0.5808567855526761,0.22054532751930012,136.7,0.6370652940611845,0.01893827160493827,101.61092186927763,0.0017446938229829672,0.3925561101711676,0.5670273872670295,0.26705167770510235,0.7726004003322736,0.11822222222222223,0.15511111111111114,0.17955555555555555,0.5271111111111111,0.6066666666666667,0.6324444444444445,0.5822485207100592,0.6621301775147929,0.6899408284023668,-151.06292267999646,0.16177777777777777,227.9,0.8,0.2,0.16948324607329845,0.044998619704902425,0.0016,0.6795839124226559,0.00460909090909091,0.5693333333333334,0.6218934911242603,0.21608186577820088,0.5605627796287482,0.22335535459305095,136.0,0.6299893384102808,0.01856324786324786,97.06212076187096,0.0016243805793374033,0.3654856303509158,0.5885080759988934,0.19969014754878628,0.730781581305878,0.11866666666666667,0.1417283950617284,0.15555555555555556,0.5062222222222222,0.5362962962962963,0.5654320987654322,0.5621301775147929,0.591715976331361,0.6206443129520053,1.5772516765285993
161,31095,0.671775,-2.085494366407392,0.48,227,0.4713656387665198,0.05726872246696035,0.00881057268722467,0.14977973568281938,0.0,0.9955555555555555,1.0,0.5374449339207048,0.21145374449339208,0.2511013215859031,12.0,0.039647577092511016,0.05266666666666664,140.652327299118,0.0033810713600509164,0.7607410560114561,0.9903964359308765,0.01762114537444934,0.8732394366197183,0.14666666666666667,0.24444444444444444,0.31555555555555553,0.6133333333333333,0.7377777777777778,0.7733333333333333,0.7514792899408284,0.8461538461538461,0.8461538461538461,0.07238804884254932,0.07238804884254932,nan,nan,nan,nan,nan,nan,nan,nan,nan,nan,nan,nan,nan,nan,nan,nan,nan,nan,nan,nan,nan,nan,nan,nan,nan,nan,nan,nan,nan,nan,nan,nan,nan,nan,nan,nan,nan,nan,nan,nan,nan,nan,nan,nan,nan,nan,nan,nan,nan,nan,nan,nan,nan,nan,nan,nan,nan,nan,nan,nan,nan,nan,nan,nan,nan,nan,nan
162,31270,0.6699277777777778,-2.3089315476417536,0.4,175,0.5085714285714286,0.06285714285714286,0.011428571428571429,0.13714285714285715,0.0,0.9822222222222222,0.9940828402366864,0.5828571428571429,0.2057142857142857,0.21142857142857144,5.0,0.0,0.05650793650793651,120.32315759658799,0.0032874432773926173,0.7396747374133388,0.9856178723607169,0.022857142857142857,0.8163265306122449,0.13333333333333333,0.23555555555555555,0.3466666666666667,0.5688888888888889,0.8355555555555556,0.9155555555555556,0.6449704142011834,0.8757396449704142,0.9467455621301775,0.07932432070374489,0.07932432070374489,nan,nan,nan,nan,nan,nan,nan,nan,nan,nan,nan,nan,nan,nan,nan,nan,nan,nan,nan,nan,nan,nan,nan,nan,nan,nan,nan,nan,nan,nan,nan,nan,nan,nan,nan,nan,nan,nan,nan,nan,nan,nan,nan,nan,nan,nan,nan,nan,nan,nan,nan,nan,nan,nan,nan,nan,nan,nan,nan,nan,nan,nan,nan,nan,nan,nan,nan
163,31470,0.6678166666666667,-2.7254439930915835,0.39555555555555555,200,0.44,0.065,0.01,0.225,0.0,0.7911111111111111,0.8579881656804734,0.515,0.29,0.195,15.0,0.07,0.048888888888888885,120.05184755325284,0.003257851662279677,0.7330166240129272,0.989528886969679,0.035,0.8076923076923077,0.14222222222222222,0.24,0.3333333333333333,0.5022222222222222,0.7111111111111111,0.7866666666666666,0.6094674556213018,0.7988165680473372,0.8579881656804734,0.08602292388677597,0.08602292388677597,nan,nan,nan,nan,nan,nan,nan,nan,nan,nan,nan,nan,nan,nan,nan,nan,nan,nan,nan,nan,nan,nan,nan,nan,nan,nan,nan,nan,nan,nan,nan,nan,nan,nan,nan,nan,nan,nan,nan,nan,nan,nan,nan,nan,nan,nan,nan,nan,nan,nan,nan,nan,nan,nan,nan,nan,nan,nan,nan,nan,nan,nan,nan,nan,nan,nan,nan
164,31691,0.6654838888888889,-6.211125960111621,0.38222222222222224,221,0.38461538461538464,0.049773755656108594,0.02262443438914027,0.28054298642533937,0.0,0.88,0.9289940828402367,0.45701357466063347,0.26244343891402716,0.28054298642533937,13.0,0.11312217194570136,0.04263374485596708,130.71548533439613,0.0028900766945197604,0.650267256266946,0.9733962701490382,0.07239819004524888,0.8448275862068966,0.12444444444444444,0.19555555555555557,0.29777777777777775,0.5511111111111111,0.7333333333333333,0.8355555555555556,0.6863905325443787,0.8461538461538461,0.9289940828402367,0.07607569806277752,0.07607569806277752,nan,nan,nan,nan,nan,nan,nan,nan,nan,nan,nan,nan,nan,nan,nan,nan,nan,nan,nan,nan,nan,nan,nan,nan,nan,nan,nan,nan,nan,nan,nan,nan,nan,nan,nan,nan,nan,nan,nan,nan,nan,nan,nan,nan,nan,nan,nan,nan,nan,nan,nan,nan,nan,nan,nan,nan,nan,nan,nan,nan,nan,nan,nan,nan,nan,nan,nan
165,31883,0.6634572222222223,-2.272360985517501,0.37333333333333335,192,0.4322916666666667,0.11458333333333333,0.0,0.140625,0.0,0.8088888888888889,0.8816568047337278,0.546875,0.20833333333333334,0.24479166666666666,18.0,0.11458333333333333,0.04611111111111112,120.05105700492845,0.0030727666885410677,0.6913725049217401,0.9932222427747358,0.015625,0.75,0.13333333333333333,0.22666666666666666,0.3111111111111111,0.5244444444444445,0.6622222222222223,0.7377777777777778,0.6449704142011834,0.7810650887573964,0.834319526627219,0.08486956246197223,0.08486956246197223,nan,nan,nan,nan,nan,nan,nan,nan,nan,nan,nan,nan,nan,nan,nan,nan,nan,nan,nan,nan,nan,nan,nan,nan,nan,nan,nan,nan,nan,nan,nan,nan,nan,nan,nan,nan,nan,nan,nan,nan,nan,nan,nan,nan,nan,nan,nan,nan,nan,nan,nan,nan,nan,nan,nan,nan,nan,nan,nan,nan,nan,nan,nan,nan,nan,nan,nan
166,32062,0.6615677777777778,-2.5056738522052764,0.3333333333333333,179,0.4134078212290503,0.07262569832402235,0.0,0.2569832402234637,0.0,0.7555555555555555,0.834319526627219,0.4860335195530726,0.24581005586592178,0.2681564245810056,14.0,0.10614525139664804,0.04402777777777776,100.87308430671659,0.003260422650395651,0.7335950963390215,0.9910937284577421,0.0223463687150838,0.782608695652174,0.13777777777777778,0.2222222222222222,0.3111111111111111,0.5955555555555555,0.7111111111111111,0.7555555555555555,0.7041420118343196,0.834319526627219,0.834319526627219,0.08091875873506069,0.08091875873506069,nan,nan,nan,nan,nan,nan,nan,nan,nan,nan,nan,nan,nan,nan,nan,nan,nan,nan,nan,nan,nan,nan,nan,nan,nan,nan,nan,nan,nan,nan,nan,nan,nan,nan,nan,nan,nan,nan,nan,nan,nan,nan,nan,nan,nan,nan,nan,nan,nan,nan,nan,nan,nan,nan,nan,nan,nan,nan,nan,nan,nan,nan,nan,nan,nan,nan,nan
167,32282,0.6592455555555556,-3.1117173769474022,0.4222222222222222,220,0.42727272727272725,0.11363636363636363,0.0,0.18181818181818182,0.0,0.8622222222222222,0.9349112426035503,0.5409090909090909,0.19545454545454546,0.2636363636363636,23.0,0.12272727272727273,0.047407407407407405,140.15921311378463,0.002980737180927348,0.6706658657086533,0.9895010656559637,0.031818181818181815,0.75,0.14666666666666667,0.26222222222222225,0.3377777777777778,0.5822222222222222,0.7422222222222222,0.8133333333333334,0.6568047337278107,0.8461538461538461,0.9053254437869822,0.08513774275779724,0.08513774275779724,nan,nan,nan,nan,nan,nan,nan,nan,nan,nan,nan,nan,nan,nan,nan,nan,nan,nan,nan,nan,nan,nan,nan,nan,nan,nan,nan,nan,nan,nan,nan,nan,nan,nan,nan,nan,nan,nan,nan,nan,nan,nan,nan,nan,nan,nan,nan,nan,nan,nan,nan,nan,nan,nan,nan,nan,nan,nan,nan,nan,nan,nan,nan,nan,nan,nan,nan
168,32524,0.6566911111111111,-2.326055132389067,0.4533333333333333,242,0.41735537190082644,0.1115702479338843,0.004132231404958678,0.19834710743801653,0.0,0.96,0.9940828402366864,0.5330578512396694,0.24380165289256198,0.2231404958677686,12.0,0.1115702479338843,0.04698039215686274,140.1814774513241,0.003202198300733125,0.720494617664953,0.9927381846575178,0.045454545454545456,0.6923076923076923,0.14222222222222222,0.21333333333333335,0.29333333333333333,0.6711111111111111,0.7777777777777778,0.8266666666666667,0.8047337278106509,0.8816568047337278,0.9289940828402367,0.0856625683605671,0.0856625683605671,nan,nan,nan,nan,nan,nan,nan,nan,nan,nan,nan,nan,nan,nan,nan,nan,nan,nan,nan,nan,nan,nan,nan,nan,nan,nan,nan,nan,nan,nan,nan,nan,nan,nan,nan,nan,nan,nan,nan,nan,nan,nan,nan,nan,nan,nan,nan,nan,nan,nan,nan,nan,nan,nan,nan,nan,nan,nan,nan,nan,nan,nan,nan,nan,nan,nan,nan
169,32731,0.6545061111111111,-1.9630225374698627,0.4177777777777778,207,0.4492753623188406,0.07246376811594203,0.014492753623188406,0.21256038647342995,0.0,0.8577777777777778,0.9053254437869822,0.5362318840579711,0.21256038647342995,0.25120772946859904,16.0,0.08695652173913043,0.04846560846560847,120.29545273780793,0.0034359846854246545,0.7730965542205471,0.9821814240959983,0.057971014492753624,0.7884615384615384,0.12,0.24444444444444444,0.3511111111111111,0.49333333333333335,0.6622222222222223,0.8177777777777778,0.5562130177514792,0.727810650887574,0.863905325443787,0.06973601020872593,0.06973601020872593,nan,nan,nan,nan,nan,nan,nan,nan,nan,nan,nan,nan,nan,nan,nan,nan,nan,nan,nan,nan,nan,nan,nan,nan,nan,nan,nan,nan,nan,nan,nan,nan,nan,nan,nan,nan,nan,nan,nan,nan,nan,nan,nan,nan,nan,nan,nan,nan,nan,nan,nan,nan,nan,nan,nan,nan,nan,nan,nan,nan,nan,nan,nan,nan,nan,nan,nan
170,32907,0.6526483333333334,-2.9924250006675726,0.3288888888888889,176,0.4147727272727273,0.11931818181818182,0.0,0.19886363636363635,0.0,0.7511111111111111,0.8106508875739645,0.5340909090909091,0.23863636363636365,0.22727272727272727,7.0,0.03409090909090909,0.04055555555555555,110.91833333969088,0.00292507500496625,0.6581418761174063,0.9873637550110165,0.011363636363636364,0.7021276595744681,0.13333333333333333,0.2222222222222222,0.29777777777777775,0.6488888888888888,0.7111111111111111,0.7511111111111111,0.7692307692307693,0.8106508875739645,0.8106508875739645,0.06576746329665184,0.06576746329665184,nan,nan,nan,nan,nan,nan,nan,nan,nan,nan,nan,nan,nan,nan,nan,nan,nan,nan,nan,nan,nan,nan,nan,nan,nan,nan,nan,nan,nan,nan,nan,nan,nan,nan,nan,nan,nan,nan,nan,nan,nan,nan,nan,nan,nan,nan,nan,nan,nan,nan,nan,nan,nan,nan,nan,nan,nan,nan,nan,nan,nan,nan,nan,nan,nan,nan,nan
171,33146,0.6501255555555556,-4.758721354484567,0.4622222222222222,239,0.4309623430962343,0.09205020920502092,0.012552301255230125,0.20920502092050208,0.0,0.9777777777777777,1.0,0.5355648535564853,0.24686192468619247,0.2175732217573222,18.0,0.08786610878661087,0.048571428571428564,160.616393852234,0.002850131090596706,0.6412794953842589,0.9808521372522387,0.04184100418410042,0.7049180327868853,0.13333333333333333,0.19111111111111112,0.29777777777777775,0.6622222222222223,0.6755555555555556,0.9066666666666666,0.7159763313609467,0.7337278106508875,0.9526627218934911,0.06856742426753044,0.06856742426753044,nan,nan,nan,nan,nan,nan,nan,nan,nan,nan,nan,nan,nan,nan,nan,nan,nan,nan,nan,nan,nan,nan,nan,nan,nan,nan,nan,nan,nan,nan,nan,nan,nan,nan,nan,nan,nan,nan,nan,nan,nan,nan,nan,nan,nan,nan,nan,nan,nan,nan,nan,nan,nan,nan,nan,nan,nan,nan,nan,nan,nan,nan,nan,nan,nan,nan,nan
172,33352,0.6479511111111111,-3.0574017605781547,0.37333333333333335,206,0.4029126213592233,0.05825242718446602,0.009708737864077669,0.2815533980582524,0.0,0.9155555555555556,0.9526627218934911,0.470873786407767,0.24757281553398058,0.2815533980582524,16.0,0.12135922330097088,0.04255144032921812,110.4895405769344,0.003338677009268853,0.7512023270854918,0.9690851735154398,0.08737864077669903,0.803921568627451,0.14666666666666667,0.21777777777777776,0.29777777777777775,0.6666666666666666,0.6844444444444444,0.8088888888888889,0.757396449704142,0.7751479289940828,0.893491124260355,0.0708366397768259,0.0708366397768259,nan,nan,nan,nan,nan,nan,nan,nan,nan,nan,nan,nan,nan,nan,nan,nan,nan,nan,nan,nan,nan,nan,nan,nan,nan,nan,nan,nan,nan,nan,nan,nan,nan,nan,nan,nan,nan,nan,nan,nan,nan,nan,nan,nan,nan,nan,nan,nan,nan,nan,nan,nan,nan,nan,nan,nan,nan,nan,nan,nan,nan,nan,nan,nan,nan,nan,nan
173,33549,0.6458716666666666,-1.1914111051559433,0.4177777777777778,197,0.4720812182741117,0.10152284263959391,0.0,0.116751269035533,0.005076142131979695,0.8711111111111111,0.9408284023668639,0.5736040609137056,0.233502538071066,0.19289340101522842,17.0,0.09137055837563451,0.05242424242424243,120.1848676681515,0.0034391462199268624,0.7738078994835439,0.9948810346779834,0.01015228426395939,0.75,0.13777777777777778,0.27111111111111114,0.3377777777777778,0.52,0.7511111111111111,0.7911111111111111,0.621301775147929,0.8579881656804734,0.893491124260355,0.07711329385638237,0.07711329385638237,nan,nan,nan,nan,nan,nan,nan,nan,nan,nan,nan,nan,nan,nan,nan,nan,nan,nan,nan,nan,nan,nan,nan,nan,nan,nan,nan,nan,nan,nan,nan,nan,nan,nan,nan,nan,nan,nan,nan,nan,nan,nan,nan,nan,nan,nan,nan,nan,nan,nan,nan,nan,nan,nan,nan,nan,nan,nan,nan,nan,nan,nan,nan,nan,nan,nan,nan
174,33799,0.6432327777777778,-0.07590435838699239,0.49333333333333335,250,0.44,0.06,0.024,0.2,0.0,0.9911111111111112,1.0,0.524,0.256,0.22,9.0,0.048,0.04888888888888889,142.1038510322568,0.003440363405618851,0.7740817662642414,0.9917551097082508,0.016,0.7941176470588235,0.1511111111111111,0.23555555555555555,0.35555555555555557,0.6222222222222222,0.68,0.8577777777777778,0.7218934911242604,0.7514792899408284,0.8994082840236687,0.06754085384309291,0.06754085384309291,nan,nan,nan,nan,nan,nan,nan,nan,nan,nan,nan,nan,nan,nan,nan,nan,nan,nan,nan,nan,nan,nan,nan,nan,nan,nan,nan,nan,nan,nan,nan,nan,nan,nan,nan,nan,nan,nan,nan,nan,nan,nan,nan,nan,nan,nan,nan,nan,nan,nan,nan,nan,nan,nan,nan,nan,nan,nan,nan,nan,nan,nan,nan,nan,nan,nan,nan
175,33951,0.6416283333333334,-0.2921903409957881,0.39555555555555555,152,0.5789473684210527,0.039473684210526314,0.02631578947368421,0.09868421052631579,0.006578947368421052,0.9466666666666667,0.9763313609467456,0.6447368421052632,0.18421052631578946,0.17105263157894737,5.0,0.0,0.07047619047619048,96.14466991424534,0.004067943771193518,0.9152873485185414,0.9853685584338086,0.006578947368421052,0.9230769230769231,0.17777777777777778,0.28444444444444444,0.38666666666666666,0.7511111111111111,0.8577777777777778,0.9377777777777778,0.8106508875739645,0.9171597633136095,0.9763313609467456,0.07780932746827603,0.07780932746827603,nan,nan,nan,nan,nan,nan,nan,nan,nan,nan,nan,nan,nan,nan,nan,nan,nan,nan,nan,nan,nan,nan,nan,nan,nan,nan,nan,nan,nan,nan,nan,nan,nan,nan,nan,nan,nan,nan,nan,nan,nan,nan,nan,nan,nan,nan,nan,nan,nan,nan,nan,nan,nan,nan,nan,nan,nan,nan,nan,nan,nan,nan,nan,nan,nan,nan,nan
176,34133,0.6397072222222222,-3.8755008711814867,0.32,182,0.3901098901098901,0.07692307692307693,0.01098901098901099,0.23626373626373626,0.0,0.9244444444444444,0.9822485207100592,0.47802197802197804,0.3076923076923077,0.21428571428571427,14.0,0.10989010989010989,0.0423015873015873,110.70000829696643,0.0028505468103402383,0.6413730323265536,0.9928498385315895,0.027472527472527472,0.75,0.13777777777777778,0.19111111111111112,0.28,0.6444444444444445,0.7066666666666667,0.8622222222222222,0.8284023668639053,0.8284023668639053,0.9585798816568047,0.07661936432123184,0.07661936432123184,nan,nan,nan,nan,nan,nan,nan,nan,nan,nan,nan,nan,nan,nan,nan,nan,nan,nan,nan,nan,nan,nan,nan,nan,nan,nan,nan,nan,nan,nan,nan,nan,nan,nan,nan,nan,nan,nan,nan,nan,nan,nan,nan,nan,nan,nan,nan,nan,nan,nan,nan,nan,nan,nan,nan,nan,nan,nan,nan,nan,nan,nan,nan,nan,nan,nan,nan
177,34352,0.6373955555555555,-4.5491531987190275,0.4088888888888889,219,0.4155251141552511,0.0867579908675799,0.0182648401826484,0.2100456621004566,0.0045662100456621,0.9733333333333334,0.9881656804733728,0.5205479452054794,0.1872146118721461,0.2922374429223744,19.0,0.1050228310502283,0.045873944119558155,140.04907808303832,0.0028878765214337223,0.6497722173225875,0.9854408894423363,0.0639269406392694,0.7586206896551724,0.1511111111111111,0.22666666666666666,0.28444444444444444,0.5955555555555555,0.72,0.7377777777777778,0.7100591715976331,0.8224852071005917,0.8284023668639053,0.07438508905470372,0.07438508905470372,nan,nan,nan,nan,nan,nan,nan,nan,nan,nan,nan,nan,nan,nan,nan,nan,nan,nan,nan,nan,nan,nan,nan,nan,nan,nan,nan,nan,nan,nan,nan,nan,nan,nan,nan,nan,nan,nan,nan,nan,nan,nan,nan,nan,nan,nan,nan,nan,nan,nan,nan,nan,nan,nan,nan,nan,nan,nan,nan,nan,nan,nan,nan,nan,nan,nan,nan
178,34477,0.6360761111111111,-1.8412751586437226,0.29333333333333333,125,0.52,0.04,0.0,0.192,0.008,0.8,0.8994082840236687,0.56,0.24,0.2,5.0,0.0,0.057777777777777775,80.72643008232103,0.00357861593277807,0.8051885848750656,0.9849030734009789,0.032,0.9032258064516129,0.13777777777777778,0.22666666666666666,nan,0.5777777777777777,0.7688888888888888,nan,0.7100591715976331,0.8579881656804734,nan,0.08587475828826427,0.08587475828826427,nan,nan,nan,nan,nan,nan,nan,nan,nan,nan,nan,nan,nan,nan,nan,nan,nan,nan,nan,nan,nan,nan,nan,nan,nan,nan,nan,nan,nan,nan,nan,nan,nan,nan,nan,nan,nan,nan,nan,nan,nan,nan,nan,nan,nan,nan,nan,nan,nan,nan,nan,nan,nan,nan,nan,nan,nan,nan,nan,nan,nan,nan,nan,nan,nan,nan,nan
179,34642,0.6343344444444445,-2.307712833881379,0.3422222222222222,165,0.46060606060606063,0.06666666666666667,0.012121212121212121,0.19393939393939394,0.006060606060606061,0.8755555555555555,0.9349112426035503,0.5393939393939394,0.24242424242424243,0.21818181818181817,20.0,0.12121212121212122,0.05333333333333333,100.26393175125101,0.0033688862173865755,0.7579993989119795,0.9813960076280328,0.012121212121212121,0.75,0.14222222222222222,0.23555555555555555,0.28888888888888886,0.5155555555555555,0.7288888888888889,0.7288888888888889,0.5798816568047337,0.7810650887573964,0.7810650887573964,0.07451435141265392,0.07451435141265392,nan,nan,nan,nan,nan,nan,nan,nan,nan,nan,nan,nan,nan,nan,nan,nan,nan,nan,nan,nan,nan,nan,nan,nan,nan,nan,nan,nan,nan,nan,nan,nan,nan,nan,nan,nan,nan,nan,nan,nan,nan,nan,nan,nan,nan,nan,nan,nan,nan,nan,nan,nan,nan,nan,nan,nan,nan,nan,nan,nan,nan,nan,nan,nan,nan,nan,nan
180,34801,0.6326561111111111,-1.8746198678016666,0.3377777777777778,159,0.4716981132075472,0.06918238993710692,0.0,0.15723270440251572,0.0,0.8488888888888889,0.9408284023668639,0.5408805031446541,0.18238993710691823,0.27672955974842767,6.0,0.012578616352201259,0.051005291005291005,100.86304636001564,0.003304811279876969,0.743582537972318,0.9851567228700628,0.0,0.8333333333333334,0.13333333333333333,0.2222222222222222,0.3244444444444444,0.5377777777777778,0.6088888888888889,0.8222222222222222,0.621301775147929,0.6923076923076923,0.9408284023668639,0.07540529482066631,0.07540529482066631,-39.02860084788799,0.2564444444444444,176.5,0.1,0.9,0.33898441391005385,0.1164246163297699,0.020727376102693356,0.3079722939022326,0.006362500918275714,0.7151111111111111,0.770414201183432,0.47613640634251714,0.3108179015790237,0.21304569207845914,50.5,0.3143429161212005,0.03515097001763668,103.48191283702829,0.0024715346561988297,0.5560952976447366,0.8735264635534079,0.07357336231926243,0.5961540386043429,0.14400000000000002,0.20755555555555555,0.2577777777777778,0.5653333333333335,0.6635555555555556,0.7371428571428572,0.6349112426035503,0.7248520710059172,0.801352493660186,-87.67136212296487,0.2422222222222222,196.4,0.3,0.7,0.30838649609146185,0.07854963366868398,0.017311751355658926,0.4184402787966821,0.0061222607698212545,0.667111111111111,0.71301775147929,0.40424788111580473,0.4112809300636199,0.18447118882057528,85.9,0.4056362893029985,0.034366137566137565,100.26630593299828,0.0024331433805713635,0.5474572606285567,0.7636422329970503,0.0845430638188609,0.651106167154518,0.14311111111111113,0.2106666666666667,0.2227777777777778,0.56,0.6555555555555556,0.6283333333333333,0.6195266272189348,0.7053254437869823,0.6738165680473374,1.861308237062083
181,35051,0.6300172222222222,-3.722032611608509,0.4622222222222222,250,0.412,0.084,0.028,0.196,0.0,0.9644444444444444,0.9822485207100592,0.524,0.236,0.24,16.0,0.112,0.04577777777777778,150.01935820579538,0.0030514580468328748,0.6865780605373968,0.9775273777601128,0.032,0.7391304347826086,0.1288888888888889,0.2311111111111111,0.32,0.5288888888888889,0.8088888888888889,0.8844444444444445,0.5739644970414202,0.8875739644970414,0.9349112426035503,0.07928502075374126,0.07928502075374126,nan,nan,nan,nan,nan,nan,nan,nan,nan,nan,nan,nan,nan,nan,nan,nan,nan,nan,nan,nan,nan,nan,nan,nan,nan,nan,nan,nan,nan,nan,nan,nan,nan,nan,nan,nan,nan,nan,nan,nan,nan,nan,nan,nan,nan,nan,nan,nan,nan,nan,nan,nan,nan,nan,nan,nan,nan,nan,nan,nan,nan,nan,nan,nan,nan,nan,nan
182,35301,0.6273783333333334,-3.662641108751296,0.4266666666666667,250,0.38,0.06,0.044,0.22,0.0,0.9422222222222222,0.9822485207100592,0.484,0.256,0.26,16.0,0.144,0.042222222222222223,145.12039151191718,0.0029094617084708574,0.6546288844059428,0.9780071569287347,0.036,0.6986301369863014,0.1511111111111111,0.21777777777777776,0.3288888888888889,0.6,0.6977777777777778,0.8844444444444445,0.6863905325443787,0.7455621301775148,0.9467455621301775,0.08380375057458878,0.08380375057458878,nan,nan,nan,nan,nan,nan,nan,nan,nan,nan,nan,nan,nan,nan,nan,nan,nan,nan,nan,nan,nan,nan,nan,nan,nan,nan,nan,nan,nan,nan,nan,nan,nan,nan,nan,nan,nan,nan,nan,nan,nan,nan,nan,nan,nan,nan,nan,nan,nan,nan,nan,nan,nan,nan,nan,nan,nan,nan,nan,nan,nan,nan,nan,nan,nan,nan,nan
183,35504,0.6252355555555555,-3.605186015367507,0.4177777777777778,203,0.458128078817734,0.054187192118226604,0.059113300492610835,0.1477832512315271,0.0049261083743842365,0.8622222222222222,0.9289940828402367,0.5714285714285714,0.18719211822660098,0.2413793103448276,27.0,0.1477832512315271,0.045925925925925926,120.30653347969019,0.0034356682166651505,0.7730253487496587,0.9719365449233222,0.014778325123152709,0.7017543859649122,0.16,0.28,0.37777777777777777,0.6977777777777778,0.8,0.8088888888888889,0.8165680473372781,0.8875739644970414,0.8994082840236687,0.07570395097136498,0.07570395097136498,nan,nan,nan,nan,nan,nan,nan,nan,nan,nan,nan,nan,nan,nan,nan,nan,nan,nan,nan,nan,nan,nan,nan,nan,nan,nan,nan,nan,nan,nan,nan,nan,nan,nan,nan,nan,nan,nan,nan,nan,nan,nan,nan,nan,nan,nan,nan,nan,nan,nan,nan,nan,nan,nan,nan,nan,nan,nan,nan,nan,nan,nan,nan,nan,nan,nan,nan
184,35676,0.6234200000000001,-2.0850055909156793,0.3244444444444444,172,0.4186046511627907,0.10465116279069768,0.0,0.20930232558139536,0.0,0.8,0.9053254437869822,0.5232558139534884,0.29069767441860467,0.18604651162790697,16.0,0.11046511627906977,0.04632034632034632,100.26671991348236,0.0031914876668561612,0.7180847250426362,0.9941369990207135,0.01744186046511628,0.717391304347826,0.14666666666666667,0.25333333333333335,0.29333333333333333,0.5866666666666667,0.7422222222222222,0.7644444444444445,0.7455621301775148,0.863905325443787,0.893491124260355,0.08362560048699379,0.08362560048699379,nan,nan,nan,nan,nan,nan,nan,nan,nan,nan,nan,nan,nan,nan,nan,nan,nan,nan,nan,nan,nan,nan,nan,nan,nan,nan,nan,nan,nan,nan,nan,nan,nan,nan,nan,nan,nan,nan,nan,nan,nan,nan,nan,nan,nan,nan,nan,nan,nan,nan,nan,nan,nan,nan,nan,nan,nan,nan,nan,nan,nan,nan,nan,nan,nan,nan,nan
185,35908,0.6209711111111111,-1.7754107794761664,0.4711111111111111,232,0.4525862068965517,0.09482758620689655,0.008620689655172414,0.14655172413793102,0.0,0.8933333333333333,0.9763313609467456,0.5560344827586207,0.17672413793103448,0.2672413793103448,12.0,0.05172413793103448,0.0478095238095238,140.22295980453484,0.003328033207380455,0.7488074716606024,0.9882223479030243,0.02586206896551724,0.7536231884057971,0.1288888888888889,0.24,0.3377777777777778,0.56,0.7777777777777778,0.84,0.6923076923076923,0.8698224852071006,0.9526627218934911,0.07784850597381592,0.07784850597381592,nan,nan,nan,nan,nan,nan,nan,nan,nan,nan,nan,nan,nan,nan,nan,nan,nan,nan,nan,nan,nan,nan,nan,nan,nan,nan,nan,nan,nan,nan,nan,nan,nan,nan,nan,nan,nan,nan,nan,nan,nan,nan,nan,nan,nan,nan,nan,nan,nan,nan,nan,nan,nan,nan,nan,nan,nan,nan,nan,nan,nan,nan,nan,nan,nan,nan,nan
186,36052,0.6194511111111112,-1.7475392744541152,0.3377777777777778,144,0.5208333333333334,0.125,0.006944444444444444,0.1111111111111111,0.006944444444444444,0.8533333333333334,0.9230769230769231,0.6527777777777778,0.20833333333333334,0.1388888888888889,11.0,0.05555555555555555,0.056959064327485376,100.50989785194372,0.0033164229638791456,0.7461951668728077,0.9900619034774469,0.0,0.6764705882352942,0.16,0.24888888888888888,nan,0.6488888888888888,0.8088888888888889,nan,0.757396449704142,0.9230769230769231,nan,0.07597903981804847,0.07597903981804847,nan,nan,nan,nan,nan,nan,nan,nan,nan,nan,nan,nan,nan,nan,nan,nan,nan,nan,nan,nan,nan,nan,nan,nan,nan,nan,nan,nan,nan,nan,nan,nan,nan,nan,nan,nan,nan,nan,nan,nan,nan,nan,nan,nan,nan,nan,nan,nan,nan,nan,nan,nan,nan,nan,nan,nan,nan,nan,nan,nan,nan,nan,nan,nan,nan,nan,nan
187,36211,0.6177727777777777,-2.4496449458599097,0.31555555555555553,159,0.44025157232704404,0.10062893081761007,0.0,0.16981132075471697,0.0,0.8533333333333334,0.9585798816568047,0.5408805031446541,0.18238993710691823,0.27672955974842767,10.0,0.050314465408805034,0.04783068783068782,100.81566615104663,0.003085940141931813,0.6943365319346579,0.9944737128525765,0.018867924528301886,0.8260869565217391,0.11555555555555555,0.2311111111111111,0.3022222222222222,0.5422222222222223,0.8533333333333334,0.8533333333333334,0.6449704142011834,0.9585798816568047,0.9585798816568047,0.08060086444020272,0.08060086444020272,nan,nan,nan,nan,nan,nan,nan,nan,nan,nan,nan,nan,nan,nan,nan,nan,nan,nan,nan,nan,nan,nan,nan,nan,nan,nan,nan,nan,nan,nan,nan,nan,nan,nan,nan,nan,nan,nan,nan,nan,nan,nan,nan,nan,nan,nan,nan,nan,nan,nan,nan,nan,nan,nan,nan,nan,nan,nan,nan,nan,nan,nan,nan,nan,nan,nan,nan
188,36398,0.6157988888888889,-1.4577770545482631,0.4266666666666667,187,0.5080213903743316,0.058823529411764705,0.0,0.15508021390374332,0.0,0.8977777777777778,0.9585798816568047,0.5668449197860963,0.22994652406417113,0.20320855614973263,6.0,0.0106951871657754,0.05699074074074075,120.29311480522131,0.003509945044700894,0.789737635057701,0.9921686305130094,0.016042780748663103,0.8653846153846154,0.14666666666666667,0.26666666666666666,0.3422222222222222,0.5733333333333334,0.8088888888888889,0.8533333333333334,0.6686390532544378,0.8994082840236687,0.9585798816568047,0.08112354837357998,0.08112354837357998,nan,nan,nan,nan,nan,nan,nan,nan,nan,nan,nan,nan,nan,nan,nan,nan,nan,nan,nan,nan,nan,nan,nan,nan,nan,nan,nan,nan,nan,nan,nan,nan,nan,nan,nan,nan,nan,nan,nan,nan,nan,nan,nan,nan,nan,nan,nan,nan,nan,nan,nan,nan,nan,nan,nan,nan,nan,nan,nan,nan,nan,nan,nan,nan,nan,nan,nan
189,36604,0.6136244444444444,-3.041204667568208,0.38222222222222224,206,0.41262135922330095,0.08737864077669903,0.0,0.24271844660194175,0.0,0.8133333333333334,0.9349112426035503,0.5,0.2912621359223301,0.2087378640776699,14.0,0.11650485436893204,0.04666666666666668,120.00194921493501,0.0031480970121672072,0.7083218277376215,0.9943127530327486,0.03398058252427184,0.7115384615384616,0.1288888888888889,0.22666666666666666,0.29777777777777775,0.4444444444444444,0.6355555555555555,0.7466666666666667,0.591715976331361,0.757396449704142,0.8875739644970414,0.08170913457870484,0.08170913457870484,nan,nan,nan,nan,nan,nan,nan,nan,nan,nan,nan,nan,nan,nan,nan,nan,nan,nan,nan,nan,nan,nan,nan,nan,nan,nan,nan,nan,nan,nan,nan,nan,nan,nan,nan,nan,nan,nan,nan,nan,nan,nan,nan,nan,nan,nan,nan,nan,nan,nan,nan,nan,nan,nan,nan,nan,nan,nan,nan,nan,nan,nan,nan,nan,nan,nan,nan
190,36844,0.6110911111111111,-2.1218137097358705,0.47555555555555556,240,0.44166666666666665,0.05416666666666667,0.029166666666666667,0.175,0.0,0.92,0.9704142011834319,0.525,0.25416666666666665,0.22083333333333333,8.0,0.0375,0.04977777777777779,140.01727342605577,0.0033646642273741224,0.7570494511591774,0.9909166289846206,0.020833333333333332,0.8055555555555556,0.10222222222222223,0.24,0.3244444444444444,0.40444444444444444,0.7644444444444445,0.8222222222222222,0.47928994082840237,0.8461538461538461,0.8875739644970414,0.07752532102167606,0.07752532102167606,nan,nan,nan,nan,nan,nan,nan,nan,nan,nan,nan,nan,nan,nan,nan,nan,nan,nan,nan,nan,nan,nan,nan,nan,nan,nan,nan,nan,nan,nan,nan,nan,nan,nan,nan,nan,nan,nan,nan,nan,nan,nan,nan,nan,nan,nan,nan,nan,nan,nan,nan,nan,nan,nan,nan,nan,nan,nan,nan,nan,nan,nan,nan,nan,nan,nan,nan
191,37009,0.6093494444444445,-1.75180573439598,0.3466666666666667,165,0.4666666666666667,0.06060606060606061,0.0,0.1696969696969697,0.0,0.8711111111111111,0.9053254437869822,0.5272727272727272,0.23030303030303031,0.24242424242424243,10.0,0.030303030303030304,0.05058201058201058,100.54100699424718,0.0034038073861922206,0.7658566618932495,0.9873077417814293,0.030303030303030304,0.82,0.14222222222222222,0.22666666666666666,0.3288888888888889,0.5244444444444445,0.7377777777777778,0.8711111111111111,0.6035502958579881,0.8106508875739645,0.9053254437869822,0.08688015043735504,0.08688015043735504,nan,nan,nan,nan,nan,nan,nan,nan,nan,nan,nan,nan,nan,nan,nan,nan,nan,nan,nan,nan,nan,nan,nan,nan,nan,nan,nan,nan,nan,nan,nan,nan,nan,nan,nan,nan,nan,nan,nan,nan,nan,nan,nan,nan,nan,nan,nan,nan,nan,nan,nan,nan,nan,nan,nan,nan,nan,nan,nan,nan,nan,nan,nan,nan,nan,nan,nan
192,37148,0.6078822222222222,-2.437676673173905,0.26666666666666666,139,0.4244604316546763,0.05755395683453238,0.0,0.20863309352517986,0.007194244604316547,0.7644444444444445,0.8579881656804734,0.48201438848920863,0.2589928057553957,0.2589928057553957,11.0,0.05755395683453238,0.046031746031746035,80.13025403022756,0.0032724496558229313,0.7363011725601595,0.9906379180773328,0.0,0.8372093023255814,0.12444444444444444,0.19555555555555557,nan,0.4888888888888889,0.6844444444444444,nan,0.6035502958579881,0.7869822485207101,nan,0.08087665811181069,0.08087665811181069,nan,nan,nan,nan,nan,nan,nan,nan,nan,nan,nan,nan,nan,nan,nan,nan,nan,nan,nan,nan,nan,nan,nan,nan,nan,nan,nan,nan,nan,nan,nan,nan,nan,nan,nan,nan,nan,nan,nan,nan,nan,nan,nan,nan,nan,nan,nan,nan,nan,nan,nan,nan,nan,nan,nan,nan,nan,nan,nan,nan,nan,nan,nan,nan,nan,nan,nan
193,37341,0.605845,-3.9457891035079973,0.35555555555555557,193,0.40932642487046633,0.07772020725388601,0.015544041450777202,0.23316062176165803,0.0,0.8622222222222222,0.9585798816568047,0.5025906735751295,0.24352331606217617,0.2538860103626943,18.0,0.13471502590673576,0.04432098765432099,120.07418193817124,0.002924118286243297,0.6579266144047418,0.9924120927768537,0.046632124352331605,0.6862745098039216,0.13777777777777778,0.24888888888888888,0.3111111111111111,0.5422222222222223,0.7688888888888888,0.8622222222222222,0.6804733727810651,0.8816568047337278,0.9585798816568047,0.07405754029750825,0.07405754029750825,nan,nan,nan,nan,nan,nan,nan,nan,nan,nan,nan,nan,nan,nan,nan,nan,nan,nan,nan,nan,nan,nan,nan,nan,nan,nan,nan,nan,nan,nan,nan,nan,nan,nan,nan,nan,nan,nan,nan,nan,nan,nan,nan,nan,nan,nan,nan,nan,nan,nan,nan,nan,nan,nan,nan,nan,nan,nan,nan,nan,nan,nan,nan,nan,nan,nan,nan
194,37514,0.6040188888888889,-1.8773542718887328,0.36,173,0.4624277456647399,0.046242774566473986,0.011560693641618497,0.2023121387283237,0.0,0.92,0.9881656804733728,0.5202312138728323,0.23121387283236994,0.24855491329479767,14.0,0.06358381502890173,0.05129054520358868,100.37480258941636,0.003542279002131216,0.7970127754795235,0.9667671235643183,0.04046242774566474,0.8333333333333334,0.10666666666666667,0.21777777777777776,0.32,0.4711111111111111,0.7377777777777778,0.8755555555555555,0.591715976331361,0.8698224852071006,0.9881656804733728,0.08915255703032017,0.08915255703032017,nan,nan,nan,nan,nan,nan,nan,nan,nan,nan,nan,nan,nan,nan,nan,nan,nan,nan,nan,nan,nan,nan,nan,nan,nan,nan,nan,nan,nan,nan,nan,nan,nan,nan,nan,nan,nan,nan,nan,nan,nan,nan,nan,nan,nan,nan,nan,nan,nan,nan,nan,nan,nan,nan,nan,nan,nan,nan,nan,nan,nan,nan,nan,nan,nan,nan,nan
195,37764,0.60138,-3.172035696268081,0.4222222222222222,250,0.376,0.132,0.0,0.248,0.0,0.9288888888888889,0.9763313609467456,0.508,0.22,0.272,15.0,0.136,0.04177777777777778,158.5431971073149,0.002635103778656563,0.5928983501977266,0.9810112124458495,0.02,0.7049180327868853,0.15555555555555556,0.23555555555555555,0.3111111111111111,0.6222222222222222,0.6933333333333334,0.7155555555555555,0.6863905325443787,0.727810650887574,0.757396449704142,0.08521412461996078,0.08521412461996078,nan,nan,nan,nan,nan,nan,nan,nan,nan,nan,nan,nan,nan,nan,nan,nan,nan,nan,nan,nan,nan,nan,nan,nan,nan,nan,nan,nan,nan,nan,nan,nan,nan,nan,nan,nan,nan,nan,nan,nan,nan,nan,nan,nan,nan,nan,nan,nan,nan,nan,nan,nan,nan,nan,nan,nan,nan,nan,nan,nan,nan,nan,nan,nan,nan,nan,nan
196,37966,0.5992477777777778,-2.2055556163787817,0.38666666666666666,202,0.42574257425742573,0.09405940594059406,0.0,0.16336633663366337,0.0,0.8666666666666667,0.9171597633136095,0.5198019801980198,0.22772277227722773,0.2524752475247525,8.0,0.04455445544554455,0.048148148148148114,120.74814872741662,0.00316544995720863,0.7122262403719417,0.9942001342809218,0.0297029702970297,0.75,0.12,0.2,0.29333333333333333,0.4488888888888889,0.5955555555555555,0.7377777777777778,0.4911242603550296,0.6331360946745562,0.8106508875739645,0.0819237008690834,0.0819237008690834,nan,nan,nan,nan,nan,nan,nan,nan,nan,nan,nan,nan,nan,nan,nan,nan,nan,nan,nan,nan,nan,nan,nan,nan,nan,nan,nan,nan,nan,nan,nan,nan,nan,nan,nan,nan,nan,nan,nan,nan,nan,nan,nan,nan,nan,nan,nan,nan,nan,nan,nan,nan,nan,nan,nan,nan,nan,nan,nan,nan,nan,nan,nan,nan,nan,nan,nan
197,38173,0.5970627777777778,-2.594014265298842,0.4311111111111111,207,0.463768115942029,0.04830917874396135,0.0,0.19806763285024154,0.0,0.9377777777777778,0.9822485207100592,0.5120772946859904,0.2560386473429952,0.2318840579710145,9.0,0.043478260869565216,0.05121693121693121,130.44775490760782,0.003270785817424468,0.7359268089205052,0.9957551707418341,0.043478260869565216,0.864406779661017,0.1511111111111111,0.2311111111111111,0.3022222222222222,0.5822222222222222,0.6933333333333334,0.72,0.6804733727810651,0.7869822485207101,0.7988165680473372,0.08062144964933396,0.08062144964933396,nan,nan,nan,nan,nan,nan,nan,nan,nan,nan,nan,nan,nan,nan,nan,nan,nan,nan,nan,nan,nan,nan,nan,nan,nan,nan,nan,nan,nan,nan,nan,nan,nan,nan,nan,nan,nan,nan,nan,nan,nan,nan,nan,nan,nan,nan,nan,nan,nan,nan,nan,nan,nan,nan,nan,nan,nan,nan,nan,nan,nan,nan,nan,nan,nan,nan,nan
198,38387,0.5948038888888889,-2.6437562532424925,0.4222222222222222,214,0.4392523364485981,0.06542056074766354,0.009345794392523364,0.17757009345794392,0.0,0.9333333333333333,0.9822485207100592,0.514018691588785,0.24766355140186916,0.2383177570093458,11.0,0.06074766355140187,0.04758377425044092,130.18815479278533,0.00320903064063498,0.7220318941428704,0.9952876814559006,0.014018691588785047,0.8461538461538461,0.12,0.2311111111111111,0.29333333333333333,0.5111111111111111,0.7511111111111111,0.7688888888888888,0.6449704142011834,0.8402366863905325,0.8402366863905325,0.08832727484405041,0.08832727484405041,nan,nan,nan,nan,nan,nan,nan,nan,nan,nan,nan,nan,nan,nan,nan,nan,nan,nan,nan,nan,nan,nan,nan,nan,nan,nan,nan,nan,nan,nan,nan,nan,nan,nan,nan,nan,nan,nan,nan,nan,nan,nan,nan,nan,nan,nan,nan,nan,nan,nan,nan,nan,nan,nan,nan,nan,nan,nan,nan,nan,nan,nan,nan,nan,nan,nan,nan
199,38624,0.5923022222222223,-5.414587576150906,0.43555555555555553,237,0.4092827004219409,0.06751054852320675,0.0,0.27848101265822783,0.0,0.9644444444444444,0.9822485207100592,0.4767932489451477,0.21518987341772153,0.3080168776371308,14.0,0.10126582278481013,0.04455555555555555,150.11988167762775,0.002871778916245704,0.6461502561552834,0.9576603826397835,0.05485232067510549,0.8448275862068966,0.12,0.19555555555555557,0.28444444444444444,0.4311111111111111,0.7155555555555555,0.8622222222222222,0.47337278106508873,0.7514792899408284,0.8994082840236687,0.09551864936947822,0.09551864936947822,nan,nan,nan,nan,nan,nan,nan,nan,nan,nan,nan,nan,nan,nan,nan,nan,nan,nan,nan,nan,nan,nan,nan,nan,nan,nan,nan,nan,nan,nan,nan,nan,nan,nan,nan,nan,nan,nan,nan,nan,nan,nan,nan,nan,nan,nan,nan,nan,nan,nan,nan,nan,nan,nan,nan,nan,nan,nan,nan,nan,nan,nan,nan,nan,nan,nan,nan
200,38782,0.5906344444444445,-2.059217094898223,0.3422222222222222,158,0.4810126582278481,0.0759493670886076,0.0,0.18354430379746836,0.0,0.8355555555555556,0.9053254437869822,0.5569620253164557,0.25316455696202533,0.189873417721519,14.0,0.06962025316455696,0.05230158730158729,100.72587709426868,0.0033534359543144388,0.7545230897207488,0.9734908530877953,0.03164556962025317,0.8536585365853658,0.16444444444444445,0.27111111111111114,0.3288888888888889,0.6577777777777778,0.8044444444444444,0.8355555555555556,0.7810650887573964,0.8994082840236687,0.9053254437869822,0.08439520262181759,0.08439520262181759,-124.45174823670386,0.18888888888888888,229.5,0.5,0.5,0.18461256302211745,0.08174392468324858,0.011429815478560998,0.6006368598211138,0.0,0.6271111111111112,0.6834319526627219,0.27778630318392705,0.5343999030753915,0.18781379374068136,121.0,0.6079212139672961,0.020005794790005315,105.35474511146508,0.001744859465904885,0.3925933798285991,0.6384897003268727,0.15090532340939722,0.631960680830665,0.13155555555555556,0.17244444444444446,0.17911111111111114,0.5648888888888889,0.6240000000000001,0.6257777777777778,0.6295857988165681,0.6822485207100593,0.6822485207100593,-128.72427712244985,0.20800000000000002,232.0,0.4,0.6,0.20265030650812582,0.05664771889588408,0.002991065196146866,0.6144395978739625,0.0021997538005626067,0.6737777777777778,0.7331360946745562,0.26228909060015676,0.5132075260490155,0.22450338335082773,111.6,0.5586376043724732,0.021520987654320988,110.68359164237943,0.00181467793022392,0.40830253430038194,0.6492541482591957,0.17122964478916405,0.6970965095257962,0.11733333333333333,0.168,0.19333333333333333,0.508888888888889,0.6275555555555556,0.6582222222222224,0.5781065088757397,0.6905325443786983,0.716568047337278,1.5751530571992114
201,38932,0.5890511111111112,-2.496539444208145,0.30666666666666664,150,0.4533333333333333,0.13333333333333333,0.0,0.14,0.0,0.8755555555555555,0.9408284023668639,0.5866666666666667,0.21333333333333335,0.2,12.0,0.1,0.05037037037037037,100.58608994483944,0.0030046124905338135,0.676037810370108,0.986038515959572,0.02,0.7073170731707317,0.1288888888888889,0.24444444444444444,0.30666666666666664,0.5688888888888889,0.8088888888888889,0.8755555555555555,0.6331360946745562,0.8994082840236687,0.9408284023668639,0.1085815541446209,0.1085815541446209,nan,nan,nan,nan,nan,nan,nan,nan,nan,nan,nan,nan,nan,nan,nan,nan,nan,nan,nan,nan,nan,nan,nan,nan,nan,nan,nan,nan,nan,nan,nan,nan,nan,nan,nan,nan,nan,nan,nan,nan,nan,nan,nan,nan,nan,nan,nan,nan,nan,nan,nan,nan,nan,nan,nan,nan,nan,nan,nan,nan,nan,nan,nan,nan,nan,nan,nan
202,39139,0.5868661111111111,-3.424104595661162,0.38222222222222224,207,0.4106280193236715,0.07729468599033816,0.043478260869565216,0.18357487922705315,0.004830917874396135,0.92,0.9585798816568047,0.5314009661835749,0.26570048309178745,0.2028985507246377,19.0,0.1111111111111111,0.043245149911816584,120.59147233962976,0.0031327072341717265,0.7048591276886385,0.9888417122913624,0.024154589371980676,0.7288135593220338,0.13333333333333333,0.2088888888888889,0.3244444444444444,0.5022222222222222,0.56,0.9155555555555556,0.5443786982248521,0.591715976331361,0.9585798816568047,0.08132081963121891,0.08132081963121891,nan,nan,nan,nan,nan,nan,nan,nan,nan,nan,nan,nan,nan,nan,nan,nan,nan,nan,nan,nan,nan,nan,nan,nan,nan,nan,nan,nan,nan,nan,nan,nan,nan,nan,nan,nan,nan,nan,nan,nan,nan,nan,nan,nan,nan,nan,nan,nan,nan,nan,nan,nan,nan,nan,nan,nan,nan,nan,nan,nan,nan,nan,nan,nan,nan,nan,nan
203,39311,0.5850505555555556,-1.8033878679275486,0.3466666666666667,172,0.4476744186046512,0.06976744186046512,0.005813953488372093,0.1744186046511628,0.0,0.7377777777777778,0.8106508875739645,0.5232558139534884,0.22674418604651161,0.25,6.0,0.011627906976744186,0.04940836940836941,100.29893207550023,0.0034120225922706113,0.7677050832608875,0.9948913973462771,0.05232558139534884,0.8431372549019608,0.14666666666666667,0.23555555555555555,0.32,0.5733333333333334,0.7377777777777778,0.7377777777777778,0.6449704142011834,0.8106508875739645,0.8106508875739645,0.0964349552989006,0.0964349552989006,nan,nan,nan,nan,nan,nan,nan,nan,nan,nan,nan,nan,nan,nan,nan,nan,nan,nan,nan,nan,nan,nan,nan,nan,nan,nan,nan,nan,nan,nan,nan,nan,nan,nan,nan,nan,nan,nan,nan,nan,nan,nan,nan,nan,nan,nan,nan,nan,nan,nan,nan,nan,nan,nan,nan,nan,nan,nan,nan,nan,nan,nan,nan,nan,nan,nan,nan
204,39534,0.5826966666666666,-3.3058723320961,0.4088888888888889,223,0.4080717488789238,0.07623318385650224,0.008968609865470852,0.23766816143497757,0.0,0.9333333333333333,0.9704142011834319,0.49327354260089684,0.22869955156950672,0.27802690582959644,11.0,0.06726457399103139,0.0451959205582394,130.36068887710545,0.003102503123665795,0.6980632028248037,0.97684358140162,0.02242152466367713,0.85,0.13777777777777778,0.2222222222222222,0.30666666666666664,0.5377777777777778,0.7777777777777778,0.8044444444444444,0.6686390532544378,0.8875739644970414,0.8875739644970414,0.09471629932522774,0.09471629932522774,nan,nan,nan,nan,nan,nan,nan,nan,nan,nan,nan,nan,nan,nan,nan,nan,nan,nan,nan,nan,nan,nan,nan,nan,nan,nan,nan,nan,nan,nan,nan,nan,nan,nan,nan,nan,nan,nan,nan,nan,nan,nan,nan,nan,nan,nan,nan,nan,nan,nan,nan,nan,nan,nan,nan,nan,nan,nan,nan,nan,nan,nan,nan,nan,nan,nan,nan
205,39777,0.5801316666666667,-1.2209294955730403,0.49333333333333335,243,0.45267489711934156,0.0823045267489712,0.00411522633744856,0.16872427983539096,0.0,0.9422222222222222,0.9881656804733728,0.5390946502057613,0.205761316872428,0.2551440329218107,12.0,0.07407407407407407,0.050444444444444445,140.40885233879058,0.0034818950567963884,0.7834263877791873,0.9987946781118788,0.01646090534979424,0.7887323943661971,0.1511111111111111,0.23555555555555555,0.3377777777777778,0.5866666666666667,0.7111111111111111,0.8177777777777778,0.7455621301775148,0.8520710059171598,0.9230769230769231,0.0820877768099308,0.0820877768099308,nan,nan,nan,nan,nan,nan,nan,nan,nan,nan,nan,nan,nan,nan,nan,nan,nan,nan,nan,nan,nan,nan,nan,nan,nan,nan,nan,nan,nan,nan,nan,nan,nan,nan,nan,nan,nan,nan,nan,nan,nan,nan,nan,nan,nan,nan,nan,nan,nan,nan,nan,nan,nan,nan,nan,nan,nan,nan,nan,nan,nan,nan,nan,nan,nan,nan,nan
206,39986,0.5779255555555556,-4.323328883647922,0.3511111111111111,209,0.37320574162679426,0.10047846889952153,0.0,0.2727272727272727,0.0,0.8444444444444444,0.893491124260355,0.47368421052631576,0.22488038277511962,0.3014354066985646,16.0,0.11483253588516747,0.04290809327846364,120.18408460617052,0.0028844640103775276,0.6490044023349437,0.9795491308624152,0.03827751196172249,0.7358490566037735,0.1111111111111111,0.21333333333333335,0.27111111111111114,0.4888888888888889,0.7555555555555555,0.7822222222222223,0.5621301775147929,0.8165680473372781,0.8402366863905325,0.09229576550424098,0.09229576550424098,nan,nan,nan,nan,nan,nan,nan,nan,nan,nan,nan,nan,nan,nan,nan,nan,nan,nan,nan,nan,nan,nan,nan,nan,nan,nan,nan,nan,nan,nan,nan,nan,nan,nan,nan,nan,nan,nan,nan,nan,nan,nan,nan,nan,nan,nan,nan,nan,nan,nan,nan,nan,nan,nan,nan,nan,nan,nan,nan,nan,nan,nan,nan,nan,nan,nan,nan
207,40145,0.5762472222222222,-2.180050579547881,0.3466666666666667,159,0.48427672955974843,0.0440251572327044,0.0,0.2138364779874214,0.0,0.8311111111111111,0.8579881656804734,0.5283018867924528,0.1509433962264151,0.32075471698113206,7.0,0.012578616352201259,0.054532627865961206,100.24810075759876,0.0034137526759705915,0.7680943520933831,0.9886708843569137,0.012578616352201259,0.825,0.14666666666666667,0.24,0.3244444444444444,0.5422222222222223,0.7333333333333333,0.8311111111111111,0.621301775147929,0.7869822485207101,0.8579881656804734,0.09181003943085671,0.09181003943085671,nan,nan,nan,nan,nan,nan,nan,nan,nan,nan,nan,nan,nan,nan,nan,nan,nan,nan,nan,nan,nan,nan,nan,nan,nan,nan,nan,nan,nan,nan,nan,nan,nan,nan,nan,nan,nan,nan,nan,nan,nan,nan,nan,nan,nan,nan,nan,nan,nan,nan,nan,nan,nan,nan,nan,nan,nan,nan,nan,nan,nan,nan,nan,nan,nan,nan,nan
208,40332,0.5742733333333334,-2.798368542671203,0.4,187,0.47593582887700536,0.0748663101604278,0.0,0.18716577540106952,0.0,0.9733333333333334,0.9940828402366864,0.5508021390374331,0.2192513368983957,0.22994652406417113,16.0,0.08021390374331551,0.053055555555555564,120.3463670730589,0.0032868092753927914,0.7395320869633779,0.9743655729441942,0.0427807486631016,0.7959183673469388,0.13777777777777778,0.24888888888888888,0.3422222222222222,0.5733333333333334,0.9244444444444444,0.9333333333333333,0.6094674556213018,0.9763313609467456,0.9763313609467456,0.09799382016062737,0.09799382016062737,nan,nan,nan,nan,nan,nan,nan,nan,nan,nan,nan,nan,nan,nan,nan,nan,nan,nan,nan,nan,nan,nan,nan,nan,nan,nan,nan,nan,nan,nan,nan,nan,nan,nan,nan,nan,nan,nan,nan,nan,nan,nan,nan,nan,nan,nan,nan,nan,nan,nan,nan,nan,nan,nan,nan,nan,nan,nan,nan,nan,nan,nan,nan,nan,nan,nan,nan
209,40559,0.5718772222222223,-4.1514706976413756,0.4088888888888889,227,0.4008810572687225,0.1013215859030837,0.0,0.23788546255506607,0.0,0.8577777777777778,0.9053254437869822,0.5022026431718062,0.21585903083700442,0.28193832599118945,18.0,0.09691629955947137,0.045555555555555585,140.51876854896526,0.0028782236609447053,0.6476003237125586,0.9778309730293177,0.05726872246696035,0.7241379310344828,0.12444444444444444,0.2088888888888889,0.27555555555555555,0.48444444444444446,0.6488888888888888,0.7155555555555555,0.5680473372781065,0.7100591715976331,0.7810650887573964,0.10678647235035896,0.10678647235035896,nan,nan,nan,nan,nan,nan,nan,nan,nan,nan,nan,nan,nan,nan,nan,nan,nan,nan,nan,nan,nan,nan,nan,nan,nan,nan,nan,nan,nan,nan,nan,nan,nan,nan,nan,nan,nan,nan,nan,nan,nan,nan,nan,nan,nan,nan,nan,nan,nan,nan,nan,nan,nan,nan,nan,nan,nan,nan,nan,nan,nan,nan,nan,nan,nan,nan,nan
210,40710,0.5702833333333334,-2.724438695430756,0.3244444444444444,151,0.4768211920529801,0.052980132450331126,0.013245033112582781,0.18543046357615894,0.0,0.8488888888888889,0.893491124260355,0.543046357615894,0.17218543046357615,0.2847682119205298,8.0,0.033112582781456956,0.045714285714285714,100.12798757553094,0.00319590963274489,0.7190796673676003,0.9941809294275474,0.019867549668874173,0.825,0.13333333333333333,0.2311111111111111,0.3244444444444444,0.6311111111111111,0.7733333333333333,0.8488888888888889,0.7514792899408284,0.8698224852071006,0.893491124260355,0.08740830942988395,0.08740830942988395,nan,nan,nan,nan,nan,nan,nan,nan,nan,nan,nan,nan,nan,nan,nan,nan,nan,nan,nan,nan,nan,nan,nan,nan,nan,nan,nan,nan,nan,nan,nan,nan,nan,nan,nan,nan,nan,nan,nan,nan,nan,nan,nan,nan,nan,nan,nan,nan,nan,nan,nan,nan,nan,nan,nan,nan,nan,nan,nan,nan,nan,nan,nan,nan,nan,nan,nan
211,40905,0.568225,-4.690601633310319,0.3422222222222222,195,0.38974358974358975,0.08205128205128205,0.0,0.28205128205128205,0.0,0.8444444444444444,0.9053254437869822,0.4717948717948718,0.23076923076923078,0.29743589743589743,18.0,0.15897435897435896,0.042638888888888886,120.62477746009849,0.002800235448222994,0.6300529758501736,0.9651738257095908,0.07692307692307693,0.75,0.1288888888888889,0.23555555555555555,0.3111111111111111,0.49777777777777776,0.7422222222222222,0.8444444444444444,0.6153846153846154,0.834319526627219,0.9053254437869822,0.1060706201940775,0.1060706201940775,nan,nan,nan,nan,nan,nan,nan,nan,nan,nan,nan,nan,nan,nan,nan,nan,nan,nan,nan,nan,nan,nan,nan,nan,nan,nan,nan,nan,nan,nan,nan,nan,nan,nan,nan,nan,nan,nan,nan,nan,nan,nan,nan,nan,nan,nan,nan,nan,nan,nan,nan,nan,nan,nan,nan,nan,nan,nan,nan,nan,nan,nan,nan,nan,nan,nan,nan
212,41100,0.5661666666666667,-1.3869286994934056,0.4222222222222222,195,0.48205128205128206,0.07692307692307693,0.020512820512820513,0.11282051282051282,0.0,0.8933333333333333,0.9289940828402367,0.5794871794871795,0.2205128205128205,0.2,11.0,0.05128205128205128,0.0525,120.20884475707976,0.003475432931928019,0.7819724096838042,0.9888204664426098,0.015384615384615385,0.7833333333333333,0.1511111111111111,0.2577777777777778,0.37333333333333335,0.6088888888888889,0.7911111111111111,0.88,0.7159763313609467,0.893491124260355,0.9289940828402367,0.10563634559512139,0.10563634559512139,nan,nan,nan,nan,nan,nan,nan,nan,nan,nan,nan,nan,nan,nan,nan,nan,nan,nan,nan,nan,nan,nan,nan,nan,nan,nan,nan,nan,nan,nan,nan,nan,nan,nan,nan,nan,nan,nan,nan,nan,nan,nan,nan,nan,nan,nan,nan,nan,nan,nan,nan,nan,nan,nan,nan,nan,nan,nan,nan,nan,nan,nan,nan,nan,nan,nan,nan
213,41295,0.5641083333333334,-2.191722120523453,0.4,195,0.4564102564102564,0.07179487179487179,0.02564102564102564,0.18461538461538463,0.0,0.9422222222222222,0.9881656804733728,0.5538461538461539,0.26153846153846155,0.18461538461538463,14.0,0.1076923076923077,0.050694444444444445,120.01640114784207,0.0032958458325065996,0.7415653123139848,0.9855909458682666,0.02564102564102564,0.76,0.12444444444444444,0.2311111111111111,0.3288888888888889,0.5288888888888889,0.7288888888888889,0.8977777777777778,0.5798816568047337,0.8461538461538461,0.9704142011834319,0.10542383678257465,0.10542383678257465,nan,nan,nan,nan,nan,nan,nan,nan,nan,nan,nan,nan,nan,nan,nan,nan,nan,nan,nan,nan,nan,nan,nan,nan,nan,nan,nan,nan,nan,nan,nan,nan,nan,nan,nan,nan,nan,nan,nan,nan,nan,nan,nan,nan,nan,nan,nan,nan,nan,nan,nan,nan,nan,nan,nan,nan,nan,nan,nan,nan,nan,nan,nan,nan,nan,nan,nan
214,41438,0.5625988888888889,-2.1101300587654115,0.3333333333333333,143,0.5174825174825175,0.09090909090909091,0.0,0.14685314685314685,0.0,0.8622222222222222,0.9526627218934911,0.6083916083916084,0.18181818181818182,0.2097902097902098,7.0,0.013986013986013986,0.0565432098765432,100.02028627395626,0.0032882218311999223,0.7398499120199825,1.0,0.013986013986013986,0.8285714285714286,0.14222222222222222,0.26222222222222225,nan,0.5422222222222223,0.8533333333333334,nan,0.5976331360946746,0.9408284023668639,nan,0.0835516557097435,0.0835516557097435,nan,nan,nan,nan,nan,nan,nan,nan,nan,nan,nan,nan,nan,nan,nan,nan,nan,nan,nan,nan,nan,nan,nan,nan,nan,nan,nan,nan,nan,nan,nan,nan,nan,nan,nan,nan,nan,nan,nan,nan,nan,nan,nan,nan,nan,nan,nan,nan,nan,nan,nan,nan,nan,nan,nan,nan,nan,nan,nan,nan,nan,nan,nan,nan,nan,nan,nan
215,41670,0.5601499999999999,-6.768122859478001,0.27111111111111114,232,0.25862068965517243,0.21982758620689655,0.0,0.2629310344827586,0.0,0.7733333333333333,0.8757396449704142,0.47844827586206895,0.23706896551724138,0.28448275862068967,51.0,0.4051724137931034,0.026666666666666672,140.34402723312377,0.0019000927358576503,0.42752086556797125,0.9868159969821921,0.04741379310344827,0.43333333333333335,0.13777777777777778,0.21333333333333335,0.25333333333333335,0.6266666666666667,0.7688888888888888,0.7688888888888888,0.6863905325443787,0.8757396449704142,0.8757396449704142,0.1035574808716774,0.1035574808716774,nan,nan,nan,nan,nan,nan,nan,nan,nan,nan,nan,nan,nan,nan,nan,nan,nan,nan,nan,nan,nan,nan,nan,nan,nan,nan,nan,nan,nan,nan,nan,nan,nan,nan,nan,nan,nan,nan,nan,nan,nan,nan,nan,nan,nan,nan,nan,nan,nan,nan,nan,nan,nan,nan,nan,nan,nan,nan,nan,nan,nan,nan,nan,nan,nan,nan,nan
216,41840,0.5583555555555555,-3.470422252178194,0.31555555555555553,170,0.4117647058823529,0.047058823529411764,0.0,0.27058823529411763,0.0058823529411764705,0.9511111111111111,0.9881656804733728,0.4588235294117647,0.2235294117647059,0.3176470588235294,8.0,0.047058823529411764,0.04555555555555556,100.48021192550652,0.0030962425849754478,0.6966545816194757,0.9879396909900345,0.052941176470588235,0.8695652173913043,0.13777777777777778,0.2222222222222222,0.28444444444444444,0.5333333333333333,0.7911111111111111,0.9066666666666666,0.5976331360946746,0.8402366863905325,0.9644970414201184,0.10887727811932564,0.10887727811932564,nan,nan,nan,nan,nan,nan,nan,nan,nan,nan,nan,nan,nan,nan,nan,nan,nan,nan,nan,nan,nan,nan,nan,nan,nan,nan,nan,nan,nan,nan,nan,nan,nan,nan,nan,nan,nan,nan,nan,nan,nan,nan,nan,nan,nan,nan,nan,nan,nan,nan,nan,nan,nan,nan,nan,nan,nan,nan,nan,nan,nan,nan,nan,nan,nan,nan,nan
217,42067,0.5559594444444445,-3.0976311898231526,0.4444444444444444,227,0.43612334801762115,0.0881057268722467,0.004405286343612335,0.21585903083700442,0.0,0.9022222222222223,0.9289940828402367,0.5286343612334802,0.27312775330396477,0.19823788546255505,8.0,0.04405286343612335,0.049111111111111085,140.19648752212518,0.0031384523804889276,0.7061517856100087,0.9831517746355628,0.02643171806167401,0.7241379310344828,0.1111111111111111,0.2,0.3111111111111111,0.4444444444444444,0.6088888888888889,0.84,0.48520710059171596,0.6627218934911243,0.9289940828402367,0.09794319346547127,0.09794319346547127,nan,nan,nan,nan,nan,nan,nan,nan,nan,nan,nan,nan,nan,nan,nan,nan,nan,nan,nan,nan,nan,nan,nan,nan,nan,nan,nan,nan,nan,nan,nan,nan,nan,nan,nan,nan,nan,nan,nan,nan,nan,nan,nan,nan,nan,nan,nan,nan,nan,nan,nan,nan,nan,nan,nan,nan,nan,nan,nan,nan,nan,nan,nan,nan,nan,nan,nan
218,42269,0.5538272222222222,-1.146623231887816,0.4266666666666667,202,0.47029702970297027,0.06435643564356436,0.0049504950495049506,0.14356435643564355,0.0,0.88,0.9112426035502958,0.5396039603960396,0.21782178217821782,0.24257425742574257,9.0,0.019801980198019802,0.052592592592592635,120.13926887512176,0.0035144397512615073,0.7907489440338391,0.992532494215657,0.024752475247524754,0.8412698412698413,0.1288888888888889,0.2222222222222222,0.31555555555555553,0.5288888888888889,0.7155555555555555,0.8088888888888889,0.6331360946745562,0.8461538461538461,0.8994082840236687,0.11428086310625077,0.11428086310625077,nan,nan,nan,nan,nan,nan,nan,nan,nan,nan,nan,nan,nan,nan,nan,nan,nan,nan,nan,nan,nan,nan,nan,nan,nan,nan,nan,nan,nan,nan,nan,nan,nan,nan,nan,nan,nan,nan,nan,nan,nan,nan,nan,nan,nan,nan,nan,nan,nan,nan,nan,nan,nan,nan,nan,nan,nan,nan,nan,nan,nan,nan,nan,nan,nan,nan,nan
219,42519,0.5511883333333334,-4.164993028640755,0.38666666666666666,250,0.344,0.108,0.0,0.308,0.0,0.7955555555555556,0.8579881656804734,0.452,0.24,0.308,17.0,0.204,0.03822222222222223,136.90469551086406,0.002791885411935276,0.6281742176854371,0.9658704056818558,0.1,0.6666666666666666,0.13777777777777778,0.2,0.26222222222222225,0.5511111111111111,0.6755555555555556,0.7155555555555555,0.6449704142011834,0.7692307692307693,0.7692307692307693,0.10509797446429729,0.10509797446429729,nan,nan,nan,nan,nan,nan,nan,nan,nan,nan,nan,nan,nan,nan,nan,nan,nan,nan,nan,nan,nan,nan,nan,nan,nan,nan,nan,nan,nan,nan,nan,nan,nan,nan,nan,nan,nan,nan,nan,nan,nan,nan,nan,nan,nan,nan,nan,nan,nan,nan,nan,nan,nan,nan,nan,nan,nan,nan,nan,nan,nan,nan,nan,nan,nan,nan,nan
220,42769,0.5485494444444445,-5.919446590662003,0.3288888888888889,250,0.292,0.12,0.028,0.284,0.0,0.8266666666666667,0.8461538461538461,0.44,0.236,0.324,19.0,0.212,0.03244444444444444,145.8042532444001,0.002225205624835951,0.5006712655880888,0.984250526573713,0.06,0.6231884057971014,0.1111111111111111,0.19555555555555557,0.25333333333333335,0.4,0.6488888888888888,0.7866666666666666,0.4556213017751479,0.6923076923076923,0.8106508875739645,0.08793848529458045,0.08793848529458045,-185.31443767156597,0.15022222222222223,231.8,0.7,0.3,0.1482943550565266,0.04191482038816221,0.014000000000000002,0.6879470828545535,0.0020643657002607763,0.5537777777777777,0.6059171597633136,0.2042091754446888,0.6106856706728891,0.18510515388242202,149.8,0.6818884875451371,0.016025396825396825,98.94416830062826,0.0014711886859448812,0.3310174543375982,0.5472769663799487,0.12334173953060286,0.6994993446259327,0.10533333333333332,0.14000000000000004,0.14844444444444446,0.47733333333333333,0.5364444444444444,0.5537777777777777,0.5349112426035503,0.5946745562130177,0.6059171597633136,-185.27772531654836,0.15333333333333332,226.9,0.5,0.5,0.16692307965286587,0.04639084286185147,0.0008,0.6840828840050914,0.002628782337189305,0.563111111111111,0.6437869822485207,0.21411392251471736,0.6036992577430335,0.1821868197422492,139.8,0.6374109940184927,0.018125688950043958,96.64595539569828,0.00157676037173758,0.35477108364095544,0.5668199590202361,0.12148034424201593,0.7376444453379438,0.11466666666666667,0.13822222222222225,0.13382716049382715,0.5013333333333334,0.5417777777777777,0.5229629629629629,0.5905325443786983,0.6236686390532544,0.6074950690335306,1.3584723208415515
221,43009,0.5460161111111111,-3.194452260017396,0.4222222222222222,240,0.39166666666666666,0.1125,0.004166666666666667,0.22083333333333333,0.0,0.9155555555555556,0.9704142011834319,0.5083333333333333,0.22083333333333333,0.2708333333333333,12.0,0.09583333333333334,0.04237037037037037,140.1376405715942,0.002981196030372307,0.670769106833769,0.987796115882773,0.008333333333333333,0.703125,0.14222222222222222,0.23555555555555555,0.3111111111111111,0.5377777777777778,0.8133333333333334,0.9155555555555556,0.6568047337278107,0.9112426035502958,0.9704142011834319,0.09548864364624024,0.09548864364624024,nan,nan,nan,nan,nan,nan,nan,nan,nan,nan,nan,nan,nan,nan,nan,nan,nan,nan,nan,nan,nan,nan,nan,nan,nan,nan,nan,nan,nan,nan,nan,nan,nan,nan,nan,nan,nan,nan,nan,nan,nan,nan,nan,nan,nan,nan,nan,nan,nan,nan,nan,nan,nan,nan,nan,nan,nan,nan,nan,nan,nan,nan,nan,nan,nan,nan,nan
222,43195,0.5440527777777777,-2.593524079322816,0.37333333333333335,186,0.44623655913978494,0.07526881720430108,0.005376344086021506,0.20430107526881722,0.005376344086021506,0.9022222222222223,0.9822485207100592,0.5268817204301075,0.26344086021505375,0.20967741935483872,10.0,0.07526881720430108,0.05035353535353536,110.83356266021713,0.003328313915341628,0.7488706309518662,0.9875819056145807,0.043010752688172046,0.78,0.13777777777777778,0.23555555555555555,0.30666666666666664,0.5022222222222222,0.7777777777777778,0.8844444444444445,0.6035502958579881,0.9112426035502958,0.9704142011834319,0.10883973389863968,0.10883973389863968,nan,nan,nan,nan,nan,nan,nan,nan,nan,nan,nan,nan,nan,nan,nan,nan,nan,nan,nan,nan,nan,nan,nan,nan,nan,nan,nan,nan,nan,nan,nan,nan,nan,nan,nan,nan,nan,nan,nan,nan,nan,nan,nan,nan,nan,nan,nan,nan,nan,nan,nan,nan,nan,nan,nan,nan,nan,nan,nan,nan,nan,nan,nan,nan,nan,nan,nan
223,43444,0.5414244444444445,-4.649714659929279,0.4577777777777778,249,0.40963855421686746,0.060240963855421686,0.03614457831325301,0.23293172690763053,0.0,0.9644444444444444,1.0,0.5060240963855421,0.26506024096385544,0.2289156626506024,10.0,0.07228915662650602,0.04538888888888889,150.29252057075536,0.003016339945672221,0.6786764877762497,0.9647336476948614,0.05622489959839357,0.75,0.12,0.2222222222222222,0.3333333333333333,0.52,0.7111111111111111,0.9555555555555556,0.621301775147929,0.7633136094674556,0.9940828402366864,0.09872420504689217,0.09872420504689217,nan,nan,nan,nan,nan,nan,nan,nan,nan,nan,nan,nan,nan,nan,nan,nan,nan,nan,nan,nan,nan,nan,nan,nan,nan,nan,nan,nan,nan,nan,nan,nan,nan,nan,nan,nan,nan,nan,nan,nan,nan,nan,nan,nan,nan,nan,nan,nan,nan,nan,nan,nan,nan,nan,nan,nan,nan,nan,nan,nan,nan,nan,nan,nan,nan,nan,nan
224,43609,0.5396827777777777,-2.442799895048142,0.3244444444444444,165,0.43636363636363634,0.07272727272727272,0.0,0.21212121212121213,0.0,0.8266666666666667,0.863905325443787,0.509090909090909,0.24242424242424243,0.24848484848484848,9.0,0.048484848484848485,0.04656084656084657,100.16952280998211,0.0031945844506719692,0.7187815014011931,0.9938882656458345,0.024242424242424242,0.7777777777777778,0.1288888888888889,0.23555555555555555,0.31555555555555553,0.5377777777777778,0.7866666666666666,0.8266666666666667,0.5798816568047337,0.863905325443787,0.863905325443787,0.1000211402773857,0.1000211402773857,nan,nan,nan,nan,nan,nan,nan,nan,nan,nan,nan,nan,nan,nan,nan,nan,nan,nan,nan,nan,nan,nan,nan,nan,nan,nan,nan,nan,nan,nan,nan,nan,nan,nan,nan,nan,nan,nan,nan,nan,nan,nan,nan,nan,nan,nan,nan,nan,nan,nan,nan,nan,nan,nan,nan,nan,nan,nan,nan,nan,nan,nan,nan,nan,nan,nan,nan
225,43822,0.5374344444444444,-3.95858915948868,0.38666666666666666,213,0.40375586854460094,0.10328638497652583,0.028169014084507043,0.20657276995305165,0.0,0.8933333333333333,0.9644970414201184,0.5352112676056338,0.14084507042253522,0.323943661971831,31.0,0.20657276995305165,0.04429249762583096,130.5294205665585,0.0029282457591798053,0.6588552958154562,0.9523302537708084,0.03755868544600939,0.6909090909090909,0.14222222222222222,0.25333333333333335,0.3022222222222222,0.5333333333333333,0.7066666666666667,0.8133333333333334,0.6449704142011834,0.8402366863905325,0.9171597633136095,0.10445908829569817,0.10445908829569817,nan,nan,nan,nan,nan,nan,nan,nan,nan,nan,nan,nan,nan,nan,nan,nan,nan,nan,nan,nan,nan,nan,nan,nan,nan,nan,nan,nan,nan,nan,nan,nan,nan,nan,nan,nan,nan,nan,nan,nan,nan,nan,nan,nan,nan,nan,nan,nan,nan,nan,nan,nan,nan,nan,nan,nan,nan,nan,nan,nan,nan,nan,nan,nan,nan,nan,nan
226,44012,0.535428888888889,-1.8892012100219704,0.41333333333333333,190,0.4842105263157895,0.08421052631578947,0.005263157894736842,0.1368421052631579,0.0,0.9466666666666667,0.9644970414201184,0.5736842105263158,0.20526315789473684,0.22105263157894736,9.0,0.07368421052631578,0.05444444444444444,120.6590591430662,0.003388795601365222,0.7624790103071749,0.9798708044330146,0.021052631578947368,0.8363636363636363,0.16,0.2577777777777778,0.31555555555555553,0.6488888888888888,0.7066666666666667,0.72,0.7159763313609467,0.7514792899408284,0.7514792899408284,0.105448317527771,0.105448317527771,nan,nan,nan,nan,nan,nan,nan,nan,nan,nan,nan,nan,nan,nan,nan,nan,nan,nan,nan,nan,nan,nan,nan,nan,nan,nan,nan,nan,nan,nan,nan,nan,nan,nan,nan,nan,nan,nan,nan,nan,nan,nan,nan,nan,nan,nan,nan,nan,nan,nan,nan,nan,nan,nan,nan,nan,nan,nan,nan,nan,nan,nan,nan,nan,nan,nan,nan
227,44200,0.5334444444444444,-2.394070962190628,0.40444444444444444,188,0.4787234042553192,0.09042553191489362,0.010638297872340425,0.19680851063829788,0.0,0.9022222222222223,0.9289940828402367,0.5797872340425532,0.20212765957446807,0.21808510638297873,13.0,0.07446808510638298,0.05256410256410256,120.24829487800571,0.003326450494834941,0.7484513613378617,0.98886051805285,0.0425531914893617,0.7073170731707317,0.14666666666666667,0.23555555555555555,0.3422222222222222,0.7688888888888888,0.8444444444444444,0.88,0.8106508875739645,0.9053254437869822,0.9053254437869822,0.09859223663806915,0.09859223663806915,nan,nan,nan,nan,nan,nan,nan,nan,nan,nan,nan,nan,nan,nan,nan,nan,nan,nan,nan,nan,nan,nan,nan,nan,nan,nan,nan,nan,nan,nan,nan,nan,nan,nan,nan,nan,nan,nan,nan,nan,nan,nan,nan,nan,nan,nan,nan,nan,nan,nan,nan,nan,nan,nan,nan,nan,nan,nan,nan,nan,nan,nan,nan,nan,nan,nan,nan
228,44433,0.530985,-3.7090609889030466,0.37333333333333335,233,0.3562231759656652,0.13733905579399142,0.0,0.21888412017167383,0.004291845493562232,0.7333333333333333,0.7810650887573964,0.49356223175965663,0.2703862660944206,0.23605150214592274,11.0,0.12875536480686695,0.04066666666666667,131.01010465621906,0.0028157285261078352,0.6335389183742629,0.9891979728031135,0.017167381974248927,0.6268656716417911,0.12444444444444444,0.21777777777777776,0.29777777777777775,0.52,0.6666666666666666,0.6666666666666666,0.5798816568047337,0.6923076923076923,0.6923076923076923,0.10515178069472313,0.10515178069472313,nan,nan,nan,nan,nan,nan,nan,nan,nan,nan,nan,nan,nan,nan,nan,nan,nan,nan,nan,nan,nan,nan,nan,nan,nan,nan,nan,nan,nan,nan,nan,nan,nan,nan,nan,nan,nan,nan,nan,nan,nan,nan,nan,nan,nan,nan,nan,nan,nan,nan,nan,nan,nan,nan,nan,nan,nan,nan,nan,nan,nan,nan,nan,nan,nan,nan,nan
229,44651,0.528683888888889,-2.813596792936325,0.43555555555555553,218,0.44495412844036697,0.10091743119266056,0.0,0.18807339449541285,0.0,0.9466666666666667,0.9881656804733728,0.5458715596330275,0.21100917431192662,0.24311926605504589,12.0,0.09174311926605505,0.048861454046639226,130.43425517082179,0.0033051985503847222,0.7436696738365625,0.9765159123331376,0.05504587155963303,0.7413793103448276,0.1511111111111111,0.2311111111111111,0.3288888888888889,0.5688888888888889,0.6488888888888888,0.8133333333333334,0.650887573964497,0.7159763313609467,0.863905325443787,0.12052383422851562,0.12052383422851562,nan,nan,nan,nan,nan,nan,nan,nan,nan,nan,nan,nan,nan,nan,nan,nan,nan,nan,nan,nan,nan,nan,nan,nan,nan,nan,nan,nan,nan,nan,nan,nan,nan,nan,nan,nan,nan,nan,nan,nan,nan,nan,nan,nan,nan,nan,nan,nan,nan,nan,nan,nan,nan,nan,nan,nan,nan,nan,nan,nan,nan,nan,nan,nan,nan,nan,nan
230,44853,0.5265516666666668,-2.3013076858520503,0.37777777777777777,202,0.4158415841584158,0.10891089108910891,0.0,0.19306930693069307,0.0,0.8711111111111111,0.9408284023668639,0.5247524752475248,0.20297029702970298,0.2722772277227723,13.0,0.054455445544554455,0.04148148148148148,120.23150177001915,0.0031051207698249636,0.6986521732106168,0.989632561356118,0.019801980198019802,0.7543859649122807,0.10666666666666667,0.20444444444444446,0.3111111111111111,0.44,0.7555555555555555,0.8711111111111111,0.4970414201183432,0.8402366863905325,0.9408284023668639,0.10930747762322426,0.10930747762322426,nan,nan,nan,nan,nan,nan,nan,nan,nan,nan,nan,nan,nan,nan,nan,nan,nan,nan,nan,nan,nan,nan,nan,nan,nan,nan,nan,nan,nan,nan,nan,nan,nan,nan,nan,nan,nan,nan,nan,nan,nan,nan,nan,nan,nan,nan,nan,nan,nan,nan,nan,nan,nan,nan,nan,nan,nan,nan,nan,nan,nan,nan,nan,nan,nan,nan,nan
231,45010,0.5248944444444446,-2.4804015994071955,0.32,157,0.45222929936305734,0.11464968152866242,0.0,0.16560509554140126,0.006369426751592357,0.9066666666666666,0.9289940828402367,0.5668789808917197,0.18471337579617833,0.2484076433121019,10.0,0.05732484076433121,0.05160997732426304,100.84191999435404,0.003129210109974334,0.7040722747442251,0.9852881174796941,0.050955414012738856,0.6904761904761905,0.1288888888888889,0.20444444444444446,0.3022222222222222,0.5111111111111111,0.6133333333333333,0.88,0.591715976331361,0.6568047337278107,0.9112426035502958,0.10533878207206726,0.10533878207206726,nan,nan,nan,nan,nan,nan,nan,nan,nan,nan,nan,nan,nan,nan,nan,nan,nan,nan,nan,nan,nan,nan,nan,nan,nan,nan,nan,nan,nan,nan,nan,nan,nan,nan,nan,nan,nan,nan,nan,nan,nan,nan,nan,nan,nan,nan,nan,nan,nan,nan,nan,nan,nan,nan,nan,nan,nan,nan,nan,nan,nan,nan,nan,nan,nan,nan,nan
232,45210,0.5227833333333334,-2.1896041936874373,0.4,200,0.445,0.085,0.01,0.195,0.0,0.8355555555555556,0.8994082840236687,0.54,0.225,0.235,11.0,0.07,0.049444444444444444,120.5200399398801,0.0032820728880680215,0.7384663998153047,0.9956066017177982,0.02,0.7358490566037735,0.14222222222222222,0.2577777777777778,0.31555555555555553,0.6311111111111111,0.7688888888888888,0.7688888888888888,0.757396449704142,0.8520710059171598,0.8520710059171598,0.10377571135759353,0.10377571135759353,nan,nan,nan,nan,nan,nan,nan,nan,nan,nan,nan,nan,nan,nan,nan,nan,nan,nan,nan,nan,nan,nan,nan,nan,nan,nan,nan,nan,nan,nan,nan,nan,nan,nan,nan,nan,nan,nan,nan,nan,nan,nan,nan,nan,nan,nan,nan,nan,nan,nan,nan,nan,nan,nan,nan,nan,nan,nan,nan,nan,nan,nan,nan,nan,nan,nan,nan
233,45460,0.5201444444444445,-2.6102646861076364,0.36,250,0.32,0.148,0.0,0.256,0.004,0.7955555555555556,0.8284023668639053,0.468,0.228,0.304,26.0,0.212,0.035555555555555556,135.85966367721528,0.0026170796094439693,0.588842912124893,0.9953137084989848,0.06,0.5797101449275363,0.13333333333333333,0.21333333333333335,0.29333333333333333,0.4622222222222222,0.64,0.7955555555555556,0.5266272189349113,0.6863905325443787,0.8284023668639053,0.09637791067361831,0.09637791067361831,nan,nan,nan,nan,nan,nan,nan,nan,nan,nan,nan,nan,nan,nan,nan,nan,nan,nan,nan,nan,nan,nan,nan,nan,nan,nan,nan,nan,nan,nan,nan,nan,nan,nan,nan,nan,nan,nan,nan,nan,nan,nan,nan,nan,nan,nan,nan,nan,nan,nan,nan,nan,nan,nan,nan,nan,nan,nan,nan,nan,nan,nan,nan,nan,nan,nan,nan
234,45632,0.5183288888888888,-3.1698314614295966,0.29333333333333333,172,0.37790697674418605,0.13372093023255813,0.0,0.23837209302325582,0.005813953488372093,0.7777777777777778,0.8461538461538461,0.5116279069767442,0.27906976744186046,0.20930232558139536,16.0,0.1744186046511628,0.04187590187590188,100.59839487075784,0.0028717047549320666,0.6461335698597149,0.9873255288157496,0.029069767441860465,0.6046511627906976,0.13777777777777778,0.2088888888888889,0.26222222222222225,0.49777777777777776,0.5911111111111111,0.7288888888888889,0.5562130177514792,0.6449704142011834,0.7869822485207101,0.0943538025021553,0.0943538025021553,nan,nan,nan,nan,nan,nan,nan,nan,nan,nan,nan,nan,nan,nan,nan,nan,nan,nan,nan,nan,nan,nan,nan,nan,nan,nan,nan,nan,nan,nan,nan,nan,nan,nan,nan,nan,nan,nan,nan,nan,nan,nan,nan,nan,nan,nan,nan,nan,nan,nan,nan,nan,nan,nan,nan,nan,nan,nan,nan,nan,nan,nan,nan,nan,nan,nan,nan
235,45849,0.5160383333333334,-3.542948380947114,0.38222222222222224,217,0.391705069124424,0.10138248847926268,0.0,0.22580645161290322,0.0,0.8088888888888889,0.8757396449704142,0.4930875576036866,0.2534562211981567,0.2534562211981567,14.0,0.10138248847926268,0.04336964415395789,130.2471274375915,0.002900469171259011,0.6526055635332774,0.9824028484524515,0.018433179723502304,0.7213114754098361,0.1288888888888889,0.22666666666666666,0.29333333333333333,0.4488888888888889,0.6666666666666666,0.7777777777777778,0.5325443786982249,0.7692307692307693,0.863905325443787,0.10621126666665077,0.10621126666665077,nan,nan,nan,nan,nan,nan,nan,nan,nan,nan,nan,nan,nan,nan,nan,nan,nan,nan,nan,nan,nan,nan,nan,nan,nan,nan,nan,nan,nan,nan,nan,nan,nan,nan,nan,nan,nan,nan,nan,nan,nan,nan,nan,nan,nan,nan,nan,nan,nan,nan,nan,nan,nan,nan,nan,nan,nan,nan,nan,nan,nan,nan,nan,nan,nan,nan,nan
236,46013,0.5143072222222222,-2.182642773628235,0.3511111111111111,164,0.47560975609756095,0.036585365853658534,0.0,0.23780487804878048,0.0,0.8977777777777778,0.9585798816568047,0.5121951219512195,0.20121951219512196,0.2865853658536585,8.0,0.018292682926829267,0.051519274376417235,100.70135974884006,0.0034425222015997633,0.7745674953599467,0.9982140657389424,0.054878048780487805,0.8536585365853658,0.1288888888888889,0.21333333333333335,0.3333333333333333,0.5466666666666666,0.7022222222222222,0.8977777777777778,0.6390532544378699,0.757396449704142,0.9585798816568047,0.08761777132749557,0.08761777132749557,nan,nan,nan,nan,nan,nan,nan,nan,nan,nan,nan,nan,nan,nan,nan,nan,nan,nan,nan,nan,nan,nan,nan,nan,nan,nan,nan,nan,nan,nan,nan,nan,nan,nan,nan,nan,nan,nan,nan,nan,nan,nan,nan,nan,nan,nan,nan,nan,nan,nan,nan,nan,nan,nan,nan,nan,nan,nan,nan,nan,nan,nan,nan,nan,nan,nan,nan
237,46213,0.5121961111111111,-2.3311637439727786,0.39111111111111113,200,0.435,0.095,0.005,0.185,0.0,0.8888888888888888,0.9289940828402367,0.535,0.27,0.195,7.0,0.035,0.04833333333333334,120.29679756164523,0.003214272320661921,0.7232112721489321,0.9779483320232292,0.045,0.7636363636363637,0.13777777777777778,0.22666666666666666,0.3111111111111111,0.5333333333333333,0.7555555555555555,0.8577777777777778,0.5798816568047337,0.8165680473372781,0.9112426035502958,0.10919074863195419,0.10919074863195419,nan,nan,nan,nan,nan,nan,nan,nan,nan,nan,nan,nan,nan,nan,nan,nan,nan,nan,nan,nan,nan,nan,nan,nan,nan,nan,nan,nan,nan,nan,nan,nan,nan,nan,nan,nan,nan,nan,nan,nan,nan,nan,nan,nan,nan,nan,nan,nan,nan,nan,nan,nan,nan,nan,nan,nan,nan,nan,nan,nan,nan,nan,nan,nan,nan,nan,nan
238,46374,0.5104966666666667,-3.860313381195069,0.29777777777777775,161,0.40993788819875776,0.06832298136645963,0.0,0.2732919254658385,0.0,0.8444444444444444,0.8875739644970414,0.4782608695652174,0.2981366459627329,0.2236024844720497,8.0,0.062111801242236024,0.045945165945165935,100.61250839233377,0.0029154757993856365,0.6559820548617682,0.9919172087748402,0.037267080745341616,0.75,0.11555555555555555,0.21777777777777776,0.27555555555555555,0.40444444444444444,0.7422222222222222,0.7911111111111111,0.46153846153846156,0.8047337278106509,0.8461538461538461,0.09677501879632473,0.09677501879632473,nan,nan,nan,nan,nan,nan,nan,nan,nan,nan,nan,nan,nan,nan,nan,nan,nan,nan,nan,nan,nan,nan,nan,nan,nan,nan,nan,nan,nan,nan,nan,nan,nan,nan,nan,nan,nan,nan,nan,nan,nan,nan,nan,nan,nan,nan,nan,nan,nan,nan,nan,nan,nan,nan,nan,nan,nan,nan,nan,nan,nan,nan,nan,nan,nan,nan,nan
239,46570,0.5084277777777777,-4.788209043025971,0.29777777777777775,196,0.336734693877551,0.11734693877551021,0.00510204081632653,0.23469387755102042,0.01020408163265306,0.7422222222222222,0.7988165680473372,0.45918367346938777,0.2653061224489796,0.2755102040816326,16.0,0.15306122448979592,0.037301587301587294,113.87818136215175,0.0025758519307617325,0.5795666844213898,0.9873831517219156,0.030612244897959183,0.6833333333333333,0.1288888888888889,0.20444444444444446,0.24444444444444444,0.6533333333333333,0.7288888888888889,0.7288888888888889,0.727810650887574,0.7988165680473372,0.7988165680473372,0.10863319933414459,0.10863319933414459,nan,nan,nan,nan,nan,nan,nan,nan,nan,nan,nan,nan,nan,nan,nan,nan,nan,nan,nan,nan,nan,nan,nan,nan,nan,nan,nan,nan,nan,nan,nan,nan,nan,nan,nan,nan,nan,nan,nan,nan,nan,nan,nan,nan,nan,nan,nan,nan,nan,nan,nan,nan,nan,nan,nan,nan,nan,nan,nan,nan,nan,nan,nan,nan,nan,nan,nan
240,46758,0.5064433333333334,-1.9061759681701655,0.4088888888888889,188,0.48404255319148937,0.0797872340425532,0.0,0.17553191489361702,0.0,0.9111111111111111,1.0,0.5638297872340425,0.14361702127659576,0.2925531914893617,15.0,0.06382978723404255,0.05311965811965813,120.07786636352508,0.0033681848011857976,0.7578415802668044,0.998442057346737,0.026595744680851064,0.8367346938775511,0.1511111111111111,0.27111111111111114,0.36444444444444446,0.5333333333333333,0.7511111111111111,0.8666666666666667,0.5976331360946746,0.8520710059171598,0.9526627218934911,0.09613354690372944,0.09613354690372944,-324.3488359764575,0.08133333333333333,241.9,0.8,0.2,0.07181950084409364,0.009355878998038053,0.0072,0.8742969567002783,0.0,0.39155555555555555,0.4497041420118343,0.08837537984213166,0.7986683031436784,0.11295631701418989,210.0,0.863464342747639,0.007876543209876543,90.31367596626248,0.0008361569449091288,0.18813531260455396,0.3621892860420813,0.10632203312497146,0.7477198455139631,0.07333333333333333,0.08133333333333333,0.08133333333333333,0.38266666666666665,0.39155555555555555,0.39155555555555555,0.442603550295858,0.4497041420118343,0.4497041420118343,-270.05780896313183,0.11733333333333333,234.9,0.7,0.3,0.11263486888270172,0.010377187582026869,0.0,0.8240197596179675,0.0020643367558595815,0.49777777777777776,0.572189349112426,0.12301205646472857,0.7155447378323967,0.1614432057028748,178.1,0.7639732240309552,0.012291666666666668,88.20389488697015,0.0012784574875077744,0.28765293468924924,0.44491329253393125,0.1579253707311415,0.9233486943164362,0.09866666666666665,0.11155555555555556,0.11422222222222222,0.45244444444444437,0.49111111111111105,0.4924444444444444,0.5177514792899409,0.5650887573964496,0.5668639053254438,0.9247852728468113
241,46979,0.5041105555555556,-4.159979582309723,0.36,221,0.36199095022624433,0.1085972850678733,0.0,0.26244343891402716,0.0,0.8977777777777778,0.9289940828402367,0.47058823529411764,0.22171945701357465,0.3076923076923077,24.0,0.14027149321266968,0.03988242210464432,120.79980554580649,0.0029433454296474942,0.6622527216706862,0.9760548319170191,0.04524886877828054,0.6779661016949152,0.13333333333333333,0.2088888888888889,0.30666666666666664,0.5244444444444445,0.7688888888888888,0.8711111111111111,0.591715976331361,0.834319526627219,0.9053254437869822,0.09931636080145836,0.09931636080145836,nan,nan,nan,nan,nan,nan,nan,nan,nan,nan,nan,nan,nan,nan,nan,nan,nan,nan,nan,nan,nan,nan,nan,nan,nan,nan,nan,nan,nan,nan,nan,nan,nan,nan,nan,nan,nan,nan,nan,nan,nan,nan,nan,nan,nan,nan,nan,nan,nan,nan,nan,nan,nan,nan,nan,nan,nan,nan,nan,nan,nan,nan,nan,nan,nan,nan,nan
242,47137,0.5024427777777778,-3.1332349143028253,0.32,158,0.44936708860759494,0.04430379746835443,0.03164556962025317,0.1962025316455696,0.0,0.9555555555555556,0.9763313609467456,0.5253164556962026,0.25316455696202533,0.22151898734177214,13.0,0.05063291139240506,0.04507936507936507,100.2879515647887,0.003146495173467555,0.7079614140301999,0.9675260676309372,0.03164556962025317,0.813953488372093,0.14222222222222222,0.24444444444444444,0.32,0.6266666666666667,0.9022222222222223,0.9555555555555556,0.6982248520710059,0.9408284023668639,0.9763313609467456,0.09616829380393029,0.09616829380393029,nan,nan,nan,nan,nan,nan,nan,nan,nan,nan,nan,nan,nan,nan,nan,nan,nan,nan,nan,nan,nan,nan,nan,nan,nan,nan,nan,nan,nan,nan,nan,nan,nan,nan,nan,nan,nan,nan,nan,nan,nan,nan,nan,nan,nan,nan,nan,nan,nan,nan,nan,nan,nan,nan,nan,nan,nan,nan,nan,nan,nan,nan,nan,nan,nan,nan,nan
243,47313,0.5005850000000001,-5.480697894811632,0.2577777777777778,176,0.32386363636363635,0.07954545454545454,0.0,0.3522727272727273,0.0,0.8444444444444444,0.863905325443787,0.4034090909090909,0.3352272727272727,0.26136363636363635,12.0,0.13068181818181818,0.044999999999999915,100.47331328392002,0.0025213992159038054,0.5673148235783562,0.9480385239864741,0.08522727272727272,0.7209302325581395,0.09777777777777778,0.1688888888888889,0.21333333333333335,0.4444444444444444,0.5822222222222222,0.7155555555555555,0.48520710059171596,0.6094674556213018,0.7514792899408284,0.10011197850108147,0.10011197850108147,nan,nan,nan,nan,nan,nan,nan,nan,nan,nan,nan,nan,nan,nan,nan,nan,nan,nan,nan,nan,nan,nan,nan,nan,nan,nan,nan,nan,nan,nan,nan,nan,nan,nan,nan,nan,nan,nan,nan,nan,nan,nan,nan,nan,nan,nan,nan,nan,nan,nan,nan,nan,nan,nan,nan,nan,nan,nan,nan,nan,nan,nan,nan,nan,nan,nan,nan
244,47509,0.49851611111111116,-5.356808879852297,0.3244444444444444,196,0.3673469387755102,0.07653061224489796,0.015306122448979591,0.2653061224489796,0.0,0.9377777777777778,0.9644970414201184,0.45918367346938777,0.27040816326530615,0.27040816326530615,19.0,0.15816326530612246,0.04105820105820106,120.15056076049794,0.0026633250646068297,0.5992481395365367,0.9678465610822808,0.05612244897959184,0.7407407407407407,0.11555555555555555,0.15555555555555556,0.2311111111111111,0.4622222222222222,0.5111111111111111,0.6577777777777778,0.5621301775147929,0.591715976331361,0.7100591715976331,0.10828913673758507,0.10828913673758507,nan,nan,nan,nan,nan,nan,nan,nan,nan,nan,nan,nan,nan,nan,nan,nan,nan,nan,nan,nan,nan,nan,nan,nan,nan,nan,nan,nan,nan,nan,nan,nan,nan,nan,nan,nan,nan,nan,nan,nan,nan,nan,nan,nan,nan,nan,nan,nan,nan,nan,nan,nan,nan,nan,nan,nan,nan,nan,nan,nan,nan,nan,nan,nan,nan,nan,nan
245,47677,0.49674277777777776,-1.7630928585529322,0.36,168,0.47619047619047616,0.06547619047619048,0.005952380952380952,0.19642857142857142,0.0,0.8266666666666667,0.8698224852071006,0.5476190476190477,0.19047619047619047,0.2619047619047619,10.0,0.05952380952380952,0.0527689594356261,100.38183674812282,0.0035420307804061436,0.7969569255913822,0.9772726087849687,0.03571428571428571,0.813953488372093,0.1288888888888889,0.22666666666666666,0.3244444444444444,0.5422222222222223,0.7155555555555555,0.8266666666666667,0.5976331360946746,0.7751479289940828,0.8698224852071006,0.10895190611481667,0.10895190611481667,nan,nan,nan,nan,nan,nan,nan,nan,nan,nan,nan,nan,nan,nan,nan,nan,nan,nan,nan,nan,nan,nan,nan,nan,nan,nan,nan,nan,nan,nan,nan,nan,nan,nan,nan,nan,nan,nan,nan,nan,nan,nan,nan,nan,nan,nan,nan,nan,nan,nan,nan,nan,nan,nan,nan,nan,nan,nan,nan,nan,nan,nan,nan,nan,nan,nan,nan
246,47870,0.4947055555555556,-5.232242373228074,0.30666666666666664,193,0.35233160621761656,0.10880829015544041,0.0,0.26424870466321243,0.0,0.7644444444444445,0.834319526627219,0.46113989637305697,0.17098445595854922,0.36787564766839376,26.0,0.18134715025906736,0.03777777777777777,120.27849879264818,0.0025126870160163245,0.565354578603673,0.9812896635080897,0.05181347150259067,0.7307692307692307,0.10666666666666667,0.21333333333333335,0.28888888888888886,0.36,0.6888888888888889,0.7644444444444445,0.39644970414201186,0.7988165680473372,0.834319526627219,0.13079022318124772,0.13079022318124772,nan,nan,nan,nan,nan,nan,nan,nan,nan,nan,nan,nan,nan,nan,nan,nan,nan,nan,nan,nan,nan,nan,nan,nan,nan,nan,nan,nan,nan,nan,nan,nan,nan,nan,nan,nan,nan,nan,nan,nan,nan,nan,nan,nan,nan,nan,nan,nan,nan,nan,nan,nan,nan,nan,nan,nan,nan,nan,nan,nan,nan,nan,nan,nan,nan,nan,nan
247,48108,0.49219333333333337,-4.354602802276613,0.4311111111111111,238,0.40336134453781514,0.04201680672268908,0.03361344537815126,0.2605042016806723,0.0,0.9733333333333334,0.9644970414201184,0.4789915966386555,0.29411764705882354,0.226890756302521,15.0,0.14705882352941177,0.04430769230769231,130.44383621215783,0.003270884075907757,0.7359489170792453,0.9520916011362669,0.037815126050420166,0.7580645161290323,0.13777777777777778,0.24888888888888888,0.3288888888888889,0.5822222222222222,0.88,0.9022222222222223,0.6686390532544378,0.9053254437869822,0.9230769230769231,0.10530364140868187,0.10530364140868187,nan,nan,nan,nan,nan,nan,nan,nan,nan,nan,nan,nan,nan,nan,nan,nan,nan,nan,nan,nan,nan,nan,nan,nan,nan,nan,nan,nan,nan,nan,nan,nan,nan,nan,nan,nan,nan,nan,nan,nan,nan,nan,nan,nan,nan,nan,nan,nan,nan,nan,nan,nan,nan,nan,nan,nan,nan,nan,nan,nan,nan,nan,nan,nan,nan,nan,nan
248,48278,0.49039888888888894,-2.9785867543220528,0.3333333333333333,170,0.43529411764705883,0.07647058823529412,0.0,0.2529411764705882,0.0,0.8933333333333333,0.9763313609467456,0.5117647058823529,0.3411764705882353,0.14705882352941177,22.0,0.12352941176470589,0.04841269841269841,100.03415956497163,0.003287765802393505,0.7397473055385386,0.9879396909900345,0.047058823529411764,0.7692307692307693,0.12444444444444444,0.24,0.29333333333333333,0.5511111111111111,0.8444444444444444,0.8444444444444444,0.6686390532544378,0.9349112426035503,0.9349112426035503,0.11031332165002823,0.11031332165002823,nan,nan,nan,nan,nan,nan,nan,nan,nan,nan,nan,nan,nan,nan,nan,nan,nan,nan,nan,nan,nan,nan,nan,nan,nan,nan,nan,nan,nan,nan,nan,nan,nan,nan,nan,nan,nan,nan,nan,nan,nan,nan,nan,nan,nan,nan,nan,nan,nan,nan,nan,nan,nan,nan,nan,nan,nan,nan,nan,nan,nan,nan,nan,nan,nan,nan,nan
249,48454,0.4885411111111112,-2.639249117374419,0.3288888888888889,176,0.4147727272727273,0.06818181818181818,0.0,0.25,0.0,0.8977777777777778,0.9230769230769231,0.48295454545454547,0.19886363636363635,0.3181818181818182,7.0,0.03409090909090909,0.05388888888888897,100.0785630226132,0.003241897511769177,0.7294269401480648,0.990015003904087,0.056818181818181816,0.7659574468085106,0.12,0.21333333333333335,0.29333333333333333,0.4666666666666667,0.7511111111111111,0.8311111111111111,0.5325443786982249,0.8047337278106509,0.8875739644970414,0.10211061015725136,0.10211061015725136,nan,nan,nan,nan,nan,nan,nan,nan,nan,nan,nan,nan,nan,nan,nan,nan,nan,nan,nan,nan,nan,nan,nan,nan,nan,nan,nan,nan,nan,nan,nan,nan,nan,nan,nan,nan,nan,nan,nan,nan,nan,nan,nan,nan,nan,nan,nan,nan,nan,nan,nan,nan,nan,nan,nan,nan,nan,nan,nan,nan,nan,nan,nan,nan,nan,nan,nan
250,48688,0.4860711111111111,-7.400064615726473,0.26222222222222225,234,0.24786324786324787,0.1282051282051282,0.0,0.3717948717948718,0.0,0.6266666666666667,0.6982248520710059,0.37606837606837606,0.21794871794871795,0.405982905982906,31.0,0.3504273504273504,0.028148148148148155,120.10537729263281,0.0021462634195778822,0.48290926940502343,0.965828815996995,0.042735042735042736,0.5344827586206896,0.09333333333333334,0.14666666666666667,0.19555555555555557,0.37333333333333335,0.5111111111111111,0.5733333333333334,0.4437869822485207,0.5857988165680473,0.6331360946745562,0.11164893060922623,0.11164893060922623,nan,nan,nan,nan,nan,nan,nan,nan,nan,nan,nan,nan,nan,nan,nan,nan,nan,nan,nan,nan,nan,nan,nan,nan,nan,nan,nan,nan,nan,nan,nan,nan,nan,nan,nan,nan,nan,nan,nan,nan,nan,nan,nan,nan,nan,nan,nan,nan,nan,nan,nan,nan,nan,nan,nan,nan,nan,nan,nan,nan,nan,nan,nan,nan,nan,nan,nan
251,48938,0.48343222222222226,-1.43610344862938,0.44,250,0.392,0.12,0.008,0.2,0.0,0.9377777777777778,0.9704142011834319,0.52,0.204,0.276,13.0,0.088,0.043555555555555556,145.86765189170808,0.002985963987950607,0.6718418972888865,0.9936231095757433,0.004,0.6857142857142857,0.13333333333333333,0.21333333333333335,0.28444444444444444,0.5244444444444445,0.5377777777777778,0.6444444444444445,0.591715976331361,0.591715976331361,0.6804733727810651,0.10797425508499145,0.10797425508499145,nan,nan,nan,nan,nan,nan,nan,nan,nan,nan,nan,nan,nan,nan,nan,nan,nan,nan,nan,nan,nan,nan,nan,nan,nan,nan,nan,nan,nan,nan,nan,nan,nan,nan,nan,nan,nan,nan,nan,nan,nan,nan,nan,nan,nan,nan,nan,nan,nan,nan,nan,nan,nan,nan,nan,nan,nan,nan,nan,nan,nan,nan,nan,nan,nan,nan,nan
252,49154,0.4811522222222223,-5.710344212293625,0.3466666666666667,216,0.35648148148148145,0.10185185185185185,0.004629629629629629,0.2824074074074074,0.0,0.9111111111111111,0.9644970414201184,0.46296296296296297,0.2916666666666667,0.24537037037037038,30.0,0.20833333333333334,0.03996913580246914,130.32708773612956,0.0026258717828108935,0.590821151132451,0.9691604283581812,0.06481481481481481,0.6909090909090909,0.14666666666666667,0.24,0.28444444444444444,0.7066666666666667,0.8222222222222222,0.8222222222222222,0.8047337278106509,0.8994082840236687,0.8994082840236687,0.09925590753555298,0.09925590753555298,nan,nan,nan,nan,nan,nan,nan,nan,nan,nan,nan,nan,nan,nan,nan,nan,nan,nan,nan,nan,nan,nan,nan,nan,nan,nan,nan,nan,nan,nan,nan,nan,nan,nan,nan,nan,nan,nan,nan,nan,nan,nan,nan,nan,nan,nan,nan,nan,nan,nan,nan,nan,nan,nan,nan,nan,nan,nan,nan,nan,nan,nan,nan,nan,nan,nan,nan
253,49325,0.47934722222222226,-2.7319922983646387,0.32,171,0.4152046783625731,0.1111111111111111,0.0,0.2222222222222222,0.0,0.7288888888888889,0.7633136094674556,0.5263157894736842,0.2631578947368421,0.21052631578947367,14.0,0.15204678362573099,0.04532123960695389,100.3904028415677,0.0031432840851685125,0.7072389191629153,0.9840209632368516,0.029239766081871343,0.6744186046511628,0.14222222222222222,0.25333333333333335,0.3111111111111111,0.5066666666666667,0.7155555555555555,0.7288888888888889,0.5502958579881657,0.7633136094674556,0.7633136094674556,0.11001538187265396,0.11001538187265396,nan,nan,nan,nan,nan,nan,nan,nan,nan,nan,nan,nan,nan,nan,nan,nan,nan,nan,nan,nan,nan,nan,nan,nan,nan,nan,nan,nan,nan,nan,nan,nan,nan,nan,nan,nan,nan,nan,nan,nan,nan,nan,nan,nan,nan,nan,nan,nan,nan,nan,nan,nan,nan,nan,nan,nan,nan,nan,nan,nan,nan,nan,nan,nan,nan,nan,nan
254,49534,0.4771411111111111,-2.5263161935806258,0.4,209,0.4258373205741627,0.09090909090909091,0.009569377990430622,0.22009569377990432,0.0,0.8933333333333333,0.9467455621301775,0.5263157894736842,0.215311004784689,0.2583732057416268,12.0,0.0861244019138756,0.04395061728395062,120.64110660552944,0.003278779237734759,0.7377253284903207,0.9853651258366919,0.03349282296650718,0.7547169811320755,0.14666666666666667,0.23555555555555555,0.31555555555555553,0.7022222222222222,0.72,0.8222222222222222,0.8284023668639053,0.8284023668639053,0.8994082840236687,0.09468745924532414,0.09468745924532414,nan,nan,nan,nan,nan,nan,nan,nan,nan,nan,nan,nan,nan,nan,nan,nan,nan,nan,nan,nan,nan,nan,nan,nan,nan,nan,nan,nan,nan,nan,nan,nan,nan,nan,nan,nan,nan,nan,nan,nan,nan,nan,nan,nan,nan,nan,nan,nan,nan,nan,nan,nan,nan,nan,nan,nan,nan,nan,nan,nan,nan,nan,nan,nan,nan,nan,nan
255,49713,0.47525166666666674,-5.086551795482635,0.3333333333333333,179,0.4134078212290503,0.07262569832402235,0.0,0.24581005586592178,0.0,0.7244444444444444,0.7810650887573964,0.4860335195530726,0.24022346368715083,0.2737430167597765,12.0,0.10614525139664804,0.04694444444444444,120.26239805221554,0.0027347607749023256,0.6153211743530232,0.9718763975673642,0.0223463687150838,0.7659574468085106,0.1288888888888889,0.21777777777777776,0.28444444444444444,0.5288888888888889,0.6311111111111111,0.72,0.6035502958579881,0.7100591715976331,0.7751479289940828,0.10952420681715011,0.10952420681715011,nan,nan,nan,nan,nan,nan,nan,nan,nan,nan,nan,nan,nan,nan,nan,nan,nan,nan,nan,nan,nan,nan,nan,nan,nan,nan,nan,nan,nan,nan,nan,nan,nan,nan,nan,nan,nan,nan,nan,nan,nan,nan,nan,nan,nan,nan,nan,nan,nan,nan,nan,nan,nan,nan,nan,nan,nan,nan,nan,nan,nan,nan,nan,nan,nan,nan,nan
256,49875,0.47354166666666664,-2.0386040792465203,0.3466666666666667,162,0.47530864197530864,0.05555555555555555,0.0,0.19753086419753085,0.0,0.8577777777777778,0.9230769230769231,0.5308641975308642,0.2345679012345679,0.2345679012345679,6.0,0.006172839506172839,0.051640211640211646,100.20575313568102,0.0034151953506985277,0.7684189539071687,0.9963840343356365,0.024691358024691357,0.8837209302325582,0.13333333333333333,0.2222222222222222,0.3288888888888889,0.5377777777777778,0.6177777777777778,0.8533333333333334,0.6686390532544378,0.7159763313609467,0.9230769230769231,0.10395862609148025,0.10395862609148025,nan,nan,nan,nan,nan,nan,nan,nan,nan,nan,nan,nan,nan,nan,nan,nan,nan,nan,nan,nan,nan,nan,nan,nan,nan,nan,nan,nan,nan,nan,nan,nan,nan,nan,nan,nan,nan,nan,nan,nan,nan,nan,nan,nan,nan,nan,nan,nan,nan,nan,nan,nan,nan,nan,nan,nan,nan,nan,nan,nan,nan,nan,nan,nan,nan,nan,nan
257,50125,0.4709027777777778,-4.456115114450456,0.4222222222222222,250,0.376,0.072,0.028,0.244,0.0,0.9511111111111111,1.0,0.476,0.24,0.284,24.0,0.12,0.041777777777777775,143.8677629947661,0.0029039012568296938,0.653377782786681,0.9715863863395052,0.028,0.7571428571428571,0.09777777777777778,0.2088888888888889,0.28888888888888886,0.4444444444444444,0.7511111111111111,0.8266666666666667,0.5266272189349113,0.9230769230769231,0.9289940828402367,0.10318921655416488,0.10318921655416488,nan,nan,nan,nan,nan,nan,nan,nan,nan,nan,nan,nan,nan,nan,nan,nan,nan,nan,nan,nan,nan,nan,nan,nan,nan,nan,nan,nan,nan,nan,nan,nan,nan,nan,nan,nan,nan,nan,nan,nan,nan,nan,nan,nan,nan,nan,nan,nan,nan,nan,nan,nan,nan,nan,nan,nan,nan,nan,nan,nan,nan,nan,nan,nan,nan,nan,nan
258,50319,0.468855,-2.036919206380844,0.41333333333333333,194,0.4742268041237113,0.06701030927835051,0.0,0.19072164948453607,0.0,0.9644444444444444,0.9940828402366864,0.5412371134020618,0.28350515463917525,0.17525773195876287,13.0,0.04639175257731959,0.05146198830409357,120.64684958457923,0.0033891385502133496,0.7625561737980037,0.9892050381130711,0.015463917525773196,0.8653846153846154,0.14666666666666667,0.24,0.35555555555555557,0.5911111111111111,0.7555555555555555,0.9511111111111111,0.6923076923076923,0.8224852071005917,0.9940828402366864,0.09676615670323371,0.09676615670323371,nan,nan,nan,nan,nan,nan,nan,nan,nan,nan,nan,nan,nan,nan,nan,nan,nan,nan,nan,nan,nan,nan,nan,nan,nan,nan,nan,nan,nan,nan,nan,nan,nan,nan,nan,nan,nan,nan,nan,nan,nan,nan,nan,nan,nan,nan,nan,nan,nan,nan,nan,nan,nan,nan,nan,nan,nan,nan,nan,nan,nan,nan,nan,nan,nan,nan,nan
259,50494,0.4670077777777778,-2.1808450269699096,0.35555555555555557,175,0.4514285714285714,0.045714285714285714,0.0,0.25142857142857145,0.0,0.8488888888888889,0.9349112426035503,0.49714285714285716,0.25142857142857145,0.25142857142857145,8.0,0.03428571428571429,0.05015873015873016,100.05566692352272,0.0035091576709941077,0.7895604759736741,0.9866105957113853,0.05714285714285714,0.8181818181818182,0.1288888888888889,0.22666666666666666,0.31555555555555553,0.4577777777777778,0.6222222222222222,0.8088888888888889,0.5029585798816568,0.6863905325443787,0.8816568047337278,0.11203978508710861,0.11203978508710861,nan,nan,nan,nan,nan,nan,nan,nan,nan,nan,nan,nan,nan,nan,nan,nan,nan,nan,nan,nan,nan,nan,nan,nan,nan,nan,nan,nan,nan,nan,nan,nan,nan,nan,nan,nan,nan,nan,nan,nan,nan,nan,nan,nan,nan,nan,nan,nan,nan,nan,nan,nan,nan,nan,nan,nan,nan,nan,nan,nan,nan,nan,nan,nan,nan,nan,nan
260,50722,0.46460111111111113,-3.988946349143986,0.38666666666666666,228,0.37719298245614036,0.09210526315789473,0.0,0.2807017543859649,0.0,0.8,0.863905325443787,0.4692982456140351,0.20175438596491227,0.32894736842105265,19.0,0.13157894736842105,0.04148148148148146,130.29472713470432,0.0029335202630806725,0.6600420591931513,0.9885848299363972,0.039473684210526314,0.7719298245614035,0.12,0.23555555555555555,0.29777777777777775,0.5244444444444445,0.7955555555555556,0.7955555555555556,0.5739644970414202,0.863905325443787,0.863905325443787,0.09380710124969482,0.09380710124969482,-47.353789135694505,0.25022222222222223,211.6,0.3,0.7,0.2692421393123451,0.11130518383227787,0.004663414634146342,0.40687679382605174,0.0016180195407114206,0.7208888888888889,0.7792899408284024,0.3852107377787693,0.3398918134819126,0.27489744873931804,78.4,0.41753642381508127,0.02823960113960114,109.11132510185209,0.0022555475806384498,0.5074982056436511,0.7940223168249256,0.06258653097867051,0.5654505808884722,0.12266666666666666,0.19822222222222224,0.23733333333333334,0.5306666666666667,0.6893333333333332,0.7146666666666667,0.6017751479289941,0.7544378698224852,0.7751479289940828,-117.37027593548294,0.26,222.7,0.4,0.6,0.272936296502817,0.04515687853129482,0.008907344712137426,0.520291922457542,0.0024264632428648244,0.764888888888889,0.8236686390532546,0.32700051974624916,0.4643343518148885,0.20866512843886226,97.9,0.43704585778302774,0.02929126984126984,108.10072319507567,0.002326345809527575,0.5234278071437043,0.7205014621755204,0.11339291293836866,0.796079892003805,0.13733333333333334,0.20177777777777778,0.22814814814814813,0.5613333333333335,0.7066666666666667,0.7353086419753087,0.6437869822485206,0.7781065088757396,0.7942143326758712,1.8421913214990138
261,50970,0.4619833333333333,-3.413412865400313,0.4622222222222222,248,0.4153225806451613,0.10080645161290322,0.0,0.21370967741935484,0.0,0.9555555555555556,1.0,0.5161290322580645,0.20161290322580644,0.28225806451612906,9.0,0.06451612903225806,0.04608695652173912,150.527741575241,0.0030411522353768817,0.6842592529597984,0.9929138737383844,0.028225806451612902,0.7761194029850746,0.13777777777777778,0.24888888888888888,0.3333333333333333,0.52,0.7822222222222223,0.8533333333333334,0.5798816568047337,0.8579881656804734,0.9408284023668639,0.11531083211302758,0.11531083211302758,nan,nan,nan,nan,nan,nan,nan,nan,nan,nan,nan,nan,nan,nan,nan,nan,nan,nan,nan,nan,nan,nan,nan,nan,nan,nan,nan,nan,nan,nan,nan,nan,nan,nan,nan,nan,nan,nan,nan,nan,nan,nan,nan,nan,nan,nan,nan,nan,nan,nan,nan,nan,nan,nan,nan,nan,nan,nan,nan,nan,nan,nan,nan,nan,nan,nan,nan
262,51220,0.45934444444444444,-2.8738294367790242,0.3688888888888889,250,0.328,0.112,0.0,0.284,0.0,0.7688888888888888,0.8994082840236687,0.44,0.232,0.328,32.0,0.184,0.03644444444444444,134.70313749313323,0.0027055379052549743,0.6087460286823692,0.9865936723242206,0.032,0.7246376811594203,0.12444444444444444,0.2,0.28444444444444444,0.4533333333333333,0.5955555555555555,0.7688888888888888,0.5384615384615384,0.6686390532544378,0.8994082840236687,0.11092752665281295,0.11092752665281295,nan,nan,nan,nan,nan,nan,nan,nan,nan,nan,nan,nan,nan,nan,nan,nan,nan,nan,nan,nan,nan,nan,nan,nan,nan,nan,nan,nan,nan,nan,nan,nan,nan,nan,nan,nan,nan,nan,nan,nan,nan,nan,nan,nan,nan,nan,nan,nan,nan,nan,nan,nan,nan,nan,nan,nan,nan,nan,nan,nan,nan,nan,nan,nan,nan,nan,nan
263,51362,0.4578455555555555,-2.4839996385574334,0.29333333333333333,142,0.45774647887323944,0.056338028169014086,0.0,0.22535211267605634,0.014084507042253521,0.92,0.9644970414201184,0.5140845070422535,0.28169014084507044,0.20422535211267606,9.0,0.035211267605633804,0.05093681917211329,86.3523775100706,0.0033454653736105654,0.7527297090623771,0.9668461167478253,0.04225352112676056,0.8108108108108109,0.13777777777777778,0.2222222222222222,nan,0.5866666666666667,0.8088888888888889,nan,0.6035502958579881,0.8165680473372781,nan,0.11358770951628686,0.11358770951628686,nan,nan,nan,nan,nan,nan,nan,nan,nan,nan,nan,nan,nan,nan,nan,nan,nan,nan,nan,nan,nan,nan,nan,nan,nan,nan,nan,nan,nan,nan,nan,nan,nan,nan,nan,nan,nan,nan,nan,nan,nan,nan,nan,nan,nan,nan,nan,nan,nan,nan,nan,nan,nan,nan,nan,nan,nan,nan,nan,nan,nan,nan,nan,nan,nan,nan,nan
264,51564,0.4557133333333334,-3.0019297490119947,0.37333333333333335,202,0.41089108910891087,0.06930693069306931,0.0,0.21782178217821782,0.0,0.8533333333333334,0.9230769230769231,0.4801980198019802,0.30198019801980197,0.21782178217821782,12.0,0.04950495049504951,0.04666666666666671,120.71361665725676,0.003055901223937962,0.6875777753860414,0.997100067140461,0.019801980198019802,0.819672131147541,0.12444444444444444,0.21333333333333335,0.28,0.4488888888888889,0.7022222222222222,0.7333333333333333,0.514792899408284,0.7928994082840237,0.8106508875739645,0.11121468842029572,0.11121468842029572,nan,nan,nan,nan,nan,nan,nan,nan,nan,nan,nan,nan,nan,nan,nan,nan,nan,nan,nan,nan,nan,nan,nan,nan,nan,nan,nan,nan,nan,nan,nan,nan,nan,nan,nan,nan,nan,nan,nan,nan,nan,nan,nan,nan,nan,nan,nan,nan,nan,nan,nan,nan,nan,nan,nan,nan,nan,nan,nan,nan,nan,nan,nan,nan,nan,nan,nan
265,51747,0.45378166666666675,-1.3670565481185903,0.4222222222222222,183,0.5136612021857924,0.07650273224043716,0.01639344262295082,0.09289617486338798,0.0,0.9377777777777778,1.0,0.6065573770491803,0.18032786885245902,0.21311475409836064,7.0,0.01092896174863388,0.05576388888888888,120.37196712493875,0.0034707231904264717,0.7809127178459562,0.9935979624303072,0.0,0.8363636363636363,0.14666666666666667,0.2577777777777778,0.37333333333333335,0.6222222222222222,0.7422222222222222,0.9333333333333333,0.7159763313609467,0.8106508875739645,1.0,0.1235499508678913,0.1235499508678913,nan,nan,nan,nan,nan,nan,nan,nan,nan,nan,nan,nan,nan,nan,nan,nan,nan,nan,nan,nan,nan,nan,nan,nan,nan,nan,nan,nan,nan,nan,nan,nan,nan,nan,nan,nan,nan,nan,nan,nan,nan,nan,nan,nan,nan,nan,nan,nan,nan,nan,nan,nan,nan,nan,nan,nan,nan,nan,nan,nan,nan,nan,nan,nan,nan,nan,nan
266,51925,0.45190277777777776,-3.123386796474458,0.3377777777777778,178,0.42134831460674155,0.056179775280898875,0.0056179775280898875,0.2640449438202247,0.0,0.9022222222222223,0.9644970414201184,0.48314606741573035,0.3089887640449438,0.20786516853932585,12.0,0.09550561797752809,0.049814814814814826,100.098921871185,0.00333003919624921,0.7492588191560722,0.9769039609947263,0.033707865168539325,0.8181818181818182,0.10222222222222223,0.2311111111111111,0.28888888888888886,0.4444444444444444,0.8577777777777778,0.8888888888888888,0.47928994082840237,0.9644970414201184,0.9644970414201184,0.11728362292051316,0.11728362292051316,nan,nan,nan,nan,nan,nan,nan,nan,nan,nan,nan,nan,nan,nan,nan,nan,nan,nan,nan,nan,nan,nan,nan,nan,nan,nan,nan,nan,nan,nan,nan,nan,nan,nan,nan,nan,nan,nan,nan,nan,nan,nan,nan,nan,nan,nan,nan,nan,nan,nan,nan,nan,nan,nan,nan,nan,nan,nan,nan,nan,nan,nan,nan,nan,nan,nan,nan
267,52116,0.44988666666666677,-1.7900016608238227,0.4088888888888889,191,0.47643979057591623,0.07853403141361257,0.0,0.15706806282722513,0.0,0.9733333333333334,0.9881656804733728,0.5549738219895288,0.225130890052356,0.2198952879581152,7.0,0.020942408376963352,0.05180555555555556,120.22858724594089,0.003363962379572078,0.7568915354037175,0.9876747864306243,0.031413612565445025,0.7777777777777778,0.1111111111111111,0.24444444444444444,0.3466666666666667,0.4311111111111111,0.84,0.9688888888888889,0.47928994082840237,0.8579881656804734,0.9881656804733728,0.12355434447526932,0.12355434447526932,nan,nan,nan,nan,nan,nan,nan,nan,nan,nan,nan,nan,nan,nan,nan,nan,nan,nan,nan,nan,nan,nan,nan,nan,nan,nan,nan,nan,nan,nan,nan,nan,nan,nan,nan,nan,nan,nan,nan,nan,nan,nan,nan,nan,nan,nan,nan,nan,nan,nan,nan,nan,nan,nan,nan,nan,nan,nan,nan,nan,nan,nan,nan,nan,nan,nan,nan
268,52337,0.4475538888888889,-4.899890875577932,0.3333333333333333,221,0.334841628959276,0.07239819004524888,0.0,0.3393665158371041,0.0,0.7822222222222223,0.8224852071005917,0.4072398190045249,0.2669683257918552,0.3257918552036199,13.0,0.08597285067873303,0.037013521457965895,120.22753214836104,0.0027355538536966667,0.6154996170817499,0.979921410151259,0.06334841628959276,0.8181818181818182,0.10666666666666667,0.19111111111111112,0.25333333333333335,0.4222222222222222,0.6355555555555555,0.7066666666666667,0.4319526627218935,0.6627218934911243,0.757396449704142,0.11237868815660476,0.11237868815660476,nan,nan,nan,nan,nan,nan,nan,nan,nan,nan,nan,nan,nan,nan,nan,nan,nan,nan,nan,nan,nan,nan,nan,nan,nan,nan,nan,nan,nan,nan,nan,nan,nan,nan,nan,nan,nan,nan,nan,nan,nan,nan,nan,nan,nan,nan,nan,nan,nan,nan,nan,nan,nan,nan,nan,nan,nan,nan,nan,nan,nan,nan,nan,nan,nan,nan,nan
269,52548,0.44532666666666676,-1.4387697708606704,0.48444444444444446,211,0.5118483412322274,0.0995260663507109,0.0,0.14218009478672985,0.0,0.9333333333333333,0.9704142011834319,0.6113744075829384,0.15639810426540285,0.23222748815165878,9.0,0.04265402843601896,0.05521885521885522,140.50256924629204,0.003416307634621191,0.7686692177897679,0.9896682035844026,0.023696682464454975,0.75,0.1688888888888889,0.26222222222222225,0.35555555555555557,0.5955555555555555,0.68,0.8933333333333333,0.6923076923076923,0.7455621301775148,0.9467455621301775,0.11257332786917687,0.11257332786917687,nan,nan,nan,nan,nan,nan,nan,nan,nan,nan,nan,nan,nan,nan,nan,nan,nan,nan,nan,nan,nan,nan,nan,nan,nan,nan,nan,nan,nan,nan,nan,nan,nan,nan,nan,nan,nan,nan,nan,nan,nan,nan,nan,nan,nan,nan,nan,nan,nan,nan,nan,nan,nan,nan,nan,nan,nan,nan,nan,nan,nan,nan,nan,nan,nan,nan,nan
270,52711,0.44360611111111115,-3.703963818073274,0.28888888888888886,163,0.39263803680981596,0.0736196319018405,0.0,0.26380368098159507,0.0,0.68,0.7396449704142012,0.4662576687116564,0.2883435582822086,0.24539877300613497,9.0,0.06134969325153374,0.04239316239316238,100.05679826736431,0.002842829766393016,0.6396366974384287,0.976370663073958,0.024539877300613498,0.7954545454545454,0.11555555555555555,0.20444444444444446,0.27555555555555555,0.5333333333333333,0.68,0.68,0.5739644970414202,0.7396449704142012,0.7396449704142012,0.1151597648859024,0.1151597648859024,nan,nan,nan,nan,nan,nan,nan,nan,nan,nan,nan,nan,nan,nan,nan,nan,nan,nan,nan,nan,nan,nan,nan,nan,nan,nan,nan,nan,nan,nan,nan,nan,nan,nan,nan,nan,nan,nan,nan,nan,nan,nan,nan,nan,nan,nan,nan,nan,nan,nan,nan,nan,nan,nan,nan,nan,nan,nan,nan,nan,nan,nan,nan,nan,nan,nan,nan
271,52877,0.441853888888889,-2.6348731031417847,0.31555555555555553,166,0.42168674698795183,0.10240963855421686,0.0,0.20481927710843373,0.006024096385542169,0.7866666666666666,0.8698224852071006,0.5240963855421686,0.23493975903614459,0.24096385542168675,13.0,0.09036144578313253,0.04515873015873016,100.5606962203978,0.003093764490544618,0.6960970103725391,0.9947067490575883,0.030120481927710843,0.6888888888888889,0.14666666666666667,0.2311111111111111,0.30666666666666664,0.5244444444444445,0.7688888888888888,0.7866666666666666,0.6094674556213018,0.863905325443787,0.8698224852071006,0.10997099056839943,0.10997099056839943,nan,nan,nan,nan,nan,nan,nan,nan,nan,nan,nan,nan,nan,nan,nan,nan,nan,nan,nan,nan,nan,nan,nan,nan,nan,nan,nan,nan,nan,nan,nan,nan,nan,nan,nan,nan,nan,nan,nan,nan,nan,nan,nan,nan,nan,nan,nan,nan,nan,nan,nan,nan,nan,nan,nan,nan,nan,nan,nan,nan,nan,nan,nan,nan,nan,nan,nan
272,53093,0.43957388888888893,-5.584029818773269,0.36,216,0.37037037037037035,0.09722222222222222,0.023148148148148147,0.24074074074074073,0.004629629629629629,0.84,0.8816568047337278,0.49074074074074076,0.20833333333333334,0.30092592592592593,18.0,0.14351851851851852,0.040339506172839504,135.26695065498325,0.002628547134639328,0.5914231052938488,0.9774999162621199,0.037037037037037035,0.6379310344827587,0.13333333333333333,0.17777777777777778,0.27111111111111114,0.48444444444444446,0.5155555555555555,0.6977777777777778,0.5502958579881657,0.5798816568047337,0.7633136094674556,0.10514426231384277,0.10514426231384277,nan,nan,nan,nan,nan,nan,nan,nan,nan,nan,nan,nan,nan,nan,nan,nan,nan,nan,nan,nan,nan,nan,nan,nan,nan,nan,nan,nan,nan,nan,nan,nan,nan,nan,nan,nan,nan,nan,nan,nan,nan,nan,nan,nan,nan,nan,nan,nan,nan,nan,nan,nan,nan,nan,nan,nan,nan,nan,nan,nan,nan,nan,nan,nan,nan,nan,nan
273,53343,0.4369350000000001,-2.427975975990294,0.4577777777777778,250,0.408,0.08,0.0,0.236,0.0,0.9466666666666667,0.9763313609467456,0.488,0.188,0.324,11.0,0.072,0.04533333333333333,140.02834262847884,0.0032374398269935305,0.7284239610735443,0.9929705627484773,0.028,0.75,0.12444444444444444,0.21777777777777776,0.29333333333333333,0.4622222222222222,0.6755555555555556,0.7288888888888889,0.5384615384615384,0.7337278106508875,0.7692307692307693,0.13275343105196952,0.13275343105196952,nan,nan,nan,nan,nan,nan,nan,nan,nan,nan,nan,nan,nan,nan,nan,nan,nan,nan,nan,nan,nan,nan,nan,nan,nan,nan,nan,nan,nan,nan,nan,nan,nan,nan,nan,nan,nan,nan,nan,nan,nan,nan,nan,nan,nan,nan,nan,nan,nan,nan,nan,nan,nan,nan,nan,nan,nan,nan,nan,nan,nan,nan,nan,nan,nan,nan,nan
274,53534,0.43491888888888885,-2.394636272907256,0.40444444444444444,191,0.4712041884816754,0.04712041884816754,0.010471204188481676,0.17277486910994763,0.0,0.9022222222222223,0.9467455621301775,0.5287958115183246,0.21465968586387435,0.25654450261780104,7.0,0.020942408376963352,0.05125,120.60605974197354,0.003316582938334659,0.7462311611252982,0.9875020113880751,0.020942408376963352,0.8421052631578947,0.13777777777777778,0.26222222222222225,0.3511111111111111,0.5155555555555555,0.8222222222222222,0.8755555555555555,0.5680473372781065,0.8757396449704142,0.9349112426035503,0.10547454953193665,0.10547454953193665,nan,nan,nan,nan,nan,nan,nan,nan,nan,nan,nan,nan,nan,nan,nan,nan,nan,nan,nan,nan,nan,nan,nan,nan,nan,nan,nan,nan,nan,nan,nan,nan,nan,nan,nan,nan,nan,nan,nan,nan,nan,nan,nan,nan,nan,nan,nan,nan,nan,nan,nan,nan,nan,nan,nan,nan,nan,nan,nan,nan,nan,nan,nan,nan,nan,nan,nan
275,53784,0.43228,-1.277898830890655,0.48,250,0.428,0.06,0.012,0.232,0.0,0.9288888888888889,0.9526627218934911,0.5,0.228,0.272,12.0,0.076,0.04755555555555556,144.5037983894347,0.0032909553994832945,0.7404649648837413,0.979521875554496,0.044,0.7761194029850746,0.15555555555555556,0.24888888888888888,0.30666666666666664,0.5066666666666667,0.7066666666666667,0.7333333333333333,0.5680473372781065,0.7751479289940828,0.7751479289940828,0.12115703597664833,0.12115703597664833,nan,nan,nan,nan,nan,nan,nan,nan,nan,nan,nan,nan,nan,nan,nan,nan,nan,nan,nan,nan,nan,nan,nan,nan,nan,nan,nan,nan,nan,nan,nan,nan,nan,nan,nan,nan,nan,nan,nan,nan,nan,nan,nan,nan,nan,nan,nan,nan,nan,nan,nan,nan,nan,nan,nan,nan,nan,nan,nan,nan,nan,nan,nan,nan,nan,nan,nan
276,54034,0.42964111111111114,-3.2632084586620342,0.4222222222222222,250,0.376,0.096,0.012,0.26,0.0,0.8888888888888888,0.9230769230769231,0.484,0.272,0.244,20.0,0.148,0.04177777777777778,148.6496043682096,0.002810486980799017,0.6323595706797789,0.9640786905661316,0.04,0.71875,0.14666666666666667,0.2311111111111111,0.29777777777777775,0.5911111111111111,0.7777777777777778,0.8133333333333334,0.6745562130177515,0.8520710059171598,0.8875739644970414,0.10729050636291504,0.10729050636291504,nan,nan,nan,nan,nan,nan,nan,nan,nan,nan,nan,nan,nan,nan,nan,nan,nan,nan,nan,nan,nan,nan,nan,nan,nan,nan,nan,nan,nan,nan,nan,nan,nan,nan,nan,nan,nan,nan,nan,nan,nan,nan,nan,nan,nan,nan,nan,nan,nan,nan,nan,nan,nan,nan,nan,nan,nan,nan,nan,nan,nan,nan,nan,nan,nan,nan,nan
277,54221,0.4276672222222223,-2.6811040344238286,0.36444444444444446,187,0.43315508021390375,0.058823529411764705,0.0,0.24598930481283424,0.0,0.8977777777777778,0.9763313609467456,0.4919786096256685,0.20855614973262032,0.2994652406417112,11.0,0.0427807486631016,0.04560185185185186,110.46765747070287,0.0032588723997833994,0.7332462899512647,0.9829494908442336,0.03208556149732621,0.8775510204081632,0.13777777777777778,0.2311111111111111,0.31555555555555553,0.5688888888888889,0.6266666666666667,0.8977777777777778,0.6863905325443787,0.7041420118343196,0.9763313609467456,0.11246233060956001,0.11246233060956001,nan,nan,nan,nan,nan,nan,nan,nan,nan,nan,nan,nan,nan,nan,nan,nan,nan,nan,nan,nan,nan,nan,nan,nan,nan,nan,nan,nan,nan,nan,nan,nan,nan,nan,nan,nan,nan,nan,nan,nan,nan,nan,nan,nan,nan,nan,nan,nan,nan,nan,nan,nan,nan,nan,nan,nan,nan,nan,nan,nan,nan,nan,nan,nan,nan,nan,nan
278,54471,0.42502833333333345,-2.788604701042176,0.38222222222222224,250,0.34,0.148,0.0,0.224,0.0,0.7733333333333333,0.8224852071005917,0.488,0.216,0.296,20.0,0.148,0.03777777777777778,146.6533781051637,0.0025759909704014938,0.579597968340336,0.9858733842443447,0.016,0.6056338028169014,0.1511111111111111,0.24444444444444444,0.29333333333333333,0.6622222222222223,0.7733333333333333,0.7733333333333333,0.7218934911242604,0.8224852071005917,0.8224852071005917,0.10205575674772263,0.10205575674772263,nan,nan,nan,nan,nan,nan,nan,nan,nan,nan,nan,nan,nan,nan,nan,nan,nan,nan,nan,nan,nan,nan,nan,nan,nan,nan,nan,nan,nan,nan,nan,nan,nan,nan,nan,nan,nan,nan,nan,nan,nan,nan,nan,nan,nan,nan,nan,nan,nan,nan,nan,nan,nan,nan,nan,nan,nan,nan,nan,nan,nan,nan,nan,nan,nan,nan,nan
279,54625,0.4234027777777778,-1.3899894547462466,0.37333333333333335,154,0.538961038961039,0.032467532467532464,0.0,0.15584415584415584,0.0,0.9066666666666666,0.9585798816568047,0.5714285714285714,0.22727272727272727,0.2012987012987013,9.0,0.025974025974025976,0.05603174603174606,100.15228052139261,0.003683279970944785,0.8287379934625765,0.9798528651006401,0.032467532467532464,0.9024390243902439,0.15555555555555556,0.27111111111111114,0.3688888888888889,0.7022222222222222,0.8666666666666667,0.9066666666666666,0.7869822485207101,0.9467455621301775,0.9585798816568047,0.09988954961299897,0.09988954961299897,nan,nan,nan,nan,nan,nan,nan,nan,nan,nan,nan,nan,nan,nan,nan,nan,nan,nan,nan,nan,nan,nan,nan,nan,nan,nan,nan,nan,nan,nan,nan,nan,nan,nan,nan,nan,nan,nan,nan,nan,nan,nan,nan,nan,nan,nan,nan,nan,nan,nan,nan,nan,nan,nan,nan,nan,nan,nan,nan,nan,nan,nan,nan,nan,nan,nan,nan
280,54856,0.4209644444444445,-5.009395469665529,0.39555555555555555,231,0.38095238095238093,0.05194805194805195,0.012987012987012988,0.2987012987012987,0.0,0.9333333333333333,0.9467455621301775,0.4458874458874459,0.24242424242424243,0.3116883116883117,12.0,0.08658008658008658,0.03911111111111111,130.27043304443322,0.0030023014583647634,0.6755178281320717,0.9791038179469469,0.06493506493506493,0.8103448275862069,0.12,0.19111111111111112,0.27111111111111114,0.4622222222222222,0.5644444444444444,0.7022222222222222,0.5088757396449705,0.591715976331361,0.7514792899408284,0.11298193782567978,0.11298193782567978,-165.09706990442274,0.19244444444444447,239.0,0.8,0.2,0.1813202373104812,0.04877969676994068,0.0,0.6468440342781806,0.0,0.6208888888888889,0.6905325443786983,0.2300999340804219,0.6191145682267634,0.15078549769281474,135.0,0.6000271588661833,0.019674074074074073,104.38161813735925,0.0017483939271883127,0.3933886336173703,0.6039527454842547,0.07489650626235993,0.7049824088341037,0.12355555555555556,0.16888888888888892,0.18533333333333335,0.5302222222222222,0.608,0.6173333333333333,0.6071005917159764,0.6828402366863905,0.6905325443786983,-124.77528892641064,0.17555555555555558,209.4,0.2,0.8,0.1914868359569803,0.04671231308945934,0.00045662100456621003,0.6332033308568427,0.0031931149223296297,0.6200000000000001,0.6745562130177515,0.23865577005100586,0.6044991069343841,0.15684512301461007,121.0,0.582717049942105,0.020220254339552584,95.85132310867286,0.0017890149337829327,0.4025283601011598,0.630745465374036,0.12182366442627854,0.752353493373634,0.11777777777777776,0.15644444444444447,0.16592592592592595,0.5035555555555555,0.5933333333333334,0.6069135802469136,0.568639053254438,0.6473372781065089,0.6594345825115057,1.5657065088757398
281,55083,0.4185683333333333,-3.4175000000000058,0.3466666666666667,227,0.3392070484581498,0.11894273127753303,0.0,0.24669603524229075,0.0,0.8044444444444444,0.8698224852071006,0.4581497797356828,0.3303964757709251,0.21145374449339208,18.0,0.14537444933920704,0.03933333333333337,120.09999999999954,0.0028494772874456584,0.6411323896752731,0.9898248213405816,0.030837004405286344,0.6818181818181818,0.12,0.18666666666666668,0.2311111111111111,0.4666666666666667,0.6355555555555555,0.6844444444444444,0.5857988165680473,0.7810650887573964,0.8165680473372781,0.12328186780214309,0.12328186780214309,nan,nan,nan,nan,nan,nan,nan,nan,nan,nan,nan,nan,nan,nan,nan,nan,nan,nan,nan,nan,nan,nan,nan,nan,nan,nan,nan,nan,nan,nan,nan,nan,nan,nan,nan,nan,nan,nan,nan,nan,nan,nan,nan,nan,nan,nan,nan,nan,nan,nan,nan,nan,nan,nan,nan,nan,nan,nan,nan,nan,nan,nan,nan,nan,nan,nan,nan
282,55310,0.4161722222222223,-3.4218653492927573,0.4177777777777778,227,0.40969162995594716,0.11013215859030837,0.004405286343612335,0.18502202643171806,0.0,0.9288888888888889,0.9644970414201184,0.5242290748898678,0.2290748898678414,0.24669603524229075,11.0,0.06607929515418502,0.04644444444444448,140.09395570755004,0.0029504009023499774,0.6638402030287448,0.9851869957700968,0.02643171806167401,0.7384615384615385,0.10666666666666667,0.20444444444444446,0.29777777777777775,0.4311111111111111,0.6222222222222222,0.7733333333333333,0.5029585798816568,0.6686390532544378,0.8106508875739645,0.12045901566743851,0.12045901566743851,nan,nan,nan,nan,nan,nan,nan,nan,nan,nan,nan,nan,nan,nan,nan,nan,nan,nan,nan,nan,nan,nan,nan,nan,nan,nan,nan,nan,nan,nan,nan,nan,nan,nan,nan,nan,nan,nan,nan,nan,nan,nan,nan,nan,nan,nan,nan,nan,nan,nan,nan,nan,nan,nan,nan,nan,nan,nan,nan,nan,nan,nan,nan,nan,nan,nan,nan
283,55476,0.4144200000000001,-1.4499777178764335,0.3688888888888889,166,0.4939759036144578,0.05421686746987952,0.006024096385542169,0.18674698795180722,0.006024096385542169,0.88,0.9171597633136095,0.5542168674698795,0.23493975903614459,0.21084337349397592,8.0,0.03614457831325301,0.055634920634920634,100.70454969406103,0.003618947163277344,0.8142631117374023,0.983073701471759,0.0,0.7906976744186046,0.1288888888888889,0.24888888888888888,0.3244444444444444,0.4222222222222222,0.7555555555555555,0.8622222222222222,0.46745562130177515,0.8579881656804734,0.9053254437869822,0.10089985355734825,0.10089985355734825,nan,nan,nan,nan,nan,nan,nan,nan,nan,nan,nan,nan,nan,nan,nan,nan,nan,nan,nan,nan,nan,nan,nan,nan,nan,nan,nan,nan,nan,nan,nan,nan,nan,nan,nan,nan,nan,nan,nan,nan,nan,nan,nan,nan,nan,nan,nan,nan,nan,nan,nan,nan,nan,nan,nan,nan,nan,nan,nan,nan,nan,nan,nan,nan,nan,nan,nan
284,55678,0.4122877777777778,-2.258258708953856,0.40444444444444444,202,0.44554455445544555,0.06435643564356436,0.0,0.19801980198019803,0.0,0.8844444444444445,0.9526627218934911,0.5099009900990099,0.22772277227722773,0.2623762376237624,10.0,0.054455445544554455,0.044444444444444446,120.10722579956028,0.003330357497953836,0.7493304370396131,0.9789742728290216,0.009900990099009901,0.8305084745762712,0.1511111111111111,0.24444444444444444,0.3377777777777778,0.6311111111111111,0.8711111111111111,0.8844444444444445,0.7159763313609467,0.9349112426035503,0.9526627218934911,0.12704497799277306,0.12704497799277306,nan,nan,nan,nan,nan,nan,nan,nan,nan,nan,nan,nan,nan,nan,nan,nan,nan,nan,nan,nan,nan,nan,nan,nan,nan,nan,nan,nan,nan,nan,nan,nan,nan,nan,nan,nan,nan,nan,nan,nan,nan,nan,nan,nan,nan,nan,nan,nan,nan,nan,nan,nan,nan,nan,nan,nan,nan,nan,nan,nan,nan,nan,nan,nan,nan,nan,nan
285,55921,0.40972277777777777,-4.352761262893678,0.38666666666666666,243,0.35390946502057613,0.12757201646090535,0.0,0.26337448559670784,0.0,0.9155555555555556,0.9822485207100592,0.48148148148148145,0.32510288065843623,0.1934156378600823,21.0,0.15637860082304528,0.0385679012345679,140.3310596466064,0.002723717922352804,0.6128365325293809,0.9898234474794052,0.0411522633744856,0.6451612903225806,0.15555555555555556,0.22666666666666666,0.3111111111111111,0.5911111111111111,0.7377777777777778,0.8577777777777778,0.6449704142011834,0.8402366863905325,0.9289940828402367,0.12064187228679657,0.12064187228679657,nan,nan,nan,nan,nan,nan,nan,nan,nan,nan,nan,nan,nan,nan,nan,nan,nan,nan,nan,nan,nan,nan,nan,nan,nan,nan,nan,nan,nan,nan,nan,nan,nan,nan,nan,nan,nan,nan,nan,nan,nan,nan,nan,nan,nan,nan,nan,nan,nan,nan,nan,nan,nan,nan,nan,nan,nan,nan,nan,nan,nan,nan,nan,nan,nan,nan,nan
286,56117,0.407653888888889,-3.822856850147247,0.3288888888888889,196,0.37244897959183676,0.11224489795918367,0.00510204081632653,0.20408163265306123,0.0,0.7822222222222223,0.834319526627219,0.4897959183673469,0.19387755102040816,0.3163265306122449,15.0,0.09183673469387756,0.040873015873015874,120.11292238235455,0.0027011618567704394,0.6077614177733488,0.9867211287015232,0.00510204081632653,0.6949152542372882,0.10222222222222223,0.19555555555555557,0.28444444444444444,0.5333333333333333,0.7022222222222222,0.7822222222222223,0.5857988165680473,0.757396449704142,0.834319526627219,0.12307090684771538,0.12307090684771538,nan,nan,nan,nan,nan,nan,nan,nan,nan,nan,nan,nan,nan,nan,nan,nan,nan,nan,nan,nan,nan,nan,nan,nan,nan,nan,nan,nan,nan,nan,nan,nan,nan,nan,nan,nan,nan,nan,nan,nan,nan,nan,nan,nan,nan,nan,nan,nan,nan,nan,nan,nan,nan,nan,nan,nan,nan,nan,nan,nan,nan,nan,nan,nan,nan,nan,nan
287,56327,0.4054372222222222,-2.963327482938767,0.37333333333333335,210,0.3952380952380952,0.10476190476190476,0.004761904761904762,0.21428571428571427,0.0,0.9111111111111111,0.9763313609467456,0.5047619047619047,0.19523809523809524,0.3,18.0,0.10952380952380952,0.043950617283950624,120.79359507560692,0.0030538778869690455,0.6871225245680351,0.9880148936339308,0.0380952380952381,0.7288135593220338,0.1111111111111111,0.23555555555555555,0.3111111111111111,0.41333333333333333,0.8044444444444444,0.9111111111111111,0.46153846153846156,0.8579881656804734,0.9763313609467456,0.11623329594731331,0.11623329594731331,nan,nan,nan,nan,nan,nan,nan,nan,nan,nan,nan,nan,nan,nan,nan,nan,nan,nan,nan,nan,nan,nan,nan,nan,nan,nan,nan,nan,nan,nan,nan,nan,nan,nan,nan,nan,nan,nan,nan,nan,nan,nan,nan,nan,nan,nan,nan,nan,nan,nan,nan,nan,nan,nan,nan,nan,nan,nan,nan,nan,nan,nan,nan,nan,nan,nan,nan
288,56535,0.4032416666666667,-4.630780885219577,0.30666666666666664,208,0.3269230769230769,0.1346153846153846,0.0,0.27884615384615385,0.0,0.7866666666666666,0.8461538461538461,0.46153846153846156,0.23076923076923078,0.3076923076923077,41.0,0.2403846153846154,0.03462962962962962,120.2169608116148,0.002513973237901244,0.5656439785277799,0.9724101070008536,0.02403846153846154,0.660377358490566,0.12,0.2088888888888889,0.23555555555555555,0.4444444444444444,0.72,0.7466666666666667,0.4911242603550296,0.7692307692307693,0.7928994082840237,0.12439112812280655,0.12439112812280655,nan,nan,nan,nan,nan,nan,nan,nan,nan,nan,nan,nan,nan,nan,nan,nan,nan,nan,nan,nan,nan,nan,nan,nan,nan,nan,nan,nan,nan,nan,nan,nan,nan,nan,nan,nan,nan,nan,nan,nan,nan,nan,nan,nan,nan,nan,nan,nan,nan,nan,nan,nan,nan,nan,nan,nan,nan,nan,nan,nan,nan,nan,nan,nan,nan,nan,nan
289,56730,0.40118333333333345,-3.2350817358493815,0.35555555555555557,195,0.40512820512820513,0.11794871794871795,0.0,0.19487179487179487,0.0,0.8488888888888889,0.893491124260355,0.5230769230769231,0.2153846153846154,0.26153846153846155,22.0,0.14871794871794872,0.04527777777777778,120.0007784366605,0.0029259069456489956,0.6583290627710239,0.9844855974086574,0.02564102564102564,0.7222222222222222,0.14222222222222222,0.22666666666666666,0.27111111111111114,0.6355555555555555,0.6844444444444444,0.6888888888888889,0.6863905325443787,0.7218934911242604,0.7218934911242604,0.11059471741318702,0.11059471741318702,nan,nan,nan,nan,nan,nan,nan,nan,nan,nan,nan,nan,nan,nan,nan,nan,nan,nan,nan,nan,nan,nan,nan,nan,nan,nan,nan,nan,nan,nan,nan,nan,nan,nan,nan,nan,nan,nan,nan,nan,nan,nan,nan,nan,nan,nan,nan,nan,nan,nan,nan,nan,nan,nan,nan,nan,nan,nan,nan,nan,nan,nan,nan,nan,nan,nan,nan
290,56965,0.39870277777777785,-5.3460777058601385,0.40444444444444444,235,0.3829787234042553,0.06808510638297872,0.0425531914893617,0.251063829787234,0.0,0.92,0.9526627218934911,0.49361702127659574,0.19148936170212766,0.3148936170212766,26.0,0.1148936170212766,0.04,140.72454957962026,0.0028424322635595633,0.6395472593009017,0.9826930856656653,0.02127659574468085,0.7666666666666667,0.1288888888888889,0.21333333333333335,0.28444444444444444,0.5333333333333333,0.7777777777777778,0.8044444444444444,0.5621301775147929,0.7988165680473372,0.834319526627219,0.1104120209813118,0.1104120209813118,nan,nan,nan,nan,nan,nan,nan,nan,nan,nan,nan,nan,nan,nan,nan,nan,nan,nan,nan,nan,nan,nan,nan,nan,nan,nan,nan,nan,nan,nan,nan,nan,nan,nan,nan,nan,nan,nan,nan,nan,nan,nan,nan,nan,nan,nan,nan,nan,nan,nan,nan,nan,nan,nan,nan,nan,nan,nan,nan,nan,nan,nan,nan,nan,nan,nan,nan
291,57214,0.3960744444444445,-6.916436889648437,0.3466666666666667,249,0.3092369477911647,0.07228915662650602,0.004016064257028112,0.3333333333333333,0.0,0.7955555555555556,0.8579881656804734,0.3855421686746988,0.27710843373493976,0.3373493975903614,18.0,0.1646586345381526,0.03427777777777778,130.26130371093723,0.0026271978897251585,0.5911195251881606,0.9736923011621541,0.08032128514056225,0.7428571428571429,0.12444444444444444,0.2088888888888889,0.26222222222222225,0.4488888888888889,0.6977777777777778,0.7511111111111111,0.514792899408284,0.8047337278106509,0.8284023668639053,0.11031892821192742,0.11031892821192742,nan,nan,nan,nan,nan,nan,nan,nan,nan,nan,nan,nan,nan,nan,nan,nan,nan,nan,nan,nan,nan,nan,nan,nan,nan,nan,nan,nan,nan,nan,nan,nan,nan,nan,nan,nan,nan,nan,nan,nan,nan,nan,nan,nan,nan,nan,nan,nan,nan,nan,nan,nan,nan,nan,nan,nan,nan,nan,nan,nan,nan,nan,nan,nan,nan,nan,nan
292,57366,0.3944700000000001,-2.4486644477844237,0.3244444444444444,152,0.47368421052631576,0.07236842105263158,0.0,0.19078947368421054,0.0,0.96,1.0,0.5460526315789473,0.24342105263157895,0.21052631578947367,8.0,0.019736842105263157,0.053015873015872975,100.53966140747048,0.0031828235297420926,0.7161352941919708,0.9914386224522979,0.03289473684210526,0.875,0.10666666666666667,0.2222222222222222,0.32,0.49333333333333335,0.7822222222222223,0.96,0.5502958579881657,0.8402366863905325,1.0,0.10125317946076393,0.10125317946076393,nan,nan,nan,nan,nan,nan,nan,nan,nan,nan,nan,nan,nan,nan,nan,nan,nan,nan,nan,nan,nan,nan,nan,nan,nan,nan,nan,nan,nan,nan,nan,nan,nan,nan,nan,nan,nan,nan,nan,nan,nan,nan,nan,nan,nan,nan,nan,nan,nan,nan,nan,nan,nan,nan,nan,nan,nan,nan,nan,nan,nan,nan,nan,nan,nan,nan,nan
293,57526,0.39278111111111114,-1.9080064349174495,0.3288888888888889,160,0.45625,0.1125,0.0,0.15625,0.0,0.9022222222222223,0.9230769230769231,0.56875,0.16875,0.2625,13.0,0.075,0.05206349206349207,100.40958509445166,0.00323120989036307,0.7270222253316907,0.991866691329683,0.01875,0.75,0.13777777777777778,0.22666666666666666,0.3022222222222222,0.5555555555555556,0.7511111111111111,0.8044444444444444,0.6568047337278107,0.7869822485207101,0.8579881656804734,0.11123873963952065,0.11123873963952065,nan,nan,nan,nan,nan,nan,nan,nan,nan,nan,nan,nan,nan,nan,nan,nan,nan,nan,nan,nan,nan,nan,nan,nan,nan,nan,nan,nan,nan,nan,nan,nan,nan,nan,nan,nan,nan,nan,nan,nan,nan,nan,nan,nan,nan,nan,nan,nan,nan,nan,nan,nan,nan,nan,nan,nan,nan,nan,nan,nan,nan,nan,nan,nan,nan,nan,nan
294,57770,0.3902055555555556,-2.3095882906913743,0.44,244,0.4016393442622951,0.12295081967213115,0.004098360655737705,0.19262295081967212,0.0,0.84,0.8994082840236687,0.5286885245901639,0.22950819672131148,0.24180327868852458,21.0,0.16393442622950818,0.044678362573099414,140.14845991134627,0.003107815496731645,0.69925848676462,0.9898651546618668,0.045081967213114756,0.6911764705882353,0.14222222222222222,0.24,0.36,0.48,0.6666666666666666,0.7955555555555556,0.591715976331361,0.7810650887573964,0.8698224852071006,0.11451442241668701,0.11451442241668701,nan,nan,nan,nan,nan,nan,nan,nan,nan,nan,nan,nan,nan,nan,nan,nan,nan,nan,nan,nan,nan,nan,nan,nan,nan,nan,nan,nan,nan,nan,nan,nan,nan,nan,nan,nan,nan,nan,nan,nan,nan,nan,nan,nan,nan,nan,nan,nan,nan,nan,nan,nan,nan,nan,nan,nan,nan,nan,nan,nan,nan,nan,nan,nan,nan,nan,nan
295,57924,0.38858000000000004,-2.3495964231491095,0.3377777777777778,154,0.487012987012987,0.06493506493506493,0.0,0.16233766233766234,0.006493506493506494,0.8488888888888889,0.9112426035502958,0.551948051948052,0.23376623376623376,0.21428571428571427,8.0,0.032467532467532464,0.05095238095238097,100.71996593475323,0.0033095060173994493,0.744638853914876,1.0,0.012987012987012988,0.8409090909090909,0.14222222222222222,0.26222222222222225,0.3333333333333333,0.6177777777777778,0.8311111111111111,0.8488888888888889,0.7041420118343196,0.9053254437869822,0.9112426035502958,0.11926404386758804,0.11926404386758804,nan,nan,nan,nan,nan,nan,nan,nan,nan,nan,nan,nan,nan,nan,nan,nan,nan,nan,nan,nan,nan,nan,nan,nan,nan,nan,nan,nan,nan,nan,nan,nan,nan,nan,nan,nan,nan,nan,nan,nan,nan,nan,nan,nan,nan,nan,nan,nan,nan,nan,nan,nan,nan,nan,nan,nan,nan,nan,nan,nan,nan,nan,nan,nan,nan,nan,nan
296,58098,0.38674333333333344,-2.2660074481964108,0.32,174,0.40804597701149425,0.12643678160919541,0.0,0.1839080459770115,0.005747126436781609,0.7733333333333333,0.863905325443787,0.5344827586206896,0.1781609195402299,0.28735632183908044,14.0,0.1206896551724138,0.045291005291005285,100.30483283996558,0.0031459656192141645,0.707842264323187,0.9932668225560127,0.028735632183908046,0.7346938775510204,0.14222222222222222,0.24,0.28444444444444444,0.47555555555555556,0.7111111111111111,0.72,0.5621301775147929,0.834319526627219,0.8461538461538461,0.11084446907043458,0.11084446907043458,nan,nan,nan,nan,nan,nan,nan,nan,nan,nan,nan,nan,nan,nan,nan,nan,nan,nan,nan,nan,nan,nan,nan,nan,nan,nan,nan,nan,nan,nan,nan,nan,nan,nan,nan,nan,nan,nan,nan,nan,nan,nan,nan,nan,nan,nan,nan,nan,nan,nan,nan,nan,nan,nan,nan,nan,nan,nan,nan,nan,nan,nan,nan,nan,nan,nan,nan
297,58295,0.3846638888888889,-2.724790832519531,0.38666666666666666,197,0.4365482233502538,0.07106598984771574,0.0,0.2131979695431472,0.0,0.9777777777777777,0.9940828402366864,0.5076142131979695,0.2436548223350254,0.24873096446700507,9.0,0.03553299492385787,0.048535353535353536,120.40753173828102,0.003174404596657825,0.7142410342480106,0.988933964245223,0.03553299492385787,0.7818181818181819,0.10666666666666667,0.19111111111111112,0.29333333333333333,0.4533333333333333,0.7822222222222223,0.9377777777777778,0.4911242603550296,0.7988165680473372,0.9408284023668639,0.11981816291809082,0.11981816291809082,nan,nan,nan,nan,nan,nan,nan,nan,nan,nan,nan,nan,nan,nan,nan,nan,nan,nan,nan,nan,nan,nan,nan,nan,nan,nan,nan,nan,nan,nan,nan,nan,nan,nan,nan,nan,nan,nan,nan,nan,nan,nan,nan,nan,nan,nan,nan,nan,nan,nan,nan,nan,nan,nan,nan,nan,nan,nan,nan,nan,nan,nan,nan,nan,nan,nan,nan
298,58500,0.38250000000000006,-3.6207397458553316,0.4311111111111111,205,0.4682926829268293,0.07804878048780488,0.0,0.17073170731707318,0.004878048780487805,0.9422222222222222,0.9644970414201184,0.5463414634146342,0.25853658536585367,0.1951219512195122,7.0,0.02926829268292683,0.05530864197530864,140.3879975795744,0.0030391961850216183,0.683819141629864,0.9748103348905427,0.024390243902439025,0.8448275862068966,0.1111111111111111,0.24,0.3111111111111111,0.4177777777777778,0.8711111111111111,0.9155555555555556,0.44970414201183434,0.9289940828402367,0.9526627218934911,0.11963612884283066,0.11963612884283066,nan,nan,nan,nan,nan,nan,nan,nan,nan,nan,nan,nan,nan,nan,nan,nan,nan,nan,nan,nan,nan,nan,nan,nan,nan,nan,nan,nan,nan,nan,nan,nan,nan,nan,nan,nan,nan,nan,nan,nan,nan,nan,nan,nan,nan,nan,nan,nan,nan,nan,nan,nan,nan,nan,nan,nan,nan,nan,nan,nan,nan,nan,nan,nan,nan,nan,nan
299,58683,0.3805683333333334,-2.9081756062507633,0.36444444444444446,183,0.4426229508196721,0.06557377049180328,0.0,0.25136612021857924,0.0,0.9377777777777778,0.9704142011834319,0.5081967213114754,0.15300546448087432,0.33879781420765026,24.0,0.12021857923497267,0.04972222222222222,110.9064343452453,0.003245979389070799,0.7303453625409297,0.9825768021195171,0.0273224043715847,0.75,0.14222222222222222,0.26222222222222225,0.3333333333333333,0.56,0.9333333333333333,0.9377777777777778,0.5857988165680473,0.9644970414201184,0.9704142011834319,0.1156768947839737,0.1156768947839737,nan,nan,nan,nan,nan,nan,nan,nan,nan,nan,nan,nan,nan,nan,nan,nan,nan,nan,nan,nan,nan,nan,nan,nan,nan,nan,nan,nan,nan,nan,nan,nan,nan,nan,nan,nan,nan,nan,nan,nan,nan,nan,nan,nan,nan,nan,nan,nan,nan,nan,nan,nan,nan,nan,nan,nan,nan,nan,nan,nan,nan,nan,nan,nan,nan,nan,nan
300,58931,0.37795055555555557,-5.250079664230346,0.3333333333333333,248,0.29838709677419356,0.125,0.0,0.3387096774193548,0.0,0.7777777777777778,0.8816568047337278,0.42338709677419356,0.08064516129032258,0.4959677419354839,49.0,0.2217741935483871,0.03300483091787439,130.21028251647908,0.002525828855699361,0.5683114925323562,0.9905518316511791,0.008064516129032258,0.5689655172413793,0.14222222222222222,0.21333333333333335,0.27111111111111114,0.6266666666666667,0.6533333333333333,0.7333333333333333,0.727810650887574,0.7633136094674556,0.8224852071005917,0.12483776435256004,0.12483776435256004,-142.75789341244698,0.22488888888888892,218.8,0.5,0.5,0.24728707582347625,0.062078503217936995,0.014000000000000002,0.5274105921753041,0.0011142857142857141,0.6542222222222223,0.7047337278106509,0.3233655790414132,0.467902791553651,0.20873162940493578,114.0,0.49713175887139494,0.026950617283950616,104.63898488044701,0.0020442060968421556,0.45994637178948505,0.681509451960922,0.07181796266872101,0.6646210523023108,0.12622222222222224,0.17466666666666666,0.20246913580246917,0.5222222222222223,0.607111111111111,0.6227160493827161,0.5846153846153845,0.6698224852071005,0.6725838264299804,-37.95407094221116,0.28088888888888885,183.8,0.3,0.7,0.3763111800755121,0.09025350519823214,0.009092458261370178,0.2952031443262307,0.00561167020867174,0.7746666666666667,0.82603550295858,0.47565714353511446,0.26674635092974813,0.25759650553513747,49.1,0.2713691918944486,0.04074023020514249,105.7406756401061,0.0027329043437674554,0.6149034773476775,0.8580394540603649,0.04577578434560472,0.7058815281847168,0.15733333333333333,0.22913580246913579,0.2596825396825397,0.6048888888888889,0.7353086419753087,0.739047619047619,0.6976331360946746,0.8172255095332019,0.8140321217244294,1.6450825480312663
301,59123,0.37592388888888895,-1.7715637559890725,0.41333333333333333,192,0.4791666666666667,0.07291666666666667,0.0,0.15104166666666666,0.0,0.8711111111111111,0.9289940828402367,0.5520833333333334,0.16145833333333334,0.2864583333333333,6.0,0.015625,0.05215686274509804,120.37679767608613,0.0033967417042372293,0.7642668834533765,0.9969490289706933,0.010416666666666666,0.7857142857142857,0.12444444444444444,0.23555555555555555,0.3377777777777778,0.5022222222222222,0.7066666666666667,0.7644444444444445,0.6272189349112426,0.8461538461538461,0.8520710059171598,0.1297344107180834,0.1297344107180834,nan,nan,nan,nan,nan,nan,nan,nan,nan,nan,nan,nan,nan,nan,nan,nan,nan,nan,nan,nan,nan,nan,nan,nan,nan,nan,nan,nan,nan,nan,nan,nan,nan,nan,nan,nan,nan,nan,nan,nan,nan,nan,nan,nan,nan,nan,nan,nan,nan,nan,nan,nan,nan,nan,nan,nan,nan,nan,nan,nan,nan,nan,nan,nan,nan,nan,nan
302,59305,0.3740027777777778,-3.396433211803436,0.32,182,0.3901098901098901,0.08241758241758242,0.0,0.26373626373626374,0.0,0.7866666666666666,0.8816568047337278,0.4725274725274725,0.24725274725274726,0.2802197802197802,10.0,0.08241758241758242,0.04515873015873016,100.51841154098479,0.0031392811597196085,0.7063382609369118,0.9751356675532318,0.07692307692307693,0.8541666666666666,0.09777777777777778,0.20444444444444446,0.27111111111111114,0.4222222222222222,0.7022222222222222,0.7244444444444444,0.5266272189349113,0.8816568047337278,0.8816568047337278,0.13853693827986718,0.13853693827986718,nan,nan,nan,nan,nan,nan,nan,nan,nan,nan,nan,nan,nan,nan,nan,nan,nan,nan,nan,nan,nan,nan,nan,nan,nan,nan,nan,nan,nan,nan,nan,nan,nan,nan,nan,nan,nan,nan,nan,nan,nan,nan,nan,nan,nan,nan,nan,nan,nan,nan,nan,nan,nan,nan,nan,nan,nan,nan,nan,nan,nan,nan,nan,nan,nan,nan,nan
303,59526,0.37167000000000006,-3.321596621513366,0.4444444444444444,221,0.4479638009049774,0.07692307692307693,0.004524886877828055,0.19457013574660634,0.0,0.9911111111111112,1.0,0.5294117647058824,0.248868778280543,0.22171945701357465,16.0,0.09502262443438914,0.0496413874191652,140.62472972869872,0.003128894902403533,0.7040013530407949,0.9772228747794159,0.049773755656108594,0.8032786885245902,0.15555555555555556,0.26666666666666666,0.35555555555555557,0.76,0.9022222222222223,0.9911111111111112,0.863905325443787,0.9585798816568047,1.0,0.12463534995913506,0.12463534995913506,nan,nan,nan,nan,nan,nan,nan,nan,nan,nan,nan,nan,nan,nan,nan,nan,nan,nan,nan,nan,nan,nan,nan,nan,nan,nan,nan,nan,nan,nan,nan,nan,nan,nan,nan,nan,nan,nan,nan,nan,nan,nan,nan,nan,nan,nan,nan,nan,nan,nan,nan,nan,nan,nan,nan,nan,nan,nan,nan,nan,nan,nan,nan,nan,nan,nan,nan
304,59776,0.3690311111111112,-0.9102114033699039,0.4622222222222222,250,0.412,0.108,0.004,0.204,0.0,0.9244444444444444,1.0,0.524,0.196,0.28,12.0,0.092,0.04577777777777778,145.33534669876104,0.0031498034592136854,0.7087057783230791,0.9941421356237311,0.024,0.6911764705882353,0.14222222222222222,0.2311111111111111,0.3333333333333333,0.6133333333333333,0.8133333333333334,0.8933333333333333,0.7041420118343196,0.9053254437869822,0.9763313609467456,0.12084087952971459,0.12084087952971459,nan,nan,nan,nan,nan,nan,nan,nan,nan,nan,nan,nan,nan,nan,nan,nan,nan,nan,nan,nan,nan,nan,nan,nan,nan,nan,nan,nan,nan,nan,nan,nan,nan,nan,nan,nan,nan,nan,nan,nan,nan,nan,nan,nan,nan,nan,nan,nan,nan,nan,nan,nan,nan,nan,nan,nan,nan,nan,nan,nan,nan,nan,nan,nan,nan,nan,nan
305,59969,0.36699388888888884,-2.8209852833747866,0.37333333333333335,193,0.43005181347150256,0.11398963730569948,0.0,0.18652849740932642,0.0,0.8755555555555555,0.9289940828402367,0.5440414507772021,0.24870466321243523,0.20725388601036268,19.0,0.11398963730569948,0.04675925925925926,120.26652650833087,0.0030672615198821425,0.690133841973482,0.9873599892866066,0.025906735751295335,0.7692307692307693,0.14666666666666667,0.26222222222222225,0.3377777777777778,0.6488888888888888,0.7911111111111111,0.8755555555555555,0.7100591715976331,0.8579881656804734,0.9289940828402367,0.10851296558976173,0.10851296558976173,nan,nan,nan,nan,nan,nan,nan,nan,nan,nan,nan,nan,nan,nan,nan,nan,nan,nan,nan,nan,nan,nan,nan,nan,nan,nan,nan,nan,nan,nan,nan,nan,nan,nan,nan,nan,nan,nan,nan,nan,nan,nan,nan,nan,nan,nan,nan,nan,nan,nan,nan,nan,nan,nan,nan,nan,nan,nan,nan,nan,nan,nan,nan,nan,nan,nan,nan
306,60170,0.36487222222222226,-3.70415665960312,0.28888888888888886,201,0.31840796019900497,0.16417910447761194,0.0,0.22885572139303484,0.004975124378109453,0.7466666666666667,0.8047337278106509,0.48258706467661694,0.13432835820895522,0.38308457711442784,49.0,0.32338308457711445,0.03160493827160493,110.45863485336264,0.0025751218528280158,0.5794024168863036,0.9552015262430823,0.009950248756218905,0.5172413793103449,0.14222222222222222,0.24,0.28,0.5644444444444444,0.7333333333333333,0.7466666666666667,0.6153846153846154,0.8047337278106509,0.8047337278106509,0.11153821796178817,0.11153821796178817,nan,nan,nan,nan,nan,nan,nan,nan,nan,nan,nan,nan,nan,nan,nan,nan,nan,nan,nan,nan,nan,nan,nan,nan,nan,nan,nan,nan,nan,nan,nan,nan,nan,nan,nan,nan,nan,nan,nan,nan,nan,nan,nan,nan,nan,nan,nan,nan,nan,nan,nan,nan,nan,nan,nan,nan,nan,nan,nan,nan,nan,nan,nan,nan,nan,nan,nan
307,60380,0.3626555555555556,-1.7693904280662545,0.39555555555555555,210,0.41904761904761906,0.09047619047619047,0.0,0.17142857142857143,0.0,0.9244444444444444,0.9763313609467456,0.5095238095238095,0.22380952380952382,0.26666666666666666,9.0,0.03333333333333333,0.04419753086419753,120.23228979110682,0.003252962343066349,0.7319165271899285,0.9857910842678681,0.02857142857142857,0.8059701492537313,0.12444444444444444,0.20444444444444446,0.30666666666666664,0.5288888888888889,0.6622222222222223,0.8355555555555556,0.591715976331361,0.7692307692307693,0.9289940828402367,0.12876517921686173,0.12876517921686173,nan,nan,nan,nan,nan,nan,nan,nan,nan,nan,nan,nan,nan,nan,nan,nan,nan,nan,nan,nan,nan,nan,nan,nan,nan,nan,nan,nan,nan,nan,nan,nan,nan,nan,nan,nan,nan,nan,nan,nan,nan,nan,nan,nan,nan,nan,nan,nan,nan,nan,nan,nan,nan,nan,nan,nan,nan,nan,nan,nan,nan,nan,nan,nan,nan,nan,nan
308,60560,0.3607555555555556,-3.2647444357872017,0.31555555555555553,180,0.3888888888888889,0.08888888888888889,0.0,0.2611111111111111,0.005555555555555556,0.8311111111111111,0.8579881656804734,0.4777777777777778,0.17222222222222222,0.35,21.0,0.12222222222222222,0.0411111111111111,103.61661367416363,0.003002521507694141,0.6755673392311817,0.991864077255182,0.05555555555555555,0.7446808510638298,0.09777777777777778,0.21777777777777776,0.3022222222222222,0.39555555555555555,0.8133333333333334,0.8311111111111111,0.4319526627218935,0.834319526627219,0.8579881656804734,0.12298855260014534,0.12298855260014534,nan,nan,nan,nan,nan,nan,nan,nan,nan,nan,nan,nan,nan,nan,nan,nan,nan,nan,nan,nan,nan,nan,nan,nan,nan,nan,nan,nan,nan,nan,nan,nan,nan,nan,nan,nan,nan,nan,nan,nan,nan,nan,nan,nan,nan,nan,nan,nan,nan,nan,nan,nan,nan,nan,nan,nan,nan,nan,nan,nan,nan,nan,nan,nan,nan,nan,nan
309,60734,0.3589188888888889,-3.390038812637331,0.32,174,0.40804597701149425,0.08620689655172414,0.005747126436781609,0.23563218390804597,0.0,0.8311111111111111,0.8994082840236687,0.5,0.25287356321839083,0.2471264367816092,18.0,0.12643678160919541,0.04531746031746031,100.20036964416474,0.0031492454237062014,0.7085802203338952,0.9629647054863155,0.08620689655172414,0.8043478260869565,0.1288888888888889,0.21333333333333335,0.28,0.49333333333333335,0.8,0.8,0.5562130177514792,0.8579881656804734,0.8579881656804734,0.12236138135194778,0.12236138135194778,nan,nan,nan,nan,nan,nan,nan,nan,nan,nan,nan,nan,nan,nan,nan,nan,nan,nan,nan,nan,nan,nan,nan,nan,nan,nan,nan,nan,nan,nan,nan,nan,nan,nan,nan,nan,nan,nan,nan,nan,nan,nan,nan,nan,nan,nan,nan,nan,nan,nan,nan,nan,nan,nan,nan,nan,nan,nan,nan,nan,nan,nan,nan,nan,nan,nan,nan
310,60866,0.35752555555555554,-1.9751947994232162,0.27111111111111114,132,0.45454545454545453,0.08333333333333333,0.0,0.17424242424242425,0.007575757575757576,0.7822222222222223,0.8875739644970414,0.5378787878787878,0.15151515151515152,0.3106060606060606,7.0,0.03787878787878788,0.04825396825396825,80.36375999450668,0.0033182452723080017,0.7466051862693003,0.995562223957372,0.022727272727272728,0.7894736842105263,0.1511111111111111,0.22666666666666666,nan,0.6177777777777778,0.6533333333333333,nan,0.7396449704142012,0.7396449704142012,nan,0.1191621445119381,0.1191621445119381,nan,nan,nan,nan,nan,nan,nan,nan,nan,nan,nan,nan,nan,nan,nan,nan,nan,nan,nan,nan,nan,nan,nan,nan,nan,nan,nan,nan,nan,nan,nan,nan,nan,nan,nan,nan,nan,nan,nan,nan,nan,nan,nan,nan,nan,nan,nan,nan,nan,nan,nan,nan,nan,nan,nan,nan,nan,nan,nan,nan,nan,nan,nan,nan,nan,nan,nan
311,61115,0.3548972222222223,-10.798192757129673,0.36444444444444446,249,0.3253012048192771,0.03614457831325301,0.10040160642570281,0.26907630522088355,0.0,0.8311111111111111,0.9112426035502958,0.46184738955823296,0.2248995983935743,0.3132530120481928,49.0,0.28112449799196787,0.036,140.08755006790165,0.0025698215139425664,0.5782098406370774,0.9098549686855784,0.06827309236947791,0.6515151515151515,0.1111111111111111,0.21777777777777776,0.29777777777777775,0.4577777777777778,0.7466666666666667,0.8177777777777778,0.5207100591715976,0.834319526627219,0.9053254437869822,0.12691062763333322,0.12691062763333322,nan,nan,nan,nan,nan,nan,nan,nan,nan,nan,nan,nan,nan,nan,nan,nan,nan,nan,nan,nan,nan,nan,nan,nan,nan,nan,nan,nan,nan,nan,nan,nan,nan,nan,nan,nan,nan,nan,nan,nan,nan,nan,nan,nan,nan,nan,nan,nan,nan,nan,nan,nan,nan,nan,nan,nan,nan,nan,nan,nan,nan,nan,nan,nan,nan,nan,nan
312,61329,0.3526383333333334,-2.2682025814056392,0.39111111111111113,214,0.40654205607476634,0.08411214953271028,0.0,0.2336448598130841,0.0,0.9377777777777778,1.0,0.49065420560747663,0.17757009345794392,0.3317757009345794,11.0,0.0514018691588785,0.04451499118165785,120.13526268005339,0.0032185942581775097,0.7241837080899396,0.9945253603960104,0.037383177570093455,0.8448275862068966,0.1288888888888889,0.2222222222222222,0.3111111111111111,0.5288888888888889,0.7066666666666667,0.88,0.6568047337278107,0.8284023668639053,0.9644970414201184,0.11168471872806549,0.11168471872806549,nan,nan,nan,nan,nan,nan,nan,nan,nan,nan,nan,nan,nan,nan,nan,nan,nan,nan,nan,nan,nan,nan,nan,nan,nan,nan,nan,nan,nan,nan,nan,nan,nan,nan,nan,nan,nan,nan,nan,nan,nan,nan,nan,nan,nan,nan,nan,nan,nan,nan,nan,nan,nan,nan,nan,nan,nan,nan,nan,nan,nan,nan,nan,nan,nan,nan,nan
313,61509,0.3507383333333334,-3.9654149444103277,0.3111111111111111,180,0.38333333333333336,0.08333333333333333,0.0,0.28888888888888886,0.005555555555555556,0.84,0.8698224852071006,0.4666666666666667,0.21666666666666667,0.31666666666666665,12.0,0.12777777777777777,0.04055555555555557,100.3372851848599,0.0030563580238559245,0.6876805553675829,0.9658926806513936,0.08888888888888889,0.7674418604651163,0.13333333333333333,0.2,0.26666666666666666,0.4577777777777778,0.6533333333333333,0.7422222222222222,0.5029585798816568,0.6923076923076923,0.7751479289940828,0.14554925113916398,0.14554925113916398,nan,nan,nan,nan,nan,nan,nan,nan,nan,nan,nan,nan,nan,nan,nan,nan,nan,nan,nan,nan,nan,nan,nan,nan,nan,nan,nan,nan,nan,nan,nan,nan,nan,nan,nan,nan,nan,nan,nan,nan,nan,nan,nan,nan,nan,nan,nan,nan,nan,nan,nan,nan,nan,nan,nan,nan,nan,nan,nan,nan,nan,nan,nan,nan,nan,nan,nan
314,61706,0.34865888888888885,-3.553043868541718,0.3466666666666667,197,0.39086294416243655,0.116751269035533,0.0,0.2233502538071066,0.0,0.9422222222222222,0.9704142011834319,0.5076142131979695,0.20304568527918782,0.2893401015228426,17.0,0.14213197969543148,0.04315656565656566,120.15279874801614,0.002848225141554372,0.6408506568497336,0.9745017523137124,0.050761421319796954,0.5961538461538461,0.16,0.2577777777777778,0.3111111111111111,0.76,0.9022222222222223,0.9288888888888889,0.8698224852071006,0.9526627218934911,0.9704142011834319,0.11369902342557907,0.11369902342557907,nan,nan,nan,nan,nan,nan,nan,nan,nan,nan,nan,nan,nan,nan,nan,nan,nan,nan,nan,nan,nan,nan,nan,nan,nan,nan,nan,nan,nan,nan,nan,nan,nan,nan,nan,nan,nan,nan,nan,nan,nan,nan,nan,nan,nan,nan,nan,nan,nan,nan,nan,nan,nan,nan,nan,nan,nan,nan,nan,nan,nan,nan,nan,nan,nan,nan,nan
315,61929,0.346305,-3.293977444171907,0.38666666666666666,223,0.38565022421524664,0.04932735426008968,0.013452914798206279,0.25112107623318386,0.0,0.88,0.9289940828402367,0.4484304932735426,0.242152466367713,0.3094170403587444,9.0,0.07174887892376682,0.04272678475577026,120.43788042068434,0.0031736046905436765,0.7140610553723272,0.9722946960189002,0.04484304932735426,0.8059701492537313,0.11555555555555555,0.2222222222222222,0.31555555555555553,0.4666666666666667,0.6933333333333334,0.8488888888888889,0.5502958579881657,0.8284023668639053,0.9171597633136095,0.12064233124256134,0.12064233124256134,nan,nan,nan,nan,nan,nan,nan,nan,nan,nan,nan,nan,nan,nan,nan,nan,nan,nan,nan,nan,nan,nan,nan,nan,nan,nan,nan,nan,nan,nan,nan,nan,nan,nan,nan,nan,nan,nan,nan,nan,nan,nan,nan,nan,nan,nan,nan,nan,nan,nan,nan,nan,nan,nan,nan,nan,nan,nan,nan,nan,nan,nan,nan,nan,nan,nan,nan
316,62117,0.34432055555555563,-1.771211621284483,0.39555555555555555,188,0.46808510638297873,0.13297872340425532,0.0,0.14893617021276595,0.0,0.8844444444444445,0.9289940828402367,0.601063829787234,0.22340425531914893,0.17553191489361702,12.0,0.05851063829787234,0.05196581196581196,120.31630115509006,0.0032506909484107333,0.731405463392415,0.993768229386948,0.010638297872340425,0.6739130434782609,0.16,0.26222222222222225,0.3466666666666667,0.6222222222222222,0.8,0.8666666666666667,0.6982248520710059,0.8757396449704142,0.9112426035502958,0.12326428070664405,0.12326428070664405,nan,nan,nan,nan,nan,nan,nan,nan,nan,nan,nan,nan,nan,nan,nan,nan,nan,nan,nan,nan,nan,nan,nan,nan,nan,nan,nan,nan,nan,nan,nan,nan,nan,nan,nan,nan,nan,nan,nan,nan,nan,nan,nan,nan,nan,nan,nan,nan,nan,nan,nan,nan,nan,nan,nan,nan,nan,nan,nan,nan,nan,nan,nan,nan,nan,nan,nan
317,62318,0.34219888888888883,-1.6865551552772517,0.4,201,0.4427860696517413,0.12437810945273632,0.0,0.1691542288557214,0.004975124378109453,0.84,0.9053254437869822,0.5671641791044776,0.19402985074626866,0.23880597014925373,10.0,0.04975124378109453,0.05580246913580254,120.62433481216398,0.003279235124251786,0.7378279029566518,0.9793261433880522,0.01990049751243781,0.6792452830188679,0.15555555555555556,0.24,0.31555555555555553,0.5422222222222223,0.7155555555555555,0.8,0.5857988165680473,0.7810650887573964,0.8698224852071006,0.10247522592544556,0.10247522592544556,nan,nan,nan,nan,nan,nan,nan,nan,nan,nan,nan,nan,nan,nan,nan,nan,nan,nan,nan,nan,nan,nan,nan,nan,nan,nan,nan,nan,nan,nan,nan,nan,nan,nan,nan,nan,nan,nan,nan,nan,nan,nan,nan,nan,nan,nan,nan,nan,nan,nan,nan,nan,nan,nan,nan,nan,nan,nan,nan,nan,nan,nan,nan,nan,nan,nan,nan
318,62493,0.3403516666666667,-14.589498494625083,0.24444444444444444,175,0.30857142857142855,0.04,0.0,0.4342857142857143,0.005714285714285714,0.6044444444444445,0.6923076923076923,0.3485714285714286,0.3314285714285714,0.32,37.0,0.26285714285714284,0.03428571428571429,100.23331899642918,0.002394413378734371,0.5387430102152335,0.8835480440501137,0.17142857142857143,0.868421052631579,0.12444444444444444,0.14222222222222222,0.20444444444444446,0.4622222222222222,0.49777777777777776,0.5244444444444445,0.5325443786982249,0.5680473372781065,0.5857988165680473,0.1412075012922287,0.1412075012922287,nan,nan,nan,nan,nan,nan,nan,nan,nan,nan,nan,nan,nan,nan,nan,nan,nan,nan,nan,nan,nan,nan,nan,nan,nan,nan,nan,nan,nan,nan,nan,nan,nan,nan,nan,nan,nan,nan,nan,nan,nan,nan,nan,nan,nan,nan,nan,nan,nan,nan,nan,nan,nan,nan,nan,nan,nan,nan,nan,nan,nan,nan,nan,nan,nan,nan,nan
319,62643,0.33876833333333345,-1.129573773860932,0.3688888888888889,150,0.5466666666666666,0.06,0.0,0.12666666666666668,0.0,0.9422222222222222,0.9763313609467456,0.6066666666666667,0.16666666666666666,0.22666666666666666,7.0,0.02666666666666667,0.060740740740740734,100.09117879867539,0.00364112451085717,0.8192530149428632,0.9764979432979211,0.013333333333333334,0.8717948717948718,0.16,0.28,0.3688888888888889,0.7288888888888889,0.9333333333333333,0.9422222222222222,0.8047337278106509,0.9763313609467456,0.9763313609467456,0.10751433521509171,0.10751433521509171,nan,nan,nan,nan,nan,nan,nan,nan,nan,nan,nan,nan,nan,nan,nan,nan,nan,nan,nan,nan,nan,nan,nan,nan,nan,nan,nan,nan,nan,nan,nan,nan,nan,nan,nan,nan,nan,nan,nan,nan,nan,nan,nan,nan,nan,nan,nan,nan,nan,nan,nan,nan,nan,nan,nan,nan,nan,nan,nan,nan,nan,nan,nan,nan,nan,nan,nan
320,62842,0.3366677777777778,-3.902268054962158,0.38222222222222224,199,0.4271356783919598,0.09045226130653267,0.05025125628140704,0.1507537688442211,0.0,0.8977777777777778,0.9881656804733728,0.5678391959798995,0.22110552763819097,0.21105527638190955,17.0,0.16080402010050251,0.04736111111111112,120.17398147582978,0.0031435904272986005,0.707307846142185,0.955428934500441,0.020100502512562814,0.6545454545454545,0.14666666666666667,0.27111111111111114,0.3466666666666667,0.5111111111111111,0.8533333333333334,0.8977777777777778,0.5680473372781065,0.9644970414201184,0.9881656804733728,0.11771365776658058,0.11771365776658058,-19.956518690872194,0.32,191.3,0.2,0.8,0.38852415575204124,0.14300271982436458,0.019498646562819716,0.1819254094148248,0.00200453353482377,0.772,0.8242603550295857,0.5510255221392255,0.21949329076446844,0.2294811870963059,38.1,0.2209020155851354,0.04201823076209042,116.71636848449691,0.002739031969757486,0.6162821931954343,0.9232450238770268,0.008668889760391537,0.6222969006509419,0.14444444444444446,0.24488888888888885,0.2908641975308642,0.5617777777777778,0.723111111111111,0.7412345679012345,0.6390532544378698,0.7899408284023668,0.7955292570677186,-4.252717190837858,0.3097777777777778,168.2,0.0,1.0,0.4171650109464686,0.12444012307274507,0.038086299013240704,0.16064100007665438,0.003612701622968803,0.8097777777777777,0.8420118343195266,0.5796914330324544,0.18868732118934606,0.2316212457781996,32.0,0.2073505250756933,0.04633477183673261,106.3763541984556,0.0028831197847783005,0.6487019515751176,0.9412000615558178,0.00568565967156265,0.6432336066815083,0.1431111111111111,0.2422222222222222,0.31047619047619046,0.5657777777777777,0.7697777777777777,0.8152380952380952,0.6408284023668639,0.8189349112426034,0.8664412510566357,2.040871824092337
321,63034,0.33464111111111117,-2.0701517608165734,0.41333333333333333,192,0.4791666666666667,0.13020833333333334,0.0,0.11458333333333333,0.0,0.9511111111111111,0.9881656804733728,0.609375,0.171875,0.21875,11.0,0.057291666666666664,0.05189542483660131,130.60144534111006,0.003130814424150794,0.7044332454339286,0.9672899401668852,0.0,0.7358490566037735,0.14666666666666667,0.27111111111111114,0.3466666666666667,0.6888888888888889,0.8844444444444445,0.9244444444444444,0.7869822485207101,0.9763313609467456,0.9881656804733728,0.12136755585670471,0.12136755585670471,nan,nan,nan,nan,nan,nan,nan,nan,nan,nan,nan,nan,nan,nan,nan,nan,nan,nan,nan,nan,nan,nan,nan,nan,nan,nan,nan,nan,nan,nan,nan,nan,nan,nan,nan,nan,nan,nan,nan,nan,nan,nan,nan,nan,nan,nan,nan,nan,nan,nan,nan,nan,nan,nan,nan,nan,nan,nan,nan,nan,nan,nan,nan,nan,nan,nan,nan
322,63209,0.33279388888888894,-2.7202825074195847,0.35555555555555557,175,0.4514285714285714,0.07428571428571429,0.0,0.2,0.0,0.9111111111111111,0.9289940828402367,0.5257142857142857,0.22285714285714286,0.25142857142857145,9.0,0.045714285714285714,0.050158730158730166,110.71697626113868,0.0031712490980874996,0.7135310470696873,0.9933052978556927,0.02857142857142857,0.8125,0.12,0.23555555555555555,0.32,0.5333333333333333,0.8088888888888889,0.9022222222222223,0.5739644970414202,0.863905325443787,0.9289940828402367,0.1326879419386387,0.1326879419386387,nan,nan,nan,nan,nan,nan,nan,nan,nan,nan,nan,nan,nan,nan,nan,nan,nan,nan,nan,nan,nan,nan,nan,nan,nan,nan,nan,nan,nan,nan,nan,nan,nan,nan,nan,nan,nan,nan,nan,nan,nan,nan,nan,nan,nan,nan,nan,nan,nan,nan,nan,nan,nan,nan,nan,nan,nan,nan,nan,nan,nan,nan,nan,nan,nan,nan,nan
323,63404,0.33073555555555556,-2.6844625387191745,0.37777777777777777,195,0.4307692307692308,0.07179487179487179,0.02564102564102564,0.17435897435897435,0.005128205128205128,0.8622222222222222,0.9230769230769231,0.5282051282051282,0.16923076923076924,0.30256410256410254,17.0,0.07179487179487179,0.04694444444444444,113.37583370208709,0.0032928828052927544,0.7408986311908697,0.980417528790677,0.020512820512820513,0.8103448275862069,0.14666666666666667,0.25333333333333335,0.3244444444444444,0.64,0.6933333333333334,0.8222222222222222,0.727810650887574,0.7751479289940828,0.8994082840236687,0.13721416220068933,0.13721416220068933,nan,nan,nan,nan,nan,nan,nan,nan,nan,nan,nan,nan,nan,nan,nan,nan,nan,nan,nan,nan,nan,nan,nan,nan,nan,nan,nan,nan,nan,nan,nan,nan,nan,nan,nan,nan,nan,nan,nan,nan,nan,nan,nan,nan,nan,nan,nan,nan,nan,nan,nan,nan,nan,nan,nan,nan,nan,nan,nan,nan,nan,nan,nan,nan,nan,nan,nan
324,63602,0.3286455555555555,-4.31495876026154,0.3466666666666667,198,0.3888888888888889,0.08585858585858586,0.010101010101010102,0.2474747474747475,0.0,0.8977777777777778,0.9408284023668639,0.48484848484848486,0.23232323232323232,0.2828282828282828,17.0,0.09595959595959595,0.042971014492753624,120.2091310501096,0.002846890408679235,0.6405503419528278,0.9868552587146392,0.04040404040404041,0.7547169811320755,0.12444444444444444,0.2,0.29333333333333333,0.5866666666666667,0.7155555555555555,0.88,0.7159763313609467,0.8047337278106509,0.9408284023668639,0.13419537916779517,0.13419537916779517,nan,nan,nan,nan,nan,nan,nan,nan,nan,nan,nan,nan,nan,nan,nan,nan,nan,nan,nan,nan,nan,nan,nan,nan,nan,nan,nan,nan,nan,nan,nan,nan,nan,nan,nan,nan,nan,nan,nan,nan,nan,nan,nan,nan,nan,nan,nan,nan,nan,nan,nan,nan,nan,nan,nan,nan,nan,nan,nan,nan,nan,nan,nan,nan,nan,nan,nan
325,63799,0.3265661111111111,-1.875350017786027,0.4222222222222222,197,0.47715736040609136,0.03553299492385787,0.025380710659898477,0.15228426395939088,0.0,0.9288888888888889,0.9585798816568047,0.5380710659898477,0.2233502538071066,0.23857868020304568,7.0,0.025380710659898477,0.052676767676767676,120.50809540748564,0.0034668025941751507,0.7800305836894089,0.9682847102945749,0.0,0.8688524590163934,0.13777777777777778,0.24,0.3377777777777778,0.5466666666666666,0.8533333333333334,0.8755555555555555,0.6035502958579881,0.9349112426035503,0.9349112426035503,0.11316334195435047,0.11316334195435047,nan,nan,nan,nan,nan,nan,nan,nan,nan,nan,nan,nan,nan,nan,nan,nan,nan,nan,nan,nan,nan,nan,nan,nan,nan,nan,nan,nan,nan,nan,nan,nan,nan,nan,nan,nan,nan,nan,nan,nan,nan,nan,nan,nan,nan,nan,nan,nan,nan,nan,nan,nan,nan,nan,nan,nan,nan,nan,nan,nan,nan,nan,nan,nan,nan,nan,nan
326,63994,0.32450777777777773,-0.7340707654952996,0.44,195,0.5025641025641026,0.07692307692307693,0.0,0.13333333333333333,0.0,1.0,1.0,0.5794871794871795,0.27692307692307694,0.14358974358974358,8.0,0.015384615384615385,0.05569444444444444,120.2768644332883,0.0036212746117698885,0.8147867876482249,0.9933265159628168,0.010256410256410256,0.7857142857142857,0.1111111111111111,0.24444444444444444,0.36444444444444446,0.4488888888888889,0.7377777777777778,0.9377777777777778,0.5088757396449705,0.8047337278106509,0.9704142011834319,0.11791790500283242,0.11791790500283242,nan,nan,nan,nan,nan,nan,nan,nan,nan,nan,nan,nan,nan,nan,nan,nan,nan,nan,nan,nan,nan,nan,nan,nan,nan,nan,nan,nan,nan,nan,nan,nan,nan,nan,nan,nan,nan,nan,nan,nan,nan,nan,nan,nan,nan,nan,nan,nan,nan,nan,nan,nan,nan,nan,nan,nan,nan,nan,nan,nan,nan,nan,nan,nan,nan,nan,nan
327,64167,0.32268166666666676,-1.0482871172428114,0.4,173,0.5144508670520231,0.08670520231213873,0.0,0.1329479768786127,0.0,0.9155555555555556,0.9585798816568047,0.6011560693641619,0.1907514450867052,0.20809248554913296,9.0,0.046242774566473986,0.057004830917874394,110.14559159278856,0.003591206419027063,0.8080214442810891,0.9866487540133643,0.04046242774566474,0.782608695652174,0.16,0.26222222222222225,0.36,0.7111111111111111,0.7466666666666667,0.8711111111111111,0.834319526627219,0.8698224852071006,0.9349112426035503,0.14436874240636827,0.14436874240636827,nan,nan,nan,nan,nan,nan,nan,nan,nan,nan,nan,nan,nan,nan,nan,nan,nan,nan,nan,nan,nan,nan,nan,nan,nan,nan,nan,nan,nan,nan,nan,nan,nan,nan,nan,nan,nan,nan,nan,nan,nan,nan,nan,nan,nan,nan,nan,nan,nan,nan,nan,nan,nan,nan,nan,nan,nan,nan,nan,nan,nan,nan,nan,nan,nan,nan,nan
328,64362,0.32062333333333337,-2.12194783258438,0.3688888888888889,195,0.4205128205128205,0.13846153846153847,0.0,0.14358974358974358,0.0,0.8355555555555556,0.893491124260355,0.558974358974359,0.20512820512820512,0.2358974358974359,16.0,0.1641025641025641,0.04597222222222222,120.06616983413674,0.003035363291324273,0.6829567405479614,0.9939919339730575,0.005128205128205128,0.6379310344827587,0.14666666666666667,0.27111111111111114,0.3333333333333333,0.6177777777777778,0.8,0.8355555555555556,0.7218934911242604,0.8698224852071006,0.893491124260355,0.11754319816827774,0.11754319816827774,nan,nan,nan,nan,nan,nan,nan,nan,nan,nan,nan,nan,nan,nan,nan,nan,nan,nan,nan,nan,nan,nan,nan,nan,nan,nan,nan,nan,nan,nan,nan,nan,nan,nan,nan,nan,nan,nan,nan,nan,nan,nan,nan,nan,nan,nan,nan,nan,nan,nan,nan,nan,nan,nan,nan,nan,nan,nan,nan,nan,nan,nan,nan,nan,nan,nan,nan
329,64532,0.31882888888888894,-0.9225982999801621,0.38222222222222224,170,0.5,0.047058823529411764,0.0,0.1588235294117647,0.0,0.8977777777777778,0.9585798816568047,0.5470588235294118,0.20588235294117646,0.24705882352941178,9.0,0.029411764705882353,0.055396825396825396,100.83426952362042,0.0037465216891295417,0.8429673800541467,0.9871764173900526,0.01764705882352941,0.88,0.16444444444444445,0.25333333333333335,0.3422222222222222,0.5288888888888889,0.7377777777777778,0.8311111111111111,0.6035502958579881,0.7751479289940828,0.8698224852071006,0.12434956803917885,0.12434956803917885,nan,nan,nan,nan,nan,nan,nan,nan,nan,nan,nan,nan,nan,nan,nan,nan,nan,nan,nan,nan,nan,nan,nan,nan,nan,nan,nan,nan,nan,nan,nan,nan,nan,nan,nan,nan,nan,nan,nan,nan,nan,nan,nan,nan,nan,nan,nan,nan,nan,nan,nan,nan,nan,nan,nan,nan,nan,nan,nan,nan,nan,nan,nan,nan,nan,nan,nan
330,64669,0.3173827777777778,-1.809367878198623,0.27555555555555555,137,0.44525547445255476,0.08759124087591241,0.0,0.18248175182481752,0.0072992700729927005,0.8444444444444444,0.9526627218934911,0.5328467153284672,0.21897810218978103,0.24817518248175183,11.0,0.08029197080291971,0.04679012345679013,80.11778931617722,0.003383906538424281,0.7613789711454633,0.9810024906970698,0.021897810218978103,0.8157894736842105,0.14222222222222222,0.24,nan,0.5511111111111111,0.8444444444444444,nan,0.6094674556213018,0.9526627218934911,nan,0.14698160141706468,0.14698160141706468,nan,nan,nan,nan,nan,nan,nan,nan,nan,nan,nan,nan,nan,nan,nan,nan,nan,nan,nan,nan,nan,nan,nan,nan,nan,nan,nan,nan,nan,nan,nan,nan,nan,nan,nan,nan,nan,nan,nan,nan,nan,nan,nan,nan,nan,nan,nan,nan,nan,nan,nan,nan,nan,nan,nan,nan,nan,nan,nan,nan,nan,nan,nan,nan,nan,nan,nan
331,64908,0.31486000000000003,-4.25486947965622,0.39555555555555555,239,0.3682008368200837,0.1297071129707113,0.0041841004184100415,0.2384937238493724,0.0,0.8533333333333334,0.8816568047337278,0.502092050209205,0.18410041841004185,0.3138075313807531,14.0,0.13807531380753138,0.04050793650793651,140.53209028243995,0.0027830733203004386,0.6261914970675986,0.9886025978323804,0.04184100418410042,0.6774193548387096,0.12444444444444444,0.21333333333333335,0.3022222222222222,0.4888888888888889,0.7733333333333333,0.8044444444444444,0.5680473372781065,0.7988165680473372,0.8224852071005917,0.1282090201973915,0.1282090201973915,nan,nan,nan,nan,nan,nan,nan,nan,nan,nan,nan,nan,nan,nan,nan,nan,nan,nan,nan,nan,nan,nan,nan,nan,nan,nan,nan,nan,nan,nan,nan,nan,nan,nan,nan,nan,nan,nan,nan,nan,nan,nan,nan,nan,nan,nan,nan,nan,nan,nan,nan,nan,nan,nan,nan,nan,nan,nan,nan,nan,nan,nan,nan,nan,nan,nan,nan
332,65102,0.31281222222222227,-0.3806713242530809,0.4488888888888889,194,0.5154639175257731,0.08762886597938144,0.0,0.12371134020618557,0.0,0.9466666666666667,1.0,0.6030927835051546,0.1958762886597938,0.20103092783505155,11.0,0.030927835051546393,0.057836257309941526,120.39686975479094,0.003691495014360693,0.8305863782311559,0.9893751413766118,0.015463917525773196,0.8113207547169812,0.1688888888888889,0.28444444444444444,0.3377777777777778,0.5733333333333334,0.7866666666666666,0.7955555555555556,0.6686390532544378,0.8816568047337278,0.8816568047337278,0.11767678335309029,0.11767678335309029,nan,nan,nan,nan,nan,nan,nan,nan,nan,nan,nan,nan,nan,nan,nan,nan,nan,nan,nan,nan,nan,nan,nan,nan,nan,nan,nan,nan,nan,nan,nan,nan,nan,nan,nan,nan,nan,nan,nan,nan,nan,nan,nan,nan,nan,nan,nan,nan,nan,nan,nan,nan,nan,nan,nan,nan,nan,nan,nan,nan,nan,nan,nan,nan,nan,nan,nan
333,65266,0.31108111111111114,-4.39187580180168,0.29777777777777775,164,0.4024390243902439,0.03048780487804878,0.0,0.3231707317073171,0.0,0.8311111111111111,0.9112426035502958,0.4329268292682927,0.3353658536585366,0.23170731707317074,11.0,0.06707317073170732,0.04439909297052153,100.36072192192071,0.0029227901883920556,0.6576277923882125,0.9569697411937461,0.09146341463414634,0.875,0.1111111111111111,0.21333333333333335,0.27555555555555555,0.5333333333333333,0.7333333333333333,0.8311111111111111,0.6153846153846154,0.8047337278106509,0.9112426035502958,0.12746597602963447,0.12746597602963447,nan,nan,nan,nan,nan,nan,nan,nan,nan,nan,nan,nan,nan,nan,nan,nan,nan,nan,nan,nan,nan,nan,nan,nan,nan,nan,nan,nan,nan,nan,nan,nan,nan,nan,nan,nan,nan,nan,nan,nan,nan,nan,nan,nan,nan,nan,nan,nan,nan,nan,nan,nan,nan,nan,nan,nan,nan,nan,nan,nan,nan,nan,nan,nan,nan,nan,nan
334,65422,0.30943444444444457,-2.442748582839965,0.30666666666666664,156,0.4358974358974359,0.1282051282051282,0.0,0.15384615384615385,0.0,0.7111111111111111,0.757396449704142,0.5641025641025641,0.15384615384615385,0.28205128205128205,10.0,0.10897435897435898,0.0492063492063492,100.58808174133281,0.0030045529946520055,0.6760244237967012,0.9943674380997414,0.03205128205128205,0.6818181818181818,0.15555555555555556,0.24888888888888888,0.29333333333333333,0.5333333333333333,0.6977777777777778,0.6977777777777778,0.6094674556213018,0.757396449704142,0.757396449704142,0.1170209564268589,0.1170209564268589,nan,nan,nan,nan,nan,nan,nan,nan,nan,nan,nan,nan,nan,nan,nan,nan,nan,nan,nan,nan,nan,nan,nan,nan,nan,nan,nan,nan,nan,nan,nan,nan,nan,nan,nan,nan,nan,nan,nan,nan,nan,nan,nan,nan,nan,nan,nan,nan,nan,nan,nan,nan,nan,nan,nan,nan,nan,nan,nan,nan,nan,nan,nan,nan,nan,nan,nan
335,65637,0.30716500000000013,-2.954026586532593,0.43555555555555553,215,0.4511627906976744,0.08372093023255814,0.0,0.16279069767441862,0.0,0.96,1.0,0.5348837209302325,0.20930232558139536,0.2558139534883721,13.0,0.05581395348837209,0.04921810699588477,140.32406272888176,0.0030722536301137113,0.6912570667755851,0.9832042095677269,0.023255813953488372,0.796875,0.12,0.2577777777777778,0.3288888888888889,0.44,0.88,0.88,0.47928994082840237,0.9881656804733728,0.9881656804733728,0.11628110334277153,0.11628110334277153,nan,nan,nan,nan,nan,nan,nan,nan,nan,nan,nan,nan,nan,nan,nan,nan,nan,nan,nan,nan,nan,nan,nan,nan,nan,nan,nan,nan,nan,nan,nan,nan,nan,nan,nan,nan,nan,nan,nan,nan,nan,nan,nan,nan,nan,nan,nan,nan,nan,nan,nan,nan,nan,nan,nan,nan,nan,nan,nan,nan,nan,nan,nan,nan,nan,nan,nan
336,65832,0.30510666666666664,-3.1119862356185917,0.38222222222222224,195,0.4358974358974359,0.06666666666666667,0.005128205128205128,0.2205128205128205,0.005128205128205128,0.9733333333333334,1.0,0.5076923076923077,0.1641025641025641,0.3282051282051282,13.0,0.046153846153846156,0.04777777777777778,120.11415462493878,0.0031451561970977024,0.7076601443469829,0.9969959669865287,0.03076923076923077,0.8490566037735849,0.15555555555555556,0.24444444444444444,0.3288888888888889,0.6711111111111111,0.8222222222222222,0.9244444444444444,0.7514792899408284,0.893491124260355,0.9763313609467456,0.12454203069210053,0.12454203069210053,nan,nan,nan,nan,nan,nan,nan,nan,nan,nan,nan,nan,nan,nan,nan,nan,nan,nan,nan,nan,nan,nan,nan,nan,nan,nan,nan,nan,nan,nan,nan,nan,nan,nan,nan,nan,nan,nan,nan,nan,nan,nan,nan,nan,nan,nan,nan,nan,nan,nan,nan,nan,nan,nan,nan,nan,nan,nan,nan,nan,nan,nan,nan,nan,nan,nan,nan
337,66051,0.30279500000000004,-7.34739753699303,0.3244444444444444,219,0.3287671232876712,0.0821917808219178,0.0091324200913242,0.3333333333333333,0.0,0.8044444444444444,0.8461538461538461,0.4200913242009132,0.2602739726027397,0.319634703196347,26.0,0.2100456621004566,0.03633528265107212,120.74664320945702,0.0026501771932897697,0.5962898684901982,0.9503706907089092,0.0547945205479452,0.7407407407407407,0.12444444444444444,0.17333333333333334,0.22666666666666666,0.52,0.5333333333333333,0.6977777777777778,0.591715976331361,0.6035502958579881,0.7337278106508875,0.13535909578204156,0.13535909578204156,nan,nan,nan,nan,nan,nan,nan,nan,nan,nan,nan,nan,nan,nan,nan,nan,nan,nan,nan,nan,nan,nan,nan,nan,nan,nan,nan,nan,nan,nan,nan,nan,nan,nan,nan,nan,nan,nan,nan,nan,nan,nan,nan,nan,nan,nan,nan,nan,nan,nan,nan,nan,nan,nan,nan,nan,nan,nan,nan,nan,nan,nan,nan,nan,nan,nan,nan
338,66256,0.30063111111111107,-1.9778283658027633,0.4,205,0.43414634146341463,0.11707317073170732,0.0,0.2048780487804878,0.0,0.9288888888888889,0.9763313609467456,0.551219512195122,0.28292682926829266,0.16585365853658537,21.0,0.13170731707317074,0.04395061728395062,120.02693681716883,0.003295556531265028,0.7415002195346312,0.9722984598451139,0.01951219512195122,0.673469387755102,0.13777777777777778,0.24888888888888888,0.3511111111111111,0.5022222222222222,0.6488888888888888,0.9288888888888889,0.5798816568047337,0.7100591715976331,0.9763313609467456,0.13729661852121353,0.13729661852121353,nan,nan,nan,nan,nan,nan,nan,nan,nan,nan,nan,nan,nan,nan,nan,nan,nan,nan,nan,nan,nan,nan,nan,nan,nan,nan,nan,nan,nan,nan,nan,nan,nan,nan,nan,nan,nan,nan,nan,nan,nan,nan,nan,nan,nan,nan,nan,nan,nan,nan,nan,nan,nan,nan,nan,nan,nan,nan,nan,nan,nan,nan,nan,nan,nan,nan,nan
339,66433,0.2987627777777777,-3.7415889182090805,0.28444444444444444,177,0.3559322033898305,0.0847457627118644,0.0,0.288135593220339,0.0,0.7777777777777778,0.8224852071005917,0.4406779661016949,0.13559322033898305,0.423728813559322,12.0,0.05084745762711865,0.035,100.2817992210385,0.0027921317943531447,0.6282296537294575,0.9867618884152113,0.022598870056497175,0.7659574468085106,0.09777777777777778,0.17333333333333334,0.24444444444444444,0.36,0.5377777777777778,0.7466666666666667,0.40828402366863903,0.6153846153846154,0.8106508875739645,0.1540200226008892,0.1540200226008892,nan,nan,nan,nan,nan,nan,nan,nan,nan,nan,nan,nan,nan,nan,nan,nan,nan,nan,nan,nan,nan,nan,nan,nan,nan,nan,nan,nan,nan,nan,nan,nan,nan,nan,nan,nan,nan,nan,nan,nan,nan,nan,nan,nan,nan,nan,nan,nan,nan,nan,nan,nan,nan,nan,nan,nan,nan,nan,nan,nan,nan,nan,nan,nan,nan,nan,nan
340,66595,0.29705277777777783,-1.4938619604110706,0.39111111111111113,162,0.5370370370370371,0.07407407407407407,0.0,0.12345679012345678,0.0,0.9155555555555556,0.9704142011834319,0.6111111111111112,0.17901234567901234,0.20987654320987653,6.0,0.012345679012345678,0.05730158730158731,110.77963771820048,0.0034904128107934728,0.7853428824285312,0.9800076498759238,0.012345679012345678,0.8604651162790697,0.1688888888888889,0.28444444444444444,0.37777777777777777,0.6755555555555556,0.7822222222222223,0.9155555555555556,0.7988165680473372,0.834319526627219,0.9704142011834319,0.165511804074049,0.165511804074049,-25.82040593290329,0.2604444444444445,188.9,0.1,0.9,0.3174371486734205,0.11797844240283568,0.0018099547511312218,0.32144929034409797,0.002267406172537207,0.768,0.8325443786982248,0.4372255458273873,0.42693290213169793,0.13584155204091472,75.4,0.37852798570198304,0.03481101614434948,101.54291364669771,0.0025652441484614492,0.5771799334038261,0.7987622371929457,0.024260479418624366,0.5720313733913288,0.14311111111111113,0.21511111111111111,0.2533333333333333,0.5791111111111111,0.715111111111111,0.7544444444444444,0.6585798816568047,0.7863905325443786,0.8173076923076923,-27.03087743945121,0.29288888888888887,190.4,0.2,0.8,0.3720653089668597,0.09043229491836194,0.00582648401826484,0.296019449811777,0.0072058808011043985,0.8039999999999999,0.8579881656804733,0.4683240879034865,0.3859324589824885,0.145743453114025,56.4,0.2553633932385026,0.0406852733686067,105.0521660900113,0.0028271015578445182,0.6360978505150165,0.8582283000032993,0.009878755429769138,0.6730170189287836,0.1413333333333333,0.23703703703703707,0.27555555555555555,0.5977777777777777,0.7639506172839506,0.7714285714285715,0.6674556213017752,0.8330046022353714,0.8453085376162299,1.9511866535174227
341,66781,0.2950894444444445,-2.689791816711426,0.3466666666666667,186,0.41397849462365593,0.10215053763440861,0.0,0.1774193548387097,0.0,0.9111111111111111,0.9585798816568047,0.5161290322580645,0.25806451612903225,0.22580645161290322,12.0,0.06451612903225806,0.04843434343434344,110.75039825439433,0.0030900315268947,0.6952570935513075,0.9930036054448886,0.016129032258064516,0.7543859649122807,0.13777777777777778,0.21333333333333335,0.27555555555555555,0.5866666666666667,0.6844444444444444,0.7466666666666667,0.727810650887574,0.7928994082840237,0.8520710059171598,0.1446520246565342,0.1446520246565342,nan,nan,nan,nan,nan,nan,nan,nan,nan,nan,nan,nan,nan,nan,nan,nan,nan,nan,nan,nan,nan,nan,nan,nan,nan,nan,nan,nan,nan,nan,nan,nan,nan,nan,nan,nan,nan,nan,nan,nan,nan,nan,nan,nan,nan,nan,nan,nan,nan,nan,nan,nan,nan,nan,nan,nan,nan,nan,nan,nan,nan,nan,nan,nan,nan,nan,nan
342,67021,0.29255611111111113,-3.164614800930023,0.4488888888888889,240,0.4166666666666667,0.075,0.0,0.25,0.0,0.9555555555555556,1.0,0.49166666666666664,0.22916666666666666,0.2791666666666667,10.0,0.04583333333333333,0.04533333333333334,140.6629981040954,0.0031596400647989917,0.7109190145797731,0.9722059924884203,0.029166666666666667,0.8064516129032258,0.15555555555555556,0.2311111111111111,0.3022222222222222,0.6977777777777778,0.8088888888888889,0.88,0.7396449704142012,0.8579881656804734,0.9349112426035503,0.1380770407617092,0.1380770407617092,nan,nan,nan,nan,nan,nan,nan,nan,nan,nan,nan,nan,nan,nan,nan,nan,nan,nan,nan,nan,nan,nan,nan,nan,nan,nan,nan,nan,nan,nan,nan,nan,nan,nan,nan,nan,nan,nan,nan,nan,nan,nan,nan,nan,nan,nan,nan,nan,nan,nan,nan,nan,nan,nan,nan,nan,nan,nan,nan,nan,nan,nan,nan,nan,nan,nan,nan
343,67177,0.29090944444444444,-2.3098711538314802,0.32,156,0.4551282051282051,0.057692307692307696,0.01282051282051282,0.23717948717948717,0.00641025641025641,0.8577777777777778,0.9171597633136095,0.5256410256410257,0.1282051282051282,0.34615384615384615,13.0,0.057692307692307696,0.04708994708994711,91.22734432220437,0.0034590018804126323,0.7782754230928421,0.9801111617019137,0.01282051282051282,0.8108108108108109,0.1511111111111111,0.22666666666666666,0.31555555555555553,0.5555555555555556,0.7022222222222222,0.8444444444444444,0.6272189349112426,0.757396449704142,0.9053254437869822,0.12980150207877159,0.12980150207877159,nan,nan,nan,nan,nan,nan,nan,nan,nan,nan,nan,nan,nan,nan,nan,nan,nan,nan,nan,nan,nan,nan,nan,nan,nan,nan,nan,nan,nan,nan,nan,nan,nan,nan,nan,nan,nan,nan,nan,nan,nan,nan,nan,nan,nan,nan,nan,nan,nan,nan,nan,nan,nan,nan,nan,nan,nan,nan,nan,nan,nan,nan,nan,nan,nan,nan,nan
344,67393,0.2886294444444445,-2.5515944929122916,0.4088888888888889,216,0.4212962962962963,0.06481481481481481,0.004629629629629629,0.23148148148148148,0.0,0.9777777777777777,1.0,0.49074074074074076,0.2361111111111111,0.27314814814814814,11.0,0.06944444444444445,0.04632716049382716,120.33899517059288,0.0033608760308418977,0.7561971069394269,0.9823231401660867,0.05092592592592592,0.7796610169491526,0.1688888888888889,0.2577777777777778,0.30666666666666664,0.8311111111111111,0.9066666666666666,0.9066666666666666,0.9704142011834319,1.0,1.0,0.13142068013548852,0.13142068013548852,nan,nan,nan,nan,nan,nan,nan,nan,nan,nan,nan,nan,nan,nan,nan,nan,nan,nan,nan,nan,nan,nan,nan,nan,nan,nan,nan,nan,nan,nan,nan,nan,nan,nan,nan,nan,nan,nan,nan,nan,nan,nan,nan,nan,nan,nan,nan,nan,nan,nan,nan,nan,nan,nan,nan,nan,nan,nan,nan,nan,nan,nan,nan,nan,nan,nan,nan
345,67576,0.28669777777777783,-2.2809925198554977,0.3288888888888889,183,0.3989071038251366,0.15300546448087432,0.0,0.18579234972677597,0.00546448087431694,0.8044444444444444,0.8698224852071006,0.5519125683060109,0.17486338797814208,0.273224043715847,11.0,0.12021857923497267,0.04527777777777778,107.59992876052824,0.0030152849372839276,0.6784391108888836,0.9476596838983092,0.01092896174863388,0.7083333333333334,0.16,0.21777777777777776,0.28,0.5911111111111111,0.6311111111111111,0.6311111111111111,0.6686390532544378,0.6686390532544378,0.6686390532544378,0.12912381142377855,0.12912381142377855,nan,nan,nan,nan,nan,nan,nan,nan,nan,nan,nan,nan,nan,nan,nan,nan,nan,nan,nan,nan,nan,nan,nan,nan,nan,nan,nan,nan,nan,nan,nan,nan,nan,nan,nan,nan,nan,nan,nan,nan,nan,nan,nan,nan,nan,nan,nan,nan,nan,nan,nan,nan,nan,nan,nan,nan,nan,nan,nan,nan,nan,nan,nan,nan,nan,nan,nan
346,67713,0.2852516666666668,-2.2699727802276612,0.3022222222222222,137,0.48905109489051096,0.08759124087591241,0.0072992700729927005,0.15328467153284672,0.014598540145985401,0.8533333333333334,0.9171597633136095,0.583941605839416,0.24087591240875914,0.17518248175182483,7.0,0.029197080291970802,0.053641975308641975,90.45688362121564,0.0032919305403523477,0.7406843715792781,0.9637756216192596,0.021897810218978103,0.8055555555555556,0.14666666666666667,0.24,nan,0.5511111111111111,0.7955555555555556,nan,0.6331360946745562,0.893491124260355,nan,0.11819681823253632,0.11819681823253632,nan,nan,nan,nan,nan,nan,nan,nan,nan,nan,nan,nan,nan,nan,nan,nan,nan,nan,nan,nan,nan,nan,nan,nan,nan,nan,nan,nan,nan,nan,nan,nan,nan,nan,nan,nan,nan,nan,nan,nan,nan,nan,nan,nan,nan,nan,nan,nan,nan,nan,nan,nan,nan,nan,nan,nan,nan,nan,nan,nan,nan,nan,nan,nan,nan,nan,nan
347,67917,0.28309833333333334,-3.0705821857452396,0.3377777777777778,204,0.36764705882352944,0.14705882352941177,0.0,0.2107843137254902,0.0,0.76,0.8698224852071006,0.5147058823529411,0.29411764705882354,0.19117647058823528,10.0,0.06372549019607843,0.042222222222222223,120.01506843566868,0.00277742901519078,0.6249215284179255,0.9841529634892592,0.014705882352941176,0.6964285714285714,0.1111111111111111,0.19555555555555557,0.26666666666666666,0.4666666666666667,0.6,0.6622222222222223,0.5029585798816568,0.6804733727810651,0.7633136094674556,0.1398428536951542,0.1398428536951542,nan,nan,nan,nan,nan,nan,nan,nan,nan,nan,nan,nan,nan,nan,nan,nan,nan,nan,nan,nan,nan,nan,nan,nan,nan,nan,nan,nan,nan,nan,nan,nan,nan,nan,nan,nan,nan,nan,nan,nan,nan,nan,nan,nan,nan,nan,nan,nan,nan,nan,nan,nan,nan,nan,nan,nan,nan,nan,nan,nan,nan,nan,nan,nan,nan,nan,nan
348,68112,0.28103999999999996,-3.9144923522472386,0.3511111111111111,195,0.4,0.08205128205128205,0.015384615384615385,0.22564102564102564,0.0,0.8044444444444444,0.834319526627219,0.49743589743589745,0.24615384615384617,0.2564102564102564,12.0,0.1076923076923077,0.04361111111111111,120.28087954521158,0.0028821427643149254,0.6484821219708582,0.984314416922403,0.03076923076923077,0.7407407407407407,0.14222222222222222,0.23555555555555555,0.32,0.5866666666666667,0.72,0.7733333333333333,0.6686390532544378,0.7692307692307693,0.8224852071005917,0.1283831924200058,0.1283831924200058,nan,nan,nan,nan,nan,nan,nan,nan,nan,nan,nan,nan,nan,nan,nan,nan,nan,nan,nan,nan,nan,nan,nan,nan,nan,nan,nan,nan,nan,nan,nan,nan,nan,nan,nan,nan,nan,nan,nan,nan,nan,nan,nan,nan,nan,nan,nan,nan,nan,nan,nan,nan,nan,nan,nan,nan,nan,nan,nan,nan,nan,nan,nan,nan,nan,nan,nan
349,68332,0.27871777777777773,-9.380046770334246,0.28444444444444444,220,0.2863636363636364,0.06818181818181818,0.0,0.45454545454545453,0.0,0.8488888888888889,0.9171597633136095,0.35454545454545455,0.19090909090909092,0.45454545454545453,14.0,0.19545454545454546,0.031358024691358025,120.09568352699273,0.002331474302630262,0.5245817180918089,0.9437878862562014,0.11363636363636363,0.6904761904761905,0.12,0.17777777777777778,0.2311111111111111,0.5066666666666667,0.68,0.8044444444444444,0.5739644970414202,0.7869822485207101,0.8994082840236687,0.12630552127957345,0.12630552127957345,nan,nan,nan,nan,nan,nan,nan,nan,nan,nan,nan,nan,nan,nan,nan,nan,nan,nan,nan,nan,nan,nan,nan,nan,nan,nan,nan,nan,nan,nan,nan,nan,nan,nan,nan,nan,nan,nan,nan,nan,nan,nan,nan,nan,nan,nan,nan,nan,nan,nan,nan,nan,nan,nan,nan,nan,nan,nan,nan,nan,nan,nan,nan,nan,nan,nan,nan
350,68558,0.2763322222222223,-5.478046165943146,0.36444444444444446,226,0.3584070796460177,0.084070796460177,0.022123893805309734,0.28761061946902655,0.0,0.8977777777777778,0.9408284023668639,0.4646017699115044,0.12831858407079647,0.40707964601769914,17.0,0.1592920353982301,0.036000000000000004,130.06710634231536,0.0027678020225385728,0.6227554550711788,0.9779682092042983,0.030973451327433628,0.6363636363636364,0.13777777777777778,0.2311111111111111,0.30666666666666664,0.5955555555555555,0.7866666666666666,0.88,0.6982248520710059,0.8875739644970414,0.9289940828402367,0.11697757691144943,0.11697757691144943,nan,nan,nan,nan,nan,nan,nan,nan,nan,nan,nan,nan,nan,nan,nan,nan,nan,nan,nan,nan,nan,nan,nan,nan,nan,nan,nan,nan,nan,nan,nan,nan,nan,nan,nan,nan,nan,nan,nan,nan,nan,nan,nan,nan,nan,nan,nan,nan,nan,nan,nan,nan,nan,nan,nan,nan,nan,nan,nan,nan,nan,nan,nan,nan,nan,nan,nan
351,68751,0.27429500000000007,-3.6294993152618424,0.36,193,0.41450777202072536,0.06735751295336788,0.0,0.22797927461139897,0.0,0.7688888888888888,0.8284023668639053,0.48186528497409326,0.22797927461139897,0.29015544041450775,19.0,0.08290155440414508,0.04617283950617284,120.10951728820771,0.002960261298048392,0.6660587920608882,0.9954472556661123,0.025906735751295335,0.8214285714285714,0.1111111111111111,0.22666666666666666,0.30666666666666664,0.4177777777777778,0.76,0.7688888888888888,0.46153846153846156,0.8284023668639053,0.8284023668639053,0.11525313332676887,0.11525313332676887,nan,nan,nan,nan,nan,nan,nan,nan,nan,nan,nan,nan,nan,nan,nan,nan,nan,nan,nan,nan,nan,nan,nan,nan,nan,nan,nan,nan,nan,nan,nan,nan,nan,nan,nan,nan,nan,nan,nan,nan,nan,nan,nan,nan,nan,nan,nan,nan,nan,nan,nan,nan,nan,nan,nan,nan,nan,nan,nan,nan,nan,nan,nan,nan,nan,nan,nan
352,68897,0.27275388888888896,-2.0795450937747955,0.3377777777777778,146,0.5136986301369864,0.06164383561643835,0.00684931506849315,0.14383561643835616,0.0,0.8444444444444444,0.893491124260355,0.5821917808219178,0.1917808219178082,0.22602739726027396,9.0,0.0273972602739726,0.0564021164021164,100.08138184547407,0.003330622811023942,0.7493901324803869,0.9896682454216625,0.0,0.8461538461538461,0.14666666666666667,0.26222222222222225,nan,0.5066666666666667,0.7866666666666666,nan,0.5562130177514792,0.8165680473372781,nan,0.12588581070303917,0.12588581070303917,nan,nan,nan,nan,nan,nan,nan,nan,nan,nan,nan,nan,nan,nan,nan,nan,nan,nan,nan,nan,nan,nan,nan,nan,nan,nan,nan,nan,nan,nan,nan,nan,nan,nan,nan,nan,nan,nan,nan,nan,nan,nan,nan,nan,nan,nan,nan,nan,nan,nan,nan,nan,nan,nan,nan,nan,nan,nan,nan,nan,nan,nan,nan,nan,nan,nan,nan
353,69096,0.2706533333333333,-2.221537558317184,0.4266666666666667,199,0.47738693467336685,0.09045226130653267,0.0,0.135678391959799,0.005025125628140704,0.9688888888888889,0.9881656804733728,0.5678391959798995,0.1708542713567839,0.2613065326633166,8.0,0.04020100502512563,0.05300925925925926,130.11940531730627,0.0032448828150774328,0.7300986333924223,0.9881702724032625,0.0,0.7931034482758621,0.16,0.24888888888888888,0.3422222222222222,0.6088888888888889,0.7244444444444444,0.9555555555555556,0.6923076923076923,0.7810650887573964,0.9763313609467456,0.1352483421564102,0.1352483421564102,nan,nan,nan,nan,nan,nan,nan,nan,nan,nan,nan,nan,nan,nan,nan,nan,nan,nan,nan,nan,nan,nan,nan,nan,nan,nan,nan,nan,nan,nan,nan,nan,nan,nan,nan,nan,nan,nan,nan,nan,nan,nan,nan,nan,nan,nan,nan,nan,nan,nan,nan,nan,nan,nan,nan,nan,nan,nan,nan,nan,nan,nan,nan,nan,nan,nan,nan
354,69257,0.26895388888888894,-2.1142319467067705,0.3244444444444444,161,0.4472049689440994,0.11801242236024845,0.0,0.17391304347826086,0.0,0.8133333333333334,0.863905325443787,0.5652173913043478,0.13664596273291926,0.2981366459627329,13.0,0.08695652173913043,0.04652236652236652,100.45935187339764,0.0031853679526349632,0.7167077893428667,0.9856536300888945,0.012422360248447204,0.7380952380952381,0.14666666666666667,0.24,0.32,0.6266666666666667,0.7288888888888889,0.8133333333333334,0.7159763313609467,0.8224852071005917,0.863905325443787,0.1291149713099003,0.1291149713099003,nan,nan,nan,nan,nan,nan,nan,nan,nan,nan,nan,nan,nan,nan,nan,nan,nan,nan,nan,nan,nan,nan,nan,nan,nan,nan,nan,nan,nan,nan,nan,nan,nan,nan,nan,nan,nan,nan,nan,nan,nan,nan,nan,nan,nan,nan,nan,nan,nan,nan,nan,nan,nan,nan,nan,nan,nan,nan,nan,nan,nan,nan,nan,nan,nan,nan,nan
355,69447,0.26694833333333345,-2.956298585891723,0.37333333333333335,190,0.4368421052631579,0.08421052631578947,0.005263157894736842,0.17894736842105263,0.0,0.9111111111111111,0.9585798816568047,0.5263157894736842,0.18421052631578946,0.2894736842105263,12.0,0.06842105263157895,0.04870370370370371,120.250462722778,0.0030676712632641996,0.6902260342344448,0.9878433391805894,0.03684210526315789,0.7321428571428571,0.14666666666666667,0.2,0.28888888888888886,0.6311111111111111,0.6755555555555556,0.8666666666666667,0.6923076923076923,0.7337278106508875,0.9171597633136095,0.14067335426807404,0.14067335426807404,nan,nan,nan,nan,nan,nan,nan,nan,nan,nan,nan,nan,nan,nan,nan,nan,nan,nan,nan,nan,nan,nan,nan,nan,nan,nan,nan,nan,nan,nan,nan,nan,nan,nan,nan,nan,nan,nan,nan,nan,nan,nan,nan,nan,nan,nan,nan,nan,nan,nan,nan,nan,nan,nan,nan,nan,nan,nan,nan,nan,nan,nan,nan,nan,nan,nan,nan
356,69631,0.26500611111111116,-3.3928582692146305,0.3244444444444444,184,0.391304347826087,0.059782608695652176,0.0,0.28804347826086957,0.0,0.8844444444444445,0.9526627218934911,0.45108695652173914,0.2717391304347826,0.27717391304347827,12.0,0.09782608695652174,0.039999999999999994,100.37007875442477,0.0031882011449143447,0.7173452576057275,0.9758263139341186,0.09782608695652174,0.8125,0.13777777777777778,0.21333333333333335,0.29777777777777775,0.6044444444444445,0.7822222222222223,0.8844444444444445,0.6745562130177515,0.8402366863905325,0.9526627218934911,0.1407962180674076,0.1407962180674076,nan,nan,nan,nan,nan,nan,nan,nan,nan,nan,nan,nan,nan,nan,nan,nan,nan,nan,nan,nan,nan,nan,nan,nan,nan,nan,nan,nan,nan,nan,nan,nan,nan,nan,nan,nan,nan,nan,nan,nan,nan,nan,nan,nan,nan,nan,nan,nan,nan,nan,nan,nan,nan,nan,nan,nan,nan,nan,nan,nan,nan,nan,nan,nan,nan,nan,nan
357,69831,0.262895,-2.4108182516098005,0.3688888888888889,200,0.41,0.13,0.0,0.19,0.0,0.8711111111111111,0.9289940828402367,0.54,0.12,0.34,14.0,0.1,0.04555555555555556,120.10303096771214,0.0030344317000827376,0.682747132518616,0.9819445252853065,0.0,0.6666666666666666,0.13333333333333333,0.2088888888888889,0.29777777777777775,0.5244444444444445,0.5866666666666667,0.8088888888888889,0.5857988165680473,0.6449704142011834,0.8875739644970414,0.13332220613956453,0.13332220613956453,nan,nan,nan,nan,nan,nan,nan,nan,nan,nan,nan,nan,nan,nan,nan,nan,nan,nan,nan,nan,nan,nan,nan,nan,nan,nan,nan,nan,nan,nan,nan,nan,nan,nan,nan,nan,nan,nan,nan,nan,nan,nan,nan,nan,nan,nan,nan,nan,nan,nan,nan,nan,nan,nan,nan,nan,nan,nan,nan,nan,nan,nan,nan,nan,nan,nan,nan
358,70054,0.2605411111111112,-3.5984487848281868,0.3333333333333333,223,0.33183856502242154,0.12556053811659193,0.0,0.2556053811659193,0.0,0.8311111111111111,0.8994082840236687,0.45739910313901344,0.26905829596412556,0.273542600896861,22.0,0.14349775784753363,0.03684380032206119,120.81379795074432,0.002722279197140848,0.6125128193566909,0.9702403432813876,0.008968609865470852,0.671875,0.12444444444444444,0.19555555555555557,0.27555555555555555,0.52,0.5733333333333334,0.7688888888888888,0.591715976331361,0.6627218934911243,0.834319526627219,0.13312864378094674,0.13312864378094674,nan,nan,nan,nan,nan,nan,nan,nan,nan,nan,nan,nan,nan,nan,nan,nan,nan,nan,nan,nan,nan,nan,nan,nan,nan,nan,nan,nan,nan,nan,nan,nan,nan,nan,nan,nan,nan,nan,nan,nan,nan,nan,nan,nan,nan,nan,nan,nan,nan,nan,nan,nan,nan,nan,nan,nan,nan,nan,nan,nan,nan,nan,nan,nan,nan,nan,nan
359,70218,0.25881,-2.7556898083686834,0.29777777777777775,164,0.4024390243902439,0.13414634146341464,0.0,0.17073170731707318,0.006097560975609756,0.92,0.9408284023668639,0.5365853658536586,0.18292682926829268,0.2804878048780488,16.0,0.1524390243902439,0.04589569160997731,100.3494267463682,0.002923119173114255,0.6577018139507075,0.9765147443966777,0.036585365853658534,0.6666666666666666,0.14222222222222222,0.2088888888888889,0.26222222222222225,0.5866666666666667,0.6444444444444445,0.7511111111111111,0.6331360946745562,0.6686390532544378,0.7988165680473372,0.12123901322484017,0.12123901322484017,nan,nan,nan,nan,nan,nan,nan,nan,nan,nan,nan,nan,nan,nan,nan,nan,nan,nan,nan,nan,nan,nan,nan,nan,nan,nan,nan,nan,nan,nan,nan,nan,nan,nan,nan,nan,nan,nan,nan,nan,nan,nan,nan,nan,nan,nan,nan,nan,nan,nan,nan,nan,nan,nan,nan,nan,nan,nan,nan,nan,nan,nan,nan,nan,nan,nan,nan
360,70403,0.2568572222222222,-4.361231537818913,0.30666666666666664,185,0.3675675675675676,0.08108108108108109,0.0,0.2864864864864865,0.0,0.8666666666666667,0.9349112426035503,0.4486486486486487,0.22702702702702704,0.32432432432432434,26.0,0.16216216216216217,0.04194444444444444,100.3926813125607,0.0030104009402965263,0.6773402115667184,0.9679568427462828,0.11351351351351352,0.7551020408163265,0.12444444444444444,0.2088888888888889,0.24888888888888888,0.5333333333333333,0.5955555555555555,0.7288888888888889,0.591715976331361,0.6331360946745562,0.7514792899408284,0.13367062509059907,0.13367062509059907,-136.43331225032802,0.22266666666666665,233.2,0.7,0.3,0.222943097855849,0.045529946501537556,0.004888888888888889,0.5926311976073129,0.0,0.6875555555555555,0.7467455621301775,0.27336193324627545,0.5191968911917099,0.20744117556201475,122.9,0.5399672381594283,0.024439606953892665,103.50583095550492,0.002092035530573159,0.47070799437896077,0.6389805955599221,0.18436412092618334,0.729516129032258,0.1288888888888889,0.19555555555555557,0.22133333333333333,0.5484444444444445,0.6631111111111112,0.6875555555555555,0.6254437869822486,0.7337278106508875,0.7467455621301775,-70.23953277878759,0.20622222222222222,204.3,0.4,0.6,0.2280292484647136,0.11447820953016792,0.012551834130781498,0.44040716259464724,0.0007575757575757576,0.6702222222222222,0.7224852071005916,0.355059292125663,0.36251094027351677,0.2824297676008202,111.4,0.543622619312552,0.024363139329805997,103.00697884559597,0.0019867388371599707,0.44701623836099336,0.6734971987434324,0.12401506037821827,0.5980945542153473,0.132,0.2013333333333333,0.20543209876543211,0.5511111111111112,0.6675555555555557,0.6755555555555556,0.6153846153846154,0.7213017751479289,0.7310979618671926,1.7482602235371463
361,70626,0.2545033333333334,-4.164508117198944,0.3288888888888889,223,0.3273542600896861,0.16591928251121077,0.004484304932735426,0.2062780269058296,0.0,0.8222222222222222,0.9171597633136095,0.4977578475336323,0.21524663677130046,0.28699551569506726,25.0,0.2242152466367713,0.03609232420826623,130.1096011161801,0.002493624157334361,0.5610654354002312,0.9815645966684363,0.02242152466367713,0.5692307692307692,0.13777777777777778,0.24444444444444444,0.28444444444444444,0.6488888888888888,0.8177777777777778,0.8222222222222222,0.7633136094674556,0.9171597633136095,0.9171597633136095,0.13605350032448768,0.13605350032448768,nan,nan,nan,nan,nan,nan,nan,nan,nan,nan,nan,nan,nan,nan,nan,nan,nan,nan,nan,nan,nan,nan,nan,nan,nan,nan,nan,nan,nan,nan,nan,nan,nan,nan,nan,nan,nan,nan,nan,nan,nan,nan,nan,nan,nan,nan,nan,nan,nan,nan,nan,nan,nan,nan,nan,nan,nan,nan,nan,nan,nan,nan,nan,nan,nan,nan,nan
362,70804,0.25262444444444443,-2.23923630094528,0.3333333333333333,178,0.4157303370786517,0.15168539325842698,0.016853932584269662,0.12921348314606743,0.0,0.8266666666666667,0.8520710059171598,0.5842696629213483,0.12921348314606743,0.28651685393258425,38.0,0.20224719101123595,0.04111111111111111,110.72606000900237,0.0029702934328391098,0.6683160223887996,0.9537484282841131,0.011235955056179775,0.6862745098039216,0.16444444444444445,0.26666666666666666,0.29777777777777775,0.7644444444444445,0.7911111111111111,0.8177777777777778,0.8402366863905325,0.8520710059171598,0.8520710059171598,0.13153886646032334,0.13153886646032334,nan,nan,nan,nan,nan,nan,nan,nan,nan,nan,nan,nan,nan,nan,nan,nan,nan,nan,nan,nan,nan,nan,nan,nan,nan,nan,nan,nan,nan,nan,nan,nan,nan,nan,nan,nan,nan,nan,nan,nan,nan,nan,nan,nan,nan,nan,nan,nan,nan,nan,nan,nan,nan,nan,nan,nan,nan,nan,nan,nan,nan,nan,nan,nan,nan,nan,nan
363,70999,0.25056611111111116,-3.494798371314999,0.38222222222222224,195,0.4358974358974359,0.06153846153846154,0.0,0.2512820512820513,0.0,0.8088888888888889,0.8698224852071006,0.49743589743589745,0.22564102564102564,0.27692307692307694,17.0,0.1076923076923077,0.0475,110.23617496490444,0.003426985541706702,0.7710717468840079,0.9719859495478901,0.015384615384615385,0.8125,0.13777777777777778,0.24444444444444444,0.35555555555555557,0.5955555555555555,0.7466666666666667,0.8088888888888889,0.7159763313609467,0.8106508875739645,0.8698224852071006,0.11811597794294357,0.11811597794294357,nan,nan,nan,nan,nan,nan,nan,nan,nan,nan,nan,nan,nan,nan,nan,nan,nan,nan,nan,nan,nan,nan,nan,nan,nan,nan,nan,nan,nan,nan,nan,nan,nan,nan,nan,nan,nan,nan,nan,nan,nan,nan,nan,nan,nan,nan,nan,nan,nan,nan,nan,nan,nan,nan,nan,nan,nan,nan,nan,nan,nan,nan,nan,nan,nan,nan,nan
364,71183,0.2507882096042865,-6.411746274471282,0.36444444444444446,184,0.44021739130434784,0.059782608695652176,0.06521739130434782,0.1793478260869565,0.0,0.8088888888888889,0.8875739644970414,0.5652173913043478,0.20652173913043478,0.22826086956521738,30.0,0.1956521739130435,0.045,110.0261549949643,0.0032719492925702676,0.7361885908283101,0.9373570703314702,0.016304347826086956,0.5957446808510638,0.16444444444444445,0.27555555555555555,0.3511111111111111,0.5955555555555555,0.7555555555555555,0.8088888888888889,0.6923076923076923,0.8520710059171598,0.8875739644970414,0.13589205369353294,0.13589205369353294,nan,nan,nan,nan,nan,nan,nan,nan,nan,nan,nan,nan,nan,nan,nan,nan,nan,nan,nan,nan,nan,nan,nan,nan,nan,nan,nan,nan,nan,nan,nan,nan,nan,nan,nan,nan,nan,nan,nan,nan,nan,nan,nan,nan,nan,nan,nan,nan,nan,nan,nan,nan,nan,nan,nan,nan,nan,nan,nan,nan,nan,nan,nan,nan,nan,nan,nan
365,71353,0.2518169600564317,-1.7519872460365278,0.3466666666666667,170,0.45294117647058824,0.09411764705882353,0.0,0.18235294117647058,0.0,0.8,0.8757396449704142,0.5470588235294118,0.23529411764705882,0.21764705882352942,12.0,0.10588235294117647,0.05047619047619047,100.06654520034766,0.0034199464120305543,0.7694879427068746,0.9876810434937402,0.0058823529411764705,0.7333333333333333,0.14222222222222222,0.2577777777777778,0.3022222222222222,0.5111111111111111,0.7333333333333333,0.7511111111111111,0.5502958579881657,0.8106508875739645,0.834319526627219,0.11488507986068726,0.11488507986068726,nan,nan,nan,nan,nan,nan,nan,nan,nan,nan,nan,nan,nan,nan,nan,nan,nan,nan,nan,nan,nan,nan,nan,nan,nan,nan,nan,nan,nan,nan,nan,nan,nan,nan,nan,nan,nan,nan,nan,nan,nan,nan,nan,nan,nan,nan,nan,nan,nan,nan,nan,nan,nan,nan,nan,nan,nan,nan,nan,nan,nan,nan,nan,nan,nan,nan,nan
366,71546,0.25297520133057544,-4.201280509710314,0.29777777777777775,193,0.34196891191709844,0.08290155440414508,0.0,0.30569948186528495,0.0,0.8177777777777778,0.9053254437869822,0.42487046632124353,0.17098445595854922,0.40414507772020725,16.0,0.16580310880829016,0.037962962962962955,100.31695723533596,0.002924065296809149,0.6579146917820584,0.9802165713775893,0.04145077720207254,0.7115384615384616,0.1111111111111111,0.21777777777777776,0.26222222222222225,0.4533333333333333,0.7111111111111111,0.8,0.48520710059171596,0.7869822485207101,0.8994082840236687,0.1377191126346588,0.1377191126346588,nan,nan,nan,nan,nan,nan,nan,nan,nan,nan,nan,nan,nan,nan,nan,nan,nan,nan,nan,nan,nan,nan,nan,nan,nan,nan,nan,nan,nan,nan,nan,nan,nan,nan,nan,nan,nan,nan,nan,nan,nan,nan,nan,nan,nan,nan,nan,nan,nan,nan,nan,nan,nan,nan,nan,nan,nan,nan,nan,nan,nan,nan,nan,nan,nan,nan,nan
367,71709,0.2539453941821206,-2.116382251977919,0.3511111111111111,163,0.4785276073619632,0.06134969325153374,0.0,0.20245398773006135,0.0,0.96,0.9822485207100592,0.5398773006134969,0.22085889570552147,0.2392638036809816,13.0,0.07975460122699386,0.05245421245421245,100.03221192359909,0.003465550346236849,0.7797488279032909,0.9783723404582098,0.03067484662576687,0.8048780487804879,0.16,0.26666666666666666,0.3288888888888889,0.6444444444444445,0.8222222222222222,0.8933333333333333,0.727810650887574,0.893491124260355,0.9408284023668639,0.14530471563339234,0.14530471563339234,nan,nan,nan,nan,nan,nan,nan,nan,nan,nan,nan,nan,nan,nan,nan,nan,nan,nan,nan,nan,nan,nan,nan,nan,nan,nan,nan,nan,nan,nan,nan,nan,nan,nan,nan,nan,nan,nan,nan,nan,nan,nan,nan,nan,nan,nan,nan,nan,nan,nan,nan,nan,nan,nan,nan,nan,nan,nan,nan,nan,nan,nan,nan,nan,nan,nan,nan
368,71877,0.25493768747560214,-4.572806328773499,0.27555555555555555,168,0.3630952380952381,0.07142857142857142,0.0,0.30357142857142855,0.0,0.8177777777777778,0.8698224852071006,0.43452380952380953,0.20833333333333334,0.35714285714285715,17.0,0.125,0.03947089947089947,100.5695840835569,0.0026957565110924796,0.6065452149958078,0.9708095942752847,0.07738095238095238,0.7441860465116279,0.1288888888888889,0.20444444444444446,0.26222222222222225,0.47555555555555556,0.7377777777777778,0.7733333333333333,0.5266272189349113,0.8284023668639053,0.8284023668639053,0.13372738286852837,0.13372738286852837,nan,nan,nan,nan,nan,nan,nan,nan,nan,nan,nan,nan,nan,nan,nan,nan,nan,nan,nan,nan,nan,nan,nan,nan,nan,nan,nan,nan,nan,nan,nan,nan,nan,nan,nan,nan,nan,nan,nan,nan,nan,nan,nan,nan,nan,nan,nan,nan,nan,nan,nan,nan,nan,nan,nan,nan,nan,nan,nan,nan,nan,nan,nan,nan,nan,nan,nan
369,72099,0.2562370331523844,-2.397116675615308,0.4577777777777778,222,0.4594594594594595,0.07207207207207207,0.0,0.17567567567567569,0.0,0.9644444444444444,1.0,0.5315315315315315,0.1891891891891892,0.27927927927927926,10.0,0.036036036036036036,0.05111111111111111,140.62015881538383,0.003223814687398424,0.7253583046646453,0.9932052424845168,0.0,0.7538461538461538,0.14222222222222222,0.2577777777777778,0.3466666666666667,0.4888888888888889,0.7777777777777778,0.9244444444444444,0.5029585798816568,0.8284023668639053,0.9881656804733728,0.1257270246744156,0.1257270246744156,nan,nan,nan,nan,nan,nan,nan,nan,nan,nan,nan,nan,nan,nan,nan,nan,nan,nan,nan,nan,nan,nan,nan,nan,nan,nan,nan,nan,nan,nan,nan,nan,nan,nan,nan,nan,nan,nan,nan,nan,nan,nan,nan,nan,nan,nan,nan,nan,nan,nan,nan,nan,nan,nan,nan,nan,nan,nan,nan,nan,nan,nan,nan,nan,nan,nan,nan
370,72319,0.2575113429006058,-4.810340790033341,0.39111111111111113,220,0.39545454545454545,0.09090909090909091,0.0,0.2545454545454545,0.0,0.9644444444444444,1.0,0.4863636363636364,0.18636363636363637,0.32727272727272727,15.0,0.10454545454545454,0.043333333333333335,140.14610276222217,0.0027590254673203565,0.6207807301470801,0.9875799305159165,0.04090909090909091,0.7543859649122807,0.1288888888888889,0.2311111111111111,0.3022222222222222,0.5555555555555556,0.7955555555555556,0.8577777777777778,0.6331360946745562,0.8579881656804734,0.9289940828402367,0.13615562096238137,0.13615562096238137,nan,nan,nan,nan,nan,nan,nan,nan,nan,nan,nan,nan,nan,nan,nan,nan,nan,nan,nan,nan,nan,nan,nan,nan,nan,nan,nan,nan,nan,nan,nan,nan,nan,nan,nan,nan,nan,nan,nan,nan,nan,nan,nan,nan,nan,nan,nan,nan,nan,nan,nan,nan,nan,nan,nan,nan,nan,nan,nan,nan,nan,nan,nan,nan,nan,nan,nan
371,72468,0.2583668796558323,-3.9558649449348446,0.26222222222222225,149,0.38926174496644295,0.12080536912751678,0.0,0.20134228187919462,0.0,0.8177777777777778,0.8816568047337278,0.5100671140939598,0.15436241610738255,0.33557046979865773,14.0,0.12751677852348994,0.043240740740740746,100.30347566604598,0.002569978518351971,0.5782451666291933,0.9882056421954317,0.013422818791946308,0.6744186046511628,0.1288888888888889,0.2088888888888889,nan,0.5111111111111111,0.7644444444444445,nan,0.5562130177514792,0.8284023668639053,nan,0.12857993468642234,0.12857993468642234,nan,nan,nan,nan,nan,nan,nan,nan,nan,nan,nan,nan,nan,nan,nan,nan,nan,nan,nan,nan,nan,nan,nan,nan,nan,nan,nan,nan,nan,nan,nan,nan,nan,nan,nan,nan,nan,nan,nan,nan,nan,nan,nan,nan,nan,nan,nan,nan,nan,nan,nan,nan,nan,nan,nan,nan,nan,nan,nan,nan,nan,nan,nan,nan,nan,nan,nan
372,72627,0.2592731529590852,-2.0563299236297596,0.3422222222222222,159,0.4779874213836478,0.07547169811320754,0.0,0.16352201257861634,0.006289308176100629,0.8355555555555556,0.8875739644970414,0.5534591194968553,0.1761006289308176,0.27044025157232704,9.0,0.025157232704402517,0.050511463844797176,100.21266593933086,0.003370609639127551,0.7583871688036989,0.9905129800727216,0.025157232704402517,0.7954545454545454,0.15555555555555556,0.24444444444444444,0.3333333333333333,0.5333333333333333,0.7244444444444444,0.8355555555555556,0.6153846153846154,0.7928994082840237,0.8875739644970414,0.13514047265052795,0.13514047265052795,nan,nan,nan,nan,nan,nan,nan,nan,nan,nan,nan,nan,nan,nan,nan,nan,nan,nan,nan,nan,nan,nan,nan,nan,nan,nan,nan,nan,nan,nan,nan,nan,nan,nan,nan,nan,nan,nan,nan,nan,nan,nan,nan,nan,nan,nan,nan,nan,nan,nan,nan,nan,nan,nan,nan,nan,nan,nan,nan,nan,nan,nan,nan,nan,nan,nan,nan
373,72762,0.2600372247641563,-1.5243763759136204,0.29777777777777775,135,0.4888888888888889,0.037037037037037035,0.0,0.18518518518518517,0.007407407407407408,0.8933333333333333,0.9289940828402367,0.5259259259259259,0.2074074074074074,0.26666666666666666,8.0,0.022222222222222223,0.05333333333333331,80.32739405632007,0.003651722264607116,0.8216375095366011,0.9760533670504363,0.014814814814814815,0.8717948717948718,0.13333333333333333,0.22666666666666666,nan,0.5733333333333334,0.8266666666666667,nan,0.6627218934911243,0.9053254437869822,nan,0.1544165149331093,0.1544165149331093,nan,nan,nan,nan,nan,nan,nan,nan,nan,nan,nan,nan,nan,nan,nan,nan,nan,nan,nan,nan,nan,nan,nan,nan,nan,nan,nan,nan,nan,nan,nan,nan,nan,nan,nan,nan,nan,nan,nan,nan,nan,nan,nan,nan,nan,nan,nan,nan,nan,nan,nan,nan,nan,nan,nan,nan,nan,nan,nan,nan,nan,nan,nan,nan,nan,nan,nan
374,72956,0.26112654924528045,-3.223264341115951,0.3511111111111111,194,0.4020618556701031,0.12886597938144329,0.010309278350515464,0.20618556701030927,0.0,0.8977777777777778,0.9171597633136095,0.5412371134020618,0.21649484536082475,0.2422680412371134,19.0,0.15463917525773196,0.04491228070175438,120.18346991538976,0.002884478763266888,0.6490077217350497,0.9760159211020846,0.005154639175257732,0.673469387755102,0.15555555555555556,0.18666666666666668,0.25333333333333335,0.6222222222222222,0.6222222222222222,0.6311111111111111,0.6449704142011834,0.6449704142011834,0.6568047337278107,0.15314844101667405,0.15314844101667405,nan,nan,nan,nan,nan,nan,nan,nan,nan,nan,nan,nan,nan,nan,nan,nan,nan,nan,nan,nan,nan,nan,nan,nan,nan,nan,nan,nan,nan,nan,nan,nan,nan,nan,nan,nan,nan,nan,nan,nan,nan,nan,nan,nan,nan,nan,nan,nan,nan,nan,nan,nan,nan,nan,nan,nan,nan,nan,nan,nan,nan,nan,nan,nan,nan,nan,nan
375,73131,0.2621004289629494,-2.248961997032164,0.3422222222222222,175,0.4342857142857143,0.045714285714285714,0.005714285714285714,0.24571428571428572,0.0,0.8222222222222222,0.8461538461538461,0.4857142857142857,0.2057142857142857,0.30857142857142855,5.0,0.0,0.04825396825396825,100.22820949554414,0.0033700869194195717,0.7582695568694036,0.9933052978556924,0.011428571428571429,0.8695652173913043,0.12,0.2222222222222222,0.3022222222222222,0.48444444444444446,0.76,0.8,0.5443786982248521,0.8106508875739645,0.8402366863905325,0.14943082705140115,0.14943082705140115,nan,nan,nan,nan,nan,nan,nan,nan,nan,nan,nan,nan,nan,nan,nan,nan,nan,nan,nan,nan,nan,nan,nan,nan,nan,nan,nan,nan,nan,nan,nan,nan,nan,nan,nan,nan,nan,nan,nan,nan,nan,nan,nan,nan,nan,nan,nan,nan,nan,nan,nan,nan,nan,nan,nan,nan,nan,nan,nan,nan,nan,nan,nan,nan,nan,nan,nan
376,73326,0.2631758465063232,-1.4950852606296516,0.4088888888888889,195,0.4666666666666667,0.11794871794871795,0.0,0.16923076923076924,0.0,0.9111111111111111,0.9526627218934911,0.5846153846153846,0.12307692307692308,0.2923076923076923,9.0,0.05128205128205128,0.051388888888888894,120.00081200599635,0.0033703475641834383,0.7583282019412735,0.9892603968919786,0.020512820512820513,0.75,0.15555555555555556,0.27111111111111114,0.3422222222222222,0.6844444444444444,0.8888888888888888,0.9111111111111111,0.8106508875739645,0.9526627218934911,0.9526627218934911,0.15352726876735687,0.15352726876735687,nan,nan,nan,nan,nan,nan,nan,nan,nan,nan,nan,nan,nan,nan,nan,nan,nan,nan,nan,nan,nan,nan,nan,nan,nan,nan,nan,nan,nan,nan,nan,nan,nan,nan,nan,nan,nan,nan,nan,nan,nan,nan,nan,nan,nan,nan,nan,nan,nan,nan,nan,nan,nan,nan,nan,nan,nan,nan,nan,nan,nan,nan,nan,nan,nan,nan,nan
377,73518,0.26422468857764386,-1.7404627199172955,0.4,192,0.4635416666666667,0.11979166666666667,0.0,0.15104166666666666,0.0,0.9333333333333333,0.9822485207100592,0.5833333333333334,0.14583333333333334,0.2708333333333333,16.0,0.08333333333333333,0.051535947712418304,120.22345447540263,0.0032901696036066333,0.7402881608114924,0.9938980579413864,0.0,0.6862745098039216,0.13777777777777778,0.28,0.3511111111111111,0.5644444444444444,0.8666666666666667,0.8977777777777778,0.621301775147929,0.9289940828402367,0.9349112426035503,0.14994384050369264,0.14994384050369264,nan,nan,nan,nan,nan,nan,nan,nan,nan,nan,nan,nan,nan,nan,nan,nan,nan,nan,nan,nan,nan,nan,nan,nan,nan,nan,nan,nan,nan,nan,nan,nan,nan,nan,nan,nan,nan,nan,nan,nan,nan,nan,nan,nan,nan,nan,nan,nan,nan,nan,nan,nan,nan,nan,nan,nan,nan,nan,nan,nan,nan,nan,nan,nan,nan,nan,nan
378,73675,0.26507495556187455,-1.6777618589401235,0.3511111111111111,157,0.4968152866242038,0.05732484076433121,0.01910828025477707,0.1337579617834395,0.0,0.8977777777777778,0.9585798816568047,0.5732484076433121,0.2611464968152866,0.16560509554140126,12.0,0.07643312101910828,0.051156462585034,100.29297008514396,0.0034565400383732097,0.7777215086339722,0.9962688761934593,0.006369426751592357,0.782608695652174,0.16444444444444445,0.26666666666666666,0.3466666666666667,0.5733333333333334,0.7866666666666666,0.8977777777777778,0.6627218934911243,0.9053254437869822,0.9585798816568047,0.15241905823349952,0.15241905823349952,nan,nan,nan,nan,nan,nan,nan,nan,nan,nan,nan,nan,nan,nan,nan,nan,nan,nan,nan,nan,nan,nan,nan,nan,nan,nan,nan,nan,nan,nan,nan,nan,nan,nan,nan,nan,nan,nan,nan,nan,nan,nan,nan,nan,nan,nan,nan,nan,nan,nan,nan,nan,nan,nan,nan,nan,nan,nan,nan,nan,nan,nan,nan,nan,nan,nan,nan
379,73847,0.26599885315043387,-4.532794572353368,0.26222222222222225,172,0.3372093023255814,0.11046511627906977,0.0,0.26744186046511625,0.0,0.8177777777777778,0.9526627218934911,0.4476744186046512,0.2616279069767442,0.29069767441860467,11.0,0.1511627906976744,0.03725829725829726,100.24566259384144,0.0025714606608187984,0.5785786486842296,0.9616571671704278,0.03488372093023256,0.7346938775510204,0.10222222222222223,0.16444444444444445,0.24,0.38222222222222224,0.5111111111111111,0.8177777777777778,0.42011834319526625,0.591715976331361,0.9526627218934911,0.15647960603237152,0.15647960603237152,nan,nan,nan,nan,nan,nan,nan,nan,nan,nan,nan,nan,nan,nan,nan,nan,nan,nan,nan,nan,nan,nan,nan,nan,nan,nan,nan,nan,nan,nan,nan,nan,nan,nan,nan,nan,nan,nan,nan,nan,nan,nan,nan,nan,nan,nan,nan,nan,nan,nan,nan,nan,nan,nan,nan,nan,nan,nan,nan,nan,nan,nan,nan,nan,nan,nan,nan
380,74040,0.26702610544140526,-1.465170057773589,0.40444444444444444,193,0.46632124352331605,0.10880829015544041,0.0,0.13989637305699482,0.0,0.9511111111111111,0.9940828402366864,0.5751295336787565,0.14507772020725387,0.27979274611398963,9.0,0.04145077720207254,0.05108024691358024,120.25876245498624,0.003326160953549834,0.7483862145487127,0.9841518720200444,0.0051813471502590676,0.7222222222222222,0.13333333333333333,0.27555555555555555,0.35555555555555557,0.4177777777777778,0.8977777777777778,0.9511111111111111,0.46153846153846156,0.9940828402366864,0.9940828402366864,0.12430101931095124,0.12430101931095124,-16.880295666790012,0.2844444444444444,194.2,0.2,0.8,0.33821062152218745,0.13050844337740936,0.0012000000000000001,0.2833679820231108,0.0012383449883449885,0.7662222222222221,0.8284023668639053,0.4699190648995968,0.21282741649137535,0.31725351860902784,49.2,0.25822776712128054,0.036135283743126884,106.65329206466654,0.0026807413725733523,0.6031668088290043,0.8797065258192502,0.05599336335532856,0.6645701641554176,0.13377777777777777,0.21422222222222223,0.2602469135802469,0.5448888888888888,0.708,0.7441975308641975,0.6248520710059171,0.7869822485207101,0.8073635765943458,-119.05376567182539,0.19466666666666668,207.7,0.5,0.5,0.22972133330061184,0.06945547990755375,0.0042780748663101605,0.532668357714376,0.0014388489208633094,0.6382222222222224,0.7065088757396449,0.30345488807447574,0.44683751688165324,0.2497075950438711,119.7,0.5253721462888407,0.024457671957671952,99.43872068405128,0.0019515255855998184,0.43909325675995914,0.6528505054031988,0.12054804606212884,0.6572606862126498,0.128,0.18133333333333332,0.17722222222222225,0.5115555555555555,0.6293333333333334,0.5900000000000001,0.585207100591716,0.7005917159763313,0.6597633136094675,1.9672829425085836
381,74172,0.26772294115313466,-3.0497360363006596,0.25333333333333335,132,0.42424242424242425,0.06060606060606061,0.0,0.23484848484848486,0.007575757575757576,0.7644444444444445,0.7928994082840237,0.48484848484848486,0.21212121212121213,0.30303030303030304,9.0,0.05303030303030303,0.045291005291005305,80.3117717742919,0.0030990337205903753,0.6972825871328344,0.9857036679933514,0.015151515151515152,0.8333333333333334,0.11555555555555555,0.21777777777777776,nan,0.4444444444444444,0.7644444444444445,nan,0.48520710059171596,0.7928994082840237,nan,0.14686905667185784,0.14686905667185784,nan,nan,nan,nan,nan,nan,nan,nan,nan,nan,nan,nan,nan,nan,nan,nan,nan,nan,nan,nan,nan,nan,nan,nan,nan,nan,nan,nan,nan,nan,nan,nan,nan,nan,nan,nan,nan,nan,nan,nan,nan,nan,nan,nan,nan,nan,nan,nan,nan,nan,nan,nan,nan,nan,nan,nan,nan,nan,nan,nan,nan,nan,nan,nan,nan,nan,nan
382,74329,0.2685456936325132,-1.3154869298934921,0.3688888888888889,157,0.5222929936305732,0.03821656050955414,0.0,0.17197452229299362,0.0,0.9911111111111112,1.0,0.5605095541401274,0.15286624203821655,0.28662420382165604,5.0,0.0,0.05532879818594104,100.0808279037474,0.0036415010954440586,0.8193377464749131,0.9935768396914821,0.01910828025477707,0.8780487804878049,0.14666666666666667,0.26222222222222225,0.36,0.6488888888888888,0.9511111111111111,0.9911111111111112,0.6745562130177515,0.9644970414201184,1.0,0.12309057265520096,0.12309057265520096,nan,nan,nan,nan,nan,nan,nan,nan,nan,nan,nan,nan,nan,nan,nan,nan,nan,nan,nan,nan,nan,nan,nan,nan,nan,nan,nan,nan,nan,nan,nan,nan,nan,nan,nan,nan,nan,nan,nan,nan,nan,nan,nan,nan,nan,nan,nan,nan,nan,nan,nan,nan,nan,nan,nan,nan,nan,nan,nan,nan,nan,nan,nan,nan,nan,nan,nan
383,74503,0.26944985700861035,-2.6031225938797,0.28444444444444444,174,0.3620689655172414,0.1724137931034483,0.0,0.1724137931034483,0.0,0.6133333333333333,0.6568047337278107,0.5344827586206896,0.10919540229885058,0.3563218390804598,15.0,0.11494252873563218,0.04007936507936508,100.1821199417111,0.0027949099116979384,0.6288547301320361,1.0,0.011494252873563218,0.56,0.14666666666666667,0.22666666666666666,0.27111111111111114,0.56,0.6133333333333333,0.6133333333333333,0.6272189349112426,0.6568047337278107,0.6568047337278107,0.13134245201945305,0.13134245201945305,nan,nan,nan,nan,nan,nan,nan,nan,nan,nan,nan,nan,nan,nan,nan,nan,nan,nan,nan,nan,nan,nan,nan,nan,nan,nan,nan,nan,nan,nan,nan,nan,nan,nan,nan,nan,nan,nan,nan,nan,nan,nan,nan,nan,nan,nan,nan,nan,nan,nan,nan,nan,nan,nan,nan,nan,nan,nan,nan,nan,nan,nan,nan,nan,nan,nan,nan
384,74719,0.2705610636887106,-1.6778674488067593,0.44,216,0.4537037037037037,0.09722222222222222,0.0,0.18518518518518517,0.0,0.9466666666666667,0.9881656804733728,0.5509259259259259,0.20833333333333334,0.24074074074074073,7.0,0.023148148148148147,0.048950617283950615,130.8273090362546,0.00332924034564416,0.7490790777699359,0.9899073655384674,0.013888888888888888,0.7543859649122807,0.1511111111111111,0.25333333333333335,0.3511111111111111,0.5822222222222222,0.8044444444444444,0.8488888888888889,0.6449704142011834,0.8579881656804734,0.9112426035502958,0.13529422730207444,0.13529422730207444,nan,nan,nan,nan,nan,nan,nan,nan,nan,nan,nan,nan,nan,nan,nan,nan,nan,nan,nan,nan,nan,nan,nan,nan,nan,nan,nan,nan,nan,nan,nan,nan,nan,nan,nan,nan,nan,nan,nan,nan,nan,nan,nan,nan,nan,nan,nan,nan,nan,nan,nan,nan,nan,nan,nan,nan,nan,nan,nan,nan,nan,nan,nan,nan,nan,nan,nan
385,74943,0.2717003523921666,-2.764635332345963,0.44,224,0.4375,0.09375,0.0,0.17410714285714285,0.0,0.9555555555555556,0.9822485207100592,0.53125,0.2544642857142857,0.21428571428571427,11.0,0.07142857142857142,0.04849794238683128,140.2917650699613,0.003104640926987774,0.6985442085722491,0.9876526987441163,0.004464285714285714,0.7692307692307693,0.14666666666666667,0.26222222222222225,0.3288888888888889,0.48,0.8044444444444444,0.8266666666666667,0.5443786982248521,0.8875739644970414,0.893491124260355,0.13560182303190232,0.13560182303190232,nan,nan,nan,nan,nan,nan,nan,nan,nan,nan,nan,nan,nan,nan,nan,nan,nan,nan,nan,nan,nan,nan,nan,nan,nan,nan,nan,nan,nan,nan,nan,nan,nan,nan,nan,nan,nan,nan,nan,nan,nan,nan,nan,nan,nan,nan,nan,nan,nan,nan,nan,nan,nan,nan,nan,nan,nan,nan,nan,nan,nan,nan,nan,nan,nan,nan,nan
386,75132,0.2726513003821614,-1.7820233430862427,0.4,189,0.4708994708994709,0.10052910052910052,0.005291005291005291,0.15343915343915343,0.0,0.96,1.0,0.5767195767195767,0.25396825396825395,0.1693121693121693,8.0,0.05291005291005291,0.05206349206349206,120.17165088653539,0.003291587929744215,0.7406072841924484,0.986683215148812,0.005291005291005291,0.72,0.14222222222222222,0.25333333333333335,0.3422222222222222,0.6355555555555555,0.9244444444444444,0.96,0.727810650887574,0.9822485207100592,1.0,0.1342666283249855,0.1342666283249855,nan,nan,nan,nan,nan,nan,nan,nan,nan,nan,nan,nan,nan,nan,nan,nan,nan,nan,nan,nan,nan,nan,nan,nan,nan,nan,nan,nan,nan,nan,nan,nan,nan,nan,nan,nan,nan,nan,nan,nan,nan,nan,nan,nan,nan,nan,nan,nan,nan,nan,nan,nan,nan,nan,nan,nan,nan,nan,nan,nan,nan,nan,nan,nan,nan,nan,nan
387,75328,0.2736275108378511,-4.272733244419098,0.3377777777777778,196,0.3826530612244898,0.05612244897959184,0.015306122448979591,0.28061224489795916,0.0,0.8355555555555556,0.8875739644970414,0.45408163265306123,0.22448979591836735,0.32142857142857145,15.0,0.11734693877551021,0.042089947089947094,110.20698328018159,0.0030246117207100467,0.6805376371597605,0.9820117925152829,0.030612244897959183,0.7692307692307693,0.13777777777777778,0.22666666666666666,0.28444444444444444,0.6355555555555555,0.7422222222222222,0.8266666666666667,0.6982248520710059,0.8165680473372781,0.8816568047337278,0.1414022885262966,0.1414022885262966,nan,nan,nan,nan,nan,nan,nan,nan,nan,nan,nan,nan,nan,nan,nan,nan,nan,nan,nan,nan,nan,nan,nan,nan,nan,nan,nan,nan,nan,nan,nan,nan,nan,nan,nan,nan,nan,nan,nan,nan,nan,nan,nan,nan,nan,nan,nan,nan,nan,nan,nan,nan,nan,nan,nan,nan,nan,nan,nan,nan,nan,nan,nan,nan,nan,nan,nan
388,75483,0.2743923508587761,-0.7799508652687046,0.37333333333333335,155,0.535483870967742,0.08387096774193549,0.0,0.11612903225806452,0.0,0.92,0.9526627218934911,0.6193548387096774,0.17419354838709677,0.2064516129032258,9.0,0.03870967741935484,0.05777777777777778,100.09477014541604,0.003685396233519226,0.8292141525418257,0.9672380973560526,0.0064516129032258064,0.7804878048780488,0.16,0.28444444444444444,0.36444444444444446,0.5866666666666667,0.8533333333333334,0.92,0.6863905325443787,0.8816568047337278,0.9526627218934911,0.15012882724404336,0.15012882724404336,nan,nan,nan,nan,nan,nan,nan,nan,nan,nan,nan,nan,nan,nan,nan,nan,nan,nan,nan,nan,nan,nan,nan,nan,nan,nan,nan,nan,nan,nan,nan,nan,nan,nan,nan,nan,nan,nan,nan,nan,nan,nan,nan,nan,nan,nan,nan,nan,nan,nan,nan,nan,nan,nan,nan,nan,nan,nan,nan,nan,nan,nan,nan,nan,nan,nan,nan
389,75662,0.2752677635664871,-3.881203665018085,0.3377777777777778,179,0.41899441340782123,0.0335195530726257,0.0,0.31843575418994413,0.0,0.8533333333333334,0.8994082840236687,0.45251396648044695,0.26256983240223464,0.2849162011173184,11.0,0.09497206703910614,0.050416666666666686,100.59241585731476,0.003313702434646264,0.7455830477954093,0.9647928825258493,0.1005586592178771,0.8780487804878049,0.1288888888888889,0.22666666666666666,0.3022222222222222,0.5155555555555555,0.8,0.8266666666666667,0.5680473372781065,0.863905325443787,0.863905325443787,0.14906323179602624,0.14906323179602624,nan,nan,nan,nan,nan,nan,nan,nan,nan,nan,nan,nan,nan,nan,nan,nan,nan,nan,nan,nan,nan,nan,nan,nan,nan,nan,nan,nan,nan,nan,nan,nan,nan,nan,nan,nan,nan,nan,nan,nan,nan,nan,nan,nan,nan,nan,nan,nan,nan,nan,nan,nan,nan,nan,nan,nan,nan,nan,nan,nan,nan,nan,nan,nan,nan,nan,nan
390,75860,0.2762263126971828,-1.8904122734069824,0.37777777777777777,198,0.42424242424242425,0.16161616161616163,0.005050505050505051,0.13636363636363635,0.0,0.9422222222222222,0.9763313609467456,0.5909090909090909,0.2474747474747475,0.16161616161616163,18.0,0.15151515151515152,0.04681159420289856,120.11821212768517,0.0031080493683712305,0.6993111078835268,0.9919483706764436,0.010101010101010102,0.5925925925925926,0.16444444444444445,0.28444444444444444,0.3333333333333333,0.6755555555555556,0.9377777777777778,0.9422222222222222,0.7218934911242604,0.9763313609467456,0.9763313609467456,0.13815115839242936,0.13815115839242936,nan,nan,nan,nan,nan,nan,nan,nan,nan,nan,nan,nan,nan,nan,nan,nan,nan,nan,nan,nan,nan,nan,nan,nan,nan,nan,nan,nan,nan,nan,nan,nan,nan,nan,nan,nan,nan,nan,nan,nan,nan,nan,nan,nan,nan,nan,nan,nan,nan,nan,nan,nan,nan,nan,nan,nan,nan,nan,nan,nan,nan,nan,nan,nan,nan,nan,nan
391,76049,0.2771317266788415,-8.45224089288712,0.26222222222222225,189,0.30687830687830686,0.06878306878306878,0.0,0.4074074074074074,0.0,0.76,0.8106508875739645,0.37566137566137564,0.3862433862433862,0.23809523809523808,21.0,0.20105820105820105,0.033095238095238094,100.41181802749608,0.00256720556246865,0.5776212515554462,0.9433387501369114,0.08465608465608465,0.7560975609756098,0.10666666666666667,0.16444444444444445,0.23555555555555555,0.4088888888888889,0.5377777777777778,0.76,0.46745562130177515,0.621301775147929,0.8106508875739645,0.14121027365326883,0.14121027365326883,nan,nan,nan,nan,nan,nan,nan,nan,nan,nan,nan,nan,nan,nan,nan,nan,nan,nan,nan,nan,nan,nan,nan,nan,nan,nan,nan,nan,nan,nan,nan,nan,nan,nan,nan,nan,nan,nan,nan,nan,nan,nan,nan,nan,nan,nan,nan,nan,nan,nan,nan,nan,nan,nan,nan,nan,nan,nan,nan,nan,nan,nan,nan,nan,nan,nan,nan
392,76205,0.27787203060930077,-1.1046640095710738,0.36444444444444446,156,0.5192307692307693,0.07051282051282051,0.0,0.1282051282051282,0.0,0.8755555555555555,0.9289940828402367,0.5897435897435898,0.1794871794871795,0.23076923076923078,16.0,0.08333333333333333,0.05343915343915346,100.55870485305766,0.003579998375337604,0.8054996344509607,0.979561248640203,0.01282051282051282,0.8181818181818182,0.16444444444444445,0.28444444444444444,0.36,0.5688888888888889,0.7555555555555555,0.8755555555555555,0.6982248520710059,0.8757396449704142,0.9289940828402367,0.15452662184834481,0.15452662184834481,nan,nan,nan,nan,nan,nan,nan,nan,nan,nan,nan,nan,nan,nan,nan,nan,nan,nan,nan,nan,nan,nan,nan,nan,nan,nan,nan,nan,nan,nan,nan,nan,nan,nan,nan,nan,nan,nan,nan,nan,nan,nan,nan,nan,nan,nan,nan,nan,nan,nan,nan,nan,nan,nan,nan,nan,nan,nan,nan,nan,nan,nan,nan,nan,nan,nan,nan
393,76419,0.2788772693358074,-5.056884892463684,0.35555555555555557,214,0.3691588785046729,0.07009345794392523,0.004672897196261682,0.308411214953271,0.0,0.8711111111111111,0.9349112426035503,0.4439252336448598,0.2757009345794392,0.2803738317757009,32.0,0.19158878504672897,0.04017636684303351,120.02747516632044,0.0029252561600965218,0.6581826360217173,0.9471670557588854,0.04672897196261682,0.75,0.13333333333333333,0.21777777777777776,0.3288888888888889,0.6266666666666667,0.6355555555555555,0.8711111111111111,0.6923076923076923,0.7041420118343196,0.9349112426035503,0.1414778545498848,0.1414778545498848,nan,nan,nan,nan,nan,nan,nan,nan,nan,nan,nan,nan,nan,nan,nan,nan,nan,nan,nan,nan,nan,nan,nan,nan,nan,nan,nan,nan,nan,nan,nan,nan,nan,nan,nan,nan,nan,nan,nan,nan,nan,nan,nan,nan,nan,nan,nan,nan,nan,nan,nan,nan,nan,nan,nan,nan,nan,nan,nan,nan,nan,nan,nan,nan,nan,nan,nan
394,76604,0.2797366984034162,-1.7688217084407807,0.39111111111111113,185,0.4702702702702703,0.12432432432432433,0.0,0.11891891891891893,0.0,0.8844444444444445,0.9704142011834319,0.5945945945945946,0.15135135135135136,0.25405405405405407,13.0,0.06486486486486487,0.05,120.56020674705485,0.0032072495319946234,0.7216311446987902,0.988858256362501,0.0,0.6792452830188679,0.1511111111111111,0.2577777777777778,0.3377777777777778,0.6311111111111111,0.8311111111111111,0.8844444444444445,0.6923076923076923,0.9526627218934911,0.9704142011834319,0.15781459361314773,0.15781459361314773,nan,nan,nan,nan,nan,nan,nan,nan,nan,nan,nan,nan,nan,nan,nan,nan,nan,nan,nan,nan,nan,nan,nan,nan,nan,nan,nan,nan,nan,nan,nan,nan,nan,nan,nan,nan,nan,nan,nan,nan,nan,nan,nan,nan,nan,nan,nan,nan,nan,nan,nan,nan,nan,nan,nan,nan,nan,nan,nan,nan,nan,nan,nan,nan,nan,nan,nan
395,76854,0.28088400504026007,-2.491906947135926,0.37333333333333335,250,0.332,0.124,0.0,0.252,0.0,0.8177777777777778,0.8816568047337278,0.456,0.272,0.272,42.0,0.216,0.036888888888888895,136.06578044891327,0.002711106993042902,0.6099990734346529,0.9701492925524658,0.064,0.589041095890411,0.14666666666666667,0.21777777777777776,0.29777777777777775,0.5644444444444444,0.5733333333333334,0.7733333333333333,0.6390532544378699,0.650887573964497,0.8757396449704142,0.15227256268262862,0.15227256268262862,nan,nan,nan,nan,nan,nan,nan,nan,nan,nan,nan,nan,nan,nan,nan,nan,nan,nan,nan,nan,nan,nan,nan,nan,nan,nan,nan,nan,nan,nan,nan,nan,nan,nan,nan,nan,nan,nan,nan,nan,nan,nan,nan,nan,nan,nan,nan,nan,nan,nan,nan,nan,nan,nan,nan,nan,nan,nan,nan,nan,nan,nan,nan,nan,nan,nan,nan
396,77051,0.2817767085585975,-4.895091172218325,0.3511111111111111,197,0.39593908629441626,0.06091370558375635,0.01015228426395939,0.2893401015228426,0.0,0.8488888888888889,0.8698224852071006,0.467005076142132,0.16243654822335024,0.37055837563451777,18.0,0.1218274111675127,0.04393939393939394,120.02943973541241,0.0028881803283498063,0.6498405738787063,0.9844736614206526,0.050761421319796954,0.7659574468085106,0.11555555555555555,0.2,0.28,0.48444444444444446,0.6266666666666667,0.8266666666666667,0.5443786982248521,0.6568047337278107,0.8402366863905325,0.13123464360833167,0.13123464360833167,nan,nan,nan,nan,nan,nan,nan,nan,nan,nan,nan,nan,nan,nan,nan,nan,nan,nan,nan,nan,nan,nan,nan,nan,nan,nan,nan,nan,nan,nan,nan,nan,nan,nan,nan,nan,nan,nan,nan,nan,nan,nan,nan,nan,nan,nan,nan,nan,nan,nan,nan,nan,nan,nan,nan,nan,nan,nan,nan,nan,nan,nan,nan,nan,nan,nan,nan
397,77247,0.276513611064606,-4.348277841091161,0.2577777777777778,196,0.29081632653061223,0.12755102040816327,0.0,0.29591836734693877,0.0,0.72,0.7869822485207101,0.41836734693877553,0.2755102040816326,0.30612244897959184,44.0,0.29081632653061223,0.03251322751322751,100.11693181991542,0.002530374520356005,0.5693342670801012,0.9036347243181254,0.05102040816326531,0.6071428571428571,0.10666666666666667,0.17777777777777778,0.19111111111111112,0.5288888888888889,0.6044444444444445,0.6044444444444445,0.621301775147929,0.6331360946745562,0.6331360946745562,0.12238466888666152,0.12238466888666152,nan,nan,nan,nan,nan,nan,nan,nan,nan,nan,nan,nan,nan,nan,nan,nan,nan,nan,nan,nan,nan,nan,nan,nan,nan,nan,nan,nan,nan,nan,nan,nan,nan,nan,nan,nan,nan,nan,nan,nan,nan,nan,nan,nan,nan,nan,nan,nan,nan,nan,nan,nan,nan,nan,nan,nan,nan,nan,nan,nan,nan,nan,nan,nan,nan,nan,nan
398,77479,0.27022217011734223,-0.9988189945220942,0.48,232,0.46120689655172414,0.12931034482758622,0.0,0.12931034482758622,0.0,0.88,0.9349112426035503,0.5905172413793104,0.23706896551724138,0.1724137931034483,11.0,0.07327586206896551,0.053269841269841266,140.39827613830545,0.0033871894202396674,0.7621176195539252,0.9869962399272649,0.034482758620689655,0.7384615384615385,0.16,0.27111111111111114,0.35555555555555557,0.6177777777777778,0.7244444444444444,0.8666666666666667,0.727810650887574,0.7928994082840237,0.9349112426035503,0.16406568959355355,0.16406568959355355,nan,nan,nan,nan,nan,nan,nan,nan,nan,nan,nan,nan,nan,nan,nan,nan,nan,nan,nan,nan,nan,nan,nan,nan,nan,nan,nan,nan,nan,nan,nan,nan,nan,nan,nan,nan,nan,nan,nan,nan,nan,nan,nan,nan,nan,nan,nan,nan,nan,nan,nan,nan,nan,nan,nan,nan,nan,nan,nan,nan,nan,nan,nan,nan,nan,nan,nan
399,77672,0.2649993930141463,-1.4168550033569334,0.40444444444444444,193,0.46632124352331605,0.12435233160621761,0.0,0.13989637305699482,0.0,0.9377777777777778,0.9822485207100592,0.5906735751295337,0.22797927461139897,0.18134715025906736,6.0,0.015544041450777202,0.0512962962962963,120.79861907958953,0.0033112961310961305,0.7450416294966293,0.9939296742214829,0.015544041450777202,0.7692307692307693,0.1288888888888889,0.24888888888888888,0.3377777777777778,0.5066666666666667,0.8311111111111111,0.9377777777777778,0.5266272189349113,0.9112426035502958,0.9822485207100592,0.140069442987442,0.140069442987442,nan,nan,nan,nan,nan,nan,nan,nan,nan,nan,nan,nan,nan,nan,nan,nan,nan,nan,nan,nan,nan,nan,nan,nan,nan,nan,nan,nan,nan,nan,nan,nan,nan,nan,nan,nan,nan,nan,nan,nan,nan,nan,nan,nan,nan,nan,nan,nan,nan,nan,nan,nan,nan,nan,nan,nan,nan,nan,nan,nan,nan,nan,nan,nan,nan,nan,nan
400,77883,0.2593009719698955,-2.9174975285530094,0.3688888888888889,211,0.3886255924170616,0.17061611374407584,0.0,0.16587677725118483,0.0,0.8533333333333334,0.9467455621301775,0.5592417061611374,0.13744075829383887,0.3033175355450237,30.0,0.16113744075829384,0.042379349046015716,130.3952145576474,0.002794921927777683,0.6288574337499787,0.9831341767766283,0.014218009478672985,0.6379310344827587,0.16,0.23555555555555555,0.3288888888888889,0.6533333333333333,0.7511111111111111,0.84,0.8106508875739645,0.8698224852071006,0.9408284023668639,0.13876678943634033,0.13876678943634033,-50.810443746995915,0.23999999999999994,187.5,0.2,0.8,0.30033804044782736,0.10821602417986424,0.004597701149425287,0.37447495903930417,0.0035204006481072323,0.7484444444444445,0.8100591715976332,0.41315176577711676,0.20711681293362547,0.37973142128925774,83.0,0.41677953869480316,0.03247213403880071,97.21374997138945,0.002478669743825925,0.5577006923608332,0.7594107056810435,0.005839575806321201,0.59865881457905,0.1502222222222222,0.2123456790123457,0.24555555555555555,0.6048888888888888,0.7239506172839506,0.7733333333333333,0.6792899408284024,0.7850098619329389,0.834319526627219,-41.061507688975325,0.23777777777777778,192.6,0.2,0.8,0.29806464522621673,0.08677031073377042,0.0,0.40853337851710786,0.0035735665667364297,0.7217777777777779,0.7810650887573963,0.3848349559599872,0.2885840565016534,0.3265809875383594,85.0,0.4190722654689565,0.03174934558618769,99.63245418071725,0.0023949167037327092,0.5388562583398595,0.762986388850989,0.05954341815402094,0.6245920343097762,0.14133333333333334,0.20987654320987656,0.22666666666666668,0.5697777777777777,0.7041975308641976,0.717777777777778,0.647337278106509,0.7751479289940827,0.7825443786982248,1.9164155380232304
401,78133,0.25256473284866,-3.0983342387676243,0.38666666666666666,250,0.344,0.116,0.0,0.264,0.0,0.8844444444444445,0.9289940828402367,0.46,0.156,0.384,13.0,0.164,0.03822222222222222,146.12699275016755,0.0026156852681948044,0.5885291853438309,0.9807358079479516,0.012,0.6521739130434783,0.09777777777777778,0.2311111111111111,0.28444444444444444,0.37777777777777777,0.8,0.8711111111111111,0.40828402366863903,0.8994082840236687,0.9289940828402367,0.14988554045557975,0.14988554045557975,nan,nan,nan,nan,nan,nan,nan,nan,nan,nan,nan,nan,nan,nan,nan,nan,nan,nan,nan,nan,nan,nan,nan,nan,nan,nan,nan,nan,nan,nan,nan,nan,nan,nan,nan,nan,nan,nan,nan,nan,nan,nan,nan,nan,nan,nan,nan,nan,nan,nan,nan,nan,nan,nan,nan,nan,nan,nan,nan,nan,nan,nan,nan,nan,nan,nan,nan
402,78284,0.2485041382965248,-5.077935216903687,0.28,151,0.4105960264900662,0.052980132450331126,0.0,0.304635761589404,0.006622516556291391,0.8711111111111111,0.9822485207100592,0.46357615894039733,0.1986754966887417,0.33774834437086093,19.0,0.2052980132450331,0.0546031746031747,90.63747825622548,0.003040194419096484,0.6840437442967088,0.9652365058054773,0.046357615894039736,0.8285714285714286,0.15555555555555556,0.2311111111111111,0.27555555555555555,0.7111111111111111,0.8711111111111111,0.8711111111111111,0.8165680473372781,0.9822485207100592,0.9822485207100592,0.1808028019964695,0.1808028019964695,nan,nan,nan,nan,nan,nan,nan,nan,nan,nan,nan,nan,nan,nan,nan,nan,nan,nan,nan,nan,nan,nan,nan,nan,nan,nan,nan,nan,nan,nan,nan,nan,nan,nan,nan,nan,nan,nan,nan,nan,nan,nan,nan,nan,nan,nan,nan,nan,nan,nan,nan,nan,nan,nan,nan,nan,nan,nan,nan,nan,nan,nan,nan,nan,nan,nan,nan
403,78505,0.24257210997379755,-3.784793202877047,0.4088888888888889,221,0.4117647058823529,0.06787330316742081,0.00904977375565611,0.2669683257918552,0.0,0.9422222222222222,0.9644970414201184,0.48868778280542985,0.28054298642533937,0.23076923076923078,8.0,0.05429864253393665,0.0455026455026455,130.4646971702573,0.003100029764501287,0.6975066970127896,0.9755076719824336,0.07692307692307693,0.7592592592592593,0.13777777777777778,0.21777777777777776,0.3111111111111111,0.47555555555555556,0.6444444444444445,0.7955555555555556,0.514792899408284,0.6745562130177515,0.8579881656804734,0.1679152876138687,0.1679152876138687,nan,nan,nan,nan,nan,nan,nan,nan,nan,nan,nan,nan,nan,nan,nan,nan,nan,nan,nan,nan,nan,nan,nan,nan,nan,nan,nan,nan,nan,nan,nan,nan,nan,nan,nan,nan,nan,nan,nan,nan,nan,nan,nan,nan,nan,nan,nan,nan,nan,nan,nan,nan,nan,nan,nan,nan,nan,nan,nan,nan,nan,nan,nan,nan,nan,nan,nan
404,78703,0.23726847704305015,-2.2211737470626822,0.36444444444444446,198,0.4090909090909091,0.16161616161616163,0.0,0.16161616161616163,0.0,0.8622222222222222,0.893491124260355,0.5707070707070707,0.13131313131313133,0.29797979797979796,17.0,0.10606060606060606,0.04528985507246377,120.17308330535847,0.002995679149591627,0.6740278086581161,0.99260370659562,0.0,0.6538461538461539,0.15555555555555556,0.25333333333333335,0.3111111111111111,0.68,0.8355555555555556,0.8622222222222222,0.7218934911242604,0.8757396449704142,0.893491124260355,0.1593717947602272,0.1593717947602272,nan,nan,nan,nan,nan,nan,nan,nan,nan,nan,nan,nan,nan,nan,nan,nan,nan,nan,nan,nan,nan,nan,nan,nan,nan,nan,nan,nan,nan,nan,nan,nan,nan,nan,nan,nan,nan,nan,nan,nan,nan,nan,nan,nan,nan,nan,nan,nan,nan,nan,nan,nan,nan,nan,nan,nan,nan,nan,nan,nan,nan,nan,nan,nan,nan,nan,nan
405,78926,0.23130764793937897,-3.1767925310134912,0.3288888888888889,223,0.3273542600896861,0.14798206278026907,0.0,0.2242152466367713,0.0,0.8,0.8698224852071006,0.47533632286995514,0.21076233183856502,0.31390134529147984,33.0,0.2556053811659193,0.03652173913043478,120.41707172393754,0.0026943392643548948,0.6062263344798513,0.9610463857401585,0.026905829596412557,0.6119402985074627,0.1511111111111111,0.19555555555555557,0.21777777777777776,0.6044444444444445,0.6133333333333333,0.6133333333333333,0.6331360946745562,0.6449704142011834,0.6449704142011834,0.14583389163017274,0.14583389163017274,nan,nan,nan,nan,nan,nan,nan,nan,nan,nan,nan,nan,nan,nan,nan,nan,nan,nan,nan,nan,nan,nan,nan,nan,nan,nan,nan,nan,nan,nan,nan,nan,nan,nan,nan,nan,nan,nan,nan,nan,nan,nan,nan,nan,nan,nan,nan,nan,nan,nan,nan,nan,nan,nan,nan,nan,nan,nan,nan,nan,nan,nan,nan,nan,nan,nan,nan
406,79111,0.22637255351475316,-4.7633730621337875,0.3422222222222222,185,0.41081081081081083,0.08108108108108109,0.0,0.24324324324324326,0.005405405405405406,0.8266666666666667,0.8520710059171598,0.4918918918918919,0.32972972972972975,0.1783783783783784,14.0,0.12432432432432433,0.04388888888888889,120.41307678222631,0.0028051585990836155,0.6311606847938135,0.9850497541550379,0.016216216216216217,0.7346938775510204,0.12444444444444444,0.2088888888888889,0.3022222222222222,0.4,0.6444444444444445,0.7644444444444445,0.4319526627218935,0.6686390532544378,0.8165680473372781,0.1529020920395851,0.1529020920395851,nan,nan,nan,nan,nan,nan,nan,nan,nan,nan,nan,nan,nan,nan,nan,nan,nan,nan,nan,nan,nan,nan,nan,nan,nan,nan,nan,nan,nan,nan,nan,nan,nan,nan,nan,nan,nan,nan,nan,nan,nan,nan,nan,nan,nan,nan,nan,nan,nan,nan,nan,nan,nan,nan,nan,nan,nan,nan,nan,nan,nan,nan,nan,nan,nan,nan,nan
407,79299,0.22136668691716063,-4.672975739955911,0.3244444444444444,188,0.3829787234042553,0.06914893617021277,0.0,0.30851063829787234,0.0,0.7733333333333333,0.8579881656804734,0.4521276595744681,0.26595744680851063,0.28191489361702127,16.0,0.13297872340425532,0.043076923076923075,100.1426260948178,0.003195442465199736,0.7189745546699406,0.9398500715494189,0.1276595744680851,0.7777777777777778,0.1288888888888889,0.19555555555555557,0.24888888888888888,0.4577777777777778,0.64,0.6711111111111111,0.514792899408284,0.7100591715976331,0.7218934911242604,0.1758416086435318,0.1758416086435318,nan,nan,nan,nan,nan,nan,nan,nan,nan,nan,nan,nan,nan,nan,nan,nan,nan,nan,nan,nan,nan,nan,nan,nan,nan,nan,nan,nan,nan,nan,nan,nan,nan,nan,nan,nan,nan,nan,nan,nan,nan,nan,nan,nan,nan,nan,nan,nan,nan,nan,nan,nan,nan,nan,nan,nan,nan,nan,nan,nan,nan,nan,nan,nan,nan,nan,nan
408,79445,0.21748557524705622,-2.404839287042618,0.3288888888888889,146,0.5,0.04794520547945205,0.0,0.1780821917808219,0.00684931506849315,0.88,0.9053254437869822,0.547945205479452,0.2465753424657534,0.2054794520547945,7.0,0.0273972602739726,0.05492063492063492,95.79846940040588,0.003386739333886162,0.7620163501243864,0.9870745491446737,0.0410958904109589,0.875,0.1511111111111111,0.2577777777777778,nan,0.6355555555555555,0.8133333333333334,nan,0.6686390532544378,0.834319526627219,nan,0.15337033867835997,0.15337033867835997,nan,nan,nan,nan,nan,nan,nan,nan,nan,nan,nan,nan,nan,nan,nan,nan,nan,nan,nan,nan,nan,nan,nan,nan,nan,nan,nan,nan,nan,nan,nan,nan,nan,nan,nan,nan,nan,nan,nan,nan,nan,nan,nan,nan,nan,nan,nan,nan,nan,nan,nan,nan,nan,nan,nan,nan,nan,nan,nan,nan,nan,nan,nan,nan,nan,nan,nan
409,79605,0.21323873783463002,-1.544093453407286,0.36444444444444446,160,0.50625,0.0625,0.0,0.1875,0.00625,0.9066666666666666,0.9408284023668639,0.56875,0.1875,0.24375,8.0,0.03125,0.05333333333333333,100.13422336578358,0.0035951744358663894,0.8089142480699376,0.9963388347648319,0.0125,0.8205128205128205,0.15555555555555556,0.28888888888888886,0.35555555555555557,0.6755555555555556,0.88,0.9066666666666666,0.7633136094674556,0.9408284023668639,0.9408284023668639,0.17211420461535454,0.17211420461535454,nan,nan,nan,nan,nan,nan,nan,nan,nan,nan,nan,nan,nan,nan,nan,nan,nan,nan,nan,nan,nan,nan,nan,nan,nan,nan,nan,nan,nan,nan,nan,nan,nan,nan,nan,nan,nan,nan,nan,nan,nan,nan,nan,nan,nan,nan,nan,nan,nan,nan,nan,nan,nan,nan,nan,nan,nan,nan,nan,nan,nan,nan,nan,nan,nan,nan,nan
410,79773,0.20878678759119196,-4.101564504623414,0.28,168,0.36904761904761907,0.11904761904761904,0.0,0.26785714285714285,0.0,0.7733333333333333,0.8106508875739645,0.4880952380952381,0.19642857142857142,0.31547619047619047,14.0,0.21428571428571427,0.03961199294532628,100.55775718688943,0.0027402714943555056,0.6165610862299887,0.956746784988451,0.023809523809523808,0.6341463414634146,0.14222222222222222,0.19555555555555557,0.27555555555555555,0.5822222222222222,0.6133333333333333,0.7733333333333333,0.6094674556213018,0.6390532544378699,0.8106508875739645,0.13272785395383835,0.13272785395383835,nan,nan,nan,nan,nan,nan,nan,nan,nan,nan,nan,nan,nan,nan,nan,nan,nan,nan,nan,nan,nan,nan,nan,nan,nan,nan,nan,nan,nan,nan,nan,nan,nan,nan,nan,nan,nan,nan,nan,nan,nan,nan,nan,nan,nan,nan,nan,nan,nan,nan,nan,nan,nan,nan,nan,nan,nan,nan,nan,nan,nan,nan,nan,nan,nan,nan,nan
411,79887,0.20577003109456088,-1.5011727490425113,0.24888888888888888,114,0.4824561403508772,0.11403508771929824,0.0,0.14035087719298245,0.008771929824561403,0.7377777777777778,0.7988165680473372,0.5964912280701754,0.2807017543859649,0.12280701754385964,8.0,0.06140350877192982,0.051682539682539684,70.63974046707138,0.0034604380314561304,0.7785985570776294,0.9937233074594402,0.008771929824561403,0.6333333333333333,0.13777777777777778,0.2311111111111111,nan,0.6133333333333333,0.7288888888888889,nan,0.6804733727810651,0.7988165680473372,nan,0.16692820340394973,0.16692820340394973,nan,nan,nan,nan,nan,nan,nan,nan,nan,nan,nan,nan,nan,nan,nan,nan,nan,nan,nan,nan,nan,nan,nan,nan,nan,nan,nan,nan,nan,nan,nan,nan,nan,nan,nan,nan,nan,nan,nan,nan,nan,nan,nan,nan,nan,nan,nan,nan,nan,nan,nan,nan,nan,nan,nan,nan,nan,nan,nan,nan,nan,nan,nan,nan,nan,nan,nan
412,80086,0.2005120787595519,-2.0847600784301745,0.4088888888888889,199,0.457286432160804,0.07035175879396985,0.0,0.20100502512562815,0.005025125628140704,0.9777777777777777,1.0,0.5276381909547738,0.23618090452261306,0.23618090452261306,10.0,0.06030150753768844,0.050694444444444445,120.38819122314426,0.003359502625093775,0.7558880906460993,0.978090361369939,0.005025125628140704,0.7358490566037735,0.14666666666666667,0.24,0.3422222222222222,0.5866666666666667,0.7733333333333333,0.8666666666666667,0.6449704142011834,0.8461538461538461,0.9289940828402367,0.1545882411301136,0.1545882411301136,nan,nan,nan,nan,nan,nan,nan,nan,nan,nan,nan,nan,nan,nan,nan,nan,nan,nan,nan,nan,nan,nan,nan,nan,nan,nan,nan,nan,nan,nan,nan,nan,nan,nan,nan,nan,nan,nan,nan,nan,nan,nan,nan,nan,nan,nan,nan,nan,nan,nan,nan,nan,nan,nan,nan,nan,nan,nan,nan,nan,nan,nan,nan,nan,nan,nan,nan
413,80301,0.19484298354770235,-6.153661531686783,0.38666666666666666,215,0.4,0.03255813953488372,0.0,0.32558139534883723,0.0,0.9733333333333334,1.0,0.4325581395348837,0.2930232558139535,0.2744186046511628,19.0,0.13488372093023257,0.04444444444444444,120.08249077796891,0.0031829971192798337,0.7161743518379625,0.9516621747652574,0.10697674418604651,0.8846153846153846,0.15555555555555556,0.24444444444444444,0.29777777777777775,0.6311111111111111,0.8311111111111111,0.92,0.7337278106508875,0.8579881656804734,0.9467455621301775,0.15452426671981812,0.15452426671981812,nan,nan,nan,nan,nan,nan,nan,nan,nan,nan,nan,nan,nan,nan,nan,nan,nan,nan,nan,nan,nan,nan,nan,nan,nan,nan,nan,nan,nan,nan,nan,nan,nan,nan,nan,nan,nan,nan,nan,nan,nan,nan,nan,nan,nan,nan,nan,nan,nan,nan,nan,nan,nan,nan,nan,nan,nan,nan,nan,nan,nan,nan,nan,nan,nan,nan,nan
414,80490,0.189869385406449,-1.2004822452068329,0.4222222222222222,189,0.4973544973544973,0.08465608465608465,0.0,0.14285714285714285,0.0,1.0,1.0,0.582010582010582,0.20105820105820105,0.21693121693121692,10.0,0.05291005291005291,0.05527777777777777,120.01411662101721,0.0034810719733666348,0.7832411940074927,0.9760099215055988,0.010582010582010581,0.7884615384615384,0.16,0.26222222222222225,0.3377777777777778,0.6311111111111111,0.8355555555555556,0.8711111111111111,0.6804733727810651,0.8757396449704142,0.893491124260355,0.1634930394589901,0.1634930394589901,nan,nan,nan,nan,nan,nan,nan,nan,nan,nan,nan,nan,nan,nan,nan,nan,nan,nan,nan,nan,nan,nan,nan,nan,nan,nan,nan,nan,nan,nan,nan,nan,nan,nan,nan,nan,nan,nan,nan,nan,nan,nan,nan,nan,nan,nan,nan,nan,nan,nan,nan,nan,nan,nan,nan,nan,nan,nan,nan,nan,nan,nan,nan,nan,nan,nan,nan
415,80740,0.18330478899988467,-4.800316702365877,0.32,250,0.284,0.124,0.004,0.34,0.0,0.8622222222222222,0.9171597633136095,0.412,0.132,0.456,47.0,0.424,0.03155555555555555,129.145873355865,0.0024434040930292333,0.5497659209315775,0.925558340678773,0.008,0.5483870967741935,0.14222222222222222,0.25333333333333335,0.30666666666666664,0.5466666666666666,0.84,0.8622222222222222,0.5680473372781065,0.9171597633136095,0.9171597633136095,0.16002695858478547,0.16002695858478547,nan,nan,nan,nan,nan,nan,nan,nan,nan,nan,nan,nan,nan,nan,nan,nan,nan,nan,nan,nan,nan,nan,nan,nan,nan,nan,nan,nan,nan,nan,nan,nan,nan,nan,nan,nan,nan,nan,nan,nan,nan,nan,nan,nan,nan,nan,nan,nan,nan,nan,nan,nan,nan,nan,nan,nan,nan,nan,nan,nan,nan,nan,nan,nan,nan,nan,nan
416,80990,0.17675636165731712,-6.79256503796578,0.30666666666666664,250,0.272,0.128,0.004,0.344,0.0,0.7377777777777778,0.7928994082840237,0.404,0.148,0.448,27.0,0.34,0.030222222222222216,130.7387146472927,0.002311650554600894,0.5201213747852012,0.9566889492204901,0.024,0.532258064516129,0.12444444444444444,0.2311111111111111,0.28444444444444444,0.4488888888888889,0.6533333333333333,0.7377777777777778,0.4911242603550296,0.7100591715976331,0.7928994082840237,0.1406835250556469,0.1406835250556469,nan,nan,nan,nan,nan,nan,nan,nan,nan,nan,nan,nan,nan,nan,nan,nan,nan,nan,nan,nan,nan,nan,nan,nan,nan,nan,nan,nan,nan,nan,nan,nan,nan,nan,nan,nan,nan,nan,nan,nan,nan,nan,nan,nan,nan,nan,nan,nan,nan,nan,nan,nan,nan,nan,nan,nan,nan,nan,nan,nan,nan,nan,nan,nan,nan,nan,nan
417,81100,0.1738801630211088,-1.1310155270099633,0.28,110,0.5636363636363636,0.045454545454545456,0.0,0.11818181818181818,0.00909090909090909,0.76,0.8579881656804734,0.6090909090909091,0.2636363636363636,0.12727272727272726,9.0,0.03636363636363636,0.061777777777777786,70.24776692390432,0.003922623702103589,0.8825903329733074,0.972094011442049,0.02727272727272727,0.8666666666666667,0.14666666666666667,0.2577777777777778,nan,0.64,0.76,nan,0.7455621301775148,0.8579881656804734,nan,0.1386685587465763,0.1386685587465763,nan,nan,nan,nan,nan,nan,nan,nan,nan,nan,nan,nan,nan,nan,nan,nan,nan,nan,nan,nan,nan,nan,nan,nan,nan,nan,nan,nan,nan,nan,nan,nan,nan,nan,nan,nan,nan,nan,nan,nan,nan,nan,nan,nan,nan,nan,nan,nan,nan,nan,nan,nan,nan,nan,nan,nan,nan,nan,nan,nan,nan,nan,nan,nan,nan,nan,nan
418,81278,0.16923255025560038,-4.664250880241395,0.30666666666666664,178,0.38202247191011235,0.09550561797752809,0.011235955056179775,0.2752808988764045,0.0,0.8133333333333334,0.8284023668639053,0.4887640449438202,0.24719101123595505,0.2640449438202247,24.0,0.1853932584269663,0.04185185185185182,100.20238933563219,0.003016117921199623,0.6786265322699151,0.9503670847821943,0.0898876404494382,0.7380952380952381,0.1111111111111111,0.2088888888888889,0.26666666666666666,0.47555555555555556,0.7422222222222222,0.7644444444444445,0.5266272189349113,0.7869822485207101,0.8106508875739645,0.14174370244145393,0.14174370244145393,nan,nan,nan,nan,nan,nan,nan,nan,nan,nan,nan,nan,nan,nan,nan,nan,nan,nan,nan,nan,nan,nan,nan,nan,nan,nan,nan,nan,nan,nan,nan,nan,nan,nan,nan,nan,nan,nan,nan,nan,nan,nan,nan,nan,nan,nan,nan,nan,nan,nan,nan,nan,nan,nan,nan,nan,nan,nan,nan,nan,nan,nan,nan,nan,nan,nan,nan
419,81478,0.16402022623953302,-4.071996598720553,0.3288888888888889,200,0.365,0.095,0.0,0.28,0.0,0.8488888888888889,0.9112426035502958,0.46,0.28,0.26,18.0,0.165,0.04055555555555555,110.06663427352869,0.0029477093270442105,0.6632345985849473,0.9626000383163564,0.055,0.6470588235294118,0.16,0.2222222222222222,0.28,0.6355555555555555,0.7644444444444445,0.8088888888888889,0.6686390532544378,0.8106508875739645,0.8579881656804734,0.16543197333812715,0.16543197333812715,nan,nan,nan,nan,nan,nan,nan,nan,nan,nan,nan,nan,nan,nan,nan,nan,nan,nan,nan,nan,nan,nan,nan,nan,nan,nan,nan,nan,nan,nan,nan,nan,nan,nan,nan,nan,nan,nan,nan,nan,nan,nan,nan,nan,nan,nan,nan,nan,nan,nan,nan,nan,nan,nan,nan,nan,nan,nan,nan,nan,nan,nan,nan,nan,nan,nan,nan
420,81670,0.15902604193025316,-3.9253401317596435,0.2311111111111111,192,0.265625,0.17708333333333334,0.0,0.23958333333333334,0.0,0.5777777777777777,0.6390532544378699,0.4427083333333333,0.3125,0.24479166666666666,54.0,0.359375,0.028594771241830064,100.127048873901,0.002263790546270153,0.5093528729107845,0.8924589594405976,0.005208333333333333,0.48333333333333334,0.13333333333333333,0.20444444444444446,0.22666666666666666,0.5733333333333334,0.5777777777777777,0.5777777777777777,0.6390532544378699,0.6390532544378699,0.6390532544378699,0.1824585221707821,0.1824585221707821,-29.60656924986838,0.30622222222222223,186.8,0.2,0.8,0.3801051354742165,0.07273042424684029,0.02682156956536912,0.30372215507839684,0.0015331296992481202,0.8408888888888889,0.8982248520710059,0.47965712928642584,0.19108587924234222,0.3292569914712319,50.7,0.272439146693091,0.04052880658436214,103.48827857017481,0.0029514248741419466,0.664070596681938,0.8609576919557839,0.06311808101937141,0.6963757477902215,0.14622222222222223,0.2382222222222222,0.29079365079365077,0.5813333333333333,0.7733333333333333,0.8285714285714286,0.670414201183432,0.8467455621301776,0.8926458157227388,-61.04038901994229,0.2382222222222222,196.7,0.2,0.8,0.2802337095039033,0.11457359882564955,0.008963965172658494,0.3764857265979763,0.0014648489708634054,0.707111111111111,0.7502958579881656,0.4037712735022113,0.25298872938406375,0.3432399971137249,86.2,0.43238166897294156,0.02967901234567901,103.7065620946881,0.002233758989084217,0.5025957725439488,0.7445845383979045,0.08884291165653029,0.5638074120062957,0.1377777777777778,0.196,0.21277777777777776,0.5377777777777779,0.6506666666666667,0.6288888888888889,0.593491124260355,0.7023668639053254,0.6782544378698224,2.158749732318963
421,81854,0.15424879488026377,-2.856153179883956,0.3688888888888889,184,0.44565217391304346,0.06521739130434782,0.010869565217391304,0.2391304347826087,0.0,0.8266666666666667,0.8579881656804734,0.5217391304347826,0.14130434782608695,0.33695652173913043,21.0,0.1358695652173913,0.04555555555555555,110.2586017131803,0.0033053606592298988,0.7437061483267272,0.9746203988078913,0.03804347826086957,0.7441860465116279,0.1688888888888889,0.2577777777777778,0.36,0.6222222222222222,0.6933333333333334,0.8266666666666667,0.6686390532544378,0.7396449704142012,0.8579881656804734,0.15691593512892724,0.15691593512892724,nan,nan,nan,nan,nan,nan,nan,nan,nan,nan,nan,nan,nan,nan,nan,nan,nan,nan,nan,nan,nan,nan,nan,nan,nan,nan,nan,nan,nan,nan,nan,nan,nan,nan,nan,nan,nan,nan,nan,nan,nan,nan,nan,nan,nan,nan,nan,nan,nan,nan,nan,nan,nan,nan,nan,nan,nan,nan,nan,nan,nan,nan,nan,nan,nan,nan,nan
422,82061,0.1488847159345241,-2.588566136360166,0.38666666666666666,207,0.41545893719806765,0.10628019323671498,0.0,0.2222222222222222,0.0,0.8666666666666667,0.8875739644970414,0.5217391304347826,0.19806763285024154,0.28019323671497587,26.0,0.12077294685990338,0.04373897707231039,120.63396320342979,0.0031684461993316585,0.7129003948496231,0.9754803814637394,0.07246376811594203,0.7358490566037735,0.14222222222222222,0.24444444444444444,0.3333333333333333,0.5244444444444445,0.7288888888888889,0.8577777777777778,0.5443786982248521,0.7514792899408284,0.8816568047337278,0.15279874131083487,0.15279874131083487,nan,nan,nan,nan,nan,nan,nan,nan,nan,nan,nan,nan,nan,nan,nan,nan,nan,nan,nan,nan,nan,nan,nan,nan,nan,nan,nan,nan,nan,nan,nan,nan,nan,nan,nan,nan,nan,nan,nan,nan,nan,nan,nan,nan,nan,nan,nan,nan,nan,nan,nan,nan,nan,nan,nan,nan,nan,nan,nan,nan,nan,nan,nan,nan,nan,nan,nan
423,82277,0.14329904129153284,-2.996845800876616,0.36444444444444446,216,0.375,0.10648148148148148,0.0,0.24074074074074073,0.004629629629629629,0.9111111111111111,0.9822485207100592,0.48148148148148145,0.16203703703703703,0.35648148148148145,22.0,0.14814814814814814,0.04,120.19853143691978,0.0029950449119166495,0.6738851051812461,0.9568975461360302,0.009259259259259259,0.6949152542372882,0.16,0.25333333333333335,0.28888888888888886,0.6977777777777778,0.8444444444444444,0.8444444444444444,0.7337278106508875,0.9112426035502958,0.9112426035502958,0.1716105967760086,0.1716105967760086,nan,nan,nan,nan,nan,nan,nan,nan,nan,nan,nan,nan,nan,nan,nan,nan,nan,nan,nan,nan,nan,nan,nan,nan,nan,nan,nan,nan,nan,nan,nan,nan,nan,nan,nan,nan,nan,nan,nan,nan,nan,nan,nan,nan,nan,nan,nan,nan,nan,nan,nan,nan,nan,nan,nan,nan,nan,nan,nan,nan,nan,nan,nan,nan,nan,nan,nan
424,82468,0.13836972232651165,-3.3202698631286625,0.3288888888888889,191,0.38219895287958117,0.05235602094240838,0.0,0.3089005235602094,0.0,0.9111111111111111,0.9585798816568047,0.43455497382198954,0.2879581151832461,0.2774869109947644,9.0,0.07853403141361257,0.041805555555555554,100.65971298217742,0.003223180702908321,0.7252156581543722,0.9743246693101981,0.08376963350785341,0.8571428571428571,0.13333333333333333,0.2222222222222222,0.29333333333333333,0.5288888888888889,0.7111111111111111,0.9111111111111111,0.621301775147929,0.7692307692307693,0.9585798816568047,0.14889679625630378,0.14889679625630378,nan,nan,nan,nan,nan,nan,nan,nan,nan,nan,nan,nan,nan,nan,nan,nan,nan,nan,nan,nan,nan,nan,nan,nan,nan,nan,nan,nan,nan,nan,nan,nan,nan,nan,nan,nan,nan,nan,nan,nan,nan,nan,nan,nan,nan,nan,nan,nan,nan,nan,nan,nan,nan,nan,nan,nan,nan,nan,nan,nan,nan,nan,nan,nan,nan,nan,nan
425,82652,0.13362979426288146,-1.2837778615951527,0.4088888888888889,184,0.4945652173913043,0.13043478260869565,0.0,0.11413043478260869,0.005434782608695652,0.9155555555555556,0.9881656804733728,0.625,0.2554347826086957,0.11956521739130435,11.0,0.059782608695652176,0.05351851851851852,120.14074153900121,0.003366422075172143,0.757444966913732,0.9540133340966194,0.0,0.6666666666666666,0.15555555555555556,0.28888888888888886,0.3466666666666667,0.5555555555555556,0.8711111111111111,0.9155555555555556,0.6153846153846154,0.9763313609467456,0.9881656804733728,0.13758965358138084,0.13758965358138084,nan,nan,nan,nan,nan,nan,nan,nan,nan,nan,nan,nan,nan,nan,nan,nan,nan,nan,nan,nan,nan,nan,nan,nan,nan,nan,nan,nan,nan,nan,nan,nan,nan,nan,nan,nan,nan,nan,nan,nan,nan,nan,nan,nan,nan,nan,nan,nan,nan,nan,nan,nan,nan,nan,nan,nan,nan,nan,nan,nan,nan,nan,nan,nan,nan,nan,nan
426,82841,0.1287699676210338,-5.13414450120926,0.22666666666666666,189,0.26455026455026454,0.15343915343915343,0.0,0.2857142857142857,0.0,0.7155555555555555,0.8461538461538461,0.41798941798941797,0.15873015873015872,0.42328042328042326,48.0,0.3492063492063492,0.027777777777777776,100.76328096389742,0.0022053889085037084,0.4962125044133344,0.9621206679178854,0.031746031746031744,0.5,0.12444444444444444,0.2088888888888889,0.2222222222222222,0.5111111111111111,0.7111111111111111,0.7155555555555555,0.6331360946745562,0.8461538461538461,0.8461538461538461,0.16138882264494897,0.16138882264494897,nan,nan,nan,nan,nan,nan,nan,nan,nan,nan,nan,nan,nan,nan,nan,nan,nan,nan,nan,nan,nan,nan,nan,nan,nan,nan,nan,nan,nan,nan,nan,nan,nan,nan,nan,nan,nan,nan,nan,nan,nan,nan,nan,nan,nan,nan,nan,nan,nan,nan,nan,nan,nan,nan,nan,nan,nan,nan,nan,nan,nan,nan,nan,nan,nan,nan,nan
427,83007,0.12450897465979915,-6.360528331279756,0.28444444444444444,166,0.3795180722891566,0.07228915662650602,0.0,0.3373493975903614,0.0,0.8488888888888889,0.9053254437869822,0.45180722891566266,0.21686746987951808,0.3313253012048193,17.0,0.1927710843373494,0.04107142857142858,100.04312696456888,0.0027987929655493913,0.629728417248613,0.9434686972467927,0.13253012048192772,0.7058823529411765,0.1511111111111111,0.2311111111111111,0.27111111111111114,0.6533333333333333,0.8444444444444444,0.8488888888888889,0.7041420118343196,0.8994082840236687,0.9053254437869822,0.1467701494693756,0.1467701494693756,nan,nan,nan,nan,nan,nan,nan,nan,nan,nan,nan,nan,nan,nan,nan,nan,nan,nan,nan,nan,nan,nan,nan,nan,nan,nan,nan,nan,nan,nan,nan,nan,nan,nan,nan,nan,nan,nan,nan,nan,nan,nan,nan,nan,nan,nan,nan,nan,nan,nan,nan,nan,nan,nan,nan,nan,nan,nan,nan,nan,nan,nan,nan,nan,nan,nan,nan
428,83163,0.12382568200025847,-1.8273315639495855,0.3288888888888889,156,0.46794871794871795,0.12179487179487179,0.0,0.1346153846153846,0.0,0.8311111111111111,0.8994082840236687,0.5897435897435898,0.1282051282051282,0.28205128205128205,23.0,0.1794871794871795,0.04634920634920635,100.91744346618637,0.0032149491039490472,0.7233635483885354,0.9572311708065174,0.00641025641025641,0.6511627906976745,0.1688888888888889,0.27555555555555555,0.3288888888888889,0.5555555555555556,0.8311111111111111,0.8311111111111111,0.5739644970414202,0.8994082840236687,0.8994082840236687,0.1548736274242401,0.1548736274242401,nan,nan,nan,nan,nan,nan,nan,nan,nan,nan,nan,nan,nan,nan,nan,nan,nan,nan,nan,nan,nan,nan,nan,nan,nan,nan,nan,nan,nan,nan,nan,nan,nan,nan,nan,nan,nan,nan,nan,nan,nan,nan,nan,nan,nan,nan,nan,nan,nan,nan,nan,nan,nan,nan,nan,nan,nan,nan,nan,nan,nan,nan,nan,nan,nan,nan,nan
429,83363,0.12472015406876731,-1.3487698645591726,0.4177777777777778,200,0.465,0.1,0.0,0.19,0.0,0.9333333333333333,0.9763313609467456,0.565,0.145,0.29,19.0,0.1,0.05166666666666667,120.13114156722992,0.003440684305010258,0.7741539686273079,0.9844867061274928,0.02,0.75,0.1688888888888889,0.27111111111111114,0.3511111111111111,0.6044444444444445,0.8622222222222222,0.9333333333333333,0.6449704142011834,0.9526627218934911,0.9763313609467456,0.15641941726207734,0.15641941726207734,nan,nan,nan,nan,nan,nan,nan,nan,nan,nan,nan,nan,nan,nan,nan,nan,nan,nan,nan,nan,nan,nan,nan,nan,nan,nan,nan,nan,nan,nan,nan,nan,nan,nan,nan,nan,nan,nan,nan,nan,nan,nan,nan,nan,nan,nan,nan,nan,nan,nan,nan,nan,nan,nan,nan,nan,nan,nan,nan,nan,nan,nan,nan,nan,nan,nan,nan
430,83562,0.12560021385933154,-0.7945138335227963,0.41333333333333333,199,0.4623115577889447,0.1407035175879397,0.0,0.11557788944723618,0.0,0.8488888888888889,0.9053254437869822,0.6030150753768844,0.20603015075376885,0.19095477386934673,17.0,0.1306532663316583,0.05125,120.33822698593099,0.0033978304245474134,0.764511845523168,0.9727700011869778,0.01507537688442211,0.5714285714285714,0.17777777777777778,0.28,0.3466666666666667,0.8355555555555556,0.8488888888888889,0.8488888888888889,0.8875739644970414,0.9053254437869822,0.9053254437869822,0.15842899829149246,0.15842899829149246,nan,nan,nan,nan,nan,nan,nan,nan,nan,nan,nan,nan,nan,nan,nan,nan,nan,nan,nan,nan,nan,nan,nan,nan,nan,nan,nan,nan,nan,nan,nan,nan,nan,nan,nan,nan,nan,nan,nan,nan,nan,nan,nan,nan,nan,nan,nan,nan,nan,nan,nan,nan,nan,nan,nan,nan,nan,nan,nan,nan,nan,nan,nan,nan,nan,nan,nan
431,83703,0.12621778587636737,-1.1713909053802487,0.3333333333333333,141,0.524822695035461,0.09219858156028368,0.0,0.12056737588652482,0.0070921985815602835,0.88,0.9230769230769231,0.6170212765957447,0.24822695035460993,0.1347517730496454,7.0,0.02127659574468085,0.05731481481481481,90.76562767028787,0.003623496000970758,0.8152866002184206,0.9740748568865144,0.02127659574468085,0.8108108108108109,0.16444444444444445,0.27555555555555555,nan,0.6444444444444445,0.8088888888888889,nan,0.6923076923076923,0.8816568047337278,nan,0.16768309995532035,0.16768309995532035,nan,nan,nan,nan,nan,nan,nan,nan,nan,nan,nan,nan,nan,nan,nan,nan,nan,nan,nan,nan,nan,nan,nan,nan,nan,nan,nan,nan,nan,nan,nan,nan,nan,nan,nan,nan,nan,nan,nan,nan,nan,nan,nan,nan,nan,nan,nan,nan,nan,nan,nan,nan,nan,nan,nan,nan,nan,nan,nan,nan,nan,nan,nan,nan,nan,nan,nan
432,83782,0.12656163434859066,-1.1045194454193115,0.21777777777777776,79,0.6075949367088608,0.012658227848101266,0.0,0.12658227848101267,0.02531645569620253,0.8577777777777778,0.9230769230769231,0.620253164556962,0.13924050632911392,0.24050632911392406,5.0,0.0,0.06499999999999996,50.05256614685053,0.0042621857330437185,0.9589917899348367,0.9681408564952588,0.0379746835443038,0.95,0.15555555555555556,nan,nan,0.6977777777777778,nan,nan,0.727810650887574,nan,nan,0.14570323377847672,0.14570323377847672,nan,nan,nan,nan,nan,nan,nan,nan,nan,nan,nan,nan,nan,nan,nan,nan,nan,nan,nan,nan,nan,nan,nan,nan,nan,nan,nan,nan,nan,nan,nan,nan,nan,nan,nan,nan,nan,nan,nan,nan,nan,nan,nan,nan,nan,nan,nan,nan,nan,nan,nan,nan,nan,nan,nan,nan,nan,nan,nan,nan,nan,nan,nan,nan,nan,nan,nan
433,83880,0.1269860206056028,-1.480833514690399,0.24888888888888888,98,0.5612244897959183,0.14285714285714285,0.0,0.061224489795918366,0.01020408163265306,0.7066666666666667,0.8047337278106509,0.7040816326530612,0.09183673469387756,0.20408163265306123,11.0,0.061224489795918366,0.06198067632850241,70.1222239494323,0.003485976779925324,0.7843447754831979,1.0,0.0,0.8695652173913043,0.1288888888888889,nan,nan,0.4444444444444444,nan,nan,0.4911242603550296,nan,nan,0.16730318516492843,0.16730318516492843,nan,nan,nan,nan,nan,nan,nan,nan,nan,nan,nan,nan,nan,nan,nan,nan,nan,nan,nan,nan,nan,nan,nan,nan,nan,nan,nan,nan,nan,nan,nan,nan,nan,nan,nan,nan,nan,nan,nan,nan,nan,nan,nan,nan,nan,nan,nan,nan,nan,nan,nan,nan,nan,nan,nan,nan,nan,nan,nan,nan,nan,nan,nan,nan,nan,nan,nan
434,84128,0.1280493116505115,-13.731576304912565,0.28,248,0.25,0.10887096774193548,0.0,0.41935483870967744,0.0,0.7244444444444444,0.7810650887573964,0.3588709677419355,0.3951612903225806,0.24596774193548387,30.0,0.3185483870967742,0.027555555555555555,120.27215528488111,0.0022911001711315845,0.5154975385046064,0.8871114168663901,0.18951612903225806,0.5925925925925926,0.1288888888888889,0.19111111111111112,0.23555555555555555,0.49777777777777776,0.5688888888888889,0.5866666666666667,0.5739644970414202,0.621301775147929,0.6272189349112426,0.13437483087182045,0.13437483087182045,nan,nan,nan,nan,nan,nan,nan,nan,nan,nan,nan,nan,nan,nan,nan,nan,nan,nan,nan,nan,nan,nan,nan,nan,nan,nan,nan,nan,nan,nan,nan,nan,nan,nan,nan,nan,nan,nan,nan,nan,nan,nan,nan,nan,nan,nan,nan,nan,nan,nan,nan,nan,nan,nan,nan,nan,nan,nan,nan,nan,nan,nan,nan,nan,nan,nan,nan
435,84311,0.12882413516891456,-1.7198746871948238,0.4088888888888889,183,0.4972677595628415,0.1092896174863388,0.0,0.14207650273224043,0.0,0.9155555555555556,0.9644970414201184,0.6065573770491803,0.18032786885245902,0.21311475409836064,7.0,0.03278688524590164,0.05173611111111112,120.25594940185523,0.0033631969682674594,0.7567193178601782,0.9935979624303072,0.03278688524590164,0.7333333333333333,0.14666666666666667,0.2577777777777778,0.36,0.5333333333333333,0.7066666666666667,0.9155555555555556,0.6627218934911243,0.7988165680473372,0.9644970414201184,0.16074279472231864,0.16074279472231864,nan,nan,nan,nan,nan,nan,nan,nan,nan,nan,nan,nan,nan,nan,nan,nan,nan,nan,nan,nan,nan,nan,nan,nan,nan,nan,nan,nan,nan,nan,nan,nan,nan,nan,nan,nan,nan,nan,nan,nan,nan,nan,nan,nan,nan,nan,nan,nan,nan,nan,nan,nan,nan,nan,nan,nan,nan,nan,nan,nan,nan,nan,nan,nan,nan,nan,nan
436,84472,0.129498958350454,-0.8338257322311399,0.36444444444444446,161,0.5031055900621118,0.07453416149068323,0.0,0.10559006211180125,0.0,0.8844444444444445,0.9171597633136095,0.577639751552795,0.18012422360248448,0.2422360248447205,10.0,0.043478260869565216,0.05546897546897548,100.02691173553451,0.003599031438177554,0.8097820735899496,0.9927231498431441,0.0,0.803921568627451,0.14666666666666667,0.2222222222222222,0.3422222222222222,0.5955555555555555,0.68,0.8844444444444445,0.6390532544378699,0.7159763313609467,0.9171597633136095,0.14904105067253112,0.14904105067253112,nan,nan,nan,nan,nan,nan,nan,nan,nan,nan,nan,nan,nan,nan,nan,nan,nan,nan,nan,nan,nan,nan,nan,nan,nan,nan,nan,nan,nan,nan,nan,nan,nan,nan,nan,nan,nan,nan,nan,nan,nan,nan,nan,nan,nan,nan,nan,nan,nan,nan,nan,nan,nan,nan,nan,nan,nan,nan,nan,nan,nan,nan,nan,nan,nan,nan,nan
437,84637,0.13018390650757405,-0.8908165290355661,0.36444444444444446,165,0.4909090909090909,0.09696969696969697,0.0,0.14545454545454545,0.0,0.9555555555555556,1.0,0.5878787878787879,0.23636363636363636,0.17575757575757575,6.0,0.006060606060606061,0.053121693121693125,100.34110980033842,0.003587761792911582,0.8072464034051058,0.9857326315651469,0.006060606060606061,0.8181818181818182,0.14222222222222222,0.24444444444444444,0.3466666666666667,0.5466666666666666,0.8088888888888889,0.9555555555555556,0.5976331360946746,0.8579881656804734,1.0,0.15747984051704406,0.15747984051704406,nan,nan,nan,nan,nan,nan,nan,nan,nan,nan,nan,nan,nan,nan,nan,nan,nan,nan,nan,nan,nan,nan,nan,nan,nan,nan,nan,nan,nan,nan,nan,nan,nan,nan,nan,nan,nan,nan,nan,nan,nan,nan,nan,nan,nan,nan,nan,nan,nan,nan,nan,nan,nan,nan,nan,nan,nan,nan,nan,nan,nan,nan,nan,nan,nan,nan,nan
438,84794,0.13082941632447223,-2.97157863521576,0.3022222222222222,157,0.4267515923566879,0.08917197452229299,0.0,0.21019108280254778,0.0,0.8488888888888889,0.893491124260355,0.5159235668789809,0.3503184713375796,0.1337579617834395,10.0,0.044585987261146494,0.047437641723356024,100.32932033538788,0.0029680035385702347,0.6678007961783027,0.9925377523869185,0.01910828025477707,0.7674418604651163,0.10666666666666667,0.21333333333333335,0.28888888888888886,0.48444444444444446,0.8,0.8488888888888889,0.5266272189349113,0.863905325443787,0.893491124260355,0.16780480444431306,0.16780480444431306,nan,nan,nan,nan,nan,nan,nan,nan,nan,nan,nan,nan,nan,nan,nan,nan,nan,nan,nan,nan,nan,nan,nan,nan,nan,nan,nan,nan,nan,nan,nan,nan,nan,nan,nan,nan,nan,nan,nan,nan,nan,nan,nan,nan,nan,nan,nan,nan,nan,nan,nan,nan,nan,nan,nan,nan,nan,nan,nan,nan,nan,nan,nan,nan,nan,nan,nan
439,84974,0.13156203303871633,-3.596198525428772,0.21333333333333335,180,0.2611111111111111,0.25,0.0,0.17222222222222222,0.0,0.5955555555555555,0.6449704142011834,0.5111111111111111,0.20555555555555555,0.2833333333333333,45.0,0.45,0.030555555555555558,100.01141452789273,0.002088650479297348,0.4699463578419033,0.9197862362437585,0.0,0.3508771929824561,0.14222222222222222,0.18666666666666668,0.19111111111111112,0.5022222222222222,0.5511111111111111,0.5511111111111111,0.5562130177514792,0.5857988165680473,0.5857988165680473,0.15001527592539787,0.15001527592539787,nan,nan,nan,nan,nan,nan,nan,nan,nan,nan,nan,nan,nan,nan,nan,nan,nan,nan,nan,nan,nan,nan,nan,nan,nan,nan,nan,nan,nan,nan,nan,nan,nan,nan,nan,nan,nan,nan,nan,nan,nan,nan,nan,nan,nan,nan,nan,nan,nan,nan,nan,nan,nan,nan,nan,nan,nan,nan,nan,nan,nan,nan,nan,nan,nan,nan,nan
440,85193,0.13244266467671456,-6.907238411903383,0.3022222222222222,219,0.3059360730593607,0.2374429223744292,0.0,0.1872146118721461,0.0,0.7244444444444444,0.8224852071005917,0.54337899543379,0.1415525114155251,0.3150684931506849,32.0,0.3242009132420091,0.033086419753086425,140.03084201812743,0.0021265156553099177,0.4784660224447314,0.9322047329926351,0.0,0.4827586206896552,0.16,0.24,0.25333333333333335,0.7111111111111111,0.7244444444444444,0.7244444444444444,0.8224852071005917,0.8224852071005917,0.8224852071005917,0.16437920928001404,0.16437920928001404,-2.5490729396581644,0.34844444444444445,191.0,0.0,1.0,0.4042851672259675,0.17884758741825119,0.01287666996890551,0.12344305327784037,0.0,0.8151111111111111,0.8597633136094673,0.5960094246131241,0.13728638470866883,0.26670419067820694,43.4,0.24954857204744513,0.04278960905349795,119.26259942531556,0.0028544584406522454,0.6422531491467551,0.9193074044772619,0.0025484907921978863,0.5547353442875795,0.16355555555555557,0.25599999999999995,0.31822222222222224,0.6519999999999999,0.7511111111111111,0.7875555555555556,0.7402366863905325,0.8195266272189349,0.839644970414201,-14.44467777504921,0.3342222222222222,173.6,0.0,1.0,0.43618580085075315,0.12015276009703942,0.0005952380952380952,0.21307901077196528,0.002219298245614035,0.8542222222222222,0.8940828402366863,0.5569337990430306,0.19118451928968558,0.25188168166728375,33.4,0.20477841280788614,0.04677360656196635,107.2293121433255,0.0030961478790966857,0.6966332727967542,0.8914563892201139,0.09191647303935604,0.6858388414423672,0.16133333333333336,0.26962962962962966,0.3219753086419753,0.6208888888888888,0.8128395061728395,0.88,0.6846153846153846,0.8652202498356345,0.9230769230769229,2.16861932938856
441,85351,0.13307071647366014,0.10470794725418142,0.40444444444444444,158,0.569620253164557,0.06962025316455696,0.0,0.10126582278481013,0.0,0.96,0.9881656804733728,0.6392405063291139,0.15822784810126583,0.20253164556962025,5.0,0.0,0.05849206349206348,100.73611478805519,0.003970770570629851,0.8934233783917163,0.9560874938387856,0.006329113924050633,0.8048780487804879,0.1688888888888889,0.3111111111111111,0.4,0.7066666666666667,0.9066666666666666,0.96,0.7869822485207101,0.9526627218934911,0.9881656804733728,0.13684248253703118,0.13684248253703118,nan,nan,nan,nan,nan,nan,nan,nan,nan,nan,nan,nan,nan,nan,nan,nan,nan,nan,nan,nan,nan,nan,nan,nan,nan,nan,nan,nan,nan,nan,nan,nan,nan,nan,nan,nan,nan,nan,nan,nan,nan,nan,nan,nan,nan,nan,nan,nan,nan,nan,nan,nan,nan,nan,nan,nan,nan,nan,nan,nan,nan,nan,nan,nan,nan,nan,nan
442,85564,0.13390774679678857,-5.711029939413074,0.3111111111111111,213,0.323943661971831,0.1267605633802817,0.0,0.29107981220657275,0.0,0.7466666666666667,0.7810650887573964,0.4507042253521127,0.24882629107981222,0.3004694835680751,20.0,0.24882629107981222,0.03407407407407407,120.79076132774324,0.0025388255136051655,0.5712357405611622,0.9452483938250935,0.12206572769953052,0.6363636363636364,0.12444444444444444,0.20444444444444446,0.24444444444444444,0.5688888888888889,0.6311111111111111,0.64,0.6390532544378699,0.6627218934911243,0.6745562130177515,0.14510258957743644,0.14510258957743644,nan,nan,nan,nan,nan,nan,nan,nan,nan,nan,nan,nan,nan,nan,nan,nan,nan,nan,nan,nan,nan,nan,nan,nan,nan,nan,nan,nan,nan,nan,nan,nan,nan,nan,nan,nan,nan,nan,nan,nan,nan,nan,nan,nan,nan,nan,nan,nan,nan,nan,nan,nan,nan,nan,nan,nan,nan,nan,nan,nan,nan,nan,nan,nan,nan,nan,nan
443,85754,0.13464506782355407,-1.050827243566512,0.41333333333333333,190,0.4842105263157895,0.14210526315789473,0.0,0.12105263157894737,0.0,0.8133333333333334,0.8757396449704142,0.6263157894736842,0.10526315789473684,0.26842105263157895,9.0,0.04736842105263158,0.05185185185185186,120.34121184349029,0.003397746147185797,0.7644928831168043,0.9876099168855224,0.021052631578947368,0.7916666666666666,0.14666666666666667,0.27111111111111114,0.3688888888888889,0.4488888888888889,0.6666666666666666,0.8133333333333334,0.5029585798816568,0.7100591715976331,0.8757396449704142,0.17454951554536818,0.17454951554536818,nan,nan,nan,nan,nan,nan,nan,nan,nan,nan,nan,nan,nan,nan,nan,nan,nan,nan,nan,nan,nan,nan,nan,nan,nan,nan,nan,nan,nan,nan,nan,nan,nan,nan,nan,nan,nan,nan,nan,nan,nan,nan,nan,nan,nan,nan,nan,nan,nan,nan,nan,nan,nan,nan,nan,nan,nan,nan,nan,nan,nan,nan,nan,nan,nan,nan,nan
444,85913,0.13525534651789858,-1.9509916379451737,0.29777777777777775,159,0.41509433962264153,0.20754716981132076,0.0,0.1069182389937107,0.0,0.7333333333333333,0.834319526627219,0.6226415094339622,0.1949685534591195,0.18238993710691823,22.0,0.15723270440251572,0.048677248677248666,100.11420607566805,0.00292998711003738,0.6592470997584104,0.9860127099493012,0.006289308176100629,0.5581395348837209,0.1511111111111111,0.24,0.27111111111111114,0.6444444444444445,0.6888888888888889,0.6888888888888889,0.7514792899408284,0.8047337278106509,0.8047337278106509,0.16149042621254922,0.16149042621254922,nan,nan,nan,nan,nan,nan,nan,nan,nan,nan,nan,nan,nan,nan,nan,nan,nan,nan,nan,nan,nan,nan,nan,nan,nan,nan,nan,nan,nan,nan,nan,nan,nan,nan,nan,nan,nan,nan,nan,nan,nan,nan,nan,nan,nan,nan,nan,nan,nan,nan,nan,nan,nan,nan,nan,nan,nan,nan,nan,nan,nan,nan,nan,nan,nan,nan,nan
445,86115,0.13602182894674747,-3.222195991516112,0.3688888888888889,202,0.40594059405940597,0.17326732673267325,0.0,0.15346534653465346,0.0,0.8177777777777778,0.8994082840236687,0.5792079207920792,0.21287128712871287,0.2079207920792079,13.0,0.12871287128712872,0.04049382716049383,130.28758087158178,0.0027972308796159156,0.629376947913581,0.9758880793716208,0.034653465346534656,0.5925925925925926,0.15555555555555556,0.24,0.3244444444444444,0.7333333333333333,0.8177777777777778,0.8177777777777778,0.7988165680473372,0.8994082840236687,0.8994082840236687,0.152621641010046,0.152621641010046,nan,nan,nan,nan,nan,nan,nan,nan,nan,nan,nan,nan,nan,nan,nan,nan,nan,nan,nan,nan,nan,nan,nan,nan,nan,nan,nan,nan,nan,nan,nan,nan,nan,nan,nan,nan,nan,nan,nan,nan,nan,nan,nan,nan,nan,nan,nan,nan,nan,nan,nan,nan,nan,nan,nan,nan,nan,nan,nan,nan,nan,nan,nan,nan,nan,nan,nan
446,86316,0.13677472013816017,-2.5267753562927253,0.37333333333333335,201,0.4129353233830846,0.14925373134328357,0.0,0.14925373134328357,0.004975124378109453,0.88,0.9349112426035503,0.5621890547263682,0.26865671641791045,0.1691542288557214,20.0,0.1691542288557214,0.04098765432098765,120.24547958373982,0.00306779839180559,0.6902546381562576,0.9760288471436552,0.03980099502487562,0.6379310344827587,0.16,0.26222222222222225,0.3511111111111111,0.6355555555555555,0.7955555555555556,0.8755555555555555,0.7692307692307693,0.893491124260355,0.9349112426035503,0.15191152766346933,0.15191152766346933,nan,nan,nan,nan,nan,nan,nan,nan,nan,nan,nan,nan,nan,nan,nan,nan,nan,nan,nan,nan,nan,nan,nan,nan,nan,nan,nan,nan,nan,nan,nan,nan,nan,nan,nan,nan,nan,nan,nan,nan,nan,nan,nan,nan,nan,nan,nan,nan,nan,nan,nan,nan,nan,nan,nan,nan,nan,nan,nan,nan,nan,nan,nan,nan,nan,nan,nan
447,86478,0.13737443257089688,-2.0915483758449533,0.3288888888888889,162,0.4506172839506173,0.11728395061728394,0.0,0.17901234567901234,0.0,0.7911111111111111,0.8816568047337278,0.5679012345679012,0.22839506172839505,0.2037037037037037,8.0,0.030864197530864196,0.0491005291005291,100.6623654842374,0.0032230957705364958,0.7251965483707115,0.9891521030069094,0.018518518518518517,0.7317073170731707,0.1288888888888889,0.2088888888888889,0.3111111111111111,0.5466666666666666,0.7466666666666667,0.7911111111111111,0.6449704142011834,0.8579881656804734,0.8816568047337278,0.159625107049942,0.159625107049942,nan,nan,nan,nan,nan,nan,nan,nan,nan,nan,nan,nan,nan,nan,nan,nan,nan,nan,nan,nan,nan,nan,nan,nan,nan,nan,nan,nan,nan,nan,nan,nan,nan,nan,nan,nan,nan,nan,nan,nan,nan,nan,nan,nan,nan,nan,nan,nan,nan,nan,nan,nan,nan,nan,nan,nan,nan,nan,nan,nan,nan,nan,nan,nan,nan,nan,nan
448,86644,0.13798239768371753,-2.8135912895202635,0.29777777777777775,166,0.39759036144578314,0.14457831325301204,0.0,0.1927710843373494,0.006024096385542169,0.8577777777777778,0.8994082840236687,0.5421686746987951,0.3493975903614458,0.10843373493975904,25.0,0.20481927710843373,0.044047619047619044,100.78658370971661,0.0029104402841769674,0.6548490639398177,0.9422961472865415,0.018072289156626505,0.5454545454545454,0.14222222222222222,0.18666666666666668,0.27111111111111114,0.5688888888888889,0.68,0.8577777777777778,0.6272189349112426,0.7337278106508875,0.8994082840236687,0.1521357424557209,0.1521357424557209,nan,nan,nan,nan,nan,nan,nan,nan,nan,nan,nan,nan,nan,nan,nan,nan,nan,nan,nan,nan,nan,nan,nan,nan,nan,nan,nan,nan,nan,nan,nan,nan,nan,nan,nan,nan,nan,nan,nan,nan,nan,nan,nan,nan,nan,nan,nan,nan,nan,nan,nan,nan,nan,nan,nan,nan,nan,nan,nan,nan,nan,nan,nan,nan,nan,nan,nan
449,86821,0.13862335603893056,-0.4245979042053203,0.4488888888888889,177,0.5649717514124294,0.1016949152542373,0.0,0.0847457627118644,0.0,0.96,0.9763313609467456,0.6666666666666666,0.14689265536723164,0.1864406779661017,9.0,0.022598870056497175,0.06194444444444449,120.07236099243137,0.0037014716856651093,0.8328311292746495,0.9781439704401284,0.0,0.8636363636363636,0.16444444444444445,0.26666666666666666,0.39111111111111113,0.6044444444444445,0.68,0.96,0.7396449704142012,0.757396449704142,0.9763313609467456,0.16410981938242913,0.16410981938242913,nan,nan,nan,nan,nan,nan,nan,nan,nan,nan,nan,nan,nan,nan,nan,nan,nan,nan,nan,nan,nan,nan,nan,nan,nan,nan,nan,nan,nan,nan,nan,nan,nan,nan,nan,nan,nan,nan,nan,nan,nan,nan,nan,nan,nan,nan,nan,nan,nan,nan,nan,nan,nan,nan,nan,nan,nan,nan,nan,nan,nan,nan,nan,nan,nan,nan,nan
450,87013,0.13931014052362345,-1.447528302907942,0.40444444444444444,192,0.46875,0.10416666666666667,0.0,0.11979166666666667,0.0,0.9111111111111111,0.9644970414201184,0.5729166666666666,0.25,0.17708333333333334,7.0,0.020833333333333332,0.05183006535947712,120.5764600276945,0.0033173971097519898,0.7464143496941976,0.9954235434560398,0.0,0.7796610169491526,0.16,0.2577777777777778,0.3422222222222222,0.6844444444444444,0.8222222222222222,0.84,0.7514792899408284,0.8875739644970414,0.8994082840236687,0.1628808356821537,0.1628808356821537,nan,nan,nan,nan,nan,nan,nan,nan,nan,nan,nan,nan,nan,nan,nan,nan,nan,nan,nan,nan,nan,nan,nan,nan,nan,nan,nan,nan,nan,nan,nan,nan,nan,nan,nan,nan,nan,nan,nan,nan,nan,nan,nan,nan,nan,nan,nan,nan,nan,nan,nan,nan,nan,nan,nan,nan,nan,nan,nan,nan,nan,nan,nan,nan,nan,nan,nan
451,87180,0.13990032964602805,-1.253727864027024,0.35555555555555557,167,0.47305389221556887,0.08383233532934131,0.0,0.16167664670658682,0.0,0.8222222222222222,0.9053254437869822,0.5568862275449101,0.19760479041916168,0.24550898203592814,9.0,0.023952095808383235,0.051055088702147526,100.30217013359038,0.0035005335442241533,0.7876200474504345,0.9922076084595763,0.011976047904191617,0.7872340425531915,0.1288888888888889,0.24444444444444444,0.3422222222222222,0.4888888888888889,0.5955555555555555,0.8,0.621301775147929,0.6686390532544378,0.9053254437869822,0.15570262670516968,0.15570262670516968,nan,nan,nan,nan,nan,nan,nan,nan,nan,nan,nan,nan,nan,nan,nan,nan,nan,nan,nan,nan,nan,nan,nan,nan,nan,nan,nan,nan,nan,nan,nan,nan,nan,nan,nan,nan,nan,nan,nan,nan,nan,nan,nan,nan,nan,nan,nan,nan,nan,nan,nan,nan,nan,nan,nan,nan,nan,nan,nan,nan,nan,nan,nan,nan,nan,nan,nan
452,87346,0.14048038805527419,-1.3465844886302936,0.3422222222222222,166,0.4578313253012048,0.10240963855421686,0.0,0.13855421686746988,0.0,0.8088888888888889,0.9053254437869822,0.5602409638554217,0.21686746987951808,0.22289156626506024,16.0,0.07228915662650602,0.048611111111111105,100.05318560600254,0.0033759822411642765,0.7595960042619622,0.9982355830191961,0.006024096385542169,0.7551020408163265,0.14666666666666667,0.2577777777777778,0.3377777777777778,0.6311111111111111,0.7911111111111111,0.8088888888888889,0.7041420118343196,0.8994082840236687,0.9053254437869822,0.1645013153553009,0.1645013153553009,nan,nan,nan,nan,nan,nan,nan,nan,nan,nan,nan,nan,nan,nan,nan,nan,nan,nan,nan,nan,nan,nan,nan,nan,nan,nan,nan,nan,nan,nan,nan,nan,nan,nan,nan,nan,nan,nan,nan,nan,nan,nan,nan,nan,nan,nan,nan,nan,nan,nan,nan,nan,nan,nan,nan,nan,nan,nan,nan,nan,nan,nan,nan,nan,nan,nan,nan
453,87511,0.14105044820004503,-0.9518708014488193,0.36,165,0.48484848484848486,0.10303030303030303,0.0,0.1393939393939394,0.0,0.8488888888888889,0.8698224852071006,0.5878787878787879,0.14545454545454545,0.26666666666666666,13.0,0.06060606060606061,0.05206349206349207,100.73210287094085,0.0035297144149874196,0.7941857433721694,0.9804073003139934,0.006060606060606061,0.7333333333333333,0.14666666666666667,0.26666666666666666,0.3466666666666667,0.6577777777777778,0.8488888888888889,0.8488888888888889,0.757396449704142,0.8698224852071006,0.8698224852071006,0.14657135382294656,0.14657135382294656,nan,nan,nan,nan,nan,nan,nan,nan,nan,nan,nan,nan,nan,nan,nan,nan,nan,nan,nan,nan,nan,nan,nan,nan,nan,nan,nan,nan,nan,nan,nan,nan,nan,nan,nan,nan,nan,nan,nan,nan,nan,nan,nan,nan,nan,nan,nan,nan,nan,nan,nan,nan,nan,nan,nan,nan,nan,nan,nan,nan,nan,nan,nan,nan,nan,nan,nan
454,87761,0.14190185047232673,-5.5095406157970475,0.4088888888888889,250,0.364,0.08,0.0,0.312,0.0,0.9377777777777778,0.9822485207100592,0.444,0.304,0.252,21.0,0.128,0.04044444444444444,137.18610110282881,0.0029481444635655204,0.663332504302242,0.9139357040957409,0.124,0.7666666666666667,0.15555555555555556,0.24888888888888888,0.30666666666666664,0.7022222222222222,0.8088888888888889,0.8622222222222222,0.757396449704142,0.8875739644970414,0.9230769230769231,0.1570494592189789,0.1570494592189789,nan,nan,nan,nan,nan,nan,nan,nan,nan,nan,nan,nan,nan,nan,nan,nan,nan,nan,nan,nan,nan,nan,nan,nan,nan,nan,nan,nan,nan,nan,nan,nan,nan,nan,nan,nan,nan,nan,nan,nan,nan,nan,nan,nan,nan,nan,nan,nan,nan,nan,nan,nan,nan,nan,nan,nan,nan,nan,nan,nan,nan,nan,nan,nan,nan,nan,nan
455,87960,0.1425689793198301,-2.2209164309501634,0.3377777777777778,199,0.3768844221105528,0.21105527638190955,0.0,0.12060301507537688,0.0,0.7288888888888889,0.8165680473372781,0.5879396984924623,0.1708542713567839,0.24120603015075376,22.0,0.21105527638190955,0.04168981481481481,120.11348981857262,0.0027751531808527263,0.6244094656918634,0.9662606337732015,0.0,0.49122807017543857,0.14666666666666667,0.2577777777777778,0.30666666666666664,0.64,0.7288888888888889,0.7288888888888889,0.7396449704142012,0.8165680473372781,0.8165680473372781,0.15128647163510323,0.15128647163510323,nan,nan,nan,nan,nan,nan,nan,nan,nan,nan,nan,nan,nan,nan,nan,nan,nan,nan,nan,nan,nan,nan,nan,nan,nan,nan,nan,nan,nan,nan,nan,nan,nan,nan,nan,nan,nan,nan,nan,nan,nan,nan,nan,nan,nan,nan,nan,nan,nan,nan,nan,nan,nan,nan,nan,nan,nan,nan,nan,nan,nan,nan,nan,nan,nan,nan,nan
456,88113,0.1430755320810589,-1.6992085800170886,0.32,153,0.46405228758169936,0.1568627450980392,0.0,0.12418300653594772,0.0,0.7688888888888888,0.8698224852071006,0.6209150326797386,0.26143790849673204,0.11764705882352941,25.0,0.13725490196078433,0.04973544973544976,100.05912933349592,0.0031536907992054638,0.7095804298212293,0.9885139914190805,0.0,0.6578947368421053,0.16444444444444445,0.28,0.31555555555555553,0.6044444444444445,0.76,0.7688888888888888,0.7455621301775148,0.8698224852071006,0.8698224852071006,0.13801087364554404,0.13801087364554404,nan,nan,nan,nan,nan,nan,nan,nan,nan,nan,nan,nan,nan,nan,nan,nan,nan,nan,nan,nan,nan,nan,nan,nan,nan,nan,nan,nan,nan,nan,nan,nan,nan,nan,nan,nan,nan,nan,nan,nan,nan,nan,nan,nan,nan,nan,nan,nan,nan,nan,nan,nan,nan,nan,nan,nan,nan,nan,nan,nan,nan,nan,nan,nan,nan,nan,nan
457,88234,0.14347222836879822,-0.6023901908397667,0.31555555555555553,121,0.5785123966942148,0.09090909090909091,0.0,0.09090909090909091,0.008264462809917356,0.8666666666666667,0.9230769230769231,0.6694214876033058,0.19834710743801653,0.1322314049586777,6.0,0.008264462809917356,0.06408465608465609,80.53704943656905,0.003862956406866409,0.869165191544942,0.9829651027029973,0.0,0.8571428571428571,0.17777777777777778,0.26666666666666666,nan,0.7244444444444444,0.7777777777777778,nan,0.8165680473372781,0.8520710059171598,nan,0.1703858844935894,0.1703858844935894,nan,nan,nan,nan,nan,nan,nan,nan,nan,nan,nan,nan,nan,nan,nan,nan,nan,nan,nan,nan,nan,nan,nan,nan,nan,nan,nan,nan,nan,nan,nan,nan,nan,nan,nan,nan,nan,nan,nan,nan,nan,nan,nan,nan,nan,nan,nan,nan,nan,nan,nan,nan,nan,nan,nan,nan,nan,nan,nan,nan,nan,nan,nan,nan,nan,nan,nan
458,88466,0.14422319628559943,-3.1778329946994766,0.4177777777777778,232,0.40086206896551724,0.125,0.008620689655172414,0.1939655172413793,0.0,0.8844444444444445,0.9349112426035503,0.5344827586206896,0.1896551724137931,0.27586206896551724,20.0,0.1336206896551724,0.04133333333333334,140.00793328285218,0.002952213661337985,0.6642480738010466,0.9897107076513895,0.01293103448275862,0.6774193548387096,0.15555555555555556,0.23555555555555555,0.3288888888888889,0.7022222222222222,0.7822222222222223,0.8311111111111111,0.7810650887573964,0.8402366863905325,0.8875739644970414,0.13972108736634253,0.13972108736634253,nan,nan,nan,nan,nan,nan,nan,nan,nan,nan,nan,nan,nan,nan,nan,nan,nan,nan,nan,nan,nan,nan,nan,nan,nan,nan,nan,nan,nan,nan,nan,nan,nan,nan,nan,nan,nan,nan,nan,nan,nan,nan,nan,nan,nan,nan,nan,nan,nan,nan,nan,nan,nan,nan,nan,nan,nan,nan,nan,nan,nan,nan,nan,nan,nan,nan,nan
459,88630,0.14474642503938662,-1.4982565174102775,0.3377777777777778,164,0.4573170731707317,0.13414634146341464,0.0,0.14634146341463414,0.0,0.8088888888888889,0.8579881656804734,0.5914634146341463,0.15853658536585366,0.25,8.0,0.054878048780487805,0.04961451247165533,100.27863349914524,0.0033240713569972474,0.7479160553243807,0.9792954146749092,0.018292682926829267,0.627906976744186,0.1688888888888889,0.24888888888888888,0.32,0.64,0.64,0.8088888888888889,0.6686390532544378,0.6686390532544378,0.8579881656804734,0.17324053943157197,0.17324053943157197,nan,nan,nan,nan,nan,nan,nan,nan,nan,nan,nan,nan,nan,nan,nan,nan,nan,nan,nan,nan,nan,nan,nan,nan,nan,nan,nan,nan,nan,nan,nan,nan,nan,nan,nan,nan,nan,nan,nan,nan,nan,nan,nan,nan,nan,nan,nan,nan,nan,nan,nan,nan,nan,nan,nan,nan,nan,nan,nan,nan,nan,nan,nan,nan,nan,nan,nan
460,88776,0.14520692240354582,-1.8824862108230582,0.3422222222222222,146,0.5205479452054794,0.07534246575342465,0.0,0.1095890410958904,0.0,0.8755555555555555,0.9171597633136095,0.5958904109589042,0.23972602739726026,0.1643835616438356,7.0,0.02054794520547945,0.05756613756613757,100.77605915069567,0.0033517660903239046,0.7541473703228785,1.0,0.0410958904109589,0.8604651162790697,0.15555555555555556,0.25333333333333335,nan,0.56,0.8088888888888889,nan,0.6449704142011834,0.8698224852071006,nan,0.15466173589229584,0.15466173589229584,-9.540695143055911,0.3906666666666666,190.8,0.0,1.0,0.4643861528775045,0.12243452617259601,0.0,0.1446770327646622,0.0,0.8915555555555557,0.9366863905325445,0.5868206790501006,0.2281728490759672,0.18500647187393224,25.5,0.12870792650133947,0.04911655443322109,119.33709660053232,0.0032584431133632053,0.7331497005067213,0.9462325114513156,0.0380351575720662,0.7405619128175591,0.15911111111111112,0.2644444444444445,0.3476543209876543,0.6342222222222221,0.7706666666666667,0.8666666666666667,0.7272189349112426,0.8550295857988166,0.9204470742932281,-2.7898794820308686,0.3328888888888889,159.9,0.0,1.0,0.47140273488033213,0.11766066834722147,0.005031446540880504,0.13303436583452682,0.002571913996133341,0.8395555555555557,0.889940828402367,0.5940948497684341,0.2172370371620021,0.1886681130695639,21.2,0.1361978432906411,0.05008765289291604,103.34266173362714,0.0032038783821166372,0.7208726359762434,0.9504921992941335,0.035547574434157445,0.7248433201921316,0.14355555555555555,0.25600000000000006,0.3455555555555556,0.5702222222222223,0.7791111111111112,0.8577777777777778,0.6349112426035504,0.8437869822485208,0.9045857988165681,2.355724932427497
461,88962,0.1457863620119128,-2.270432159185409,0.37777777777777777,186,0.45161290322580644,0.0967741935483871,0.0,0.14516129032258066,0.005376344086021506,0.8844444444444445,0.9289940828402367,0.5483870967741935,0.21505376344086022,0.23655913978494625,27.0,0.12903225806451613,0.050909090909090904,116.70887770652756,0.003198842630224802,0.7197395918005803,0.978313200678768,0.026881720430107527,0.7368421052631579,0.07111111111111111,0.2,0.3111111111111111,0.3422222222222222,0.6533333333333333,0.8222222222222222,0.39644970414201186,0.7041420118343196,0.8579881656804734,0.16584300622344017,0.16584300622344017,nan,nan,nan,nan,nan,nan,nan,nan,nan,nan,nan,nan,nan,nan,nan,nan,nan,nan,nan,nan,nan,nan,nan,nan,nan,nan,nan,nan,nan,nan,nan,nan,nan,nan,nan,nan,nan,nan,nan,nan,nan,nan,nan,nan,nan,nan,nan,nan,nan,nan,nan,nan,nan,nan,nan,nan,nan,nan,nan,nan,nan,nan,nan,nan,nan,nan,nan
462,89117,0.1444278620201245,0.24189125394821231,0.40444444444444444,155,0.5806451612903226,0.07096774193548387,0.0,0.07096774193548387,0.0,0.9466666666666667,1.0,0.6516129032258065,0.1935483870967742,0.15483870967741936,5.0,0.0,0.06476190476190474,100.02960710525488,0.003998816066318296,0.8997336149216166,0.9837621139556482,0.0,0.8809523809523809,0.16444444444444445,0.29333333333333333,0.39111111111111113,0.5866666666666667,0.8577777777777778,0.9288888888888889,0.650887573964497,0.9644970414201184,0.9940828402366864,0.15363687127828599,0.15363687127828599,nan,nan,nan,nan,nan,nan,nan,nan,nan,nan,nan,nan,nan,nan,nan,nan,nan,nan,nan,nan,nan,nan,nan,nan,nan,nan,nan,nan,nan,nan,nan,nan,nan,nan,nan,nan,nan,nan,nan,nan,nan,nan,nan,nan,nan,nan,nan,nan,nan,nan,nan,nan,nan,nan,nan,nan,nan,nan,nan,nan,nan,nan,nan,nan,nan,nan,nan
463,89317,0.13931230186964416,-1.5463725991249069,0.38222222222222224,200,0.425,0.165,0.0,0.135,0.0,0.7955555555555556,0.8698224852071006,0.59,0.28,0.13,12.0,0.085,0.04722222222222222,120.39402475357019,0.003137844910086164,0.7060151047693868,0.9806872401990598,0.0,0.6,0.16,0.24888888888888888,0.29777777777777775,0.5822222222222222,0.7022222222222222,0.7111111111111111,0.6745562130177515,0.757396449704142,0.7633136094674556,0.16724329739809035,0.16724329739809035,nan,nan,nan,nan,nan,nan,nan,nan,nan,nan,nan,nan,nan,nan,nan,nan,nan,nan,nan,nan,nan,nan,nan,nan,nan,nan,nan,nan,nan,nan,nan,nan,nan,nan,nan,nan,nan,nan,nan,nan,nan,nan,nan,nan,nan,nan,nan,nan,nan,nan,nan,nan,nan,nan,nan,nan,nan,nan,nan,nan,nan,nan,nan,nan,nan,nan,nan
464,89486,0.13499727072437878,-0.7014156637191751,0.40444444444444444,169,0.5325443786982249,0.10650887573964497,0.0,0.05917159763313609,0.005917159763313609,0.8488888888888889,0.9230769230769231,0.6390532544378699,0.1952662721893491,0.16568047337278108,7.0,0.01775147928994083,0.05834586466165414,111.40395870208712,0.0035905366798469627,0.8078707529655665,0.9982669040306896,0.0,0.8235294117647058,0.17333333333333334,0.28444444444444444,0.37777777777777777,0.5733333333333334,0.7555555555555555,0.8355555555555556,0.6272189349112426,0.8520710059171598,0.9112426035502958,0.16963028833270072,0.16963028833270072,nan,nan,nan,nan,nan,nan,nan,nan,nan,nan,nan,nan,nan,nan,nan,nan,nan,nan,nan,nan,nan,nan,nan,nan,nan,nan,nan,nan,nan,nan,nan,nan,nan,nan,nan,nan,nan,nan,nan,nan,nan,nan,nan,nan,nan,nan,nan,nan,nan,nan,nan,nan,nan,nan,nan,nan,nan,nan,nan,nan,nan,nan,nan,nan,nan,nan,nan
465,89644,0.13096939668219126,-1.823377860307693,0.3422222222222222,158,0.4810126582278481,0.0759493670886076,0.0,0.14556962025316456,0.006329113924050633,0.9422222222222222,0.9763313609467456,0.5569620253164557,0.22784810126582278,0.21518987341772153,11.0,0.06329113924050633,0.04960317460317459,100.14645581245398,0.0033728380603936714,0.758888563588576,0.9851005329636028,0.0,0.7659574468085106,0.1688888888888889,0.27555555555555555,0.3377777777777778,0.7555555555555555,0.9111111111111111,0.9422222222222222,0.7988165680473372,0.9763313609467456,0.9763313609467456,0.16821786016225815,0.16821786016225815,nan,nan,nan,nan,nan,nan,nan,nan,nan,nan,nan,nan,nan,nan,nan,nan,nan,nan,nan,nan,nan,nan,nan,nan,nan,nan,nan,nan,nan,nan,nan,nan,nan,nan,nan,nan,nan,nan,nan,nan,nan,nan,nan,nan,nan,nan,nan,nan,nan,nan,nan,nan,nan,nan,nan,nan,nan,nan,nan,nan,nan,nan,nan,nan,nan,nan,nan
466,89818,0.12654066289172172,-1.4923296985626215,0.3422222222222222,174,0.4367816091954023,0.10344827586206896,0.0,0.1724137931034483,0.0,0.8933333333333333,0.9171597633136095,0.5402298850574713,0.2471264367816092,0.21264367816091953,17.0,0.13218390804597702,0.04843915343915344,100.17456855773892,0.003371891515390839,0.7586755909629388,0.9816756022291474,0.0,0.78,0.1511111111111111,0.26666666666666666,0.3111111111111111,0.6533333333333333,0.8888888888888888,0.8933333333333333,0.7159763313609467,0.9171597633136095,0.9171597633136095,0.15993815436959266,0.15993815436959266,nan,nan,nan,nan,nan,nan,nan,nan,nan,nan,nan,nan,nan,nan,nan,nan,nan,nan,nan,nan,nan,nan,nan,nan,nan,nan,nan,nan,nan,nan,nan,nan,nan,nan,nan,nan,nan,nan,nan,nan,nan,nan,nan,nan,nan,nan,nan,nan,nan,nan,nan,nan,nan,nan,nan,nan,nan,nan,nan,nan,nan,nan,nan,nan,nan,nan,nan
467,90068,0.12090817902087127,-2.961456626892093,0.32,250,0.284,0.18,0.0,0.244,0.0,0.72,0.7810650887573964,0.464,0.24,0.296,49.0,0.268,0.03155555555555555,137.58530120849593,0.0022935266542562175,0.5160434972076489,0.905238004114779,0.024,0.5277777777777778,0.13333333333333333,0.14222222222222222,0.21333333333333335,0.4444444444444444,0.4444444444444444,0.5777777777777777,0.47928994082840237,0.47928994082840237,0.6035502958579881,0.1553824797272682,0.1553824797272682,nan,nan,nan,nan,nan,nan,nan,nan,nan,nan,nan,nan,nan,nan,nan,nan,nan,nan,nan,nan,nan,nan,nan,nan,nan,nan,nan,nan,nan,nan,nan,nan,nan,nan,nan,nan,nan,nan,nan,nan,nan,nan,nan,nan,nan,nan,nan,nan,nan,nan,nan,nan,nan,nan,nan,nan,nan,nan,nan,nan,nan,nan,nan,nan,nan,nan,nan
468,90318,0.11721193102141608,-5.0011637077331565,0.3111111111111111,250,0.276,0.216,0.0,0.224,0.0,0.7866666666666666,0.8994082840236687,0.492,0.24,0.268,77.0,0.404,0.030666666666666665,140.48727340698244,0.0021828786282887948,0.49114769136497877,0.926021969972338,0.028,0.36619718309859156,0.13333333333333333,0.2,0.23555555555555555,0.5555555555555556,0.64,0.6488888888888888,0.6153846153846154,0.727810650887574,0.7396449704142012,0.15444232299923896,0.15444232299923896,nan,nan,nan,nan,nan,nan,nan,nan,nan,nan,nan,nan,nan,nan,nan,nan,nan,nan,nan,nan,nan,nan,nan,nan,nan,nan,nan,nan,nan,nan,nan,nan,nan,nan,nan,nan,nan,nan,nan,nan,nan,nan,nan,nan,nan,nan,nan,nan,nan,nan,nan,nan,nan,nan,nan,nan,nan,nan,nan,nan,nan,nan,nan,nan,nan,nan,nan
469,90510,0.11438345156869853,-5.329793225765231,0.24888888888888888,192,0.2864583333333333,0.19791666666666666,0.0,0.22395833333333334,0.0,0.6044444444444445,0.650887573964497,0.484375,0.21875,0.296875,28.0,0.3385416666666667,0.030555555555555555,120.40755453109745,0.0020301420903064034,0.4567819703189408,0.9493308732124919,0.005208333333333333,0.42857142857142855,0.14222222222222222,0.2,0.24444444444444444,0.5377777777777778,0.5688888888888889,0.6044444444444445,0.6390532544378699,0.6390532544378699,0.650887573964497,0.14885834157466887,0.14885834157466887,nan,nan,nan,nan,nan,nan,nan,nan,nan,nan,nan,nan,nan,nan,nan,nan,nan,nan,nan,nan,nan,nan,nan,nan,nan,nan,nan,nan,nan,nan,nan,nan,nan,nan,nan,nan,nan,nan,nan,nan,nan,nan,nan,nan,nan,nan,nan,nan,nan,nan,nan,nan,nan,nan,nan,nan,nan,nan,nan,nan,nan,nan,nan,nan,nan,nan,nan
470,90722,0.11127064449771795,-3.6958291459083554,0.3333333333333333,212,0.3490566037735849,0.14150943396226415,0.0,0.2641509433962264,0.0,0.7377777777777778,0.8284023668639053,0.49056603773584906,0.16981132075471697,0.33962264150943394,15.0,0.13679245283018868,0.03654320987654321,120.17932519912691,0.0027366511531326044,0.615746509454836,0.9758494751270343,0.014150943396226415,0.6538461538461539,0.13777777777777778,0.21333333333333335,0.27111111111111114,0.6044444444444445,0.6844444444444444,0.7155555555555555,0.7514792899408284,0.8047337278106509,0.8047337278106509,0.172996786236763,0.172996786236763,nan,nan,nan,nan,nan,nan,nan,nan,nan,nan,nan,nan,nan,nan,nan,nan,nan,nan,nan,nan,nan,nan,nan,nan,nan,nan,nan,nan,nan,nan,nan,nan,nan,nan,nan,nan,nan,nan,nan,nan,nan,nan,nan,nan,nan,nan,nan,nan,nan,nan,nan,nan,nan,nan,nan,nan,nan,nan,nan,nan,nan,nan,nan,nan,nan,nan,nan
471,90923,0.10832931460518377,-1.5070005712509156,0.38666666666666666,201,0.42786069651741293,0.14925373134328357,0.0,0.12437810945273632,0.0,0.8977777777777778,0.9526627218934911,0.5771144278606966,0.21393034825870647,0.208955223880597,12.0,0.09950248756218906,0.04246913580246913,120.72381496429404,0.0031660880028954556,0.7123698006514775,0.9956284594206948,0.0,0.6166666666666667,0.15555555555555556,0.28,0.3422222222222222,0.5777777777777777,0.8222222222222222,0.8888888888888888,0.6568047337278107,0.8875739644970414,0.9526627218934911,0.14097187370061875,0.14097187370061875,nan,nan,nan,nan,nan,nan,nan,nan,nan,nan,nan,nan,nan,nan,nan,nan,nan,nan,nan,nan,nan,nan,nan,nan,nan,nan,nan,nan,nan,nan,nan,nan,nan,nan,nan,nan,nan,nan,nan,nan,nan,nan,nan,nan,nan,nan,nan,nan,nan,nan,nan,nan,nan,nan,nan,nan,nan,nan,nan,nan,nan,nan,nan,nan,nan,nan,nan
472,91044,0.10656332934206147,-2.347039719581604,0.29777777777777775,121,0.5454545454545454,0.024793388429752067,0.0,0.19008264462809918,0.01652892561983471,0.8355555555555556,0.8875739644970414,0.5702479338842975,0.19834710743801653,0.23140495867768596,8.0,0.024793388429752067,0.059682539682539684,81.48609256744368,0.003599796285366731,0.8099541642075144,0.9916658167897746,0.0,0.896551724137931,0.15555555555555556,0.27111111111111114,nan,0.6488888888888888,0.8355555555555556,nan,0.6686390532544378,0.8875739644970414,nan,0.17088275626301766,0.17088275626301766,nan,nan,nan,nan,nan,nan,nan,nan,nan,nan,nan,nan,nan,nan,nan,nan,nan,nan,nan,nan,nan,nan,nan,nan,nan,nan,nan,nan,nan,nan,nan,nan,nan,nan,nan,nan,nan,nan,nan,nan,nan,nan,nan,nan,nan,nan,nan,nan,nan,nan,nan,nan,nan,nan,nan,nan,nan,nan,nan,nan,nan,nan,nan,nan,nan,nan,nan
473,91281,0.10311447101083496,-10.16851965665817,0.36,237,0.33755274261603374,0.08016877637130802,0.0,0.38396624472573837,0.0,0.8844444444444445,0.9644970414201184,0.4177215189873418,0.4050632911392405,0.17721518987341772,24.0,0.20253164556962025,0.03651851851851852,130.3001872062679,0.0027287417092709447,0.6139668845859625,0.9214590969576438,0.12658227848101267,0.7608695652173914,0.12444444444444444,0.17333333333333334,0.2577777777777778,0.4266666666666667,0.5244444444444445,0.8222222222222222,0.46745562130177515,0.5443786982248521,0.9053254437869822,0.150636538118124,0.150636538118124,nan,nan,nan,nan,nan,nan,nan,nan,nan,nan,nan,nan,nan,nan,nan,nan,nan,nan,nan,nan,nan,nan,nan,nan,nan,nan,nan,nan,nan,nan,nan,nan,nan,nan,nan,nan,nan,nan,nan,nan,nan,nan,nan,nan,nan,nan,nan,nan,nan,nan,nan,nan,nan,nan,nan,nan,nan,nan,nan,nan,nan,nan,nan,nan,nan,nan,nan
474,91430,0.10095305890925377,-1.9659343440532675,0.3288888888888889,149,0.4899328859060403,0.10738255033557047,0.0,0.1342281879194631,0.0,0.9111111111111111,0.9704142011834319,0.5973154362416108,0.2684563758389262,0.1342281879194631,15.0,0.06711409395973154,0.054197530864197534,100.30413661003102,0.0032346068209114925,0.7277865347050857,0.9569069765192837,0.0,0.725,0.15555555555555556,0.27555555555555555,nan,0.5511111111111111,0.84,nan,0.6272189349112426,0.9230769230769231,nan,0.18894579261541367,0.18894579261541367,nan,nan,nan,nan,nan,nan,nan,nan,nan,nan,nan,nan,nan,nan,nan,nan,nan,nan,nan,nan,nan,nan,nan,nan,nan,nan,nan,nan,nan,nan,nan,nan,nan,nan,nan,nan,nan,nan,nan,nan,nan,nan,nan,nan,nan,nan,nan,nan,nan,nan,nan,nan,nan,nan,nan,nan,nan,nan,nan,nan,nan,nan,nan,nan,nan,nan,nan
475,91613,0.09830566563987994,-2.9754190316200253,0.35555555555555557,183,0.43169398907103823,0.12568306010928962,0.0,0.16393442622950818,0.0,0.92,0.9408284023668639,0.5573770491803278,0.1912568306010929,0.25136612021857924,18.0,0.15300546448087432,0.045069444444444454,120.07065744400019,0.002924204119352524,0.6579459268543179,0.9759344909193871,0.02185792349726776,0.6078431372549019,0.16,0.26222222222222225,0.31555555555555553,0.6488888888888888,0.92,0.92,0.6863905325443787,0.9408284023668639,0.9408284023668639,0.17889756634831427,0.17889756634831427,nan,nan,nan,nan,nan,nan,nan,nan,nan,nan,nan,nan,nan,nan,nan,nan,nan,nan,nan,nan,nan,nan,nan,nan,nan,nan,nan,nan,nan,nan,nan,nan,nan,nan,nan,nan,nan,nan,nan,nan,nan,nan,nan,nan,nan,nan,nan,nan,nan,nan,nan,nan,nan,nan,nan,nan,nan,nan,nan,nan,nan,nan,nan,nan,nan,nan,nan
476,91818,0.09534944680072285,-2.2883988080024715,0.37777777777777777,205,0.4097560975609756,0.11219512195121951,0.0,0.1951219512195122,0.0,0.9155555555555556,0.9526627218934911,0.5219512195121951,0.2146341463414634,0.2634146341463415,12.0,0.11707317073170732,0.04148148148148148,120.46094102859459,0.003099206515784339,0.6973214660514762,0.9836508199075861,0.01951219512195122,0.7241379310344828,0.13777777777777778,0.25333333333333335,0.3288888888888889,0.5333333333333333,0.8711111111111111,0.9155555555555556,0.5857988165680473,0.9289940828402367,0.9526627218934911,0.15399256497621536,0.15399256497621536,nan,nan,nan,nan,nan,nan,nan,nan,nan,nan,nan,nan,nan,nan,nan,nan,nan,nan,nan,nan,nan,nan,nan,nan,nan,nan,nan,nan,nan,nan,nan,nan,nan,nan,nan,nan,nan,nan,nan,nan,nan,nan,nan,nan,nan,nan,nan,nan,nan,nan,nan,nan,nan,nan,nan,nan,nan,nan,nan,nan,nan,nan,nan,nan,nan,nan,nan
477,91975,0.09309214595908995,-1.2668090085983248,0.3377777777777778,157,0.47770700636942676,0.1464968152866242,0.0,0.12101910828025478,0.0,0.8933333333333333,0.9585798816568047,0.6242038216560509,0.2484076433121019,0.12738853503184713,15.0,0.10191082802547771,0.049251700680272126,100.37913341522193,0.003320743285902738,0.7471672393281159,0.9815569936731536,0.0,0.625,0.16,0.26666666666666666,0.3333333333333333,0.5333333333333333,0.8355555555555556,0.8933333333333333,0.5976331360946746,0.9408284023668639,0.9585798816568047,0.16051355376839638,0.16051355376839638,nan,nan,nan,nan,nan,nan,nan,nan,nan,nan,nan,nan,nan,nan,nan,nan,nan,nan,nan,nan,nan,nan,nan,nan,nan,nan,nan,nan,nan,nan,nan,nan,nan,nan,nan,nan,nan,nan,nan,nan,nan,nan,nan,nan,nan,nan,nan,nan,nan,nan,nan,nan,nan,nan,nan,nan,nan,nan,nan,nan,nan,nan,nan,nan,nan,nan,nan
478,92113,0.09111283246149973,-1.4694058685302713,0.28444444444444444,138,0.45652173913043476,0.09420289855072464,0.0,0.18840579710144928,0.007246376811594203,0.7866666666666666,0.8461538461538461,0.5507246376811594,0.21014492753623187,0.2391304347826087,19.0,0.10144927536231885,0.050085470085470075,80.10862731933571,0.00349525399909601,0.7864321497966021,0.9905700769039804,0.028985507246376812,0.75,0.1511111111111111,0.24888888888888888,nan,0.5333333333333333,0.7466666666666667,nan,0.5857988165680473,0.7928994082840237,nan,0.18308006078004838,0.18308006078004838,nan,nan,nan,nan,nan,nan,nan,nan,nan,nan,nan,nan,nan,nan,nan,nan,nan,nan,nan,nan,nan,nan,nan,nan,nan,nan,nan,nan,nan,nan,nan,nan,nan,nan,nan,nan,nan,nan,nan,nan,nan,nan,nan,nan,nan,nan,nan,nan,nan,nan,nan,nan,nan,nan,nan,nan,nan,nan,nan,nan,nan,nan,nan,nan,nan,nan,nan
479,92354,0.0876669750606866,-2.8354396178722396,0.39111111111111113,241,0.36099585062240663,0.17012448132780084,0.0,0.1825726141078838,0.0,0.9555555555555556,0.9940828402366864,0.5311203319502075,0.24066390041493776,0.22821576763485477,78.0,0.34854771784232363,0.03866666666666667,140.13752017021167,0.0027591944412675463,0.6208187492851979,0.8697960336925751,0.004149377593360996,0.5,0.18222222222222223,0.28888888888888886,0.38666666666666666,0.7333333333333333,0.84,0.9555555555555556,0.8106508875739645,0.9112426035502958,0.9940828402366864,0.144279907643795,0.144279907643795,nan,nan,nan,nan,nan,nan,nan,nan,nan,nan,nan,nan,nan,nan,nan,nan,nan,nan,nan,nan,nan,nan,nan,nan,nan,nan,nan,nan,nan,nan,nan,nan,nan,nan,nan,nan,nan,nan,nan,nan,nan,nan,nan,nan,nan,nan,nan,nan,nan,nan,nan,nan,nan,nan,nan,nan,nan,nan,nan,nan,nan,nan,nan,nan,nan,nan,nan
480,92512,0.0854152819715446,-0.8643218281269066,0.36444444444444446,158,0.5126582278481012,0.08860759493670886,0.0,0.11392405063291139,0.0,0.9511111111111111,0.9704142011834319,0.6012658227848101,0.1962025316455696,0.20253164556962025,13.0,0.05063291139240506,0.054126984126984135,100.53639836311315,0.0035807926866423755,0.8056783544945344,0.9686280090743532,0.006329113924050633,0.7555555555555555,0.1511111111111111,0.26666666666666666,0.35555555555555557,0.5822222222222222,0.8311111111111111,0.9511111111111111,0.6449704142011834,0.8579881656804734,0.9704142011834319,0.1582356132566929,0.1582356132566929,-3.09442171216011,0.33999999999999997,199.9,0.0,1.0,0.37858601159384875,0.16055234535147783,0.0012962962962962963,0.16886064745078794,0.0004950495049504951,0.8075555555555555,0.8710059171597633,0.5404346532416229,0.29338106608893677,0.16618428066944035,37.5,0.23799057966214163,0.04120282186948852,121.38592106819127,0.002768428418566165,0.6228963941773872,0.9301634202421811,0.003612983449443714,0.5612182777756548,0.15733333333333335,0.2511111111111112,0.3008888888888889,0.5804444444444445,0.7457777777777779,0.772888888888889,0.6763313609467454,0.8224852071005918,0.842603550295858,-64.59568259413243,0.292,175.5,0.1,0.9,0.3985469802901396,0.07691193470653993,0.00125,0.29732014334158474,0.00382168066175327,0.7568888888888889,0.8094674556213018,0.4767089149966794,0.3947510363470132,0.12854004865630722,51.9,0.2544238404552144,0.04275483035483035,100.00173899173716,0.002875452985699929,0.6469769217824839,0.8509914155811161,0.00764850902240146,0.7544065345881268,0.13866666666666666,0.21644444444444444,0.2694444444444445,0.5706666666666667,0.6751111111111111,0.7422222222222222,0.6431952662721894,0.7426035502958579,0.7936390532544378,2.1346678500986194
481,92631,0.08372325623090726,-0.44008768987655467,0.3288888888888889,119,0.6134453781512605,0.05042016806722689,0.0,0.09243697478991597,0.008403361344537815,0.9955555555555555,1.0,0.6638655462184874,0.18487394957983194,0.15126050420168066,5.0,0.0,0.0671345029239766,80.24845418930046,0.004042999304124948,0.9096748434281131,0.9700028677195414,0.008403361344537815,0.8571428571428571,0.16444444444444445,0.29333333333333333,nan,0.6222222222222222,0.9955555555555555,nan,0.6449704142011834,1.0,nan,0.1580234497785568,0.1580234497785568,nan,nan,nan,nan,nan,nan,nan,nan,nan,nan,nan,nan,nan,nan,nan,nan,nan,nan,nan,nan,nan,nan,nan,nan,nan,nan,nan,nan,nan,nan,nan,nan,nan,nan,nan,nan,nan,nan,nan,nan,nan,nan,nan,nan,nan,nan,nan,nan,nan,nan,nan,nan,nan,nan,nan,nan,nan,nan,nan,nan,nan,nan,nan,nan,nan,nan,nan
482,92787,0.08151016564629973,-0.7251766648292521,0.38222222222222224,156,0.5448717948717948,0.07692307692307693,0.0,0.12179487179487179,0.00641025641025641,0.9466666666666667,1.0,0.6217948717948718,0.19230769230769232,0.1858974358974359,8.0,0.02564102564102564,0.06000000000000001,100.56358728408797,0.003756606023913718,0.8452363553805864,0.9784451797423844,0.019230769230769232,0.825,0.15555555555555556,0.27555555555555555,0.3688888888888889,0.4888888888888889,0.8044444444444444,0.9466666666666667,0.5384615384615384,0.8698224852071006,1.0,0.15239720344543456,0.15239720344543456,nan,nan,nan,nan,nan,nan,nan,nan,nan,nan,nan,nan,nan,nan,nan,nan,nan,nan,nan,nan,nan,nan,nan,nan,nan,nan,nan,nan,nan,nan,nan,nan,nan,nan,nan,nan,nan,nan,nan,nan,nan,nan,nan,nan,nan,nan,nan,nan,nan,nan,nan,nan,nan,nan,nan,nan,nan,nan,nan,nan,nan,nan,nan,nan,nan,nan,nan
483,92988,0.07866707571198606,-2.910114577054978,0.36444444444444446,201,0.40298507462686567,0.0845771144278607,0.0,0.22388059701492538,0.0,0.8533333333333334,0.9112426035502958,0.48756218905472637,0.23880597014925373,0.2736318407960199,24.0,0.1044776119402985,0.04,120.1344245433804,0.00299664314677767,0.6742447080249757,0.9661607270339293,0.014925373134328358,0.7543859649122807,0.13777777777777778,0.19111111111111112,0.28,0.5155555555555555,0.5422222222222223,0.7511111111111111,0.6094674556213018,0.6153846153846154,0.8402366863905325,0.1598386660218239,0.1598386660218239,nan,nan,nan,nan,nan,nan,nan,nan,nan,nan,nan,nan,nan,nan,nan,nan,nan,nan,nan,nan,nan,nan,nan,nan,nan,nan,nan,nan,nan,nan,nan,nan,nan,nan,nan,nan,nan,nan,nan,nan,nan,nan,nan,nan,nan,nan,nan,nan,nan,nan,nan,nan,nan,nan,nan,nan,nan,nan,nan,nan,nan,nan,nan,nan,nan,nan,nan
484,93174,0.07604455617946737,-1.5051905457973471,0.38222222222222224,186,0.45698924731182794,0.1774193548387097,0.0,0.10752688172043011,0.0,0.8844444444444445,0.9526627218934911,0.6344086021505376,0.16129032258064516,0.20430107526881722,17.0,0.17204301075268819,0.04722222222222222,120.42086234092686,0.0031371455944920958,0.7058577587607214,0.9825873079564498,0.0,0.5833333333333334,0.17777777777777778,0.28888888888888886,0.3688888888888889,0.7555555555555555,0.8311111111111111,0.8844444444444445,0.8875739644970414,0.9526627218934911,0.9526627218934911,0.16326851695775985,0.16326851695775985,nan,nan,nan,nan,nan,nan,nan,nan,nan,nan,nan,nan,nan,nan,nan,nan,nan,nan,nan,nan,nan,nan,nan,nan,nan,nan,nan,nan,nan,nan,nan,nan,nan,nan,nan,nan,nan,nan,nan,nan,nan,nan,nan,nan,nan,nan,nan,nan,nan,nan,nan,nan,nan,nan,nan,nan,nan,nan,nan,nan,nan,nan,nan,nan,nan,nan,nan
485,93363,0.07338798850982756,-7.536629894495011,0.23555555555555555,189,0.2751322751322751,0.14285714285714285,0.0,0.30158730158730157,0.0,0.7111111111111111,0.757396449704142,0.41798941798941797,0.31746031746031744,0.26455026455026454,25.0,0.24338624338624337,0.031507936507936506,100.1679037570951,0.002307237173212193,0.5191283639727434,0.9405170407700331,0.12169312169312169,0.6037735849056604,0.08444444444444445,0.12444444444444444,0.1688888888888889,0.3511111111111111,0.4577777777777778,0.5733333333333334,0.378698224852071,0.4970414201183432,0.650887573964497,0.17399416714906693,0.17399416714906693,nan,nan,nan,nan,nan,nan,nan,nan,nan,nan,nan,nan,nan,nan,nan,nan,nan,nan,nan,nan,nan,nan,nan,nan,nan,nan,nan,nan,nan,nan,nan,nan,nan,nan,nan,nan,nan,nan,nan,nan,nan,nan,nan,nan,nan,nan,nan,nan,nan,nan,nan,nan,nan,nan,nan,nan,nan,nan,nan,nan,nan,nan,nan,nan,nan,nan,nan
486,93505,0.07139750854089823,-2.971264819860458,0.29777777777777775,142,0.4647887323943662,0.1267605633802817,0.028169014084507043,0.13380281690140844,0.0,0.8311111111111111,0.9289940828402367,0.6197183098591549,0.1056338028169014,0.2746478873239437,29.0,0.20422535211267606,0.049237472766884526,100.08823637962327,0.002930747347977573,0.6594181532949539,0.9503450903358,0.007042253521126761,0.6764705882352942,0.1688888888888889,0.28,nan,0.6933333333333334,0.8311111111111111,nan,0.7810650887573964,0.9289940828402367,nan,0.15688380971550941,0.15688380971550941,nan,nan,nan,nan,nan,nan,nan,nan,nan,nan,nan,nan,nan,nan,nan,nan,nan,nan,nan,nan,nan,nan,nan,nan,nan,nan,nan,nan,nan,nan,nan,nan,nan,nan,nan,nan,nan,nan,nan,nan,nan,nan,nan,nan,nan,nan,nan,nan,nan,nan,nan,nan,nan,nan,nan,nan,nan,nan,nan,nan,nan,nan,nan,nan,nan,nan,nan
487,93682,0.0689229622281837,-2.6483496823310846,0.31555555555555553,177,0.3954802259887006,0.10734463276836158,0.0,0.22598870056497175,0.0,0.8444444444444444,0.9053254437869822,0.5028248587570622,0.1751412429378531,0.3220338983050847,17.0,0.1638418079096045,0.03888888888888889,100.10809221267675,0.0031077518733467076,0.6992441715030092,0.9729792778633191,0.0,0.6808510638297872,0.1511111111111111,0.24888888888888888,0.30666666666666664,0.6666666666666666,0.7911111111111111,0.8444444444444444,0.7692307692307693,0.8816568047337278,0.9053254437869822,0.14588565230369568,0.14588565230369568,nan,nan,nan,nan,nan,nan,nan,nan,nan,nan,nan,nan,nan,nan,nan,nan,nan,nan,nan,nan,nan,nan,nan,nan,nan,nan,nan,nan,nan,nan,nan,nan,nan,nan,nan,nan,nan,nan,nan,nan,nan,nan,nan,nan,nan,nan,nan,nan,nan,nan,nan,nan,nan,nan,nan,nan,nan,nan,nan,nan,nan,nan,nan,nan,nan,nan,nan
488,93829,0.0668733406631329,-1.0014547393321982,0.35555555555555557,147,0.5374149659863946,0.12244897959183673,0.0,0.08843537414965986,0.0,0.9022222222222223,0.9408284023668639,0.6598639455782312,0.17006802721088435,0.17006802721088435,18.0,0.08843537414965986,0.05912457912457913,100.18528323173497,0.0035046176422835348,0.7885389695137952,0.9811850647529391,0.006802721088435374,0.75,0.1688888888888889,0.29333333333333333,nan,0.6844444444444444,0.8533333333333334,nan,0.7751479289940828,0.9112426035502958,nan,0.15644799619913102,0.15644799619913102,nan,nan,nan,nan,nan,nan,nan,nan,nan,nan,nan,nan,nan,nan,nan,nan,nan,nan,nan,nan,nan,nan,nan,nan,nan,nan,nan,nan,nan,nan,nan,nan,nan,nan,nan,nan,nan,nan,nan,nan,nan,nan,nan,nan,nan,nan,nan,nan,nan,nan,nan,nan,nan,nan,nan,nan,nan,nan,nan,nan,nan,nan,nan,nan,nan,nan,nan
489,93987,0.06467591002676815,-1.3063918247222894,0.36444444444444446,158,0.5126582278481012,0.056962025316455694,0.0,0.15822784810126583,0.0,0.9155555555555556,0.9644970414201184,0.569620253164557,0.16455696202531644,0.26582278481012656,8.0,0.02531645569620253,0.05277777777777778,100.27039833068835,0.0035902919106068805,0.807815679886548,0.979052116736152,0.012658227848101266,0.8095238095238095,0.17333333333333334,0.26222222222222225,0.36,0.7688888888888888,0.8755555555555555,0.9155555555555556,0.8757396449704142,0.9585798816568047,0.9644970414201184,0.1624833293259144,0.1624833293259144,nan,nan,nan,nan,nan,nan,nan,nan,nan,nan,nan,nan,nan,nan,nan,nan,nan,nan,nan,nan,nan,nan,nan,nan,nan,nan,nan,nan,nan,nan,nan,nan,nan,nan,nan,nan,nan,nan,nan,nan,nan,nan,nan,nan,nan,nan,nan,nan,nan,nan,nan,nan,nan,nan,nan,nan,nan,nan,nan,nan,nan,nan,nan,nan,nan,nan,nan
490,94217,0.061487399253314506,-2.39059354496002,0.38222222222222224,230,0.3695652173913043,0.1608695652173913,0.0,0.18695652173913044,0.0,0.7511111111111111,0.8047337278106509,0.5304347826086957,0.11304347826086956,0.3565217391304348,23.0,0.1956521739130435,0.037777777777777785,130.00565280914265,0.0029058565501946434,0.6538177237937948,0.9755305770442902,0.008695652173913044,0.5384615384615384,0.16,0.26666666666666666,0.3288888888888889,0.6044444444444445,0.7244444444444444,0.7511111111111111,0.7100591715976331,0.7928994082840237,0.8047337278106509,0.16600405275821686,0.16600405275821686,nan,nan,nan,nan,nan,nan,nan,nan,nan,nan,nan,nan,nan,nan,nan,nan,nan,nan,nan,nan,nan,nan,nan,nan,nan,nan,nan,nan,nan,nan,nan,nan,nan,nan,nan,nan,nan,nan,nan,nan,nan,nan,nan,nan,nan,nan,nan,nan,nan,nan,nan,nan,nan,nan,nan,nan,nan,nan,nan,nan,nan,nan,nan,nan,nan,nan,nan
491,94467,0.05803541430732367,-1.067235904455186,0.4444444444444444,250,0.396,0.172,0.0,0.152,0.0,0.9333333333333333,0.9526627218934911,0.568,0.26,0.172,18.0,0.14,0.044,153.87843718528757,0.00285939997863501,0.6433649951928773,0.9847256724567279,0.004,0.6231884057971014,0.1688888888888889,0.27555555555555555,0.3333333333333333,0.6488888888888888,0.8266666666666667,0.8266666666666667,0.7218934911242604,0.8816568047337278,0.8816568047337278,0.16384730562567712,0.16384730562567712,nan,nan,nan,nan,nan,nan,nan,nan,nan,nan,nan,nan,nan,nan,nan,nan,nan,nan,nan,nan,nan,nan,nan,nan,nan,nan,nan,nan,nan,nan,nan,nan,nan,nan,nan,nan,nan,nan,nan,nan,nan,nan,nan,nan,nan,nan,nan,nan,nan,nan,nan,nan,nan,nan,nan,nan,nan,nan,nan,nan,nan,nan,nan,nan,nan,nan,nan
492,94602,0.05617729893635451,-3.2745127410888664,0.26222222222222225,135,0.42962962962962964,0.1111111111111111,0.0,0.2074074074074074,0.007407407407407408,0.7511111111111111,0.8402366863905325,0.5407407407407407,0.2962962962962963,0.16296296296296298,15.0,0.08148148148148149,0.04518518518518519,80.0905975341795,0.0032185772826550394,0.7241798885973837,0.9473294295671508,0.1111111111111111,0.7058823529411765,0.13777777777777778,0.21333333333333335,nan,0.5333333333333333,0.6622222222222223,nan,0.6627218934911243,0.757396449704142,nan,0.14394476562738417,0.14394476562738417,nan,nan,nan,nan,nan,nan,nan,nan,nan,nan,nan,nan,nan,nan,nan,nan,nan,nan,nan,nan,nan,nan,nan,nan,nan,nan,nan,nan,nan,nan,nan,nan,nan,nan,nan,nan,nan,nan,nan,nan,nan,nan,nan,nan,nan,nan,nan,nan,nan,nan,nan,nan,nan,nan,nan,nan,nan,nan,nan,nan,nan,nan,nan,nan,nan,nan,nan
493,94833,0.05300752149948201,-2.438505156993865,0.48444444444444446,231,0.4675324675324675,0.09523809523809523,0.008658008658008658,0.1471861471861472,0.0,0.9555555555555556,0.9822485207100592,0.5714285714285714,0.15151515151515152,0.27705627705627706,12.0,0.05194805194805195,0.049407407407407414,150.50004911422684,0.00318936772994465,0.7176077392375463,0.9961961919634618,0.0,0.7846153846153846,0.1688888888888889,0.27555555555555555,0.36,0.6622222222222223,0.7555555555555555,0.88,0.6923076923076923,0.7869822485207101,0.9289940828402367,0.17348649129271507,0.17348649129271507,nan,nan,nan,nan,nan,nan,nan,nan,nan,nan,nan,nan,nan,nan,nan,nan,nan,nan,nan,nan,nan,nan,nan,nan,nan,nan,nan,nan,nan,nan,nan,nan,nan,nan,nan,nan,nan,nan,nan,nan,nan,nan,nan,nan,nan,nan,nan,nan,nan,nan,nan,nan,nan,nan,nan,nan,nan,nan,nan,nan,nan,nan,nan,nan,nan,nan,nan
494,95045,0.050109171378259695,-3.0294439520835863,0.32,212,0.33490566037735847,0.19339622641509435,0.0,0.16981132075471697,0.0047169811320754715,0.72,0.757396449704142,0.5283018867924528,0.23113207547169812,0.24056603773584906,54.0,0.2783018867924528,0.035061728395061734,120.40422811508138,0.0026208012832734592,0.5896802887365282,0.9320532211339096,0.02358490566037736,0.5,0.16,0.24444444444444444,0.30666666666666664,0.5244444444444445,0.68,0.72,0.591715976331361,0.7396449704142012,0.757396449704142,0.16566622033715248,0.16566622033715248,nan,nan,nan,nan,nan,nan,nan,nan,nan,nan,nan,nan,nan,nan,nan,nan,nan,nan,nan,nan,nan,nan,nan,nan,nan,nan,nan,nan,nan,nan,nan,nan,nan,nan,nan,nan,nan,nan,nan,nan,nan,nan,nan,nan,nan,nan,nan,nan,nan,nan,nan,nan,nan,nan,nan,nan,nan,nan,nan,nan,nan,nan,nan,nan,nan,nan,nan
495,95193,0.051908144289740575,-1.0943043489456163,0.35555555555555557,148,0.5337837837837838,0.12162162162162163,0.0,0.08108108108108109,0.006756756756756757,0.8222222222222222,0.8994082840236687,0.6554054054054054,0.13513513513513514,0.20945945945945946,9.0,0.05405405405405406,0.05877616747181965,100.01242237091043,0.0035106750020408983,0.789901875459202,0.9872492173994754,0.0,0.7105263157894737,0.17333333333333334,0.28888888888888886,nan,0.5466666666666666,0.7688888888888888,nan,0.6331360946745562,0.863905325443787,nan,0.17224211990833282,0.17224211990833282,nan,nan,nan,nan,nan,nan,nan,nan,nan,nan,nan,nan,nan,nan,nan,nan,nan,nan,nan,nan,nan,nan,nan,nan,nan,nan,nan,nan,nan,nan,nan,nan,nan,nan,nan,nan,nan,nan,nan,nan,nan,nan,nan,nan,nan,nan,nan,nan,nan,nan,nan,nan,nan,nan,nan,nan,nan,nan,nan,nan,nan,nan,nan,nan,nan,nan,nan
496,95386,0.054531363682049055,-2.5778841338157648,0.3511111111111111,193,0.40414507772020725,0.15025906735751296,0.0,0.15544041450777202,0.0,0.9422222222222222,0.9644970414201184,0.5544041450777202,0.32124352331606215,0.12435233160621761,38.0,0.19689119170984457,0.04333333333333333,120.04651556014983,0.0028877695037551328,0.6497481383449049,0.9554247499822232,0.0051813471502590676,0.5178571428571429,0.15555555555555556,0.27555555555555555,0.3466666666666667,0.6444444444444445,0.9111111111111111,0.9422222222222222,0.7159763313609467,0.9644970414201184,0.9644970414201184,0.15776453018188477,0.15776453018188477,nan,nan,nan,nan,nan,nan,nan,nan,nan,nan,nan,nan,nan,nan,nan,nan,nan,nan,nan,nan,nan,nan,nan,nan,nan,nan,nan,nan,nan,nan,nan,nan,nan,nan,nan,nan,nan,nan,nan,nan,nan,nan,nan,nan,nan,nan,nan,nan,nan,nan,nan,nan,nan,nan,nan,nan,nan,nan,nan,nan,nan,nan,nan,nan,nan,nan,nan
497,95505,0.05614458343182216,-0.2875714695453626,0.3333333333333333,119,0.6218487394957983,0.05042016806722689,0.0,0.08403361344537816,0.008403361344537815,0.88,0.9171597633136095,0.6722689075630253,0.17647058823529413,0.15126050420168066,4.0,0.0,0.06830409356725145,80.08163304328902,0.0041069203560210165,0.9240570801047286,0.9897853533645057,0.008403361344537815,0.8620689655172413,0.1688888888888889,0.29333333333333333,nan,0.7111111111111111,0.88,nan,0.7455621301775148,0.9171597633136095,nan,0.1626163698732853,0.1626163698732853,nan,nan,nan,nan,nan,nan,nan,nan,nan,nan,nan,nan,nan,nan,nan,nan,nan,nan,nan,nan,nan,nan,nan,nan,nan,nan,nan,nan,nan,nan,nan,nan,nan,nan,nan,nan,nan,nan,nan,nan,nan,nan,nan,nan,nan,nan,nan,nan,nan,nan,nan,nan,nan,nan,nan,nan,nan,nan,nan,nan,nan,nan,nan,nan,nan,nan,nan
498,95656,0.05818700085235495,-2.6246866326332094,0.31555555555555553,151,0.46357615894039733,0.09933774834437085,0.0,0.17218543046357615,0.0,0.7688888888888888,0.8520710059171598,0.5629139072847682,0.2582781456953642,0.17880794701986755,14.0,0.12582781456953643,0.04444444444444444,100.17796792984001,0.003105584167259201,0.6987564376333202,0.9894422343969259,0.033112582781456956,0.6666666666666666,0.14222222222222222,0.25333333333333335,0.31555555555555553,0.5511111111111111,0.6711111111111111,0.7688888888888888,0.6153846153846154,0.7455621301775148,0.8520710059171598,0.17951385527849198,0.17951385527849198,nan,nan,nan,nan,nan,nan,nan,nan,nan,nan,nan,nan,nan,nan,nan,nan,nan,nan,nan,nan,nan,nan,nan,nan,nan,nan,nan,nan,nan,nan,nan,nan,nan,nan,nan,nan,nan,nan,nan,nan,nan,nan,nan,nan,nan,nan,nan,nan,nan,nan,nan,nan,nan,nan,nan,nan,nan,nan,nan,nan,nan,nan,nan,nan,nan,nan,nan
499,95880,0.06120733490451379,-4.1378953211307525,0.35555555555555557,224,0.35267857142857145,0.18303571428571427,0.0,0.16964285714285715,0.0,0.8622222222222222,0.9171597633136095,0.5357142857142857,0.15178571428571427,0.3125,73.0,0.3125,0.03901234567901235,140.70376496314998,0.002495392438170126,0.5614632985882783,0.8619339545309563,0.026785714285714284,0.45454545454545453,0.1511111111111111,0.27111111111111114,0.3511111111111111,0.5555555555555556,0.8622222222222222,0.8622222222222222,0.6035502958579881,0.9171597633136095,0.9171597633136095,0.1463904172182083,0.1463904172182083,nan,nan,nan,nan,nan,nan,nan,nan,nan,nan,nan,nan,nan,nan,nan,nan,nan,nan,nan,nan,nan,nan,nan,nan,nan,nan,nan,nan,nan,nan,nan,nan,nan,nan,nan,nan,nan,nan,nan,nan,nan,nan,nan,nan,nan,nan,nan,nan,nan,nan,nan,nan,nan,nan,nan,nan,nan,nan,nan,nan,nan,nan,nan,nan,nan,nan,nan
500,95985,0.06261922677967736,-0.7572974634170533,0.3244444444444444,105,0.6857142857142857,0.02857142857142857,0.0,0.02857142857142857,0.009523809523809525,0.8755555555555555,0.9289940828402367,0.7142857142857143,0.18095238095238095,0.10476190476190476,3.0,0.0,0.07466666666666663,80.40283298492417,0.003979959264121964,0.8954908344274419,0.990395846014883,0.0,1.0,0.17777777777777778,0.3111111111111111,nan,0.7466666666666667,0.8755555555555555,nan,0.834319526627219,0.9289940828402367,nan,0.16341075599193572,0.16341075599193572,-3.0442448824644086,0.29511111111111116,182.7,0.0,1.0,0.36496214124191423,0.1675043554349994,0.0,0.16215888825122093,0.0005263157894736842,0.7831111111111111,0.849112426035503,0.5324664966769136,0.2638060590788615,0.2037274442442249,57.8,0.3058960239918994,0.03936426792939398,109.80518935680364,0.002684690106261959,0.6040552739089408,0.8650057428859954,0.003486271746093566,0.5172236234403578,0.15466666666666667,0.23288888888888887,0.276,0.5804444444444444,0.712,0.7693333333333333,0.6597633136094674,0.7881656804733728,0.8455621301775148,-75.8271255585909,0.27555555555555555,184.7,0.1,0.9,0.37264466370349286,0.06490442426665886,0.0043062200956937805,0.3345011981725069,0.0036475503663003666,0.732,0.7934911242603551,0.4418553080658455,0.41325405892368483,0.14489063301046964,68.9,0.3155031272871355,0.0398037037037037,100.35167198657976,0.0027534606789974287,0.6195286527744213,0.7941025707614491,0.010526234547654913,0.7938335408898194,0.1368888888888889,0.21733333333333332,0.22349206349206346,0.5777777777777777,0.6986666666666668,0.6533333333333333,0.6550295857988166,0.7710059171597633,0.7210481825866442,2.0293780407626563
501,96090,0.06402864035161233,-0.9198594851493835,0.28888888888888886,105,0.6095238095238096,0.01904761904761905,0.0,0.10476190476190476,0.009523809523809525,0.8444444444444444,0.9408284023668639,0.6285714285714286,0.19047619047619047,0.18095238095238095,5.0,0.0,0.06755555555555552,70.28437604904161,0.004047050858728127,0.9105864432138285,0.9807916920297661,0.0,1.0,0.1511111111111111,0.27555555555555555,nan,0.5511111111111111,0.8133333333333334,nan,0.621301775147929,0.9349112426035503,nan,0.176840391010046,0.176840391010046,nan,nan,nan,nan,nan,nan,nan,nan,nan,nan,nan,nan,nan,nan,nan,nan,nan,nan,nan,nan,nan,nan,nan,nan,nan,nan,nan,nan,nan,nan,nan,nan,nan,nan,nan,nan,nan,nan,nan,nan,nan,nan,nan,nan,nan,nan,nan,nan,nan,nan,nan,nan,nan,nan,nan,nan,nan,nan,nan,nan,nan,nan,nan,nan,nan,nan,nan
502,96252,0.06619831016732652,-2.422337009906769,0.3022222222222222,162,0.41358024691358025,0.1419753086419753,0.0,0.16666666666666666,0.006172839506172839,0.7777777777777778,0.8461538461538461,0.5555555555555556,0.13580246913580246,0.30864197530864196,14.0,0.1111111111111111,0.04529100529100529,100.14606676101658,0.0029734345781984566,0.6690227800946527,0.9681919055173114,0.024691358024691357,0.6222222222222222,0.12444444444444444,0.21333333333333335,0.28444444444444444,0.4,0.5866666666666667,0.7644444444444445,0.4319526627218935,0.621301775147929,0.8284023668639053,0.1567401297390461,0.1567401297390461,nan,nan,nan,nan,nan,nan,nan,nan,nan,nan,nan,nan,nan,nan,nan,nan,nan,nan,nan,nan,nan,nan,nan,nan,nan,nan,nan,nan,nan,nan,nan,nan,nan,nan,nan,nan,nan,nan,nan,nan,nan,nan,nan,nan,nan,nan,nan,nan,nan,nan,nan,nan,nan,nan,nan,nan,nan,nan,nan,nan,nan,nan,nan,nan,nan,nan,nan
503,96443,0.06874882587712983,-0.5826504309177372,0.4444444444444444,191,0.518324607329843,0.08376963350785341,0.0,0.12041884816753927,0.0,0.9333333333333333,0.9526627218934911,0.6020942408376964,0.17277486910994763,0.225130890052356,12.0,0.05759162303664921,0.055312499999999994,120.3966707706448,0.003654586104280228,0.8222818734630514,0.9969330553003828,0.010471204188481676,0.7547169811320755,0.15555555555555556,0.28,0.4,0.6088888888888889,0.6666666666666666,0.8977777777777778,0.6745562130177515,0.7218934911242604,0.9526627218934911,0.16238924562931062,0.16238924562931062,nan,nan,nan,nan,nan,nan,nan,nan,nan,nan,nan,nan,nan,nan,nan,nan,nan,nan,nan,nan,nan,nan,nan,nan,nan,nan,nan,nan,nan,nan,nan,nan,nan,nan,nan,nan,nan,nan,nan,nan,nan,nan,nan,nan,nan,nan,nan,nan,nan,nan,nan,nan,nan,nan,nan,nan,nan,nan,nan,nan,nan,nan,nan,nan,nan,nan,nan
504,96662,0.07166320613092016,-1.3938904192447656,0.48,219,0.4885844748858447,0.091324200913242,0.0,0.1141552511415525,0.0045662100456621,0.9733333333333334,0.9881656804733728,0.5799086757990868,0.2465753424657534,0.1735159817351598,18.0,0.0639269406392694,0.05377517868745939,140.14181351661674,0.0033933880518762414,0.7635123116721543,0.9718176376521311,0.0,0.7878787878787878,0.1511111111111111,0.27111111111111114,0.3422222222222222,0.6,0.8488888888888889,0.9022222222222223,0.6863905325443787,0.9171597633136095,0.9467455621301775,0.1613406591117382,0.1613406591117382,nan,nan,nan,nan,nan,nan,nan,nan,nan,nan,nan,nan,nan,nan,nan,nan,nan,nan,nan,nan,nan,nan,nan,nan,nan,nan,nan,nan,nan,nan,nan,nan,nan,nan,nan,nan,nan,nan,nan,nan,nan,nan,nan,nan,nan,nan,nan,nan,nan,nan,nan,nan,nan,nan,nan,nan,nan,nan,nan,nan,nan,nan,nan,nan,nan,nan,nan
505,96891,0.07469923012270391,-3.611956429719924,0.3333333333333333,229,0.3231441048034934,0.18340611353711792,0.004366812227074236,0.18777292576419213,0.0,0.7422222222222222,0.834319526627219,0.5109170305676856,0.34934497816593885,0.13973799126637554,61.0,0.34934497816593885,0.03288888888888889,130.7900612354275,0.002514632119461091,0.5657922268787454,0.9408348131945853,0.008733624454148471,0.5217391304347826,0.14666666666666667,0.24888888888888888,0.3288888888888889,0.5422222222222223,0.68,0.7422222222222222,0.650887573964497,0.7514792899408284,0.834319526627219,0.1428764782845974,0.1428764782845974,nan,nan,nan,nan,nan,nan,nan,nan,nan,nan,nan,nan,nan,nan,nan,nan,nan,nan,nan,nan,nan,nan,nan,nan,nan,nan,nan,nan,nan,nan,nan,nan,nan,nan,nan,nan,nan,nan,nan,nan,nan,nan,nan,nan,nan,nan,nan,nan,nan,nan,nan,nan,nan,nan,nan,nan,nan,nan,nan,nan,nan,nan,nan,nan,nan,nan,nan
506,97049,0.07678715713602409,-1.6841201686859115,0.35555555555555557,158,0.5,0.08860759493670886,0.0,0.13291139240506328,0.0,0.8444444444444444,0.9053254437869822,0.5886075949367089,0.2974683544303797,0.11392405063291139,16.0,0.0759493670886076,0.05555555555555556,100.48685874938933,0.0034940997806167853,0.7861724506387766,0.9925849818021912,0.0,0.75,0.15555555555555556,0.28,0.3377777777777778,0.56,0.8177777777777778,0.8444444444444444,0.650887573964497,0.893491124260355,0.9053254437869822,0.16121453195810317,0.16121453195810317,nan,nan,nan,nan,nan,nan,nan,nan,nan,nan,nan,nan,nan,nan,nan,nan,nan,nan,nan,nan,nan,nan,nan,nan,nan,nan,nan,nan,nan,nan,nan,nan,nan,nan,nan,nan,nan,nan,nan,nan,nan,nan,nan,nan,nan,nan,nan,nan,nan,nan,nan,nan,nan,nan,nan,nan,nan,nan,nan,nan,nan,nan,nan,nan,nan,nan,nan
507,97205,0.07884322199181211,-1.5899661657810202,0.3422222222222222,156,0.48717948717948717,0.11538461538461539,0.0,0.14102564102564102,0.0,0.9066666666666666,0.9822485207100592,0.6025641025641025,0.14102564102564102,0.2564102564102564,17.0,0.11538461538461539,0.04825396825396825,100.13301110267638,0.0033732909263201973,0.7589904584220444,0.9943674380997414,0.00641025641025641,0.7,0.16444444444444445,0.27555555555555555,0.3422222222222222,0.5955555555555555,0.84,0.9066666666666666,0.7218934911242604,0.9585798816568047,0.9822485207100592,0.17556259036064148,0.17556259036064148,nan,nan,nan,nan,nan,nan,nan,nan,nan,nan,nan,nan,nan,nan,nan,nan,nan,nan,nan,nan,nan,nan,nan,nan,nan,nan,nan,nan,nan,nan,nan,nan,nan,nan,nan,nan,nan,nan,nan,nan,nan,nan,nan,nan,nan,nan,nan,nan,nan,nan,nan,nan,nan,nan,nan,nan,nan,nan,nan,nan,nan,nan,nan,nan,nan,nan,nan
508,97389,0.08126140016882037,-1.2034325301647184,0.41333333333333333,184,0.5,0.11956521739130435,0.0,0.11413043478260869,0.0,0.9111111111111111,0.9289940828402367,0.6195652173913043,0.2391304347826087,0.14130434782608695,9.0,0.03260869565217391,0.05308641975308642,120.23269076347327,0.003400812926105697,0.7651829083737817,0.9952245670845634,0.005434782608695652,0.6938775510204082,0.16,0.26666666666666666,0.37333333333333335,0.68,0.8311111111111111,0.9111111111111111,0.757396449704142,0.8816568047337278,0.9289940828402367,0.17828749269247054,0.17828749269247054,nan,nan,nan,nan,nan,nan,nan,nan,nan,nan,nan,nan,nan,nan,nan,nan,nan,nan,nan,nan,nan,nan,nan,nan,nan,nan,nan,nan,nan,nan,nan,nan,nan,nan,nan,nan,nan,nan,nan,nan,nan,nan,nan,nan,nan,nan,nan,nan,nan,nan,nan,nan,nan,nan,nan,nan,nan,nan,nan,nan,nan,nan,nan,nan,nan,nan,nan
509,97556,0.08344968588263024,-0.15065433382987892,0.4222222222222222,167,0.562874251497006,0.09580838323353294,0.0,0.08383233532934131,0.0,0.9511111111111111,0.9940828402366864,0.6586826347305389,0.19161676646706588,0.1497005988023952,6.0,0.011976047904191617,0.06147525676937442,110.17766032218908,0.0037918555953728125,0.8531675089588828,0.9929845935613544,0.011976047904191617,0.7441860465116279,0.17777777777777778,0.3111111111111111,0.39555555555555555,0.6933333333333334,0.8844444444444445,0.9511111111111111,0.8284023668639053,0.9526627218934911,0.9940828402366864,0.19226408302783965,0.19226408302783965,nan,nan,nan,nan,nan,nan,nan,nan,nan,nan,nan,nan,nan,nan,nan,nan,nan,nan,nan,nan,nan,nan,nan,nan,nan,nan,nan,nan,nan,nan,nan,nan,nan,nan,nan,nan,nan,nan,nan,nan,nan,nan,nan,nan,nan,nan,nan,nan,nan,nan,nan,nan,nan,nan,nan,nan,nan,nan,nan,nan,nan,nan,nan,nan,nan,nan,nan
510,97750,0.08598404914340646,-1.278623566150663,0.39111111111111113,194,0.4484536082474227,0.15463917525773196,0.0,0.10824742268041238,0.0,0.8,0.8816568047337278,0.6030927835051546,0.23711340206185566,0.15979381443298968,16.0,0.07216494845360824,0.04991228070175439,120.32974824905365,0.0032133921353043942,0.7230132304434886,0.9861855203933451,0.005154639175257732,0.6071428571428571,0.14666666666666667,0.2577777777777778,0.3333333333333333,0.49777777777777776,0.7333333333333333,0.76,0.5621301775147929,0.8165680473372781,0.834319526627219,0.17368437051773072,0.17368437051773072,nan,nan,nan,nan,nan,nan,nan,nan,nan,nan,nan,nan,nan,nan,nan,nan,nan,nan,nan,nan,nan,nan,nan,nan,nan,nan,nan,nan,nan,nan,nan,nan,nan,nan,nan,nan,nan,nan,nan,nan,nan,nan,nan,nan,nan,nan,nan,nan,nan,nan,nan,nan,nan,nan,nan,nan,nan,nan,nan,nan,nan,nan,nan,nan,nan,nan,nan
511,97880,0.08767770205843584,-1.9699534115791324,0.28888888888888886,130,0.49230769230769234,0.17692307692307693,0.0,0.06153846153846154,0.015384615384615385,0.6577777777777778,0.6863905325443787,0.6692307692307692,0.23076923076923078,0.1,19.0,0.12307692307692308,0.05037037037037035,90.2376515388487,0.0031521702924858005,0.7092383158093052,0.9954939504797932,0.007692307692307693,0.6,0.14666666666666667,0.26666666666666666,nan,0.4,0.6577777777777778,nan,0.4319526627218935,0.6863905325443787,nan,0.18695379346609114,0.18695379346609114,nan,nan,nan,nan,nan,nan,nan,nan,nan,nan,nan,nan,nan,nan,nan,nan,nan,nan,nan,nan,nan,nan,nan,nan,nan,nan,nan,nan,nan,nan,nan,nan,nan,nan,nan,nan,nan,nan,nan,nan,nan,nan,nan,nan,nan,nan,nan,nan,nan,nan,nan,nan,nan,nan,nan,nan,nan,nan,nan,nan,nan,nan,nan,nan,nan,nan,nan
512,98050,0.0898868822866235,-1.0661699764728538,0.44,170,0.5764705882352941,0.052941176470588235,0.0,0.08823529411764706,0.0,0.9911111111111112,1.0,0.6294117647058823,0.20588235294117646,0.16470588235294117,7.0,0.011764705882352941,0.06365079365079365,120.24923787116988,0.003622106578523117,0.8149739801677013,0.9982770987128621,0.011764705882352941,0.8541666666666666,0.14666666666666667,0.28888888888888886,0.4,0.5422222222222223,0.9022222222222223,0.9911111111111112,0.5976331360946746,0.9289940828402367,1.0,0.15913221389055252,0.15913221389055252,nan,nan,nan,nan,nan,nan,nan,nan,nan,nan,nan,nan,nan,nan,nan,nan,nan,nan,nan,nan,nan,nan,nan,nan,nan,nan,nan,nan,nan,nan,nan,nan,nan,nan,nan,nan,nan,nan,nan,nan,nan,nan,nan,nan,nan,nan,nan,nan,nan,nan,nan,nan,nan,nan,nan,nan,nan,nan,nan,nan,nan,nan,nan,nan,nan,nan,nan
513,98243,0.09238727927918508,-0.6032212579250323,0.4311111111111111,193,0.49740932642487046,0.09844559585492228,0.0,0.09326424870466321,0.0,0.9555555555555556,0.9763313609467456,0.5958549222797928,0.22797927461139897,0.17616580310880828,7.0,0.02072538860103627,0.05419753086419753,120.14496436119045,0.003551265497769707,0.7990347369981841,0.9917397792431907,0.0051813471502590676,0.8333333333333334,0.16,0.28888888888888886,0.3688888888888889,0.6533333333333333,0.9244444444444444,0.9466666666666667,0.7633136094674556,0.9763313609467456,0.9763313609467456,0.13983553722500802,0.13983553722500802,nan,nan,nan,nan,nan,nan,nan,nan,nan,nan,nan,nan,nan,nan,nan,nan,nan,nan,nan,nan,nan,nan,nan,nan,nan,nan,nan,nan,nan,nan,nan,nan,nan,nan,nan,nan,nan,nan,nan,nan,nan,nan,nan,nan,nan,nan,nan,nan,nan,nan,nan,nan,nan,nan,nan,nan,nan,nan,nan,nan,nan,nan,nan,nan,nan,nan,nan
514,98440,0.09493110383194531,-2.4199776692390444,0.3333333333333333,197,0.3756345177664975,0.23857868020304568,0.0,0.1065989847715736,0.0,0.7288888888888889,0.7751479289940828,0.6142131979695431,0.2436548223350254,0.14213197969543148,21.0,0.27918781725888325,0.04118686868686868,120.07597780227623,0.002739006543260931,0.6162764722337095,0.9829868938124627,0.015228426395939087,0.4727272727272727,0.18222222222222223,0.28,0.3244444444444444,0.6222222222222222,0.7155555555555555,0.7288888888888889,0.6686390532544378,0.7751479289940828,0.7751479289940828,0.17333552837371827,0.17333552837371827,nan,nan,nan,nan,nan,nan,nan,nan,nan,nan,nan,nan,nan,nan,nan,nan,nan,nan,nan,nan,nan,nan,nan,nan,nan,nan,nan,nan,nan,nan,nan,nan,nan,nan,nan,nan,nan,nan,nan,nan,nan,nan,nan,nan,nan,nan,nan,nan,nan,nan,nan,nan,nan,nan,nan,nan,nan,nan,nan,nan,nan,nan,nan,nan,nan,nan,nan
515,98636,0.09745362041622166,-0.35658850383758434,0.43555555555555553,196,0.49489795918367346,0.11734693877551021,0.0,0.11224489795918367,0.0,0.8666666666666667,0.8994082840236687,0.6122448979591837,0.25510204081632654,0.1326530612244898,11.0,0.05612244897959184,0.054629629629629625,120.29131908416716,0.003583892124497073,0.8063757280118414,0.9742852545543313,0.0,0.7169811320754716,0.16,0.29777777777777775,0.38222222222222224,0.6133333333333333,0.8177777777777778,0.8666666666666667,0.7159763313609467,0.8698224852071006,0.8994082840236687,0.15071960240602494,0.15071960240602494,nan,nan,nan,nan,nan,nan,nan,nan,nan,nan,nan,nan,nan,nan,nan,nan,nan,nan,nan,nan,nan,nan,nan,nan,nan,nan,nan,nan,nan,nan,nan,nan,nan,nan,nan,nan,nan,nan,nan,nan,nan,nan,nan,nan,nan,nan,nan,nan,nan,nan,nan,nan,nan,nan,nan,nan,nan,nan,nan,nan,nan,nan,nan,nan,nan,nan,nan
516,98819,0.0998012863322393,-1.3120779204368593,0.40444444444444444,183,0.4918032786885246,0.11475409836065574,0.0,0.08743169398907104,0.0,0.9644444444444444,0.9763313609467456,0.6065573770491803,0.19672131147540983,0.19672131147540983,22.0,0.09836065573770492,0.05,120.03883733749358,0.003332254867442488,0.7497573451745597,0.9800248897322322,0.0,0.6909090909090909,0.16444444444444445,0.28444444444444444,0.38222222222222224,0.6844444444444444,0.8933333333333333,0.9644444444444444,0.7218934911242604,0.9349112426035503,0.9763313609467456,0.14017895683646203,0.14017895683646203,nan,nan,nan,nan,nan,nan,nan,nan,nan,nan,nan,nan,nan,nan,nan,nan,nan,nan,nan,nan,nan,nan,nan,nan,nan,nan,nan,nan,nan,nan,nan,nan,nan,nan,nan,nan,nan,nan,nan,nan,nan,nan,nan,nan,nan,nan,nan,nan,nan,nan,nan,nan,nan,nan,nan,nan,nan,nan,nan,nan,nan,nan,nan,nan,nan,nan,nan
517,99000,0.1021161481885855,-2.0709858906269063,0.4088888888888889,181,0.5027624309392266,0.0718232044198895,0.0,0.13812154696132597,0.0,0.9955555555555555,1.0,0.574585635359116,0.2154696132596685,0.20994475138121546,8.0,0.03314917127071823,0.052314814814814835,120.23796086311319,0.0033637001288211355,0.7568325289847554,0.9951454162627605,0.016574585635359115,0.8461538461538461,0.15555555555555556,0.27111111111111114,0.37777777777777777,0.6222222222222222,0.8666666666666667,0.9688888888888889,0.6449704142011834,0.9171597633136095,0.9881656804733728,0.1505084902048111,0.1505084902048111,nan,nan,nan,nan,nan,nan,nan,nan,nan,nan,nan,nan,nan,nan,nan,nan,nan,nan,nan,nan,nan,nan,nan,nan,nan,nan,nan,nan,nan,nan,nan,nan,nan,nan,nan,nan,nan,nan,nan,nan,nan,nan,nan,nan,nan,nan,nan,nan,nan,nan,nan,nan,nan,nan,nan,nan,nan,nan,nan,nan,nan,nan,nan,nan,nan,nan,nan
518,99224,0.10497113331547137,-2.398781159162521,0.40444444444444444,224,0.4017857142857143,0.17857142857142858,0.0,0.09821428571428571,0.0,0.8844444444444445,0.9289940828402367,0.5803571428571429,0.20535714285714285,0.21428571428571427,31.0,0.17857142857142858,0.044588477366255146,140.04553484916684,0.0028562138766567015,0.6426481222477578,0.9915753757817963,0.008928571428571428,0.5555555555555556,0.17333333333333334,0.28444444444444444,0.3111111111111111,0.68,0.8533333333333334,0.8533333333333334,0.7514792899408284,0.9171597633136095,0.9171597633136095,0.15155550986528396,0.15155550986528396,nan,nan,nan,nan,nan,nan,nan,nan,nan,nan,nan,nan,nan,nan,nan,nan,nan,nan,nan,nan,nan,nan,nan,nan,nan,nan,nan,nan,nan,nan,nan,nan,nan,nan,nan,nan,nan,nan,nan,nan,nan,nan,nan,nan,nan,nan,nan,nan,nan,nan,nan,nan,nan,nan,nan,nan,nan,nan,nan,nan,nan,nan,nan,nan,nan,nan,nan
519,99361,0.10671192329715479,-1.0272175650596613,0.37333333333333335,137,0.6058394160583942,0.058394160583941604,0.0,0.08759124087591241,0.0,0.96,0.9940828402366864,0.6642335766423357,0.22627737226277372,0.10948905109489052,6.0,0.014598540145985401,0.06549382716049383,100.00207204818724,0.003688812454917286,0.8299828023563893,0.9926391520552024,0.0,0.7941176470588235,0.17333333333333334,0.28888888888888886,nan,0.6933333333333334,0.8755555555555555,nan,0.7337278106508875,0.8994082840236687,nan,0.14176987037062644,0.14176987037062644,nan,nan,nan,nan,nan,nan,nan,nan,nan,nan,nan,nan,nan,nan,nan,nan,nan,nan,nan,nan,nan,nan,nan,nan,nan,nan,nan,nan,nan,nan,nan,nan,nan,nan,nan,nan,nan,nan,nan,nan,nan,nan,nan,nan,nan,nan,nan,nan,nan,nan,nan,nan,nan,nan,nan,nan,nan,nan,nan,nan,nan,nan,nan,nan,nan,nan,nan
520,99550,0.10910681463092675,-0.9983583905696851,0.4177777777777778,189,0.49206349206349204,0.1111111111111111,0.0,0.10052910052910052,0.0,0.9466666666666667,0.9822485207100592,0.6031746031746031,0.15873015873015872,0.23809523809523808,10.0,0.042328042328042326,0.053849206349206355,120.27960371971102,0.00343643743869101,0.7731984237054771,0.9851335155783705,0.010582010582010581,0.7678571428571429,0.16444444444444445,0.23555555555555555,0.35555555555555557,0.5688888888888889,0.5777777777777777,0.9288888888888889,0.5976331360946746,0.5976331360946746,0.9704142011834319,0.19587707221508027,0.19587707221508027,-30.381918733572952,0.33866666666666667,159.7,0.1,0.9,0.49737439853372745,0.10508983116778807,0.0,0.1506920459973015,0.0007407407407407408,0.8151111111111111,0.8644970414201183,0.6024642297015156,0.2714864279168463,0.12604934238163815,33.1,0.15282017313034607,0.05525575004705439,99.37351174831369,0.003345225124385695,0.7526756529867813,0.9231215319333959,0.001346938775510204,0.7320704983177316,0.1608888888888889,0.26222222222222225,0.3111111111111111,0.6173333333333334,0.7493333333333333,0.7785185185185185,0.7100591715976331,0.8272189349112425,0.816568047337278,-37.058518299794194,0.3373333333333333,173.8,0.1,0.9,0.4733275836886192,0.09380568988721737,0.0,0.18672701959626098,0.004239210984271309,0.828,0.8775147928994084,0.5671332735758365,0.30019267971186864,0.13267404671229477,40.4,0.17878752512605622,0.050734747807211565,103.76398380756359,0.0032688724938840104,0.7354963111239023,0.903778077670322,0.005704757561939504,0.7290859534196243,0.1497777777777778,0.25580246913580246,0.3250793650793651,0.5737777777777777,0.7674074074074074,0.8012698412698412,0.650887573964497,0.8284023668639054,0.8537616229923922,2.152832741617357
521,99709,0.11111561677324439,-0.5551612493991843,0.36444444444444446,159,0.5094339622641509,0.11949685534591195,0.0,0.0880503144654088,0.0,0.8044444444444444,0.863905325443787,0.6289308176100629,0.1949685534591195,0.1761006289308176,11.0,0.050314465408805034,0.0525573192239859,100.48724999427775,0.003582544054300424,0.8060724122175953,0.9923550757885294,0.0,0.6666666666666666,0.16444444444444445,0.28444444444444444,0.36,0.56,0.7244444444444444,0.8044444444444444,0.6982248520710059,0.8165680473372781,0.863905325443787,0.16013978719711303,0.16013978719711303,nan,nan,nan,nan,nan,nan,nan,nan,nan,nan,nan,nan,nan,nan,nan,nan,nan,nan,nan,nan,nan,nan,nan,nan,nan,nan,nan,nan,nan,nan,nan,nan,nan,nan,nan,nan,nan,nan,nan,nan,nan,nan,nan,nan,nan,nan,nan,nan,nan,nan,nan,nan,nan,nan,nan,nan,nan,nan,nan,nan,nan,nan,nan,nan,nan,nan,nan
522,99891,0.11340834404216021,-0.4547578916549673,0.4266666666666667,182,0.521978021978022,0.14835164835164835,0.0,0.06593406593406594,0.0,0.8844444444444445,0.9408284023668639,0.6703296703296703,0.14835164835164835,0.1813186813186813,10.0,0.04945054945054945,0.05277777777777778,120.59769420623759,0.0035010803896479803,0.7877430876707955,0.9912405351315156,0.0,0.6458333333333334,0.17777777777777778,0.30666666666666664,0.38222222222222224,0.6977777777777778,0.8577777777777778,0.8844444444444445,0.7869822485207101,0.9408284023668639,0.9408284023668639,0.17022348046302796,0.17022348046302796,nan,nan,nan,nan,nan,nan,nan,nan,nan,nan,nan,nan,nan,nan,nan,nan,nan,nan,nan,nan,nan,nan,nan,nan,nan,nan,nan,nan,nan,nan,nan,nan,nan,nan,nan,nan,nan,nan,nan,nan,nan,nan,nan,nan,nan,nan,nan,nan,nan,nan,nan,nan,nan,nan,nan,nan,nan,nan,nan,nan,nan,nan,nan,nan,nan,nan,nan
523,100053,0.11544315888028545,-0.5795667533874481,0.37777777777777777,162,0.5185185185185185,0.06790123456790123,0.0,0.10493827160493827,0.0,0.8888888888888888,0.9349112426035503,0.5864197530864198,0.22839506172839505,0.18518518518518517,4.0,0.0,0.05608465608465608,100.64349288940404,0.003709463201397282,0.8346292203143885,0.9888806827947485,0.012345679012345678,0.84,0.15555555555555556,0.27555555555555555,0.36,0.6888888888888889,0.8488888888888889,0.8888888888888888,0.8224852071005917,0.9112426035502958,0.9349112426035503,0.14754096493124963,0.14754096493124963,nan,nan,nan,nan,nan,nan,nan,nan,nan,nan,nan,nan,nan,nan,nan,nan,nan,nan,nan,nan,nan,nan,nan,nan,nan,nan,nan,nan,nan,nan,nan,nan,nan,nan,nan,nan,nan,nan,nan,nan,nan,nan,nan,nan,nan,nan,nan,nan,nan,nan,nan,nan,nan,nan,nan,nan,nan,nan,nan,nan,nan,nan,nan,nan,nan,nan,nan
524,100171,0.11692177864876006,-0.4654378764629352,0.3244444444444444,118,0.6101694915254238,0.07627118644067797,0.0,0.059322033898305086,0.00847457627118644,0.9333333333333333,0.9704142011834319,0.6864406779661016,0.17796610169491525,0.13559322033898305,9.0,0.03389830508474576,0.06711111111111111,80.78512263298026,0.003961125385101056,0.8912532116477376,0.9822523507960664,0.0,0.8333333333333334,0.15555555555555556,0.28444444444444444,nan,0.5333333333333333,0.8533333333333334,nan,0.6035502958579881,0.9171597633136095,nan,0.14516137391328812,0.14516137391328812,nan,nan,nan,nan,nan,nan,nan,nan,nan,nan,nan,nan,nan,nan,nan,nan,nan,nan,nan,nan,nan,nan,nan,nan,nan,nan,nan,nan,nan,nan,nan,nan,nan,nan,nan,nan,nan,nan,nan,nan,nan,nan,nan,nan,nan,nan,nan,nan,nan,nan,nan,nan,nan,nan,nan,nan,nan,nan,nan,nan,nan,nan,nan,nan,nan,nan,nan
525,100296,0.11848487402175162,-2.3238501214981078,0.32,125,0.568,0.048,0.0,0.168,0.008,0.8888888888888888,0.9053254437869822,0.616,0.152,0.232,10.0,0.048,0.0631111111111111,91.03666782379138,0.003466246767361237,0.7799055226562782,0.9735218755544959,0.0,0.8518518518518519,0.14222222222222222,0.28,nan,0.5822222222222222,0.84,nan,0.6094674556213018,0.8816568047337278,nan,0.14669191762804984,0.14669191762804984,nan,nan,nan,nan,nan,nan,nan,nan,nan,nan,nan,nan,nan,nan,nan,nan,nan,nan,nan,nan,nan,nan,nan,nan,nan,nan,nan,nan,nan,nan,nan,nan,nan,nan,nan,nan,nan,nan,nan,nan,nan,nan,nan,nan,nan,nan,nan,nan,nan,nan,nan,nan,nan,nan,nan,nan,nan,nan,nan,nan,nan,nan,nan,nan,nan,nan,nan
526,100519,0.12126517680575666,-2.8493183536529525,0.38666666666666666,223,0.38565022421524664,0.18385650224215247,0.0,0.10762331838565023,0.0,0.8533333333333334,0.9289940828402367,0.5695067264573991,0.17488789237668162,0.2556053811659193,20.0,0.19730941704035873,0.04251207729468599,140.2982700347899,0.002724354492236021,0.6129797607531047,0.9836078691524597,0.0,0.5694444444444444,0.1688888888888889,0.26666666666666666,0.3422222222222222,0.7511111111111111,0.7733333333333333,0.8266666666666667,0.8757396449704142,0.8875739644970414,0.9112426035502958,0.16381597593426706,0.16381597593426706,nan,nan,nan,nan,nan,nan,nan,nan,nan,nan,nan,nan,nan,nan,nan,nan,nan,nan,nan,nan,nan,nan,nan,nan,nan,nan,nan,nan,nan,nan,nan,nan,nan,nan,nan,nan,nan,nan,nan,nan,nan,nan,nan,nan,nan,nan,nan,nan,nan,nan,nan,nan,nan,nan,nan,nan,nan,nan,nan,nan,nan,nan,nan,nan,nan,nan,nan
527,100712,0.1236629221921609,-1.453797916889188,0.40444444444444444,193,0.46632124352331605,0.09844559585492228,0.0,0.12435233160621761,0.0,0.9911111111111112,1.0,0.5647668393782384,0.22279792746113988,0.21243523316062177,8.0,0.04145077720207254,0.05064814814814815,120.24569444656352,0.0033265224325995115,0.74846754733489,0.9921842685573199,0.010362694300518135,0.7627118644067796,0.14222222222222222,0.25333333333333335,0.36444444444444446,0.6,0.9644444444444444,0.9911111111111112,0.6449704142011834,1.0,1.0,0.16334967464208602,0.16334967464208602,nan,nan,nan,nan,nan,nan,nan,nan,nan,nan,nan,nan,nan,nan,nan,nan,nan,nan,nan,nan,nan,nan,nan,nan,nan,nan,nan,nan,nan,nan,nan,nan,nan,nan,nan,nan,nan,nan,nan,nan,nan,nan,nan,nan,nan,nan,nan,nan,nan,nan,nan,nan,nan,nan,nan,nan,nan,nan,nan,nan,nan,nan,nan,nan,nan,nan,nan
528,100830,0.12512501307454027,-1.0828663735389716,0.29333333333333333,118,0.5508474576271186,0.1016949152542373,0.0,0.05084745762711865,0.00847457627118644,0.7688888888888888,0.8284023668639053,0.652542372881356,0.19491525423728814,0.15254237288135594,12.0,0.059322033898305086,0.0605432098765432,80.23682260513299,0.0036004527536015346,0.8101018695603452,1.0,0.0,0.7714285714285715,0.14222222222222222,0.2577777777777778,nan,0.5955555555555555,0.7688888888888888,nan,0.6272189349112426,0.8284023668639053,nan,0.1580868422985077,0.1580868422985077,nan,nan,nan,nan,nan,nan,nan,nan,nan,nan,nan,nan,nan,nan,nan,nan,nan,nan,nan,nan,nan,nan,nan,nan,nan,nan,nan,nan,nan,nan,nan,nan,nan,nan,nan,nan,nan,nan,nan,nan,nan,nan,nan,nan,nan,nan,nan,nan,nan,nan,nan,nan,nan,nan,nan,nan,nan,nan,nan,nan,nan,nan,nan,nan,nan,nan,nan
529,100974,0.12690526991696957,-0.6202411382198324,0.38222222222222224,144,0.5902777777777778,0.0625,0.0,0.0763888888888889,0.0,0.9244444444444444,0.9526627218934911,0.6527777777777778,0.20833333333333334,0.1388888888888889,5.0,0.0,0.06530214424951267,100.01182036399827,0.0037773312834706516,0.8498995387808965,0.9597249782545492,0.0,0.8461538461538461,0.16,0.28888888888888886,nan,0.5244444444444445,0.8311111111111111,nan,0.5857988165680473,0.8816568047337278,nan,0.16802948489785194,0.16802948489785194,nan,nan,nan,nan,nan,nan,nan,nan,nan,nan,nan,nan,nan,nan,nan,nan,nan,nan,nan,nan,nan,nan,nan,nan,nan,nan,nan,nan,nan,nan,nan,nan,nan,nan,nan,nan,nan,nan,nan,nan,nan,nan,nan,nan,nan,nan,nan,nan,nan,nan,nan,nan,nan,nan,nan,nan,nan,nan,nan,nan,nan,nan,nan,nan,nan,nan,nan
530,101224,0.12555275665105092,-1.3073715701103226,0.48444444444444446,250,0.432,0.104,0.008,0.192,0.0,0.9333333333333333,0.9526627218934911,0.544,0.248,0.208,33.0,0.204,0.048,152.21306257247892,0.0031534744251758263,0.7095317456645609,0.9733208654277195,0.004,0.676923076923077,0.17777777777777778,0.3022222222222222,0.38666666666666666,0.7377777777777778,0.8355555555555556,0.9333333333333333,0.8047337278106509,0.9171597633136095,0.9526627218934911,0.16286710500717164,0.16286710500717164,nan,nan,nan,nan,nan,nan,nan,nan,nan,nan,nan,nan,nan,nan,nan,nan,nan,nan,nan,nan,nan,nan,nan,nan,nan,nan,nan,nan,nan,nan,nan,nan,nan,nan,nan,nan,nan,nan,nan,nan,nan,nan,nan,nan,nan,nan,nan,nan,nan,nan,nan,nan,nan,nan,nan,nan,nan,nan,nan,nan,nan,nan,nan,nan,nan,nan,nan
531,101404,0.12310993411314687,-1.8955538129806506,0.38222222222222224,180,0.4722222222222222,0.1388888888888889,0.005555555555555556,0.1111111111111111,0.0,0.7733333333333333,0.8165680473372781,0.6166666666666667,0.22777777777777777,0.15555555555555556,11.0,0.06666666666666667,0.04722222222222222,120.10051250457748,0.0031455134528537445,0.7077405268920924,0.993246983613201,0.0,0.7346938775510204,0.17333333333333334,0.28888888888888886,0.36,0.6533333333333333,0.7733333333333333,0.7733333333333333,0.7218934911242604,0.8165680473372781,0.8165680473372781,0.1678497724235058,0.1678497724235058,nan,nan,nan,nan,nan,nan,nan,nan,nan,nan,nan,nan,nan,nan,nan,nan,nan,nan,nan,nan,nan,nan,nan,nan,nan,nan,nan,nan,nan,nan,nan,nan,nan,nan,nan,nan,nan,nan,nan,nan,nan,nan,nan,nan,nan,nan,nan,nan,nan,nan,nan,nan,nan,nan,nan,nan,nan,nan,nan,nan,nan,nan,nan,nan,nan,nan,nan
532,101587,0.1206337308348202,-2.7255719428062424,0.3422222222222222,183,0.41530054644808745,0.17486338797814208,0.0,0.12568306010928962,0.0,0.8355555555555556,0.9053254437869822,0.5901639344262295,0.20765027322404372,0.20218579234972678,28.0,0.18032786885245902,0.04458333333333333,120.26258993148777,0.0028086687470326886,0.6319504680823549,0.9791008352036763,0.00546448087431694,0.5882352941176471,0.16444444444444445,0.28,0.3111111111111111,0.6355555555555555,0.8,0.8355555555555556,0.7041420118343196,0.8875739644970414,0.9053254437869822,0.16942620128393174,0.16942620128393174,nan,nan,nan,nan,nan,nan,nan,nan,nan,nan,nan,nan,nan,nan,nan,nan,nan,nan,nan,nan,nan,nan,nan,nan,nan,nan,nan,nan,nan,nan,nan,nan,nan,nan,nan,nan,nan,nan,nan,nan,nan,nan,nan,nan,nan,nan,nan,nan,nan,nan,nan,nan,nan,nan,nan,nan,nan,nan,nan,nan,nan,nan,nan,nan,nan,nan,nan
533,101787,0.11793593380636251,-1.6633121857643107,0.38666666666666666,200,0.43,0.135,0.0,0.14,0.0,0.8133333333333334,0.8757396449704142,0.565,0.205,0.23,24.0,0.145,0.04777777777777777,120.22202081680261,0.0031793029232528225,0.7153431577318851,0.9840577739393583,0.0,0.6440677966101694,0.16444444444444445,0.2577777777777778,0.3288888888888889,0.56,0.7822222222222223,0.7866666666666666,0.6153846153846154,0.8520710059171598,0.8579881656804734,0.13538332059979438,0.13538332059979438,nan,nan,nan,nan,nan,nan,nan,nan,nan,nan,nan,nan,nan,nan,nan,nan,nan,nan,nan,nan,nan,nan,nan,nan,nan,nan,nan,nan,nan,nan,nan,nan,nan,nan,nan,nan,nan,nan,nan,nan,nan,nan,nan,nan,nan,nan,nan,nan,nan,nan,nan,nan,nan,nan,nan,nan,nan,nan,nan,nan,nan,nan,nan,nan,nan,nan,nan
534,101975,0.11540801907088287,0.062455700397491265,0.4622222222222222,188,0.5478723404255319,0.09042553191489362,0.0,0.09042553191489362,0.0,0.9733333333333334,0.9940828402366864,0.6382978723404256,0.2393617021276596,0.12234042553191489,11.0,0.031914893617021274,0.05927350427350428,120.37661237716647,0.0038028797183913025,0.8556479366380431,0.9899621498676722,0.015957446808510637,0.8235294117647058,0.16444444444444445,0.28444444444444444,0.39111111111111113,0.6533333333333333,0.8622222222222222,0.9555555555555556,0.7337278106508875,0.8994082840236687,0.9822485207100592,0.15911820307374,0.15911820307374,nan,nan,nan,nan,nan,nan,nan,nan,nan,nan,nan,nan,nan,nan,nan,nan,nan,nan,nan,nan,nan,nan,nan,nan,nan,nan,nan,nan,nan,nan,nan,nan,nan,nan,nan,nan,nan,nan,nan,nan,nan,nan,nan,nan,nan,nan,nan,nan,nan,nan,nan,nan,nan,nan,nan,nan,nan,nan,nan,nan,nan,nan,nan,nan,nan,nan,nan
535,102134,0.11327609686952864,-1.1189546551704386,0.35555555555555557,159,0.4968553459119497,0.09433962264150944,0.0,0.1320754716981132,0.0,0.8222222222222222,0.8698224852071006,0.5911949685534591,0.2138364779874214,0.1949685534591195,15.0,0.0880503144654088,0.05693121693121693,100.33290147781344,0.0034994613525529527,0.7873788043244142,0.9643274380240044,0.006289308176100629,0.7272727272727273,0.1688888888888889,0.26222222222222225,0.3288888888888889,0.5866666666666667,0.7377777777777778,0.7822222222222223,0.6272189349112426,0.8284023668639053,0.8579881656804734,0.15214572176337243,0.15214572176337243,nan,nan,nan,nan,nan,nan,nan,nan,nan,nan,nan,nan,nan,nan,nan,nan,nan,nan,nan,nan,nan,nan,nan,nan,nan,nan,nan,nan,nan,nan,nan,nan,nan,nan,nan,nan,nan,nan,nan,nan,nan,nan,nan,nan,nan,nan,nan,nan,nan,nan,nan,nan,nan,nan,nan,nan,nan,nan,nan,nan,nan,nan,nan,nan,nan,nan,nan
536,102278,0.1113500727735651,-3.4634738588333187,0.27555555555555555,144,0.4236111111111111,0.13194444444444445,0.0,0.1736111111111111,0.0,0.8444444444444444,0.9230769230769231,0.5555555555555556,0.19444444444444445,0.25,14.0,0.1111111111111111,0.04752436647173489,100.61403675079335,0.0026945654887360775,0.6062772349656174,0.9877961158827728,0.020833333333333332,0.717948717948718,0.10222222222222223,0.1688888888888889,nan,0.41333333333333333,0.5244444444444445,nan,0.4556213017751479,0.5739644970414202,nan,0.14000697210431098,0.14000697210431098,nan,nan,nan,nan,nan,nan,nan,nan,nan,nan,nan,nan,nan,nan,nan,nan,nan,nan,nan,nan,nan,nan,nan,nan,nan,nan,nan,nan,nan,nan,nan,nan,nan,nan,nan,nan,nan,nan,nan,nan,nan,nan,nan,nan,nan,nan,nan,nan,nan,nan,nan,nan,nan,nan,nan,nan,nan,nan,nan,nan,nan,nan,nan,nan,nan,nan,nan
537,102504,0.10833641303113342,-2.9533051698207844,0.4666666666666667,226,0.46017699115044247,0.10176991150442478,0.004424778761061947,0.18584070796460178,0.0,0.9244444444444444,0.9408284023668639,0.5663716814159292,0.24336283185840707,0.1902654867256637,19.0,0.12831858407079647,0.05688888888888897,140.45052542686432,0.0032909967464871577,0.7404742679596104,0.9570637553402783,0.008849557522123894,0.6785714285714286,0.16444444444444445,0.27111111111111114,0.3688888888888889,0.6844444444444444,0.7333333333333333,0.9111111111111111,0.7041420118343196,0.7633136094674556,0.9230769230769231,0.1651868626475334,0.1651868626475334,nan,nan,nan,nan,nan,nan,nan,nan,nan,nan,nan,nan,nan,nan,nan,nan,nan,nan,nan,nan,nan,nan,nan,nan,nan,nan,nan,nan,nan,nan,nan,nan,nan,nan,nan,nan,nan,nan,nan,nan,nan,nan,nan,nan,nan,nan,nan,nan,nan,nan,nan,nan,nan,nan,nan,nan,nan,nan,nan,nan,nan,nan,nan,nan,nan,nan,nan
538,102706,0.1056522032852768,-1.4894751105308526,0.4,202,0.4405940594059406,0.10891089108910891,0.0,0.15346534653465346,0.0,0.9511111111111111,0.9763313609467456,0.5495049504950495,0.24752475247524752,0.20297029702970298,14.0,0.13366336633663367,0.04962962962962966,120.21404867172213,0.003290427033496975,0.7403460825368193,0.9761038710185381,0.0,0.6949152542372882,0.13777777777777778,0.2577777777777778,0.3511111111111111,0.52,0.7422222222222222,0.9333333333333333,0.5739644970414202,0.8106508875739645,0.9763313609467456,0.19197470769286157,0.19197470769286157,nan,nan,nan,nan,nan,nan,nan,nan,nan,nan,nan,nan,nan,nan,nan,nan,nan,nan,nan,nan,nan,nan,nan,nan,nan,nan,nan,nan,nan,nan,nan,nan,nan,nan,nan,nan,nan,nan,nan,nan,nan,nan,nan,nan,nan,nan,nan,nan,nan,nan,nan,nan,nan,nan,nan,nan,nan,nan,nan,nan,nan,nan,nan,nan,nan,nan,nan
539,102865,0.10354562047852985,0.16681762552261725,0.4088888888888889,159,0.5723270440251572,0.05660377358490566,0.0,0.08176100628930817,0.0,0.9688888888888889,1.0,0.6289308176100629,0.20125786163522014,0.16981132075471697,9.0,0.031446540880503145,0.06342151675485011,100.65887975692718,0.004017970847888472,0.9040434407749062,0.9918155384449638,0.0,0.8260869565217391,0.16444444444444445,0.27111111111111114,0.38666666666666666,0.6888888888888889,0.7955555555555556,0.9688888888888889,0.7869822485207101,0.8698224852071006,1.0,0.17799462825059892,0.17799462825059892,nan,nan,nan,nan,nan,nan,nan,nan,nan,nan,nan,nan,nan,nan,nan,nan,nan,nan,nan,nan,nan,nan,nan,nan,nan,nan,nan,nan,nan,nan,nan,nan,nan,nan,nan,nan,nan,nan,nan,nan,nan,nan,nan,nan,nan,nan,nan,nan,nan,nan,nan,nan,nan,nan,nan,nan,nan,nan,nan,nan,nan,nan,nan,nan,nan,nan,nan
540,103017,0.10153690497989386,-0.1019928867816926,0.38222222222222224,152,0.5592105263157895,0.11842105263157894,0.0,0.039473684210526314,0.0,0.9022222222222223,0.9230769230769231,0.6776315789473685,0.17763157894736842,0.14473684210526316,8.0,0.02631578947368421,0.053968253968253964,100.57136082649208,0.0037563156615681905,0.8451710238528428,0.9745884739461314,0.0,0.7674418604651163,0.16,0.29333333333333333,0.38222222222222224,0.5688888888888889,0.8488888888888889,0.9022222222222223,0.6094674556213018,0.8698224852071006,0.9230769230769231,0.12666212320327758,0.12666212320327758,-0.6193795145750041,0.4191111111111111,172.7,0.0,1.0,0.5422974400038905,0.12860936092873404,0.0005319148936170213,0.06221907175161932,0.0011812655429676705,0.9017777777777779,0.9414201183431953,0.6714387158262415,0.17322648472024313,0.15533479945351528,12.5,0.06852161606639674,0.058206053931544134,116.78266204357121,0.0035791095313199737,0.8052996445469942,0.9786202605128146,0.0012030558332143367,0.6922528345816797,0.16977777777777778,0.2991111111111111,0.37777777777777777,0.6551111111111112,0.8253333333333333,0.8750617283950617,0.7266272189349111,0.8887573964497042,0.9296515450361604,-0.5795484078407285,0.36888888888888893,151.4,0.0,1.0,0.554158848165442,0.13579978972826945,0.0,0.050174894967449514,0.003767976017117894,0.8546666666666667,0.9088757396449705,0.6899586378937114,0.15105318959841185,0.15898817250787667,16.3,0.08103026308530034,0.05845211640211641,101.62998483657815,0.003632243968668737,0.8172548929504659,0.9676002305464317,0.0,0.6766042300874284,0.16177777777777777,0.29283950617283944,0.36444444444444446,0.5857777777777778,0.8222222222222223,0.8457142857142858,0.6502958579881658,0.8961209730440499,0.9010989010989012,2.448061801446417
541,103163,0.09961218858072882,-0.94824870944023,0.3422222222222222,146,0.5205479452054794,0.18493150684931506,0.0,0.06164383561643835,0.0,0.8622222222222222,0.9526627218934911,0.7054794520547946,0.18493150684931506,0.1095890410958904,14.0,0.136986301369863,0.05700176366843033,100.25951151847826,0.0033690347445541253,0.7580328175246781,0.9847672663146501,0.0,0.6363636363636364,0.1511111111111111,0.3022222222222222,nan,0.5333333333333333,0.8622222222222222,nan,0.5739644970414202,0.9526627218934911,nan,0.1527584098279476,0.1527584098279476,nan,nan,nan,nan,nan,nan,nan,nan,nan,nan,nan,nan,nan,nan,nan,nan,nan,nan,nan,nan,nan,nan,nan,nan,nan,nan,nan,nan,nan,nan,nan,nan,nan,nan,nan,nan,nan,nan,nan,nan,nan,nan,nan,nan,nan,nan,nan,nan,nan,nan,nan,nan,nan,nan,nan,nan,nan,nan,nan,nan,nan,nan,nan,nan,nan,nan,nan
542,103335,0.09735062122473648,-2.1006078305244427,0.29333333333333333,172,0.37790697674418605,0.1569767441860465,0.0,0.12209302325581395,0.0,0.6844444444444444,0.7337278106508875,0.5348837209302325,0.20348837209302326,0.2616279069767442,34.0,0.22674418604651161,0.04126984126984127,100.41531267166108,0.0028769405900621998,0.6473116327639948,0.9675839474592678,0.0,0.559322033898305,0.1511111111111111,0.26222222222222225,0.29333333333333333,0.5555555555555556,0.6844444444444444,0.6844444444444444,0.6272189349112426,0.7337278106508875,0.7337278106508875,0.18391696959733964,0.18391696959733964,nan,nan,nan,nan,nan,nan,nan,nan,nan,nan,nan,nan,nan,nan,nan,nan,nan,nan,nan,nan,nan,nan,nan,nan,nan,nan,nan,nan,nan,nan,nan,nan,nan,nan,nan,nan,nan,nan,nan,nan,nan,nan,nan,nan,nan,nan,nan,nan,nan,nan,nan,nan,nan,nan,nan,nan,nan,nan,nan,nan,nan,nan,nan,nan,nan,nan,nan
543,103556,0.09445412868764222,-2.217152287960051,0.4088888888888889,221,0.4117647058823529,0.19457013574660634,0.0,0.10407239819004525,0.0,0.9466666666666667,0.9822485207100592,0.6063348416289592,0.10407239819004525,0.2895927601809955,31.0,0.19004524886877827,0.044938271604938275,140.7728789329528,0.0028730281536479265,0.6464313345707834,0.9821838535901731,0.004524886877828055,0.515625,0.16,0.29777777777777775,0.38666666666666666,0.6355555555555555,0.8355555555555556,0.9466666666666667,0.6568047337278107,0.9112426035502958,0.9822485207100592,0.16678401231765747,0.16678401231765747,nan,nan,nan,nan,nan,nan,nan,nan,nan,nan,nan,nan,nan,nan,nan,nan,nan,nan,nan,nan,nan,nan,nan,nan,nan,nan,nan,nan,nan,nan,nan,nan,nan,nan,nan,nan,nan,nan,nan,nan,nan,nan,nan,nan,nan,nan,nan,nan,nan,nan,nan,nan,nan,nan,nan,nan,nan,nan,nan,nan,nan,nan,nan,nan,nan,nan,nan
544,103784,0.09147689441771537,-1.695700078725814,0.44,228,0.4298245614035088,0.15350877192982457,0.0,0.11403508771929824,0.0,0.96,0.9763313609467456,0.5833333333333334,0.2543859649122807,0.16228070175438597,25.0,0.14035087719298245,0.043555555555555556,140.12095313072197,0.0031084255839254537,0.699395756383227,1.0,0.0043859649122807015,0.6617647058823529,0.1288888888888889,0.25333333333333335,0.3688888888888889,0.4666666666666667,0.8488888888888889,0.96,0.47928994082840237,0.8757396449704142,0.9763313609467456,0.17276839315891265,0.17276839315891265,nan,nan,nan,nan,nan,nan,nan,nan,nan,nan,nan,nan,nan,nan,nan,nan,nan,nan,nan,nan,nan,nan,nan,nan,nan,nan,nan,nan,nan,nan,nan,nan,nan,nan,nan,nan,nan,nan,nan,nan,nan,nan,nan,nan,nan,nan,nan,nan,nan,nan,nan,nan,nan,nan,nan,nan,nan,nan,nan,nan,nan,nan,nan,nan,nan,nan,nan
545,103977,0.0889654011249677,-0.5779649903774248,0.4311111111111111,193,0.49740932642487046,0.10362694300518134,0.0,0.09844559585492228,0.0,0.8977777777777778,0.9704142011834319,0.6010362694300518,0.23834196891191708,0.16062176165803108,11.0,0.06217616580310881,0.053765432098765435,120.14252371787995,0.003551337640189499,0.7990509690426372,0.9798157927807519,0.0,0.8070175438596491,0.16,0.27111111111111114,0.36,0.6,0.8311111111111111,0.8888888888888888,0.6331360946745562,0.893491124260355,0.9644970414201184,0.15867264121770858,0.15867264121770858,nan,nan,nan,nan,nan,nan,nan,nan,nan,nan,nan,nan,nan,nan,nan,nan,nan,nan,nan,nan,nan,nan,nan,nan,nan,nan,nan,nan,nan,nan,nan,nan,nan,nan,nan,nan,nan,nan,nan,nan,nan,nan,nan,nan,nan,nan,nan,nan,nan,nan,nan,nan,nan,nan,nan,nan,nan,nan,nan,nan,nan,nan,nan,nan,nan,nan,nan
546,104115,0.08717450317798915,-0.29762876844406005,0.38222222222222224,138,0.6159420289855072,0.11594202898550725,0.0,0.028985507246376812,0.0,0.92,0.9526627218934911,0.7318840579710145,0.13768115942028986,0.13043478260869565,15.0,0.07246376811594203,0.06774928774928775,100.09170255660993,0.003774316632930827,0.849221242409436,0.96675273126422,0.0,0.8181818181818182,0.18666666666666668,0.3244444444444444,nan,0.84,0.92,nan,0.9053254437869822,0.9526627218934911,nan,0.14620716273784637,0.14620716273784637,nan,nan,nan,nan,nan,nan,nan,nan,nan,nan,nan,nan,nan,nan,nan,nan,nan,nan,nan,nan,nan,nan,nan,nan,nan,nan,nan,nan,nan,nan,nan,nan,nan,nan,nan,nan,nan,nan,nan,nan,nan,nan,nan,nan,nan,nan,nan,nan,nan,nan,nan,nan,nan,nan,nan,nan,nan,nan,nan,nan,nan,nan,nan,nan,nan,nan,nan
547,104218,0.08584046828251475,-1.6138224356174464,0.24888888888888888,103,0.5339805825242718,0.10679611650485436,0.0,0.0970873786407767,0.009708737864077669,0.7688888888888888,0.8579881656804734,0.6407766990291263,0.13592233009708737,0.22330097087378642,12.0,0.07766990291262135,0.055407407407407405,70.76973748207088,0.0034540815487180956,0.7771683484615715,0.9832623386596009,0.0,0.6296296296296297,0.1511111111111111,0.24444444444444444,nan,0.7377777777777778,0.7688888888888888,nan,0.8165680473372781,0.8579881656804734,nan,0.1677466884255409,0.1677466884255409,nan,nan,nan,nan,nan,nan,nan,nan,nan,nan,nan,nan,nan,nan,nan,nan,nan,nan,nan,nan,nan,nan,nan,nan,nan,nan,nan,nan,nan,nan,nan,nan,nan,nan,nan,nan,nan,nan,nan,nan,nan,nan,nan,nan,nan,nan,nan,nan,nan,nan,nan,nan,nan,nan,nan,nan,nan,nan,nan,nan,nan,nan,nan,nan,nan,nan,nan
548,104396,0.08354037879650351,-1.9258691964149448,0.41333333333333333,178,0.5168539325842697,0.06741573033707865,0.0,0.1348314606741573,0.0,0.9733333333333334,1.0,0.5842696629213483,0.29775280898876405,0.11797752808988764,7.0,0.033707865168539325,0.05518518518518516,120.78923044204689,0.0033851435876567533,0.7616573072227695,0.9809238652060962,0.033707865168539325,0.76,0.14222222222222222,0.24888888888888888,0.37333333333333335,0.5555555555555556,0.7066666666666667,0.9733333333333334,0.6568047337278107,0.7514792899408284,1.0,0.1562316596508026,0.1562316596508026,nan,nan,nan,nan,nan,nan,nan,nan,nan,nan,nan,nan,nan,nan,nan,nan,nan,nan,nan,nan,nan,nan,nan,nan,nan,nan,nan,nan,nan,nan,nan,nan,nan,nan,nan,nan,nan,nan,nan,nan,nan,nan,nan,nan,nan,nan,nan,nan,nan,nan,nan,nan,nan,nan,nan,nan,nan,nan,nan,nan,nan,nan,nan,nan,nan,nan,nan
549,104522,0.08191630044407343,-0.76706950521469,0.31555555555555553,126,0.5555555555555556,0.07936507936507936,0.0,0.07142857142857142,0.007936507936507936,0.8488888888888889,0.9349112426035503,0.6349206349206349,0.14285714285714285,0.2222222222222222,7.0,0.023809523809523808,0.06962962962962951,81.24828100204452,0.003829140841801716,0.8615566894053861,0.9873474396344112,0.0,0.7567567567567568,0.16,0.27555555555555555,nan,0.6977777777777778,0.8444444444444444,nan,0.7633136094674556,0.9289940828402367,nan,0.1735299676656723,0.1735299676656723,nan,nan,nan,nan,nan,nan,nan,nan,nan,nan,nan,nan,nan,nan,nan,nan,nan,nan,nan,nan,nan,nan,nan,nan,nan,nan,nan,nan,nan,nan,nan,nan,nan,nan,nan,nan,nan,nan,nan,nan,nan,nan,nan,nan,nan,nan,nan,nan,nan,nan,nan,nan,nan,nan,nan,nan,nan,nan,nan,nan,nan,nan,nan,nan,nan,nan,nan
550,104698,0.07965338974571798,-1.1682487514019013,0.38666666666666666,176,0.48863636363636365,0.09090909090909091,0.0,0.11931818181818182,0.0,0.9422222222222222,0.9822485207100592,0.5795454545454546,0.1875,0.23295454545454544,24.0,0.13636363636363635,0.06111111111111103,110.35475001335124,0.0034635774370924606,0.7793049233458036,0.987613584979028,0.005681818181818182,0.7358490566037735,0.10222222222222223,0.2222222222222222,0.3466666666666667,0.47555555555555556,0.7111111111111111,0.9244444444444444,0.5739644970414202,0.8461538461538461,0.9822485207100592,0.17436428293585776,0.17436428293585776,nan,nan,nan,nan,nan,nan,nan,nan,nan,nan,nan,nan,nan,nan,nan,nan,nan,nan,nan,nan,nan,nan,nan,nan,nan,nan,nan,nan,nan,nan,nan,nan,nan,nan,nan,nan,nan,nan,nan,nan,nan,nan,nan,nan,nan,nan,nan,nan,nan,nan,nan,nan,nan,nan,nan,nan,nan,nan,nan,nan,nan,nan,nan,nan,nan,nan,nan
551,104858,0.07760189500462038,-2.63159472131729,0.27555555555555555,160,0.38125,0.20625,0.0,0.1375,0.0,0.7377777777777778,0.8520710059171598,0.5875,0.2625,0.15,23.0,0.19375,0.038730158730158726,100.4437592506406,0.002699133456709826,0.6073050277597108,0.9936972739472669,0.00625,0.5,0.1688888888888889,0.23555555555555555,0.27555555555555555,0.7288888888888889,0.7288888888888889,0.7377777777777778,0.8520710059171598,0.8520710059171598,0.8520710059171598,0.16250080913305281,0.16250080913305281,nan,nan,nan,nan,nan,nan,nan,nan,nan,nan,nan,nan,nan,nan,nan,nan,nan,nan,nan,nan,nan,nan,nan,nan,nan,nan,nan,nan,nan,nan,nan,nan,nan,nan,nan,nan,nan,nan,nan,nan,nan,nan,nan,nan,nan,nan,nan,nan,nan,nan,nan,nan,nan,nan,nan,nan,nan,nan,nan,nan,nan,nan,nan,nan,nan,nan,nan
552,105108,0.07440726971744879,-2.4573060917854366,0.31555555555555553,250,0.28,0.252,0.0,0.148,0.0,0.72,0.7869822485207101,0.532,0.092,0.376,50.0,0.384,0.03111111111111111,144.73624849319452,0.002149503765297188,0.4836383471918673,0.9251022420379706,0.004,0.375,0.13333333333333333,0.14222222222222222,0.14666666666666667,0.4533333333333333,0.4533333333333333,0.4533333333333333,0.4911242603550296,0.4911242603550296,0.4911242603550296,0.1649862691760063,0.1649862691760063,nan,nan,nan,nan,nan,nan,nan,nan,nan,nan,nan,nan,nan,nan,nan,nan,nan,nan,nan,nan,nan,nan,nan,nan,nan,nan,nan,nan,nan,nan,nan,nan,nan,nan,nan,nan,nan,nan,nan,nan,nan,nan,nan,nan,nan,nan,nan,nan,nan,nan,nan,nan,nan,nan,nan,nan,nan,nan,nan,nan,nan,nan,nan,nan,nan,nan,nan
553,105262,0.07244594198265408,-0.8074648516178133,0.36444444444444446,154,0.525974025974026,0.09740259740259741,0.0,0.07792207792207792,0.0,0.9644444444444444,0.9940828402366864,0.6233766233766234,0.17532467532467533,0.2012987012987013,14.0,0.09740259740259741,0.05476190476190479,100.41395096778848,0.003585159198799811,0.8066608197299574,0.980409919890425,0.006493506493506494,0.7777777777777778,0.16444444444444445,0.27111111111111114,0.36,0.6577777777777778,0.9022222222222223,0.9644444444444444,0.7396449704142012,0.9644970414201184,0.9940828402366864,0.1800529405474663,0.1800529405474663,nan,nan,nan,nan,nan,nan,nan,nan,nan,nan,nan,nan,nan,nan,nan,nan,nan,nan,nan,nan,nan,nan,nan,nan,nan,nan,nan,nan,nan,nan,nan,nan,nan,nan,nan,nan,nan,nan,nan,nan,nan,nan,nan,nan,nan,nan,nan,nan,nan,nan,nan,nan,nan,nan,nan,nan,nan,nan,nan,nan,nan,nan,nan,nan,nan,nan,nan
554,105436,0.07023590086256756,-1.8763236427307106,0.38666666666666666,174,0.4942528735632184,0.12643678160919541,0.0,0.07471264367816093,0.0,0.92,0.9644970414201184,0.6206896551724138,0.16666666666666666,0.21264367816091953,13.0,0.06896551724137931,0.054973544973544966,120.59355850219718,0.003169507782749924,0.7131392511187329,0.9830697270040983,0.005747126436781609,0.7735849056603774,0.14666666666666667,0.2577777777777778,0.3244444444444444,0.5822222222222222,0.6933333333333334,0.7866666666666666,0.727810650887574,0.7810650887573964,0.863905325443787,0.18159697949886322,0.18159697949886322,nan,nan,nan,nan,nan,nan,nan,nan,nan,nan,nan,nan,nan,nan,nan,nan,nan,nan,nan,nan,nan,nan,nan,nan,nan,nan,nan,nan,nan,nan,nan,nan,nan,nan,nan,nan,nan,nan,nan,nan,nan,nan,nan,nan,nan,nan,nan,nan,nan,nan,nan,nan,nan,nan,nan,nan,nan,nan,nan,nan,nan,nan,nan,nan,nan,nan,nan
555,105590,0.0682851911498904,-0.33271342277526705,0.39555555555555555,154,0.5714285714285714,0.09090909090909091,0.0,0.11038961038961038,0.0,0.9244444444444444,0.9763313609467456,0.6623376623376623,0.13636363636363635,0.2012987012987013,8.0,0.032467532467532464,0.05920634920634919,100.36869926452611,0.003896743845213343,0.8767673651730021,0.9809097257832619,0.0,0.7428571428571429,0.1688888888888889,0.29777777777777775,0.39111111111111113,0.6133333333333333,0.8,0.9244444444444444,0.6686390532544378,0.8461538461538461,0.9763313609467456,0.181846085190773,0.181846085190773,nan,nan,nan,nan,nan,nan,nan,nan,nan,nan,nan,nan,nan,nan,nan,nan,nan,nan,nan,nan,nan,nan,nan,nan,nan,nan,nan,nan,nan,nan,nan,nan,nan,nan,nan,nan,nan,nan,nan,nan,nan,nan,nan,nan,nan,nan,nan,nan,nan,nan,nan,nan,nan,nan,nan,nan,nan,nan,nan,nan,nan,nan,nan,nan,nan,nan,nan
556,105738,0.06641516685554005,-0.7487889776229848,0.3511111111111111,148,0.527027027027027,0.17567567567567569,0.0,0.05405405405405406,0.0,0.8711111111111111,0.9053254437869822,0.7027027027027027,0.19594594594594594,0.10135135135135136,10.0,0.12162162162162163,0.058164251207729466,100.38846645355203,0.0034532519413180123,0.7769816867965527,0.998020991764774,0.0,0.7714285714285715,0.18222222222222223,0.29777777777777775,nan,0.64,0.8666666666666667,nan,0.6627218934911243,0.8994082840236687,nan,0.20892694890499114,0.20892694890499114,nan,nan,nan,nan,nan,nan,nan,nan,nan,nan,nan,nan,nan,nan,nan,nan,nan,nan,nan,nan,nan,nan,nan,nan,nan,nan,nan,nan,nan,nan,nan,nan,nan,nan,nan,nan,nan,nan,nan,nan,nan,nan,nan,nan,nan,nan,nan,nan,nan,nan,nan,nan,nan,nan,nan,nan,nan,nan,nan,nan,nan,nan,nan,nan,nan,nan,nan
557,105899,0.0643860868926727,-2.0065796809196454,0.29333333333333333,161,0.40372670807453415,0.19875776397515527,0.0,0.09316770186335403,0.0,0.7377777777777778,0.7751479289940828,0.6024844720496895,0.13043478260869565,0.2670807453416149,35.0,0.2360248447204969,0.04207792207792209,100.24361600875825,0.002881868196610633,0.6484203442373924,0.9700185214021411,0.0,0.4583333333333333,0.16444444444444445,0.26666666666666666,0.28888888888888886,0.7022222222222222,0.7333333333333333,0.7377777777777778,0.757396449704142,0.7751479289940828,0.7751479289940828,0.16295109763741494,0.16295109763741494,nan,nan,nan,nan,nan,nan,nan,nan,nan,nan,nan,nan,nan,nan,nan,nan,nan,nan,nan,nan,nan,nan,nan,nan,nan,nan,nan,nan,nan,nan,nan,nan,nan,nan,nan,nan,nan,nan,nan,nan,nan,nan,nan,nan,nan,nan,nan,nan,nan,nan,nan,nan,nan,nan,nan,nan,nan,nan,nan,nan,nan,nan,nan,nan,nan,nan,nan
558,106001,0.06310338374164651,-1.043895540714263,0.27111111111111114,102,0.5882352941176471,0.08823529411764706,0.029411764705882353,0.049019607843137254,0.00980392156862745,0.8,0.8816568047337278,0.7058823529411765,0.1568627450980392,0.13725490196078433,15.0,0.09803921568627451,0.06355555555555563,70.01805276870712,0.003808541599229491,0.8569218598266354,0.9880829122585899,0.0,0.8333333333333334,0.17333333333333334,0.26666666666666666,nan,0.7111111111111111,0.8,nan,0.8402366863905325,0.8816568047337278,nan,0.19912498742341994,0.19912498742341994,nan,nan,nan,nan,nan,nan,nan,nan,nan,nan,nan,nan,nan,nan,nan,nan,nan,nan,nan,nan,nan,nan,nan,nan,nan,nan,nan,nan,nan,nan,nan,nan,nan,nan,nan,nan,nan,nan,nan,nan,nan,nan,nan,nan,nan,nan,nan,nan,nan,nan,nan,nan,nan,nan,nan,nan,nan,nan,nan,nan,nan,nan,nan,nan,nan,nan,nan
559,106225,0.0602940760825413,-6.677223764896391,0.27111111111111114,224,0.26785714285714285,0.16071428571428573,0.0,0.32142857142857145,0.0,0.6933333333333334,0.7514792899408284,0.42857142857142855,0.4375,0.13392857142857142,79.0,0.45089285714285715,0.029629629629629634,120.1735596656796,0.002219012796230119,0.4992778791517766,0.9279180491648482,0.008928571428571428,0.43636363636363634,0.14222222222222222,0.2222222222222222,0.27111111111111114,0.5555555555555556,0.6933333333333334,0.6933333333333334,0.6035502958579881,0.7514792899408284,0.7514792899408284,0.17931388765573503,0.17931388765573503,nan,nan,nan,nan,nan,nan,nan,nan,nan,nan,nan,nan,nan,nan,nan,nan,nan,nan,nan,nan,nan,nan,nan,nan,nan,nan,nan,nan,nan,nan,nan,nan,nan,nan,nan,nan,nan,nan,nan,nan,nan,nan,nan,nan,nan,nan,nan,nan,nan,nan,nan,nan,nan,nan,nan,nan,nan,nan,nan,nan,nan,nan,nan,nan,nan,nan,nan
560,106379,0.058368730625525354,-3.4121605532169377,0.24,154,0.34415584415584416,0.22727272727272727,0.0,0.11688311688311688,0.0,0.6444444444444445,0.7514792899408284,0.5714285714285714,0.2597402597402597,0.16883116883116883,31.0,0.24675324675324675,0.040317460317460314,100.12533860206582,0.002352606831041423,0.5293365369843203,0.9942942879451926,0.012987012987012988,0.46808510638297873,0.12444444444444444,0.17333333333333334,0.2311111111111111,0.4577777777777778,0.4622222222222222,0.6133333333333333,0.5088757396449705,0.5088757396449705,0.7100591715976331,0.15574750825762748,0.15574750825762748,-0.68407575457096,0.4,165.8,0.0,1.0,0.5428773117198991,0.11304807799794496,0.0015742217496603462,0.06519387425326556,0.0012597188995215312,0.876,0.9284023668639054,0.6574996114675042,0.1794039167853978,0.16309647174709788,10.4,0.044893113273714536,0.05824067196520901,111.00738813877085,0.0036034312164254442,0.8107720236957248,0.984155241774735,0.002079951298701299,0.7340116435677528,0.16133333333333333,0.28311111111111115,0.3816666666666667,0.6044444444444446,0.8124444444444444,0.8766666666666667,0.6946745562130177,0.8905325443786982,0.9282544378698224,-0.8771769687414162,0.3808888888888889,165.5,0.0,1.0,0.5273346472185675,0.12875198706588387,0.0009831293101391174,0.06287753655282285,0.00101010101010101,0.8813333333333334,0.9295857988165681,0.6570697635945906,0.17780599780126283,0.16512423860414657,18.0,0.08330916021211243,0.057225639329806,109.36359017848945,0.0035175128269569035,0.7914403860653032,0.9686870395386415,0.0034125764945437077,0.723497425497223,0.16399999999999998,0.28197530864197534,0.37222222222222223,0.624,0.794074074074074,0.856111111111111,0.6946745562130177,0.8632478632478632,0.9016272189349113,2.3942082511505585
561,106500,0.05685941233511774,-1.3971979374885553,0.27111111111111114,121,0.49586776859504134,0.15702479338842976,0.0,0.0743801652892562,0.008264462809917356,0.7822222222222223,0.8520710059171598,0.6528925619834711,0.19834710743801653,0.1487603305785124,16.0,0.19008264462809918,0.05401058201058202,80.15426607131943,0.0033269179513089526,0.7485565390445142,0.9695169817179475,0.0,0.65625,0.16444444444444445,0.25333333333333335,nan,0.5644444444444444,0.7822222222222223,nan,0.621301775147929,0.8520710059171598,nan,0.16230445429682733,0.16230445429682733,nan,nan,nan,nan,nan,nan,nan,nan,nan,nan,nan,nan,nan,nan,nan,nan,nan,nan,nan,nan,nan,nan,nan,nan,nan,nan,nan,nan,nan,nan,nan,nan,nan,nan,nan,nan,nan,nan,nan,nan,nan,nan,nan,nan,nan,nan,nan,nan,nan,nan,nan,nan,nan,nan,nan,nan,nan,nan,nan,nan,nan,nan,nan,nan,nan,nan,nan
562,106707,0.05428438726361434,-2.3873683404922463,0.36444444444444446,207,0.391304347826087,0.11594202898550725,0.0,0.18357487922705315,0.0,0.8444444444444444,0.9289940828402367,0.5072463768115942,0.28502415458937197,0.20772946859903382,30.0,0.15942028985507245,0.041269841269841276,120.05112705230687,0.0029987223680386296,0.6747125328086916,0.985850569139447,0.01932367149758454,0.6666666666666666,0.1288888888888889,0.23555555555555555,0.3333333333333333,0.4622222222222222,0.7022222222222222,0.8355555555555556,0.5266272189349113,0.8224852071005917,0.9289940828402367,0.1612135499715805,0.1612135499715805,nan,nan,nan,nan,nan,nan,nan,nan,nan,nan,nan,nan,nan,nan,nan,nan,nan,nan,nan,nan,nan,nan,nan,nan,nan,nan,nan,nan,nan,nan,nan,nan,nan,nan,nan,nan,nan,nan,nan,nan,nan,nan,nan,nan,nan,nan,nan,nan,nan,nan,nan,nan,nan,nan,nan,nan,nan,nan,nan,nan,nan,nan,nan,nan,nan,nan,nan
563,106858,0.052411574844028704,-0.8702853515148152,0.36444444444444446,151,0.5364238410596026,0.10596026490066225,0.0,0.10596026490066225,0.0,0.88,0.9230769230769231,0.6423841059602649,0.1390728476821192,0.2185430463576159,14.0,0.09271523178807947,0.06666666666666678,100.27890810966477,0.0035899872344671417,0.8077471277551067,0.9922412392367297,0.013245033112582781,0.7368421052631579,0.14666666666666667,0.28444444444444444,0.36,0.5733333333333334,0.6444444444444445,0.8622222222222222,0.6331360946745562,0.6686390532544378,0.9230769230769231,0.1590469054877758,0.1590469054877758,nan,nan,nan,nan,nan,nan,nan,nan,nan,nan,nan,nan,nan,nan,nan,nan,nan,nan,nan,nan,nan,nan,nan,nan,nan,nan,nan,nan,nan,nan,nan,nan,nan,nan,nan,nan,nan,nan,nan,nan,nan,nan,nan,nan,nan,nan,nan,nan,nan,nan,nan,nan,nan,nan,nan,nan,nan,nan,nan,nan,nan,nan,nan,nan,nan,nan,nan
564,107008,0.05055582205970733,-1.1520092732906333,0.35555555555555557,150,0.5266666666666666,0.10666666666666667,0.0,0.10666666666666667,0.0,0.92,0.9526627218934911,0.6333333333333333,0.20666666666666667,0.16,8.0,0.04666666666666667,0.058518518518518525,100.6858026027678,0.003487195831336198,0.7846190620506445,0.9767179435187667,0.006666666666666667,0.6923076923076923,0.16,0.28444444444444444,0.35555555555555557,0.7555555555555555,0.8533333333333334,0.92,0.7751479289940828,0.8816568047337278,0.9526627218934911,0.15852958038449289,0.15852958038449289,nan,nan,nan,nan,nan,nan,nan,nan,nan,nan,nan,nan,nan,nan,nan,nan,nan,nan,nan,nan,nan,nan,nan,nan,nan,nan,nan,nan,nan,nan,nan,nan,nan,nan,nan,nan,nan,nan,nan,nan,nan,nan,nan,nan,nan,nan,nan,nan,nan,nan,nan,nan,nan,nan,nan,nan,nan,nan,nan,nan,nan,nan,nan,nan,nan,nan,nan
565,107248,0.052403749948128985,-3.2375623245239264,0.37777777777777777,240,0.35,0.175,0.0,0.175,0.0,0.9111111111111111,0.9585798816568047,0.525,0.1625,0.3125,73.0,0.2916666666666667,0.037333333333333336,140.50059356689442,0.0026571655240416035,0.5978622429093607,0.8992365980481549,0.008333333333333333,0.4861111111111111,0.16444444444444445,0.26666666666666666,0.36,0.6533333333333333,0.8533333333333334,0.9111111111111111,0.7159763313609467,0.9171597633136095,0.9585798816568047,0.14347977787256241,0.14347977787256241,nan,nan,nan,nan,nan,nan,nan,nan,nan,nan,nan,nan,nan,nan,nan,nan,nan,nan,nan,nan,nan,nan,nan,nan,nan,nan,nan,nan,nan,nan,nan,nan,nan,nan,nan,nan,nan,nan,nan,nan,nan,nan,nan,nan,nan,nan,nan,nan,nan,nan,nan,nan,nan,nan,nan,nan,nan,nan,nan,nan,nan,nan,nan,nan,nan,nan,nan
566,107457,0.054971410730729864,-1.578787994861603,0.4622222222222222,209,0.49282296650717705,0.13875598086124402,0.0,0.10047846889952153,0.0,0.9244444444444444,0.9763313609467456,0.631578947368421,0.215311004784689,0.15311004784688995,11.0,0.0861244019138756,0.052620027434842245,140.61702852249132,0.003255493183064649,0.732485966189546,0.9871769902215738,0.0,0.7142857142857143,0.18222222222222223,0.29333333333333333,0.38222222222222224,0.7066666666666667,0.8488888888888889,0.8977777777777778,0.8520710059171598,0.9526627218934911,0.9644970414201184,0.1656889833509922,0.1656889833509922,nan,nan,nan,nan,nan,nan,nan,nan,nan,nan,nan,nan,nan,nan,nan,nan,nan,nan,nan,nan,nan,nan,nan,nan,nan,nan,nan,nan,nan,nan,nan,nan,nan,nan,nan,nan,nan,nan,nan,nan,nan,nan,nan,nan,nan,nan,nan,nan,nan,nan,nan,nan,nan,nan,nan,nan,nan,nan,nan,nan,nan,nan,nan,nan,nan,nan,nan
567,107579,0.056466101115316455,-0.9957917191982271,0.30666666666666664,122,0.5573770491803278,0.06557377049180328,0.0,0.09836065573770492,0.00819672131147541,0.7511111111111111,0.8224852071005917,0.6229508196721312,0.18032786885245902,0.19672131147540983,11.0,0.04918032786885246,0.06226262626262626,80.1313497066496,0.003771585319960518,0.8486066969911166,0.9927977077340956,0.0,0.8529411764705882,0.1511111111111111,0.24,nan,0.5733333333333334,0.6977777777777778,nan,0.6804733727810651,0.7692307692307693,nan,0.18052228838205336,0.18052228838205336,nan,nan,nan,nan,nan,nan,nan,nan,nan,nan,nan,nan,nan,nan,nan,nan,nan,nan,nan,nan,nan,nan,nan,nan,nan,nan,nan,nan,nan,nan,nan,nan,nan,nan,nan,nan,nan,nan,nan,nan,nan,nan,nan,nan,nan,nan,nan,nan,nan,nan,nan,nan,nan,nan,nan,nan,nan,nan,nan,nan,nan,nan,nan,nan,nan,nan,nan
568,107743,0.05847056349993709,-0.5076317586898784,0.36444444444444446,164,0.49390243902439024,0.13414634146341464,0.0,0.0975609756097561,0.0,0.8666666666666667,0.9289940828402367,0.6280487804878049,0.10975609756097561,0.2621951219512195,19.0,0.11585365853658537,0.054920634920634925,100.70125484466524,0.003574930625793204,0.8043593908034709,0.975991656362367,0.018292682926829267,0.6,0.1111111111111111,0.26222222222222225,0.3333333333333333,0.5333333333333333,0.8266666666666667,0.8666666666666667,0.5976331360946746,0.9053254437869822,0.9289940828402367,0.1808202750980854,0.1808202750980854,nan,nan,nan,nan,nan,nan,nan,nan,nan,nan,nan,nan,nan,nan,nan,nan,nan,nan,nan,nan,nan,nan,nan,nan,nan,nan,nan,nan,nan,nan,nan,nan,nan,nan,nan,nan,nan,nan,nan,nan,nan,nan,nan,nan,nan,nan,nan,nan,nan,nan,nan,nan,nan,nan,nan,nan,nan,nan,nan,nan,nan,nan,nan,nan,nan,nan,nan
569,107943,0.06090760479781962,-3.4401614873409274,0.37777777777777777,200,0.42,0.195,0.0,0.095,0.0,0.8711111111111111,0.9230769230769231,0.615,0.175,0.21,15.0,0.17,0.04666666666666667,140.6682046413422,0.0026539994185979057,0.5971498691845287,0.9905644208756118,0.005,0.5862068965517241,0.1688888888888889,0.26666666666666666,0.3511111111111111,0.7644444444444445,0.8711111111111111,0.8711111111111111,0.8224852071005917,0.9230769230769231,0.9230769230769231,0.15299345254898072,0.15299345254898072,nan,nan,nan,nan,nan,nan,nan,nan,nan,nan,nan,nan,nan,nan,nan,nan,nan,nan,nan,nan,nan,nan,nan,nan,nan,nan,nan,nan,nan,nan,nan,nan,nan,nan,nan,nan,nan,nan,nan,nan,nan,nan,nan,nan,nan,nan,nan,nan,nan,nan,nan,nan,nan,nan,nan,nan,nan,nan,nan,nan,nan,nan,nan,nan,nan,nan,nan
570,108064,0.06237806131434217,-0.9490000033378599,0.3022222222222222,121,0.5537190082644629,0.09090909090909091,0.0,0.09090909090909091,0.008264462809917356,0.8044444444444444,0.8698224852071006,0.6446280991735537,0.21487603305785125,0.14049586776859505,5.0,0.0,0.06158730158730159,80.26666669845571,0.003709856033968169,0.834717607642838,0.9916658167897745,0.0,0.75,0.16,0.24888888888888888,nan,0.6222222222222222,0.68,nan,0.7810650887573964,0.7988165680473372,nan,0.17382795885205268,0.17382795885205268,nan,nan,nan,nan,nan,nan,nan,nan,nan,nan,nan,nan,nan,nan,nan,nan,nan,nan,nan,nan,nan,nan,nan,nan,nan,nan,nan,nan,nan,nan,nan,nan,nan,nan,nan,nan,nan,nan,nan,nan,nan,nan,nan,nan,nan,nan,nan,nan,nan,nan,nan,nan,nan,nan,nan,nan,nan,nan,nan,nan,nan,nan,nan,nan,nan,nan,nan
571,108224,0.06431789950328848,-0.7150865643024433,0.36444444444444446,160,0.50625,0.10625,0.0,0.0875,0.0,0.8933333333333333,0.9526627218934911,0.6125,0.21875,0.16875,13.0,0.0875,0.05523809523809524,100.09606251716592,0.0035965450682764076,0.8092226403621916,0.9863749434769307,0.0,0.7291666666666666,0.15555555555555556,0.28,0.3466666666666667,0.5644444444444444,0.8355555555555556,0.8933333333333333,0.650887573964497,0.9171597633136095,0.9526627218934911,0.15332684814929962,0.15332684814929962,nan,nan,nan,nan,nan,nan,nan,nan,nan,nan,nan,nan,nan,nan,nan,nan,nan,nan,nan,nan,nan,nan,nan,nan,nan,nan,nan,nan,nan,nan,nan,nan,nan,nan,nan,nan,nan,nan,nan,nan,nan,nan,nan,nan,nan,nan,nan,nan,nan,nan,nan,nan,nan,nan,nan,nan,nan,nan,nan,nan,nan,nan,nan,nan,nan,nan,nan
572,108415,0.06662678458911828,-0.6157817125320433,0.4222222222222222,191,0.49214659685863876,0.14659685863874344,0.0,0.09424083769633508,0.0,0.9644444444444444,1.0,0.6387434554973822,0.08376963350785341,0.2774869109947644,13.0,0.09424083769633508,0.05472222222222223,120.42649250030486,0.0034691517547662544,0.7805591448224072,0.9769092481918632,0.0,0.5490196078431373,0.19111111111111112,0.28444444444444444,0.36444444444444446,0.7155555555555555,0.7777777777777778,0.8711111111111111,0.8461538461538461,0.8461538461538461,0.9171597633136095,0.16958360746502876,0.16958360746502876,nan,nan,nan,nan,nan,nan,nan,nan,nan,nan,nan,nan,nan,nan,nan,nan,nan,nan,nan,nan,nan,nan,nan,nan,nan,nan,nan,nan,nan,nan,nan,nan,nan,nan,nan,nan,nan,nan,nan,nan,nan,nan,nan,nan,nan,nan,nan,nan,nan,nan,nan,nan,nan,nan,nan,nan,nan,nan,nan,nan,nan,nan,nan,nan,nan,nan,nan
573,108595,0.06879594193286642,0.025899522304535516,0.4666666666666667,180,0.5777777777777777,0.07777777777777778,0.0,0.07777777777777778,0.0,0.9955555555555555,1.0,0.6555555555555556,0.17777777777777778,0.16666666666666666,7.0,0.016666666666666666,0.057777777777777775,120.37238550186125,0.0038399357152814357,0.863985535938323,0.9867382454173466,0.005555555555555556,0.8125,0.18222222222222223,0.30666666666666664,0.4266666666666667,0.6755555555555556,0.8222222222222222,0.9955555555555555,0.727810650887574,0.8402366863905325,1.0,0.1667485885322094,0.1667485885322094,nan,nan,nan,nan,nan,nan,nan,nan,nan,nan,nan,nan,nan,nan,nan,nan,nan,nan,nan,nan,nan,nan,nan,nan,nan,nan,nan,nan,nan,nan,nan,nan,nan,nan,nan,nan,nan,nan,nan,nan,nan,nan,nan,nan,nan,nan,nan,nan,nan,nan,nan,nan,nan,nan,nan,nan,nan,nan,nan,nan,nan,nan,nan,nan,nan,nan,nan
574,108745,0.07059857663343613,-1.0744715220928178,0.37777777777777777,150,0.56,0.07333333333333333,0.0,0.12666666666666668,0.0,0.9466666666666667,1.0,0.6333333333333333,0.18,0.18666666666666668,10.0,0.06666666666666667,0.06222222222222223,100.18544306755045,0.003726422940322895,0.8384451615726514,0.9745030189484851,0.013333333333333334,0.7777777777777778,0.17333333333333334,0.29777777777777775,0.37777777777777777,0.6755555555555556,0.92,0.9466666666666667,0.8520710059171598,1.0,1.0,0.19477961361408233,0.19477961361408233,nan,nan,nan,nan,nan,nan,nan,nan,nan,nan,nan,nan,nan,nan,nan,nan,nan,nan,nan,nan,nan,nan,nan,nan,nan,nan,nan,nan,nan,nan,nan,nan,nan,nan,nan,nan,nan,nan,nan,nan,nan,nan,nan,nan,nan,nan,nan,nan,nan,nan,nan,nan,nan,nan,nan,nan,nan,nan,nan,nan,nan,nan,nan,nan,nan,nan,nan
575,108902,0.07248047907202808,0.3442636122703555,0.4088888888888889,157,0.5796178343949044,0.07643312101910828,0.0,0.07006369426751592,0.0,0.9333333333333333,0.9704142011834319,0.6560509554140127,0.1592356687898089,0.18471337579617833,5.0,0.0,0.06757369614512473,100.5593941688535,0.004021945913529718,0.9049378305441864,0.9898457158849414,0.0,0.7619047619047619,0.16444444444444445,0.28444444444444444,0.38222222222222224,0.56,0.8177777777777778,0.9111111111111111,0.6153846153846154,0.8757396449704142,0.9467455621301775,0.17376185283064843,0.17376185283064843,nan,nan,nan,nan,nan,nan,nan,nan,nan,nan,nan,nan,nan,nan,nan,nan,nan,nan,nan,nan,nan,nan,nan,nan,nan,nan,nan,nan,nan,nan,nan,nan,nan,nan,nan,nan,nan,nan,nan,nan,nan,nan,nan,nan,nan,nan,nan,nan,nan,nan,nan,nan,nan,nan,nan,nan,nan,nan,nan,nan,nan,nan,nan,nan,nan,nan,nan
576,109135,0.07526423317363624,-2.907642262697218,0.4222222222222222,233,0.4034334763948498,0.11587982832618025,0.0,0.20600858369098712,0.0,0.9377777777777778,0.9704142011834319,0.51931330472103,0.2918454935622318,0.1888412017167382,32.0,0.15021459227467812,0.041777777777777775,140.139450120926,0.0029811575357066005,0.6707604455339851,0.9716970511373663,0.012875536480686695,0.65625,0.16,0.24888888888888888,0.3466666666666667,0.6355555555555555,0.6755555555555556,0.9111111111111111,0.7041420118343196,0.7041420118343196,0.9467455621301775,0.1740896597504616,0.1740896597504616,nan,nan,nan,nan,nan,nan,nan,nan,nan,nan,nan,nan,nan,nan,nan,nan,nan,nan,nan,nan,nan,nan,nan,nan,nan,nan,nan,nan,nan,nan,nan,nan,nan,nan,nan,nan,nan,nan,nan,nan,nan,nan,nan,nan,nan,nan,nan,nan,nan,nan,nan,nan,nan,nan,nan,nan,nan,nan,nan,nan,nan,nan,nan,nan,nan,nan,nan
577,109355,0.07788267961517784,-5.8076892228126535,0.3688888888888889,220,0.37272727272727274,0.10909090909090909,0.004545454545454545,0.2681818181818182,0.0,0.8888888888888888,0.9349112426035503,0.4863636363636364,0.34545454545454546,0.16818181818181818,14.0,0.1590909090909091,0.04123456790123456,140.31132593154933,0.0025973986207089095,0.5844146896595046,0.9855070672175984,0.022727272727272728,0.6851851851851852,0.1511111111111111,0.22666666666666666,0.28444444444444444,0.6222222222222222,0.7466666666666667,0.8444444444444444,0.7455621301775148,0.8520710059171598,0.9349112426035503,0.16917687207460402,0.16917687207460402,nan,nan,nan,nan,nan,nan,nan,nan,nan,nan,nan,nan,nan,nan,nan,nan,nan,nan,nan,nan,nan,nan,nan,nan,nan,nan,nan,nan,nan,nan,nan,nan,nan,nan,nan,nan,nan,nan,nan,nan,nan,nan,nan,nan,nan,nan,nan,nan,nan,nan,nan,nan,nan,nan,nan,nan,nan,nan,nan,nan,nan,nan,nan,nan,nan,nan,nan
578,109508,0.07969798340474196,0.021880760908127517,0.39111111111111113,153,0.5686274509803921,0.10457516339869281,0.0,0.05228758169934641,0.0,0.9733333333333334,0.9881656804733728,0.673202614379085,0.1437908496732026,0.1830065359477124,20.0,0.09803921568627451,0.06455026455026457,100.62018322944616,0.00384283405432629,0.8646376622234151,0.9628870406027105,0.0,0.7380952380952381,0.16,0.29777777777777775,0.38222222222222224,0.6177777777777778,0.9288888888888889,0.9733333333333334,0.6686390532544378,0.9763313609467456,0.9881656804733728,0.1619679734110832,0.1619679734110832,nan,nan,nan,nan,nan,nan,nan,nan,nan,nan,nan,nan,nan,nan,nan,nan,nan,nan,nan,nan,nan,nan,nan,nan,nan,nan,nan,nan,nan,nan,nan,nan,nan,nan,nan,nan,nan,nan,nan,nan,nan,nan,nan,nan,nan,nan,nan,nan,nan,nan,nan,nan,nan,nan,nan,nan,nan,nan,nan,nan,nan,nan,nan,nan,nan,nan,nan
579,109661,0.08150861585035979,0.015132932662965004,0.41333333333333333,153,0.6013071895424836,0.05228758169934641,0.0,0.11764705882352941,0.0,0.9511111111111111,0.9822485207100592,0.6535947712418301,0.22875816993464052,0.11764705882352941,7.0,0.0196078431372549,0.06306878306878304,100.77968635559058,0.004057255025047083,0.9128823806355938,0.9887321626270517,0.006535947712418301,0.8857142857142857,0.16444444444444445,0.29333333333333333,0.4088888888888889,0.7022222222222222,0.8177777777777778,0.9511111111111111,0.834319526627219,0.8994082840236687,0.9822485207100592,0.16893656253814698,0.16893656253814698,nan,nan,nan,nan,nan,nan,nan,nan,nan,nan,nan,nan,nan,nan,nan,nan,nan,nan,nan,nan,nan,nan,nan,nan,nan,nan,nan,nan,nan,nan,nan,nan,nan,nan,nan,nan,nan,nan,nan,nan,nan,nan,nan,nan,nan,nan,nan,nan,nan,nan,nan,nan,nan,nan,nan,nan,nan,nan,nan,nan,nan,nan,nan,nan,nan,nan,nan
580,109852,0.08376240574112716,-0.5318328304290748,0.4444444444444444,191,0.518324607329843,0.08376963350785341,0.0,0.11518324607329843,0.005235602094240838,0.88,0.9171597633136095,0.6020942408376964,0.18848167539267016,0.2094240837696335,8.0,0.031413612565445025,0.05687499999999999,119.05555076599086,0.0036957537651044945,0.8315445971485113,0.9901198124351958,0.0,0.8148148148148148,0.15555555555555556,0.28888888888888886,0.37777777777777777,0.5911111111111111,0.8533333333333334,0.88,0.6331360946745562,0.9053254437869822,0.9171597633136095,0.1634480446577072,0.1634480446577072,-1.491521075963973,0.368,173.9,0.0,1.0,0.48317380752621214,0.14151920555196723,0.0,0.0921504049050224,0.0008,0.8586666666666666,0.908284023668639,0.6246930130781793,0.2005918211391514,0.17471516578266927,25.7,0.14641543940729002,0.05239197065340857,112.43924834251382,0.0032808538307633043,0.7381921119217434,0.9610700395387951,0.0013531566472742944,0.638211062268268,0.16666666666666669,0.2831111111111111,0.3614814814814815,0.6337777777777779,0.8004444444444443,0.8496296296296296,0.7195266272189349,0.8627218934911243,0.9033530571992109,-36.259103126859664,0.33644444444444443,167.4,0.1,0.9,0.48469540717269705,0.10641072016952051,0.0,0.1584051278811201,0.0031818181818181824,0.836888888888889,0.8852071005917159,0.5911061273422177,0.264688260508343,0.14420561214943944,38.4,0.1865665869358545,0.053009767888309356,102.52098216056802,0.0032757402319219713,0.7370415521824436,0.9007316931073948,0.000505050505050505,0.7226174339851761,0.15333333333333335,0.2666666666666667,0.31936507936507935,0.5942222222222222,0.785679012345679,0.801904761904762,0.6650887573964497,0.8428665351742275,0.8562975486052409,2.316182730659653
581,110006,0.08557431846824061,-1.3836498146057123,0.3288888888888889,154,0.474025974025974,0.15584415584415584,0.0,0.08441558441558442,0.0,0.9333333333333333,0.9644970414201184,0.6298701298701299,0.2012987012987013,0.16883116883116883,39.0,0.22727272727272727,0.053015873015873016,100.47285537719699,0.003229175116268064,0.7265644011603143,0.9752752477625013,0.0,0.5454545454545454,0.16444444444444445,0.2577777777777778,0.32,0.6844444444444444,0.8,0.9288888888888889,0.7633136094674556,0.8461538461538461,0.9644970414201184,0.18792045265436172,0.18792045265436172,nan,nan,nan,nan,nan,nan,nan,nan,nan,nan,nan,nan,nan,nan,nan,nan,nan,nan,nan,nan,nan,nan,nan,nan,nan,nan,nan,nan,nan,nan,nan,nan,nan,nan,nan,nan,nan,nan,nan,nan,nan,nan,nan,nan,nan,nan,nan,nan,nan,nan,nan,nan,nan,nan,nan,nan,nan,nan,nan,nan,nan,nan,nan,nan,nan,nan,nan
582,110159,0.08736980809268023,-0.632502250194549,0.37333333333333335,153,0.5424836601307189,0.10457516339869281,0.013071895424836602,0.08496732026143791,0.0,0.88,0.9053254437869822,0.6601307189542484,0.11764705882352941,0.2222222222222222,13.0,0.058823529411764705,0.06201058201058201,100.75716428756697,0.0036611678335453945,0.8237627625477136,0.9720036210594671,0.0,0.717948717948718,0.1688888888888889,0.30666666666666664,0.36444444444444446,0.6044444444444445,0.8533333333333334,0.88,0.6686390532544378,0.9053254437869822,0.9053254437869822,0.1759476840496063,0.1759476840496063,nan,nan,nan,nan,nan,nan,nan,nan,nan,nan,nan,nan,nan,nan,nan,nan,nan,nan,nan,nan,nan,nan,nan,nan,nan,nan,nan,nan,nan,nan,nan,nan,nan,nan,nan,nan,nan,nan,nan,nan,nan,nan,nan,nan,nan,nan,nan,nan,nan,nan,nan,nan,nan,nan,nan,nan,nan,nan,nan,nan,nan,nan,nan,nan,nan,nan,nan
583,110355,0.08966314407195394,-0.6626945281028735,0.4311111111111111,196,0.4897959183673469,0.09183673469387756,0.0,0.11734693877551021,0.0,0.9422222222222222,0.9763313609467456,0.5816326530612245,0.23469387755102042,0.1836734693877551,7.0,0.015306122448979591,0.05375661375661376,120.01613836288423,0.003555077446139661,0.7998924253814237,0.9864644169261558,0.00510204081632653,0.7586206896551724,0.15555555555555556,0.26666666666666666,0.3688888888888889,0.6488888888888888,0.7377777777777778,0.9422222222222222,0.727810650887574,0.7751479289940828,0.9763313609467456,0.18735964745283126,0.18735964745283126,nan,nan,nan,nan,nan,nan,nan,nan,nan,nan,nan,nan,nan,nan,nan,nan,nan,nan,nan,nan,nan,nan,nan,nan,nan,nan,nan,nan,nan,nan,nan,nan,nan,nan,nan,nan,nan,nan,nan,nan,nan,nan,nan,nan,nan,nan,nan,nan,nan,nan,nan,nan,nan,nan,nan,nan,nan,nan,nan,nan,nan,nan,nan,nan,nan,nan,nan
584,110559,0.09204203018515618,-1.4557537298202512,0.4222222222222222,204,0.46078431372549017,0.1568627450980392,0.0,0.11274509803921569,0.0,0.9022222222222223,0.9822485207100592,0.6176470588235294,0.10784313725490197,0.27450980392156865,21.0,0.10784313725490197,0.05419753086419751,130.5881307601926,0.0031992017601122575,0.7198203960252579,0.9885139914190805,0.0,0.6,0.16,0.2311111111111111,0.31555555555555553,0.5511111111111111,0.72,0.7733333333333333,0.621301775147929,0.8047337278106509,0.8284023668639053,0.19444525837898255,0.19444525837898255,nan,nan,nan,nan,nan,nan,nan,nan,nan,nan,nan,nan,nan,nan,nan,nan,nan,nan,nan,nan,nan,nan,nan,nan,nan,nan,nan,nan,nan,nan,nan,nan,nan,nan,nan,nan,nan,nan,nan,nan,nan,nan,nan,nan,nan,nan,nan,nan,nan,nan,nan,nan,nan,nan,nan,nan,nan,nan,nan,nan,nan,nan,nan,nan,nan,nan,nan
585,110738,0.09412263469046485,-1.4514776284694655,0.40444444444444444,179,0.5027932960893855,0.11731843575418995,0.0,0.0893854748603352,0.0,0.9688888888888889,1.0,0.6201117318435754,0.20670391061452514,0.17318435754189945,10.0,0.07262569832402235,0.05291666666666665,120.69026312828044,0.00331426901915728,0.745710529310388,0.9866641574029182,0.0,0.7115384615384616,0.15555555555555556,0.27555555555555555,0.38222222222222224,0.7377777777777778,0.8755555555555555,0.9644444444444444,0.7810650887573964,0.9644970414201184,1.0,0.19533998966217042,0.19533998966217042,nan,nan,nan,nan,nan,nan,nan,nan,nan,nan,nan,nan,nan,nan,nan,nan,nan,nan,nan,nan,nan,nan,nan,nan,nan,nan,nan,nan,nan,nan,nan,nan,nan,nan,nan,nan,nan,nan,nan,nan,nan,nan,nan,nan,nan,nan,nan,nan,nan,nan,nan,nan,nan,nan,nan,nan,nan,nan,nan,nan,nan,nan,nan,nan,nan,nan,nan
586,110883,0.09580342423519299,-0.6509737493991847,0.38666666666666666,145,0.593103448275862,0.06896551724137931,0.0,0.0896551724137931,0.006896551724137931,0.9377777777777778,0.9644970414201184,0.6620689655172414,0.19310344827586207,0.14482758620689656,5.0,0.0,0.06555555555555555,100.19974999427777,0.003814602553839209,0.858285574613822,0.9709355197401076,0.0,0.8055555555555556,0.16,0.28888888888888886,nan,0.6355555555555555,0.8222222222222222,nan,0.7041420118343196,0.8579881656804734,nan,0.17623379752039908,0.17623379752039908,nan,nan,nan,nan,nan,nan,nan,nan,nan,nan,nan,nan,nan,nan,nan,nan,nan,nan,nan,nan,nan,nan,nan,nan,nan,nan,nan,nan,nan,nan,nan,nan,nan,nan,nan,nan,nan,nan,nan,nan,nan,nan,nan,nan,nan,nan,nan,nan,nan,nan,nan,nan,nan,nan,nan,nan,nan,nan,nan,nan,nan,nan,nan,nan,nan,nan,nan
587,111116,0.09849564501624578,-2.0470444898605313,0.4444444444444444,233,0.4248927038626609,0.12446351931330472,0.0,0.16738197424892703,0.0,0.9244444444444444,0.9585798816568047,0.5493562231759657,0.20600858369098712,0.2446351931330472,29.0,0.1459227467811159,0.04494444444444443,140.27661418914775,0.003136659681610991,0.705748428362473,0.9944148953336879,0.030042918454935622,0.6666666666666666,0.15555555555555556,0.2577777777777778,0.36444444444444446,0.5022222222222222,0.7555555555555555,0.92,0.5207100591715976,0.7633136094674556,0.9585798816568047,0.17017674818634987,0.17017674818634987,nan,nan,nan,nan,nan,nan,nan,nan,nan,nan,nan,nan,nan,nan,nan,nan,nan,nan,nan,nan,nan,nan,nan,nan,nan,nan,nan,nan,nan,nan,nan,nan,nan,nan,nan,nan,nan,nan,nan,nan,nan,nan,nan,nan,nan,nan,nan,nan,nan,nan,nan,nan,nan,nan,nan,nan,nan,nan,nan,nan,nan,nan,nan,nan,nan,nan,nan
588,111265,0.1002117122396588,-0.45050585198402304,0.38666666666666666,149,0.5771812080536913,0.0738255033557047,0.0,0.09395973154362416,0.0,0.9511111111111111,1.0,0.6510067114093959,0.18791946308724833,0.1610738255033557,4.0,0.0,0.06407407407407407,100.25243668556186,0.0038125978266348617,0.8578345109928439,0.9735010845784233,0.0,0.8157894736842105,0.16,0.28,nan,0.68,0.8666666666666667,nan,0.7869822485207101,0.9467455621301775,nan,0.17569667398929595,0.17569667398929595,nan,nan,nan,nan,nan,nan,nan,nan,nan,nan,nan,nan,nan,nan,nan,nan,nan,nan,nan,nan,nan,nan,nan,nan,nan,nan,nan,nan,nan,nan,nan,nan,nan,nan,nan,nan,nan,nan,nan,nan,nan,nan,nan,nan,nan,nan,nan,nan,nan,nan,nan,nan,nan,nan,nan,nan,nan,nan,nan,nan,nan,nan,nan,nan,nan,nan,nan
589,111444,0.10226756683315189,-1.286385432720184,0.41333333333333333,179,0.5139664804469274,0.11173184357541899,0.0,0.0670391061452514,0.00558659217877095,0.92,0.9526627218934911,0.6256983240223464,0.20670391061452514,0.16759776536312848,12.0,0.0446927374301676,0.051111111111111114,120.40367078781107,0.00339598357935016,0.7640963053537859,0.9927300034231802,0.00558659217877095,0.7818181818181819,0.1511111111111111,0.28444444444444444,0.38666666666666666,0.6088888888888889,0.92,0.92,0.6686390532544378,0.9526627218934911,0.9526627218934911,0.17342133820056915,0.17342133820056915,nan,nan,nan,nan,nan,nan,nan,nan,nan,nan,nan,nan,nan,nan,nan,nan,nan,nan,nan,nan,nan,nan,nan,nan,nan,nan,nan,nan,nan,nan,nan,nan,nan,nan,nan,nan,nan,nan,nan,nan,nan,nan,nan,nan,nan,nan,nan,nan,nan,nan,nan,nan,nan,nan,nan,nan,nan,nan,nan,nan,nan,nan,nan,nan,nan,nan,nan
590,111604,0.10409991992892717,-1.9817234621047954,0.29333333333333333,160,0.40625,0.1875,0.0,0.075,0.0,0.7911111111111111,0.8402366863905325,0.59375,0.325,0.08125,50.0,0.30625,0.04603174603174603,100.25450916290251,0.002881555067208761,0.6483498901219712,0.9428447523957013,0.0,0.49056603773584906,0.1688888888888889,0.26222222222222225,0.27111111111111114,0.6622222222222223,0.7466666666666667,0.7466666666666667,0.7692307692307693,0.8165680473372781,0.8165680473372781,0.15786611139774323,0.15786611139774323,nan,nan,nan,nan,nan,nan,nan,nan,nan,nan,nan,nan,nan,nan,nan,nan,nan,nan,nan,nan,nan,nan,nan,nan,nan,nan,nan,nan,nan,nan,nan,nan,nan,nan,nan,nan,nan,nan,nan,nan,nan,nan,nan,nan,nan,nan,nan,nan,nan,nan,nan,nan,nan,nan,nan,nan,nan,nan,nan,nan,nan,nan,nan,nan,nan,nan,nan
591,111804,0.10638336523162378,-1.8000919582843764,0.38666666666666666,200,0.43,0.115,0.0,0.155,0.0,0.8977777777777778,0.9526627218934911,0.545,0.15,0.305,19.0,0.14,0.04777777777777778,120.42944722175571,0.0031738269255559065,0.7141110582500789,0.9687113810409491,0.0,0.6666666666666666,0.14666666666666667,0.24444444444444444,0.3422222222222222,0.5955555555555555,0.8177777777777778,0.8977777777777778,0.6863905325443787,0.8994082840236687,0.9526627218934911,0.17395173460245134,0.17395173460245134,nan,nan,nan,nan,nan,nan,nan,nan,nan,nan,nan,nan,nan,nan,nan,nan,nan,nan,nan,nan,nan,nan,nan,nan,nan,nan,nan,nan,nan,nan,nan,nan,nan,nan,nan,nan,nan,nan,nan,nan,nan,nan,nan,nan,nan,nan,nan,nan,nan,nan,nan,nan,nan,nan,nan,nan,nan,nan,nan,nan,nan,nan,nan,nan,nan,nan,nan
592,111906,0.10754493497971074,-0.6458406407833098,0.3022222222222222,102,0.6568627450980392,0.00980392156862745,0.0,0.08823529411764706,0.00980392156862745,0.8888888888888888,0.9349112426035503,0.6666666666666666,0.1568627450980392,0.17647058823529413,4.0,0.0,0.06977777777777786,70.89372038841238,0.0042003406810407675,0.9450766532341727,0.9942569957095401,0.029411764705882353,0.96,0.16444444444444445,0.29777777777777775,nan,0.5511111111111111,0.8888888888888888,nan,0.621301775147929,0.9349112426035503,nan,0.16967518776655197,0.16967518776655197,nan,nan,nan,nan,nan,nan,nan,nan,nan,nan,nan,nan,nan,nan,nan,nan,nan,nan,nan,nan,nan,nan,nan,nan,nan,nan,nan,nan,nan,nan,nan,nan,nan,nan,nan,nan,nan,nan,nan,nan,nan,nan,nan,nan,nan,nan,nan,nan,nan,nan,nan,nan,nan,nan,nan,nan,nan,nan,nan,nan,nan,nan,nan,nan,nan,nan,nan
593,112069,0.10939698812345133,-2.166237874031067,0.32,163,0.43558282208588955,0.12883435582822086,0.0,0.15337423312883436,0.012269938650306749,0.8933333333333333,1.0,0.5644171779141104,0.15950920245398773,0.27607361963190186,17.0,0.1165644171779141,0.04507936507936507,100.17369403839083,0.0031500840473609893,0.7087689106562225,0.9711847768063459,0.018404907975460124,0.6521739130434783,0.14666666666666667,0.26222222222222225,0.32,0.6266666666666667,0.8488888888888889,0.8933333333333333,0.7100591715976331,0.9881656804733728,1.0,0.16074507758021356,0.16074507758021356,nan,nan,nan,nan,nan,nan,nan,nan,nan,nan,nan,nan,nan,nan,nan,nan,nan,nan,nan,nan,nan,nan,nan,nan,nan,nan,nan,nan,nan,nan,nan,nan,nan,nan,nan,nan,nan,nan,nan,nan,nan,nan,nan,nan,nan,nan,nan,nan,nan,nan,nan,nan,nan,nan,nan,nan,nan,nan,nan,nan,nan,nan,nan,nan,nan,nan,nan
594,112174,0.1105873090326788,-1.0615923871994015,0.32,105,0.6761904761904762,0.009523809523809525,0.0,0.0761904761904762,0.009523809523809525,0.9733333333333334,0.9940828402366864,0.6857142857142857,0.18095238095238095,0.13333333333333333,3.0,0.0,0.0737777777777778,80.39611797332755,0.0039250098575685614,0.8831272179529261,0.9848169275612934,0.0,0.96,0.17777777777777778,0.30666666666666664,nan,0.7555555555555555,0.9422222222222222,nan,0.8165680473372781,0.9704142011834319,nan,0.18175162971019745,0.18175162971019745,nan,nan,nan,nan,nan,nan,nan,nan,nan,nan,nan,nan,nan,nan,nan,nan,nan,nan,nan,nan,nan,nan,nan,nan,nan,nan,nan,nan,nan,nan,nan,nan,nan,nan,nan,nan,nan,nan,nan,nan,nan,nan,nan,nan,nan,nan,nan,nan,nan,nan,nan,nan,nan,nan,nan,nan,nan,nan,nan,nan,nan,nan,nan,nan,nan,nan,nan
595,112319,0.11222758838031294,-1.4807206211090087,0.35555555555555557,145,0.5448275862068965,0.07586206896551724,0.0,0.10344827586206896,0.006896551724137931,0.8755555555555555,0.8994082840236687,0.6206896551724138,0.14482758620689656,0.23448275862068965,8.0,0.027586206896551724,0.06037037037037037,100.19733924865712,0.003504195957137823,0.78844409035601,0.9910253145706845,0.0,0.8461538461538461,0.1511111111111111,0.26222222222222225,nan,0.5777777777777777,0.7155555555555555,nan,0.6390532544378699,0.757396449704142,nan,0.1982717514038086,0.1982717514038086,nan,nan,nan,nan,nan,nan,nan,nan,nan,nan,nan,nan,nan,nan,nan,nan,nan,nan,nan,nan,nan,nan,nan,nan,nan,nan,nan,nan,nan,nan,nan,nan,nan,nan,nan,nan,nan,nan,nan,nan,nan,nan,nan,nan,nan,nan,nan,nan,nan,nan,nan,nan,nan,nan,nan,nan,nan,nan,nan,nan,nan,nan,nan,nan,nan,nan,nan
596,112509,0.11437079076262838,-3.8266332027912155,0.38666666666666666,190,0.45263157894736844,0.08421052631578947,0.0,0.22105263157894736,0.0,0.9555555555555556,0.9940828402366864,0.5368421052631579,0.3526315789473684,0.11052631578947368,30.0,0.1736842105263158,0.048888888888888885,120.15841145515431,0.0031809859800358276,0.7157218455080612,0.9469200790313892,0.0,0.7111111111111111,0.16444444444444445,0.24444444444444444,0.3288888888888889,0.5911111111111111,0.84,0.9333333333333333,0.7396449704142012,0.9704142011834319,0.9940828402366864,0.1598515532910824,0.1598515532910824,nan,nan,nan,nan,nan,nan,nan,nan,nan,nan,nan,nan,nan,nan,nan,nan,nan,nan,nan,nan,nan,nan,nan,nan,nan,nan,nan,nan,nan,nan,nan,nan,nan,nan,nan,nan,nan,nan,nan,nan,nan,nan,nan,nan,nan,nan,nan,nan,nan,nan,nan,nan,nan,nan,nan,nan,nan,nan,nan,nan,nan,nan,nan,nan,nan,nan,nan
597,112666,0.11613651750099514,-1.219076387882233,0.36444444444444446,157,0.5159235668789809,0.07643312101910828,0.0,0.12101910828025478,0.006369426751592357,0.8,0.8579881656804734,0.5923566878980892,0.17834394904458598,0.22929936305732485,12.0,0.044585987261146494,0.05469387755102041,100.11501321792583,0.0035958642807784316,0.8090694631751469,0.9981344380967296,0.006369426751592357,0.8222222222222222,0.1511111111111111,0.27111111111111114,0.35555555555555557,0.6711111111111111,0.8,0.8,0.7159763313609467,0.8579881656804734,0.8579881656804734,0.1774164244532585,0.1774164244532585,nan,nan,nan,nan,nan,nan,nan,nan,nan,nan,nan,nan,nan,nan,nan,nan,nan,nan,nan,nan,nan,nan,nan,nan,nan,nan,nan,nan,nan,nan,nan,nan,nan,nan,nan,nan,nan,nan,nan,nan,nan,nan,nan,nan,nan,nan,nan,nan,nan,nan,nan,nan,nan,nan,nan,nan,nan,nan,nan,nan,nan,nan,nan,nan,nan,nan,nan
598,112844,0.11813270664642296,-0.9845859956741314,0.4266666666666667,178,0.5337078651685393,0.10112359550561797,0.0,0.0898876404494382,0.0,0.8933333333333333,0.9349112426035503,0.6348314606741573,0.20224719101123595,0.16292134831460675,7.0,0.02247191011235955,0.06500000000000003,120.25319995880106,0.003511110077460527,0.7899997674286185,0.9834836953405748,0.0056179775280898875,0.7755102040816326,0.1688888888888889,0.28444444444444444,0.36444444444444446,0.5777777777777777,0.8222222222222222,0.8222222222222222,0.6390532544378699,0.8757396449704142,0.8757396449704142,0.20128444135189055,0.20128444135189055,nan,nan,nan,nan,nan,nan,nan,nan,nan,nan,nan,nan,nan,nan,nan,nan,nan,nan,nan,nan,nan,nan,nan,nan,nan,nan,nan,nan,nan,nan,nan,nan,nan,nan,nan,nan,nan,nan,nan,nan,nan,nan,nan,nan,nan,nan,nan,nan,nan,nan,nan,nan,nan,nan,nan,nan,nan,nan,nan,nan,nan,nan,nan,nan,nan,nan,nan
599,112974,0.1195867658650293,-1.1422872784137705,0.3288888888888889,130,0.5615384615384615,0.06153846153846154,0.0,0.1,0.007692307692307693,0.8577777777777778,0.9230769230769231,0.6230769230769231,0.23076923076923078,0.14615384615384616,8.0,0.023076923076923078,0.06,88.59321217536915,0.003662181745958266,0.8239908928406098,0.9770471361250178,0.015384615384615385,0.8055555555555556,0.16444444444444445,0.2577777777777778,nan,0.72,0.7644444444444445,nan,0.863905325443787,0.863905325443787,nan,0.16725131571292878,0.16725131571292878,nan,nan,nan,nan,nan,nan,nan,nan,nan,nan,nan,nan,nan,nan,nan,nan,nan,nan,nan,nan,nan,nan,nan,nan,nan,nan,nan,nan,nan,nan,nan,nan,nan,nan,nan,nan,nan,nan,nan,nan,nan,nan,nan,nan,nan,nan,nan,nan,nan,nan,nan,nan,nan,nan,nan,nan,nan,nan,nan,nan,nan,nan,nan,nan,nan,nan,nan
600,113111,0.11975388795700957,-0.5153808639049515,0.38222222222222224,137,0.6204379562043796,0.08759124087591241,0.0,0.0364963503649635,0.0,0.9422222222222222,0.9940828402366864,0.708029197080292,0.16058394160583941,0.13138686131386862,8.0,0.021897810218978103,0.06697530864197532,100.22267489433278,0.003769384305259046,0.8481114686832852,0.9460054613870653,0.0,0.6857142857142857,0.1688888888888889,0.29333333333333333,nan,0.5733333333333334,0.88,nan,0.6094674556213018,0.9585798816568047,nan,0.15751676484942437,0.15751676484942437,-1.1479352115631094,0.376,167.9,0.0,1.0,0.4999079670356039,0.12256700696316203,0.0,0.11071858165082935,0.0012806484295845998,0.8497777777777777,0.8940828402366863,0.6224749739987658,0.14914227133353847,0.22838275466769567,17.6,0.10289464810507312,0.05273120089786756,108.29081153869602,0.0034377656006373573,0.7734972601434054,0.9720776513907776,0.0033401137869222977,0.6838463493564447,0.16533333333333336,0.2795555555555556,0.3649382716049383,0.6644444444444445,0.7875555555555556,0.8390123456790124,0.7455621301775148,0.8538461538461538,0.883629191321499,-21.728520191097264,0.3173333333333333,157.9,0.0,1.0,0.47921754446520054,0.10075253746191501,0.0031088082901554403,0.1773350193075548,0.005981081126459501,0.7933333333333333,0.839644970414201,0.583078890217271,0.19988330718711936,0.21703780259560967,29.5,0.17071483987381172,0.05336898418886724,99.40590658187847,0.0032557831804988905,0.7325512156122503,0.9212286273763745,0.0015595238095238097,0.6924387782959212,0.15733333333333333,0.25382716049382714,0.32,0.5853333333333335,0.745679012345679,0.7828571428571428,0.6431952662721894,0.8053911900065746,0.8343195266272189,2.3044437285411647
601,113312,0.11728153258504377,-2.436702944040296,0.3333333333333333,201,0.3681592039800995,0.208955223880597,0.0,0.14427860696517414,0.0,0.7733333333333333,0.8106508875739645,0.5771144278606966,0.13432835820895522,0.2885572139303483,22.0,0.23383084577114427,0.03654320987654321,120.29240899085956,0.0027340784979530968,0.6151676620394467,0.9833254630898265,0.004975124378109453,0.4727272727272727,0.14666666666666667,0.24888888888888888,0.27111111111111114,0.5822222222222222,0.7066666666666667,0.7066666666666667,0.6449704142011834,0.7514792899408284,0.7514792899408284,0.15874359905719757,0.15874359905719757,nan,nan,nan,nan,nan,nan,nan,nan,nan,nan,nan,nan,nan,nan,nan,nan,nan,nan,nan,nan,nan,nan,nan,nan,nan,nan,nan,nan,nan,nan,nan,nan,nan,nan,nan,nan,nan,nan,nan,nan,nan,nan,nan,nan,nan,nan,nan,nan,nan,nan,nan,nan,nan,nan,nan,nan,nan,nan,nan,nan,nan,nan,nan,nan,nan,nan,nan
602,113475,0.11528252172650812,-0.8333061785697927,0.4,163,0.5460122699386503,0.10429447852760736,0.0,0.09815950920245399,0.0,0.8622222222222222,0.9408284023668639,0.6503067484662577,0.19631901840490798,0.15337423312883436,10.0,0.049079754601226995,0.05943833943833944,110.66958265304551,0.003574203011098735,0.8041956774972153,0.9920163841272961,0.0,0.7073170731707317,0.1688888888888889,0.3111111111111111,0.37777777777777777,0.7422222222222222,0.8133333333333334,0.8622222222222222,0.8579881656804734,0.9408284023668639,0.9408284023668639,0.17763014137744904,0.17763014137744904,nan,nan,nan,nan,nan,nan,nan,nan,nan,nan,nan,nan,nan,nan,nan,nan,nan,nan,nan,nan,nan,nan,nan,nan,nan,nan,nan,nan,nan,nan,nan,nan,nan,nan,nan,nan,nan,nan,nan,nan,nan,nan,nan,nan,nan,nan,nan,nan,nan,nan,nan,nan,nan,nan,nan,nan,nan,nan,nan,nan,nan,nan,nan,nan,nan,nan,nan
603,113664,0.11297128879146909,-2.3363779554367055,0.38222222222222224,189,0.4497354497354497,0.10052910052910052,0.0,0.1693121693121693,0.0,0.9688888888888889,0.9881656804733728,0.5502645502645502,0.2275132275132275,0.2222222222222222,9.0,0.037037037037037035,0.04940476190476191,120.54645671844463,0.00313387707993888,0.7051223429862479,0.9969006008591169,0.015873015873015872,0.7358490566037735,0.16,0.24444444444444444,0.3111111111111111,0.6044444444444445,0.6888888888888889,0.7777777777777778,0.6568047337278107,0.7337278106508875,0.8047337278106509,0.16983713954687119,0.16983713954687119,nan,nan,nan,nan,nan,nan,nan,nan,nan,nan,nan,nan,nan,nan,nan,nan,nan,nan,nan,nan,nan,nan,nan,nan,nan,nan,nan,nan,nan,nan,nan,nan,nan,nan,nan,nan,nan,nan,nan,nan,nan,nan,nan,nan,nan,nan,nan,nan,nan,nan,nan,nan,nan,nan,nan,nan,nan,nan,nan,nan,nan,nan,nan,nan,nan,nan,nan
604,113809,0.11120294337114185,0.7960776996612549,0.4311111111111111,145,0.6620689655172414,0.06206896551724138,0.0,0.034482758620689655,0.0,0.9733333333333334,0.9822485207100592,0.7241379310344828,0.12413793103448276,0.15172413793103448,5.0,0.0,0.07333333333333332,100.08497428894022,0.004263044175191591,0.9591849394181078,0.9817036256381141,0.0,0.8823529411764706,0.17777777777777778,0.3244444444444444,nan,0.6355555555555555,0.9155555555555556,nan,0.7100591715976331,0.9467455621301775,nan,0.19672946780920028,0.19672946780920028,nan,nan,nan,nan,nan,nan,nan,nan,nan,nan,nan,nan,nan,nan,nan,nan,nan,nan,nan,nan,nan,nan,nan,nan,nan,nan,nan,nan,nan,nan,nan,nan,nan,nan,nan,nan,nan,nan,nan,nan,nan,nan,nan,nan,nan,nan,nan,nan,nan,nan,nan,nan,nan,nan,nan,nan,nan,nan,nan,nan,nan,nan,nan,nan,nan,nan,nan
605,113912,0.10994934744939303,-1.419336696147917,0.26666666666666666,103,0.5728155339805825,0.06796116504854369,0.0,0.11650485436893204,0.009708737864077669,0.7244444444444444,0.7928994082840237,0.6407766990291263,0.07766990291262135,0.2815533980582524,6.0,0.009708737864077669,0.05896296296296292,70.67939710617058,0.0037100234715970607,0.8347552811093386,0.9828317538434577,0.0,0.84,0.15555555555555556,0.26222222222222225,nan,0.6177777777777778,0.7244444444444444,nan,0.6982248520710059,0.7928994082840237,nan,0.18513117730617523,0.18513117730617523,nan,nan,nan,nan,nan,nan,nan,nan,nan,nan,nan,nan,nan,nan,nan,nan,nan,nan,nan,nan,nan,nan,nan,nan,nan,nan,nan,nan,nan,nan,nan,nan,nan,nan,nan,nan,nan,nan,nan,nan,nan,nan,nan,nan,nan,nan,nan,nan,nan,nan,nan,nan,nan,nan,nan,nan,nan,nan,nan,nan,nan,nan,nan,nan,nan,nan,nan
606,114143,0.10714553875894635,-0.6458951101303119,0.4888888888888889,231,0.47186147186147187,0.1341991341991342,0.008658008658008658,0.10822510822510822,0.0,0.9155555555555556,0.9644970414201184,0.6147186147186147,0.19913419913419914,0.18614718614718614,20.0,0.1341991341991342,0.04844444444444444,140.6180486679076,0.003445108569160555,0.7751494280611249,0.9898565119025645,0.004329004329004329,0.640625,0.18222222222222223,0.26666666666666666,0.39555555555555555,0.7333333333333333,0.7688888888888888,0.8711111111111111,0.8994082840236687,0.8994082840236687,0.9644970414201184,0.20768806636333464,0.20768806636333464,nan,nan,nan,nan,nan,nan,nan,nan,nan,nan,nan,nan,nan,nan,nan,nan,nan,nan,nan,nan,nan,nan,nan,nan,nan,nan,nan,nan,nan,nan,nan,nan,nan,nan,nan,nan,nan,nan,nan,nan,nan,nan,nan,nan,nan,nan,nan,nan,nan,nan,nan,nan,nan,nan,nan,nan,nan,nan,nan,nan,nan,nan,nan,nan,nan,nan,nan
607,114354,0.1045937152172257,-2.5834028406143186,0.3244444444444444,211,0.3412322274881517,0.1895734597156398,0.0,0.14218009478672985,0.0,0.7555555555555555,0.8698224852071006,0.5308056872037915,0.11374407582938388,0.35545023696682465,67.0,0.36492890995260663,0.03555555555555555,120.11812229156453,0.0026640443081790703,0.5994099693402908,0.8894309578176472,0.0,0.45588235294117646,0.17333333333333334,0.24888888888888888,0.3244444444444444,0.6444444444444445,0.7244444444444444,0.7555555555555555,0.7633136094674556,0.834319526627219,0.8698224852071006,0.16868893206119537,0.16868893206119537,nan,nan,nan,nan,nan,nan,nan,nan,nan,nan,nan,nan,nan,nan,nan,nan,nan,nan,nan,nan,nan,nan,nan,nan,nan,nan,nan,nan,nan,nan,nan,nan,nan,nan,nan,nan,nan,nan,nan,nan,nan,nan,nan,nan,nan,nan,nan,nan,nan,nan,nan,nan,nan,nan,nan,nan,nan,nan,nan,nan,nan,nan,nan,nan,nan,nan,nan
608,114494,0.10290541436955383,-0.6951145792007449,0.38666666666666666,140,0.6142857142857143,0.04285714285714286,0.0,0.07142857142857142,0.0,0.9911111111111112,1.0,0.6571428571428571,0.15714285714285714,0.18571428571428572,5.0,0.0,0.06864197530864198,100.1915674209594,0.003814914089688789,0.8583556701799774,0.9790006983615882,0.014285714285714285,0.8947368421052632,0.16444444444444445,0.28444444444444444,nan,0.7066666666666667,0.9244444444444444,nan,0.7396449704142012,0.9526627218934911,nan,0.1610146149992943,0.1610146149992943,nan,nan,nan,nan,nan,nan,nan,nan,nan,nan,nan,nan,nan,nan,nan,nan,nan,nan,nan,nan,nan,nan,nan,nan,nan,nan,nan,nan,nan,nan,nan,nan,nan,nan,nan,nan,nan,nan,nan,nan,nan,nan,nan,nan,nan,nan,nan,nan,nan,nan,nan,nan,nan,nan,nan,nan,nan,nan,nan,nan,nan,nan,nan,nan,nan,nan,nan
609,114628,0.1012930874338851,-0.9270476160049427,0.3111111111111111,134,0.5149253731343284,0.06716417910447761,0.0,0.13432835820895522,0.007462686567164179,0.8844444444444445,0.9230769230769231,0.582089552238806,0.26119402985074625,0.15671641791044777,10.0,0.05223880597014925,0.05111111111111111,80.17188205718978,0.0038251149754462447,0.8606508694754049,0.9859170460830027,0.03731343283582089,0.7894736842105263,0.14222222222222222,0.26222222222222225,nan,0.49333333333333335,0.8488888888888889,nan,0.5443786982248521,0.9230769230769231,nan,0.17402756288647653,0.17402756288647653,nan,nan,nan,nan,nan,nan,nan,nan,nan,nan,nan,nan,nan,nan,nan,nan,nan,nan,nan,nan,nan,nan,nan,nan,nan,nan,nan,nan,nan,nan,nan,nan,nan,nan,nan,nan,nan,nan,nan,nan,nan,nan,nan,nan,nan,nan,nan,nan,nan,nan,nan,nan,nan,nan,nan,nan,nan,nan,nan,nan,nan,nan,nan,nan,nan,nan,nan
610,114827,0.09890517908447695,-1.7295503320693966,0.37333333333333335,199,0.41708542713567837,0.1658291457286432,0.0,0.11557788944723618,0.0,0.8133333333333334,0.834319526627219,0.5829145728643216,0.20100502512562815,0.21608040201005024,16.0,0.1407035175879397,0.04622685185185186,120.29095554351777,0.003066638611540796,0.689993687596679,0.9964043067858099,0.020100502512562814,0.6333333333333333,0.13777777777777778,0.26666666666666666,0.3466666666666667,0.5288888888888889,0.8133333333333334,0.8133333333333334,0.5502958579881657,0.834319526627219,0.834319526627219,0.18376824855804444,0.18376824855804444,nan,nan,nan,nan,nan,nan,nan,nan,nan,nan,nan,nan,nan,nan,nan,nan,nan,nan,nan,nan,nan,nan,nan,nan,nan,nan,nan,nan,nan,nan,nan,nan,nan,nan,nan,nan,nan,nan,nan,nan,nan,nan,nan,nan,nan,nan,nan,nan,nan,nan,nan,nan,nan,nan,nan,nan,nan,nan,nan,nan,nan,nan,nan,nan,nan,nan,nan
611,115014,0.09666834915789008,-0.8609519903659816,0.41333333333333333,187,0.4919786096256685,0.13903743315508021,0.0,0.0962566844919786,0.0,0.9111111111111111,0.9526627218934911,0.6310160427807486,0.21390374331550802,0.15508021390374332,9.0,0.06417112299465241,0.05532407407407407,120.32335228919953,0.0033982504734917664,0.7646063565356473,0.9820184387155719,0.0053475935828877,0.6078431372549019,0.1688888888888889,0.2577777777777778,0.3466666666666667,0.6844444444444444,0.7733333333333333,0.8488888888888889,0.7455621301775148,0.8402366863905325,0.9230769230769231,0.18457804918289183,0.18457804918289183,nan,nan,nan,nan,nan,nan,nan,nan,nan,nan,nan,nan,nan,nan,nan,nan,nan,nan,nan,nan,nan,nan,nan,nan,nan,nan,nan,nan,nan,nan,nan,nan,nan,nan,nan,nan,nan,nan,nan,nan,nan,nan,nan,nan,nan,nan,nan,nan,nan,nan,nan,nan,nan,nan,nan,nan,nan,nan,nan,nan,nan,nan,nan,nan,nan,nan,nan
612,115168,0.09483139613608278,-1.784045335769652,0.3333333333333333,154,0.4805194805194805,0.09740259740259741,0.0,0.11038961038961038,0.0,0.8133333333333334,0.8402366863905325,0.577922077922078,0.2597402597402597,0.16233766233766234,16.0,0.08441558441558442,0.046984126984126975,100.71471748352035,0.003265549436135826,0.7347486231305609,0.9942942879451924,0.0,0.75,0.16444444444444445,0.26222222222222225,0.3333333333333333,0.6666666666666666,0.8133333333333334,0.8133333333333334,0.7218934911242604,0.8402366863905325,0.8402366863905325,0.1881978079676628,0.1881978079676628,nan,nan,nan,nan,nan,nan,nan,nan,nan,nan,nan,nan,nan,nan,nan,nan,nan,nan,nan,nan,nan,nan,nan,nan,nan,nan,nan,nan,nan,nan,nan,nan,nan,nan,nan,nan,nan,nan,nan,nan,nan,nan,nan,nan,nan,nan,nan,nan,nan,nan,nan,nan,nan,nan,nan,nan,nan,nan,nan,nan,nan,nan,nan,nan,nan,nan,nan
613,115316,0.09307038051927471,-0.41601060914993293,0.3688888888888889,148,0.5540540540540541,0.14864864864864866,0.0,0.04054054054054054,0.0,0.9866666666666667,0.9881656804733728,0.7027027027027027,0.18243243243243243,0.11486486486486487,23.0,0.12837837837837837,0.06086956521739129,100.83819627761818,0.0036141507672458805,0.8131839226303231,0.9761803479370822,0.0,0.7368421052631579,0.17333333333333334,0.32,nan,0.7511111111111111,0.96,nan,0.8402366863905325,0.9881656804733728,nan,0.16318856850266455,0.16318856850266455,nan,nan,nan,nan,nan,nan,nan,nan,nan,nan,nan,nan,nan,nan,nan,nan,nan,nan,nan,nan,nan,nan,nan,nan,nan,nan,nan,nan,nan,nan,nan,nan,nan,nan,nan,nan,nan,nan,nan,nan,nan,nan,nan,nan,nan,nan,nan,nan,nan,nan,nan,nan,nan,nan,nan,nan,nan,nan,nan,nan,nan,nan,nan,nan,nan,nan,nan
614,115489,0.09101731220023516,-1.3956028335094417,0.3288888888888889,173,0.42196531791907516,0.1329479768786127,0.0,0.13872832369942195,0.0,0.7911111111111111,0.8520710059171598,0.5549132947976878,0.2543352601156069,0.1907514450867052,28.0,0.13872832369942195,0.04651483781918564,100.45336031913726,0.003229801804675268,0.7267054060519352,0.9708665311713811,0.005780346820809248,0.6415094339622641,0.13777777777777778,0.24444444444444444,0.31555555555555553,0.5377777777777778,0.7511111111111111,0.7911111111111111,0.6094674556213018,0.8165680473372781,0.8520710059171598,0.17698088735342027,0.17698088735342027,nan,nan,nan,nan,nan,nan,nan,nan,nan,nan,nan,nan,nan,nan,nan,nan,nan,nan,nan,nan,nan,nan,nan,nan,nan,nan,nan,nan,nan,nan,nan,nan,nan,nan,nan,nan,nan,nan,nan,nan,nan,nan,nan,nan,nan,nan,nan,nan,nan,nan,nan,nan,nan,nan,nan,nan,nan,nan,nan,nan,nan,nan,nan,nan,nan,nan,nan
615,115671,0.08886372516680935,-0.7627795150279981,0.4311111111111111,182,0.5274725274725275,0.10989010989010989,0.0,0.1043956043956044,0.0,0.9511111111111111,0.9822485207100592,0.6373626373626373,0.17582417582417584,0.18681318681318682,12.0,0.054945054945054944,0.05476190476190475,120.15028109550445,0.0035511083517775544,0.7989993791499497,0.9635477323438723,0.005494505494505495,0.7446808510638298,0.17333333333333334,0.27555555555555555,0.38222222222222224,0.6666666666666666,0.8266666666666667,0.9511111111111111,0.727810650887574,0.8816568047337278,0.9822485207100592,0.1716815561056137,0.1716815561056137,nan,nan,nan,nan,nan,nan,nan,nan,nan,nan,nan,nan,nan,nan,nan,nan,nan,nan,nan,nan,nan,nan,nan,nan,nan,nan,nan,nan,nan,nan,nan,nan,nan,nan,nan,nan,nan,nan,nan,nan,nan,nan,nan,nan,nan,nan,nan,nan,nan,nan,nan,nan,nan,nan,nan,nan,nan,nan,nan,nan,nan,nan,nan,nan,nan,nan,nan
616,115899,0.08617490110190569,-3.46752524137497,0.3688888888888889,228,0.35964912280701755,0.18859649122807018,0.0,0.13596491228070176,0.0,0.8177777777777778,0.863905325443787,0.5482456140350878,0.14912280701754385,0.3026315789473684,53.0,0.25877192982456143,0.036444444444444446,140.7573832511901,0.002589167516662847,0.5825626912491405,0.9448778340946153,0.017543859649122806,0.4861111111111111,0.14666666666666667,0.25333333333333335,0.3288888888888889,0.5911111111111111,0.7866666666666666,0.8044444444444444,0.6390532544378699,0.8402366863905325,0.863905325443787,0.20602069646120072,0.20602069646120072,nan,nan,nan,nan,nan,nan,nan,nan,nan,nan,nan,nan,nan,nan,nan,nan,nan,nan,nan,nan,nan,nan,nan,nan,nan,nan,nan,nan,nan,nan,nan,nan,nan,nan,nan,nan,nan,nan,nan,nan,nan,nan,nan,nan,nan,nan,nan,nan,nan,nan,nan,nan,nan,nan,nan,nan,nan,nan,nan,nan,nan,nan,nan,nan,nan,nan,nan
617,116048,0.08442317231508017,-1.3270767345428456,0.35555555555555557,149,0.5302013422818792,0.08053691275167785,0.0,0.09395973154362416,0.0,0.9111111111111111,0.9408284023668639,0.610738255033557,0.2348993288590604,0.15436241610738255,16.0,0.0738255033557047,0.05891975308641976,100.12454032897932,0.003506743800845077,0.7890173551901423,0.990171368496193,0.013422818791946308,0.7954545454545454,0.16444444444444445,0.24,nan,0.6177777777777778,0.6622222222222223,nan,0.6686390532544378,0.6923076923076923,nan,0.1977584958076477,0.1977584958076477,nan,nan,nan,nan,nan,nan,nan,nan,nan,nan,nan,nan,nan,nan,nan,nan,nan,nan,nan,nan,nan,nan,nan,nan,nan,nan,nan,nan,nan,nan,nan,nan,nan,nan,nan,nan,nan,nan,nan,nan,nan,nan,nan,nan,nan,nan,nan,nan,nan,nan,nan,nan,nan,nan,nan,nan,nan,nan,nan,nan,nan,nan,nan,nan,nan,nan,nan
618,116236,0.08221906008882306,-1.2637988331317882,0.41333333333333333,188,0.48936170212765956,0.11170212765957446,0.0,0.1276595744680851,0.0,0.8666666666666667,0.9112426035502958,0.601063829787234,0.15425531914893617,0.24468085106382978,10.0,0.06914893617021277,0.051623931623931626,120.2457031726834,0.003400444906556773,0.765100103975274,0.9946359778274613,0.005319148936170213,0.7254901960784313,0.18222222222222223,0.28444444444444444,0.37777777777777777,0.6355555555555555,0.7422222222222222,0.84,0.6686390532544378,0.8106508875739645,0.893491124260355,0.17410075962543486,0.17410075962543486,nan,nan,nan,nan,nan,nan,nan,nan,nan,nan,nan,nan,nan,nan,nan,nan,nan,nan,nan,nan,nan,nan,nan,nan,nan,nan,nan,nan,nan,nan,nan,nan,nan,nan,nan,nan,nan,nan,nan,nan,nan,nan,nan,nan,nan,nan,nan,nan,nan,nan,nan,nan,nan,nan,nan,nan,nan,nan,nan,nan,nan,nan,nan,nan,nan,nan,nan
619,116400,0.08030189116484533,-1.2499182481765734,0.36,164,0.4878048780487805,0.07926829268292683,0.0,0.1402439024390244,0.006097560975609756,0.8133333333333334,0.8875739644970414,0.5670731707317073,0.20121951219512196,0.23170731707317074,7.0,0.024390243902439025,0.052290249433106575,100.15160236358619,0.0035501734087564725,0.7987890169702062,0.9854444157019656,0.006097560975609756,0.7446808510638298,0.16444444444444445,0.26666666666666666,0.3466666666666667,0.6488888888888888,0.7644444444444445,0.8133333333333334,0.757396449704142,0.8461538461538461,0.8875739644970414,0.16747407391667365,0.16747407391667365,nan,nan,nan,nan,nan,nan,nan,nan,nan,nan,nan,nan,nan,nan,nan,nan,nan,nan,nan,nan,nan,nan,nan,nan,nan,nan,nan,nan,nan,nan,nan,nan,nan,nan,nan,nan,nan,nan,nan,nan,nan,nan,nan,nan,nan,nan,nan,nan,nan,nan,nan,nan,nan,nan,nan,nan,nan,nan,nan,nan,nan,nan,nan,nan,nan,nan,nan
620,116592,0.0780639776978993,-1.0887771525382988,0.40444444444444444,192,0.46875,0.14583333333333334,0.0,0.10416666666666667,0.0,0.8088888888888889,0.8816568047337278,0.6145833333333334,0.2552083333333333,0.13020833333333334,9.0,0.06770833333333333,0.05183006535947712,120.63597288131677,0.0033157605517346402,0.746046124140294,0.9969490289706933,0.0,0.6111111111111112,0.1688888888888889,0.27111111111111114,0.3333333333333333,0.6755555555555556,0.7511111111111111,0.7644444444444445,0.7692307692307693,0.8402366863905325,0.8402366863905325,0.18222930803894996,0.18222930803894996,-1.3933926226377475,0.3791111111111111,175.5,0.0,1.0,0.48137373585610777,0.07697355893841056,0.0,0.16807939458598525,0.0012418300653594771,0.8715555555555557,0.9177514792899408,0.5583472947945183,0.16067641353567091,0.28097629166981075,10.0,0.05129649964220495,0.05311479158506509,107.23707259654975,0.00348519457095432,0.784168778464722,0.9880025704916313,0.007035549324510085,0.7923691998908529,0.1537777777777778,0.252,0.3391111111111111,0.6199999999999999,0.764,0.836,0.7076923076923076,0.8313609467455623,0.8846153846153847,-3.158696036720276,0.32311111111111107,170.6,0.0,1.0,0.4250546253847457,0.10070358458516507,0.015483870967741935,0.19140270356512867,0.0021777093238449403,0.8022222222222222,0.8426035502958579,0.5412420809376527,0.1648572699413143,0.29390064912103303,26.0,0.17202837392349507,0.045198820681912465,106.22472415924047,0.003012505624876837,0.6778137655972882,0.9372359541661194,0.01640112078361957,0.6507212438766488,0.14133333333333334,0.2261728395061728,0.30074074074074075,0.5591111111111111,0.682962962962963,0.7772839506172841,0.6343195266272189,0.7324128862590401,0.8159105851413543,2.2961280736357663
621,116758,0.07613482092640719,-2.476585570573806,0.28444444444444444,166,0.3795180722891566,0.18674698795180722,0.0,0.13253012048192772,0.0,0.7422222222222222,0.8224852071005917,0.5662650602409639,0.15060240963855423,0.28313253012048195,59.0,0.3313253012048193,0.042499999999999996,100.57700543403598,0.0027839365349134368,0.6263857203555232,0.9187651721487987,0.0,0.52,0.16444444444444445,0.25333333333333335,0.25333333333333335,0.6222222222222222,0.6711111111111111,0.6711111111111111,0.7396449704142012,0.7514792899408284,0.7514792899408284,0.1773017928004265,0.1773017928004265,nan,nan,nan,nan,nan,nan,nan,nan,nan,nan,nan,nan,nan,nan,nan,nan,nan,nan,nan,nan,nan,nan,nan,nan,nan,nan,nan,nan,nan,nan,nan,nan,nan,nan,nan,nan,nan,nan,nan,nan,nan,nan,nan,nan,nan,nan,nan,nan,nan,nan,nan,nan,nan,nan,nan,nan,nan,nan,nan,nan,nan,nan,nan,nan,nan,nan,nan
622,116907,0.07440772533557571,-1.3152689476013175,0.36,149,0.5369127516778524,0.0738255033557047,0.0,0.12080536912751678,0.0,0.8933333333333333,0.9289940828402367,0.610738255033557,0.2214765100671141,0.16778523489932887,9.0,0.026845637583892617,0.05953703703703703,100.34541854858387,0.0035433162838760554,0.7972461638721124,0.9980342736992386,0.006711409395973154,0.85,0.15555555555555556,0.27555555555555555,nan,0.7244444444444444,0.8933333333333333,nan,0.7514792899408284,0.9289940828402367,nan,0.16846918016672136,0.16846918016672136,nan,nan,nan,nan,nan,nan,nan,nan,nan,nan,nan,nan,nan,nan,nan,nan,nan,nan,nan,nan,nan,nan,nan,nan,nan,nan,nan,nan,nan,nan,nan,nan,nan,nan,nan,nan,nan,nan,nan,nan,nan,nan,nan,nan,nan,nan,nan,nan,nan,nan,nan,nan,nan,nan,nan,nan,nan,nan,nan,nan,nan,nan,nan,nan,nan,nan,nan
623,117022,0.07307763575324182,-0.514111701250075,0.3333333333333333,115,0.6434782608695652,0.043478260869565216,0.0,0.08695652173913043,0.008695652173913044,0.8844444444444445,0.9171597633136095,0.6869565217391305,0.12173913043478261,0.19130434782608696,3.0,0.0,0.06874074074074073,81.03915905952447,0.004058394641623997,0.9131387943653994,0.9769825303429197,0.0,0.8846153846153846,0.17777777777777778,0.3111111111111111,nan,0.72,0.8711111111111111,nan,0.8165680473372781,0.9112426035502958,nan,0.17485700845718383,0.17485700845718383,nan,nan,nan,nan,nan,nan,nan,nan,nan,nan,nan,nan,nan,nan,nan,nan,nan,nan,nan,nan,nan,nan,nan,nan,nan,nan,nan,nan,nan,nan,nan,nan,nan,nan,nan,nan,nan,nan,nan,nan,nan,nan,nan,nan,nan,nan,nan,nan,nan,nan,nan,nan,nan,nan,nan,nan,nan,nan,nan,nan,nan,nan,nan,nan,nan,nan,nan
624,117171,0.07135805797652356,-0.9809455695152275,0.37777777777777777,149,0.5637583892617449,0.06040268456375839,0.0,0.10738255033557047,0.006711409395973154,0.9377777777777778,0.9644970414201184,0.6241610738255033,0.21476510067114093,0.1610738255033557,5.0,0.0,0.062469135802469135,100.06614828109716,0.003730865429981353,0.8394447217458043,1.0,0.0,0.875,0.16444444444444445,0.29777777777777775,nan,0.7111111111111111,0.9288888888888889,nan,0.7928994082840237,0.9644970414201184,nan,0.16674787551164627,0.16674787551164627,nan,nan,nan,nan,nan,nan,nan,nan,nan,nan,nan,nan,nan,nan,nan,nan,nan,nan,nan,nan,nan,nan,nan,nan,nan,nan,nan,nan,nan,nan,nan,nan,nan,nan,nan,nan,nan,nan,nan,nan,nan,nan,nan,nan,nan,nan,nan,nan,nan,nan,nan,nan,nan,nan,nan,nan,nan,nan,nan,nan,nan,nan,nan,nan,nan,nan,nan
625,117342,0.06938979787482401,-1.8436883475780474,0.38666666666666666,171,0.5029239766081871,0.14035087719298245,0.0,0.07017543859649122,0.0,0.84,0.9171597633136095,0.6432748538011696,0.19883040935672514,0.15789473684210525,9.0,0.04678362573099415,0.05532879818594104,120.35893664360025,0.003175686267103174,0.714529410098214,0.9923898866242646,0.005847953216374269,0.7142857142857143,0.17333333333333334,0.29333333333333333,0.36,0.7466666666666667,0.8311111111111111,0.84,0.8224852071005917,0.9171597633136095,0.9171597633136095,0.16081322208046914,0.16081322208046914,nan,nan,nan,nan,nan,nan,nan,nan,nan,nan,nan,nan,nan,nan,nan,nan,nan,nan,nan,nan,nan,nan,nan,nan,nan,nan,nan,nan,nan,nan,nan,nan,nan,nan,nan,nan,nan,nan,nan,nan,nan,nan,nan,nan,nan,nan,nan,nan,nan,nan,nan,nan,nan,nan,nan,nan,nan,nan,nan,nan,nan,nan,nan,nan,nan,nan,nan
626,117502,0.06755318826536408,-0.9397628302574147,0.36444444444444446,160,0.50625,0.08125,0.0,0.10625,0.00625,0.8222222222222222,0.8520710059171598,0.5875,0.3,0.1125,7.0,0.0125,0.054285714285714305,100.0929793357847,0.0035966558532771614,0.8092475669873612,0.9945082521472479,0.0,0.7755102040816326,0.14222222222222222,0.24444444444444444,0.3511111111111111,0.5377777777777778,0.7155555555555555,0.8222222222222222,0.5621301775147929,0.7337278106508875,0.8520710059171598,0.18141206800937654,0.18141206800937654,nan,nan,nan,nan,nan,nan,nan,nan,nan,nan,nan,nan,nan,nan,nan,nan,nan,nan,nan,nan,nan,nan,nan,nan,nan,nan,nan,nan,nan,nan,nan,nan,nan,nan,nan,nan,nan,nan,nan,nan,nan,nan,nan,nan,nan,nan,nan,nan,nan,nan,nan,nan,nan,nan,nan,nan,nan,nan,nan,nan,nan,nan,nan,nan,nan,nan,nan
627,117633,0.06605308305376963,-1.0554843385219557,0.37777777777777777,131,0.6412213740458015,0.04580152671755725,0.0,0.06870229007633588,0.0,0.9111111111111111,0.9940828402366864,0.6870229007633588,0.1450381679389313,0.16793893129770993,7.0,0.015267175572519083,0.06691358024691357,100.13794608116132,0.0037281904407221265,0.8388428491624784,0.985594535687957,0.0,0.84375,0.18222222222222223,0.30666666666666664,nan,0.6488888888888888,0.8311111111111111,nan,0.7633136094674556,0.9526627218934911,nan,0.18365203440189362,0.18365203440189362,nan,nan,nan,nan,nan,nan,nan,nan,nan,nan,nan,nan,nan,nan,nan,nan,nan,nan,nan,nan,nan,nan,nan,nan,nan,nan,nan,nan,nan,nan,nan,nan,nan,nan,nan,nan,nan,nan,nan,nan,nan,nan,nan,nan,nan,nan,nan,nan,nan,nan,nan,nan,nan,nan,nan,nan,nan,nan,nan,nan,nan,nan,nan,nan,nan,nan,nan
628,117836,0.0637349159130059,-14.301475316762925,0.3466666666666667,203,0.3793103448275862,0.08374384236453201,0.04926108374384237,0.2413793103448276,0.0,0.8266666666666667,0.9053254437869822,0.5123152709359606,0.3399014778325123,0.1477832512315271,58.0,0.29064039408866993,0.03802469135802469,130.46166968345608,0.0026231629799968723,0.5902116704992962,0.9051492302603478,0.0,0.6530612244897959,0.16444444444444445,0.26666666666666666,0.3466666666666667,0.6488888888888888,0.7555555555555555,0.8266666666666667,0.7633136094674556,0.8520710059171598,0.9053254437869822,0.19409387111663817,0.19409387111663817,nan,nan,nan,nan,nan,nan,nan,nan,nan,nan,nan,nan,nan,nan,nan,nan,nan,nan,nan,nan,nan,nan,nan,nan,nan,nan,nan,nan,nan,nan,nan,nan,nan,nan,nan,nan,nan,nan,nan,nan,nan,nan,nan,nan,nan,nan,nan,nan,nan,nan,nan,nan,nan,nan,nan,nan,nan,nan,nan,nan,nan,nan,nan,nan,nan,nan,nan
629,118037,0.06144726380655704,-0.7318962850570683,0.44,201,0.48756218905472637,0.08955223880597014,0.0,0.15422885572139303,0.0,0.9244444444444444,0.9526627218934911,0.5771144278606966,0.30845771144278605,0.11442786069651742,14.0,0.0845771144278607,0.06024691358024698,120.48472652435275,0.0036150271334808542,0.8133811050331922,0.9838867625865655,0.009950248756218905,0.7592592592592593,0.16444444444444445,0.28,0.3422222222222222,0.6355555555555555,0.8266666666666667,0.8622222222222222,0.7869822485207101,0.9053254437869822,0.9171597633136095,0.18417671620845794,0.18417671620845794,nan,nan,nan,nan,nan,nan,nan,nan,nan,nan,nan,nan,nan,nan,nan,nan,nan,nan,nan,nan,nan,nan,nan,nan,nan,nan,nan,nan,nan,nan,nan,nan,nan,nan,nan,nan,nan,nan,nan,nan,nan,nan,nan,nan,nan,nan,nan,nan,nan,nan,nan,nan,nan,nan,nan,nan,nan,nan,nan,nan,nan,nan,nan,nan,nan,nan,nan
630,118193,0.05967702475179756,0.22178402042388945,0.40444444444444444,156,0.5769230769230769,0.07692307692307693,0.0,0.05128205128205128,0.0,0.9955555555555555,1.0,0.6538461538461539,0.1794871794871795,0.16666666666666666,8.0,0.03205128205128205,0.05915343915343913,100.73539028167704,0.003970799129099685,0.893429804047429,0.9897806243201013,0.0,0.8260869565217391,0.16,0.28888888888888886,0.4,0.7111111111111111,0.9555555555555556,0.9955555555555555,0.7514792899408284,0.9704142011834319,1.0,0.19408439993858337,0.19408439993858337,nan,nan,nan,nan,nan,nan,nan,nan,nan,nan,nan,nan,nan,nan,nan,nan,nan,nan,nan,nan,nan,nan,nan,nan,nan,nan,nan,nan,nan,nan,nan,nan,nan,nan,nan,nan,nan,nan,nan,nan,nan,nan,nan,nan,nan,nan,nan,nan,nan,nan,nan,nan,nan,nan,nan,nan,nan,nan,nan,nan,nan,nan,nan,nan,nan,nan,nan
631,118358,0.057809640640159955,-1.3377259814739224,0.4177777777777778,165,0.5636363636363636,0.07272727272727272,0.03636363636363636,0.05454545454545454,0.006060606060606061,0.9688888888888889,1.0,0.6727272727272727,0.15757575757575756,0.1696969696969697,13.0,0.048484848484848485,0.06201058201058202,110.50215220451331,0.003740500298748492,0.8416125672184106,0.9724843023796905,0.0,0.8222222222222222,0.16444444444444445,0.3022222222222222,0.38666666666666666,0.5688888888888889,0.88,0.8888888888888888,0.6331360946745562,0.9112426035502958,0.9112426035502958,0.18245367631316184,0.18245367631316184,nan,nan,nan,nan,nan,nan,nan,nan,nan,nan,nan,nan,nan,nan,nan,nan,nan,nan,nan,nan,nan,nan,nan,nan,nan,nan,nan,nan,nan,nan,nan,nan,nan,nan,nan,nan,nan,nan,nan,nan,nan,nan,nan,nan,nan,nan,nan,nan,nan,nan,nan,nan,nan,nan,nan,nan,nan,nan,nan,nan,nan,nan,nan,nan,nan,nan,nan
632,118526,0.05591355783595024,-1.0096841638088212,0.38666666666666666,168,0.5119047619047619,0.10714285714285714,0.0,0.08928571428571429,0.0,0.84,0.893491124260355,0.6190476190476191,0.16071428571428573,0.22023809523809523,13.0,0.07142857142857142,0.05608465608465608,110.25413489341712,0.003466738209788841,0.7800160972024892,0.993997403759302,0.0,0.7346938775510204,0.1688888888888889,0.26222222222222225,0.36,0.6444444444444445,0.84,0.84,0.7396449704142012,0.893491124260355,0.893491124260355,0.17038219049572945,0.17038219049572945,nan,nan,nan,nan,nan,nan,nan,nan,nan,nan,nan,nan,nan,nan,nan,nan,nan,nan,nan,nan,nan,nan,nan,nan,nan,nan,nan,nan,nan,nan,nan,nan,nan,nan,nan,nan,nan,nan,nan,nan,nan,nan,nan,nan,nan,nan,nan,nan,nan,nan,nan,nan,nan,nan,nan,nan,nan,nan,nan,nan,nan,nan,nan,nan,nan,nan,nan
633,118715,0.05378678736973656,-2.214413010120392,0.37333333333333335,189,0.43915343915343913,0.14285714285714285,0.0,0.1111111111111111,0.0,1.0,1.0,0.582010582010582,0.21693121693121692,0.20105820105820105,21.0,0.19576719576719576,0.04611111111111111,120.00393342971763,0.0030739733135908835,0.6916439955579488,0.9520311439360105,0.031746031746031744,0.6491228070175439,0.14222222222222222,0.27555555555555555,0.36,0.5644444444444444,0.8844444444444445,1.0,0.650887573964497,0.9289940828402367,1.0,0.20686796605587005,0.20686796605587005,nan,nan,nan,nan,nan,nan,nan,nan,nan,nan,nan,nan,nan,nan,nan,nan,nan,nan,nan,nan,nan,nan,nan,nan,nan,nan,nan,nan,nan,nan,nan,nan,nan,nan,nan,nan,nan,nan,nan,nan,nan,nan,nan,nan,nan,nan,nan,nan,nan,nan,nan,nan,nan,nan,nan,nan,nan,nan,nan,nan,nan,nan,nan,nan,nan,nan,nan
634,118871,0.05203639032401813,-1.2908804507255545,0.3422222222222222,156,0.48717948717948717,0.11538461538461539,0.0,0.10256410256410256,0.0,0.8933333333333333,0.9289940828402367,0.6025641025641025,0.3141025641025641,0.08333333333333333,16.0,0.07692307692307693,0.05428571428571428,100.14171857833841,0.0033729976135125194,0.7589244630403168,0.970441699083726,0.00641025641025641,0.6888888888888889,0.16,0.26666666666666666,0.3288888888888889,0.6311111111111111,0.84,0.8933333333333333,0.7218934911242604,0.8994082840236687,0.9289940828402367,0.1985595166683197,0.1985595166683197,nan,nan,nan,nan,nan,nan,nan,nan,nan,nan,nan,nan,nan,nan,nan,nan,nan,nan,nan,nan,nan,nan,nan,nan,nan,nan,nan,nan,nan,nan,nan,nan,nan,nan,nan,nan,nan,nan,nan,nan,nan,nan,nan,nan,nan,nan,nan,nan,nan,nan,nan,nan,nan,nan,nan,nan,nan,nan,nan,nan,nan,nan,nan,nan,nan,nan,nan
635,119043,0.05011172931806118,-0.7266605825424194,0.4222222222222222,172,0.5465116279069767,0.13953488372093023,0.0,0.046511627906976744,0.0,0.9911111111111112,0.9881656804733728,0.686046511627907,0.12209302325581395,0.19186046511627908,8.0,0.05232558139534884,0.060375180375180366,120.13962459564178,0.003477435352273718,0.7824229542615865,0.9767889042314827,0.0,0.6444444444444445,0.19111111111111112,0.28888888888888886,0.38666666666666666,0.7555555555555555,0.8355555555555556,0.9866666666666667,0.7869822485207101,0.8520710059171598,0.9822485207100592,0.18341956809163093,0.18341956809163093,nan,nan,nan,nan,nan,nan,nan,nan,nan,nan,nan,nan,nan,nan,nan,nan,nan,nan,nan,nan,nan,nan,nan,nan,nan,nan,nan,nan,nan,nan,nan,nan,nan,nan,nan,nan,nan,nan,nan,nan,nan,nan,nan,nan,nan,nan,nan,nan,nan,nan,nan,nan,nan,nan,nan,nan,nan,nan,nan,nan,nan,nan,nan,nan,nan,nan,nan
636,119246,0.052152731053203887,-2.3095621287822707,0.4222222222222222,203,0.4630541871921182,0.11330049261083744,0.0,0.13793103448275862,0.0049261083743842365,0.8711111111111111,0.9408284023668639,0.5763546798029556,0.2315270935960591,0.1921182266009852,14.0,0.09852216748768473,0.05004115226337446,131.7767821788784,0.0031703443571013267,0.7133274803477985,0.9971143525240055,0.0049261083743842365,0.7068965517241379,0.15555555555555556,0.25333333333333335,0.36,0.6755555555555556,0.7466666666666667,0.8711111111111111,0.8402366863905325,0.8520710059171598,0.9408284023668639,0.18422339335083962,0.18422339335083962,nan,nan,nan,nan,nan,nan,nan,nan,nan,nan,nan,nan,nan,nan,nan,nan,nan,nan,nan,nan,nan,nan,nan,nan,nan,nan,nan,nan,nan,nan,nan,nan,nan,nan,nan,nan,nan,nan,nan,nan,nan,nan,nan,nan,nan,nan,nan,nan,nan,nan,nan,nan,nan,nan,nan,nan,nan,nan,nan,nan,nan,nan,nan,nan,nan,nan,nan
637,119422,0.05410981116344351,-0.7993241734504678,0.44,176,0.5568181818181818,0.08522727272727272,0.0,0.09659090909090909,0.0,0.9555555555555556,0.9940828402366864,0.6420454545454546,0.17045454545454544,0.1875,8.0,0.03409090909090909,0.06777777777777787,120.79356355667097,0.0036057844700575644,0.8113015057629519,1.0,0.005681818181818182,0.7608695652173914,0.17777777777777778,0.28444444444444444,0.38222222222222224,0.7066666666666667,0.7777777777777778,0.8577777777777778,0.8047337278106509,0.834319526627219,0.9230769230769231,0.18203492015600203,0.18203492015600203,nan,nan,nan,nan,nan,nan,nan,nan,nan,nan,nan,nan,nan,nan,nan,nan,nan,nan,nan,nan,nan,nan,nan,nan,nan,nan,nan,nan,nan,nan,nan,nan,nan,nan,nan,nan,nan,nan,nan,nan,nan,nan,nan,nan,nan,nan,nan,nan,nan,nan,nan,nan,nan,nan,nan,nan,nan,nan,nan,nan,nan,nan,nan,nan,nan,nan,nan
638,119580,0.05586184452636894,-1.4353553810119608,0.3244444444444444,158,0.45569620253164556,0.1518987341772152,0.0,0.08227848101265822,0.0,0.7733333333333333,0.863905325443787,0.6075949367088608,0.25949367088607594,0.13291139240506328,10.0,0.0759493670886076,0.048412698412698414,100.35576553344703,0.0031886558614646703,0.7174475688295509,0.9851005329636028,0.006329113924050633,0.6530612244897959,0.1688888888888889,0.26666666666666666,0.31555555555555553,0.7244444444444444,0.7733333333333333,0.7733333333333333,0.8165680473372781,0.863905325443787,0.863905325443787,0.2026102513074875,0.2026102513074875,nan,nan,nan,nan,nan,nan,nan,nan,nan,nan,nan,nan,nan,nan,nan,nan,nan,nan,nan,nan,nan,nan,nan,nan,nan,nan,nan,nan,nan,nan,nan,nan,nan,nan,nan,nan,nan,nan,nan,nan,nan,nan,nan,nan,nan,nan,nan,nan,nan,nan,nan,nan,nan,nan,nan,nan,nan,nan,nan,nan,nan,nan,nan,nan,nan,nan,nan
639,119738,0.05760926012201007,0.05284360933303911,0.40444444444444444,158,0.569620253164557,0.05063291139240506,0.0,0.08860759493670886,0.0,0.9244444444444444,0.9526627218934911,0.620253164556962,0.20253164556962025,0.17721518987341772,8.0,0.03164556962025317,0.06253968253968253,100.23006086349463,0.003990818688065731,0.8979342048147895,0.9944387363516434,0.006329113924050633,0.8666666666666667,0.1688888888888889,0.30666666666666664,0.38666666666666666,0.7155555555555555,0.8666666666666667,0.9155555555555556,0.8165680473372781,0.9526627218934911,0.9526627218934911,0.19029871821403505,0.19029871821403505,nan,nan,nan,nan,nan,nan,nan,nan,nan,nan,nan,nan,nan,nan,nan,nan,nan,nan,nan,nan,nan,nan,nan,nan,nan,nan,nan,nan,nan,nan,nan,nan,nan,nan,nan,nan,nan,nan,nan,nan,nan,nan,nan,nan,nan,nan,nan,nan,nan,nan,nan,nan,nan,nan,nan,nan,nan,nan,nan,nan,nan,nan,nan,nan,nan,nan,nan
640,119919,0.05960538308820688,-1.695435532331465,0.4,181,0.49171270718232046,0.09944751381215469,0.0,0.10497237569060773,0.0,0.92,0.9881656804733728,0.5911602209944752,0.13812154696132597,0.27071823204419887,11.0,0.06629834254143646,0.05648148148148149,120.13748126029955,0.003292524126575561,0.7408179284795011,0.9846587540189993,0.0055248618784530384,0.7090909090909091,0.14222222222222222,0.24888888888888888,0.3244444444444444,0.5288888888888889,0.7288888888888889,0.7955555555555556,0.5798816568047337,0.7692307692307693,0.8402366863905325,0.22494508773088456,0.22494508773088456,-1.1353009566783894,0.41911111111111116,179.0,0.0,1.0,0.5237846803235983,0.13042704429932866,0.000625,0.06775793478894032,0.0017475124378109456,0.9226666666666666,0.9544378698224852,0.6548367246229271,0.2211802498050352,0.12398302557203786,17.0,0.09653859466797418,0.05632237339380197,121.97905673027017,0.0034359708792618578,0.773093447833918,0.969613572586379,0.00375,0.7011307508790753,0.17155555555555557,0.29555555555555557,0.3791111111111111,0.6639999999999999,0.8373333333333333,0.904888888888889,0.7562130177514793,0.8988165680473372,0.9402366863905327,-0.625212049913406,0.38355555555555554,155.6,0.0,1.0,0.5596026057682733,0.0992291223429851,0.0,0.06648276559022856,0.005243903807126173,0.8902222222222221,0.9337278106508876,0.6588317281112583,0.20420526762875735,0.13696300425998428,10.5,0.050353906904163026,0.05981209215167549,103.64868618965124,0.003695156572666115,0.8314102288498757,0.9793254098317166,0.0,0.7601355046326902,0.16133333333333336,0.27901234567901234,0.3746031746031746,0.6231111111111113,0.782716049382716,0.8850793650793651,0.7071005917159763,0.8448389217619987,0.9281487743026204,2.4869320184089414
641,120087,0.06145273797856072,-1.1696940891742686,0.3688888888888889,168,0.4880952380952381,0.14285714285714285,0.0,0.05357142857142857,0.0,0.9155555555555556,0.9349112426035503,0.6309523809523809,0.23214285714285715,0.13690476190476192,18.0,0.09523809523809523,0.052063492063492055,110.34946751594522,0.003302638903914812,0.7430937533808326,0.9787520313013418,0.0,0.6792452830188679,0.12444444444444444,0.24444444444444444,0.3688888888888889,0.4222222222222222,0.7333333333333333,0.9155555555555556,0.46153846153846156,0.7396449704142012,0.9349112426035503,0.22225184589624405,0.22225184589624405,nan,nan,nan,nan,nan,nan,nan,nan,nan,nan,nan,nan,nan,nan,nan,nan,nan,nan,nan,nan,nan,nan,nan,nan,nan,nan,nan,nan,nan,nan,nan,nan,nan,nan,nan,nan,nan,nan,nan,nan,nan,nan,nan,nan,nan,nan,nan,nan,nan,nan,nan,nan,nan,nan,nan,nan,nan,nan,nan,nan,nan,nan,nan,nan,nan,nan,nan
642,120257,0.06331680445185545,-2.1375029227733604,0.3688888888888889,170,0.4823529411764706,0.10588235294117647,0.0,0.13529411764705881,0.0058823529411764705,0.9333333333333333,0.9763313609467456,0.5882352941176471,0.14705882352941177,0.2647058823529412,10.0,0.047058823529411764,0.05365079365079366,111.69050402641273,0.003262985046233296,0.7341716354024915,0.9859581422066022,0.0058823529411764705,0.7659574468085106,0.1288888888888889,0.21777777777777776,0.3244444444444444,0.5733333333333334,0.6444444444444445,0.84,0.6449704142011834,0.6923076923076923,0.8757396449704142,0.19466580599546432,0.19466580599546432,nan,nan,nan,nan,nan,nan,nan,nan,nan,nan,nan,nan,nan,nan,nan,nan,nan,nan,nan,nan,nan,nan,nan,nan,nan,nan,nan,nan,nan,nan,nan,nan,nan,nan,nan,nan,nan,nan,nan,nan,nan,nan,nan,nan,nan,nan,nan,nan,nan,nan,nan,nan,nan,nan,nan,nan,nan,nan,nan,nan,nan,nan,nan,nan,nan,nan,nan
643,120456,0.06549212532398883,-2.139389481067657,0.4266666666666667,199,0.47738693467336685,0.18090452261306533,0.0,0.07537688442211055,0.0,0.9022222222222223,0.9704142011834319,0.6582914572864321,0.15577889447236182,0.18592964824120603,19.0,0.19597989949748743,0.05282407407407408,140.14656648635855,0.003012718989896339,0.6778617727266762,0.9905170059051375,0.0,0.6538461538461539,0.17333333333333334,0.29777777777777775,0.41333333333333333,0.6577777777777778,0.7955555555555556,0.9022222222222223,0.7988165680473372,0.8875739644970414,0.9704142011834319,0.17272144705057144,0.17272144705057144,nan,nan,nan,nan,nan,nan,nan,nan,nan,nan,nan,nan,nan,nan,nan,nan,nan,nan,nan,nan,nan,nan,nan,nan,nan,nan,nan,nan,nan,nan,nan,nan,nan,nan,nan,nan,nan,nan,nan,nan,nan,nan,nan,nan,nan,nan,nan,nan,nan,nan,nan,nan,nan,nan,nan,nan,nan,nan,nan,nan,nan,nan,nan,nan,nan,nan,nan
644,120608,0.06714879534820868,-1.1457177674770338,0.36444444444444446,152,0.5328947368421053,0.07236842105263158,0.0,0.13157894736842105,0.0,0.9111111111111111,0.9467455621301775,0.6052631578947368,0.21052631578947367,0.18421052631578946,9.0,0.039473684210526314,0.06603174603174602,100.55921683311453,0.0035799801483880557,0.8054955333873125,0.9621339930462177,0.0,0.8,0.15555555555555556,0.24888888888888888,0.35555555555555557,0.5422222222222223,0.7022222222222222,0.9111111111111111,0.5798816568047337,0.7692307692307693,0.9467455621301775,0.1837417222559452,0.1837417222559452,nan,nan,nan,nan,nan,nan,nan,nan,nan,nan,nan,nan,nan,nan,nan,nan,nan,nan,nan,nan,nan,nan,nan,nan,nan,nan,nan,nan,nan,nan,nan,nan,nan,nan,nan,nan,nan,nan,nan,nan,nan,nan,nan,nan,nan,nan,nan,nan,nan,nan,nan,nan,nan,nan,nan,nan,nan,nan,nan,nan,nan,nan,nan,nan,nan,nan,nan
645,120754,0.06873609786434912,-0.7288257961273172,0.3688888888888889,146,0.5616438356164384,0.10273972602739725,0.00684931506849315,0.06164383561643835,0.0,0.9466666666666667,0.9763313609467456,0.6712328767123288,0.2465753424657534,0.0821917808219178,13.0,0.0547945205479452,0.061305114638447976,100.21738853454566,0.0036365390255486234,0.8182212807484402,0.9294228462885911,0.0,0.7105263157894737,0.17777777777777778,0.3022222222222222,nan,0.8,0.9288888888888889,nan,0.8994082840236687,0.9704142011834319,nan,0.18272955864667892,0.18272955864667892,nan,nan,nan,nan,nan,nan,nan,nan,nan,nan,nan,nan,nan,nan,nan,nan,nan,nan,nan,nan,nan,nan,nan,nan,nan,nan,nan,nan,nan,nan,nan,nan,nan,nan,nan,nan,nan,nan,nan,nan,nan,nan,nan,nan,nan,nan,nan,nan,nan,nan,nan,nan,nan,nan,nan,nan,nan,nan,nan,nan,nan,nan,nan,nan,nan,nan,nan
646,120992,0.07131529221935706,-2.722853982686996,0.4088888888888889,238,0.38235294117647056,0.14285714285714285,0.0,0.17647058823529413,0.0,0.9733333333333334,1.0,0.5252100840336135,0.25210084033613445,0.22268907563025211,37.0,0.20168067226890757,0.04044444444444445,140.284323644638,0.0028830337840810008,0.6486826014182251,0.946172795482186,0.004201680672268907,0.5285714285714286,0.16,0.24888888888888888,0.3288888888888889,0.7111111111111111,0.8488888888888889,0.92,0.7988165680473372,0.9230769230769231,0.9644970414201184,0.17902899235486985,0.17902899235486985,nan,nan,nan,nan,nan,nan,nan,nan,nan,nan,nan,nan,nan,nan,nan,nan,nan,nan,nan,nan,nan,nan,nan,nan,nan,nan,nan,nan,nan,nan,nan,nan,nan,nan,nan,nan,nan,nan,nan,nan,nan,nan,nan,nan,nan,nan,nan,nan,nan,nan,nan,nan,nan,nan,nan,nan,nan,nan,nan,nan,nan,nan,nan,nan,nan,nan,nan
647,121201,0.07357172483223734,-3.443262823104858,0.4088888888888889,209,0.4354066985645933,0.14354066985645933,0.023923444976076555,0.14354066985645933,0.004784688995215311,0.9644444444444444,1.0,0.6028708133971292,0.11961722488038277,0.27751196172248804,28.0,0.17703349282296652,0.04493827160493827,140.13583641052244,0.0028860886323155794,0.6493699422710053,0.9845035372244003,0.009569377990430622,0.6226415094339622,0.14666666666666667,0.28888888888888886,0.38666666666666666,0.7555555555555555,0.92,0.9644444444444444,0.8047337278106509,0.9644970414201184,1.0,0.18616556152701377,0.18616556152701377,nan,nan,nan,nan,nan,nan,nan,nan,nan,nan,nan,nan,nan,nan,nan,nan,nan,nan,nan,nan,nan,nan,nan,nan,nan,nan,nan,nan,nan,nan,nan,nan,nan,nan,nan,nan,nan,nan,nan,nan,nan,nan,nan,nan,nan,nan,nan,nan,nan,nan,nan,nan,nan,nan,nan,nan,nan,nan,nan,nan,nan,nan,nan,nan,nan,nan,nan
648,121372,0.07541200690264076,-0.41898570442199556,0.4177777777777778,171,0.543859649122807,0.09941520467836257,0.0,0.08187134502923976,0.005847953216374269,0.9555555555555556,1.0,0.6432748538011696,0.22807017543859648,0.1286549707602339,12.0,0.05263157894736842,0.05965230536659109,110.79034004211398,0.0037307705091997713,0.8394233645699484,0.9889642349422362,0.005847953216374269,0.7021276595744681,0.17777777777777778,0.28888888888888886,0.39555555555555555,0.7466666666666667,0.8177777777777778,0.9555555555555556,0.8757396449704142,0.8994082840236687,1.0,0.20833891928195952,0.20833891928195952,nan,nan,nan,nan,nan,nan,nan,nan,nan,nan,nan,nan,nan,nan,nan,nan,nan,nan,nan,nan,nan,nan,nan,nan,nan,nan,nan,nan,nan,nan,nan,nan,nan,nan,nan,nan,nan,nan,nan,nan,nan,nan,nan,nan,nan,nan,nan,nan,nan,nan,nan,nan,nan,nan,nan,nan,nan,nan,nan,nan,nan,nan,nan,nan,nan,nan,nan
649,121540,0.07721485275895157,-0.9484557175636292,0.39111111111111113,168,0.5178571428571429,0.1130952380952381,0.0,0.09523809523809523,0.0,0.92,0.9408284023668639,0.6309523809523809,0.2261904761904762,0.14285714285714285,13.0,0.06547619047619048,0.056472663139329804,110.48053064346298,0.0034998625044126304,0.7874690634928417,0.9502289232874204,0.0,0.6739130434782609,0.17777777777777778,0.3111111111111111,0.3688888888888889,0.7066666666666667,0.92,0.92,0.7751479289940828,0.9408284023668639,0.9408284023668639,0.202732415497303,0.202732415497303,nan,nan,nan,nan,nan,nan,nan,nan,nan,nan,nan,nan,nan,nan,nan,nan,nan,nan,nan,nan,nan,nan,nan,nan,nan,nan,nan,nan,nan,nan,nan,nan,nan,nan,nan,nan,nan,nan,nan,nan,nan,nan,nan,nan,nan,nan,nan,nan,nan,nan,nan,nan,nan,nan,nan,nan,nan,nan,nan,nan,nan,nan,nan,nan,nan,nan,nan
650,121715,0.07908740036882828,-0.7059567744731882,0.4177777777777778,175,0.5314285714285715,0.1657142857142857,0.0,0.045714285714285714,0.0,0.9155555555555556,0.9822485207100592,0.6971428571428572,0.10857142857142857,0.19428571428571428,15.0,0.10857142857142857,0.05904761904761905,120.10435023307788,0.003441451808624809,0.774326656940582,0.9839441968246398,0.0,0.6590909090909091,0.17777777777777778,0.28444444444444444,0.38666666666666666,0.7377777777777778,0.9155555555555556,0.9155555555555556,0.8165680473372781,0.9822485207100592,0.9822485207100592,0.17571334093809127,0.17571334093809127,nan,nan,nan,nan,nan,nan,nan,nan,nan,nan,nan,nan,nan,nan,nan,nan,nan,nan,nan,nan,nan,nan,nan,nan,nan,nan,nan,nan,nan,nan,nan,nan,nan,nan,nan,nan,nan,nan,nan,nan,nan,nan,nan,nan,nan,nan,nan,nan,nan,nan,nan,nan,nan,nan,nan,nan,nan,nan,nan,nan,nan,nan,nan,nan,nan,nan,nan
651,121890,0.08095443256751368,-0.18284408664703022,0.4577777777777778,175,0.5828571428571429,0.08571428571428572,0.0,0.05142857142857143,0.0,0.9244444444444444,0.9467455621301775,0.6685714285714286,0.21142857142857144,0.12,6.0,0.005714285714285714,0.06476190476190476,120.50327701568574,0.003762000043155039,0.8464500097098837,0.9983263244639231,0.005714285714285714,0.8571428571428571,0.16444444444444445,0.29333333333333333,0.4,0.5155555555555555,0.8177777777777778,0.8711111111111111,0.5621301775147929,0.863905325443787,0.893491124260355,0.17283800691366197,0.17283800691366197,nan,nan,nan,nan,nan,nan,nan,nan,nan,nan,nan,nan,nan,nan,nan,nan,nan,nan,nan,nan,nan,nan,nan,nan,nan,nan,nan,nan,nan,nan,nan,nan,nan,nan,nan,nan,nan,nan,nan,nan,nan,nan,nan,nan,nan,nan,nan,nan,nan,nan,nan,nan,nan,nan,nan,nan,nan,nan,nan,nan,nan,nan,nan,nan,nan,nan,nan
652,122034,0.08248660546321052,-1.16563545680046,0.37777777777777777,144,0.5833333333333334,0.020833333333333332,0.0,0.125,0.0,0.9866666666666667,1.0,0.6041666666666666,0.20833333333333334,0.1875,4.0,0.0,0.06456140350877193,100.2060519695281,0.0037256565446452394,0.8382727225451788,0.9895247488302965,0.013888888888888888,0.9473684210526315,0.1688888888888889,0.28444444444444444,nan,0.7377777777777778,0.9644444444444444,nan,0.7751479289940828,0.9940828402366864,nan,0.18610474318265915,0.18610474318265915,nan,nan,nan,nan,nan,nan,nan,nan,nan,nan,nan,nan,nan,nan,nan,nan,nan,nan,nan,nan,nan,nan,nan,nan,nan,nan,nan,nan,nan,nan,nan,nan,nan,nan,nan,nan,nan,nan,nan,nan,nan,nan,nan,nan,nan,nan,nan,nan,nan,nan,nan,nan,nan,nan,nan,nan,nan,nan,nan,nan,nan,nan,nan,nan,nan,nan,nan
653,122284,0.08513779752346412,-1.1358484778404216,0.4,250,0.356,0.176,0.0,0.18,0.0,0.7511111111111111,0.7988165680473372,0.532,0.2,0.268,20.0,0.196,0.03955555555555556,141.86522359848007,0.0027882489134553024,0.627356005527443,0.974140677708013,0.012,0.5555555555555556,0.1511111111111111,0.24,0.31555555555555553,0.48444444444444446,0.6666666666666666,0.7511111111111111,0.5325443786982249,0.7159763313609467,0.7988165680473372,0.19704547971487046,0.19704547971487046,nan,nan,nan,nan,nan,nan,nan,nan,nan,nan,nan,nan,nan,nan,nan,nan,nan,nan,nan,nan,nan,nan,nan,nan,nan,nan,nan,nan,nan,nan,nan,nan,nan,nan,nan,nan,nan,nan,nan,nan,nan,nan,nan,nan,nan,nan,nan,nan,nan,nan,nan,nan,nan,nan,nan,nan,nan,nan,nan,nan,nan,nan,nan,nan,nan,nan,nan
654,122457,0.0869658776258864,-2.3443873047828663,0.29777777777777775,173,0.3815028901734104,0.23699421965317918,0.0,0.046242774566473986,0.0,0.8577777777777778,0.9112426035502958,0.6184971098265896,0.21965317919075145,0.16184971098265896,28.0,0.2543352601156069,0.041959972394755005,110.67987909316989,0.002650285993594251,0.5963143485587065,0.9554730413994814,0.0,0.41379310344827586,0.16,0.27111111111111114,0.29333333333333333,0.6711111111111111,0.8577777777777778,0.8577777777777778,0.7100591715976331,0.9112426035502958,0.9112426035502958,0.20257364064455033,0.20257364064455033,nan,nan,nan,nan,nan,nan,nan,nan,nan,nan,nan,nan,nan,nan,nan,nan,nan,nan,nan,nan,nan,nan,nan,nan,nan,nan,nan,nan,nan,nan,nan,nan,nan,nan,nan,nan,nan,nan,nan,nan,nan,nan,nan,nan,nan,nan,nan,nan,nan,nan,nan,nan,nan,nan,nan,nan,nan,nan,nan,nan,nan,nan,nan,nan,nan,nan,nan
655,122618,0.08866235692124635,-0.44250000000000056,0.36,161,0.4968944099378882,0.14906832298136646,0.0,0.07453416149068323,0.0,0.8533333333333334,0.8994082840236687,0.6459627329192547,0.21739130434782608,0.13664596273291926,15.0,0.16149068322981366,0.05079365079365079,100.2999999999997,0.0035449207931760383,0.7976071784646086,0.9754391076414646,0.0,0.6666666666666666,0.17777777777777778,0.30666666666666664,0.36,0.6044444444444445,0.84,0.8533333333333334,0.650887573964497,0.8994082840236687,0.8994082840236687,0.20220731049776078,0.20220731049776078,nan,nan,nan,nan,nan,nan,nan,nan,nan,nan,nan,nan,nan,nan,nan,nan,nan,nan,nan,nan,nan,nan,nan,nan,nan,nan,nan,nan,nan,nan,nan,nan,nan,nan,nan,nan,nan,nan,nan,nan,nan,nan,nan,nan,nan,nan,nan,nan,nan,nan,nan,nan,nan,nan,nan,nan,nan,nan,nan,nan,nan,nan,nan,nan,nan,nan,nan
656,122764,0.09019678827748845,-0.6695472207069386,0.36444444444444446,146,0.5547945205479452,0.1232876712328767,0.0,0.06164383561643835,0.0,0.8755555555555555,0.9349112426035503,0.678082191780822,0.1917808219178082,0.13013698630136986,12.0,0.04794520547945205,0.06141093474426807,100.03378305435157,0.0035987842207707015,0.8097264496734078,0.9758105894594946,0.00684931506849315,0.6756756756756757,0.18222222222222223,0.26222222222222225,nan,0.7333333333333333,0.8133333333333334,nan,0.8461538461538461,0.893491124260355,nan,0.17930973470211028,0.17930973470211028,nan,nan,nan,nan,nan,nan,nan,nan,nan,nan,nan,nan,nan,nan,nan,nan,nan,nan,nan,nan,nan,nan,nan,nan,nan,nan,nan,nan,nan,nan,nan,nan,nan,nan,nan,nan,nan,nan,nan,nan,nan,nan,nan,nan,nan,nan,nan,nan,nan,nan,nan,nan,nan,nan,nan,nan,nan,nan,nan,nan,nan,nan,nan,nan,nan,nan,nan
657,122883,0.09144465212217773,-1.4367091927528386,0.27555555555555555,119,0.5126050420168067,0.15126050420168066,0.0,0.08403361344537816,0.008403361344537815,0.64,0.6745562130177515,0.6638655462184874,0.1092436974789916,0.226890756302521,14.0,0.08403361344537816,0.05618713450292397,80.45437326431261,0.003369749835977763,0.7581937130949966,1.0,0.0,0.7333333333333333,0.15555555555555556,0.24444444444444444,nan,0.5511111111111111,0.6266666666666667,nan,0.5739644970414202,0.6568047337278107,nan,0.17243816554546357,0.17243816554546357,nan,nan,nan,nan,nan,nan,nan,nan,nan,nan,nan,nan,nan,nan,nan,nan,nan,nan,nan,nan,nan,nan,nan,nan,nan,nan,nan,nan,nan,nan,nan,nan,nan,nan,nan,nan,nan,nan,nan,nan,nan,nan,nan,nan,nan,nan,nan,nan,nan,nan,nan,nan,nan,nan,nan,nan,nan,nan,nan,nan,nan,nan,nan,nan,nan,nan,nan
658,123128,0.09400587422494042,-4.6502895965576165,0.31555555555555553,245,0.2857142857142857,0.23265306122448978,0.0,0.1836734693877551,0.0,0.6977777777777778,0.7633136094674556,0.5183673469387755,0.22448979591836735,0.2571428571428571,36.0,0.33877551020408164,0.03133333333333333,140.19323425292953,0.0022191592395237863,0.4993108288928519,0.9791471786456101,0.024489795918367346,0.4861111111111111,0.14222222222222222,0.2222222222222222,0.27111111111111114,0.5688888888888889,0.6977777777777778,0.6977777777777778,0.6449704142011834,0.7633136094674556,0.7633136094674556,0.1813869670033455,0.1813869670033455,nan,nan,nan,nan,nan,nan,nan,nan,nan,nan,nan,nan,nan,nan,nan,nan,nan,nan,nan,nan,nan,nan,nan,nan,nan,nan,nan,nan,nan,nan,nan,nan,nan,nan,nan,nan,nan,nan,nan,nan,nan,nan,nan,nan,nan,nan,nan,nan,nan,nan,nan,nan,nan,nan,nan,nan,nan,nan,nan,nan,nan,nan,nan,nan,nan,nan,nan
659,123313,0.0959328192103758,-0.815124540328976,0.43555555555555553,185,0.5243243243243243,0.08108108108108109,0.0,0.10270270270270271,0.0,0.9422222222222222,0.9881656804733728,0.6054054054054054,0.23243243243243245,0.16216216216216217,15.0,0.05405405405405406,0.05638888888888888,120.57261466979949,0.0035755309138128357,0.804494455607888,0.9920839670590959,0.010810810810810811,0.7407407407407407,0.15555555555555556,0.28,0.37333333333333335,0.4311111111111111,0.8844444444444445,0.8977777777777778,0.46745562130177515,0.9822485207100592,0.9822485207100592,0.19714298099279404,0.19714298099279404,nan,nan,nan,nan,nan,nan,nan,nan,nan,nan,nan,nan,nan,nan,nan,nan,nan,nan,nan,nan,nan,nan,nan,nan,nan,nan,nan,nan,nan,nan,nan,nan,nan,nan,nan,nan,nan,nan,nan,nan,nan,nan,nan,nan,nan,nan,nan,nan,nan,nan,nan,nan,nan,nan,nan,nan,nan,nan,nan,nan,nan,nan,nan,nan,nan,nan,nan
660,123513,0.09800920753343592,-3.1727184405326856,0.3288888888888889,200,0.365,0.17,0.0,0.185,0.005,0.7377777777777778,0.8165680473372781,0.535,0.195,0.27,22.0,0.205,0.04055555555555555,120.21636610031099,0.0026988375623808276,0.6072384515356861,0.9812957427253218,0.0,0.6363636363636364,0.14666666666666667,0.2577777777777778,0.29333333333333333,0.5333333333333333,0.7111111111111111,0.7244444444444444,0.5739644970414202,0.7988165680473372,0.8165680473372781,0.17370058819651604,0.17370058819651604,-2.8305714536428446,0.33644444444444443,183.4,0.0,1.0,0.40961703710183867,0.12945095811981966,0.00582010582010582,0.1535385188787022,0.0,0.8315555555555555,0.8917159763313609,0.5448881010417642,0.33809613525243826,0.11701576370579758,30.0,0.17987782318552864,0.04490434974311786,113.28258527278872,0.0029138520449736075,0.6556167101190618,0.9402223549729593,0.004203621143919651,0.6231686886183831,0.16,0.23200000000000004,0.2967901234567901,0.611111111111111,0.6875555555555556,0.8004938271604939,0.7147928994082839,0.7769230769230768,0.8704799474030243,-4.313641505384443,0.30933333333333335,163.8,0.0,1.0,0.4339031020354442,0.08909999618616653,0.029563492063492063,0.1542441326951798,0.0037928798456591285,0.8351111111111111,0.8881656804733729,0.5525665902851027,0.33000702585692476,0.11742638385797251,26.0,0.1667689378456203,0.04770071160042964,102.46515719413739,0.00304092016550205,0.6842070372379612,0.9373491450733923,0.005447261559490692,0.682341706595607,0.14533333333333331,0.2391111111111111,0.3244444444444445,0.5844444444444444,0.7511111111111111,0.8637037037037035,0.6562130177514793,0.8171597633136095,0.9250493096646942,2.140488874278618
661,123678,0.0997169251326106,-1.3660206325054172,0.35555555555555557,165,0.47878787878787876,0.06666666666666667,0.0,0.15757575757575756,0.0,0.9555555555555556,1.0,0.5454545454545454,0.30303030303030304,0.15151515151515152,5.0,0.0,0.0526984126984127,100.67638697624187,0.003487521966734545,0.7846924425152725,0.9813960076280328,0.006060606060606061,0.8163265306122449,0.1511111111111111,0.24888888888888888,0.3288888888888889,0.6311111111111111,0.8888888888888888,0.9555555555555556,0.7633136094674556,1.0,1.0,0.17342598885297775,0.17342598885297775,nan,nan,nan,nan,nan,nan,nan,nan,nan,nan,nan,nan,nan,nan,nan,nan,nan,nan,nan,nan,nan,nan,nan,nan,nan,nan,nan,nan,nan,nan,nan,nan,nan,nan,nan,nan,nan,nan,nan,nan,nan,nan,nan,nan,nan,nan,nan,nan,nan,nan,nan,nan,nan,nan,nan,nan,nan,nan,nan,nan,nan,nan,nan,nan,nan,nan,nan
662,123830,0.10128586190680687,-2.3179343709945677,0.3288888888888889,152,0.48026315789473684,0.06578947368421052,0.0,0.15789473684210525,0.0,0.9377777777777778,0.9822485207100592,0.5460526315789473,0.18421052631578946,0.26973684210526316,18.0,0.1118421052631579,0.04634920634920635,100.19937496185298,0.0032379887056976564,0.7285474587819726,0.9657544898091917,0.019736842105263157,0.7954545454545454,0.1511111111111111,0.24,0.3288888888888889,0.5644444444444444,0.7822222222222223,0.9377777777777778,0.650887573964497,0.8579881656804734,0.9822485207100592,0.19490588158369065,0.19490588158369065,nan,nan,nan,nan,nan,nan,nan,nan,nan,nan,nan,nan,nan,nan,nan,nan,nan,nan,nan,nan,nan,nan,nan,nan,nan,nan,nan,nan,nan,nan,nan,nan,nan,nan,nan,nan,nan,nan,nan,nan,nan,nan,nan,nan,nan,nan,nan,nan,nan,nan,nan,nan,nan,nan,nan,nan,nan,nan,nan,nan,nan,nan,nan,nan,nan,nan,nan
663,124017,0.10321050915974478,0.23046073532104283,0.4577777777777778,187,0.5454545454545454,0.10695187165775401,0.0053475935828877,0.0481283422459893,0.0,0.8933333333333333,0.9289940828402367,0.6577540106951871,0.24598930481283424,0.0962566844919786,14.0,0.06951871657754011,0.05787037037037038,120.07180252075162,0.003775518679791496,0.8494917029530865,0.9771431462579935,0.0,0.6851851851851852,0.1688888888888889,0.32,0.38666666666666666,0.5555555555555556,0.8755555555555555,0.8933333333333333,0.6449704142011834,0.9230769230769231,0.9289940828402367,0.18313635289669036,0.18313635289669036,nan,nan,nan,nan,nan,nan,nan,nan,nan,nan,nan,nan,nan,nan,nan,nan,nan,nan,nan,nan,nan,nan,nan,nan,nan,nan,nan,nan,nan,nan,nan,nan,nan,nan,nan,nan,nan,nan,nan,nan,nan,nan,nan,nan,nan,nan,nan,nan,nan,nan,nan,nan,nan,nan,nan,nan,nan,nan,nan,nan,nan,nan,nan,nan,nan,nan,nan
664,124202,0.1051085515406168,-2.062873767137526,0.39555555555555555,185,0.4756756756756757,0.08648648648648649,0.0,0.15135135135135136,0.0,0.9422222222222222,1.0,0.5621621621621622,0.2,0.23783783783783785,10.0,0.07567567567567568,0.05305555555555555,120.2654644489285,0.003252065028836262,0.731714631488159,0.9739556663560796,0.021621621621621623,0.7547169811320755,0.1511111111111111,0.24888888888888888,0.3244444444444444,0.6666666666666666,0.7377777777777778,0.8088888888888889,0.727810650887574,0.7869822485207101,0.8757396449704142,0.1865106202661991,0.1865106202661991,nan,nan,nan,nan,nan,nan,nan,nan,nan,nan,nan,nan,nan,nan,nan,nan,nan,nan,nan,nan,nan,nan,nan,nan,nan,nan,nan,nan,nan,nan,nan,nan,nan,nan,nan,nan,nan,nan,nan,nan,nan,nan,nan,nan,nan,nan,nan,nan,nan,nan,nan,nan,nan,nan,nan,nan,nan,nan,nan,nan,nan,nan,nan,nan,nan,nan,nan
665,124301,0.10612180596135465,-0.2377967228889457,0.30666666666666664,99,0.6868686868686869,0.030303030303030304,0.0,0.020202020202020204,0.010101010101010102,0.9333333333333333,0.9881656804733728,0.7171717171717171,0.13131313131313133,0.15151515151515152,4.0,0.0,0.07643518518518518,70.22663545608513,0.004303527005949346,0.9682935763386028,0.9911244479147439,0.0,0.9615384615384616,0.15555555555555556,nan,nan,0.6088888888888889,nan,nan,0.6804733727810651,nan,nan,0.16899090632796288,0.16899090632796288,nan,nan,nan,nan,nan,nan,nan,nan,nan,nan,nan,nan,nan,nan,nan,nan,nan,nan,nan,nan,nan,nan,nan,nan,nan,nan,nan,nan,nan,nan,nan,nan,nan,nan,nan,nan,nan,nan,nan,nan,nan,nan,nan,nan,nan,nan,nan,nan,nan,nan,nan,nan,nan,nan,nan,nan,nan,nan,nan,nan,nan,nan,nan,nan,nan,nan,nan
666,124455,0.10769458406769546,-1.033061135292052,0.3511111111111111,154,0.5064935064935064,0.11688311688311688,0.0,0.07792207792207792,0.0,0.9822222222222222,1.0,0.6233766233766234,0.16883116883116883,0.2077922077922078,11.0,0.05844155844155844,0.049523809523809526,100.41962985992411,0.0034521802873624797,0.7767405646565579,0.9902049599452125,0.012987012987012988,0.6956521739130435,0.14222222222222222,0.28444444444444444,0.3511111111111111,0.6222222222222222,0.9644444444444444,0.9822222222222222,0.6449704142011834,1.0,1.0,0.18093424439430236,0.18093424439430236,nan,nan,nan,nan,nan,nan,nan,nan,nan,nan,nan,nan,nan,nan,nan,nan,nan,nan,nan,nan,nan,nan,nan,nan,nan,nan,nan,nan,nan,nan,nan,nan,nan,nan,nan,nan,nan,nan,nan,nan,nan,nan,nan,nan,nan,nan,nan,nan,nan,nan,nan,nan,nan,nan,nan,nan,nan,nan,nan,nan,nan,nan,nan,nan,nan,nan,nan
667,124683,0.11001553781288839,-2.4691405315399164,0.41333333333333333,228,0.40350877192982454,0.15350877192982457,0.0043859649122807015,0.13157894736842105,0.0,0.7911111111111111,0.8757396449704142,0.5614035087719298,0.2412280701754386,0.19736842105263158,21.0,0.13596491228070176,0.044148148148148124,140.24895744323732,0.002915450469957167,0.6559763557403625,0.9955770343489594,0.0,0.6376811594202898,0.16444444444444445,0.23555555555555555,0.3333333333333333,0.6266666666666667,0.6888888888888889,0.7911111111111111,0.7396449704142012,0.7751479289940828,0.8757396449704142,0.20720065534114837,0.20720065534114837,nan,nan,nan,nan,nan,nan,nan,nan,nan,nan,nan,nan,nan,nan,nan,nan,nan,nan,nan,nan,nan,nan,nan,nan,nan,nan,nan,nan,nan,nan,nan,nan,nan,nan,nan,nan,nan,nan,nan,nan,nan,nan,nan,nan,nan,nan,nan,nan,nan,nan,nan,nan,nan,nan,nan,nan,nan,nan,nan,nan,nan,nan,nan,nan,nan,nan,nan
668,124838,0.11158822773465629,-1.3833551862239837,0.3333333333333333,155,0.4774193548387097,0.12903225806451613,0.0,0.08387096774193549,0.0,0.8044444444444444,0.8875739644970414,0.6064516129032258,0.2,0.1935483870967742,14.0,0.0967741935483871,0.046984126984126975,100.07957320213299,0.0032862738955193637,0.7394116264918568,0.988662197981415,0.0,0.6382978723404256,0.15555555555555556,0.24888888888888888,0.3333333333333333,0.6222222222222222,0.7866666666666666,0.8044444444444444,0.727810650887574,0.8757396449704142,0.8875739644970414,0.18802730590105057,0.18802730590105057,nan,nan,nan,nan,nan,nan,nan,nan,nan,nan,nan,nan,nan,nan,nan,nan,nan,nan,nan,nan,nan,nan,nan,nan,nan,nan,nan,nan,nan,nan,nan,nan,nan,nan,nan,nan,nan,nan,nan,nan,nan,nan,nan,nan,nan,nan,nan,nan,nan,nan,nan,nan,nan,nan,nan,nan,nan,nan,nan,nan,nan,nan,nan,nan,nan,nan,nan
669,124998,0.11320728605802174,-0.20123161506652743,0.38666666666666666,160,0.5375,0.09375,0.0,0.075,0.00625,0.9022222222222223,0.9644970414201184,0.63125,0.1625,0.20625,9.0,0.03125,0.05936507936507935,100.2498249053952,0.003812697155161335,0.8578568599113003,0.9806083826593659,0.00625,0.7659574468085106,0.1688888888888889,0.2577777777777778,0.36444444444444446,0.7911111111111111,0.8266666666666667,0.9022222222222223,0.8698224852071006,0.9112426035502958,0.9644970414201184,0.19235323816537858,0.19235323816537858,nan,nan,nan,nan,nan,nan,nan,nan,nan,nan,nan,nan,nan,nan,nan,nan,nan,nan,nan,nan,nan,nan,nan,nan,nan,nan,nan,nan,nan,nan,nan,nan,nan,nan,nan,nan,nan,nan,nan,nan,nan,nan,nan,nan,nan,nan,nan,nan,nan,nan,nan,nan,nan,nan,nan,nan,nan,nan,nan,nan,nan,nan,nan,nan,nan,nan,nan
670,125197,0.11215787337865502,-2.2604819011688226,0.36444444444444446,199,0.40703517587939697,0.1407035175879397,0.0,0.1457286432160804,0.0,0.88,0.9171597633136095,0.5477386934673367,0.2613065326633166,0.19095477386934673,34.0,0.1708542713567839,0.04527777777777778,120.58554191589333,0.002985432534284208,0.6717223202139467,0.9778694062223509,0.010050251256281407,0.6229508196721312,0.15555555555555556,0.24888888888888888,0.3022222222222222,0.5377777777777778,0.7066666666666667,0.7866666666666666,0.5976331360946746,0.7514792899408284,0.8106508875739645,0.18072499483823776,0.18072499483823776,nan,nan,nan,nan,nan,nan,nan,nan,nan,nan,nan,nan,nan,nan,nan,nan,nan,nan,nan,nan,nan,nan,nan,nan,nan,nan,nan,nan,nan,nan,nan,nan,nan,nan,nan,nan,nan,nan,nan,nan,nan,nan,nan,nan,nan,nan,nan,nan,nan,nan,nan,nan,nan,nan,nan,nan,nan,nan,nan,nan,nan,nan,nan,nan,nan,nan,nan
671,125348,0.11047894976602399,-0.7181068096160873,0.3688888888888889,151,0.543046357615894,0.09271523178807947,0.0,0.06622516556291391,0.0,0.9422222222222222,0.9822485207100592,0.6357615894039735,0.1986754966887417,0.16556291390728478,14.0,0.06622516556291391,0.052063492063492055,100.63911247253397,0.003621300262797004,0.8147925591293258,0.9638740473300973,0.0,0.7555555555555555,0.14666666666666667,0.28888888888888886,0.3688888888888889,0.5422222222222223,0.9111111111111111,0.9422222222222222,0.6272189349112426,0.9585798816568047,0.9822485207100592,0.1828898683190346,0.1828898683190346,nan,nan,nan,nan,nan,nan,nan,nan,nan,nan,nan,nan,nan,nan,nan,nan,nan,nan,nan,nan,nan,nan,nan,nan,nan,nan,nan,nan,nan,nan,nan,nan,nan,nan,nan,nan,nan,nan,nan,nan,nan,nan,nan,nan,nan,nan,nan,nan,nan,nan,nan,nan,nan,nan,nan,nan,nan,nan,nan,nan,nan,nan,nan,nan,nan,nan,nan
672,125590,0.10779682284995148,-3.348250441551208,0.4,242,0.3677685950413223,0.1322314049586777,0.004132231404958678,0.19421487603305784,0.0,0.8888888888888888,0.9704142011834319,0.5041322314049587,0.25206611570247933,0.24380165289256198,17.0,0.16942148760330578,0.04018300653594771,140.29762325286848,0.002819403111645145,0.6343657001201575,0.9925564901353275,0.03305785123966942,0.6301369863013698,0.1511111111111111,0.23555555555555555,0.3333333333333333,0.68,0.7955555555555556,0.8355555555555556,0.7633136094674556,0.9053254437869822,0.9408284023668639,0.17158730775117875,0.17158730775117875,nan,nan,nan,nan,nan,nan,nan,nan,nan,nan,nan,nan,nan,nan,nan,nan,nan,nan,nan,nan,nan,nan,nan,nan,nan,nan,nan,nan,nan,nan,nan,nan,nan,nan,nan,nan,nan,nan,nan,nan,nan,nan,nan,nan,nan,nan,nan,nan,nan,nan,nan,nan,nan,nan,nan,nan,nan,nan,nan,nan,nan,nan,nan,nan,nan,nan,nan
673,125759,0.10593003234981599,-1.8734388732910152,0.36444444444444446,169,0.47928994082840237,0.13609467455621302,0.0,0.10650887573964497,0.005917159763313609,0.8044444444444444,0.9112426035502958,0.6153846153846154,0.1952662721893491,0.1893491124260355,10.0,0.029585798816568046,0.05243107769423559,111.70894165039049,0.003222660555917474,0.7250986250814315,0.9982669040306896,0.005917159763313609,0.7659574468085106,0.1511111111111111,0.26222222222222225,0.3422222222222222,0.5333333333333333,0.8044444444444444,0.8044444444444444,0.5739644970414202,0.9112426035502958,0.9112426035502958,0.18630703091621398,0.18630703091621398,nan,nan,nan,nan,nan,nan,nan,nan,nan,nan,nan,nan,nan,nan,nan,nan,nan,nan,nan,nan,nan,nan,nan,nan,nan,nan,nan,nan,nan,nan,nan,nan,nan,nan,nan,nan,nan,nan,nan,nan,nan,nan,nan,nan,nan,nan,nan,nan,nan,nan,nan,nan,nan,nan,nan,nan,nan,nan,nan,nan,nan,nan,nan,nan,nan,nan,nan
674,125915,0.10421140345229965,-1.7843008298873895,0.3333333333333333,156,0.47435897435897434,0.1282051282051282,0.0,0.1282051282051282,0.00641025641025641,0.9466666666666667,0.9940828402366864,0.6025641025641025,0.20512820512820512,0.19230769230769232,9.0,0.0641025641025641,0.05502645502645503,100.69810314178447,0.0032660882243810323,0.7348698504857323,0.9903305373818122,0.019230769230769232,0.6666666666666666,0.16,0.25333333333333335,0.31555555555555553,0.6888888888888889,0.8044444444444444,0.9022222222222223,0.7159763313609467,0.8284023668639053,0.9349112426035503,0.16923476979136468,0.16923476979136468,nan,nan,nan,nan,nan,nan,nan,nan,nan,nan,nan,nan,nan,nan,nan,nan,nan,nan,nan,nan,nan,nan,nan,nan,nan,nan,nan,nan,nan,nan,nan,nan,nan,nan,nan,nan,nan,nan,nan,nan,nan,nan,nan,nan,nan,nan,nan,nan,nan,nan,nan,nan,nan,nan,nan,nan,nan,nan,nan,nan,nan,nan,nan,nan,nan,nan,nan
675,126036,0.10288137490062634,-0.2053964471817007,0.3377777777777778,121,0.6198347107438017,0.024793388429752067,0.0,0.049586776859504134,0.008264462809917356,0.96,0.9822485207100592,0.6446280991735537,0.2231404958677686,0.1322314049586777,3.0,0.0,0.0681904761904762,80.27996616363511,0.004152135947016945,0.9342305880788125,0.9725768452551631,0.0,0.9444444444444444,0.14222222222222222,0.29777777777777775,nan,0.5466666666666666,0.9022222222222223,nan,0.6094674556213018,0.9408284023668639,nan,0.19645672887563706,0.19645672887563706,nan,nan,nan,nan,nan,nan,nan,nan,nan,nan,nan,nan,nan,nan,nan,nan,nan,nan,nan,nan,nan,nan,nan,nan,nan,nan,nan,nan,nan,nan,nan,nan,nan,nan,nan,nan,nan,nan,nan,nan,nan,nan,nan,nan,nan,nan,nan,nan,nan,nan,nan,nan,nan,nan,nan,nan,nan,nan,nan,nan,nan,nan,nan,nan,nan,nan,nan
676,126193,0.10115954866651639,-1.532242125988004,0.3288888888888889,157,0.46496815286624205,0.12101910828025478,0.0,0.08280254777070063,0.0,0.8888888888888888,0.9289940828402367,0.5859872611464968,0.2929936305732484,0.12101910828025478,10.0,0.06369426751592357,0.046349206349206355,100.38325834274278,0.003232057315141935,0.7272128959069353,0.9885265644124156,0.0,0.6538461538461539,0.16,0.27111111111111114,0.3288888888888889,0.7422222222222222,0.8533333333333334,0.8888888888888888,0.834319526627219,0.9289940828402367,0.9289940828402367,0.19340233206748964,0.19340233206748964,nan,nan,nan,nan,nan,nan,nan,nan,nan,nan,nan,nan,nan,nan,nan,nan,nan,nan,nan,nan,nan,nan,nan,nan,nan,nan,nan,nan,nan,nan,nan,nan,nan,nan,nan,nan,nan,nan,nan,nan,nan,nan,nan,nan,nan,nan,nan,nan,nan,nan,nan,nan,nan,nan,nan,nan,nan,nan,nan,nan,nan,nan,nan,nan,nan,nan,nan
677,126286,0.10014169477330598,-1.290302656888961,0.27555555555555555,93,0.6559139784946236,0.043010752688172046,0.0,0.07526881720430108,0.010752688172043012,0.9244444444444444,0.9467455621301775,0.6989247311827957,0.15053763440860216,0.15053763440860216,8.0,0.03225806451612903,0.07123456790123457,70.97431101799002,0.003819848438435591,0.8594658986480079,0.9584030405150831,0.010752688172043012,0.8095238095238095,0.17333333333333334,nan,nan,0.7377777777777778,nan,nan,0.834319526627219,nan,nan,0.2045178234577179,0.2045178234577179,nan,nan,nan,nan,nan,nan,nan,nan,nan,nan,nan,nan,nan,nan,nan,nan,nan,nan,nan,nan,nan,nan,nan,nan,nan,nan,nan,nan,nan,nan,nan,nan,nan,nan,nan,nan,nan,nan,nan,nan,nan,nan,nan,nan,nan,nan,nan,nan,nan,nan,nan,nan,nan,nan,nan,nan,nan,nan,nan,nan,nan,nan,nan,nan,nan,nan,nan
678,126481,0.0980125033138506,-1.267708831548688,0.4088888888888889,195,0.4666666666666667,0.11282051282051282,0.0,0.13846153846153847,0.0,0.8933333333333333,0.9289940828402367,0.5794871794871795,0.15897435897435896,0.26153846153846155,15.0,0.06153846153846154,0.051250000000000004,120.16865553855865,0.0033656400883562347,0.7572690198801527,0.9911590814458405,0.015384615384615385,0.7777777777777778,0.15555555555555556,0.26666666666666666,0.35555555555555557,0.5644444444444444,0.7644444444444445,0.88,0.5976331360946746,0.863905325443787,0.9289940828402367,0.17858282923698426,0.17858282923698426,nan,nan,nan,nan,nan,nan,nan,nan,nan,nan,nan,nan,nan,nan,nan,nan,nan,nan,nan,nan,nan,nan,nan,nan,nan,nan,nan,nan,nan,nan,nan,nan,nan,nan,nan,nan,nan,nan,nan,nan,nan,nan,nan,nan,nan,nan,nan,nan,nan,nan,nan,nan,nan,nan,nan,nan,nan,nan,nan,nan,nan,nan,nan,nan,nan,nan,nan
679,126642,0.09625966759593407,-1.3956442279815664,0.37777777777777777,161,0.5217391304347826,0.09937888198757763,0.0,0.062111801242236024,0.0,0.8933333333333333,1.0,0.6211180124223602,0.18012422360248448,0.19875776397515527,10.0,0.037267080745341616,0.05494949494949495,110.52042121887197,0.0033779579304533507,0.7600405343520038,0.9955556338532682,0.0,0.78,0.15555555555555556,0.29333333333333333,0.3688888888888889,0.5733333333333334,0.8444444444444444,0.8933333333333333,0.6627218934911243,0.9763313609467456,1.0,0.21766740530729295,0.21766740530729295,nan,nan,nan,nan,nan,nan,nan,nan,nan,nan,nan,nan,nan,nan,nan,nan,nan,nan,nan,nan,nan,nan,nan,nan,nan,nan,nan,nan,nan,nan,nan,nan,nan,nan,nan,nan,nan,nan,nan,nan,nan,nan,nan,nan,nan,nan,nan,nan,nan,nan,nan,nan,nan,nan,nan,nan,nan,nan,nan,nan,nan,nan,nan,nan,nan,nan,nan
680,126762,0.0949562078071958,-0.7679378242492679,0.31555555555555553,120,0.5833333333333334,0.058333333333333334,0.0,0.11666666666666667,0.008333333333333333,0.8533333333333334,0.9053254437869822,0.6416666666666667,0.15833333333333333,0.2,4.0,0.0,0.06466666666666668,80.02797927856435,0.003887529260587526,0.8746940836321934,0.9744195104885451,0.008333333333333333,0.8275862068965517,0.16,0.26666666666666666,nan,0.5955555555555555,0.8177777777777778,nan,0.6449704142011834,0.8816568047337278,nan,0.20407967567443847,0.20407967567443847,-0.9346241336107246,0.39466666666666667,166.4,0.0,1.0,0.5264731553787713,0.1290691231131822,0.0,0.08336254616493172,0.002012963787614644,0.8791111111111111,0.9118343195266272,0.6555422784919535,0.1332715600947391,0.21118616141330743,12.6,0.07732640378521805,0.058718343747755496,111.85927746295908,0.003477317730862245,0.782396489444005,0.9810585660216686,0.0022593701485917055,0.6891465410371915,0.16311111111111112,0.27511111111111114,0.3683950617283951,0.6319999999999999,0.7915555555555556,0.8725925925925925,0.706508875739645,0.857396449704142,0.9158448389217619,-1.4686820325613017,0.3502222222222222,160.6,0.0,1.0,0.5154086947051791,0.13564094750530778,0.0,0.07982000635733648,0.005331246083213293,0.8822222222222222,0.9254437869822485,0.651049642210487,0.09673438114638833,0.25221597664312473,25.2,0.14149407522210872,0.0551007681655593,106.09125745296463,0.003385623629821241,0.7617653167097791,0.9518519185609969,0.0005555555555555556,0.6572293815548976,0.16177777777777777,0.2804938271604938,0.34933333333333333,0.6306666666666667,0.8538271604938271,0.8808888888888887,0.7005917159763314,0.908612754766601,0.9183431952662723,2.369473036744832
681,126943,0.09299499636285188,-0.854352236032485,0.4088888888888889,181,0.5027624309392266,0.16574585635359115,0.0,0.0718232044198895,0.0,0.9066666666666666,0.9704142011834319,0.6685082872928176,0.11602209944751381,0.2154696132596685,11.0,0.03867403314917127,0.059351851851851864,120.27002129554718,0.00336280346579949,0.7566307798048851,0.9525388965002854,0.0,0.7021276595744681,0.1688888888888889,0.27555555555555555,0.35555555555555557,0.68,0.8666666666666667,0.9066666666666666,0.7455621301775148,0.9526627218934911,0.9704142011834319,0.19906894564628602,0.19906894564628602,nan,nan,nan,nan,nan,nan,nan,nan,nan,nan,nan,nan,nan,nan,nan,nan,nan,nan,nan,nan,nan,nan,nan,nan,nan,nan,nan,nan,nan,nan,nan,nan,nan,nan,nan,nan,nan,nan,nan,nan,nan,nan,nan,nan,nan,nan,nan,nan,nan,nan,nan,nan,nan,nan,nan,nan,nan,nan,nan,nan,nan,nan,nan,nan,nan,nan,nan
682,127105,0.09124458528437618,-1.2968668861389165,0.3422222222222222,162,0.4691358024691358,0.12345679012345678,0.0,0.11728395061728394,0.0,0.8222222222222222,0.8875739644970414,0.5925925925925926,0.19135802469135801,0.21604938271604937,20.0,0.16049382716049382,0.05238095238095238,100.33206558227518,0.003366598462988787,0.757484654172477,0.9650534106504141,0.012345679012345678,0.6808510638297872,0.10666666666666667,0.2311111111111111,0.31555555555555553,0.4622222222222222,0.7866666666666666,0.8222222222222222,0.5502958579881657,0.8757396449704142,0.8875739644970414,0.1963787317276001,0.1963787317276001,nan,nan,nan,nan,nan,nan,nan,nan,nan,nan,nan,nan,nan,nan,nan,nan,nan,nan,nan,nan,nan,nan,nan,nan,nan,nan,nan,nan,nan,nan,nan,nan,nan,nan,nan,nan,nan,nan,nan,nan,nan,nan,nan,nan,nan,nan,nan,nan,nan,nan,nan,nan,nan,nan,nan,nan,nan,nan,nan,nan,nan,nan,nan,nan,nan,nan,nan
683,127319,0.08893943259390287,-2.338465860843658,0.41333333333333333,214,0.42990654205607476,0.19626168224299065,0.0,0.11682242990654206,0.0,0.9022222222222223,1.0,0.6261682242990654,0.24766355140186916,0.1261682242990654,28.0,0.205607476635514,0.045820105820105816,140.7568177223204,0.002904931324147503,0.6536095479331882,0.9809947436048193,0.004672897196261682,0.4909090909090909,0.16,0.28888888888888886,0.39111111111111113,0.6355555555555555,0.8888888888888888,0.9022222222222223,0.7396449704142012,1.0,1.0,0.19551409035921097,0.19551409035921097,nan,nan,nan,nan,nan,nan,nan,nan,nan,nan,nan,nan,nan,nan,nan,nan,nan,nan,nan,nan,nan,nan,nan,nan,nan,nan,nan,nan,nan,nan,nan,nan,nan,nan,nan,nan,nan,nan,nan,nan,nan,nan,nan,nan,nan,nan,nan,nan,nan,nan,nan,nan,nan,nan,nan,nan,nan,nan,nan,nan,nan,nan,nan,nan,nan,nan,nan
684,127462,0.08740358038299073,-0.5284719386100762,0.38666666666666666,143,0.6013986013986014,0.06293706293706294,0.0,0.06293706293706294,0.0,0.9066666666666666,0.9585798816568047,0.6643356643356644,0.21678321678321677,0.11888111888111888,10.0,0.03496503496503497,0.0662962962962963,100.43306608200061,0.00380574084943448,0.8562916911227579,0.9938553870178995,0.0,0.8205128205128205,0.17777777777777778,0.28444444444444444,nan,0.7022222222222222,0.8533333333333334,nan,0.7988165680473372,0.9171597633136095,nan,0.19425480142235757,0.19425480142235757,nan,nan,nan,nan,nan,nan,nan,nan,nan,nan,nan,nan,nan,nan,nan,nan,nan,nan,nan,nan,nan,nan,nan,nan,nan,nan,nan,nan,nan,nan,nan,nan,nan,nan,nan,nan,nan,nan,nan,nan,nan,nan,nan,nan,nan,nan,nan,nan,nan,nan,nan,nan,nan,nan,nan,nan,nan,nan,nan,nan,nan,nan,nan,nan,nan,nan,nan
685,127629,0.08561452315191115,-3.513637185335159,0.3422222222222222,167,0.4550898203592814,0.10778443113772455,0.0,0.1437125748502994,0.0,0.8044444444444444,0.8461538461538461,0.562874251497006,0.23353293413173654,0.20359281437125748,18.0,0.08982035928143713,0.04944911297852474,120.01559224128727,0.0028144491184002745,0.6332510516400618,0.9609746298454848,0.005988023952095809,0.6875,0.1511111111111111,0.25333333333333335,0.3244444444444444,0.5555555555555556,0.7511111111111111,0.7511111111111111,0.6568047337278107,0.8106508875739645,0.8106508875739645,0.1800328701734543,0.1800328701734543,nan,nan,nan,nan,nan,nan,nan,nan,nan,nan,nan,nan,nan,nan,nan,nan,nan,nan,nan,nan,nan,nan,nan,nan,nan,nan,nan,nan,nan,nan,nan,nan,nan,nan,nan,nan,nan,nan,nan,nan,nan,nan,nan,nan,nan,nan,nan,nan,nan,nan,nan,nan,nan,nan,nan,nan,nan,nan,nan,nan,nan,nan,nan,nan,nan,nan,nan
686,127822,0.08355303776071454,-0.7565590171813943,0.44,193,0.5077720207253886,0.07253886010362694,0.0,0.12953367875647667,0.0,0.9911111111111112,0.9940828402366864,0.5803108808290155,0.22279792746113988,0.19689119170984457,10.0,0.03626943005181347,0.05682098765432099,120.55770492553691,0.003612838812953338,0.812888732914501,0.9908945113322245,0.010362694300518135,0.8035714285714286,0.1511111111111111,0.25333333333333335,0.3511111111111111,0.5866666666666667,0.8355555555555556,0.9644444444444444,0.6449704142011834,0.8816568047337278,0.9881656804733728,0.22654506415128708,0.22654506415128708,nan,nan,nan,nan,nan,nan,nan,nan,nan,nan,nan,nan,nan,nan,nan,nan,nan,nan,nan,nan,nan,nan,nan,nan,nan,nan,nan,nan,nan,nan,nan,nan,nan,nan,nan,nan,nan,nan,nan,nan,nan,nan,nan,nan,nan,nan,nan,nan,nan,nan,nan,nan,nan,nan,nan,nan,nan,nan,nan,nan,nan,nan,nan,nan,nan,nan,nan
687,128006,0.08159376792028118,-1.137353490114212,0.4311111111111111,184,0.5217391304347826,0.08695652173913043,0.0,0.125,0.0,0.9911111111111112,1.0,0.6086956521739131,0.14673913043478262,0.24456521739130435,10.0,0.05434782608695652,0.05728395061728395,120.8890808582303,0.0035294061600735435,0.7941163860165472,0.9838429224863884,0.0,0.7755102040816326,0.14666666666666667,0.26666666666666666,0.3688888888888889,0.6133333333333333,0.9022222222222223,0.9911111111111112,0.6449704142011834,0.9289940828402367,1.0,0.194212843477726,0.194212843477726,nan,nan,nan,nan,nan,nan,nan,nan,nan,nan,nan,nan,nan,nan,nan,nan,nan,nan,nan,nan,nan,nan,nan,nan,nan,nan,nan,nan,nan,nan,nan,nan,nan,nan,nan,nan,nan,nan,nan,nan,nan,nan,nan,nan,nan,nan,nan,nan,nan,nan,nan,nan,nan,nan,nan,nan,nan,nan,nan,nan,nan,nan,nan,nan,nan,nan,nan
688,128227,0.07924834529663274,-1.9143242967128733,0.48444444444444446,221,0.48868778280542985,0.12217194570135746,0.0,0.09049773755656108,0.0,0.9866666666666667,1.0,0.6108597285067874,0.22171945701357465,0.167420814479638,12.0,0.058823529411764705,0.05361552028218695,150.69832663536056,0.003185171399822104,0.7166635649599733,0.9927863230494833,0.004524886877828055,0.696969696969697,0.16444444444444445,0.29333333333333333,0.39111111111111113,0.6533333333333333,0.92,0.9688888888888889,0.7337278106508875,0.9763313609467456,0.9940828402366864,0.20086199045181274,0.20086199045181274,nan,nan,nan,nan,nan,nan,nan,nan,nan,nan,nan,nan,nan,nan,nan,nan,nan,nan,nan,nan,nan,nan,nan,nan,nan,nan,nan,nan,nan,nan,nan,nan,nan,nan,nan,nan,nan,nan,nan,nan,nan,nan,nan,nan,nan,nan,nan,nan,nan,nan,nan,nan,nan,nan,nan,nan,nan,nan,nan,nan,nan,nan,nan,nan,nan,nan,nan
689,128392,0.0775027970045152,-0.7880366146564486,0.38666666666666666,165,0.5212121212121212,0.15757575757575756,0.0,0.05454545454545454,0.006060606060606061,0.9111111111111111,0.9467455621301775,0.6787878787878788,0.1696969696969697,0.15151515151515152,19.0,0.10303030303030303,0.05714285714285714,110.6003487110136,0.0034558862307109573,0.7775744019099653,0.9742978699700868,0.0,0.6590909090909091,0.18666666666666668,0.30666666666666664,0.36,0.76,0.8888888888888888,0.8933333333333333,0.8816568047337278,0.9467455621301775,0.9467455621301775,0.18812697678804396,0.18812697678804396,nan,nan,nan,nan,nan,nan,nan,nan,nan,nan,nan,nan,nan,nan,nan,nan,nan,nan,nan,nan,nan,nan,nan,nan,nan,nan,nan,nan,nan,nan,nan,nan,nan,nan,nan,nan,nan,nan,nan,nan,nan,nan,nan,nan,nan,nan,nan,nan,nan,nan,nan,nan,nan,nan,nan,nan,nan,nan,nan,nan,nan,nan,nan,nan,nan,nan,nan
690,128531,0.07603598503605517,-0.5015049846172311,0.3422222222222222,139,0.5467625899280576,0.08633093525179857,0.0,0.10071942446043165,0.007194244604316547,0.9111111111111111,0.9408284023668639,0.6330935251798561,0.1510791366906475,0.2158273381294964,8.0,0.03597122302158273,0.06037037037037036,88.64290461540203,0.003810545009138697,0.8573726270562069,0.995785709081821,0.007194244604316547,0.7297297297297297,0.16,0.27555555555555555,nan,0.7066666666666667,0.8711111111111111,nan,0.757396449704142,0.9053254437869822,nan,0.19654378890991211,0.19654378890991211,nan,nan,nan,nan,nan,nan,nan,nan,nan,nan,nan,nan,nan,nan,nan,nan,nan,nan,nan,nan,nan,nan,nan,nan,nan,nan,nan,nan,nan,nan,nan,nan,nan,nan,nan,nan,nan,nan,nan,nan,nan,nan,nan,nan,nan,nan,nan,nan,nan,nan,nan,nan,nan,nan,nan,nan,nan,nan,nan,nan,nan,nan,nan,nan,nan,nan,nan
691,128694,0.07432018953673586,-1.2139442152976974,0.3333333333333333,163,0.4539877300613497,0.12269938650306748,0.0,0.04294478527607362,0.0,0.8444444444444444,0.8579881656804734,0.5766871165644172,0.25153374233128833,0.17177914110429449,14.0,0.09202453987730061,0.04815628815628815,100.24708776473967,0.0032807824768009905,0.7381760572802228,0.9874217636092385,0.0,0.6935483870967742,0.14666666666666667,0.27555555555555555,0.3244444444444444,0.64,0.84,0.8444444444444444,0.7514792899408284,0.8579881656804734,0.8579881656804734,0.21378461569547652,0.21378461569547652,nan,nan,nan,nan,nan,nan,nan,nan,nan,nan,nan,nan,nan,nan,nan,nan,nan,nan,nan,nan,nan,nan,nan,nan,nan,nan,nan,nan,nan,nan,nan,nan,nan,nan,nan,nan,nan,nan,nan,nan,nan,nan,nan,nan,nan,nan,nan,nan,nan,nan,nan,nan,nan,nan,nan,nan,nan,nan,nan,nan,nan,nan,nan,nan,nan,nan,nan
692,128882,0.07234695956225981,-1.3368381090164188,0.39555555555555555,188,0.46808510638297873,0.1595744680851064,0.0,0.09574468085106383,0.0,0.8711111111111111,0.9112426035502958,0.6276595744680851,0.17553191489361702,0.19680851063829788,10.0,0.09042553191489362,0.050940170940170934,120.22702960967992,0.0032531046669028022,0.7319485500531304,0.995326172040211,0.0,0.6274509803921569,0.1688888888888889,0.27555555555555555,0.35555555555555557,0.7644444444444445,0.8133333333333334,0.8711111111111111,0.8106508875739645,0.8757396449704142,0.9112426035502958,0.22712085098028184,0.22712085098028184,nan,nan,nan,nan,nan,nan,nan,nan,nan,nan,nan,nan,nan,nan,nan,nan,nan,nan,nan,nan,nan,nan,nan,nan,nan,nan,nan,nan,nan,nan,nan,nan,nan,nan,nan,nan,nan,nan,nan,nan,nan,nan,nan,nan,nan,nan,nan,nan,nan,nan,nan,nan,nan,nan,nan,nan,nan,nan,nan,nan,nan,nan,nan,nan,nan,nan,nan
693,129014,0.0709651571206071,-2.6745821290016174,0.28444444444444444,132,0.4772727272727273,0.16666666666666666,0.0,0.07575757575757576,0.007575757575757576,0.6755555555555556,0.6982248520710059,0.6439393939393939,0.23484848484848486,0.12121212121212122,10.0,0.08333333333333333,0.05619047619047618,96.88173456191998,0.0028901216649980985,0.6502773746245721,1.0,0.0,0.5945945945945946,0.16444444444444445,0.24,nan,0.6222222222222222,0.6222222222222222,nan,0.6449704142011834,0.6449704142011834,nan,0.19174922853708268,0.19174922853708268,nan,nan,nan,nan,nan,nan,nan,nan,nan,nan,nan,nan,nan,nan,nan,nan,nan,nan,nan,nan,nan,nan,nan,nan,nan,nan,nan,nan,nan,nan,nan,nan,nan,nan,nan,nan,nan,nan,nan,nan,nan,nan,nan,nan,nan,nan,nan,nan,nan,nan,nan,nan,nan,nan,nan,nan,nan,nan,nan,nan,nan,nan,nan,nan,nan,nan,nan
694,129137,0.06968027889416903,0.005086207389831454,0.35555555555555557,123,0.6422764227642277,0.06504065040650407,0.0,0.08130081300813008,0.008130081300813009,0.9244444444444444,0.9704142011834319,0.7073170731707317,0.13821138211382114,0.15447154471544716,7.0,0.024390243902439025,0.07107246376811595,83.87536945343003,0.004186105091388694,0.941873645562456,0.9587146755299847,0.016260162601626018,0.7692307692307693,0.19111111111111112,0.30666666666666664,nan,0.7333333333333333,0.8444444444444444,nan,0.8284023668639053,0.9230769230769231,nan,0.1842522218823433,0.1842522218823433,nan,nan,nan,nan,nan,nan,nan,nan,nan,nan,nan,nan,nan,nan,nan,nan,nan,nan,nan,nan,nan,nan,nan,nan,nan,nan,nan,nan,nan,nan,nan,nan,nan,nan,nan,nan,nan,nan,nan,nan,nan,nan,nan,nan,nan,nan,nan,nan,nan,nan,nan,nan,nan,nan,nan,nan,nan,nan,nan,nan,nan,nan,nan,nan,nan,nan,nan
695,129252,0.06848133153332903,0.2699391417503365,0.35555555555555557,115,0.6869565217391305,0.043478260869565216,0.0,0.043478260869565216,0.008695652173913044,0.9511111111111111,1.0,0.7304347826086957,0.12173913043478261,0.14782608695652175,3.0,0.0,0.07437037037037038,80.28629388809189,0.004373238495732684,0.9839786615398538,0.9806610511472947,0.0,0.8461538461538461,0.18222222222222223,0.3244444444444444,nan,0.7688888888888888,0.9511111111111111,nan,0.8698224852071006,1.0,nan,0.16955582350492476,0.16955582350492476,nan,nan,nan,nan,nan,nan,nan,nan,nan,nan,nan,nan,nan,nan,nan,nan,nan,nan,nan,nan,nan,nan,nan,nan,nan,nan,nan,nan,nan,nan,nan,nan,nan,nan,nan,nan,nan,nan,nan,nan,nan,nan,nan,nan,nan,nan,nan,nan,nan,nan,nan,nan,nan,nan,nan,nan,nan,nan,nan,nan,nan,nan,nan,nan,nan,nan,nan
696,129391,0.06703521058934064,-1.277065502405167,0.37777777777777777,139,0.60431654676259,0.04316546762589928,0.0,0.11510791366906475,0.0,0.9466666666666667,0.9822485207100592,0.6474820143884892,0.14388489208633093,0.20863309352517986,7.0,0.014388489208633094,0.06571428571428571,100.02919526100145,0.003732243695045355,0.8397548313852048,0.9906379180773329,0.0,0.84375,0.1688888888888889,0.29777777777777775,nan,0.7111111111111111,0.8666666666666667,nan,0.834319526627219,0.9171597633136095,nan,0.18812528550624846,0.18812528550624846,nan,nan,nan,nan,nan,nan,nan,nan,nan,nan,nan,nan,nan,nan,nan,nan,nan,nan,nan,nan,nan,nan,nan,nan,nan,nan,nan,nan,nan,nan,nan,nan,nan,nan,nan,nan,nan,nan,nan,nan,nan,nan,nan,nan,nan,nan,nan,nan,nan,nan,nan,nan,nan,nan,nan,nan,nan,nan,nan,nan,nan,nan,nan,nan,nan,nan,nan
697,129550,0.06538508952183487,-0.2759039876461018,0.38222222222222224,159,0.5345911949685535,0.10062893081761007,0.0,0.10062893081761007,0.0,0.8844444444444445,0.9585798816568047,0.6352201257861635,0.18867924528301888,0.1761006289308176,13.0,0.06918238993710692,0.06074074074074074,100.54194273948644,0.003757414741394398,0.8454183168137395,0.9936576341607719,0.006289308176100629,0.6904761904761905,0.15555555555555556,0.29333333333333333,0.35555555555555557,0.6355555555555555,0.7822222222222223,0.8488888888888889,0.7396449704142012,0.863905325443787,0.9349112426035503,0.18436421900987626,0.18436421900987626,nan,nan,nan,nan,nan,nan,nan,nan,nan,nan,nan,nan,nan,nan,nan,nan,nan,nan,nan,nan,nan,nan,nan,nan,nan,nan,nan,nan,nan,nan,nan,nan,nan,nan,nan,nan,nan,nan,nan,nan,nan,nan,nan,nan,nan,nan,nan,nan,nan,nan,nan,nan,nan,nan,nan,nan,nan,nan,nan,nan,nan,nan,nan,nan,nan,nan,nan
698,129649,0.0643598486283556,-1.8653662757873528,0.24,99,0.5353535353535354,0.12121212121212122,0.0,0.10101010101010101,0.010101010101010102,0.8266666666666667,0.9112426035502958,0.6565656565656566,0.20202020202020202,0.1414141414141414,9.0,0.050505050505050504,0.05921296296296296,70.1558692932128,0.003357602976467491,0.7554606697051854,0.9838967413528871,0.010101010101010102,0.7916666666666666,0.13777777777777778,nan,nan,0.5511111111111111,nan,nan,0.621301775147929,nan,nan,0.1981261931359768,0.1981261931359768,nan,nan,nan,nan,nan,nan,nan,nan,nan,nan,nan,nan,nan,nan,nan,nan,nan,nan,nan,nan,nan,nan,nan,nan,nan,nan,nan,nan,nan,nan,nan,nan,nan,nan,nan,nan,nan,nan,nan,nan,nan,nan,nan,nan,nan,nan,nan,nan,nan,nan,nan,nan,nan,nan,nan,nan,nan,nan,nan,nan,nan,nan,nan,nan,nan,nan,nan
699,129847,0.06231440622802542,-1.0439156866073587,0.4177777777777778,198,0.4696969696969697,0.11616161616161616,0.0,0.15151515151515152,0.0,0.9377777777777778,0.9704142011834319,0.5858585858585859,0.14646464646464646,0.2676767676767677,16.0,0.10101010101010101,0.0520048309178744,120.2468160629269,0.003437374450871365,0.7734092514460571,0.9778941747447749,0.010101010101010102,0.7254901960784313,0.14222222222222222,0.26666666666666666,0.35555555555555557,0.5866666666666667,0.8488888888888889,0.9377777777777778,0.727810650887574,0.893491124260355,0.9704142011834319,0.1882325902581215,0.1882325902581215,nan,nan,nan,nan,nan,nan,nan,nan,nan,nan,nan,nan,nan,nan,nan,nan,nan,nan,nan,nan,nan,nan,nan,nan,nan,nan,nan,nan,nan,nan,nan,nan,nan,nan,nan,nan,nan,nan,nan,nan,nan,nan,nan,nan,nan,nan,nan,nan,nan,nan,nan,nan,nan,nan,nan,nan,nan,nan,nan,nan,nan,nan,nan,nan,nan,nan,nan
700,130063,0.060090661386274426,-1.9716949331760398,0.4444444444444444,216,0.4583333333333333,0.12037037037037036,0.0,0.10185185185185185,0.0,0.9733333333333334,1.0,0.5787037037037037,0.2777777777777778,0.14351851851851852,21.0,0.12962962962962962,0.048888888888888885,140.2923326969147,0.0031363082467989814,0.7056693555297708,0.9875925507236524,0.004629629629629629,0.6764705882352942,0.17333333333333334,0.28,0.3688888888888889,0.6711111111111111,0.8888888888888888,0.9466666666666667,0.7337278106508875,0.9644970414201184,1.0,0.2037992998957634,0.2037992998957634,-1.0596077333211888,0.3911111111111111,173.1,0.0,1.0,0.5046861412581535,0.11826512586712831,0.0,0.09464943201756573,0.0006097560975609756,0.868888888888889,0.9313609467455622,0.6229512671252818,0.20619490078377872,0.17085383209093954,11.1,0.06286849692513001,0.05360886873794483,112.36674031734442,0.003455017501761251,0.7773789378962814,0.9855141118615288,0.001185811865053223,0.7091973760090309,0.16933333333333336,0.276,0.35644444444444445,0.6764444444444445,0.7924444444444444,0.8520000000000001,0.7840236686390533,0.8810650887573963,0.9159763313609467,-2.7344092310667025,0.34622222222222226,171.8,0.0,1.0,0.4531499647162224,0.1113102872652471,0.0240646455295842,0.12323029025446978,0.0027595865932579927,0.8444444444444444,0.8775147928994084,0.5885248975110537,0.2117573829352244,0.19971771955372197,25.5,0.16516742065875054,0.049187574998101315,110.47246886730173,0.0031264070119384284,0.7034415776861465,0.9415963373624988,0.0,0.6436395372373249,0.15200000000000002,0.24666666666666667,0.35873015873015873,0.6022222222222222,0.7746666666666667,0.8685714285714285,0.6585798816568047,0.8248520710059172,0.9120879120879122,2.3466499671268903
701,130206,0.05862283973262729,-2.0235693621635433,0.28,143,0.43356643356643354,0.16783216783216784,0.0,0.13286713286713286,0.006993006993006993,0.6488888888888888,0.6863905325443787,0.6013986013986014,0.22377622377622378,0.17482517482517482,18.0,0.2097902097902098,0.04679012345679013,90.00542249679549,0.003061543937148524,0.6888473858584178,0.981489447478572,0.006993006993006993,0.5945945945945946,0.1688888888888889,0.25333333333333335,nan,0.56,0.6355555555555555,nan,0.621301775147929,0.6745562130177515,nan,0.17135628312826157,0.17135628312826157,nan,nan,nan,nan,nan,nan,nan,nan,nan,nan,nan,nan,nan,nan,nan,nan,nan,nan,nan,nan,nan,nan,nan,nan,nan,nan,nan,nan,nan,nan,nan,nan,nan,nan,nan,nan,nan,nan,nan,nan,nan,nan,nan,nan,nan,nan,nan,nan,nan,nan,nan,nan,nan,nan,nan,nan,nan,nan,nan,nan,nan,nan,nan,nan,nan,nan,nan
702,130361,0.05703577649225328,0.5511844596862796,0.4222222222222222,155,0.6064516129032258,0.03870967741935484,0.0,0.03225806451612903,0.0,0.9822222222222222,1.0,0.6451612903225806,0.1935483870967742,0.16129032258064516,4.0,0.0,0.06730158730158729,100.3220527648923,0.004164366320901072,0.9369824222027412,0.9707090960816058,0.0,0.88,0.1688888888888889,0.3022222222222222,0.4088888888888889,0.7644444444444445,0.9111111111111111,0.9822222222222222,0.8579881656804734,0.9822485207100592,1.0,0.21746566593647004,0.21746566593647004,nan,nan,nan,nan,nan,nan,nan,nan,nan,nan,nan,nan,nan,nan,nan,nan,nan,nan,nan,nan,nan,nan,nan,nan,nan,nan,nan,nan,nan,nan,nan,nan,nan,nan,nan,nan,nan,nan,nan,nan,nan,nan,nan,nan,nan,nan,nan,nan,nan,nan,nan,nan,nan,nan,nan,nan,nan,nan,nan,nan,nan,nan,nan,nan,nan,nan,nan
703,130486,0.05575886116935166,0.11430507755279695,0.3422222222222222,125,0.608,0.056,0.0,0.056,0.008,0.8844444444444445,0.9112426035502958,0.664,0.192,0.144,4.0,0.0,0.06755555555555555,80.00661830902082,0.004221872951474228,0.9499214140817014,0.9895893649019941,0.0,0.8571428571428571,0.16,0.29333333333333333,nan,0.6666666666666666,0.8711111111111111,nan,0.6923076923076923,0.893491124260355,nan,0.18007150962948798,0.18007150962948798,nan,nan,nan,nan,nan,nan,nan,nan,nan,nan,nan,nan,nan,nan,nan,nan,nan,nan,nan,nan,nan,nan,nan,nan,nan,nan,nan,nan,nan,nan,nan,nan,nan,nan,nan,nan,nan,nan,nan,nan,nan,nan,nan,nan,nan,nan,nan,nan,nan,nan,nan,nan,nan,nan,nan,nan,nan,nan,nan,nan,nan,nan,nan,nan,nan,nan,nan
704,130656,0.05402651022549077,-1.9814467720985416,0.29777777777777775,170,0.38823529411764707,0.17647058823529413,0.0,0.1411764705882353,0.0,0.7511111111111111,0.8165680473372781,0.5647058823529412,0.19411764705882353,0.2411764705882353,52.0,0.3,0.04238095238095237,100.01377878189057,0.002932929211414288,0.6599090725682147,0.8791318686955962,0.0058823529411764705,0.46938775510204084,0.16,0.28,0.28444444444444444,0.5377777777777778,0.7511111111111111,0.7511111111111111,0.5976331360946746,0.8165680473372781,0.8165680473372781,0.20047932714223862,0.20047932714223862,nan,nan,nan,nan,nan,nan,nan,nan,nan,nan,nan,nan,nan,nan,nan,nan,nan,nan,nan,nan,nan,nan,nan,nan,nan,nan,nan,nan,nan,nan,nan,nan,nan,nan,nan,nan,nan,nan,nan,nan,nan,nan,nan,nan,nan,nan,nan,nan,nan,nan,nan,nan,nan,nan,nan,nan,nan,nan,nan,nan,nan,nan,nan,nan,nan,nan,nan
705,130869,0.051862881586082134,-0.5546387822628047,0.49333333333333335,213,0.5164319248826291,0.12206572769953052,0.0,0.06103286384976526,0.0,0.9333333333333333,0.9644970414201184,0.6384976525821596,0.18779342723004694,0.17370892018779344,18.0,0.07981220657276995,0.055232668566001904,140.25370268821715,0.0034857467540495885,0.7842930196611573,0.9944996578626583,0.004694835680751174,0.7301587301587301,0.17777777777777778,0.29777777777777775,0.4177777777777778,0.8177777777777778,0.8177777777777778,0.8933333333333333,0.834319526627219,0.834319526627219,0.9171597633136095,0.20744375735521317,0.20744375735521317,nan,nan,nan,nan,nan,nan,nan,nan,nan,nan,nan,nan,nan,nan,nan,nan,nan,nan,nan,nan,nan,nan,nan,nan,nan,nan,nan,nan,nan,nan,nan,nan,nan,nan,nan,nan,nan,nan,nan,nan,nan,nan,nan,nan,nan,nan,nan,nan,nan,nan,nan,nan,nan,nan,nan,nan,nan,nan,nan,nan,nan,nan,nan,nan,nan,nan,nan
706,130997,0.050566359521847994,-2.318073251247406,0.28444444444444444,128,0.4921875,0.0625,0.0,0.15625,0.0078125,0.8844444444444445,0.9289940828402367,0.5546875,0.15625,0.2890625,18.0,0.15625,0.05209876543209873,82.09593572616565,0.0034106438707751804,0.7673948709244155,0.9813506576181437,0.0,0.8108108108108109,0.14666666666666667,0.2577777777777778,nan,0.6,0.8755555555555555,nan,0.6449704142011834,0.9289940828402367,nan,0.23019910603761673,0.23019910603761673,nan,nan,nan,nan,nan,nan,nan,nan,nan,nan,nan,nan,nan,nan,nan,nan,nan,nan,nan,nan,nan,nan,nan,nan,nan,nan,nan,nan,nan,nan,nan,nan,nan,nan,nan,nan,nan,nan,nan,nan,nan,nan,nan,nan,nan,nan,nan,nan,nan,nan,nan,nan,nan,nan,nan,nan,nan,nan,nan,nan,nan,nan,nan,nan,nan,nan,nan
707,131168,0.051161403552556155,0.25698124837875413,0.43555555555555553,171,0.5672514619883041,0.09941520467836257,0.0,0.04093567251461988,0.005847953216374269,0.9911111111111112,1.0,0.6666666666666666,0.16374269005847952,0.1695906432748538,8.0,0.023391812865497075,0.06243386243386243,110.20970239639252,0.003911734645290383,0.8801402951903361,0.9877530841750634,0.0,0.7551020408163265,0.15555555555555556,0.3111111111111111,0.40444444444444444,0.6577777777777778,0.9911111111111112,0.9911111111111112,0.6923076923076923,1.0,1.0,0.21061909794807435,0.21061909794807435,nan,nan,nan,nan,nan,nan,nan,nan,nan,nan,nan,nan,nan,nan,nan,nan,nan,nan,nan,nan,nan,nan,nan,nan,nan,nan,nan,nan,nan,nan,nan,nan,nan,nan,nan,nan,nan,nan,nan,nan,nan,nan,nan,nan,nan,nan,nan,nan,nan,nan,nan,nan,nan,nan,nan,nan,nan,nan,nan,nan,nan,nan,nan,nan,nan,nan,nan
708,131321,0.05270312655110038,-1.0153624756336213,0.36444444444444446,153,0.5294117647058824,0.08496732026143791,0.0,0.09803921568627451,0.0,0.8755555555555555,0.9644970414201184,0.6143790849673203,0.19607843137254902,0.1895424836601307,6.0,0.006535947712418301,0.05142857142857143,100.35583310127234,0.0035872354289233225,0.8071279715077475,0.9980856652365134,0.006535947712418301,0.7954545454545454,0.14222222222222222,0.25333333333333335,0.36444444444444446,0.5111111111111111,0.7333333333333333,0.8755555555555555,0.5680473372781065,0.863905325443787,0.9644970414201184,0.21547029316425323,0.21547029316425323,nan,nan,nan,nan,nan,nan,nan,nan,nan,nan,nan,nan,nan,nan,nan,nan,nan,nan,nan,nan,nan,nan,nan,nan,nan,nan,nan,nan,nan,nan,nan,nan,nan,nan,nan,nan,nan,nan,nan,nan,nan,nan,nan,nan,nan,nan,nan,nan,nan,nan,nan,nan,nan,nan,nan,nan,nan,nan,nan,nan,nan,nan,nan,nan,nan,nan,nan
709,131500,0.05450185274156942,-0.9281224756240839,0.4222222222222222,179,0.5251396648044693,0.11731843575418995,0.0,0.09497206703910614,0.0,0.9022222222222223,0.9704142011834319,0.6424581005586593,0.12849162011173185,0.22905027932960895,8.0,0.0335195530726257,0.05513888888888887,120.27735691070531,0.003473453262594877,0.7815269840838472,0.9815096896330279,0.0,0.7659574468085106,0.1511111111111111,0.28,0.39111111111111113,0.5244444444444445,0.8266666666666667,0.8888888888888888,0.650887573964497,0.9171597633136095,0.9526627218934911,0.21594624519348143,0.21594624519348143,nan,nan,nan,nan,nan,nan,nan,nan,nan,nan,nan,nan,nan,nan,nan,nan,nan,nan,nan,nan,nan,nan,nan,nan,nan,nan,nan,nan,nan,nan,nan,nan,nan,nan,nan,nan,nan,nan,nan,nan,nan,nan,nan,nan,nan,nan,nan,nan,nan,nan,nan,nan,nan,nan,nan,nan,nan,nan,nan,nan,nan,nan,nan,nan,nan,nan,nan
710,131646,0.05596499471834725,-0.7904881076812731,0.37333333333333335,146,0.5684931506849316,0.07534246575342465,0.0,0.07534246575342465,0.0,0.8755555555555555,0.9644970414201184,0.6438356164383562,0.19863013698630136,0.15753424657534246,9.0,0.0410958904109589,0.06261022927689594,100.09036293029773,0.003685558510221216,0.8292506647997735,0.9715500721513386,0.00684931506849315,0.7804878048780488,0.18222222222222223,0.28888888888888886,nan,0.6977777777777778,0.8,nan,0.8284023668639053,0.8994082840236687,nan,0.2003972962498665,0.2003972962498665,nan,nan,nan,nan,nan,nan,nan,nan,nan,nan,nan,nan,nan,nan,nan,nan,nan,nan,nan,nan,nan,nan,nan,nan,nan,nan,nan,nan,nan,nan,nan,nan,nan,nan,nan,nan,nan,nan,nan,nan,nan,nan,nan,nan,nan,nan,nan,nan,nan,nan,nan,nan,nan,nan,nan,nan,nan,nan,nan,nan,nan,nan,nan,nan,nan,nan,nan
711,131847,0.057973489547964135,-4.104551190853119,0.26222222222222225,201,0.2885572139303483,0.24378109452736318,0.004975124378109453,0.13432835820895522,0.0,0.7822222222222223,0.8402366863905325,0.5373134328358209,0.14925373134328357,0.31343283582089554,74.0,0.4129353233830846,0.028641975308641973,120.27191610336277,0.002143291519162639,0.4822405918115936,0.9373805204204682,0.0,0.4090909090909091,0.1511111111111111,0.2311111111111111,0.26222222222222225,0.6088888888888889,0.7822222222222223,0.7822222222222223,0.6863905325443787,0.8402366863905325,0.8402366863905325,0.18910390734672547,0.18910390734672547,nan,nan,nan,nan,nan,nan,nan,nan,nan,nan,nan,nan,nan,nan,nan,nan,nan,nan,nan,nan,nan,nan,nan,nan,nan,nan,nan,nan,nan,nan,nan,nan,nan,nan,nan,nan,nan,nan,nan,nan,nan,nan,nan,nan,nan,nan,nan,nan,nan,nan,nan,nan,nan,nan,nan,nan,nan,nan,nan,nan,nan,nan,nan,nan,nan,nan,nan
712,132036,0.05985592592718742,-1.7971915953159312,0.40444444444444444,189,0.47619047619047616,0.10582010582010581,0.037037037037037035,0.12698412698412698,0.0,0.8933333333333333,0.9349112426035503,0.6190476190476191,0.2275132275132275,0.15343915343915343,21.0,0.1164021164021164,0.05305555555555555,120.12563424110387,0.0033298471431764598,0.7492156072147034,0.9804844168670459,0.0,0.5957446808510638,0.16444444444444445,0.28,0.3333333333333333,0.6355555555555555,0.8044444444444444,0.8044444444444444,0.7041420118343196,0.8461538461538461,0.8461538461538461,0.21808144748210906,0.21808144748210906,nan,nan,nan,nan,nan,nan,nan,nan,nan,nan,nan,nan,nan,nan,nan,nan,nan,nan,nan,nan,nan,nan,nan,nan,nan,nan,nan,nan,nan,nan,nan,nan,nan,nan,nan,nan,nan,nan,nan,nan,nan,nan,nan,nan,nan,nan,nan,nan,nan,nan,nan,nan,nan,nan,nan,nan,nan,nan,nan,nan,nan,nan,nan,nan,nan,nan,nan
713,132230,0.06178197960072586,-0.6575620815753936,0.4177777777777778,194,0.4793814432989691,0.13402061855670103,0.0,0.08247422680412371,0.0,0.8977777777777778,0.9289940828402367,0.6134020618556701,0.1958762886597938,0.19072164948453607,13.0,0.08762886597938144,0.05324561403508773,120.31963887214623,0.0034352939986177044,0.7729411496889834,0.9909414468408212,0.005154639175257732,0.6779661016949152,0.17333333333333334,0.29777777777777775,0.3511111111111111,0.6133333333333333,0.8,0.8177777777777778,0.6923076923076923,0.8698224852071006,0.8698224852071006,0.17995381578803063,0.17995381578803063,nan,nan,nan,nan,nan,nan,nan,nan,nan,nan,nan,nan,nan,nan,nan,nan,nan,nan,nan,nan,nan,nan,nan,nan,nan,nan,nan,nan,nan,nan,nan,nan,nan,nan,nan,nan,nan,nan,nan,nan,nan,nan,nan,nan,nan,nan,nan,nan,nan,nan,nan,nan,nan,nan,nan,nan,nan,nan,nan,nan,nan,nan,nan,nan,nan,nan,nan
714,132310,0.06257440811348802,-0.34885557079315055,0.27111111111111114,80,0.75,0.05,0.0,0.0125,0.025,0.7911111111111111,0.863905325443787,0.8,0.1625,0.0375,5.0,0.0,0.08444444444444446,60.1319578170776,0.00443469124151705,0.997805529341336,0.9553046998339522,0.0,0.8666666666666667,0.19111111111111112,nan,nan,0.7066666666666667,nan,nan,0.8047337278106509,nan,nan,0.1650611415505409,0.1650611415505409,nan,nan,nan,nan,nan,nan,nan,nan,nan,nan,nan,nan,nan,nan,nan,nan,nan,nan,nan,nan,nan,nan,nan,nan,nan,nan,nan,nan,nan,nan,nan,nan,nan,nan,nan,nan,nan,nan,nan,nan,nan,nan,nan,nan,nan,nan,nan,nan,nan,nan,nan,nan,nan,nan,nan,nan,nan,nan,nan,nan,nan,nan,nan,nan,nan,nan,nan
715,132519,0.06463962148805431,-2.4003697381019586,0.39111111111111113,209,0.41626794258373206,0.15311004784688995,0.0,0.13875598086124402,0.0,0.7333333333333333,0.7810650887573964,0.569377990430622,0.22009569377990432,0.21052631578947367,12.0,0.08133971291866028,0.04471879286694101,130.5368546485899,0.0029621264255798706,0.6664784457554708,0.9957957911175104,0.023923444976076555,0.6229508196721312,0.16,0.23555555555555555,0.3244444444444444,0.5422222222222223,0.6044444444444445,0.7111111111111111,0.6035502958579881,0.6390532544378699,0.7692307692307693,0.19380533546209336,0.19380533546209336,nan,nan,nan,nan,nan,nan,nan,nan,nan,nan,nan,nan,nan,nan,nan,nan,nan,nan,nan,nan,nan,nan,nan,nan,nan,nan,nan,nan,nan,nan,nan,nan,nan,nan,nan,nan,nan,nan,nan,nan,nan,nan,nan,nan,nan,nan,nan,nan,nan,nan,nan,nan,nan,nan,nan,nan,nan,nan,nan,nan,nan,nan,nan,nan,nan,nan,nan
716,132709,0.06651081750943977,-0.7817749054431901,0.43555555555555553,190,0.5105263157894737,0.08947368421052632,0.0,0.12631578947368421,0.0,0.9777777777777777,0.9940828402366864,0.6,0.1736842105263158,0.22631578947368422,7.0,0.031578947368421054,0.05499999999999999,120.68357052803003,0.003572243588956303,0.8037548075151681,0.9840773236562534,0.0,0.75,0.1688888888888889,0.28888888888888886,0.4,0.6711111111111111,0.96,0.9777777777777777,0.7100591715976331,0.9763313609467456,0.9940828402366864,0.2206537812948227,0.2206537812948227,nan,nan,nan,nan,nan,nan,nan,nan,nan,nan,nan,nan,nan,nan,nan,nan,nan,nan,nan,nan,nan,nan,nan,nan,nan,nan,nan,nan,nan,nan,nan,nan,nan,nan,nan,nan,nan,nan,nan,nan,nan,nan,nan,nan,nan,nan,nan,nan,nan,nan,nan,nan,nan,nan,nan,nan,nan,nan,nan,nan,nan,nan,nan,nan,nan,nan,nan
717,132884,0.06822901670813106,-1.3204823336601244,0.41333333333333333,175,0.5257142857142857,0.10285714285714286,0.0,0.06857142857142857,0.0,0.9244444444444444,1.0,0.6285714285714286,0.17142857142857143,0.2,10.0,0.05714285714285714,0.05841269841269841,120.48078413009628,0.0033938099908726264,0.7636072479463408,0.9755231658405628,0.005714285714285714,0.8076923076923077,0.13777777777777778,0.27555555555555555,0.37777777777777777,0.6088888888888889,0.8622222222222222,0.8977777777777778,0.7041420118343196,0.9644970414201184,0.9881656804733728,0.20134705156087876,0.20134705156087876,nan,nan,nan,nan,nan,nan,nan,nan,nan,nan,nan,nan,nan,nan,nan,nan,nan,nan,nan,nan,nan,nan,nan,nan,nan,nan,nan,nan,nan,nan,nan,nan,nan,nan,nan,nan,nan,nan,nan,nan,nan,nan,nan,nan,nan,nan,nan,nan,nan,nan,nan,nan,nan,nan,nan,nan,nan,nan,nan,nan,nan,nan,nan,nan,nan,nan,nan
718,133072,0.07006923521275144,-2.321937700271606,0.3422222222222222,188,0.40425531914893614,0.2074468085106383,0.0,0.09574468085106383,0.0,0.7688888888888888,0.8994082840236687,0.6117021276595744,0.22872340425531915,0.1595744680851064,37.0,0.25,0.043760683760683754,121.03750190734841,0.0027906869561496682,0.6279045651336753,0.9582454486008561,0.0,0.4909090909090909,0.17777777777777778,0.24888888888888888,0.27555555555555555,0.6711111111111111,0.7333333333333333,0.7333333333333333,0.8106508875739645,0.863905325443787,0.863905325443787,0.19525713622570037,0.19525713622570037,nan,nan,nan,nan,nan,nan,nan,nan,nan,nan,nan,nan,nan,nan,nan,nan,nan,nan,nan,nan,nan,nan,nan,nan,nan,nan,nan,nan,nan,nan,nan,nan,nan,nan,nan,nan,nan,nan,nan,nan,nan,nan,nan,nan,nan,nan,nan,nan,nan,nan,nan,nan,nan,nan,nan,nan,nan,nan,nan,nan,nan,nan,nan,nan,nan,nan,nan
719,133258,0.07188416302453003,-0.8295539150238026,0.4311111111111111,186,0.5161290322580645,0.12903225806451613,0.0,0.10215053763440861,0.005376344086021506,0.9377777777777778,1.0,0.6451612903225806,0.10752688172043011,0.24731182795698925,18.0,0.12903225806451613,0.05616161616161616,120.79575157165498,0.003532133051993735,0.7947299366985903,0.9840166545026638,0.005376344086021506,0.6808510638297872,0.18222222222222223,0.25333333333333335,0.3688888888888889,0.7066666666666667,0.7422222222222222,0.8755555555555555,0.8284023668639053,0.834319526627219,0.9763313609467456,0.18318842202425004,0.18318842202425004,nan,nan,nan,nan,nan,nan,nan,nan,nan,nan,nan,nan,nan,nan,nan,nan,nan,nan,nan,nan,nan,nan,nan,nan,nan,nan,nan,nan,nan,nan,nan,nan,nan,nan,nan,nan,nan,nan,nan,nan,nan,nan,nan,nan,nan,nan,nan,nan,nan,nan,nan,nan,nan,nan,nan,nan,nan,nan,nan,nan,nan,nan,nan,nan,nan,nan,nan
720,133484,0.07408176894131821,-1.8403863136768344,0.4488888888888889,226,0.4424778761061947,0.11946902654867257,0.0,0.13274336283185842,0.0,0.9422222222222222,0.9763313609467456,0.5619469026548672,0.22566371681415928,0.21238938053097345,16.0,0.09734513274336283,0.044444444444444446,140.04177441596966,0.0031736561915039706,0.7140726430883934,0.993520061530676,0.01327433628318584,0.7058823529411765,0.1511111111111111,0.27111111111111114,0.3466666666666667,0.6755555555555556,0.9022222222222223,0.9022222222222223,0.7751479289940828,0.9585798816568047,0.9585798816568047,0.19038843214511872,0.19038843214511872,-1.8435837185144415,0.3648888888888889,174.6,0.0,1.0,0.4673540336225863,0.1044359420170021,0.0053254437869822485,0.1370830834956345,0.0006802721088435374,0.8600000000000001,0.9195266272189349,0.5771154194265706,0.22193301034970253,0.20095157022372678,16.2,0.10779105139395846,0.050255671797338454,109.4046068429944,0.0033207428335555143,0.7471671375499908,0.9741380918675242,0.001763164063763055,0.7083595900375375,0.1595555555555556,0.2644444444444444,0.33037037037037037,0.6284444444444445,0.7888888888888889,0.8385185185185186,0.7218934911242603,0.8698224852071006,0.8994082840236687,-3.1185744258165338,0.29866666666666664,156.1,0.0,1.0,0.43538376461011036,0.13060993458326664,0.00759493670886076,0.13645986712546987,0.0037943318141337944,0.8004444444444445,0.8449704142011834,0.5735886359022377,0.21988006433043697,0.2065312997673253,30.4,0.19163503391828024,0.04798136080943097,99.09975643634775,0.0030105298590858446,0.677369218294315,0.922909393849471,0.000591715976331361,0.6167241823065307,0.14044444444444443,0.23733333333333334,0.29444444444444445,0.5342222222222223,0.7466666666666667,0.7816666666666667,0.6047337278106509,0.8011834319526627,0.82396449704142,2.282409029147491
721,133667,0.07585512908866335,-1.053093153715132,0.43555555555555553,183,0.5300546448087432,0.060109289617486336,0.0,0.12021857923497267,0.0,0.9822222222222222,0.9881656804733728,0.5901639344262295,0.22950819672131148,0.18032786885245902,8.0,0.01639344262295082,0.055069444444444435,120.61993479728682,0.003574128205554364,0.8041788462497319,0.9855354698876273,0.0,0.8653846153846154,0.16444444444444445,0.26666666666666666,0.37777777777777777,0.6666666666666666,0.7466666666666667,0.92,0.727810650887574,0.7869822485207101,0.9408284023668639,0.18014146834611894,0.18014146834611894,nan,nan,nan,nan,nan,nan,nan,nan,nan,nan,nan,nan,nan,nan,nan,nan,nan,nan,nan,nan,nan,nan,nan,nan,nan,nan,nan,nan,nan,nan,nan,nan,nan,nan,nan,nan,nan,nan,nan,nan,nan,nan,nan,nan,nan,nan,nan,nan,nan,nan,nan,nan,nan,nan,nan,nan,nan,nan,nan,nan,nan,nan,nan,nan,nan,nan,nan
722,133768,0.07683152950675133,-1.34879305768013,0.27111111111111114,101,0.594059405940594,0.06930693069306931,0.0,0.09900990099009901,0.019801980198019802,0.84,0.9349112426035503,0.6633663366336634,0.15841584158415842,0.1782178217821782,6.0,0.009900990099009901,0.07466666666666681,70.26469578742977,0.003795172862818726,0.8539138941342131,0.9779804047716724,0.0297029702970297,0.8333333333333334,0.1688888888888889,0.26666666666666666,nan,0.6444444444444445,0.8222222222222222,nan,0.7514792899408284,0.9171597633136095,nan,0.2339397132396698,0.2339397132396698,nan,nan,nan,nan,nan,nan,nan,nan,nan,nan,nan,nan,nan,nan,nan,nan,nan,nan,nan,nan,nan,nan,nan,nan,nan,nan,nan,nan,nan,nan,nan,nan,nan,nan,nan,nan,nan,nan,nan,nan,nan,nan,nan,nan,nan,nan,nan,nan,nan,nan,nan,nan,nan,nan,nan,nan,nan,nan,nan,nan,nan,nan,nan,nan,nan,nan,nan
723,133995,0.07901995428821297,-1.1964561603069308,0.4533333333333333,227,0.44493392070484583,0.14977973568281938,0.0,0.1013215859030837,0.0,0.8977777777777778,0.9289940828402367,0.5947136563876652,0.19383259911894274,0.21145374449339208,13.0,0.1013215859030837,0.04488888888888888,140.13767771720876,0.0032031991410241974,0.7207198067304443,0.9811224595110203,0.0,0.6086956521739131,0.1688888888888889,0.2311111111111111,0.32,0.5822222222222222,0.6,0.8755555555555555,0.6153846153846154,0.621301775147929,0.9289940828402367,0.184085975587368,0.184085975587368,nan,nan,nan,nan,nan,nan,nan,nan,nan,nan,nan,nan,nan,nan,nan,nan,nan,nan,nan,nan,nan,nan,nan,nan,nan,nan,nan,nan,nan,nan,nan,nan,nan,nan,nan,nan,nan,nan,nan,nan,nan,nan,nan,nan,nan,nan,nan,nan,nan,nan,nan,nan,nan,nan,nan,nan,nan,nan,nan,nan,nan,nan,nan,nan,nan,nan,nan
724,134162,0.08062459715032651,-1.3626928224563588,0.31555555555555553,167,0.41916167664670656,0.17964071856287425,0.0,0.08982035928143713,0.0,0.6444444444444445,0.6745562130177515,0.5988023952095808,0.19161676646706588,0.20958083832335328,18.0,0.16766467065868262,0.04534080298786181,100.14945545196504,0.0031064683248360767,0.6989553730881173,0.990453756849915,0.005988023952095809,0.5686274509803921,0.15555555555555556,0.27111111111111114,0.3022222222222222,0.5333333333333333,0.6444444444444445,0.6444444444444445,0.5502958579881657,0.6745562130177515,0.6745562130177515,0.22579400837421418,0.22579400837421418,nan,nan,nan,nan,nan,nan,nan,nan,nan,nan,nan,nan,nan,nan,nan,nan,nan,nan,nan,nan,nan,nan,nan,nan,nan,nan,nan,nan,nan,nan,nan,nan,nan,nan,nan,nan,nan,nan,nan,nan,nan,nan,nan,nan,nan,nan,nan,nan,nan,nan,nan,nan,nan,nan,nan,nan,nan,nan,nan,nan,nan,nan,nan,nan,nan,nan,nan
725,134370,0.08261687557331224,-1.0638669345378853,0.4444444444444444,208,0.47596153846153844,0.11538461538461539,0.0,0.1201923076923077,0.0,0.8977777777777778,0.9289940828402367,0.5913461538461539,0.19230769230769232,0.21634615384615385,12.0,0.0673076923076923,0.05203703703703703,130.19873270988438,0.0033794491762099634,0.7603760646472418,0.9828381791280069,0.0,0.65,0.1511111111111111,0.27111111111111114,0.37777777777777777,0.6222222222222222,0.7866666666666666,0.8888888888888888,0.6923076923076923,0.8106508875739645,0.9289940828402367,0.18820540755987167,0.18820540755987167,nan,nan,nan,nan,nan,nan,nan,nan,nan,nan,nan,nan,nan,nan,nan,nan,nan,nan,nan,nan,nan,nan,nan,nan,nan,nan,nan,nan,nan,nan,nan,nan,nan,nan,nan,nan,nan,nan,nan,nan,nan,nan,nan,nan,nan,nan,nan,nan,nan,nan,nan,nan,nan,nan,nan,nan,nan,nan,nan,nan,nan,nan,nan,nan,nan,nan,nan
726,134512,0.08397297130045112,-1.8948306539058684,0.3466666666666667,142,0.5422535211267606,0.08450704225352113,0.0,0.11971830985915492,0.0,0.9688888888888889,1.0,0.6267605633802817,0.15492957746478872,0.21830985915492956,11.0,0.07746478873239436,0.059128540305010906,101.02695860862733,0.0033874346702643166,0.7621728008094711,0.9710039410102766,0.007042253521126761,0.7777777777777778,0.16444444444444445,0.24888888888888888,nan,0.6711111111111111,0.8977777777777778,nan,0.7396449704142012,0.9467455621301775,nan,0.18867922872304915,0.18867922872304915,nan,nan,nan,nan,nan,nan,nan,nan,nan,nan,nan,nan,nan,nan,nan,nan,nan,nan,nan,nan,nan,nan,nan,nan,nan,nan,nan,nan,nan,nan,nan,nan,nan,nan,nan,nan,nan,nan,nan,nan,nan,nan,nan,nan,nan,nan,nan,nan,nan,nan,nan,nan,nan,nan,nan,nan,nan,nan,nan,nan,nan,nan,nan,nan,nan,nan,nan
727,134703,0.08579188592893011,-1.2612401471138,0.39111111111111113,191,0.45549738219895286,0.16230366492146597,0.0,0.09424083769633508,0.0,0.9422222222222222,0.9881656804733728,0.6178010471204188,0.18324607329842932,0.19895287958115182,24.0,0.13089005235602094,0.049895833333333334,120.57371568679784,0.00320689019546409,0.7215502939794202,0.9616641473758382,0.0,0.6545454545454545,0.16,0.28,0.3288888888888889,0.5644444444444444,0.8222222222222222,0.8577777777777778,0.621301775147929,0.8520710059171598,0.8875739644970414,0.20878618061542512,0.20878618061542512,nan,nan,nan,nan,nan,nan,nan,nan,nan,nan,nan,nan,nan,nan,nan,nan,nan,nan,nan,nan,nan,nan,nan,nan,nan,nan,nan,nan,nan,nan,nan,nan,nan,nan,nan,nan,nan,nan,nan,nan,nan,nan,nan,nan,nan,nan,nan,nan,nan,nan,nan,nan,nan,nan,nan,nan,nan,nan,nan,nan,nan,nan,nan,nan,nan,nan,nan
728,134877,0.0874437963715829,-0.6916105189323418,0.38666666666666666,174,0.4942528735632184,0.13793103448275862,0.0,0.08620689655172414,0.0,0.8222222222222222,0.8875739644970414,0.632183908045977,0.19540229885057472,0.1724137931034483,12.0,0.07471264367816093,0.054735449735449734,110.4534335136411,0.0034604829389483617,0.7786086612633814,0.9942043898365674,0.0,0.673469387755102,0.16444444444444445,0.28888888888888886,0.36444444444444446,0.68,0.7822222222222223,0.8222222222222222,0.8047337278106509,0.8520710059171598,0.8875739644970414,0.19212740361690522,0.19212740361690522,nan,nan,nan,nan,nan,nan,nan,nan,nan,nan,nan,nan,nan,nan,nan,nan,nan,nan,nan,nan,nan,nan,nan,nan,nan,nan,nan,nan,nan,nan,nan,nan,nan,nan,nan,nan,nan,nan,nan,nan,nan,nan,nan,nan,nan,nan,nan,nan,nan,nan,nan,nan,nan,nan,nan,nan,nan,nan,nan,nan,nan,nan,nan,nan,nan,nan,nan
729,135031,0.08890177569199931,-1.7726045787334428,0.35555555555555557,154,0.512987012987013,0.05844155844155844,0.0,0.13636363636363635,0.012987012987012988,0.8533333333333334,0.9053254437869822,0.5714285714285714,0.24025974025974026,0.18831168831168832,13.0,0.05194805194805195,0.06015873015873018,100.7962340831755,0.0034833752898087407,0.7837594402069665,0.9740759190117858,0.012987012987012988,0.8,0.16444444444444445,0.27555555555555555,0.3422222222222222,0.6177777777777778,0.8177777777777778,0.8533333333333334,0.6804733727810651,0.8875739644970414,0.9053254437869822,0.20309838354587556,0.20309838354587556,nan,nan,nan,nan,nan,nan,nan,nan,nan,nan,nan,nan,nan,nan,nan,nan,nan,nan,nan,nan,nan,nan,nan,nan,nan,nan,nan,nan,nan,nan,nan,nan,nan,nan,nan,nan,nan,nan,nan,nan,nan,nan,nan,nan,nan,nan,nan,nan,nan,nan,nan,nan,nan,nan,nan,nan,nan,nan,nan,nan,nan,nan,nan,nan,nan,nan,nan
730,135177,0.09028050545263154,-0.7792639665603627,0.3688888888888889,146,0.5616438356164384,0.08904109589041095,0.0,0.07534246575342465,0.0,0.9466666666666667,0.9704142011834319,0.6506849315068494,0.14383561643835616,0.2054794520547945,8.0,0.04794520547945205,0.06130511463844796,100.03108539581298,0.003643311906517602,0.8197451789664605,0.9827611483775717,0.0,0.825,0.17333333333333334,0.29333333333333333,nan,0.6444444444444445,0.8666666666666667,nan,0.6686390532544378,0.8816568047337278,nan,0.21774539798498155,0.21774539798498155,nan,nan,nan,nan,nan,nan,nan,nan,nan,nan,nan,nan,nan,nan,nan,nan,nan,nan,nan,nan,nan,nan,nan,nan,nan,nan,nan,nan,nan,nan,nan,nan,nan,nan,nan,nan,nan,nan,nan,nan,nan,nan,nan,nan,nan,nan,nan,nan,nan,nan,nan,nan,nan,nan,nan,nan,nan,nan,nan,nan,nan,nan,nan,nan,nan,nan,nan
731,135362,0.09202262829215653,-1.3349707045555106,0.40444444444444444,185,0.4864864864864865,0.12432432432432433,0.0,0.0972972972972973,0.0,0.9377777777777778,0.9644970414201184,0.6108108108108108,0.21621621621621623,0.17297297297297298,17.0,0.0918918918918919,0.0525,120.71400671005219,0.0033136171261449058,0.7455638533826038,0.9936671736472766,0.005405405405405406,0.6666666666666666,0.1511111111111111,0.27111111111111114,0.3466666666666667,0.5333333333333333,0.8755555555555555,0.9377777777777778,0.5502958579881657,0.9289940828402367,0.9644970414201184,0.1942492127418518,0.1942492127418518,nan,nan,nan,nan,nan,nan,nan,nan,nan,nan,nan,nan,nan,nan,nan,nan,nan,nan,nan,nan,nan,nan,nan,nan,nan,nan,nan,nan,nan,nan,nan,nan,nan,nan,nan,nan,nan,nan,nan,nan,nan,nan,nan,nan,nan,nan,nan,nan,nan,nan,nan,nan,nan,nan,nan,nan,nan,nan,nan,nan,nan,nan,nan,nan,nan,nan,nan
732,135595,0.09420898992821697,-8.200766816139218,0.40444444444444444,233,0.38626609442060084,0.06866952789699571,0.05150214592274678,0.22746781115879827,0.004291845493562232,0.9733333333333334,0.9940828402366864,0.5064377682403434,0.20600858369098712,0.2875536480686695,25.0,0.1888412017167382,0.040944444444444436,153.2168268203736,0.002610679311802658,0.587402845155598,0.9602310731319852,0.030042918454935622,0.6290322580645161,0.13777777777777778,0.2577777777777778,0.3511111111111111,0.5377777777777778,0.8933333333333333,0.9333333333333333,0.5680473372781065,0.9408284023668639,0.9763313609467456,0.1999669626355171,0.1999669626355171,nan,nan,nan,nan,nan,nan,nan,nan,nan,nan,nan,nan,nan,nan,nan,nan,nan,nan,nan,nan,nan,nan,nan,nan,nan,nan,nan,nan,nan,nan,nan,nan,nan,nan,nan,nan,nan,nan,nan,nan,nan,nan,nan,nan,nan,nan,nan,nan,nan,nan,nan,nan,nan,nan,nan,nan,nan,nan,nan,nan,nan,nan,nan,nan,nan,nan,nan
733,135810,0.09621878270589845,-1.035676879405975,0.49333333333333335,215,0.5116279069767442,0.09767441860465116,0.0,0.10697674418604651,0.004651162790697674,0.9111111111111111,0.9408284023668639,0.6093023255813953,0.2186046511627907,0.17209302325581396,7.0,0.027906976744186046,0.05563786008230452,140.5778750419615,0.0034777086276411495,0.7824844412192585,0.9902594297392363,0.004651162790697674,0.7540983606557377,0.14222222222222222,0.27555555555555555,0.38222222222222224,0.5333333333333333,0.88,0.9066666666666666,0.5739644970414202,0.9171597633136095,0.9408284023668639,0.20724089294672013,0.20724089294672013,nan,nan,nan,nan,nan,nan,nan,nan,nan,nan,nan,nan,nan,nan,nan,nan,nan,nan,nan,nan,nan,nan,nan,nan,nan,nan,nan,nan,nan,nan,nan,nan,nan,nan,nan,nan,nan,nan,nan,nan,nan,nan,nan,nan,nan,nan,nan,nan,nan,nan,nan,nan,nan,nan,nan,nan,nan,nan,nan,nan,nan,nan,nan,nan,nan,nan,nan
734,135960,0.09761661748783987,-0.7763029894828781,0.37777777777777777,150,0.56,0.07333333333333333,0.0,0.11333333333333333,0.0,0.9288888888888889,0.9526627218934911,0.6333333333333333,0.16666666666666666,0.2,5.0,0.0,0.062222222222222213,100.63145704269394,0.0037099068651559207,0.8347290446600821,0.990459427338349,0.006666666666666667,0.8157894736842105,0.17333333333333334,0.28,0.37777777777777777,0.6222222222222222,0.72,0.9288888888888889,0.6449704142011834,0.7514792899408284,0.9526627218934911,0.20805589407682418,0.20805589407682418,nan,nan,nan,nan,nan,nan,nan,nan,nan,nan,nan,nan,nan,nan,nan,nan,nan,nan,nan,nan,nan,nan,nan,nan,nan,nan,nan,nan,nan,nan,nan,nan,nan,nan,nan,nan,nan,nan,nan,nan,nan,nan,nan,nan,nan,nan,nan,nan,nan,nan,nan,nan,nan,nan,nan,nan,nan,nan,nan,nan,nan,nan,nan,nan,nan,nan,nan
735,136118,0.09908514882510455,-2.371825877189636,0.3466666666666667,158,0.4873417721518987,0.06329113924050633,0.006329113924050633,0.189873417721519,0.0,0.9466666666666667,0.9526627218934911,0.5569620253164557,0.22784810126582278,0.21518987341772153,13.0,0.10126582278481013,0.05293650793650794,100.4650083541868,0.003406382260137048,0.7664360085308357,0.9635719426773741,0.006329113924050633,0.775,0.12444444444444444,0.24888888888888888,0.3333333333333333,0.5111111111111111,0.92,0.9288888888888889,0.5739644970414202,0.9408284023668639,0.9526627218934911,0.19801899492740632,0.19801899492740632,nan,nan,nan,nan,nan,nan,nan,nan,nan,nan,nan,nan,nan,nan,nan,nan,nan,nan,nan,nan,nan,nan,nan,nan,nan,nan,nan,nan,nan,nan,nan,nan,nan,nan,nan,nan,nan,nan,nan,nan,nan,nan,nan,nan,nan,nan,nan,nan,nan,nan,nan,nan,nan,nan,nan,nan,nan,nan,nan,nan,nan,nan,nan,nan,nan,nan,nan
736,136266,0.10045715477536599,-0.5604185209274284,0.38222222222222224,148,0.5743243243243243,0.06756756756756757,0.0,0.0945945945945946,0.0,0.9288888888888889,0.9704142011834319,0.6418918918918919,0.19594594594594594,0.16216216216216217,6.0,0.006756756756756757,0.06360708534621577,100.07065258026111,0.0037751105647560682,0.8493998770701152,0.9917868719620012,0.006756756756756757,0.7948717948717948,0.1688888888888889,0.28,nan,0.7022222222222222,0.8444444444444444,nan,0.7692307692307693,0.8757396449704142,nan,0.2119248777627945,0.2119248777627945,nan,nan,nan,nan,nan,nan,nan,nan,nan,nan,nan,nan,nan,nan,nan,nan,nan,nan,nan,nan,nan,nan,nan,nan,nan,nan,nan,nan,nan,nan,nan,nan,nan,nan,nan,nan,nan,nan,nan,nan,nan,nan,nan,nan,nan,nan,nan,nan,nan,nan,nan,nan,nan,nan,nan,nan,nan,nan,nan,nan,nan,nan,nan,nan,nan,nan,nan
737,136405,0.10174257996704658,-0.3188264575004559,0.35555555555555557,139,0.5683453237410072,0.10071942446043165,0.0,0.10071942446043165,0.007194244604316547,0.8933333333333333,0.9408284023668639,0.6690647482014388,0.16546762589928057,0.16546762589928057,6.0,0.007194244604316547,0.061428571428571443,90.14120435714696,0.003895123363561681,0.8764027568013781,0.9670211497717904,0.007194244604316547,0.8064516129032258,0.18222222222222223,0.28444444444444444,nan,0.6888888888888889,0.8222222222222222,nan,0.757396449704142,0.8994082840236687,nan,0.1824949100613594,0.1824949100613594,nan,nan,nan,nan,nan,nan,nan,nan,nan,nan,nan,nan,nan,nan,nan,nan,nan,nan,nan,nan,nan,nan,nan,nan,nan,nan,nan,nan,nan,nan,nan,nan,nan,nan,nan,nan,nan,nan,nan,nan,nan,nan,nan,nan,nan,nan,nan,nan,nan,nan,nan,nan,nan,nan,nan,nan,nan,nan,nan,nan,nan,nan,nan,nan,nan,nan,nan
738,136576,0.10331975538805374,-1.684927991867064,0.3377777777777778,171,0.43859649122807015,0.08771929824561403,0.0,0.15789473684210525,0.005847953216374269,0.7955555555555556,0.8698224852071006,0.5263157894736842,0.23976608187134502,0.23391812865497075,16.0,0.08187134502923976,0.04786092214663643,100.27550468444801,0.0033241750752816797,0.7479393919383778,0.9948615224769569,0.0,0.7735849056603774,0.16,0.2577777777777778,0.3288888888888889,0.64,0.7822222222222223,0.7955555555555556,0.7100591715976331,0.8698224852071006,0.8698224852071006,0.19213782995939255,0.19213782995939255,nan,nan,nan,nan,nan,nan,nan,nan,nan,nan,nan,nan,nan,nan,nan,nan,nan,nan,nan,nan,nan,nan,nan,nan,nan,nan,nan,nan,nan,nan,nan,nan,nan,nan,nan,nan,nan,nan,nan,nan,nan,nan,nan,nan,nan,nan,nan,nan,nan,nan,nan,nan,nan,nan,nan,nan,nan,nan,nan,nan,nan,nan,nan,nan,nan,nan,nan
739,136741,0.10483723364222239,-1.2203937191963197,0.37333333333333335,165,0.503030303030303,0.14545454545454545,0.006060606060606061,0.07878787878787878,0.0,0.88,0.9526627218934911,0.6545454545454545,0.2,0.14545454545454545,14.0,0.09090909090909091,0.053121693121693125,110.76565446853616,0.0033303544375632675,0.7493297484517351,0.9765905941806786,0.0,0.5454545454545454,0.18222222222222223,0.29333333333333333,0.3688888888888889,0.7244444444444444,0.8488888888888889,0.88,0.8579881656804734,0.9526627218934911,0.9526627218934911,0.19140585511922836,0.19140585511922836,nan,nan,nan,nan,nan,nan,nan,nan,nan,nan,nan,nan,nan,nan,nan,nan,nan,nan,nan,nan,nan,nan,nan,nan,nan,nan,nan,nan,nan,nan,nan,nan,nan,nan,nan,nan,nan,nan,nan,nan,nan,nan,nan,nan,nan,nan,nan,nan,nan,nan,nan,nan,nan,nan,nan,nan,nan,nan,nan,nan,nan,nan,nan,nan,nan,nan,nan
740,136925,0.10652441534091901,-0.16523444414138733,0.4488888888888889,184,0.5434782608695652,0.11413043478260869,0.010869565217391304,0.07065217391304347,0.0,0.8977777777777778,0.9289940828402367,0.6684782608695652,0.15217391304347827,0.1793478260869565,14.0,0.08152173913043478,0.06049382716049383,120.01175661087007,0.0037033408808899056,0.8332516982002287,0.9721147754656961,0.0,0.723404255319149,0.18666666666666668,0.29777777777777775,0.3688888888888889,0.6711111111111111,0.68,0.8088888888888889,0.7159763313609467,0.7218934911242604,0.863905325443787,0.21652798354625702,0.21652798354625702,-2.1200304749727237,0.3462222222222222,176.2,0.0,1.0,0.4386988243314627,0.10143273865970392,0.0035714285714285713,0.1581569630485299,0.0011904761904761904,0.852,0.9082840236686393,0.5437029915625952,0.22616518896718757,0.23013181947021724,21.0,0.11923766514639282,0.04769827594337398,106.21743309497806,0.003220143881952639,0.7245323734393436,0.9708597536173151,0.004483197118751911,0.7096456071790418,0.1528888888888889,0.24977777777777782,0.31022222222222223,0.62,0.7777777777777778,0.8177777777777777,0.714792899408284,0.852662721893491,0.8846153846153847,-2.9125454882621766,0.3386666666666667,177.7,0.0,1.0,0.4353414918653379,0.10046741071608196,0.003076923076923077,0.1730437495346809,0.0029006804006804004,0.8577777777777778,0.9165680473372781,0.5388858256583429,0.22344892993228002,0.23766524440937706,22.4,0.13906743652782735,0.04694897571564238,108.98900465011577,0.0031252697946421875,0.7031857037944922,0.9540510709366579,0.003355417174435579,0.6934465841178912,0.14266666666666666,0.2462222222222222,0.3138888888888889,0.6035555555555556,0.7737777777777779,0.8527777777777777,0.68698224852071,0.8437869822485208,0.9142011834319526,2.223523471400395
741,137131,0.10690794409648299,-1.4176886949539187,0.4266666666666667,206,0.46116504854368934,0.05825242718446602,0.0,0.18932038834951456,0.0,0.9466666666666667,0.9822485207100592,0.5194174757281553,0.2669902912621359,0.21359223300970873,9.0,0.024271844660194174,0.05004115226337449,120.25417804717983,0.0035110815198168836,0.7899933419587987,0.9971563765163743,0.009708737864077669,0.8166666666666667,0.12,0.23555555555555555,0.3422222222222222,0.48,0.8088888888888889,0.9244444444444444,0.5207100591715976,0.8875739644970414,0.9644970414201184,0.21587667614221573,0.21587667614221573,nan,nan,nan,nan,nan,nan,nan,nan,nan,nan,nan,nan,nan,nan,nan,nan,nan,nan,nan,nan,nan,nan,nan,nan,nan,nan,nan,nan,nan,nan,nan,nan,nan,nan,nan,nan,nan,nan,nan,nan,nan,nan,nan,nan,nan,nan,nan,nan,nan,nan,nan,nan,nan,nan,nan,nan,nan,nan,nan,nan,nan,nan,nan,nan,nan,nan,nan
742,137365,0.10455282014325826,-1.1857043690681457,0.4622222222222222,234,0.44017094017094016,0.1452991452991453,0.0,0.1452991452991453,0.0,0.9555555555555556,1.0,0.5854700854700855,0.2094017094017094,0.20512820512820512,13.0,0.10683760683760683,0.04577777777777777,140.39718446731544,0.00326059086950101,0.7336329456377273,0.9834678750765073,0.004273504273504274,0.6190476190476191,0.1688888888888889,0.28,0.3511111111111111,0.7333333333333333,0.8977777777777778,0.9155555555555556,0.7988165680473372,0.9644970414201184,0.9644970414201184,0.18892134130001068,0.18892134130001068,nan,nan,nan,nan,nan,nan,nan,nan,nan,nan,nan,nan,nan,nan,nan,nan,nan,nan,nan,nan,nan,nan,nan,nan,nan,nan,nan,nan,nan,nan,nan,nan,nan,nan,nan,nan,nan,nan,nan,nan,nan,nan,nan,nan,nan,nan,nan,nan,nan,nan,nan,nan,nan,nan,nan,nan,nan,nan,nan,nan,nan,nan,nan,nan,nan,nan,nan
743,137549,0.10270722189729123,-2.2809294683933237,0.40444444444444444,184,0.4891304347826087,0.06521739130434782,0.02717391304347826,0.14130434782608695,0.0,0.9244444444444444,0.9408284023668639,0.5815217391304348,0.1956521739130435,0.22282608695652173,11.0,0.059782608695652176,0.05395061728395062,120.35170922279336,0.003323592183136558,0.7478082412057255,0.9831377240516226,0.0,0.7843137254901961,0.16444444444444445,0.23555555555555555,0.36,0.7155555555555555,0.76,0.9244444444444444,0.7988165680473372,0.8224852071005917,0.9408284023668639,0.21857935488224028,0.21857935488224028,nan,nan,nan,nan,nan,nan,nan,nan,nan,nan,nan,nan,nan,nan,nan,nan,nan,nan,nan,nan,nan,nan,nan,nan,nan,nan,nan,nan,nan,nan,nan,nan,nan,nan,nan,nan,nan,nan,nan,nan,nan,nan,nan,nan,nan,nan,nan,nan,nan,nan,nan,nan,nan,nan,nan,nan,nan,nan,nan,nan,nan,nan,nan,nan,nan,nan,nan
744,137732,0.10087713655463951,-1.866594284296035,0.38666666666666666,183,0.46994535519125685,0.12021857923497267,0.0,0.10382513661202186,0.0,1.0,1.0,0.5901639344262295,0.19672131147540983,0.21311475409836064,14.0,0.08743169398907104,0.04777777777777778,120.27232651710486,0.0031779731322305756,0.7150439547518794,0.9772600521808157,0.00546448087431694,0.6785714285714286,0.15555555555555556,0.25333333333333335,0.37333333333333335,0.5777777777777777,0.76,1.0,0.6390532544378699,0.8047337278106509,1.0,0.20546876788139343,0.20546876788139343,nan,nan,nan,nan,nan,nan,nan,nan,nan,nan,nan,nan,nan,nan,nan,nan,nan,nan,nan,nan,nan,nan,nan,nan,nan,nan,nan,nan,nan,nan,nan,nan,nan,nan,nan,nan,nan,nan,nan,nan,nan,nan,nan,nan,nan,nan,nan,nan,nan,nan,nan,nan,nan,nan,nan,nan,nan,nan,nan,nan,nan,nan,nan,nan,nan,nan,nan
745,137883,0.09937117434571739,-0.1811662411689765,0.39111111111111113,151,0.5761589403973509,0.08609271523178808,0.0,0.059602649006622516,0.0,0.9733333333333334,0.9881656804733728,0.6622516556291391,0.18543046357615894,0.152317880794702,7.0,0.019867549668874173,0.07047619047619058,100.28729753494243,0.0038555896526371453,0.8675076718433576,0.9813922810881588,0.0,0.7380952380952381,0.17333333333333334,0.28444444444444444,0.38666666666666666,0.7822222222222223,0.8355555555555556,0.9733333333333334,0.8106508875739645,0.8757396449704142,0.9881656804733728,0.21664529889822007,0.21664529889822007,nan,nan,nan,nan,nan,nan,nan,nan,nan,nan,nan,nan,nan,nan,nan,nan,nan,nan,nan,nan,nan,nan,nan,nan,nan,nan,nan,nan,nan,nan,nan,nan,nan,nan,nan,nan,nan,nan,nan,nan,nan,nan,nan,nan,nan,nan,nan,nan,nan,nan,nan,nan,nan,nan,nan,nan,nan,nan,nan,nan,nan,nan,nan,nan,nan,nan,nan
746,138060,0.09761062647580349,-8.436479050636294,0.29333333333333333,177,0.3672316384180791,0.07344632768361582,0.1694915254237288,0.096045197740113,0.0,0.8311111111111111,0.863905325443787,0.6101694915254238,0.1694915254237288,0.22033898305084745,66.0,0.3446327683615819,0.03611111111111111,120.85218143463167,0.0023904317279133886,0.5378471387805124,0.8539073116005921,0.005649717514124294,0.5576923076923077,0.1511111111111111,0.27555555555555555,0.29333333333333333,0.5555555555555556,0.8311111111111111,0.8311111111111111,0.5857988165680473,0.863905325443787,0.863905325443787,0.21737537682056426,0.21737537682056426,nan,nan,nan,nan,nan,nan,nan,nan,nan,nan,nan,nan,nan,nan,nan,nan,nan,nan,nan,nan,nan,nan,nan,nan,nan,nan,nan,nan,nan,nan,nan,nan,nan,nan,nan,nan,nan,nan,nan,nan,nan,nan,nan,nan,nan,nan,nan,nan,nan,nan,nan,nan,nan,nan,nan,nan,nan,nan,nan,nan,nan,nan,nan,nan,nan,nan,nan
747,138251,0.09571652734580643,-2.8354974887371065,0.3288888888888889,191,0.38219895287958117,0.18848167539267016,0.0,0.11518324607329843,0.0,0.8266666666666667,0.8757396449704142,0.5706806282722513,0.193717277486911,0.2356020942408377,32.0,0.24607329842931938,0.043680555555555556,120.7571189403532,0.0026867521127652994,0.6045192253721923,0.9767677049394148,0.005235602094240838,0.5166666666666667,0.13333333333333333,0.21333333333333335,0.26222222222222225,0.5822222222222222,0.7244444444444444,0.7511111111111111,0.6923076923076923,0.8106508875739645,0.8284023668639053,0.2216958612203598,0.2216958612203598,nan,nan,nan,nan,nan,nan,nan,nan,nan,nan,nan,nan,nan,nan,nan,nan,nan,nan,nan,nan,nan,nan,nan,nan,nan,nan,nan,nan,nan,nan,nan,nan,nan,nan,nan,nan,nan,nan,nan,nan,nan,nan,nan,nan,nan,nan,nan,nan,nan,nan,nan,nan,nan,nan,nan,nan,nan,nan,nan,nan,nan,nan,nan,nan,nan,nan,nan
748,138402,0.09422327792483107,-0.9168828206062308,0.3688888888888889,151,0.543046357615894,0.10596026490066225,0.0,0.09933774834437085,0.006622516556291391,0.9555555555555556,1.0,0.6490066225165563,0.15894039735099338,0.19205298013245034,10.0,0.08609271523178808,0.052063492063492055,100.675074481964,0.0036200067029474596,0.8145015081631785,0.9794525908973415,0.0,0.6842105263157895,0.17777777777777778,0.30666666666666664,0.3688888888888889,0.7644444444444445,0.8888888888888888,0.9555555555555556,0.834319526627219,0.9526627218934911,1.0,0.19219815284013747,0.19219815284013747,nan,nan,nan,nan,nan,nan,nan,nan,nan,nan,nan,nan,nan,nan,nan,nan,nan,nan,nan,nan,nan,nan,nan,nan,nan,nan,nan,nan,nan,nan,nan,nan,nan,nan,nan,nan,nan,nan,nan,nan,nan,nan,nan,nan,nan,nan,nan,nan,nan,nan,nan,nan,nan,nan,nan,nan,nan,nan,nan,nan,nan,nan,nan,nan,nan,nan,nan
749,138579,0.09247760148666467,-0.8282377495765675,0.4222222222222222,177,0.5310734463276836,0.11864406779661017,0.0,0.062146892655367235,0.0,0.9288888888888889,0.9644970414201184,0.6497175141242938,0.1638418079096045,0.1864406779661017,10.0,0.04519774011299435,0.05861111111111107,120.05940713882424,0.003479758793866964,0.7829457286200668,0.9767093494583354,0.0,0.7,0.14222222222222222,0.27111111111111114,0.37777777777777777,0.4888888888888889,0.7377777777777778,0.8933333333333333,0.5266272189349113,0.8047337278106509,0.9408284023668639,0.1978069320321083,0.1978069320321083,nan,nan,nan,nan,nan,nan,nan,nan,nan,nan,nan,nan,nan,nan,nan,nan,nan,nan,nan,nan,nan,nan,nan,nan,nan,nan,nan,nan,nan,nan,nan,nan,nan,nan,nan,nan,nan,nan,nan,nan,nan,nan,nan,nan,nan,nan,nan,nan,nan,nan,nan,nan,nan,nan,nan,nan,nan,nan,nan,nan,nan,nan,nan,nan,nan,nan,nan
750,138729,0.09100216826713887,-2.348548197031021,0.3511111111111111,150,0.52,0.05333333333333334,0.0,0.20666666666666667,0.0,0.9422222222222222,0.9763313609467456,0.5733333333333334,0.16,0.26666666666666666,12.0,0.1,0.05777777777777778,100.03379235267623,0.0034654955941735045,0.7797365086890384,0.972885834209542,0.006666666666666667,0.8125,0.1511111111111111,0.26666666666666666,0.3511111111111111,0.6844444444444444,0.92,0.9422222222222222,0.757396449704142,0.9763313609467456,0.9763313609467456,0.18558011054992676,0.18558011054992676,nan,nan,nan,nan,nan,nan,nan,nan,nan,nan,nan,nan,nan,nan,nan,nan,nan,nan,nan,nan,nan,nan,nan,nan,nan,nan,nan,nan,nan,nan,nan,nan,nan,nan,nan,nan,nan,nan,nan,nan,nan,nan,nan,nan,nan,nan,nan,nan,nan,nan,nan,nan,nan,nan,nan,nan,nan,nan,nan,nan,nan,nan,nan,nan,nan,nan,nan
751,138941,0.08892306134426012,-2.074808141231535,0.36444444444444446,212,0.38207547169811323,0.14150943396226415,0.0,0.18867924528301888,0.0,0.8444444444444444,0.9230769230769231,0.5235849056603774,0.3113207547169811,0.1650943396226415,13.0,0.1320754716981132,0.040534979423868314,120.16960134506185,0.002995765950544144,0.6740473388724323,0.9756503507814063,0.0,0.5573770491803278,0.1511111111111111,0.24444444444444444,0.3022222222222222,0.7555555555555555,0.8444444444444444,0.8444444444444444,0.8757396449704142,0.9230769230769231,0.9230769230769231,0.18279193341732025,0.18279193341732025,nan,nan,nan,nan,nan,nan,nan,nan,nan,nan,nan,nan,nan,nan,nan,nan,nan,nan,nan,nan,nan,nan,nan,nan,nan,nan,nan,nan,nan,nan,nan,nan,nan,nan,nan,nan,nan,nan,nan,nan,nan,nan,nan,nan,nan,nan,nan,nan,nan,nan,nan,nan,nan,nan,nan,nan,nan,nan,nan,nan,nan,nan,nan,nan,nan,nan,nan
752,139088,0.08748565170332506,-0.5933838970661145,0.38222222222222224,147,0.5782312925170068,0.07482993197278912,0.0,0.07482993197278912,0.0,0.9422222222222222,1.0,0.6530612244897959,0.10204081632653061,0.24489795918367346,6.0,0.02040816326530612,0.06377104377104377,100.77508473396283,0.003748722005792178,0.8434624513032399,0.9871624773817848,0.0,0.775,0.17777777777777778,0.3022222222222222,nan,0.7466666666666667,0.9422222222222222,nan,0.834319526627219,1.0,nan,0.20605406314134597,0.20605406314134597,nan,nan,nan,nan,nan,nan,nan,nan,nan,nan,nan,nan,nan,nan,nan,nan,nan,nan,nan,nan,nan,nan,nan,nan,nan,nan,nan,nan,nan,nan,nan,nan,nan,nan,nan,nan,nan,nan,nan,nan,nan,nan,nan,nan,nan,nan,nan,nan,nan,nan,nan,nan,nan,nan,nan,nan,nan,nan,nan,nan,nan,nan,nan,nan,nan,nan,nan
753,139275,0.08566211137476931,0.42671712017059393,0.47555555555555556,187,0.5668449197860963,0.08021390374331551,0.0,0.0855614973262032,0.0,0.9422222222222222,0.9763313609467456,0.6470588235294118,0.1925133689839572,0.16042780748663102,8.0,0.0213903743315508,0.06129629629629629,120.01221790313693,0.003925526245097392,0.8832434051469132,0.9813245536246794,0.0053475935828877,0.7755102040816326,0.1688888888888889,0.30666666666666664,0.4222222222222222,0.7022222222222222,0.9422222222222222,0.9422222222222222,0.7396449704142012,0.9763313609467456,0.9763313609467456,0.20697178840637206,0.20697178840637206,nan,nan,nan,nan,nan,nan,nan,nan,nan,nan,nan,nan,nan,nan,nan,nan,nan,nan,nan,nan,nan,nan,nan,nan,nan,nan,nan,nan,nan,nan,nan,nan,nan,nan,nan,nan,nan,nan,nan,nan,nan,nan,nan,nan,nan,nan,nan,nan,nan,nan,nan,nan,nan,nan,nan,nan,nan,nan,nan,nan,nan,nan,nan,nan,nan,nan,nan
754,139509,0.08338811782137537,-0.0862909169197088,0.52,234,0.49572649572649574,0.08547008547008547,0.0,0.11965811965811966,0.0,0.9777777777777777,1.0,0.5811965811965812,0.20512820512820512,0.21367521367521367,10.0,0.05555555555555555,0.05313580246913581,140.02181825637805,0.003681965867716275,0.8284423202361618,0.9894320416132286,0.0,0.7571428571428571,0.16444444444444445,0.27111111111111114,0.37777777777777777,0.6266666666666667,0.7644444444444445,0.9511111111111111,0.6982248520710059,0.863905325443787,0.9822485207100592,0.2162703201174736,0.2162703201174736,nan,nan,nan,nan,nan,nan,nan,nan,nan,nan,nan,nan,nan,nan,nan,nan,nan,nan,nan,nan,nan,nan,nan,nan,nan,nan,nan,nan,nan,nan,nan,nan,nan,nan,nan,nan,nan,nan,nan,nan,nan,nan,nan,nan,nan,nan,nan,nan,nan,nan,nan,nan,nan,nan,nan,nan,nan,nan,nan,nan,nan,nan,nan,nan,nan,nan,nan
755,139634,0.08217695438821372,-0.9497863254547099,0.30666666666666664,125,0.544,0.072,0.0,0.104,0.008,0.9022222222222223,0.9289940828402367,0.616,0.264,0.12,9.0,0.032,0.06044444444444443,80.75986976623521,0.003742232659574916,0.8420023484043561,0.9492361408126533,0.0,0.7714285714285715,0.15555555555555556,0.27555555555555555,nan,0.68,0.9022222222222223,nan,0.7159763313609467,0.9289940828402367,nan,0.20524822473526,0.20524822473526,nan,nan,nan,nan,nan,nan,nan,nan,nan,nan,nan,nan,nan,nan,nan,nan,nan,nan,nan,nan,nan,nan,nan,nan,nan,nan,nan,nan,nan,nan,nan,nan,nan,nan,nan,nan,nan,nan,nan,nan,nan,nan,nan,nan,nan,nan,nan,nan,nan,nan,nan,nan,nan,nan,nan,nan,nan,nan,nan,nan,nan,nan,nan,nan,nan,nan,nan
756,139789,0.08067856351512226,-0.8881694502830509,0.35555555555555557,155,0.5096774193548387,0.12258064516129032,0.0,0.08387096774193549,0.0,0.84,0.893491124260355,0.632258064516129,0.18064516129032257,0.1870967741935484,12.0,0.07741935483870968,0.055238095238095246,100.12542333602889,0.0035067128748385345,0.7890103968386701,0.9791047695477397,0.012903225806451613,0.7272727272727273,0.18222222222222223,0.27111111111111114,0.3466666666666667,0.7422222222222222,0.7777777777777778,0.84,0.834319526627219,0.8579881656804734,0.893491124260355,0.18453576862812043,0.18453576862812043,nan,nan,nan,nan,nan,nan,nan,nan,nan,nan,nan,nan,nan,nan,nan,nan,nan,nan,nan,nan,nan,nan,nan,nan,nan,nan,nan,nan,nan,nan,nan,nan,nan,nan,nan,nan,nan,nan,nan,nan,nan,nan,nan,nan,nan,nan,nan,nan,nan,nan,nan,nan,nan,nan,nan,nan,nan,nan,nan,nan,nan,nan,nan,nan,nan,nan,nan
757,139959,0.07903955314427139,-2.619214906215668,0.3688888888888889,170,0.4823529411764706,0.10588235294117647,0.0,0.11176470588235295,0.0,0.9688888888888889,1.0,0.5882352941176471,0.23529411764705882,0.17647058823529413,19.0,0.1,0.05349206349206349,120.04014196395866,0.0030360214381774616,0.6831048235899289,0.9567383513489397,0.0,0.7254901960784313,0.14222222222222222,0.25333333333333335,0.3288888888888889,0.49777777777777776,0.8044444444444444,0.9022222222222223,0.5502958579881657,0.8757396449704142,0.9349112426035503,0.18388038277626037,0.18388038277626037,nan,nan,nan,nan,nan,nan,nan,nan,nan,nan,nan,nan,nan,nan,nan,nan,nan,nan,nan,nan,nan,nan,nan,nan,nan,nan,nan,nan,nan,nan,nan,nan,nan,nan,nan,nan,nan,nan,nan,nan,nan,nan,nan,nan,nan,nan,nan,nan,nan,nan,nan,nan,nan,nan,nan,nan,nan,nan,nan,nan,nan,nan,nan,nan,nan,nan,nan
758,140143,0.07727072542126207,-1.0132376174926747,0.4266666666666667,184,0.5163043478260869,0.10326086956521739,0.0,0.125,0.0,0.9377777777777778,0.9644970414201184,0.6195652173913043,0.20108695652173914,0.1793478260869565,23.0,0.09782608695652174,0.0567283950617284,120.56416778564419,0.0035020539682479117,0.78796214285578,0.9968163780563756,0.0,0.723404255319149,0.15555555555555556,0.28444444444444444,0.35555555555555557,0.64,0.8488888888888889,0.8533333333333334,0.7455621301775148,0.9053254437869822,0.9112426035502958,0.22095929086208344,0.22095929086208344,nan,nan,nan,nan,nan,nan,nan,nan,nan,nan,nan,nan,nan,nan,nan,nan,nan,nan,nan,nan,nan,nan,nan,nan,nan,nan,nan,nan,nan,nan,nan,nan,nan,nan,nan,nan,nan,nan,nan,nan,nan,nan,nan,nan,nan,nan,nan,nan,nan,nan,nan,nan,nan,nan,nan,nan,nan,nan,nan,nan,nan,nan,nan,nan,nan,nan,nan
759,140363,0.07516284689449179,-2.7133654875755298,0.39111111111111113,220,0.39545454545454545,0.15,0.02727272727272727,0.14545454545454545,0.0,0.8311111111111111,0.9349112426035503,0.5727272727272728,0.17272727272727273,0.2545454545454545,23.0,0.13636363636363635,0.043333333333333335,130.69871892929038,0.0029584579698585887,0.6656530432181824,0.9843658087832502,0.004545454545454545,0.6290322580645161,0.16,0.21333333333333335,0.3244444444444444,0.6711111111111111,0.7066666666666667,0.8177777777777778,0.7633136094674556,0.7928994082840237,0.9349112426035503,0.19739120751619338,0.19739120751619338,nan,nan,nan,nan,nan,nan,nan,nan,nan,nan,nan,nan,nan,nan,nan,nan,nan,nan,nan,nan,nan,nan,nan,nan,nan,nan,nan,nan,nan,nan,nan,nan,nan,nan,nan,nan,nan,nan,nan,nan,nan,nan,nan,nan,nan,nan,nan,nan,nan,nan,nan,nan,nan,nan,nan,nan,nan,nan,nan,nan,nan,nan,nan,nan,nan,nan,nan
760,140613,0.07277679123883593,-1.4915830166339852,0.37777777777777777,250,0.336,0.176,0.0,0.168,0.0,0.7955555555555556,0.8816568047337278,0.512,0.22,0.268,18.0,0.192,0.037333333333333336,142.25317158699025,0.002624428890887917,0.5904965004497813,0.9877652451994743,0.008,0.5443037974683544,0.15555555555555556,0.19111111111111112,0.24888888888888888,0.5377777777777778,0.5466666666666666,0.6,0.5976331360946746,0.5976331360946746,0.6568047337278107,0.2060725912451744,0.2060725912451744,-2.1589084713697426,0.39555555555555555,179.5,0.0,1.0,0.49944675919467557,0.11267380407198976,0.028525926525764567,0.09276045051490836,0.0011208165054318899,0.9088888888888889,0.9473372781065089,0.6406464897924299,0.15562228263199276,0.20373122757557738,24.5,0.1291680022016925,0.054245924451652015,117.4991282987592,0.0033794493954584738,0.7603761139781566,0.9496012325470498,0.0,0.6963156055650527,0.17555555555555555,0.3,0.3728395061728395,0.7026666666666666,0.8355555555555556,0.8997530864197532,0.7911242603550297,0.9076923076923078,0.9414858645627875,-1.8053560985326773,0.36533333333333334,162.8,0.0,1.0,0.5120039772535425,0.11444318078919521,0.027037617540677385,0.08878069360016164,0.005625048247645515,0.8697777777777779,0.908284023668639,0.6534847755834151,0.1520067834825455,0.19450844093403935,22.4,0.1288103618515261,0.055833624920226234,108.14815331935858,0.0033961365041184346,0.7641307134266477,0.9619439602069948,0.0016172623902361853,0.6948378235975723,0.16444444444444445,0.26913580246913577,0.37714285714285717,0.668888888888889,0.7891358024691358,0.8768253968253968,0.7414201183431952,0.8408941485864562,0.9205409974640743,2.4455291840163635
761,140783,0.07115988590410463,-0.7399711499214151,0.4222222222222222,170,0.5529411764705883,0.09411764705882353,0.0,0.058823529411764705,0.0058823529411764705,0.9866666666666667,1.0,0.6470588235294118,0.16470588235294117,0.18823529411764706,12.0,0.07647058823529412,0.060317460317460325,114.9521061897275,0.0036343638374771404,0.8177318634323566,0.9923451212514663,0.0,0.72,0.17777777777777778,0.3022222222222222,0.40444444444444444,0.7066666666666667,0.9644444444444444,0.9866666666666667,0.7869822485207101,1.0,1.0,0.20923827439546586,0.20923827439546586,nan,nan,nan,nan,nan,nan,nan,nan,nan,nan,nan,nan,nan,nan,nan,nan,nan,nan,nan,nan,nan,nan,nan,nan,nan,nan,nan,nan,nan,nan,nan,nan,nan,nan,nan,nan,nan,nan,nan,nan,nan,nan,nan,nan,nan,nan,nan,nan,nan,nan,nan,nan,nan,nan,nan,nan,nan,nan,nan,nan,nan,nan,nan,nan,nan,nan,nan
762,140933,0.06973696892093348,-1.2296347353458392,0.35555555555555557,150,0.5266666666666666,0.08666666666666667,0.0,0.11333333333333333,0.0,0.88,0.9171597633136095,0.6133333333333333,0.21333333333333335,0.17333333333333334,10.0,0.03333333333333333,0.058518518518518525,100.28223557472214,0.0035012293962023992,0.7877766141455398,0.9664391677637212,0.006666666666666667,0.825,0.1511111111111111,0.24888888888888888,0.35555555555555557,0.48,0.6666666666666666,0.88,0.5207100591715976,0.7041420118343196,0.9171597633136095,0.20633958131074906,0.20633958131074906,nan,nan,nan,nan,nan,nan,nan,nan,nan,nan,nan,nan,nan,nan,nan,nan,nan,nan,nan,nan,nan,nan,nan,nan,nan,nan,nan,nan,nan,nan,nan,nan,nan,nan,nan,nan,nan,nan,nan,nan,nan,nan,nan,nan,nan,nan,nan,nan,nan,nan,nan,nan,nan,nan,nan,nan,nan,nan,nan,nan,nan,nan,nan,nan,nan,nan,nan
763,141130,0.06787355387781081,-3.8815935430526736,0.35555555555555557,197,0.4010152284263959,0.116751269035533,0.04568527918781726,0.13705583756345177,0.0,0.8444444444444444,0.9289940828402367,0.5634517766497462,0.20812182741116753,0.22842639593908629,33.0,0.20304568527918782,0.04388888888888889,120.71041469573943,0.0029087060300150213,0.6544588567533798,0.9575137318949956,0.0,0.5423728813559322,0.15555555555555556,0.26222222222222225,0.3377777777777778,0.6577777777777778,0.8088888888888889,0.8444444444444444,0.7869822485207101,0.9112426035502958,0.9289940828402367,0.252215550839901,0.252215550839901,nan,nan,nan,nan,nan,nan,nan,nan,nan,nan,nan,nan,nan,nan,nan,nan,nan,nan,nan,nan,nan,nan,nan,nan,nan,nan,nan,nan,nan,nan,nan,nan,nan,nan,nan,nan,nan,nan,nan,nan,nan,nan,nan,nan,nan,nan,nan,nan,nan,nan,nan,nan,nan,nan,nan,nan,nan,nan,nan,nan,nan,nan,nan,nan,nan,nan,nan
764,141340,0.06589384513890104,-3.3067492222785946,0.4088888888888889,210,0.43333333333333335,0.11428571428571428,0.0,0.14285714285714285,0.0,0.8666666666666667,0.9289940828402367,0.5476190476190477,0.24761904761904763,0.20476190476190476,16.0,0.06190476190476191,0.045679012345679025,140.01665925979609,0.0028885451672862137,0.649922662639398,0.9986052703866026,0.004761904761904762,0.7076923076923077,0.16444444444444445,0.26666666666666666,0.3333333333333333,0.68,0.8444444444444444,0.8444444444444444,0.8106508875739645,0.9289940828402367,0.9289940828402367,0.2135973110795021,0.2135973110795021,nan,nan,nan,nan,nan,nan,nan,nan,nan,nan,nan,nan,nan,nan,nan,nan,nan,nan,nan,nan,nan,nan,nan,nan,nan,nan,nan,nan,nan,nan,nan,nan,nan,nan,nan,nan,nan,nan,nan,nan,nan,nan,nan,nan,nan,nan,nan,nan,nan,nan,nan,nan,nan,nan,nan,nan,nan,nan,nan,nan,nan,nan,nan,nan,nan,nan,nan
765,141499,0.06439949258351912,-1.065948149919508,0.3511111111111111,159,0.49056603773584906,0.12578616352201258,0.0,0.11320754716981132,0.0,0.8711111111111111,0.9230769230769231,0.6163522012578616,0.1761006289308176,0.20754716981132076,10.0,0.06918238993710692,0.05403880070546736,100.16141095161413,0.003461080104334134,0.7787430234751801,0.9846570939139312,0.018867924528301886,0.6976744186046512,0.14666666666666667,0.26222222222222225,0.3333333333333333,0.56,0.7644444444444445,0.8177777777777778,0.6982248520710059,0.8520710059171598,0.8875739644970414,0.2209879532456398,0.2209879532456398,nan,nan,nan,nan,nan,nan,nan,nan,nan,nan,nan,nan,nan,nan,nan,nan,nan,nan,nan,nan,nan,nan,nan,nan,nan,nan,nan,nan,nan,nan,nan,nan,nan,nan,nan,nan,nan,nan,nan,nan,nan,nan,nan,nan,nan,nan,nan,nan,nan,nan,nan,nan,nan,nan,nan,nan,nan,nan,nan,nan,nan,nan,nan,nan,nan,nan,nan
766,141668,0.06281546344042807,-1.9391642744541142,0.3333333333333333,169,0.4378698224852071,0.10650887573964497,0.0,0.17159763313609466,0.005917159763313609,0.92,0.9408284023668639,0.5443786982248521,0.1893491124260355,0.26627218934911245,32.0,0.1893491124260355,0.04738512949039264,100.33489785194375,0.0032779112345756724,0.7375300277795263,0.9783701468698137,0.0,0.7083333333333334,0.15555555555555556,0.26222222222222225,0.3244444444444444,0.7022222222222222,0.84,0.8844444444444445,0.7751479289940828,0.8816568047337278,0.9053254437869822,0.1835572376847267,0.1835572376847267,nan,nan,nan,nan,nan,nan,nan,nan,nan,nan,nan,nan,nan,nan,nan,nan,nan,nan,nan,nan,nan,nan,nan,nan,nan,nan,nan,nan,nan,nan,nan,nan,nan,nan,nan,nan,nan,nan,nan,nan,nan,nan,nan,nan,nan,nan,nan,nan,nan,nan,nan,nan,nan,nan,nan,nan,nan,nan,nan,nan,nan,nan,nan,nan,nan,nan,nan
767,141911,0.06054559771523488,-4.40168672275543,0.27555555555555555,243,0.25102880658436216,0.29218106995884774,0.0,0.1111111111111111,0.0,0.5644444444444444,0.6272189349112426,0.5432098765432098,0.2674897119341564,0.18930041152263374,58.0,0.43209876543209874,0.027111111111111114,140.1779687881469,0.0019340493620709077,0.43516110646595424,0.9050898736248476,0.00411522633744856,0.3373493975903614,0.14666666666666667,0.23555555555555555,0.26222222222222225,0.5066666666666667,0.5644444444444444,0.5644444444444444,0.621301775147929,0.6272189349112426,0.6272189349112426,0.2102452799677849,0.2102452799677849,nan,nan,nan,nan,nan,nan,nan,nan,nan,nan,nan,nan,nan,nan,nan,nan,nan,nan,nan,nan,nan,nan,nan,nan,nan,nan,nan,nan,nan,nan,nan,nan,nan,nan,nan,nan,nan,nan,nan,nan,nan,nan,nan,nan,nan,nan,nan,nan,nan,nan,nan,nan,nan,nan,nan,nan,nan,nan,nan,nan,nan,nan,nan,nan,nan,nan,nan
768,142100,0.05878646094801311,-0.8298215398788444,0.4311111111111111,189,0.5079365079365079,0.08994708994708994,0.0,0.10052910052910052,0.0,0.9644444444444444,0.9881656804733728,0.5978835978835979,0.15873015873015872,0.24338624338624337,7.0,0.021164021164021163,0.05551587301587301,120.2935384750363,0.003546879342610825,0.7980478520874354,0.9915649597562742,0.0,0.8392857142857143,0.16,0.26222222222222225,0.37777777777777777,0.6355555555555555,0.8044444444444444,0.9555555555555556,0.6982248520710059,0.8579881656804734,0.9881656804733728,0.2104703366756439,0.2104703366756439,nan,nan,nan,nan,nan,nan,nan,nan,nan,nan,nan,nan,nan,nan,nan,nan,nan,nan,nan,nan,nan,nan,nan,nan,nan,nan,nan,nan,nan,nan,nan,nan,nan,nan,nan,nan,nan,nan,nan,nan,nan,nan,nan,nan,nan,nan,nan,nan,nan,nan,nan,nan,nan,nan,nan,nan,nan,nan,nan,nan,nan,nan,nan,nan,nan,nan,nan
769,142252,0.05737570421794502,-0.48312515068054085,0.37777777777777777,152,0.5526315789473685,0.10526315789473684,0.0,0.07236842105263158,0.006578947368421052,0.9777777777777777,1.0,0.6578947368421053,0.23026315789473684,0.1118421052631579,6.0,0.013157894736842105,0.06793650793650795,100.24881095886201,0.0037240674454137317,0.8379151752180896,0.9704568897428416,0.0,0.7073170731707317,0.16444444444444445,0.26666666666666666,0.3688888888888889,0.6666666666666666,0.8488888888888889,0.9777777777777777,0.6923076923076923,0.8994082840236687,1.0,0.20720529854297637,0.20720529854297637,nan,nan,nan,nan,nan,nan,nan,nan,nan,nan,nan,nan,nan,nan,nan,nan,nan,nan,nan,nan,nan,nan,nan,nan,nan,nan,nan,nan,nan,nan,nan,nan,nan,nan,nan,nan,nan,nan,nan,nan,nan,nan,nan,nan,nan,nan,nan,nan,nan,nan,nan,nan,nan,nan,nan,nan,nan,nan,nan,nan,nan,nan,nan,nan,nan,nan,nan
770,142402,0.055986997773095376,-0.3746953587532035,0.38666666666666666,150,0.5733333333333334,0.09333333333333334,0.0,0.09333333333333334,0.0,0.9644444444444444,1.0,0.6666666666666666,0.16666666666666666,0.16666666666666666,9.0,0.05333333333333334,0.06370370370370369,100.09233675003028,0.0038186961622924303,0.8592066365157968,0.980918854676698,0.0,0.75,0.17333333333333334,0.29333333333333333,0.38666666666666666,0.7777777777777778,0.8888888888888888,0.9644444444444444,0.9349112426035503,0.9822485207100592,1.0,0.19886569827795028,0.19886569827795028,nan,nan,nan,nan,nan,nan,nan,nan,nan,nan,nan,nan,nan,nan,nan,nan,nan,nan,nan,nan,nan,nan,nan,nan,nan,nan,nan,nan,nan,nan,nan,nan,nan,nan,nan,nan,nan,nan,nan,nan,nan,nan,nan,nan,nan,nan,nan,nan,nan,nan,nan,nan,nan,nan,nan,nan,nan,nan,nan,nan,nan,nan,nan,nan,nan,nan,nan
771,142521,0.05488775090694368,-0.8792333521842954,0.30666666666666664,119,0.5714285714285714,0.10084033613445378,0.0,0.1092436974789916,0.008403361344537815,0.8533333333333334,0.9704142011834319,0.6722689075630253,0.21008403361344538,0.11764705882352941,10.0,0.058823529411764705,0.06240935672514619,80.28793668746933,0.003764229530504183,0.8469516443634412,0.9890644589306662,0.0,0.6923076923076923,0.16444444444444445,0.27555555555555555,nan,0.6577777777777778,0.8177777777777778,nan,0.8284023668639053,0.9467455621301775,nan,0.20287690162658692,0.20287690162658692,nan,nan,nan,nan,nan,nan,nan,nan,nan,nan,nan,nan,nan,nan,nan,nan,nan,nan,nan,nan,nan,nan,nan,nan,nan,nan,nan,nan,nan,nan,nan,nan,nan,nan,nan,nan,nan,nan,nan,nan,nan,nan,nan,nan,nan,nan,nan,nan,nan,nan,nan,nan,nan,nan,nan,nan,nan,nan,nan,nan,nan,nan,nan,nan,nan,nan,nan
772,142670,0.05351444667135135,0.1987056090831758,0.39111111111111113,149,0.5838926174496645,0.14093959731543623,0.0,0.03355704697986577,0.0,0.8755555555555555,0.893491124260355,0.7248322147651006,0.10067114093959731,0.174496644295302,8.0,0.03355704697986577,0.06462962962962963,100.73613705635047,0.00383841070310618,0.8636424081988904,0.9774325371799462,0.0,0.6666666666666666,0.18222222222222223,0.32,nan,0.6222222222222222,0.8577777777777778,nan,0.6449704142011834,0.8875739644970414,nan,0.22744383215904235,0.22744383215904235,nan,nan,nan,nan,nan,nan,nan,nan,nan,nan,nan,nan,nan,nan,nan,nan,nan,nan,nan,nan,nan,nan,nan,nan,nan,nan,nan,nan,nan,nan,nan,nan,nan,nan,nan,nan,nan,nan,nan,nan,nan,nan,nan,nan,nan,nan,nan,nan,nan,nan,nan,nan,nan,nan,nan,nan,nan,nan,nan,nan,nan,nan,nan,nan,nan,nan,nan
773,142813,0.05219964143088641,-1.0835652921199783,0.3688888888888889,143,0.5734265734265734,0.11188811188811189,0.006993006993006993,0.055944055944055944,0.013986013986013986,0.9155555555555556,0.9526627218934911,0.6923076923076923,0.21678321678321677,0.09090909090909091,7.0,0.027972027972027972,0.06390946502057612,100.52919325828536,0.003625259813913884,0.8156834581306238,0.9759473981280775,0.0,0.75,0.18666666666666668,0.29333333333333333,nan,0.6933333333333334,0.8088888888888889,nan,0.7692307692307693,0.8461538461538461,nan,0.231243859231472,0.231243859231472,nan,nan,nan,nan,nan,nan,nan,nan,nan,nan,nan,nan,nan,nan,nan,nan,nan,nan,nan,nan,nan,nan,nan,nan,nan,nan,nan,nan,nan,nan,nan,nan,nan,nan,nan,nan,nan,nan,nan,nan,nan,nan,nan,nan,nan,nan,nan,nan,nan,nan,nan,nan,nan,nan,nan,nan,nan,nan,nan,nan,nan,nan,nan,nan,nan,nan,nan
774,142956,0.05088796295838946,-2.7463583116531365,0.30666666666666664,143,0.4755244755244755,0.0979020979020979,0.0,0.1258741258741259,0.0,0.8533333333333334,0.8816568047337278,0.5734265734265734,0.17482517482517482,0.2517482517482518,11.0,0.08391608391608392,0.05094650205761317,100.88912677764883,0.0029955876502756797,0.674007221312028,0.9874032909982465,0.006993006993006993,0.6976744186046512,0.14666666666666667,0.23555555555555555,nan,0.56,0.8222222222222222,nan,0.5798816568047337,0.8461538461538461,nan,0.21973714977502823,0.21973714977502823,nan,nan,nan,nan,nan,nan,nan,nan,nan,nan,nan,nan,nan,nan,nan,nan,nan,nan,nan,nan,nan,nan,nan,nan,nan,nan,nan,nan,nan,nan,nan,nan,nan,nan,nan,nan,nan,nan,nan,nan,nan,nan,nan,nan,nan,nan,nan,nan,nan,nan,nan,nan,nan,nan,nan,nan,nan,nan,nan,nan,nan,nan,nan,nan,nan,nan,nan
775,143052,0.050009146936825725,-1.9277459566593167,0.25333333333333335,96,0.5833333333333334,0.052083333333333336,0.0,0.10416666666666667,0.020833333333333332,0.84,0.9289940828402367,0.6354166666666666,0.1875,0.17708333333333334,9.0,0.052083333333333336,0.06306878306878308,70.20710434913623,0.0035450670013561247,0.7976400753051279,0.9772915724615513,0.0,0.8,0.1688888888888889,nan,nan,0.6533333333333333,nan,nan,0.7514792899408284,nan,nan,0.2154511973261833,0.2154511973261833,nan,nan,nan,nan,nan,nan,nan,nan,nan,nan,nan,nan,nan,nan,nan,nan,nan,nan,nan,nan,nan,nan,nan,nan,nan,nan,nan,nan,nan,nan,nan,nan,nan,nan,nan,nan,nan,nan,nan,nan,nan,nan,nan,nan,nan,nan,nan,nan,nan,nan,nan,nan,nan,nan,nan,nan,nan,nan,nan,nan,nan,nan,nan,nan,nan,nan,nan
776,143203,0.051370315125323515,-1.2660141806602463,0.3511111111111111,151,0.5165562913907285,0.11258278145695365,0.0,0.11920529801324503,0.0,0.8711111111111111,0.9408284023668639,0.6291390728476821,0.09933774834437085,0.271523178807947,8.0,0.046357615894039736,0.04952380952380952,100.57156362533553,0.0034469650681590476,0.7755671403357857,0.9882892095753386,0.0,0.6578947368421053,0.1688888888888889,0.27555555555555555,0.3511111111111111,0.7333333333333333,0.8577777777777778,0.8711111111111111,0.8402366863905325,0.9289940828402367,0.9408284023668639,0.1986570417881012,0.1986570417881012,nan,nan,nan,nan,nan,nan,nan,nan,nan,nan,nan,nan,nan,nan,nan,nan,nan,nan,nan,nan,nan,nan,nan,nan,nan,nan,nan,nan,nan,nan,nan,nan,nan,nan,nan,nan,nan,nan,nan,nan,nan,nan,nan,nan,nan,nan,nan,nan,nan,nan,nan,nan,nan,nan,nan,nan,nan,nan,nan,nan,nan,nan,nan,nan,nan,nan,nan
777,143381,0.05299198100898798,-6.462535966634753,0.24888888888888888,178,0.3089887640449438,0.14606741573033707,0.06741573033707865,0.21348314606741572,0.0056179775280898875,0.5333333333333333,0.591715976331361,0.5224719101123596,0.2808988764044944,0.19662921348314608,30.0,0.3258426966292135,0.030555555555555555,110.04319968223544,0.0022213498439731913,0.4998037148939681,0.9517410278446853,0.0056179775280898875,0.46808510638297873,0.16,0.2,0.24888888888888888,0.5333333333333333,0.5333333333333333,0.5333333333333333,0.591715976331361,0.591715976331361,0.591715976331361,0.21929232478141786,0.21929232478141786,nan,nan,nan,nan,nan,nan,nan,nan,nan,nan,nan,nan,nan,nan,nan,nan,nan,nan,nan,nan,nan,nan,nan,nan,nan,nan,nan,nan,nan,nan,nan,nan,nan,nan,nan,nan,nan,nan,nan,nan,nan,nan,nan,nan,nan,nan,nan,nan,nan,nan,nan,nan,nan,nan,nan,nan,nan,nan,nan,nan,nan,nan,nan,nan,nan,nan,nan
778,143529,0.05433666936184664,-0.988544887781143,0.3688888888888889,148,0.5540540540540541,0.08108108108108109,0.0,0.10810810810810811,0.0,0.9466666666666667,0.9704142011834319,0.6351351351351351,0.16891891891891891,0.19594594594594594,8.0,0.02702702702702703,0.06144927536231884,100.19566559791542,0.0036373274459491865,0.8183986753385669,0.988351492445533,0.0,0.8108108108108109,0.15555555555555556,0.27111111111111114,nan,0.6977777777777778,0.84,nan,0.7988165680473372,0.9053254437869822,nan,0.19589056819677353,0.19589056819677353,nan,nan,nan,nan,nan,nan,nan,nan,nan,nan,nan,nan,nan,nan,nan,nan,nan,nan,nan,nan,nan,nan,nan,nan,nan,nan,nan,nan,nan,nan,nan,nan,nan,nan,nan,nan,nan,nan,nan,nan,nan,nan,nan,nan,nan,nan,nan,nan,nan,nan,nan,nan,nan,nan,nan,nan,nan,nan,nan,nan,nan,nan,nan,nan,nan,nan,nan
779,143662,0.0555422397468241,-2.2115754804611196,0.28444444444444444,133,0.47368421052631576,0.14285714285714285,0.0,0.09774436090225563,0.007518796992481203,0.7466666666666667,0.7869822485207101,0.6165413533834586,0.23308270676691728,0.15037593984962405,16.0,0.13533834586466165,0.05453703703703702,90.60548076629628,0.0030903207800664894,0.69532217551496,0.9977977953472673,0.015037593984962405,0.6578947368421053,0.15555555555555556,0.2311111111111111,nan,0.6044444444444445,0.6844444444444444,nan,0.7041420118343196,0.7514792899408284,nan,0.1951306790113449,0.1951306790113449,nan,nan,nan,nan,nan,nan,nan,nan,nan,nan,nan,nan,nan,nan,nan,nan,nan,nan,nan,nan,nan,nan,nan,nan,nan,nan,nan,nan,nan,nan,nan,nan,nan,nan,nan,nan,nan,nan,nan,nan,nan,nan,nan,nan,nan,nan,nan,nan,nan,nan,nan,nan,nan,nan,nan,nan,nan,nan,nan,nan,nan,nan,nan,nan,nan,nan,nan
780,143846,0.057205685203783996,-2.3751170101165773,0.3688888888888889,184,0.44565217391304346,0.1358695652173913,0.0,0.09782608695652174,0.005434782608695652,0.8844444444444445,0.9349112426035503,0.5815217391304348,0.20108695652173914,0.21739130434782608,14.0,0.11956521739130435,0.04555555555555556,120.7725429534909,0.003017610091929511,0.67896227068414,0.9952245670845634,0.005434782608695652,0.6440677966101694,0.16444444444444445,0.26666666666666666,0.3511111111111111,0.7288888888888889,0.8577777777777778,0.8844444444444445,0.8461538461538461,0.9171597633136095,0.9349112426035503,0.19980388432741164,0.19980388432741164,-1.4963596810340871,0.38533333333333336,179.1,0.0,1.0,0.4898009786439504,0.10835752035469466,0.001694915254237288,0.107384776297263,0.0008849557522123894,0.9133333333333333,0.9544378698224852,0.5998534142528824,0.1974540164930731,0.20269256925404458,12.4,0.08341499694426269,0.05325566045410766,115.3453302955625,0.0033658440186535104,0.7573149041970397,0.9811451745408222,0.0023681599899021757,0.7017590401500107,0.16044444444444445,0.26666666666666666,0.34888888888888886,0.644,0.8057777777777778,0.8805555555555555,0.7337278106508875,0.8727810650887573,0.9341715976331361,-4.364878451871872,0.33244444444444443,169.9,0.0,1.0,0.444208635664633,0.11293365561455457,0.05531544282852206,0.10898269842463823,0.001075268817204301,0.8146666666666667,0.853846153846154,0.6124577341077097,0.1969372147529849,0.19060505113930545,24.3,0.17204334037489566,0.047342975162774664,111.20455668449385,0.003006618076349678,0.6764890671786774,0.9377059407102195,0.003855503628295702,0.6362273233573783,0.14844444444444443,0.23703703703703705,0.34388888888888886,0.591111111111111,0.7397530864197531,0.8772222222222221,0.6437869822485206,0.7876397107166339,0.9127218934911243,2.3938042406311637
781,144010,0.0586840136965442,-0.7294979157447823,0.37333333333333335,164,0.5060975609756098,0.07926829268292683,0.0,0.12804878048780488,0.0,0.88,0.9526627218934911,0.5853658536585366,0.21951219512195122,0.1951219512195122,6.0,0.012195121951219513,0.0561904761904762,100.52855157852144,0.003669493721898052,0.8256360874270616,0.9733112597528382,0.0,0.8085106382978723,0.12,0.24444444444444444,0.3422222222222222,0.4711111111111111,0.6444444444444445,0.8266666666666667,0.5088757396449705,0.6686390532544378,0.8816568047337278,0.20680753737688065,0.20680753737688065,nan,nan,nan,nan,nan,nan,nan,nan,nan,nan,nan,nan,nan,nan,nan,nan,nan,nan,nan,nan,nan,nan,nan,nan,nan,nan,nan,nan,nan,nan,nan,nan,nan,nan,nan,nan,nan,nan,nan,nan,nan,nan,nan,nan,nan,nan,nan,nan,nan,nan,nan,nan,nan,nan,nan,nan,nan,nan,nan,nan,nan,nan,nan,nan,nan,nan,nan
782,144210,0.06048137107711769,-1.2717829358577732,0.39555555555555555,200,0.44,0.145,0.005,0.12,0.0,0.8266666666666667,0.8520710059171598,0.59,0.25,0.16,14.0,0.085,0.048888888888888885,120.15983748435931,0.0032549237690340615,0.7323578480326638,0.9831872401990597,0.01,0.5964912280701754,0.16444444444444445,0.28,0.35555555555555557,0.6533333333333333,0.6888888888888889,0.8266666666666667,0.7218934911242604,0.7218934911242604,0.8520710059171598,0.19595291316509247,0.19595291316509247,nan,nan,nan,nan,nan,nan,nan,nan,nan,nan,nan,nan,nan,nan,nan,nan,nan,nan,nan,nan,nan,nan,nan,nan,nan,nan,nan,nan,nan,nan,nan,nan,nan,nan,nan,nan,nan,nan,nan,nan,nan,nan,nan,nan,nan,nan,nan,nan,nan,nan,nan,nan,nan,nan,nan,nan,nan,nan,nan,nan,nan,nan,nan,nan,nan,nan,nan
783,144359,0.0618164947350738,-2.2518207261562337,0.29777777777777775,149,0.4429530201342282,0.16778523489932887,0.0,0.08053691275167785,0.0,0.7111111111111111,0.8165680473372781,0.610738255033557,0.2080536912751678,0.18120805369127516,10.0,0.10738255033557047,0.048981481481481466,100.31257834434496,0.0029241929394577242,0.657943411377988,0.9951976983246723,0.006711409395973154,0.5652173913043478,0.13777777777777778,0.2577777777777778,nan,0.5955555555555555,0.7111111111111111,nan,0.6863905325443787,0.8165680473372781,nan,0.2068721055984497,0.2068721055984497,nan,nan,nan,nan,nan,nan,nan,nan,nan,nan,nan,nan,nan,nan,nan,nan,nan,nan,nan,nan,nan,nan,nan,nan,nan,nan,nan,nan,nan,nan,nan,nan,nan,nan,nan,nan,nan,nan,nan,nan,nan,nan,nan,nan,nan,nan,nan,nan,nan,nan,nan,nan,nan,nan,nan,nan,nan,nan,nan,nan,nan,nan,nan,nan,nan,nan,nan
784,144509,0.06315721573469649,-2.4117690501213076,0.28888888888888886,150,0.4266666666666667,0.17333333333333334,0.0,0.09333333333333334,0.0,0.8044444444444444,0.834319526627219,0.6,0.25333333333333335,0.14666666666666667,22.0,0.22666666666666666,0.0474074074074074,100.06446714401231,0.0028426118937411953,0.6395876760917689,0.9932770922104182,0.006666666666666667,0.5652173913043478,0.16,0.21777777777777776,0.28888888888888886,0.6044444444444445,0.6222222222222222,0.8044444444444444,0.6390532544378699,0.6449704142011834,0.834319526627219,0.20498089045286177,0.20498089045286177,nan,nan,nan,nan,nan,nan,nan,nan,nan,nan,nan,nan,nan,nan,nan,nan,nan,nan,nan,nan,nan,nan,nan,nan,nan,nan,nan,nan,nan,nan,nan,nan,nan,nan,nan,nan,nan,nan,nan,nan,nan,nan,nan,nan,nan,nan,nan,nan,nan,nan,nan,nan,nan,nan,nan,nan,nan,nan,nan,nan,nan,nan,nan,nan,nan,nan,nan
