episode,coverage,steps,forward_actions,repeat_forwards,unique_per_forward,health_loss,survived,shaped_reward,loss,policy_loss,value_loss,imitation_loss,approx_kl,residual_limit,imitation_weight,eval_coverage,eval_coverage_p10,eval_unique_per_forward,eval_survived
1,0.6666666666666666,199.0,161.0,12.0,0.9254658385093167,16.0,0.0,140.66877374219902,nan,nan,nan,nan,nan,0.15070833333333333,0.49965,0.6976888888888888,0.6488888888888888,0.9479688516632746,0.0
2,0.6666666666666666,216.0,166.0,17.0,0.8975903614457831,16.0,0.0,138.66755107259746,nan,nan,nan,nan,nan,0.15141666666666667,0.4993,nan,nan,nan,nan
3,0.6711111111111111,214.0,166.0,16.0,0.9036144578313253,16.0,0.0,140.27432768869392,nan,nan,nan,nan,nan,0.15212499999999998,0.49895,nan,nan,nan,nan
4,0.72,214.0,174.0,13.0,0.9252873563218391,16.0,0.0,152.49832646799084,nan,nan,nan,nan,nan,0.15283333333333332,0.4986,nan,nan,nan,nan
5,0.6977777777777778,216.0,170.0,14.0,0.9176470588235294,16.0,0.0,146.8661401152611,nan,nan,nan,nan,nan,0.15354166666666666,0.49825,nan,nan,nan,nan
6,0.6888888888888889,222.0,178.0,24.0,0.8651685393258427,16.0,0.0,141.89968733406067,nan,nan,nan,nan,nan,0.15425,0.4979,nan,nan,nan,nan
7,0.6488888888888888,224.0,179.0,34.0,0.8100558659217877,16.0,0.0,129.3039942998886,nan,nan,nan,nan,nan,0.15495833333333334,0.49755,nan,nan,nan,nan
8,0.6088888888888889,186.0,145.0,9.0,0.9379310344827586,14.0,0.0,129.23406428241725,nan,nan,nan,nan,nan,0.15566666666666668,0.4972,nan,nan,nan,nan
9,0.6577777777777778,206.0,167.0,20.0,0.8802395209580839,16.0,0.0,136.17394356727598,nan,nan,nan,nan,nan,0.156375,0.49685,nan,nan,nan,nan
10,0.6666666666666666,200.0,164.0,15.0,0.9085365853658537,15.0,0.0,140.35960204792033,nan,nan,nan,nan,nan,0.15708333333333332,0.4965,nan,nan,nan,nan
11,0.7155555555555555,213.0,175.0,15.0,0.9142857142857143,16.0,0.0,150.85199990272525,nan,nan,nan,nan,nan,0.15779166666666666,0.49615,nan,nan,nan,nan
12,0.6666666666666666,212.0,165.0,16.0,0.9030303030303031,16.0,0.0,139.2256117739678,nan,nan,nan,nan,nan,0.1585,0.4958,nan,nan,nan,nan
13,0.6711111111111111,206.0,164.0,14.0,0.9146341463414634,16.0,0.0,141.08458885288246,nan,nan,nan,nan,nan,0.15920833333333334,0.49545,nan,nan,nan,nan
14,0.6622222222222223,205.0,168.0,20.0,0.8809523809523809,16.0,0.0,137.19756303071975,nan,nan,nan,nan,nan,0.15991666666666665,0.4951,nan,nan,nan,nan
15,0.6622222222222223,212.0,161.0,13.0,0.9192546583850931,16.0,0.0,139.33491753101353,nan,nan,nan,nan,nan,0.160625,0.49475,nan,nan,nan,nan
16,0.7155555555555555,221.0,171.0,11.0,0.935672514619883,15.0,0.0,152.16215685272203,106.64517116546631,-0.0011983538279309869,210.7846279144287,2.6147255301475525,7.81163175815891e-05,0.16133333333333333,0.4944,nan,nan,nan,nan
17,0.6666666666666666,205.0,170.0,21.0,0.8764705882352941,16.0,0.0,138.00384210968025,nan,nan,nan,nan,nan,0.16204166666666667,0.49405,nan,nan,nan,nan
18,0.5955555555555555,186.0,148.0,15.0,0.8986486486486487,14.0,0.0,124.7294890403747,nan,nan,nan,nan,nan,0.16275,0.4937,nan,nan,nan,nan
19,0.6844444444444444,214.0,172.0,19.0,0.8895348837209303,16.0,0.0,142.2643214359283,nan,nan,nan,nan,nan,0.16345833333333332,0.49335,nan,nan,nan,nan
20,0.68,207.0,168.0,16.0,0.9047619047619048,16.0,0.0,142.53413880777367,nan,nan,nan,nan,nan,0.16416666666666666,0.493,nan,nan,nan,nan
21,0.6088888888888889,202.0,153.0,17.0,0.8888888888888888,16.0,0.0,126.00074884080885,nan,nan,nan,nan,nan,0.164875,0.49265,nan,nan,nan,nan
22,0.6711111111111111,204.0,162.0,12.0,0.9259259259259259,16.0,0.0,141.68407439661036,nan,nan,nan,nan,nan,0.16558333333333333,0.4923,nan,nan,nan,nan
23,0.6488888888888888,187.0,150.0,5.0,0.9666666666666667,14.0,0.0,139.5412106971741,nan,nan,nan,nan,nan,0.16629166666666667,0.49195,nan,nan,nan,nan
24,0.5733333333333334,201.0,157.0,29.0,0.8152866242038217,16.0,0.0,113.99844479608538,nan,nan,nan,nan,nan,0.16699999999999998,0.4916,nan,nan,nan,nan
25,0.6844444444444444,193.0,163.0,10.0,0.9386503067484663,14.0,0.0,146.24208728551847,nan,nan,nan,nan,nan,0.16770833333333332,0.49125,nan,nan,nan,nan
26,0.6533333333333333,215.0,173.0,27.0,0.8439306358381503,16.0,0.0,132.82805895709993,nan,nan,nan,nan,nan,0.16841666666666666,0.4909,nan,nan,nan,nan
27,0.7155555555555555,202.0,169.0,9.0,0.9467455621301775,16.0,0.0,152.6444911203385,nan,nan,nan,nan,nan,0.169125,0.49055,nan,nan,nan,nan
28,0.6533333333333333,194.0,159.0,13.0,0.9182389937106918,15.0,0.0,137.49318243122096,nan,nan,nan,nan,nan,0.16983333333333334,0.4902,nan,nan,nan,nan
29,0.6755555555555556,216.0,170.0,19.0,0.888235294117647,16.0,0.0,140.28561803007116,nan,nan,nan,nan,nan,0.17054166666666665,0.48985,nan,nan,nan,nan
30,0.6355555555555555,202.0,160.0,18.0,0.8875,15.0,0.0,132.12158662939075,nan,nan,nan,nan,nan,0.17124999999999999,0.4895,nan,nan,nan,nan
31,0.6666666666666666,211.0,159.0,10.0,0.9371069182389937,16.0,0.0,141.13651306581494,nan,nan,nan,nan,nan,0.17195833333333332,0.48915,nan,nan,nan,nan
32,0.6133333333333333,184.0,148.0,11.0,0.9256756756756757,14.0,0.0,129.87855746221547,108.29855728149414,-0.012598169967532158,214.20276260375977,2.553256779909134,2.2497843481517066e-06,0.17266666666666666,0.4888,nan,nan,nan,nan
33,0.6355555555555555,197.0,156.0,14.0,0.9102564102564102,16.0,0.0,133.18377508974078,nan,nan,nan,nan,nan,0.173375,0.48845,nan,nan,nan,nan
34,0.6888888888888889,219.0,174.0,20.0,0.8850574712643678,16.0,0.0,143.2384239253997,nan,nan,nan,nan,nan,0.1740833333333333,0.4881,nan,nan,nan,nan
35,0.6533333333333333,208.0,165.0,19.0,0.8848484848484849,16.0,0.0,135.63252276706692,nan,nan,nan,nan,nan,0.17479166666666665,0.48775,nan,nan,nan,nan
36,0.6933333333333334,216.0,169.0,14.0,0.9171597633136095,15.0,0.0,146.2334465618133,nan,nan,nan,nan,nan,0.1755,0.4874,nan,nan,nan,nan
37,0.6444444444444445,212.0,169.0,25.0,0.8520710059171598,16.0,0.0,131.68862606477742,nan,nan,nan,nan,nan,0.17620833333333333,0.48705,nan,nan,nan,nan
38,0.6933333333333334,215.0,174.0,19.0,0.8908045977011494,16.0,0.0,144.5215307922363,nan,nan,nan,nan,nan,0.17691666666666667,0.4867,nan,nan,nan,nan
39,0.6888888888888889,210.0,172.0,18.0,0.8953488372093024,16.0,0.0,144.02124917793265,nan,nan,nan,nan,nan,0.177625,0.48635,nan,nan,nan,nan
40,0.6355555555555555,201.0,161.0,19.0,0.8819875776397516,16.0,0.0,131.45582982778546,nan,nan,nan,nan,nan,0.17833333333333332,0.486,nan,nan,nan,nan
41,0.6222222222222222,199.0,163.0,24.0,0.852760736196319,16.0,0.0,127.09854247856146,nan,nan,nan,nan,nan,0.17904166666666665,0.48565,nan,nan,nan,nan
42,0.6622222222222223,208.0,163.0,15.0,0.9079754601226994,16.0,0.0,138.81485678100583,nan,nan,nan,nan,nan,0.17975,0.4853,nan,nan,nan,nan
43,0.64,199.0,160.0,17.0,0.89375,16.0,0.0,133.0707331318856,nan,nan,nan,nan,nan,0.18045833333333333,0.48495,nan,nan,nan,nan
44,0.6711111111111111,216.0,176.0,26.0,0.8522727272727273,16.0,0.0,137.34116864490505,nan,nan,nan,nan,nan,0.18116666666666667,0.4846,nan,nan,nan,nan
45,0.64,196.0,162.0,19.0,0.8827160493827161,15.0,0.0,133.02853274440778,nan,nan,nan,nan,nan,0.181875,0.48425,nan,nan,nan,nan
46,0.5955555555555555,178.0,142.0,9.0,0.9366197183098591,14.0,0.0,126.47900496912007,nan,nan,nan,nan,nan,0.18258333333333332,0.4839,nan,nan,nan,nan
47,0.5733333333333334,180.0,142.0,14.0,0.9014084507042254,14.0,0.0,119.86222243738185,nan,nan,nan,nan,nan,0.18329166666666666,0.48355,nan,nan,nan,nan
48,0.6533333333333333,199.0,156.0,10.0,0.9358974358974359,16.0,0.0,138.27423749399185,103.47678279876709,-0.003888772852405964,204.5046615600586,2.6228227615356445,7.267442976299776e-07,0.184,0.4832,nan,nan,nan,nan
49,0.7066666666666667,211.0,176.0,18.0,0.8977272727272727,16.0,0.0,148.07132082366942,nan,nan,nan,nan,nan,0.18470833333333334,0.48285,nan,nan,nan,nan
50,0.6711111111111111,204.0,161.0,11.0,0.9316770186335404,16.0,0.0,141.9494620175362,nan,nan,nan,nan,nan,0.18541666666666667,0.4825,nan,nan,nan,nan
51,0.6311111111111111,189.0,151.0,10.0,0.9337748344370861,15.0,0.0,133.82218478965765,nan,nan,nan,nan,nan,0.18612499999999998,0.48215,nan,nan,nan,nan
52,0.6711111111111111,203.0,164.0,14.0,0.9146341463414634,16.0,0.0,141.12609607315062,nan,nan,nan,nan,nan,0.18683333333333332,0.4818,nan,nan,nan,nan
53,0.6755555555555556,204.0,170.0,19.0,0.888235294117647,16.0,0.0,140.70845613908764,nan,nan,nan,nan,nan,0.18754166666666666,0.48145,nan,nan,nan,nan
54,0.6577777777777778,197.0,159.0,12.0,0.9245283018867925,16.0,0.0,138.6617996048928,nan,nan,nan,nan,nan,0.18825,0.48109999999999997,nan,nan,nan,nan
55,0.6177777777777778,192.0,155.0,17.0,0.8903225806451613,13.0,0.0,129.03703775167472,nan,nan,nan,nan,nan,0.18895833333333334,0.48075,nan,nan,nan,nan
56,0.6977777777777778,219.0,171.0,15.0,0.9122807017543859,16.0,0.0,146.45631414270397,nan,nan,nan,nan,nan,0.18966666666666665,0.4804,nan,nan,nan,nan
57,0.6755555555555556,205.0,166.0,15.0,0.9096385542168675,16.0,0.0,141.87680590200424,nan,nan,nan,nan,nan,0.190375,0.48005,nan,nan,nan,nan
58,0.6311111111111111,193.0,155.0,14.0,0.9096774193548387,15.0,0.0,132.30335592746746,nan,nan,nan,nan,nan,0.19108333333333333,0.4797,nan,nan,nan,nan
59,0.68,225.0,169.0,17.0,0.8994082840236687,16.0,0.0,141.72013254737863,nan,nan,nan,nan,nan,0.19179166666666667,0.47935,nan,nan,nan,nan
60,0.6977777777777778,210.0,171.0,15.0,0.9122807017543859,16.0,0.0,146.9130287451744,nan,nan,nan,nan,nan,0.1925,0.479,nan,nan,nan,nan
61,0.6933333333333334,218.0,168.0,13.0,0.9226190476190477,16.0,0.0,146.18783843088133,nan,nan,nan,nan,nan,0.19320833333333332,0.47865,nan,nan,nan,nan
62,0.6844444444444444,211.0,174.0,21.0,0.8793103448275862,16.0,0.0,141.98317267036433,nan,nan,nan,nan,nan,0.19391666666666665,0.4783,nan,nan,nan,nan
63,0.6622222222222223,209.0,166.0,18.0,0.891566265060241,15.0,0.0,138.245768483162,nan,nan,nan,nan,nan,0.194625,0.47795,nan,nan,nan,nan
64,0.6488888888888888,213.0,162.0,17.0,0.8950617283950617,16.0,0.0,134.72290370130548,103.4870023727417,-0.005073316860944033,204.52550888061523,2.656213164329529,3.271767106127754e-07,0.19533333333333333,0.4776,nan,nan,nan,nan
65,0.6533333333333333,195.0,163.0,17.0,0.8957055214723927,16.0,0.0,136.41933613586426,nan,nan,nan,nan,nan,0.19604166666666667,0.47725,nan,nan,nan,nan
66,0.6844444444444444,207.0,162.0,9.0,0.9444444444444444,16.0,0.0,145.46095911979683,nan,nan,nan,nan,nan,0.19674999999999998,0.4769,nan,nan,nan,nan
67,0.7022222222222222,208.0,168.0,11.0,0.9345238095238095,16.0,0.0,148.93970708942405,nan,nan,nan,nan,nan,0.19745833333333332,0.47655000000000003,nan,nan,nan,nan
68,0.6977777777777778,203.0,164.0,8.0,0.9512195121951219,16.0,0.0,149.0117459702491,nan,nan,nan,nan,nan,0.19816666666666666,0.4762,nan,nan,nan,nan
69,0.6044444444444445,180.0,146.0,11.0,0.9246575342465754,14.0,0.0,127.90602665853508,nan,nan,nan,nan,nan,0.198875,0.47585,nan,nan,nan,nan
70,0.68,201.0,167.0,15.0,0.9101796407185628,16.0,0.0,142.9895696730614,nan,nan,nan,nan,nan,0.19958333333333333,0.4755,nan,nan,nan,nan
71,0.6133333333333333,181.0,151.0,14.0,0.9072847682119205,14.0,0.0,129.005797557354,nan,nan,nan,nan,nan,0.20029166666666665,0.47515,nan,nan,nan,nan
72,0.6977777777777778,212.0,169.0,13.0,0.9230769230769231,16.0,0.0,147.45337896680832,nan,nan,nan,nan,nan,0.20099999999999998,0.4748,nan,nan,nan,nan
73,0.68,210.0,169.0,17.0,0.8994082840236687,16.0,0.0,142.12237956619262,nan,nan,nan,nan,nan,0.20170833333333332,0.47445,nan,nan,nan,nan
74,0.7022222222222222,205.0,169.0,12.0,0.9289940828402367,16.0,0.0,148.8581755867005,nan,nan,nan,nan,nan,0.20241666666666666,0.4741,nan,nan,nan,nan
75,0.6266666666666667,201.0,156.0,16.0,0.8974358974358975,15.0,0.0,130.92266917419437,nan,nan,nan,nan,nan,0.203125,0.47375,nan,nan,nan,nan
76,0.6888888888888889,209.0,169.0,15.0,0.9112426035502958,16.0,0.0,144.73256555128086,nan,nan,nan,nan,nan,0.20383333333333334,0.4734,nan,nan,nan,nan
77,0.6577777777777778,211.0,170.0,23.0,0.8647058823529412,16.0,0.0,135.3971091284752,nan,nan,nan,nan,nan,0.20454166666666665,0.47305,nan,nan,nan,nan
78,0.6266666666666667,195.0,158.0,18.0,0.8860759493670886,15.0,0.0,130.04082378673564,nan,nan,nan,nan,nan,0.20525,0.4727,nan,nan,nan,nan
79,0.6711111111111111,219.0,170.0,20.0,0.8823529411764706,16.0,0.0,139.02082165956503,nan,nan,nan,nan,nan,0.20595833333333333,0.47235,nan,nan,nan,nan
80,0.6622222222222223,212.0,163.0,15.0,0.9079754601226994,15.0,0.0,138.58107260894772,107.77743434906006,-0.008491842541843653,213.1761474609375,2.6198728382587433,2.2608518590594429e-07,0.20666666666666667,0.472,nan,nan,nan,nan
81,0.6177777777777778,194.0,153.0,15.0,0.9019607843137255,14.0,0.0,129.60444877147677,nan,nan,nan,nan,nan,0.207375,0.47165,nan,nan,nan,nan
82,0.6488888888888888,203.0,168.0,23.0,0.8630952380952381,15.0,0.0,133.65019904899597,nan,nan,nan,nan,nan,0.20808333333333331,0.4713,nan,nan,nan,nan
83,0.6666666666666666,202.0,160.0,11.0,0.93125,15.0,0.0,141.38497804069516,nan,nan,nan,nan,nan,0.20879166666666665,0.47095,nan,nan,nan,nan
84,0.6533333333333333,210.0,168.0,22.0,0.8690476190476191,16.0,0.0,134.20163041591638,nan,nan,nan,nan,nan,0.2095,0.4706,nan,nan,nan,nan
85,0.6666666666666666,211.0,166.0,17.0,0.8975903614457831,16.0,0.0,138.7387291049958,nan,nan,nan,nan,nan,0.21020833333333333,0.47025,nan,nan,nan,nan
86,0.6266666666666667,184.0,150.0,10.0,0.9333333333333333,13.0,0.0,133.58862253952026,nan,nan,nan,nan,nan,0.21091666666666667,0.4699,nan,nan,nan,nan
87,0.5688888888888889,172.0,140.0,13.0,0.9071428571428571,13.0,0.0,119.73356149339682,nan,nan,nan,nan,nan,0.21162499999999998,0.46955,nan,nan,nan,nan
88,0.7066666666666667,218.0,173.0,15.0,0.9132947976878613,16.0,0.0,148.82063451337808,nan,nan,nan,nan,nan,0.21233333333333332,0.4692,nan,nan,nan,nan
89,0.6444444444444445,194.0,160.0,16.0,0.9,14.0,0.0,135.1439455890655,nan,nan,nan,nan,nan,0.21304166666666668,0.46885,nan,nan,nan,nan
90,0.6444444444444445,206.0,164.0,20.0,0.8780487804878049,16.0,0.0,133.36388194179528,nan,nan,nan,nan,nan,0.21375,0.4685,nan,nan,nan,nan
91,0.6666666666666666,209.0,168.0,19.0,0.8869047619047619,16.0,0.0,138.68450541591642,nan,nan,nan,nan,nan,0.21445833333333333,0.46815,nan,nan,nan,nan
92,0.6977777777777778,208.0,165.0,9.0,0.9454545454545454,15.0,0.0,148.86748464107518,nan,nan,nan,nan,nan,0.21516666666666667,0.4678,nan,nan,nan,nan
93,0.6488888888888888,208.0,161.0,16.0,0.9006211180124224,16.0,0.0,135.16793786096562,nan,nan,nan,nan,nan,0.21587499999999998,0.46745000000000003,nan,nan,nan,nan
94,0.7244444444444444,206.0,171.0,9.0,0.9473684210526315,15.0,0.0,155.07487426614767,nan,nan,nan,nan,nan,0.21658333333333335,0.4671,nan,nan,nan,nan
95,0.6311111111111111,182.0,148.0,7.0,0.9527027027027027,14.0,0.0,135.15297066307073,nan,nan,nan,nan,nan,0.21729166666666666,0.46675,nan,nan,nan,nan
96,0.6755555555555556,213.0,165.0,14.0,0.9151515151515152,16.0,0.0,141.83076825189596,95.44506740570068,0.009456658503040671,188.52650260925293,2.597329765558243,1.388508223953977e-07,0.218,0.4664,nan,nan,nan,nan
97,0.6755555555555556,205.0,165.0,14.0,0.9151515151515152,16.0,0.0,142.19869988012326,nan,nan,nan,nan,nan,0.21870833333333334,0.46605,nan,nan,nan,nan
98,0.6755555555555556,203.0,163.0,12.0,0.9263803680981595,16.0,0.0,142.7132444720268,nan,nan,nan,nan,nan,0.21941666666666665,0.4657,nan,nan,nan,nan
99,0.6444444444444445,200.0,156.0,12.0,0.9230769230769231,15.0,0.0,136.0565597310067,nan,nan,nan,nan,nan,0.22012500000000002,0.46535,nan,nan,nan,nan
100,0.6577777777777778,201.0,163.0,16.0,0.901840490797546,15.0,0.0,137.92650948190686,nan,nan,nan,nan,nan,0.22083333333333333,0.465,0.6984888888888888,0.6488888888888888,0.9488274976590451,0.0
101,0.6577777777777778,206.0,168.0,21.0,0.875,16.0,0.0,135.8845247769356,nan,nan,nan,nan,nan,0.22154166666666666,0.46465,nan,nan,nan,nan
102,0.6311111111111111,191.0,151.0,10.0,0.9337748344370861,14.0,0.0,134.1074184913635,nan,nan,nan,nan,nan,0.22225,0.4643,nan,nan,nan,nan
103,0.6711111111111111,210.0,167.0,17.0,0.8982035928143712,16.0,0.0,140.08885333395003,nan,nan,nan,nan,nan,0.22295833333333331,0.46395,nan,nan,nan,nan
104,0.6888888888888889,216.0,171.0,17.0,0.9005847953216374,16.0,0.0,143.98382228469845,nan,nan,nan,nan,nan,0.22366666666666668,0.4636,nan,nan,nan,nan
105,0.6711111111111111,210.0,168.0,18.0,0.8928571428571429,16.0,0.0,139.3271698002816,nan,nan,nan,nan,nan,0.224375,0.46325,nan,nan,nan,nan
106,0.6755555555555556,217.0,168.0,17.0,0.8988095238095238,16.0,0.0,141.16344975566867,nan,nan,nan,nan,nan,0.22508333333333333,0.4629,nan,nan,nan,nan
107,0.6933333333333334,204.0,166.0,11.0,0.9337349397590361,16.0,0.0,147.12939594364158,nan,nan,nan,nan,nan,0.22579166666666667,0.46255,nan,nan,nan,nan
108,0.6755555555555556,208.0,167.0,16.0,0.9041916167664671,16.0,0.0,141.42319376277914,nan,nan,nan,nan,nan,0.22649999999999998,0.4622,nan,nan,nan,nan
109,0.68,224.0,173.0,21.0,0.8786127167630058,16.0,0.0,140.7676839008331,nan,nan,nan,nan,nan,0.22720833333333335,0.46185,nan,nan,nan,nan
110,0.6222222222222222,187.0,150.0,11.0,0.9266666666666666,14.0,0.0,131.87028832149505,nan,nan,nan,nan,nan,0.22791666666666666,0.4615,nan,nan,nan,nan
111,0.6266666666666667,190.0,154.0,14.0,0.9090909090909091,15.0,0.0,131.5007846679687,nan,nan,nan,nan,nan,0.228625,0.46115,nan,nan,nan,nan
112,0.6622222222222223,228.0,174.0,26.0,0.8505747126436781,16.0,0.0,134.9021618623733,85.00551986694336,0.023463177029043436,167.6727523803711,2.5695031881332397,7.046822136924646e-08,0.22933333333333333,0.4608,nan,nan,nan,nan
113,0.64,190.0,156.0,13.0,0.9166666666666666,15.0,0.0,134.74829877805718,nan,nan,nan,nan,nan,0.23004166666666664,0.46045,nan,nan,nan,nan
114,0.5822222222222222,173.0,140.0,10.0,0.9285714285714286,14.0,0.0,123.22139596700671,nan,nan,nan,nan,nan,0.23075,0.4601,nan,nan,nan,nan
115,0.6488888888888888,208.0,165.0,20.0,0.8787878787878788,16.0,0.0,133.7131310725213,nan,nan,nan,nan,nan,0.23145833333333332,0.45975,nan,nan,nan,nan
116,0.7022222222222222,198.0,166.0,9.0,0.9457831325301205,16.0,0.0,149.73735125875467,nan,nan,nan,nan,nan,0.23216666666666666,0.45940000000000003,nan,nan,nan,nan
117,0.6888888888888889,214.0,179.0,25.0,0.8603351955307262,16.0,0.0,141.65277426242835,nan,nan,nan,nan,nan,0.232875,0.45905,nan,nan,nan,nan
118,0.6311111111111111,197.0,158.0,17.0,0.8924050632911392,14.0,0.0,131.5308290877342,nan,nan,nan,nan,nan,0.2335833333333333,0.4587,nan,nan,nan,nan
119,0.6577777777777778,207.0,163.0,16.0,0.901840490797546,16.0,0.0,137.21275250673298,nan,nan,nan,nan,nan,0.23429166666666668,0.45835000000000004,nan,nan,nan,nan
120,0.68,214.0,169.0,17.0,0.8994082840236687,16.0,0.0,142.0562033586503,nan,nan,nan,nan,nan,0.235,0.458,nan,nan,nan,nan
121,0.6977777777777778,215.0,173.0,17.0,0.9017341040462428,16.0,0.0,146.1898531847,nan,nan,nan,nan,nan,0.23570833333333333,0.45765,nan,nan,nan,nan
122,0.6088888888888889,178.0,146.0,10.0,0.9315068493150684,14.0,0.0,129.23388990640643,nan,nan,nan,nan,nan,0.23641666666666666,0.4573,nan,nan,nan,nan
123,0.6755555555555556,207.0,170.0,19.0,0.888235294117647,16.0,0.0,140.32590364599235,nan,nan,nan,nan,nan,0.23712499999999997,0.45695,nan,nan,nan,nan
124,0.6844444444444444,221.0,175.0,22.0,0.8742857142857143,16.0,0.0,141.50708173084251,nan,nan,nan,nan,nan,0.23783333333333334,0.4566,nan,nan,nan,nan
125,0.6488888888888888,203.0,162.0,17.0,0.8950617283950617,16.0,0.0,135.03598060894018,nan,nan,nan,nan,nan,0.23854166666666665,0.45625,nan,nan,nan,nan
126,0.68,210.0,165.0,13.0,0.9212121212121213,16.0,0.0,143.42109630107873,nan,nan,nan,nan,nan,0.23925,0.45589999999999997,nan,nan,nan,nan
127,0.7022222222222222,199.0,165.0,8.0,0.9515151515151515,16.0,0.0,150.0844029121399,nan,nan,nan,nan,nan,0.23995833333333333,0.45555,nan,nan,nan,nan
128,0.5866666666666667,175.0,142.0,11.0,0.9225352112676056,13.0,0.0,124.2405762586595,81.12776231765747,0.012205195205751806,159.99823188781738,2.536361128091812,8.181322685985037e-08,0.24066666666666667,0.4552,nan,nan,nan,nan
129,0.6888888888888889,210.0,170.0,16.0,0.9058823529411765,16.0,0.0,144.418990377903,nan,nan,nan,nan,nan,0.241375,0.45485,nan,nan,nan,nan
130,0.6,186.0,152.0,18.0,0.881578947368421,15.0,0.0,124.16651035785684,nan,nan,nan,nan,nan,0.24208333333333332,0.4545,nan,nan,nan,nan
131,0.5466666666666666,168.0,131.0,9.0,0.9312977099236641,13.0,0.0,115.78461624526979,nan,nan,nan,nan,nan,0.24279166666666666,0.45415,nan,nan,nan,nan
132,0.5911111111111111,183.0,150.0,18.0,0.88,15.0,0.0,122.0954288582803,nan,nan,nan,nan,nan,0.2435,0.4538,nan,nan,nan,nan
133,0.6888888888888889,208.0,171.0,17.0,0.9005847953216374,16.0,0.0,144.0209762744903,nan,nan,nan,nan,nan,0.24420833333333333,0.45345,nan,nan,nan,nan
134,0.7155555555555555,216.0,173.0,13.0,0.9248554913294798,15.0,0.0,151.42774904966345,nan,nan,nan,nan,nan,0.24491666666666667,0.4531,nan,nan,nan,nan
135,0.6666666666666666,218.0,176.0,27.0,0.8465909090909091,16.0,0.0,135.78647244834906,nan,nan,nan,nan,nan,0.24562499999999998,0.45275,nan,nan,nan,nan
136,0.72,216.0,174.0,13.0,0.9252873563218391,15.0,0.0,152.76942680311188,nan,nan,nan,nan,nan,0.24633333333333332,0.4524,nan,nan,nan,nan
137,0.6888888888888889,213.0,169.0,15.0,0.9112426035502958,16.0,0.0,144.7587466006279,nan,nan,nan,nan,nan,0.24704166666666666,0.45205,nan,nan,nan,nan
138,0.7333333333333333,205.0,173.0,9.0,0.9479768786127167,16.0,0.0,156.81834041309355,nan,nan,nan,nan,nan,0.24775,0.4517,nan,nan,nan,nan
139,0.6844444444444444,206.0,170.0,17.0,0.9,16.0,0.0,143.2777730879784,nan,nan,nan,nan,nan,0.24845833333333334,0.45135000000000003,nan,nan,nan,nan
140,0.5822222222222222,181.0,144.0,14.0,0.9027777777777778,14.0,0.0,121.96389228487021,nan,nan,nan,nan,nan,0.24916666666666665,0.451,nan,nan,nan,nan
141,0.68,204.0,165.0,13.0,0.9212121212121213,16.0,0.0,143.34976763820654,nan,nan,nan,nan,nan,0.24987499999999999,0.45065,nan,nan,nan,nan
142,0.6577777777777778,203.0,159.0,12.0,0.9245283018867925,16.0,0.0,138.57945526266104,nan,nan,nan,nan,nan,0.2505833333333333,0.45030000000000003,nan,nan,nan,nan
143,0.6622222222222223,192.0,159.0,11.0,0.9308176100628931,15.0,0.0,140.5986677880287,nan,nan,nan,nan,nan,0.2512916666666667,0.44995,nan,nan,nan,nan
144,0.5955555555555555,176.0,143.0,10.0,0.9300699300699301,14.0,0.0,126.08707854366304,78.70489978790283,-0.014626427320763469,155.22047519683838,2.5518445670604706,7.702136584075703e-08,0.252,0.4496,nan,nan,nan,nan
145,0.6933333333333334,207.0,166.0,11.0,0.9337349397590361,16.0,0.0,146.99664747905726,nan,nan,nan,nan,nan,0.2527083333333333,0.44925,nan,nan,nan,nan
146,0.5733333333333334,174.0,134.0,6.0,0.9552238805970149,13.0,0.0,122.71503454828276,nan,nan,nan,nan,nan,0.2534166666666667,0.4489,nan,nan,nan,nan
147,0.6577777777777778,199.0,161.0,14.0,0.9130434782608695,15.0,0.0,138.22475852394103,nan,nan,nan,nan,nan,0.254125,0.44855,nan,nan,nan,nan
148,0.6933333333333334,211.0,175.0,20.0,0.8857142857142857,16.0,0.0,144.2165707774162,nan,nan,nan,nan,nan,0.25483333333333336,0.4482,nan,nan,nan,nan
149,0.6844444444444444,209.0,170.0,17.0,0.9,16.0,0.0,142.99102283096303,nan,nan,nan,nan,nan,0.25554166666666667,0.44785,nan,nan,nan,nan
150,0.6755555555555556,207.0,166.0,15.0,0.9096385542168675,16.0,0.0,141.87717422723756,nan,nan,nan,nan,nan,0.25625,0.4475,nan,nan,nan,nan
151,0.6311111111111111,182.0,151.0,10.0,0.9337748344370861,14.0,0.0,134.2175208835602,nan,nan,nan,nan,nan,0.2569583333333333,0.44715,nan,nan,nan,nan
152,0.6533333333333333,195.0,158.0,12.0,0.9240506329113924,15.0,0.0,138.07839273881925,nan,nan,nan,nan,nan,0.25766666666666665,0.4468,nan,nan,nan,nan
153,0.6844444444444444,208.0,170.0,17.0,0.9,16.0,0.0,143.08952701234816,nan,nan,nan,nan,nan,0.258375,0.44645,nan,nan,nan,nan
154,0.5377777777777778,176.0,140.0,20.0,0.8571428571428571,13.0,0.0,110.57945781135561,nan,nan,nan,nan,nan,0.25908333333333333,0.4461,nan,nan,nan,nan
155,0.6444444444444445,200.0,165.0,21.0,0.8727272727272727,16.0,0.0,132.92883179521561,nan,nan,nan,nan,nan,0.25979166666666664,0.44575,nan,nan,nan,nan
156,0.64,206.0,163.0,20.0,0.8773006134969326,16.0,0.0,132.11099015951152,nan,nan,nan,nan,nan,0.2605,0.4454,nan,nan,nan,nan
157,0.6844444444444444,215.0,173.0,20.0,0.884393063583815,15.0,0.0,142.4239631767271,nan,nan,nan,nan,nan,0.2612083333333333,0.44505,nan,nan,nan,nan
158,0.6355555555555555,197.0,158.0,16.0,0.8987341772151899,15.0,0.0,132.85226702642447,nan,nan,nan,nan,nan,0.26191666666666663,0.4447,nan,nan,nan,nan
159,0.6177777777777778,192.0,156.0,18.0,0.8846153846153846,15.0,0.0,128.13658724355696,nan,nan,nan,nan,nan,0.262625,0.44435,nan,nan,nan,nan
160,0.7288888888888889,210.0,168.0,5.0,0.9702380952380952,15.0,0.0,157.16811395311345,72.86832571029663,0.031103799119591713,143.43433380126953,2.6108738780021667,7.428445192303457e-08,0.2633333333333333,0.444,nan,nan,nan,nan
161,0.7155555555555555,207.0,171.0,11.0,0.935672514619883,16.0,0.0,151.99217031097405,nan,nan,nan,nan,nan,0.2640416666666666,0.44365,nan,nan,nan,nan
162,0.6311111111111111,194.0,154.0,13.0,0.9155844155844156,16.0,0.0,132.33593222761144,nan,nan,nan,nan,nan,0.26475,0.4433,nan,nan,nan,nan
163,0.6711111111111111,202.0,169.0,19.0,0.8875739644970414,16.0,0.0,139.72338937568668,nan,nan,nan,nan,nan,0.26545833333333335,0.44295,nan,nan,nan,nan
164,0.5866666666666667,179.0,147.0,16.0,0.891156462585034,14.0,0.0,122.28129791879655,nan,nan,nan,nan,nan,0.26616666666666666,0.4426,nan,nan,nan,nan
165,0.6533333333333333,216.0,165.0,19.0,0.8848484848484849,16.0,0.0,135.21062088155765,nan,nan,nan,nan,nan,0.266875,0.44225000000000003,nan,nan,nan,nan
166,0.6755555555555556,213.0,168.0,17.0,0.8988095238095238,16.0,0.0,141.06051020717607,nan,nan,nan,nan,nan,0.26758333333333334,0.4419,nan,nan,nan,nan
167,0.6088888888888889,180.0,146.0,10.0,0.9315068493150684,13.0,0.0,129.42311482858665,nan,nan,nan,nan,nan,0.26829166666666665,0.44155,nan,nan,nan,nan
168,0.6755555555555556,211.0,173.0,22.0,0.8728323699421965,16.0,0.0,139.75626119375227,nan,nan,nan,nan,nan,0.269,0.4412,nan,nan,nan,nan
169,0.68,213.0,173.0,21.0,0.8786127167630058,16.0,0.0,140.93596389770516,nan,nan,nan,nan,nan,0.2697083333333333,0.44085,nan,nan,nan,nan
170,0.6044444444444445,183.0,147.0,12.0,0.9183673469387755,14.0,0.0,127.65955212259297,nan,nan,nan,nan,nan,0.27041666666666664,0.4405,nan,nan,nan,nan
171,0.6577777777777778,196.0,160.0,13.0,0.91875,15.0,0.0,138.61100955343238,nan,nan,nan,nan,nan,0.27112499999999995,0.44015,nan,nan,nan,nan
172,0.7288888888888889,226.0,178.0,15.0,0.9157303370786517,16.0,0.0,153.45285065937026,nan,nan,nan,nan,nan,0.2718333333333333,0.4398,nan,nan,nan,nan
173,0.6177777777777778,189.0,150.0,12.0,0.92,14.0,0.0,130.45270460557938,nan,nan,nan,nan,nan,0.2725416666666667,0.43945,nan,nan,nan,nan
174,0.68,219.0,175.0,23.0,0.8685714285714285,16.0,0.0,140.19946199560172,nan,nan,nan,nan,nan,0.27325,0.4391,nan,nan,nan,nan
175,0.5866666666666667,189.0,147.0,16.0,0.891156462585034,14.0,0.0,121.88790094947818,nan,nan,nan,nan,nan,0.2739583333333333,0.43875000000000003,nan,nan,nan,nan
176,0.6622222222222223,203.0,159.0,11.0,0.9308176100628931,15.0,0.0,140.35258076333997,76.19519662857056,-0.04229773674160242,150.2588529586792,2.6169011890888214,4.0100253073660497e-07,0.27466666666666667,0.4384,nan,nan,nan,nan
177,0.6622222222222223,209.0,166.0,18.0,0.891566265060241,16.0,0.0,137.9479947080612,nan,nan,nan,nan,nan,0.275375,0.43805,nan,nan,nan,nan
178,0.6711111111111111,203.0,168.0,18.0,0.8928571428571429,16.0,0.0,139.9926697993278,nan,nan,nan,nan,nan,0.27608333333333335,0.4377,nan,nan,nan,nan
179,0.6711111111111111,203.0,168.0,18.0,0.8928571428571429,16.0,0.0,139.9945181336403,nan,nan,nan,nan,nan,0.27679166666666666,0.43735,nan,nan,nan,nan
180,0.6755555555555556,207.0,167.0,16.0,0.9041916167664671,16.0,0.0,141.51718406867982,nan,nan,nan,nan,nan,0.27749999999999997,0.437,nan,nan,nan,nan
181,0.56,191.0,146.0,21.0,0.8561643835616438,14.0,0.0,114.30868595218664,nan,nan,nan,nan,nan,0.27820833333333334,0.43665,nan,nan,nan,nan
182,0.6488888888888888,202.0,162.0,17.0,0.8950617283950617,16.0,0.0,135.05993476772312,nan,nan,nan,nan,nan,0.2789166666666667,0.4363,nan,nan,nan,nan
183,0.6488888888888888,202.0,161.0,16.0,0.9006211180124224,14.0,0.0,136.11932157707204,nan,nan,nan,nan,nan,0.279625,0.43595,nan,nan,nan,nan
184,0.7022222222222222,221.0,175.0,18.0,0.8971428571428571,15.0,0.0,146.88244228458396,nan,nan,nan,nan,nan,0.2803333333333333,0.4356,nan,nan,nan,nan
185,0.6044444444444445,197.0,158.0,23.0,0.8544303797468354,15.0,0.0,123.28090509366992,nan,nan,nan,nan,nan,0.28104166666666663,0.43525,nan,nan,nan,nan
186,0.5733333333333334,167.0,135.0,7.0,0.9481481481481482,13.0,0.0,122.41873069047936,nan,nan,nan,nan,nan,0.28175,0.4349,nan,nan,nan,nan
187,0.6444444444444445,200.0,159.0,15.0,0.9056603773584906,15.0,0.0,135.1785206298828,nan,nan,nan,nan,nan,0.2824583333333333,0.43455,nan,nan,nan,nan
188,0.6133333333333333,186.0,152.0,15.0,0.9013157894736842,14.0,0.0,128.62375341701525,nan,nan,nan,nan,nan,0.2831666666666667,0.43420000000000003,nan,nan,nan,nan
189,0.5288888888888889,177.0,144.0,26.0,0.8194444444444444,14.0,0.0,105.69695774984352,nan,nan,nan,nan,nan,0.283875,0.43385,nan,nan,nan,nan
190,0.5911111111111111,171.0,140.0,8.0,0.9428571428571428,13.0,0.0,126.2506925935746,nan,nan,nan,nan,nan,0.2845833333333333,0.4335,nan,nan,nan,nan
191,0.6355555555555555,209.0,164.0,22.0,0.8658536585365854,16.0,0.0,130.70679609107975,nan,nan,nan,nan,nan,0.28529166666666667,0.43315000000000003,nan,nan,nan,nan
192,0.7022222222222222,218.0,174.0,17.0,0.9022988505747126,16.0,0.0,146.91431873273845,91.4112401008606,0.001400223933160305,180.618803024292,2.6334919035434723,5.049774312038124e-07,0.28600000000000003,0.4328,nan,nan,nan,nan
193,0.6444444444444445,196.0,156.0,12.0,0.9230769230769231,16.0,0.0,135.60342061424257,nan,nan,nan,nan,nan,0.28670833333333334,0.43245,nan,nan,nan,nan
194,0.6711111111111111,215.0,174.0,24.0,0.8620689655172413,16.0,0.0,137.9427118020058,nan,nan,nan,nan,nan,0.28741666666666665,0.4321,nan,nan,nan,nan
195,0.6133333333333333,195.0,152.0,15.0,0.9013157894736842,14.0,0.0,128.38735863065722,nan,nan,nan,nan,nan,0.28812499999999996,0.43175,nan,nan,nan,nan
196,0.6622222222222223,213.0,170.0,22.0,0.8705882352941177,16.0,0.0,136.58791677570343,nan,nan,nan,nan,nan,0.28883333333333333,0.4314,nan,nan,nan,nan
197,0.6,182.0,152.0,18.0,0.881578947368421,14.0,0.0,124.77963910484321,nan,nan,nan,nan,nan,0.28954166666666664,0.43105,nan,nan,nan,nan
198,0.5866666666666667,187.0,143.0,12.0,0.916083916083916,14.0,0.0,123.43911268091216,nan,nan,nan,nan,nan,0.29025,0.43069999999999997,nan,nan,nan,nan
199,0.6666666666666666,204.0,162.0,13.0,0.9197530864197531,16.0,0.0,140.3072497820854,nan,nan,nan,nan,nan,0.2909583333333333,0.43035,nan,nan,nan,nan
200,0.7066666666666667,209.0,169.0,11.0,0.9349112426035503,15.0,0.0,150.2378709917068,nan,nan,nan,nan,nan,0.29166666666666663,0.43,0.6984888888888888,0.6488888888888888,0.9488274976590451,0.0
201,0.6711111111111111,204.0,161.0,11.0,0.9316770186335404,16.0,0.0,141.89359916448595,nan,nan,nan,nan,nan,0.292375,0.42965,nan,nan,nan,nan
202,0.6622222222222223,201.0,160.0,12.0,0.925,15.0,0.0,139.89030703783035,nan,nan,nan,nan,nan,0.29308333333333336,0.4293,nan,nan,nan,nan
203,0.6355555555555555,193.0,154.0,12.0,0.922077922077922,14.0,0.0,134.6145006580353,nan,nan,nan,nan,nan,0.2937916666666667,0.42895,nan,nan,nan,nan
204,0.6133333333333333,197.0,153.0,16.0,0.8954248366013072,15.0,0.0,127.53287997388846,nan,nan,nan,nan,nan,0.2945,0.4286,nan,nan,nan,nan
205,0.7111111111111111,219.0,175.0,16.0,0.9085714285714286,16.0,0.0,149.295135605812,nan,nan,nan,nan,nan,0.2952083333333333,0.42825,nan,nan,nan,nan
206,0.7111111111111111,209.0,174.0,15.0,0.9137931034482759,16.0,0.0,149.72988187837595,nan,nan,nan,nan,nan,0.29591666666666666,0.4279,nan,nan,nan,nan
207,0.6933333333333334,197.0,161.0,6.0,0.9627329192546584,16.0,0.0,148.65684905147546,nan,nan,nan,nan,nan,0.29662499999999997,0.42755,nan,nan,nan,nan
208,0.6933333333333334,210.0,174.0,19.0,0.8908045977011494,16.0,0.0,144.59205236196507,109.37175273895264,0.000845759641379118,216.56137084960938,2.6441424787044525,1.1576207459285115e-06,0.29733333333333334,0.4272,nan,nan,nan,nan
209,0.6577777777777778,208.0,169.0,22.0,0.8698224852071006,16.0,0.0,135.64404980993277,nan,nan,nan,nan,nan,0.29804166666666665,0.42685,nan,nan,nan,nan
210,0.6666666666666666,210.0,168.0,19.0,0.8869047619047619,16.0,0.0,138.42518361425394,nan,nan,nan,nan,nan,0.29874999999999996,0.4265,nan,nan,nan,nan
211,0.64,210.0,161.0,18.0,0.8881987577639752,16.0,0.0,132.53759188699718,nan,nan,nan,nan,nan,0.2994583333333333,0.42615000000000003,nan,nan,nan,nan
212,0.6577777777777778,206.0,161.0,14.0,0.9130434782608695,15.0,0.0,138.3628960657119,nan,nan,nan,nan,nan,0.3001666666666667,0.4258,nan,nan,nan,nan
213,0.68,204.0,164.0,12.0,0.926829268292683,16.0,0.0,143.71009682130818,nan,nan,nan,nan,nan,0.300875,0.42545,nan,nan,nan,nan
214,0.6533333333333333,208.0,161.0,15.0,0.906832298136646,16.0,0.0,136.5495537080765,nan,nan,nan,nan,nan,0.3015833333333333,0.42510000000000003,nan,nan,nan,nan
215,0.6444444444444445,213.0,170.0,26.0,0.8470588235294118,16.0,0.0,130.9907454171181,nan,nan,nan,nan,nan,0.3022916666666666,0.42475,nan,nan,nan,nan
216,0.6577777777777778,210.0,168.0,21.0,0.875,16.0,0.0,135.98332071733472,nan,nan,nan,nan,nan,0.303,0.4244,nan,nan,nan,nan
217,0.6666666666666666,212.0,162.0,13.0,0.9197530864197531,16.0,0.0,140.1863135175706,nan,nan,nan,nan,nan,0.30370833333333336,0.42405000000000004,nan,nan,nan,nan
218,0.68,216.0,170.0,18.0,0.8941176470588236,16.0,0.0,141.82313300609582,nan,nan,nan,nan,nan,0.30441666666666667,0.4237,nan,nan,nan,nan
219,0.6311111111111111,206.0,160.0,19.0,0.88125,16.0,0.0,130.20954903602606,nan,nan,nan,nan,nan,0.305125,0.42335,nan,nan,nan,nan
220,0.5644444444444444,162.0,135.0,9.0,0.9333333333333333,13.0,0.0,120.09131972122195,nan,nan,nan,nan,nan,0.3058333333333333,0.423,nan,nan,nan,nan
221,0.7066666666666667,212.0,175.0,17.0,0.9028571428571428,15.0,0.0,148.47896407699588,nan,nan,nan,nan,nan,0.30654166666666666,0.42264999999999997,nan,nan,nan,nan
222,0.7066666666666667,214.0,176.0,18.0,0.8977272727272727,15.0,0.0,148.3263346614837,nan,nan,nan,nan,nan,0.30725,0.4223,nan,nan,nan,nan
223,0.6266666666666667,180.0,150.0,10.0,0.9333333333333333,14.0,0.0,133.34436334609987,nan,nan,nan,nan,nan,0.30795833333333333,0.42195,nan,nan,nan,nan
224,0.6044444444444445,178.0,148.0,13.0,0.9121621621621622,14.0,0.0,127.28776507186892,134.70352172851562,0.018451370764523745,267.2887725830078,2.559802234172821,2.108892690699804e-06,0.30866666666666664,0.4216,nan,nan,nan,nan
225,0.6933333333333334,214.0,172.0,17.0,0.9011627906976745,16.0,0.0,145.10895881795886,nan,nan,nan,nan,nan,0.30937499999999996,0.42125,nan,nan,nan,nan
226,0.6444444444444445,208.0,165.0,21.0,0.8727272727272727,16.0,0.0,133.05241418600082,nan,nan,nan,nan,nan,0.3100833333333333,0.4209,nan,nan,nan,nan
227,0.64,180.0,153.0,10.0,0.934640522875817,14.0,0.0,136.22825948190695,nan,nan,nan,nan,nan,0.3107916666666667,0.42055,nan,nan,nan,nan
228,0.6888888888888889,209.0,172.0,18.0,0.8953488372093024,15.0,0.0,144.18451210308072,nan,nan,nan,nan,nan,0.3115,0.4202,nan,nan,nan,nan
229,0.6933333333333334,202.0,167.0,12.0,0.9281437125748503,16.0,0.0,146.78665801477428,nan,nan,nan,nan,nan,0.3122083333333333,0.41985,nan,nan,nan,nan
230,0.6177777777777778,193.0,157.0,19.0,0.8789808917197452,15.0,0.0,127.96357534646998,nan,nan,nan,nan,nan,0.3129166666666667,0.4195,nan,nan,nan,nan
231,0.6444444444444445,212.0,163.0,19.0,0.8834355828220859,16.0,0.0,133.16291150045393,nan,nan,nan,nan,nan,0.313625,0.41915,nan,nan,nan,nan
232,0.6933333333333334,217.0,179.0,24.0,0.8659217877094972,16.0,0.0,142.34475237989423,nan,nan,nan,nan,nan,0.31433333333333335,0.4188,nan,nan,nan,nan
233,0.6755555555555556,206.0,170.0,19.0,0.888235294117647,15.0,0.0,140.83387789344783,nan,nan,nan,nan,nan,0.31504166666666666,0.41845,nan,nan,nan,nan
234,0.6577777777777778,203.0,164.0,17.0,0.8963414634146342,15.0,0.0,137.5521529598237,nan,nan,nan,nan,nan,0.31575,0.4181,nan,nan,nan,nan
235,0.6755555555555556,199.0,163.0,12.0,0.9263803680981595,16.0,0.0,142.85861004877071,nan,nan,nan,nan,nan,0.3164583333333333,0.41775,nan,nan,nan,nan
236,0.6311111111111111,178.0,150.0,9.0,0.94,14.0,0.0,134.67871998023995,nan,nan,nan,nan,nan,0.31716666666666665,0.4174,nan,nan,nan,nan
237,0.6977777777777778,211.0,171.0,15.0,0.9122807017543859,16.0,0.0,146.72069509983064,nan,nan,nan,nan,nan,0.317875,0.41705000000000003,nan,nan,nan,nan
238,0.6933333333333334,203.0,168.0,13.0,0.9226190476190477,15.0,0.0,146.70876947355274,nan,nan,nan,nan,nan,0.31858333333333333,0.4167,nan,nan,nan,nan
239,0.68,203.0,166.0,14.0,0.9156626506024096,16.0,0.0,143.16142423248297,nan,nan,nan,nan,nan,0.31929166666666664,0.41635,nan,nan,nan,nan
240,0.6666666666666666,203.0,162.0,13.0,0.9197530864197531,16.0,0.0,140.36344819307334,134.79530429840088,-0.030050349538214505,267.5419273376465,2.6281787157058716,3.456566819437512e-06,0.32,0.41600000000000004,nan,nan,nan,nan
241,0.6977777777777778,217.0,170.0,14.0,0.9176470588235294,16.0,0.0,146.8474934153557,nan,nan,nan,nan,nan,0.3207083333333333,0.41565,nan,nan,nan,nan
242,0.5866666666666667,176.0,143.0,12.0,0.916083916083916,14.0,0.0,123.62217395162584,nan,nan,nan,nan,nan,0.3214166666666667,0.4153,nan,nan,nan,nan
243,0.6622222222222223,212.0,165.0,17.0,0.896969696969697,16.0,0.0,138.03376327085488,nan,nan,nan,nan,nan,0.322125,0.41495000000000004,nan,nan,nan,nan
244,0.6133333333333333,179.0,146.0,9.0,0.9383561643835616,15.0,0.0,130.202240489483,nan,nan,nan,nan,nan,0.3228333333333333,0.4146,nan,nan,nan,nan
245,0.6755555555555556,211.0,172.0,21.0,0.877906976744186,16.0,0.0,139.87246468400943,nan,nan,nan,nan,nan,0.3235416666666666,0.41425,nan,nan,nan,nan
246,0.6444444444444445,188.0,153.0,9.0,0.9411764705882353,15.0,0.0,137.07235526418688,nan,nan,nan,nan,nan,0.32425,0.4139,nan,nan,nan,nan
247,0.6977777777777778,219.0,174.0,18.0,0.896551724137931,16.0,0.0,145.76405725002286,nan,nan,nan,nan,nan,0.32495833333333335,0.41355,nan,nan,nan,nan
248,0.7244444444444444,217.0,179.0,17.0,0.9050279329608939,16.0,0.0,151.92688767147055,nan,nan,nan,nan,nan,0.32566666666666666,0.4132,nan,nan,nan,nan
249,0.6888888888888889,217.0,176.0,22.0,0.875,16.0,0.0,142.4382602329255,nan,nan,nan,nan,nan,0.32637499999999997,0.41285,nan,nan,nan,nan
250,0.6666666666666666,218.0,172.0,23.0,0.8662790697674418,15.0,0.0,137.36184777593616,nan,nan,nan,nan,nan,0.32708333333333334,0.4125,nan,nan,nan,nan
251,0.7066666666666667,212.0,177.0,19.0,0.8926553672316384,16.0,0.0,147.61092097234712,nan,nan,nan,nan,nan,0.32779166666666665,0.41215,nan,nan,nan,nan
252,0.64,207.0,162.0,19.0,0.8827160493827161,16.0,0.0,132.46108858966838,nan,nan,nan,nan,nan,0.3285,0.4118,nan,nan,nan,nan
253,0.6444444444444445,186.0,158.0,14.0,0.9113924050632911,15.0,0.0,135.6944010725021,nan,nan,nan,nan,nan,0.3292083333333333,0.41145,nan,nan,nan,nan
254,0.7111111111111111,220.0,176.0,17.0,0.9034090909090909,16.0,0.0,148.8382302007675,nan,nan,nan,nan,nan,0.32991666666666664,0.4111,nan,nan,nan,nan
255,0.6622222222222223,201.0,163.0,15.0,0.9079754601226994,16.0,0.0,138.92233622932434,nan,nan,nan,nan,nan,0.33062499999999995,0.41075,nan,nan,nan,nan
256,0.7022222222222222,211.0,169.0,12.0,0.9289940828402367,16.0,0.0,148.68479915189747,144.8066291809082,0.007791166892275214,287.5430088043213,2.59726482629776,3.204658557365292e-05,0.33133333333333337,0.4104,nan,nan,nan,nan
257,0.6355555555555555,202.0,166.0,24.0,0.8554216867469879,16.0,0.0,129.9377662849426,nan,nan,nan,nan,nan,0.3320416666666667,0.41005,nan,nan,nan,nan
258,0.6666666666666666,213.0,166.0,17.0,0.8975903614457831,16.0,0.0,139.02930802869795,nan,nan,nan,nan,nan,0.33275,0.4097,nan,nan,nan,nan
259,0.7155555555555555,216.0,172.0,12.0,0.9302325581395349,16.0,0.0,151.41224941873557,nan,nan,nan,nan,nan,0.3334583333333333,0.40935,nan,nan,nan,nan
260,0.6533333333333333,192.0,154.0,8.0,0.948051948051948,15.0,0.0,139.42849216651925,nan,nan,nan,nan,nan,0.33416666666666667,0.40900000000000003,nan,nan,nan,nan
261,0.6844444444444444,210.0,166.0,13.0,0.9216867469879518,16.0,0.0,144.27457208204268,nan,nan,nan,nan,nan,0.334875,0.40865,nan,nan,nan,nan
262,0.6088888888888889,198.0,156.0,20.0,0.8717948717948718,16.0,0.0,124.80813566637045,nan,nan,nan,nan,nan,0.33558333333333334,0.4083,nan,nan,nan,nan
263,0.6444444444444445,207.0,167.0,23.0,0.8622754491017964,16.0,0.0,132.04442679929733,nan,nan,nan,nan,nan,0.33629166666666666,0.40795000000000003,nan,nan,nan,nan
264,0.5955555555555555,183.0,144.0,11.0,0.9236111111111112,14.0,0.0,125.3536137576103,nan,nan,nan,nan,nan,0.33699999999999997,0.4076,nan,nan,nan,nan
265,0.68,215.0,166.0,14.0,0.9156626506024096,16.0,0.0,142.48127804946895,nan,nan,nan,nan,nan,0.3377083333333333,0.40725,nan,nan,nan,nan
266,0.6977777777777778,214.0,175.0,19.0,0.8914285714285715,16.0,0.0,145.31069261932387,nan,nan,nan,nan,nan,0.3384166666666667,0.4069,nan,nan,nan,nan
267,0.6355555555555555,201.0,160.0,18.0,0.8875,16.0,0.0,131.5027558522224,nan,nan,nan,nan,nan,0.339125,0.40654999999999997,nan,nan,nan,nan
268,0.5777777777777777,176.0,144.0,15.0,0.8958333333333334,14.0,0.0,120.77661205482488,nan,nan,nan,nan,nan,0.3398333333333333,0.4062,nan,nan,nan,nan
269,0.64,206.0,163.0,20.0,0.8773006134969326,16.0,0.0,132.1885020103456,nan,nan,nan,nan,nan,0.34054166666666663,0.40585,nan,nan,nan,nan
270,0.64,198.0,154.0,11.0,0.9285714285714286,15.0,0.0,135.3586850562096,nan,nan,nan,nan,nan,0.34125,0.40549999999999997,nan,nan,nan,nan
271,0.5466666666666666,159.0,131.0,9.0,0.9312977099236641,12.0,0.0,116.45420381069191,nan,nan,nan,nan,nan,0.3419583333333333,0.40515,nan,nan,nan,nan
272,0.6577777777777778,212.0,165.0,18.0,0.8909090909090909,16.0,0.0,136.4126597442627,124.34680843353271,-0.0019112459267489612,246.64494514465332,2.6311716437339783,0.000396736598759162,0.3426666666666667,0.4048,nan,nan,nan,nan
273,0.6755555555555556,212.0,173.0,22.0,0.8728323699421965,16.0,0.0,139.65216093254082,nan,nan,nan,nan,nan,0.343375,0.40445,nan,nan,nan,nan
274,0.68,201.0,163.0,11.0,0.9325153374233128,16.0,0.0,144.06977131366722,nan,nan,nan,nan,nan,0.3440833333333333,0.4041,nan,nan,nan,nan
275,0.64,221.0,167.0,24.0,0.8562874251497006,16.0,0.0,130.7245758666992,nan,nan,nan,nan,nan,0.3447916666666666,0.40375,nan,nan,nan,nan
276,0.6577777777777778,212.0,165.0,18.0,0.8909090909090909,15.0,0.0,136.94772586917873,nan,nan,nan,nan,nan,0.34550000000000003,0.4034,nan,nan,nan,nan
277,0.6844444444444444,206.0,168.0,15.0,0.9107142857142857,16.0,0.0,143.92890161800383,nan,nan,nan,nan,nan,0.34620833333333334,0.40305,nan,nan,nan,nan
278,0.6577777777777778,210.0,166.0,19.0,0.8855421686746988,16.0,0.0,136.39370739030838,nan,nan,nan,nan,nan,0.34691666666666665,0.4027,nan,nan,nan,nan
279,0.6622222222222223,198.0,158.0,10.0,0.9367088607594937,16.0,0.0,140.3941629867555,nan,nan,nan,nan,nan,0.34762499999999996,0.40235,nan,nan,nan,nan
280,0.5777777777777777,178.0,144.0,15.0,0.8958333333333334,14.0,0.0,120.54934061717998,nan,nan,nan,nan,nan,0.34833333333333333,0.402,nan,nan,nan,nan
281,0.6977777777777778,228.0,176.0,20.0,0.8863636363636364,16.0,0.0,145.05296836090085,nan,nan,nan,nan,nan,0.34904166666666664,0.40165,nan,nan,nan,nan
282,0.6755555555555556,212.0,167.0,16.0,0.9041916167664671,15.0,0.0,141.58491164922708,nan,nan,nan,nan,nan,0.34975,0.4013,nan,nan,nan,nan
283,0.6577777777777778,200.0,166.0,19.0,0.8855421686746988,16.0,0.0,136.70785009574882,nan,nan,nan,nan,nan,0.3504583333333333,0.40095000000000003,nan,nan,nan,nan
284,0.6977777777777778,218.0,173.0,17.0,0.9017341040462428,16.0,0.0,145.89835112094877,nan,nan,nan,nan,nan,0.3511666666666666,0.4006,nan,nan,nan,nan
285,0.64,206.0,160.0,17.0,0.89375,15.0,0.0,133.50717980003358,nan,nan,nan,nan,nan,0.351875,0.40025,nan,nan,nan,nan
286,0.68,208.0,169.0,17.0,0.8994082840236687,16.0,0.0,141.91163198137284,nan,nan,nan,nan,nan,0.35258333333333336,0.39990000000000003,nan,nan,nan,nan
287,0.6888888888888889,219.0,168.0,14.0,0.9166666666666666,16.0,0.0,144.86953167343142,nan,nan,nan,nan,nan,0.35329166666666667,0.39955,nan,nan,nan,nan
288,0.68,212.0,170.0,18.0,0.8941176470588236,16.0,0.0,141.96332981681832,99.9037561416626,-0.007486649556085467,197.81922721862793,2.6063162088394165,0.00043116224605910247,0.354,0.3992,nan,nan,nan,nan
289,0.6488888888888888,203.0,160.0,15.0,0.90625,16.0,0.0,135.53141390609744,nan,nan,nan,nan,nan,0.3547083333333333,0.39885000000000004,nan,nan,nan,nan
290,0.6666666666666666,209.0,163.0,14.0,0.9141104294478528,16.0,0.0,139.86439746046068,nan,nan,nan,nan,nan,0.35541666666666666,0.3985,nan,nan,nan,nan
291,0.6844444444444444,214.0,179.0,26.0,0.8547486033519553,16.0,0.0,140.58767483520504,nan,nan,nan,nan,nan,0.356125,0.39815,nan,nan,nan,nan
292,0.6355555555555555,203.0,160.0,18.0,0.8875,16.0,0.0,131.630658941269,nan,nan,nan,nan,nan,0.35683333333333334,0.39780000000000004,nan,nan,nan,nan
293,0.6977777777777778,209.0,170.0,14.0,0.9176470588235294,16.0,0.0,147.19228256368632,nan,nan,nan,nan,nan,0.35754166666666665,0.39745,nan,nan,nan,nan
294,0.6755555555555556,207.0,168.0,17.0,0.8988095238095238,16.0,0.0,140.99322851037965,nan,nan,nan,nan,nan,0.35824999999999996,0.3971,nan,nan,nan,nan
295,0.6222222222222222,187.0,148.0,9.0,0.9391891891891891,14.0,0.0,132.43333846807482,nan,nan,nan,nan,nan,0.3589583333333333,0.39675,nan,nan,nan,nan
296,0.5777777777777777,173.0,138.0,9.0,0.9347826086956522,12.0,0.0,123.25125776052477,nan,nan,nan,nan,nan,0.3596666666666667,0.39640000000000003,nan,nan,nan,nan
297,0.6933333333333334,202.0,167.0,12.0,0.9281437125748503,16.0,0.0,146.55459716415393,nan,nan,nan,nan,nan,0.360375,0.39605,nan,nan,nan,nan
298,0.6088888888888889,190.0,149.0,13.0,0.912751677852349,15.0,0.0,127.48292623853693,nan,nan,nan,nan,nan,0.3610833333333333,0.3957,nan,nan,nan,nan
299,0.6488888888888888,209.0,164.0,19.0,0.8841463414634146,16.0,0.0,134.45934233427045,nan,nan,nan,nan,nan,0.3617916666666666,0.39535,nan,nan,nan,nan
300,0.5822222222222222,174.0,142.0,12.0,0.9154929577464789,14.0,0.0,122.63597001504905,nan,nan,nan,nan,nan,0.3625,0.395,0.6977777777777777,0.6462222222222221,0.9491347450787306,0.0
301,0.6933333333333334,221.0,168.0,13.0,0.9226190476190477,16.0,0.0,146.0628687000273,nan,nan,nan,nan,nan,0.36320833333333336,0.39465,nan,nan,nan,nan
302,0.6222222222222222,181.0,151.0,12.0,0.9205298013245033,14.0,0.0,131.61330809640893,nan,nan,nan,nan,nan,0.36391666666666667,0.3943,nan,nan,nan,nan
303,0.6355555555555555,212.0,167.0,25.0,0.8502994011976048,16.0,0.0,129.10233218574533,nan,nan,nan,nan,nan,0.364625,0.39395,nan,nan,nan,nan
304,0.64,202.0,158.0,15.0,0.9050632911392406,15.0,0.0,134.1536682839395,81.62923097610474,-0.012901450041681528,161.28689575195312,2.637278228998184,0.000312176000988984,0.36533333333333334,0.3936,nan,nan,nan,nan
305,0.6,186.0,150.0,16.0,0.8933333333333333,15.0,0.0,124.81676123952867,nan,nan,nan,nan,nan,0.36604166666666665,0.39325,nan,nan,nan,nan
306,0.7155555555555555,223.0,176.0,16.0,0.9090909090909091,16.0,0.0,150.25167003250118,nan,nan,nan,nan,nan,0.36675,0.3929,nan,nan,nan,nan
307,0.6,188.0,151.0,17.0,0.8874172185430463,13.0,0.0,125.30745932245259,nan,nan,nan,nan,nan,0.36745833333333333,0.39255,nan,nan,nan,nan
308,0.6355555555555555,199.0,162.0,20.0,0.8765432098765432,16.0,0.0,131.2020692343712,nan,nan,nan,nan,nan,0.36816666666666664,0.3922,nan,nan,nan,nan
309,0.6533333333333333,190.0,152.0,6.0,0.9605263157894737,14.0,0.0,140.34380483627316,nan,nan,nan,nan,nan,0.36887499999999995,0.39185000000000003,nan,nan,nan,nan
310,0.6888888888888889,212.0,175.0,21.0,0.88,16.0,0.0,142.98467486286162,nan,nan,nan,nan,nan,0.3695833333333334,0.3915,nan,nan,nan,nan
311,0.7022222222222222,205.0,170.0,13.0,0.9235294117647059,16.0,0.0,148.32384860610958,nan,nan,nan,nan,nan,0.3702916666666667,0.39115,nan,nan,nan,nan
312,0.6755555555555556,214.0,162.0,11.0,0.9320987654320988,16.0,0.0,142.6609716391563,nan,nan,nan,nan,nan,0.371,0.39080000000000004,nan,nan,nan,nan
313,0.7111111111111111,197.0,174.0,15.0,0.9137931034482759,16.0,0.0,150.1548866977691,nan,nan,nan,nan,nan,0.3717083333333333,0.39045,nan,nan,nan,nan
314,0.6577777777777778,214.0,165.0,18.0,0.8909090909090909,16.0,0.0,136.61950465106963,nan,nan,nan,nan,nan,0.3724166666666666,0.3901,nan,nan,nan,nan
315,0.6488888888888888,219.0,173.0,28.0,0.838150289017341,16.0,0.0,131.02336073398587,nan,nan,nan,nan,nan,0.373125,0.38975000000000004,nan,nan,nan,nan
316,0.6933333333333334,209.0,168.0,13.0,0.9226190476190477,16.0,0.0,146.40070047950744,nan,nan,nan,nan,nan,0.3738333333333333,0.3894,nan,nan,nan,nan
317,0.6933333333333334,211.0,171.0,16.0,0.9064327485380117,16.0,0.0,145.51522769212716,nan,nan,nan,nan,nan,0.37454166666666666,0.38905,nan,nan,nan,nan
318,0.6844444444444444,210.0,172.0,19.0,0.8895348837209303,16.0,0.0,142.4710484409332,nan,nan,nan,nan,nan,0.37525,0.3887,nan,nan,nan,nan
319,0.6177777777777778,203.0,157.0,19.0,0.8789808917197452,16.0,0.0,127.56658368587499,nan,nan,nan,nan,nan,0.3759583333333333,0.38835,nan,nan,nan,nan
320,0.6044444444444445,199.0,153.0,18.0,0.8823529411764706,15.0,0.0,124.74787718963628,75.20345497131348,0.003962918417528272,148.4497241973877,2.6125471889972687,0.00018734589639279875,0.37666666666666665,0.388,nan,nan,nan,nan
321,0.64,204.0,157.0,14.0,0.910828025477707,16.0,0.0,133.87580447244642,nan,nan,nan,nan,nan,0.377375,0.38765,nan,nan,nan,nan
322,0.6444444444444445,189.0,156.0,12.0,0.9230769230769231,14.0,0.0,136.51433946418766,nan,nan,nan,nan,nan,0.3780833333333333,0.3873,nan,nan,nan,nan
323,0.64,217.0,164.0,21.0,0.8719512195121951,16.0,0.0,131.74229802608497,nan,nan,nan,nan,nan,0.37879166666666664,0.38695,nan,nan,nan,nan
324,0.6266666666666667,207.0,160.0,20.0,0.875,16.0,0.0,129.05275047969815,nan,nan,nan,nan,nan,0.3795,0.3866,nan,nan,nan,nan
325,0.6488888888888888,191.0,161.0,16.0,0.9006211180124224,15.0,0.0,136.06223337364202,nan,nan,nan,nan,nan,0.3802083333333333,0.38625,nan,nan,nan,nan
326,0.64,197.0,161.0,18.0,0.8881987577639752,15.0,0.0,133.1353212280273,nan,nan,nan,nan,nan,0.3809166666666667,0.3859,nan,nan,nan,nan
327,0.6755555555555556,203.0,166.0,15.0,0.9096385542168675,16.0,0.0,141.8563583917617,nan,nan,nan,nan,nan,0.381625,0.38555,nan,nan,nan,nan
328,0.6577777777777778,209.0,168.0,21.0,0.875,16.0,0.0,135.7610998282432,nan,nan,nan,nan,nan,0.3823333333333333,0.3852,nan,nan,nan,nan
329,0.6844444444444444,209.0,167.0,14.0,0.9161676646706587,16.0,0.0,143.92822989559178,nan,nan,nan,nan,nan,0.38304166666666667,0.38485,nan,nan,nan,nan
330,0.68,211.0,168.0,16.0,0.9047619047619048,16.0,0.0,142.47038442134854,nan,nan,nan,nan,nan,0.38375000000000004,0.3845,nan,nan,nan,nan
331,0.6488888888888888,209.0,166.0,21.0,0.8734939759036144,16.0,0.0,134.05143916940693,nan,nan,nan,nan,nan,0.38445833333333335,0.38415,nan,nan,nan,nan
332,0.64,190.0,153.0,10.0,0.934640522875817,14.0,0.0,135.92302101707463,nan,nan,nan,nan,nan,0.38516666666666666,0.38380000000000003,nan,nan,nan,nan
333,0.6844444444444444,213.0,165.0,12.0,0.9272727272727272,16.0,0.0,144.51400045728684,nan,nan,nan,nan,nan,0.38587499999999997,0.38345,nan,nan,nan,nan
334,0.6622222222222223,202.0,162.0,14.0,0.9135802469135802,16.0,0.0,139.1172279644014,nan,nan,nan,nan,nan,0.3865833333333333,0.3831,nan,nan,nan,nan
335,0.6177777777777778,203.0,161.0,23.0,0.8571428571428571,16.0,0.0,126.3061885166168,nan,nan,nan,nan,nan,0.3872916666666667,0.38275000000000003,nan,nan,nan,nan
336,0.6888888888888889,206.0,167.0,13.0,0.9221556886227545,16.0,0.0,145.51421204566955,60.312973499298096,0.015476365631911904,118.70556735992432,2.572026699781418,5.646229124067759e-05,0.388,0.3824,nan,nan,nan,nan
337,0.5955555555555555,185.0,146.0,13.0,0.910958904109589,15.0,0.0,124.83206948614125,nan,nan,nan,nan,nan,0.3887083333333333,0.38205,nan,nan,nan,nan
338,0.6666666666666666,219.0,167.0,18.0,0.8922155688622755,16.0,0.0,138.71480778074266,nan,nan,nan,nan,nan,0.38941666666666663,0.3817,nan,nan,nan,nan
339,0.6311111111111111,207.0,160.0,19.0,0.88125,16.0,0.0,130.27212950325017,nan,nan,nan,nan,nan,0.39012499999999994,0.38134999999999997,nan,nan,nan,nan
340,0.6355555555555555,180.0,148.0,6.0,0.9594594594594594,14.0,0.0,136.43495340776443,nan,nan,nan,nan,nan,0.3908333333333333,0.381,nan,nan,nan,nan
341,0.6755555555555556,207.0,168.0,17.0,0.8988095238095238,16.0,0.0,141.14610682535172,nan,nan,nan,nan,nan,0.3915416666666667,0.38065,nan,nan,nan,nan
342,0.6088888888888889,197.0,152.0,16.0,0.8947368421052632,15.0,0.0,126.32193041706097,nan,nan,nan,nan,nan,0.39225,0.38029999999999997,nan,nan,nan,nan
343,0.6755555555555556,224.0,169.0,18.0,0.893491124260355,16.0,0.0,140.49234416055674,nan,nan,nan,nan,nan,0.3929583333333333,0.37995,nan,nan,nan,nan
344,0.6933333333333334,218.0,173.0,18.0,0.8959537572254336,16.0,0.0,144.51851470994944,nan,nan,nan,nan,nan,0.39366666666666666,0.37960000000000005,nan,nan,nan,nan
345,0.6755555555555556,209.0,168.0,17.0,0.8988095238095238,16.0,0.0,141.11994947051994,nan,nan,nan,nan,nan,0.394375,0.37925000000000003,nan,nan,nan,nan
346,0.6355555555555555,194.0,160.0,18.0,0.8875,16.0,0.0,131.92265853118894,nan,nan,nan,nan,nan,0.39508333333333334,0.3789,nan,nan,nan,nan
347,0.6711111111111111,200.0,160.0,10.0,0.9375,16.0,0.0,142.31403890991206,nan,nan,nan,nan,nan,0.39579166666666665,0.37855,nan,nan,nan,nan
348,0.6355555555555555,190.0,156.0,14.0,0.9102564102564102,14.0,0.0,133.87315247488038,nan,nan,nan,nan,nan,0.39649999999999996,0.37820000000000004,nan,nan,nan,nan
349,0.6222222222222222,176.0,145.0,6.0,0.9586206896551724,14.0,0.0,133.45109410142913,nan,nan,nan,nan,nan,0.39720833333333333,0.37785,nan,nan,nan,nan
350,0.6088888888888889,191.0,149.0,13.0,0.912751677852349,15.0,0.0,127.76997954177864,nan,nan,nan,nan,nan,0.3979166666666667,0.3775,nan,nan,nan,nan
351,0.56,176.0,139.0,14.0,0.8992805755395683,14.0,0.0,116.4814630188942,nan,nan,nan,nan,nan,0.398625,0.37715,nan,nan,nan,nan
352,0.6311111111111111,205.0,164.0,23.0,0.8597560975609756,16.0,0.0,129.36178588485717,68.70221757888794,0.04910914186621085,135.39318752288818,2.644045054912567,5.465868753162795e-05,0.3993333333333333,0.3768,nan,nan,nan,nan
353,0.6622222222222223,204.0,166.0,18.0,0.891566265060241,16.0,0.0,137.94443312501903,nan,nan,nan,nan,nan,0.40004166666666663,0.37645,nan,nan,nan,nan
354,0.6666666666666666,214.0,170.0,21.0,0.8764705882352941,16.0,0.0,137.95936246919635,nan,nan,nan,nan,nan,0.40074999999999994,0.3761,nan,nan,nan,nan
355,0.6044444444444445,182.0,143.0,8.0,0.9440559440559441,14.0,0.0,128.81497351789474,nan,nan,nan,nan,nan,0.40145833333333336,0.37575000000000003,nan,nan,nan,nan
356,0.6577777777777778,220.0,166.0,19.0,0.8855421686746988,16.0,0.0,136.36941346168513,nan,nan,nan,nan,nan,0.4021666666666667,0.3754,nan,nan,nan,nan
357,0.6622222222222223,214.0,171.0,23.0,0.8654970760233918,16.0,0.0,136.23243566799167,nan,nan,nan,nan,nan,0.402875,0.37505,nan,nan,nan,nan
358,0.7022222222222222,210.0,169.0,12.0,0.9289940828402367,16.0,0.0,148.77919938468926,nan,nan,nan,nan,nan,0.4035833333333333,0.37470000000000003,nan,nan,nan,nan
359,0.6444444444444445,204.0,164.0,20.0,0.8780487804878049,15.0,0.0,133.47404227161405,nan,nan,nan,nan,nan,0.4042916666666667,0.37435,nan,nan,nan,nan
360,0.6622222222222223,213.0,168.0,20.0,0.8809523809523809,16.0,0.0,137.16317936468113,nan,nan,nan,nan,nan,0.405,0.374,nan,nan,nan,nan
361,0.6888888888888889,208.0,169.0,15.0,0.9112426035502958,16.0,0.0,144.83117148542402,nan,nan,nan,nan,nan,0.40570833333333334,0.37365000000000004,nan,nan,nan,nan
362,0.6755555555555556,210.0,174.0,23.0,0.867816091954023,16.0,0.0,139.0796556959152,nan,nan,nan,nan,nan,0.40641666666666665,0.3733,nan,nan,nan,nan
363,0.6533333333333333,208.0,164.0,18.0,0.8902439024390244,15.0,0.0,136.2591124629975,nan,nan,nan,nan,nan,0.40712499999999996,0.37295,nan,nan,nan,nan
364,0.6577777777777778,202.0,165.0,18.0,0.8909090909090909,15.0,0.0,137.43765937614447,nan,nan,nan,nan,nan,0.4078333333333334,0.37260000000000004,nan,nan,nan,nan
365,0.6933333333333334,209.0,169.0,14.0,0.9171597633136095,16.0,0.0,146.19828066158286,nan,nan,nan,nan,nan,0.4085416666666666,0.37224999999999997,nan,nan,nan,nan
366,0.6488888888888888,196.0,159.0,14.0,0.9119496855345912,15.0,0.0,136.55764116525646,nan,nan,nan,nan,nan,0.40925,0.3719,nan,nan,nan,nan
367,0.6666666666666666,208.0,167.0,18.0,0.8922155688622755,16.0,0.0,138.5793812193871,nan,nan,nan,nan,nan,0.4099583333333333,0.37155000000000005,nan,nan,nan,nan
368,0.6488888888888888,196.0,161.0,16.0,0.9006211180124224,16.0,0.0,135.55203456258766,54.880714416503906,-0.006604494643397629,107.91454219818115,2.6105644702911377,6.880786122565041e-05,0.4106666666666666,0.3712,nan,nan,nan,nan
369,0.6266666666666667,207.0,165.0,25.0,0.8484848484848485,16.0,0.0,127.38193237257005,nan,nan,nan,nan,nan,0.41137499999999994,0.37085,nan,nan,nan,nan
370,0.6711111111111111,204.0,167.0,17.0,0.8982035928143712,16.0,0.0,140.0995693044662,nan,nan,nan,nan,nan,0.41208333333333336,0.3705,nan,nan,nan,nan
371,0.6177777777777778,211.0,163.0,25.0,0.8466257668711656,16.0,0.0,125.52164400196075,nan,nan,nan,nan,nan,0.41279166666666667,0.37015,nan,nan,nan,nan
372,0.6088888888888889,188.0,152.0,16.0,0.8947368421052632,15.0,0.0,127.05822221708303,nan,nan,nan,nan,nan,0.4135,0.3698,nan,nan,nan,nan
373,0.6666666666666666,200.0,163.0,14.0,0.9141104294478528,15.0,0.0,140.5572803359032,nan,nan,nan,nan,nan,0.4142083333333333,0.36945,nan,nan,nan,nan
374,0.6933333333333334,201.0,169.0,14.0,0.9171597633136095,16.0,0.0,146.07250684976586,nan,nan,nan,nan,nan,0.4149166666666666,0.3691,nan,nan,nan,nan
375,0.5955555555555555,196.0,151.0,18.0,0.8807947019867549,16.0,0.0,122.76338963842402,nan,nan,nan,nan,nan,0.415625,0.36875,nan,nan,nan,nan
376,0.6355555555555555,205.0,158.0,16.0,0.8987341772151899,16.0,0.0,132.17237182903284,nan,nan,nan,nan,nan,0.41633333333333333,0.3684,nan,nan,nan,nan
377,0.6844444444444444,213.0,175.0,22.0,0.8742857142857143,16.0,0.0,141.6129871139526,nan,nan,nan,nan,nan,0.41704166666666664,0.36805,nan,nan,nan,nan
378,0.6977777777777778,215.0,171.0,15.0,0.9122807017543859,16.0,0.0,146.6795127210617,nan,nan,nan,nan,nan,0.41774999999999995,0.3677,nan,nan,nan,nan
379,0.6488888888888888,202.0,162.0,17.0,0.8950617283950617,16.0,0.0,135.0520790963173,nan,nan,nan,nan,nan,0.4184583333333334,0.36735,nan,nan,nan,nan
380,0.64,205.0,159.0,16.0,0.89937106918239,16.0,0.0,133.18250695133216,nan,nan,nan,nan,nan,0.4191666666666667,0.367,nan,nan,nan,nan
381,0.6844444444444444,205.0,165.0,12.0,0.9272727272727272,16.0,0.0,144.5557278289794,nan,nan,nan,nan,nan,0.419875,0.36665000000000003,nan,nan,nan,nan
382,0.6622222222222223,208.0,170.0,22.0,0.8705882352941177,16.0,0.0,136.50217237758628,nan,nan,nan,nan,nan,0.4205833333333333,0.3663,nan,nan,nan,nan
383,0.6755555555555556,216.0,174.0,23.0,0.867816091954023,16.0,0.0,139.14551644277577,nan,nan,nan,nan,nan,0.4212916666666666,0.36595,nan,nan,nan,nan
384,0.6666666666666666,207.0,167.0,18.0,0.8922155688622755,16.0,0.0,138.59274154043186,44.64421987533569,0.0004942668601870537,87.5097484588623,2.5359549522399902,1.50372089819939e-05,0.42200000000000004,0.36560000000000004,nan,nan,nan,nan
385,0.6355555555555555,207.0,159.0,17.0,0.8930817610062893,16.0,0.0,132.01815925025952,nan,nan,nan,nan,nan,0.42270833333333335,0.36525,nan,nan,nan,nan
386,0.6,186.0,148.0,14.0,0.9054054054054054,13.0,0.0,126.16581121873863,nan,nan,nan,nan,nan,0.42341666666666666,0.3649,nan,nan,nan,nan
387,0.6622222222222223,195.0,163.0,15.0,0.9079754601226994,15.0,0.0,139.31798879861836,nan,nan,nan,nan,nan,0.424125,0.36455000000000004,nan,nan,nan,nan
388,0.6977777777777778,208.0,169.0,13.0,0.9230769230769231,16.0,0.0,147.43275739145287,nan,nan,nan,nan,nan,0.4248333333333333,0.36419999999999997,nan,nan,nan,nan
389,0.6444444444444445,212.0,165.0,21.0,0.8727272727272727,16.0,0.0,132.67430139493953,nan,nan,nan,nan,nan,0.4255416666666666,0.36385,nan,nan,nan,nan
390,0.6444444444444445,212.0,166.0,22.0,0.8674698795180723,15.0,0.0,132.5826091790199,nan,nan,nan,nan,nan,0.42625,0.36350000000000005,nan,nan,nan,nan
391,0.6533333333333333,201.0,162.0,16.0,0.9012345679012346,16.0,0.0,136.4537249364854,nan,nan,nan,nan,nan,0.42695833333333333,0.36315,nan,nan,nan,nan
392,0.6266666666666667,187.0,153.0,13.0,0.9150326797385621,15.0,0.0,131.9028975286483,nan,nan,nan,nan,nan,0.42766666666666664,0.3628,nan,nan,nan,nan
393,0.6755555555555556,210.0,174.0,23.0,0.867816091954023,16.0,0.0,139.55911833047853,nan,nan,nan,nan,nan,0.42837499999999995,0.36245,nan,nan,nan,nan
394,0.5911111111111111,198.0,152.0,20.0,0.868421052631579,16.0,0.0,121.06770386981978,nan,nan,nan,nan,nan,0.42908333333333326,0.3621,nan,nan,nan,nan
395,0.5644444444444444,162.0,134.0,8.0,0.9402985074626866,12.0,0.0,120.77202606582648,nan,nan,nan,nan,nan,0.4297916666666667,0.36175,nan,nan,nan,nan
396,0.6444444444444445,206.0,167.0,23.0,0.8622754491017964,16.0,0.0,132.26978186130535,nan,nan,nan,nan,nan,0.4305,0.3614,nan,nan,nan,nan
397,0.6711111111111111,204.0,167.0,17.0,0.8982035928143712,16.0,0.0,140.25707544755943,nan,nan,nan,nan,nan,0.4312083333333333,0.36105,nan,nan,nan,nan
398,0.6533333333333333,196.0,162.0,16.0,0.9012345679012346,15.0,0.0,136.92413046455374,nan,nan,nan,nan,nan,0.4319166666666666,0.3607,nan,nan,nan,nan
399,0.6711111111111111,210.0,169.0,19.0,0.8875739644970414,16.0,0.0,139.52341769266133,nan,nan,nan,nan,nan,0.43262500000000004,0.36035,nan,nan,nan,nan
400,0.6177777777777778,187.0,146.0,8.0,0.9452054794520548,14.0,0.0,131.4633419256211,37.44026184082031,0.01609488803660497,73.03891181945801,2.623075634241104,4.8812299837663886e-05,0.43333333333333335,0.36,0.689688888888889,0.6382222222222222,0.9417073270651288,0.0
401,0.5733333333333334,157.0,130.0,2.0,0.9846153846153847,12.0,0.0,124.58918708515179,nan,nan,nan,nan,nan,0.43404166666666666,0.35965,nan,nan,nan,nan
402,0.6977777777777778,215.0,166.0,10.0,0.9397590361445783,15.0,0.0,148.4774799218177,nan,nan,nan,nan,nan,0.43474999999999997,0.3593,nan,nan,nan,nan
403,0.6355555555555555,208.0,166.0,24.0,0.8554216867469879,16.0,0.0,129.92887262964254,nan,nan,nan,nan,nan,0.4354583333333333,0.35895,nan,nan,nan,nan
404,0.68,215.0,175.0,23.0,0.8685714285714285,16.0,0.0,140.25349134492873,nan,nan,nan,nan,nan,0.4361666666666667,0.35860000000000003,nan,nan,nan,nan
405,0.6844444444444444,213.0,172.0,19.0,0.8895348837209303,16.0,0.0,142.5180135178565,nan,nan,nan,nan,nan,0.436875,0.35825,nan,nan,nan,nan
406,0.6488888888888888,189.0,160.0,15.0,0.90625,14.0,0.0,136.7603981719017,nan,nan,nan,nan,nan,0.4375833333333333,0.3579,nan,nan,nan,nan
407,0.6844444444444444,216.0,169.0,16.0,0.9053254437869822,16.0,0.0,143.33143457698824,nan,nan,nan,nan,nan,0.43829166666666663,0.35755000000000003,nan,nan,nan,nan
408,0.6533333333333333,202.0,161.0,15.0,0.906832298136646,16.0,0.0,136.80108908224096,nan,nan,nan,nan,nan,0.43900000000000006,0.3572,nan,nan,nan,nan
409,0.7155555555555555,212.0,174.0,14.0,0.9195402298850575,16.0,0.0,151.22306528854358,nan,nan,nan,nan,nan,0.43970833333333326,0.35685,nan,nan,nan,nan
410,0.6977777777777778,210.0,169.0,13.0,0.9230769230769231,16.0,0.0,147.4777185859679,nan,nan,nan,nan,nan,0.4404166666666667,0.35650000000000004,nan,nan,nan,nan
411,0.6577777777777778,210.0,164.0,17.0,0.8963414634146342,15.0,0.0,137.60889187145239,nan,nan,nan,nan,nan,0.441125,0.35615,nan,nan,nan,nan
412,0.6888888888888889,212.0,170.0,16.0,0.9058823529411765,16.0,0.0,144.32787186908715,nan,nan,nan,nan,nan,0.4418333333333333,0.3558,nan,nan,nan,nan
413,0.5733333333333334,185.0,142.0,14.0,0.9014084507042254,14.0,0.0,119.70369574022295,nan,nan,nan,nan,nan,0.4425416666666666,0.35545000000000004,nan,nan,nan,nan
414,0.6044444444444445,193.0,157.0,22.0,0.8598726114649682,14.0,0.0,124.33138522911075,nan,nan,nan,nan,nan,0.4432499999999999,0.3551,nan,nan,nan,nan
415,0.6222222222222222,202.0,155.0,16.0,0.896774193548387,15.0,0.0,129.7284873251915,nan,nan,nan,nan,nan,0.44395833333333334,0.35475,nan,nan,nan,nan
416,0.64,212.0,164.0,21.0,0.8719512195121951,16.0,0.0,131.01335830926897,39.86662673950195,-0.012950976262800395,77.99916458129883,2.5927227437496185,3.9184412003123725e-05,0.44466666666666665,0.35440000000000005,nan,nan,nan,nan
417,0.6222222222222222,194.0,156.0,17.0,0.8910256410256411,15.0,0.0,129.56563395023355,nan,nan,nan,nan,nan,0.44537499999999997,0.35405,nan,nan,nan,nan
418,0.6088888888888889,187.0,152.0,16.0,0.8947368421052632,14.0,0.0,127.19757460117349,nan,nan,nan,nan,nan,0.4460833333333333,0.3537,nan,nan,nan,nan
419,0.6666666666666666,207.0,171.0,22.0,0.8713450292397661,16.0,0.0,137.13555302906033,nan,nan,nan,nan,nan,0.4467916666666667,0.35335000000000005,nan,nan,nan,nan
420,0.64,194.0,157.0,14.0,0.910828025477707,15.0,0.0,134.63431708765032,nan,nan,nan,nan,nan,0.4475,0.353,nan,nan,nan,nan
421,0.6577777777777778,205.0,164.0,17.0,0.8963414634146342,16.0,0.0,137.0432534570694,nan,nan,nan,nan,nan,0.4482083333333333,0.35265,nan,nan,nan,nan
422,0.6844444444444444,212.0,175.0,22.0,0.8742857142857143,16.0,0.0,141.76332045364376,nan,nan,nan,nan,nan,0.44891666666666663,0.3523,nan,nan,nan,nan
423,0.5911111111111111,172.0,140.0,8.0,0.9428571428571428,13.0,0.0,126.13404197978977,nan,nan,nan,nan,nan,0.44962499999999994,0.35195,nan,nan,nan,nan
424,0.7155555555555555,226.0,176.0,16.0,0.9090909090909091,16.0,0.0,150.36432565975193,nan,nan,nan,nan,nan,0.45033333333333336,0.3516,nan,nan,nan,nan
425,0.6711111111111111,215.0,167.0,17.0,0.8982035928143712,16.0,0.0,139.69273673343665,nan,nan,nan,nan,nan,0.4510416666666667,0.35125,nan,nan,nan,nan
426,0.6044444444444445,194.0,150.0,15.0,0.9,15.0,0.0,125.99445402717598,nan,nan,nan,nan,nan,0.45175,0.3509,nan,nan,nan,nan
427,0.5911111111111111,174.0,141.0,9.0,0.9361702127659575,13.0,0.0,125.80872857141506,nan,nan,nan,nan,nan,0.4524583333333333,0.35055000000000003,nan,nan,nan,nan
428,0.6844444444444444,210.0,169.0,16.0,0.9053254437869822,15.0,0.0,143.80121186733254,nan,nan,nan,nan,nan,0.4531666666666667,0.3502,nan,nan,nan,nan
429,0.6933333333333334,211.0,172.0,17.0,0.9011627906976745,16.0,0.0,145.23497953271865,nan,nan,nan,nan,nan,0.45387500000000003,0.34985,nan,nan,nan,nan
430,0.6844444444444444,209.0,171.0,18.0,0.8947368421052632,16.0,0.0,142.9377106509209,nan,nan,nan,nan,nan,0.45458333333333334,0.34950000000000003,nan,nan,nan,nan
431,0.6933333333333334,213.0,174.0,19.0,0.8908045977011494,15.0,0.0,144.85148356246953,nan,nan,nan,nan,nan,0.45529166666666665,0.34915,nan,nan,nan,nan
432,0.6355555555555555,214.0,169.0,27.0,0.8402366863905325,16.0,0.0,128.58357945537568,27.75143814086914,-0.02403304330073297,53.82608938217163,2.5848272144794464,0.00012665321764870896,0.45599999999999996,0.3488,nan,nan,nan,nan
433,0.7022222222222222,215.0,177.0,20.0,0.8870056497175142,16.0,0.0,146.1039037227629,nan,nan,nan,nan,nan,0.45670833333333327,0.34845000000000004,nan,nan,nan,nan
434,0.68,211.0,174.0,22.0,0.8735632183908046,15.0,0.0,140.96438599157332,nan,nan,nan,nan,nan,0.4574166666666667,0.3481,nan,nan,nan,nan
435,0.6177777777777778,180.0,147.0,9.0,0.9387755102040817,14.0,0.0,131.5986927909852,nan,nan,nan,nan,nan,0.458125,0.34775,nan,nan,nan,nan
436,0.6755555555555556,214.0,169.0,18.0,0.893491124260355,16.0,0.0,140.84110015964507,nan,nan,nan,nan,nan,0.4588333333333333,0.34740000000000004,nan,nan,nan,nan
437,0.6177777777777778,193.0,153.0,15.0,0.9019607843137255,14.0,0.0,129.34919998979572,nan,nan,nan,nan,nan,0.4595416666666666,0.34704999999999997,nan,nan,nan,nan
438,0.5244444444444445,157.0,128.0,11.0,0.9140625,12.0,0.0,110.78475542354593,nan,nan,nan,nan,nan,0.46024999999999994,0.3467,nan,nan,nan,nan
439,0.5644444444444444,174.0,142.0,16.0,0.8873239436619719,14.0,0.0,117.26141155004507,nan,nan,nan,nan,nan,0.46095833333333336,0.34635000000000005,nan,nan,nan,nan
440,0.6,183.0,151.0,17.0,0.8874172185430463,14.0,0.0,124.97392846584322,nan,nan,nan,nan,nan,0.46166666666666667,0.346,nan,nan,nan,nan
441,0.7244444444444444,208.0,173.0,11.0,0.9364161849710982,16.0,0.0,154.01349280357357,nan,nan,nan,nan,nan,0.462375,0.34565,nan,nan,nan,nan
442,0.6444444444444445,201.0,157.0,13.0,0.9171974522292994,16.0,0.0,135.272532960415,nan,nan,nan,nan,nan,0.4630833333333333,0.3453,nan,nan,nan,nan
443,0.6622222222222223,221.0,173.0,25.0,0.8554913294797688,16.0,0.0,135.28890433263777,nan,nan,nan,nan,nan,0.4637916666666666,0.34495,nan,nan,nan,nan
444,0.6044444444444445,198.0,157.0,22.0,0.8598726114649682,15.0,0.0,123.93817468833927,nan,nan,nan,nan,nan,0.4645,0.3446,nan,nan,nan,nan
445,0.6533333333333333,205.0,161.0,15.0,0.906832298136646,16.0,0.0,136.83260097837442,nan,nan,nan,nan,nan,0.46520833333333333,0.34425,nan,nan,nan,nan
446,0.6711111111111111,211.0,164.0,14.0,0.9146341463414634,15.0,0.0,141.4149996562003,nan,nan,nan,nan,nan,0.46591666666666665,0.3439,nan,nan,nan,nan
447,0.6133333333333333,208.0,160.0,23.0,0.85625,16.0,0.0,125.04147930955892,nan,nan,nan,nan,nan,0.46662499999999996,0.34355,nan,nan,nan,nan
448,0.5466666666666666,173.0,135.0,13.0,0.9037037037037037,14.0,0.0,114.08426797294621,25.56637167930603,0.0134200609754771,49.43052530288696,2.552578926086426,0.0001163881399861566,0.4673333333333334,0.3432,nan,nan,nan,nan
449,0.6711111111111111,215.0,171.0,21.0,0.8771929824561403,16.0,0.0,139.0328311367035,nan,nan,nan,nan,nan,0.4680416666666667,0.34285,nan,nan,nan,nan
450,0.6977777777777778,211.0,171.0,15.0,0.9122807017543859,16.0,0.0,146.65579016399383,nan,nan,nan,nan,nan,0.46875,0.3425,nan,nan,nan,nan
451,0.6977777777777778,214.0,169.0,13.0,0.9230769230769231,16.0,0.0,147.26083665418616,nan,nan,nan,nan,nan,0.4694583333333333,0.34215,nan,nan,nan,nan
452,0.6577777777777778,196.0,162.0,15.0,0.9074074074074074,15.0,0.0,138.38557445383086,nan,nan,nan,nan,nan,0.4701666666666666,0.3418,nan,nan,nan,nan
453,0.6933333333333334,206.0,168.0,13.0,0.9226190476190477,16.0,0.0,146.52057592391967,nan,nan,nan,nan,nan,0.47087499999999993,0.34145000000000003,nan,nan,nan,nan
454,0.6933333333333334,208.0,168.0,13.0,0.9226190476190477,16.0,0.0,146.25481591510774,nan,nan,nan,nan,nan,0.47158333333333335,0.3411,nan,nan,nan,nan
455,0.6711111111111111,211.0,167.0,17.0,0.8982035928143712,16.0,0.0,140.0789374876021,nan,nan,nan,nan,nan,0.47229166666666667,0.34075,nan,nan,nan,nan
456,0.6266666666666667,193.0,155.0,15.0,0.9032258064516129,15.0,0.0,131.2685451765061,nan,nan,nan,nan,nan,0.473,0.34040000000000004,nan,nan,nan,nan
457,0.68,211.0,170.0,18.0,0.8941176470588236,16.0,0.0,141.73992911148073,nan,nan,nan,nan,nan,0.4737083333333333,0.34004999999999996,nan,nan,nan,nan
458,0.7066666666666667,216.0,171.0,13.0,0.9239766081871345,16.0,0.0,149.34107313489906,nan,nan,nan,nan,nan,0.4744166666666666,0.3397,nan,nan,nan,nan
459,0.6488888888888888,204.0,161.0,16.0,0.9006211180124224,15.0,0.0,135.87143872404104,nan,nan,nan,nan,nan,0.475125,0.33935000000000004,nan,nan,nan,nan
460,0.6533333333333333,207.0,161.0,15.0,0.906832298136646,16.0,0.0,136.64640111351005,nan,nan,nan,nan,nan,0.47583333333333333,0.33899999999999997,nan,nan,nan,nan
461,0.6666666666666666,196.0,161.0,12.0,0.9254658385093167,15.0,0.0,141.1129225077629,nan,nan,nan,nan,nan,0.47654166666666664,0.33865,nan,nan,nan,nan
462,0.64,189.0,155.0,12.0,0.9225806451612903,14.0,0.0,135.689782403946,nan,nan,nan,nan,nan,0.47724999999999995,0.3383,nan,nan,nan,nan
463,0.68,208.0,166.0,14.0,0.9156626506024096,16.0,0.0,143.16804701232914,nan,nan,nan,nan,nan,0.47795833333333326,0.33795,nan,nan,nan,nan
464,0.6177777777777778,206.0,161.0,23.0,0.8571428571428571,16.0,0.0,126.18308589410778,22.073383331298828,-1.2680364307016134e-05,42.45634317398071,2.619423657655716,0.00022102993864336895,0.4786666666666667,0.3376,nan,nan,nan,nan
465,0.6355555555555555,210.0,162.0,20.0,0.8765432098765432,16.0,0.0,130.79881515121463,nan,nan,nan,nan,nan,0.479375,0.33725,nan,nan,nan,nan
466,0.6488888888888888,202.0,163.0,18.0,0.8895705521472392,15.0,0.0,135.233039367199,nan,nan,nan,nan,nan,0.4800833333333333,0.3369,nan,nan,nan,nan
467,0.6533333333333333,206.0,166.0,20.0,0.8795180722891566,16.0,0.0,135.2966094956398,nan,nan,nan,nan,nan,0.4807916666666666,0.33655,nan,nan,nan,nan
468,0.7288888888888889,220.0,176.0,13.0,0.9261363636363636,16.0,0.0,154.19691762447326,nan,nan,nan,nan,nan,0.48150000000000004,0.3362,nan,nan,nan,nan
469,0.6355555555555555,195.0,157.0,15.0,0.9044585987261147,16.0,0.0,132.68566607952127,nan,nan,nan,nan,nan,0.48220833333333335,0.33585,nan,nan,nan,nan
470,0.6444444444444445,198.0,163.0,19.0,0.8834355828220859,15.0,0.0,134.0122390937804,nan,nan,nan,nan,nan,0.48291666666666666,0.3355,nan,nan,nan,nan
471,0.6222222222222222,185.0,150.0,11.0,0.9266666666666666,14.0,0.0,131.9704151153564,nan,nan,nan,nan,nan,0.48362499999999997,0.33515000000000006,nan,nan,nan,nan
472,0.6088888888888889,200.0,159.0,23.0,0.8553459119496856,15.0,0.0,124.45710000944143,nan,nan,nan,nan,nan,0.4843333333333333,0.3348,nan,nan,nan,nan
473,0.6666666666666666,205.0,161.0,12.0,0.9254658385093167,16.0,0.0,140.49657927656173,nan,nan,nan,nan,nan,0.4850416666666667,0.33445,nan,nan,nan,nan
474,0.6666666666666666,198.0,163.0,14.0,0.9141104294478528,16.0,0.0,140.27342637395853,nan,nan,nan,nan,nan,0.48575,0.3341,nan,nan,nan,nan
475,0.6755555555555556,211.0,166.0,15.0,0.9096385542168675,16.0,0.0,141.66014085292804,nan,nan,nan,nan,nan,0.4864583333333333,0.33375,nan,nan,nan,nan
476,0.6622222222222223,215.0,167.0,19.0,0.8862275449101796,16.0,0.0,137.41489650821686,nan,nan,nan,nan,nan,0.48716666666666664,0.33340000000000003,nan,nan,nan,nan
477,0.6755555555555556,198.0,162.0,11.0,0.9320987654320988,15.0,0.0,143.47667142343522,nan,nan,nan,nan,nan,0.48787499999999995,0.33305,nan,nan,nan,nan
478,0.7244444444444444,207.0,175.0,13.0,0.9257142857142857,16.0,0.0,153.45507492876044,nan,nan,nan,nan,nan,0.48858333333333326,0.3327,nan,nan,nan,nan
479,0.6711111111111111,219.0,172.0,22.0,0.872093023255814,16.0,0.0,138.53168657732002,nan,nan,nan,nan,nan,0.4892916666666667,0.33235000000000003,nan,nan,nan,nan
480,0.6711111111111111,205.0,164.0,14.0,0.9146341463414634,16.0,0.0,140.93723767757413,19.44760036468506,0.0245474970433861,37.20768928527832,2.5837032794952393,0.00014676210582820204,0.49,0.332,nan,nan,nan,nan
481,0.6444444444444445,188.0,155.0,11.0,0.9290322580645162,14.0,0.0,136.75996993064885,nan,nan,nan,nan,nan,0.4907083333333333,0.33165,nan,nan,nan,nan
482,0.6844444444444444,213.0,171.0,18.0,0.8947368421052632,16.0,0.0,142.80857527589802,nan,nan,nan,nan,nan,0.4914166666666666,0.33130000000000004,nan,nan,nan,nan
483,0.6444444444444445,186.0,153.0,9.0,0.9411764705882353,15.0,0.0,137.15980190324777,nan,nan,nan,nan,nan,0.49212500000000003,0.33095,nan,nan,nan,nan
484,0.6444444444444445,214.0,172.0,28.0,0.8372093023255814,16.0,0.0,130.5666464247704,nan,nan,nan,nan,nan,0.49283333333333335,0.3306,nan,nan,nan,nan
485,0.6444444444444445,211.0,164.0,20.0,0.8780487804878049,16.0,0.0,132.8932242941857,nan,nan,nan,nan,nan,0.49354166666666666,0.33025000000000004,nan,nan,nan,nan
486,0.5955555555555555,184.0,146.0,13.0,0.910958904109589,14.0,0.0,125.18809532451631,nan,nan,nan,nan,nan,0.49424999999999997,0.3299,nan,nan,nan,nan
487,0.7111111111111111,205.0,167.0,8.0,0.9520958083832335,16.0,0.0,152.0280895166397,nan,nan,nan,nan,nan,0.4949583333333333,0.32955,nan,nan,nan,nan
488,0.6755555555555556,208.0,164.0,13.0,0.9207317073170732,16.0,0.0,142.43521933889375,nan,nan,nan,nan,nan,0.4956666666666667,0.32920000000000005,nan,nan,nan,nan
489,0.6,177.0,147.0,13.0,0.9115646258503401,14.0,0.0,126.36509228229534,nan,nan,nan,nan,nan,0.496375,0.32885,nan,nan,nan,nan
490,0.68,217.0,173.0,21.0,0.8786127167630058,16.0,0.0,140.77578208160398,nan,nan,nan,nan,nan,0.4970833333333333,0.3285,nan,nan,nan,nan
491,0.6088888888888889,201.0,159.0,23.0,0.8553459119496856,16.0,0.0,124.1428811964989,nan,nan,nan,nan,nan,0.49779166666666663,0.32815000000000005,nan,nan,nan,nan
492,0.6266666666666667,205.0,160.0,20.0,0.875,16.0,0.0,129.07749498844152,nan,nan,nan,nan,nan,0.49849999999999994,0.3278,nan,nan,nan,nan
493,0.6177777777777778,180.0,146.0,8.0,0.9452054794520548,14.0,0.0,131.80809271335605,nan,nan,nan,nan,nan,0.49920833333333337,0.32745,nan,nan,nan,nan
494,0.6844444444444444,219.0,172.0,19.0,0.8895348837209303,16.0,0.0,142.34744627285002,nan,nan,nan,nan,nan,0.4999166666666667,0.3271,nan,nan,nan,nan
495,0.6666666666666666,203.0,164.0,15.0,0.9085365853658537,16.0,0.0,139.8269340229034,nan,nan,nan,nan,nan,0.500625,0.32675,nan,nan,nan,nan
496,0.6755555555555556,201.0,167.0,16.0,0.9041916167664671,16.0,0.0,141.68954916095743,21.195493698120117,-0.015307663707062602,40.77846717834473,2.6375030875205994,0.0001690095814410597,0.5013333333333333,0.3264,nan,nan,nan,nan
497,0.6711111111111111,215.0,166.0,16.0,0.9036144578313253,16.0,0.0,140.46446276617044,nan,nan,nan,nan,nan,0.5020416666666667,0.32605,nan,nan,nan,nan
498,0.64,194.0,158.0,15.0,0.9050632911392406,16.0,0.0,133.5546847591401,nan,nan,nan,nan,nan,0.5027499999999999,0.3257,nan,nan,nan,nan
499,0.6711111111111111,196.0,158.0,8.0,0.9493670886075949,16.0,0.0,142.94913181877132,nan,nan,nan,nan,nan,0.5034583333333333,0.32535000000000003,nan,nan,nan,nan
500,0.68,208.0,168.0,16.0,0.9047619047619048,16.0,0.0,142.43204978322981,nan,nan,nan,nan,nan,0.5041666666666667,0.325,0.7003555555555555,0.6528888888888889,0.9491277670742339,0.0
501,0.6622222222222223,209.0,167.0,19.0,0.8862275449101796,16.0,0.0,137.6488192043305,nan,nan,nan,nan,nan,0.504875,0.32465,nan,nan,nan,nan
502,0.6577777777777778,202.0,159.0,12.0,0.9245283018867925,16.0,0.0,138.6746161603927,nan,nan,nan,nan,nan,0.5055833333333333,0.32430000000000003,nan,nan,nan,nan
503,0.6933333333333334,212.0,170.0,15.0,0.9117647058823529,16.0,0.0,145.78715806579584,nan,nan,nan,nan,nan,0.5062916666666667,0.32395,nan,nan,nan,nan
504,0.6888888888888889,203.0,166.0,12.0,0.927710843373494,16.0,0.0,145.67739934062948,nan,nan,nan,nan,nan,0.507,0.3236,nan,nan,nan,nan
505,0.5644444444444444,190.0,146.0,20.0,0.863013698630137,14.0,0.0,116.02346879768369,nan,nan,nan,nan,nan,0.5077083333333333,0.32325000000000004,nan,nan,nan,nan
506,0.6355555555555555,198.0,157.0,15.0,0.9044585987261147,16.0,0.0,132.78382612752915,nan,nan,nan,nan,nan,0.5084166666666666,0.3229,nan,nan,nan,nan
507,0.6577777777777778,213.0,166.0,19.0,0.8855421686746988,16.0,0.0,136.59364396715156,nan,nan,nan,nan,nan,0.5091249999999999,0.32255,nan,nan,nan,nan
508,0.6622222222222223,198.0,161.0,13.0,0.9192546583850931,15.0,0.0,139.76013527631758,nan,nan,nan,nan,nan,0.5098333333333334,0.32220000000000004,nan,nan,nan,nan
509,0.68,212.0,170.0,18.0,0.8941176470588236,16.0,0.0,141.8014138231279,nan,nan,nan,nan,nan,0.5105416666666667,0.32184999999999997,nan,nan,nan,nan
510,0.5777777777777777,181.0,140.0,11.0,0.9214285714285714,14.0,0.0,121.80013142204291,nan,nan,nan,nan,nan,0.51125,0.3215,nan,nan,nan,nan
511,0.7244444444444444,214.0,171.0,9.0,0.9473684210526315,16.0,0.0,154.65100680065143,nan,nan,nan,nan,nan,0.5119583333333333,0.32115000000000005,nan,nan,nan,nan
512,0.6622222222222223,208.0,166.0,18.0,0.891566265060241,16.0,0.0,137.64454738521567,19.170356273651123,-0.01794491824693978,36.7903938293457,2.5916137099266052,0.00015143328619160457,0.5126666666666667,0.3208,nan,nan,nan,nan
513,0.6977777777777778,222.0,177.0,21.0,0.8813559322033898,16.0,0.0,144.7806140227317,nan,nan,nan,nan,nan,0.513375,0.32045,nan,nan,nan,nan
514,0.6355555555555555,200.0,154.0,12.0,0.922077922077922,14.0,0.0,134.42544257736216,nan,nan,nan,nan,nan,0.5140833333333333,0.3201,nan,nan,nan,nan
515,0.6888888888888889,212.0,169.0,15.0,0.9112426035502958,16.0,0.0,144.69082457542427,nan,nan,nan,nan,nan,0.5147916666666666,0.31975,nan,nan,nan,nan
516,0.6088888888888889,191.0,146.0,10.0,0.9315068493150684,14.0,0.0,128.96358239936833,nan,nan,nan,nan,nan,0.5155,0.3194,nan,nan,nan,nan
517,0.6622222222222223,210.0,164.0,16.0,0.9024390243902439,16.0,0.0,138.187172264576,nan,nan,nan,nan,nan,0.5162083333333334,0.31905,nan,nan,nan,nan
518,0.6222222222222222,204.0,160.0,21.0,0.86875,16.0,0.0,127.39516125583656,nan,nan,nan,nan,nan,0.5169166666666666,0.3187,nan,nan,nan,nan
519,0.6133333333333333,183.0,151.0,14.0,0.9072847682119205,15.0,0.0,128.55985318279275,nan,nan,nan,nan,nan,0.517625,0.31835,nan,nan,nan,nan
520,0.6888888888888889,212.0,170.0,16.0,0.9058823529411765,16.0,0.0,144.4070807828903,nan,nan,nan,nan,nan,0.5183333333333333,0.318,nan,nan,nan,nan
521,0.68,219.0,173.0,21.0,0.8786127167630058,16.0,0.0,140.6097906980514,nan,nan,nan,nan,nan,0.5190416666666666,0.31765,nan,nan,nan,nan
522,0.6977777777777778,215.0,176.0,20.0,0.8863636363636364,16.0,0.0,145.33315735054018,nan,nan,nan,nan,nan,0.5197499999999999,0.3173,nan,nan,nan,nan
523,0.7022222222222222,203.0,170.0,13.0,0.9235294117647059,15.0,0.0,148.81823853206646,nan,nan,nan,nan,nan,0.5204583333333334,0.31695,nan,nan,nan,nan
524,0.6755555555555556,208.0,166.0,15.0,0.9096385542168675,15.0,0.0,141.84546093273167,nan,nan,nan,nan,nan,0.5211666666666667,0.3166,nan,nan,nan,nan
525,0.6666666666666666,207.0,168.0,19.0,0.8869047619047619,16.0,0.0,138.5506288709641,nan,nan,nan,nan,nan,0.521875,0.31625000000000003,nan,nan,nan,nan
526,0.6844444444444444,212.0,168.0,15.0,0.9107142857142857,16.0,0.0,143.75907632064815,nan,nan,nan,nan,nan,0.5225833333333333,0.3159,nan,nan,nan,nan
527,0.64,197.0,162.0,19.0,0.8827160493827161,15.0,0.0,132.9274063916206,nan,nan,nan,nan,nan,0.5232916666666666,0.31555,nan,nan,nan,nan
528,0.6888888888888889,201.0,166.0,12.0,0.927710843373494,15.0,0.0,146.17129351902017,19.896607398986816,0.01098528690636158,38.23008322715759,2.5672253370285034,9.139028497884283e-05,0.524,0.31520000000000004,nan,nan,nan,nan
529,0.6933333333333334,207.0,164.0,9.0,0.9451219512195121,15.0,0.0,147.71382017660127,nan,nan,nan,nan,nan,0.5247083333333333,0.31484999999999996,nan,nan,nan,nan
530,0.6311111111111111,190.0,156.0,15.0,0.9038461538461539,15.0,0.0,132.2291352701187,nan,nan,nan,nan,nan,0.5254166666666666,0.3145,nan,nan,nan,nan
531,0.68,211.0,175.0,23.0,0.8685714285714285,15.0,0.0,140.695217502594,nan,nan,nan,nan,nan,0.526125,0.31415000000000004,nan,nan,nan,nan
532,0.6622222222222223,216.0,170.0,22.0,0.8705882352941177,16.0,0.0,136.3314051575662,nan,nan,nan,nan,nan,0.5268333333333334,0.31379999999999997,nan,nan,nan,nan
533,0.6177777777777778,188.0,152.0,14.0,0.9078947368421053,14.0,0.0,129.9799456677438,nan,nan,nan,nan,nan,0.5275416666666667,0.31345,nan,nan,nan,nan
534,0.6888888888888889,204.0,167.0,13.0,0.9221556886227545,15.0,0.0,145.8592994589806,nan,nan,nan,nan,nan,0.52825,0.3131,nan,nan,nan,nan
535,0.6888888888888889,203.0,168.0,14.0,0.9166666666666666,16.0,0.0,145.27262681245804,nan,nan,nan,nan,nan,0.5289583333333333,0.31275,nan,nan,nan,nan
536,0.6577777777777778,206.0,164.0,17.0,0.8963414634146342,16.0,0.0,137.1884778947831,nan,nan,nan,nan,nan,0.5296666666666666,0.3124,nan,nan,nan,nan
537,0.6622222222222223,195.0,159.0,11.0,0.9308176100628931,16.0,0.0,139.99479960346227,nan,nan,nan,nan,nan,0.530375,0.31205,nan,nan,nan,nan
538,0.6622222222222223,200.0,165.0,17.0,0.896969696969697,14.0,0.0,138.9072605075836,nan,nan,nan,nan,nan,0.5310833333333332,0.3117,nan,nan,nan,nan
539,0.6933333333333334,220.0,175.0,20.0,0.8857142857142857,16.0,0.0,144.15788535499567,nan,nan,nan,nan,nan,0.5317916666666667,0.31135,nan,nan,nan,nan
540,0.6488888888888888,202.0,162.0,17.0,0.8950617283950617,16.0,0.0,135.2161458392144,nan,nan,nan,nan,nan,0.5325,0.311,nan,nan,nan,nan
541,0.6088888888888889,181.0,148.0,12.0,0.918918918918919,14.0,0.0,128.54084514093407,nan,nan,nan,nan,nan,0.5332083333333333,0.31065,nan,nan,nan,nan
542,0.6088888888888889,187.0,149.0,13.0,0.912751677852349,15.0,0.0,127.68857754659662,nan,nan,nan,nan,nan,0.5339166666666666,0.3103,nan,nan,nan,nan
543,0.64,198.0,157.0,14.0,0.910828025477707,16.0,0.0,134.10028563594818,nan,nan,nan,nan,nan,0.534625,0.30995,nan,nan,nan,nan
544,0.5911111111111111,175.0,140.0,8.0,0.9428571428571428,12.0,0.0,126.57173522806178,17.272090196609497,0.010634295642375946,32.99913239479065,2.585573762655258,0.00010488692441867897,0.5353333333333333,0.3096,nan,nan,nan,nan
545,0.68,202.0,167.0,15.0,0.9101796407185628,15.0,0.0,143.07673969411846,nan,nan,nan,nan,nan,0.5360416666666666,0.30925,nan,nan,nan,nan
546,0.6222222222222222,201.0,157.0,18.0,0.8853503184713376,14.0,0.0,129.39755510568622,nan,nan,nan,nan,nan,0.53675,0.3089,nan,nan,nan,nan
547,0.6622222222222223,210.0,170.0,22.0,0.8705882352941177,16.0,0.0,136.4171569671632,nan,nan,nan,nan,nan,0.5374583333333333,0.30855,nan,nan,nan,nan
548,0.64,202.0,162.0,19.0,0.8827160493827161,16.0,0.0,132.61831487035744,nan,nan,nan,nan,nan,0.5381666666666667,0.30820000000000003,nan,nan,nan,nan
549,0.6844444444444444,212.0,173.0,20.0,0.884393063583815,15.0,0.0,142.38957609844218,nan,nan,nan,nan,nan,0.538875,0.30784999999999996,nan,nan,nan,nan
550,0.6888888888888889,212.0,168.0,14.0,0.9166666666666666,16.0,0.0,145.0570045609473,nan,nan,nan,nan,nan,0.5395833333333333,0.3075,nan,nan,nan,nan
551,0.6933333333333334,214.0,175.0,20.0,0.8857142857142857,15.0,0.0,144.30980987215034,nan,nan,nan,nan,nan,0.5402916666666666,0.30715000000000003,nan,nan,nan,nan
552,0.6755555555555556,207.0,170.0,19.0,0.888235294117647,16.0,0.0,140.50392439460748,nan,nan,nan,nan,nan,0.541,0.30679999999999996,nan,nan,nan,nan
553,0.6666666666666666,211.0,166.0,17.0,0.8975903614457831,16.0,0.0,138.179058315277,nan,nan,nan,nan,nan,0.5417083333333333,0.30645,nan,nan,nan,nan
554,0.68,206.0,166.0,14.0,0.9156626506024096,16.0,0.0,143.0352066898346,nan,nan,nan,nan,nan,0.5424166666666667,0.3061,nan,nan,nan,nan
555,0.7111111111111111,207.0,168.0,9.0,0.9464285714285714,16.0,0.0,151.70760878992078,nan,nan,nan,nan,nan,0.543125,0.30574999999999997,nan,nan,nan,nan
556,0.6888888888888889,215.0,173.0,19.0,0.8901734104046243,16.0,0.0,143.6657508797646,nan,nan,nan,nan,nan,0.5438333333333333,0.3054,nan,nan,nan,nan
557,0.6888888888888889,207.0,167.0,13.0,0.9221556886227545,16.0,0.0,145.1686184210776,nan,nan,nan,nan,nan,0.5445416666666667,0.30505,nan,nan,nan,nan
558,0.7022222222222222,213.0,170.0,13.0,0.9235294117647059,16.0,0.0,148.21143373632424,nan,nan,nan,nan,nan,0.54525,0.30469999999999997,nan,nan,nan,nan
559,0.64,208.0,164.0,21.0,0.8719512195121951,16.0,0.0,130.9971461548806,nan,nan,nan,nan,nan,0.5459583333333333,0.30435,nan,nan,nan,nan
560,0.6488888888888888,209.0,166.0,21.0,0.8734939759036144,16.0,0.0,133.6492140741348,15.892492175102234,-0.0218206571880728,30.365511894226074,2.5311502814292908,0.0005582224257523194,0.5466666666666666,0.304,nan,nan,nan,nan
561,0.6488888888888888,204.0,164.0,19.0,0.8841463414634146,16.0,0.0,134.27451646471027,nan,nan,nan,nan,nan,0.5473750000000001,0.30365,nan,nan,nan,nan
562,0.6977777777777778,222.0,179.0,23.0,0.8715083798882681,16.0,0.0,144.45116308403004,nan,nan,nan,nan,nan,0.5480833333333333,0.3033,nan,nan,nan,nan
563,0.6755555555555556,206.0,166.0,15.0,0.9096385542168675,16.0,0.0,141.8136082892417,nan,nan,nan,nan,nan,0.5487916666666667,0.30295000000000005,nan,nan,nan,nan
564,0.5777777777777777,174.0,141.0,12.0,0.9148936170212766,14.0,0.0,121.54361024093629,nan,nan,nan,nan,nan,0.5495,0.30260000000000004,nan,nan,nan,nan
565,0.6577777777777778,203.0,164.0,17.0,0.8963414634146342,15.0,0.0,137.548215801239,nan,nan,nan,nan,nan,0.5502083333333333,0.30225,nan,nan,nan,nan
566,0.6933333333333334,207.0,167.0,12.0,0.9281437125748503,16.0,0.0,146.79781155920023,nan,nan,nan,nan,nan,0.5509166666666666,0.30190000000000006,nan,nan,nan,nan
567,0.6622222222222223,207.0,165.0,17.0,0.896969696969697,16.0,0.0,137.92487689256674,nan,nan,nan,nan,nan,0.5516249999999999,0.30155000000000004,nan,nan,nan,nan
568,0.7066666666666667,216.0,176.0,18.0,0.8977272727272727,16.0,0.0,147.83382705736156,nan,nan,nan,nan,nan,0.5523333333333333,0.3012,nan,nan,nan,nan
569,0.6888888888888889,204.0,167.0,13.0,0.9221556886227545,16.0,0.0,145.36496781015381,nan,nan,nan,nan,nan,0.5530416666666667,0.30085000000000006,nan,nan,nan,nan
570,0.7155555555555555,201.0,170.0,10.0,0.9411764705882353,16.0,0.0,152.5345515379904,nan,nan,nan,nan,nan,0.55375,0.3005,nan,nan,nan,nan
571,0.6711111111111111,208.0,164.0,14.0,0.9146341463414634,16.0,0.0,141.05404006528852,nan,nan,nan,nan,nan,0.5544583333333333,0.30015000000000003,nan,nan,nan,nan
572,0.6977777777777778,210.0,170.0,14.0,0.9176470588235294,16.0,0.0,147.11969903993597,nan,nan,nan,nan,nan,0.5551666666666667,0.29980000000000007,nan,nan,nan,nan
573,0.6666666666666666,206.0,165.0,16.0,0.9030303030303031,16.0,0.0,139.25877122163763,nan,nan,nan,nan,nan,0.555875,0.29945,nan,nan,nan,nan
574,0.6755555555555556,213.0,172.0,21.0,0.877906976744186,16.0,0.0,139.99813517761226,nan,nan,nan,nan,nan,0.5565833333333333,0.29910000000000003,nan,nan,nan,nan
575,0.6711111111111111,210.0,176.0,26.0,0.8522727272727273,16.0,0.0,137.3697693185806,nan,nan,nan,nan,nan,0.5572916666666666,0.29875,nan,nan,nan,nan
576,0.6622222222222223,197.0,161.0,13.0,0.9192546583850931,16.0,0.0,139.39759434509264,21.653372049331665,-0.010897411033511162,41.832154273986816,2.636655479669571,0.0001884883722595987,0.5579999999999999,0.2984,nan,nan,nan,nan
577,0.64,201.0,165.0,22.0,0.8666666666666667,16.0,0.0,131.43727239513402,nan,nan,nan,nan,nan,0.5587083333333334,0.29805000000000004,nan,nan,nan,nan
578,0.68,212.0,175.0,23.0,0.8685714285714285,16.0,0.0,140.12687083053586,nan,nan,nan,nan,nan,0.5594166666666667,0.2977,nan,nan,nan,nan
579,0.6622222222222223,209.0,166.0,18.0,0.891566265060241,16.0,0.0,137.7109417152405,nan,nan,nan,nan,nan,0.560125,0.29735,nan,nan,nan,nan
580,0.6844444444444444,215.0,176.0,23.0,0.8693181818181818,16.0,0.0,141.11094208812702,nan,nan,nan,nan,nan,0.5608333333333333,0.29700000000000004,nan,nan,nan,nan
581,0.6311111111111111,215.0,169.0,28.0,0.834319526627219,16.0,0.0,127.5088759441376,nan,nan,nan,nan,nan,0.5615416666666667,0.29665,nan,nan,nan,nan
582,0.6666666666666666,195.0,160.0,11.0,0.93125,15.0,0.0,141.5379451231956,nan,nan,nan,nan,nan,0.56225,0.2963,nan,nan,nan,nan
583,0.6888888888888889,206.0,163.0,9.0,0.9447852760736196,15.0,0.0,146.97492963123315,nan,nan,nan,nan,nan,0.5629583333333333,0.29595000000000005,nan,nan,nan,nan
584,0.7111111111111111,213.0,175.0,16.0,0.9085714285714286,16.0,0.0,149.5488697690963,nan,nan,nan,nan,nan,0.5636666666666666,0.29560000000000003,nan,nan,nan,nan
585,0.6711111111111111,206.0,166.0,16.0,0.9036144578313253,16.0,0.0,140.1121200094224,nan,nan,nan,nan,nan,0.564375,0.29525,nan,nan,nan,nan
586,0.6888888888888889,206.0,166.0,12.0,0.927710843373494,16.0,0.0,145.71441818904879,nan,nan,nan,nan,nan,0.5650833333333333,0.29490000000000005,nan,nan,nan,nan
587,0.7288888888888889,220.0,181.0,18.0,0.9005524861878453,16.0,0.0,152.85416129016863,nan,nan,nan,nan,nan,0.5657916666666667,0.29455000000000003,nan,nan,nan,nan
588,0.6177777777777778,184.0,148.0,10.0,0.9324324324324325,14.0,0.0,131.25323874711995,nan,nan,nan,nan,nan,0.5665,0.2942,nan,nan,nan,nan
589,0.6311111111111111,181.0,149.0,8.0,0.9463087248322147,14.0,0.0,134.9083842229843,nan,nan,nan,nan,nan,0.5672083333333333,0.29385000000000006,nan,nan,nan,nan
590,0.6,177.0,144.0,10.0,0.9305555555555556,14.0,0.0,127.0596024098397,nan,nan,nan,nan,nan,0.5679166666666666,0.2935,nan,nan,nan,nan
591,0.6355555555555555,216.0,171.0,29.0,0.8304093567251462,16.0,0.0,127.94604119586947,nan,nan,nan,nan,nan,0.5686249999999999,0.29315,nan,nan,nan,nan
592,0.6711111111111111,210.0,168.0,18.0,0.8928571428571429,16.0,0.0,139.72965188693996,13.684069395065308,0.003897459479048848,25.91840410232544,2.593257248401642,0.0002113763425199977,0.5693333333333334,0.29280000000000006,nan,nan,nan,nan
593,0.7066666666666667,208.0,171.0,13.0,0.9239766081871345,15.0,0.0,149.82186871004103,nan,nan,nan,nan,nan,0.5700416666666667,0.29245,nan,nan,nan,nan
594,0.6933333333333334,201.0,169.0,14.0,0.9171597633136095,16.0,0.0,146.15455604410167,nan,nan,nan,nan,nan,0.57075,0.2921,nan,nan,nan,nan
595,0.6711111111111111,201.0,164.0,14.0,0.9146341463414634,16.0,0.0,141.0771883111,nan,nan,nan,nan,nan,0.5714583333333333,0.29175,nan,nan,nan,nan
596,0.6533333333333333,203.0,161.0,15.0,0.906832298136646,16.0,0.0,136.62949132680887,nan,nan,nan,nan,nan,0.5721666666666666,0.2914,nan,nan,nan,nan
597,0.64,195.0,160.0,17.0,0.89375,16.0,0.0,133.21372772598266,nan,nan,nan,nan,nan,0.572875,0.29105000000000003,nan,nan,nan,nan
598,0.6622222222222223,215.0,167.0,19.0,0.8862275449101796,16.0,0.0,137.25717127132413,nan,nan,nan,nan,nan,0.5735833333333333,0.2907,nan,nan,nan,nan
599,0.6266666666666667,193.0,150.0,10.0,0.9333333333333333,15.0,0.0,132.66787132787724,nan,nan,nan,nan,nan,0.5742916666666666,0.29035,nan,nan,nan,nan
600,0.6,180.0,148.0,14.0,0.9054054054054054,14.0,0.0,126.03176301574712,nan,nan,nan,nan,nan,0.575,0.29000000000000004,0.6984,0.6351111111111111,0.9452006583884993,0.0
601,0.6533333333333333,212.0,162.0,16.0,0.9012345679012346,16.0,0.0,136.04862917757032,nan,nan,nan,nan,nan,0.5757083333333334,0.28965,nan,nan,nan,nan
602,0.6133333333333333,189.0,148.0,11.0,0.9256756756756757,14.0,0.0,129.79922027683267,nan,nan,nan,nan,nan,0.5764166666666667,0.2893,nan,nan,nan,nan
603,0.6311111111111111,180.0,149.0,8.0,0.9463087248322147,14.0,0.0,134.93063601827626,nan,nan,nan,nan,nan,0.5771249999999999,0.28895000000000004,nan,nan,nan,nan
604,0.6933333333333334,221.0,175.0,20.0,0.8857142857142857,16.0,0.0,143.50834895229343,nan,nan,nan,nan,nan,0.5778333333333333,0.2886,nan,nan,nan,nan
605,0.6577777777777778,207.0,164.0,17.0,0.8963414634146342,16.0,0.0,137.09181593847268,nan,nan,nan,nan,nan,0.5785416666666666,0.28825,nan,nan,nan,nan
606,0.6933333333333334,221.0,178.0,23.0,0.8707865168539326,15.0,0.0,143.27368550395948,nan,nan,nan,nan,nan,0.5792499999999999,0.28790000000000004,nan,nan,nan,nan
607,0.6444444444444445,203.0,160.0,16.0,0.9,16.0,0.0,134.3932696967125,nan,nan,nan,nan,nan,0.5799583333333334,0.28755000000000003,nan,nan,nan,nan
608,0.6577777777777778,209.0,167.0,20.0,0.8802395209580839,16.0,0.0,136.04871262073522,13.346153497695923,-0.017821425019064918,25.323945999145508,2.578707605600357,0.00031280160783353494,0.5806666666666667,0.2872,nan,nan,nan,nan
609,0.64,211.0,168.0,25.0,0.8511904761904762,16.0,0.0,130.36980168771743,nan,nan,nan,nan,nan,0.581375,0.28685000000000005,nan,nan,nan,nan
610,0.6933333333333334,215.0,175.0,20.0,0.8857142857142857,16.0,0.0,144.16008898735046,nan,nan,nan,nan,nan,0.5820833333333333,0.2865,nan,nan,nan,nan
611,0.5733333333333334,183.0,143.0,15.0,0.8951048951048951,14.0,0.0,119.53968432903287,nan,nan,nan,nan,nan,0.5827916666666666,0.28615,nan,nan,nan,nan
612,0.5955555555555555,179.0,145.0,12.0,0.9172413793103448,14.0,0.0,125.68924378347404,nan,nan,nan,nan,nan,0.5835,0.28580000000000005,nan,nan,nan,nan
613,0.7066666666666667,210.0,174.0,16.0,0.9080459770114943,16.0,0.0,148.41214542627327,nan,nan,nan,nan,nan,0.5842083333333333,0.28545,nan,nan,nan,nan
614,0.7111111111111111,205.0,173.0,14.0,0.9190751445086706,16.0,0.0,150.1564416208267,nan,nan,nan,nan,nan,0.5849166666666666,0.2851,nan,nan,nan,nan
615,0.6311111111111111,188.0,150.0,9.0,0.94,14.0,0.0,134.47593502044677,nan,nan,nan,nan,nan,0.585625,0.28475,nan,nan,nan,nan
616,0.64,194.0,161.0,18.0,0.8881987577639752,16.0,0.0,132.52543040084842,nan,nan,nan,nan,nan,0.5863333333333333,0.2844,nan,nan,nan,nan
617,0.6933333333333334,208.0,171.0,16.0,0.9064327485380117,16.0,0.0,145.5582679481505,nan,nan,nan,nan,nan,0.5870416666666667,0.28405,nan,nan,nan,nan
618,0.6311111111111111,189.0,152.0,11.0,0.9276315789473685,15.0,0.0,133.38353866863258,nan,nan,nan,nan,nan,0.58775,0.2837,nan,nan,nan,nan
619,0.6622222222222223,209.0,167.0,19.0,0.8862275449101796,16.0,0.0,137.4860468635559,nan,nan,nan,nan,nan,0.5884583333333333,0.28335,nan,nan,nan,nan
620,0.6355555555555555,204.0,162.0,20.0,0.8765432098765432,16.0,0.0,131.12504443931576,nan,nan,nan,nan,nan,0.5891666666666667,0.28300000000000003,nan,nan,nan,nan
621,0.6977777777777778,212.0,174.0,18.0,0.896551724137931,16.0,0.0,145.94795997190465,nan,nan,nan,nan,nan,0.5898749999999999,0.28265,nan,nan,nan,nan
622,0.6488888888888888,200.0,162.0,17.0,0.8950617283950617,16.0,0.0,135.32274515962612,nan,nan,nan,nan,nan,0.5905833333333333,0.2823,nan,nan,nan,nan
623,0.6444444444444445,197.0,158.0,14.0,0.9113924050632911,15.0,0.0,135.53375155925747,nan,nan,nan,nan,nan,0.5912916666666667,0.28195000000000003,nan,nan,nan,nan
624,0.6222222222222222,181.0,148.0,9.0,0.9391891891891891,14.0,0.0,132.52348728847505,13.756699085235596,0.00261028204113245,26.16457509994507,2.5203846096992493,0.00020063573629158782,0.592,0.2816,nan,nan,nan,nan
625,0.6755555555555556,209.0,160.0,9.0,0.94375,16.0,0.0,143.53810519361494,nan,nan,nan,nan,nan,0.5927083333333334,0.28125,nan,nan,nan,nan
626,0.6533333333333333,211.0,163.0,17.0,0.8957055214723927,16.0,0.0,136.17964136219032,nan,nan,nan,nan,nan,0.5934166666666666,0.28090000000000004,nan,nan,nan,nan
627,0.6266666666666667,188.0,155.0,15.0,0.9032258064516129,14.0,0.0,131.5419995317459,nan,nan,nan,nan,nan,0.5941249999999999,0.28055,nan,nan,nan,nan
628,0.7022222222222222,219.0,174.0,17.0,0.9022988505747126,16.0,0.0,147.13894875621793,nan,nan,nan,nan,nan,0.5948333333333333,0.2802,nan,nan,nan,nan
629,0.68,221.0,177.0,25.0,0.8587570621468926,16.0,0.0,139.03770860481262,nan,nan,nan,nan,nan,0.5955416666666666,0.27985000000000004,nan,nan,nan,nan
630,0.6844444444444444,214.0,174.0,21.0,0.8793103448275862,16.0,0.0,141.85441650009153,nan,nan,nan,nan,nan,0.59625,0.2795,nan,nan,nan,nan
631,0.64,218.0,164.0,21.0,0.8719512195121951,16.0,0.0,131.6467060241699,nan,nan,nan,nan,nan,0.5969583333333334,0.27915,nan,nan,nan,nan
632,0.64,198.0,157.0,14.0,0.910828025477707,16.0,0.0,133.86165119838716,nan,nan,nan,nan,nan,0.5976666666666666,0.27880000000000005,nan,nan,nan,nan
633,0.6844444444444444,217.0,170.0,17.0,0.9,15.0,0.0,143.32785802507394,nan,nan,nan,nan,nan,0.598375,0.27845,nan,nan,nan,nan
634,0.6177777777777778,190.0,157.0,19.0,0.8789808917197452,14.0,0.0,128.27859944343567,nan,nan,nan,nan,nan,0.5990833333333333,0.2781,nan,nan,nan,nan
635,0.6355555555555555,188.0,154.0,12.0,0.922077922077922,14.0,0.0,134.34739772272118,nan,nan,nan,nan,nan,0.5997916666666666,0.27775000000000005,nan,nan,nan,nan
636,0.6577777777777778,202.0,166.0,19.0,0.8855421686746988,16.0,0.0,136.75171217823026,nan,nan,nan,nan,nan,0.6005,0.2774,nan,nan,nan,nan
637,0.6622222222222223,210.0,166.0,18.0,0.891566265060241,16.0,0.0,137.85268927621846,nan,nan,nan,nan,nan,0.6012083333333333,0.27705,nan,nan,nan,nan
638,0.6666666666666666,204.0,163.0,14.0,0.9141104294478528,16.0,0.0,140.1774005227089,nan,nan,nan,nan,nan,0.6019166666666667,0.2767,nan,nan,nan,nan
639,0.72,210.0,176.0,15.0,0.9147727272727273,16.0,0.0,151.90247635841362,nan,nan,nan,nan,nan,0.602625,0.27635,nan,nan,nan,nan
640,0.64,192.0,155.0,12.0,0.9225806451612903,15.0,0.0,135.24372674083713,13.696285128593445,-0.009287410968681797,26.066446781158447,2.575282871723175,0.0002929310167019139,0.6033333333333333,0.276,nan,nan,nan,nan
641,0.6755555555555556,211.0,168.0,17.0,0.8988095238095238,16.0,0.0,141.08649447011948,nan,nan,nan,nan,nan,0.6040416666666667,0.27565,nan,nan,nan,nan
642,0.7244444444444444,207.0,175.0,13.0,0.9257142857142857,16.0,0.0,153.6139622869491,nan,nan,nan,nan,nan,0.60475,0.2753,nan,nan,nan,nan
643,0.6711111111111111,210.0,164.0,14.0,0.9146341463414634,16.0,0.0,141.0224021077157,nan,nan,nan,nan,nan,0.6054583333333333,0.27495,nan,nan,nan,nan
644,0.6488888888888888,205.0,165.0,20.0,0.8787878787878788,16.0,0.0,134.31999746418003,nan,nan,nan,nan,nan,0.6061666666666666,0.2746,nan,nan,nan,nan
645,0.6844444444444444,205.0,169.0,16.0,0.9053254437869822,16.0,0.0,143.4123481197357,nan,nan,nan,nan,nan,0.6068749999999999,0.27425,nan,nan,nan,nan
646,0.6622222222222223,205.0,171.0,23.0,0.8654970760233918,15.0,0.0,136.6895003314018,nan,nan,nan,nan,nan,0.6075833333333334,0.27390000000000003,nan,nan,nan,nan
647,0.6533333333333333,209.0,169.0,23.0,0.863905325443787,16.0,0.0,134.1733867468834,nan,nan,nan,nan,nan,0.6082916666666667,0.27355,nan,nan,nan,nan
648,0.6222222222222222,184.0,153.0,14.0,0.9084967320261438,14.0,0.0,131.13223756217965,nan,nan,nan,nan,nan,0.609,0.2732,nan,nan,nan,nan
649,0.6711111111111111,215.0,173.0,23.0,0.8670520231213873,16.0,0.0,138.22386984252933,nan,nan,nan,nan,nan,0.6097083333333334,0.27285000000000004,nan,nan,nan,nan
650,0.7066666666666667,225.0,178.0,20.0,0.8876404494382022,16.0,0.0,147.13148872900007,nan,nan,nan,nan,nan,0.6104166666666666,0.2725,nan,nan,nan,nan
651,0.6311111111111111,207.0,162.0,21.0,0.8703703703703703,16.0,0.0,129.85942865276337,nan,nan,nan,nan,nan,0.6111249999999999,0.27215,nan,nan,nan,nan
652,0.6622222222222223,201.0,160.0,12.0,0.925,16.0,0.0,139.53769989109045,nan,nan,nan,nan,nan,0.6118333333333333,0.27180000000000004,nan,nan,nan,nan
653,0.6,177.0,146.0,12.0,0.9178082191780822,14.0,0.0,126.6507724800111,nan,nan,nan,nan,nan,0.6125416666666667,0.27144999999999997,nan,nan,nan,nan
654,0.6844444444444444,203.0,165.0,12.0,0.9272727272727272,16.0,0.0,144.7457275438309,nan,nan,nan,nan,nan,0.61325,0.2711,nan,nan,nan,nan
655,0.64,189.0,156.0,13.0,0.9166666666666666,14.0,0.0,135.23893829727172,nan,nan,nan,nan,nan,0.6139583333333333,0.27075000000000005,nan,nan,nan,nan
656,0.6622222222222223,218.0,170.0,22.0,0.8705882352941177,16.0,0.0,136.43822262382503,12.617898106575012,0.028055609087459743,23.87386441230774,2.55549219250679,0.00019732778036996024,0.6146666666666666,0.2704,nan,nan,nan,nan
657,0.7022222222222222,220.0,176.0,19.0,0.8920454545454546,16.0,0.0,146.5594996528625,nan,nan,nan,nan,nan,0.615375,0.27005,nan,nan,nan,nan
658,0.6311111111111111,209.0,163.0,22.0,0.8650306748466258,16.0,0.0,129.1394683394433,nan,nan,nan,nan,nan,0.6160833333333333,0.2697,nan,nan,nan,nan
659,0.6844444444444444,216.0,173.0,20.0,0.884393063583815,16.0,0.0,142.34756379461282,nan,nan,nan,nan,nan,0.6167916666666666,0.26935,nan,nan,nan,nan
660,0.6888888888888889,212.0,171.0,17.0,0.9005847953216374,16.0,0.0,144.2018778276444,nan,nan,nan,nan,nan,0.6175,0.269,nan,nan,nan,nan
661,0.6844444444444444,203.0,164.0,11.0,0.9329268292682927,16.0,0.0,145.0327417392729,nan,nan,nan,nan,nan,0.6182083333333332,0.26865,nan,nan,nan,nan
662,0.6977777777777778,200.0,167.0,11.0,0.9341317365269461,16.0,0.0,148.01942662858954,nan,nan,nan,nan,nan,0.6189166666666667,0.2683,nan,nan,nan,nan
663,0.6622222222222223,208.0,162.0,14.0,0.9135802469135802,16.0,0.0,139.02520461702346,nan,nan,nan,nan,nan,0.619625,0.26795,nan,nan,nan,nan
664,0.6488888888888888,204.0,163.0,18.0,0.8895705521472392,16.0,0.0,134.65994589042663,nan,nan,nan,nan,nan,0.6203333333333333,0.2676,nan,nan,nan,nan
665,0.7066666666666667,205.0,165.0,7.0,0.9575757575757575,16.0,0.0,151.28785514640796,nan,nan,nan,nan,nan,0.6210416666666667,0.26725,nan,nan,nan,nan
666,0.6888888888888889,208.0,167.0,13.0,0.9221556886227545,16.0,0.0,145.3193916530609,nan,nan,nan,nan,nan,0.62175,0.2669,nan,nan,nan,nan
667,0.7022222222222222,214.0,175.0,18.0,0.8971428571428571,16.0,0.0,146.85146249389646,nan,nan,nan,nan,nan,0.6224583333333332,0.26655,nan,nan,nan,nan
668,0.6666666666666666,205.0,165.0,16.0,0.9030303030303031,16.0,0.0,139.4351856122017,nan,nan,nan,nan,nan,0.6231666666666666,0.2662,nan,nan,nan,nan
669,0.64,190.0,157.0,14.0,0.910828025477707,14.0,0.0,135.02225681924816,nan,nan,nan,nan,nan,0.623875,0.26585000000000003,nan,nan,nan,nan
670,0.6444444444444445,210.0,164.0,20.0,0.8780487804878049,16.0,0.0,133.02672487258914,nan,nan,nan,nan,nan,0.6245833333333334,0.2655,nan,nan,nan,nan
671,0.72,212.0,172.0,11.0,0.936046511627907,15.0,0.0,153.23086181545258,nan,nan,nan,nan,nan,0.6252916666666667,0.26515,nan,nan,nan,nan
672,0.5777777777777777,171.0,137.0,8.0,0.9416058394160584,13.0,0.0,123.20668749427807,11.25939029455185,0.001807327673304826,21.24788188934326,2.5361607670783997,0.00011961254085690598,0.626,0.26480000000000004,nan,nan,nan,nan
673,0.6488888888888888,205.0,166.0,21.0,0.8734939759036144,16.0,0.0,133.79002917623518,nan,nan,nan,nan,nan,0.6267083333333333,0.26444999999999996,nan,nan,nan,nan
674,0.5822222222222222,181.0,138.0,8.0,0.9420289855072463,14.0,0.0,123.74716434144982,nan,nan,nan,nan,nan,0.6274166666666666,0.2641,nan,nan,nan,nan
675,0.6711111111111111,200.0,160.0,10.0,0.9375,16.0,0.0,142.39035140657427,nan,nan,nan,nan,nan,0.6281249999999999,0.26375000000000004,nan,nan,nan,nan
676,0.6177777777777778,192.0,151.0,13.0,0.9139072847682119,14.0,0.0,130.28208968019487,nan,nan,nan,nan,nan,0.6288333333333334,0.26339999999999997,nan,nan,nan,nan
677,0.6622222222222223,204.0,164.0,16.0,0.9024390243902439,16.0,0.0,138.4376017551422,nan,nan,nan,nan,nan,0.6295416666666667,0.26305,nan,nan,nan,nan
678,0.6044444444444445,170.0,141.0,6.0,0.9574468085106383,13.0,0.0,129.9577500867844,nan,nan,nan,nan,nan,0.63025,0.2627,nan,nan,nan,nan
679,0.6044444444444445,177.0,147.0,12.0,0.9183673469387755,14.0,0.0,127.6669619836808,nan,nan,nan,nan,nan,0.6309583333333333,0.26234999999999997,nan,nan,nan,nan
680,0.5911111111111111,179.0,141.0,9.0,0.9361702127659575,14.0,0.0,125.44354653406145,nan,nan,nan,nan,nan,0.6316666666666666,0.262,nan,nan,nan,nan
681,0.5777777777777777,186.0,143.0,14.0,0.9020979020979021,14.0,0.0,120.70935957670213,nan,nan,nan,nan,nan,0.632375,0.26165,nan,nan,nan,nan
682,0.72,215.0,173.0,12.0,0.930635838150289,16.0,0.0,152.76292467880245,nan,nan,nan,nan,nan,0.6330833333333333,0.2613,nan,nan,nan,nan
683,0.6711111111111111,214.0,170.0,20.0,0.8823529411764706,16.0,0.0,139.0134779591561,nan,nan,nan,nan,nan,0.6337916666666666,0.26095,nan,nan,nan,nan
684,0.6311111111111111,212.0,168.0,27.0,0.8392857142857143,16.0,0.0,127.83587278413769,nan,nan,nan,nan,nan,0.6345,0.2606,nan,nan,nan,nan
685,0.5911111111111111,171.0,139.0,7.0,0.9496402877697842,14.0,0.0,126.13553590059283,nan,nan,nan,nan,nan,0.6352083333333333,0.26025,nan,nan,nan,nan
686,0.68,214.0,169.0,17.0,0.8994082840236687,16.0,0.0,141.97613628816612,nan,nan,nan,nan,nan,0.6359166666666667,0.2599,nan,nan,nan,nan
687,0.6311111111111111,194.0,156.0,15.0,0.9038461538461539,15.0,0.0,132.08966773462302,nan,nan,nan,nan,nan,0.636625,0.25955,nan,nan,nan,nan
688,0.6622222222222223,192.0,155.0,7.0,0.9548387096774194,15.0,0.0,141.57928397512427,11.238685846328735,0.008787974249571562,21.1886967420578,2.602426052093506,0.00029948007249913644,0.6373333333333333,0.25920000000000004,nan,nan,nan,nan
689,0.6933333333333334,221.0,172.0,17.0,0.9011627906976745,16.0,0.0,145.07874260568627,nan,nan,nan,nan,nan,0.6380416666666667,0.25885,nan,nan,nan,nan
690,0.7066666666666667,211.0,173.0,15.0,0.9132947976878613,16.0,0.0,148.7625472507476,nan,nan,nan,nan,nan,0.6387499999999999,0.25850000000000006,nan,nan,nan,nan
691,0.6266666666666667,198.0,162.0,22.0,0.8641975308641975,15.0,0.0,129.08142179584507,nan,nan,nan,nan,nan,0.6394583333333332,0.25815000000000005,nan,nan,nan,nan
692,0.6533333333333333,212.0,165.0,19.0,0.8848484848484849,16.0,0.0,135.19490125417718,nan,nan,nan,nan,nan,0.6401666666666667,0.25780000000000003,nan,nan,nan,nan
693,0.56,168.0,135.0,10.0,0.9259259259259259,14.0,0.0,118.22118802642825,nan,nan,nan,nan,nan,0.640875,0.25745000000000007,nan,nan,nan,nan
694,0.6222222222222222,185.0,155.0,16.0,0.896774193548387,13.0,0.0,130.80929245185857,nan,nan,nan,nan,nan,0.6415833333333334,0.2571,nan,nan,nan,nan
695,0.6488888888888888,201.0,164.0,19.0,0.8841463414634146,16.0,0.0,134.58036677408214,nan,nan,nan,nan,nan,0.6422916666666667,0.25675000000000003,nan,nan,nan,nan
696,0.6133333333333333,191.0,151.0,14.0,0.9072847682119205,15.0,0.0,128.2773792252541,nan,nan,nan,nan,nan,0.6429999999999999,0.2564000000000001,nan,nan,nan,nan
697,0.5733333333333334,174.0,142.0,14.0,0.9014084507042254,13.0,0.0,120.43664798736582,nan,nan,nan,nan,nan,0.6437083333333333,0.25605,nan,nan,nan,nan
698,0.7111111111111111,215.0,171.0,12.0,0.9298245614035088,16.0,0.0,150.57604952526077,nan,nan,nan,nan,nan,0.6444166666666666,0.25570000000000004,nan,nan,nan,nan
699,0.7066666666666667,209.0,174.0,16.0,0.9080459770114943,15.0,0.0,148.96887514495845,nan,nan,nan,nan,nan,0.645125,0.25535,nan,nan,nan,nan
700,0.6933333333333334,207.0,167.0,12.0,0.9281437125748503,16.0,0.0,146.71057821941366,nan,nan,nan,nan,nan,0.6458333333333334,0.255,0.703911111111111,0.6528888888888889,0.9480814508517706,0.0
701,0.7111111111111111,215.0,176.0,17.0,0.9034090909090909,16.0,0.0,149.30504930114756,nan,nan,nan,nan,nan,0.6465416666666666,0.25465000000000004,nan,nan,nan,nan
702,0.6577777777777778,214.0,173.0,26.0,0.8497109826589595,16.0,0.0,134.32269460201252,nan,nan,nan,nan,nan,0.64725,0.2543,nan,nan,nan,nan
703,0.6444444444444445,182.0,152.0,8.0,0.9473684210526315,14.0,0.0,137.94811609363555,nan,nan,nan,nan,nan,0.6479583333333333,0.25395,nan,nan,nan,nan
704,0.6622222222222223,218.0,172.0,24.0,0.8604651162790697,16.0,0.0,135.7086090893745,11.463067770004272,-0.0110549945384264,21.67763614654541,2.6598424315452576,0.00018098860391546623,0.6486666666666666,0.25360000000000005,nan,nan,nan,nan
705,0.6133333333333333,180.0,146.0,9.0,0.9383561643835616,13.0,0.0,130.887371123314,nan,nan,nan,nan,nan,0.649375,0.25325000000000003,nan,nan,nan,nan
706,0.6577777777777778,206.0,163.0,16.0,0.901840490797546,16.0,0.0,137.35750860166553,nan,nan,nan,nan,nan,0.6500833333333333,0.2529,nan,nan,nan,nan
707,0.7066666666666667,218.0,174.0,16.0,0.9080459770114943,16.0,0.0,148.45640793132782,nan,nan,nan,nan,nan,0.6507916666666667,0.25255000000000005,nan,nan,nan,nan
708,0.6133333333333333,179.0,148.0,11.0,0.9256756756756757,14.0,0.0,129.87081337261213,nan,nan,nan,nan,nan,0.6515,0.25220000000000004,nan,nan,nan,nan
709,0.68,211.0,165.0,13.0,0.9212121212121213,16.0,0.0,143.40952257728566,nan,nan,nan,nan,nan,0.6522083333333333,0.25185,nan,nan,nan,nan
710,0.6533333333333333,200.0,166.0,20.0,0.8795180722891566,16.0,0.0,135.3119284090996,nan,nan,nan,nan,nan,0.6529166666666667,0.25150000000000006,nan,nan,nan,nan
711,0.6444444444444445,205.0,164.0,20.0,0.8780487804878049,16.0,0.0,132.98069962787622,nan,nan,nan,nan,nan,0.653625,0.25115000000000004,nan,nan,nan,nan
712,0.6133333333333333,189.0,154.0,17.0,0.8896103896103896,14.0,0.0,127.87284738826762,nan,nan,nan,nan,nan,0.6543333333333334,0.2508,nan,nan,nan,nan
713,0.68,220.0,170.0,18.0,0.8941176470588236,16.0,0.0,141.6016295480728,nan,nan,nan,nan,nan,0.6550416666666666,0.25045000000000006,nan,nan,nan,nan
714,0.6888888888888889,210.0,170.0,16.0,0.9058823529411765,16.0,0.0,144.43504704904564,nan,nan,nan,nan,nan,0.6557499999999999,0.2501,nan,nan,nan,nan
715,0.6044444444444445,169.0,139.0,4.0,0.9712230215827338,14.0,0.0,130.14258686828617,nan,nan,nan,nan,nan,0.6564583333333334,0.24975000000000003,nan,nan,nan,nan
716,0.6666666666666666,193.0,157.0,8.0,0.9490445859872612,15.0,0.0,142.3767154040336,nan,nan,nan,nan,nan,0.6571666666666667,0.2494,nan,nan,nan,nan
717,0.6755555555555556,209.0,167.0,16.0,0.9041916167664671,16.0,0.0,141.24769870424262,nan,nan,nan,nan,nan,0.657875,0.24905000000000005,nan,nan,nan,nan
718,0.7066666666666667,206.0,168.0,10.0,0.9404761904761905,16.0,0.0,150.18242026042938,nan,nan,nan,nan,nan,0.6585833333333334,0.24870000000000003,nan,nan,nan,nan
719,0.7066666666666667,210.0,173.0,15.0,0.9132947976878613,16.0,0.0,148.94264930438993,nan,nan,nan,nan,nan,0.6592916666666666,0.24835000000000002,nan,nan,nan,nan
720,0.7022222222222222,210.0,169.0,12.0,0.9289940828402367,16.0,0.0,148.6986179180144,10.305185914039612,0.01596827059984207,19.352980136871338,2.6266430616378784,0.00023541861338571834,0.66,0.248,nan,nan,nan,nan
721,0.6044444444444445,176.0,142.0,7.0,0.9507042253521126,14.0,0.0,129.18945167303093,nan,nan,nan,nan,nan,0.6607083333333333,0.24765000000000004,nan,nan,nan,nan
722,0.6711111111111111,208.0,171.0,21.0,0.8771929824561403,16.0,0.0,139.13988399362566,nan,nan,nan,nan,nan,0.6614166666666667,0.24730000000000002,nan,nan,nan,nan
723,0.6755555555555556,205.0,165.0,14.0,0.9151515151515152,16.0,0.0,142.19973255348208,nan,nan,nan,nan,nan,0.6621250000000001,0.24695,nan,nan,nan,nan
724,0.7022222222222222,211.0,174.0,17.0,0.9022988505747126,16.0,0.0,147.26421643686294,nan,nan,nan,nan,nan,0.6628333333333334,0.24660000000000004,nan,nan,nan,nan
725,0.7111111111111111,202.0,167.0,8.0,0.9520958083832335,16.0,0.0,152.07343400669095,nan,nan,nan,nan,nan,0.6635416666666667,0.24625000000000002,nan,nan,nan,nan
726,0.6444444444444445,198.0,157.0,13.0,0.9171974522292994,16.0,0.0,135.3943587355615,nan,nan,nan,nan,nan,0.66425,0.2459,nan,nan,nan,nan
727,0.7244444444444444,219.0,174.0,12.0,0.9310344827586207,15.0,0.0,153.94049765586843,nan,nan,nan,nan,nan,0.6649583333333333,0.24555000000000005,nan,nan,nan,nan
728,0.6711111111111111,210.0,174.0,24.0,0.8620689655172413,16.0,0.0,138.09615980339055,nan,nan,nan,nan,nan,0.6656666666666667,0.24520000000000003,nan,nan,nan,nan
729,0.6844444444444444,212.0,173.0,20.0,0.884393063583815,16.0,0.0,142.17023473787305,nan,nan,nan,nan,nan,0.666375,0.24485,nan,nan,nan,nan
730,0.6533333333333333,213.0,164.0,18.0,0.8902439024390244,16.0,0.0,135.61441684627525,nan,nan,nan,nan,nan,0.6670833333333333,0.2445,nan,nan,nan,nan
731,0.6622222222222223,211.0,164.0,16.0,0.9024390243902439,16.0,0.0,137.92686957931514,nan,nan,nan,nan,nan,0.6677916666666667,0.24415000000000003,nan,nan,nan,nan
732,0.6666666666666666,200.0,166.0,17.0,0.8975903614457831,16.0,0.0,139.38366290235533,nan,nan,nan,nan,nan,0.6685,0.24380000000000002,nan,nan,nan,nan
733,0.6533333333333333,219.0,171.0,25.0,0.8538011695906432,16.0,0.0,133.29490948772428,nan,nan,nan,nan,nan,0.6692083333333333,0.24345,nan,nan,nan,nan
734,0.6755555555555556,201.0,166.0,15.0,0.9096385542168675,16.0,0.0,141.81261271858216,nan,nan,nan,nan,nan,0.6699166666666667,0.24310000000000004,nan,nan,nan,nan
735,0.6711111111111111,207.0,164.0,14.0,0.9146341463414634,16.0,0.0,141.06801704692833,nan,nan,nan,nan,nan,0.670625,0.24275000000000002,nan,nan,nan,nan
736,0.6266666666666667,204.0,157.0,17.0,0.89171974522293,15.0,0.0,130.44822436857228,11.516351044178009,0.002409072360023856,21.84699058532715,2.593341201543808,0.00016862672418938018,0.6713333333333333,0.2424,nan,nan,nan,nan
737,0.6488888888888888,197.0,159.0,14.0,0.9119496855345912,15.0,0.0,136.54970373630528,nan,nan,nan,nan,nan,0.6720416666666666,0.24205000000000004,nan,nan,nan,nan
738,0.6888888888888889,208.0,171.0,17.0,0.9005847953216374,15.0,0.0,144.4482267713547,nan,nan,nan,nan,nan,0.67275,0.24170000000000003,nan,nan,nan,nan
739,0.6133333333333333,182.0,154.0,17.0,0.8896103896103896,14.0,0.0,128.25348682212837,nan,nan,nan,nan,nan,0.6734583333333334,0.24135,nan,nan,nan,nan
740,0.6666666666666666,212.0,168.0,19.0,0.8869047619047619,16.0,0.0,138.39935353946703,nan,nan,nan,nan,nan,0.6741666666666667,0.241,nan,nan,nan,nan
741,0.6933333333333334,214.0,174.0,19.0,0.8908045977011494,16.0,0.0,144.2955079851151,nan,nan,nan,nan,nan,0.674875,0.24065000000000003,nan,nan,nan,nan
742,0.6533333333333333,210.0,163.0,17.0,0.8957055214723927,15.0,0.0,136.2695622272492,nan,nan,nan,nan,nan,0.6755833333333333,0.2403,nan,nan,nan,nan
743,0.6444444444444445,198.0,159.0,15.0,0.9056603773584906,14.0,0.0,135.52842699146265,nan,nan,nan,nan,nan,0.6762916666666666,0.23995,nan,nan,nan,nan
744,0.68,200.0,163.0,11.0,0.9325153374233128,16.0,0.0,144.14439999485015,nan,nan,nan,nan,nan,0.677,0.23960000000000004,nan,nan,nan,nan
745,0.6311111111111111,183.0,151.0,10.0,0.9337748344370861,15.0,0.0,133.91673692035675,nan,nan,nan,nan,nan,0.6777083333333334,0.23925000000000002,nan,nan,nan,nan
746,0.6133333333333333,176.0,146.0,9.0,0.9383561643835616,13.0,0.0,130.84173833560956,nan,nan,nan,nan,nan,0.6784166666666667,0.2389,nan,nan,nan,nan
747,0.6977777777777778,205.0,166.0,10.0,0.9397590361445783,16.0,0.0,148.3282548179627,nan,nan,nan,nan,nan,0.6791250000000001,0.23855000000000004,nan,nan,nan,nan
748,0.6311111111111111,187.0,152.0,11.0,0.9276315789473685,14.0,0.0,133.8087802886964,nan,nan,nan,nan,nan,0.6798333333333333,0.23820000000000002,nan,nan,nan,nan
749,0.6444444444444445,195.0,154.0,10.0,0.935064935064935,15.0,0.0,136.66413947486885,nan,nan,nan,nan,nan,0.6805416666666667,0.23785,nan,nan,nan,nan
750,0.6711111111111111,203.0,162.0,12.0,0.9259259259259259,16.0,0.0,141.61818592262262,nan,nan,nan,nan,nan,0.68125,0.23750000000000004,nan,nan,nan,nan
751,0.6044444444444445,188.0,153.0,18.0,0.8823529411764706,14.0,0.0,125.3891253623963,nan,nan,nan,nan,nan,0.6819583333333333,0.23715000000000003,nan,nan,nan,nan
752,0.6177777777777778,181.0,151.0,13.0,0.9139072847682119,14.0,0.0,130.44626499032975,20.72189724445343,-0.013143488788045943,40.29388880729675,2.648356705904007,0.000866905940711149,0.6826666666666668,0.2368,nan,nan,nan,nan
753,0.6355555555555555,191.0,156.0,14.0,0.9102564102564102,14.0,0.0,133.8279110240937,nan,nan,nan,nan,nan,0.683375,0.23645,nan,nan,nan,nan
754,0.7022222222222222,216.0,174.0,17.0,0.9022988505747126,15.0,0.0,147.32812833881383,nan,nan,nan,nan,nan,0.6840833333333333,0.23610000000000003,nan,nan,nan,nan
755,0.6622222222222223,198.0,161.0,13.0,0.9192546583850931,16.0,0.0,139.37999133682257,nan,nan,nan,nan,nan,0.6847916666666667,0.23575000000000002,nan,nan,nan,nan
756,0.6755555555555556,205.0,169.0,18.0,0.893491124260355,16.0,0.0,140.8181484622955,nan,nan,nan,nan,nan,0.6855,0.2354,nan,nan,nan,nan
757,0.64,200.0,158.0,15.0,0.9050632911392406,16.0,0.0,133.78491211843493,nan,nan,nan,nan,nan,0.6862083333333333,0.23505000000000004,nan,nan,nan,nan
758,0.6711111111111111,214.0,170.0,20.0,0.8823529411764706,16.0,0.0,139.2587972168922,nan,nan,nan,nan,nan,0.6869166666666667,0.23470000000000002,nan,nan,nan,nan
759,0.6711111111111111,205.0,165.0,15.0,0.9090909090909091,16.0,0.0,140.57536675643928,nan,nan,nan,nan,nan,0.6876249999999999,0.23435,nan,nan,nan,nan
760,0.6133333333333333,183.0,150.0,13.0,0.9133333333333333,14.0,0.0,129.40295165252692,nan,nan,nan,nan,nan,0.6883333333333334,0.23400000000000004,nan,nan,nan,nan
761,0.6977777777777778,201.0,170.0,14.0,0.9176470588235294,16.0,0.0,147.16885389995562,nan,nan,nan,nan,nan,0.6890416666666667,0.23365000000000002,nan,nan,nan,nan
762,0.6444444444444445,211.0,166.0,22.0,0.8674698795180723,16.0,0.0,132.56374031019206,nan,nan,nan,nan,nan,0.68975,0.2333,nan,nan,nan,nan
763,0.6888888888888889,217.0,173.0,19.0,0.8901734104046243,15.0,0.0,143.61234879732132,nan,nan,nan,nan,nan,0.6904583333333334,0.23295,nan,nan,nan,nan
764,0.6,204.0,157.0,23.0,0.8535031847133758,16.0,0.0,121.35065306997302,nan,nan,nan,nan,nan,0.6911666666666667,0.23260000000000003,nan,nan,nan,nan
765,0.6,187.0,152.0,18.0,0.881578947368421,14.0,0.0,124.71668447589886,nan,nan,nan,nan,nan,0.691875,0.23225,nan,nan,nan,nan
766,0.68,209.0,165.0,13.0,0.9212121212121213,16.0,0.0,143.35371230316153,nan,nan,nan,nan,nan,0.6925833333333333,0.2319,nan,nan,nan,nan
767,0.6222222222222222,198.0,155.0,16.0,0.896774193548387,15.0,0.0,129.5493734264374,nan,nan,nan,nan,nan,0.6932916666666666,0.23155000000000003,nan,nan,nan,nan
768,0.6444444444444445,204.0,161.0,17.0,0.8944099378881988,16.0,0.0,134.0877969555855,16.218982934951782,-0.0012910892255604267,31.355533838272095,2.5093830823898315,0.0007020659923000494,0.6940000000000001,0.23120000000000002,nan,nan,nan,nan
769,0.6444444444444445,189.0,156.0,12.0,0.9230769230769231,14.0,0.0,136.69318039608012,nan,nan,nan,nan,nan,0.6947083333333334,0.23085,nan,nan,nan,nan
770,0.6488888888888888,217.0,170.0,25.0,0.8529411764705882,16.0,0.0,132.62984865093233,nan,nan,nan,nan,nan,0.6954166666666667,0.23050000000000004,nan,nan,nan,nan
771,0.6577777777777778,203.0,162.0,15.0,0.9074074074074074,16.0,0.0,137.8815991473198,nan,nan,nan,nan,nan,0.696125,0.23015000000000002,nan,nan,nan,nan
772,0.64,195.0,158.0,15.0,0.9050632911392406,16.0,0.0,133.7028214907646,nan,nan,nan,nan,nan,0.6968333333333333,0.2298,nan,nan,nan,nan
773,0.6533333333333333,198.0,162.0,16.0,0.9012345679012346,16.0,0.0,136.65430007839194,nan,nan,nan,nan,nan,0.6975416666666667,0.22945,nan,nan,nan,nan
774,0.6711111111111111,204.0,162.0,12.0,0.9259259259259259,16.0,0.0,141.52684885740283,nan,nan,nan,nan,nan,0.69825,0.22910000000000003,nan,nan,nan,nan
775,0.5866666666666667,181.0,145.0,14.0,0.903448275862069,14.0,0.0,123.04980668830872,nan,nan,nan,nan,nan,0.6989583333333333,0.22875,nan,nan,nan,nan
776,0.6711111111111111,216.0,166.0,16.0,0.9036144578313253,16.0,0.0,140.04469129562375,nan,nan,nan,nan,nan,0.6996666666666667,0.2284,nan,nan,nan,nan
777,0.6977777777777778,208.0,170.0,14.0,0.9176470588235294,16.0,0.0,147.14770763826377,nan,nan,nan,nan,nan,0.700375,0.22805000000000003,nan,nan,nan,nan
778,0.6622222222222223,211.0,162.0,14.0,0.9135802469135802,16.0,0.0,138.98395231819154,nan,nan,nan,nan,nan,0.7010833333333333,0.2277,nan,nan,nan,nan
779,0.7022222222222222,210.0,171.0,14.0,0.9181286549707602,16.0,0.0,148.12799164533612,nan,nan,nan,nan,nan,0.7017916666666667,0.22735,nan,nan,nan,nan
780,0.6622222222222223,201.0,161.0,13.0,0.9192546583850931,16.0,0.0,139.17085635566718,nan,nan,nan,nan,nan,0.7025,0.22700000000000004,nan,nan,nan,nan
781,0.5422222222222223,165.0,133.0,12.0,0.9097744360902256,12.0,0.0,114.41529185199744,nan,nan,nan,nan,nan,0.7032083333333333,0.22665000000000002,nan,nan,nan,nan
782,0.7022222222222222,209.0,171.0,14.0,0.9181286549707602,16.0,0.0,147.98286361503597,nan,nan,nan,nan,nan,0.7039166666666666,0.2263,nan,nan,nan,nan
783,0.6355555555555555,200.0,157.0,15.0,0.9044585987261147,16.0,0.0,132.85362176084516,nan,nan,nan,nan,nan,0.704625,0.22594999999999998,nan,nan,nan,nan
784,0.6266666666666667,208.0,169.0,29.0,0.8284023668639053,16.0,0.0,126.33471602630615,11.825297355651855,-0.015893324627541006,22.616920709609985,2.526880204677582,0.00048296356908394955,0.7053333333333334,0.22560000000000002,nan,nan,nan,nan
785,0.6577777777777778,202.0,168.0,21.0,0.875,16.0,0.0,136.02312254095088,nan,nan,nan,nan,nan,0.7060416666666667,0.22525,nan,nan,nan,nan
786,0.6977777777777778,211.0,174.0,18.0,0.896551724137931,16.0,0.0,145.7187735304831,nan,nan,nan,nan,nan,0.70675,0.2249,nan,nan,nan,nan
787,0.6177777777777778,197.0,159.0,21.0,0.8679245283018868,16.0,0.0,126.76953463029864,nan,nan,nan,nan,nan,0.7074583333333334,0.22455000000000003,nan,nan,nan,nan
788,0.6933333333333334,207.0,172.0,17.0,0.9011627906976745,16.0,0.0,145.3282078528404,nan,nan,nan,nan,nan,0.7081666666666666,0.2242,nan,nan,nan,nan
789,0.6533333333333333,197.0,158.0,12.0,0.9240506329113924,16.0,0.0,137.8100880150795,nan,nan,nan,nan,nan,0.708875,0.22385,nan,nan,nan,nan
790,0.68,210.0,171.0,19.0,0.8888888888888888,16.0,0.0,141.71266341829306,nan,nan,nan,nan,nan,0.7095833333333333,0.22350000000000003,nan,nan,nan,nan
791,0.6933333333333334,210.0,171.0,16.0,0.9064327485380117,16.0,0.0,145.5168123011589,nan,nan,nan,nan,nan,0.7102916666666667,0.22315000000000002,nan,nan,nan,nan
792,0.7066666666666667,221.0,173.0,15.0,0.9132947976878613,16.0,0.0,148.6162427864074,nan,nan,nan,nan,nan,0.7110000000000001,0.2228,nan,nan,nan,nan
793,0.6533333333333333,190.0,156.0,10.0,0.9358974358974359,14.0,0.0,139.28437733602527,nan,nan,nan,nan,nan,0.7117083333333334,0.22244999999999998,nan,nan,nan,nan
794,0.5911111111111111,189.0,144.0,12.0,0.9166666666666666,14.0,0.0,124.4863967747689,nan,nan,nan,nan,nan,0.7124166666666666,0.22210000000000002,nan,nan,nan,nan
795,0.68,207.0,171.0,19.0,0.8888888888888888,16.0,0.0,141.3494264492989,nan,nan,nan,nan,nan,0.713125,0.22175,nan,nan,nan,nan
796,0.6622222222222223,199.0,163.0,15.0,0.9079754601226994,16.0,0.0,138.87053037977225,nan,nan,nan,nan,nan,0.7138333333333333,0.22139999999999999,nan,nan,nan,nan
797,0.5688888888888889,175.0,140.0,13.0,0.9071428571428571,14.0,0.0,119.28777682781222,nan,nan,nan,nan,nan,0.7145416666666667,0.22105000000000002,nan,nan,nan,nan
798,0.6711111111111111,201.0,163.0,13.0,0.9202453987730062,16.0,0.0,141.52009277057647,nan,nan,nan,nan,nan,0.71525,0.2207,nan,nan,nan,nan
799,0.6755555555555556,206.0,169.0,18.0,0.893491124260355,15.0,0.0,141.1812650675773,nan,nan,nan,nan,nan,0.7159583333333334,0.22035,nan,nan,nan,nan
800,0.6533333333333333,201.0,165.0,19.0,0.8848484848484849,15.0,0.0,135.97338797950738,15.635214626789093,0.019862085347995162,30.1857727766037,2.548326790332794,0.0006736593377354438,0.7166666666666667,0.22000000000000003,0.6984888888888889,0.6448888888888888,0.9455663264950315,0.0
801,0.6844444444444444,199.0,162.0,9.0,0.9444444444444444,16.0,0.0,145.6640039172173,nan,nan,nan,nan,nan,0.717375,0.21965,nan,nan,nan,nan
802,0.6844444444444444,208.0,162.0,9.0,0.9444444444444444,16.0,0.0,145.52912433528905,nan,nan,nan,nan,nan,0.7180833333333333,0.2193,nan,nan,nan,nan
803,0.6666666666666666,216.0,169.0,20.0,0.8816568047337278,16.0,0.0,138.26930670022952,nan,nan,nan,nan,nan,0.7187916666666667,0.21894999999999998,nan,nan,nan,nan
804,0.6088888888888889,186.0,153.0,17.0,0.8888888888888888,14.0,0.0,127.04001779937757,nan,nan,nan,nan,nan,0.7195,0.21860000000000002,nan,nan,nan,nan
805,0.6977777777777778,215.0,166.0,10.0,0.9397590361445783,16.0,0.0,148.2597232460975,nan,nan,nan,nan,nan,0.7202083333333333,0.21825,nan,nan,nan,nan
806,0.6222222222222222,177.0,147.0,8.0,0.9455782312925171,14.0,0.0,132.94364974117283,nan,nan,nan,nan,nan,0.7209166666666667,0.21789999999999998,nan,nan,nan,nan
807,0.7111111111111111,223.0,172.0,13.0,0.9244186046511628,16.0,0.0,150.09255571603768,nan,nan,nan,nan,nan,0.721625,0.21755000000000002,nan,nan,nan,nan
808,0.6311111111111111,198.0,158.0,17.0,0.8924050632911392,16.0,0.0,131.13370721101765,nan,nan,nan,nan,nan,0.7223333333333334,0.2172,nan,nan,nan,nan
809,0.6311111111111111,204.0,162.0,21.0,0.8703703703703703,16.0,0.0,129.90863858938226,nan,nan,nan,nan,nan,0.7230416666666667,0.21685,nan,nan,nan,nan
810,0.6888888888888889,209.0,169.0,15.0,0.9112426035502958,16.0,0.0,144.6532315335273,nan,nan,nan,nan,nan,0.72375,0.21650000000000003,nan,nan,nan,nan
811,0.6177777777777778,190.0,151.0,13.0,0.9139072847682119,15.0,0.0,129.7549692611694,nan,nan,nan,nan,nan,0.7244583333333333,0.21615,nan,nan,nan,nan
812,0.7066666666666667,210.0,170.0,12.0,0.9294117647058824,16.0,0.0,149.71707019948963,nan,nan,nan,nan,nan,0.7251666666666666,0.2158,nan,nan,nan,nan
813,0.6444444444444445,194.0,159.0,15.0,0.9056603773584906,16.0,0.0,134.88397985363014,nan,nan,nan,nan,nan,0.725875,0.21545000000000003,nan,nan,nan,nan
814,0.6844444444444444,214.0,175.0,22.0,0.8742857142857143,16.0,0.0,141.41103021240232,nan,nan,nan,nan,nan,0.7265833333333334,0.2151,nan,nan,nan,nan
815,0.6666666666666666,203.0,161.0,12.0,0.9254658385093167,16.0,0.0,140.52980707645412,nan,nan,nan,nan,nan,0.7272916666666667,0.21475000000000005,nan,nan,nan,nan
816,0.68,206.0,163.0,11.0,0.9325153374233128,16.0,0.0,143.72945832061782,10.987051963806152,-0.005602851742878556,20.976991891860962,2.5273290872573853,0.0002517893535696203,0.7280000000000001,0.21440000000000003,nan,nan,nan,nan
817,0.6444444444444445,210.0,164.0,20.0,0.8780487804878049,16.0,0.0,133.14709323692327,nan,nan,nan,nan,nan,0.7287083333333333,0.21405000000000002,nan,nan,nan,nan
818,0.6755555555555556,203.0,168.0,17.0,0.8988095238095238,15.0,0.0,141.67267690420147,nan,nan,nan,nan,nan,0.7294166666666666,0.21370000000000006,nan,nan,nan,nan
819,0.6711111111111111,205.0,165.0,15.0,0.9090909090909091,16.0,0.0,140.498832365036,nan,nan,nan,nan,nan,0.730125,0.21335000000000004,nan,nan,nan,nan
820,0.6711111111111111,207.0,166.0,16.0,0.9036144578313253,16.0,0.0,140.2422199912072,nan,nan,nan,nan,nan,0.7308333333333333,0.21300000000000002,nan,nan,nan,nan
821,0.68,206.0,164.0,12.0,0.926829268292683,15.0,0.0,144.00911023044586,nan,nan,nan,nan,nan,0.7315416666666668,0.21265000000000006,nan,nan,nan,nan
822,0.6844444444444444,213.0,172.0,19.0,0.8895348837209303,16.0,0.0,142.2004471316338,nan,nan,nan,nan,nan,0.7322500000000001,0.21230000000000004,nan,nan,nan,nan
823,0.6666666666666666,204.0,160.0,11.0,0.93125,16.0,0.0,140.87986077165593,nan,nan,nan,nan,nan,0.7329583333333333,0.21195000000000003,nan,nan,nan,nan
824,0.6977777777777778,207.0,171.0,15.0,0.9122807017543859,16.0,0.0,146.9595782380103,nan,nan,nan,nan,nan,0.7336666666666667,0.2116,nan,nan,nan,nan
825,0.6222222222222222,182.0,151.0,12.0,0.9205298013245033,15.0,0.0,131.25295198011392,nan,nan,nan,nan,nan,0.734375,0.21125000000000005,nan,nan,nan,nan
826,0.6355555555555555,200.0,161.0,19.0,0.8819875776397516,16.0,0.0,131.21200747251507,nan,nan,nan,nan,nan,0.7350833333333333,0.21090000000000003,nan,nan,nan,nan
827,0.6044444444444445,178.0,146.0,11.0,0.9246575342465754,13.0,0.0,128.3144265480042,nan,nan,nan,nan,nan,0.7357916666666667,0.21055000000000001,nan,nan,nan,nan
828,0.6933333333333334,202.0,167.0,12.0,0.9281437125748503,16.0,0.0,146.7921563296317,nan,nan,nan,nan,nan,0.7364999999999999,0.21020000000000005,nan,nan,nan,nan
829,0.5555555555555556,165.0,132.0,8.0,0.9393939393939394,13.0,0.0,118.22241845464706,nan,nan,nan,nan,nan,0.7372083333333334,0.20985000000000004,nan,nan,nan,nan
830,0.6355555555555555,193.0,149.0,7.0,0.9530201342281879,14.0,0.0,135.87370891618738,nan,nan,nan,nan,nan,0.7379166666666667,0.20950000000000002,nan,nan,nan,nan
831,0.6666666666666666,208.0,168.0,19.0,0.8869047619047619,16.0,0.0,138.53860431098946,nan,nan,nan,nan,nan,0.738625,0.20915000000000006,nan,nan,nan,nan
832,0.6933333333333334,213.0,169.0,14.0,0.9171597633136095,16.0,0.0,145.97747918081274,14.006717920303345,-0.011459665838629007,27.047001600265503,2.549838751554489,0.00038637966235910426,0.7393333333333334,0.20880000000000004,nan,nan,nan,nan
833,0.6755555555555556,214.0,170.0,19.0,0.888235294117647,16.0,0.0,140.5543504152297,nan,nan,nan,nan,nan,0.7400416666666667,0.20845000000000002,nan,nan,nan,nan
834,0.64,189.0,153.0,10.0,0.934640522875817,14.0,0.0,136.1792465057373,nan,nan,nan,nan,nan,0.74075,0.2081,nan,nan,nan,nan
835,0.64,200.0,159.0,16.0,0.89937106918239,16.0,0.0,133.42240158510208,nan,nan,nan,nan,nan,0.7414583333333333,0.20775000000000005,nan,nan,nan,nan
836,0.68,221.0,176.0,24.0,0.8636363636363636,16.0,0.0,139.63927268123626,nan,nan,nan,nan,nan,0.7421666666666666,0.20740000000000003,nan,nan,nan,nan
837,0.6977777777777778,213.0,171.0,15.0,0.9122807017543859,16.0,0.0,146.62792050790776,nan,nan,nan,nan,nan,0.7428750000000001,0.20705,nan,nan,nan,nan
838,0.6622222222222223,213.0,164.0,16.0,0.9024390243902439,16.0,0.0,138.1420268068313,nan,nan,nan,nan,nan,0.7435833333333334,0.20670000000000005,nan,nan,nan,nan
839,0.6177777777777778,185.0,151.0,13.0,0.9139072847682119,14.0,0.0,130.3822882423402,nan,nan,nan,nan,nan,0.7442916666666667,0.20635000000000003,nan,nan,nan,nan
840,0.5555555555555556,166.0,136.0,12.0,0.9117647058823529,13.0,0.0,116.95976400423055,nan,nan,nan,nan,nan,0.745,0.20600000000000002,nan,nan,nan,nan
841,0.6444444444444445,190.0,160.0,16.0,0.9,15.0,0.0,135.14702181386946,nan,nan,nan,nan,nan,0.7457083333333333,0.20565000000000005,nan,nan,nan,nan
842,0.6844444444444444,214.0,169.0,16.0,0.9053254437869822,16.0,0.0,143.2792244429588,nan,nan,nan,nan,nan,0.7464166666666666,0.20530000000000004,nan,nan,nan,nan
843,0.6755555555555556,209.0,166.0,15.0,0.9096385542168675,16.0,0.0,141.6928069500922,nan,nan,nan,nan,nan,0.747125,0.20495000000000002,nan,nan,nan,nan
844,0.6577777777777778,207.0,165.0,18.0,0.8909090909090909,16.0,0.0,136.72670821285254,nan,nan,nan,nan,nan,0.7478333333333333,0.2046,nan,nan,nan,nan
845,0.6488888888888888,209.0,164.0,19.0,0.8841463414634146,16.0,0.0,134.14405091476436,nan,nan,nan,nan,nan,0.7485416666666668,0.20425000000000004,nan,nan,nan,nan
846,0.6666666666666666,209.0,166.0,17.0,0.8975903614457831,16.0,0.0,139.1682409162522,nan,nan,nan,nan,nan,0.74925,0.20390000000000003,nan,nan,nan,nan
847,0.6977777777777778,215.0,172.0,16.0,0.9069767441860465,16.0,0.0,146.31030770683284,nan,nan,nan,nan,nan,0.7499583333333333,0.20355,nan,nan,nan,nan
848,0.5777777777777777,161.0,134.0,5.0,0.9626865671641791,13.0,0.0,124.29239634609233,13.313516736030579,-0.008104054897557944,25.649940013885498,2.6341415643692017,0.0005026679691582103,0.7506666666666667,0.20320000000000005,nan,nan,nan,nan
849,0.6755555555555556,210.0,170.0,19.0,0.888235294117647,16.0,0.0,140.53098623037351,nan,nan,nan,nan,nan,0.751375,0.20285000000000003,nan,nan,nan,nan
850,0.6755555555555556,211.0,176.0,25.0,0.8579545454545454,16.0,0.0,138.81433535814278,nan,nan,nan,nan,nan,0.7520833333333333,0.2025,nan,nan,nan,nan
851,0.6355555555555555,194.0,160.0,18.0,0.8875,15.0,0.0,132.4081645760536,nan,nan,nan,nan,nan,0.7527916666666666,0.20215000000000005,nan,nan,nan,nan
852,0.6844444444444444,205.0,165.0,12.0,0.9272727272727272,16.0,0.0,144.6378994865417,nan,nan,nan,nan,nan,0.7535,0.20180000000000003,nan,nan,nan,nan
853,0.6844444444444444,205.0,169.0,16.0,0.9053254437869822,15.0,0.0,144.05828244209297,nan,nan,nan,nan,nan,0.7542083333333334,0.20145000000000002,nan,nan,nan,nan
854,0.6711111111111111,200.0,161.0,11.0,0.9316770186335404,16.0,0.0,141.9505936541557,nan,nan,nan,nan,nan,0.7549166666666667,0.2011,nan,nan,nan,nan
855,0.6088888888888889,171.0,143.0,7.0,0.951048951048951,13.0,0.0,130.41583447551736,nan,nan,nan,nan,nan,0.755625,0.20075000000000004,nan,nan,nan,nan
856,0.6666666666666666,219.0,176.0,27.0,0.8465909090909091,16.0,0.0,135.85389982891084,nan,nan,nan,nan,nan,0.7563333333333334,0.20040000000000002,nan,nan,nan,nan
857,0.6355555555555555,197.0,159.0,17.0,0.8930817610062893,15.0,0.0,132.70546434974668,nan,nan,nan,nan,nan,0.7570416666666666,0.20005,nan,nan,nan,nan
858,0.6666666666666666,209.0,167.0,18.0,0.8922155688622755,16.0,0.0,138.7285348072052,nan,nan,nan,nan,nan,0.75775,0.19970000000000004,nan,nan,nan,nan
859,0.6844444444444444,212.0,170.0,17.0,0.9,16.0,0.0,143.26736288070677,nan,nan,nan,nan,nan,0.7584583333333333,0.19935000000000003,nan,nan,nan,nan
860,0.7066666666666667,202.0,165.0,7.0,0.9575757575757575,16.0,0.0,151.34045045852653,nan,nan,nan,nan,nan,0.7591666666666667,0.199,nan,nan,nan,nan
861,0.5866666666666667,176.0,142.0,11.0,0.9225352112676056,14.0,0.0,123.7225486164094,nan,nan,nan,nan,nan,0.7598750000000001,0.19865000000000005,nan,nan,nan,nan
862,0.6888888888888889,203.0,167.0,13.0,0.9221556886227545,16.0,0.0,145.31867460155487,nan,nan,nan,nan,nan,0.7605833333333334,0.19830000000000003,nan,nan,nan,nan
863,0.6933333333333334,211.0,169.0,14.0,0.9171597633136095,14.0,0.0,146.6875735020638,nan,nan,nan,nan,nan,0.7612916666666666,0.19795000000000001,nan,nan,nan,nan
864,0.6888888888888889,207.0,165.0,11.0,0.9333333333333333,14.0,0.0,146.68307706928246,9.270039200782776,0.013474950304953381,17.55098593235016,2.629893332719803,0.00018267324321641354,0.762,0.1976,nan,nan,nan,nan
865,0.7022222222222222,216.0,178.0,21.0,0.8820224719101124,16.0,0.0,145.96384807491296,nan,nan,nan,nan,nan,0.7627083333333333,0.19725000000000004,nan,nan,nan,nan
866,0.64,188.0,153.0,10.0,0.934640522875817,14.0,0.0,136.1926012783051,nan,nan,nan,nan,nan,0.7634166666666666,0.19690000000000002,nan,nan,nan,nan
867,0.6533333333333333,201.0,162.0,16.0,0.9012345679012346,16.0,0.0,136.44961908340449,nan,nan,nan,nan,nan,0.764125,0.19655,nan,nan,nan,nan
868,0.6711111111111111,211.0,168.0,18.0,0.8928571428571429,16.0,0.0,139.77597063398355,nan,nan,nan,nan,nan,0.7648333333333334,0.19620000000000004,nan,nan,nan,nan
869,0.6888888888888889,207.0,166.0,12.0,0.927710843373494,16.0,0.0,145.69891329336176,nan,nan,nan,nan,nan,0.7655416666666667,0.19585000000000002,nan,nan,nan,nan
870,0.6933333333333334,212.0,173.0,18.0,0.8959537572254336,15.0,0.0,145.07010787820823,nan,nan,nan,nan,nan,0.76625,0.1955,nan,nan,nan,nan
871,0.6933333333333334,209.0,166.0,11.0,0.9337349397590361,16.0,0.0,146.87306225252144,nan,nan,nan,nan,nan,0.7669583333333333,0.19515000000000005,nan,nan,nan,nan
872,0.6533333333333333,203.0,159.0,13.0,0.9182389937106918,16.0,0.0,137.27266298818589,nan,nan,nan,nan,nan,0.7676666666666667,0.19480000000000003,nan,nan,nan,nan
873,0.68,217.0,167.0,15.0,0.9101796407185628,16.0,0.0,142.34805245256413,nan,nan,nan,nan,nan,0.768375,0.19445,nan,nan,nan,nan
874,0.6444444444444445,210.0,168.0,24.0,0.8571428571428571,16.0,0.0,131.98709794855108,nan,nan,nan,nan,nan,0.7690833333333333,0.1941,nan,nan,nan,nan
875,0.6622222222222223,211.0,167.0,19.0,0.8862275449101796,16.0,0.0,137.47935183620456,nan,nan,nan,nan,nan,0.7697916666666667,0.19375000000000003,nan,nan,nan,nan
876,0.6222222222222222,178.0,144.0,5.0,0.9652777777777778,14.0,0.0,133.62656285810473,nan,nan,nan,nan,nan,0.7705,0.19340000000000002,nan,nan,nan,nan
877,0.7155555555555555,220.0,179.0,19.0,0.8938547486033519,16.0,0.0,149.59837881183614,nan,nan,nan,nan,nan,0.7712083333333334,0.19305,nan,nan,nan,nan
878,0.6666666666666666,210.0,164.0,15.0,0.9085365853658537,16.0,0.0,139.44902857685088,nan,nan,nan,nan,nan,0.7719166666666667,0.19270000000000004,nan,nan,nan,nan
879,0.6488888888888888,203.0,158.0,13.0,0.9177215189873418,16.0,0.0,136.33477925348282,nan,nan,nan,nan,nan,0.772625,0.19235000000000002,nan,nan,nan,nan
880,0.6488888888888888,207.0,169.0,24.0,0.8579881656804734,16.0,0.0,132.18911805057522,8.126065373420715,0.0023568747128592804,15.314396500587463,2.6311113834381104,0.0005408904926298419,0.7733333333333333,0.192,nan,nan,nan,nan
881,0.5866666666666667,171.0,137.0,6.0,0.9562043795620438,14.0,0.0,125.40977534389506,nan,nan,nan,nan,nan,0.7740416666666666,0.19165000000000004,nan,nan,nan,nan
882,0.6755555555555556,204.0,170.0,19.0,0.888235294117647,16.0,0.0,140.78541580438613,nan,nan,nan,nan,nan,0.77475,0.19130000000000003,nan,nan,nan,nan
883,0.7066666666666667,209.0,175.0,17.0,0.9028571428571428,16.0,0.0,148.30121122694015,nan,nan,nan,nan,nan,0.7754583333333334,0.19095,nan,nan,nan,nan
884,0.64,207.0,160.0,17.0,0.89375,15.0,0.0,132.77102100944515,nan,nan,nan,nan,nan,0.7761666666666667,0.1906,nan,nan,nan,nan
885,0.6577777777777778,191.0,153.0,6.0,0.9607843137254902,14.0,0.0,141.16726073884976,nan,nan,nan,nan,nan,0.7768750000000001,0.19025000000000003,nan,nan,nan,nan
886,0.6533333333333333,195.0,157.0,11.0,0.9299363057324841,14.0,0.0,138.74433596420297,nan,nan,nan,nan,nan,0.7775833333333333,0.1899,nan,nan,nan,nan
887,0.6311111111111111,204.0,159.0,18.0,0.8867924528301887,15.0,0.0,130.90230333566666,nan,nan,nan,nan,nan,0.7782916666666666,0.18955,nan,nan,nan,nan
888,0.5866666666666667,177.0,142.0,11.0,0.9225352112676056,13.0,0.0,124.10657106351854,nan,nan,nan,nan,nan,0.779,0.18920000000000003,nan,nan,nan,nan
889,0.6844444444444444,204.0,164.0,11.0,0.9329268292682927,15.0,0.0,145.41696706771856,nan,nan,nan,nan,nan,0.7797083333333333,0.18885000000000002,nan,nan,nan,nan
890,0.7244444444444444,221.0,177.0,15.0,0.9152542372881356,15.0,0.0,153.05692714977255,nan,nan,nan,nan,nan,0.7804166666666666,0.1885,nan,nan,nan,nan
891,0.6444444444444445,199.0,158.0,14.0,0.9113924050632911,16.0,0.0,134.9412038722039,nan,nan,nan,nan,nan,0.7811250000000001,0.18815000000000004,nan,nan,nan,nan
892,0.7022222222222222,207.0,175.0,18.0,0.8971428571428571,16.0,0.0,146.95672757053381,nan,nan,nan,nan,nan,0.7818333333333333,0.18780000000000002,nan,nan,nan,nan
893,0.6844444444444444,208.0,164.0,11.0,0.9329268292682927,16.0,0.0,144.79731159925464,nan,nan,nan,nan,nan,0.7825416666666667,0.18745,nan,nan,nan,nan
894,0.6844444444444444,206.0,163.0,10.0,0.9386503067484663,16.0,0.0,145.19354150390612,nan,nan,nan,nan,nan,0.78325,0.1871,nan,nan,nan,nan
895,0.5288888888888889,154.0,128.0,10.0,0.921875,12.0,0.0,112.08792824840545,nan,nan,nan,nan,nan,0.7839583333333333,0.18675000000000003,nan,nan,nan,nan
896,0.6755555555555556,206.0,171.0,20.0,0.8830409356725146,16.0,0.0,140.30891298770896,18.101972103118896,0.0009300311212427914,35.327080726623535,2.5474771857261658,0.0004304825256440381,0.7846666666666667,0.1864,nan,nan,nan,nan
897,0.6311111111111111,184.0,156.0,15.0,0.9038461538461539,14.0,0.0,132.87820186090477,nan,nan,nan,nan,nan,0.785375,0.18605,nan,nan,nan,nan
898,0.6755555555555556,210.0,166.0,15.0,0.9096385542168675,15.0,0.0,141.9982626662255,nan,nan,nan,nan,nan,0.7860833333333334,0.18570000000000003,nan,nan,nan,nan
899,0.64,204.0,162.0,19.0,0.8827160493827161,16.0,0.0,132.18951315784452,nan,nan,nan,nan,nan,0.7867916666666667,0.18535000000000001,nan,nan,nan,nan
900,0.6666666666666666,203.0,164.0,15.0,0.9085365853658537,15.0,0.0,140.0538518667222,nan,nan,nan,nan,nan,0.7875,0.185,0.6957333333333334,0.6337777777777778,0.9485034394453163,0.0
901,0.6044444444444445,182.0,146.0,11.0,0.9246575342465754,14.0,0.0,127.9418127026558,nan,nan,nan,nan,nan,0.7882083333333334,0.18465000000000004,nan,nan,nan,nan
902,0.7688888888888888,218.0,181.0,9.0,0.9502762430939227,16.0,0.0,164.7371160459517,nan,nan,nan,nan,nan,0.7889166666666667,0.18430000000000002,nan,nan,nan,nan
903,0.6755555555555556,210.0,167.0,16.0,0.9041916167664671,16.0,0.0,141.39135112667086,nan,nan,nan,nan,nan,0.7896249999999999,0.18395,nan,nan,nan,nan
904,0.6666666666666666,206.0,167.0,18.0,0.8922155688622755,15.0,0.0,139.23334582996375,nan,nan,nan,nan,nan,0.7903333333333333,0.18359999999999999,nan,nan,nan,nan
905,0.6622222222222223,213.0,174.0,26.0,0.8505747126436781,16.0,0.0,135.28783170366287,nan,nan,nan,nan,nan,0.7910416666666666,0.18325000000000002,nan,nan,nan,nan
906,0.6977777777777778,204.0,167.0,11.0,0.9341317365269461,16.0,0.0,148.0635817337036,nan,nan,nan,nan,nan,0.79175,0.1829,nan,nan,nan,nan
907,0.6577777777777778,212.0,172.0,25.0,0.8546511627906976,16.0,0.0,134.5711060667039,nan,nan,nan,nan,nan,0.7924583333333334,0.18255,nan,nan,nan,nan
908,0.7111111111111111,210.0,174.0,15.0,0.9137931034482759,16.0,0.0,149.95508261060726,nan,nan,nan,nan,nan,0.7931666666666667,0.18220000000000003,nan,nan,nan,nan
909,0.6755555555555556,204.0,166.0,15.0,0.9096385542168675,16.0,0.0,141.8486748728752,nan,nan,nan,nan,nan,0.793875,0.18185,nan,nan,nan,nan
910,0.6755555555555556,214.0,166.0,15.0,0.9096385542168675,16.0,0.0,141.5398073377609,nan,nan,nan,nan,nan,0.7945833333333333,0.1815,nan,nan,nan,nan
911,0.7244444444444444,218.0,176.0,14.0,0.9204545454545454,16.0,0.0,153.16428000545503,nan,nan,nan,nan,nan,0.7952916666666666,0.18115000000000003,nan,nan,nan,nan
912,0.6533333333333333,208.0,159.0,13.0,0.9182389937106918,16.0,0.0,137.20231444406508,10.67979121208191,-0.007955229084473103,20.512055158615112,2.5982246696949005,0.00021863310075787012,0.796,0.18080000000000002,nan,nan,nan,nan
913,0.5955555555555555,176.0,141.0,8.0,0.9432624113475178,14.0,0.0,126.70897053432472,nan,nan,nan,nan,nan,0.7967083333333334,0.18045,nan,nan,nan,nan
914,0.64,204.0,158.0,15.0,0.9050632911392406,16.0,0.0,133.40875272941597,nan,nan,nan,nan,nan,0.7974166666666667,0.18009999999999998,nan,nan,nan,nan
915,0.6666666666666666,205.0,166.0,17.0,0.8975903614457831,16.0,0.0,138.905750843525,nan,nan,nan,nan,nan,0.798125,0.17975000000000002,nan,nan,nan,nan
916,0.5955555555555555,182.0,143.0,10.0,0.9300699300699301,14.0,0.0,126.1251252651215,nan,nan,nan,nan,nan,0.7988333333333333,0.1794,nan,nan,nan,nan
917,0.6977777777777778,202.0,165.0,9.0,0.9454545454545454,16.0,0.0,148.6596125559807,nan,nan,nan,nan,nan,0.7995416666666667,0.17905,nan,nan,nan,nan
918,0.6977777777777778,204.0,170.0,14.0,0.9176470588235294,16.0,0.0,147.20464378595358,nan,nan,nan,nan,nan,0.80025,0.17870000000000003,nan,nan,nan,nan
919,0.6933333333333334,210.0,163.0,8.0,0.950920245398773,16.0,0.0,147.72900249624246,nan,nan,nan,nan,nan,0.8009583333333333,0.17835,nan,nan,nan,nan
920,0.6488888888888888,219.0,169.0,24.0,0.8579881656804734,16.0,0.0,132.48333727741237,nan,nan,nan,nan,nan,0.8016666666666667,0.178,nan,nan,nan,nan
921,0.6755555555555556,206.0,162.0,11.0,0.9320987654320988,16.0,0.0,142.87973417902003,nan,nan,nan,nan,nan,0.802375,0.17765000000000003,nan,nan,nan,nan
922,0.5955555555555555,201.0,158.0,25.0,0.8417721518987342,16.0,0.0,120.37466392564778,nan,nan,nan,nan,nan,0.8030833333333334,0.1773,nan,nan,nan,nan
923,0.6577777777777778,193.0,162.0,15.0,0.9074074074074074,16.0,0.0,137.9537431488037,nan,nan,nan,nan,nan,0.8037916666666667,0.17695,nan,nan,nan,nan
924,0.6933333333333334,212.0,167.0,12.0,0.9281437125748503,16.0,0.0,146.63841268205644,nan,nan,nan,nan,nan,0.8045,0.17659999999999998,nan,nan,nan,nan
925,0.6488888888888888,209.0,160.0,15.0,0.90625,16.0,0.0,135.6033842453956,nan,nan,nan,nan,nan,0.8052083333333334,0.17625000000000002,nan,nan,nan,nan
926,0.6666666666666666,202.0,160.0,11.0,0.93125,16.0,0.0,140.9081488871575,nan,nan,nan,nan,nan,0.8059166666666666,0.1759,nan,nan,nan,nan
927,0.6533333333333333,207.0,164.0,18.0,0.8902439024390244,16.0,0.0,135.5342351298332,nan,nan,nan,nan,nan,0.8066249999999999,0.17554999999999998,nan,nan,nan,nan
928,0.6711111111111111,220.0,173.0,23.0,0.8670520231213873,16.0,0.0,137.992817867279,10.634463369846344,-0.0035157997626811266,20.462511777877808,2.53689843416214,0.0004094924879609607,0.8073333333333333,0.17520000000000002,nan,nan,nan,nan
929,0.6044444444444445,178.0,143.0,8.0,0.9440559440559441,14.0,0.0,128.87351543664937,nan,nan,nan,nan,nan,0.8080416666666667,0.17485,nan,nan,nan,nan
930,0.6666666666666666,213.0,166.0,17.0,0.8975903614457831,16.0,0.0,139.03223546743388,nan,nan,nan,nan,nan,0.80875,0.1745,nan,nan,nan,nan
931,0.6444444444444445,187.0,155.0,11.0,0.9290322580645162,15.0,0.0,136.45597648763666,nan,nan,nan,nan,nan,0.8094583333333334,0.17415000000000003,nan,nan,nan,nan
932,0.5288888888888889,151.0,123.0,5.0,0.959349593495935,12.0,0.0,113.67729041242603,nan,nan,nan,nan,nan,0.8101666666666666,0.1738,nan,nan,nan,nan
933,0.7022222222222222,214.0,172.0,15.0,0.9127906976744186,16.0,0.0,147.86854092502594,nan,nan,nan,nan,nan,0.810875,0.17345,nan,nan,nan,nan
934,0.7066666666666667,207.0,173.0,15.0,0.9132947976878613,16.0,0.0,148.9854681892394,nan,nan,nan,nan,nan,0.8115833333333333,0.17309999999999998,nan,nan,nan,nan
935,0.6088888888888889,175.0,144.0,8.0,0.9444444444444444,14.0,0.0,129.84920485782638,nan,nan,nan,nan,nan,0.8122916666666666,0.17275000000000001,nan,nan,nan,nan
936,0.6355555555555555,206.0,160.0,18.0,0.8875,16.0,0.0,131.34791562604912,nan,nan,nan,nan,nan,0.8130000000000001,0.1724,nan,nan,nan,nan
937,0.6533333333333333,197.0,163.0,17.0,0.8957055214723927,16.0,0.0,136.22383205318454,nan,nan,nan,nan,nan,0.8137083333333334,0.17204999999999998,nan,nan,nan,nan
938,0.6666666666666666,211.0,165.0,16.0,0.9030303030303031,16.0,0.0,139.10899610424036,nan,nan,nan,nan,nan,0.8144166666666667,0.17170000000000002,nan,nan,nan,nan
939,0.6888888888888889,209.0,170.0,16.0,0.9058823529411765,16.0,0.0,144.36887021541605,nan,nan,nan,nan,nan,0.815125,0.17135000000000006,nan,nan,nan,nan
940,0.6177777777777778,197.0,153.0,15.0,0.9019607843137255,16.0,0.0,128.67556614065174,nan,nan,nan,nan,nan,0.8158333333333333,0.17100000000000004,nan,nan,nan,nan
941,0.6177777777777778,192.0,151.0,13.0,0.9139072847682119,14.0,0.0,130.04319238281246,nan,nan,nan,nan,nan,0.8165416666666667,0.17065000000000002,nan,nan,nan,nan
942,0.6888888888888889,218.0,171.0,17.0,0.9005847953216374,16.0,0.0,143.9497747507096,nan,nan,nan,nan,nan,0.81725,0.17030000000000006,nan,nan,nan,nan
943,0.6577777777777778,209.0,166.0,19.0,0.8855421686746988,16.0,0.0,136.08679663753512,nan,nan,nan,nan,nan,0.8179583333333333,0.16995000000000005,nan,nan,nan,nan
944,0.7155555555555555,222.0,179.0,19.0,0.8938547486033519,16.0,0.0,149.56792696571344,11.853084444999695,0.018173571908846498,22.872633457183838,2.57376366853714,0.00033558453287696466,0.8186666666666667,0.16960000000000003,nan,nan,nan,nan
945,0.6888888888888889,210.0,173.0,19.0,0.8901734104046243,16.0,0.0,143.66053953266132,nan,nan,nan,nan,nan,0.819375,0.16925,nan,nan,nan,nan
946,0.6622222222222223,208.0,162.0,14.0,0.9135802469135802,16.0,0.0,138.78596915912627,nan,nan,nan,nan,nan,0.8200833333333334,0.16890000000000005,nan,nan,nan,nan
947,0.6044444444444445,171.0,143.0,8.0,0.9440559440559441,13.0,0.0,129.28951691341408,nan,nan,nan,nan,nan,0.8207916666666667,0.16855000000000003,nan,nan,nan,nan
948,0.6844444444444444,206.0,168.0,15.0,0.9107142857142857,16.0,0.0,143.6025388889315,nan,nan,nan,nan,nan,0.8215,0.16820000000000002,nan,nan,nan,nan
949,0.6311111111111111,204.0,159.0,18.0,0.8867924528301887,16.0,0.0,130.60231029462824,nan,nan,nan,nan,nan,0.8222083333333334,0.16785000000000005,nan,nan,nan,nan
950,0.6088888888888889,188.0,151.0,15.0,0.9006622516556292,14.0,0.0,127.58394952535639,nan,nan,nan,nan,nan,0.8229166666666666,0.16750000000000004,nan,nan,nan,nan
951,0.6355555555555555,199.0,164.0,22.0,0.8658536585365854,16.0,0.0,130.47074216318137,nan,nan,nan,nan,nan,0.8236249999999999,0.16715000000000002,nan,nan,nan,nan
952,0.64,204.0,162.0,19.0,0.8827160493827161,16.0,0.0,132.47072337341302,nan,nan,nan,nan,nan,0.8243333333333334,0.16680000000000006,nan,nan,nan,nan
953,0.7066666666666667,218.0,176.0,18.0,0.8977272727272727,16.0,0.0,147.88692611885062,nan,nan,nan,nan,nan,0.8250416666666667,0.16645000000000004,nan,nan,nan,nan
954,0.6533333333333333,190.0,159.0,13.0,0.9182389937106918,15.0,0.0,138.02772429370881,nan,nan,nan,nan,nan,0.82575,0.16610000000000003,nan,nan,nan,nan
955,0.6844444444444444,220.0,172.0,19.0,0.8895348837209303,16.0,0.0,142.33318147230145,nan,nan,nan,nan,nan,0.8264583333333333,0.16575,nan,nan,nan,nan
956,0.6666666666666666,197.0,164.0,15.0,0.9085365853658537,16.0,0.0,139.9238447232246,nan,nan,nan,nan,nan,0.8271666666666666,0.16540000000000005,nan,nan,nan,nan
957,0.6488888888888888,208.0,163.0,18.0,0.8895705521472392,16.0,0.0,134.52425055170062,nan,nan,nan,nan,nan,0.827875,0.16505000000000003,nan,nan,nan,nan
958,0.6044444444444445,180.0,143.0,8.0,0.9440559440559441,13.0,0.0,129.158677389145,nan,nan,nan,nan,nan,0.8285833333333333,0.1647,nan,nan,nan,nan
959,0.5777777777777777,180.0,143.0,14.0,0.9020979020979021,14.0,0.0,120.80326309013373,nan,nan,nan,nan,nan,0.8292916666666666,0.16435000000000005,nan,nan,nan,nan
960,0.6,179.0,146.0,12.0,0.9178082191780822,14.0,0.0,126.70321926021586,9.756339251995087,-0.013969549909234047,18.7573424577713,2.6216286420822144,0.00021529373498196946,0.8300000000000001,0.16400000000000003,nan,nan,nan,nan
961,0.68,214.0,168.0,16.0,0.9047619047619048,16.0,0.0,142.34762244462965,nan,nan,nan,nan,nan,0.8307083333333333,0.16365000000000002,nan,nan,nan,nan
962,0.6533333333333333,207.0,167.0,21.0,0.874251497005988,16.0,0.0,135.01468418264383,nan,nan,nan,nan,nan,0.8314166666666667,0.16330000000000006,nan,nan,nan,nan
963,0.6888888888888889,219.0,174.0,20.0,0.8850574712643678,15.0,0.0,143.45925961685182,nan,nan,nan,nan,nan,0.832125,0.16295000000000004,nan,nan,nan,nan
964,0.6177777777777778,207.0,155.0,17.0,0.8903225806451613,16.0,0.0,127.55267737627022,nan,nan,nan,nan,nan,0.8328333333333333,0.16260000000000002,nan,nan,nan,nan
965,0.7066666666666667,203.0,169.0,11.0,0.9349112426035503,16.0,0.0,150.18265590763085,nan,nan,nan,nan,nan,0.8335416666666667,0.16225,nan,nan,nan,nan
966,0.6755555555555556,215.0,171.0,20.0,0.8830409356725146,16.0,0.0,140.174365547657,nan,nan,nan,nan,nan,0.83425,0.16190000000000004,nan,nan,nan,nan
967,0.6533333333333333,202.0,160.0,14.0,0.9125,15.0,0.0,137.48476745986932,nan,nan,nan,nan,nan,0.8349583333333332,0.16155000000000003,nan,nan,nan,nan
968,0.6622222222222223,193.0,161.0,13.0,0.9192546583850931,14.0,0.0,140.15527742242818,nan,nan,nan,nan,nan,0.8356666666666667,0.1612,nan,nan,nan,nan
969,0.5911111111111111,185.0,148.0,16.0,0.8918918918918919,15.0,0.0,122.72296621751777,nan,nan,nan,nan,nan,0.836375,0.16085000000000005,nan,nan,nan,nan
970,0.6844444444444444,199.0,166.0,13.0,0.9216867469879518,16.0,0.0,144.52367311429984,nan,nan,nan,nan,nan,0.8370833333333334,0.16050000000000003,nan,nan,nan,nan
971,0.6755555555555556,206.0,163.0,12.0,0.9263803680981595,16.0,0.0,142.7489830608369,nan,nan,nan,nan,nan,0.8377916666666667,0.16015000000000001,nan,nan,nan,nan
972,0.6977777777777778,205.0,166.0,10.0,0.9397590361445783,16.0,0.0,148.41488677501678,nan,nan,nan,nan,nan,0.8385,0.15980000000000005,nan,nan,nan,nan
973,0.6222222222222222,192.0,154.0,15.0,0.9025974025974026,15.0,0.0,130.21108574151992,nan,nan,nan,nan,nan,0.8392083333333333,0.15945000000000004,nan,nan,nan,nan
974,0.6577777777777778,217.0,169.0,22.0,0.8698224852071006,16.0,0.0,135.43274689006805,nan,nan,nan,nan,nan,0.8399166666666666,0.15910000000000002,nan,nan,nan,nan
975,0.6533333333333333,208.0,167.0,21.0,0.874251497005988,16.0,0.0,135.0779970884323,nan,nan,nan,nan,nan,0.840625,0.15875,nan,nan,nan,nan
976,0.6755555555555556,196.0,161.0,10.0,0.937888198757764,15.0,0.0,143.70637738370885,9.040233671665192,-0.030557706020772457,17.385026812553406,2.6310234367847443,0.0002587368817330571,0.8413333333333334,0.15840000000000004,nan,nan,nan,nan
977,0.7111111111111111,220.0,177.0,18.0,0.8983050847457628,16.0,0.0,148.71038823509204,nan,nan,nan,nan,nan,0.8420416666666667,0.15805000000000002,nan,nan,nan,nan
978,0.6266666666666667,177.0,148.0,8.0,0.9459459459459459,14.0,0.0,133.80141382217408,nan,nan,nan,nan,nan,0.84275,0.1577,nan,nan,nan,nan
979,0.6755555555555556,212.0,171.0,20.0,0.8830409356725146,16.0,0.0,140.06262207078927,nan,nan,nan,nan,nan,0.8434583333333333,0.15735000000000005,nan,nan,nan,nan
980,0.6711111111111111,203.0,167.0,17.0,0.8982035928143712,16.0,0.0,140.1123400764466,nan,nan,nan,nan,nan,0.8441666666666666,0.15700000000000003,nan,nan,nan,nan
981,0.68,203.0,165.0,13.0,0.9212121212121213,16.0,0.0,143.4476241774558,nan,nan,nan,nan,nan,0.844875,0.15665,nan,nan,nan,nan
982,0.64,195.0,160.0,17.0,0.89375,14.0,0.0,133.8276538972854,nan,nan,nan,nan,nan,0.8455833333333334,0.15630000000000005,nan,nan,nan,nan
983,0.6888888888888889,206.0,170.0,16.0,0.9058823529411765,16.0,0.0,144.4164481039046,nan,nan,nan,nan,nan,0.8462916666666667,0.15595000000000003,nan,nan,nan,nan
984,0.6533333333333333,210.0,168.0,22.0,0.8690476190476191,16.0,0.0,134.35961626958866,nan,nan,nan,nan,nan,0.847,0.15560000000000002,nan,nan,nan,nan
985,0.6888888888888889,211.0,172.0,18.0,0.8953488372093024,16.0,0.0,143.93337246131904,nan,nan,nan,nan,nan,0.8477083333333333,0.15525,nan,nan,nan,nan
986,0.6488888888888888,203.0,161.0,16.0,0.9006211180124224,16.0,0.0,135.4068946380615,nan,nan,nan,nan,nan,0.8484166666666667,0.15490000000000004,nan,nan,nan,nan
987,0.6044444444444445,181.0,148.0,13.0,0.9121621621621622,14.0,0.0,127.38640662479406,nan,nan,nan,nan,nan,0.849125,0.15455000000000002,nan,nan,nan,nan
988,0.6977777777777778,220.0,178.0,22.0,0.8764044943820225,16.0,0.0,144.28673993110652,nan,nan,nan,nan,nan,0.8498333333333333,0.1542,nan,nan,nan,nan
989,0.6133333333333333,172.0,146.0,9.0,0.9383561643835616,14.0,0.0,130.5444819560051,nan,nan,nan,nan,nan,0.8505416666666668,0.15385000000000004,nan,nan,nan,nan
990,0.56,160.0,131.0,6.0,0.9541984732824428,13.0,0.0,119.88285637903228,nan,nan,nan,nan,nan,0.85125,0.15350000000000003,nan,nan,nan,nan
991,0.6933333333333334,206.0,168.0,13.0,0.9226190476190477,15.0,0.0,146.76431924819937,nan,nan,nan,nan,nan,0.8519583333333333,0.15315,nan,nan,nan,nan
992,0.6266666666666667,195.0,157.0,17.0,0.89171974522293,16.0,0.0,130.00985682296755,8.921992659568787,0.009983759839087725,17.090824246406555,2.6512785255908966,0.00031213600868795766,0.8526666666666667,0.15280000000000005,nan,nan,nan,nan
993,0.6711111111111111,209.0,163.0,13.0,0.9202453987730062,16.0,0.0,141.08825918483734,nan,nan,nan,nan,nan,0.853375,0.15245000000000003,nan,nan,nan,nan
994,0.6666666666666666,215.0,167.0,18.0,0.8922155688622755,16.0,0.0,138.79320226287837,nan,nan,nan,nan,nan,0.8540833333333334,0.1521,nan,nan,nan,nan
995,0.68,210.0,172.0,20.0,0.8837209302325582,16.0,0.0,141.02854529094694,nan,nan,nan,nan,nan,0.8547916666666667,0.15175,nan,nan,nan,nan
996,0.6444444444444445,197.0,157.0,13.0,0.9171974522292994,16.0,0.0,135.32948114395143,nan,nan,nan,nan,nan,0.8554999999999999,0.15140000000000003,nan,nan,nan,nan
997,0.6755555555555556,207.0,172.0,21.0,0.877906976744186,15.0,0.0,140.13643209934241,nan,nan,nan,nan,nan,0.8562083333333333,0.15105000000000002,nan,nan,nan,nan
998,0.6933333333333334,211.0,167.0,12.0,0.9281437125748503,16.0,0.0,146.73834206628803,nan,nan,nan,nan,nan,0.8569166666666667,0.1507,nan,nan,nan,nan
999,0.6533333333333333,192.0,158.0,12.0,0.9240506329113924,15.0,0.0,138.28625477266314,nan,nan,nan,nan,nan,0.857625,0.15035000000000004,nan,nan,nan,nan
1000,0.64,191.0,155.0,12.0,0.9225806451612903,14.0,0.0,135.65807816982277,nan,nan,nan,nan,nan,0.8583333333333334,0.15,0.6963555555555557,0.6462222222222221,0.9480147508482238,0.0
1001,0.68,203.0,164.0,12.0,0.926829268292683,15.0,0.0,144.10862145137793,nan,nan,nan,nan,nan,0.8590416666666666,0.15,nan,nan,nan,nan
1002,0.6933333333333334,217.0,177.0,22.0,0.8757062146892656,16.0,0.0,143.7970789222717,nan,nan,nan,nan,nan,0.85975,0.15,nan,nan,nan,nan
1003,0.6933333333333334,208.0,171.0,16.0,0.9064327485380117,16.0,0.0,145.3203940935135,nan,nan,nan,nan,nan,0.8604583333333333,0.15,nan,nan,nan,nan
1004,0.6533333333333333,210.0,165.0,19.0,0.8848484848484849,16.0,0.0,135.22480731630324,nan,nan,nan,nan,nan,0.8611666666666666,0.15,nan,nan,nan,nan
1005,0.6755555555555556,198.0,163.0,12.0,0.9263803680981595,16.0,0.0,142.78409605789196,nan,nan,nan,nan,nan,0.8618750000000001,0.15,nan,nan,nan,nan
1006,0.6755555555555556,210.0,166.0,15.0,0.9096385542168675,16.0,0.0,141.75960278463367,nan,nan,nan,nan,nan,0.8625833333333334,0.15,nan,nan,nan,nan
1007,0.64,194.0,158.0,15.0,0.9050632911392406,15.0,0.0,134.1994125051498,nan,nan,nan,nan,nan,0.8632916666666667,0.15,nan,nan,nan,nan
1008,0.6,175.0,145.0,11.0,0.9241379310344827,13.0,0.0,127.18211664867407,9.397920668125153,-0.014126534573733807,18.129223346710205,2.5702290534973145,0.0004262558722984977,0.864,0.15,nan,nan,nan,nan
1009,0.6977777777777778,217.0,171.0,15.0,0.9122807017543859,16.0,0.0,146.8071017236708,nan,nan,nan,nan,nan,0.8647083333333333,0.15,nan,nan,nan,nan
1010,0.5911111111111111,180.0,142.0,10.0,0.9295774647887324,14.0,0.0,124.97965751647956,nan,nan,nan,nan,nan,0.8654166666666667,0.15,nan,nan,nan,nan
1011,0.6533333333333333,209.0,163.0,17.0,0.8957055214723927,15.0,0.0,136.26699764251703,nan,nan,nan,nan,nan,0.866125,0.15,nan,nan,nan,nan
1012,0.5244444444444445,159.0,126.0,9.0,0.9285714285714286,12.0,0.0,111.20708768987666,nan,nan,nan,nan,nan,0.8668333333333333,0.15,nan,nan,nan,nan
1013,0.6177777777777778,193.0,152.0,14.0,0.9078947368421053,15.0,0.0,129.42261526107788,nan,nan,nan,nan,nan,0.8675416666666667,0.15,nan,nan,nan,nan
1014,0.6755555555555556,210.0,167.0,16.0,0.9041916167664671,16.0,0.0,141.54951837491993,nan,nan,nan,nan,nan,0.86825,0.15,nan,nan,nan,nan
1015,0.6888888888888889,211.0,172.0,18.0,0.8953488372093024,16.0,0.0,143.77240977859498,nan,nan,nan,nan,nan,0.8689583333333333,0.15,nan,nan,nan,nan
1016,0.6711111111111111,207.0,169.0,19.0,0.8875739644970414,16.0,0.0,139.48606220769878,nan,nan,nan,nan,nan,0.8696666666666667,0.15,nan,nan,nan,nan
1017,0.6533333333333333,199.0,158.0,12.0,0.9240506329113924,16.0,0.0,137.54320611810695,nan,nan,nan,nan,nan,0.870375,0.15,nan,nan,nan,nan
1018,0.7466666666666667,218.0,183.0,16.0,0.912568306010929,16.0,0.0,157.59394018840771,nan,nan,nan,nan,nan,0.8710833333333334,0.15,nan,nan,nan,nan
1019,0.6177777777777778,185.0,155.0,17.0,0.8903225806451613,14.0,0.0,129.16615868663797,nan,nan,nan,nan,nan,0.8717916666666666,0.15,nan,nan,nan,nan
1020,0.6622222222222223,212.0,172.0,24.0,0.8604651162790697,16.0,0.0,135.8774865283965,nan,nan,nan,nan,nan,0.8724999999999999,0.15,nan,nan,nan,nan
1021,0.6755555555555556,212.0,166.0,15.0,0.9096385542168675,16.0,0.0,141.72662151002876,nan,nan,nan,nan,nan,0.8732083333333334,0.15,nan,nan,nan,nan
1022,0.6844444444444444,208.0,167.0,14.0,0.9161676646706587,16.0,0.0,144.01875182580946,nan,nan,nan,nan,nan,0.8739166666666667,0.15,nan,nan,nan,nan
1023,0.6977777777777778,216.0,171.0,15.0,0.9122807017543859,16.0,0.0,146.7445380597115,nan,nan,nan,nan,nan,0.874625,0.15,nan,nan,nan,nan
1024,0.7022222222222222,200.0,168.0,11.0,0.9345238095238095,14.0,0.0,149.91916603660567,11.088462710380554,-0.003273530979640782,21.466764211654663,2.6467048823833466,0.0002964034574688412,0.8753333333333334,0.15,nan,nan,nan,nan
1025,0.6711111111111111,209.0,166.0,16.0,0.9036144578313253,16.0,0.0,140.39427073669435,nan,nan,nan,nan,nan,0.8760416666666666,0.15,nan,nan,nan,nan
1026,0.6044444444444445,185.0,150.0,15.0,0.9,14.0,0.0,126.52887826251992,nan,nan,nan,nan,nan,0.87675,0.15,nan,nan,nan,nan
1027,0.6622222222222223,214.0,171.0,23.0,0.8654970760233918,16.0,0.0,136.25613879776003,nan,nan,nan,nan,nan,0.8774583333333333,0.15,nan,nan,nan,nan
1028,0.6444444444444445,197.0,162.0,18.0,0.8888888888888888,16.0,0.0,133.79741451263428,nan,nan,nan,nan,nan,0.8781666666666667,0.15,nan,nan,nan,nan
1029,0.6666666666666666,209.0,163.0,14.0,0.9141104294478528,16.0,0.0,139.78505774974815,nan,nan,nan,nan,nan,0.8788750000000001,0.15,nan,nan,nan,nan
1030,0.6711111111111111,195.0,161.0,11.0,0.9316770186335404,15.0,0.0,142.3489480772019,nan,nan,nan,nan,nan,0.8795833333333333,0.15,nan,nan,nan,nan
1031,0.6755555555555556,209.0,171.0,20.0,0.8830409356725146,16.0,0.0,140.2651701121329,nan,nan,nan,nan,nan,0.8802916666666667,0.15,nan,nan,nan,nan
1032,0.6666666666666666,208.0,165.0,16.0,0.9030303030303031,16.0,0.0,139.30963555860524,nan,nan,nan,nan,nan,0.881,0.15,nan,nan,nan,nan
1033,0.6711111111111111,210.0,168.0,18.0,0.8928571428571429,16.0,0.0,139.6440680847167,nan,nan,nan,nan,nan,0.8817083333333333,0.15,nan,nan,nan,nan
1034,0.6888888888888889,214.0,173.0,19.0,0.8901734104046243,16.0,0.0,143.5048953824043,nan,nan,nan,nan,nan,0.8824166666666667,0.15,nan,nan,nan,nan
1035,0.5466666666666666,163.0,132.0,10.0,0.9242424242424242,13.0,0.0,115.59685839843766,nan,nan,nan,nan,nan,0.883125,0.15,nan,nan,nan,nan
1036,0.6577777777777778,212.0,167.0,20.0,0.8802395209580839,16.0,0.0,135.99646714162827,nan,nan,nan,nan,nan,0.8838333333333332,0.15,nan,nan,nan,nan
1037,0.6622222222222223,195.0,157.0,9.0,0.9426751592356688,16.0,0.0,140.64443622159973,nan,nan,nan,nan,nan,0.8845416666666667,0.15,nan,nan,nan,nan
1038,0.6577777777777778,212.0,168.0,21.0,0.875,16.0,0.0,135.95954332590105,nan,nan,nan,nan,nan,0.88525,0.15,nan,nan,nan,nan
1039,0.6711111111111111,203.0,165.0,15.0,0.9090909090909091,16.0,0.0,140.7621485447884,nan,nan,nan,nan,nan,0.8859583333333333,0.15,nan,nan,nan,nan
1040,0.7111111111111111,218.0,177.0,18.0,0.8983050847457628,16.0,0.0,148.66058929443346,8.987199902534485,0.02113562438171357,17.238637924194336,2.564176082611084,0.0003565890410754946,0.8866666666666667,0.15,nan,nan,nan,nan
1041,0.68,211.0,168.0,16.0,0.9047619047619048,16.0,0.0,142.4713643236161,nan,nan,nan,nan,nan,0.887375,0.15,nan,nan,nan,nan
1042,0.6888888888888889,217.0,173.0,19.0,0.8901734104046243,16.0,0.0,143.47432990264898,nan,nan,nan,nan,nan,0.8880833333333333,0.15,nan,nan,nan,nan
1043,0.72,217.0,175.0,14.0,0.92,16.0,0.0,152.1660926966667,nan,nan,nan,nan,nan,0.8887916666666666,0.15,nan,nan,nan,nan
1044,0.6844444444444444,207.0,170.0,17.0,0.9,16.0,0.0,142.86273851346976,nan,nan,nan,nan,nan,0.8895,0.15,nan,nan,nan,nan
1045,0.6622222222222223,205.0,159.0,11.0,0.9308176100628931,16.0,0.0,139.9978613805772,nan,nan,nan,nan,nan,0.8902083333333334,0.15,nan,nan,nan,nan
1046,0.6622222222222223,204.0,169.0,21.0,0.8757396449704142,16.0,0.0,136.7644804062843,nan,nan,nan,nan,nan,0.8909166666666667,0.15,nan,nan,nan,nan
1047,0.5955555555555555,178.0,143.0,10.0,0.9300699300699301,13.0,0.0,126.58757316684733,nan,nan,nan,nan,nan,0.891625,0.15,nan,nan,nan,nan
1048,0.6088888888888889,184.0,153.0,17.0,0.8888888888888888,14.0,0.0,126.89319222879416,nan,nan,nan,nan,nan,0.8923333333333333,0.15,nan,nan,nan,nan
1049,0.7022222222222222,207.0,172.0,15.0,0.9127906976744186,16.0,0.0,147.88940782785414,nan,nan,nan,nan,nan,0.8930416666666666,0.15,nan,nan,nan,nan
1050,0.6088888888888889,177.0,142.0,6.0,0.9577464788732394,14.0,0.0,130.47336890220646,nan,nan,nan,nan,nan,0.89375,0.15,nan,nan,nan,nan
1051,0.7111111111111111,209.0,169.0,10.0,0.9408284023668639,16.0,0.0,151.3128865709304,nan,nan,nan,nan,nan,0.8944583333333334,0.15,nan,nan,nan,nan
1052,0.7022222222222222,210.0,171.0,14.0,0.9181286549707602,16.0,0.0,148.13496978664398,nan,nan,nan,nan,nan,0.8951666666666667,0.15,nan,nan,nan,nan
1053,0.5822222222222222,171.0,140.0,10.0,0.9285714285714286,13.0,0.0,123.73350732946402,nan,nan,nan,nan,nan,0.895875,0.15,nan,nan,nan,nan
1054,0.68,206.0,165.0,13.0,0.9212121212121213,16.0,0.0,143.47869331645964,nan,nan,nan,nan,nan,0.8965833333333333,0.15,nan,nan,nan,nan
1055,0.6977777777777778,202.0,166.0,10.0,0.9397590361445783,16.0,0.0,148.45494946193708,nan,nan,nan,nan,nan,0.8972916666666667,0.15,nan,nan,nan,nan
1056,0.6755555555555556,203.0,166.0,15.0,0.9096385542168675,16.0,0.0,141.8596977581979,9.193202793598175,0.008913923287764192,17.677462577819824,2.5555496513843536,0.00026385052524346975,0.898,0.15,nan,nan,nan,nan
1057,0.6666666666666666,212.0,170.0,21.0,0.8764705882352941,15.0,0.0,137.96940945100786,nan,nan,nan,nan,nan,0.8987083333333333,0.15,nan,nan,nan,nan
1058,0.7155555555555555,214.0,174.0,14.0,0.9195402298850575,16.0,0.0,151.19984157705298,nan,nan,nan,nan,nan,0.8994166666666668,0.15,nan,nan,nan,nan
1059,0.6444444444444445,207.0,166.0,22.0,0.8674698795180723,16.0,0.0,132.4603383398057,nan,nan,nan,nan,nan,0.900125,0.15,nan,nan,nan,nan
1060,0.6,190.0,146.0,12.0,0.9178082191780822,14.0,0.0,126.37856414604198,nan,nan,nan,nan,nan,0.9008333333333333,0.15,nan,nan,nan,nan
1061,0.6177777777777778,187.0,152.0,14.0,0.9078947368421053,14.0,0.0,129.8287239112855,nan,nan,nan,nan,nan,0.9015416666666667,0.15,nan,nan,nan,nan
1062,0.6755555555555556,210.0,169.0,18.0,0.893491124260355,16.0,0.0,140.7392178888321,nan,nan,nan,nan,nan,0.90225,0.15,nan,nan,nan,nan
1063,0.6888888888888889,212.0,168.0,14.0,0.9166666666666666,16.0,0.0,145.05944854640947,nan,nan,nan,nan,nan,0.9029583333333333,0.15,nan,nan,nan,nan
1064,0.6755555555555556,207.0,167.0,16.0,0.9041916167664671,16.0,0.0,141.27956380558018,nan,nan,nan,nan,nan,0.9036666666666667,0.15,nan,nan,nan,nan
1065,0.6355555555555555,184.0,151.0,9.0,0.9403973509933775,14.0,0.0,135.60082449197768,nan,nan,nan,nan,nan,0.9043749999999999,0.15,nan,nan,nan,nan
1066,0.6711111111111111,216.0,169.0,19.0,0.8875739644970414,16.0,0.0,139.50866702365892,nan,nan,nan,nan,nan,0.9050833333333334,0.15,nan,nan,nan,nan
1067,0.6711111111111111,197.0,163.0,13.0,0.9202453987730062,16.0,0.0,141.2684038453102,nan,nan,nan,nan,nan,0.9057916666666667,0.15,nan,nan,nan,nan
1068,0.6933333333333334,217.0,174.0,19.0,0.8908045977011494,16.0,0.0,144.65459287166587,nan,nan,nan,nan,nan,0.9065,0.15,nan,nan,nan,nan
1069,0.6666666666666666,209.0,167.0,18.0,0.8922155688622755,16.0,0.0,138.88576454544057,nan,nan,nan,nan,nan,0.9072083333333334,0.15,nan,nan,nan,nan
1070,0.6488888888888888,197.0,159.0,14.0,0.9119496855345912,16.0,0.0,136.10888755369197,nan,nan,nan,nan,nan,0.9079166666666667,0.15,nan,nan,nan,nan
1071,0.6488888888888888,175.0,150.0,5.0,0.9666666666666667,14.0,0.0,139.92078648567195,nan,nan,nan,nan,nan,0.908625,0.15,nan,nan,nan,nan
1072,0.6577777777777778,207.0,163.0,16.0,0.901840490797546,15.0,0.0,137.69216150760647,8.496349275112152,0.010494944988749921,16.268720030784607,2.596792370080948,0.0004008041446468269,0.9093333333333333,0.15,nan,nan,nan,nan
1073,0.5733333333333334,181.0,143.0,15.0,0.8951048951048951,14.0,0.0,119.55179491376884,nan,nan,nan,nan,nan,0.9100416666666666,0.15,nan,nan,nan,nan
1074,0.7155555555555555,215.0,179.0,19.0,0.8938547486033519,16.0,0.0,149.51866506052014,nan,nan,nan,nan,nan,0.9107500000000001,0.15,nan,nan,nan,nan
1075,0.6444444444444445,197.0,156.0,12.0,0.9230769230769231,14.0,0.0,136.57753967571261,nan,nan,nan,nan,nan,0.9114583333333334,0.15,nan,nan,nan,nan
1076,0.7244444444444444,221.0,176.0,14.0,0.9204545454545454,16.0,0.0,153.03813923263544,nan,nan,nan,nan,nan,0.9121666666666666,0.15,nan,nan,nan,nan
1077,0.6755555555555556,204.0,163.0,12.0,0.9263803680981595,16.0,0.0,142.61836751842506,nan,nan,nan,nan,nan,0.912875,0.15,nan,nan,nan,nan
1078,0.7111111111111111,211.0,172.0,13.0,0.9244186046511628,16.0,0.0,150.5128247780799,nan,nan,nan,nan,nan,0.9135833333333333,0.15,nan,nan,nan,nan
1079,0.6933333333333334,206.0,170.0,15.0,0.9117647058823529,16.0,0.0,145.86088784646992,nan,nan,nan,nan,nan,0.9142916666666667,0.15,nan,nan,nan,nan
1080,0.6533333333333333,218.0,175.0,29.0,0.8342857142857143,16.0,0.0,132.07007566213605,nan,nan,nan,nan,nan,0.915,0.15,nan,nan,nan,nan
1081,0.6088888888888889,190.0,150.0,14.0,0.9066666666666666,15.0,0.0,127.43795796251304,nan,nan,nan,nan,nan,0.9157083333333333,0.15,nan,nan,nan,nan
1082,0.6711111111111111,212.0,169.0,19.0,0.8875739644970414,16.0,0.0,139.56771153211596,nan,nan,nan,nan,nan,0.9164166666666667,0.15,nan,nan,nan,nan
1083,0.6577777777777778,202.0,165.0,18.0,0.8909090909090909,16.0,0.0,136.9579508361816,nan,nan,nan,nan,nan,0.917125,0.15,nan,nan,nan,nan
1084,0.6577777777777778,190.0,155.0,8.0,0.9483870967741935,14.0,0.0,140.71169223022454,nan,nan,nan,nan,nan,0.9178333333333333,0.15,nan,nan,nan,nan
1085,0.7288888888888889,212.0,172.0,9.0,0.9476744186046512,15.0,0.0,155.91672913217542,nan,nan,nan,nan,nan,0.9185416666666667,0.15,nan,nan,nan,nan
1086,0.7066666666666667,204.0,168.0,10.0,0.9404761904761905,16.0,0.0,150.45959164381006,nan,nan,nan,nan,nan,0.91925,0.15,nan,nan,nan,nan
1087,0.6488888888888888,203.0,161.0,16.0,0.9006211180124224,16.0,0.0,135.4074989066124,nan,nan,nan,nan,nan,0.9199583333333333,0.15,nan,nan,nan,nan
1088,0.6666666666666666,214.0,171.0,22.0,0.8713450292397661,15.0,0.0,137.64877973985668,9.716343820095062,0.013615897740237415,18.71915113925934,2.5363002121448517,0.0004066968358529266,0.9206666666666666,0.15,nan,nan,nan,nan
1089,0.6444444444444445,189.0,158.0,14.0,0.9113924050632911,16.0,0.0,135.01029511690137,nan,nan,nan,nan,nan,0.9213749999999999,0.15,nan,nan,nan,nan
1090,0.6711111111111111,208.0,165.0,15.0,0.9090909090909091,16.0,0.0,140.77296864223484,nan,nan,nan,nan,nan,0.9220833333333334,0.15,nan,nan,nan,nan
1091,0.6444444444444445,200.0,167.0,23.0,0.8622754491017964,16.0,0.0,132.58312848281855,nan,nan,nan,nan,nan,0.9227916666666667,0.15,nan,nan,nan,nan
1092,0.6266666666666667,192.0,156.0,16.0,0.8974358974358975,16.0,0.0,130.4991970033646,nan,nan,nan,nan,nan,0.9235,0.15,nan,nan,nan,nan
1093,0.6844444444444444,209.0,167.0,14.0,0.9161676646706587,16.0,0.0,144.08498588991162,nan,nan,nan,nan,nan,0.9242083333333334,0.15,nan,nan,nan,nan
1094,0.7244444444444444,222.0,175.0,13.0,0.9257142857142857,16.0,0.0,152.96983440494537,nan,nan,nan,nan,nan,0.9249166666666666,0.15,nan,nan,nan,nan
1095,0.52,160.0,124.0,8.0,0.9354838709677419,12.0,0.0,110.45899715900428,nan,nan,nan,nan,nan,0.925625,0.15,nan,nan,nan,nan
1096,0.6622222222222223,201.0,163.0,15.0,0.9079754601226994,16.0,0.0,138.88717990875247,nan,nan,nan,nan,nan,0.9263333333333333,0.15,nan,nan,nan,nan
1097,0.7066666666666667,205.0,168.0,10.0,0.9404761904761905,16.0,0.0,150.36284454774844,nan,nan,nan,nan,nan,0.9270416666666667,0.15,nan,nan,nan,nan
1098,0.6133333333333333,195.0,158.0,21.0,0.8670886075949367,16.0,0.0,125.58495662879955,nan,nan,nan,nan,nan,0.9277500000000001,0.15,nan,nan,nan,nan
1099,0.6577777777777778,205.0,163.0,16.0,0.901840490797546,16.0,0.0,137.38859653854362,nan,nan,nan,nan,nan,0.9284583333333334,0.15,nan,nan,nan,nan
1100,0.6311111111111111,176.0,150.0,9.0,0.94,14.0,0.0,134.68706333255776,nan,nan,nan,nan,nan,0.9291666666666666,0.15,0.6975111111111112,0.6502222222222223,0.9480111759032502,0.0
1101,0.6355555555555555,188.0,153.0,11.0,0.9281045751633987,14.0,0.0,134.88908772850044,nan,nan,nan,nan,nan,0.929875,0.15,nan,nan,nan,nan
1102,0.6577777777777778,204.0,164.0,17.0,0.8963414634146342,16.0,0.0,137.05278558969496,nan,nan,nan,nan,nan,0.9305833333333333,0.15,nan,nan,nan,nan
1103,0.7022222222222222,213.0,174.0,17.0,0.9022988505747126,16.0,0.0,147.31291193103783,nan,nan,nan,nan,nan,0.9312916666666667,0.15,nan,nan,nan,nan
1104,0.5822222222222222,176.0,146.0,16.0,0.8904109589041096,14.0,0.0,121.46277660417567,10.792719066143036,-0.002895388985052705,20.874429941177368,2.6459044814109802,0.00044788467585021863,0.932,0.15,nan,nan,nan,nan
1105,0.68,206.0,164.0,12.0,0.926829268292683,16.0,0.0,143.52740603685368,nan,nan,nan,nan,nan,0.9327083333333333,0.15,nan,nan,nan,nan
1106,0.6977777777777778,220.0,172.0,16.0,0.9069767441860465,16.0,0.0,146.15470932245248,nan,nan,nan,nan,nan,0.9334166666666667,0.15,nan,nan,nan,nan
1107,0.7155555555555555,221.0,179.0,19.0,0.8938547486033519,16.0,0.0,149.58750890636443,nan,nan,nan,nan,nan,0.934125,0.15,nan,nan,nan,nan
1108,0.68,215.0,177.0,25.0,0.8587570621468926,16.0,0.0,139.5239900493621,nan,nan,nan,nan,nan,0.9348333333333333,0.15,nan,nan,nan,nan
1109,0.6666666666666666,201.0,161.0,12.0,0.9254658385093167,15.0,0.0,140.95288200521475,nan,nan,nan,nan,nan,0.9355416666666667,0.15,nan,nan,nan,nan
1110,0.6577777777777778,207.0,164.0,17.0,0.8963414634146342,16.0,0.0,137.17281781196596,nan,nan,nan,nan,nan,0.93625,0.15,nan,nan,nan,nan
1111,0.6844444444444444,209.0,167.0,14.0,0.9161676646706587,16.0,0.0,144.16255456447593,nan,nan,nan,nan,nan,0.9369583333333333,0.15,nan,nan,nan,nan
1112,0.6577777777777778,197.0,159.0,12.0,0.9245283018867925,16.0,0.0,138.66765861463563,nan,nan,nan,nan,nan,0.9376666666666666,0.15,nan,nan,nan,nan
1113,0.7066666666666667,210.0,170.0,12.0,0.9294117647058824,16.0,0.0,149.55968702125548,nan,nan,nan,nan,nan,0.938375,0.15,nan,nan,nan,nan
1114,0.6311111111111111,187.0,153.0,12.0,0.9215686274509803,14.0,0.0,133.60989428377158,nan,nan,nan,nan,nan,0.9390833333333334,0.15,nan,nan,nan,nan
1115,0.7022222222222222,210.0,167.0,10.0,0.9401197604790419,16.0,0.0,149.19102014160148,nan,nan,nan,nan,nan,0.9397916666666667,0.15,nan,nan,nan,nan
1116,0.6222222222222222,188.0,153.0,14.0,0.9084967320261438,14.0,0.0,130.912087477684,nan,nan,nan,nan,nan,0.9405,0.15,nan,nan,nan,nan
1117,0.6488888888888888,194.0,159.0,14.0,0.9119496855345912,15.0,0.0,136.58613485050196,nan,nan,nan,nan,nan,0.9412083333333333,0.15,nan,nan,nan,nan
1118,0.6177777777777778,189.0,151.0,13.0,0.9139072847682119,14.0,0.0,130.24359609746944,nan,nan,nan,nan,nan,0.9419166666666666,0.15,nan,nan,nan,nan
1119,0.6088888888888889,179.0,150.0,14.0,0.9066666666666666,14.0,0.0,128.15866205883034,nan,nan,nan,nan,nan,0.942625,0.15,nan,nan,nan,nan
1120,0.6711111111111111,214.0,169.0,19.0,0.8875739644970414,16.0,0.0,139.2179175491333,8.287039756774902,-0.003913322667358443,15.868970274925232,2.629071205854416,0.0003022817072633188,0.9433333333333334,0.15,nan,nan,nan,nan
1121,0.6577777777777778,207.0,164.0,17.0,0.8963414634146342,16.0,0.0,136.93073690223702,nan,nan,nan,nan,nan,0.9440416666666667,0.15,nan,nan,nan,nan
1122,0.6666666666666666,188.0,154.0,5.0,0.9675324675324676,13.0,0.0,143.98173992919928,nan,nan,nan,nan,nan,0.9447500000000001,0.15,nan,nan,nan,nan
1123,0.6933333333333334,205.0,163.0,8.0,0.950920245398773,16.0,0.0,147.80812010383593,nan,nan,nan,nan,nan,0.9454583333333333,0.15,nan,nan,nan,nan
1124,0.7288888888888889,207.0,169.0,6.0,0.9644970414201184,16.0,0.0,156.6286460876463,nan,nan,nan,nan,nan,0.9461666666666666,0.15,nan,nan,nan,nan
1125,0.6177777777777778,182.0,148.0,10.0,0.9324324324324325,14.0,0.0,131.12095050716408,nan,nan,nan,nan,nan,0.946875,0.15,nan,nan,nan,nan
1126,0.7066666666666667,220.0,174.0,16.0,0.9080459770114943,16.0,0.0,148.49968947696678,nan,nan,nan,nan,nan,0.9475833333333333,0.15,nan,nan,nan,nan
1127,0.64,202.0,163.0,20.0,0.8773006134969326,16.0,0.0,132.00742323303226,nan,nan,nan,nan,nan,0.9482916666666668,0.15,nan,nan,nan,nan
1128,0.6577777777777778,200.0,160.0,13.0,0.91875,16.0,0.0,138.25559169530877,nan,nan,nan,nan,nan,0.949,0.15,nan,nan,nan,nan
1129,0.5688888888888889,165.0,137.0,10.0,0.927007299270073,13.0,0.0,120.61782599592219,nan,nan,nan,nan,nan,0.9497083333333333,0.15,nan,nan,nan,nan
1130,0.7111111111111111,210.0,171.0,12.0,0.9298245614035088,16.0,0.0,150.78934099388127,nan,nan,nan,nan,nan,0.9504166666666667,0.15,nan,nan,nan,nan
1131,0.6533333333333333,202.0,160.0,14.0,0.9125,15.0,0.0,137.3024698095322,nan,nan,nan,nan,nan,0.951125,0.15,nan,nan,nan,nan
1132,0.68,204.0,164.0,12.0,0.926829268292683,16.0,0.0,143.79712751913087,nan,nan,nan,nan,nan,0.9518333333333333,0.15,nan,nan,nan,nan
1133,0.6533333333333333,201.0,160.0,14.0,0.9125,14.0,0.0,137.8768271589279,nan,nan,nan,nan,nan,0.9525416666666667,0.15,nan,nan,nan,nan
1134,0.6266666666666667,185.0,153.0,13.0,0.9150326797385621,15.0,0.0,131.93721135950085,nan,nan,nan,nan,nan,0.9532499999999999,0.15,nan,nan,nan,nan
1135,0.6933333333333334,209.0,171.0,16.0,0.9064327485380117,16.0,0.0,145.54401021194454,nan,nan,nan,nan,nan,0.9539583333333334,0.15,nan,nan,nan,nan
1136,0.72,210.0,175.0,14.0,0.92,16.0,0.0,152.27435202455516,9.569559156894684,0.04629060486331582,18.34220016002655,2.5999585688114166,0.00036921929495292716,0.9546666666666667,0.15,nan,nan,nan,nan
1137,0.6533333333333333,204.0,161.0,15.0,0.906832298136646,15.0,0.0,137.14827135181426,nan,nan,nan,nan,nan,0.955375,0.15,nan,nan,nan,nan
1138,0.6844444444444444,220.0,171.0,18.0,0.8947368421052632,16.0,0.0,142.30249293947222,nan,nan,nan,nan,nan,0.9560833333333334,0.15,nan,nan,nan,nan
1139,0.6666666666666666,194.0,160.0,11.0,0.93125,15.0,0.0,141.42123810386664,nan,nan,nan,nan,nan,0.9567916666666667,0.15,nan,nan,nan,nan
1140,0.6577777777777778,207.0,166.0,19.0,0.8855421686746988,16.0,0.0,136.277662803173,nan,nan,nan,nan,nan,0.9575,0.15,nan,nan,nan,nan
1141,0.6488888888888888,204.0,159.0,14.0,0.9119496855345912,16.0,0.0,135.87999635887155,nan,nan,nan,nan,nan,0.9582083333333333,0.15,nan,nan,nan,nan
1142,0.6044444444444445,184.0,147.0,12.0,0.9183673469387755,15.0,0.0,127.16407696771628,nan,nan,nan,nan,nan,0.9589166666666666,0.15,nan,nan,nan,nan
1143,0.6711111111111111,197.0,161.0,11.0,0.9316770186335404,16.0,0.0,141.9931055603027,nan,nan,nan,nan,nan,0.9596250000000001,0.15,nan,nan,nan,nan
1144,0.68,202.0,163.0,11.0,0.9325153374233128,15.0,0.0,144.32884176588058,nan,nan,nan,nan,nan,0.9603333333333334,0.15,nan,nan,nan,nan
1145,0.6711111111111111,210.0,171.0,21.0,0.8771929824561403,16.0,0.0,138.9308560824395,nan,nan,nan,nan,nan,0.9610416666666667,0.15,nan,nan,nan,nan
1146,0.7111111111111111,204.0,169.0,10.0,0.9408284023668639,16.0,0.0,151.47091220569604,nan,nan,nan,nan,nan,0.96175,0.15,nan,nan,nan,nan
1147,0.7066666666666667,214.0,175.0,17.0,0.9028571428571428,16.0,0.0,148.23328653764727,nan,nan,nan,nan,nan,0.9624583333333333,0.15,nan,nan,nan,nan
1148,0.6622222222222223,207.0,164.0,16.0,0.9024390243902439,15.0,0.0,138.55329117965695,nan,nan,nan,nan,nan,0.9631666666666666,0.15,nan,nan,nan,nan
1149,0.6711111111111111,208.0,165.0,15.0,0.9090909090909091,15.0,0.0,141.09035600090024,nan,nan,nan,nan,nan,0.963875,0.15,nan,nan,nan,nan
1150,0.6666666666666666,213.0,170.0,21.0,0.8764705882352941,16.0,0.0,137.95102871370315,nan,nan,nan,nan,nan,0.9645833333333333,0.15,nan,nan,nan,nan
1151,0.6977777777777778,208.0,171.0,15.0,0.9122807017543859,16.0,0.0,146.85682893276226,nan,nan,nan,nan,nan,0.9652916666666667,0.15,nan,nan,nan,nan
1152,0.7155555555555555,210.0,175.0,15.0,0.9142857142857143,16.0,0.0,150.8091705737115,6.98213592171669,-0.005622575990855694,13.270192503929138,2.6014914214611053,0.00028993915975661366,0.966,0.15,nan,nan,nan,nan
1153,0.6755555555555556,213.0,163.0,12.0,0.9263803680981595,16.0,0.0,142.5663562703132,nan,nan,nan,nan,nan,0.9667083333333333,0.15,nan,nan,nan,nan
1154,0.68,216.0,172.0,20.0,0.8837209302325582,16.0,0.0,141.0138884978294,nan,nan,nan,nan,nan,0.9674166666666667,0.15,nan,nan,nan,nan
1155,0.6933333333333334,209.0,167.0,12.0,0.9281437125748503,16.0,0.0,146.76432916402814,nan,nan,nan,nan,nan,0.968125,0.15,nan,nan,nan,nan
1156,0.6577777777777778,191.0,162.0,15.0,0.9074074074074074,15.0,0.0,138.30082377862925,nan,nan,nan,nan,nan,0.9688333333333333,0.15,nan,nan,nan,nan
1157,0.68,199.0,166.0,14.0,0.9156626506024096,16.0,0.0,143.2170746860504,nan,nan,nan,nan,nan,0.9695416666666666,0.15,nan,nan,nan,nan
1158,0.6888888888888889,211.0,168.0,14.0,0.9166666666666666,16.0,0.0,145.06768780136096,nan,nan,nan,nan,nan,0.97025,0.15,nan,nan,nan,nan
1159,0.6844444444444444,218.0,172.0,19.0,0.8895348837209303,16.0,0.0,142.44374455118177,nan,nan,nan,nan,nan,0.9709583333333334,0.15,nan,nan,nan,nan
1160,0.6933333333333334,207.0,169.0,14.0,0.9171597633136095,16.0,0.0,146.14481791687024,nan,nan,nan,nan,nan,0.9716666666666667,0.15,nan,nan,nan,nan
1161,0.68,217.0,174.0,22.0,0.8735632183908046,16.0,0.0,140.03357579898835,nan,nan,nan,nan,nan,0.972375,0.15,nan,nan,nan,nan
1162,0.6844444444444444,206.0,170.0,17.0,0.9,16.0,0.0,143.11548929595952,nan,nan,nan,nan,nan,0.9730833333333334,0.15,nan,nan,nan,nan
1163,0.6577777777777778,214.0,166.0,19.0,0.8855421686746988,16.0,0.0,136.41728292465203,nan,nan,nan,nan,nan,0.9737916666666666,0.15,nan,nan,nan,nan
1164,0.6711111111111111,206.0,168.0,18.0,0.8928571428571429,16.0,0.0,139.78407753419873,nan,nan,nan,nan,nan,0.9745,0.15,nan,nan,nan,nan
1165,0.6577777777777778,208.0,168.0,21.0,0.875,16.0,0.0,135.8534189925194,nan,nan,nan,nan,nan,0.9752083333333333,0.15,nan,nan,nan,nan
1166,0.5688888888888889,177.0,143.0,16.0,0.8881118881118881,13.0,0.0,118.53186145734789,nan,nan,nan,nan,nan,0.9759166666666667,0.15,nan,nan,nan,nan
1167,0.6533333333333333,185.0,151.0,5.0,0.9668874172185431,15.0,0.0,140.38592547845852,nan,nan,nan,nan,nan,0.9766250000000001,0.15,nan,nan,nan,nan
1168,0.6711111111111111,193.0,164.0,14.0,0.9146341463414634,16.0,0.0,141.3556442527772,7.6209734082221985,-0.03622760227881372,14.61251413822174,2.5905278623104095,0.00030605176243625465,0.9773333333333334,0.15,nan,nan,nan,nan
1169,0.6755555555555556,200.0,167.0,16.0,0.9041916167664671,16.0,0.0,141.54274600410463,nan,nan,nan,nan,nan,0.9780416666666666,0.15,nan,nan,nan,nan
1170,0.6622222222222223,205.0,160.0,12.0,0.925,16.0,0.0,139.63306793498998,nan,nan,nan,nan,nan,0.97875,0.15,nan,nan,nan,nan
1171,0.6888888888888889,212.0,171.0,17.0,0.9005847953216374,16.0,0.0,144.12284419441218,nan,nan,nan,nan,nan,0.9794583333333333,0.15,nan,nan,nan,nan
1172,0.6666666666666666,218.0,169.0,20.0,0.8816568047337278,16.0,0.0,138.0069971680641,nan,nan,nan,nan,nan,0.9801666666666666,0.15,nan,nan,nan,nan
1173,0.6888888888888889,207.0,169.0,15.0,0.9112426035502958,15.0,0.0,145.32582775878905,nan,nan,nan,nan,nan,0.980875,0.15,nan,nan,nan,nan
1174,0.6711111111111111,203.0,165.0,15.0,0.9090909090909091,16.0,0.0,140.92739090394974,nan,nan,nan,nan,nan,0.9815833333333334,0.15,nan,nan,nan,nan
1175,0.6666666666666666,209.0,166.0,17.0,0.8975903614457831,16.0,0.0,139.16886661767967,nan,nan,nan,nan,nan,0.9822916666666667,0.15,nan,nan,nan,nan
1176,0.6711111111111111,210.0,170.0,20.0,0.8823529411764706,16.0,0.0,139.0768874711991,nan,nan,nan,nan,nan,0.983,0.15,nan,nan,nan,nan
1177,0.64,202.0,161.0,18.0,0.8881987577639752,15.0,0.0,133.2181367692948,nan,nan,nan,nan,nan,0.9837083333333333,0.15,nan,nan,nan,nan
1178,0.6355555555555555,180.0,146.0,4.0,0.9726027397260274,14.0,0.0,137.00339625120162,nan,nan,nan,nan,nan,0.9844166666666667,0.15,nan,nan,nan,nan
1179,0.6711111111111111,202.0,163.0,13.0,0.9202453987730062,16.0,0.0,141.34827898740772,nan,nan,nan,nan,nan,0.985125,0.15,nan,nan,nan,nan
1180,0.6711111111111111,212.0,173.0,23.0,0.8670520231213873,15.0,0.0,138.49205678701404,nan,nan,nan,nan,nan,0.9858333333333333,0.15,nan,nan,nan,nan
1181,0.6577777777777778,209.0,166.0,19.0,0.8855421686746988,16.0,0.0,136.48891098213198,nan,nan,nan,nan,nan,0.9865416666666667,0.15,nan,nan,nan,nan
1182,0.5422222222222223,166.0,128.0,7.0,0.9453125,13.0,0.0,115.52963176345828,nan,nan,nan,nan,nan,0.98725,0.15,nan,nan,nan,nan
1183,0.6755555555555556,209.0,169.0,18.0,0.893491124260355,16.0,0.0,140.9124352974891,nan,nan,nan,nan,nan,0.9879583333333334,0.15,nan,nan,nan,nan
1184,0.6711111111111111,205.0,165.0,15.0,0.9090909090909091,15.0,0.0,141.11590052652357,8.887629628181458,-0.008014394785277545,17.085817575454712,2.6036359071731567,0.0004188054472251679,0.9886666666666667,0.15,nan,nan,nan,nan
1185,0.6711111111111111,213.0,162.0,12.0,0.9259259259259259,16.0,0.0,141.47091928720488,nan,nan,nan,nan,nan,0.989375,0.15,nan,nan,nan,nan
1186,0.6533333333333333,199.0,158.0,12.0,0.9240506329113924,16.0,0.0,137.46054652357108,nan,nan,nan,nan,nan,0.9900833333333333,0.15,nan,nan,nan,nan
1187,0.7022222222222222,216.0,178.0,21.0,0.8820224719101124,16.0,0.0,145.96560973978046,nan,nan,nan,nan,nan,0.9907916666666666,0.15,nan,nan,nan,nan
1188,0.6755555555555556,209.0,169.0,18.0,0.893491124260355,16.0,0.0,140.91051668310166,nan,nan,nan,nan,nan,0.9915,0.15,nan,nan,nan,nan
1189,0.6622222222222223,187.0,156.0,8.0,0.9487179487179487,15.0,0.0,141.52999116039274,nan,nan,nan,nan,nan,0.9922083333333334,0.15,nan,nan,nan,nan
1190,0.6444444444444445,202.0,167.0,23.0,0.8622754491017964,16.0,0.0,132.31189309167868,nan,nan,nan,nan,nan,0.9929166666666667,0.15,nan,nan,nan,nan
1191,0.6888888888888889,212.0,174.0,20.0,0.8850574712643678,16.0,0.0,143.34933289003362,nan,nan,nan,nan,nan,0.9936250000000001,0.15,nan,nan,nan,nan
1192,0.6933333333333334,205.0,164.0,9.0,0.9451219512195121,15.0,0.0,147.97754574203503,nan,nan,nan,nan,nan,0.9943333333333333,0.15,nan,nan,nan,nan
1193,0.6888888888888889,209.0,162.0,8.0,0.9506172839506173,16.0,0.0,146.8137307362556,nan,nan,nan,nan,nan,0.9950416666666666,0.15,nan,nan,nan,nan
1194,0.6977777777777778,208.0,172.0,16.0,0.9069767441860465,15.0,0.0,146.9540824041368,nan,nan,nan,nan,nan,0.99575,0.15,nan,nan,nan,nan
1195,0.6488888888888888,193.0,160.0,15.0,0.90625,14.0,0.0,136.53884711313248,nan,nan,nan,nan,nan,0.9964583333333333,0.15,nan,nan,nan,nan
1196,0.6666666666666666,203.0,160.0,11.0,0.93125,16.0,0.0,140.8945009746552,nan,nan,nan,nan,nan,0.9971666666666666,0.15,nan,nan,nan,nan
1197,0.6577777777777778,217.0,167.0,20.0,0.8802395209580839,16.0,0.0,135.92751507282267,nan,nan,nan,nan,nan,0.9978750000000001,0.15,nan,nan,nan,nan
1198,0.7155555555555555,217.0,182.0,22.0,0.8791208791208791,16.0,0.0,148.7121466064452,nan,nan,nan,nan,nan,0.9985833333333333,0.15,nan,nan,nan,nan
1199,0.6622222222222223,200.0,164.0,16.0,0.9024390243902439,16.0,0.0,138.4954230422973,nan,nan,nan,nan,nan,0.9992916666666667,0.15,nan,nan,nan,nan
1200,0.7066666666666667,215.0,174.0,16.0,0.9080459770114943,16.0,0.0,148.2560832338332,7.058005213737488,-0.009143262752331793,13.431554555892944,2.591842621564865,0.0008090945120784454,1.0,0.15,0.6950222222222222,0.6355555555555555,0.9480234117700982,0.0
1201,0.5955555555555555,177.0,144.0,11.0,0.9236111111111112,14.0,0.0,125.96183146667488,nan,nan,nan,nan,nan,1.0,0.15,nan,nan,nan,nan
1202,0.7111111111111111,210.0,173.0,14.0,0.9190751445086706,15.0,0.0,150.37800718641265,nan,nan,nan,nan,nan,1.0,0.15,nan,nan,nan,nan
1203,0.6977777777777778,212.0,175.0,19.0,0.8914285714285715,16.0,0.0,145.50370134353633,nan,nan,nan,nan,nan,1.0,0.15,nan,nan,nan,nan
1204,0.6622222222222223,197.0,163.0,15.0,0.9079754601226994,15.0,0.0,139.30525741052625,nan,nan,nan,nan,nan,1.0,0.15,nan,nan,nan,nan
1205,0.6977777777777778,204.0,170.0,14.0,0.9176470588235294,16.0,0.0,147.12370906543723,nan,nan,nan,nan,nan,1.0,0.15,nan,nan,nan,nan
1206,0.7288888888888889,216.0,173.0,10.0,0.9421965317919075,16.0,0.0,155.27394905662527,nan,nan,nan,nan,nan,1.0,0.15,nan,nan,nan,nan
1207,0.64,198.0,157.0,14.0,0.910828025477707,16.0,0.0,133.78208248138426,nan,nan,nan,nan,nan,1.0,0.15,nan,nan,nan,nan
1208,0.7066666666666667,210.0,170.0,12.0,0.9294117647058824,16.0,0.0,149.71173725509638,nan,nan,nan,nan,nan,1.0,0.15,nan,nan,nan,nan
1209,0.6755555555555556,206.0,168.0,17.0,0.8988095238095238,16.0,0.0,141.2484865775108,nan,nan,nan,nan,nan,1.0,0.15,nan,nan,nan,nan
1210,0.6311111111111111,179.0,150.0,9.0,0.94,14.0,0.0,134.6613532791138,nan,nan,nan,nan,nan,1.0,0.15,nan,nan,nan,nan
1211,0.5955555555555555,186.0,145.0,12.0,0.9172413793103448,14.0,0.0,125.54761777496348,nan,nan,nan,nan,nan,1.0,0.15,nan,nan,nan,nan
1212,0.6044444444444445,194.0,155.0,20.0,0.8709677419354839,15.0,0.0,124.73463390874866,nan,nan,nan,nan,nan,1.0,0.15,nan,nan,nan,nan
1213,0.6444444444444445,193.0,159.0,15.0,0.9056603773584906,16.0,0.0,134.74818524742133,nan,nan,nan,nan,nan,1.0,0.15,nan,nan,nan,nan
1214,0.6977777777777778,205.0,168.0,12.0,0.9285714285714286,16.0,0.0,147.7614583506585,nan,nan,nan,nan,nan,1.0,0.15,nan,nan,nan,nan
1215,0.7288888888888889,212.0,175.0,12.0,0.9314285714285714,16.0,0.0,154.6027223863601,nan,nan,nan,nan,nan,1.0,0.15,nan,nan,nan,nan
1216,0.6844444444444444,204.0,168.0,15.0,0.9107142857142857,16.0,0.0,143.95245712280274,7.953939735889435,0.01380489009898156,15.186522126197815,2.561668246984482,0.0005135850642545847,1.0,0.15,nan,nan,nan,nan
1217,0.5733333333333334,179.0,143.0,15.0,0.8951048951048951,14.0,0.0,119.46324550247208,nan,nan,nan,nan,nan,1.0,0.15,nan,nan,nan,nan
1218,0.6711111111111111,209.0,164.0,14.0,0.9146341463414634,16.0,0.0,140.8843687796593,nan,nan,nan,nan,nan,1.0,0.15,nan,nan,nan,nan
1219,0.64,208.0,165.0,22.0,0.8666666666666667,16.0,0.0,131.59167219781884,nan,nan,nan,nan,nan,1.0,0.15,nan,nan,nan,nan
1220,0.6977777777777778,203.0,168.0,12.0,0.9285714285714286,16.0,0.0,147.79331335163116,nan,nan,nan,nan,nan,1.0,0.15,nan,nan,nan,nan
1221,0.6533333333333333,187.0,157.0,11.0,0.9299363057324841,14.0,0.0,139.0260660719871,nan,nan,nan,nan,nan,1.0,0.15,nan,nan,nan,nan
1222,0.7288888888888889,211.0,172.0,9.0,0.9476744186046512,16.0,0.0,155.70585144233704,nan,nan,nan,nan,nan,1.0,0.15,nan,nan,nan,nan
1223,0.6666666666666666,206.0,169.0,20.0,0.8816568047337278,16.0,0.0,138.35695479202286,nan,nan,nan,nan,nan,1.0,0.15,nan,nan,nan,nan
1224,0.6933333333333334,208.0,169.0,14.0,0.9171597633136095,16.0,0.0,146.20727048063276,nan,nan,nan,nan,nan,1.0,0.15,nan,nan,nan,nan
1225,0.6888888888888889,214.0,175.0,21.0,0.88,16.0,0.0,142.7095766201019,nan,nan,nan,nan,nan,1.0,0.15,nan,nan,nan,nan
1226,0.6488888888888888,208.0,159.0,14.0,0.9119496855345912,15.0,0.0,136.30418470287327,nan,nan,nan,nan,nan,1.0,0.15,nan,nan,nan,nan
1227,0.6577777777777778,211.0,167.0,20.0,0.8802395209580839,16.0,0.0,136.1782909245491,nan,nan,nan,nan,nan,1.0,0.15,nan,nan,nan,nan
1228,0.6311111111111111,184.0,148.0,7.0,0.9527027027027027,14.0,0.0,135.07854878520965,nan,nan,nan,nan,nan,1.0,0.15,nan,nan,nan,nan
1229,0.6666666666666666,206.0,166.0,17.0,0.8975903614457831,15.0,0.0,139.53434914588937,nan,nan,nan,nan,nan,1.0,0.15,nan,nan,nan,nan
1230,0.72,212.0,177.0,16.0,0.9096045197740112,16.0,0.0,151.59047673416137,nan,nan,nan,nan,nan,1.0,0.15,nan,nan,nan,nan
1231,0.6577777777777778,193.0,161.0,14.0,0.9130434782608695,15.0,0.0,138.63925471162798,nan,nan,nan,nan,nan,1.0,0.15,nan,nan,nan,nan
1232,0.7111111111111111,205.0,171.0,12.0,0.9298245614035088,16.0,0.0,150.80208789205537,7.865980863571167,0.00019489461556077003,15.033177018165588,2.5787922739982605,0.0006851248526800191,1.0,0.15,nan,nan,nan,nan
1233,0.6533333333333333,185.0,154.0,8.0,0.948051948051948,14.0,0.0,139.93157222366335,nan,nan,nan,nan,nan,1.0,0.15,nan,nan,nan,nan
1234,0.72,203.0,167.0,6.0,0.9640718562874252,16.0,0.0,154.6566734371185,nan,nan,nan,nan,nan,1.0,0.15,nan,nan,nan,nan
1235,0.6977777777777778,210.0,167.0,11.0,0.9341317365269461,16.0,0.0,148.04711540126797,nan,nan,nan,nan,nan,1.0,0.15,nan,nan,nan,nan
1236,0.7066666666666667,206.0,170.0,12.0,0.9294117647058824,16.0,0.0,149.8576715593337,nan,nan,nan,nan,nan,1.0,0.15,nan,nan,nan,nan
1237,0.6755555555555556,206.0,163.0,12.0,0.9263803680981595,16.0,0.0,142.5926304059029,nan,nan,nan,nan,nan,1.0,0.15,nan,nan,nan,nan
1238,0.7066666666666667,207.0,170.0,12.0,0.9294117647058824,16.0,0.0,149.76423612928394,nan,nan,nan,nan,nan,1.0,0.15,nan,nan,nan,nan
1239,0.6844444444444444,212.0,173.0,20.0,0.884393063583815,16.0,0.0,142.25374741268158,nan,nan,nan,nan,nan,1.0,0.15,nan,nan,nan,nan
1240,0.6933333333333334,204.0,169.0,14.0,0.9171597633136095,16.0,0.0,146.27399807071686,nan,nan,nan,nan,nan,1.0,0.15,nan,nan,nan,nan
1241,0.68,203.0,168.0,16.0,0.9047619047619048,16.0,0.0,142.58767899847038,nan,nan,nan,nan,nan,1.0,0.15,nan,nan,nan,nan
1242,0.6755555555555556,200.0,164.0,13.0,0.9207317073170732,16.0,0.0,142.55833572912212,nan,nan,nan,nan,nan,1.0,0.15,nan,nan,nan,nan
1243,0.6266666666666667,197.0,156.0,16.0,0.8974358974358975,15.0,0.0,130.90005900430685,nan,nan,nan,nan,nan,1.0,0.15,nan,nan,nan,nan
1244,0.6622222222222223,188.0,157.0,9.0,0.9426751592356688,14.0,0.0,141.63334136199958,nan,nan,nan,nan,nan,1.0,0.15,nan,nan,nan,nan
1245,0.6577777777777778,199.0,162.0,15.0,0.9074074074074074,16.0,0.0,137.77945320892326,nan,nan,nan,nan,nan,1.0,0.15,nan,nan,nan,nan
1246,0.6888888888888889,204.0,166.0,12.0,0.927710843373494,16.0,0.0,145.78790415668485,nan,nan,nan,nan,nan,1.0,0.15,nan,nan,nan,nan
1247,0.6888888888888889,204.0,168.0,14.0,0.9166666666666666,16.0,0.0,145.2565226664543,nan,nan,nan,nan,nan,1.0,0.15,nan,nan,nan,nan
1248,0.6622222222222223,202.0,165.0,17.0,0.896969696969697,16.0,0.0,138.26461112260816,4.546083509922028,0.029621521418448538,8.33929455280304,2.5580276250839233,0.0012420923058016342,1.0,0.15,nan,nan,nan,nan
1249,0.7422222222222222,212.0,176.0,10.0,0.9431818181818182,16.0,0.0,158.37523015308375,nan,nan,nan,nan,nan,1.0,0.15,nan,nan,nan,nan
1250,0.6755555555555556,192.0,157.0,6.0,0.9617834394904459,14.0,0.0,145.46849949073794,nan,nan,nan,nan,nan,1.0,0.15,nan,nan,nan,nan
1251,0.6977777777777778,206.0,172.0,16.0,0.9069767441860465,16.0,0.0,146.68269008874913,nan,nan,nan,nan,nan,1.0,0.15,nan,nan,nan,nan
1252,0.6444444444444445,195.0,160.0,16.0,0.9,15.0,0.0,134.64973267555237,nan,nan,nan,nan,nan,1.0,0.15,nan,nan,nan,nan
1253,0.68,211.0,165.0,13.0,0.9212121212121213,16.0,0.0,143.39757436084759,nan,nan,nan,nan,nan,1.0,0.15,nan,nan,nan,nan
1254,0.6933333333333334,209.0,171.0,16.0,0.9064327485380117,16.0,0.0,145.2224202404022,nan,nan,nan,nan,nan,1.0,0.15,nan,nan,nan,nan
1255,0.6577777777777778,215.0,166.0,19.0,0.8855421686746988,16.0,0.0,136.32127063846588,nan,nan,nan,nan,nan,1.0,0.15,nan,nan,nan,nan
1256,0.6533333333333333,215.0,167.0,21.0,0.874251497005988,16.0,0.0,134.33886825323103,nan,nan,nan,nan,nan,1.0,0.15,nan,nan,nan,nan
1257,0.6533333333333333,200.0,158.0,12.0,0.9240506329113924,16.0,0.0,137.60847192335135,nan,nan,nan,nan,nan,1.0,0.15,nan,nan,nan,nan
1258,0.7022222222222222,214.0,177.0,20.0,0.8870056497175142,16.0,0.0,146.20293893480297,nan,nan,nan,nan,nan,1.0,0.15,nan,nan,nan,nan
1259,0.6133333333333333,199.0,164.0,27.0,0.8353658536585366,15.0,0.0,124.61417705678939,nan,nan,nan,nan,nan,1.0,0.15,nan,nan,nan,nan
1260,0.6711111111111111,206.0,165.0,15.0,0.9090909090909091,16.0,0.0,140.76853532648082,nan,nan,nan,nan,nan,1.0,0.15,nan,nan,nan,nan
1261,0.6533333333333333,219.0,181.0,35.0,0.8066298342541437,16.0,0.0,130.45348019599916,nan,nan,nan,nan,nan,1.0,0.15,nan,nan,nan,nan
1262,0.6755555555555556,205.0,162.0,11.0,0.9320987654320988,15.0,0.0,143.2677677712442,nan,nan,nan,nan,nan,1.0,0.15,nan,nan,nan,nan
1263,0.6755555555555556,203.0,164.0,13.0,0.9207317073170732,14.0,0.0,143.033449048996,nan,nan,nan,nan,nan,1.0,0.15,nan,nan,nan,nan
1264,0.6533333333333333,203.0,163.0,17.0,0.8957055214723927,16.0,0.0,135.97594095802316,5.228092521429062,0.0017145539168268442,9.771584033966064,2.518363445997238,0.0008087320893537253,1.0,0.15,nan,nan,nan,nan
1265,0.6177777777777778,177.0,144.0,6.0,0.9583333333333334,13.0,0.0,132.90067998743064,nan,nan,nan,nan,nan,1.0,0.15,nan,nan,nan,nan
1266,0.6444444444444445,209.0,172.0,28.0,0.8372093023255814,16.0,0.0,130.5596299886704,nan,nan,nan,nan,nan,1.0,0.15,nan,nan,nan,nan
1267,0.6577777777777778,212.0,166.0,19.0,0.8855421686746988,16.0,0.0,136.36241549968716,nan,nan,nan,nan,nan,1.0,0.15,nan,nan,nan,nan
1268,0.68,208.0,169.0,17.0,0.8994082840236687,16.0,0.0,142.07149022865286,nan,nan,nan,nan,nan,1.0,0.15,nan,nan,nan,nan
1269,0.6222222222222222,187.0,149.0,10.0,0.9328859060402684,14.0,0.0,132.06539402437218,nan,nan,nan,nan,nan,1.0,0.15,nan,nan,nan,nan
1270,0.6977777777777778,211.0,174.0,18.0,0.896551724137931,16.0,0.0,145.7235259709357,nan,nan,nan,nan,nan,1.0,0.15,nan,nan,nan,nan
1271,0.68,207.0,170.0,18.0,0.8941176470588236,15.0,0.0,142.18181522941583,nan,nan,nan,nan,nan,1.0,0.15,nan,nan,nan,nan
1272,0.6444444444444445,204.0,162.0,18.0,0.8888888888888888,16.0,0.0,133.72489784145353,nan,nan,nan,nan,nan,1.0,0.15,nan,nan,nan,nan
1273,0.6844444444444444,199.0,164.0,11.0,0.9329268292682927,16.0,0.0,145.01464661836624,nan,nan,nan,nan,nan,1.0,0.15,nan,nan,nan,nan
1274,0.6533333333333333,210.0,168.0,22.0,0.8690476190476191,16.0,0.0,134.60207089471808,nan,nan,nan,nan,nan,1.0,0.15,nan,nan,nan,nan
1275,0.6044444444444445,186.0,155.0,20.0,0.8709677419354839,14.0,0.0,124.98737853384019,nan,nan,nan,nan,nan,1.0,0.15,nan,nan,nan,nan
1276,0.6488888888888888,193.0,158.0,13.0,0.9177215189873418,15.0,0.0,136.80880504369745,nan,nan,nan,nan,nan,1.0,0.15,nan,nan,nan,nan
1277,0.6533333333333333,200.0,158.0,12.0,0.9240506329113924,16.0,0.0,137.60870273494726,nan,nan,nan,nan,nan,1.0,0.15,nan,nan,nan,nan
1278,0.6666666666666666,202.0,171.0,22.0,0.8713450292397661,16.0,0.0,137.6144954242706,nan,nan,nan,nan,nan,1.0,0.15,nan,nan,nan,nan
1279,0.6444444444444445,206.0,165.0,21.0,0.8727272727272727,16.0,0.0,132.76331756687156,nan,nan,nan,nan,nan,1.0,0.15,nan,nan,nan,nan
1280,0.6888888888888889,212.0,175.0,21.0,0.88,16.0,0.0,143.06468820953384,4.6723699271678925,0.01000081084202975,8.625238716602325,2.5836506485939026,0.0016545065882382914,1.0,0.15,nan,nan,nan,nan
1281,0.6755555555555556,195.0,163.0,12.0,0.9263803680981595,15.0,0.0,143.0575628924371,nan,nan,nan,nan,nan,1.0,0.15,nan,nan,nan,nan
1282,0.6622222222222223,192.0,159.0,11.0,0.9308176100628931,15.0,0.0,140.4422027053834,nan,nan,nan,nan,nan,1.0,0.15,nan,nan,nan,nan
1283,0.6266666666666667,183.0,148.0,8.0,0.9459459459459459,15.0,0.0,133.4715112557412,nan,nan,nan,nan,nan,1.0,0.15,nan,nan,nan,nan
1284,0.6711111111111111,199.0,163.0,13.0,0.9202453987730062,16.0,0.0,141.38986491823198,nan,nan,nan,nan,nan,1.0,0.15,nan,nan,nan,nan
1285,0.6,186.0,147.0,13.0,0.9115646258503401,14.0,0.0,126.19414431619657,nan,nan,nan,nan,nan,1.0,0.15,nan,nan,nan,nan
1286,0.6666666666666666,208.0,168.0,19.0,0.8869047619047619,16.0,0.0,138.6152151989936,nan,nan,nan,nan,nan,1.0,0.15,nan,nan,nan,nan
1287,0.6622222222222223,206.0,160.0,12.0,0.925,16.0,0.0,139.54767737531668,nan,nan,nan,nan,nan,1.0,0.15,nan,nan,nan,nan
1288,0.7155555555555555,217.0,172.0,12.0,0.9302325581395349,16.0,0.0,151.53958957099906,nan,nan,nan,nan,nan,1.0,0.15,nan,nan,nan,nan
1289,0.6266666666666667,212.0,164.0,24.0,0.8536585365853658,16.0,0.0,127.8383003897667,nan,nan,nan,nan,nan,1.0,0.15,nan,nan,nan,nan
1290,0.6133333333333333,175.0,146.0,9.0,0.9383561643835616,14.0,0.0,130.5805496625901,nan,nan,nan,nan,nan,1.0,0.15,nan,nan,nan,nan
1291,0.6755555555555556,206.0,165.0,14.0,0.9151515151515152,16.0,0.0,141.93809936571117,nan,nan,nan,nan,nan,1.0,0.15,nan,nan,nan,nan
1292,0.6577777777777778,200.0,162.0,15.0,0.9074074074074074,16.0,0.0,137.9222945256233,nan,nan,nan,nan,nan,1.0,0.15,nan,nan,nan,nan
1293,0.6444444444444445,211.0,162.0,18.0,0.8888888888888888,16.0,0.0,133.5202346506118,nan,nan,nan,nan,nan,1.0,0.15,nan,nan,nan,nan
1294,0.6977777777777778,206.0,168.0,12.0,0.9285714285714286,15.0,0.0,148.12047599220278,nan,nan,nan,nan,nan,1.0,0.15,nan,nan,nan,nan
1295,0.7066666666666667,218.0,172.0,14.0,0.9186046511627907,16.0,0.0,149.08950392341606,nan,nan,nan,nan,nan,1.0,0.15,nan,nan,nan,nan
1296,0.68,204.0,164.0,12.0,0.926829268292683,16.0,0.0,143.55830989694596,4.494513958692551,-0.00763839267892763,8.295316517353058,2.6142216324806213,0.00015858765436860267,1.0,0.15,nan,nan,nan,nan
1297,0.6444444444444445,207.0,163.0,19.0,0.8834355828220859,16.0,0.0,133.63000829982758,nan,nan,nan,nan,nan,1.0,0.15,nan,nan,nan,nan
1298,0.6755555555555556,203.0,165.0,14.0,0.9151515151515152,16.0,0.0,142.1421845717431,nan,nan,nan,nan,nan,1.0,0.15,nan,nan,nan,nan
1299,0.6622222222222223,211.0,170.0,22.0,0.8705882352941177,16.0,0.0,136.51905959272386,nan,nan,nan,nan,nan,1.0,0.15,nan,nan,nan,nan
1300,0.6622222222222223,214.0,175.0,27.0,0.8457142857142858,16.0,0.0,134.9889171085358,nan,nan,nan,nan,nan,1.0,0.15,0.696,0.6431111111111112,0.9493591608003866,0.0
1301,0.6755555555555556,204.0,168.0,17.0,0.8988095238095238,16.0,0.0,141.11151267528535,nan,nan,nan,nan,nan,1.0,0.15,nan,nan,nan,nan
1302,0.6844444444444444,211.0,172.0,19.0,0.8895348837209303,16.0,0.0,142.54991709709165,nan,nan,nan,nan,nan,1.0,0.15,nan,nan,nan,nan
1303,0.6711111111111111,200.0,168.0,18.0,0.8928571428571429,15.0,0.0,140.33900808668133,nan,nan,nan,nan,nan,1.0,0.15,nan,nan,nan,nan
1304,0.6933333333333334,215.0,173.0,18.0,0.8959537572254336,16.0,0.0,144.96887553596503,nan,nan,nan,nan,nan,1.0,0.15,nan,nan,nan,nan
1305,0.68,207.0,169.0,17.0,0.8994082840236687,16.0,0.0,142.24729122877122,nan,nan,nan,nan,nan,1.0,0.15,nan,nan,nan,nan
1306,0.6933333333333334,219.0,169.0,14.0,0.9171597633136095,16.0,0.0,145.80895960235586,nan,nan,nan,nan,nan,1.0,0.15,nan,nan,nan,nan
1307,0.6311111111111111,176.0,149.0,8.0,0.9463087248322147,14.0,0.0,134.99242776870747,nan,nan,nan,nan,nan,1.0,0.15,nan,nan,nan,nan
1308,0.6577777777777778,201.0,159.0,12.0,0.9245283018867925,16.0,0.0,138.60500425004966,nan,nan,nan,nan,nan,1.0,0.15,nan,nan,nan,nan
1309,0.7022222222222222,211.0,170.0,13.0,0.9235294117647059,15.0,0.0,148.70095111703876,nan,nan,nan,nan,nan,1.0,0.15,nan,nan,nan,nan
1310,0.6444444444444445,205.0,162.0,18.0,0.8888888888888888,16.0,0.0,133.5509136853218,nan,nan,nan,nan,nan,1.0,0.15,nan,nan,nan,nan
1311,0.6844444444444444,210.0,171.0,18.0,0.8947368421052632,16.0,0.0,142.77107008886338,nan,nan,nan,nan,nan,1.0,0.15,nan,nan,nan,nan
1312,0.6844444444444444,210.0,164.0,11.0,0.9329268292682927,16.0,0.0,145.00526868534087,3.2561741769313812,-0.010190016590058804,5.85175085067749,2.5175074636936188,0.00019206192791898502,1.0,0.15,nan,nan,nan,nan
1313,0.6888888888888889,206.0,167.0,13.0,0.9221556886227545,16.0,0.0,145.413937347889,nan,nan,nan,nan,nan,1.0,0.15,nan,nan,nan,nan
1314,0.6844444444444444,206.0,171.0,18.0,0.8947368421052632,15.0,0.0,143.2883831329345,nan,nan,nan,nan,nan,1.0,0.15,nan,nan,nan,nan
1315,0.6577777777777778,217.0,170.0,23.0,0.8647058823529412,16.0,0.0,134.66962326955792,nan,nan,nan,nan,nan,1.0,0.15,nan,nan,nan,nan
1316,0.6133333333333333,184.0,150.0,13.0,0.9133333333333333,13.0,0.0,129.60611181688316,nan,nan,nan,nan,nan,1.0,0.15,nan,nan,nan,nan
1317,0.6666666666666666,211.0,169.0,20.0,0.8816568047337278,16.0,0.0,138.2058264169692,nan,nan,nan,nan,nan,1.0,0.15,nan,nan,nan,nan
1318,0.7066666666666667,199.0,165.0,7.0,0.9575757575757575,16.0,0.0,151.38509000778186,nan,nan,nan,nan,nan,1.0,0.15,nan,nan,nan,nan
1319,0.6755555555555556,208.0,167.0,16.0,0.9041916167664671,16.0,0.0,141.49624727582932,nan,nan,nan,nan,nan,1.0,0.15,nan,nan,nan,nan
1320,0.6888888888888889,213.0,170.0,16.0,0.9058823529411765,16.0,0.0,144.30989656782154,nan,nan,nan,nan,nan,1.0,0.15,nan,nan,nan,nan
1321,0.6088888888888889,193.0,154.0,18.0,0.8831168831168831,15.0,0.0,126.25409142541889,nan,nan,nan,nan,nan,1.0,0.15,nan,nan,nan,nan
1322,0.6355555555555555,202.0,162.0,20.0,0.8765432098765432,15.0,0.0,131.37329167032243,nan,nan,nan,nan,nan,1.0,0.15,nan,nan,nan,nan
1323,0.64,178.0,149.0,6.0,0.959731543624161,14.0,0.0,137.55597948741917,nan,nan,nan,nan,nan,1.0,0.15,nan,nan,nan,nan
1324,0.6711111111111111,206.0,165.0,15.0,0.9090909090909091,16.0,0.0,140.72458143711094,nan,nan,nan,nan,nan,1.0,0.15,nan,nan,nan,nan
1325,0.7155555555555555,198.0,168.0,8.0,0.9523809523809523,16.0,0.0,153.0651697735786,nan,nan,nan,nan,nan,1.0,0.15,nan,nan,nan,nan
1326,0.6311111111111111,201.0,156.0,15.0,0.9038461538461539,16.0,0.0,131.65839781093598,nan,nan,nan,nan,nan,1.0,0.15,nan,nan,nan,nan
1327,0.6488888888888888,210.0,169.0,24.0,0.8579881656804734,16.0,0.0,132.80734195566188,nan,nan,nan,nan,nan,1.0,0.15,nan,nan,nan,nan
1328,0.6133333333333333,190.0,155.0,18.0,0.8838709677419355,14.0,0.0,127.608467581749,4.285453975200653,-0.012880552792921662,7.907936990261078,2.5394104719161987,0.00035088650292891543,1.0,0.15,nan,nan,nan,nan
1329,0.6311111111111111,183.0,150.0,9.0,0.94,14.0,0.0,134.5857381720544,nan,nan,nan,nan,nan,1.0,0.15,nan,nan,nan,nan
1330,0.6133333333333333,190.0,148.0,11.0,0.9256756756756757,14.0,0.0,129.6272631444932,nan,nan,nan,nan,nan,1.0,0.15,nan,nan,nan,nan
1331,0.6888888888888889,205.0,165.0,11.0,0.9333333333333333,15.0,0.0,146.3185915455818,nan,nan,nan,nan,nan,1.0,0.15,nan,nan,nan,nan
1332,0.6355555555555555,192.0,153.0,11.0,0.9281045751633987,14.0,0.0,134.673244225502,nan,nan,nan,nan,nan,1.0,0.15,nan,nan,nan,nan
1333,0.6977777777777778,215.0,175.0,19.0,0.8914285714285715,16.0,0.0,145.45683799648288,nan,nan,nan,nan,nan,1.0,0.15,nan,nan,nan,nan
1334,0.6933333333333334,214.0,175.0,20.0,0.8857142857142857,16.0,0.0,144.3301733160018,nan,nan,nan,nan,nan,1.0,0.15,nan,nan,nan,nan
1335,0.6711111111111111,196.0,164.0,14.0,0.9146341463414634,16.0,0.0,141.23643463230133,nan,nan,nan,nan,nan,1.0,0.15,nan,nan,nan,nan
1336,0.6533333333333333,206.0,158.0,12.0,0.9240506329113924,16.0,0.0,137.59277416563026,nan,nan,nan,nan,nan,1.0,0.15,nan,nan,nan,nan
1337,0.6577777777777778,206.0,168.0,21.0,0.875,15.0,0.0,136.18909368228896,nan,nan,nan,nan,nan,1.0,0.15,nan,nan,nan,nan
1338,0.6888888888888889,218.0,173.0,19.0,0.8901734104046243,16.0,0.0,143.46034503746026,nan,nan,nan,nan,nan,1.0,0.15,nan,nan,nan,nan
1339,0.68,200.0,162.0,10.0,0.9382716049382716,16.0,0.0,144.34395321130756,nan,nan,nan,nan,nan,1.0,0.15,nan,nan,nan,nan
1340,0.6844444444444444,214.0,170.0,17.0,0.9,16.0,0.0,143.2396799244881,nan,nan,nan,nan,nan,1.0,0.15,nan,nan,nan,nan
1341,0.64,194.0,158.0,15.0,0.9050632911392406,16.0,0.0,133.79393402957922,nan,nan,nan,nan,nan,1.0,0.15,nan,nan,nan,nan
1342,0.6755555555555556,219.0,175.0,24.0,0.8628571428571429,16.0,0.0,138.9727664442062,nan,nan,nan,nan,nan,1.0,0.15,nan,nan,nan,nan
1343,0.5644444444444444,162.0,133.0,7.0,0.9473684210526315,13.0,0.0,120.5813516659737,nan,nan,nan,nan,nan,1.0,0.15,nan,nan,nan,nan
1344,0.7022222222222222,204.0,166.0,9.0,0.9457831325301205,16.0,0.0,149.56728711366637,5.611108660697937,-0.00830836861860007,10.53057211637497,2.610621839761734,0.00031902079081191914,1.0,0.15,nan,nan,nan,nan
1345,0.6888888888888889,216.0,175.0,21.0,0.88,16.0,0.0,143.08268653869627,nan,nan,nan,nan,nan,1.0,0.15,nan,nan,nan,nan
1346,0.6711111111111111,213.0,172.0,22.0,0.872093023255814,16.0,0.0,138.54270042228706,nan,nan,nan,nan,nan,1.0,0.15,nan,nan,nan,nan
1347,0.7333333333333333,217.0,180.0,16.0,0.9111111111111111,14.0,0.0,155.07515995216366,nan,nan,nan,nan,nan,1.0,0.15,nan,nan,nan,nan
1348,0.6666666666666666,195.0,157.0,8.0,0.9490445859872612,16.0,0.0,142.02618145704255,nan,nan,nan,nan,nan,1.0,0.15,nan,nan,nan,nan
1349,0.6533333333333333,202.0,159.0,13.0,0.9182389937106918,16.0,0.0,137.2914502372743,nan,nan,nan,nan,nan,1.0,0.15,nan,nan,nan,nan
1350,0.6444444444444445,201.0,164.0,20.0,0.8780487804878049,16.0,0.0,133.04455374622347,nan,nan,nan,nan,nan,1.0,0.15,nan,nan,nan,nan
1351,0.6622222222222223,197.0,162.0,14.0,0.9135802469135802,15.0,0.0,139.26793940258025,nan,nan,nan,nan,nan,1.0,0.15,nan,nan,nan,nan
1352,0.6888888888888889,219.0,179.0,25.0,0.8603351955307262,15.0,0.0,141.7135134820938,nan,nan,nan,nan,nan,1.0,0.15,nan,nan,nan,nan
1353,0.6844444444444444,203.0,160.0,7.0,0.95625,16.0,0.0,146.25146980762474,nan,nan,nan,nan,nan,1.0,0.15,nan,nan,nan,nan
1354,0.6666666666666666,204.0,166.0,17.0,0.8975903614457831,16.0,0.0,139.0889786829949,nan,nan,nan,nan,nan,1.0,0.15,nan,nan,nan,nan
1355,0.7155555555555555,201.0,170.0,10.0,0.9411764705882353,16.0,0.0,152.36771018314363,nan,nan,nan,nan,nan,1.0,0.15,nan,nan,nan,nan
1356,0.6977777777777778,206.0,167.0,11.0,0.9341317365269461,15.0,0.0,148.08918717765806,nan,nan,nan,nan,nan,1.0,0.15,nan,nan,nan,nan
1357,0.6488888888888888,215.0,170.0,25.0,0.8529411764705882,16.0,0.0,132.57921926021567,nan,nan,nan,nan,nan,1.0,0.15,nan,nan,nan,nan
1358,0.6755555555555556,219.0,179.0,28.0,0.8435754189944135,16.0,0.0,137.5986602315902,nan,nan,nan,nan,nan,1.0,0.15,nan,nan,nan,nan
1359,0.64,192.0,154.0,11.0,0.9285714285714286,15.0,0.0,135.36627775621423,nan,nan,nan,nan,nan,1.0,0.15,nan,nan,nan,nan
1360,0.6666666666666666,202.0,159.0,10.0,0.9371069182389937,14.0,0.0,141.91970015573506,10.5986328125,0.0024402313865721226,20.490701377391815,2.5895767211914062,0.0011683839074976277,1.0,0.15,nan,nan,nan,nan
1361,0.7111111111111111,210.0,173.0,14.0,0.9190751445086706,15.0,0.0,150.53718000984182,nan,nan,nan,nan,nan,1.0,0.15,nan,nan,nan,nan
1362,0.6933333333333334,214.0,175.0,20.0,0.8857142857142857,16.0,0.0,144.2522345504761,nan,nan,nan,nan,nan,1.0,0.15,nan,nan,nan,nan
1363,0.6444444444444445,193.0,162.0,18.0,0.8888888888888888,15.0,0.0,134.10979083538052,nan,nan,nan,nan,nan,1.0,0.15,nan,nan,nan,nan
1364,0.6622222222222223,206.0,168.0,20.0,0.8809523809523809,16.0,0.0,137.34278871679308,nan,nan,nan,nan,nan,1.0,0.15,nan,nan,nan,nan
1365,0.7022222222222222,217.0,177.0,20.0,0.8870056497175142,16.0,0.0,146.15685215473172,nan,nan,nan,nan,nan,1.0,0.15,nan,nan,nan,nan
1366,0.6355555555555555,181.0,148.0,6.0,0.9594594594594594,14.0,0.0,136.49660969352732,nan,nan,nan,nan,nan,1.0,0.15,nan,nan,nan,nan
1367,0.6844444444444444,219.0,174.0,21.0,0.8793103448275862,16.0,0.0,141.4608959312439,nan,nan,nan,nan,nan,1.0,0.15,nan,nan,nan,nan
1368,0.6755555555555556,204.0,167.0,16.0,0.9041916167664671,16.0,0.0,141.55757564496986,nan,nan,nan,nan,nan,1.0,0.15,nan,nan,nan,nan
1369,0.6755555555555556,205.0,159.0,8.0,0.949685534591195,16.0,0.0,143.82902308893196,nan,nan,nan,nan,nan,1.0,0.15,nan,nan,nan,nan
1370,0.6888888888888889,214.0,171.0,17.0,0.9005847953216374,16.0,0.0,144.25022694873815,nan,nan,nan,nan,nan,1.0,0.15,nan,nan,nan,nan
1371,0.7244444444444444,215.0,174.0,12.0,0.9310344827586207,16.0,0.0,153.70427596187577,nan,nan,nan,nan,nan,1.0,0.15,nan,nan,nan,nan
1372,0.64,195.0,160.0,17.0,0.89375,15.0,0.0,133.60766031360632,nan,nan,nan,nan,nan,1.0,0.15,nan,nan,nan,nan
1373,0.6177777777777778,191.0,151.0,13.0,0.9139072847682119,14.0,0.0,130.2937398648262,nan,nan,nan,nan,nan,1.0,0.15,nan,nan,nan,nan
1374,0.6711111111111111,201.0,163.0,13.0,0.9202453987730062,16.0,0.0,141.10916885042195,nan,nan,nan,nan,nan,1.0,0.15,nan,nan,nan,nan
1375,0.6933333333333334,203.0,169.0,14.0,0.9171597633136095,16.0,0.0,146.2851261277199,nan,nan,nan,nan,nan,1.0,0.15,nan,nan,nan,nan
1376,0.7022222222222222,216.0,167.0,10.0,0.9401197604790419,16.0,0.0,149.17759042310718,4.211074382066727,-0.05996554717421532,7.842654705047607,2.5811972320079803,0.0017815517785493284,1.0,0.15,nan,nan,nan,nan
1377,0.6622222222222223,208.0,166.0,18.0,0.891566265060241,16.0,0.0,137.4888754611015,nan,nan,nan,nan,nan,1.0,0.15,nan,nan,nan,nan
1378,0.6888888888888889,215.0,174.0,20.0,0.8850574712643678,16.0,0.0,143.14091806268692,nan,nan,nan,nan,nan,1.0,0.15,nan,nan,nan,nan
1379,0.6666666666666666,220.0,172.0,23.0,0.8662790697674418,16.0,0.0,136.9720461115836,nan,nan,nan,nan,nan,1.0,0.15,nan,nan,nan,nan
1380,0.6133333333333333,179.0,150.0,13.0,0.9133333333333333,14.0,0.0,129.46273759889613,nan,nan,nan,nan,nan,1.0,0.15,nan,nan,nan,nan
1381,0.6577777777777778,202.0,164.0,17.0,0.8963414634146342,16.0,0.0,137.3260253582001,nan,nan,nan,nan,nan,1.0,0.15,nan,nan,nan,nan
1382,0.6133333333333333,186.0,150.0,13.0,0.9133333333333333,15.0,0.0,128.63892585611345,nan,nan,nan,nan,nan,1.0,0.15,nan,nan,nan,nan
1383,0.5466666666666666,167.0,135.0,13.0,0.9037037037037037,13.0,0.0,114.81590040636071,nan,nan,nan,nan,nan,1.0,0.15,nan,nan,nan,nan
1384,0.6444444444444445,196.0,164.0,20.0,0.8780487804878049,14.0,0.0,133.97359626150123,nan,nan,nan,nan,nan,1.0,0.15,nan,nan,nan,nan
1385,0.6666666666666666,197.0,159.0,10.0,0.9371069182389937,14.0,0.0,141.80649290895462,nan,nan,nan,nan,nan,1.0,0.15,nan,nan,nan,nan
1386,0.6844444444444444,202.0,165.0,12.0,0.9272727272727272,16.0,0.0,144.76385410356525,nan,nan,nan,nan,nan,1.0,0.15,nan,nan,nan,nan
1387,0.6888888888888889,214.0,174.0,20.0,0.8850574712643678,16.0,0.0,143.15071616411203,nan,nan,nan,nan,nan,1.0,0.15,nan,nan,nan,nan
1388,0.6177777777777778,189.0,148.0,10.0,0.9324324324324325,14.0,0.0,131.18330187225342,nan,nan,nan,nan,nan,1.0,0.15,nan,nan,nan,nan
1389,0.6577777777777778,213.0,167.0,20.0,0.8802395209580839,16.0,0.0,136.2286873087884,nan,nan,nan,nan,nan,1.0,0.15,nan,nan,nan,nan
1390,0.6711111111111111,207.0,165.0,15.0,0.9090909090909091,16.0,0.0,140.6293940825462,nan,nan,nan,nan,nan,1.0,0.15,nan,nan,nan,nan
1391,0.6355555555555555,195.0,156.0,14.0,0.9102564102564102,14.0,0.0,133.8547727804184,nan,nan,nan,nan,nan,1.0,0.15,nan,nan,nan,nan
1392,0.7111111111111111,197.0,171.0,12.0,0.9298245614035088,16.0,0.0,150.92638986206055,6.961326628923416,-0.024896697141230106,13.26086151599884,2.622895270586014,0.001298628478707542,1.0,0.15,nan,nan,nan,nan
1393,0.6977777777777778,213.0,170.0,14.0,0.9176470588235294,16.0,0.0,147.07255065584167,nan,nan,nan,nan,nan,1.0,0.15,nan,nan,nan,nan
1394,0.6622222222222223,207.0,166.0,18.0,0.891566265060241,15.0,0.0,138.37982167339328,nan,nan,nan,nan,nan,1.0,0.15,nan,nan,nan,nan
1395,0.6977777777777778,212.0,172.0,16.0,0.9069767441860465,16.0,0.0,146.27502062511442,nan,nan,nan,nan,nan,1.0,0.15,nan,nan,nan,nan
1396,0.6577777777777778,206.0,163.0,16.0,0.901840490797546,16.0,0.0,137.3872349300385,nan,nan,nan,nan,nan,1.0,0.15,nan,nan,nan,nan
1397,0.6888888888888889,216.0,174.0,20.0,0.8850574712643678,16.0,0.0,142.88406184482565,nan,nan,nan,nan,nan,1.0,0.15,nan,nan,nan,nan
1398,0.6844444444444444,210.0,167.0,14.0,0.9161676646706587,16.0,0.0,143.98714740657812,nan,nan,nan,nan,nan,1.0,0.15,nan,nan,nan,nan
1399,0.7155555555555555,213.0,179.0,19.0,0.8938547486033519,16.0,0.0,149.62694596195212,nan,nan,nan,nan,nan,1.0,0.15,nan,nan,nan,nan
1400,0.6577777777777778,198.0,160.0,13.0,0.91875,15.0,0.0,138.7491230220795,nan,nan,nan,nan,nan,1.0,0.15,0.6938666666666665,0.6386666666666667,0.9456872887317149,0.0
1401,0.6533333333333333,188.0,157.0,11.0,0.9299363057324841,15.0,0.0,138.63112872600553,nan,nan,nan,nan,nan,1.0,0.15,nan,nan,nan,nan
1402,0.5822222222222222,167.0,138.0,8.0,0.9420289855072463,13.0,0.0,124.36312256050127,nan,nan,nan,nan,nan,1.0,0.15,nan,nan,nan,nan
1403,0.6933333333333334,217.0,168.0,13.0,0.9226190476190477,16.0,0.0,146.36354580640784,nan,nan,nan,nan,nan,1.0,0.15,nan,nan,nan,nan
1404,0.6933333333333334,209.0,171.0,16.0,0.9064327485380117,16.0,0.0,145.38178091621407,nan,nan,nan,nan,nan,1.0,0.15,nan,nan,nan,nan
1405,0.6666666666666666,207.0,163.0,14.0,0.9141104294478528,16.0,0.0,140.05418979597096,nan,nan,nan,nan,nan,1.0,0.15,nan,nan,nan,nan
1406,0.6844444444444444,203.0,170.0,17.0,0.9,15.0,0.0,143.62137281322484,nan,nan,nan,nan,nan,1.0,0.15,nan,nan,nan,nan
1407,0.7333333333333333,215.0,177.0,13.0,0.9265536723163842,16.0,0.0,155.52881988286975,nan,nan,nan,nan,nan,1.0,0.15,nan,nan,nan,nan
1408,0.6444444444444445,187.0,154.0,10.0,0.935064935064935,15.0,0.0,136.82415211915963,4.009828478097916,-0.003374026622623205,7.329724073410034,2.572859674692154,0.0002879398653021781,1.0,0.15,nan,nan,nan,nan
1409,0.6622222222222223,206.0,163.0,15.0,0.9079754601226994,16.0,0.0,138.53222430706032,nan,nan,nan,nan,nan,1.0,0.15,nan,nan,nan,nan
1410,0.6266666666666667,186.0,153.0,13.0,0.9150326797385621,15.0,0.0,131.92241035366052,nan,nan,nan,nan,nan,1.0,0.15,nan,nan,nan,nan
1411,0.7111111111111111,214.0,171.0,12.0,0.9298245614035088,16.0,0.0,150.66676716709134,nan,nan,nan,nan,nan,1.0,0.15,nan,nan,nan,nan
1412,0.7022222222222222,221.0,181.0,24.0,0.8674033149171271,16.0,0.0,144.7969371595382,nan,nan,nan,nan,nan,1.0,0.15,nan,nan,nan,nan
1413,0.5288888888888889,154.0,129.0,11.0,0.9147286821705426,12.0,0.0,111.76095859432223,nan,nan,nan,nan,nan,1.0,0.15,nan,nan,nan,nan
1414,0.68,205.0,164.0,12.0,0.926829268292683,16.0,0.0,143.7016216111184,nan,nan,nan,nan,nan,1.0,0.15,nan,nan,nan,nan
1415,0.5955555555555555,181.0,147.0,14.0,0.9047619047619048,13.0,0.0,125.2882131261826,nan,nan,nan,nan,nan,1.0,0.15,nan,nan,nan,nan
1416,0.64,187.0,154.0,11.0,0.9285714285714286,15.0,0.0,135.5963030629158,nan,nan,nan,nan,nan,1.0,0.15,nan,nan,nan,nan
1417,0.68,208.0,162.0,10.0,0.9382716049382716,16.0,0.0,144.2255424776079,nan,nan,nan,nan,nan,1.0,0.15,nan,nan,nan,nan
1418,0.6844444444444444,212.0,166.0,13.0,0.9216867469879518,15.0,0.0,144.54412817001355,nan,nan,nan,nan,nan,1.0,0.15,nan,nan,nan,nan
1419,0.6444444444444445,205.0,164.0,20.0,0.8780487804878049,16.0,0.0,133.1252526392937,nan,nan,nan,nan,nan,1.0,0.15,nan,nan,nan,nan
1420,0.6888888888888889,201.0,165.0,11.0,0.9333333333333333,15.0,0.0,146.37998274421685,nan,nan,nan,nan,nan,1.0,0.15,nan,nan,nan,nan
1421,0.6533333333333333,196.0,160.0,14.0,0.9125,16.0,0.0,137.01605378007878,nan,nan,nan,nan,nan,1.0,0.15,nan,nan,nan,nan
1422,0.6488888888888888,199.0,155.0,10.0,0.9354838709677419,16.0,0.0,137.17583906412128,nan,nan,nan,nan,nan,1.0,0.15,nan,nan,nan,nan
1423,0.68,203.0,165.0,13.0,0.9212121212121213,16.0,0.0,143.44899437332145,nan,nan,nan,nan,nan,1.0,0.15,nan,nan,nan,nan
1424,0.6266666666666667,187.0,147.0,7.0,0.9523809523809523,14.0,0.0,134.01817352914816,7.824453890323639,-0.01805427938234061,14.959863662719727,2.6706199944019318,0.0006674045534964534,1.0,0.15,nan,nan,nan,nan
1425,0.5866666666666667,191.0,149.0,18.0,0.8791946308724832,15.0,0.0,121.10249150466929,nan,nan,nan,nan,nan,1.0,0.15,nan,nan,nan,nan
1426,0.7111111111111111,213.0,177.0,18.0,0.8983050847457628,16.0,0.0,148.8924151415825,nan,nan,nan,nan,nan,1.0,0.15,nan,nan,nan,nan
1427,0.6933333333333334,206.0,171.0,16.0,0.9064327485380117,16.0,0.0,145.50911743116382,nan,nan,nan,nan,nan,1.0,0.15,nan,nan,nan,nan
1428,0.6,191.0,152.0,18.0,0.881578947368421,15.0,0.0,124.07407061862952,nan,nan,nan,nan,nan,1.0,0.15,nan,nan,nan,nan
1429,0.5911111111111111,166.0,136.0,4.0,0.9705882352941176,14.0,0.0,127.14951950359352,nan,nan,nan,nan,nan,1.0,0.15,nan,nan,nan,nan
1430,0.6977777777777778,213.0,173.0,17.0,0.9017341040462428,16.0,0.0,146.2924447393417,nan,nan,nan,nan,nan,1.0,0.15,nan,nan,nan,nan
1431,0.6,190.0,157.0,23.0,0.8535031847133758,16.0,0.0,122.36466367292405,nan,nan,nan,nan,nan,1.0,0.15,nan,nan,nan,nan
1432,0.7466666666666667,227.0,182.0,15.0,0.9175824175824175,16.0,0.0,157.5826456747054,nan,nan,nan,nan,nan,1.0,0.15,nan,nan,nan,nan
1433,0.6711111111111111,215.0,171.0,21.0,0.8771929824561403,16.0,0.0,138.87840581798568,nan,nan,nan,nan,nan,1.0,0.15,nan,nan,nan,nan
1434,0.6711111111111111,204.0,167.0,17.0,0.8982035928143712,16.0,0.0,140.0177843470573,nan,nan,nan,nan,nan,1.0,0.15,nan,nan,nan,nan
1435,0.6,182.0,143.0,9.0,0.9370629370629371,14.0,0.0,127.35197351360324,nan,nan,nan,nan,nan,1.0,0.15,nan,nan,nan,nan
1436,0.6844444444444444,219.0,176.0,23.0,0.8693181818181818,16.0,0.0,141.0312505369187,nan,nan,nan,nan,nan,1.0,0.15,nan,nan,nan,nan
1437,0.6888888888888889,201.0,168.0,14.0,0.9166666666666666,15.0,0.0,145.54428998565677,nan,nan,nan,nan,nan,1.0,0.15,nan,nan,nan,nan
1438,0.6666666666666666,208.0,163.0,14.0,0.9141104294478528,16.0,0.0,139.87806576728832,nan,nan,nan,nan,nan,1.0,0.15,nan,nan,nan,nan
1439,0.6177777777777778,206.0,159.0,21.0,0.8679245283018868,16.0,0.0,126.3454232640267,nan,nan,nan,nan,nan,1.0,0.15,nan,nan,nan,nan
1440,0.68,188.0,158.0,6.0,0.9620253164556962,14.0,0.0,146.54980989933009,5.725348770618439,-0.005822647188324481,10.752042412757874,2.6240875124931335,0.0004938976217090385,1.0,0.15,nan,nan,nan,nan
1441,0.6444444444444445,201.0,158.0,14.0,0.9113924050632911,16.0,0.0,134.8337264761926,nan,nan,nan,nan,nan,1.0,0.15,nan,nan,nan,nan
1442,0.6533333333333333,207.0,167.0,21.0,0.874251497005988,16.0,0.0,134.93758494377144,nan,nan,nan,nan,nan,1.0,0.15,nan,nan,nan,nan
1443,0.6888888888888889,205.0,170.0,16.0,0.9058823529411765,16.0,0.0,144.66932980346672,nan,nan,nan,nan,nan,1.0,0.15,nan,nan,nan,nan
1444,0.6755555555555556,204.0,165.0,14.0,0.9151515151515152,16.0,0.0,142.1282495055198,nan,nan,nan,nan,nan,1.0,0.15,nan,nan,nan,nan
1445,0.68,193.0,157.0,5.0,0.9681528662420382,15.0,0.0,146.278879878044,nan,nan,nan,nan,nan,1.0,0.15,nan,nan,nan,nan
1446,0.6755555555555556,197.0,162.0,11.0,0.9320987654320988,16.0,0.0,143.17458333396914,nan,nan,nan,nan,nan,1.0,0.15,nan,nan,nan,nan
1447,0.6577777777777778,202.0,159.0,12.0,0.9245283018867925,16.0,0.0,138.27171175003048,nan,nan,nan,nan,nan,1.0,0.15,nan,nan,nan,nan
1448,0.5822222222222222,173.0,141.0,11.0,0.9219858156028369,14.0,0.0,122.93501238918313,nan,nan,nan,nan,nan,1.0,0.15,nan,nan,nan,nan
1449,0.6533333333333333,193.0,159.0,13.0,0.9182389937106918,15.0,0.0,137.98703646993633,nan,nan,nan,nan,nan,1.0,0.15,nan,nan,nan,nan
1450,0.6844444444444444,214.0,170.0,17.0,0.9,16.0,0.0,143.1547569870948,nan,nan,nan,nan,nan,1.0,0.15,nan,nan,nan,nan
1451,0.6444444444444445,211.0,161.0,17.0,0.8944099378881988,15.0,0.0,134.3682086071969,nan,nan,nan,nan,nan,1.0,0.15,nan,nan,nan,nan
1452,0.6355555555555555,185.0,151.0,9.0,0.9403973509933775,14.0,0.0,135.58420609760296,nan,nan,nan,nan,nan,1.0,0.15,nan,nan,nan,nan
1453,0.6488888888888888,192.0,156.0,11.0,0.9294871794871795,14.0,0.0,137.69737284898756,nan,nan,nan,nan,nan,1.0,0.15,nan,nan,nan,nan
1454,0.68,208.0,162.0,10.0,0.9382716049382716,16.0,0.0,144.1473195166588,nan,nan,nan,nan,nan,1.0,0.15,nan,nan,nan,nan
1455,0.6666666666666666,201.0,160.0,11.0,0.93125,16.0,0.0,140.9171332411767,nan,nan,nan,nan,nan,1.0,0.15,nan,nan,nan,nan
1456,0.6488888888888888,200.0,162.0,17.0,0.8950617283950617,16.0,0.0,134.98426333904263,4.72683122754097,0.007975109154358506,8.743065476417542,2.5668704211711884,0.0023453797912225127,1.0,0.15,nan,nan,nan,nan
1457,0.6666666666666666,202.0,163.0,14.0,0.9141104294478528,16.0,0.0,140.1342886238098,nan,nan,nan,nan,nan,1.0,0.15,nan,nan,nan,nan
1458,0.6755555555555556,193.0,166.0,15.0,0.9096385542168675,15.0,0.0,142.49452887392036,nan,nan,nan,nan,nan,1.0,0.15,nan,nan,nan,nan
1459,0.6533333333333333,197.0,161.0,15.0,0.906832298136646,15.0,0.0,137.01931113529207,nan,nan,nan,nan,nan,1.0,0.15,nan,nan,nan,nan
1460,0.6444444444444445,212.0,163.0,19.0,0.8834355828220859,16.0,0.0,133.23782381725317,nan,nan,nan,nan,nan,1.0,0.15,nan,nan,nan,nan
1461,0.6755555555555556,200.0,165.0,14.0,0.9151515151515152,16.0,0.0,142.11064372539528,nan,nan,nan,nan,nan,1.0,0.15,nan,nan,nan,nan
1462,0.5955555555555555,178.0,139.0,6.0,0.9568345323741008,14.0,0.0,127.2545913324357,nan,nan,nan,nan,nan,1.0,0.15,nan,nan,nan,nan
1463,0.6577777777777778,198.0,163.0,16.0,0.901840490797546,16.0,0.0,137.43417622423172,nan,nan,nan,nan,nan,1.0,0.15,nan,nan,nan,nan
1464,0.6888888888888889,200.0,167.0,13.0,0.9221556886227545,16.0,0.0,145.59550111198416,nan,nan,nan,nan,nan,1.0,0.15,nan,nan,nan,nan
1465,0.7066666666666667,214.0,174.0,16.0,0.9080459770114943,16.0,0.0,148.5103047904967,nan,nan,nan,nan,nan,1.0,0.15,nan,nan,nan,nan
1466,0.6844444444444444,209.0,171.0,18.0,0.8947368421052632,15.0,0.0,143.24912189960483,nan,nan,nan,nan,nan,1.0,0.15,nan,nan,nan,nan
1467,0.7066666666666667,216.0,175.0,17.0,0.9028571428571428,16.0,0.0,147.87395719861982,nan,nan,nan,nan,nan,1.0,0.15,nan,nan,nan,nan
1468,0.6577777777777778,199.0,160.0,13.0,0.91875,15.0,0.0,138.83453961753847,nan,nan,nan,nan,nan,1.0,0.15,nan,nan,nan,nan
1469,0.6488888888888888,206.0,159.0,14.0,0.9119496855345912,16.0,0.0,136.00519430875786,nan,nan,nan,nan,nan,1.0,0.15,nan,nan,nan,nan
1470,0.6888888888888889,207.0,168.0,14.0,0.9166666666666666,16.0,0.0,144.97076089048392,nan,nan,nan,nan,nan,1.0,0.15,nan,nan,nan,nan
1471,0.6622222222222223,196.0,164.0,16.0,0.9024390243902439,16.0,0.0,138.6792903318405,nan,nan,nan,nan,nan,1.0,0.15,nan,nan,nan,nan
1472,0.6311111111111111,192.0,149.0,8.0,0.9463087248322147,14.0,0.0,134.66708732080463,3.431269645690918,-0.04548852061270736,6.26448717713356,2.541274279356003,0.0018921723349194508,1.0,0.15,nan,nan,nan,nan
1473,0.7022222222222222,213.0,176.0,19.0,0.8920454545454546,16.0,0.0,146.74300116920472,nan,nan,nan,nan,nan,1.0,0.15,nan,nan,nan,nan
1474,0.7066666666666667,211.0,167.0,9.0,0.9461077844311377,16.0,0.0,150.39806955575938,nan,nan,nan,nan,nan,1.0,0.15,nan,nan,nan,nan
1475,0.6666666666666666,198.0,163.0,14.0,0.9141104294478528,16.0,0.0,140.26999384212496,nan,nan,nan,nan,nan,1.0,0.15,nan,nan,nan,nan
1476,0.6888888888888889,207.0,170.0,16.0,0.9058823529411765,16.0,0.0,144.6384986515046,nan,nan,nan,nan,nan,1.0,0.15,nan,nan,nan,nan
1477,0.6577777777777778,198.0,160.0,13.0,0.91875,16.0,0.0,138.52917803716667,nan,nan,nan,nan,nan,1.0,0.15,nan,nan,nan,nan
1478,0.72,211.0,177.0,16.0,0.9096045197740112,16.0,0.0,151.605112033844,nan,nan,nan,nan,nan,1.0,0.15,nan,nan,nan,nan
1479,0.7022222222222222,207.0,173.0,16.0,0.9075144508670521,16.0,0.0,147.6049468050003,nan,nan,nan,nan,nan,1.0,0.15,nan,nan,nan,nan
1480,0.7155555555555555,212.0,173.0,13.0,0.9248554913294798,16.0,0.0,151.43392374944693,nan,nan,nan,nan,nan,1.0,0.15,nan,nan,nan,nan
1481,0.6133333333333333,183.0,146.0,9.0,0.9383561643835616,14.0,0.0,130.5345381164551,nan,nan,nan,nan,nan,1.0,0.15,nan,nan,nan,nan
1482,0.6533333333333333,203.0,160.0,14.0,0.9125,16.0,0.0,136.8291075067521,nan,nan,nan,nan,nan,1.0,0.15,nan,nan,nan,nan
1483,0.6622222222222223,214.0,169.0,21.0,0.8757396449704142,16.0,0.0,136.94104550075537,nan,nan,nan,nan,nan,1.0,0.15,nan,nan,nan,nan
1484,0.6222222222222222,197.0,156.0,17.0,0.8910256410256411,15.0,0.0,129.3604599256516,nan,nan,nan,nan,nan,1.0,0.15,nan,nan,nan,nan
1485,0.6888888888888889,210.0,169.0,15.0,0.9112426035502958,16.0,0.0,144.40102986097327,nan,nan,nan,nan,nan,1.0,0.15,nan,nan,nan,nan
1486,0.6755555555555556,214.0,176.0,25.0,0.8579545454545454,16.0,0.0,138.68624753189073,nan,nan,nan,nan,nan,1.0,0.15,nan,nan,nan,nan
1487,0.7377777777777778,218.0,176.0,11.0,0.9375,16.0,0.0,156.90491058206553,nan,nan,nan,nan,nan,1.0,0.15,nan,nan,nan,nan
1488,0.6977777777777778,207.0,170.0,14.0,0.9176470588235294,16.0,0.0,147.07757524299632,3.769334077835083,0.016642623988445848,6.794428706169128,2.6187412440776825,0.0003609619088820182,1.0,0.15,nan,nan,nan,nan
1489,0.5777777777777777,171.0,141.0,12.0,0.9148936170212766,13.0,0.0,122.14977533197404,nan,nan,nan,nan,nan,1.0,0.15,nan,nan,nan,nan
1490,0.6622222222222223,211.0,167.0,19.0,0.8862275449101796,16.0,0.0,137.31369543075562,nan,nan,nan,nan,nan,1.0,0.15,nan,nan,nan,nan
1491,0.72,211.0,169.0,8.0,0.9526627218934911,16.0,0.0,153.8860126838683,nan,nan,nan,nan,nan,1.0,0.15,nan,nan,nan,nan
1492,0.6266666666666667,177.0,146.0,6.0,0.958904109589041,14.0,0.0,134.49098195505155,nan,nan,nan,nan,nan,1.0,0.15,nan,nan,nan,nan
1493,0.6933333333333334,209.0,169.0,14.0,0.9171597633136095,16.0,0.0,146.11698081827157,nan,nan,nan,nan,nan,1.0,0.15,nan,nan,nan,nan
1494,0.6444444444444445,195.0,156.0,12.0,0.9230769230769231,15.0,0.0,136.20871309757243,nan,nan,nan,nan,nan,1.0,0.15,nan,nan,nan,nan
1495,0.5555555555555556,161.0,129.0,5.0,0.9612403100775194,12.0,0.0,119.53753337287911,nan,nan,nan,nan,nan,1.0,0.15,nan,nan,nan,nan
1496,0.6755555555555556,204.0,165.0,14.0,0.9151515151515152,16.0,0.0,142.20865622043615,nan,nan,nan,nan,nan,1.0,0.15,nan,nan,nan,nan
1497,0.6844444444444444,213.0,179.0,26.0,0.8547486033519553,16.0,0.0,140.20295677471157,nan,nan,nan,nan,nan,1.0,0.15,nan,nan,nan,nan
1498,0.6711111111111111,215.0,170.0,20.0,0.8823529411764706,16.0,0.0,138.6026144342423,nan,nan,nan,nan,nan,1.0,0.15,nan,nan,nan,nan
1499,0.6844444444444444,209.0,166.0,13.0,0.9216867469879518,16.0,0.0,143.97283206653597,nan,nan,nan,nan,nan,1.0,0.15,nan,nan,nan,nan
1500,0.6977777777777778,213.0,175.0,19.0,0.8914285714285715,15.0,0.0,145.86796225643153,nan,nan,nan,nan,nan,1.0,0.15,0.6959111111111114,0.6342222222222222,0.9489737326626008,0.0
1501,0.6577777777777778,198.0,165.0,18.0,0.8909090909090909,16.0,0.0,136.77248503494263,nan,nan,nan,nan,nan,1.0,0.15,nan,nan,nan,nan
1502,0.72,208.0,176.0,15.0,0.9147727272727273,16.0,0.0,152.0120739974975,nan,nan,nan,nan,nan,1.0,0.15,nan,nan,nan,nan
1503,0.5422222222222223,154.0,130.0,9.0,0.9307692307692308,12.0,0.0,115.21900122499476,nan,nan,nan,nan,nan,1.0,0.15,nan,nan,nan,nan
1504,0.7022222222222222,213.0,171.0,14.0,0.9181286549707602,16.0,0.0,147.92768549537658,5.220057189464569,-0.03492808458395302,9.811293125152588,2.5796268582344055,0.0014891759938109317,1.0,0.15,nan,nan,nan,nan
1505,0.6355555555555555,188.0,158.0,16.0,0.8987341772151899,15.0,0.0,133.06884527492528,nan,nan,nan,nan,nan,1.0,0.15,nan,nan,nan,nan
1506,0.6711111111111111,206.0,166.0,16.0,0.9036144578313253,16.0,0.0,140.43600467300428,nan,nan,nan,nan,nan,1.0,0.15,nan,nan,nan,nan
1507,0.6533333333333333,207.0,165.0,19.0,0.8848484848484849,16.0,0.0,135.50470523977276,nan,nan,nan,nan,nan,1.0,0.15,nan,nan,nan,nan
1508,0.6,189.0,151.0,17.0,0.8874172185430463,14.0,0.0,124.88419841241844,nan,nan,nan,nan,nan,1.0,0.15,nan,nan,nan,nan
1509,0.6444444444444445,193.0,154.0,10.0,0.935064935064935,15.0,0.0,136.72907861948013,nan,nan,nan,nan,nan,1.0,0.15,nan,nan,nan,nan
1510,0.6666666666666666,214.0,169.0,20.0,0.8816568047337278,16.0,0.0,137.92397511577602,nan,nan,nan,nan,nan,1.0,0.15,nan,nan,nan,nan
1511,0.6622222222222223,200.0,160.0,12.0,0.925,16.0,0.0,139.55696182107914,nan,nan,nan,nan,nan,1.0,0.15,nan,nan,nan,nan
1512,0.6888888888888889,208.0,171.0,17.0,0.9005847953216374,16.0,0.0,144.18042428112034,nan,nan,nan,nan,nan,1.0,0.15,nan,nan,nan,nan
1513,0.6933333333333334,204.0,171.0,16.0,0.9064327485380117,16.0,0.0,145.46266135692588,nan,nan,nan,nan,nan,1.0,0.15,nan,nan,nan,nan
1514,0.6533333333333333,193.0,161.0,15.0,0.906832298136646,14.0,0.0,137.63573597621914,nan,nan,nan,nan,nan,1.0,0.15,nan,nan,nan,nan
1515,0.64,207.0,163.0,20.0,0.8773006134969326,16.0,0.0,131.93519449710843,nan,nan,nan,nan,nan,1.0,0.15,nan,nan,nan,nan
1516,0.6844444444444444,207.0,168.0,15.0,0.9107142857142857,16.0,0.0,143.75090553331376,nan,nan,nan,nan,nan,1.0,0.15,nan,nan,nan,nan
1517,0.6577777777777778,194.0,156.0,9.0,0.9423076923076923,15.0,0.0,140.04769551038748,nan,nan,nan,nan,nan,1.0,0.15,nan,nan,nan,nan
1518,0.6933333333333334,202.0,167.0,12.0,0.9281437125748503,16.0,0.0,146.71148373031625,nan,nan,nan,nan,nan,1.0,0.15,nan,nan,nan,nan
1519,0.6977777777777778,214.0,172.0,16.0,0.9069767441860465,16.0,0.0,146.40907581615434,nan,nan,nan,nan,nan,1.0,0.15,nan,nan,nan,nan
1520,0.64,199.0,166.0,23.0,0.8614457831325302,16.0,0.0,131.35726550865178,4.797344207763672,-0.014126613270491362,8.918888807296753,2.5975178480148315,0.00168144260533154,1.0,0.15,nan,nan,nan,nan
1521,0.7022222222222222,218.0,177.0,20.0,0.8870056497175142,15.0,0.0,146.60119956731788,nan,nan,nan,nan,nan,1.0,0.15,nan,nan,nan,nan
1522,0.6844444444444444,204.0,167.0,14.0,0.9161676646706587,15.0,0.0,144.54282141733165,nan,nan,nan,nan,nan,1.0,0.15,nan,nan,nan,nan
1523,0.6933333333333334,221.0,174.0,19.0,0.8908045977011494,16.0,0.0,144.5140115976333,nan,nan,nan,nan,nan,1.0,0.15,nan,nan,nan,nan
1524,0.6755555555555556,203.0,163.0,12.0,0.9263803680981595,16.0,0.0,142.79492937469465,nan,nan,nan,nan,nan,1.0,0.15,nan,nan,nan,nan
1525,0.6977777777777778,214.0,173.0,17.0,0.9017341040462428,16.0,0.0,146.04329763030995,nan,nan,nan,nan,nan,1.0,0.15,nan,nan,nan,nan
1526,0.6355555555555555,178.0,152.0,10.0,0.9342105263157895,14.0,0.0,135.3250507059097,nan,nan,nan,nan,nan,1.0,0.15,nan,nan,nan,nan
1527,0.6222222222222222,181.0,149.0,10.0,0.9328859060402684,14.0,0.0,132.31331231594092,nan,nan,nan,nan,nan,1.0,0.15,nan,nan,nan,nan
1528,0.6311111111111111,208.0,163.0,22.0,0.8650306748466258,16.0,0.0,128.99876179456717,nan,nan,nan,nan,nan,1.0,0.15,nan,nan,nan,nan
1529,0.6,180.0,143.0,9.0,0.9370629370629371,14.0,0.0,127.53974039554605,nan,nan,nan,nan,nan,1.0,0.15,nan,nan,nan,nan
1530,0.6755555555555556,204.0,166.0,15.0,0.9096385542168675,15.0,0.0,142.22695550441745,nan,nan,nan,nan,nan,1.0,0.15,nan,nan,nan,nan
1531,0.6222222222222222,173.0,146.0,7.0,0.952054794520548,14.0,0.0,133.25790060997014,nan,nan,nan,nan,nan,1.0,0.15,nan,nan,nan,nan
1532,0.6666666666666666,224.0,172.0,23.0,0.8662790697674418,16.0,0.0,136.96351639890668,nan,nan,nan,nan,nan,1.0,0.15,nan,nan,nan,nan
1533,0.6266666666666667,184.0,150.0,10.0,0.9333333333333333,14.0,0.0,133.206287211895,nan,nan,nan,nan,nan,1.0,0.15,nan,nan,nan,nan
1534,0.6266666666666667,204.0,160.0,20.0,0.875,16.0,0.0,129.2369442152978,nan,nan,nan,nan,nan,1.0,0.15,nan,nan,nan,nan
1535,0.7111111111111111,217.0,176.0,17.0,0.9034090909090909,16.0,0.0,149.27739253997797,nan,nan,nan,nan,nan,1.0,0.15,nan,nan,nan,nan
1536,0.6844444444444444,211.0,172.0,19.0,0.8895348837209303,16.0,0.0,142.63001963806155,5.238223314285278,0.03750938877055887,9.71091878414154,2.5477438867092133,0.0006590263892576331,1.0,0.15,nan,nan,nan,nan
1537,0.6533333333333333,187.0,155.0,9.0,0.9419354838709677,14.0,0.0,139.41618487501154,nan,nan,nan,nan,nan,1.0,0.15,nan,nan,nan,nan
1538,0.6533333333333333,198.0,167.0,21.0,0.874251497005988,16.0,0.0,135.07183230590817,nan,nan,nan,nan,nan,1.0,0.15,nan,nan,nan,nan
1539,0.6266666666666667,191.0,150.0,10.0,0.9333333333333333,14.0,0.0,133.17819375801096,nan,nan,nan,nan,nan,1.0,0.15,nan,nan,nan,nan
1540,0.6933333333333334,218.0,168.0,13.0,0.9226190476190477,16.0,0.0,146.26045636510858,nan,nan,nan,nan,nan,1.0,0.15,nan,nan,nan,nan
1541,0.6222222222222222,180.0,148.0,9.0,0.9391891891891891,14.0,0.0,132.61367675733564,nan,nan,nan,nan,nan,1.0,0.15,nan,nan,nan,nan
1542,0.6844444444444444,216.0,176.0,23.0,0.8693181818181818,16.0,0.0,141.1777496337891,nan,nan,nan,nan,nan,1.0,0.15,nan,nan,nan,nan
1543,0.6355555555555555,200.0,159.0,17.0,0.8930817610062893,16.0,0.0,132.1974278483391,nan,nan,nan,nan,nan,1.0,0.15,nan,nan,nan,nan
1544,0.5555555555555556,177.0,137.0,13.0,0.9051094890510949,14.0,0.0,116.21522206020357,nan,nan,nan,nan,nan,1.0,0.15,nan,nan,nan,nan
1545,0.6666666666666666,209.0,168.0,19.0,0.8869047619047619,16.0,0.0,138.60218125629427,nan,nan,nan,nan,nan,1.0,0.15,nan,nan,nan,nan
1546,0.5688888888888889,163.0,135.0,8.0,0.9407407407407408,12.0,0.0,121.59366211223612,nan,nan,nan,nan,nan,1.0,0.15,nan,nan,nan,nan
1547,0.6711111111111111,213.0,169.0,19.0,0.8875739644970414,16.0,0.0,139.31680379676817,nan,nan,nan,nan,nan,1.0,0.15,nan,nan,nan,nan
1548,0.7155555555555555,209.0,173.0,13.0,0.9248554913294798,15.0,0.0,151.53262754201884,nan,nan,nan,nan,nan,1.0,0.15,nan,nan,nan,nan
1549,0.6666666666666666,202.0,161.0,12.0,0.9254658385093167,15.0,0.0,140.95000856781013,nan,nan,nan,nan,nan,1.0,0.15,nan,nan,nan,nan
1550,0.6577777777777778,203.0,168.0,21.0,0.875,15.0,0.0,135.8330316605568,nan,nan,nan,nan,nan,1.0,0.15,nan,nan,nan,nan
1551,0.6711111111111111,204.0,166.0,16.0,0.9036144578313253,16.0,0.0,140.22895092868805,nan,nan,nan,nan,nan,1.0,0.15,nan,nan,nan,nan
1552,0.6622222222222223,207.0,166.0,18.0,0.891566265060241,16.0,0.0,137.82174265432354,4.924990087747574,0.02181675797328353,9.115756511688232,2.548665463924408,0.0004728045164483774,1.0,0.15,nan,nan,nan,nan
1553,0.7155555555555555,210.0,171.0,11.0,0.935672514619883,15.0,0.0,152.4121466526986,nan,nan,nan,nan,nan,1.0,0.15,nan,nan,nan,nan
1554,0.6622222222222223,198.0,159.0,11.0,0.9308176100628931,15.0,0.0,140.4348510951996,nan,nan,nan,nan,nan,1.0,0.15,nan,nan,nan,nan
1555,0.6266666666666667,184.0,153.0,13.0,0.9150326797385621,14.0,0.0,132.35445832538608,nan,nan,nan,nan,nan,1.0,0.15,nan,nan,nan,nan
1556,0.7333333333333333,213.0,177.0,13.0,0.9265536723163842,16.0,0.0,155.39220941543564,nan,nan,nan,nan,nan,1.0,0.15,nan,nan,nan,nan
1557,0.7022222222222222,208.0,174.0,17.0,0.9022988505747126,16.0,0.0,147.22728346061706,nan,nan,nan,nan,nan,1.0,0.15,nan,nan,nan,nan
1558,0.6933333333333334,202.0,167.0,12.0,0.9281437125748503,16.0,0.0,146.713038321495,nan,nan,nan,nan,nan,1.0,0.15,nan,nan,nan,nan
1559,0.6711111111111111,213.0,170.0,20.0,0.8823529411764706,16.0,0.0,139.1824293146134,nan,nan,nan,nan,nan,1.0,0.15,nan,nan,nan,nan
1560,0.64,189.0,156.0,13.0,0.9166666666666666,14.0,0.0,135.3179605579377,nan,nan,nan,nan,nan,1.0,0.15,nan,nan,nan,nan
1561,0.6177777777777778,183.0,153.0,15.0,0.9019607843137255,14.0,0.0,129.7636012430191,nan,nan,nan,nan,nan,1.0,0.15,nan,nan,nan,nan
1562,0.6533333333333333,194.0,155.0,9.0,0.9419354838709677,15.0,0.0,138.78909481382374,nan,nan,nan,nan,nan,1.0,0.15,nan,nan,nan,nan
1563,0.6666666666666666,204.0,168.0,19.0,0.8869047619047619,16.0,0.0,138.6732672524452,nan,nan,nan,nan,nan,1.0,0.15,nan,nan,nan,nan
1564,0.6222222222222222,183.0,150.0,11.0,0.9266666666666666,13.0,0.0,132.21998757839208,nan,nan,nan,nan,nan,1.0,0.15,nan,nan,nan,nan
1565,0.6977777777777778,211.0,170.0,14.0,0.9176470588235294,16.0,0.0,146.8603446559906,nan,nan,nan,nan,nan,1.0,0.15,nan,nan,nan,nan
1566,0.7022222222222222,209.0,169.0,12.0,0.9289940828402367,16.0,0.0,148.71930124235158,nan,nan,nan,nan,nan,1.0,0.15,nan,nan,nan,nan
1567,0.7111111111111111,217.0,177.0,18.0,0.8983050847457628,16.0,0.0,148.75888741779332,nan,nan,nan,nan,nan,1.0,0.15,nan,nan,nan,nan
1568,0.6444444444444445,202.0,160.0,16.0,0.9,16.0,0.0,134.40915354537964,8.041771560907364,0.006843642448075116,15.394665002822876,2.4981756508350372,0.001075853178917896,1.0,0.15,nan,nan,nan,nan
1569,0.6666666666666666,202.0,170.0,21.0,0.8764705882352941,16.0,0.0,138.1389316802025,nan,nan,nan,nan,nan,1.0,0.15,nan,nan,nan,nan
1570,0.6977777777777778,207.0,166.0,10.0,0.9397590361445783,16.0,0.0,148.14446788883194,nan,nan,nan,nan,nan,1.0,0.15,nan,nan,nan,nan
1571,0.6133333333333333,181.0,147.0,10.0,0.9319727891156463,14.0,0.0,130.2876760845185,nan,nan,nan,nan,nan,1.0,0.15,nan,nan,nan,nan
1572,0.7244444444444444,218.0,176.0,14.0,0.9204545454545454,16.0,0.0,153.08768295860284,nan,nan,nan,nan,nan,1.0,0.15,nan,nan,nan,nan
1573,0.7066666666666667,222.0,180.0,22.0,0.8777777777777778,16.0,0.0,146.52538139247895,nan,nan,nan,nan,nan,1.0,0.15,nan,nan,nan,nan
1574,0.6888888888888889,200.0,162.0,8.0,0.9506172839506173,16.0,0.0,146.86429167413718,nan,nan,nan,nan,nan,1.0,0.15,nan,nan,nan,nan
1575,0.6266666666666667,184.0,152.0,12.0,0.9210526315789473,15.0,0.0,132.23722718906404,nan,nan,nan,nan,nan,1.0,0.15,nan,nan,nan,nan
1576,0.7111111111111111,216.0,170.0,11.0,0.9352941176470588,16.0,0.0,150.923162419319,nan,nan,nan,nan,nan,1.0,0.15,nan,nan,nan,nan
1577,0.68,222.0,171.0,19.0,0.8888888888888888,16.0,0.0,141.13380221652974,nan,nan,nan,nan,nan,1.0,0.15,nan,nan,nan,nan
1578,0.6933333333333334,211.0,174.0,19.0,0.8908045977011494,16.0,0.0,144.58212379980085,nan,nan,nan,nan,nan,1.0,0.15,nan,nan,nan,nan
1579,0.7155555555555555,219.0,176.0,16.0,0.9090909090909091,16.0,0.0,150.39421936893453,nan,nan,nan,nan,nan,1.0,0.15,nan,nan,nan,nan
1580,0.7111111111111111,217.0,172.0,13.0,0.9244186046511628,16.0,0.0,150.42133247470855,nan,nan,nan,nan,nan,1.0,0.15,nan,nan,nan,nan
1581,0.7066666666666667,211.0,175.0,17.0,0.9028571428571428,16.0,0.0,148.19718382072446,nan,nan,nan,nan,nan,1.0,0.15,nan,nan,nan,nan
1582,0.6177777777777778,181.0,145.0,7.0,0.9517241379310345,14.0,0.0,132.15840698623663,nan,nan,nan,nan,nan,1.0,0.15,nan,nan,nan,nan
1583,0.6933333333333334,202.0,166.0,11.0,0.9337349397590361,16.0,0.0,147.15639085483542,nan,nan,nan,nan,nan,1.0,0.15,nan,nan,nan,nan
1584,0.68,205.0,166.0,14.0,0.9156626506024096,16.0,0.0,142.8920673780442,7.522012233734131,0.0004303937894292176,14.349081158638,2.5598963797092438,0.00030012039678695146,1.0,0.15,nan,nan,nan,nan
1585,0.6666666666666666,215.0,168.0,19.0,0.8869047619047619,16.0,0.0,138.43094016218174,nan,nan,nan,nan,nan,1.0,0.15,nan,nan,nan,nan
1586,0.5866666666666667,185.0,146.0,15.0,0.8972602739726028,14.0,0.0,122.6368598275185,nan,nan,nan,nan,nan,1.0,0.15,nan,nan,nan,nan
1587,0.5733333333333334,164.0,138.0,10.0,0.927536231884058,13.0,0.0,121.62963224267963,nan,nan,nan,nan,nan,1.0,0.15,nan,nan,nan,nan
1588,0.6133333333333333,191.0,151.0,14.0,0.9072847682119205,14.0,0.0,128.75475649929052,nan,nan,nan,nan,nan,1.0,0.15,nan,nan,nan,nan
1589,0.6222222222222222,180.0,149.0,10.0,0.9328859060402684,14.0,0.0,132.17274137258542,nan,nan,nan,nan,nan,1.0,0.15,nan,nan,nan,nan
1590,0.7155555555555555,218.0,178.0,18.0,0.898876404494382,16.0,0.0,149.75441078662865,nan,nan,nan,nan,nan,1.0,0.15,nan,nan,nan,nan
1591,0.6177777777777778,181.0,149.0,11.0,0.9261744966442953,14.0,0.0,130.93765597963338,nan,nan,nan,nan,nan,1.0,0.15,nan,nan,nan,nan
1592,0.6088888888888889,187.0,148.0,12.0,0.918918918918919,14.0,0.0,128.21431925249107,nan,nan,nan,nan,nan,1.0,0.15,nan,nan,nan,nan
1593,0.6444444444444445,197.0,154.0,10.0,0.935064935064935,14.0,0.0,136.97215195655824,nan,nan,nan,nan,nan,1.0,0.15,nan,nan,nan,nan
1594,0.6711111111111111,193.0,161.0,11.0,0.9316770186335404,14.0,0.0,142.85989824771886,nan,nan,nan,nan,nan,1.0,0.15,nan,nan,nan,nan
1595,0.7022222222222222,211.0,172.0,15.0,0.9127906976744186,15.0,0.0,148.21283406591414,nan,nan,nan,nan,nan,1.0,0.15,nan,nan,nan,nan
1596,0.6488888888888888,205.0,168.0,23.0,0.8630952380952381,15.0,0.0,133.36460910797118,nan,nan,nan,nan,nan,1.0,0.15,nan,nan,nan,nan
1597,0.6622222222222223,192.0,155.0,7.0,0.9548387096774194,15.0,0.0,141.58050050401678,nan,nan,nan,nan,nan,1.0,0.15,nan,nan,nan,nan
1598,0.6844444444444444,204.0,166.0,13.0,0.9216867469879518,16.0,0.0,144.52417158174526,nan,nan,nan,nan,nan,1.0,0.15,nan,nan,nan,nan
1599,0.68,215.0,168.0,16.0,0.9047619047619048,15.0,0.0,142.62871424579623,nan,nan,nan,nan,nan,1.0,0.15,nan,nan,nan,nan
1600,0.6977777777777778,200.0,161.0,5.0,0.968944099378882,16.0,0.0,149.90878570032123,10.244302332401276,0.019074833602644503,19.731549978256226,2.6471175253391266,0.0005194046825636178,1.0,0.15,0.6961777777777778,0.6395555555555555,0.9457582194402964,0.0
1601,0.6888888888888889,202.0,168.0,14.0,0.9166666666666666,16.0,0.0,145.28259263849256,nan,nan,nan,nan,nan,1.0,0.15,nan,nan,nan,nan
1602,0.6711111111111111,208.0,164.0,14.0,0.9146341463414634,16.0,0.0,140.8920216088295,nan,nan,nan,nan,nan,1.0,0.15,nan,nan,nan,nan
1603,0.6933333333333334,206.0,167.0,12.0,0.9281437125748503,16.0,0.0,146.73069569635385,nan,nan,nan,nan,nan,1.0,0.15,nan,nan,nan,nan
1604,0.6577777777777778,206.0,162.0,15.0,0.9074074074074074,16.0,0.0,137.75276031208028,nan,nan,nan,nan,nan,1.0,0.15,nan,nan,nan,nan
1605,0.64,201.0,161.0,18.0,0.8881987577639752,16.0,0.0,132.83876233530046,nan,nan,nan,nan,nan,1.0,0.15,nan,nan,nan,nan
1606,0.6755555555555556,205.0,164.0,13.0,0.9207317073170732,16.0,0.0,142.3983025927544,nan,nan,nan,nan,nan,1.0,0.15,nan,nan,nan,nan
1607,0.6266666666666667,194.0,155.0,15.0,0.9032258064516129,15.0,0.0,131.15083704376232,nan,nan,nan,nan,nan,1.0,0.15,nan,nan,nan,nan
1608,0.5688888888888889,156.0,131.0,4.0,0.9694656488549618,13.0,0.0,122.60669583463681,nan,nan,nan,nan,nan,1.0,0.15,nan,nan,nan,nan
1609,0.6577777777777778,199.0,163.0,16.0,0.901840490797546,16.0,0.0,137.41657692337037,nan,nan,nan,nan,nan,1.0,0.15,nan,nan,nan,nan
1610,0.6755555555555556,206.0,165.0,14.0,0.9151515151515152,16.0,0.0,141.86169600296023,nan,nan,nan,nan,nan,1.0,0.15,nan,nan,nan,nan
1611,0.5733333333333334,166.0,135.0,7.0,0.9481481481481482,12.0,0.0,122.9467951021196,nan,nan,nan,nan,nan,1.0,0.15,nan,nan,nan,nan
1612,0.7111111111111111,210.0,175.0,16.0,0.9085714285714286,16.0,0.0,149.51410767078397,nan,nan,nan,nan,nan,1.0,0.15,nan,nan,nan,nan
1613,0.64,181.0,153.0,10.0,0.934640522875817,14.0,0.0,136.27784358358394,nan,nan,nan,nan,nan,1.0,0.15,nan,nan,nan,nan
1614,0.6977777777777778,209.0,170.0,14.0,0.9176470588235294,16.0,0.0,147.2110664196014,nan,nan,nan,nan,nan,1.0,0.15,nan,nan,nan,nan
1615,0.6533333333333333,203.0,165.0,19.0,0.8848484848484849,15.0,0.0,135.96469311904903,nan,nan,nan,nan,nan,1.0,0.15,nan,nan,nan,nan
1616,0.7022222222222222,210.0,170.0,13.0,0.9235294117647059,16.0,0.0,148.41888982200618,3.753145068883896,-0.019836008548736572,6.844160616397858,2.5910403728485107,0.0008210870328184683,1.0,0.15,nan,nan,nan,nan
1617,0.6044444444444445,173.0,140.0,5.0,0.9642857142857143,13.0,0.0,130.20473686552054,nan,nan,nan,nan,nan,1.0,0.15,nan,nan,nan,nan
1618,0.6222222222222222,182.0,145.0,6.0,0.9586206896551724,14.0,0.0,133.36221887969967,nan,nan,nan,nan,nan,1.0,0.15,nan,nan,nan,nan
1619,0.7244444444444444,216.0,174.0,12.0,0.9310344827586207,15.0,0.0,154.0673362865447,nan,nan,nan,nan,nan,1.0,0.15,nan,nan,nan,nan
1620,0.6,173.0,145.0,11.0,0.9241379310344827,14.0,0.0,126.8747359414102,nan,nan,nan,nan,nan,1.0,0.15,nan,nan,nan,nan
1621,0.6666666666666666,205.0,168.0,19.0,0.8869047619047619,16.0,0.0,138.66226846361164,nan,nan,nan,nan,nan,1.0,0.15,nan,nan,nan,nan
1622,0.6977777777777778,219.0,178.0,22.0,0.8764044943820225,16.0,0.0,144.46185313463212,nan,nan,nan,nan,nan,1.0,0.15,nan,nan,nan,nan
1623,0.72,209.0,171.0,10.0,0.9415204678362573,15.0,0.0,153.729555006504,nan,nan,nan,nan,nan,1.0,0.15,nan,nan,nan,nan
1624,0.5244444444444445,153.0,121.0,4.0,0.9669421487603306,12.0,0.0,112.91222843217854,nan,nan,nan,nan,nan,1.0,0.15,nan,nan,nan,nan
1625,0.5955555555555555,179.0,146.0,13.0,0.910958904109589,14.0,0.0,125.32214669418337,nan,nan,nan,nan,nan,1.0,0.15,nan,nan,nan,nan
1626,0.6266666666666667,195.0,153.0,13.0,0.9150326797385621,16.0,0.0,131.22957964849482,nan,nan,nan,nan,nan,1.0,0.15,nan,nan,nan,nan
1627,0.6577777777777778,196.0,161.0,14.0,0.9130434782608695,15.0,0.0,138.56770885467526,nan,nan,nan,nan,nan,1.0,0.15,nan,nan,nan,nan
1628,0.6711111111111111,199.0,161.0,11.0,0.9316770186335404,16.0,0.0,141.9639560985565,nan,nan,nan,nan,nan,1.0,0.15,nan,nan,nan,nan
1629,0.6533333333333333,193.0,155.0,9.0,0.9419354838709677,15.0,0.0,139.12994087314604,nan,nan,nan,nan,nan,1.0,0.15,nan,nan,nan,nan
1630,0.6266666666666667,169.0,146.0,6.0,0.958904109589041,14.0,0.0,134.653371146202,nan,nan,nan,nan,nan,1.0,0.15,nan,nan,nan,nan
1631,0.7022222222222222,215.0,176.0,19.0,0.8920454545454546,15.0,0.0,146.76864624500263,nan,nan,nan,nan,nan,1.0,0.15,nan,nan,nan,nan
1632,0.6177777777777778,200.0,159.0,21.0,0.8679245283018868,16.0,0.0,126.83775905704503,4.7421417236328125,-0.0879017198458314,8.953465402126312,2.6047939360141754,0.0003741260115930345,1.0,0.15,nan,nan,nan,nan
1633,0.6755555555555556,210.0,169.0,18.0,0.893491124260355,16.0,0.0,140.98096951770782,nan,nan,nan,nan,nan,1.0,0.15,nan,nan,nan,nan
1634,0.6311111111111111,188.0,153.0,12.0,0.9215686274509803,15.0,0.0,133.03330189418796,nan,nan,nan,nan,nan,1.0,0.15,nan,nan,nan,nan
1635,0.64,213.0,163.0,20.0,0.8773006134969326,16.0,0.0,131.76315110731124,nan,nan,nan,nan,nan,1.0,0.15,nan,nan,nan,nan
1636,0.6977777777777778,196.0,169.0,13.0,0.9230769230769231,16.0,0.0,147.69389210414874,nan,nan,nan,nan,nan,1.0,0.15,nan,nan,nan,nan
1637,0.6711111111111111,209.0,169.0,19.0,0.8875739644970414,16.0,0.0,139.37762113046637,nan,nan,nan,nan,nan,1.0,0.15,nan,nan,nan,nan
1638,0.6577777777777778,210.0,163.0,16.0,0.901840490797546,15.0,0.0,137.6330194211006,nan,nan,nan,nan,nan,1.0,0.15,nan,nan,nan,nan
1639,0.6044444444444445,172.0,139.0,4.0,0.9712230215827338,14.0,0.0,130.1043427257539,nan,nan,nan,nan,nan,1.0,0.15,nan,nan,nan,nan
1640,0.6977777777777778,222.0,175.0,19.0,0.8914285714285715,16.0,0.0,145.34709079885482,nan,nan,nan,nan,nan,1.0,0.15,nan,nan,nan,nan
1641,0.6711111111111111,206.0,169.0,19.0,0.8875739644970414,16.0,0.0,139.4061304059028,nan,nan,nan,nan,nan,1.0,0.15,nan,nan,nan,nan
1642,0.6355555555555555,189.0,153.0,11.0,0.9281045751633987,14.0,0.0,134.7798967828751,nan,nan,nan,nan,nan,1.0,0.15,nan,nan,nan,nan
1643,0.6222222222222222,184.0,150.0,11.0,0.9266666666666666,14.0,0.0,131.90843494129194,nan,nan,nan,nan,nan,1.0,0.15,nan,nan,nan,nan
1644,0.6933333333333334,209.0,168.0,13.0,0.9226190476190477,16.0,0.0,146.32461637830733,nan,nan,nan,nan,nan,1.0,0.15,nan,nan,nan,nan
1645,0.6755555555555556,197.0,165.0,14.0,0.9151515151515152,15.0,0.0,142.71671554327,nan,nan,nan,nan,nan,1.0,0.15,nan,nan,nan,nan
1646,0.7022222222222222,209.0,175.0,18.0,0.8971428571428571,16.0,0.0,147.08516102981565,nan,nan,nan,nan,nan,1.0,0.15,nan,nan,nan,nan
1647,0.6933333333333334,222.0,173.0,18.0,0.8959537572254336,16.0,0.0,144.53488413763043,nan,nan,nan,nan,nan,1.0,0.15,nan,nan,nan,nan
1648,0.7066666666666667,210.0,169.0,11.0,0.9349112426035503,16.0,0.0,149.84449026155463,4.794599086046219,-0.0028439953457564116,8.927506864070892,2.4717781841754913,0.001980465365704731,1.0,0.15,nan,nan,nan,nan
1649,0.6266666666666667,189.0,153.0,13.0,0.9150326797385621,14.0,0.0,132.19300730276112,nan,nan,nan,nan,nan,1.0,0.15,nan,nan,nan,nan
1650,0.6844444444444444,211.0,170.0,17.0,0.9,16.0,0.0,143.20277948617934,nan,nan,nan,nan,nan,1.0,0.15,nan,nan,nan,nan
1651,0.6177777777777778,176.0,145.0,7.0,0.9517241379310345,14.0,0.0,132.23149041223542,nan,nan,nan,nan,nan,1.0,0.15,nan,nan,nan,nan
1652,0.6133333333333333,183.0,149.0,12.0,0.9194630872483222,14.0,0.0,129.60944333791738,nan,nan,nan,nan,nan,1.0,0.15,nan,nan,nan,nan
1653,0.6933333333333334,210.0,166.0,11.0,0.9337349397590361,16.0,0.0,146.79568837928767,nan,nan,nan,nan,nan,1.0,0.15,nan,nan,nan,nan
1654,0.6933333333333334,211.0,170.0,15.0,0.9117647058823529,16.0,0.0,145.72450350666045,nan,nan,nan,nan,nan,1.0,0.15,nan,nan,nan,nan
1655,0.6666666666666666,203.0,166.0,17.0,0.8975903614457831,16.0,0.0,139.25793279552448,nan,nan,nan,nan,nan,1.0,0.15,nan,nan,nan,nan
1656,0.6888888888888889,210.0,169.0,15.0,0.9112426035502958,16.0,0.0,144.71942481470109,nan,nan,nan,nan,nan,1.0,0.15,nan,nan,nan,nan
1657,0.6,179.0,146.0,12.0,0.9178082191780822,14.0,0.0,126.53974353981026,nan,nan,nan,nan,nan,1.0,0.15,nan,nan,nan,nan
1658,0.68,208.0,170.0,18.0,0.8941176470588236,16.0,0.0,141.70709627389903,nan,nan,nan,nan,nan,1.0,0.15,nan,nan,nan,nan
1659,0.6666666666666666,204.0,168.0,19.0,0.8869047619047619,16.0,0.0,138.75932290458684,nan,nan,nan,nan,nan,1.0,0.15,nan,nan,nan,nan
1660,0.6577777777777778,204.0,164.0,17.0,0.8963414634146342,16.0,0.0,137.13728291368486,nan,nan,nan,nan,nan,1.0,0.15,nan,nan,nan,nan
1661,0.64,203.0,168.0,25.0,0.8511904761904762,16.0,0.0,130.8147454352378,nan,nan,nan,nan,nan,1.0,0.15,nan,nan,nan,nan
1662,0.6266666666666667,202.0,159.0,19.0,0.8805031446540881,14.0,0.0,130.10841636228565,nan,nan,nan,nan,nan,1.0,0.15,nan,nan,nan,nan
1663,0.6666666666666666,211.0,162.0,13.0,0.9197530864197531,16.0,0.0,140.19399644374855,nan,nan,nan,nan,nan,1.0,0.15,nan,nan,nan,nan
1664,0.7022222222222222,214.0,174.0,17.0,0.9022988505747126,16.0,0.0,146.89001223802563,4.065142810344696,-0.005882514175027609,7.44835239648819,2.5614751279354095,0.00041680051162984455,1.0,0.15,nan,nan,nan,nan
1665,0.6622222222222223,198.0,159.0,11.0,0.9308176100628931,16.0,0.0,140.1120710802078,nan,nan,nan,nan,nan,1.0,0.15,nan,nan,nan,nan
1666,0.6711111111111111,200.0,157.0,7.0,0.9554140127388535,16.0,0.0,143.17262351512906,nan,nan,nan,nan,nan,1.0,0.15,nan,nan,nan,nan
1667,0.6177777777777778,180.0,147.0,9.0,0.9387755102040817,14.0,0.0,131.43845206928256,nan,nan,nan,nan,nan,1.0,0.15,nan,nan,nan,nan
1668,0.6488888888888888,201.0,161.0,16.0,0.9006211180124224,16.0,0.0,135.3518144631387,nan,nan,nan,nan,nan,1.0,0.15,nan,nan,nan,nan
1669,0.6888888888888889,211.0,168.0,14.0,0.9166666666666666,15.0,0.0,145.4546366467476,nan,nan,nan,nan,nan,1.0,0.15,nan,nan,nan,nan
1670,0.6844444444444444,207.0,173.0,20.0,0.884393063583815,16.0,0.0,142.2471004428864,nan,nan,nan,nan,nan,1.0,0.15,nan,nan,nan,nan
1671,0.6844444444444444,215.0,172.0,19.0,0.8895348837209303,16.0,0.0,142.48641144371032,nan,nan,nan,nan,nan,1.0,0.15,nan,nan,nan,nan
1672,0.6933333333333334,205.0,168.0,13.0,0.9226190476190477,16.0,0.0,146.43703643322,nan,nan,nan,nan,nan,1.0,0.15,nan,nan,nan,nan
1673,0.6311111111111111,182.0,150.0,9.0,0.94,14.0,0.0,134.37335977268222,nan,nan,nan,nan,nan,1.0,0.15,nan,nan,nan,nan
1674,0.68,208.0,167.0,15.0,0.9101796407185628,16.0,0.0,142.80209247303,nan,nan,nan,nan,nan,1.0,0.15,nan,nan,nan,nan
1675,0.6888888888888889,204.0,168.0,14.0,0.9166666666666666,16.0,0.0,145.09358806371688,nan,nan,nan,nan,nan,1.0,0.15,nan,nan,nan,nan
1676,0.6888888888888889,206.0,170.0,16.0,0.9058823529411765,16.0,0.0,144.4937294073104,nan,nan,nan,nan,nan,1.0,0.15,nan,nan,nan,nan
1677,0.7022222222222222,216.0,170.0,13.0,0.9235294117647059,16.0,0.0,148.32213941287995,nan,nan,nan,nan,nan,1.0,0.15,nan,nan,nan,nan
1678,0.6888888888888889,204.0,166.0,12.0,0.927710843373494,16.0,0.0,145.6662263817786,nan,nan,nan,nan,nan,1.0,0.15,nan,nan,nan,nan
1679,0.6622222222222223,197.0,156.0,8.0,0.9487179487179487,15.0,0.0,141.2197619614601,nan,nan,nan,nan,nan,1.0,0.15,nan,nan,nan,nan
1680,0.6355555555555555,209.0,166.0,24.0,0.8554216867469879,16.0,0.0,129.9115272235871,4.5421974658966064,6.446673069149256e-06,8.395245492458344,2.546225607395172,0.00015243723055391456,1.0,0.15,nan,nan,nan,nan
1681,0.6711111111111111,212.0,168.0,18.0,0.8928571428571429,16.0,0.0,139.77825237941735,nan,nan,nan,nan,nan,1.0,0.15,nan,nan,nan,nan
1682,0.6844444444444444,210.0,168.0,15.0,0.9107142857142857,16.0,0.0,143.54725945138924,nan,nan,nan,nan,nan,1.0,0.15,nan,nan,nan,nan
1683,0.6666666666666666,213.0,169.0,20.0,0.8816568047337278,16.0,0.0,137.6989156370163,nan,nan,nan,nan,nan,1.0,0.15,nan,nan,nan,nan
1684,0.6844444444444444,213.0,173.0,20.0,0.884393063583815,16.0,0.0,142.0764259958266,nan,nan,nan,nan,nan,1.0,0.15,nan,nan,nan,nan
1685,0.6622222222222223,206.0,164.0,16.0,0.9024390243902439,16.0,0.0,138.1659462599755,nan,nan,nan,nan,nan,1.0,0.15,nan,nan,nan,nan
1686,0.6977777777777778,204.0,170.0,14.0,0.9176470588235294,16.0,0.0,147.04525293731686,nan,nan,nan,nan,nan,1.0,0.15,nan,nan,nan,nan
1687,0.6666666666666666,199.0,165.0,16.0,0.9030303030303031,16.0,0.0,139.52051470232013,nan,nan,nan,nan,nan,1.0,0.15,nan,nan,nan,nan
1688,0.7155555555555555,211.0,173.0,13.0,0.9248554913294798,16.0,0.0,151.44500515556328,nan,nan,nan,nan,nan,1.0,0.15,nan,nan,nan,nan
1689,0.6266666666666667,189.0,151.0,11.0,0.9271523178807947,14.0,0.0,132.76366448688512,nan,nan,nan,nan,nan,1.0,0.15,nan,nan,nan,nan
1690,0.6533333333333333,200.0,161.0,15.0,0.906832298136646,16.0,0.0,136.91207897043228,nan,nan,nan,nan,nan,1.0,0.15,nan,nan,nan,nan
1691,0.6666666666666666,221.0,175.0,26.0,0.8514285714285714,16.0,0.0,136.10855397653575,nan,nan,nan,nan,nan,1.0,0.15,nan,nan,nan,nan
1692,0.6088888888888889,179.0,146.0,10.0,0.9315068493150684,14.0,0.0,129.14014383697514,nan,nan,nan,nan,nan,1.0,0.15,nan,nan,nan,nan
1693,0.6844444444444444,214.0,173.0,20.0,0.884393063583815,16.0,0.0,142.22309159469617,nan,nan,nan,nan,nan,1.0,0.15,nan,nan,nan,nan
1694,0.6977777777777778,207.0,168.0,12.0,0.9285714285714286,16.0,0.0,147.72891356706612,nan,nan,nan,nan,nan,1.0,0.15,nan,nan,nan,nan
1695,0.5733333333333334,158.0,133.0,5.0,0.9624060150375939,12.0,0.0,123.63991630840312,nan,nan,nan,nan,nan,1.0,0.15,nan,nan,nan,nan
1696,0.6622222222222223,204.0,167.0,19.0,0.8862275449101796,15.0,0.0,138.04458514165879,6.3895169496536255,-0.001249103806912899,12.102975249290466,2.5089897215366364,0.000505470571170008,1.0,0.15,nan,nan,nan,nan
1697,0.6844444444444444,210.0,173.0,20.0,0.884393063583815,16.0,0.0,142.2824488220214,nan,nan,nan,nan,nan,1.0,0.15,nan,nan,nan,nan
1698,0.6088888888888889,187.0,153.0,17.0,0.8888888888888888,14.0,0.0,127.02527368068702,nan,nan,nan,nan,nan,1.0,0.15,nan,nan,nan,nan
1699,0.6133333333333333,178.0,145.0,8.0,0.9448275862068966,14.0,0.0,130.88260481119173,nan,nan,nan,nan,nan,1.0,0.15,nan,nan,nan,nan
1700,0.6222222222222222,185.0,151.0,12.0,0.9205298013245033,14.0,0.0,131.68858814144141,nan,nan,nan,nan,nan,1.0,0.15,0.6946666666666667,0.6448888888888888,0.9463314803238041,0.0
1701,0.6666666666666666,208.0,169.0,20.0,0.8816568047337278,16.0,0.0,138.2482470331193,nan,nan,nan,nan,nan,1.0,0.15,nan,nan,nan,nan
1702,0.6755555555555556,206.0,161.0,10.0,0.937888198757764,16.0,0.0,143.23730706119537,nan,nan,nan,nan,nan,1.0,0.15,nan,nan,nan,nan
1703,0.6888888888888889,202.0,170.0,16.0,0.9058823529411765,16.0,0.0,144.63635443973547,nan,nan,nan,nan,nan,1.0,0.15,nan,nan,nan,nan
1704,0.6844444444444444,207.0,168.0,15.0,0.9107142857142857,16.0,0.0,143.82764736032496,nan,nan,nan,nan,nan,1.0,0.15,nan,nan,nan,nan
1705,0.6888888888888889,209.0,167.0,13.0,0.9221556886227545,16.0,0.0,145.46874374151224,nan,nan,nan,nan,nan,1.0,0.15,nan,nan,nan,nan
1706,0.6133333333333333,183.0,149.0,12.0,0.9194630872483222,14.0,0.0,129.2892772831918,nan,nan,nan,nan,nan,1.0,0.15,nan,nan,nan,nan
1707,0.68,212.0,167.0,15.0,0.9101796407185628,16.0,0.0,142.62026923084258,nan,nan,nan,nan,nan,1.0,0.15,nan,nan,nan,nan
1708,0.64,188.0,154.0,11.0,0.9285714285714286,15.0,0.0,135.50433923912053,nan,nan,nan,nan,nan,1.0,0.15,nan,nan,nan,nan
1709,0.6044444444444445,178.0,147.0,12.0,0.9183673469387755,14.0,0.0,127.57103062629713,nan,nan,nan,nan,nan,1.0,0.15,nan,nan,nan,nan
1710,0.6533333333333333,209.0,163.0,17.0,0.8957055214723927,16.0,0.0,136.04293621444694,nan,nan,nan,nan,nan,1.0,0.15,nan,nan,nan,nan
1711,0.6933333333333334,206.0,169.0,14.0,0.9171597633136095,15.0,0.0,146.54286688709254,nan,nan,nan,nan,nan,1.0,0.15,nan,nan,nan,nan
1712,0.6266666666666667,209.0,161.0,21.0,0.8695652173913043,16.0,0.0,128.6543078842164,7.959785878658295,0.008253856329247355,15.204564929008484,2.581205666065216,0.0003981592926720623,1.0,0.15,nan,nan,nan,nan
1713,0.68,214.0,168.0,16.0,0.9047619047619048,16.0,0.0,142.268526134491,nan,nan,nan,nan,nan,1.0,0.15,nan,nan,nan,nan
1714,0.6755555555555556,185.0,159.0,8.0,0.949685534591195,15.0,0.0,144.52315875482552,nan,nan,nan,nan,nan,1.0,0.15,nan,nan,nan,nan
1715,0.6977777777777778,213.0,175.0,19.0,0.8914285714285715,15.0,0.0,145.86774823760987,nan,nan,nan,nan,nan,1.0,0.15,nan,nan,nan,nan
1716,0.7333333333333333,218.0,177.0,13.0,0.9265536723163842,16.0,0.0,155.48417882156366,nan,nan,nan,nan,nan,1.0,0.15,nan,nan,nan,nan
1717,0.64,203.0,160.0,17.0,0.89375,16.0,0.0,133.16705590486538,nan,nan,nan,nan,nan,1.0,0.15,nan,nan,nan,nan
1718,0.6844444444444444,214.0,172.0,19.0,0.8895348837209303,16.0,0.0,142.42265765523914,nan,nan,nan,nan,nan,1.0,0.15,nan,nan,nan,nan
1719,0.7422222222222222,211.0,177.0,11.0,0.9378531073446328,16.0,0.0,158.02734014034257,nan,nan,nan,nan,nan,1.0,0.15,nan,nan,nan,nan
1720,0.56,179.0,136.0,11.0,0.9191176470588235,14.0,0.0,117.74920973920827,nan,nan,nan,nan,nan,1.0,0.15,nan,nan,nan,nan
1721,0.7022222222222222,208.0,168.0,11.0,0.9345238095238095,16.0,0.0,149.00121371269216,nan,nan,nan,nan,nan,1.0,0.15,nan,nan,nan,nan
1722,0.7333333333333333,221.0,175.0,11.0,0.9371428571428572,15.0,0.0,156.30154912471767,nan,nan,nan,nan,nan,1.0,0.15,nan,nan,nan,nan
1723,0.6355555555555555,192.0,153.0,11.0,0.9281045751633987,15.0,0.0,134.34923793601996,nan,nan,nan,nan,nan,1.0,0.15,nan,nan,nan,nan
1724,0.7066666666666667,214.0,168.0,10.0,0.9404761904761905,16.0,0.0,150.14224291086202,nan,nan,nan,nan,nan,1.0,0.15,nan,nan,nan,nan
1725,0.6666666666666666,208.0,165.0,16.0,0.9030303030303031,16.0,0.0,139.14810862541196,nan,nan,nan,nan,nan,1.0,0.15,nan,nan,nan,nan
1726,0.6844444444444444,211.0,169.0,16.0,0.9053254437869822,16.0,0.0,143.329682109356,nan,nan,nan,nan,nan,1.0,0.15,nan,nan,nan,nan
1727,0.6533333333333333,206.0,163.0,17.0,0.8957055214723927,16.0,0.0,136.08753099822994,nan,nan,nan,nan,nan,1.0,0.15,nan,nan,nan,nan
1728,0.68,208.0,168.0,16.0,0.9047619047619048,16.0,0.0,142.35681407308576,6.876858472824097,-0.022731204517185688,13.114537000656128,2.5327242016792297,0.0004127268875890877,1.0,0.15,nan,nan,nan,nan
1729,0.6977777777777778,198.0,166.0,10.0,0.9397590361445783,16.0,0.0,148.43212029409403,nan,nan,nan,nan,nan,1.0,0.15,nan,nan,nan,nan
1730,0.6355555555555555,194.0,153.0,11.0,0.9281045751633987,15.0,0.0,134.47838225746167,nan,nan,nan,nan,nan,1.0,0.15,nan,nan,nan,nan
1731,0.5733333333333334,174.0,138.0,10.0,0.927536231884058,14.0,0.0,121.25668214559556,nan,nan,nan,nan,nan,1.0,0.15,nan,nan,nan,nan
1732,0.6888888888888889,211.0,168.0,14.0,0.9166666666666666,16.0,0.0,144.99449605751036,nan,nan,nan,nan,nan,1.0,0.15,nan,nan,nan,nan
1733,0.6488888888888888,195.0,161.0,16.0,0.9006211180124224,16.0,0.0,135.3675853424072,nan,nan,nan,nan,nan,1.0,0.15,nan,nan,nan,nan
1734,0.6577777777777778,201.0,164.0,17.0,0.8963414634146342,14.0,0.0,137.7993088421821,nan,nan,nan,nan,nan,1.0,0.15,nan,nan,nan,nan
1735,0.7155555555555555,205.0,168.0,8.0,0.9523809523809523,16.0,0.0,152.96116980028154,nan,nan,nan,nan,nan,1.0,0.15,nan,nan,nan,nan
1736,0.6444444444444445,203.0,159.0,15.0,0.9056603773584906,16.0,0.0,134.51957335615168,nan,nan,nan,nan,nan,1.0,0.15,nan,nan,nan,nan
1737,0.5955555555555555,177.0,146.0,13.0,0.910958904109589,14.0,0.0,125.27454911565788,nan,nan,nan,nan,nan,1.0,0.15,nan,nan,nan,nan
1738,0.6933333333333334,217.0,177.0,22.0,0.8757062146892656,16.0,0.0,143.5559589920042,nan,nan,nan,nan,nan,1.0,0.15,nan,nan,nan,nan
1739,0.68,215.0,169.0,17.0,0.8994082840236687,16.0,0.0,141.8848538131714,nan,nan,nan,nan,nan,1.0,0.15,nan,nan,nan,nan
1740,0.6844444444444444,211.0,168.0,15.0,0.9107142857142857,16.0,0.0,143.7681175456047,nan,nan,nan,nan,nan,1.0,0.15,nan,nan,nan,nan
1741,0.56,164.0,133.0,8.0,0.9398496240601504,13.0,0.0,119.17035492324831,nan,nan,nan,nan,nan,1.0,0.15,nan,nan,nan,nan
1742,0.6933333333333334,200.0,166.0,11.0,0.9337349397590361,15.0,0.0,147.24341197776783,nan,nan,nan,nan,nan,1.0,0.15,nan,nan,nan,nan
1743,0.6444444444444445,195.0,158.0,14.0,0.9113924050632911,15.0,0.0,135.4796301941872,nan,nan,nan,nan,nan,1.0,0.15,nan,nan,nan,nan
1744,0.64,198.0,157.0,14.0,0.910828025477707,15.0,0.0,134.33692523097992,8.599954962730408,0.025352375116199255,16.465076565742493,2.5291543900966644,0.0001942750104717561,1.0,0.15,nan,nan,nan,nan
1745,0.7111111111111111,215.0,172.0,13.0,0.9244186046511628,16.0,0.0,150.2144920034407,nan,nan,nan,nan,nan,1.0,0.15,nan,nan,nan,nan
1746,0.6977777777777778,212.0,175.0,19.0,0.8914285714285715,16.0,0.0,145.41935971593858,nan,nan,nan,nan,nan,1.0,0.15,nan,nan,nan,nan
1747,0.6266666666666667,202.0,161.0,21.0,0.8695652173913043,16.0,0.0,128.76354813385007,nan,nan,nan,nan,nan,1.0,0.15,nan,nan,nan,nan
1748,0.6444444444444445,187.0,157.0,13.0,0.9171974522292994,15.0,0.0,135.8076324276923,nan,nan,nan,nan,nan,1.0,0.15,nan,nan,nan,nan
1749,0.6222222222222222,211.0,164.0,25.0,0.8475609756097561,16.0,0.0,125.8581941719055,nan,nan,nan,nan,nan,1.0,0.15,nan,nan,nan,nan
1750,0.6711111111111111,212.0,173.0,23.0,0.8670520231213873,16.0,0.0,138.29975797510147,nan,nan,nan,nan,nan,1.0,0.15,nan,nan,nan,nan
1751,0.5866666666666667,172.0,144.0,13.0,0.9097222222222222,13.0,0.0,123.71826269435898,nan,nan,nan,nan,nan,1.0,0.15,nan,nan,nan,nan
1752,0.72,208.0,168.0,7.0,0.9583333333333334,15.0,0.0,154.58956869411452,nan,nan,nan,nan,nan,1.0,0.15,nan,nan,nan,nan
1753,0.6355555555555555,179.0,147.0,5.0,0.9659863945578231,14.0,0.0,136.81418854904177,nan,nan,nan,nan,nan,1.0,0.15,nan,nan,nan,nan
1754,0.6133333333333333,189.0,148.0,11.0,0.9256756756756757,14.0,0.0,129.71860359764113,nan,nan,nan,nan,nan,1.0,0.15,nan,nan,nan,nan
1755,0.7111111111111111,208.0,170.0,11.0,0.9352941176470588,16.0,0.0,151.12369312095637,nan,nan,nan,nan,nan,1.0,0.15,nan,nan,nan,nan
1756,0.6622222222222223,210.0,166.0,18.0,0.891566265060241,14.0,0.0,138.3160706968307,nan,nan,nan,nan,nan,1.0,0.15,nan,nan,nan,nan
1757,0.6666666666666666,200.0,166.0,17.0,0.8975903614457831,16.0,0.0,139.30891993761068,nan,nan,nan,nan,nan,1.0,0.15,nan,nan,nan,nan
1758,0.6711111111111111,200.0,162.0,12.0,0.9259259259259259,15.0,0.0,142.06942147254935,nan,nan,nan,nan,nan,1.0,0.15,nan,nan,nan,nan
1759,0.6577777777777778,201.0,162.0,15.0,0.9074074074074074,16.0,0.0,137.75355375289925,nan,nan,nan,nan,nan,1.0,0.15,nan,nan,nan,nan
1760,0.6755555555555556,204.0,161.0,10.0,0.937888198757764,16.0,0.0,143.27007312154765,7.225362300872803,0.056477061938494444,13.633759677410126,2.5998124182224274,0.00015770895242894767,1.0,0.15,nan,nan,nan,nan
1761,0.7244444444444444,214.0,171.0,9.0,0.9473684210526315,16.0,0.0,154.65252390527723,nan,nan,nan,nan,nan,1.0,0.15,nan,nan,nan,nan
1762,0.56,163.0,135.0,10.0,0.9259259259259259,13.0,0.0,118.77612793254859,nan,nan,nan,nan,nan,1.0,0.15,nan,nan,nan,nan
1763,0.6444444444444445,194.0,159.0,15.0,0.9056603773584906,16.0,0.0,134.81039593124376,nan,nan,nan,nan,nan,1.0,0.15,nan,nan,nan,nan
1764,0.7066666666666667,212.0,170.0,12.0,0.9294117647058824,16.0,0.0,149.6844905424118,nan,nan,nan,nan,nan,1.0,0.15,nan,nan,nan,nan
1765,0.6666666666666666,198.0,159.0,10.0,0.9371069182389937,16.0,0.0,141.328562599659,nan,nan,nan,nan,nan,1.0,0.15,nan,nan,nan,nan
1766,0.6711111111111111,203.0,167.0,17.0,0.8982035928143712,15.0,0.0,140.59779220581058,nan,nan,nan,nan,nan,1.0,0.15,nan,nan,nan,nan
1767,0.6844444444444444,208.0,167.0,14.0,0.9161676646706587,16.0,0.0,144.10480712413784,nan,nan,nan,nan,nan,1.0,0.15,nan,nan,nan,nan
1768,0.64,187.0,153.0,10.0,0.934640522875817,14.0,0.0,136.26999819278717,nan,nan,nan,nan,nan,1.0,0.15,nan,nan,nan,nan
1769,0.6577777777777778,221.0,174.0,27.0,0.8448275862068966,16.0,0.0,134.07250022029876,nan,nan,nan,nan,nan,1.0,0.15,nan,nan,nan,nan
1770,0.6755555555555556,202.0,161.0,10.0,0.937888198757764,16.0,0.0,143.2013503160477,nan,nan,nan,nan,nan,1.0,0.15,nan,nan,nan,nan
1771,0.7022222222222222,209.0,170.0,13.0,0.9235294117647059,16.0,0.0,148.50745550250994,nan,nan,nan,nan,nan,1.0,0.15,nan,nan,nan,nan
1772,0.6755555555555556,196.0,161.0,10.0,0.937888198757764,15.0,0.0,143.79288797569274,nan,nan,nan,nan,nan,1.0,0.15,nan,nan,nan,nan
1773,0.5866666666666667,170.0,142.0,11.0,0.9225352112676056,13.0,0.0,124.47848708724982,nan,nan,nan,nan,nan,1.0,0.15,nan,nan,nan,nan
1774,0.6311111111111111,195.0,154.0,13.0,0.9155844155844156,15.0,0.0,132.80491123819357,nan,nan,nan,nan,nan,1.0,0.15,nan,nan,nan,nan
1775,0.6888888888888889,212.0,170.0,16.0,0.9058823529411765,16.0,0.0,144.3248528389931,nan,nan,nan,nan,nan,1.0,0.15,nan,nan,nan,nan
1776,0.7111111111111111,205.0,173.0,14.0,0.9190751445086706,16.0,0.0,150.23057989597322,7.629671990871429,0.005794484226498753,14.557432770729065,2.548219919204712,0.00023208885431813542,1.0,0.15,nan,nan,nan,nan
1777,0.6888888888888889,206.0,168.0,14.0,0.9166666666666666,15.0,0.0,145.4487205128669,nan,nan,nan,nan,nan,1.0,0.15,nan,nan,nan,nan
1778,0.6977777777777778,213.0,175.0,19.0,0.8914285714285715,16.0,0.0,145.6450996007918,nan,nan,nan,nan,nan,1.0,0.15,nan,nan,nan,nan
1779,0.6711111111111111,213.0,167.0,17.0,0.8982035928143712,16.0,0.0,139.88292866754534,nan,nan,nan,nan,nan,1.0,0.15,nan,nan,nan,nan
1780,0.6666666666666666,197.0,160.0,11.0,0.93125,15.0,0.0,141.46306766033172,nan,nan,nan,nan,nan,1.0,0.15,nan,nan,nan,nan
1781,0.6622222222222223,205.0,163.0,15.0,0.9079754601226994,16.0,0.0,138.7881550073622,nan,nan,nan,nan,nan,1.0,0.15,nan,nan,nan,nan
1782,0.68,205.0,163.0,11.0,0.9325153374233128,16.0,0.0,144.0648984909057,nan,nan,nan,nan,nan,1.0,0.15,nan,nan,nan,nan
1783,0.6933333333333334,215.0,171.0,16.0,0.9064327485380117,16.0,0.0,145.20889318990714,nan,nan,nan,nan,nan,1.0,0.15,nan,nan,nan,nan
1784,0.5866666666666667,173.0,139.0,8.0,0.9424460431654677,14.0,0.0,124.80110407733922,nan,nan,nan,nan,nan,1.0,0.15,nan,nan,nan,nan
1785,0.6933333333333334,206.0,164.0,9.0,0.9451219512195121,16.0,0.0,147.66137043189994,nan,nan,nan,nan,nan,1.0,0.15,nan,nan,nan,nan
1786,0.64,181.0,155.0,12.0,0.9225806451612903,14.0,0.0,135.78638076782232,nan,nan,nan,nan,nan,1.0,0.15,nan,nan,nan,nan
1787,0.68,212.0,171.0,19.0,0.8888888888888888,16.0,0.0,141.43808952569952,nan,nan,nan,nan,nan,1.0,0.15,nan,nan,nan,nan
1788,0.6088888888888889,180.0,143.0,7.0,0.951048951048951,14.0,0.0,130.06220962953574,nan,nan,nan,nan,nan,1.0,0.15,nan,nan,nan,nan
1789,0.6711111111111111,205.0,165.0,15.0,0.9090909090909091,15.0,0.0,141.21786868095393,nan,nan,nan,nan,nan,1.0,0.15,nan,nan,nan,nan
1790,0.6355555555555555,195.0,156.0,14.0,0.9102564102564102,16.0,0.0,133.13326393222795,nan,nan,nan,nan,nan,1.0,0.15,nan,nan,nan,nan
1791,0.6977777777777778,221.0,177.0,21.0,0.8813559322033898,16.0,0.0,144.7988892765045,nan,nan,nan,nan,nan,1.0,0.15,nan,nan,nan,nan
1792,0.7066666666666667,209.0,175.0,17.0,0.9028571428571428,16.0,0.0,147.9020195617676,3.797267884016037,0.00565438368357718,6.895006239414215,2.5431284308433533,0.0011177270905591286,1.0,0.15,nan,nan,nan,nan
1793,0.6933333333333334,202.0,169.0,14.0,0.9171597633136095,16.0,0.0,146.30281169128423,nan,nan,nan,nan,nan,1.0,0.15,nan,nan,nan,nan
1794,0.6977777777777778,201.0,167.0,11.0,0.9341317365269461,16.0,0.0,148.1898370046618,nan,nan,nan,nan,nan,1.0,0.15,nan,nan,nan,nan
1795,0.7288888888888889,215.0,172.0,9.0,0.9476744186046512,16.0,0.0,155.6504846534728,nan,nan,nan,nan,nan,1.0,0.15,nan,nan,nan,nan
1796,0.7022222222222222,220.0,176.0,19.0,0.8920454545454546,16.0,0.0,146.3147097606658,nan,nan,nan,nan,nan,1.0,0.15,nan,nan,nan,nan
1797,0.6622222222222223,200.0,165.0,17.0,0.896969696969697,15.0,0.0,138.60857577276224,nan,nan,nan,nan,nan,1.0,0.15,nan,nan,nan,nan
1798,0.5555555555555556,159.0,128.0,4.0,0.96875,13.0,0.0,119.52908654642111,nan,nan,nan,nan,nan,1.0,0.15,nan,nan,nan,nan
1799,0.7022222222222222,196.0,164.0,7.0,0.9573170731707317,15.0,0.0,150.7373349900246,nan,nan,nan,nan,nan,1.0,0.15,nan,nan,nan,nan
1800,0.6977777777777778,206.0,170.0,14.0,0.9176470588235294,16.0,0.0,147.01783879137042,nan,nan,nan,nan,nan,1.0,0.15,0.6945777777777777,0.6382222222222222,0.9471468310618749,0.0
1801,0.5333333333333333,161.0,127.0,8.0,0.937007874015748,12.0,0.0,113.66863317680362,nan,nan,nan,nan,nan,1.0,0.15,nan,nan,nan,nan
1802,0.7466666666666667,216.0,182.0,15.0,0.9175824175824175,16.0,0.0,157.82730902385697,nan,nan,nan,nan,nan,1.0,0.15,nan,nan,nan,nan
1803,0.6088888888888889,179.0,148.0,12.0,0.918918918918919,14.0,0.0,128.73210609912877,nan,nan,nan,nan,nan,1.0,0.15,nan,nan,nan,nan
1804,0.7066666666666667,213.0,172.0,14.0,0.9186046511627907,16.0,0.0,149.10198103618626,nan,nan,nan,nan,nan,1.0,0.15,nan,nan,nan,nan
1805,0.6222222222222222,188.0,152.0,13.0,0.9144736842105263,15.0,0.0,130.5545686836243,nan,nan,nan,nan,nan,1.0,0.15,nan,nan,nan,nan
1806,0.6577777777777778,204.0,163.0,16.0,0.901840490797546,15.0,0.0,137.63789468479158,nan,nan,nan,nan,nan,1.0,0.15,nan,nan,nan,nan
1807,0.68,200.0,163.0,11.0,0.9325153374233128,16.0,0.0,144.1376478328705,nan,nan,nan,nan,nan,1.0,0.15,nan,nan,nan,nan
1808,0.6266666666666667,198.0,163.0,23.0,0.8588957055214724,15.0,0.0,128.7895804657936,8.042135536670685,0.02987724426202476,15.34481680393219,2.510396122932434,0.0008192358582164161,1.0,0.15,nan,nan,nan,nan
1809,0.6666666666666666,204.0,164.0,15.0,0.9085365853658537,16.0,0.0,139.7334314417839,nan,nan,nan,nan,nan,1.0,0.15,nan,nan,nan,nan
1810,0.6577777777777778,196.0,160.0,13.0,0.91875,16.0,0.0,138.39459621334075,nan,nan,nan,nan,nan,1.0,0.15,nan,nan,nan,nan
1811,0.64,189.0,157.0,14.0,0.910828025477707,15.0,0.0,134.55519016838073,nan,nan,nan,nan,nan,1.0,0.15,nan,nan,nan,nan
1812,0.6266666666666667,201.0,158.0,18.0,0.8860759493670886,16.0,0.0,129.70868641138088,nan,nan,nan,nan,nan,1.0,0.15,nan,nan,nan,nan
1813,0.6577777777777778,200.0,160.0,13.0,0.91875,15.0,0.0,138.81724164533614,nan,nan,nan,nan,nan,1.0,0.15,nan,nan,nan,nan
1814,0.6577777777777778,200.0,165.0,18.0,0.8909090909090909,15.0,0.0,137.17636826992037,nan,nan,nan,nan,nan,1.0,0.15,nan,nan,nan,nan
1815,0.6222222222222222,204.0,166.0,27.0,0.8373493975903614,16.0,0.0,126.00779822778702,nan,nan,nan,nan,nan,1.0,0.15,nan,nan,nan,nan
1816,0.6577777777777778,202.0,165.0,18.0,0.8909090909090909,15.0,0.0,137.1034983539582,nan,nan,nan,nan,nan,1.0,0.15,nan,nan,nan,nan
1817,0.6577777777777778,217.0,170.0,23.0,0.8647058823529412,16.0,0.0,135.309013004303,nan,nan,nan,nan,nan,1.0,0.15,nan,nan,nan,nan
1818,0.7155555555555555,207.0,174.0,14.0,0.9195402298850575,16.0,0.0,151.14096826934815,nan,nan,nan,nan,nan,1.0,0.15,nan,nan,nan,nan
1819,0.7111111111111111,219.0,177.0,18.0,0.8983050847457628,16.0,0.0,148.72548630046845,nan,nan,nan,nan,nan,1.0,0.15,nan,nan,nan,nan
1820,0.6444444444444445,193.0,156.0,12.0,0.9230769230769231,15.0,0.0,136.23969455337536,nan,nan,nan,nan,nan,1.0,0.15,nan,nan,nan,nan
1821,0.6444444444444445,209.0,163.0,19.0,0.8834355828220859,16.0,0.0,133.12900966739645,nan,nan,nan,nan,nan,1.0,0.15,nan,nan,nan,nan
1822,0.6444444444444445,207.0,160.0,16.0,0.9,16.0,0.0,134.24663294363023,nan,nan,nan,nan,nan,1.0,0.15,nan,nan,nan,nan
1823,0.6888888888888889,203.0,166.0,12.0,0.927710843373494,16.0,0.0,145.76471104192723,nan,nan,nan,nan,nan,1.0,0.15,nan,nan,nan,nan
1824,0.6311111111111111,187.0,153.0,12.0,0.9215686274509803,14.0,0.0,133.6898890428543,7.805325746536255,0.005888716550543904,14.90340507030487,2.5674943327903748,0.00020177869373583235,1.0,0.15,nan,nan,nan,nan
1825,0.6622222222222223,195.0,158.0,10.0,0.9367088607594937,15.0,0.0,140.83813908576965,nan,nan,nan,nan,nan,1.0,0.15,nan,nan,nan,nan
1826,0.6355555555555555,188.0,151.0,9.0,0.9403973509933775,15.0,0.0,135.14033242988583,nan,nan,nan,nan,nan,1.0,0.15,nan,nan,nan,nan
1827,0.7066666666666667,200.0,162.0,4.0,0.9753086419753086,16.0,0.0,152.22377030515656,nan,nan,nan,nan,nan,1.0,0.15,nan,nan,nan,nan
1828,0.6622222222222223,193.0,160.0,12.0,0.925,16.0,0.0,139.9043169002533,nan,nan,nan,nan,nan,1.0,0.15,nan,nan,nan,nan
1829,0.6488888888888888,205.0,160.0,15.0,0.90625,16.0,0.0,135.57887467622743,nan,nan,nan,nan,nan,1.0,0.15,nan,nan,nan,nan
1830,0.6755555555555556,212.0,170.0,19.0,0.888235294117647,16.0,0.0,140.34457585430147,nan,nan,nan,nan,nan,1.0,0.15,nan,nan,nan,nan
1831,0.7022222222222222,224.0,175.0,18.0,0.8971428571428571,16.0,0.0,146.69804299640654,nan,nan,nan,nan,nan,1.0,0.15,nan,nan,nan,nan
1832,0.6622222222222223,201.0,163.0,15.0,0.9079754601226994,16.0,0.0,138.9257517628669,nan,nan,nan,nan,nan,1.0,0.15,nan,nan,nan,nan
1833,0.5688888888888889,164.0,140.0,13.0,0.9071428571428571,13.0,0.0,119.9342953596116,nan,nan,nan,nan,nan,1.0,0.15,nan,nan,nan,nan
1834,0.7022222222222222,216.0,170.0,13.0,0.9235294117647059,16.0,0.0,148.32768738317492,nan,nan,nan,nan,nan,1.0,0.15,nan,nan,nan,nan
1835,0.6488888888888888,189.0,156.0,11.0,0.9294871794871795,14.0,0.0,137.90495797443387,nan,nan,nan,nan,nan,1.0,0.15,nan,nan,nan,nan
1836,0.6444444444444445,196.0,160.0,16.0,0.9,15.0,0.0,134.71698383998867,nan,nan,nan,nan,nan,1.0,0.15,nan,nan,nan,nan
1837,0.6666666666666666,204.0,171.0,22.0,0.8713450292397661,16.0,0.0,137.74123027610773,nan,nan,nan,nan,nan,1.0,0.15,nan,nan,nan,nan
1838,0.68,215.0,175.0,23.0,0.8685714285714285,16.0,0.0,140.09367973136895,nan,nan,nan,nan,nan,1.0,0.15,nan,nan,nan,nan
1839,0.6622222222222223,204.0,166.0,18.0,0.891566265060241,15.0,0.0,138.1899778017997,nan,nan,nan,nan,nan,1.0,0.15,nan,nan,nan,nan
1840,0.6622222222222223,201.0,158.0,10.0,0.9367088607594937,16.0,0.0,140.19024080610296,4.932565331459045,-0.004797360859811306,9.200659394264221,2.488832801580429,0.0004713073740276741,1.0,0.15,nan,nan,nan,nan
1841,0.6088888888888889,184.0,148.0,12.0,0.918918918918919,13.0,0.0,128.95921689081194,nan,nan,nan,nan,nan,1.0,0.15,nan,nan,nan,nan
1842,0.6577777777777778,187.0,156.0,9.0,0.9423076923076923,15.0,0.0,140.23459397363666,nan,nan,nan,nan,nan,1.0,0.15,nan,nan,nan,nan
1843,0.68,210.0,173.0,21.0,0.8786127167630058,16.0,0.0,140.98257144117352,nan,nan,nan,nan,nan,1.0,0.15,nan,nan,nan,nan
1844,0.7288888888888889,223.0,179.0,16.0,0.9106145251396648,16.0,0.0,153.45271285533903,nan,nan,nan,nan,nan,1.0,0.15,nan,nan,nan,nan
1845,0.7022222222222222,209.0,173.0,16.0,0.9075144508670521,16.0,0.0,147.57613928794848,nan,nan,nan,nan,nan,1.0,0.15,nan,nan,nan,nan
1846,0.6622222222222223,206.0,161.0,13.0,0.9192546583850931,16.0,0.0,139.26297249984742,nan,nan,nan,nan,nan,1.0,0.15,nan,nan,nan,nan
1847,0.6133333333333333,186.0,149.0,12.0,0.9194630872483222,14.0,0.0,129.60396097517025,nan,nan,nan,nan,nan,1.0,0.15,nan,nan,nan,nan
1848,0.6488888888888888,199.0,162.0,17.0,0.8950617283950617,15.0,0.0,135.49766963815688,nan,nan,nan,nan,nan,1.0,0.15,nan,nan,nan,nan
1849,0.5866666666666667,185.0,145.0,14.0,0.903448275862069,14.0,0.0,122.75939289712908,nan,nan,nan,nan,nan,1.0,0.15,nan,nan,nan,nan
1850,0.6355555555555555,207.0,165.0,23.0,0.8606060606060606,16.0,0.0,130.04799886226658,nan,nan,nan,nan,nan,1.0,0.15,nan,nan,nan,nan
1851,0.68,216.0,170.0,18.0,0.8941176470588236,16.0,0.0,141.58624985408778,nan,nan,nan,nan,nan,1.0,0.15,nan,nan,nan,nan
1852,0.6888888888888889,215.0,172.0,18.0,0.8953488372093024,16.0,0.0,143.7892418718337,nan,nan,nan,nan,nan,1.0,0.15,nan,nan,nan,nan
1853,0.7155555555555555,214.0,172.0,12.0,0.9302325581395349,16.0,0.0,151.76718458986278,nan,nan,nan,nan,nan,1.0,0.15,nan,nan,nan,nan
1854,0.6622222222222223,198.0,163.0,15.0,0.9079754601226994,16.0,0.0,138.8740184512138,nan,nan,nan,nan,nan,1.0,0.15,nan,nan,nan,nan
1855,0.6355555555555555,186.0,156.0,14.0,0.9102564102564102,14.0,0.0,133.8717204847337,nan,nan,nan,nan,nan,1.0,0.15,nan,nan,nan,nan
1856,0.68,212.0,167.0,15.0,0.9101796407185628,16.0,0.0,142.82344696521747,4.756741166114807,0.004401133512146771,8.821402609348297,2.523212820291519,5.830473946843995e-05,1.0,0.15,nan,nan,nan,nan
1857,0.5644444444444444,166.0,133.0,7.0,0.9473684210526315,13.0,0.0,120.2658759155274,nan,nan,nan,nan,nan,1.0,0.15,nan,nan,nan,nan
1858,0.6711111111111111,205.0,169.0,19.0,0.8875739644970414,16.0,0.0,139.59292407035826,nan,nan,nan,nan,nan,1.0,0.15,nan,nan,nan,nan
1859,0.6266666666666667,180.0,150.0,10.0,0.9333333333333333,13.0,0.0,133.56758302211767,nan,nan,nan,nan,nan,1.0,0.15,nan,nan,nan,nan
1860,0.68,209.0,168.0,16.0,0.9047619047619048,16.0,0.0,142.42286643218992,nan,nan,nan,nan,nan,1.0,0.15,nan,nan,nan,nan
1861,0.6711111111111111,212.0,167.0,17.0,0.8982035928143712,16.0,0.0,140.1449289693832,nan,nan,nan,nan,nan,1.0,0.15,nan,nan,nan,nan
1862,0.72,217.0,175.0,14.0,0.92,16.0,0.0,152.087823363304,nan,nan,nan,nan,nan,1.0,0.15,nan,nan,nan,nan
1863,0.6888888888888889,214.0,167.0,13.0,0.9221556886227545,16.0,0.0,145.14897661209102,nan,nan,nan,nan,nan,1.0,0.15,nan,nan,nan,nan
1864,0.6311111111111111,188.0,152.0,11.0,0.9276315789473685,14.0,0.0,133.86157649517057,nan,nan,nan,nan,nan,1.0,0.15,nan,nan,nan,nan
1865,0.6444444444444445,208.0,167.0,23.0,0.8622754491017964,16.0,0.0,132.24063606357564,nan,nan,nan,nan,nan,1.0,0.15,nan,nan,nan,nan
1866,0.6533333333333333,193.0,159.0,13.0,0.9182389937106918,16.0,0.0,137.26065585756314,nan,nan,nan,nan,nan,1.0,0.15,nan,nan,nan,nan
1867,0.6755555555555556,204.0,166.0,15.0,0.9096385542168675,15.0,0.0,142.24771199321737,nan,nan,nan,nan,nan,1.0,0.15,nan,nan,nan,nan
1868,0.6088888888888889,192.0,158.0,22.0,0.8607594936708861,14.0,0.0,125.28773463726053,nan,nan,nan,nan,nan,1.0,0.15,nan,nan,nan,nan
1869,0.6,182.0,148.0,14.0,0.9054054054054054,14.0,0.0,125.7691733827591,nan,nan,nan,nan,nan,1.0,0.15,nan,nan,nan,nan
1870,0.68,208.0,168.0,16.0,0.9047619047619048,16.0,0.0,142.5151663627625,nan,nan,nan,nan,nan,1.0,0.15,nan,nan,nan,nan
1871,0.6533333333333333,210.0,169.0,23.0,0.863905325443787,16.0,0.0,134.1572538814545,nan,nan,nan,nan,nan,1.0,0.15,nan,nan,nan,nan
1872,0.6888888888888889,208.0,166.0,12.0,0.927710843373494,16.0,0.0,145.52655714988714,6.418744444847107,0.002864220179617405,12.144838035106659,2.538491576910019,0.0013099628486088477,1.0,0.15,nan,nan,nan,nan
1873,0.6444444444444445,200.0,157.0,13.0,0.9171974522292994,15.0,0.0,135.69043250751497,nan,nan,nan,nan,nan,1.0,0.15,nan,nan,nan,nan
1874,0.6933333333333334,209.0,172.0,17.0,0.9011627906976745,16.0,0.0,145.18257386589056,nan,nan,nan,nan,nan,1.0,0.15,nan,nan,nan,nan
1875,0.5822222222222222,174.0,139.0,9.0,0.935251798561151,13.0,0.0,123.89110297441489,nan,nan,nan,nan,nan,1.0,0.15,nan,nan,nan,nan
1876,0.7022222222222222,216.0,174.0,17.0,0.9022988505747126,16.0,0.0,146.94486228179935,nan,nan,nan,nan,nan,1.0,0.15,nan,nan,nan,nan
1877,0.6888888888888889,220.0,173.0,19.0,0.8901734104046243,16.0,0.0,143.3495843849182,nan,nan,nan,nan,nan,1.0,0.15,nan,nan,nan,nan
1878,0.7111111111111111,211.0,175.0,16.0,0.9085714285714286,16.0,0.0,149.5738939766883,nan,nan,nan,nan,nan,1.0,0.15,nan,nan,nan,nan
1879,0.6444444444444445,198.0,157.0,13.0,0.9171974522292994,16.0,0.0,135.39906955051427,nan,nan,nan,nan,nan,1.0,0.15,nan,nan,nan,nan
1880,0.7022222222222222,217.0,176.0,19.0,0.8920454545454546,15.0,0.0,146.5828565893172,nan,nan,nan,nan,nan,1.0,0.15,nan,nan,nan,nan
1881,0.6844444444444444,206.0,166.0,13.0,0.9216867469879518,16.0,0.0,144.49886442899697,nan,nan,nan,nan,nan,1.0,0.15,nan,nan,nan,nan
1882,0.68,195.0,164.0,12.0,0.926829268292683,16.0,0.0,143.93074158000954,nan,nan,nan,nan,nan,1.0,0.15,nan,nan,nan,nan
1883,0.5422222222222223,155.0,127.0,6.0,0.952755905511811,12.0,0.0,116.29916721677786,nan,nan,nan,nan,nan,1.0,0.15,nan,nan,nan,nan
1884,0.6444444444444445,209.0,160.0,16.0,0.9,15.0,0.0,134.43522998094565,nan,nan,nan,nan,nan,1.0,0.15,nan,nan,nan,nan
1885,0.6711111111111111,207.0,167.0,17.0,0.8982035928143712,16.0,0.0,140.05895641899107,nan,nan,nan,nan,nan,1.0,0.15,nan,nan,nan,nan
1886,0.6844444444444444,209.0,172.0,19.0,0.8895348837209303,16.0,0.0,142.50324046277996,nan,nan,nan,nan,nan,1.0,0.15,nan,nan,nan,nan
1887,0.6533333333333333,210.0,166.0,20.0,0.8795180722891566,15.0,0.0,135.47485640525818,nan,nan,nan,nan,nan,1.0,0.15,nan,nan,nan,nan
1888,0.6488888888888888,194.0,158.0,13.0,0.9177215189873418,15.0,0.0,136.87201229763036,5.317524671554565,0.01710688730236143,9.904007196426392,2.5751054286956787,0.00043123858836224827,1.0,0.15,nan,nan,nan,nan
1889,0.68,212.0,172.0,20.0,0.8837209302325582,16.0,0.0,140.99360588979715,nan,nan,nan,nan,nan,1.0,0.15,nan,nan,nan,nan
1890,0.6533333333333333,201.0,162.0,16.0,0.9012345679012346,16.0,0.0,136.6124879784584,nan,nan,nan,nan,nan,1.0,0.15,nan,nan,nan,nan
1891,0.6844444444444444,204.0,169.0,16.0,0.9053254437869822,16.0,0.0,143.50758012676238,nan,nan,nan,nan,nan,1.0,0.15,nan,nan,nan,nan
1892,0.6755555555555556,208.0,168.0,17.0,0.8988095238095238,16.0,0.0,141.13843473768242,nan,nan,nan,nan,nan,1.0,0.15,nan,nan,nan,nan
1893,0.6488888888888888,193.0,160.0,15.0,0.90625,16.0,0.0,136.0042739834785,nan,nan,nan,nan,nan,1.0,0.15,nan,nan,nan,nan
1894,0.7022222222222222,218.0,173.0,16.0,0.9075144508670521,16.0,0.0,147.51629059839246,nan,nan,nan,nan,nan,1.0,0.15,nan,nan,nan,nan
1895,0.6711111111111111,199.0,158.0,8.0,0.9493670886075949,15.0,0.0,143.2241005930901,nan,nan,nan,nan,nan,1.0,0.15,nan,nan,nan,nan
1896,0.6488888888888888,215.0,171.0,26.0,0.847953216374269,16.0,0.0,132.05748373317718,nan,nan,nan,nan,nan,1.0,0.15,nan,nan,nan,nan
1897,0.6666666666666666,203.0,162.0,13.0,0.9197530864197531,16.0,0.0,140.39957131242755,nan,nan,nan,nan,nan,1.0,0.15,nan,nan,nan,nan
1898,0.7244444444444444,213.0,177.0,15.0,0.9152542372881356,16.0,0.0,152.8794939537048,nan,nan,nan,nan,nan,1.0,0.15,nan,nan,nan,nan
1899,0.6666666666666666,204.0,162.0,13.0,0.9197530864197531,16.0,0.0,140.2298373360632,nan,nan,nan,nan,nan,1.0,0.15,nan,nan,nan,nan
1900,0.6622222222222223,189.0,154.0,6.0,0.961038961038961,14.0,0.0,142.4682984323502,nan,nan,nan,nan,nan,1.0,0.15,0.6967111111111112,0.6342222222222222,0.9480578879198411,0.0
1901,0.7244444444444444,212.0,172.0,10.0,0.9418604651162791,16.0,0.0,154.3086304888725,nan,nan,nan,nan,nan,1.0,0.15,nan,nan,nan,nan
1902,0.6177777777777778,196.0,157.0,19.0,0.8789808917197452,15.0,0.0,127.78931258249291,nan,nan,nan,nan,nan,1.0,0.15,nan,nan,nan,nan
1903,0.6844444444444444,206.0,170.0,17.0,0.9,16.0,0.0,143.19209038066862,nan,nan,nan,nan,nan,1.0,0.15,nan,nan,nan,nan
1904,0.6622222222222223,213.0,165.0,17.0,0.896969696969697,16.0,0.0,138.01976532363898,4.198881566524506,-0.04103736882098019,7.7930538058280945,2.5355419516563416,0.0005839519185428799,1.0,0.15,nan,nan,nan,nan
1905,0.6444444444444445,202.0,160.0,16.0,0.9,16.0,0.0,134.30531741428376,nan,nan,nan,nan,nan,1.0,0.15,nan,nan,nan,nan
1906,0.6266666666666667,177.0,146.0,6.0,0.958904109589041,14.0,0.0,134.52989603042613,nan,nan,nan,nan,nan,1.0,0.15,nan,nan,nan,nan
1907,0.6444444444444445,199.0,164.0,20.0,0.8780487804878049,16.0,0.0,133.15486839151382,nan,nan,nan,nan,nan,1.0,0.15,nan,nan,nan,nan
1908,0.6666666666666666,210.0,163.0,14.0,0.9141104294478528,16.0,0.0,139.76987740898142,nan,nan,nan,nan,nan,1.0,0.15,nan,nan,nan,nan
1909,0.6711111111111111,210.0,167.0,17.0,0.8982035928143712,16.0,0.0,140.17177094697962,nan,nan,nan,nan,nan,1.0,0.15,nan,nan,nan,nan
1910,0.6355555555555555,200.0,161.0,19.0,0.8819875776397516,16.0,0.0,131.55134399175645,nan,nan,nan,nan,nan,1.0,0.15,nan,nan,nan,nan
1911,0.6177777777777778,190.0,149.0,11.0,0.9261744966442953,14.0,0.0,130.71706606578832,nan,nan,nan,nan,nan,1.0,0.15,nan,nan,nan,nan
1912,0.7111111111111111,210.0,175.0,16.0,0.9085714285714286,16.0,0.0,149.35094844722732,nan,nan,nan,nan,nan,1.0,0.15,nan,nan,nan,nan
1913,0.6977777777777778,214.0,172.0,16.0,0.9069767441860465,16.0,0.0,146.48341698837277,nan,nan,nan,nan,nan,1.0,0.15,nan,nan,nan,nan
1914,0.6444444444444445,193.0,155.0,11.0,0.9290322580645162,15.0,0.0,136.44871675348287,nan,nan,nan,nan,nan,1.0,0.15,nan,nan,nan,nan
1915,0.6533333333333333,201.0,166.0,20.0,0.8795180722891566,16.0,0.0,135.31144077348708,nan,nan,nan,nan,nan,1.0,0.15,nan,nan,nan,nan
1916,0.64,197.0,164.0,21.0,0.8719512195121951,16.0,0.0,132.042132101059,nan,nan,nan,nan,nan,1.0,0.15,nan,nan,nan,nan
1917,0.6444444444444445,206.0,168.0,24.0,0.8571428571428571,16.0,0.0,131.74442819786074,nan,nan,nan,nan,nan,1.0,0.15,nan,nan,nan,nan
1918,0.6666666666666666,205.0,165.0,16.0,0.9030303030303031,16.0,0.0,139.51624736309054,nan,nan,nan,nan,nan,1.0,0.15,nan,nan,nan,nan
1919,0.64,188.0,154.0,11.0,0.9285714285714286,14.0,0.0,135.90823914194098,nan,nan,nan,nan,nan,1.0,0.15,nan,nan,nan,nan
1920,0.6977777777777778,206.0,167.0,11.0,0.9341317365269461,16.0,0.0,148.0330731263161,4.672152876853943,0.00265820836648345,8.647920668125153,2.5561662018299103,0.0005264311330392957,1.0,0.15,nan,nan,nan,nan
1921,0.68,209.0,168.0,16.0,0.9047619047619048,15.0,0.0,142.64475321197523,nan,nan,nan,nan,nan,1.0,0.15,nan,nan,nan,nan
1922,0.6711111111111111,199.0,163.0,13.0,0.9202453987730062,16.0,0.0,141.5591135234832,nan,nan,nan,nan,nan,1.0,0.15,nan,nan,nan,nan
1923,0.6444444444444445,196.0,158.0,14.0,0.9113924050632911,15.0,0.0,135.46416908597942,nan,nan,nan,nan,nan,1.0,0.15,nan,nan,nan,nan
1924,0.6622222222222223,201.0,163.0,15.0,0.9079754601226994,15.0,0.0,139.24671241045004,nan,nan,nan,nan,nan,1.0,0.15,nan,nan,nan,nan
1925,0.72,222.0,173.0,12.0,0.930635838150289,16.0,0.0,152.58266788339614,nan,nan,nan,nan,nan,1.0,0.15,nan,nan,nan,nan
1926,0.6888888888888889,209.0,169.0,15.0,0.9112426035502958,16.0,0.0,144.89957514333724,nan,nan,nan,nan,nan,1.0,0.15,nan,nan,nan,nan
1927,0.64,196.0,160.0,17.0,0.89375,15.0,0.0,133.43861388969438,nan,nan,nan,nan,nan,1.0,0.15,nan,nan,nan,nan
1928,0.5777777777777777,166.0,134.0,5.0,0.9626865671641791,13.0,0.0,124.1339241857529,nan,nan,nan,nan,nan,1.0,0.15,nan,nan,nan,nan
1929,0.6977777777777778,220.0,178.0,22.0,0.8764044943820225,16.0,0.0,144.52724318695073,nan,nan,nan,nan,nan,1.0,0.15,nan,nan,nan,nan
1930,0.6844444444444444,209.0,172.0,19.0,0.8895348837209303,16.0,0.0,142.42067126607893,nan,nan,nan,nan,nan,1.0,0.15,nan,nan,nan,nan
1931,0.6355555555555555,184.0,149.0,7.0,0.9530201342281879,14.0,0.0,136.17134921026243,nan,nan,nan,nan,nan,1.0,0.15,nan,nan,nan,nan
1932,0.6933333333333334,203.0,167.0,12.0,0.9281437125748503,16.0,0.0,146.76103127098085,nan,nan,nan,nan,nan,1.0,0.15,nan,nan,nan,nan
1933,0.7111111111111111,212.0,174.0,15.0,0.9137931034482759,16.0,0.0,149.8440256600378,nan,nan,nan,nan,nan,1.0,0.15,nan,nan,nan,nan
1934,0.6622222222222223,199.0,165.0,17.0,0.896969696969697,16.0,0.0,138.30643320894234,nan,nan,nan,nan,nan,1.0,0.15,nan,nan,nan,nan
1935,0.6088888888888889,187.0,145.0,9.0,0.9379310344827586,14.0,0.0,129.38702730226518,nan,nan,nan,nan,nan,1.0,0.15,nan,nan,nan,nan
1936,0.7288888888888889,210.0,171.0,8.0,0.9532163742690059,16.0,0.0,156.01004354763035,3.93366014957428,-0.01089929323643446,7.203530490398407,2.5355551838874817,0.0017786642335977376,1.0,0.15,nan,nan,nan,nan
1937,0.6577777777777778,205.0,163.0,16.0,0.901840490797546,15.0,0.0,137.70680392360688,nan,nan,nan,nan,nan,1.0,0.15,nan,nan,nan,nan
1938,0.6666666666666666,212.0,167.0,18.0,0.8922155688622755,16.0,0.0,138.76310477733614,nan,nan,nan,nan,nan,1.0,0.15,nan,nan,nan,nan
1939,0.6844444444444444,200.0,166.0,13.0,0.9216867469879518,16.0,0.0,144.58721344947816,nan,nan,nan,nan,nan,1.0,0.15,nan,nan,nan,nan
1940,0.6488888888888888,202.0,162.0,17.0,0.8950617283950617,16.0,0.0,135.05704956293104,nan,nan,nan,nan,nan,1.0,0.15,nan,nan,nan,nan
1941,0.6977777777777778,211.0,167.0,11.0,0.9341317365269461,16.0,0.0,147.95421672010414,nan,nan,nan,nan,nan,1.0,0.15,nan,nan,nan,nan
1942,0.6133333333333333,172.0,145.0,8.0,0.9448275862068966,14.0,0.0,130.9912588353157,nan,nan,nan,nan,nan,1.0,0.15,nan,nan,nan,nan
1943,0.6222222222222222,179.0,143.0,4.0,0.972027972027972,13.0,0.0,134.3585773501397,nan,nan,nan,nan,nan,1.0,0.15,nan,nan,nan,nan
1944,0.6133333333333333,200.0,153.0,16.0,0.8954248366013072,15.0,0.0,127.80961626482019,nan,nan,nan,nan,nan,1.0,0.15,nan,nan,nan,nan
1945,0.64,207.0,166.0,23.0,0.8614457831325302,16.0,0.0,131.24307359170916,nan,nan,nan,nan,nan,1.0,0.15,nan,nan,nan,nan
1946,0.68,216.0,176.0,24.0,0.8636363636363636,16.0,0.0,139.71373817873,nan,nan,nan,nan,nan,1.0,0.15,nan,nan,nan,nan
1947,0.5422222222222223,156.0,128.0,7.0,0.9453125,12.0,0.0,115.99976646041881,nan,nan,nan,nan,nan,1.0,0.15,nan,nan,nan,nan
1948,0.68,216.0,174.0,22.0,0.8735632183908046,15.0,0.0,140.42816235542304,nan,nan,nan,nan,nan,1.0,0.15,nan,nan,nan,nan
1949,0.6977777777777778,209.0,169.0,13.0,0.9230769230769231,16.0,0.0,147.49765945959092,nan,nan,nan,nan,nan,1.0,0.15,nan,nan,nan,nan
1950,0.6755555555555556,207.0,165.0,14.0,0.9151515151515152,16.0,0.0,141.92339508008968,nan,nan,nan,nan,nan,1.0,0.15,nan,nan,nan,nan
1951,0.6177777777777778,191.0,154.0,16.0,0.8961038961038961,15.0,0.0,128.88429198884978,nan,nan,nan,nan,nan,1.0,0.15,nan,nan,nan,nan
1952,0.5777777777777777,174.0,143.0,14.0,0.9020979020979021,14.0,0.0,121.13316610527035,5.962738245725632,-0.017022941960021853,11.25540018081665,2.597609043121338,0.0003565355382306734,1.0,0.15,nan,nan,nan,nan
1953,0.6622222222222223,203.0,163.0,15.0,0.9079754601226994,16.0,0.0,138.4175196924209,nan,nan,nan,nan,nan,1.0,0.15,nan,nan,nan,nan
1954,0.6666666666666666,206.0,166.0,17.0,0.8975903614457831,16.0,0.0,138.97427982902522,nan,nan,nan,nan,nan,1.0,0.15,nan,nan,nan,nan
1955,0.6755555555555556,197.0,160.0,9.0,0.94375,16.0,0.0,143.7412621822357,nan,nan,nan,nan,nan,1.0,0.15,nan,nan,nan,nan
1956,0.6177777777777778,183.0,148.0,10.0,0.9324324324324325,14.0,0.0,131.2660652480126,nan,nan,nan,nan,nan,1.0,0.15,nan,nan,nan,nan
1957,0.6844444444444444,206.0,166.0,13.0,0.9216867469879518,16.0,0.0,144.47647260999673,nan,nan,nan,nan,nan,1.0,0.15,nan,nan,nan,nan
1958,0.6,182.0,147.0,13.0,0.9115646258503401,14.0,0.0,126.19466943025586,nan,nan,nan,nan,nan,1.0,0.15,nan,nan,nan,nan
1959,0.7244444444444444,214.0,175.0,13.0,0.9257142857142857,16.0,0.0,153.4311664714813,nan,nan,nan,nan,nan,1.0,0.15,nan,nan,nan,nan
1960,0.6977777777777778,210.0,171.0,15.0,0.9122807017543859,16.0,0.0,146.89614241075503,nan,nan,nan,nan,nan,1.0,0.15,nan,nan,nan,nan
1961,0.6577777777777778,203.0,165.0,18.0,0.8909090909090909,16.0,0.0,136.9467070121766,nan,nan,nan,nan,nan,1.0,0.15,nan,nan,nan,nan
1962,0.6933333333333334,208.0,167.0,12.0,0.9281437125748503,16.0,0.0,146.61435467958444,nan,nan,nan,nan,nan,1.0,0.15,nan,nan,nan,nan
1963,0.6133333333333333,174.0,147.0,10.0,0.9319727891156463,14.0,0.0,130.2283009605408,nan,nan,nan,nan,nan,1.0,0.15,nan,nan,nan,nan
1964,0.6311111111111111,186.0,151.0,10.0,0.9337748344370861,14.0,0.0,134.10922294139866,nan,nan,nan,nan,nan,1.0,0.15,nan,nan,nan,nan
1965,0.7066666666666667,218.0,171.0,13.0,0.9239766081871345,16.0,0.0,149.2349022226332,nan,nan,nan,nan,nan,1.0,0.15,nan,nan,nan,nan
1966,0.7555555555555555,211.0,178.0,9.0,0.949438202247191,16.0,0.0,161.79880246162398,nan,nan,nan,nan,nan,1.0,0.15,nan,nan,nan,nan
1967,0.6577777777777778,203.0,164.0,17.0,0.8963414634146342,15.0,0.0,137.5494292225837,nan,nan,nan,nan,nan,1.0,0.15,nan,nan,nan,nan
1968,0.6666666666666666,207.0,166.0,17.0,0.8975903614457831,15.0,0.0,139.521827741623,3.7046380639076233,-0.009319379518274218,6.705475151538849,2.6616352796554565,0.0007359774997439672,1.0,0.15,nan,nan,nan,nan
1969,0.6888888888888889,213.0,168.0,14.0,0.9166666666666666,16.0,0.0,145.1244254274367,nan,nan,nan,nan,nan,1.0,0.15,nan,nan,nan,nan
1970,0.68,218.0,176.0,24.0,0.8636363636363636,15.0,0.0,140.29063868141174,nan,nan,nan,nan,nan,1.0,0.15,nan,nan,nan,nan
1971,0.6577777777777778,198.0,161.0,14.0,0.9130434782608695,16.0,0.0,138.08114144563686,nan,nan,nan,nan,nan,1.0,0.15,nan,nan,nan,nan
1972,0.6888888888888889,201.0,163.0,9.0,0.9447852760736196,16.0,0.0,146.72764249324808,nan,nan,nan,nan,nan,1.0,0.15,nan,nan,nan,nan
1973,0.6844444444444444,208.0,169.0,16.0,0.9053254437869822,15.0,0.0,143.7523995804786,nan,nan,nan,nan,nan,1.0,0.15,nan,nan,nan,nan
1974,0.64,195.0,156.0,13.0,0.9166666666666666,15.0,0.0,134.90738747644423,nan,nan,nan,nan,nan,1.0,0.15,nan,nan,nan,nan
1975,0.7111111111111111,209.0,169.0,10.0,0.9408284023668639,15.0,0.0,151.61474836730955,nan,nan,nan,nan,nan,1.0,0.15,nan,nan,nan,nan
1976,0.6844444444444444,213.0,170.0,17.0,0.9,16.0,0.0,142.85445261669165,nan,nan,nan,nan,nan,1.0,0.15,nan,nan,nan,nan
1977,0.6666666666666666,215.0,167.0,18.0,0.8922155688622755,16.0,0.0,138.55218490362168,nan,nan,nan,nan,nan,1.0,0.15,nan,nan,nan,nan
1978,0.6533333333333333,201.0,161.0,15.0,0.906832298136646,16.0,0.0,136.56052051162723,nan,nan,nan,nan,nan,1.0,0.15,nan,nan,nan,nan
1979,0.6311111111111111,205.0,165.0,24.0,0.8545454545454545,16.0,0.0,128.79747019720085,nan,nan,nan,nan,nan,1.0,0.15,nan,nan,nan,nan
1980,0.6355555555555555,183.0,149.0,7.0,0.9530201342281879,14.0,0.0,136.1891723270417,nan,nan,nan,nan,nan,1.0,0.15,nan,nan,nan,nan
1981,0.6933333333333334,200.0,165.0,10.0,0.9393939393939394,16.0,0.0,147.47398047351837,nan,nan,nan,nan,nan,1.0,0.15,nan,nan,nan,nan
1982,0.6222222222222222,180.0,148.0,9.0,0.9391891891891891,14.0,0.0,132.6191442418099,nan,nan,nan,nan,nan,1.0,0.15,nan,nan,nan,nan
1983,0.68,202.0,162.0,10.0,0.9382716049382716,16.0,0.0,144.3147153563501,nan,nan,nan,nan,nan,1.0,0.15,nan,nan,nan,nan
1984,0.6577777777777778,206.0,167.0,20.0,0.8802395209580839,16.0,0.0,136.15184897375104,2.816235989332199,0.004074768803548068,4.934108376502991,2.5476227700710297,0.00015092224407453614,1.0,0.15,nan,nan,nan,nan
1985,0.6622222222222223,202.0,163.0,15.0,0.9079754601226994,15.0,0.0,139.15347150707245,nan,nan,nan,nan,nan,1.0,0.15,nan,nan,nan,nan
1986,0.7155555555555555,215.0,172.0,12.0,0.9302325581395349,16.0,0.0,151.58593537139882,nan,nan,nan,nan,nan,1.0,0.15,nan,nan,nan,nan
1987,0.6533333333333333,214.0,173.0,27.0,0.8439306358381503,16.0,0.0,133.1225694489479,nan,nan,nan,nan,nan,1.0,0.15,nan,nan,nan,nan
1988,0.6355555555555555,201.0,158.0,16.0,0.8987341772151899,15.0,0.0,132.79236312103288,nan,nan,nan,nan,nan,1.0,0.15,nan,nan,nan,nan
1989,0.7111111111111111,212.0,175.0,16.0,0.9085714285714286,15.0,0.0,149.6985222315789,nan,nan,nan,nan,nan,1.0,0.15,nan,nan,nan,nan
1990,0.6933333333333334,212.0,175.0,20.0,0.8857142857142857,16.0,0.0,144.03918101882928,nan,nan,nan,nan,nan,1.0,0.15,nan,nan,nan,nan
1991,0.6755555555555556,196.0,158.0,7.0,0.9556962025316456,15.0,0.0,144.5455355648996,nan,nan,nan,nan,nan,1.0,0.15,nan,nan,nan,nan
1992,0.6577777777777778,207.0,163.0,16.0,0.901840490797546,16.0,0.0,137.36136287546157,nan,nan,nan,nan,nan,1.0,0.15,nan,nan,nan,nan
1993,0.6666666666666666,217.0,167.0,18.0,0.8922155688622755,16.0,0.0,137.96645174837118,nan,nan,nan,nan,nan,1.0,0.15,nan,nan,nan,nan
1994,0.64,186.0,152.0,9.0,0.9407894736842105,14.0,0.0,136.58792304468156,nan,nan,nan,nan,nan,1.0,0.15,nan,nan,nan,nan
1995,0.6266666666666667,185.0,152.0,12.0,0.9210526315789473,14.0,0.0,132.54115909290323,nan,nan,nan,nan,nan,1.0,0.15,nan,nan,nan,nan
1996,0.6622222222222223,184.0,154.0,6.0,0.961038961038961,14.0,0.0,142.54614626836778,nan,nan,nan,nan,nan,1.0,0.15,nan,nan,nan,nan
1997,0.6311111111111111,179.0,149.0,8.0,0.9463087248322147,14.0,0.0,134.86988434457783,nan,nan,nan,nan,nan,1.0,0.15,nan,nan,nan,nan
1998,0.6977777777777778,213.0,169.0,13.0,0.9230769230769231,16.0,0.0,147.35904503679276,nan,nan,nan,nan,nan,1.0,0.15,nan,nan,nan,nan
1999,0.6088888888888889,184.0,149.0,13.0,0.912751677852349,14.0,0.0,128.2918564648628,nan,nan,nan,nan,nan,1.0,0.15,nan,nan,nan,nan
2000,0.7155555555555555,218.0,178.0,18.0,0.898876404494382,16.0,0.0,149.75293622684467,3.681294709444046,0.03432014770805836,6.614592134952545,2.508463680744171,0.0003497126831462083,1.0,0.15,0.696888888888889,0.6346666666666667,0.9475380014782461,0.0
2001,0.6888888888888889,201.0,168.0,14.0,0.9166666666666666,15.0,0.0,145.52440544509872,nan,nan,nan,nan,nan,1.0,0.15,nan,nan,nan,nan
2002,0.6044444444444445,179.0,143.0,8.0,0.9440559440559441,14.0,0.0,128.81611617803574,nan,nan,nan,nan,nan,1.0,0.15,nan,nan,nan,nan
2003,0.6666666666666666,201.0,165.0,16.0,0.9030303030303031,16.0,0.0,139.57200200891495,nan,nan,nan,nan,nan,1.0,0.15,nan,nan,nan,nan
2004,0.6977777777777778,210.0,171.0,15.0,0.9122807017543859,16.0,0.0,146.6670256938934,nan,nan,nan,nan,nan,1.0,0.15,nan,nan,nan,nan
2005,0.6977777777777778,213.0,168.0,12.0,0.9285714285714286,16.0,0.0,147.56407270145422,nan,nan,nan,nan,nan,1.0,0.15,nan,nan,nan,nan
2006,0.6133333333333333,185.0,150.0,13.0,0.9133333333333333,14.0,0.0,129.29416367864613,nan,nan,nan,nan,nan,1.0,0.15,nan,nan,nan,nan
2007,0.6311111111111111,191.0,158.0,17.0,0.8924050632911392,15.0,0.0,131.8036823749543,nan,nan,nan,nan,nan,1.0,0.15,nan,nan,nan,nan
2008,0.6444444444444445,197.0,160.0,16.0,0.9,16.0,0.0,134.37979549646377,nan,nan,nan,nan,nan,1.0,0.15,nan,nan,nan,nan
2009,0.68,213.0,171.0,19.0,0.8888888888888888,16.0,0.0,141.42380881118768,nan,nan,nan,nan,nan,1.0,0.15,nan,nan,nan,nan
2010,0.64,208.0,167.0,24.0,0.8562874251497006,16.0,0.0,130.54016766405115,nan,nan,nan,nan,nan,1.0,0.15,nan,nan,nan,nan
2011,0.7333333333333333,207.0,170.0,6.0,0.9647058823529412,16.0,0.0,157.6435260233877,nan,nan,nan,nan,nan,1.0,0.15,nan,nan,nan,nan
2012,0.6266666666666667,187.0,154.0,14.0,0.9090909090909091,14.0,0.0,132.00557939243322,nan,nan,nan,nan,nan,1.0,0.15,nan,nan,nan,nan
2013,0.64,208.0,169.0,26.0,0.8461538461538461,16.0,0.0,130.36726465463641,nan,nan,nan,nan,nan,1.0,0.15,nan,nan,nan,nan
2014,0.6577777777777778,209.0,160.0,13.0,0.91875,16.0,0.0,138.35602278089536,nan,nan,nan,nan,nan,1.0,0.15,nan,nan,nan,nan
2015,0.68,206.0,171.0,19.0,0.8888888888888888,16.0,0.0,141.53033961534513,nan,nan,nan,nan,nan,1.0,0.15,nan,nan,nan,nan
2016,0.6,179.0,148.0,14.0,0.9054054054054054,14.0,0.0,125.97094744634637,3.5770860399518694,0.013544847856142692,6.430922508239746,2.568732670375279,0.006731865179192807,1.0,0.15,nan,nan,nan,nan
2017,0.6044444444444445,173.0,147.0,12.0,0.9183673469387755,14.0,0.0,127.72319124555592,nan,nan,nan,nan,nan,1.0,0.15,nan,nan,nan,nan
2018,0.6222222222222222,186.0,149.0,10.0,0.9328859060402684,14.0,0.0,132.24050489330295,nan,nan,nan,nan,nan,1.0,0.15,nan,nan,nan,nan
2019,0.68,199.0,164.0,12.0,0.926829268292683,15.0,0.0,144.18545614862444,nan,nan,nan,nan,nan,1.0,0.15,nan,nan,nan,nan
2020,0.7111111111111111,217.0,175.0,16.0,0.9085714285714286,16.0,0.0,149.40605422687526,nan,nan,nan,nan,nan,1.0,0.15,nan,nan,nan,nan
2021,0.6888888888888889,207.0,168.0,14.0,0.9166666666666666,15.0,0.0,145.36872068595875,nan,nan,nan,nan,nan,1.0,0.15,nan,nan,nan,nan
2022,0.6088888888888889,176.0,145.0,9.0,0.9379310344827586,14.0,0.0,129.63241265010842,nan,nan,nan,nan,nan,1.0,0.15,nan,nan,nan,nan
2023,0.6577777777777778,213.0,172.0,25.0,0.8546511627906976,16.0,0.0,134.3976692919732,nan,nan,nan,nan,nan,1.0,0.15,nan,nan,nan,nan
2024,0.6711111111111111,202.0,166.0,16.0,0.9036144578313253,15.0,0.0,140.79249241018286,nan,nan,nan,nan,nan,1.0,0.15,nan,nan,nan,nan
2025,0.6977777777777778,213.0,174.0,18.0,0.896551724137931,16.0,0.0,145.51666618442536,nan,nan,nan,nan,nan,1.0,0.15,nan,nan,nan,nan
2026,0.6666666666666666,203.0,166.0,17.0,0.8975903614457831,16.0,0.0,139.26291362094875,nan,nan,nan,nan,nan,1.0,0.15,nan,nan,nan,nan
2027,0.6755555555555556,203.0,164.0,13.0,0.9207317073170732,16.0,0.0,142.34823116874693,nan,nan,nan,nan,nan,1.0,0.15,nan,nan,nan,nan
2028,0.6622222222222223,202.0,166.0,18.0,0.891566265060241,16.0,0.0,137.81844997882837,nan,nan,nan,nan,nan,1.0,0.15,nan,nan,nan,nan
2029,0.7155555555555555,212.0,177.0,17.0,0.903954802259887,16.0,0.0,150.36847559547428,nan,nan,nan,nan,nan,1.0,0.15,nan,nan,nan,nan
2030,0.6933333333333334,209.0,170.0,15.0,0.9117647058823529,16.0,0.0,145.91348687744133,nan,nan,nan,nan,nan,1.0,0.15,nan,nan,nan,nan
2031,0.6755555555555556,208.0,166.0,15.0,0.9096385542168675,16.0,0.0,141.46881652402874,nan,nan,nan,nan,nan,1.0,0.15,nan,nan,nan,nan
2032,0.6444444444444445,193.0,155.0,11.0,0.9290322580645162,15.0,0.0,136.44730722475066,4.107532322406769,0.015075871255248785,7.50911945104599,2.4991633892059326,0.0004267566378075571,1.0,0.15,nan,nan,nan,nan
2033,0.6666666666666666,207.0,161.0,12.0,0.9254658385093167,16.0,0.0,140.38888028478627,nan,nan,nan,nan,nan,1.0,0.15,nan,nan,nan,nan
2034,0.7288888888888889,214.0,176.0,13.0,0.9261363636363636,16.0,0.0,154.52466568613036,nan,nan,nan,nan,nan,1.0,0.15,nan,nan,nan,nan
2035,0.6666666666666666,210.0,170.0,21.0,0.8764705882352941,15.0,0.0,138.1567563824654,nan,nan,nan,nan,nan,1.0,0.15,nan,nan,nan,nan
2036,0.5911111111111111,177.0,143.0,11.0,0.9230769230769231,13.0,0.0,125.30433838462845,nan,nan,nan,nan,nan,1.0,0.15,nan,nan,nan,nan
2037,0.7155555555555555,198.0,168.0,8.0,0.9523809523809523,16.0,0.0,153.14876509332655,nan,nan,nan,nan,nan,1.0,0.15,nan,nan,nan,nan
2038,0.6755555555555556,207.0,165.0,14.0,0.9151515151515152,15.0,0.0,142.48248151063927,nan,nan,nan,nan,nan,1.0,0.15,nan,nan,nan,nan
2039,0.6355555555555555,203.0,163.0,21.0,0.8711656441717791,16.0,0.0,130.69944994163518,nan,nan,nan,nan,nan,1.0,0.15,nan,nan,nan,nan
2040,0.6888888888888889,208.0,170.0,16.0,0.9058823529411765,16.0,0.0,144.38021151685706,nan,nan,nan,nan,nan,1.0,0.15,nan,nan,nan,nan
2041,0.6711111111111111,202.0,164.0,14.0,0.9146341463414634,16.0,0.0,141.14265908145907,nan,nan,nan,nan,nan,1.0,0.15,nan,nan,nan,nan
2042,0.6622222222222223,217.0,168.0,20.0,0.8809523809523809,16.0,0.0,136.7831396126747,nan,nan,nan,nan,nan,1.0,0.15,nan,nan,nan,nan
2043,0.6977777777777778,216.0,173.0,17.0,0.9017341040462428,16.0,0.0,146.09306291294095,nan,nan,nan,nan,nan,1.0,0.15,nan,nan,nan,nan
2044,0.6444444444444445,197.0,157.0,13.0,0.9171974522292994,16.0,0.0,135.25477264308927,nan,nan,nan,nan,nan,1.0,0.15,nan,nan,nan,nan
2045,0.6977777777777778,212.0,173.0,17.0,0.9017341040462428,16.0,0.0,146.14987965488433,nan,nan,nan,nan,nan,1.0,0.15,nan,nan,nan,nan
2046,0.6711111111111111,203.0,163.0,13.0,0.9202453987730062,16.0,0.0,141.41155846977242,nan,nan,nan,nan,nan,1.0,0.15,nan,nan,nan,nan
2047,0.6666666666666666,208.0,164.0,15.0,0.9085365853658537,16.0,0.0,139.510140130043,nan,nan,nan,nan,nan,1.0,0.15,nan,nan,nan,nan
2048,0.6177777777777778,190.0,154.0,16.0,0.8961038961038961,15.0,0.0,128.8188367323876,4.358723878860474,-0.01503846060950309,8.063668727874756,2.5288793742656708,0.000338079367793398,1.0,0.15,nan,nan,nan,nan
2049,0.6488888888888888,201.0,158.0,13.0,0.9177215189873418,16.0,0.0,136.25656613302223,nan,nan,nan,nan,nan,1.0,0.15,nan,nan,nan,nan
2050,0.6755555555555556,205.0,164.0,13.0,0.9207317073170732,16.0,0.0,142.23666857433318,nan,nan,nan,nan,nan,1.0,0.15,nan,nan,nan,nan
2051,0.6977777777777778,208.0,175.0,19.0,0.8914285714285715,15.0,0.0,145.93597886228554,nan,nan,nan,nan,nan,1.0,0.15,nan,nan,nan,nan
2052,0.5955555555555555,184.0,145.0,12.0,0.9172413793103448,14.0,0.0,125.60911517524728,nan,nan,nan,nan,nan,1.0,0.15,nan,nan,nan,nan
2053,0.68,210.0,163.0,11.0,0.9325153374233128,15.0,0.0,144.21416579008095,nan,nan,nan,nan,nan,1.0,0.15,nan,nan,nan,nan
2054,0.6711111111111111,212.0,162.0,12.0,0.9259259259259259,16.0,0.0,141.56708718395245,nan,nan,nan,nan,nan,1.0,0.15,nan,nan,nan,nan
2055,0.6577777777777778,210.0,165.0,18.0,0.8909090909090909,16.0,0.0,136.6809373345375,nan,nan,nan,nan,nan,1.0,0.15,nan,nan,nan,nan
2056,0.6755555555555556,212.0,161.0,10.0,0.937888198757764,16.0,0.0,143.14898501729974,nan,nan,nan,nan,nan,1.0,0.15,nan,nan,nan,nan
2057,0.6622222222222223,204.0,166.0,18.0,0.891566265060241,16.0,0.0,137.94636421585074,nan,nan,nan,nan,nan,1.0,0.15,nan,nan,nan,nan
2058,0.5555555555555556,164.0,133.0,9.0,0.9323308270676691,13.0,0.0,117.95101311159138,nan,nan,nan,nan,nan,1.0,0.15,nan,nan,nan,nan
2059,0.6533333333333333,198.0,158.0,12.0,0.9240506329113924,16.0,0.0,137.71482842016223,nan,nan,nan,nan,nan,1.0,0.15,nan,nan,nan,nan
2060,0.68,203.0,161.0,9.0,0.9440993788819876,16.0,0.0,144.6613220591546,nan,nan,nan,nan,nan,1.0,0.15,nan,nan,nan,nan
2061,0.5644444444444444,171.0,136.0,10.0,0.9264705882352942,13.0,0.0,119.67227393817909,nan,nan,nan,nan,nan,1.0,0.15,nan,nan,nan,nan
2062,0.6666666666666666,207.0,159.0,10.0,0.9371069182389937,16.0,0.0,141.02030044794083,nan,nan,nan,nan,nan,1.0,0.15,nan,nan,nan,nan
2063,0.7555555555555555,217.0,179.0,10.0,0.9441340782122905,16.0,0.0,161.42954793262479,nan,nan,nan,nan,nan,1.0,0.15,nan,nan,nan,nan
2064,0.5822222222222222,182.0,147.0,17.0,0.8843537414965986,14.0,0.0,121.09351681184775,6.459584474563599,-0.010365112219005823,12.258060872554779,2.523039072751999,0.00026539093664723623,1.0,0.15,nan,nan,nan,nan
2065,0.6977777777777778,211.0,172.0,16.0,0.9069767441860465,16.0,0.0,146.45452076196668,nan,nan,nan,nan,nan,1.0,0.15,nan,nan,nan,nan
2066,0.7066666666666667,209.0,172.0,14.0,0.9186046511627907,16.0,0.0,149.24453955841057,nan,nan,nan,nan,nan,1.0,0.15,nan,nan,nan,nan
2067,0.6177777777777778,179.0,145.0,7.0,0.9517241379310345,14.0,0.0,132.02854467010502,nan,nan,nan,nan,nan,1.0,0.15,nan,nan,nan,nan
2068,0.6622222222222223,202.0,164.0,16.0,0.9024390243902439,14.0,0.0,139.08990640068055,nan,nan,nan,nan,nan,1.0,0.15,nan,nan,nan,nan
2069,0.6755555555555556,210.0,166.0,15.0,0.9096385542168675,16.0,0.0,141.5984094939232,nan,nan,nan,nan,nan,1.0,0.15,nan,nan,nan,nan
2070,0.7066666666666667,205.0,169.0,11.0,0.9349112426035503,15.0,0.0,150.4533391776083,nan,nan,nan,nan,nan,1.0,0.15,nan,nan,nan,nan
2071,0.6488888888888888,204.0,162.0,17.0,0.8950617283950617,16.0,0.0,135.16534374570853,nan,nan,nan,nan,nan,1.0,0.15,nan,nan,nan,nan
2072,0.6444444444444445,193.0,155.0,11.0,0.9290322580645162,15.0,0.0,136.35702633714666,nan,nan,nan,nan,nan,1.0,0.15,nan,nan,nan,nan
2073,0.5911111111111111,169.0,140.0,8.0,0.9428571428571428,14.0,0.0,125.8794955267906,nan,nan,nan,nan,nan,1.0,0.15,nan,nan,nan,nan
2074,0.6666666666666666,200.0,160.0,11.0,0.93125,16.0,0.0,140.53672229576108,nan,nan,nan,nan,nan,1.0,0.15,nan,nan,nan,nan
2075,0.68,213.0,175.0,23.0,0.8685714285714285,16.0,0.0,140.2874054317474,nan,nan,nan,nan,nan,1.0,0.15,nan,nan,nan,nan
2076,0.6622222222222223,195.0,160.0,12.0,0.925,15.0,0.0,140.18643602323536,nan,nan,nan,nan,nan,1.0,0.15,nan,nan,nan,nan
2077,0.6888888888888889,208.0,174.0,20.0,0.8850574712643678,16.0,0.0,143.24505453920372,nan,nan,nan,nan,nan,1.0,0.15,nan,nan,nan,nan
2078,0.6711111111111111,210.0,165.0,15.0,0.9090909090909091,16.0,0.0,140.81827800226216,nan,nan,nan,nan,nan,1.0,0.15,nan,nan,nan,nan
2079,0.68,205.0,169.0,17.0,0.8994082840236687,16.0,0.0,142.19975259304053,nan,nan,nan,nan,nan,1.0,0.15,nan,nan,nan,nan
2080,0.6622222222222223,203.0,162.0,14.0,0.9135802469135802,16.0,0.0,139.10214822912226,5.7079154551029205,0.0038718065479770303,10.711146295070648,2.5753062963485718,0.00021955552983854432,1.0,0.15,nan,nan,nan,nan
2081,0.6222222222222222,203.0,156.0,17.0,0.8910256410256411,16.0,0.0,128.86798082685473,nan,nan,nan,nan,nan,1.0,0.15,nan,nan,nan,nan
2082,0.6355555555555555,190.0,157.0,15.0,0.9044585987261147,14.0,0.0,133.54458029985435,nan,nan,nan,nan,nan,1.0,0.15,nan,nan,nan,nan
2083,0.7022222222222222,202.0,165.0,8.0,0.9515151515151515,16.0,0.0,149.84429921579363,nan,nan,nan,nan,nan,1.0,0.15,nan,nan,nan,nan
2084,0.7244444444444444,216.0,173.0,11.0,0.9364161849710982,16.0,0.0,153.89230276298525,nan,nan,nan,nan,nan,1.0,0.15,nan,nan,nan,nan
2085,0.6488888888888888,193.0,157.0,12.0,0.9235668789808917,16.0,0.0,136.69712738609317,nan,nan,nan,nan,nan,1.0,0.15,nan,nan,nan,nan
2086,0.6844444444444444,207.0,166.0,13.0,0.9216867469879518,15.0,0.0,144.88347551631924,nan,nan,nan,nan,nan,1.0,0.15,nan,nan,nan,nan
2087,0.6577777777777778,197.0,159.0,12.0,0.9245283018867925,15.0,0.0,138.9829654951096,nan,nan,nan,nan,nan,1.0,0.15,nan,nan,nan,nan
2088,0.6577777777777778,205.0,166.0,19.0,0.8855421686746988,16.0,0.0,136.46838480377184,nan,nan,nan,nan,nan,1.0,0.15,nan,nan,nan,nan
2089,0.5955555555555555,177.0,143.0,10.0,0.9300699300699301,14.0,0.0,126.12954037714012,nan,nan,nan,nan,nan,1.0,0.15,nan,nan,nan,nan
2090,0.6088888888888889,195.0,157.0,21.0,0.8662420382165605,15.0,0.0,125.284602757454,nan,nan,nan,nan,nan,1.0,0.15,nan,nan,nan,nan
2091,0.6355555555555555,194.0,155.0,13.0,0.9161290322580645,15.0,0.0,133.75463499593752,nan,nan,nan,nan,nan,1.0,0.15,nan,nan,nan,nan
2092,0.6666666666666666,200.0,165.0,16.0,0.9030303030303031,16.0,0.0,139.50648200082787,nan,nan,nan,nan,nan,1.0,0.15,nan,nan,nan,nan
2093,0.6622222222222223,209.0,165.0,17.0,0.896969696969697,16.0,0.0,137.7594763450623,nan,nan,nan,nan,nan,1.0,0.15,nan,nan,nan,nan
2094,0.7155555555555555,202.0,168.0,8.0,0.9523809523809523,16.0,0.0,152.99952015209197,nan,nan,nan,nan,nan,1.0,0.15,nan,nan,nan,nan
2095,0.6133333333333333,196.0,153.0,16.0,0.8954248366013072,16.0,0.0,127.45603321552284,nan,nan,nan,nan,nan,1.0,0.15,nan,nan,nan,nan
2096,0.49333333333333335,140.0,116.0,6.0,0.9482758620689655,11.0,0.0,105.83080113935476,5.454938739538193,-0.00671464268816635,10.235090613365173,2.5450026392936707,0.00043915267906413646,1.0,0.15,nan,nan,nan,nan
2097,0.6888888888888889,204.0,162.0,8.0,0.9506172839506173,16.0,0.0,146.88244440078745,nan,nan,nan,nan,nan,1.0,0.15,nan,nan,nan,nan
2098,0.68,201.0,168.0,16.0,0.9047619047619048,15.0,0.0,142.84439158439648,nan,nan,nan,nan,nan,1.0,0.15,nan,nan,nan,nan
2099,0.6844444444444444,210.0,170.0,17.0,0.9,16.0,0.0,142.97793613672258,nan,nan,nan,nan,nan,1.0,0.15,nan,nan,nan,nan
2100,0.6666666666666666,213.0,172.0,23.0,0.8662790697674418,16.0,0.0,137.0046995429992,nan,nan,nan,nan,nan,1.0,0.15,0.695911111111111,0.6351111111111111,0.9482809083230002,0.0
2101,0.6755555555555556,207.0,168.0,17.0,0.8988095238095238,16.0,0.0,140.9148332095145,nan,nan,nan,nan,nan,1.0,0.15,nan,nan,nan,nan
2102,0.6088888888888889,182.0,145.0,9.0,0.9379310344827586,14.0,0.0,129.5415536775589,nan,nan,nan,nan,nan,1.0,0.15,nan,nan,nan,nan
2103,0.6844444444444444,219.0,174.0,21.0,0.8793103448275862,16.0,0.0,141.93973239469523,nan,nan,nan,nan,nan,1.0,0.15,nan,nan,nan,nan
2104,0.6311111111111111,182.0,149.0,8.0,0.9463087248322147,14.0,0.0,134.7410316085817,nan,nan,nan,nan,nan,1.0,0.15,nan,nan,nan,nan
2105,0.6888888888888889,210.0,175.0,21.0,0.88,16.0,0.0,142.85050206756597,nan,nan,nan,nan,nan,1.0,0.15,nan,nan,nan,nan
2106,0.6666666666666666,204.0,163.0,14.0,0.9141104294478528,15.0,0.0,140.32478800630565,nan,nan,nan,nan,nan,1.0,0.15,nan,nan,nan,nan
2107,0.56,158.0,130.0,5.0,0.9615384615384616,12.0,0.0,120.44194232892991,nan,nan,nan,nan,nan,1.0,0.15,nan,nan,nan,nan
2108,0.6444444444444445,182.0,153.0,9.0,0.9411764705882353,14.0,0.0,137.58179330921172,nan,nan,nan,nan,nan,1.0,0.15,nan,nan,nan,nan
2109,0.6666666666666666,210.0,163.0,14.0,0.9141104294478528,16.0,0.0,139.85255323076248,nan,nan,nan,nan,nan,1.0,0.15,nan,nan,nan,nan
2110,0.6755555555555556,212.0,166.0,15.0,0.9096385542168675,16.0,0.0,141.6447751097679,nan,nan,nan,nan,nan,1.0,0.15,nan,nan,nan,nan
2111,0.6711111111111111,198.0,162.0,12.0,0.9259259259259259,16.0,0.0,141.53459367990502,nan,nan,nan,nan,nan,1.0,0.15,nan,nan,nan,nan
2112,0.6844444444444444,206.0,166.0,13.0,0.9216867469879518,16.0,0.0,144.1779314618111,3.566407263278961,0.006302734211203642,6.410832226276398,2.6171754598617554,0.0002508712695998838,1.0,0.15,nan,nan,nan,nan
2113,0.7022222222222222,198.0,166.0,9.0,0.9457831325301205,16.0,0.0,149.81724469661717,nan,nan,nan,nan,nan,1.0,0.15,nan,nan,nan,nan
2114,0.6622222222222223,204.0,168.0,20.0,0.8809523809523809,16.0,0.0,137.29994500398635,nan,nan,nan,nan,nan,1.0,0.15,nan,nan,nan,nan
2115,0.6844444444444444,207.0,170.0,17.0,0.9,16.0,0.0,143.3441796040535,nan,nan,nan,nan,nan,1.0,0.15,nan,nan,nan,nan
2116,0.6622222222222223,203.0,164.0,16.0,0.9024390243902439,16.0,0.0,138.6131243453025,nan,nan,nan,nan,nan,1.0,0.15,nan,nan,nan,nan
2117,0.6844444444444444,208.0,172.0,19.0,0.8895348837209303,16.0,0.0,142.59754007482533,nan,nan,nan,nan,nan,1.0,0.15,nan,nan,nan,nan
2118,0.6133333333333333,179.0,148.0,11.0,0.9256756756756757,14.0,0.0,130.0308114762307,nan,nan,nan,nan,nan,1.0,0.15,nan,nan,nan,nan
2119,0.6577777777777778,205.0,169.0,22.0,0.8698224852071006,16.0,0.0,135.59890392971036,nan,nan,nan,nan,nan,1.0,0.15,nan,nan,nan,nan
2120,0.6577777777777778,195.0,159.0,12.0,0.9245283018867925,15.0,0.0,138.91173959541337,nan,nan,nan,nan,nan,1.0,0.15,nan,nan,nan,nan
2121,0.6888888888888889,205.0,165.0,11.0,0.9333333333333333,16.0,0.0,146.0157060742378,nan,nan,nan,nan,nan,1.0,0.15,nan,nan,nan,nan
2122,0.6622222222222223,204.0,166.0,18.0,0.891566265060241,16.0,0.0,137.7097368259431,nan,nan,nan,nan,nan,1.0,0.15,nan,nan,nan,nan
2123,0.64,191.0,154.0,11.0,0.9285714285714286,14.0,0.0,135.94208463001254,nan,nan,nan,nan,nan,1.0,0.15,nan,nan,nan,nan
2124,0.6711111111111111,209.0,166.0,16.0,0.9036144578313253,16.0,0.0,140.4736510457993,nan,nan,nan,nan,nan,1.0,0.15,nan,nan,nan,nan
2125,0.6666666666666666,199.0,165.0,16.0,0.9030303030303031,16.0,0.0,139.66794381427775,nan,nan,nan,nan,nan,1.0,0.15,nan,nan,nan,nan
2126,0.6666666666666666,213.0,162.0,13.0,0.9197530864197531,16.0,0.0,139.7691027255059,nan,nan,nan,nan,nan,1.0,0.15,nan,nan,nan,nan
2127,0.6666666666666666,213.0,167.0,18.0,0.8922155688622755,16.0,0.0,138.42465199375144,nan,nan,nan,nan,nan,1.0,0.15,nan,nan,nan,nan
2128,0.7288888888888889,209.0,179.0,16.0,0.9106145251396648,16.0,0.0,153.74794315338124,3.6500827968120575,-0.024674931075423956,6.662297368049622,2.53554505109787,0.00020495288481470197,1.0,0.15,nan,nan,nan,nan
2129,0.6888888888888889,220.0,168.0,14.0,0.9166666666666666,15.0,0.0,145.2362149715424,nan,nan,nan,nan,nan,1.0,0.15,nan,nan,nan,nan
2130,0.6888888888888889,193.0,167.0,13.0,0.9221556886227545,15.0,0.0,146.02447201919549,nan,nan,nan,nan,nan,1.0,0.15,nan,nan,nan,nan
2131,0.6177777777777778,180.0,151.0,13.0,0.9139072847682119,14.0,0.0,130.38267070150377,nan,nan,nan,nan,nan,1.0,0.15,nan,nan,nan,nan
2132,0.64,190.0,155.0,12.0,0.9225806451612903,15.0,0.0,135.1108302354813,nan,nan,nan,nan,nan,1.0,0.15,nan,nan,nan,nan
2133,0.6533333333333333,207.0,161.0,15.0,0.906832298136646,16.0,0.0,136.56871523094176,nan,nan,nan,nan,nan,1.0,0.15,nan,nan,nan,nan
2134,0.6577777777777778,214.0,164.0,17.0,0.8963414634146342,15.0,0.0,137.20269246721273,nan,nan,nan,nan,nan,1.0,0.15,nan,nan,nan,nan
2135,0.6533333333333333,186.0,153.0,7.0,0.954248366013072,14.0,0.0,140.20136244201663,nan,nan,nan,nan,nan,1.0,0.15,nan,nan,nan,nan
2136,0.6622222222222223,206.0,166.0,18.0,0.891566265060241,15.0,0.0,137.9776030316353,nan,nan,nan,nan,nan,1.0,0.15,nan,nan,nan,nan
2137,0.6577777777777778,200.0,161.0,14.0,0.9130434782608695,16.0,0.0,138.1328618040084,nan,nan,nan,nan,nan,1.0,0.15,nan,nan,nan,nan
2138,0.68,207.0,173.0,21.0,0.8786127167630058,16.0,0.0,140.94978079557416,nan,nan,nan,nan,nan,1.0,0.15,nan,nan,nan,nan
2139,0.6622222222222223,204.0,164.0,16.0,0.9024390243902439,16.0,0.0,138.1997568302155,nan,nan,nan,nan,nan,1.0,0.15,nan,nan,nan,nan
2140,0.7466666666666667,212.0,178.0,11.0,0.9382022471910112,16.0,0.0,159.1891611089704,nan,nan,nan,nan,nan,1.0,0.15,nan,nan,nan,nan
2141,0.6888888888888889,202.0,168.0,14.0,0.9166666666666666,16.0,0.0,145.18421500587462,nan,nan,nan,nan,nan,1.0,0.15,nan,nan,nan,nan
2142,0.7066666666666667,206.0,172.0,14.0,0.9186046511627907,16.0,0.0,149.2857166628838,nan,nan,nan,nan,nan,1.0,0.15,nan,nan,nan,nan
2143,0.6666666666666666,202.0,161.0,12.0,0.9254658385093167,16.0,0.0,140.52433928203595,nan,nan,nan,nan,nan,1.0,0.15,nan,nan,nan,nan
2144,0.5644444444444444,160.0,132.0,6.0,0.9545454545454546,13.0,0.0,120.97591248989106,4.315912663936615,-0.007160278270021081,7.952103853225708,2.562836855649948,0.0010814433881023433,1.0,0.15,nan,nan,nan,nan
2145,0.6844444444444444,206.0,161.0,8.0,0.9503105590062112,16.0,0.0,145.9242144999503,nan,nan,nan,nan,nan,1.0,0.15,nan,nan,nan,nan
2146,0.7022222222222222,203.0,169.0,12.0,0.9289940828402367,15.0,0.0,149.10140796279904,nan,nan,nan,nan,nan,1.0,0.15,nan,nan,nan,nan
2147,0.6755555555555556,203.0,163.0,12.0,0.9263803680981595,16.0,0.0,142.5570337219237,nan,nan,nan,nan,nan,1.0,0.15,nan,nan,nan,nan
2148,0.6666666666666666,211.0,170.0,21.0,0.8764705882352941,16.0,0.0,137.76400447797775,nan,nan,nan,nan,nan,1.0,0.15,nan,nan,nan,nan
2149,0.6666666666666666,201.0,165.0,16.0,0.9030303030303031,16.0,0.0,139.49986777448652,nan,nan,nan,nan,nan,1.0,0.15,nan,nan,nan,nan
2150,0.6444444444444445,197.0,165.0,21.0,0.8727272727272727,15.0,0.0,133.29374303722375,nan,nan,nan,nan,nan,1.0,0.15,nan,nan,nan,nan
2151,0.6933333333333334,207.0,167.0,12.0,0.9281437125748503,16.0,0.0,146.63726745462407,nan,nan,nan,nan,nan,1.0,0.15,nan,nan,nan,nan
2152,0.6444444444444445,202.0,159.0,15.0,0.9056603773584906,15.0,0.0,135.17058344507217,nan,nan,nan,nan,nan,1.0,0.15,nan,nan,nan,nan
2153,0.6266666666666667,202.0,162.0,22.0,0.8641975308641975,16.0,0.0,128.39953260707856,nan,nan,nan,nan,nan,1.0,0.15,nan,nan,nan,nan
2154,0.6177777777777778,190.0,148.0,10.0,0.9324324324324325,14.0,0.0,131.04600441169748,nan,nan,nan,nan,nan,1.0,0.15,nan,nan,nan,nan
2155,0.68,205.0,166.0,14.0,0.9156626506024096,16.0,0.0,143.21140211868286,nan,nan,nan,nan,nan,1.0,0.15,nan,nan,nan,nan
2156,0.6711111111111111,202.0,163.0,13.0,0.9202453987730062,16.0,0.0,141.27259336519245,nan,nan,nan,nan,nan,1.0,0.15,nan,nan,nan,nan
2157,0.5733333333333334,160.0,131.0,3.0,0.9770992366412213,12.0,0.0,124.26088527250302,nan,nan,nan,nan,nan,1.0,0.15,nan,nan,nan,nan
2158,0.7155555555555555,213.0,172.0,12.0,0.9302325581395349,16.0,0.0,151.3768206267357,nan,nan,nan,nan,nan,1.0,0.15,nan,nan,nan,nan
2159,0.6977777777777778,211.0,170.0,14.0,0.9176470588235294,15.0,0.0,147.48374864864348,nan,nan,nan,nan,nan,1.0,0.15,nan,nan,nan,nan
2160,0.7155555555555555,204.0,170.0,10.0,0.9411764705882353,15.0,0.0,152.623160114765,4.107351124286652,0.00350314422394149,7.524521052837372,2.5248080790042877,0.0003114170267508598,1.0,0.15,nan,nan,nan,nan
2161,0.6755555555555556,211.0,167.0,16.0,0.9041916167664671,16.0,0.0,141.35069766569143,nan,nan,nan,nan,nan,1.0,0.15,nan,nan,nan,nan
2162,0.6844444444444444,214.0,166.0,13.0,0.9216867469879518,16.0,0.0,144.29269492816923,nan,nan,nan,nan,nan,1.0,0.15,nan,nan,nan,nan
2163,0.6666666666666666,207.0,170.0,21.0,0.8764705882352941,16.0,0.0,137.82232827091215,nan,nan,nan,nan,nan,1.0,0.15,nan,nan,nan,nan
2164,0.68,219.0,173.0,21.0,0.8786127167630058,15.0,0.0,141.22613917398448,nan,nan,nan,nan,nan,1.0,0.15,nan,nan,nan,nan
2165,0.6933333333333334,212.0,171.0,16.0,0.9064327485380117,16.0,0.0,145.4968265476227,nan,nan,nan,nan,nan,1.0,0.15,nan,nan,nan,nan
2166,0.6577777777777778,198.0,160.0,13.0,0.91875,16.0,0.0,138.52899471426005,nan,nan,nan,nan,nan,1.0,0.15,nan,nan,nan,nan
2167,0.6888888888888889,208.0,176.0,22.0,0.875,16.0,0.0,142.75542332077018,nan,nan,nan,nan,nan,1.0,0.15,nan,nan,nan,nan
2168,0.6755555555555556,210.0,171.0,20.0,0.8830409356725146,16.0,0.0,140.41247632026662,nan,nan,nan,nan,nan,1.0,0.15,nan,nan,nan,nan
2169,0.7022222222222222,202.0,169.0,12.0,0.9289940828402367,16.0,0.0,148.73923218774794,nan,nan,nan,nan,nan,1.0,0.15,nan,nan,nan,nan
2170,0.6844444444444444,206.0,167.0,14.0,0.9161676646706587,16.0,0.0,144.21156969022755,nan,nan,nan,nan,nan,1.0,0.15,nan,nan,nan,nan
2171,0.6222222222222222,180.0,148.0,9.0,0.9391891891891891,14.0,0.0,132.60092560720452,nan,nan,nan,nan,nan,1.0,0.15,nan,nan,nan,nan
2172,0.6488888888888888,203.0,161.0,16.0,0.9006211180124224,15.0,0.0,135.88514162683492,nan,nan,nan,nan,nan,1.0,0.15,nan,nan,nan,nan
2173,0.6577777777777778,206.0,168.0,21.0,0.875,16.0,0.0,135.88413335466387,nan,nan,nan,nan,nan,1.0,0.15,nan,nan,nan,nan
2174,0.6177777777777778,189.0,155.0,17.0,0.8903225806451613,15.0,0.0,128.5453441834451,nan,nan,nan,nan,nan,1.0,0.15,nan,nan,nan,nan
2175,0.6977777777777778,202.0,169.0,13.0,0.9230769230769231,16.0,0.0,147.59970391464222,nan,nan,nan,nan,nan,1.0,0.15,nan,nan,nan,nan
2176,0.5777777777777777,189.0,148.0,19.0,0.8716216216216216,14.0,0.0,118.89677015829092,2.8132754266262054,0.04642786819022149,4.864455699920654,2.4772685170173645,0.00017831531317824556,1.0,0.15,nan,nan,nan,nan
2177,0.7066666666666667,206.0,169.0,11.0,0.9349112426035503,16.0,0.0,150.14471051025384,nan,nan,nan,nan,nan,1.0,0.15,nan,nan,nan,nan
2178,0.7066666666666667,207.0,173.0,15.0,0.9132947976878613,16.0,0.0,148.98296631670001,nan,nan,nan,nan,nan,1.0,0.15,nan,nan,nan,nan
2179,0.6222222222222222,190.0,150.0,11.0,0.9266666666666666,14.0,0.0,131.73893167686467,nan,nan,nan,nan,nan,1.0,0.15,nan,nan,nan,nan
2180,0.6711111111111111,207.0,164.0,14.0,0.9146341463414634,16.0,0.0,141.07063612270352,nan,nan,nan,nan,nan,1.0,0.15,nan,nan,nan,nan
2181,0.6666666666666666,196.0,165.0,16.0,0.9030303030303031,16.0,0.0,139.64913910865783,nan,nan,nan,nan,nan,1.0,0.15,nan,nan,nan,nan
2182,0.6977777777777778,205.0,168.0,12.0,0.9285714285714286,15.0,0.0,147.9805011878013,nan,nan,nan,nan,nan,1.0,0.15,nan,nan,nan,nan
2183,0.6755555555555556,210.0,166.0,15.0,0.9096385542168675,16.0,0.0,141.56118131875994,nan,nan,nan,nan,nan,1.0,0.15,nan,nan,nan,nan
2184,0.7066666666666667,221.0,172.0,14.0,0.9186046511627907,16.0,0.0,148.50128637504577,nan,nan,nan,nan,nan,1.0,0.15,nan,nan,nan,nan
2185,0.68,213.0,164.0,12.0,0.926829268292683,16.0,0.0,143.5842518458367,nan,nan,nan,nan,nan,1.0,0.15,nan,nan,nan,nan
2186,0.7111111111111111,199.0,168.0,9.0,0.9464285714285714,16.0,0.0,151.74731388187405,nan,nan,nan,nan,nan,1.0,0.15,nan,nan,nan,nan
2187,0.6844444444444444,199.0,163.0,10.0,0.9386503067484663,16.0,0.0,145.2972037296295,nan,nan,nan,nan,nan,1.0,0.15,nan,nan,nan,nan
2188,0.6355555555555555,185.0,158.0,16.0,0.8987341772151899,14.0,0.0,133.50919486618045,nan,nan,nan,nan,nan,1.0,0.15,nan,nan,nan,nan
2189,0.6533333333333333,201.0,161.0,15.0,0.906832298136646,16.0,0.0,136.81999697828297,nan,nan,nan,nan,nan,1.0,0.15,nan,nan,nan,nan
2190,0.7422222222222222,213.0,175.0,9.0,0.9485714285714286,16.0,0.0,158.56247540664654,nan,nan,nan,nan,nan,1.0,0.15,nan,nan,nan,nan
2191,0.6666666666666666,212.0,169.0,20.0,0.8816568047337278,16.0,0.0,138.19178158664698,nan,nan,nan,nan,nan,1.0,0.15,nan,nan,nan,nan
2192,0.6666666666666666,201.0,164.0,15.0,0.9085365853658537,16.0,0.0,139.70370200777057,3.262390434741974,0.0003778610844165087,5.852187991142273,2.485349655151367,0.0004315254492439635,1.0,0.15,nan,nan,nan,nan
2193,0.6888888888888889,205.0,165.0,11.0,0.9333333333333333,15.0,0.0,146.3919034175874,nan,nan,nan,nan,nan,1.0,0.15,nan,nan,nan,nan
2194,0.7288888888888889,208.0,172.0,9.0,0.9476744186046512,16.0,0.0,155.6798145289422,nan,nan,nan,nan,nan,1.0,0.15,nan,nan,nan,nan
2195,0.6444444444444445,216.0,169.0,25.0,0.8520710059171598,16.0,0.0,131.39291547727592,nan,nan,nan,nan,nan,1.0,0.15,nan,nan,nan,nan
2196,0.7288888888888889,210.0,174.0,11.0,0.9367816091954023,16.0,0.0,154.99585224246962,nan,nan,nan,nan,nan,1.0,0.15,nan,nan,nan,nan
2197,0.6488888888888888,196.0,156.0,11.0,0.9294871794871795,15.0,0.0,137.3317850418091,nan,nan,nan,nan,nan,1.0,0.15,nan,nan,nan,nan
2198,0.6977777777777778,204.0,169.0,13.0,0.9230769230769231,16.0,0.0,147.49127230930338,nan,nan,nan,nan,nan,1.0,0.15,nan,nan,nan,nan
2199,0.6488888888888888,206.0,166.0,21.0,0.8734939759036144,16.0,0.0,133.69437095975877,nan,nan,nan,nan,nan,1.0,0.15,nan,nan,nan,nan
2200,0.68,204.0,162.0,10.0,0.9382716049382716,15.0,0.0,144.68562454223635,nan,nan,nan,nan,nan,1.0,0.15,0.6958222222222221,0.6386666666666667,0.9500979301795336,0.0
2201,0.6844444444444444,207.0,171.0,18.0,0.8947368421052632,16.0,0.0,142.8957700409889,nan,nan,nan,nan,nan,1.0,0.15,nan,nan,nan,nan
2202,0.5955555555555555,177.0,142.0,9.0,0.9366197183098591,14.0,0.0,126.56684530448919,nan,nan,nan,nan,nan,1.0,0.15,nan,nan,nan,nan
2203,0.6888888888888889,202.0,170.0,16.0,0.9058823529411765,16.0,0.0,144.5575621747971,nan,nan,nan,nan,nan,1.0,0.15,nan,nan,nan,nan
2204,0.6844444444444444,204.0,166.0,13.0,0.9216867469879518,15.0,0.0,144.58150172805782,nan,nan,nan,nan,nan,1.0,0.15,nan,nan,nan,nan
2205,0.6444444444444445,195.0,158.0,14.0,0.9113924050632911,16.0,0.0,135.16120834636686,nan,nan,nan,nan,nan,1.0,0.15,nan,nan,nan,nan
2206,0.6,179.0,143.0,9.0,0.9370629370629371,14.0,0.0,127.47684420347224,nan,nan,nan,nan,nan,1.0,0.15,nan,nan,nan,nan
2207,0.6888888888888889,209.0,173.0,19.0,0.8901734104046243,16.0,0.0,143.59633043861388,nan,nan,nan,nan,nan,1.0,0.15,nan,nan,nan,nan
2208,0.5555555555555556,176.0,141.0,17.0,0.8794326241134752,14.0,0.0,114.8168429636955,4.055927872657776,0.026654037879779935,7.378014266490936,2.515221983194351,0.0018366466683801264,1.0,0.15,nan,nan,nan,nan
2209,0.6666666666666666,215.0,174.0,25.0,0.8563218390804598,16.0,0.0,136.64030320930488,nan,nan,nan,nan,nan,1.0,0.15,nan,nan,nan,nan
2210,0.7377777777777778,221.0,182.0,17.0,0.9065934065934066,16.0,0.0,155.3101344757079,nan,nan,nan,nan,nan,1.0,0.15,nan,nan,nan,nan
2211,0.6666666666666666,197.0,164.0,15.0,0.9085365853658537,16.0,0.0,140.00149621963496,nan,nan,nan,nan,nan,1.0,0.15,nan,nan,nan,nan
2212,0.6533333333333333,203.0,160.0,14.0,0.9125,16.0,0.0,136.91272252559656,nan,nan,nan,nan,nan,1.0,0.15,nan,nan,nan,nan
2213,0.7066666666666667,207.0,168.0,10.0,0.9404761904761905,15.0,0.0,150.4724374175071,nan,nan,nan,nan,nan,1.0,0.15,nan,nan,nan,nan
2214,0.7022222222222222,212.0,172.0,15.0,0.9127906976744186,16.0,0.0,147.80834795665757,nan,nan,nan,nan,nan,1.0,0.15,nan,nan,nan,nan
2215,0.7066666666666667,214.0,174.0,16.0,0.9080459770114943,16.0,0.0,148.43988929128653,nan,nan,nan,nan,nan,1.0,0.15,nan,nan,nan,nan
2216,0.6444444444444445,200.0,158.0,14.0,0.9113924050632911,15.0,0.0,135.56584755420687,nan,nan,nan,nan,nan,1.0,0.15,nan,nan,nan,nan
2217,0.6622222222222223,204.0,163.0,15.0,0.9079754601226994,16.0,0.0,138.72480774927138,nan,nan,nan,nan,nan,1.0,0.15,nan,nan,nan,nan
2218,0.6577777777777778,211.0,163.0,16.0,0.901840490797546,16.0,0.0,137.07808147287372,nan,nan,nan,nan,nan,1.0,0.15,nan,nan,nan,nan
2219,0.6355555555555555,196.0,157.0,15.0,0.9044585987261147,15.0,0.0,132.93535350608826,nan,nan,nan,nan,nan,1.0,0.15,nan,nan,nan,nan
2220,0.7155555555555555,204.0,169.0,9.0,0.9467455621301775,16.0,0.0,152.77240152978874,nan,nan,nan,nan,nan,1.0,0.15,nan,nan,nan,nan
2221,0.6044444444444445,185.0,149.0,14.0,0.9060402684563759,14.0,0.0,126.89518892622004,nan,nan,nan,nan,nan,1.0,0.15,nan,nan,nan,nan
2222,0.6622222222222223,208.0,168.0,20.0,0.8809523809523809,16.0,0.0,137.23226482343674,nan,nan,nan,nan,nan,1.0,0.15,nan,nan,nan,nan
2223,0.6,181.0,142.0,8.0,0.9436619718309859,14.0,0.0,127.73103421878817,nan,nan,nan,nan,nan,1.0,0.15,nan,nan,nan,nan
2224,0.6755555555555556,201.0,168.0,17.0,0.8988095238095238,14.0,0.0,142.01974390411377,3.4381742775440216,-0.02274044102523476,6.222124636173248,2.5842520594596863,0.0002483989588881741,1.0,0.15,nan,nan,nan,nan
2225,0.6355555555555555,196.0,157.0,15.0,0.9044585987261147,15.0,0.0,133.31425587177284,nan,nan,nan,nan,nan,1.0,0.15,nan,nan,nan,nan
2226,0.5688888888888889,170.0,136.0,9.0,0.9338235294117647,13.0,0.0,120.78821969985978,nan,nan,nan,nan,nan,1.0,0.15,nan,nan,nan,nan
2227,0.6755555555555556,210.0,169.0,18.0,0.893491124260355,16.0,0.0,140.68489946222306,nan,nan,nan,nan,nan,1.0,0.15,nan,nan,nan,nan
2228,0.68,214.0,166.0,14.0,0.9156626506024096,16.0,0.0,142.91544772529608,nan,nan,nan,nan,nan,1.0,0.15,nan,nan,nan,nan
2229,0.6266666666666667,186.0,152.0,12.0,0.9210526315789473,14.0,0.0,132.50986451387413,nan,nan,nan,nan,nan,1.0,0.15,nan,nan,nan,nan
2230,0.6977777777777778,210.0,169.0,13.0,0.9230769230769231,16.0,0.0,147.23686518096915,nan,nan,nan,nan,nan,1.0,0.15,nan,nan,nan,nan
2231,0.6177777777777778,196.0,155.0,17.0,0.8903225806451613,15.0,0.0,128.65957148647303,nan,nan,nan,nan,nan,1.0,0.15,nan,nan,nan,nan
2232,0.64,183.0,146.0,3.0,0.9794520547945206,13.0,0.0,138.63450082254417,nan,nan,nan,nan,nan,1.0,0.15,nan,nan,nan,nan
2233,0.6311111111111111,200.0,159.0,18.0,0.8867924528301887,16.0,0.0,130.74234760093697,nan,nan,nan,nan,nan,1.0,0.15,nan,nan,nan,nan
2234,0.7244444444444444,219.0,179.0,17.0,0.9050279329608939,16.0,0.0,152.05879407501217,nan,nan,nan,nan,nan,1.0,0.15,nan,nan,nan,nan
2235,0.6355555555555555,195.0,160.0,18.0,0.8875,16.0,0.0,131.82929870891564,nan,nan,nan,nan,nan,1.0,0.15,nan,nan,nan,nan
2236,0.7066666666666667,208.0,168.0,10.0,0.9404761904761905,16.0,0.0,150.31302112770084,nan,nan,nan,nan,nan,1.0,0.15,nan,nan,nan,nan
2237,0.6577777777777778,189.0,161.0,14.0,0.9130434782608695,16.0,0.0,138.29650078916546,nan,nan,nan,nan,nan,1.0,0.15,nan,nan,nan,nan
2238,0.6755555555555556,213.0,171.0,20.0,0.8830409356725146,15.0,0.0,140.50292051029209,nan,nan,nan,nan,nan,1.0,0.15,nan,nan,nan,nan
2239,0.68,212.0,168.0,16.0,0.9047619047619048,15.0,0.0,142.67554397535315,nan,nan,nan,nan,nan,1.0,0.15,nan,nan,nan,nan
2240,0.6355555555555555,209.0,167.0,25.0,0.8502994011976048,16.0,0.0,129.54244329452516,4.001376032829285,-0.019709779415279627,7.351596295833588,2.5471224784851074,0.0014305581271401024,1.0,0.15,nan,nan,nan,nan
2241,0.6488888888888888,204.0,166.0,21.0,0.8734939759036144,15.0,0.0,133.94559538412096,nan,nan,nan,nan,nan,1.0,0.15,nan,nan,nan,nan
2242,0.6622222222222223,200.0,157.0,9.0,0.9426751592356688,16.0,0.0,140.40971747112275,nan,nan,nan,nan,nan,1.0,0.15,nan,nan,nan,nan
2243,0.6622222222222223,210.0,170.0,22.0,0.8705882352941177,16.0,0.0,136.5564901456833,nan,nan,nan,nan,nan,1.0,0.15,nan,nan,nan,nan
2244,0.5511111111111111,177.0,140.0,17.0,0.8785714285714286,14.0,0.0,113.89558551836018,nan,nan,nan,nan,nan,1.0,0.15,nan,nan,nan,nan
2245,0.6133333333333333,178.0,143.0,6.0,0.958041958041958,14.0,0.0,131.4659874677658,nan,nan,nan,nan,nan,1.0,0.15,nan,nan,nan,nan
2246,0.6488888888888888,187.0,156.0,11.0,0.9294871794871795,14.0,0.0,138.02937377262117,nan,nan,nan,nan,nan,1.0,0.15,nan,nan,nan,nan
2247,0.7244444444444444,217.0,174.0,12.0,0.9310344827586207,16.0,0.0,153.5074679126739,nan,nan,nan,nan,nan,1.0,0.15,nan,nan,nan,nan
2248,0.5955555555555555,172.0,140.0,7.0,0.95,13.0,0.0,127.61857293701192,nan,nan,nan,nan,nan,1.0,0.15,nan,nan,nan,nan
2249,0.6755555555555556,203.0,162.0,11.0,0.9320987654320988,16.0,0.0,142.9974625277519,nan,nan,nan,nan,nan,1.0,0.15,nan,nan,nan,nan
2250,0.6977777777777778,202.0,167.0,11.0,0.9341317365269461,16.0,0.0,148.09007232093796,nan,nan,nan,nan,nan,1.0,0.15,nan,nan,nan,nan
2251,0.6266666666666667,208.0,164.0,24.0,0.8536585365853658,16.0,0.0,127.23662235546117,nan,nan,nan,nan,nan,1.0,0.15,nan,nan,nan,nan
2252,0.6577777777777778,203.0,161.0,14.0,0.9130434782608695,16.0,0.0,137.84407134151454,nan,nan,nan,nan,nan,1.0,0.15,nan,nan,nan,nan
2253,0.7066666666666667,203.0,171.0,13.0,0.9239766081871345,16.0,0.0,149.5357845296858,nan,nan,nan,nan,nan,1.0,0.15,nan,nan,nan,nan
2254,0.6444444444444445,201.0,164.0,20.0,0.8780487804878049,16.0,0.0,133.3590135173797,nan,nan,nan,nan,nan,1.0,0.15,nan,nan,nan,nan
2255,0.6666666666666666,200.0,163.0,14.0,0.9141104294478528,16.0,0.0,140.0025058016777,nan,nan,nan,nan,nan,1.0,0.15,nan,nan,nan,nan
2256,0.7066666666666667,213.0,172.0,14.0,0.9186046511627907,16.0,0.0,148.93742597961418,6.13347327709198,-0.013473025406710804,11.600456714630127,2.5575805008411407,0.0004190143990854267,1.0,0.15,nan,nan,nan,nan
2257,0.6711111111111111,209.0,172.0,22.0,0.872093023255814,16.0,0.0,138.4399825587274,nan,nan,nan,nan,nan,1.0,0.15,nan,nan,nan,nan
2258,0.6266666666666667,197.0,158.0,18.0,0.8860759493670886,15.0,0.0,130.25269833803173,nan,nan,nan,nan,nan,1.0,0.15,nan,nan,nan,nan
2259,0.6533333333333333,208.0,161.0,15.0,0.906832298136646,16.0,0.0,136.79219296503075,nan,nan,nan,nan,nan,1.0,0.15,nan,nan,nan,nan
2260,0.6844444444444444,205.0,169.0,16.0,0.9053254437869822,16.0,0.0,143.49583441114424,nan,nan,nan,nan,nan,1.0,0.15,nan,nan,nan,nan
2261,0.6933333333333334,215.0,176.0,21.0,0.8806818181818182,16.0,0.0,143.70784503364555,nan,nan,nan,nan,nan,1.0,0.15,nan,nan,nan,nan
2262,0.6977777777777778,212.0,174.0,18.0,0.896551724137931,16.0,0.0,145.9479899320602,nan,nan,nan,nan,nan,1.0,0.15,nan,nan,nan,nan
2263,0.6844444444444444,194.0,162.0,9.0,0.9444444444444444,16.0,0.0,145.81234735202796,nan,nan,nan,nan,nan,1.0,0.15,nan,nan,nan,nan
2264,0.6711111111111111,201.0,168.0,18.0,0.8928571428571429,16.0,0.0,140.10404399156576,nan,nan,nan,nan,nan,1.0,0.15,nan,nan,nan,nan
2265,0.7022222222222222,209.0,171.0,14.0,0.9181286549707602,16.0,0.0,148.22990531873702,nan,nan,nan,nan,nan,1.0,0.15,nan,nan,nan,nan
2266,0.6622222222222223,213.0,172.0,24.0,0.8604651162790697,16.0,0.0,135.7021147546768,nan,nan,nan,nan,nan,1.0,0.15,nan,nan,nan,nan
2267,0.6844444444444444,211.0,173.0,20.0,0.884393063583815,16.0,0.0,142.10861563014987,nan,nan,nan,nan,nan,1.0,0.15,nan,nan,nan,nan
2268,0.6844444444444444,208.0,170.0,17.0,0.9,16.0,0.0,143.3064924478531,nan,nan,nan,nan,nan,1.0,0.15,nan,nan,nan,nan
2269,0.6,177.0,143.0,9.0,0.9370629370629371,14.0,0.0,127.50735050344474,nan,nan,nan,nan,nan,1.0,0.15,nan,nan,nan,nan
2270,0.6355555555555555,178.0,151.0,9.0,0.9403973509933775,14.0,0.0,135.68668837213522,nan,nan,nan,nan,nan,1.0,0.15,nan,nan,nan,nan
2271,0.6711111111111111,204.0,164.0,14.0,0.9146341463414634,15.0,0.0,141.43894093036656,nan,nan,nan,nan,nan,1.0,0.15,nan,nan,nan,nan
2272,0.6888888888888889,203.0,164.0,10.0,0.9390243902439024,16.0,0.0,146.24754002475734,3.519056797027588,0.005589972366578877,6.3434834480285645,2.5244206190109253,0.002506780328644709,1.0,0.15,nan,nan,nan,nan
2273,0.5866666666666667,178.0,142.0,11.0,0.9225352112676056,14.0,0.0,123.87631774997725,nan,nan,nan,nan,nan,1.0,0.15,nan,nan,nan,nan
2274,0.6622222222222223,202.0,165.0,17.0,0.896969696969697,15.0,0.0,138.31738512229924,nan,nan,nan,nan,nan,1.0,0.15,nan,nan,nan,nan
2275,0.5777777777777777,181.0,143.0,14.0,0.9020979020979021,14.0,0.0,120.86192617273332,nan,nan,nan,nan,nan,1.0,0.15,nan,nan,nan,nan
2276,0.7288888888888889,221.0,179.0,16.0,0.9106145251396648,15.0,0.0,153.78961067104345,nan,nan,nan,nan,nan,1.0,0.15,nan,nan,nan,nan
2277,0.6044444444444445,176.0,146.0,11.0,0.9246575342465754,13.0,0.0,128.3695349149705,nan,nan,nan,nan,nan,1.0,0.15,nan,nan,nan,nan
2278,0.6755555555555556,209.0,168.0,17.0,0.8988095238095238,16.0,0.0,140.96034651994705,nan,nan,nan,nan,nan,1.0,0.15,nan,nan,nan,nan
2279,0.7022222222222222,214.0,174.0,17.0,0.9022988505747126,16.0,0.0,147.05755553817738,nan,nan,nan,nan,nan,1.0,0.15,nan,nan,nan,nan
2280,0.6,168.0,141.0,7.0,0.950354609929078,13.0,0.0,128.6911657147409,nan,nan,nan,nan,nan,1.0,0.15,nan,nan,nan,nan
2281,0.6977777777777778,217.0,174.0,18.0,0.896551724137931,16.0,0.0,145.79273152637478,nan,nan,nan,nan,nan,1.0,0.15,nan,nan,nan,nan
2282,0.6666666666666666,217.0,167.0,18.0,0.8922155688622755,16.0,0.0,138.44757297754288,nan,nan,nan,nan,nan,1.0,0.15,nan,nan,nan,nan
2283,0.6933333333333334,217.0,171.0,16.0,0.9064327485380117,16.0,0.0,145.18945012950897,nan,nan,nan,nan,nan,1.0,0.15,nan,nan,nan,nan
2284,0.7111111111111111,212.0,174.0,15.0,0.9137931034482759,16.0,0.0,149.84852150726317,nan,nan,nan,nan,nan,1.0,0.15,nan,nan,nan,nan
2285,0.6355555555555555,187.0,149.0,7.0,0.9530201342281879,14.0,0.0,136.07091544532776,nan,nan,nan,nan,nan,1.0,0.15,nan,nan,nan,nan
2286,0.68,208.0,164.0,12.0,0.926829268292683,16.0,0.0,143.49468790817252,nan,nan,nan,nan,nan,1.0,0.15,nan,nan,nan,nan
2287,0.6977777777777778,211.0,169.0,13.0,0.9230769230769231,16.0,0.0,147.0636196403502,nan,nan,nan,nan,nan,1.0,0.15,nan,nan,nan,nan
2288,0.6755555555555556,208.0,170.0,19.0,0.888235294117647,16.0,0.0,140.7265683746337,4.623647391796112,-0.013211921934271231,8.575402081012726,2.579610198736191,0.0023066771718731616,1.0,0.15,nan,nan,nan,nan
2289,0.7022222222222222,217.0,174.0,17.0,0.9022988505747126,16.0,0.0,147.01239884185782,nan,nan,nan,nan,nan,1.0,0.15,nan,nan,nan,nan
2290,0.6088888888888889,191.0,154.0,18.0,0.8831168831168831,14.0,0.0,126.44041962623604,nan,nan,nan,nan,nan,1.0,0.15,nan,nan,nan,nan
2291,0.6888888888888889,221.0,177.0,23.0,0.8700564971751412,16.0,0.0,142.27725490331648,nan,nan,nan,nan,nan,1.0,0.15,nan,nan,nan,nan
2292,0.5955555555555555,184.0,141.0,8.0,0.9432624113475178,13.0,0.0,127.04910669136052,nan,nan,nan,nan,nan,1.0,0.15,nan,nan,nan,nan
2293,0.6666666666666666,195.0,163.0,14.0,0.9141104294478528,15.0,0.0,140.47645641946792,nan,nan,nan,nan,nan,1.0,0.15,nan,nan,nan,nan
2294,0.6711111111111111,208.0,170.0,20.0,0.8823529411764706,15.0,0.0,139.64775121307366,nan,nan,nan,nan,nan,1.0,0.15,nan,nan,nan,nan
2295,0.7155555555555555,217.0,177.0,17.0,0.903954802259887,16.0,0.0,150.13621827507006,nan,nan,nan,nan,nan,1.0,0.15,nan,nan,nan,nan
2296,0.6133333333333333,189.0,154.0,17.0,0.8896103896103896,14.0,0.0,128.00368915081032,nan,nan,nan,nan,nan,1.0,0.15,nan,nan,nan,nan
2297,0.6533333333333333,196.0,158.0,12.0,0.9240506329113924,14.0,0.0,138.34445939445496,nan,nan,nan,nan,nan,1.0,0.15,nan,nan,nan,nan
2298,0.7066666666666667,205.0,169.0,11.0,0.9349112426035503,16.0,0.0,150.1568646759987,nan,nan,nan,nan,nan,1.0,0.15,nan,nan,nan,nan
2299,0.6577777777777778,196.0,163.0,16.0,0.901840490797546,15.0,0.0,138.10335700321193,nan,nan,nan,nan,nan,1.0,0.15,nan,nan,nan,nan
2300,0.6977777777777778,213.0,171.0,15.0,0.9122807017543859,16.0,0.0,146.6229821205139,nan,nan,nan,nan,nan,1.0,0.15,0.6962666666666668,0.6462222222222221,0.9471005877719546,0.0
2301,0.7288888888888889,213.0,178.0,15.0,0.9157303370786517,16.0,0.0,153.80842602062216,nan,nan,nan,nan,nan,1.0,0.15,nan,nan,nan,nan
2302,0.6355555555555555,194.0,156.0,14.0,0.9102564102564102,13.0,0.0,134.24463648796086,nan,nan,nan,nan,nan,1.0,0.15,nan,nan,nan,nan
2303,0.6888888888888889,218.0,170.0,16.0,0.9058823529411765,16.0,0.0,144.31538412952418,nan,nan,nan,nan,nan,1.0,0.15,nan,nan,nan,nan
2304,0.68,209.0,168.0,16.0,0.9047619047619048,15.0,0.0,142.64018989658354,4.382462978363037,0.013322018785402179,8.04287052154541,2.568471670150757,9.603566081750614e-05,1.0,0.15,nan,nan,nan,nan
2305,0.6577777777777778,201.0,159.0,12.0,0.9245283018867925,15.0,0.0,139.00247956275948,nan,nan,nan,nan,nan,1.0,0.15,nan,nan,nan,nan
2306,0.5422222222222223,158.0,132.0,11.0,0.9166666666666666,12.0,0.0,114.8278453302384,nan,nan,nan,nan,nan,1.0,0.15,nan,nan,nan,nan
2307,0.7111111111111111,229.0,181.0,22.0,0.8784530386740331,16.0,0.0,147.5948828039169,nan,nan,nan,nan,nan,1.0,0.15,nan,nan,nan,nan
2308,0.6577777777777778,198.0,160.0,13.0,0.91875,16.0,0.0,138.52676842069627,nan,nan,nan,nan,nan,1.0,0.15,nan,nan,nan,nan
2309,0.6711111111111111,217.0,172.0,22.0,0.872093023255814,16.0,0.0,138.39603701686866,nan,nan,nan,nan,nan,1.0,0.15,nan,nan,nan,nan
2310,0.6177777777777778,182.0,152.0,14.0,0.9078947368421053,14.0,0.0,129.9079585890771,nan,nan,nan,nan,nan,1.0,0.15,nan,nan,nan,nan
2311,0.7022222222222222,209.0,170.0,13.0,0.9235294117647059,16.0,0.0,148.11142533063875,nan,nan,nan,nan,nan,1.0,0.15,nan,nan,nan,nan
2312,0.6133333333333333,176.0,144.0,7.0,0.9513888888888888,13.0,0.0,131.60136852836607,nan,nan,nan,nan,nan,1.0,0.15,nan,nan,nan,nan
2313,0.7022222222222222,208.0,171.0,14.0,0.9181286549707602,16.0,0.0,147.99940508413317,nan,nan,nan,nan,nan,1.0,0.15,nan,nan,nan,nan
2314,0.6088888888888889,186.0,149.0,13.0,0.912751677852349,14.0,0.0,128.09602815914164,nan,nan,nan,nan,nan,1.0,0.15,nan,nan,nan,nan
2315,0.7022222222222222,218.0,174.0,17.0,0.9022988505747126,16.0,0.0,147.15476833105086,nan,nan,nan,nan,nan,1.0,0.15,nan,nan,nan,nan
2316,0.72,207.0,171.0,10.0,0.9415204678362573,15.0,0.0,153.75640883302682,nan,nan,nan,nan,nan,1.0,0.15,nan,nan,nan,nan
2317,0.7422222222222222,220.0,178.0,12.0,0.9325842696629213,16.0,0.0,157.60909448719022,nan,nan,nan,nan,nan,1.0,0.15,nan,nan,nan,nan
2318,0.6888888888888889,204.0,170.0,16.0,0.9058823529411765,16.0,0.0,144.60415834617615,nan,nan,nan,nan,nan,1.0,0.15,nan,nan,nan,nan
2319,0.6444444444444445,207.0,166.0,22.0,0.8674698795180723,16.0,0.0,132.62466535806658,nan,nan,nan,nan,nan,1.0,0.15,nan,nan,nan,nan
2320,0.7333333333333333,213.0,176.0,12.0,0.9318181818181818,16.0,0.0,155.60054611968985,7.606187492609024,-0.004879186628386378,14.552679687738419,2.47768771648407,0.00013966049482405651,1.0,0.15,nan,nan,nan,nan
2321,0.6666666666666666,194.0,161.0,12.0,0.9254658385093167,15.0,0.0,141.30093423366552,nan,nan,nan,nan,nan,1.0,0.15,nan,nan,nan,nan
2322,0.6044444444444445,182.0,148.0,13.0,0.9121621621621622,14.0,0.0,127.22804515361798,nan,nan,nan,nan,nan,1.0,0.15,nan,nan,nan,nan
2323,0.6488888888888888,208.0,164.0,19.0,0.8841463414634146,16.0,0.0,134.31860615921028,nan,nan,nan,nan,nan,1.0,0.15,nan,nan,nan,nan
2324,0.5866666666666667,169.0,138.0,7.0,0.9492753623188406,13.0,0.0,125.55330788564686,nan,nan,nan,nan,nan,1.0,0.15,nan,nan,nan,nan
2325,0.5822222222222222,175.0,141.0,11.0,0.9219858156028369,13.0,0.0,123.38564860486993,nan,nan,nan,nan,nan,1.0,0.15,nan,nan,nan,nan
2326,0.6666666666666666,209.0,165.0,16.0,0.9030303030303031,16.0,0.0,139.53486782073972,nan,nan,nan,nan,nan,1.0,0.15,nan,nan,nan,nan
2327,0.6577777777777778,214.0,169.0,22.0,0.8698224852071006,16.0,0.0,135.56250644016268,nan,nan,nan,nan,nan,1.0,0.15,nan,nan,nan,nan
2328,0.6933333333333334,214.0,167.0,12.0,0.9281437125748503,16.0,0.0,146.53321678161606,nan,nan,nan,nan,nan,1.0,0.15,nan,nan,nan,nan
2329,0.7155555555555555,217.0,181.0,21.0,0.8839779005524862,14.0,0.0,149.6725551519393,nan,nan,nan,nan,nan,1.0,0.15,nan,nan,nan,nan
2330,0.6133333333333333,179.0,147.0,10.0,0.9319727891156463,13.0,0.0,130.61285018825538,nan,nan,nan,nan,nan,1.0,0.15,nan,nan,nan,nan
2331,0.6488888888888888,197.0,157.0,12.0,0.9235668789808917,15.0,0.0,137.1158248171808,nan,nan,nan,nan,nan,1.0,0.15,nan,nan,nan,nan
2332,0.6444444444444445,202.0,160.0,16.0,0.9,16.0,0.0,134.24639001512534,nan,nan,nan,nan,nan,1.0,0.15,nan,nan,nan,nan
2333,0.68,211.0,169.0,17.0,0.8994082840236687,15.0,0.0,142.48560539627064,nan,nan,nan,nan,nan,1.0,0.15,nan,nan,nan,nan
2334,0.6533333333333333,213.0,163.0,17.0,0.8957055214723927,16.0,0.0,135.90470156383523,nan,nan,nan,nan,nan,1.0,0.15,nan,nan,nan,nan
2335,0.7066666666666667,210.0,172.0,14.0,0.9186046511627907,16.0,0.0,149.22105182504652,nan,nan,nan,nan,nan,1.0,0.15,nan,nan,nan,nan
2336,0.7155555555555555,199.0,170.0,10.0,0.9411764705882353,14.0,0.0,153.26356898736944,5.2621554136276245,0.00016768602654337883,9.821292400360107,2.5976492166519165,0.0001702998433756875,1.0,0.15,nan,nan,nan,nan
2337,0.6977777777777778,206.0,167.0,11.0,0.9341317365269461,16.0,0.0,147.95393147182472,nan,nan,nan,nan,nan,1.0,0.15,nan,nan,nan,nan
2338,0.64,195.0,155.0,12.0,0.9225806451612903,14.0,0.0,135.09255338335038,nan,nan,nan,nan,nan,1.0,0.15,nan,nan,nan,nan
2339,0.5911111111111111,174.0,140.0,8.0,0.9428571428571428,14.0,0.0,125.8531829047203,nan,nan,nan,nan,nan,1.0,0.15,nan,nan,nan,nan
2340,0.6933333333333334,206.0,167.0,12.0,0.9281437125748503,16.0,0.0,146.72815167999286,nan,nan,nan,nan,nan,1.0,0.15,nan,nan,nan,nan
2341,0.6666666666666666,207.0,165.0,16.0,0.9030303030303031,16.0,0.0,139.3245822153092,nan,nan,nan,nan,nan,1.0,0.15,nan,nan,nan,nan
2342,0.6488888888888888,200.0,158.0,13.0,0.9177215189873418,16.0,0.0,136.46451543331148,nan,nan,nan,nan,nan,1.0,0.15,nan,nan,nan,nan
2343,0.6755555555555556,202.0,167.0,16.0,0.9041916167664671,16.0,0.0,141.59215899562847,nan,nan,nan,nan,nan,1.0,0.15,nan,nan,nan,nan
2344,0.6622222222222223,203.0,166.0,18.0,0.891566265060241,16.0,0.0,137.96342864704127,nan,nan,nan,nan,nan,1.0,0.15,nan,nan,nan,nan
2345,0.7066666666666667,204.0,170.0,12.0,0.9294117647058824,16.0,0.0,149.88396540164945,nan,nan,nan,nan,nan,1.0,0.15,nan,nan,nan,nan
2346,0.68,220.0,175.0,23.0,0.8685714285714285,16.0,0.0,139.78469806480405,nan,nan,nan,nan,nan,1.0,0.15,nan,nan,nan,nan
2347,0.6444444444444445,184.0,149.0,5.0,0.9664429530201343,14.0,0.0,138.7677374687195,nan,nan,nan,nan,nan,1.0,0.15,nan,nan,nan,nan
2348,0.6488888888888888,187.0,151.0,6.0,0.9602649006622517,15.0,0.0,139.05215563821798,nan,nan,nan,nan,nan,1.0,0.15,nan,nan,nan,nan
2349,0.6533333333333333,187.0,154.0,8.0,0.948051948051948,15.0,0.0,139.42388562011737,nan,nan,nan,nan,nan,1.0,0.15,nan,nan,nan,nan
2350,0.6844444444444444,210.0,169.0,16.0,0.9053254437869822,16.0,0.0,143.22399028778074,nan,nan,nan,nan,nan,1.0,0.15,nan,nan,nan,nan
2351,0.6711111111111111,184.0,155.0,5.0,0.967741935483871,14.0,0.0,144.8579349799156,nan,nan,nan,nan,nan,1.0,0.15,nan,nan,nan,nan
2352,0.6355555555555555,179.0,149.0,7.0,0.9530201342281879,14.0,0.0,136.24571078062073,5.188916981220245,0.007621425320394337,9.686702907085419,2.498859077692032,0.0008142693100126053,1.0,0.15,nan,nan,nan,nan
2353,0.6,183.0,140.0,6.0,0.9571428571428572,14.0,0.0,128.35468373060232,nan,nan,nan,nan,nan,1.0,0.15,nan,nan,nan,nan
2354,0.72,217.0,180.0,19.0,0.8944444444444445,16.0,0.0,150.65819413185113,nan,nan,nan,nan,nan,1.0,0.15,nan,nan,nan,nan
2355,0.6711111111111111,202.0,164.0,14.0,0.9146341463414634,16.0,0.0,141.14933135318762,nan,nan,nan,nan,nan,1.0,0.15,nan,nan,nan,nan
2356,0.64,198.0,155.0,12.0,0.9225806451612903,15.0,0.0,135.15418149995804,nan,nan,nan,nan,nan,1.0,0.15,nan,nan,nan,nan
2357,0.6222222222222222,172.0,146.0,7.0,0.952054794520548,14.0,0.0,133.22839324569722,nan,nan,nan,nan,nan,1.0,0.15,nan,nan,nan,nan
2358,0.6,180.0,145.0,11.0,0.9241379310344827,14.0,0.0,126.89402945470816,nan,nan,nan,nan,nan,1.0,0.15,nan,nan,nan,nan
2359,0.6844444444444444,203.0,169.0,16.0,0.9053254437869822,16.0,0.0,143.52387285757052,nan,nan,nan,nan,nan,1.0,0.15,nan,nan,nan,nan
2360,0.5955555555555555,173.0,142.0,9.0,0.9366197183098591,14.0,0.0,126.634478073597,nan,nan,nan,nan,nan,1.0,0.15,nan,nan,nan,nan
2361,0.6888888888888889,205.0,166.0,12.0,0.927710843373494,15.0,0.0,146.1072178888321,nan,nan,nan,nan,nan,1.0,0.15,nan,nan,nan,nan
2362,0.6711111111111111,198.0,168.0,18.0,0.8928571428571429,15.0,0.0,140.38763612461088,nan,nan,nan,nan,nan,1.0,0.15,nan,nan,nan,nan
2363,0.6088888888888889,188.0,152.0,16.0,0.8947368421052632,14.0,0.0,126.97611042451868,nan,nan,nan,nan,nan,1.0,0.15,nan,nan,nan,nan
2364,0.6266666666666667,195.0,155.0,15.0,0.9032258064516129,15.0,0.0,131.0594139866829,nan,nan,nan,nan,nan,1.0,0.15,nan,nan,nan,nan
2365,0.68,202.0,165.0,13.0,0.9212121212121213,16.0,0.0,143.38226932954777,nan,nan,nan,nan,nan,1.0,0.15,nan,nan,nan,nan
2366,0.6711111111111111,211.0,170.0,20.0,0.8823529411764706,16.0,0.0,138.97722692537297,nan,nan,nan,nan,nan,1.0,0.15,nan,nan,nan,nan
2367,0.6666666666666666,207.0,166.0,17.0,0.8975903614457831,16.0,0.0,138.9585589580537,nan,nan,nan,nan,nan,1.0,0.15,nan,nan,nan,nan
2368,0.6977777777777778,213.0,173.0,17.0,0.9017341040462428,15.0,0.0,146.3558156437874,5.282598376274109,-0.00998870367766358,9.891587734222412,2.5662477910518646,0.00016654605877874928,1.0,0.15,nan,nan,nan,nan
2369,0.6533333333333333,200.0,165.0,19.0,0.8848484848484849,16.0,0.0,135.6123933839797,nan,nan,nan,nan,nan,1.0,0.15,nan,nan,nan,nan
2370,0.6933333333333334,207.0,166.0,11.0,0.9337349397590361,16.0,0.0,147.08345937728893,nan,nan,nan,nan,nan,1.0,0.15,nan,nan,nan,nan
2371,0.6844444444444444,206.0,164.0,11.0,0.9329268292682927,16.0,0.0,144.82744987249362,nan,nan,nan,nan,nan,1.0,0.15,nan,nan,nan,nan
2372,0.7466666666666667,207.0,176.0,9.0,0.9488636363636364,16.0,0.0,159.83079072761524,nan,nan,nan,nan,nan,1.0,0.15,nan,nan,nan,nan
2373,0.6844444444444444,199.0,165.0,12.0,0.9272727272727272,16.0,0.0,144.88361458587644,nan,nan,nan,nan,nan,1.0,0.15,nan,nan,nan,nan
2374,0.6711111111111111,205.0,166.0,16.0,0.9036144578313253,16.0,0.0,140.53264687395102,nan,nan,nan,nan,nan,1.0,0.15,nan,nan,nan,nan
2375,0.7066666666666667,195.0,168.0,10.0,0.9404761904761905,16.0,0.0,150.51044679975493,nan,nan,nan,nan,nan,1.0,0.15,nan,nan,nan,nan
2376,0.6177777777777778,196.0,156.0,18.0,0.8846153846153846,15.0,0.0,128.31584074831014,nan,nan,nan,nan,nan,1.0,0.15,nan,nan,nan,nan
2377,0.7288888888888889,225.0,181.0,18.0,0.9005524861878453,16.0,0.0,152.77760817623138,nan,nan,nan,nan,nan,1.0,0.15,nan,nan,nan,nan
2378,0.68,205.0,170.0,18.0,0.8941176470588236,16.0,0.0,141.91355966711043,nan,nan,nan,nan,nan,1.0,0.15,nan,nan,nan,nan
2379,0.6977777777777778,202.0,169.0,13.0,0.9230769230769231,16.0,0.0,147.51801337432858,nan,nan,nan,nan,nan,1.0,0.15,nan,nan,nan,nan
2380,0.6844444444444444,214.0,171.0,18.0,0.8947368421052632,16.0,0.0,142.87110879135133,nan,nan,nan,nan,nan,1.0,0.15,nan,nan,nan,nan
2381,0.5911111111111111,178.0,141.0,9.0,0.9361702127659575,13.0,0.0,125.76404927110678,nan,nan,nan,nan,nan,1.0,0.15,nan,nan,nan,nan
2382,0.6222222222222222,198.0,156.0,17.0,0.8910256410256411,16.0,0.0,129.0228773503304,nan,nan,nan,nan,nan,1.0,0.15,nan,nan,nan,nan
2383,0.6133333333333333,177.0,145.0,8.0,0.9448275862068966,14.0,0.0,130.91640359306348,nan,nan,nan,nan,nan,1.0,0.15,nan,nan,nan,nan
2384,0.5733333333333334,178.0,144.0,16.0,0.8888888888888888,14.0,0.0,119.24374102258689,7.3863688707351685,0.0240514186443761,14.049314498901367,2.500502645969391,0.00021271974947012495,1.0,0.15,nan,nan,nan,nan
2385,0.6622222222222223,206.0,165.0,17.0,0.896969696969697,16.0,0.0,138.20151604557034,nan,nan,nan,nan,nan,1.0,0.15,nan,nan,nan,nan
2386,0.6888888888888889,204.0,164.0,10.0,0.9390243902439024,16.0,0.0,146.3129015393258,nan,nan,nan,nan,nan,1.0,0.15,nan,nan,nan,nan
2387,0.68,209.0,167.0,15.0,0.9101796407185628,16.0,0.0,142.53062115287784,nan,nan,nan,nan,nan,1.0,0.15,nan,nan,nan,nan
2388,0.6622222222222223,190.0,159.0,11.0,0.9308176100628931,14.0,0.0,140.9326664147376,nan,nan,nan,nan,nan,1.0,0.15,nan,nan,nan,nan
2389,0.6622222222222223,203.0,164.0,16.0,0.9024390243902439,16.0,0.0,138.36550230550765,nan,nan,nan,nan,nan,1.0,0.15,nan,nan,nan,nan
2390,0.6622222222222223,208.0,167.0,19.0,0.8862275449101796,16.0,0.0,137.60065702104575,nan,nan,nan,nan,nan,1.0,0.15,nan,nan,nan,nan
2391,0.5955555555555555,174.0,147.0,14.0,0.9047619047619048,13.0,0.0,125.49456543922433,nan,nan,nan,nan,nan,1.0,0.15,nan,nan,nan,nan
2392,0.6977777777777778,201.0,165.0,9.0,0.9454545454545454,16.0,0.0,148.67433612775798,nan,nan,nan,nan,nan,1.0,0.15,nan,nan,nan,nan
2393,0.7155555555555555,210.0,177.0,17.0,0.903954802259887,16.0,0.0,150.32077515983573,nan,nan,nan,nan,nan,1.0,0.15,nan,nan,nan,nan
2394,0.6933333333333334,204.0,169.0,14.0,0.9171597633136095,16.0,0.0,146.26489166736613,nan,nan,nan,nan,nan,1.0,0.15,nan,nan,nan,nan
2395,0.68,220.0,169.0,17.0,0.8994082840236687,16.0,0.0,141.97432181978226,nan,nan,nan,nan,nan,1.0,0.15,nan,nan,nan,nan
2396,0.6755555555555556,199.0,163.0,12.0,0.9263803680981595,16.0,0.0,142.77829107522962,nan,nan,nan,nan,nan,1.0,0.15,nan,nan,nan,nan
2397,0.6888888888888889,199.0,168.0,14.0,0.9166666666666666,16.0,0.0,145.25390816307066,nan,nan,nan,nan,nan,1.0,0.15,nan,nan,nan,nan
2398,0.6888888888888889,219.0,174.0,20.0,0.8850574712643678,16.0,0.0,143.14324768352495,nan,nan,nan,nan,nan,1.0,0.15,nan,nan,nan,nan
2399,0.6622222222222223,192.0,156.0,8.0,0.9487179487179487,15.0,0.0,141.37516941785822,nan,nan,nan,nan,nan,1.0,0.15,nan,nan,nan,nan
2400,0.6355555555555555,190.0,153.0,11.0,0.9281045751633987,14.0,0.0,134.6628025350571,6.407383859157562,-0.008457902120426297,12.160836338996887,2.476536214351654,0.0002982323467222159,1.0,0.15,0.6953777777777778,0.64,0.9485221883306832,0.0
2401,0.6666666666666666,212.0,166.0,17.0,0.8975903614457831,15.0,0.0,139.10858662939066,nan,nan,nan,nan,nan,1.0,0.15,nan,nan,nan,nan
2402,0.5644444444444444,183.0,145.0,19.0,0.8689655172413793,14.0,0.0,116.17093817090998,nan,nan,nan,nan,nan,1.0,0.15,nan,nan,nan,nan
2403,0.7111111111111111,215.0,176.0,17.0,0.9034090909090909,16.0,0.0,149.22709458446496,nan,nan,nan,nan,nan,1.0,0.15,nan,nan,nan,nan
2404,0.6755555555555556,212.0,166.0,15.0,0.9096385542168675,16.0,0.0,141.5685231728554,nan,nan,nan,nan,nan,1.0,0.15,nan,nan,nan,nan
2405,0.5866666666666667,183.0,145.0,14.0,0.903448275862069,14.0,0.0,122.86756345844272,nan,nan,nan,nan,nan,1.0,0.15,nan,nan,nan,nan
2406,0.6622222222222223,191.0,153.0,5.0,0.9673202614379085,14.0,0.0,142.5485676374435,nan,nan,nan,nan,nan,1.0,0.15,nan,nan,nan,nan
2407,0.6888888888888889,204.0,168.0,14.0,0.9166666666666666,16.0,0.0,145.01629419946673,nan,nan,nan,nan,nan,1.0,0.15,nan,nan,nan,nan
2408,0.6355555555555555,197.0,154.0,12.0,0.922077922077922,16.0,0.0,133.26866176891332,nan,nan,nan,nan,nan,1.0,0.15,nan,nan,nan,nan
2409,0.6533333333333333,201.0,162.0,16.0,0.9012345679012346,16.0,0.0,136.53397892856606,nan,nan,nan,nan,nan,1.0,0.15,nan,nan,nan,nan
2410,0.6933333333333334,202.0,164.0,9.0,0.9451219512195121,16.0,0.0,147.72106712388998,nan,nan,nan,nan,nan,1.0,0.15,nan,nan,nan,nan
2411,0.6044444444444445,170.0,142.0,7.0,0.9507042253521126,14.0,0.0,129.19190211534516,nan,nan,nan,nan,nan,1.0,0.15,nan,nan,nan,nan
2412,0.6177777777777778,182.0,149.0,11.0,0.9261744966442953,14.0,0.0,131.00343709516528,nan,nan,nan,nan,nan,1.0,0.15,nan,nan,nan,nan
2413,0.6933333333333334,210.0,170.0,15.0,0.9117647058823529,16.0,0.0,145.71796690940852,nan,nan,nan,nan,nan,1.0,0.15,nan,nan,nan,nan
2414,0.6977777777777778,211.0,174.0,18.0,0.896551724137931,16.0,0.0,146.03924523067468,nan,nan,nan,nan,nan,1.0,0.15,nan,nan,nan,nan
2415,0.6755555555555556,211.0,168.0,17.0,0.8988095238095238,16.0,0.0,141.01350061559683,nan,nan,nan,nan,nan,1.0,0.15,nan,nan,nan,nan
2416,0.7377777777777778,217.0,181.0,16.0,0.9116022099447514,16.0,0.0,155.39479114055626,8.225738942623138,0.00812144810333848,15.760924577713013,2.4913249611854553,0.000254468431649002,1.0,0.15,nan,nan,nan,nan
2417,0.6888888888888889,227.0,177.0,23.0,0.8700564971751412,16.0,0.0,141.86418481445307,nan,nan,nan,nan,nan,1.0,0.15,nan,nan,nan,nan
2418,0.7111111111111111,210.0,171.0,12.0,0.9298245614035088,16.0,0.0,150.81052140712734,nan,nan,nan,nan,nan,1.0,0.15,nan,nan,nan,nan
2419,0.7066666666666667,214.0,177.0,19.0,0.8926553672316384,16.0,0.0,147.49920805454252,nan,nan,nan,nan,nan,1.0,0.15,nan,nan,nan,nan
2420,0.7155555555555555,216.0,176.0,16.0,0.9090909090909091,15.0,0.0,150.6580296297073,nan,nan,nan,nan,nan,1.0,0.15,nan,nan,nan,nan
2421,0.6622222222222223,211.0,168.0,20.0,0.8809523809523809,16.0,0.0,136.91591720247274,nan,nan,nan,nan,nan,1.0,0.15,nan,nan,nan,nan
2422,0.6977777777777778,213.0,174.0,18.0,0.896551724137931,16.0,0.0,146.00714579010014,nan,nan,nan,nan,nan,1.0,0.15,nan,nan,nan,nan
2423,0.6844444444444444,208.0,170.0,17.0,0.9,16.0,0.0,143.16733849716178,nan,nan,nan,nan,nan,1.0,0.15,nan,nan,nan,nan
2424,0.68,199.0,165.0,13.0,0.9212121212121213,16.0,0.0,143.58861152124402,nan,nan,nan,nan,nan,1.0,0.15,nan,nan,nan,nan
2425,0.7022222222222222,205.0,169.0,12.0,0.9289940828402367,16.0,0.0,148.69422642946245,nan,nan,nan,nan,nan,1.0,0.15,nan,nan,nan,nan
2426,0.6755555555555556,207.0,166.0,15.0,0.9096385542168675,16.0,0.0,141.64496383523937,nan,nan,nan,nan,nan,1.0,0.15,nan,nan,nan,nan
2427,0.6888888888888889,207.0,167.0,13.0,0.9221556886227545,16.0,0.0,145.2564538431169,nan,nan,nan,nan,nan,1.0,0.15,nan,nan,nan,nan
2428,0.6133333333333333,177.0,147.0,10.0,0.9319727891156463,14.0,0.0,130.18867321825036,nan,nan,nan,nan,nan,1.0,0.15,nan,nan,nan,nan
2429,0.6666666666666666,206.0,168.0,19.0,0.8869047619047619,16.0,0.0,138.40063830471044,nan,nan,nan,nan,nan,1.0,0.15,nan,nan,nan,nan
2430,0.7155555555555555,212.0,176.0,16.0,0.9090909090909091,16.0,0.0,150.62258008861528,nan,nan,nan,nan,nan,1.0,0.15,nan,nan,nan,nan
2431,0.6266666666666667,179.0,148.0,8.0,0.9459459459459459,14.0,0.0,133.84868399858473,nan,nan,nan,nan,nan,1.0,0.15,nan,nan,nan,nan
2432,0.7066666666666667,217.0,170.0,12.0,0.9294117647058824,16.0,0.0,149.53170005750655,6.973225355148315,0.015686291502788663,13.239684343338013,2.4971913397312164,0.00015822930618014652,1.0,0.15,nan,nan,nan,nan
2433,0.6444444444444445,203.0,161.0,17.0,0.8944099378881988,16.0,0.0,134.10703631448754,nan,nan,nan,nan,nan,1.0,0.15,nan,nan,nan,nan
2434,0.6711111111111111,206.0,165.0,15.0,0.9090909090909091,16.0,0.0,140.72423369264607,nan,nan,nan,nan,nan,1.0,0.15,nan,nan,nan,nan
2435,0.6844444444444444,210.0,171.0,18.0,0.8947368421052632,16.0,0.0,142.77165444326403,nan,nan,nan,nan,nan,1.0,0.15,nan,nan,nan,nan
2436,0.6977777777777778,209.0,174.0,18.0,0.896551724137931,16.0,0.0,145.90726089763638,nan,nan,nan,nan,nan,1.0,0.15,nan,nan,nan,nan
2437,0.6444444444444445,209.0,164.0,20.0,0.8780487804878049,16.0,0.0,132.84230180644988,nan,nan,nan,nan,nan,1.0,0.15,nan,nan,nan,nan
2438,0.64,197.0,162.0,19.0,0.8827160493827161,14.0,0.0,132.9732838635445,nan,nan,nan,nan,nan,1.0,0.15,nan,nan,nan,nan
2439,0.6444444444444445,200.0,163.0,19.0,0.8834355828220859,16.0,0.0,133.5826474275589,nan,nan,nan,nan,nan,1.0,0.15,nan,nan,nan,nan
2440,0.7066666666666667,213.0,170.0,12.0,0.9294117647058824,16.0,0.0,149.67470770692822,nan,nan,nan,nan,nan,1.0,0.15,nan,nan,nan,nan
2441,0.6933333333333334,219.0,174.0,19.0,0.8908045977011494,16.0,0.0,144.46008505868906,nan,nan,nan,nan,nan,1.0,0.15,nan,nan,nan,nan
2442,0.7111111111111111,224.0,175.0,16.0,0.9085714285714286,16.0,0.0,149.2950173735618,nan,nan,nan,nan,nan,1.0,0.15,nan,nan,nan,nan
2443,0.6622222222222223,202.0,164.0,16.0,0.9024390243902439,16.0,0.0,138.46492434263223,nan,nan,nan,nan,nan,1.0,0.15,nan,nan,nan,nan
2444,0.6088888888888889,185.0,151.0,15.0,0.9006622516556292,14.0,0.0,127.70437221717843,nan,nan,nan,nan,nan,1.0,0.15,nan,nan,nan,nan
2445,0.6977777777777778,207.0,167.0,11.0,0.9341317365269461,16.0,0.0,147.85783794927593,nan,nan,nan,nan,nan,1.0,0.15,nan,nan,nan,nan
2446,0.7022222222222222,205.0,169.0,12.0,0.9289940828402367,16.0,0.0,148.69872063827523,nan,nan,nan,nan,nan,1.0,0.15,nan,nan,nan,nan
2447,0.6755555555555556,214.0,169.0,18.0,0.893491124260355,16.0,0.0,140.68308227634424,nan,nan,nan,nan,nan,1.0,0.15,nan,nan,nan,nan
2448,0.6622222222222223,206.0,165.0,17.0,0.896969696969697,16.0,0.0,138.01472385883326,5.628401696681976,-0.0034037469886243343,10.594725668430328,2.474455863237381,0.00011416245069995057,1.0,0.15,nan,nan,nan,nan
2449,0.6844444444444444,205.0,167.0,14.0,0.9161676646706587,16.0,0.0,144.0684178199767,nan,nan,nan,nan,nan,1.0,0.15,nan,nan,nan,nan
2450,0.6711111111111111,208.0,169.0,19.0,0.8875739644970414,16.0,0.0,139.30555743837354,nan,nan,nan,nan,nan,1.0,0.15,nan,nan,nan,nan
2451,0.6666666666666666,207.0,163.0,14.0,0.9141104294478528,16.0,0.0,140.13810595989236,nan,nan,nan,nan,nan,1.0,0.15,nan,nan,nan,nan
2452,0.6888888888888889,216.0,173.0,19.0,0.8901734104046243,16.0,0.0,143.49390508174886,nan,nan,nan,nan,nan,1.0,0.15,nan,nan,nan,nan
2453,0.6977777777777778,207.0,167.0,11.0,0.9341317365269461,16.0,0.0,148.01205915403366,nan,nan,nan,nan,nan,1.0,0.15,nan,nan,nan,nan
2454,0.6577777777777778,200.0,165.0,18.0,0.8909090909090909,16.0,0.0,137.07062012338642,nan,nan,nan,nan,nan,1.0,0.15,nan,nan,nan,nan
2455,0.6355555555555555,180.0,149.0,7.0,0.9530201342281879,14.0,0.0,136.23171141099934,nan,nan,nan,nan,nan,1.0,0.15,nan,nan,nan,nan
2456,0.6711111111111111,205.0,171.0,21.0,0.8771929824561403,16.0,0.0,139.10632890796666,nan,nan,nan,nan,nan,1.0,0.15,nan,nan,nan,nan
2457,0.68,217.0,174.0,22.0,0.8735632183908046,16.0,0.0,140.25152504444114,nan,nan,nan,nan,nan,1.0,0.15,nan,nan,nan,nan
2458,0.6177777777777778,193.0,154.0,16.0,0.8961038961038961,14.0,0.0,128.92852597331998,nan,nan,nan,nan,nan,1.0,0.15,nan,nan,nan,nan
2459,0.6444444444444445,196.0,158.0,14.0,0.9113924050632911,15.0,0.0,135.4683277459145,nan,nan,nan,nan,nan,1.0,0.15,nan,nan,nan,nan
2460,0.6622222222222223,212.0,166.0,18.0,0.891566265060241,16.0,0.0,137.66888379812252,nan,nan,nan,nan,nan,1.0,0.15,nan,nan,nan,nan
2461,0.6888888888888889,210.0,164.0,10.0,0.9390243902439024,16.0,0.0,146.22928993606564,nan,nan,nan,nan,nan,1.0,0.15,nan,nan,nan,nan
2462,0.68,215.0,172.0,20.0,0.8837209302325582,16.0,0.0,141.11490718269343,nan,nan,nan,nan,nan,1.0,0.15,nan,nan,nan,nan
2463,0.6488888888888888,204.0,168.0,23.0,0.8630952380952381,16.0,0.0,133.3151575779916,nan,nan,nan,nan,nan,1.0,0.15,nan,nan,nan,nan
2464,0.7111111111111111,208.0,169.0,10.0,0.9408284023668639,16.0,0.0,151.3345128045082,5.174186855554581,-0.01313937350641936,9.696102678775787,2.511198401451111,0.0001706477542029461,1.0,0.15,nan,nan,nan,nan
2465,0.5333333333333333,152.0,127.0,8.0,0.937007874015748,12.0,0.0,113.80149117231373,nan,nan,nan,nan,nan,1.0,0.15,nan,nan,nan,nan
2466,0.6177777777777778,191.0,154.0,16.0,0.8961038961038961,15.0,0.0,128.71779103660583,nan,nan,nan,nan,nan,1.0,0.15,nan,nan,nan,nan
2467,0.6533333333333333,198.0,163.0,17.0,0.8957055214723927,16.0,0.0,136.37162475967406,nan,nan,nan,nan,nan,1.0,0.15,nan,nan,nan,nan
2468,0.6577777777777778,207.0,165.0,18.0,0.8909090909090909,16.0,0.0,136.56432613277445,nan,nan,nan,nan,nan,1.0,0.15,nan,nan,nan,nan
2469,0.7066666666666667,210.0,167.0,9.0,0.9461077844311377,16.0,0.0,150.57097133302682,nan,nan,nan,nan,nan,1.0,0.15,nan,nan,nan,nan
2470,0.6844444444444444,209.0,166.0,13.0,0.9216867469879518,16.0,0.0,143.97076924037927,nan,nan,nan,nan,nan,1.0,0.15,nan,nan,nan,nan
2471,0.6577777777777778,207.0,162.0,15.0,0.9074074074074074,16.0,0.0,137.62532290935522,nan,nan,nan,nan,nan,1.0,0.15,nan,nan,nan,nan
2472,0.6977777777777778,217.0,177.0,21.0,0.8813559322033898,16.0,0.0,144.93027948284146,nan,nan,nan,nan,nan,1.0,0.15,nan,nan,nan,nan
2473,0.6711111111111111,213.0,168.0,18.0,0.8928571428571429,16.0,0.0,139.60487850618364,nan,nan,nan,nan,nan,1.0,0.15,nan,nan,nan,nan
2474,0.64,187.0,153.0,10.0,0.934640522875817,14.0,0.0,136.20910015583044,nan,nan,nan,nan,nan,1.0,0.15,nan,nan,nan,nan
2475,0.6622222222222223,195.0,158.0,10.0,0.9367088607594937,15.0,0.0,140.84227036762235,nan,nan,nan,nan,nan,1.0,0.15,nan,nan,nan,nan
2476,0.6577777777777778,203.0,167.0,20.0,0.8802395209580839,16.0,0.0,136.41744637012474,nan,nan,nan,nan,nan,1.0,0.15,nan,nan,nan,nan
2477,0.7244444444444444,212.0,175.0,13.0,0.9257142857142857,16.0,0.0,153.46302032375334,nan,nan,nan,nan,nan,1.0,0.15,nan,nan,nan,nan
2478,0.6177777777777778,186.0,150.0,12.0,0.92,14.0,0.0,130.17330251502995,nan,nan,nan,nan,nan,1.0,0.15,nan,nan,nan,nan
2479,0.6133333333333333,194.0,152.0,15.0,0.9013157894736842,15.0,0.0,127.93849968481075,nan,nan,nan,nan,nan,1.0,0.15,nan,nan,nan,nan
2480,0.6488888888888888,212.0,163.0,18.0,0.8895705521472392,16.0,0.0,134.36469255638127,6.347840189933777,0.0051113523077219725,12.007214188575745,2.511080354452133,0.00012487322783272248,1.0,0.15,nan,nan,nan,nan
2481,0.6444444444444445,202.0,159.0,15.0,0.9056603773584906,16.0,0.0,134.5326197595598,nan,nan,nan,nan,nan,1.0,0.15,nan,nan,nan,nan
2482,0.6755555555555556,199.0,167.0,16.0,0.9041916167664671,16.0,0.0,141.6328371019364,nan,nan,nan,nan,nan,1.0,0.15,nan,nan,nan,nan
2483,0.6622222222222223,203.0,162.0,14.0,0.9135802469135802,16.0,0.0,139.0634226021766,nan,nan,nan,nan,nan,1.0,0.15,nan,nan,nan,nan
2484,0.6488888888888888,201.0,158.0,13.0,0.9177215189873418,16.0,0.0,136.2144211444855,nan,nan,nan,nan,nan,1.0,0.15,nan,nan,nan,nan
2485,0.6933333333333334,208.0,172.0,17.0,0.9011627906976745,15.0,0.0,145.57732181882872,nan,nan,nan,nan,nan,1.0,0.15,nan,nan,nan,nan
2486,0.68,208.0,166.0,14.0,0.9156626506024096,16.0,0.0,143.1679781942368,nan,nan,nan,nan,nan,1.0,0.15,nan,nan,nan,nan
2487,0.6444444444444445,191.0,158.0,14.0,0.9113924050632911,14.0,0.0,135.91875222396857,nan,nan,nan,nan,nan,1.0,0.15,nan,nan,nan,nan
2488,0.64,204.0,159.0,16.0,0.89937106918239,16.0,0.0,133.36353677177436,nan,nan,nan,nan,nan,1.0,0.15,nan,nan,nan,nan
2489,0.6533333333333333,189.0,158.0,12.0,0.9240506329113924,15.0,0.0,138.1711722025872,nan,nan,nan,nan,nan,1.0,0.15,nan,nan,nan,nan
2490,0.5466666666666666,159.0,130.0,8.0,0.9384615384615385,13.0,0.0,116.36419412994394,nan,nan,nan,nan,nan,1.0,0.15,nan,nan,nan,nan
2491,0.6666666666666666,206.0,165.0,16.0,0.9030303030303031,16.0,0.0,139.5023693037035,nan,nan,nan,nan,nan,1.0,0.15,nan,nan,nan,nan
2492,0.6844444444444444,197.0,165.0,12.0,0.9272727272727272,15.0,0.0,144.8984643874169,nan,nan,nan,nan,nan,1.0,0.15,nan,nan,nan,nan
2493,0.68,213.0,171.0,19.0,0.8888888888888888,16.0,0.0,140.94838809251786,nan,nan,nan,nan,nan,1.0,0.15,nan,nan,nan,nan
2494,0.7155555555555555,205.0,171.0,11.0,0.935672514619883,16.0,0.0,152.02824101591102,nan,nan,nan,nan,nan,1.0,0.15,nan,nan,nan,nan
2495,0.6844444444444444,197.0,165.0,12.0,0.9272727272727272,16.0,0.0,144.9175321660043,nan,nan,nan,nan,nan,1.0,0.15,nan,nan,nan,nan
2496,0.6577777777777778,210.0,162.0,15.0,0.9074074074074074,16.0,0.0,137.45112681579585,8.284256547689438,-0.022775523480959237,15.920664548873901,2.5595518350601196,0.00019513131155690644,1.0,0.15,nan,nan,nan,nan
2497,0.68,210.0,169.0,17.0,0.8994082840236687,16.0,0.0,141.88338786554334,nan,nan,nan,nan,nan,1.0,0.15,nan,nan,nan,nan
2498,0.7111111111111111,219.0,173.0,14.0,0.9190751445086706,15.0,0.0,150.32918879127496,nan,nan,nan,nan,nan,1.0,0.15,nan,nan,nan,nan
2499,0.7111111111111111,215.0,174.0,15.0,0.9137931034482759,16.0,0.0,149.6409349999427,nan,nan,nan,nan,nan,1.0,0.15,nan,nan,nan,nan
2500,0.6266666666666667,191.0,153.0,13.0,0.9150326797385621,14.0,0.0,132.22357402133952,nan,nan,nan,nan,nan,1.0,0.15,0.6928888888888889,0.6395555555555555,0.9455538671778598,0.0
2501,0.6266666666666667,211.0,166.0,26.0,0.8433734939759037,16.0,0.0,127.36163649225242,nan,nan,nan,nan,nan,1.0,0.15,nan,nan,nan,nan
2502,0.6622222222222223,207.0,159.0,11.0,0.9308176100628931,16.0,0.0,139.8108300147058,nan,nan,nan,nan,nan,1.0,0.15,nan,nan,nan,nan
2503,0.6533333333333333,206.0,164.0,18.0,0.8902439024390244,15.0,0.0,136.0881003627777,nan,nan,nan,nan,nan,1.0,0.15,nan,nan,nan,nan
2504,0.6755555555555556,203.0,167.0,16.0,0.9041916167664671,16.0,0.0,141.41393224382406,nan,nan,nan,nan,nan,1.0,0.15,nan,nan,nan,nan
2505,0.6666666666666666,200.0,160.0,11.0,0.93125,15.0,0.0,141.25657401132577,nan,nan,nan,nan,nan,1.0,0.15,nan,nan,nan,nan
2506,0.6755555555555556,212.0,165.0,14.0,0.9151515151515152,16.0,0.0,141.77191468763357,nan,nan,nan,nan,nan,1.0,0.15,nan,nan,nan,nan
2507,0.6,180.0,142.0,8.0,0.9436619718309859,14.0,0.0,127.7095262856484,nan,nan,nan,nan,nan,1.0,0.15,nan,nan,nan,nan
2508,0.6933333333333334,214.0,169.0,14.0,0.9171597633136095,16.0,0.0,145.88076557350152,nan,nan,nan,nan,nan,1.0,0.15,nan,nan,nan,nan
2509,0.68,212.0,171.0,19.0,0.8888888888888888,16.0,0.0,141.59683202314383,nan,nan,nan,nan,nan,1.0,0.15,nan,nan,nan,nan
2510,0.6622222222222223,207.0,168.0,20.0,0.8809523809523809,15.0,0.0,137.57206011104586,nan,nan,nan,nan,nan,1.0,0.15,nan,nan,nan,nan
2511,0.64,181.0,153.0,10.0,0.934640522875817,14.0,0.0,136.37539127635952,nan,nan,nan,nan,nan,1.0,0.15,nan,nan,nan,nan
2512,0.6755555555555556,203.0,163.0,12.0,0.9263803680981595,16.0,0.0,142.71841708898555,5.852434009313583,-0.008671772840898484,11.061563491821289,2.4468581080436707,9.756712881880958e-05,1.0,0.15,nan,nan,nan,nan
2513,0.6755555555555556,207.0,161.0,10.0,0.937888198757764,16.0,0.0,143.22459464550022,nan,nan,nan,nan,nan,1.0,0.15,nan,nan,nan,nan
2514,0.6666666666666666,198.0,162.0,13.0,0.9197530864197531,15.0,0.0,140.79795902204506,nan,nan,nan,nan,nan,1.0,0.15,nan,nan,nan,nan
2515,0.6533333333333333,206.0,161.0,15.0,0.906832298136646,16.0,0.0,136.72575778341294,nan,nan,nan,nan,nan,1.0,0.15,nan,nan,nan,nan
2516,0.6222222222222222,203.0,162.0,23.0,0.8580246913580247,16.0,0.0,126.92477113151563,nan,nan,nan,nan,nan,1.0,0.15,nan,nan,nan,nan
2517,0.6755555555555556,207.0,165.0,14.0,0.9151515151515152,16.0,0.0,141.92205595254887,nan,nan,nan,nan,nan,1.0,0.15,nan,nan,nan,nan
2518,0.6622222222222223,208.0,166.0,18.0,0.891566265060241,16.0,0.0,137.47040007638932,nan,nan,nan,nan,nan,1.0,0.15,nan,nan,nan,nan
2519,0.6355555555555555,196.0,151.0,9.0,0.9403973509933775,15.0,0.0,134.7828206229211,nan,nan,nan,nan,nan,1.0,0.15,nan,nan,nan,nan
2520,0.6533333333333333,207.0,166.0,20.0,0.8795180722891566,16.0,0.0,134.90472675418852,nan,nan,nan,nan,nan,1.0,0.15,nan,nan,nan,nan
2521,0.6533333333333333,191.0,158.0,12.0,0.9240506329113924,15.0,0.0,138.04387702608108,nan,nan,nan,nan,nan,1.0,0.15,nan,nan,nan,nan
2522,0.6355555555555555,207.0,162.0,20.0,0.8765432098765432,16.0,0.0,131.08471239566813,nan,nan,nan,nan,nan,1.0,0.15,nan,nan,nan,nan
2523,0.6533333333333333,198.0,155.0,9.0,0.9419354838709677,16.0,0.0,138.2532906179427,nan,nan,nan,nan,nan,1.0,0.15,nan,nan,nan,nan
2524,0.6933333333333334,216.0,175.0,20.0,0.8857142857142857,15.0,0.0,144.20108779478076,nan,nan,nan,nan,nan,1.0,0.15,nan,nan,nan,nan
2525,0.6533333333333333,205.0,162.0,16.0,0.9012345679012346,15.0,0.0,136.94635671472557,nan,nan,nan,nan,nan,1.0,0.15,nan,nan,nan,nan
2526,0.6577777777777778,195.0,159.0,12.0,0.9245283018867925,16.0,0.0,138.77265532588956,nan,nan,nan,nan,nan,1.0,0.15,nan,nan,nan,nan
2527,0.6444444444444445,198.0,165.0,21.0,0.8727272727272727,16.0,0.0,132.95870161485672,nan,nan,nan,nan,nan,1.0,0.15,nan,nan,nan,nan
2528,0.6444444444444445,196.0,158.0,14.0,0.9113924050632911,15.0,0.0,135.44547481441492,5.199380725622177,-0.014215635601431131,9.78304010629654,2.3878590166568756,0.00013755499253420567,1.0,0.15,nan,nan,nan,nan
2529,0.6888888888888889,201.0,166.0,12.0,0.927710843373494,16.0,0.0,145.79392119693765,nan,nan,nan,nan,nan,1.0,0.15,nan,nan,nan,nan
2530,0.6933333333333334,207.0,175.0,20.0,0.8857142857142857,15.0,0.0,144.57338775730128,nan,nan,nan,nan,nan,1.0,0.15,nan,nan,nan,nan
2531,0.6177777777777778,194.0,154.0,16.0,0.8961038961038961,15.0,0.0,128.83465222644813,nan,nan,nan,nan,nan,1.0,0.15,nan,nan,nan,nan
2532,0.6933333333333334,210.0,170.0,15.0,0.9117647058823529,16.0,0.0,145.71560296297065,nan,nan,nan,nan,nan,1.0,0.15,nan,nan,nan,nan
2533,0.5866666666666667,164.0,134.0,3.0,0.9776119402985075,13.0,0.0,126.84422630071656,nan,nan,nan,nan,nan,1.0,0.15,nan,nan,nan,nan
2534,0.6888888888888889,202.0,171.0,17.0,0.9005847953216374,16.0,0.0,144.35350699138635,nan,nan,nan,nan,nan,1.0,0.15,nan,nan,nan,nan
2535,0.6888888888888889,206.0,175.0,21.0,0.88,16.0,0.0,142.9930827374457,nan,nan,nan,nan,nan,1.0,0.15,nan,nan,nan,nan
2536,0.68,205.0,164.0,12.0,0.926829268292683,16.0,0.0,143.77683944845217,nan,nan,nan,nan,nan,1.0,0.15,nan,nan,nan,nan
2537,0.6933333333333334,219.0,177.0,22.0,0.8757062146892656,16.0,0.0,143.5240866951942,nan,nan,nan,nan,nan,1.0,0.15,nan,nan,nan,nan
2538,0.6222222222222222,181.0,150.0,11.0,0.9266666666666666,14.0,0.0,132.02650121784222,nan,nan,nan,nan,nan,1.0,0.15,nan,nan,nan,nan
2539,0.6266666666666667,186.0,150.0,10.0,0.9333333333333333,14.0,0.0,133.09277955245977,nan,nan,nan,nan,nan,1.0,0.15,nan,nan,nan,nan
2540,0.6488888888888888,203.0,160.0,15.0,0.90625,15.0,0.0,136.00838204383848,nan,nan,nan,nan,nan,1.0,0.15,nan,nan,nan,nan
2541,0.6933333333333334,218.0,174.0,19.0,0.8908045977011494,16.0,0.0,144.37530198764804,nan,nan,nan,nan,nan,1.0,0.15,nan,nan,nan,nan
2542,0.6444444444444445,202.0,164.0,20.0,0.8780487804878049,16.0,0.0,133.20807429504399,nan,nan,nan,nan,nan,1.0,0.15,nan,nan,nan,nan
2543,0.7066666666666667,204.0,169.0,11.0,0.9349112426035503,16.0,0.0,150.16726610136044,nan,nan,nan,nan,nan,1.0,0.15,nan,nan,nan,nan
2544,0.6533333333333333,206.0,165.0,19.0,0.8848484848484849,16.0,0.0,135.5988626389504,5.567197471857071,0.007536744582466781,10.450441300868988,2.472920060157776,0.00017442149328417145,1.0,0.15,nan,nan,nan,nan
2545,0.6311111111111111,192.0,155.0,14.0,0.9096774193548387,16.0,0.0,132.16037686252602,nan,nan,nan,nan,nan,1.0,0.15,nan,nan,nan,nan
2546,0.6622222222222223,213.0,164.0,16.0,0.9024390243902439,16.0,0.0,138.1396945114135,nan,nan,nan,nan,nan,1.0,0.15,nan,nan,nan,nan
2547,0.6355555555555555,206.0,164.0,22.0,0.8658536585365854,16.0,0.0,130.52559352874758,nan,nan,nan,nan,nan,1.0,0.15,nan,nan,nan,nan
2548,0.7155555555555555,211.0,174.0,14.0,0.9195402298850575,16.0,0.0,151.00095617294295,nan,nan,nan,nan,nan,1.0,0.15,nan,nan,nan,nan
2549,0.7155555555555555,208.0,168.0,8.0,0.9523809523809523,16.0,0.0,152.91705984640106,nan,nan,nan,nan,nan,1.0,0.15,nan,nan,nan,nan
2550,0.6888888888888889,219.0,172.0,18.0,0.8953488372093024,16.0,0.0,143.729458770752,nan,nan,nan,nan,nan,1.0,0.15,nan,nan,nan,nan
2551,0.6488888888888888,207.0,166.0,21.0,0.8734939759036144,16.0,0.0,133.8401106953621,nan,nan,nan,nan,nan,1.0,0.15,nan,nan,nan,nan
2552,0.6844444444444444,202.0,166.0,13.0,0.9216867469879518,16.0,0.0,144.5599176583291,nan,nan,nan,nan,nan,1.0,0.15,nan,nan,nan,nan
2553,0.6711111111111111,215.0,169.0,19.0,0.8875739644970414,16.0,0.0,139.3687449469567,nan,nan,nan,nan,nan,1.0,0.15,nan,nan,nan,nan
2554,0.6666666666666666,198.0,164.0,15.0,0.9085365853658537,16.0,0.0,139.90832262372976,nan,nan,nan,nan,nan,1.0,0.15,nan,nan,nan,nan
2555,0.7022222222222222,219.0,174.0,17.0,0.9022988505747126,16.0,0.0,146.9012115120887,nan,nan,nan,nan,nan,1.0,0.15,nan,nan,nan,nan
2556,0.6711111111111111,211.0,165.0,15.0,0.9090909090909091,16.0,0.0,140.56992990684515,nan,nan,nan,nan,nan,1.0,0.15,nan,nan,nan,nan
2557,0.5955555555555555,182.0,145.0,12.0,0.9172413793103448,14.0,0.0,125.40444950485242,nan,nan,nan,nan,nan,1.0,0.15,nan,nan,nan,nan
2558,0.6933333333333334,220.0,174.0,19.0,0.8908045977011494,16.0,0.0,144.2864780082702,nan,nan,nan,nan,nan,1.0,0.15,nan,nan,nan,nan
2559,0.6088888888888889,203.0,162.0,26.0,0.8395061728395061,16.0,0.0,122.70340101671216,nan,nan,nan,nan,nan,1.0,0.15,nan,nan,nan,nan
2560,0.5866666666666667,175.0,146.0,15.0,0.8972602739726028,14.0,0.0,122.86198060989386,6.808163940906525,-0.015608804300427437,12.97195714712143,2.5006206929683685,0.00024368134700125665,1.0,0.15,nan,nan,nan,nan
2561,0.6888888888888889,211.0,168.0,14.0,0.9166666666666666,16.0,0.0,144.99395451402648,nan,nan,nan,nan,nan,1.0,0.15,nan,nan,nan,nan
2562,0.6622222222222223,209.0,163.0,15.0,0.9079754601226994,16.0,0.0,138.72512986850742,nan,nan,nan,nan,nan,1.0,0.15,nan,nan,nan,nan
2563,0.5822222222222222,174.0,137.0,7.0,0.948905109489051,14.0,0.0,124.05827546024332,nan,nan,nan,nan,nan,1.0,0.15,nan,nan,nan,nan
2564,0.7022222222222222,204.0,168.0,11.0,0.9345238095238095,16.0,0.0,149.15313205862026,nan,nan,nan,nan,nan,1.0,0.15,nan,nan,nan,nan
2565,0.7022222222222222,208.0,170.0,13.0,0.9235294117647059,16.0,0.0,148.36729180240633,nan,nan,nan,nan,nan,1.0,0.15,nan,nan,nan,nan
2566,0.7333333333333333,215.0,175.0,11.0,0.9371428571428572,16.0,0.0,155.85458990097044,nan,nan,nan,nan,nan,1.0,0.15,nan,nan,nan,nan
2567,0.6888888888888889,218.0,176.0,22.0,0.875,16.0,0.0,142.20870596027368,nan,nan,nan,nan,nan,1.0,0.15,nan,nan,nan,nan
2568,0.7155555555555555,218.0,173.0,13.0,0.9248554913294798,16.0,0.0,151.25953466892227,nan,nan,nan,nan,nan,1.0,0.15,nan,nan,nan,nan
2569,0.6844444444444444,213.0,169.0,16.0,0.9053254437869822,16.0,0.0,143.21592087888735,nan,nan,nan,nan,nan,1.0,0.15,nan,nan,nan,nan
2570,0.6311111111111111,190.0,155.0,14.0,0.9096774193548387,14.0,0.0,132.9926443710328,nan,nan,nan,nan,nan,1.0,0.15,nan,nan,nan,nan
2571,0.6666666666666666,218.0,173.0,24.0,0.861271676300578,16.0,0.0,136.72170799684523,nan,nan,nan,nan,nan,1.0,0.15,nan,nan,nan,nan
2572,0.7155555555555555,211.0,173.0,13.0,0.9248554913294798,16.0,0.0,151.3654147720337,nan,nan,nan,nan,nan,1.0,0.15,nan,nan,nan,nan
2573,0.68,206.0,166.0,14.0,0.9156626506024096,16.0,0.0,143.039345717907,nan,nan,nan,nan,nan,1.0,0.15,nan,nan,nan,nan
2574,0.6488888888888888,185.0,154.0,9.0,0.9415584415584416,14.0,0.0,138.63107411193855,nan,nan,nan,nan,nan,1.0,0.15,nan,nan,nan,nan
2575,0.6844444444444444,214.0,169.0,16.0,0.9053254437869822,15.0,0.0,143.5004592518806,nan,nan,nan,nan,nan,1.0,0.15,nan,nan,nan,nan
2576,0.6755555555555556,205.0,164.0,13.0,0.9207317073170732,16.0,0.0,142.3048397274017,6.253715604543686,0.01193795574363321,11.817059636116028,2.466234177350998,0.00036158249804429943,1.0,0.15,nan,nan,nan,nan
2577,0.6,174.0,140.0,6.0,0.9571428571428572,14.0,0.0,128.40282730293288,nan,nan,nan,nan,nan,1.0,0.15,nan,nan,nan,nan
2578,0.6977777777777778,216.0,173.0,17.0,0.9017341040462428,16.0,0.0,146.094316763401,nan,nan,nan,nan,nan,1.0,0.15,nan,nan,nan,nan
2579,0.6577777777777778,192.0,158.0,11.0,0.930379746835443,15.0,0.0,139.58394926071168,nan,nan,nan,nan,nan,1.0,0.15,nan,nan,nan,nan
2580,0.56,177.0,139.0,14.0,0.8992805755395683,13.0,0.0,117.26789523124702,nan,nan,nan,nan,nan,1.0,0.15,nan,nan,nan,nan
2581,0.6533333333333333,205.0,159.0,13.0,0.9182389937106918,16.0,0.0,137.3270693087578,nan,nan,nan,nan,nan,1.0,0.15,nan,nan,nan,nan
2582,0.6088888888888889,182.0,150.0,14.0,0.9066666666666666,14.0,0.0,127.71361828613286,nan,nan,nan,nan,nan,1.0,0.15,nan,nan,nan,nan
2583,0.6844444444444444,199.0,164.0,11.0,0.9329268292682927,16.0,0.0,145.16882254505154,nan,nan,nan,nan,nan,1.0,0.15,nan,nan,nan,nan
2584,0.68,210.0,165.0,13.0,0.9212121212121213,16.0,0.0,143.26352238559727,nan,nan,nan,nan,nan,1.0,0.15,nan,nan,nan,nan
2585,0.6177777777777778,190.0,150.0,12.0,0.92,14.0,0.0,130.5172244071961,nan,nan,nan,nan,nan,1.0,0.15,nan,nan,nan,nan
2586,0.6622222222222223,202.0,159.0,11.0,0.9308176100628931,16.0,0.0,139.80762943744668,nan,nan,nan,nan,nan,1.0,0.15,nan,nan,nan,nan
2587,0.6533333333333333,188.0,154.0,8.0,0.948051948051948,14.0,0.0,139.80524651908883,nan,nan,nan,nan,nan,1.0,0.15,nan,nan,nan,nan
2588,0.6844444444444444,212.0,174.0,21.0,0.8793103448275862,16.0,0.0,141.72150882434843,nan,nan,nan,nan,nan,1.0,0.15,nan,nan,nan,nan
2589,0.6533333333333333,217.0,173.0,27.0,0.8439306358381503,16.0,0.0,132.67145094347,nan,nan,nan,nan,nan,1.0,0.15,nan,nan,nan,nan
2590,0.6533333333333333,193.0,157.0,11.0,0.9299363057324841,14.0,0.0,138.69852479410173,nan,nan,nan,nan,nan,1.0,0.15,nan,nan,nan,nan
2591,0.6711111111111111,214.0,169.0,19.0,0.8875739644970414,15.0,0.0,139.75750661277772,nan,nan,nan,nan,nan,1.0,0.15,nan,nan,nan,nan
2592,0.6444444444444445,173.0,145.0,1.0,0.993103448275862,14.0,0.0,140.07641542720793,6.786748081445694,-0.009509244817309082,12.918282747268677,2.4964858889579773,0.0009753659342095489,1.0,0.15,nan,nan,nan,nan
2593,0.6711111111111111,203.0,167.0,17.0,0.8982035928143712,16.0,0.0,140.0388106584549,nan,nan,nan,nan,nan,1.0,0.15,nan,nan,nan,nan
2594,0.6933333333333334,203.0,166.0,11.0,0.9337349397590361,14.0,0.0,147.84088685607912,nan,nan,nan,nan,nan,1.0,0.15,nan,nan,nan,nan
2595,0.6711111111111111,198.0,159.0,9.0,0.9433962264150944,16.0,0.0,142.71037885284431,nan,nan,nan,nan,nan,1.0,0.15,nan,nan,nan,nan
2596,0.6088888888888889,167.0,141.0,5.0,0.9645390070921985,13.0,0.0,131.30910715961468,nan,nan,nan,nan,nan,1.0,0.15,nan,nan,nan,nan
2597,0.6577777777777778,187.0,160.0,13.0,0.91875,15.0,0.0,139.05349066019056,nan,nan,nan,nan,nan,1.0,0.15,nan,nan,nan,nan
2598,0.6311111111111111,187.0,151.0,10.0,0.9337748344370861,14.0,0.0,134.255035185814,nan,nan,nan,nan,nan,1.0,0.15,nan,nan,nan,nan
2599,0.6888888888888889,206.0,166.0,12.0,0.927710843373494,15.0,0.0,146.09813458251955,nan,nan,nan,nan,nan,1.0,0.15,nan,nan,nan,nan
2600,0.6533333333333333,194.0,162.0,16.0,0.9012345679012346,15.0,0.0,136.87541039895996,nan,nan,nan,nan,nan,1.0,0.15,0.6943111111111111,0.6342222222222222,0.9454348463874653,0.0
2601,0.5955555555555555,175.0,143.0,10.0,0.9300699300699301,14.0,0.0,126.31940801620495,nan,nan,nan,nan,nan,1.0,0.15,nan,nan,nan,nan
2602,0.6622222222222223,195.0,159.0,11.0,0.9308176100628931,15.0,0.0,140.47463576078422,nan,nan,nan,nan,nan,1.0,0.15,nan,nan,nan,nan
2603,0.6533333333333333,208.0,168.0,22.0,0.8690476190476191,16.0,0.0,134.55354477119454,nan,nan,nan,nan,nan,1.0,0.15,nan,nan,nan,nan
2604,0.6488888888888888,205.0,166.0,21.0,0.8734939759036144,16.0,0.0,133.78965315866478,nan,nan,nan,nan,nan,1.0,0.15,nan,nan,nan,nan
2605,0.6666666666666666,200.0,164.0,15.0,0.9085365853658537,16.0,0.0,139.95883038139343,nan,nan,nan,nan,nan,1.0,0.15,nan,nan,nan,nan
2606,0.6888888888888889,216.0,179.0,25.0,0.8603351955307262,16.0,0.0,141.86438295698173,nan,nan,nan,nan,nan,1.0,0.15,nan,nan,nan,nan
2607,0.6266666666666667,186.0,151.0,11.0,0.9271523178807947,14.0,0.0,132.73464438009267,nan,nan,nan,nan,nan,1.0,0.15,nan,nan,nan,nan
2608,0.6844444444444444,215.0,171.0,18.0,0.8947368421052632,16.0,0.0,142.93823476982107,6.486685574054718,0.03299973695538938,12.239498794078827,2.4721675515174866,0.0018290201260242611,1.0,0.15,nan,nan,nan,nan
2609,0.7022222222222222,219.0,176.0,19.0,0.8920454545454546,16.0,0.0,146.5717175006866,nan,nan,nan,nan,nan,1.0,0.15,nan,nan,nan,nan
2610,0.6933333333333334,197.0,163.0,8.0,0.950920245398773,16.0,0.0,147.92731091356285,nan,nan,nan,nan,nan,1.0,0.15,nan,nan,nan,nan
2611,0.6977777777777778,218.0,173.0,17.0,0.9017341040462428,16.0,0.0,146.22210213851923,nan,nan,nan,nan,nan,1.0,0.15,nan,nan,nan,nan
2612,0.6844444444444444,204.0,166.0,13.0,0.9216867469879518,16.0,0.0,144.20742280149472,nan,nan,nan,nan,nan,1.0,0.15,nan,nan,nan,nan
2613,0.6,177.0,146.0,12.0,0.9178082191780822,14.0,0.0,126.41220454359069,nan,nan,nan,nan,nan,1.0,0.15,nan,nan,nan,nan
2614,0.6444444444444445,197.0,161.0,17.0,0.8944099378881988,15.0,0.0,134.5009793934822,nan,nan,nan,nan,nan,1.0,0.15,nan,nan,nan,nan
2615,0.6933333333333334,207.0,173.0,18.0,0.8959537572254336,16.0,0.0,144.84772488880154,nan,nan,nan,nan,nan,1.0,0.15,nan,nan,nan,nan
2616,0.6844444444444444,215.0,171.0,18.0,0.8947368421052632,16.0,0.0,142.7735432047844,nan,nan,nan,nan,nan,1.0,0.15,nan,nan,nan,nan
2617,0.7066666666666667,203.0,169.0,11.0,0.9349112426035503,16.0,0.0,150.18874292373653,nan,nan,nan,nan,nan,1.0,0.15,nan,nan,nan,nan
2618,0.6444444444444445,208.0,158.0,14.0,0.9113924050632911,16.0,0.0,134.88320007896428,nan,nan,nan,nan,nan,1.0,0.15,nan,nan,nan,nan
2619,0.7244444444444444,211.0,177.0,15.0,0.9152542372881356,16.0,0.0,152.82914818954453,nan,nan,nan,nan,nan,1.0,0.15,nan,nan,nan,nan
2620,0.64,183.0,150.0,7.0,0.9533333333333334,15.0,0.0,136.7222962031365,nan,nan,nan,nan,nan,1.0,0.15,nan,nan,nan,nan
2621,0.6977777777777778,205.0,168.0,12.0,0.9285714285714286,16.0,0.0,147.7627665328978,nan,nan,nan,nan,nan,1.0,0.15,nan,nan,nan,nan
2622,0.6711111111111111,210.0,169.0,19.0,0.8875739644970414,15.0,0.0,139.8170428776741,nan,nan,nan,nan,nan,1.0,0.15,nan,nan,nan,nan
2623,0.6355555555555555,207.0,156.0,14.0,0.9102564102564102,16.0,0.0,132.5484038395881,nan,nan,nan,nan,nan,1.0,0.15,nan,nan,nan,nan
2624,0.6977777777777778,205.0,171.0,15.0,0.9122807017543859,14.0,0.0,147.348548591137,5.144985467195511,0.002681347541511059,9.619698524475098,2.4615339636802673,0.0002900318395404611,1.0,0.15,nan,nan,nan,nan
2625,0.6044444444444445,172.0,143.0,8.0,0.9440559440559441,14.0,0.0,128.88288522338874,nan,nan,nan,nan,nan,1.0,0.15,nan,nan,nan,nan
2626,0.6266666666666667,213.0,160.0,20.0,0.875,15.0,0.0,128.9595474905968,nan,nan,nan,nan,nan,1.0,0.15,nan,nan,nan,nan
2627,0.6844444444444444,198.0,167.0,14.0,0.9161676646706587,16.0,0.0,144.15522758102423,nan,nan,nan,nan,nan,1.0,0.15,nan,nan,nan,nan
2628,0.6088888888888889,179.0,146.0,10.0,0.9315068493150684,14.0,0.0,129.13532875442507,nan,nan,nan,nan,nan,1.0,0.15,nan,nan,nan,nan
2629,0.6311111111111111,202.0,160.0,19.0,0.88125,16.0,0.0,130.5898467383385,nan,nan,nan,nan,nan,1.0,0.15,nan,nan,nan,nan
2630,0.7111111111111111,211.0,176.0,17.0,0.9034090909090909,16.0,0.0,149.12847876405706,nan,nan,nan,nan,nan,1.0,0.15,nan,nan,nan,nan
2631,0.6355555555555555,203.0,165.0,23.0,0.8606060606060606,15.0,0.0,130.42967289972316,nan,nan,nan,nan,nan,1.0,0.15,nan,nan,nan,nan
2632,0.7111111111111111,199.0,172.0,13.0,0.9244186046511628,15.0,0.0,150.8244805369377,nan,nan,nan,nan,nan,1.0,0.15,nan,nan,nan,nan
2633,0.5911111111111111,175.0,147.0,15.0,0.8979591836734694,12.0,0.0,124.49665047454843,nan,nan,nan,nan,nan,1.0,0.15,nan,nan,nan,nan
2634,0.72,220.0,178.0,17.0,0.9044943820224719,16.0,0.0,150.86784917545313,nan,nan,nan,nan,nan,1.0,0.15,nan,nan,nan,nan
2635,0.5733333333333334,171.0,140.0,12.0,0.9142857142857143,13.0,0.0,120.97199319410335,nan,nan,nan,nan,nan,1.0,0.15,nan,nan,nan,nan
2636,0.6755555555555556,208.0,168.0,17.0,0.8988095238095238,16.0,0.0,140.7347376246452,nan,nan,nan,nan,nan,1.0,0.15,nan,nan,nan,nan
2637,0.7333333333333333,224.0,179.0,15.0,0.9162011173184358,16.0,0.0,154.73907721519464,nan,nan,nan,nan,nan,1.0,0.15,nan,nan,nan,nan
2638,0.6844444444444444,207.0,167.0,14.0,0.9161676646706587,16.0,0.0,144.17179512119299,nan,nan,nan,nan,nan,1.0,0.15,nan,nan,nan,nan
2639,0.7244444444444444,215.0,172.0,10.0,0.9418604651162791,16.0,0.0,154.18913690853125,nan,nan,nan,nan,nan,1.0,0.15,nan,nan,nan,nan
2640,0.6888888888888889,208.0,170.0,16.0,0.9058823529411765,16.0,0.0,144.5435066785812,7.32902717590332,-0.01748497411608696,14.007923007011414,2.5351762771606445,0.00016686874096194515,1.0,0.15,nan,nan,nan,nan
2641,0.6622222222222223,198.0,165.0,17.0,0.896969696969697,16.0,0.0,138.08431761264802,nan,nan,nan,nan,nan,1.0,0.15,nan,nan,nan,nan
2642,0.6133333333333333,180.0,146.0,9.0,0.9383561643835616,14.0,0.0,130.5895893683434,nan,nan,nan,nan,nan,1.0,0.15,nan,nan,nan,nan
2643,0.6666666666666666,200.0,163.0,14.0,0.9141104294478528,16.0,0.0,140.0793938426971,nan,nan,nan,nan,nan,1.0,0.15,nan,nan,nan,nan
2644,0.6711111111111111,208.0,168.0,18.0,0.8928571428571429,16.0,0.0,139.83818930101393,nan,nan,nan,nan,nan,1.0,0.15,nan,nan,nan,nan
2645,0.64,208.0,164.0,21.0,0.8719512195121951,16.0,0.0,131.63459909486775,nan,nan,nan,nan,nan,1.0,0.15,nan,nan,nan,nan
2646,0.5911111111111111,185.0,143.0,11.0,0.9230769230769231,14.0,0.0,124.86451624870313,nan,nan,nan,nan,nan,1.0,0.15,nan,nan,nan,nan
2647,0.6933333333333334,203.0,167.0,12.0,0.9281437125748503,16.0,0.0,146.8571729578972,nan,nan,nan,nan,nan,1.0,0.15,nan,nan,nan,nan
2648,0.7244444444444444,211.0,174.0,12.0,0.9310344827586207,15.0,0.0,154.13809553289406,nan,nan,nan,nan,nan,1.0,0.15,nan,nan,nan,nan
2649,0.6755555555555556,211.0,169.0,18.0,0.893491124260355,16.0,0.0,140.8083189382553,nan,nan,nan,nan,nan,1.0,0.15,nan,nan,nan,nan
2650,0.6888888888888889,219.0,176.0,22.0,0.875,16.0,0.0,142.5115627574921,nan,nan,nan,nan,nan,1.0,0.15,nan,nan,nan,nan
2651,0.7066666666666667,204.0,171.0,13.0,0.9239766081871345,16.0,0.0,149.59706335687642,nan,nan,nan,nan,nan,1.0,0.15,nan,nan,nan,nan
2652,0.6577777777777778,206.0,161.0,14.0,0.9130434782608695,16.0,0.0,138.11645415067676,nan,nan,nan,nan,nan,1.0,0.15,nan,nan,nan,nan
2653,0.6977777777777778,207.0,168.0,12.0,0.9285714285714286,15.0,0.0,147.8723840403558,nan,nan,nan,nan,nan,1.0,0.15,nan,nan,nan,nan
2654,0.6444444444444445,208.0,165.0,21.0,0.8727272727272727,16.0,0.0,132.96791130304337,nan,nan,nan,nan,nan,1.0,0.15,nan,nan,nan,nan
2655,0.5244444444444445,148.0,119.0,2.0,0.9831932773109243,12.0,0.0,113.56346417236337,nan,nan,nan,nan,nan,1.0,0.15,nan,nan,nan,nan
2656,0.6933333333333334,205.0,171.0,16.0,0.9064327485380117,16.0,0.0,145.5274472894669,6.728042274713516,0.01528612500987947,12.751649975776672,2.4923940002918243,0.00011602238896557537,1.0,0.15,nan,nan,nan,nan
2657,0.5955555555555555,185.0,146.0,13.0,0.910958904109589,13.0,0.0,125.52876540565505,nan,nan,nan,nan,nan,1.0,0.15,nan,nan,nan,nan
2658,0.6666666666666666,217.0,170.0,21.0,0.8764705882352941,16.0,0.0,137.7511006507873,nan,nan,nan,nan,nan,1.0,0.15,nan,nan,nan,nan
2659,0.7155555555555555,216.0,171.0,11.0,0.935672514619883,16.0,0.0,151.86464480447768,nan,nan,nan,nan,nan,1.0,0.15,nan,nan,nan,nan
2660,0.6577777777777778,179.0,151.0,4.0,0.9735099337748344,13.0,0.0,142.4791305804253,nan,nan,nan,nan,nan,1.0,0.15,nan,nan,nan,nan
2661,0.7111111111111111,213.0,169.0,10.0,0.9408284023668639,16.0,0.0,151.1744948859214,nan,nan,nan,nan,nan,1.0,0.15,nan,nan,nan,nan
2662,0.68,204.0,166.0,14.0,0.9156626506024096,16.0,0.0,143.1452134094238,nan,nan,nan,nan,nan,1.0,0.15,nan,nan,nan,nan
2663,0.7155555555555555,202.0,164.0,4.0,0.975609756097561,16.0,0.0,154.22315712213526,nan,nan,nan,nan,nan,1.0,0.15,nan,nan,nan,nan
2664,0.6577777777777778,198.0,163.0,16.0,0.901840490797546,15.0,0.0,137.82914434862138,nan,nan,nan,nan,nan,1.0,0.15,nan,nan,nan,nan
2665,0.7022222222222222,212.0,166.0,9.0,0.9457831325301205,16.0,0.0,149.6042328372002,nan,nan,nan,nan,nan,1.0,0.15,nan,nan,nan,nan
2666,0.6933333333333334,216.0,172.0,17.0,0.9011627906976745,16.0,0.0,144.99662359619137,nan,nan,nan,nan,nan,1.0,0.15,nan,nan,nan,nan
2667,0.6355555555555555,190.0,156.0,14.0,0.9102564102564102,15.0,0.0,133.36313405895243,nan,nan,nan,nan,nan,1.0,0.15,nan,nan,nan,nan
2668,0.6711111111111111,212.0,163.0,13.0,0.9202453987730062,16.0,0.0,141.12206939077385,nan,nan,nan,nan,nan,1.0,0.15,nan,nan,nan,nan
2669,0.68,207.0,169.0,17.0,0.8994082840236687,16.0,0.0,142.24798789978033,nan,nan,nan,nan,nan,1.0,0.15,nan,nan,nan,nan
2670,0.6488888888888888,187.0,159.0,14.0,0.9119496855345912,14.0,0.0,137.09561360836037,nan,nan,nan,nan,nan,1.0,0.15,nan,nan,nan,nan
2671,0.5555555555555556,164.0,131.0,7.0,0.9465648854961832,13.0,0.0,118.52339046001437,nan,nan,nan,nan,nan,1.0,0.15,nan,nan,nan,nan
2672,0.6666666666666666,207.0,165.0,16.0,0.9030303030303031,16.0,0.0,139.40999624156962,7.048226475715637,-0.024227947229519486,13.461688160896301,2.525039941072464,0.0002428932948532747,1.0,0.15,nan,nan,nan,nan
2673,0.68,202.0,168.0,16.0,0.9047619047619048,16.0,0.0,142.6694956107139,nan,nan,nan,nan,nan,1.0,0.15,nan,nan,nan,nan
2674,0.6755555555555556,203.0,168.0,17.0,0.8988095238095238,15.0,0.0,141.34445526075356,nan,nan,nan,nan,nan,1.0,0.15,nan,nan,nan,nan
2675,0.72,206.0,167.0,6.0,0.9640718562874252,16.0,0.0,154.52995184326164,nan,nan,nan,nan,nan,1.0,0.15,nan,nan,nan,nan
2676,0.7066666666666667,213.0,173.0,15.0,0.9132947976878613,16.0,0.0,148.65537181854228,nan,nan,nan,nan,nan,1.0,0.15,nan,nan,nan,nan
2677,0.6355555555555555,197.0,157.0,15.0,0.9044585987261147,16.0,0.0,132.81386988544463,nan,nan,nan,nan,nan,1.0,0.15,nan,nan,nan,nan
2678,0.6755555555555556,203.0,165.0,14.0,0.9151515151515152,15.0,0.0,142.3680736408233,nan,nan,nan,nan,nan,1.0,0.15,nan,nan,nan,nan
2679,0.6044444444444445,178.0,144.0,9.0,0.9375,14.0,0.0,128.42911918592472,nan,nan,nan,nan,nan,1.0,0.15,nan,nan,nan,nan
2680,0.6444444444444445,214.0,168.0,24.0,0.8571428571428571,15.0,0.0,132.0084113650322,nan,nan,nan,nan,nan,1.0,0.15,nan,nan,nan,nan
2681,0.6444444444444445,197.0,164.0,20.0,0.8780487804878049,16.0,0.0,133.33755491304393,nan,nan,nan,nan,nan,1.0,0.15,nan,nan,nan,nan
2682,0.6044444444444445,178.0,144.0,9.0,0.9375,14.0,0.0,128.50346863794329,nan,nan,nan,nan,nan,1.0,0.15,nan,nan,nan,nan
2683,0.6355555555555555,208.0,161.0,19.0,0.8819875776397516,16.0,0.0,131.57389782905574,nan,nan,nan,nan,nan,1.0,0.15,nan,nan,nan,nan
2684,0.68,209.0,171.0,19.0,0.8888888888888888,16.0,0.0,141.4071700687409,nan,nan,nan,nan,nan,1.0,0.15,nan,nan,nan,nan
2685,0.7155555555555555,205.0,166.0,6.0,0.963855421686747,16.0,0.0,153.53357257604594,nan,nan,nan,nan,nan,1.0,0.15,nan,nan,nan,nan
2686,0.7377777777777778,212.0,177.0,12.0,0.9322033898305084,16.0,0.0,156.71137218999854,nan,nan,nan,nan,nan,1.0,0.15,nan,nan,nan,nan
2687,0.6533333333333333,187.0,156.0,10.0,0.9358974358974359,15.0,0.0,138.93367061424271,nan,nan,nan,nan,nan,1.0,0.15,nan,nan,nan,nan
2688,0.6355555555555555,190.0,152.0,10.0,0.9342105263157895,14.0,0.0,135.06686874628073,6.748419880867004,-0.009257594356313348,12.847148180007935,2.477197766304016,0.0002404179772383941,1.0,0.15,nan,nan,nan,nan
2689,0.6533333333333333,192.0,160.0,14.0,0.9125,15.0,0.0,137.71479427051548,nan,nan,nan,nan,nan,1.0,0.15,nan,nan,nan,nan
2690,0.6711111111111111,200.0,171.0,21.0,0.8771929824561403,16.0,0.0,138.9413961024284,nan,nan,nan,nan,nan,1.0,0.15,nan,nan,nan,nan
2691,0.6266666666666667,204.0,159.0,19.0,0.8805031446540881,16.0,0.0,129.45870288658142,nan,nan,nan,nan,nan,1.0,0.15,nan,nan,nan,nan
2692,0.6488888888888888,218.0,169.0,24.0,0.8579881656804734,16.0,0.0,132.3447584867478,nan,nan,nan,nan,nan,1.0,0.15,nan,nan,nan,nan
2693,0.68,216.0,168.0,16.0,0.9047619047619048,15.0,0.0,142.77306651496886,nan,nan,nan,nan,nan,1.0,0.15,nan,nan,nan,nan
2694,0.6577777777777778,200.0,160.0,13.0,0.91875,16.0,0.0,138.25790710783005,nan,nan,nan,nan,nan,1.0,0.15,nan,nan,nan,nan
2695,0.6711111111111111,204.0,169.0,19.0,0.8875739644970414,16.0,0.0,139.53112886524198,nan,nan,nan,nan,nan,1.0,0.15,nan,nan,nan,nan
2696,0.64,193.0,153.0,10.0,0.934640522875817,15.0,0.0,135.7187674150468,nan,nan,nan,nan,nan,1.0,0.15,nan,nan,nan,nan
2697,0.6266666666666667,184.0,149.0,9.0,0.9395973154362416,14.0,0.0,133.49169303798672,nan,nan,nan,nan,nan,1.0,0.15,nan,nan,nan,nan
2698,0.7333333333333333,216.0,171.0,7.0,0.9590643274853801,16.0,0.0,157.05839771366118,nan,nan,nan,nan,nan,1.0,0.15,nan,nan,nan,nan
2699,0.6888888888888889,203.0,167.0,13.0,0.9221556886227545,16.0,0.0,145.55300206375122,nan,nan,nan,nan,nan,1.0,0.15,nan,nan,nan,nan
2700,0.6222222222222222,192.0,155.0,16.0,0.896774193548387,15.0,0.0,129.72007972192762,nan,nan,nan,nan,nan,1.0,0.15,0.6983111111111111,0.6337777777777778,0.9469219432051891,0.0
2701,0.5911111111111111,167.0,139.0,7.0,0.9496402877697842,13.0,0.0,126.67524960041055,nan,nan,nan,nan,nan,1.0,0.15,nan,nan,nan,nan
2702,0.6577777777777778,210.0,166.0,19.0,0.8855421686746988,16.0,0.0,136.31786723232264,nan,nan,nan,nan,nan,1.0,0.15,nan,nan,nan,nan
2703,0.6488888888888888,199.0,163.0,18.0,0.8895705521472392,16.0,0.0,134.65622351312626,nan,nan,nan,nan,nan,1.0,0.15,nan,nan,nan,nan
2704,0.6755555555555556,201.0,162.0,11.0,0.9320987654320988,15.0,0.0,143.40953743457794,6.413038283586502,0.027159297140315175,12.101637363433838,2.4800960421562195,0.00032907100012380397,1.0,0.15,nan,nan,nan,nan
2705,0.7111111111111111,216.0,173.0,14.0,0.9190751445086706,16.0,0.0,149.91007023572917,nan,nan,nan,nan,nan,1.0,0.15,nan,nan,nan,nan
2706,0.64,184.0,153.0,10.0,0.934640522875817,15.0,0.0,135.8518047804833,nan,nan,nan,nan,nan,1.0,0.15,nan,nan,nan,nan
2707,0.7377777777777778,220.0,177.0,12.0,0.9322033898305084,16.0,0.0,156.66904875183099,nan,nan,nan,nan,nan,1.0,0.15,nan,nan,nan,nan
2708,0.6755555555555556,210.0,165.0,14.0,0.9151515151515152,16.0,0.0,141.88418334293354,nan,nan,nan,nan,nan,1.0,0.15,nan,nan,nan,nan
2709,0.6933333333333334,205.0,164.0,9.0,0.9451219512195121,16.0,0.0,147.68236351442349,nan,nan,nan,nan,nan,1.0,0.15,nan,nan,nan,nan
2710,0.6666666666666666,204.0,166.0,17.0,0.8975903614457831,16.0,0.0,139.16726874303802,nan,nan,nan,nan,nan,1.0,0.15,nan,nan,nan,nan
2711,0.6755555555555556,204.0,164.0,13.0,0.9207317073170732,16.0,0.0,142.3319808931352,nan,nan,nan,nan,nan,1.0,0.15,nan,nan,nan,nan
2712,0.6888888888888889,210.0,172.0,18.0,0.8953488372093024,16.0,0.0,143.78262649059297,nan,nan,nan,nan,nan,1.0,0.15,nan,nan,nan,nan
2713,0.6888888888888889,205.0,165.0,11.0,0.9333333333333333,16.0,0.0,146.09387790203087,nan,nan,nan,nan,nan,1.0,0.15,nan,nan,nan,nan
2714,0.6533333333333333,195.0,158.0,12.0,0.9240506329113924,15.0,0.0,138.15978160762796,nan,nan,nan,nan,nan,1.0,0.15,nan,nan,nan,nan
2715,0.6444444444444445,205.0,167.0,23.0,0.8622754491017964,16.0,0.0,132.36915792036055,nan,nan,nan,nan,nan,1.0,0.15,nan,nan,nan,nan
2716,0.6622222222222223,189.0,156.0,8.0,0.9487179487179487,15.0,0.0,141.4957297534944,nan,nan,nan,nan,nan,1.0,0.15,nan,nan,nan,nan
2717,0.5733333333333334,178.0,140.0,12.0,0.9142857142857143,14.0,0.0,120.46691764163977,nan,nan,nan,nan,nan,1.0,0.15,nan,nan,nan,nan
2718,0.6711111111111111,201.0,157.0,7.0,0.9554140127388535,16.0,0.0,143.1533937320711,nan,nan,nan,nan,nan,1.0,0.15,nan,nan,nan,nan
2719,0.6711111111111111,212.0,172.0,22.0,0.872093023255814,16.0,0.0,138.7161437520982,nan,nan,nan,nan,nan,1.0,0.15,nan,nan,nan,nan
2720,0.6755555555555556,202.0,164.0,13.0,0.9207317073170732,15.0,0.0,142.8476229453087,5.150575011968613,0.0027374124038033187,9.63079458475113,2.4613598585128784,0.00017023055215759086,1.0,0.15,nan,nan,nan,nan
2721,0.6666666666666666,207.0,168.0,19.0,0.8869047619047619,16.0,0.0,138.4712256870269,nan,nan,nan,nan,nan,1.0,0.15,nan,nan,nan,nan
2722,0.6755555555555556,199.0,162.0,11.0,0.9320987654320988,16.0,0.0,142.9806042423249,nan,nan,nan,nan,nan,1.0,0.15,nan,nan,nan,nan
2723,0.7377777777777778,201.0,169.0,4.0,0.9763313609467456,16.0,0.0,159.2347720870971,nan,nan,nan,nan,nan,1.0,0.15,nan,nan,nan,nan
2724,0.64,194.0,154.0,11.0,0.9285714285714286,16.0,0.0,135.01650788927074,nan,nan,nan,nan,nan,1.0,0.15,nan,nan,nan,nan
2725,0.6844444444444444,205.0,165.0,12.0,0.9272727272727272,16.0,0.0,144.63308213043217,nan,nan,nan,nan,nan,1.0,0.15,nan,nan,nan,nan
2726,0.68,208.0,169.0,17.0,0.8994082840236687,15.0,0.0,142.3681148915292,nan,nan,nan,nan,nan,1.0,0.15,nan,nan,nan,nan
2727,0.72,218.0,178.0,17.0,0.9044943820224719,16.0,0.0,151.21281872177119,nan,nan,nan,nan,nan,1.0,0.15,nan,nan,nan,nan
2728,0.7155555555555555,214.0,173.0,13.0,0.9248554913294798,16.0,0.0,151.39534349966044,nan,nan,nan,nan,nan,1.0,0.15,nan,nan,nan,nan
2729,0.6977777777777778,206.0,170.0,14.0,0.9176470588235294,16.0,0.0,147.177510319233,nan,nan,nan,nan,nan,1.0,0.15,nan,nan,nan,nan
2730,0.6044444444444445,177.0,142.0,7.0,0.9507042253521126,14.0,0.0,129.16550042152417,nan,nan,nan,nan,nan,1.0,0.15,nan,nan,nan,nan
2731,0.6711111111111111,205.0,165.0,15.0,0.9090909090909091,16.0,0.0,140.73560429954526,nan,nan,nan,nan,nan,1.0,0.15,nan,nan,nan,nan
2732,0.6844444444444444,200.0,162.0,9.0,0.9444444444444444,16.0,0.0,145.72839444828048,nan,nan,nan,nan,nan,1.0,0.15,nan,nan,nan,nan
2733,0.6666666666666666,210.0,168.0,19.0,0.8869047619047619,16.0,0.0,138.46719207811353,nan,nan,nan,nan,nan,1.0,0.15,nan,nan,nan,nan
2734,0.6933333333333334,206.0,168.0,13.0,0.9226190476190477,16.0,0.0,146.52564817667005,nan,nan,nan,nan,nan,1.0,0.15,nan,nan,nan,nan
2735,0.5688888888888889,161.0,134.0,7.0,0.9477611940298507,12.0,0.0,122.01352794694917,nan,nan,nan,nan,nan,1.0,0.15,nan,nan,nan,nan
2736,0.5866666666666667,182.0,145.0,14.0,0.903448275862069,14.0,0.0,122.95949356985093,6.3405609130859375,-0.010377145139500499,12.015874862670898,2.534647583961487,0.00023716294253972592,1.0,0.15,nan,nan,nan,nan
2737,0.6355555555555555,196.0,158.0,16.0,0.8987341772151899,14.0,0.0,133.0832975020409,nan,nan,nan,nan,nan,1.0,0.15,nan,nan,nan,nan
2738,0.6844444444444444,194.0,163.0,10.0,0.9386503067484663,16.0,0.0,145.53126487970346,nan,nan,nan,nan,nan,1.0,0.15,nan,nan,nan,nan
2739,0.6266666666666667,188.0,150.0,10.0,0.9333333333333333,14.0,0.0,133.0634242658616,nan,nan,nan,nan,nan,1.0,0.15,nan,nan,nan,nan
2740,0.6755555555555556,205.0,167.0,16.0,0.9041916167664671,15.0,0.0,141.7653726859093,nan,nan,nan,nan,nan,1.0,0.15,nan,nan,nan,nan
2741,0.72,201.0,167.0,6.0,0.9640718562874252,16.0,0.0,154.60890024948108,nan,nan,nan,nan,nan,1.0,0.15,nan,nan,nan,nan
2742,0.6488888888888888,185.0,153.0,8.0,0.9477124183006536,14.0,0.0,138.91908404493344,nan,nan,nan,nan,nan,1.0,0.15,nan,nan,nan,nan
2743,0.5955555555555555,196.0,153.0,20.0,0.869281045751634,16.0,0.0,121.95063603258136,nan,nan,nan,nan,nan,1.0,0.15,nan,nan,nan,nan
2744,0.68,215.0,175.0,23.0,0.8685714285714285,15.0,0.0,140.4757214827537,nan,nan,nan,nan,nan,1.0,0.15,nan,nan,nan,nan
2745,0.6933333333333334,199.0,167.0,12.0,0.9281437125748503,16.0,0.0,146.83325707292542,nan,nan,nan,nan,nan,1.0,0.15,nan,nan,nan,nan
2746,0.68,205.0,165.0,13.0,0.9212121212121213,16.0,0.0,143.25315369749063,nan,nan,nan,nan,nan,1.0,0.15,nan,nan,nan,nan
2747,0.64,202.0,160.0,17.0,0.89375,16.0,0.0,132.86866399192814,nan,nan,nan,nan,nan,1.0,0.15,nan,nan,nan,nan
2748,0.6577777777777778,207.0,165.0,18.0,0.8909090909090909,16.0,0.0,136.8880240254402,nan,nan,nan,nan,nan,1.0,0.15,nan,nan,nan,nan
2749,0.6666666666666666,208.0,167.0,18.0,0.8922155688622755,16.0,0.0,138.8792436013222,nan,nan,nan,nan,nan,1.0,0.15,nan,nan,nan,nan
2750,0.6711111111111111,192.0,164.0,14.0,0.9146341463414634,16.0,0.0,141.21428995370863,nan,nan,nan,nan,nan,1.0,0.15,nan,nan,nan,nan
2751,0.6977777777777778,198.0,168.0,12.0,0.9285714285714286,15.0,0.0,148.34419251155848,nan,nan,nan,nan,nan,1.0,0.15,nan,nan,nan,nan
2752,0.6533333333333333,208.0,162.0,16.0,0.9012345679012346,16.0,0.0,136.02843637037276,5.02668359875679,-0.019222572562284768,9.425153374671936,2.463276445865631,0.00028898261371068656,1.0,0.15,nan,nan,nan,nan
2753,0.6977777777777778,221.0,179.0,23.0,0.8715083798882681,16.0,0.0,144.06447171401973,nan,nan,nan,nan,nan,1.0,0.15,nan,nan,nan,nan
2754,0.6755555555555556,206.0,169.0,18.0,0.893491124260355,16.0,0.0,140.95854495573042,nan,nan,nan,nan,nan,1.0,0.15,nan,nan,nan,nan
2755,0.7244444444444444,199.0,171.0,9.0,0.9473684210526315,16.0,0.0,154.79175527715702,nan,nan,nan,nan,nan,1.0,0.15,nan,nan,nan,nan
2756,0.6444444444444445,201.0,158.0,14.0,0.9113924050632911,16.0,0.0,134.9948994798661,nan,nan,nan,nan,nan,1.0,0.15,nan,nan,nan,nan
2757,0.6311111111111111,182.0,150.0,9.0,0.94,13.0,0.0,134.91511528253568,nan,nan,nan,nan,nan,1.0,0.15,nan,nan,nan,nan
2758,0.6577777777777778,200.0,163.0,16.0,0.901840490797546,16.0,0.0,137.48191946744936,nan,nan,nan,nan,nan,1.0,0.15,nan,nan,nan,nan
2759,0.7111111111111111,224.0,176.0,17.0,0.9034090909090909,16.0,0.0,148.93335990428923,nan,nan,nan,nan,nan,1.0,0.15,nan,nan,nan,nan
2760,0.6044444444444445,185.0,147.0,12.0,0.9183673469387755,14.0,0.0,127.62657091903701,nan,nan,nan,nan,nan,1.0,0.15,nan,nan,nan,nan
2761,0.7111111111111111,215.0,176.0,17.0,0.9034090909090909,16.0,0.0,149.23075435590738,nan,nan,nan,nan,nan,1.0,0.15,nan,nan,nan,nan
2762,0.6844444444444444,215.0,168.0,15.0,0.9107142857142857,16.0,0.0,143.46652785396574,nan,nan,nan,nan,nan,1.0,0.15,nan,nan,nan,nan
2763,0.6666666666666666,201.0,159.0,10.0,0.9371069182389937,15.0,0.0,141.6887933788299,nan,nan,nan,nan,nan,1.0,0.15,nan,nan,nan,nan
2764,0.6933333333333334,208.0,169.0,14.0,0.9171597633136095,15.0,0.0,146.43479172563545,nan,nan,nan,nan,nan,1.0,0.15,nan,nan,nan,nan
2765,0.6933333333333334,214.0,177.0,22.0,0.8757062146892656,16.0,0.0,143.5239379611015,nan,nan,nan,nan,nan,1.0,0.15,nan,nan,nan,nan
2766,0.6444444444444445,203.0,162.0,18.0,0.8888888888888888,16.0,0.0,133.41940590381628,nan,nan,nan,nan,nan,1.0,0.15,nan,nan,nan,nan
2767,0.6533333333333333,220.0,176.0,30.0,0.8295454545454546,16.0,0.0,132.21766829109194,nan,nan,nan,nan,nan,1.0,0.15,nan,nan,nan,nan
2768,0.6311111111111111,196.0,155.0,14.0,0.9096774193548387,15.0,0.0,132.3183215074539,5.264399319887161,0.010228060651570559,9.805742919445038,2.5915686190128326,0.000412979012253345,1.0,0.15,nan,nan,nan,nan
2769,0.6266666666666667,191.0,153.0,13.0,0.9150326797385621,15.0,0.0,131.68491200304038,nan,nan,nan,nan,nan,1.0,0.15,nan,nan,nan,nan
2770,0.6755555555555556,216.0,177.0,26.0,0.8531073446327684,16.0,0.0,137.96928821659088,nan,nan,nan,nan,nan,1.0,0.15,nan,nan,nan,nan
2771,0.6844444444444444,201.0,168.0,15.0,0.9107142857142857,16.0,0.0,143.92242956066127,nan,nan,nan,nan,nan,1.0,0.15,nan,nan,nan,nan
2772,0.6266666666666667,202.0,159.0,19.0,0.8805031446540881,16.0,0.0,129.33113888359077,nan,nan,nan,nan,nan,1.0,0.15,nan,nan,nan,nan
2773,0.68,206.0,169.0,17.0,0.8994082840236687,16.0,0.0,142.25478878307348,nan,nan,nan,nan,nan,1.0,0.15,nan,nan,nan,nan
2774,0.6311111111111111,189.0,152.0,11.0,0.9276315789473685,14.0,0.0,133.93968627357486,nan,nan,nan,nan,nan,1.0,0.15,nan,nan,nan,nan
2775,0.6044444444444445,185.0,145.0,10.0,0.9310344827586207,14.0,0.0,128.02498879241955,nan,nan,nan,nan,nan,1.0,0.15,nan,nan,nan,nan
2776,0.7022222222222222,207.0,165.0,8.0,0.9515151515151515,16.0,0.0,149.88892759132375,nan,nan,nan,nan,nan,1.0,0.15,nan,nan,nan,nan
2777,0.6933333333333334,217.0,176.0,21.0,0.8806818181818182,16.0,0.0,143.6800241756439,nan,nan,nan,nan,nan,1.0,0.15,nan,nan,nan,nan
2778,0.6533333333333333,207.0,165.0,19.0,0.8848484848484849,16.0,0.0,135.50852828264235,nan,nan,nan,nan,nan,1.0,0.15,nan,nan,nan,nan
2779,0.6444444444444445,200.0,157.0,13.0,0.9171974522292994,16.0,0.0,135.29316853427895,nan,nan,nan,nan,nan,1.0,0.15,nan,nan,nan,nan
2780,0.6488888888888888,197.0,159.0,14.0,0.9119496855345912,15.0,0.0,136.6287358751297,nan,nan,nan,nan,nan,1.0,0.15,nan,nan,nan,nan
2781,0.6711111111111111,208.0,166.0,16.0,0.9036144578313253,16.0,0.0,140.5680291223526,nan,nan,nan,nan,nan,1.0,0.15,nan,nan,nan,nan
2782,0.64,215.0,167.0,24.0,0.8562874251497006,16.0,0.0,130.83307795381555,nan,nan,nan,nan,nan,1.0,0.15,nan,nan,nan,nan
2783,0.7244444444444444,213.0,174.0,12.0,0.9310344827586207,15.0,0.0,154.0328755340576,nan,nan,nan,nan,nan,1.0,0.15,nan,nan,nan,nan
2784,0.5911111111111111,178.0,142.0,10.0,0.9295774647887324,14.0,0.0,125.17331716346744,4.932806611061096,-0.006954187992960215,9.193739831447601,2.5364106595516205,0.00022457550221588463,1.0,0.15,nan,nan,nan,nan
2785,0.7288888888888889,212.0,176.0,13.0,0.9261363636363636,16.0,0.0,154.3972223606109,nan,nan,nan,nan,nan,1.0,0.15,nan,nan,nan,nan
2786,0.7155555555555555,213.0,178.0,18.0,0.898876404494382,16.0,0.0,149.66739734125125,nan,nan,nan,nan,nan,1.0,0.15,nan,nan,nan,nan
2787,0.6133333333333333,196.0,154.0,17.0,0.8896103896103896,15.0,0.0,127.58890069103252,nan,nan,nan,nan,nan,1.0,0.15,nan,nan,nan,nan
2788,0.6311111111111111,198.0,156.0,15.0,0.9038461538461539,16.0,0.0,131.78188744163518,nan,nan,nan,nan,nan,1.0,0.15,nan,nan,nan,nan
2789,0.5644444444444444,177.0,138.0,12.0,0.9130434782608695,14.0,0.0,118.52715369749068,nan,nan,nan,nan,nan,1.0,0.15,nan,nan,nan,nan
2790,0.6844444444444444,209.0,168.0,15.0,0.9107142857142857,16.0,0.0,143.7200128722191,nan,nan,nan,nan,nan,1.0,0.15,nan,nan,nan,nan
2791,0.7111111111111111,211.0,170.0,11.0,0.9352941176470588,16.0,0.0,151.08385929584506,nan,nan,nan,nan,nan,1.0,0.15,nan,nan,nan,nan
2792,0.7111111111111111,209.0,172.0,13.0,0.9244186046511628,15.0,0.0,150.76170644712445,nan,nan,nan,nan,nan,1.0,0.15,nan,nan,nan,nan
2793,0.6266666666666667,187.0,150.0,10.0,0.9333333333333333,14.0,0.0,133.2434610543251,nan,nan,nan,nan,nan,1.0,0.15,nan,nan,nan,nan
2794,0.6222222222222222,175.0,150.0,11.0,0.9266666666666666,14.0,0.0,132.02677629423152,nan,nan,nan,nan,nan,1.0,0.15,nan,nan,nan,nan
2795,0.7066666666666667,203.0,167.0,9.0,0.9461077844311377,16.0,0.0,150.7597188143731,nan,nan,nan,nan,nan,1.0,0.15,nan,nan,nan,nan
2796,0.6711111111111111,209.0,170.0,20.0,0.8823529411764706,15.0,0.0,139.71098551607136,nan,nan,nan,nan,nan,1.0,0.15,nan,nan,nan,nan
2797,0.6533333333333333,209.0,161.0,15.0,0.906832298136646,15.0,0.0,136.83953355407715,nan,nan,nan,nan,nan,1.0,0.15,nan,nan,nan,nan
2798,0.5822222222222222,175.0,140.0,10.0,0.9285714285714286,12.0,0.0,123.89303555679328,nan,nan,nan,nan,nan,1.0,0.15,nan,nan,nan,nan
2799,0.6177777777777778,189.0,150.0,12.0,0.92,15.0,0.0,130.13298731422424,nan,nan,nan,nan,nan,1.0,0.15,nan,nan,nan,nan
2800,0.68,208.0,173.0,21.0,0.8786127167630058,16.0,0.0,140.85004815483094,6.1094798147678375,-0.0017129096668213606,11.529580891132355,2.5598466098308563,0.00016468708645334118,1.0,0.15,0.6977777777777777,0.6351111111111111,0.9469536313078811,0.0
2801,0.6311111111111111,201.0,162.0,21.0,0.8703703703703703,16.0,0.0,129.70768916893007,nan,nan,nan,nan,nan,1.0,0.15,nan,nan,nan,nan
2802,0.6222222222222222,196.0,159.0,20.0,0.8742138364779874,16.0,0.0,128.2724477529526,nan,nan,nan,nan,nan,1.0,0.15,nan,nan,nan,nan
2803,0.6311111111111111,201.0,164.0,23.0,0.8597560975609756,16.0,0.0,129.46132472705852,nan,nan,nan,nan,nan,1.0,0.15,nan,nan,nan,nan
2804,0.64,196.0,159.0,16.0,0.89937106918239,15.0,0.0,133.80304483413698,nan,nan,nan,nan,nan,1.0,0.15,nan,nan,nan,nan
2805,0.6977777777777778,203.0,167.0,11.0,0.9341317365269461,16.0,0.0,148.07618992900848,nan,nan,nan,nan,nan,1.0,0.15,nan,nan,nan,nan
2806,0.6088888888888889,193.0,155.0,19.0,0.8774193548387097,14.0,0.0,126.2155791893006,nan,nan,nan,nan,nan,1.0,0.15,nan,nan,nan,nan
2807,0.64,206.0,161.0,18.0,0.8881987577639752,16.0,0.0,132.66004513502122,nan,nan,nan,nan,nan,1.0,0.15,nan,nan,nan,nan
2808,0.6977777777777778,216.0,176.0,20.0,0.8863636363636364,16.0,0.0,145.31748962783809,nan,nan,nan,nan,nan,1.0,0.15,nan,nan,nan,nan
2809,0.6133333333333333,192.0,155.0,18.0,0.8838709677419355,14.0,0.0,127.51821433162696,nan,nan,nan,nan,nan,1.0,0.15,nan,nan,nan,nan
2810,0.6666666666666666,218.0,166.0,17.0,0.8975903614457831,16.0,0.0,139.0332498493194,nan,nan,nan,nan,nan,1.0,0.15,nan,nan,nan,nan
2811,0.72,220.0,174.0,13.0,0.9252873563218391,16.0,0.0,152.24332767295837,nan,nan,nan,nan,nan,1.0,0.15,nan,nan,nan,nan
2812,0.6755555555555556,200.0,164.0,13.0,0.9207317073170732,16.0,0.0,142.5575952506066,nan,nan,nan,nan,nan,1.0,0.15,nan,nan,nan,nan
2813,0.68,221.0,174.0,22.0,0.8735632183908046,16.0,0.0,140.11413629484179,nan,nan,nan,nan,nan,1.0,0.15,nan,nan,nan,nan
2814,0.6888888888888889,205.0,166.0,12.0,0.927710843373494,16.0,0.0,145.81120663642884,nan,nan,nan,nan,nan,1.0,0.15,nan,nan,nan,nan
2815,0.6888888888888889,208.0,168.0,14.0,0.9166666666666666,16.0,0.0,145.11680723857873,nan,nan,nan,nan,nan,1.0,0.15,nan,nan,nan,nan
2816,0.6577777777777778,206.0,167.0,20.0,0.8802395209580839,16.0,0.0,136.25429274177563,4.424250662326813,-0.004881996428593993,8.17143052816391,2.534598469734192,0.00047792298300919356,1.0,0.15,nan,nan,nan,nan
2817,0.64,210.0,164.0,21.0,0.8719512195121951,16.0,0.0,131.60696321344378,nan,nan,nan,nan,nan,1.0,0.15,nan,nan,nan,nan
2818,0.7288888888888889,221.0,177.0,14.0,0.9209039548022598,16.0,0.0,153.73378114223456,nan,nan,nan,nan,nan,1.0,0.15,nan,nan,nan,nan
2819,0.7022222222222222,211.0,167.0,10.0,0.9401197604790419,16.0,0.0,149.33230003452292,nan,nan,nan,nan,nan,1.0,0.15,nan,nan,nan,nan
2820,0.6666666666666666,206.0,164.0,15.0,0.9085365853658537,16.0,0.0,139.70720948219295,nan,nan,nan,nan,nan,1.0,0.15,nan,nan,nan,nan
2821,0.7022222222222222,216.0,173.0,16.0,0.9075144508670521,16.0,0.0,147.38902170324332,nan,nan,nan,nan,nan,1.0,0.15,nan,nan,nan,nan
2822,0.6711111111111111,201.0,163.0,13.0,0.9202453987730062,15.0,0.0,141.92762689208982,nan,nan,nan,nan,nan,1.0,0.15,nan,nan,nan,nan
2823,0.7022222222222222,225.0,174.0,17.0,0.9022988505747126,16.0,0.0,146.73059203910822,nan,nan,nan,nan,nan,1.0,0.15,nan,nan,nan,nan
2824,0.7022222222222222,213.0,162.0,5.0,0.9691358024691358,16.0,0.0,150.6449444971084,nan,nan,nan,nan,nan,1.0,0.15,nan,nan,nan,nan
2825,0.68,214.0,172.0,20.0,0.8837209302325582,16.0,0.0,140.96255990982056,nan,nan,nan,nan,nan,1.0,0.15,nan,nan,nan,nan
2826,0.6133333333333333,190.0,150.0,13.0,0.9133333333333333,13.0,0.0,129.51482273292547,nan,nan,nan,nan,nan,1.0,0.15,nan,nan,nan,nan
2827,0.6577777777777778,210.0,166.0,19.0,0.8855421686746988,16.0,0.0,136.3926440572738,nan,nan,nan,nan,nan,1.0,0.15,nan,nan,nan,nan
2828,0.68,209.0,166.0,14.0,0.9156626506024096,16.0,0.0,142.8297833890915,nan,nan,nan,nan,nan,1.0,0.15,nan,nan,nan,nan
2829,0.7066666666666667,204.0,169.0,11.0,0.9349112426035503,16.0,0.0,150.0063632574081,nan,nan,nan,nan,nan,1.0,0.15,nan,nan,nan,nan
2830,0.6266666666666667,206.0,159.0,19.0,0.8805031446540881,16.0,0.0,129.27253155088437,nan,nan,nan,nan,nan,1.0,0.15,nan,nan,nan,nan
2831,0.68,218.0,170.0,18.0,0.8941176470588236,16.0,0.0,141.4761077165604,nan,nan,nan,nan,nan,1.0,0.15,nan,nan,nan,nan
2832,0.6622222222222223,208.0,168.0,20.0,0.8809523809523809,16.0,0.0,137.23563511419292,3.3655656576156616,-0.0029198675183579326,6.066354036331177,2.4780737161636353,0.0016035116041166475,1.0,0.15,nan,nan,nan,nan
2833,0.6355555555555555,190.0,152.0,10.0,0.9342105263157895,15.0,0.0,134.8208704299927,nan,nan,nan,nan,nan,1.0,0.15,nan,nan,nan,nan
2834,0.6622222222222223,209.0,165.0,17.0,0.896969696969697,16.0,0.0,137.99700009393692,nan,nan,nan,nan,nan,1.0,0.15,nan,nan,nan,nan
2835,0.6177777777777778,187.0,150.0,12.0,0.92,14.0,0.0,130.48004251241687,nan,nan,nan,nan,nan,1.0,0.15,nan,nan,nan,nan
2836,0.6844444444444444,214.0,176.0,23.0,0.8693181818181818,16.0,0.0,141.36583653926849,nan,nan,nan,nan,nan,1.0,0.15,nan,nan,nan,nan
2837,0.7377777777777778,218.0,177.0,12.0,0.9322033898305084,16.0,0.0,156.53855005264282,nan,nan,nan,nan,nan,1.0,0.15,nan,nan,nan,nan
2838,0.7022222222222222,208.0,167.0,10.0,0.9401197604790419,16.0,0.0,149.30386795473095,nan,nan,nan,nan,nan,1.0,0.15,nan,nan,nan,nan
2839,0.6444444444444445,198.0,160.0,16.0,0.9,15.0,0.0,134.62710600566874,nan,nan,nan,nan,nan,1.0,0.15,nan,nan,nan,nan
2840,0.6133333333333333,192.0,154.0,17.0,0.8896103896103896,15.0,0.0,127.24565764379506,nan,nan,nan,nan,nan,1.0,0.15,nan,nan,nan,nan
2841,0.7422222222222222,213.0,177.0,11.0,0.9378531073446328,16.0,0.0,158.0761151652335,nan,nan,nan,nan,nan,1.0,0.15,nan,nan,nan,nan
2842,0.6888888888888889,211.0,170.0,16.0,0.9058823529411765,16.0,0.0,144.3422008175849,nan,nan,nan,nan,nan,1.0,0.15,nan,nan,nan,nan
2843,0.6622222222222223,206.0,162.0,14.0,0.9135802469135802,16.0,0.0,138.97360636377346,nan,nan,nan,nan,nan,1.0,0.15,nan,nan,nan,nan
2844,0.6444444444444445,181.0,151.0,7.0,0.9536423841059603,13.0,0.0,138.54833771133437,nan,nan,nan,nan,nan,1.0,0.15,nan,nan,nan,nan
2845,0.6755555555555556,211.0,168.0,17.0,0.8988095238095238,16.0,0.0,141.24320049333573,nan,nan,nan,nan,nan,1.0,0.15,nan,nan,nan,nan
2846,0.5822222222222222,188.0,147.0,17.0,0.8843537414965986,15.0,0.0,120.28018088436134,nan,nan,nan,nan,nan,1.0,0.15,nan,nan,nan,nan
2847,0.6355555555555555,205.0,159.0,17.0,0.8930817610062893,15.0,0.0,132.28067878961573,nan,nan,nan,nan,nan,1.0,0.15,nan,nan,nan,nan
2848,0.6355555555555555,188.0,152.0,10.0,0.9342105263157895,14.0,0.0,135.01276344537735,4.267068922519684,0.01262354850769043,7.810059666633606,2.5811511278152466,0.0007369395470959716,1.0,0.15,nan,nan,nan,nan
2849,0.6933333333333334,203.0,165.0,10.0,0.9393939393939394,16.0,0.0,147.42427005195606,nan,nan,nan,nan,nan,1.0,0.15,nan,nan,nan,nan
2850,0.64,198.0,162.0,19.0,0.8827160493827161,16.0,0.0,132.4313964276315,nan,nan,nan,nan,nan,1.0,0.15,nan,nan,nan,nan
2851,0.6711111111111111,198.0,162.0,12.0,0.9259259259259259,15.0,0.0,141.99836572313308,nan,nan,nan,nan,nan,1.0,0.15,nan,nan,nan,nan
2852,0.6311111111111111,187.0,154.0,13.0,0.9155844155844156,15.0,0.0,132.99986635160454,nan,nan,nan,nan,nan,1.0,0.15,nan,nan,nan,nan
2853,0.6755555555555556,218.0,177.0,26.0,0.8531073446327684,16.0,0.0,138.36843557739257,nan,nan,nan,nan,nan,1.0,0.15,nan,nan,nan,nan
2854,0.68,202.0,168.0,16.0,0.9047619047619048,16.0,0.0,142.6849806370735,nan,nan,nan,nan,nan,1.0,0.15,nan,nan,nan,nan
2855,0.6977777777777778,205.0,170.0,14.0,0.9176470588235294,16.0,0.0,147.1100940928458,nan,nan,nan,nan,nan,1.0,0.15,nan,nan,nan,nan
2856,0.6222222222222222,203.0,160.0,21.0,0.86875,16.0,0.0,127.72986733388906,nan,nan,nan,nan,nan,1.0,0.15,nan,nan,nan,nan
2857,0.68,203.0,168.0,16.0,0.9047619047619048,16.0,0.0,142.51302637434014,nan,nan,nan,nan,nan,1.0,0.15,nan,nan,nan,nan
2858,0.6444444444444445,188.0,152.0,8.0,0.9473684210526315,15.0,0.0,137.45803819417955,nan,nan,nan,nan,nan,1.0,0.15,nan,nan,nan,nan
2859,0.72,216.0,173.0,12.0,0.930635838150289,16.0,0.0,152.5943331718445,nan,nan,nan,nan,nan,1.0,0.15,nan,nan,nan,nan
2860,0.7288888888888889,205.0,170.0,7.0,0.9588235294117647,16.0,0.0,156.37025155353535,nan,nan,nan,nan,nan,1.0,0.15,nan,nan,nan,nan
2861,0.7066666666666667,221.0,180.0,22.0,0.8777777777777778,15.0,0.0,146.91893619632717,nan,nan,nan,nan,nan,1.0,0.15,nan,nan,nan,nan
2862,0.68,210.0,169.0,17.0,0.8994082840236687,16.0,0.0,142.1240097761154,nan,nan,nan,nan,nan,1.0,0.15,nan,nan,nan,nan
2863,0.6844444444444444,206.0,164.0,11.0,0.9329268292682927,16.0,0.0,144.90742494297027,nan,nan,nan,nan,nan,1.0,0.15,nan,nan,nan,nan
2864,0.7022222222222222,214.0,173.0,16.0,0.9075144508670521,16.0,0.0,147.3354438681603,3.365912526845932,0.020135340513661504,6.033899247646332,2.4294513761997223,0.00017073309118131874,1.0,0.15,nan,nan,nan,nan
2865,0.6444444444444445,192.0,158.0,14.0,0.9113924050632911,15.0,0.0,135.68916694736498,nan,nan,nan,nan,nan,1.0,0.15,nan,nan,nan,nan
2866,0.6933333333333334,200.0,166.0,11.0,0.9337349397590361,16.0,0.0,147.0265522022248,nan,nan,nan,nan,nan,1.0,0.15,nan,nan,nan,nan
2867,0.6844444444444444,200.0,165.0,12.0,0.9272727272727272,16.0,0.0,144.7943390426637,nan,nan,nan,nan,nan,1.0,0.15,nan,nan,nan,nan
2868,0.6755555555555556,212.0,169.0,18.0,0.893491124260355,16.0,0.0,140.5532767596244,nan,nan,nan,nan,nan,1.0,0.15,nan,nan,nan,nan
2869,0.6666666666666666,208.0,169.0,20.0,0.8816568047337278,16.0,0.0,138.33205119609838,nan,nan,nan,nan,nan,1.0,0.15,nan,nan,nan,nan
2870,0.6177777777777778,172.0,145.0,7.0,0.9517241379310345,14.0,0.0,132.20873341035852,nan,nan,nan,nan,nan,1.0,0.15,nan,nan,nan,nan
2871,0.7066666666666667,216.0,172.0,14.0,0.9186046511627907,15.0,0.0,148.95342696380624,nan,nan,nan,nan,nan,1.0,0.15,nan,nan,nan,nan
2872,0.6933333333333334,205.0,163.0,8.0,0.950920245398773,16.0,0.0,147.88305175876621,nan,nan,nan,nan,nan,1.0,0.15,nan,nan,nan,nan
2873,0.6977777777777778,207.0,176.0,20.0,0.8863636363636364,16.0,0.0,145.29221071720139,nan,nan,nan,nan,nan,1.0,0.15,nan,nan,nan,nan
2874,0.6577777777777778,214.0,170.0,23.0,0.8647058823529412,16.0,0.0,135.11459452438348,nan,nan,nan,nan,nan,1.0,0.15,nan,nan,nan,nan
2875,0.5511111111111111,152.0,131.0,8.0,0.9389312977099237,12.0,0.0,117.88363950681699,nan,nan,nan,nan,nan,1.0,0.15,nan,nan,nan,nan
2876,0.6622222222222223,201.0,161.0,13.0,0.9192546583850931,16.0,0.0,139.49874300146098,nan,nan,nan,nan,nan,1.0,0.15,nan,nan,nan,nan
2877,0.6088888888888889,177.0,144.0,8.0,0.9444444444444444,14.0,0.0,129.90265733432776,nan,nan,nan,nan,nan,1.0,0.15,nan,nan,nan,nan
2878,0.6311111111111111,204.0,167.0,26.0,0.844311377245509,16.0,0.0,128.47976205348976,nan,nan,nan,nan,nan,1.0,0.15,nan,nan,nan,nan
2879,0.6533333333333333,214.0,163.0,17.0,0.8957055214723927,16.0,0.0,135.9712221436501,nan,nan,nan,nan,nan,1.0,0.15,nan,nan,nan,nan
2880,0.6444444444444445,189.0,157.0,13.0,0.9171974522292994,14.0,0.0,136.25713537406932,6.442425847053528,-0.009371780879519065,12.214630961418152,2.5449095964431763,0.00033624251841501973,1.0,0.15,nan,nan,nan,nan
2881,0.6666666666666666,201.0,165.0,16.0,0.9030303030303031,16.0,0.0,139.49663129854204,nan,nan,nan,nan,nan,1.0,0.15,nan,nan,nan,nan
2882,0.6711111111111111,212.0,168.0,18.0,0.8928571428571429,16.0,0.0,139.8520413212776,nan,nan,nan,nan,nan,1.0,0.15,nan,nan,nan,nan
2883,0.7022222222222222,225.0,174.0,17.0,0.9022988505747126,16.0,0.0,146.5746330766677,nan,nan,nan,nan,nan,1.0,0.15,nan,nan,nan,nan
2884,0.6488888888888888,185.0,153.0,8.0,0.9477124183006536,14.0,0.0,138.75995592546462,nan,nan,nan,nan,nan,1.0,0.15,nan,nan,nan,nan
2885,0.6755555555555556,213.0,174.0,23.0,0.867816091954023,16.0,0.0,139.11178829526895,nan,nan,nan,nan,nan,1.0,0.15,nan,nan,nan,nan
2886,0.6444444444444445,205.0,162.0,18.0,0.8888888888888888,16.0,0.0,132.99100077486045,nan,nan,nan,nan,nan,1.0,0.15,nan,nan,nan,nan
2887,0.6844444444444444,208.0,174.0,21.0,0.8793103448275862,15.0,0.0,142.32259901094434,nan,nan,nan,nan,nan,1.0,0.15,nan,nan,nan,nan
2888,0.68,208.0,170.0,18.0,0.8941176470588236,16.0,0.0,141.78424733114238,nan,nan,nan,nan,nan,1.0,0.15,nan,nan,nan,nan
2889,0.5911111111111111,174.0,140.0,8.0,0.9428571428571428,14.0,0.0,125.80202977371223,nan,nan,nan,nan,nan,1.0,0.15,nan,nan,nan,nan
2890,0.7155555555555555,215.0,173.0,13.0,0.9248554913294798,16.0,0.0,151.3887437801361,nan,nan,nan,nan,nan,1.0,0.15,nan,nan,nan,nan
2891,0.6666666666666666,205.0,164.0,15.0,0.9085365853658537,16.0,0.0,139.5595659079553,nan,nan,nan,nan,nan,1.0,0.15,nan,nan,nan,nan
2892,0.6844444444444444,210.0,164.0,11.0,0.9329268292682927,16.0,0.0,144.84002243423464,nan,nan,nan,nan,nan,1.0,0.15,nan,nan,nan,nan
2893,0.6533333333333333,208.0,165.0,19.0,0.8848484848484849,16.0,0.0,135.4066938877106,nan,nan,nan,nan,nan,1.0,0.15,nan,nan,nan,nan
2894,0.6622222222222223,197.0,161.0,13.0,0.9192546583850931,15.0,0.0,139.95955827045444,nan,nan,nan,nan,nan,1.0,0.15,nan,nan,nan,nan
2895,0.5866666666666667,178.0,149.0,18.0,0.8791946308724832,14.0,0.0,121.8790576338768,nan,nan,nan,nan,nan,1.0,0.15,nan,nan,nan,nan
2896,0.6977777777777778,212.0,168.0,12.0,0.9285714285714286,16.0,0.0,147.49315189266213,8.445699572563171,0.004003088804893196,16.207020819187164,2.5018138885498047,0.0003007047725986922,1.0,0.15,nan,nan,nan,nan
2897,0.6844444444444444,213.0,174.0,21.0,0.8793103448275862,16.0,0.0,141.94754205465316,nan,nan,nan,nan,nan,1.0,0.15,nan,nan,nan,nan
2898,0.68,208.0,170.0,18.0,0.8941176470588236,16.0,0.0,141.85937982892983,nan,nan,nan,nan,nan,1.0,0.15,nan,nan,nan,nan
2899,0.6088888888888889,189.0,151.0,15.0,0.9006622516556292,15.0,0.0,127.1629157214166,nan,nan,nan,nan,nan,1.0,0.15,nan,nan,nan,nan
2900,0.5777777777777777,167.0,139.0,10.0,0.9280575539568345,13.0,0.0,122.59958545064936,nan,nan,nan,nan,nan,1.0,0.15,0.6944888888888889,0.6355555555555555,0.9459356535950172,0.0
2901,0.6844444444444444,207.0,165.0,12.0,0.9272727272727272,16.0,0.0,144.76885829114923,nan,nan,nan,nan,nan,1.0,0.15,nan,nan,nan,nan
2902,0.6666666666666666,202.0,165.0,16.0,0.9030303030303031,16.0,0.0,139.4828359298706,nan,nan,nan,nan,nan,1.0,0.15,nan,nan,nan,nan
2903,0.6844444444444444,216.0,174.0,21.0,0.8793103448275862,16.0,0.0,141.746310230255,nan,nan,nan,nan,nan,1.0,0.15,nan,nan,nan,nan
2904,0.6888888888888889,200.0,168.0,14.0,0.9166666666666666,16.0,0.0,145.31673443508157,nan,nan,nan,nan,nan,1.0,0.15,nan,nan,nan,nan
2905,0.6711111111111111,213.0,173.0,23.0,0.8670520231213873,16.0,0.0,138.33485204696652,nan,nan,nan,nan,nan,1.0,0.15,nan,nan,nan,nan
2906,0.6755555555555556,196.0,161.0,10.0,0.937888198757764,15.0,0.0,143.87263476562504,nan,nan,nan,nan,nan,1.0,0.15,nan,nan,nan,nan
2907,0.6622222222222223,199.0,165.0,17.0,0.896969696969697,15.0,0.0,138.54250362110145,nan,nan,nan,nan,nan,1.0,0.15,nan,nan,nan,nan
2908,0.6177777777777778,186.0,146.0,8.0,0.9452054794520548,14.0,0.0,131.7191016812325,nan,nan,nan,nan,nan,1.0,0.15,nan,nan,nan,nan
2909,0.68,199.0,164.0,12.0,0.926829268292683,16.0,0.0,143.71343246364603,nan,nan,nan,nan,nan,1.0,0.15,nan,nan,nan,nan
2910,0.6488888888888888,206.0,167.0,22.0,0.8682634730538922,16.0,0.0,133.08998974466328,nan,nan,nan,nan,nan,1.0,0.15,nan,nan,nan,nan
2911,0.6755555555555556,202.0,163.0,12.0,0.9263803680981595,15.0,0.0,142.7899947605133,nan,nan,nan,nan,nan,1.0,0.15,nan,nan,nan,nan
2912,0.6755555555555556,204.0,166.0,15.0,0.9096385542168675,15.0,0.0,142.2232573432923,3.9090244472026825,-0.0041627599857747555,7.149551510810852,2.50416961312294,0.00016831501739034138,1.0,0.15,nan,nan,nan,nan
2913,0.7155555555555555,215.0,174.0,14.0,0.9195402298850575,16.0,0.0,151.10297546672805,nan,nan,nan,nan,nan,1.0,0.15,nan,nan,nan,nan
2914,0.5511111111111111,160.0,130.0,7.0,0.9461538461538461,13.0,0.0,117.48233595228209,nan,nan,nan,nan,nan,1.0,0.15,nan,nan,nan,nan
2915,0.6488888888888888,196.0,157.0,12.0,0.9235668789808917,16.0,0.0,136.7125405101777,nan,nan,nan,nan,nan,1.0,0.15,nan,nan,nan,nan
2916,0.6355555555555555,201.0,160.0,18.0,0.8875,16.0,0.0,131.74242672157288,nan,nan,nan,nan,nan,1.0,0.15,nan,nan,nan,nan
2917,0.7155555555555555,209.0,172.0,12.0,0.9302325581395349,16.0,0.0,151.76234945487974,nan,nan,nan,nan,nan,1.0,0.15,nan,nan,nan,nan
2918,0.64,192.0,161.0,18.0,0.8881987577639752,15.0,0.0,133.44768780040752,nan,nan,nan,nan,nan,1.0,0.15,nan,nan,nan,nan
2919,0.6755555555555556,203.0,166.0,15.0,0.9096385542168675,16.0,0.0,141.7769520807266,nan,nan,nan,nan,nan,1.0,0.15,nan,nan,nan,nan
2920,0.6844444444444444,214.0,170.0,17.0,0.9,15.0,0.0,143.45672698307033,nan,nan,nan,nan,nan,1.0,0.15,nan,nan,nan,nan
2921,0.6622222222222223,195.0,160.0,12.0,0.925,15.0,0.0,139.9291913862228,nan,nan,nan,nan,nan,1.0,0.15,nan,nan,nan,nan
2922,0.6888888888888889,209.0,165.0,11.0,0.9333333333333333,16.0,0.0,145.95257466936104,nan,nan,nan,nan,nan,1.0,0.15,nan,nan,nan,nan
2923,0.6711111111111111,206.0,167.0,17.0,0.8982035928143712,15.0,0.0,140.60946376848227,nan,nan,nan,nan,nan,1.0,0.15,nan,nan,nan,nan
2924,0.7066666666666667,199.0,165.0,7.0,0.9575757575757575,16.0,0.0,151.3031274943352,nan,nan,nan,nan,nan,1.0,0.15,nan,nan,nan,nan
2925,0.6933333333333334,209.0,171.0,16.0,0.9064327485380117,15.0,0.0,145.6030196943282,nan,nan,nan,nan,nan,1.0,0.15,nan,nan,nan,nan
2926,0.6222222222222222,185.0,149.0,10.0,0.9328859060402684,15.0,0.0,131.85333835649496,nan,nan,nan,nan,nan,1.0,0.15,nan,nan,nan,nan
2927,0.6888888888888889,208.0,166.0,12.0,0.927710843373494,15.0,0.0,145.98772979688636,nan,nan,nan,nan,nan,1.0,0.15,nan,nan,nan,nan
2928,0.6711111111111111,210.0,165.0,15.0,0.9090909090909091,15.0,0.0,140.96085166168209,7.04969584941864,-0.004983493825420737,13.41426894068718,2.56771919131279,0.00029370518859650474,1.0,0.15,nan,nan,nan,nan
2929,0.6888888888888889,210.0,169.0,15.0,0.9112426035502958,16.0,0.0,144.8836682028769,nan,nan,nan,nan,nan,1.0,0.15,nan,nan,nan,nan
2930,0.5644444444444444,167.0,133.0,7.0,0.9473684210526315,13.0,0.0,120.42707746171953,nan,nan,nan,nan,nan,1.0,0.15,nan,nan,nan,nan
2931,0.68,214.0,169.0,17.0,0.8994082840236687,15.0,0.0,142.517051791668,nan,nan,nan,nan,nan,1.0,0.15,nan,nan,nan,nan
2932,0.6577777777777778,198.0,163.0,16.0,0.901840490797546,15.0,0.0,137.75228535604475,nan,nan,nan,nan,nan,1.0,0.15,nan,nan,nan,nan
2933,0.6577777777777778,211.0,167.0,20.0,0.8802395209580839,16.0,0.0,136.17249225330352,nan,nan,nan,nan,nan,1.0,0.15,nan,nan,nan,nan
2934,0.6711111111111111,200.0,166.0,16.0,0.9036144578313253,16.0,0.0,140.60663916683205,nan,nan,nan,nan,nan,1.0,0.15,nan,nan,nan,nan
2935,0.6666666666666666,197.0,160.0,11.0,0.93125,15.0,0.0,141.38027341651912,nan,nan,nan,nan,nan,1.0,0.15,nan,nan,nan,nan
2936,0.6355555555555555,196.0,159.0,17.0,0.8930817610062893,16.0,0.0,132.18281238269807,nan,nan,nan,nan,nan,1.0,0.15,nan,nan,nan,nan
2937,0.6711111111111111,213.0,168.0,18.0,0.8928571428571429,16.0,0.0,139.84411951541892,nan,nan,nan,nan,nan,1.0,0.15,nan,nan,nan,nan
2938,0.6044444444444445,175.0,142.0,7.0,0.9507042253521126,14.0,0.0,129.1244696598054,nan,nan,nan,nan,nan,1.0,0.15,nan,nan,nan,nan
2939,0.7288888888888889,216.0,174.0,11.0,0.9367816091954023,16.0,0.0,155.06858325576763,nan,nan,nan,nan,nan,1.0,0.15,nan,nan,nan,nan
2940,0.6666666666666666,204.0,168.0,19.0,0.8869047619047619,16.0,0.0,138.4388826622963,nan,nan,nan,nan,nan,1.0,0.15,nan,nan,nan,nan
2941,0.6222222222222222,183.0,152.0,13.0,0.9144736842105263,13.0,0.0,131.72964447879804,nan,nan,nan,nan,nan,1.0,0.15,nan,nan,nan,nan
2942,0.6,177.0,147.0,13.0,0.9115646258503401,14.0,0.0,126.36929644393923,nan,nan,nan,nan,nan,1.0,0.15,nan,nan,nan,nan
2943,0.6755555555555556,212.0,173.0,22.0,0.8728323699421965,16.0,0.0,139.171165608883,nan,nan,nan,nan,nan,1.0,0.15,nan,nan,nan,nan
2944,0.6711111111111111,204.0,166.0,16.0,0.9036144578313253,16.0,0.0,140.5457968506813,7.877650201320648,0.0011226905044168234,15.086355209350586,2.464758664369583,0.0010075787658934132,1.0,0.15,nan,nan,nan,nan
2945,0.6577777777777778,209.0,168.0,21.0,0.875,16.0,0.0,135.967829744339,nan,nan,nan,nan,nan,1.0,0.15,nan,nan,nan,nan
2946,0.6755555555555556,207.0,165.0,14.0,0.9151515151515152,16.0,0.0,142.08530836486815,nan,nan,nan,nan,nan,1.0,0.15,nan,nan,nan,nan
2947,0.7288888888888889,208.0,172.0,9.0,0.9476744186046512,16.0,0.0,155.75229402923566,nan,nan,nan,nan,nan,1.0,0.15,nan,nan,nan,nan
2948,0.6933333333333334,204.0,166.0,11.0,0.9337349397590361,15.0,0.0,147.34447154760355,nan,nan,nan,nan,nan,1.0,0.15,nan,nan,nan,nan
2949,0.7022222222222222,218.0,176.0,19.0,0.8920454545454546,16.0,0.0,146.5882827792167,nan,nan,nan,nan,nan,1.0,0.15,nan,nan,nan,nan
2950,0.7288888888888889,210.0,174.0,11.0,0.9367816091954023,16.0,0.0,155.15656170511247,nan,nan,nan,nan,nan,1.0,0.15,nan,nan,nan,nan
2951,0.6533333333333333,212.0,171.0,25.0,0.8538011695906432,16.0,0.0,133.4817197036743,nan,nan,nan,nan,nan,1.0,0.15,nan,nan,nan,nan
2952,0.6755555555555556,204.0,166.0,15.0,0.9096385542168675,15.0,0.0,141.82820646762858,nan,nan,nan,nan,nan,1.0,0.15,nan,nan,nan,nan
2953,0.68,200.0,166.0,14.0,0.9156626506024096,16.0,0.0,143.12885671854016,nan,nan,nan,nan,nan,1.0,0.15,nan,nan,nan,nan
2954,0.5688888888888889,170.0,136.0,9.0,0.9338235294117647,13.0,0.0,120.93256976699831,nan,nan,nan,nan,nan,1.0,0.15,nan,nan,nan,nan
2955,0.68,223.0,173.0,21.0,0.8786127167630058,16.0,0.0,140.94925784683224,nan,nan,nan,nan,nan,1.0,0.15,nan,nan,nan,nan
2956,0.6844444444444444,207.0,166.0,13.0,0.9216867469879518,15.0,0.0,144.88046860885618,nan,nan,nan,nan,nan,1.0,0.15,nan,nan,nan,nan
2957,0.6977777777777778,220.0,175.0,19.0,0.8914285714285715,16.0,0.0,145.37776079702383,nan,nan,nan,nan,nan,1.0,0.15,nan,nan,nan,nan
2958,0.6977777777777778,207.0,168.0,12.0,0.9285714285714286,16.0,0.0,147.64518358182906,nan,nan,nan,nan,nan,1.0,0.15,nan,nan,nan,nan
2959,0.6844444444444444,201.0,166.0,13.0,0.9216867469879518,16.0,0.0,144.57380931758877,nan,nan,nan,nan,nan,1.0,0.15,nan,nan,nan,nan
2960,0.64,194.0,158.0,15.0,0.9050632911392406,15.0,0.0,134.35727878093715,8.450369358062744,-0.002846900839358568,16.226555347442627,2.5179851353168488,0.0005735566810471937,1.0,0.15,nan,nan,nan,nan
2961,0.68,214.0,176.0,24.0,0.8636363636363636,15.0,0.0,140.36582402801508,nan,nan,nan,nan,nan,1.0,0.15,nan,nan,nan,nan
2962,0.6844444444444444,211.0,168.0,15.0,0.9107142857142857,16.0,0.0,143.7687580957412,nan,nan,nan,nan,nan,1.0,0.15,nan,nan,nan,nan
2963,0.6222222222222222,196.0,152.0,13.0,0.9144736842105263,15.0,0.0,130.25608528709412,nan,nan,nan,nan,nan,1.0,0.15,nan,nan,nan,nan
2964,0.6977777777777778,217.0,179.0,23.0,0.8715083798882681,16.0,0.0,144.41254071140278,nan,nan,nan,nan,nan,1.0,0.15,nan,nan,nan,nan
2965,0.6755555555555556,207.0,171.0,20.0,0.8830409356725146,16.0,0.0,140.29523741626758,nan,nan,nan,nan,nan,1.0,0.15,nan,nan,nan,nan
2966,0.6622222222222223,232.0,174.0,26.0,0.8505747126436781,16.0,0.0,134.8429859571457,nan,nan,nan,nan,nan,1.0,0.15,nan,nan,nan,nan
2967,0.6577777777777778,204.0,166.0,19.0,0.8855421686746988,16.0,0.0,136.63099955320362,nan,nan,nan,nan,nan,1.0,0.15,nan,nan,nan,nan
2968,0.56,159.0,134.0,9.0,0.9328358208955224,13.0,0.0,119.04196204566958,nan,nan,nan,nan,nan,1.0,0.15,nan,nan,nan,nan
2969,0.7022222222222222,197.0,165.0,8.0,0.9515151515151515,16.0,0.0,150.11621462106697,nan,nan,nan,nan,nan,1.0,0.15,nan,nan,nan,nan
2970,0.6133333333333333,178.0,144.0,7.0,0.9513888888888888,14.0,0.0,131.18856240892418,nan,nan,nan,nan,nan,1.0,0.15,nan,nan,nan,nan
2971,0.6177777777777778,180.0,151.0,13.0,0.9139072847682119,14.0,0.0,130.46126145172127,nan,nan,nan,nan,nan,1.0,0.15,nan,nan,nan,nan
2972,0.68,207.0,169.0,17.0,0.8994082840236687,15.0,0.0,142.54774243545518,nan,nan,nan,nan,nan,1.0,0.15,nan,nan,nan,nan
2973,0.6266666666666667,204.0,161.0,21.0,0.8695652173913043,16.0,0.0,128.81363322114947,nan,nan,nan,nan,nan,1.0,0.15,nan,nan,nan,nan
2974,0.6977777777777778,205.0,173.0,17.0,0.9017341040462428,16.0,0.0,145.933854777336,nan,nan,nan,nan,nan,1.0,0.15,nan,nan,nan,nan
2975,0.7022222222222222,218.0,176.0,19.0,0.8920454545454546,16.0,0.0,146.50849591827378,nan,nan,nan,nan,nan,1.0,0.15,nan,nan,nan,nan
2976,0.6844444444444444,210.0,168.0,15.0,0.9107142857142857,16.0,0.0,143.70820033597943,6.446470499038696,-0.006745948572643101,12.220425724983215,2.5377838015556335,0.00024192104410758475,1.0,0.15,nan,nan,nan,nan
2977,0.6844444444444444,202.0,169.0,16.0,0.9053254437869822,16.0,0.0,143.701520318508,nan,nan,nan,nan,nan,1.0,0.15,nan,nan,nan,nan
2978,0.6666666666666666,208.0,167.0,18.0,0.8922155688622755,16.0,0.0,138.66473851680746,nan,nan,nan,nan,nan,1.0,0.15,nan,nan,nan,nan
2979,0.6488888888888888,198.0,162.0,17.0,0.8950617283950617,16.0,0.0,135.276075723648,nan,nan,nan,nan,nan,1.0,0.15,nan,nan,nan,nan
2980,0.68,216.0,171.0,19.0,0.8888888888888888,16.0,0.0,141.38342119979865,nan,nan,nan,nan,nan,1.0,0.15,nan,nan,nan,nan
2981,0.6755555555555556,214.0,173.0,22.0,0.8728323699421965,16.0,0.0,139.45414363670346,nan,nan,nan,nan,nan,1.0,0.15,nan,nan,nan,nan
2982,0.6666666666666666,204.0,162.0,13.0,0.9197530864197531,16.0,0.0,140.3879082226752,nan,nan,nan,nan,nan,1.0,0.15,nan,nan,nan,nan
2983,0.7022222222222222,215.0,175.0,18.0,0.8971428571428571,16.0,0.0,146.99821198606483,nan,nan,nan,nan,nan,1.0,0.15,nan,nan,nan,nan
2984,0.6444444444444445,202.0,159.0,15.0,0.9056603773584906,16.0,0.0,134.61134447193146,nan,nan,nan,nan,nan,1.0,0.15,nan,nan,nan,nan
2985,0.5822222222222222,182.0,141.0,11.0,0.9219858156028369,14.0,0.0,122.63420333433159,nan,nan,nan,nan,nan,1.0,0.15,nan,nan,nan,nan
2986,0.6844444444444444,215.0,174.0,21.0,0.8793103448275862,16.0,0.0,142.08291531562804,nan,nan,nan,nan,nan,1.0,0.15,nan,nan,nan,nan
2987,0.6488888888888888,181.0,150.0,5.0,0.9666666666666667,14.0,0.0,139.82785907220847,nan,nan,nan,nan,nan,1.0,0.15,nan,nan,nan,nan
2988,0.6266666666666667,186.0,155.0,15.0,0.9032258064516129,15.0,0.0,131.35359059953694,nan,nan,nan,nan,nan,1.0,0.15,nan,nan,nan,nan
2989,0.6933333333333334,209.0,168.0,13.0,0.9226190476190477,16.0,0.0,146.23791489267344,nan,nan,nan,nan,nan,1.0,0.15,nan,nan,nan,nan
2990,0.6844444444444444,212.0,169.0,16.0,0.9053254437869822,16.0,0.0,143.46947584390634,nan,nan,nan,nan,nan,1.0,0.15,nan,nan,nan,nan
2991,0.7022222222222222,216.0,175.0,18.0,0.8971428571428571,16.0,0.0,146.90200308704377,nan,nan,nan,nan,nan,1.0,0.15,nan,nan,nan,nan
2992,0.5955555555555555,175.0,147.0,14.0,0.9047619047619048,14.0,0.0,125.07676956081397,5.4929269552230835,-0.0031730763148516417,10.31464296579361,2.504866808652878,0.0009818491707846988,1.0,0.15,nan,nan,nan,nan
2993,0.7066666666666667,204.0,166.0,8.0,0.9518072289156626,16.0,0.0,151.02597355270373,nan,nan,nan,nan,nan,1.0,0.15,nan,nan,nan,nan
2994,0.68,203.0,167.0,15.0,0.9101796407185628,16.0,0.0,142.95140766859058,nan,nan,nan,nan,nan,1.0,0.15,nan,nan,nan,nan
2995,0.6933333333333334,216.0,171.0,16.0,0.9064327485380117,16.0,0.0,145.28395372152315,nan,nan,nan,nan,nan,1.0,0.15,nan,nan,nan,nan
2996,0.7155555555555555,222.0,176.0,16.0,0.9090909090909091,16.0,0.0,150.18891956996904,nan,nan,nan,nan,nan,1.0,0.15,nan,nan,nan,nan
2997,0.6755555555555556,205.0,161.0,10.0,0.937888198757764,16.0,0.0,143.220851750374,nan,nan,nan,nan,nan,1.0,0.15,nan,nan,nan,nan
2998,0.6977777777777778,212.0,174.0,18.0,0.896551724137931,16.0,0.0,145.8658039197922,nan,nan,nan,nan,nan,1.0,0.15,nan,nan,nan,nan
2999,0.6844444444444444,215.0,167.0,14.0,0.9161676646706587,16.0,0.0,143.75821045923243,nan,nan,nan,nan,nan,1.0,0.15,nan,nan,nan,nan
3000,0.6755555555555556,207.0,168.0,17.0,0.8988095238095238,16.0,0.0,141.15004254531868,2.7312082052230835,8.526698150035372e-05,4.8013612031936646,2.443023681640625,0.00010371934848318887,1.0,0.15,0.6940444444444444,0.6346666666666667,0.9461489043597244,0.0
