episode,global_step,epsilon,reward,coverage,final_health,length,new_tile_rate,revisit_rate,wall_hit_rate,turn_streak_rate,hazard_contact_rate,action_forward_rate,action_left_rate,action_right_rate,max_no_new_tile_streak,stagnation_step_rate,coverage_gain_25,energy_spent,coverage_gain_per_energy,new_tiles_per_energy,turn_oscillation_rate,forward_after_turn_success_rate,coverage_at_step_50,coverage_at_step_100,coverage_at_step_150,mean_loss,mean_q_loss,mean_aux_loss,aux_weight,eval_reward_mean,eval_coverage_mean,eval_final_health_mean,eval_length_mean,eval_survival_rate,eval_death_rate,eval_new_tile_rate_mean,eval_revisit_rate_mean,eval_wall_hit_rate_mean,eval_turn_streak_rate_mean,eval_hazard_contact_rate_mean,eval_action_forward_rate_mean,eval_action_left_rate_mean,eval_action_right_rate_mean,eval_max_no_new_tile_streak_mean,eval_stagnation_step_rate_mean,eval_coverage_gain_25_mean,eval_energy_spent_mean,eval_coverage_gain_per_energy_mean,eval_new_tiles_per_energy_mean,eval_turn_oscillation_rate_mean,eval_forward_after_turn_success_rate_mean,eval_coverage_at_step_50_mean,eval_coverage_at_step_100_mean,eval_coverage_at_step_150_mean,holdout_eval_reward_mean,holdout_eval_coverage_mean,holdout_eval_final_health_mean,holdout_eval_length_mean,holdout_eval_survival_rate,holdout_eval_death_rate,holdout_eval_new_tile_rate_mean,holdout_eval_revisit_rate_mean,holdout_eval_wall_hit_rate_mean,holdout_eval_turn_streak_rate_mean,holdout_eval_hazard_contact_rate_mean,holdout_eval_action_forward_rate_mean,holdout_eval_action_left_rate_mean,holdout_eval_action_right_rate_mean,holdout_eval_max_no_new_tile_streak_mean,holdout_eval_stagnation_step_rate_mean,holdout_eval_coverage_gain_25_mean,holdout_eval_energy_spent_mean,holdout_eval_coverage_gain_per_energy_mean,holdout_eval_new_tiles_per_energy_mean,holdout_eval_turn_oscillation_rate_mean,holdout_eval_forward_after_turn_success_rate_mean,holdout_eval_coverage_at_step_50_mean,holdout_eval_coverage_at_step_100_mean,holdout_eval_coverage_at_step_150_mean,eval_soft_score
1,174,0.9981633333333333,-10.147425324439997,0.3422222222222222,0,174,0.4367816091954023,0.06321839080459771,0.20114942528735633,0.05747126436781609,0.0,0.7011494252873564,0.15517241379310345,0.14367816091954022,46.0,0.25862068965517243,0.04862433862433862,120.98500308990455,0.0027918979142131646,0.628177030697962,0.0,0.6190476190476191,0.13333333333333333,0.26222222222222225,0.28,0.0,0.0,0.0,0.149875,-471.7,0.0044444444444444444,3.0,250.0,1.0,0.0,0.0,0.0,0.0,0.9960000000000001,0.0,0.0,0.0,1.0,250.0,0.9800000000000001,0.0,74.99999999999964,0.0,0.0,0.0,0.0,0.0044444444444444444,0.0044444444444444444,0.0044444444444444444,-443.98332876539223,0.0044444444444444444,2.7,240.7,0.9,0.1,0.0,0.0,0.0,0.9957630573248408,0.0,0.0,0.0,1.0,240.7,0.9788152866242038,0.0,77.53932157516451,0.0,0.0,0.0,0.0,0.0044444444444444444,0.0044444444444444444,0.0044444444444444444,-0.07111111111111111
2,323,0.9965905555555555,-6.288579624176029,0.26666666666666666,0,149,0.3959731543624161,0.053691275167785234,0.2214765100671141,0.053691275167785234,0.0,0.6711409395973155,0.15436241610738255,0.174496644295302,56.0,0.3691275167785235,0.0442283950617284,100.7102821350096,0.002603728404520741,0.5858388910171667,0.0,0.5853658536585366,0.1111111111111111,0.1111111111111111,nan,0.0,0.0,0.0,0.14975,nan,nan,nan,nan,nan,nan,nan,nan,nan,nan,nan,nan,nan,nan,nan,nan,nan,nan,nan,nan,nan,nan,nan,nan,nan,nan,nan,nan,nan,nan,nan,nan,nan,nan,nan,nan,nan,nan,nan,nan,nan,nan,nan,nan,nan,nan,nan,nan,nan,nan,nan
3,452,0.9952288888888889,-7.844415769577028,0.21777777777777776,0,129,0.37209302325581395,0.023255813953488372,0.26356589147286824,0.06976744186046512,0.007751937984496124,0.6589147286821705,0.17054263565891473,0.17054263565891473,22.0,0.2558139534883721,0.035555555555555556,90.28967399597144,0.0023627655732022233,0.5316222539705002,0.007751937984496124,0.6571428571428571,0.14666666666666667,0.21333333333333335,nan,0.0,0.0,0.0,0.149625,nan,nan,nan,nan,nan,nan,nan,nan,nan,nan,nan,nan,nan,nan,nan,nan,nan,nan,nan,nan,nan,nan,nan,nan,nan,nan,nan,nan,nan,nan,nan,nan,nan,nan,nan,nan,nan,nan,nan,nan,nan,nan,nan,nan,nan,nan,nan,nan,nan,nan,nan
4,548,0.9942155555555555,-3.447267048597336,0.22666666666666666,0,96,0.5208333333333334,0.020833333333333332,0.14583333333333334,0.08333333333333333,0.010416666666666666,0.6875,0.14583333333333334,0.16666666666666666,9.0,0.07291666666666667,0.05703703703703703,70.77397189140315,0.0031398862644476696,0.7064744095007257,0.0,0.7727272727272727,0.12,nan,nan,0.0,0.0,0.0,0.1495,nan,nan,nan,nan,nan,nan,nan,nan,nan,nan,nan,nan,nan,nan,nan,nan,nan,nan,nan,nan,nan,nan,nan,nan,nan,nan,nan,nan,nan,nan,nan,nan,nan,nan,nan,nan,nan,nan,nan,nan,nan,nan,nan,nan,nan,nan,nan,nan,nan,nan,nan
5,707,0.9925372222222222,-8.971600780963898,0.2222222222222222,0,159,0.3081761006289308,0.05660377358490566,0.2893081761006289,0.06918238993710692,0.0,0.6540880503144654,0.16981132075471697,0.1761006289308176,52.0,0.4025157232704403,0.03111111111111111,100.21524553298923,0.0021731002765052235,0.48894756221367536,0.0,0.4318181818181818,0.13777777777777778,0.15555555555555556,0.2222222222222222,0.0,0.0,0.0,0.149375,nan,nan,nan,nan,nan,nan,nan,nan,nan,nan,nan,nan,nan,nan,nan,nan,nan,nan,nan,nan,nan,nan,nan,nan,nan,nan,nan,nan,nan,nan,nan,nan,nan,nan,nan,nan,nan,nan,nan,nan,nan,nan,nan,nan,nan,nan,nan,nan,nan,nan,nan
6,870,0.9908166666666667,-1.739165913105011,0.4088888888888889,0,163,0.558282208588957,0.04294478527607362,0.07975460122699386,0.03680981595092025,0.006134969325153374,0.6809815950920245,0.147239263803681,0.17177914110429449,19.0,0.08588957055214724,0.05777777777777778,110.10634202957124,0.003673216610318622,0.8264737373216898,0.0,0.8478260869565217,0.1511111111111111,0.3022222222222222,0.4088888888888889,0.0,0.0,0.0,0.14925,nan,nan,nan,nan,nan,nan,nan,nan,nan,nan,nan,nan,nan,nan,nan,nan,nan,nan,nan,nan,nan,nan,nan,nan,nan,nan,nan,nan,nan,nan,nan,nan,nan,nan,nan,nan,nan,nan,nan,nan,nan,nan,nan,nan,nan,nan,nan,nan,nan,nan,nan
7,1016,0.9892755555555556,-7.188512878894807,0.24444444444444444,0,146,0.3698630136986301,0.07534246575342465,0.17123287671232876,0.1095890410958904,0.00684931506849315,0.6164383561643836,0.18493150684931506,0.19863013698630136,42.0,0.2945205479452055,0.04112874779541446,90.0715512275694,0.002664548314413175,0.5995233707429644,0.00684931506849315,0.6,0.1511111111111111,0.2088888888888889,nan,0.0,0.0,0.0,0.149125,nan,nan,nan,nan,nan,nan,nan,nan,nan,nan,nan,nan,nan,nan,nan,nan,nan,nan,nan,nan,nan,nan,nan,nan,nan,nan,nan,nan,nan,nan,nan,nan,nan,nan,nan,nan,nan,nan,nan,nan,nan,nan,nan,nan,nan,nan,nan,nan,nan,nan,nan
8,1125,0.988125,-6.374858927011492,0.2222222222222222,-2,109,0.44954128440366975,0.01834862385321101,0.21100917431192662,0.06422018348623854,0.01834862385321101,0.6788990825688074,0.1743119266055046,0.14678899082568808,23.0,0.25688073394495414,0.05619753086419752,72.86532311439503,0.0029887711804403474,0.6724735155990782,0.0,0.5357142857142857,0.09777777777777778,0.18666666666666668,nan,0.0,0.0,0.0,0.149,nan,nan,nan,nan,nan,nan,nan,nan,nan,nan,nan,nan,nan,nan,nan,nan,nan,nan,nan,nan,nan,nan,nan,nan,nan,nan,nan,nan,nan,nan,nan,nan,nan,nan,nan,nan,nan,nan,nan,nan,nan,nan,nan,nan,nan,nan,nan,nan,nan,nan,nan
9,1229,0.9870272222222223,-0.918661178350449,0.28,0,104,0.5961538461538461,0.04807692307692308,0.009615384615384616,0.057692307692307696,0.009615384615384616,0.6538461538461539,0.20192307692307693,0.14423076923076922,6.0,0.009615384615384616,0.06444444444444446,70.13963027000412,0.0039286713444995095,0.8839510525123896,0.0,0.8275862068965517,0.15555555555555556,0.27111111111111114,nan,0.0,0.0,0.0,0.148875,nan,nan,nan,nan,nan,nan,nan,nan,nan,nan,nan,nan,nan,nan,nan,nan,nan,nan,nan,nan,nan,nan,nan,nan,nan,nan,nan,nan,nan,nan,nan,nan,nan,nan,nan,nan,nan,nan,nan,nan,nan,nan,nan,nan,nan,nan,nan,nan,nan,nan,nan
10,1352,0.9857288888888889,-4.744395280599595,0.24,-1,123,0.43089430894308944,0.056910569105691054,0.1951219512195122,0.04878048780487805,0.008130081300813009,0.6829268292682927,0.13821138211382114,0.17886178861788618,14.0,0.16260162601626016,0.04765217391304348,87.67995505332938,0.0026865382790431875,0.6044711127847172,0.0,0.7575757575757576,0.1288888888888889,0.2088888888888889,nan,0.0,0.0,0.0,0.14875,nan,nan,nan,nan,nan,nan,nan,nan,nan,nan,nan,nan,nan,nan,nan,nan,nan,nan,nan,nan,nan,nan,nan,nan,nan,nan,nan,nan,nan,nan,nan,nan,nan,nan,nan,nan,nan,nan,nan,nan,nan,nan,nan,nan,nan,nan,nan,nan,nan,nan,nan
11,1475,0.9844305555555556,-3.264353859901429,0.31555555555555553,0,123,0.5691056910569106,0.008130081300813009,0.11382113821138211,0.04065040650406504,0.008130081300813009,0.6910569105691057,0.13008130081300814,0.17886178861788618,10.0,0.07317073170731707,0.06268599033816424,92.20337009429919,0.0033741837287826716,0.7591913389761011,0.0,0.8181818181818182,0.13777777777777778,0.28888888888888886,nan,0.0,0.0,0.0,0.148625,nan,nan,nan,nan,nan,nan,nan,nan,nan,nan,nan,nan,nan,nan,nan,nan,nan,nan,nan,nan,nan,nan,nan,nan,nan,nan,nan,nan,nan,nan,nan,nan,nan,nan,nan,nan,nan,nan,nan,nan,nan,nan,nan,nan,nan,nan,nan,nan,nan,nan,nan
12,1602,0.98309,-13.542727298021315,0.15555555555555556,0,127,0.2677165354330709,0.015748031496062992,0.3464566929133858,0.11811023622047244,0.0,0.6299212598425197,0.2047244094488189,0.16535433070866143,39.0,0.4409448818897638,0.025185185185185185,100.34025998115514,0.0015059868405711847,0.33884703912851655,0.0,0.40625,0.1288888888888889,0.15555555555555556,nan,0.0,0.0,0.0,0.1485,nan,nan,nan,nan,nan,nan,nan,nan,nan,nan,nan,nan,nan,nan,nan,nan,nan,nan,nan,nan,nan,nan,nan,nan,nan,nan,nan,nan,nan,nan,nan,nan,nan,nan,nan,nan,nan,nan,nan,nan,nan,nan,nan,nan,nan,nan,nan,nan,nan,nan,nan
13,1763,0.9813905555555555,-14.03681852006912,0.24444444444444444,0,161,0.33540372670807456,0.043478260869565216,0.2919254658385093,0.09937888198757763,0.0,0.6708074534161491,0.14285714285714285,0.18633540372670807,42.0,0.2981366459627329,0.03428571428571429,110.00779542922947,0.0021816635726910594,0.4908743038554884,0.006211180124223602,0.6216216216216216,0.1288888888888889,0.23555555555555555,0.24444444444444444,0.0,0.0,0.0,0.148375,nan,nan,nan,nan,nan,nan,nan,nan,nan,nan,nan,nan,nan,nan,nan,nan,nan,nan,nan,nan,nan,nan,nan,nan,nan,nan,nan,nan,nan,nan,nan,nan,nan,nan,nan,nan,nan,nan,nan,nan,nan,nan,nan,nan,nan,nan,nan,nan,nan,nan,nan
14,1878,0.9801766666666667,-4.959941800355912,0.23555555555555555,0,115,0.45217391304347826,0.017391304347826087,0.17391304347826086,0.05217391304347826,0.017391304347826087,0.6434782608695652,0.1391304347826087,0.21739130434782608,20.0,0.2,0.047407407407407405,80.7137314319609,0.0028633431636837458,0.6442522118288428,0.0,0.6857142857142857,0.16,0.22666666666666666,nan,0.0,0.0,0.0,0.14825,nan,nan,nan,nan,nan,nan,nan,nan,nan,nan,nan,nan,nan,nan,nan,nan,nan,nan,nan,nan,nan,nan,nan,nan,nan,nan,nan,nan,nan,nan,nan,nan,nan,nan,nan,nan,nan,nan,nan,nan,nan,nan,nan,nan,nan,nan,nan,nan,nan,nan,nan
15,2022,0.9786566666666666,-1.3058139147758487,0.37333333333333335,0,144,0.5763888888888888,0.041666666666666664,0.0625,0.04861111111111111,0.0,0.6805555555555556,0.1527777777777778,0.16666666666666666,13.0,0.05555555555555555,0.06382066276803118,100.25537061691263,0.003679492546074724,0.8278858228668128,0.006944444444444444,0.8157894736842105,0.1511111111111111,0.28,nan,0.0,0.0,0.0,0.148125,nan,nan,nan,nan,nan,nan,nan,nan,nan,nan,nan,nan,nan,nan,nan,nan,nan,nan,nan,nan,nan,nan,nan,nan,nan,nan,nan,nan,nan,nan,nan,nan,nan,nan,nan,nan,nan,nan,nan,nan,nan,nan,nan,nan,nan,nan,nan,nan,nan,nan,nan
16,2158,0.9772211111111111,-10.46926267433166,0.19555555555555557,0,136,0.3161764705882353,0.029411764705882353,0.27205882352941174,0.1323529411764706,0.0,0.6176470588235294,0.16911764705882354,0.21323529411764705,42.0,0.3235294117647059,0.03656565656565657,100.50726356506352,0.0019014656685722527,0.42782977542875683,0.007352941176470588,0.5294117647058824,0.08444444444444445,0.1288888888888889,nan,0.0,0.0,0.0,0.148,nan,nan,nan,nan,nan,nan,nan,nan,nan,nan,nan,nan,nan,nan,nan,nan,nan,nan,nan,nan,nan,nan,nan,nan,nan,nan,nan,nan,nan,nan,nan,nan,nan,nan,nan,nan,nan,nan,nan,nan,nan,nan,nan,nan,nan,nan,nan,nan,nan,nan,nan
17,2246,0.9762922222222222,-2.9836422533988953,0.2311111111111111,-1,88,0.5795454545454546,0.011363636363636364,0.10227272727272728,0.022727272727272728,0.022727272727272728,0.6931818181818182,0.13636363636363635,0.17045454545454544,12.0,0.07954545454545454,0.06692307692307692,65.6251643180847,0.0034539596056173657,0.7771409112639074,0.0,0.8,0.11555555555555555,nan,nan,0.0,0.0,0.0,0.147875,nan,nan,nan,nan,nan,nan,nan,nan,nan,nan,nan,nan,nan,nan,nan,nan,nan,nan,nan,nan,nan,nan,nan,nan,nan,nan,nan,nan,nan,nan,nan,nan,nan,nan,nan,nan,nan,nan,nan,nan,nan,nan,nan,nan,nan,nan,nan,nan,nan,nan,nan
18,2352,0.9751733333333333,-2.9488147444725064,0.28,0,106,0.5849056603773585,0.009433962264150943,0.12264150943396226,0.03773584905660377,0.009433962264150943,0.7169811320754716,0.1320754716981132,0.1509433962264151,10.0,0.07547169811320754,0.06918518518518521,80.88394994735705,0.0034068014202434434,0.7665303195547747,0.0,0.8461538461538461,0.11555555555555555,0.2577777777777778,nan,0.0,0.0,0.0,0.14775,nan,nan,nan,nan,nan,nan,nan,nan,nan,nan,nan,nan,nan,nan,nan,nan,nan,nan,nan,nan,nan,nan,nan,nan,nan,nan,nan,nan,nan,nan,nan,nan,nan,nan,nan,nan,nan,nan,nan,nan,nan,nan,nan,nan,nan,nan,nan,nan,nan,nan,nan
19,2446,0.9741811111111112,-2.458068078756333,0.25333333333333335,0,94,0.5957446808510638,0.010638297872340425,0.11702127659574468,0.031914893617021274,0.010638297872340425,0.723404255319149,0.13829787234042554,0.13829787234042554,9.0,0.07446808510638298,0.06678362573099417,70.37207694053642,0.003536756334464835,0.7957701752545878,0.0,0.8695652173913043,0.12444444444444444,nan,nan,0.0,0.0,0.0,0.147625,nan,nan,nan,nan,nan,nan,nan,nan,nan,nan,nan,nan,nan,nan,nan,nan,nan,nan,nan,nan,nan,nan,nan,nan,nan,nan,nan,nan,nan,nan,nan,nan,nan,nan,nan,nan,nan,nan,nan,nan,nan,nan,nan,nan,nan,nan,nan,nan,nan,nan,nan
20,2581,0.9727561111111112,-3.973349961042404,0.3111111111111111,-2,135,0.5111111111111111,0.022222222222222223,0.16296296296296298,0.037037037037037035,0.007407407407407408,0.6962962962962963,0.14074074074074075,0.16296296296296298,13.0,0.1037037037037037,0.052222222222222225,96.17476153373704,0.003188639740573637,0.7174439416290683,0.0,0.7222222222222222,0.1511111111111111,0.28,nan,0.032570036500692366,0.008761062426492572,0.16141677871346474,0.1475,-65.81592469451428,0.035555555555555556,0.0,108.4,0.0,1.0,0.07063109452736319,0.0,0.9293689054726368,0.0,0.0032782515991471215,1.0,0.0,0.0,101.4,0.8789181236673775,0.006585185185185184,95.77642566204055,0.0003293825679460758,0.07411107778786705,0.0,0.0,0.035555555555555556,0.035555555555555556,nan,-59.75608350169658,0.035555555555555556,0.0,103.3,0.0,1.0,0.07287276477297491,0.0,0.927127235227025,0.0,0.00418579179296467,1.0,0.0,0.0,96.3,0.8750752603891858,0.006844444444444445,91.68841430187219,0.00034825944822670354,0.07835837585100829,0.0,0.0,0.035555555555555556,0.035555555555555556,nan,-0.14156729779673066
21,2697,0.9715316666666667,-24.26417547035217,0.08888888888888889,0,116,0.16379310344827586,0.02586206896551724,0.5344827586206896,0.08620689655172414,0.0,0.7241379310344828,0.13793103448275862,0.13793103448275862,65.0,0.6379310344827587,0.01688888888888889,100.22071876525861,0.0008425847018941657,0.18958155792618728,0.0,0.2727272727272727,0.08444444444444445,0.08888888888888889,nan,0.028571277484297754,0.008979212446138262,0.1329402208328247,0.147375,nan,nan,nan,nan,nan,nan,nan,nan,nan,nan,nan,nan,nan,nan,nan,nan,nan,nan,nan,nan,nan,nan,nan,nan,nan,nan,nan,nan,nan,nan,nan,nan,nan,nan,nan,nan,nan,nan,nan,nan,nan,nan,nan,nan,nan,nan,nan,nan,nan,nan,nan
22,2819,0.9702438888888889,-8.416480472564698,0.21777777777777776,0,122,0.39344262295081966,0.00819672131147541,0.2540983606557377,0.05737704918032787,0.00819672131147541,0.6557377049180327,0.1721311475409836,0.1721311475409836,30.0,0.23770491803278687,0.044242424242424236,80.85219497680644,0.0026385595764534396,0.5936759047020239,0.0,0.7142857142857143,0.11555555555555555,0.16,nan,0.03153388947248459,0.008723858837038278,0.15490683242678643,0.14725,nan,nan,nan,nan,nan,nan,nan,nan,nan,nan,nan,nan,nan,nan,nan,nan,nan,nan,nan,nan,nan,nan,nan,nan,nan,nan,nan,nan,nan,nan,nan,nan,nan,nan,nan,nan,nan,nan,nan,nan,nan,nan,nan,nan,nan,nan,nan,nan,nan,nan,nan
23,2941,0.9689561111111111,-3.8691046211719518,0.28444444444444444,0,122,0.5163934426229508,0.03278688524590164,0.18032786885245902,0.03278688524590164,0.00819672131147541,0.7295081967213115,0.13934426229508196,0.13114754098360656,10.0,0.09016393442622951,0.057090909090909095,90.11528210639943,0.0031071311486258572,0.6991045084408178,0.0,0.8214285714285714,0.13333333333333333,0.24444444444444444,nan,0.029639863409101963,0.00798396987374872,0.1471938319504261,0.147125,nan,nan,nan,nan,nan,nan,nan,nan,nan,nan,nan,nan,nan,nan,nan,nan,nan,nan,nan,nan,nan,nan,nan,nan,nan,nan,nan,nan,nan,nan,nan,nan,nan,nan,nan,nan,nan,nan,nan,nan,nan,nan,nan,nan,nan,nan,nan,nan,nan,nan,nan
24,3084,0.9674466666666667,-7.899150198459628,0.25333333333333335,0,143,0.3916083916083916,0.04195804195804196,0.25874125874125875,0.04895104895104895,0.0,0.6923076923076923,0.16783216783216784,0.13986013986013987,30.0,0.3076923076923077,0.04148148148148149,100.43952569961526,0.002477997453246061,0.5575494269803637,0.0,0.5135135135135135,0.17333333333333334,0.24444444444444444,nan,0.02678389325737953,0.006631630240008235,0.13709022626280784,0.147,nan,nan,nan,nan,nan,nan,nan,nan,nan,nan,nan,nan,nan,nan,nan,nan,nan,nan,nan,nan,nan,nan,nan,nan,nan,nan,nan,nan,nan,nan,nan,nan,nan,nan,nan,nan,nan,nan,nan,nan,nan,nan,nan,nan,nan,nan,nan,nan,nan,nan,nan
25,3274,0.9654411111111111,-26.84919275856018,0.2,0,190,0.23157894736842105,0.031578947368421054,0.37894736842105264,0.042105263157894736,0.0,0.6421052631578947,0.19473684210526315,0.1631578947368421,118.0,0.5947368421052631,0.024444444444444446,120.6589786529537,0.0016207294122555413,0.3646641177574968,0.0,0.3,0.14666666666666667,0.2,0.2,0.024380342848598958,0.00721628125756979,0.1168616995215416,0.146875,nan,nan,nan,nan,nan,nan,nan,nan,nan,nan,nan,nan,nan,nan,nan,nan,nan,nan,nan,nan,nan,nan,nan,nan,nan,nan,nan,nan,nan,nan,nan,nan,nan,nan,nan,nan,nan,nan,nan,nan,nan,nan,nan,nan,nan,nan,nan,nan,nan,nan,nan
26,3376,0.9643644444444445,-1.5053575487136834,0.27555555555555555,0,102,0.5980392156862745,0.0,0.0784313725490196,0.029411764705882353,0.00980392156862745,0.6764705882352942,0.14705882352941177,0.17647058823529413,5.0,0.0,0.05422222222222221,70.79388141632066,0.003829583937018176,0.8616563858290894,0.0,0.9,0.13333333333333333,0.27555555555555555,nan,0.0240733552724123,0.006879837112501263,0.11716196089982986,0.14675,nan,nan,nan,nan,nan,nan,nan,nan,nan,nan,nan,nan,nan,nan,nan,nan,nan,nan,nan,nan,nan,nan,nan,nan,nan,nan,nan,nan,nan,nan,nan,nan,nan,nan,nan,nan,nan,nan,nan,nan,nan,nan,nan,nan,nan,nan,nan,nan,nan,nan,nan
27,3571,0.9623061111111111,-5.082842088222504,0.3688888888888889,-2,195,0.4205128205128205,0.13333333333333333,0.09230769230769231,0.06666666666666667,0.005128205128205128,0.6461538461538462,0.18461538461538463,0.16923076923076924,25.0,0.16923076923076924,0.04680555555555555,135.21754369735706,0.002695245265363949,0.6064301847068885,0.0,0.5357142857142857,0.12,0.2577777777777778,0.29333333333333333,0.0212467135861516,0.006264464370906353,0.10218072906136513,0.146625,nan,nan,nan,nan,nan,nan,nan,nan,nan,nan,nan,nan,nan,nan,nan,nan,nan,nan,nan,nan,nan,nan,nan,nan,nan,nan,nan,nan,nan,nan,nan,nan,nan,nan,nan,nan,nan,nan,nan,nan,nan,nan,nan,nan,nan,nan,nan,nan,nan,nan,nan
28,3746,0.9604588888888889,-3.155392148494722,0.4222222222222222,0,175,0.5371428571428571,0.022857142857142857,0.12571428571428572,0.02857142857142857,0.0,0.6857142857142857,0.16,0.15428571428571428,18.0,0.09714285714285714,0.05968253968253968,120.33706808090196,0.0034717297374812894,0.7811391909332901,0.0,0.72,0.1288888888888889,0.26222222222222225,0.3511111111111111,0.019290159363299607,0.0064059167867526415,0.08794704154133796,0.1465,nan,nan,nan,nan,nan,nan,nan,nan,nan,nan,nan,nan,nan,nan,nan,nan,nan,nan,nan,nan,nan,nan,nan,nan,nan,nan,nan,nan,nan,nan,nan,nan,nan,nan,nan,nan,nan,nan,nan,nan,nan,nan,nan,nan,nan,nan,nan,nan,nan,nan,nan
29,3837,0.9594983333333333,-2.9163663372993476,0.24,-1,91,0.5824175824175825,0.01098901098901099,0.10989010989010989,0.03296703296703297,0.02197802197802198,0.7032967032967034,0.17582417582417584,0.12087912087912088,9.0,0.054945054945054944,0.06701388888888889,68.52729845046993,0.0034373973712944496,0.7734144085412512,0.0,0.7916666666666666,0.11555555555555555,nan,nan,0.020310181938111783,0.006467150477692485,0.09457237534224987,0.146375,nan,nan,nan,nan,nan,nan,nan,nan,nan,nan,nan,nan,nan,nan,nan,nan,nan,nan,nan,nan,nan,nan,nan,nan,nan,nan,nan,nan,nan,nan,nan,nan,nan,nan,nan,nan,nan,nan,nan,nan,nan,nan,nan,nan,nan,nan,nan,nan,nan,nan,nan
30,4018,0.9575877777777778,-17.29543695521354,0.26666666666666666,0,181,0.3259668508287293,0.03314917127071823,0.3425414364640884,0.06077348066298342,0.0,0.7016574585635359,0.12154696132596685,0.17679558011049723,54.0,0.3867403314917127,0.03277777777777778,120.18511385917633,0.0021818194766572677,0.4909093822478852,0.011049723756906077,0.5348837209302325,0.13777777777777778,0.21333333333333335,0.24,0.01715888949111104,0.005549970059655606,0.07937722988426685,0.14625,nan,nan,nan,nan,nan,nan,nan,nan,nan,nan,nan,nan,nan,nan,nan,nan,nan,nan,nan,nan,nan,nan,nan,nan,nan,nan,nan,nan,nan,nan,nan,nan,nan,nan,nan,nan,nan,nan,nan,nan,nan,nan,nan,nan,nan,nan,nan,nan,nan,nan,nan
31,4136,0.9563422222222222,-5.001998986244201,0.26666666666666666,0,118,0.5,0.0423728813559322,0.13559322033898305,0.0847457627118644,0.00847457627118644,0.6779661016949152,0.19491525423728814,0.1271186440677966,21.0,0.13559322033898305,0.05728395061728395,91.18094272613511,0.0028758446050488324,0.6470650361359872,0.0,0.6785714285714286,0.13777777777777778,0.20444444444444446,nan,0.016987360455095767,0.005618345737457275,0.07780335135757924,0.146125,nan,nan,nan,nan,nan,nan,nan,nan,nan,nan,nan,nan,nan,nan,nan,nan,nan,nan,nan,nan,nan,nan,nan,nan,nan,nan,nan,nan,nan,nan,nan,nan,nan,nan,nan,nan,nan,nan,nan,nan,nan,nan,nan,nan,nan,nan,nan,nan,nan,nan,nan
32,4293,0.954685,-6.84189982271195,0.26222222222222225,0,157,0.36942675159235666,0.044585987261146494,0.22929936305732485,0.06369426751592357,0.006369426751592357,0.643312101910828,0.16560509554140126,0.1910828025477707,11.0,0.14012738853503184,0.038458049886621326,105.42761735916115,0.0024450687991895343,0.550140479817645,0.0,0.6086956521739131,0.10222222222222223,0.20444444444444446,0.2577777777777778,0.018203845620155333,0.005313993012532592,0.08828666433691978,0.146,nan,nan,nan,nan,nan,nan,nan,nan,nan,nan,nan,nan,nan,nan,nan,nan,nan,nan,nan,nan,nan,nan,nan,nan,nan,nan,nan,nan,nan,nan,nan,nan,nan,nan,nan,nan,nan,nan,nan,nan,nan,nan,nan,nan,nan,nan,nan,nan,nan,nan,nan
33,4496,0.9525422222222222,-5.5350816888809184,0.4488888888888889,0,203,0.49261083743842365,0.024630541871921183,0.15270935960591134,0.06403940886699508,0.0,0.6699507389162561,0.16748768472906403,0.1625615763546798,18.0,0.12315270935960591,0.04938271604938272,140.30553989410393,0.003167689920012356,0.71273023200278,0.0,0.7037037037037037,0.14666666666666667,0.26666666666666666,0.4177777777777778,0.016497318167239428,0.0047198703279718755,0.08073657117784024,0.145875,nan,nan,nan,nan,nan,nan,nan,nan,nan,nan,nan,nan,nan,nan,nan,nan,nan,nan,nan,nan,nan,nan,nan,nan,nan,nan,nan,nan,nan,nan,nan,nan,nan,nan,nan,nan,nan,nan,nan,nan,nan,nan,nan,nan,nan,nan,nan,nan,nan,nan,nan
34,4679,0.9506105555555555,-5.87519418048859,0.36,0,183,0.4371584699453552,0.03825136612021858,0.22950819672131148,0.04371584699453552,0.0,0.7049180327868853,0.15846994535519127,0.1366120218579235,25.0,0.1912568306010929,0.044444444444444446,120.25899219512901,0.0029565818660665364,0.6652309198649706,0.0,0.6666666666666666,0.1511111111111111,0.26666666666666666,0.32,0.016866080556064846,0.005200511845760048,0.0800382062792778,0.14575,nan,nan,nan,nan,nan,nan,nan,nan,nan,nan,nan,nan,nan,nan,nan,nan,nan,nan,nan,nan,nan,nan,nan,nan,nan,nan,nan,nan,nan,nan,nan,nan,nan,nan,nan,nan,nan,nan,nan,nan,nan,nan,nan,nan,nan,nan,nan,nan,nan,nan,nan
35,4837,0.9489427777777778,-14.357105352401733,0.21777777777777776,0,158,0.3037974683544304,0.03164556962025317,0.310126582278481,0.08227848101265822,0.0,0.6455696202531646,0.17721518987341772,0.17721518987341772,47.0,0.4050632911392405,0.030476190476190473,100.2771938323972,0.0021274362113672383,0.4786731475576287,0.0,0.4418604651162791,0.11555555555555555,0.2088888888888889,0.21777777777777776,0.01594227720052004,0.005167682748287916,0.07398863546550274,0.145625,nan,nan,nan,nan,nan,nan,nan,nan,nan,nan,nan,nan,nan,nan,nan,nan,nan,nan,nan,nan,nan,nan,nan,nan,nan,nan,nan,nan,nan,nan,nan,nan,nan,nan,nan,nan,nan,nan,nan,nan,nan,nan,nan,nan,nan,nan,nan,nan,nan,nan,nan
36,4988,0.9473488888888889,-8.043858954429627,0.3333333333333333,-1,151,0.4900662251655629,0.033112582781456956,0.18543046357615894,0.06622516556291391,0.013245033112582781,0.7086092715231788,0.152317880794702,0.1390728476821192,22.0,0.1986754966887417,0.06222222222222212,117.8843709945677,0.0027899278429711826,0.627733764668516,0.0,0.7352941176470589,0.1688888888888889,0.23555555555555555,0.3288888888888889,0.014122686628252269,0.004562770365737379,0.06570388861000538,0.1455,nan,nan,nan,nan,nan,nan,nan,nan,nan,nan,nan,nan,nan,nan,nan,nan,nan,nan,nan,nan,nan,nan,nan,nan,nan,nan,nan,nan,nan,nan,nan,nan,nan,nan,nan,nan,nan,nan,nan,nan,nan,nan,nan,nan,nan,nan,nan,nan,nan,nan,nan
37,5109,0.9460716666666666,-2.551885443687439,0.28888888888888886,0,121,0.5289256198347108,0.024793388429752067,0.12396694214876033,0.049586776859504134,0.008264462809917356,0.6776859504132231,0.15702479338842976,0.1652892561983471,10.0,0.06611570247933884,0.05976719576719576,80.1512899398802,0.003548844250139957,0.7984899562814903,0.0,0.625,0.13333333333333333,0.21333333333333335,nan,0.01467602988705039,0.004563813959248364,0.06955952420830727,0.145375,nan,nan,nan,nan,nan,nan,nan,nan,nan,nan,nan,nan,nan,nan,nan,nan,nan,nan,nan,nan,nan,nan,nan,nan,nan,nan,nan,nan,nan,nan,nan,nan,nan,nan,nan,nan,nan,nan,nan,nan,nan,nan,nan,nan,nan,nan,nan,nan,nan,nan,nan
38,5234,0.9447522222222222,-8.149776164054872,0.2577777777777778,0,125,0.456,0.024,0.216,0.048,0.008,0.696,0.16,0.144,29.0,0.192,0.05066666666666666,90.3788206100462,0.0028030165875518594,0.6306787321991683,0.0,0.53125,0.1511111111111111,0.2577777777777778,nan,0.0166055410169065,0.005015716073103249,0.07979226037859917,0.14525,nan,nan,nan,nan,nan,nan,nan,nan,nan,nan,nan,nan,nan,nan,nan,nan,nan,nan,nan,nan,nan,nan,nan,nan,nan,nan,nan,nan,nan,nan,nan,nan,nan,nan,nan,nan,nan,nan,nan,nan,nan,nan,nan,nan,nan,nan,nan,nan,nan,nan,nan
39,5447,0.9425038888888889,-48.25880319404603,0.26222222222222225,0,213,0.27230046948356806,0.023474178403755867,0.3474178403755869,0.056338028169014086,0.0,0.6431924882629108,0.14553990610328638,0.2112676056338028,116.0,0.5305164319248826,0.028641975308641973,140.24574470520082,0.0018380434880190593,0.41355978480428823,0.0,0.38095238095238093,0.13777777777777778,0.26222222222222225,0.26222222222222225,0.016373805608600377,0.004258001688867807,0.08348529748618602,0.145125,nan,nan,nan,nan,nan,nan,nan,nan,nan,nan,nan,nan,nan,nan,nan,nan,nan,nan,nan,nan,nan,nan,nan,nan,nan,nan,nan,nan,nan,nan,nan,nan,nan,nan,nan,nan,nan,nan,nan,nan,nan,nan,nan,nan,nan,nan,nan,nan,nan,nan,nan
40,5582,0.9410788888888889,-3.0115639045238494,0.3288888888888889,0,135,0.5407407407407407,0.044444444444444446,0.11851851851851852,0.044444444444444446,0.0,0.7037037037037037,0.16296296296296298,0.13333333333333333,18.0,0.1111111111111111,0.05962962962962964,100.44346575736989,0.0032301199684623473,0.726776992904028,0.0,0.7575757575757576,0.13777777777777778,0.2577777777777778,nan,0.011971787922084332,0.005231550033204258,0.04648439958691597,0.145,-4.292274674630165,0.27555555555555555,0.0,137.2,0.0,1.0,0.4397405343891906,0.2683502558575067,0.14069275973338125,0.03334080401681186,0.0010416666666666667,0.8487835499800787,0.11656654418667294,0.0346499058332485,30.4,0.3217042590957765,0.04582037037037038,109.44356832981093,0.002448602613901012,0.5509355881277277,0.0,0.4829765435802587,0.1408888888888889,0.24641975308641978,0.3055555555555556,-6.873201299023627,0.27155555555555555,0.0,138.3,0.0,1.0,0.4322881518778855,0.256352570632011,0.12342748019840692,0.07991190817270663,0.0006711409395973154,0.8120682027083035,0.10905957462481015,0.0788722226668864,43.3,0.3626034761921421,0.04742982456140351,110.31810760974865,0.0024099151851026336,0.5422309166480925,0.0,0.44684269162210344,0.15022222222222223,0.2293333333333333,0.3155555555555556,0.5139779984774363
41,5651,0.9403505555555556,-5.858612651348112,0.13333333333333333,0,69,0.42028985507246375,0.0,0.2898550724637681,0.0,0.028985507246376812,0.7101449275362319,0.11594202898550725,0.17391304347826086,21.0,0.2318840579710145,0.04951267056530215,50.32964429855349,0.00256089409502529,0.5762011713806903,0.0,0.45,0.07111111111111111,nan,nan,0.010460873134434223,0.004301606235094369,0.04251435194164514,0.144875,nan,nan,nan,nan,nan,nan,nan,nan,nan,nan,nan,nan,nan,nan,nan,nan,nan,nan,nan,nan,nan,nan,nan,nan,nan,nan,nan,nan,nan,nan,nan,nan,nan,nan,nan,nan,nan,nan,nan,nan,nan,nan,nan,nan,nan,nan,nan,nan,nan,nan,nan
42,5798,0.9387988888888888,-4.357453303575523,0.31555555555555553,0,147,0.47619047619047616,0.027210884353741496,0.19727891156462585,0.034013605442176874,0.0,0.7006802721088435,0.14965986394557823,0.14965986394557823,21.0,0.17006802721088435,0.05326599326599326,100.1947933673857,0.003105062655005989,0.6986390973763476,0.0,0.7948717948717948,0.09333333333333334,0.19555555555555557,nan,0.010601036623120308,0.0037138041108846663,0.047580191493034364,0.14475,nan,nan,nan,nan,nan,nan,nan,nan,nan,nan,nan,nan,nan,nan,nan,nan,nan,nan,nan,nan,nan,nan,nan,nan,nan,nan,nan,nan,nan,nan,nan,nan,nan,nan,nan,nan,nan,nan,nan,nan,nan,nan,nan,nan,nan,nan,nan,nan,nan,nan,nan
43,5936,0.9373422222222222,-3.8476817088127153,0.3111111111111111,0,138,0.5,0.028985507246376812,0.15217391304347827,0.050724637681159424,0.0,0.6811594202898551,0.16666666666666666,0.15217391304347827,15.0,0.07971014492753623,0.058632478632478634,100.52077817916842,0.003050778875985853,0.6864252470968168,0.0,0.6216216216216216,0.14666666666666667,0.22666666666666666,nan,0.010495974775403738,0.004472372122108936,0.04164980370551348,0.144625,nan,nan,nan,nan,nan,nan,nan,nan,nan,nan,nan,nan,nan,nan,nan,nan,nan,nan,nan,nan,nan,nan,nan,nan,nan,nan,nan,nan,nan,nan,nan,nan,nan,nan,nan,nan,nan,nan,nan,nan,nan,nan,nan,nan,nan,nan,nan,nan,nan,nan,nan
44,6131,0.9352838888888889,-19.85249999999997,0.25333333333333335,0,195,0.28717948717948716,0.041025641025641026,0.3076923076923077,0.13333333333333333,0.0,0.6358974358974359,0.1794871794871795,0.18461538461538463,88.0,0.4256410256410256,0.03236111111111112,120.49999999999962,0.002065467957584147,0.464730290456433,0.020512820512820513,0.4888888888888889,0.14666666666666667,0.18222222222222223,0.18222222222222223,0.010211581736803055,0.00425206886138767,0.04124230351299048,0.1445,nan,nan,nan,nan,nan,nan,nan,nan,nan,nan,nan,nan,nan,nan,nan,nan,nan,nan,nan,nan,nan,nan,nan,nan,nan,nan,nan,nan,nan,nan,nan,nan,nan,nan,nan,nan,nan,nan,nan,nan,nan,nan,nan,nan,nan,nan,nan,nan,nan,nan,nan
45,6252,0.9340066666666667,-4.9447551412582404,0.25333333333333335,0,121,0.4628099173553719,0.06611570247933884,0.1487603305785124,0.0743801652892562,0.008264462809917356,0.6776859504132231,0.1487603305785124,0.17355371900826447,25.0,0.1652892561983471,0.0507936507936508,80.46433467864973,0.0030931578553762486,0.6959605174596558,0.0,0.7931034482758621,0.13777777777777778,0.22666666666666666,nan,0.010167545359581708,0.004131188266910613,0.04181026741862297,0.144375,nan,nan,nan,nan,nan,nan,nan,nan,nan,nan,nan,nan,nan,nan,nan,nan,nan,nan,nan,nan,nan,nan,nan,nan,nan,nan,nan,nan,nan,nan,nan,nan,nan,nan,nan,nan,nan,nan,nan,nan,nan,nan,nan,nan,nan,nan,nan,nan,nan,nan,nan
46,6331,0.9331727777777777,-2.4991462349891664,0.19555555555555557,0,79,0.5443037974683544,0.0379746835443038,0.10126582278481013,0.05063291139240506,0.02531645569620253,0.6835443037974683,0.13924050632911392,0.17721518987341772,6.0,0.012658227848101266,0.06527777777777778,57.33472604751586,0.003333252363545415,0.7499817817977185,0.0,0.8571428571428571,0.13333333333333333,nan,nan,0.009149209642782808,0.003714509354904294,0.03767556268721819,0.14425,nan,nan,nan,nan,nan,nan,nan,nan,nan,nan,nan,nan,nan,nan,nan,nan,nan,nan,nan,nan,nan,nan,nan,nan,nan,nan,nan,nan,nan,nan,nan,nan,nan,nan,nan,nan,nan,nan,nan,nan,nan,nan,nan,nan,nan,nan,nan,nan,nan,nan,nan
47,6493,0.9314627777777778,-4.018227920055393,0.38222222222222224,0,162,0.5246913580246914,0.024691358024691357,0.12962962962962962,0.05555555555555555,0.0,0.6790123456790124,0.15432098765432098,0.16666666666666666,8.0,0.06172839506172839,0.05878306878306879,120.24978971481312,0.003141608635438976,0.7068619429737695,0.0,0.7441860465116279,0.14666666666666667,0.21333333333333335,0.3511111111111111,0.00905914157629013,0.003450472862459719,0.0389153067022562,0.144125,nan,nan,nan,nan,nan,nan,nan,nan,nan,nan,nan,nan,nan,nan,nan,nan,nan,nan,nan,nan,nan,nan,nan,nan,nan,nan,nan,nan,nan,nan,nan,nan,nan,nan,nan,nan,nan,nan,nan,nan,nan,nan,nan,nan,nan,nan,nan,nan,nan,nan,nan
48,6643,0.9298794444444445,-5.97077096605301,0.3111111111111111,0,150,0.46,0.02666666666666667,0.18,0.03333333333333333,0.0,0.6666666666666666,0.16666666666666666,0.16666666666666666,22.0,0.19333333333333333,0.051111111111111114,100.53115205764746,0.0030504640640228137,0.686354414405133,0.0,0.5777777777777777,0.12,0.23555555555555555,0.3111111111111111,0.009065413288772107,0.0038290685741230847,0.03636350743472576,0.144,nan,nan,nan,nan,nan,nan,nan,nan,nan,nan,nan,nan,nan,nan,nan,nan,nan,nan,nan,nan,nan,nan,nan,nan,nan,nan,nan,nan,nan,nan,nan,nan,nan,nan,nan,nan,nan,nan,nan,nan,nan,nan,nan,nan,nan,nan,nan,nan,nan,nan,nan
49,6862,0.9275677777777778,-4.1429368667602535,0.4088888888888889,0,219,0.4155251141552511,0.1461187214611872,0.0821917808219178,0.0867579908675799,0.0,0.6438356164383562,0.182648401826484,0.1735159817351598,21.0,0.2511415525114155,0.046341780376868105,140.41844635009727,0.0028802800127560617,0.6480630028701138,0.0,0.5517241379310345,0.1688888888888889,0.23555555555555555,0.31555555555555553,0.009854183252900838,0.0037855277070775626,0.042180055379867555,0.143875,nan,nan,nan,nan,nan,nan,nan,nan,nan,nan,nan,nan,nan,nan,nan,nan,nan,nan,nan,nan,nan,nan,nan,nan,nan,nan,nan,nan,nan,nan,nan,nan,nan,nan,nan,nan,nan,nan,nan,nan,nan,nan,nan,nan,nan,nan,nan,nan,nan,nan,nan
50,7010,0.9260055555555555,-8.100192423820499,0.25333333333333335,0,148,0.3783783783783784,0.02702702702702703,0.28378378378378377,0.04054054054054054,0.0,0.6891891891891891,0.1554054054054054,0.1554054054054054,37.0,0.30405405405405406,0.04238325281803543,100.54468975067111,0.002475405608253196,0.5569662618569691,0.0,0.525,0.1111111111111111,0.17333333333333334,nan,0.009607143327593803,0.0037916599307209254,0.040455536916852,0.14375,nan,nan,nan,nan,nan,nan,nan,nan,nan,nan,nan,nan,nan,nan,nan,nan,nan,nan,nan,nan,nan,nan,nan,nan,nan,nan,nan,nan,nan,nan,nan,nan,nan,nan,nan,nan,nan,nan,nan,nan,nan,nan,nan,nan,nan,nan,nan,nan,nan,nan,nan
51,7145,0.9245805555555555,-0.25554928946494837,0.41333333333333333,0,135,0.6814814814814815,0.014814814814814815,0.044444444444444446,0.007407407407407408,0.0,0.7407407407407407,0.14074074074074075,0.11851851851851852,5.0,0.0,0.07592592592592591,100.48142180442795,0.004069298399108344,0.9155921397993774,0.0,0.9117647058823529,0.15555555555555556,0.3288888888888889,nan,0.008519492857158185,0.003623515972867608,0.03408860992640257,0.143625,nan,nan,nan,nan,nan,nan,nan,nan,nan,nan,nan,nan,nan,nan,nan,nan,nan,nan,nan,nan,nan,nan,nan,nan,nan,nan,nan,nan,nan,nan,nan,nan,nan,nan,nan,nan,nan,nan,nan,nan,nan,nan,nan,nan,nan,nan,nan,nan,nan,nan,nan
52,7285,0.9231027777777778,-3.5906584689617165,0.3244444444444444,0,140,0.5142857142857142,0.02857142857142857,0.09285714285714286,0.07142857142857142,0.0,0.6357142857142857,0.15,0.21428571428571427,14.0,0.1,0.05679012345679011,100.05389018058773,0.003198276443049146,0.7196121996860578,0.014285714285714285,0.8048780487804879,0.12444444444444444,0.2577777777777778,nan,0.008303745882585645,0.0031358716543763874,0.03601305987685919,0.1435,nan,nan,nan,nan,nan,nan,nan,nan,nan,nan,nan,nan,nan,nan,nan,nan,nan,nan,nan,nan,nan,nan,nan,nan,nan,nan,nan,nan,nan,nan,nan,nan,nan,nan,nan,nan,nan,nan,nan,nan,nan,nan,nan,nan,nan,nan,nan,nan,nan,nan,nan
53,7435,0.9215194444444444,-6.193260596752166,0.32,0,150,0.47333333333333333,0.006666666666666667,0.19333333333333333,0.07333333333333333,0.006666666666666667,0.6733333333333333,0.17333333333333334,0.15333333333333332,18.0,0.14,0.05259259259259259,110.2691485404966,0.0028616848840513818,0.6438790989115608,0.0,0.6578947368421053,0.08888888888888889,0.24444444444444444,0.32,0.009621699806302786,0.004144189553335309,0.038204082660377024,0.143375,nan,nan,nan,nan,nan,nan,nan,nan,nan,nan,nan,nan,nan,nan,nan,nan,nan,nan,nan,nan,nan,nan,nan,nan,nan,nan,nan,nan,nan,nan,nan,nan,nan,nan,nan,nan,nan,nan,nan,nan,nan,nan,nan,nan,nan,nan,nan,nan,nan,nan,nan
54,7564,0.9201577777777777,-4.933181882381441,0.27555555555555555,0,129,0.4728682170542636,0.031007751937984496,0.13953488372093023,0.046511627906976744,0.0,0.6434108527131783,0.14728682170542637,0.20930232558139536,12.0,0.10852713178294573,0.04518518518518518,100.08744649887073,0.002708742410709519,0.6094670424096418,0.0,0.675,0.11555555555555555,0.2311111111111111,nan,0.008319273497909308,0.0034061916638165714,0.034297254495322706,0.14325,nan,nan,nan,nan,nan,nan,nan,nan,nan,nan,nan,nan,nan,nan,nan,nan,nan,nan,nan,nan,nan,nan,nan,nan,nan,nan,nan,nan,nan,nan,nan,nan,nan,nan,nan,nan,nan,nan,nan,nan,nan,nan,nan,nan,nan,nan,nan,nan,nan,nan,nan
55,7784,0.9178355555555555,-33.68533233261109,0.35555555555555557,0,220,0.35909090909090907,0.013636363636363636,0.2727272727272727,0.07727272727272727,0.0,0.6454545454545455,0.18181818181818182,0.17272727272727273,68.0,0.41363636363636364,0.03901234567901235,140.09840316772448,0.0025061749682525948,0.5638893678568337,0.0,0.5,0.16444444444444445,0.29777777777777775,0.3511111111111111,0.008953440794721245,0.0035956996260210873,0.03743400052189827,0.143125,nan,nan,nan,nan,nan,nan,nan,nan,nan,nan,nan,nan,nan,nan,nan,nan,nan,nan,nan,nan,nan,nan,nan,nan,nan,nan,nan,nan,nan,nan,nan,nan,nan,nan,nan,nan,nan,nan,nan,nan,nan,nan,nan,nan,nan,nan,nan,nan,nan,nan,nan
56,7932,0.9162733333333334,-1.849019162416458,0.3688888888888889,0,148,0.5540540540540541,0.060810810810810814,0.08783783783783784,0.04054054054054054,0.006756756756756757,0.7027027027027027,0.1891891891891892,0.10810810810810811,9.0,0.08108108108108109,0.061191626409017714,100.77161107063276,0.003616538830454922,0.8137212368523574,0.0,0.6578947368421053,0.13777777777777778,0.26666666666666666,nan,0.007936720922589301,0.0029827058780938385,0.03464345894753933,0.143,nan,nan,nan,nan,nan,nan,nan,nan,nan,nan,nan,nan,nan,nan,nan,nan,nan,nan,nan,nan,nan,nan,nan,nan,nan,nan,nan,nan,nan,nan,nan,nan,nan,nan,nan,nan,nan,nan,nan,nan,nan,nan,nan,nan,nan,nan,nan,nan,nan,nan,nan
57,8068,0.9148377777777777,-6.073905797958373,0.28,0,136,0.45588235294117646,0.029411764705882353,0.18382352941176472,0.0661764705882353,0.0,0.6691176470588235,0.16176470588235295,0.16911764705882354,16.0,0.14705882352941177,0.04686868686868687,100.88481712341294,0.0027313877688697895,0.6145622479957025,0.0,0.6388888888888888,0.13333333333333333,0.2577777777777778,nan,0.009628658927977086,0.003450736543163657,0.043240052089095114,0.142875,nan,nan,nan,nan,nan,nan,nan,nan,nan,nan,nan,nan,nan,nan,nan,nan,nan,nan,nan,nan,nan,nan,nan,nan,nan,nan,nan,nan,nan,nan,nan,nan,nan,nan,nan,nan,nan,nan,nan,nan,nan,nan,nan,nan,nan,nan,nan,nan,nan,nan,nan
58,8242,0.9130011111111112,-15.268447252035143,0.28888888888888886,0,174,0.367816091954023,0.022988505747126436,0.26436781609195403,0.08045977011494253,0.0,0.6551724137931034,0.1724137931034483,0.1724137931034483,66.0,0.3620689655172414,0.04063492063492063,110.32806906700104,0.0025781693348743773,0.580088100346735,0.0,0.5217391304347826,0.14222222222222222,0.2577777777777778,0.28888888888888886,0.007122120866551995,0.0027925313217565416,0.030329874716699123,0.14275,nan,nan,nan,nan,nan,nan,nan,nan,nan,nan,nan,nan,nan,nan,nan,nan,nan,nan,nan,nan,nan,nan,nan,nan,nan,nan,nan,nan,nan,nan,nan,nan,nan,nan,nan,nan,nan,nan,nan,nan,nan,nan,nan,nan,nan,nan,nan,nan,nan,nan,nan
59,8415,0.911175,-3.0159273076057422,0.41333333333333333,-1,173,0.5317919075144508,0.023121387283236993,0.15028901734104047,0.04046242774566474,0.005780346820809248,0.7052023121387283,0.1329479768786127,0.16184971098265896,9.0,0.046242774566473986,0.05918564527260179,117.40883150100677,0.0034826075999690254,0.7835867099930307,0.0,0.75,0.1511111111111111,0.26222222222222225,0.3511111111111111,0.007975421100854873,0.002993686613626778,0.034928899724036455,0.142625,nan,nan,nan,nan,nan,nan,nan,nan,nan,nan,nan,nan,nan,nan,nan,nan,nan,nan,nan,nan,nan,nan,nan,nan,nan,nan,nan,nan,nan,nan,nan,nan,nan,nan,nan,nan,nan,nan,nan,nan,nan,nan,nan,nan,nan,nan,nan,nan,nan,nan,nan
60,8582,0.9094122222222223,-18.636406636238096,0.2577777777777778,0,167,0.3413173652694611,0.041916167664670656,0.23952095808383234,0.0718562874251497,0.0,0.6227544910179641,0.18562874251497005,0.19161676646706588,64.0,0.38323353293413176,0.03619047619047618,140.04196796417258,0.001808981529009536,0.4070208440271455,0.0,0.44,0.14222222222222222,0.24888888888888888,0.2577777777777778,0.009145362861454486,0.0031967235496267675,0.041744837909936904,0.1425,-22.441569930672646,0.38222222222222224,0.2,178.0,0.1,0.9,0.4966030257285075,0.18861049529470808,0.008622697408583686,0.16165021401046853,0.0,0.6938362184317993,0.04856039944030221,0.2576033821278985,45.2,0.2730986044142279,0.05361204185377855,129.76733267307287,0.002950870351737431,0.6639458291409219,0.0,0.5643036181878893,0.16399999999999998,0.2799999999999999,0.37555555555555553,-32.659780809211725,0.3546666666666667,0.0,179.0,0.0,1.0,0.44902547097567025,0.14565041607020562,0.0011413996492906106,0.27568422148849064,0.0,0.5958172866951666,0.04168787832478702,0.3624948349800464,62.6,0.36574317076218005,0.04890476190476191,122.22172199249249,0.002828532868154995,0.636419895334874,0.0,0.5934986455416527,0.17911111111111114,0.27555555555555555,0.33841269841269844,0.6983044384935992
61,8727,0.9078816666666667,-2.6635935237407677,0.3377777777777778,0,145,0.5172413793103449,0.05517241379310345,0.1103448275862069,0.04827586206896552,0.0,0.6827586206896552,0.14482758620689656,0.1724137931034483,11.0,0.07586206896551724,0.05666666666666667,100.79612879753087,0.0033070053117109275,0.7440761951349586,0.0,0.717948717948718,0.1511111111111111,0.26666666666666666,nan,0.008002212643623352,0.003154383087530732,0.03404972348362208,0.142375,nan,nan,nan,nan,nan,nan,nan,nan,nan,nan,nan,nan,nan,nan,nan,nan,nan,nan,nan,nan,nan,nan,nan,nan,nan,nan,nan,nan,nan,nan,nan,nan,nan,nan,nan,nan,nan,nan,nan,nan,nan,nan,nan,nan,nan,nan,nan,nan,nan,nan,nan
62,8957,0.9054538888888889,-8.890187534332274,0.5022222222222222,0,230,0.48695652173913045,0.013043478260869565,0.1782608695652174,0.08695652173913043,0.0,0.6782608695652174,0.15217391304347827,0.16956521739130434,38.0,0.21304347826086956,0.055111111111111125,160.00178604125986,0.003111076382918721,0.6999921861567121,0.008695652173913044,0.6296296296296297,0.17333333333333334,0.23555555555555555,0.3466666666666667,0.008873098064213991,0.0029361682129092513,0.04173588640987873,0.14225,nan,nan,nan,nan,nan,nan,nan,nan,nan,nan,nan,nan,nan,nan,nan,nan,nan,nan,nan,nan,nan,nan,nan,nan,nan,nan,nan,nan,nan,nan,nan,nan,nan,nan,nan,nan,nan,nan,nan,nan,nan,nan,nan,nan,nan,nan,nan,nan,nan,nan,nan
63,9111,0.9038283333333333,-21.114267962932587,0.2222222222222222,0,154,0.3181818181818182,0.01948051948051948,0.2987012987012987,0.07142857142857142,0.0,0.6363636363636364,0.18181818181818182,0.18181818181818182,61.0,0.474025974025974,0.03111111111111111,100.47874250411964,0.0021674015055358486,0.48766533874556595,0.0,0.4222222222222222,0.15555555555555556,0.2222222222222222,0.2222222222222222,0.007328172260895371,0.003081505047157407,0.02987980516627431,0.142125,nan,nan,nan,nan,nan,nan,nan,nan,nan,nan,nan,nan,nan,nan,nan,nan,nan,nan,nan,nan,nan,nan,nan,nan,nan,nan,nan,nan,nan,nan,nan,nan,nan,nan,nan,nan,nan,nan,nan,nan,nan,nan,nan,nan,nan,nan,nan,nan,nan,nan,nan
64,9290,0.9019388888888888,-13.554175569534298,0.25333333333333335,0,179,0.3128491620111732,0.05027932960893855,0.2737430167597765,0.0893854748603352,0.0,0.6368715083798883,0.18435754189944134,0.1787709497206704,74.0,0.4748603351955307,0.03986111111111113,120.57310066223111,0.002064215712475677,0.4644485353070273,0.0,0.40816326530612246,0.15555555555555556,0.19111111111111112,0.19555555555555557,0.00749571337364614,0.003048143582418561,0.03132091383449733,0.142,nan,nan,nan,nan,nan,nan,nan,nan,nan,nan,nan,nan,nan,nan,nan,nan,nan,nan,nan,nan,nan,nan,nan,nan,nan,nan,nan,nan,nan,nan,nan,nan,nan,nan,nan,nan,nan,nan,nan,nan,nan,nan,nan,nan,nan,nan,nan,nan,nan,nan,nan
65,9470,0.9000388888888889,-3.66157699465752,0.38222222222222224,0,180,0.4722222222222222,0.05555555555555555,0.14444444444444443,0.03888888888888889,0.0,0.6722222222222223,0.17222222222222222,0.15555555555555556,15.0,0.09444444444444444,0.04722222222222222,120.06263804435699,0.003146505723439196,0.7079637877738191,0.0,0.6153846153846154,0.10222222222222223,0.19555555555555557,0.3333333333333333,0.008424413576722144,0.0034506607567891478,0.03505728961899877,0.141875,nan,nan,nan,nan,nan,nan,nan,nan,nan,nan,nan,nan,nan,nan,nan,nan,nan,nan,nan,nan,nan,nan,nan,nan,nan,nan,nan,nan,nan,nan,nan,nan,nan,nan,nan,nan,nan,nan,nan,nan,nan,nan,nan,nan,nan,nan,nan,nan,nan,nan,nan
66,9606,0.8986033333333333,-7.424769802570342,0.24444444444444444,0,136,0.39705882352941174,0.058823529411764705,0.22794117647058823,0.0661764705882353,0.0,0.6838235294117647,0.19117647058823528,0.125,55.0,0.38235294117647056,0.04,100.03590288162226,0.002399138640094093,0.5398061940211709,0.0,0.5151515151515151,0.15555555555555556,0.24444444444444444,nan,0.00771595323458314,0.0032400392927229406,0.03157611275091767,0.14175,nan,nan,nan,nan,nan,nan,nan,nan,nan,nan,nan,nan,nan,nan,nan,nan,nan,nan,nan,nan,nan,nan,nan,nan,nan,nan,nan,nan,nan,nan,nan,nan,nan,nan,nan,nan,nan,nan,nan,nan,nan,nan,nan,nan,nan,nan,nan,nan,nan,nan,nan
67,9777,0.8967983333333334,-7.820268744230271,0.3466666666666667,0,171,0.4502923976608187,0.04093567251461988,0.15204678362573099,0.07602339181286549,0.0,0.6432748538011696,0.19298245614035087,0.16374269005847952,28.0,0.1695906432748538,0.04888888888888889,120.0406547069547,0.0028508860023936143,0.6414493505385631,0.0,0.6170212765957447,0.16444444444444445,0.24888888888888888,0.3466666666666667,0.0073650067439302806,0.002950388099998236,0.031171180913224815,0.141625,nan,nan,nan,nan,nan,nan,nan,nan,nan,nan,nan,nan,nan,nan,nan,nan,nan,nan,nan,nan,nan,nan,nan,nan,nan,nan,nan,nan,nan,nan,nan,nan,nan,nan,nan,nan,nan,nan,nan,nan,nan,nan,nan,nan,nan,nan,nan,nan,nan,nan,nan
68,9954,0.89493,-1.2535491566658024,0.4488888888888889,0,177,0.5649717514124294,0.04519774011299435,0.0903954802259887,0.04519774011299435,0.0,0.7005649717514124,0.15254237288135594,0.14689265536723164,9.0,0.04519774011299435,0.05555555555555555,120.30046815872159,0.003694453157555921,0.8312519604500821,0.0,0.7111111111111111,0.1511111111111111,0.27555555555555555,0.3688888888888889,0.008123009651899337,0.003154360130429268,0.0351141314022243,0.1415,nan,nan,nan,nan,nan,nan,nan,nan,nan,nan,nan,nan,nan,nan,nan,nan,nan,nan,nan,nan,nan,nan,nan,nan,nan,nan,nan,nan,nan,nan,nan,nan,nan,nan,nan,nan,nan,nan,nan,nan,nan,nan,nan,nan,nan,nan,nan,nan,nan,nan,nan
69,10089,0.893505,-2.9658573448657988,0.37333333333333335,0,135,0.6148148148148148,0.014814814814814815,0.0962962962962963,0.05185185185185185,0.0,0.725925925925926,0.0962962962962963,0.17777777777777778,18.0,0.0962962962962963,0.06703703703703705,100.86530804634083,0.003657242475474415,0.8228795569817432,0.0,0.8333333333333334,0.12,0.28888888888888886,nan,0.009427484264597297,0.003498670575208962,0.04193678889423609,0.141375,nan,nan,nan,nan,nan,nan,nan,nan,nan,nan,nan,nan,nan,nan,nan,nan,nan,nan,nan,nan,nan,nan,nan,nan,nan,nan,nan,nan,nan,nan,nan,nan,nan,nan,nan,nan,nan,nan,nan,nan,nan,nan,nan,nan,nan,nan,nan,nan,nan,nan,nan
70,10268,0.8916155555555556,-2.267956264019011,0.4177777777777778,0,179,0.5195530726256983,0.05027932960893855,0.0782122905027933,0.0670391061452514,0.0,0.6480446927374302,0.13966480446927373,0.2122905027932961,21.0,0.1005586592178771,0.051666666666666666,120.4662501335142,0.0034311131364613,0.7720004557037924,0.0,0.7,0.13777777777777778,0.29333333333333333,0.4,0.008136854227632283,0.003634874220006168,0.03187242429703474,0.14125,nan,nan,nan,nan,nan,nan,nan,nan,nan,nan,nan,nan,nan,nan,nan,nan,nan,nan,nan,nan,nan,nan,nan,nan,nan,nan,nan,nan,nan,nan,nan,nan,nan,nan,nan,nan,nan,nan,nan,nan,nan,nan,nan,nan,nan,nan,nan,nan,nan,nan,nan
71,10460,0.8895888888888889,-52.72610456323624,0.2088888888888889,0,192,0.23958333333333334,0.015625,0.3802083333333333,0.078125,0.0,0.6354166666666666,0.16666666666666666,0.19791666666666666,95.0,0.53125,0.025555555555555557,120.37242441177327,0.0016984325558242089,0.38214732506044696,0.0,0.2727272727272727,0.10222222222222223,0.2088888888888889,0.2088888888888889,0.007523973798379302,0.002893387316726148,0.03281195182353258,0.141125,nan,nan,nan,nan,nan,nan,nan,nan,nan,nan,nan,nan,nan,nan,nan,nan,nan,nan,nan,nan,nan,nan,nan,nan,nan,nan,nan,nan,nan,nan,nan,nan,nan,nan,nan,nan,nan,nan,nan,nan,nan,nan,nan,nan,nan,nan,nan,nan,nan,nan,nan
72,10626,0.8878366666666667,-3.4806891193389897,0.39555555555555555,0,166,0.5301204819277109,0.030120481927710843,0.13253012048192772,0.05421686746987952,0.0,0.6927710843373494,0.12650602409638553,0.18072289156626506,20.0,0.10240963855421686,0.057658730158730166,120.04465827941867,0.003258046769567639,0.7330605231527187,0.006024096385542169,0.6585365853658537,0.14666666666666667,0.2222222222222222,0.37333333333333335,0.007467801542952656,0.003026860672980547,0.03149603419005871,0.141,nan,nan,nan,nan,nan,nan,nan,nan,nan,nan,nan,nan,nan,nan,nan,nan,nan,nan,nan,nan,nan,nan,nan,nan,nan,nan,nan,nan,nan,nan,nan,nan,nan,nan,nan,nan,nan,nan,nan,nan,nan,nan,nan,nan,nan,nan,nan,nan,nan,nan,nan
73,10847,0.8855038888888889,-6.76945744085312,0.4222222222222222,0,221,0.4253393665158371,0.05429864253393665,0.15384615384615385,0.09502262443438914,0.0,0.6334841628959276,0.17194570135746606,0.19457013574660634,30.0,0.19004524886877827,0.04707818930041153,150.12816610336316,0.002782807441277462,0.6261316742874289,0.004524886877828055,0.5932203389830508,0.14222222222222222,0.24888888888888888,0.35555555555555557,0.0069744391832500694,0.0029058925108984114,0.028880544286221266,0.140875,nan,nan,nan,nan,nan,nan,nan,nan,nan,nan,nan,nan,nan,nan,nan,nan,nan,nan,nan,nan,nan,nan,nan,nan,nan,nan,nan,nan,nan,nan,nan,nan,nan,nan,nan,nan,nan,nan,nan,nan,nan,nan,nan,nan,nan,nan,nan,nan,nan,nan,nan
74,11064,0.8832133333333333,-4.436064195632943,0.49333333333333335,0,217,0.5069124423963134,0.05069124423963134,0.1152073732718894,0.06451612903225806,0.0,0.6728110599078341,0.15668202764976957,0.17050691244239632,16.0,0.07834101382488479,0.05525054466230937,160.22918281555187,0.003051185060661979,0.6865166386489452,0.004608294930875576,0.7142857142857143,0.12,0.2311111111111111,0.3466666666666667,0.006983992084860802,0.002986889518797398,0.028398596215993166,0.14075,nan,nan,nan,nan,nan,nan,nan,nan,nan,nan,nan,nan,nan,nan,nan,nan,nan,nan,nan,nan,nan,nan,nan,nan,nan,nan,nan,nan,nan,nan,nan,nan,nan,nan,nan,nan,nan,nan,nan,nan,nan,nan,nan,nan,nan,nan,nan,nan,nan,nan,nan
75,11250,0.88125,-1.524227104187012,0.49333333333333335,0,186,0.5913978494623656,0.005376344086021506,0.07526881720430108,0.08064516129032258,0.0,0.6720430107526881,0.13978494623655913,0.1881720430107527,5.0,0.0,0.06393939393939393,130.41168670654275,0.003748811944967823,0.8434826876177601,0.0,0.8260869565217391,0.1288888888888889,0.28888888888888886,0.4266666666666667,0.007928424375131726,0.003277676249854267,0.03307198621332645,0.140625,nan,nan,nan,nan,nan,nan,nan,nan,nan,nan,nan,nan,nan,nan,nan,nan,nan,nan,nan,nan,nan,nan,nan,nan,nan,nan,nan,nan,nan,nan,nan,nan,nan,nan,nan,nan,nan,nan,nan,nan,nan,nan,nan,nan,nan,nan,nan,nan,nan,nan,nan
76,11398,0.8796877777777777,-3.2359705038070676,0.3377777777777778,0,148,0.5067567567567568,0.0472972972972973,0.11486486486486487,0.06756756756756757,0.0,0.668918918918919,0.1554054054054054,0.17567567567567569,18.0,0.14189189189189189,0.055877616747181974,100.79019527435278,0.003307199995257414,0.7441199989329181,0.0,0.6923076923076923,0.16,0.25333333333333335,nan,0.009080116124823689,0.003387631895020604,0.04051590366289019,0.14049999999999999,nan,nan,nan,nan,nan,nan,nan,nan,nan,nan,nan,nan,nan,nan,nan,nan,nan,nan,nan,nan,nan,nan,nan,nan,nan,nan,nan,nan,nan,nan,nan,nan,nan,nan,nan,nan,nan,nan,nan,nan,nan,nan,nan,nan,nan,nan,nan,nan,nan,nan,nan
77,11532,0.8782733333333334,-3.726782686233525,0.3333333333333333,0,134,0.5522388059701493,0.029850746268656716,0.16417910447761194,0.022388059701492536,0.0,0.746268656716418,0.11194029850746269,0.1417910447761194,14.0,0.07462686567164178,0.06403292181069958,100.64554939270003,0.0032677936667186965,0.7352535750117066,0.0,0.6774193548387096,0.1111111111111111,0.2311111111111111,nan,0.008180254837498069,0.003302535065449774,0.03474778030067682,0.140375,nan,nan,nan,nan,nan,nan,nan,nan,nan,nan,nan,nan,nan,nan,nan,nan,nan,nan,nan,nan,nan,nan,nan,nan,nan,nan,nan,nan,nan,nan,nan,nan,nan,nan,nan,nan,nan,nan,nan,nan,nan,nan,nan,nan,nan,nan,nan,nan,nan,nan,nan
78,11743,0.8760461111111111,-6.146083115100872,0.43555555555555553,0,211,0.4597156398104265,0.037914691943127965,0.1848341232227488,0.06635071090047394,0.004739336492890996,0.6824644549763034,0.16113744075829384,0.15639810426540285,22.0,0.18009478672985782,0.05041526374859707,140.6198391914366,0.0030657915240836424,0.6898030929188196,0.0,0.6226415094339622,0.1288888888888889,0.22666666666666666,0.3422222222222222,0.008225266309455036,0.0036824963288381697,0.03239051708951592,0.14024999999999999,nan,nan,nan,nan,nan,nan,nan,nan,nan,nan,nan,nan,nan,nan,nan,nan,nan,nan,nan,nan,nan,nan,nan,nan,nan,nan,nan,nan,nan,nan,nan,nan,nan,nan,nan,nan,nan,nan,nan,nan,nan,nan,nan,nan,nan,nan,nan,nan,nan,nan,nan
79,11893,0.8744627777777778,-4.803961651563645,0.3688888888888889,-1,150,0.5466666666666666,0.02666666666666667,0.12,0.06666666666666667,0.006666666666666667,0.6933333333333334,0.15333333333333332,0.15333333333333332,23.0,0.14,0.060740740740740734,113.22820620536784,0.003218671889788952,0.7242011752025141,0.0,0.6666666666666666,0.1511111111111111,0.28888888888888886,0.3688888888888889,0.00790437739342451,0.003419634606689215,0.032005300372838975,0.140125,nan,nan,nan,nan,nan,nan,nan,nan,nan,nan,nan,nan,nan,nan,nan,nan,nan,nan,nan,nan,nan,nan,nan,nan,nan,nan,nan,nan,nan,nan,nan,nan,nan,nan,nan,nan,nan,nan,nan,nan,nan,nan,nan,nan,nan,nan,nan,nan,nan,nan,nan
80,12062,0.8726788888888889,-3.7774799273014112,0.43555555555555553,0,169,0.5739644970414202,0.01775147928994083,0.08284023668639054,0.047337278106508875,0.0,0.6745562130177515,0.17751479289940827,0.14792899408284024,21.0,0.11242603550295859,0.06439431913116123,120.1759993076324,0.00358733119420569,0.8071495186962803,0.0,0.7872340425531915,0.1511111111111111,0.24444444444444444,0.37333333333333335,0.007930479710921645,0.0037547234911471604,0.029826830234378578,0.13999999999999999,-70.99913538873194,0.36577777777777776,0.5,197.3,0.3,0.7,0.43728154826637666,0.06068162246006633,0.000628930817610063,0.38355817220452615,0.0,0.4985921015440531,0.17855464113899194,0.322853257316955,77.4,0.3791053252815457,0.046889947089947086,124.62224179744703,0.0028798929309314008,0.6479759094595651,0.0,0.7349768187895653,0.1848888888888889,0.2982222222222222,0.34617283950617284,-68.46161172835825,0.41288888888888886,0.5,211.7,0.3,0.7,0.4446050548546353,0.04495680973792143,0.0022405405405405408,0.3858873866471392,0.0,0.4918024051330973,0.2256318490821115,0.2825657457847911,76.0,0.3478258397086763,0.04795731922398589,132.62773074626915,0.003011511713464204,0.6775901355294459,0.0,0.772378325024156,0.18311111111111114,0.3013333333333333,0.36933333333333335,0.6776210367001062
81,12256,0.8706311111111111,-6.009999999999997,0.3377777777777778,0,194,0.3865979381443299,0.0979381443298969,0.15463917525773196,0.06701030927835051,0.0,0.6391752577319587,0.15979381443298968,0.20103092783505155,37.0,0.29381443298969073,0.04166666666666667,120.19999999999962,0.0027731558513588556,0.6239600665557424,0.0,0.5614035087719298,0.14222222222222222,0.24,0.3288888888888889,0.006622316827997565,0.0036354559706524014,0.021353786718100308,0.139875,nan,nan,nan,nan,nan,nan,nan,nan,nan,nan,nan,nan,nan,nan,nan,nan,nan,nan,nan,nan,nan,nan,nan,nan,nan,nan,nan,nan,nan,nan,nan,nan,nan,nan,nan,nan,nan,nan,nan,nan,nan,nan,nan,nan,nan,nan,nan,nan,nan,nan,nan
82,12480,0.8682666666666667,-8.192529742717742,0.4,0,224,0.39732142857142855,0.0625,0.19196428571428573,0.06696428571428571,0.0,0.6517857142857143,0.1875,0.16071428571428573,41.0,0.27232142857142855,0.04395061728395062,140.3193308830259,0.0028189669453690717,0.6342675627080411,0.004464285714285714,0.5714285714285714,0.1111111111111111,0.24888888888888888,0.3111111111111111,0.0058364809025079015,0.0038301208289340137,0.014356780238449574,0.13974999999999999,nan,nan,nan,nan,nan,nan,nan,nan,nan,nan,nan,nan,nan,nan,nan,nan,nan,nan,nan,nan,nan,nan,nan,nan,nan,nan,nan,nan,nan,nan,nan,nan,nan,nan,nan,nan,nan,nan,nan,nan,nan,nan,nan,nan,nan,nan,nan,nan,nan,nan,nan
83,12656,0.8664088888888889,-4.68566185426712,0.40444444444444444,0,176,0.5113636363636364,0.022727272727272728,0.13068181818181818,0.11931818181818182,0.0,0.6647727272727273,0.18181818181818182,0.1534090909090909,18.0,0.125,0.05,120.13963670730557,0.003329459044183013,0.7491282849411779,0.005681818181818182,0.7567567567567568,0.11555555555555555,0.24888888888888888,0.3688888888888889,0.00532973469235003,0.0037116964580491186,0.011588456481695176,0.139625,nan,nan,nan,nan,nan,nan,nan,nan,nan,nan,nan,nan,nan,nan,nan,nan,nan,nan,nan,nan,nan,nan,nan,nan,nan,nan,nan,nan,nan,nan,nan,nan,nan,nan,nan,nan,nan,nan,nan,nan,nan,nan,nan,nan,nan,nan,nan,nan,nan,nan,nan
84,12834,0.86453,-3.1908103075027485,0.38666666666666666,0,178,0.48314606741573035,0.07303370786516854,0.11797752808988764,0.033707865168539325,0.0,0.6741573033707865,0.1797752808988764,0.14606741573033707,24.0,0.1853932584269663,0.04777777777777778,120.8362886428831,0.003163141027542093,0.7117067311969709,0.0,0.6153846153846154,0.12,0.18222222222222223,0.3111111111111111,0.004639780148863792,0.0034330493770539762,0.00865039937198162,0.13949999999999999,nan,nan,nan,nan,nan,nan,nan,nan,nan,nan,nan,nan,nan,nan,nan,nan,nan,nan,nan,nan,nan,nan,nan,nan,nan,nan,nan,nan,nan,nan,nan,nan,nan,nan,nan,nan,nan,nan,nan,nan,nan,nan,nan,nan,nan,nan,nan,nan,nan,nan,nan
85,12974,0.8630522222222222,-2.666008512735367,0.3333333333333333,0,140,0.5285714285714286,0.05,0.10714285714285714,0.05,0.0,0.6857142857142857,0.14285714285714285,0.17142857142857143,9.0,0.05714285714285714,0.056296296296296296,100.00960488319379,0.0032885730252910673,0.7399289306904901,0.0,0.7567567567567568,0.14666666666666667,0.25333333333333335,nan,0.004799517430365085,0.003526617609895766,0.009132913639768958,0.139375,nan,nan,nan,nan,nan,nan,nan,nan,nan,nan,nan,nan,nan,nan,nan,nan,nan,nan,nan,nan,nan,nan,nan,nan,nan,nan,nan,nan,nan,nan,nan,nan,nan,nan,nan,nan,nan,nan,nan,nan,nan,nan,nan,nan,nan,nan,nan,nan,nan,nan,nan
86,13164,0.8610466666666667,-0.991877678394315,0.49777777777777776,0,190,0.5842105263157895,0.03684210526315789,0.06315789473684211,0.03684210526315789,0.0,0.6842105263157895,0.14210526315789473,0.1736842105263158,10.0,0.04736842105263158,0.065,131.11312074661225,0.0037626541914652753,0.846597193079687,0.0,0.7547169811320755,0.1511111111111111,0.2577777777777778,0.37777777777777777,0.00449942194391042,0.0034939882112666964,0.007220350112766028,0.13924999999999998,nan,nan,nan,nan,nan,nan,nan,nan,nan,nan,nan,nan,nan,nan,nan,nan,nan,nan,nan,nan,nan,nan,nan,nan,nan,nan,nan,nan,nan,nan,nan,nan,nan,nan,nan,nan,nan,nan,nan,nan,nan,nan,nan,nan,nan,nan,nan,nan,nan,nan,nan
87,13371,0.8588616666666666,-2.1459525330066676,0.5066666666666667,0,207,0.5458937198067633,0.03864734299516908,0.09178743961352658,0.06763285024154589,0.0,0.6763285024154589,0.15458937198067632,0.16908212560386474,9.0,0.05314009661835749,0.05707231040564374,140.4185955524444,0.003576607644068404,0.8047367199153909,0.004830917874396135,0.7169811320754716,0.14222222222222222,0.24444444444444444,0.37777777777777777,0.004890996962785721,0.0036603085696697234,0.008845917880535126,0.139125,nan,nan,nan,nan,nan,nan,nan,nan,nan,nan,nan,nan,nan,nan,nan,nan,nan,nan,nan,nan,nan,nan,nan,nan,nan,nan,nan,nan,nan,nan,nan,nan,nan,nan,nan,nan,nan,nan,nan,nan,nan,nan,nan,nan,nan,nan,nan,nan,nan,nan,nan
88,13503,0.8574683333333334,-2.7737296185493463,0.3511111111111111,0,132,0.5909090909090909,0.030303030303030304,0.08333333333333333,0.06818181818181818,0.0,0.7045454545454546,0.1590909090909091,0.13636363636363635,13.0,0.09090909090909091,0.05777777777777777,100.15932970046987,0.0034611520235147937,0.7787592052908286,0.007575757575757576,0.7586206896551724,0.14222222222222222,0.27555555555555555,nan,0.004542686836794018,0.0035224560415372252,0.007339789904654026,0.13899999999999998,nan,nan,nan,nan,nan,nan,nan,nan,nan,nan,nan,nan,nan,nan,nan,nan,nan,nan,nan,nan,nan,nan,nan,nan,nan,nan,nan,nan,nan,nan,nan,nan,nan,nan,nan,nan,nan,nan,nan,nan,nan,nan,nan,nan,nan,nan,nan,nan,nan,nan,nan
89,13655,0.8558638888888889,-6.446568383932116,0.3377777777777778,-1,152,0.4934210526315789,0.046052631578947366,0.14473684210526316,0.08552631578947369,0.006578947368421052,0.6842105263157895,0.14473684210526316,0.17105263157894737,32.0,0.19736842105263158,0.05492063492063497,114.71017508506762,0.002905874157075757,0.6538216853420452,0.0,0.6,0.17333333333333334,0.2088888888888889,0.3333333333333333,0.004432660667225719,0.0034180083777755497,0.007306227693334222,0.138875,nan,nan,nan,nan,nan,nan,nan,nan,nan,nan,nan,nan,nan,nan,nan,nan,nan,nan,nan,nan,nan,nan,nan,nan,nan,nan,nan,nan,nan,nan,nan,nan,nan,nan,nan,nan,nan,nan,nan,nan,nan,nan,nan,nan,nan,nan,nan,nan,nan,nan,nan
90,13872,0.8535733333333333,-9.79903241109848,0.4222222222222222,0,217,0.43317972350230416,0.041474654377880185,0.17050691244239632,0.09216589861751152,0.0,0.6451612903225806,0.17511520737327188,0.17972350230414746,46.0,0.21658986175115208,0.046419753086419754,161.25745153427144,0.0025907502183797632,0.5829187991354466,0.0,0.6140350877192983,0.1111111111111111,0.24444444444444444,0.3688888888888889,0.004685589531436563,0.003589427098631859,0.007900269748643041,0.13874999999999998,nan,nan,nan,nan,nan,nan,nan,nan,nan,nan,nan,nan,nan,nan,nan,nan,nan,nan,nan,nan,nan,nan,nan,nan,nan,nan,nan,nan,nan,nan,nan,nan,nan,nan,nan,nan,nan,nan,nan,nan,nan,nan,nan,nan,nan,nan,nan,nan,nan,nan,nan
91,13950,0.85275,-4.191511589050295,0.19555555555555557,0,78,0.5512820512820513,0.01282051282051282,0.08974358974358974,0.05128205128205128,0.01282051282051282,0.6538461538461539,0.14102564102564102,0.20512820512820512,11.0,0.07692307692307693,0.07222222222222223,70.36677703857421,0.0027159281574932206,0.6110838354359746,0.0,0.782608695652174,0.1111111111111111,nan,nan,0.004641440277919173,0.003533764090389013,0.007990450970828534,0.138625,nan,nan,nan,nan,nan,nan,nan,nan,nan,nan,nan,nan,nan,nan,nan,nan,nan,nan,nan,nan,nan,nan,nan,nan,nan,nan,nan,nan,nan,nan,nan,nan,nan,nan,nan,nan,nan,nan,nan,nan,nan,nan,nan,nan,nan,nan,nan,nan,nan,nan,nan
92,14098,0.8511877777777778,-1.1126501293182378,0.38222222222222224,0,148,0.5743243243243243,0.0472972972972973,0.08783783783783784,0.04054054054054054,0.0,0.7094594594594594,0.11486486486486487,0.17567567567567569,11.0,0.060810810810810814,0.06373590982286635,100.18714408874487,0.0037707210961432903,0.8484122466322402,0.0,0.75,0.1511111111111111,0.27555555555555555,nan,0.004994947975501418,0.0038322883658111094,0.008394654281437397,0.13849999999999998,nan,nan,nan,nan,nan,nan,nan,nan,nan,nan,nan,nan,nan,nan,nan,nan,nan,nan,nan,nan,nan,nan,nan,nan,nan,nan,nan,nan,nan,nan,nan,nan,nan,nan,nan,nan,nan,nan,nan,nan,nan,nan,nan,nan,nan,nan,nan,nan,nan,nan,nan
93,14261,0.8494672222222223,-2.3343606412410733,0.40444444444444444,0,163,0.5521472392638037,0.06748466257668712,0.04294478527607362,0.0736196319018405,0.0,0.6625766871165644,0.1901840490797546,0.147239263803681,10.0,0.03680981595092025,0.058315018315018306,120.06057753562919,0.0033316514730349018,0.7496215814328528,0.0,0.7619047619047619,0.14222222222222222,0.28,0.39555555555555555,0.004241224937140941,0.0033913053572177886,0.006142146792262793,0.138375,nan,nan,nan,nan,nan,nan,nan,nan,nan,nan,nan,nan,nan,nan,nan,nan,nan,nan,nan,nan,nan,nan,nan,nan,nan,nan,nan,nan,nan,nan,nan,nan,nan,nan,nan,nan,nan,nan,nan,nan,nan,nan,nan,nan,nan,nan,nan,nan,nan,nan,nan
94,14466,0.8473033333333333,-7.53209249019623,0.4088888888888889,0,205,0.44390243902439025,0.06341463414634146,0.15609756097560976,0.05365853658536585,0.0,0.6634146341463415,0.16585365853658537,0.17073170731707318,50.0,0.22439024390243903,0.050864197530864214,140.63897609710685,0.002875763573287025,0.6470468039895806,0.004878048780487805,0.6379310344827587,0.13333333333333333,0.28444444444444444,0.3422222222222222,0.004763077548705042,0.003651500935666263,0.008040337869897485,0.13824999999999998,nan,nan,nan,nan,nan,nan,nan,nan,nan,nan,nan,nan,nan,nan,nan,nan,nan,nan,nan,nan,nan,nan,nan,nan,nan,nan,nan,nan,nan,nan,nan,nan,nan,nan,nan,nan,nan,nan,nan,nan,nan,nan,nan,nan,nan,nan,nan,nan,nan,nan,nan
95,14628,0.8455933333333333,-21.454493512392048,0.16444444444444445,0,162,0.2222222222222222,0.024691358024691357,0.37037037037037035,0.09876543209876543,0.0,0.6172839506172839,0.2222222222222222,0.16049382716049382,60.0,0.5246913580246914,0.022857142857142857,100.30946202278106,0.0015950638830428854,0.3588893736846492,0.0,0.2826086956521739,0.13777777777777778,0.16,0.16444444444444445,0.005120888724923134,0.003956840117461979,0.008427501609548926,0.138125,nan,nan,nan,nan,nan,nan,nan,nan,nan,nan,nan,nan,nan,nan,nan,nan,nan,nan,nan,nan,nan,nan,nan,nan,nan,nan,nan,nan,nan,nan,nan,nan,nan,nan,nan,nan,nan,nan,nan,nan,nan,nan,nan,nan,nan,nan,nan,nan,nan,nan,nan
96,14779,0.8439994444444444,-2.5088386497497552,0.3466666666666667,0,151,0.5099337748344371,0.039735099337748346,0.10596026490066225,0.059602649006622516,0.0,0.6556291390728477,0.1390728476821192,0.2052980132450331,12.0,0.059602649006622516,0.06412698412698423,100.02703475952131,0.0034212972827293276,0.7697918886140986,0.0,0.813953488372093,0.13333333333333333,0.2577777777777778,0.3422222222222222,0.004491757648065686,0.003514700848609209,0.0070801216410472986,0.13799999999999998,nan,nan,nan,nan,nan,nan,nan,nan,nan,nan,nan,nan,nan,nan,nan,nan,nan,nan,nan,nan,nan,nan,nan,nan,nan,nan,nan,nan,nan,nan,nan,nan,nan,nan,nan,nan,nan,nan,nan,nan,nan,nan,nan,nan,nan,nan,nan,nan,nan,nan,nan
97,14919,0.8425216666666666,-4.107291741132735,0.29333333333333333,0,140,0.4642857142857143,0.08571428571428572,0.12857142857142856,0.06428571428571428,0.0,0.6785714285714286,0.12857142857142856,0.19285714285714287,29.0,0.2,0.048641975308641984,100.92658801078794,0.0028623665436704336,0.6440324723258476,0.0,0.6388888888888888,0.16444444444444445,0.28444444444444444,nan,0.00515855080448091,0.003961099917069078,0.008685046946629882,0.137875,nan,nan,nan,nan,nan,nan,nan,nan,nan,nan,nan,nan,nan,nan,nan,nan,nan,nan,nan,nan,nan,nan,nan,nan,nan,nan,nan,nan,nan,nan,nan,nan,nan,nan,nan,nan,nan,nan,nan,nan,nan,nan,nan,nan,nan,nan,nan,nan,nan,nan,nan
98,15076,0.8408644444444444,-10.777067947149277,0.25333333333333335,0,157,0.35668789808917195,0.03184713375796178,0.2484076433121019,0.07643312101910828,0.0,0.6369426751592356,0.1464968152866242,0.21656050955414013,36.0,0.3057324840764331,0.035555555555555556,100.00064711570712,0.00248887278300218,0.5599963761754905,0.0,0.4888888888888889,0.14222222222222222,0.23555555555555555,0.25333333333333335,0.004138053697533906,0.0032615222968161105,0.0063632041681557895,0.13774999999999998,nan,nan,nan,nan,nan,nan,nan,nan,nan,nan,nan,nan,nan,nan,nan,nan,nan,nan,nan,nan,nan,nan,nan,nan,nan,nan,nan,nan,nan,nan,nan,nan,nan,nan,nan,nan,nan,nan,nan,nan,nan,nan,nan,nan,nan,nan,nan,nan,nan,nan,nan
99,15254,0.8389855555555555,-7.875336629867556,0.26666666666666666,0,178,0.33146067415730335,0.06741573033707865,0.20224719101123595,0.11235955056179775,0.0056179775280898875,0.601123595505618,0.20224719101123595,0.19662921348314608,43.0,0.38202247191011235,0.03685185185185183,110.06987266540496,0.002382325116513366,0.5360231512155074,0.0,0.46,0.1511111111111111,0.20444444444444446,0.21777777777777776,0.004481760156340897,0.0035379818407818677,0.006857607839629054,0.137625,nan,nan,nan,nan,nan,nan,nan,nan,nan,nan,nan,nan,nan,nan,nan,nan,nan,nan,nan,nan,nan,nan,nan,nan,nan,nan,nan,nan,nan,nan,nan,nan,nan,nan,nan,nan,nan,nan,nan,nan,nan,nan,nan,nan,nan,nan,nan,nan,nan,nan,nan
100,15411,0.8373283333333333,-3.2730978107452398,0.40444444444444444,0,157,0.5732484076433121,0.01910828025477707,0.08917197452229299,0.050955414012738856,0.0,0.6815286624203821,0.1337579617834395,0.18471337579617833,10.0,0.06369426751592357,0.06530612244897958,120.10569343566877,0.0033303999881924727,0.7493399973433064,0.006369426751592357,0.6904761904761905,0.11555555555555555,0.2577777777777778,0.38222222222222224,0.00465703543741256,0.0034961555153131484,0.008442762773483992,0.13749999999999998,-168.70465213439462,0.28088888888888885,1.1,222.2,0.6,0.4,0.2844549023267388,0.006727719089421218,0.0,0.649243631464964,0.0,0.2911826214161601,0.032533980079892735,0.6762833985039471,142.1,0.6060579796587635,0.03135679012345679,113.5900203275676,0.0024117163676598877,0.5426361827234747,0.0,0.9628138528138527,0.18133333333333335,0.2617777777777778,0.3033333333333333,-168.024636074543,0.2777777777777778,0.8,219.3,0.4,0.6,0.2828138720947173,0.005193296089385474,0.0009586592178770951,0.6522436854296493,0.0,0.28896582740197985,0.019782447846522992,0.6912517247514971,140.3,0.6159807354492532,0.030041446208112877,118.2412959480284,0.00220949051279572,0.4971353653790371,0.0,0.967608695652174,0.1688888888888889,0.24577777777777773,0.27644444444444444,0.5308717510473848
101,15564,0.8357133333333333,-2.5802306339740757,0.4088888888888889,0,153,0.5947712418300654,0.026143790849673203,0.0457516339869281,0.058823529411764705,0.0,0.6666666666666666,0.20261437908496732,0.13071895424836602,6.0,0.006535947712418301,0.057777777777777775,120.21172032356239,0.003364434377578493,0.7569977349551608,0.0,0.8809523809523809,0.14222222222222222,0.29333333333333333,0.4088888888888889,0.005455578165128827,0.004501862078905105,0.00694242911413312,0.137375,nan,nan,nan,nan,nan,nan,nan,nan,nan,nan,nan,nan,nan,nan,nan,nan,nan,nan,nan,nan,nan,nan,nan,nan,nan,nan,nan,nan,nan,nan,nan,nan,nan,nan,nan,nan,nan,nan,nan,nan,nan,nan,nan,nan,nan,nan,nan,nan,nan,nan,nan
102,15712,0.8341511111111111,-10.674946707725528,0.24,0,148,0.3581081081081081,0.06756756756756757,0.16216216216216217,0.10810810810810811,0.006756756756756757,0.5878378378378378,0.1891891891891892,0.22297297297297297,53.0,0.36486486486486486,0.0401610305958132,110.39949245452888,0.002133665203692632,0.4800746708308422,0.006756756756756757,0.5333333333333333,0.11555555555555555,0.17777777777777778,nan,0.005248008389025926,0.004223449295386672,0.007464910997077823,0.13724999999999998,nan,nan,nan,nan,nan,nan,nan,nan,nan,nan,nan,nan,nan,nan,nan,nan,nan,nan,nan,nan,nan,nan,nan,nan,nan,nan,nan,nan,nan,nan,nan,nan,nan,nan,nan,nan,nan,nan,nan,nan,nan,nan,nan,nan,nan,nan,nan,nan,nan,nan,nan
103,15904,0.8321244444444444,-7.980000000000002,0.29333333333333333,0,192,0.3385416666666667,0.09375,0.22395833333333334,0.07291666666666667,0.0,0.65625,0.15104166666666666,0.19270833333333334,67.0,0.40625,0.03950980392156863,120.59999999999961,0.0023954302561267817,0.5389718076285258,0.005208333333333333,0.40384615384615385,0.1688888888888889,0.21777777777777776,0.21777777777777776,0.0050389011390507225,0.004056185600347817,0.007166567724198103,0.137125,nan,nan,nan,nan,nan,nan,nan,nan,nan,nan,nan,nan,nan,nan,nan,nan,nan,nan,nan,nan,nan,nan,nan,nan,nan,nan,nan,nan,nan,nan,nan,nan,nan,nan,nan,nan,nan,nan,nan,nan,nan,nan,nan,nan,nan,nan,nan,nan,nan,nan,nan
104,16063,0.8304461111111111,-2.540242938995361,0.41333333333333333,0,159,0.5786163522012578,0.018867924528301886,0.050314465408805034,0.05660377358490566,0.006289308176100629,0.6477987421383647,0.1761006289308176,0.1761006289308176,4.0,0.0,0.06405643738977071,120.67850418090806,0.0033882495616280365,0.7623561513663082,0.0,0.851063829787234,0.15555555555555556,0.2577777777777778,0.39111111111111113,0.0050644745584577325,0.0038286902708932757,0.009020324237644673,0.13699999999999998,nan,nan,nan,nan,nan,nan,nan,nan,nan,nan,nan,nan,nan,nan,nan,nan,nan,nan,nan,nan,nan,nan,nan,nan,nan,nan,nan,nan,nan,nan,nan,nan,nan,nan,nan,nan,nan,nan,nan,nan,nan,nan,nan,nan,nan,nan,nan,nan,nan,nan,nan
105,16191,0.829095,-1.1909801473617536,0.35555555555555557,0,128,0.6171875,0.0078125,0.0546875,0.0625,0.0078125,0.6796875,0.1640625,0.15625,4.0,0.0,0.06395061728395064,90.31409664154033,0.003887666755995832,0.8747250200990621,0.0078125,0.9393939393939394,0.1511111111111111,0.28,nan,0.005154450726695359,0.004250718001276255,0.006602612975984812,0.136875,nan,nan,nan,nan,nan,nan,nan,nan,nan,nan,nan,nan,nan,nan,nan,nan,nan,nan,nan,nan,nan,nan,nan,nan,nan,nan,nan,nan,nan,nan,nan,nan,nan,nan,nan,nan,nan,nan,nan,nan,nan,nan,nan,nan,nan,nan,nan,nan,nan,nan,nan
106,16375,0.8271527777777778,-5.702500000000004,0.3022222222222222,0,184,0.3641304347826087,0.08152173913043478,0.15760869565217392,0.125,0.0,0.6032608695652174,0.17391304347826086,0.22282608695652173,49.0,0.391304347826087,0.042160493827160486,110.69999999999963,0.0026899528254541896,0.6052393857271926,0.0,0.46,0.1688888888888889,0.24,0.24888888888888888,0.005401536030694843,0.0045187585055828094,0.006455411482602358,0.13674999999999998,nan,nan,nan,nan,nan,nan,nan,nan,nan,nan,nan,nan,nan,nan,nan,nan,nan,nan,nan,nan,nan,nan,nan,nan,nan,nan,nan,nan,nan,nan,nan,nan,nan,nan,nan,nan,nan,nan,nan,nan,nan,nan,nan,nan,nan,nan,nan,nan,nan,nan,nan
107,16547,0.8253372222222222,-5.047307767868044,0.3511111111111111,0,172,0.45348837209302323,0.06395348837209303,0.13953488372093023,0.06395348837209303,0.0,0.6569767441860465,0.18023255813953487,0.16279069767441862,23.0,0.19186046511627908,0.050822510822510825,120.52674064636209,0.0028762635146985555,0.647159290807175,0.0,0.625,0.15555555555555556,0.22666666666666666,0.28444444444444444,0.006020773621276021,0.00502302679233253,0.007302812999114394,0.136625,nan,nan,nan,nan,nan,nan,nan,nan,nan,nan,nan,nan,nan,nan,nan,nan,nan,nan,nan,nan,nan,nan,nan,nan,nan,nan,nan,nan,nan,nan,nan,nan,nan,nan,nan,nan,nan,nan,nan,nan,nan,nan,nan,nan,nan,nan,nan,nan,nan,nan,nan
108,16715,0.8235638888888889,-1.8134502539634694,0.43555555555555553,0,168,0.5773809523809523,0.041666666666666664,0.08333333333333333,0.047619047619047616,0.0,0.7023809523809523,0.16071428571428573,0.13690476190476192,12.0,0.05357142857142857,0.06257495590828924,120.67095479965184,0.0035726170545917896,0.8038388372831526,0.0,0.7380952380952381,0.14666666666666667,0.29777777777777775,0.4177777777777778,0.005504693067632615,0.004671665909700096,0.006102763395756483,0.13649999999999998,nan,nan,nan,nan,nan,nan,nan,nan,nan,nan,nan,nan,nan,nan,nan,nan,nan,nan,nan,nan,nan,nan,nan,nan,nan,nan,nan,nan,nan,nan,nan,nan,nan,nan,nan,nan,nan,nan,nan,nan,nan,nan,nan,nan,nan,nan,nan,nan,nan,nan,nan
109,16875,0.821875,-7.206053761720658,0.27555555555555555,0,160,0.38125,0.06875,0.15,0.15,0.0,0.6,0.16875,0.23125,56.0,0.35,0.03873015873015873,100.39098820686313,0.0027005522702143988,0.6076242607982396,0.00625,0.525,0.17333333333333334,0.26666666666666666,0.27555555555555555,0.00490798014216125,0.004082698794081807,0.006051558954641223,0.136375,nan,nan,nan,nan,nan,nan,nan,nan,nan,nan,nan,nan,nan,nan,nan,nan,nan,nan,nan,nan,nan,nan,nan,nan,nan,nan,nan,nan,nan,nan,nan,nan,nan,nan,nan,nan,nan,nan,nan,nan,nan,nan,nan,nan,nan,nan,nan,nan,nan,nan,nan
110,16983,0.820735,-1.310490599393844,0.31555555555555553,0,108,0.6481481481481481,0.027777777777777776,0.05555555555555555,0.06481481481481481,0.009259259259259259,0.7314814814814815,0.12962962962962962,0.1388888888888889,5.0,0.0,0.06977777777777779,80.35705332756032,0.0038716092518092412,0.8711120816570792,0.0,0.7727272727272727,0.12444444444444444,0.29777777777777775,nan,0.0047335315495729445,0.004049169435165823,0.005022840900346636,0.13624999999999998,nan,nan,nan,nan,nan,nan,nan,nan,nan,nan,nan,nan,nan,nan,nan,nan,nan,nan,nan,nan,nan,nan,nan,nan,nan,nan,nan,nan,nan,nan,nan,nan,nan,nan,nan,nan,nan,nan,nan,nan,nan,nan,nan,nan,nan,nan,nan,nan,nan,nan,nan
111,17113,0.8193627777777778,-1.5282273046970365,0.36444444444444446,0,130,0.6230769230769231,0.038461538461538464,0.03076923076923077,0.038461538461538464,0.0,0.6923076923076923,0.18461538461538463,0.12307692307692308,5.0,0.0,0.06296296296296298,100.17359337806694,0.0035937614680679134,0.8085963303152804,0.0,0.8823529411764706,0.16444444444444445,0.28888888888888886,nan,0.004481544834561646,0.0035526107996702192,0.00682412525638938,0.136125,nan,nan,nan,nan,nan,nan,nan,nan,nan,nan,nan,nan,nan,nan,nan,nan,nan,nan,nan,nan,nan,nan,nan,nan,nan,nan,nan,nan,nan,nan,nan,nan,nan,nan,nan,nan,nan,nan,nan,nan,nan,nan,nan,nan,nan,nan,nan,nan,nan,nan,nan
112,17267,0.8177372222222222,-1.4695900859832751,0.37777777777777777,0,154,0.5454545454545454,0.05194805194805195,0.08441558441558442,0.045454545454545456,0.0,0.6818181818181818,0.14285714285714285,0.17532467532467533,24.0,0.12987012987012986,0.05333333333333334,100.29133415222141,0.0037224884531567894,0.8375599019602775,0.0,0.7073170731707317,0.1511111111111111,0.26666666666666666,0.37777777777777777,0.004635599185712635,0.003536277450621128,0.008083247439935803,0.13599999999999998,nan,nan,nan,nan,nan,nan,nan,nan,nan,nan,nan,nan,nan,nan,nan,nan,nan,nan,nan,nan,nan,nan,nan,nan,nan,nan,nan,nan,nan,nan,nan,nan,nan,nan,nan,nan,nan,nan,nan,nan,nan,nan,nan,nan,nan,nan,nan,nan,nan,nan,nan
113,17436,0.8159533333333333,-0.17685504364967286,0.48,0,169,0.6331360946745562,0.03550295857988166,0.047337278106508875,0.029585798816568046,0.0,0.7159763313609467,0.11834319526627218,0.16568047337278108,3.0,0.0,0.06994152046783626,120.36052422523478,0.003951092425167841,0.8889957956627642,0.0,0.8837209302325582,0.14666666666666667,0.31555555555555553,0.43555555555555553,0.004421011102385819,0.0036718932213261725,0.005513286450877786,0.135875,nan,nan,nan,nan,nan,nan,nan,nan,nan,nan,nan,nan,nan,nan,nan,nan,nan,nan,nan,nan,nan,nan,nan,nan,nan,nan,nan,nan,nan,nan,nan,nan,nan,nan,nan,nan,nan,nan,nan,nan,nan,nan,nan,nan,nan,nan,nan,nan,nan,nan,nan
114,17595,0.814275,-3.2736049923896804,0.4,0,159,0.559748427672956,0.06289308176100629,0.08176100628930817,0.08176100628930817,0.0,0.7044025157232704,0.1761006289308176,0.11949685534591195,10.0,0.07547169811320754,0.0655379188712522,120.90099992752063,0.003271731050964745,0.7361394864670675,0.0,0.7058823529411765,0.14666666666666667,0.26222222222222225,0.36444444444444446,0.00525260001886636,0.004298643791116774,0.007027302356436849,0.13575,nan,nan,nan,nan,nan,nan,nan,nan,nan,nan,nan,nan,nan,nan,nan,nan,nan,nan,nan,nan,nan,nan,nan,nan,nan,nan,nan,nan,nan,nan,nan,nan,nan,nan,nan,nan,nan,nan,nan,nan,nan,nan,nan,nan,nan,nan,nan,nan,nan,nan,nan
115,17801,0.8121005555555556,-6.618140367746353,0.38666666666666666,0,206,0.4174757281553398,0.02912621359223301,0.1796116504854369,0.08737864077669903,0.0048543689320388345,0.6262135922330098,0.17475728155339806,0.19902912621359223,30.0,0.1407766990291262,0.04403292181069957,140.02038445472715,0.002729761268051698,0.6141962853116321,0.0,0.559322033898305,0.1288888888888889,0.25333333333333335,0.36,0.005293306475505233,0.004241793300025165,0.007753092353232205,0.135625,nan,nan,nan,nan,nan,nan,nan,nan,nan,nan,nan,nan,nan,nan,nan,nan,nan,nan,nan,nan,nan,nan,nan,nan,nan,nan,nan,nan,nan,nan,nan,nan,nan,nan,nan,nan,nan,nan,nan,nan,nan,nan,nan,nan,nan,nan,nan,nan,nan,nan,nan
116,17980,0.8102111111111111,-5.55221040439606,0.3511111111111111,0,179,0.43575418994413406,0.05027932960893855,0.12849162011173185,0.10614525139664804,0.0,0.6145251396648045,0.16201117318435754,0.22346368715083798,19.0,0.1340782122905028,0.049166666666666664,120.55438480377178,0.0028756039627338427,0.6470108916151146,0.0,0.58,0.1288888888888889,0.2222222222222222,0.28888888888888886,0.005072518950328231,0.004012666898779571,0.007821786403656005,0.1355,nan,nan,nan,nan,nan,nan,nan,nan,nan,nan,nan,nan,nan,nan,nan,nan,nan,nan,nan,nan,nan,nan,nan,nan,nan,nan,nan,nan,nan,nan,nan,nan,nan,nan,nan,nan,nan,nan,nan,nan,nan,nan,nan,nan,nan,nan,nan,nan,nan,nan,nan
117,18159,0.8083216666666666,-3.0625797495842035,0.40444444444444444,0,179,0.5027932960893855,0.061452513966480445,0.1005586592178771,0.0670391061452514,0.0,0.664804469273743,0.1452513966480447,0.18994413407821228,24.0,0.17318435754189945,0.05874999999999998,120.27218809127783,0.0033257896638284254,0.7483026743613956,0.0,0.625,0.10666666666666667,0.24,0.32,0.006008750293403864,0.0050091506913304325,0.0073839312884956595,0.135375,nan,nan,nan,nan,nan,nan,nan,nan,nan,nan,nan,nan,nan,nan,nan,nan,nan,nan,nan,nan,nan,nan,nan,nan,nan,nan,nan,nan,nan,nan,nan,nan,nan,nan,nan,nan,nan,nan,nan,nan,nan,nan,nan,nan,nan,nan,nan,nan,nan,nan,nan
118,18330,0.8065166666666667,-2.4174934754371638,0.4222222222222222,0,171,0.5497076023391813,0.04678362573099415,0.10526315789473684,0.07017543859649122,0.0,0.7017543859649122,0.1695906432748538,0.1286549707602339,18.0,0.12280701754385964,0.06028722600151171,120.0142235755918,0.003481068871096246,0.7832404959966552,0.0,0.7435897435897436,0.1511111111111111,0.2311111111111111,0.4,0.00522092510946095,0.004037149879150092,0.008752496680244803,0.13525,nan,nan,nan,nan,nan,nan,nan,nan,nan,nan,nan,nan,nan,nan,nan,nan,nan,nan,nan,nan,nan,nan,nan,nan,nan,nan,nan,nan,nan,nan,nan,nan,nan,nan,nan,nan,nan,nan,nan,nan,nan,nan,nan,nan,nan,nan,nan,nan,nan,nan,nan
119,18428,0.8054822222222222,-0.7877845871448506,0.29777777777777775,0,98,0.673469387755102,0.02040816326530612,0.030612244897959183,0.061224489795918366,0.01020408163265306,0.7244897959183674,0.14285714285714285,0.1326530612244898,6.0,0.01020408163265306,0.0744927536231884,70.71223416328426,0.004148268497018301,0.9333604118291176,0.0,0.8571428571428571,0.1688888888888889,nan,nan,0.0043999253073707225,0.0035956020932644607,0.005952438362874091,0.135125,nan,nan,nan,nan,nan,nan,nan,nan,nan,nan,nan,nan,nan,nan,nan,nan,nan,nan,nan,nan,nan,nan,nan,nan,nan,nan,nan,nan,nan,nan,nan,nan,nan,nan,nan,nan,nan,nan,nan,nan,nan,nan,nan,nan,nan,nan,nan,nan,nan,nan,nan
120,18637,0.8032761111111111,-0.17988698530197134,0.5422222222222223,0,209,0.5789473684210527,0.06698564593301436,0.03827751196172249,0.04784688995215311,0.0,0.6842105263157895,0.09090909090909091,0.22488038277511962,10.0,0.05263157894736842,0.06063100137174213,140.62749509811377,0.0038241296796375276,0.8604291779184436,0.0,0.6964285714285714,0.17333333333333334,0.3022222222222222,0.4222222222222222,0.004708079062402249,0.003990091779269278,0.005318423826247453,0.135,-16.8956955466509,0.5186666666666666,0.0,210.0,0.0,1.0,0.5569943523310308,0.03994743431759517,0.0033253301320528214,0.2814818505638569,0.0,0.6002671167806787,0.01890924926635069,0.3808236339529706,44.5,0.23429027341625144,0.060193278299800035,133.34948139667492,0.003838465461991701,0.8636547289481328,0.0,0.8517357760720381,0.2,0.34,0.44493827160493826,-13.838646422505377,0.5044444444444445,0.5,212.4,0.3,0.7,0.547499549712802,0.04877189975119745,0.002,0.2526911354320423,0.0,0.5982714494639996,0.010809644223052249,0.3909189063129482,43.5,0.22145903723151555,0.05964745824255628,136.49282307147965,0.003659376863970312,0.8233597943933205,0.0,0.7814566451402893,0.1928888888888889,0.3453333333333333,0.43209876543209874,0.9240142703317155
121,18757,0.8020094444444444,-6.164686603546144,0.21777777777777776,0,120,0.4,0.016666666666666666,0.25833333333333336,0.08333333333333333,0.008333333333333333,0.675,0.125,0.2,25.0,0.25,0.042666666666666665,80.42558670043935,0.0026525555123139426,0.5968249902706372,0.0,0.5517241379310345,0.1511111111111111,0.21777777777777776,nan,0.004304827959276736,0.003508570929989219,0.005903666908852756,0.134875,nan,nan,nan,nan,nan,nan,nan,nan,nan,nan,nan,nan,nan,nan,nan,nan,nan,nan,nan,nan,nan,nan,nan,nan,nan,nan,nan,nan,nan,nan,nan,nan,nan,nan,nan,nan,nan,nan,nan,nan,nan,nan,nan,nan,nan,nan,nan,nan,nan,nan,nan
122,18964,0.7998244444444444,-10.569023739814753,0.3288888888888889,0,207,0.3526570048309179,0.07729468599033816,0.24154589371980675,0.09178743961352658,0.0,0.6714975845410628,0.1642512077294686,0.1642512077294686,53.0,0.40096618357487923,0.03604938271604938,140.7811784744263,0.0023046009982320304,0.5185352246022068,0.004830917874396135,0.5102040816326531,0.16444444444444445,0.22666666666666666,0.3244444444444444,0.0046324435155838724,0.0037307626800611613,0.00669151027686894,0.13475,nan,nan,nan,nan,nan,nan,nan,nan,nan,nan,nan,nan,nan,nan,nan,nan,nan,nan,nan,nan,nan,nan,nan,nan,nan,nan,nan,nan,nan,nan,nan,nan,nan,nan,nan,nan,nan,nan,nan,nan,nan,nan,nan,nan,nan,nan,nan,nan,nan,nan,nan
123,19213,0.7971961111111111,-7.024255399227145,0.4711111111111111,0,249,0.42168674698795183,0.08032128514056225,0.10843373493975904,0.11646586345381527,0.0,0.6104417670682731,0.1646586345381526,0.2248995983935743,48.0,0.22088353413654618,0.046740740740740735,160.1452895164487,0.0029140205626762114,0.6556546266021476,0.012048192771084338,0.6176470588235294,0.16,0.29333333333333333,0.30666666666666664,0.004145088535733521,0.0031987817492336035,0.007029205677099526,0.134625,nan,nan,nan,nan,nan,nan,nan,nan,nan,nan,nan,nan,nan,nan,nan,nan,nan,nan,nan,nan,nan,nan,nan,nan,nan,nan,nan,nan,nan,nan,nan,nan,nan,nan,nan,nan,nan,nan,nan,nan,nan,nan,nan,nan,nan,nan,nan,nan,nan,nan,nan
124,19293,0.7963516666666667,-8.735733174800874,0.13777777777777778,0,80,0.375,0.0375,0.2625,0.0375,0.0125,0.675,0.1625,0.1625,40.0,0.4375,0.03333333333333333,70.5307921409607,0.0018904272770233089,0.4253461373302445,0.0,0.43478260869565216,0.13777777777777778,nan,nan,0.004429214145056903,0.003705655224621296,0.005379620590247214,0.1345,nan,nan,nan,nan,nan,nan,nan,nan,nan,nan,nan,nan,nan,nan,nan,nan,nan,nan,nan,nan,nan,nan,nan,nan,nan,nan,nan,nan,nan,nan,nan,nan,nan,nan,nan,nan,nan,nan,nan,nan,nan,nan,nan,nan,nan,nan,nan,nan,nan,nan,nan
125,19496,0.794208888888889,-9.227848358392716,0.4177777777777778,0,203,0.458128078817734,0.024630541871921183,0.12807881773399016,0.14285714285714285,0.0,0.6108374384236454,0.1921182266009852,0.19704433497536947,21.0,0.18226600985221675,0.045925925925925926,150.95093674659756,0.0027381965441340655,0.6160942224301647,0.0049261083743842365,0.7,0.1688888888888889,0.3111111111111111,0.39111111111111113,0.00389515389688313,0.003215724881738424,0.005056215450167656,0.134375,nan,nan,nan,nan,nan,nan,nan,nan,nan,nan,nan,nan,nan,nan,nan,nan,nan,nan,nan,nan,nan,nan,nan,nan,nan,nan,nan,nan,nan,nan,nan,nan,nan,nan,nan,nan,nan,nan,nan,nan,nan,nan,nan,nan,nan,nan,nan,nan,nan,nan,nan
126,19717,0.7918761111111111,-2.8660757470130926,0.5288888888888889,0,221,0.5339366515837104,0.08597285067873303,0.07692307692307693,0.058823529411764705,0.0,0.6968325791855203,0.13122171945701358,0.17194570135746606,12.0,0.09502262443438914,0.05930629041740153,160.7150071144102,0.0032631952289999995,0.734218926525,0.0,0.6666666666666666,0.14222222222222222,0.29777777777777775,0.40444444444444444,0.004278070339933038,0.003403701749630272,0.006512987613677979,0.13424999999999998,nan,nan,nan,nan,nan,nan,nan,nan,nan,nan,nan,nan,nan,nan,nan,nan,nan,nan,nan,nan,nan,nan,nan,nan,nan,nan,nan,nan,nan,nan,nan,nan,nan,nan,nan,nan,nan,nan,nan,nan,nan,nan,nan,nan,nan,nan,nan,nan,nan,nan,nan
127,19854,0.79043,-10.031157284021377,0.24444444444444444,0,137,0.39416058394160586,0.043795620437956206,0.15328467153284672,0.145985401459854,0.0072992700729927005,0.5912408759124088,0.20437956204379562,0.20437956204379562,35.0,0.3284671532846715,0.04,110.0872122287751,0.0021800897228758027,0.4905201876470556,0.0072992700729927005,0.42857142857142855,0.10666666666666667,0.24,nan,0.0044508719118312,0.0036905004642903807,0.005669125285930931,0.134125,nan,nan,nan,nan,nan,nan,nan,nan,nan,nan,nan,nan,nan,nan,nan,nan,nan,nan,nan,nan,nan,nan,nan,nan,nan,nan,nan,nan,nan,nan,nan,nan,nan,nan,nan,nan,nan,nan,nan,nan,nan,nan,nan,nan,nan,nan,nan,nan,nan,nan,nan
128,20010,0.7887833333333334,-3.1099655532836925,0.3288888888888889,0,156,0.46794871794871795,0.05128205128205128,0.1346153846153846,0.07051282051282051,0.0,0.6538461538461539,0.1858974358974359,0.16025641025641027,23.0,0.16666666666666666,0.0543915343915344,100.79967193603491,0.0032187053609691236,0.7242087062180527,0.0,0.5813953488372093,0.14222222222222222,0.24,0.3111111111111111,0.004140527709387243,0.003312287689186633,0.006180896377190948,0.134,nan,nan,nan,nan,nan,nan,nan,nan,nan,nan,nan,nan,nan,nan,nan,nan,nan,nan,nan,nan,nan,nan,nan,nan,nan,nan,nan,nan,nan,nan,nan,nan,nan,nan,nan,nan,nan,nan,nan,nan,nan,nan,nan,nan,nan,nan,nan,nan,nan,nan,nan
129,20211,0.7866616666666667,-3.3303097548484786,0.4711111111111111,0,201,0.5223880597014925,0.05970149253731343,0.06965174129353234,0.08955223880597014,0.0,0.6517412935323383,0.14925373134328357,0.19900497512437812,30.0,0.15920398009950248,0.05185185185185184,140.0410452842714,0.003332356351092446,0.7497801789958004,0.01990049751243781,0.6923076923076923,0.13777777777777778,0.30666666666666664,0.38666666666666666,0.0038550693308934568,0.003045820025727153,0.006044812826439738,0.133875,nan,nan,nan,nan,nan,nan,nan,nan,nan,nan,nan,nan,nan,nan,nan,nan,nan,nan,nan,nan,nan,nan,nan,nan,nan,nan,nan,nan,nan,nan,nan,nan,nan,nan,nan,nan,nan,nan,nan,nan,nan,nan,nan,nan,nan,nan,nan,nan,nan,nan,nan
130,20368,0.7850044444444445,-3.55353239107132,0.38666666666666666,0,157,0.5477707006369427,0.03821656050955414,0.10191082802547771,0.03184713375796178,0.0,0.6878980891719745,0.15286624203821655,0.1592356687898089,11.0,0.07006369426751592,0.0546031746031746,120.15745134353615,0.003181011397532308,0.7157275644447693,0.0,0.75,0.13333333333333333,0.24,0.38666666666666666,0.0043742143316194415,0.003627596748992801,0.005582187115214765,0.13374999999999998,nan,nan,nan,nan,nan,nan,nan,nan,nan,nan,nan,nan,nan,nan,nan,nan,nan,nan,nan,nan,nan,nan,nan,nan,nan,nan,nan,nan,nan,nan,nan,nan,nan,nan,nan,nan,nan,nan,nan,nan,nan,nan,nan,nan,nan,nan,nan,nan,nan,nan,nan
131,20563,0.7829461111111111,-4.867822001934051,0.4222222222222222,0,195,0.48205128205128206,0.05641025641025641,0.15897435897435896,0.05128205128205128,0.0,0.6974358974358974,0.13846153846153847,0.1641025641025641,23.0,0.2,0.053611111111111116,140.2649714469907,0.0029784897360184146,0.6701601906041432,0.0,0.6041666666666666,0.16444444444444445,0.26666666666666666,0.37333333333333335,0.00423344955779612,0.0034567134222015738,0.00581280558835715,0.133625,nan,nan,nan,nan,nan,nan,nan,nan,nan,nan,nan,nan,nan,nan,nan,nan,nan,nan,nan,nan,nan,nan,nan,nan,nan,nan,nan,nan,nan,nan,nan,nan,nan,nan,nan,nan,nan,nan,nan,nan,nan,nan,nan,nan,nan,nan,nan,nan,nan,nan,nan
132,20728,0.7812044444444445,-0.5901303784847259,0.4622222222222222,0,165,0.6242424242424243,0.05454545454545454,0.012121212121212121,0.06666666666666667,0.0,0.6909090909090909,0.1393939393939394,0.1696969696969697,5.0,0.0,0.0692063492063492,120.33457503318772,0.0038042082057590247,0.8559468462957806,0.0,0.775,0.13333333333333333,0.28888888888888886,0.4222222222222222,0.003741800063289702,0.0030427615158259867,0.0052362440153956415,0.1335,nan,nan,nan,nan,nan,nan,nan,nan,nan,nan,nan,nan,nan,nan,nan,nan,nan,nan,nan,nan,nan,nan,nan,nan,nan,nan,nan,nan,nan,nan,nan,nan,nan,nan,nan,nan,nan,nan,nan,nan,nan,nan,nan,nan,nan,nan,nan,nan,nan,nan,nan
133,20911,0.7792727777777778,-6.000228586196899,0.32,0,183,0.3879781420765027,0.060109289617486336,0.15300546448087432,0.11475409836065574,0.0,0.6010928961748634,0.21311475409836064,0.18579234972677597,30.0,0.20218579234972678,0.03944444444444445,110.21170082092249,0.002863176533935232,0.6442147201354271,0.0,0.5686274509803921,0.1288888888888889,0.24,0.31555555555555553,0.003950056014582514,0.003188072168268263,0.005713093257509172,0.133375,nan,nan,nan,nan,nan,nan,nan,nan,nan,nan,nan,nan,nan,nan,nan,nan,nan,nan,nan,nan,nan,nan,nan,nan,nan,nan,nan,nan,nan,nan,nan,nan,nan,nan,nan,nan,nan,nan,nan,nan,nan,nan,nan,nan,nan,nan,nan,nan,nan,nan,nan
134,21071,0.7775838888888889,-1.4992183685302722,0.36444444444444446,0,160,0.50625,0.08125,0.0625,0.08125,0.0,0.65,0.1625,0.1875,9.0,0.06875,0.05904761904761906,100.42112731933567,0.0035849029941200784,0.8066031736770175,0.0,0.7209302325581395,0.15555555555555556,0.24888888888888888,0.3288888888888889,0.0038856084458529947,0.0029925787122920154,0.006701911776326596,0.13324999999999998,nan,nan,nan,nan,nan,nan,nan,nan,nan,nan,nan,nan,nan,nan,nan,nan,nan,nan,nan,nan,nan,nan,nan,nan,nan,nan,nan,nan,nan,nan,nan,nan,nan,nan,nan,nan,nan,nan,nan,nan,nan,nan,nan,nan,nan,nan,nan,nan,nan,nan,nan
135,21224,0.7759688888888889,-2.624708887100218,0.3377777777777778,0,153,0.49019607843137253,0.06535947712418301,0.1111111111111111,0.058823529411764705,0.0,0.6666666666666666,0.1568627450980392,0.17647058823529413,33.0,0.1830065359477124,0.047619047619047616,100.49246559143045,0.003316998258243139,0.7463246081047062,0.0,0.6666666666666666,0.13333333333333333,0.28888888888888886,0.3377777777777778,0.003977208002470434,0.003044123365543783,0.00700908659491688,0.133125,nan,nan,nan,nan,nan,nan,nan,nan,nan,nan,nan,nan,nan,nan,nan,nan,nan,nan,nan,nan,nan,nan,nan,nan,nan,nan,nan,nan,nan,nan,nan,nan,nan,nan,nan,nan,nan,nan,nan,nan,nan,nan,nan,nan,nan,nan,nan,nan,nan,nan,nan
136,21394,0.7741744444444445,-2.203218948125838,0.4311111111111111,0,170,0.5647058823529412,0.08235294117647059,0.06470588235294118,0.058823529411764705,0.0058823529411764705,0.711764705882353,0.12352941176470589,0.16470588235294117,23.0,0.10588235294117647,0.06095238095238096,120.41160902976962,0.0035434014220437913,0.797265319959853,0.0,0.6666666666666666,0.18666666666666668,0.29777777777777775,0.4311111111111111,0.004071201919578016,0.0032927238615229728,0.005853218445554376,0.133,nan,nan,nan,nan,nan,nan,nan,nan,nan,nan,nan,nan,nan,nan,nan,nan,nan,nan,nan,nan,nan,nan,nan,nan,nan,nan,nan,nan,nan,nan,nan,nan,nan,nan,nan,nan,nan,nan,nan,nan,nan,nan,nan,nan,nan,nan,nan,nan,nan,nan,nan
137,21561,0.7724116666666667,-1.9513646411895738,0.4444444444444444,0,167,0.592814371257485,0.041916167664670656,0.08982035928143713,0.07784431137724551,0.0,0.7245508982035929,0.1317365269461078,0.1437125748502994,12.0,0.07784431137724551,0.06494864612511671,120.13680610656728,0.003662491240275676,0.8240605290620271,0.005988023952095809,0.6875,0.10222222222222223,0.27111111111111114,0.41333333333333333,0.004080126318149269,0.0033806292107328773,0.005264324601739645,0.132875,nan,nan,nan,nan,nan,nan,nan,nan,nan,nan,nan,nan,nan,nan,nan,nan,nan,nan,nan,nan,nan,nan,nan,nan,nan,nan,nan,nan,nan,nan,nan,nan,nan,nan,nan,nan,nan,nan,nan,nan,nan,nan,nan,nan,nan,nan,nan,nan,nan,nan,nan
138,21720,0.7707333333333333,-2.8269132776260375,0.36444444444444446,0,159,0.5094339622641509,0.06289308176100629,0.06918238993710692,0.06918238993710692,0.0,0.6415094339622641,0.1509433962264151,0.20754716981132076,11.0,0.03773584905660377,0.05594356261022927,110.3610788345335,0.0032620195797447306,0.7339544054425643,0.0,0.7333333333333333,0.14666666666666667,0.21333333333333335,0.3466666666666667,0.004044673265889287,0.0034652359085157514,0.004364876425825059,0.13275,nan,nan,nan,nan,nan,nan,nan,nan,nan,nan,nan,nan,nan,nan,nan,nan,nan,nan,nan,nan,nan,nan,nan,nan,nan,nan,nan,nan,nan,nan,nan,nan,nan,nan,nan,nan,nan,nan,nan,nan,nan,nan,nan,nan,nan,nan,nan,nan,nan,nan,nan
139,21906,0.76877,-1.3760736336708073,0.4577777777777778,0,186,0.5483870967741935,0.08064516129032258,0.026881720430107527,0.05913978494623656,0.0,0.6559139784946236,0.16129032258064516,0.1827956989247312,10.0,0.026881720430107527,0.06232323232323232,130.1911774635313,0.003482058785898296,0.7834632268271166,0.005376344086021506,0.7735849056603774,0.15555555555555556,0.27555555555555555,0.39555555555555555,0.003997058770619333,0.0034313492942601442,0.004265481617767364,0.132625,nan,nan,nan,nan,nan,nan,nan,nan,nan,nan,nan,nan,nan,nan,nan,nan,nan,nan,nan,nan,nan,nan,nan,nan,nan,nan,nan,nan,nan,nan,nan,nan,nan,nan,nan,nan,nan,nan,nan,nan,nan,nan,nan,nan,nan,nan,nan,nan,nan,nan,nan
140,22052,0.767228888888889,-1.4019894161224358,0.4088888888888889,-1,146,0.6232876712328768,0.0273972602739726,0.0273972602739726,0.0821917808219178,0.00684931506849315,0.678082191780822,0.17123287671232876,0.1506849315068493,13.0,0.0547945205479452,0.06839506172839506,106.72370872497535,0.0037896400835046775,0.8526690187885524,0.0,0.8285714285714286,0.16444444444444445,0.3288888888888889,nan,0.0039851486450061206,0.0033758052624762057,0.0045988180208951235,0.1325,-42.89758078665734,0.4666666666666667,0.2,209.6,0.2,0.8,0.5258650118051578,0.03779846450079001,0.0037391304347826086,0.32318673408891524,0.0,0.5674026067407303,0.12540555080521257,0.3071918424540571,61.6,0.30946205572362395,0.05759707873983235,127.18553130149812,0.003646698983339261,0.8205072712513337,0.0,0.8002841754198599,0.1942222222222222,0.34311111111111114,0.411358024691358,-56.173997919654845,0.4417777777777777,0.7,206.5,0.4,0.6,0.4980229672195861,0.02594328735442878,0.004747417840375587,0.35990203497472323,0.0005681818181818182,0.5287136724143904,0.05492332246208922,0.4163630051235203,77.6,0.3280306735076621,0.05320747667331518,126.42378971099829,0.0034483817300401927,0.7758858892590436,0.0,0.8518764485216097,0.19155555555555556,0.3417777777777778,0.42419753086419754,0.8484882124540875
141,22260,0.7650333333333333,-2.5532960433959935,0.4666666666666667,0,208,0.5,0.09134615384615384,0.08173076923076923,0.07211538461538461,0.0,0.6730769230769231,0.13942307692307693,0.1875,16.0,0.11538461538461539,0.05240740740740741,140.0980575561523,0.0032992764516878493,0.742337201629766,0.004807692307692308,0.6981132075471698,0.11555555555555555,0.25333333333333335,0.37333333333333335,0.0035818330012261867,0.0030077531933784484,0.00433676871471107,0.132375,nan,nan,nan,nan,nan,nan,nan,nan,nan,nan,nan,nan,nan,nan,nan,nan,nan,nan,nan,nan,nan,nan,nan,nan,nan,nan,nan,nan,nan,nan,nan,nan,nan,nan,nan,nan,nan,nan,nan,nan,nan,nan,nan,nan,nan,nan,nan,nan,nan,nan,nan
142,22451,0.7630172222222222,-2.997399509906775,0.4488888888888889,0,191,0.5235602094240838,0.07329842931937172,0.041884816753926704,0.07329842931937172,0.0,0.6387434554973822,0.14659685863874344,0.21465968586387435,13.0,0.05759162303664921,0.05868055555555556,140.1085667610168,0.00317214325090152,0.713732231452842,0.0,0.7222222222222222,0.1111111111111111,0.20444444444444446,0.3377777777777778,0.0038900905987247826,0.0032984530786052345,0.004473629547283054,0.13225,nan,nan,nan,nan,nan,nan,nan,nan,nan,nan,nan,nan,nan,nan,nan,nan,nan,nan,nan,nan,nan,nan,nan,nan,nan,nan,nan,nan,nan,nan,nan,nan,nan,nan,nan,nan,nan,nan,nan,nan,nan,nan,nan,nan,nan,nan,nan,nan,nan,nan,nan
143,22627,0.7611594444444445,-8.477500000000003,0.21777777777777776,0,176,0.2727272727272727,0.10227272727272728,0.16477272727272727,0.2159090909090909,0.0,0.5397727272727273,0.11363636363636363,0.3465909090909091,81.0,0.48295454545454547,0.03999999999999992,100.29999999999967,0.002126952475905623,0.4785643070787653,0.03977272727272727,0.37209302325581395,0.13333333333333333,0.19555555555555557,0.19555555555555557,0.0036409452557563783,0.0030738805769942703,0.004291880642995238,0.132125,nan,nan,nan,nan,nan,nan,nan,nan,nan,nan,nan,nan,nan,nan,nan,nan,nan,nan,nan,nan,nan,nan,nan,nan,nan,nan,nan,nan,nan,nan,nan,nan,nan,nan,nan,nan,nan,nan,nan,nan,nan,nan,nan,nan,nan,nan,nan,nan,nan,nan,nan
144,22799,0.7593438888888889,-3.0083238148689273,0.38222222222222224,0,172,0.4941860465116279,0.05232558139534884,0.11627906976744186,0.0755813953488372,0.0,0.6627906976744186,0.1569767441860465,0.18023255813953487,38.0,0.19767441860465115,0.053968253968253964,110.48879823684665,0.0034191500297429574,0.7693087566921653,0.011627906976744186,0.6888888888888889,0.12444444444444444,0.29333333333333333,0.38222222222222224,0.003991560009308159,0.0034720644121989607,0.00393557243514806,0.132,nan,nan,nan,nan,nan,nan,nan,nan,nan,nan,nan,nan,nan,nan,nan,nan,nan,nan,nan,nan,nan,nan,nan,nan,nan,nan,nan,nan,nan,nan,nan,nan,nan,nan,nan,nan,nan,nan,nan,nan,nan,nan,nan,nan,nan,nan,nan,nan,nan,nan,nan
145,22891,0.7583727777777778,-3.2978868684768683,0.2088888888888889,0,92,0.5,0.043478260869565216,0.05434782608695652,0.11956521739130435,0.010869565217391304,0.5978260869565217,0.25,0.15217391304347827,12.0,0.07608695652173914,0.05477124183006536,70.29416065216054,0.0029084129115091823,0.654392905089566,0.010869565217391304,0.7692307692307693,0.13333333333333333,nan,nan,0.0040409421315416695,0.00329885829705745,0.0056271763285622,0.131875,nan,nan,nan,nan,nan,nan,nan,nan,nan,nan,nan,nan,nan,nan,nan,nan,nan,nan,nan,nan,nan,nan,nan,nan,nan,nan,nan,nan,nan,nan,nan,nan,nan,nan,nan,nan,nan,nan,nan,nan,nan,nan,nan,nan,nan,nan,nan,nan,nan,nan,nan
146,23040,0.7568,-4.6169108302593225,0.3377777777777778,0,149,0.5033557046979866,0.03355704697986577,0.14093959731543623,0.0738255033557047,0.0,0.6778523489932886,0.15436241610738255,0.16778523489932887,29.0,0.2080536912751678,0.05555555555555556,100.40867457389814,0.0033197662925827072,0.746947415831109,0.020134228187919462,0.5945945945945946,0.14222222222222222,0.3022222222222222,nan,0.004052078444510698,0.0032118407543748617,0.006377515499480069,0.13175,nan,nan,nan,nan,nan,nan,nan,nan,nan,nan,nan,nan,nan,nan,nan,nan,nan,nan,nan,nan,nan,nan,nan,nan,nan,nan,nan,nan,nan,nan,nan,nan,nan,nan,nan,nan,nan,nan,nan,nan,nan,nan,nan,nan,nan,nan,nan,nan,nan,nan,nan
147,23272,0.7543511111111111,-5.125787184000016,0.5244444444444445,0,232,0.5043103448275862,0.04310344827586207,0.11206896551724138,0.08620689655172414,0.0,0.6594827586206896,0.16379310344827586,0.17672413793103448,26.0,0.15948275862068967,0.052000000000000005,160.1789255619054,0.003246369634306432,0.7304331677189472,0.004310344827586207,0.6949152542372882,0.16444444444444445,0.3288888888888889,0.43555555555555553,0.003940011607483029,0.0033165038097649814,0.004737000865861774,0.131625,nan,nan,nan,nan,nan,nan,nan,nan,nan,nan,nan,nan,nan,nan,nan,nan,nan,nan,nan,nan,nan,nan,nan,nan,nan,nan,nan,nan,nan,nan,nan,nan,nan,nan,nan,nan,nan,nan,nan,nan,nan,nan,nan,nan,nan,nan,nan,nan,nan,nan,nan
148,23419,0.7527994444444445,-2.731301007509235,0.35555555555555557,0,147,0.5374149659863946,0.02040816326530612,0.12244897959183673,0.04081632653061224,0.0,0.6802721088435374,0.1564625850340136,0.16326530612244897,13.0,0.10204081632653061,0.06003367003367003,100.51715245246864,0.0034930467342590152,0.7859355152082784,0.0,0.7560975609756098,0.13777777777777778,0.22666666666666666,nan,0.00420695364009589,0.0034241101704537867,0.005953181837685406,0.1315,nan,nan,nan,nan,nan,nan,nan,nan,nan,nan,nan,nan,nan,nan,nan,nan,nan,nan,nan,nan,nan,nan,nan,nan,nan,nan,nan,nan,nan,nan,nan,nan,nan,nan,nan,nan,nan,nan,nan,nan,nan,nan,nan,nan,nan,nan,nan,nan,nan,nan,nan
149,23542,0.7515011111111111,-2.096770034313202,0.3244444444444444,0,123,0.5853658536585366,0.032520325203252036,0.07317073170731707,0.032520325203252036,0.008130081300813009,0.6910569105691057,0.17886178861788618,0.13008130081300814,11.0,0.04878048780487805,0.06469565217391304,90.60733366012568,0.0035317229530265394,0.7946376644309713,0.0,0.8181818181818182,0.1511111111111111,0.28444444444444444,nan,0.003777872328646481,0.002967675821855664,0.0061670520808547735,0.131375,nan,nan,nan,nan,nan,nan,nan,nan,nan,nan,nan,nan,nan,nan,nan,nan,nan,nan,nan,nan,nan,nan,nan,nan,nan,nan,nan,nan,nan,nan,nan,nan,nan,nan,nan,nan,nan,nan,nan,nan,nan,nan,nan,nan,nan,nan,nan,nan,nan,nan,nan
150,23615,0.7507305555555556,-4.320514844179153,0.18666666666666668,0,73,0.5616438356164384,0.0273972602739726,0.1095890410958904,0.0410958904109589,0.0136986301369863,0.6986301369863014,0.1095890410958904,0.1917808219178082,9.0,0.0547945205479452,0.061384863123993556,70.4525223255157,0.0025864541993300223,0.581952194849255,0.0,0.7894736842105263,0.16444444444444445,nan,nan,0.0042986678658053275,0.0030992309097200633,0.009138567792251705,0.13125,nan,nan,nan,nan,nan,nan,nan,nan,nan,nan,nan,nan,nan,nan,nan,nan,nan,nan,nan,nan,nan,nan,nan,nan,nan,nan,nan,nan,nan,nan,nan,nan,nan,nan,nan,nan,nan,nan,nan,nan,nan,nan,nan,nan,nan,nan,nan,nan,nan,nan,nan
151,23814,0.74863,-3.4989996562004095,0.4622222222222222,0,199,0.5175879396984925,0.04522613065326633,0.08542713567839195,0.07035175879396985,0.0,0.6482412060301508,0.16080402010050251,0.19095477386934673,13.0,0.06532663316582915,0.05756944444444444,140.33333005905143,0.0032620745020812063,0.7339667629682713,0.005025125628140704,0.7142857142857143,0.1511111111111111,0.26222222222222225,0.3377777777777778,0.004531394294463098,0.003640861134044826,0.006791482749395073,0.131125,nan,nan,nan,nan,nan,nan,nan,nan,nan,nan,nan,nan,nan,nan,nan,nan,nan,nan,nan,nan,nan,nan,nan,nan,nan,nan,nan,nan,nan,nan,nan,nan,nan,nan,nan,nan,nan,nan,nan,nan,nan,nan,nan,nan,nan,nan,nan,nan,nan,nan,nan
152,23907,0.7476483333333334,-0.4535765337944023,0.3022222222222222,0,93,0.7204301075268817,0.043010752688172046,0.010752688172043012,0.021505376344086023,0.010752688172043012,0.7741935483870968,0.12903225806451613,0.0967741935483871,5.0,0.0,0.08049382716049383,70.10072889327995,0.004247855656837879,0.9557675227885227,0.0,0.9473684210526315,0.16444444444444445,nan,nan,0.0038579631596803664,0.0031818825984373687,0.005160920415073633,0.131,nan,nan,nan,nan,nan,nan,nan,nan,nan,nan,nan,nan,nan,nan,nan,nan,nan,nan,nan,nan,nan,nan,nan,nan,nan,nan,nan,nan,nan,nan,nan,nan,nan,nan,nan,nan,nan,nan,nan,nan,nan,nan,nan,nan,nan,nan,nan,nan,nan,nan,nan
153,24130,0.7452944444444445,-10.564020389556864,0.35555555555555557,0,223,0.3542600896860987,0.07623318385650224,0.18834080717488788,0.11659192825112108,0.0,0.6188340807174888,0.19730941704035873,0.18385650224215247,92.0,0.4304932735426009,0.03926999463231348,140.29543228149396,0.0025026553281266408,0.5630974488284941,0.004484304932735426,0.4067796610169492,0.17333333333333334,0.27111111111111114,0.27111111111111114,0.003927629254758358,0.003316743765026331,0.0046677013859152796,0.130875,nan,nan,nan,nan,nan,nan,nan,nan,nan,nan,nan,nan,nan,nan,nan,nan,nan,nan,nan,nan,nan,nan,nan,nan,nan,nan,nan,nan,nan,nan,nan,nan,nan,nan,nan,nan,nan,nan,nan,nan,nan,nan,nan,nan,nan,nan,nan,nan,nan,nan,nan
154,24241,0.7441227777777778,-2.3645872197151183,0.24444444444444444,0,111,0.4864864864864865,0.06306306306306306,0.08108108108108109,0.08108108108108109,0.009009009009009009,0.6306306306306306,0.13513513513513514,0.23423423423423423,22.0,0.15315315315315314,0.05252525252525253,70.27225923538204,0.0034152879473549093,0.7684397881548546,0.009009009009009009,0.6774193548387096,0.16444444444444445,0.22666666666666666,nan,0.004616670520044863,0.003768211626447737,0.006489169411361217,0.13075,nan,nan,nan,nan,nan,nan,nan,nan,nan,nan,nan,nan,nan,nan,nan,nan,nan,nan,nan,nan,nan,nan,nan,nan,nan,nan,nan,nan,nan,nan,nan,nan,nan,nan,nan,nan,nan,nan,nan,nan,nan,nan,nan,nan,nan,nan,nan,nan,nan,nan,nan
155,24365,0.7428138888888889,-7.129188858032228,0.18666666666666668,0,124,0.33064516129032256,0.056451612903225805,0.22580645161290322,0.0967741935483871,0.008064516129032258,0.6129032258064516,0.1532258064516129,0.23387096774193547,48.0,0.3629032258064516,0.036444444444444446,80.09703674316395,0.0022750182732293694,0.5118791114766081,0.0,0.5142857142857142,0.12,0.18666666666666668,nan,0.004414760647341609,0.0036464039236307143,0.005882156663574278,0.130625,nan,nan,nan,nan,nan,nan,nan,nan,nan,nan,nan,nan,nan,nan,nan,nan,nan,nan,nan,nan,nan,nan,nan,nan,nan,nan,nan,nan,nan,nan,nan,nan,nan,nan,nan,nan,nan,nan,nan,nan,nan,nan,nan,nan,nan,nan,nan,nan,nan,nan,nan
156,24494,0.7414522222222222,-0.39467985820769946,0.37333333333333335,0,129,0.6434108527131783,0.031007751937984496,0.031007751937984496,0.06976744186046512,0.015503875968992248,0.7054263565891473,0.10852713178294573,0.18604651162790697,5.0,0.0,0.07314814814814818,87.81599864959698,0.004200702543517472,0.9451580722914311,0.015503875968992248,0.9310344827586207,0.16444444444444445,0.29777777777777775,nan,0.004403621959500015,0.003703169943764806,0.005367447878234089,0.1305,nan,nan,nan,nan,nan,nan,nan,nan,nan,nan,nan,nan,nan,nan,nan,nan,nan,nan,nan,nan,nan,nan,nan,nan,nan,nan,nan,nan,nan,nan,nan,nan,nan,nan,nan,nan,nan,nan,nan,nan,nan,nan,nan,nan,nan,nan,nan,nan,nan,nan,nan
157,24682,0.7394677777777778,-8.967815076828,0.3333333333333333,0,188,0.39361702127659576,0.10638297872340426,0.14893617021276595,0.10106382978723404,0.0,0.648936170212766,0.17553191489361702,0.17553191489361702,46.0,0.2553191489361702,0.041111111111111105,140.37919120788584,0.0023428606908116557,0.5271436554326224,0.010638297872340425,0.5319148936170213,0.16444444444444445,0.28888888888888886,0.3333333333333333,0.007105042180046439,0.00611934307962656,0.007560490351170302,0.130375,nan,nan,nan,nan,nan,nan,nan,nan,nan,nan,nan,nan,nan,nan,nan,nan,nan,nan,nan,nan,nan,nan,nan,nan,nan,nan,nan,nan,nan,nan,nan,nan,nan,nan,nan,nan,nan,nan,nan,nan,nan,nan,nan,nan,nan,nan,nan,nan,nan,nan,nan
158,24825,0.7379583333333334,-1.7239667975902535,0.3511111111111111,0,143,0.5454545454545454,0.0979020979020979,0.06993006993006994,0.03496503496503497,0.0,0.7132867132867133,0.1258741258741259,0.16083916083916083,35.0,0.2097902097902098,0.05864197530864198,100.580636167526,0.0034466541461247325,0.7754971828780648,0.0,0.5277777777777778,0.18666666666666668,0.31555555555555553,nan,0.005239582946524024,0.0039651716826483606,0.009784347470849752,0.13025,nan,nan,nan,nan,nan,nan,nan,nan,nan,nan,nan,nan,nan,nan,nan,nan,nan,nan,nan,nan,nan,nan,nan,nan,nan,nan,nan,nan,nan,nan,nan,nan,nan,nan,nan,nan,nan,nan,nan,nan,nan,nan,nan,nan,nan,nan,nan,nan,nan,nan,nan
159,25010,0.7360055555555556,-3.7184037337303155,0.4177777777777778,0,185,0.5027027027027027,0.043243243243243246,0.0972972972972973,0.06486486486486487,0.0,0.6432432432432432,0.15675675675675677,0.2,32.0,0.15135135135135136,0.055833333333333346,120.41336889266942,0.003432619958517716,0.7723394906664861,0.0,0.6792452830188679,0.15555555555555556,0.29777777777777775,0.37333333333333335,0.004301625560037792,0.0036406578961759805,0.005079482356086374,0.130125,nan,nan,nan,nan,nan,nan,nan,nan,nan,nan,nan,nan,nan,nan,nan,nan,nan,nan,nan,nan,nan,nan,nan,nan,nan,nan,nan,nan,nan,nan,nan,nan,nan,nan,nan,nan,nan,nan,nan,nan,nan,nan,nan,nan,nan,nan,nan,nan,nan,nan,nan
160,25182,0.73419,-7.665359436273576,0.26222222222222225,0,172,0.3372093023255814,0.11046511627906977,0.1686046511627907,0.12790697674418605,0.0,0.6162790697674418,0.11627906976744186,0.26744186046511625,58.0,0.4418604651162791,0.036825396825396824,110.79389939308129,0.0023266423439364495,0.523494527385701,0.011627906976744186,0.4090909090909091,0.14222222222222222,0.2577777777777778,0.26222222222222225,0.004212776152417064,0.0033028140431270005,0.006999708409421146,0.13,-64.89426259655951,0.36533333333333334,0.3,224.0,0.2,0.8,0.37255748902802693,0.04278578180412455,0.0023704433497536946,0.46459274346174756,0.0,0.41771371418190517,0.11832565556380245,0.46396063025429235,79.7,0.4502590995993737,0.03892962962962963,119.07392949104288,0.002988359929390636,0.6723809841128929,0.0,0.7809441201082069,0.1471111111111111,0.2431111111111111,0.3262222222222223,-57.19481097972393,0.4031111111111111,0.7,224.7,0.4,0.6,0.4075736642778005,0.03588169752163241,0.0028583690987124466,0.4316308502567233,0.0,0.44631373089814536,0.16683486605513434,0.3868514030467203,69.0,0.39434029899151557,0.04508176614375445,124.68677123546574,0.0031576759107851903,0.710477079926668,0.0,0.8125769254538474,0.16133333333333336,0.24000000000000005,0.3146666666666667,0.630072207336788
161,25307,0.7328705555555556,-2.3335286290645603,0.29333333333333333,0,125,0.52,0.024,0.096,0.112,0.008,0.64,0.16,0.2,12.0,0.08,0.057777777777777775,80.4621774196623,0.003590368768945271,0.807832973012686,0.0,0.7741935483870968,0.16,0.27555555555555555,nan,0.0037547742016613484,0.003053236659616232,0.005401635868474841,0.129875,nan,nan,nan,nan,nan,nan,nan,nan,nan,nan,nan,nan,nan,nan,nan,nan,nan,nan,nan,nan,nan,nan,nan,nan,nan,nan,nan,nan,nan,nan,nan,nan,nan,nan,nan,nan,nan,nan,nan,nan,nan,nan,nan,nan,nan,nan,nan,nan,nan,nan,nan
162,25419,0.7316883333333334,-3.9040508177280433,0.2577777777777778,0,112,0.5089285714285714,0.044642857142857144,0.15178571428571427,0.07142857142857142,0.008928571428571428,0.7053571428571429,0.14285714285714285,0.15178571428571427,36.0,0.2767857142857143,0.05644444444444444,80.59096016883834,0.0031434460242513447,0.7072753554565525,0.017857142857142856,0.56,0.18666666666666668,0.2311111111111111,nan,0.0038716269424185156,0.003193085314705968,0.0052296076202765105,0.12975,nan,nan,nan,nan,nan,nan,nan,nan,nan,nan,nan,nan,nan,nan,nan,nan,nan,nan,nan,nan,nan,nan,nan,nan,nan,nan,nan,nan,nan,nan,nan,nan,nan,nan,nan,nan,nan,nan,nan,nan,nan,nan,nan,nan,nan,nan,nan,nan,nan,nan,nan
163,25538,0.7304322222222223,-2.3049132382869715,0.3511111111111111,0,119,0.6554621848739496,0.03361344537815126,0.058823529411764705,0.05042016806722689,0.008403361344537815,0.7478991596638656,0.10084033613445378,0.15126050420168066,4.0,0.0,0.07214035087719298,100.24679274559004,0.003458132247147796,0.7780797556082542,0.0,0.8333333333333334,0.18222222222222223,0.30666666666666664,nan,0.003583422466181219,0.00296175186522305,0.004795915982685983,0.129625,nan,nan,nan,nan,nan,nan,nan,nan,nan,nan,nan,nan,nan,nan,nan,nan,nan,nan,nan,nan,nan,nan,nan,nan,nan,nan,nan,nan,nan,nan,nan,nan,nan,nan,nan,nan,nan,nan,nan,nan,nan,nan,nan,nan,nan,nan,nan,nan,nan,nan,nan
164,25741,0.7282894444444445,-2.211554687738418,0.48444444444444446,0,203,0.5320197044334976,0.07881773399014778,0.06403940886699508,0.06896551724137931,0.0,0.6748768472906403,0.16748768472906403,0.15763546798029557,28.0,0.11822660098522167,0.05333333333333334,140.1290922641752,0.003425412897809192,0.7707179020070682,0.0,0.5769230769230769,0.15555555555555556,0.28444444444444444,0.4266666666666667,0.004568997980095446,0.003963875584304333,0.004672759748063982,0.1295,nan,nan,nan,nan,nan,nan,nan,nan,nan,nan,nan,nan,nan,nan,nan,nan,nan,nan,nan,nan,nan,nan,nan,nan,nan,nan,nan,nan,nan,nan,nan,nan,nan,nan,nan,nan,nan,nan,nan,nan,nan,nan,nan,nan,nan,nan,nan,nan,nan,nan,nan
165,25910,0.7265055555555555,-2.606743891716003,0.39111111111111113,0,169,0.514792899408284,0.05917159763313609,0.08284023668639054,0.10650887573964497,0.0,0.6568047337278107,0.17159763313609466,0.17159763313609466,26.0,0.1301775147928994,0.05784461152882207,110.54994182586651,0.0034976650397132484,0.7869746339354808,0.0,0.65,0.15555555555555556,0.22666666666666666,0.3333333333333333,0.004992567468434572,0.004142990941181779,0.0065667754737660285,0.129375,nan,nan,nan,nan,nan,nan,nan,nan,nan,nan,nan,nan,nan,nan,nan,nan,nan,nan,nan,nan,nan,nan,nan,nan,nan,nan,nan,nan,nan,nan,nan,nan,nan,nan,nan,nan,nan,nan,nan,nan,nan,nan,nan,nan,nan,nan,nan,nan,nan,nan,nan
166,26073,0.724785,-2.58070030903816,0.4311111111111111,0,163,0.588957055214724,0.04294478527607362,0.0736196319018405,0.05521472392638037,0.006134969325153374,0.7055214723926381,0.147239263803681,0.147239263803681,11.0,0.06134969325153374,0.0673992673992674,121.12095532417285,0.0035226494500866456,0.7925961262694953,0.0,0.7435897435897436,0.1511111111111111,0.2577777777777778,0.38222222222222224,0.005863214377313852,0.005135594541206956,0.005629553413018584,0.12925,nan,nan,nan,nan,nan,nan,nan,nan,nan,nan,nan,nan,nan,nan,nan,nan,nan,nan,nan,nan,nan,nan,nan,nan,nan,nan,nan,nan,nan,nan,nan,nan,nan,nan,nan,nan,nan,nan,nan,nan,nan,nan,nan,nan,nan,nan,nan,nan,nan,nan,nan
167,26220,0.7232333333333334,-3.1868454482555406,0.3466666666666667,0,147,0.5238095238095238,0.06802721088435375,0.10884353741496598,0.027210884353741496,0.0,0.7006802721088435,0.10884353741496598,0.19047619047619047,8.0,0.04081632653061224,0.058249158249158245,110.14138522148123,0.0031071174702774445,0.6991014308124249,0.0,0.625,0.1511111111111111,0.2088888888888889,nan,0.005533428629860282,0.004689099220559001,0.006538853188976646,0.129125,nan,nan,nan,nan,nan,nan,nan,nan,nan,nan,nan,nan,nan,nan,nan,nan,nan,nan,nan,nan,nan,nan,nan,nan,nan,nan,nan,nan,nan,nan,nan,nan,nan,nan,nan,nan,nan,nan,nan,nan,nan,nan,nan,nan,nan,nan,nan,nan,nan,nan,nan
168,26346,0.7219033333333333,-0.9331624064445483,0.36,0,126,0.6349206349206349,0.015873015873015872,0.031746031746031744,0.06349206349206349,0.007936507936507936,0.6825396825396826,0.18253968253968253,0.1349206349206349,5.0,0.0,0.059259259259259255,90.21107053756695,0.003941373862839707,0.8868091191389341,0.0,0.9354838709677419,0.16,0.30666666666666664,nan,0.004254264547489584,0.003501660376787186,0.0058341414202004675,0.129,nan,nan,nan,nan,nan,nan,nan,nan,nan,nan,nan,nan,nan,nan,nan,nan,nan,nan,nan,nan,nan,nan,nan,nan,nan,nan,nan,nan,nan,nan,nan,nan,nan,nan,nan,nan,nan,nan,nan,nan,nan,nan,nan,nan,nan,nan,nan,nan,nan,nan,nan
169,26522,0.7200455555555556,-1.1035289430618285,0.4666666666666667,0,176,0.5909090909090909,0.028409090909090908,0.056818181818181816,0.08522727272727272,0.0,0.6761363636363636,0.1590909090909091,0.16477272727272727,16.0,0.0625,0.05777777777777778,120.6907518386838,0.0038298064696790693,0.8617064556777906,0.0,0.7619047619047619,0.17777777777777778,0.32,0.4088888888888889,0.004873974085785449,0.004054673598147929,0.006357326335273683,0.128875,nan,nan,nan,nan,nan,nan,nan,nan,nan,nan,nan,nan,nan,nan,nan,nan,nan,nan,nan,nan,nan,nan,nan,nan,nan,nan,nan,nan,nan,nan,nan,nan,nan,nan,nan,nan,nan,nan,nan,nan,nan,nan,nan,nan,nan,nan,nan,nan,nan,nan,nan
170,26746,0.7176811111111112,-6.157256227016458,0.39555555555555555,0,224,0.39285714285714285,0.07589285714285714,0.12053571428571429,0.11607142857142858,0.0,0.5892857142857143,0.21428571428571427,0.19642857142857142,20.0,0.25892857142857145,0.04360082304526749,140.0786307334898,0.0027920826257591684,0.6282185907958128,0.008928571428571428,0.5230769230769231,0.1111111111111111,0.18666666666666668,0.3244444444444444,0.0039328700629994275,0.0032943022437393666,0.004959749989211559,0.12875,nan,nan,nan,nan,nan,nan,nan,nan,nan,nan,nan,nan,nan,nan,nan,nan,nan,nan,nan,nan,nan,nan,nan,nan,nan,nan,nan,nan,nan,nan,nan,nan,nan,nan,nan,nan,nan,nan,nan,nan,nan,nan,nan,nan,nan,nan,nan,nan,nan,nan,nan
171,26890,0.7161611111111111,-6.808198451042178,0.24444444444444444,0,144,0.375,0.05555555555555555,0.1736111111111111,0.13194444444444445,0.0,0.6041666666666666,0.16666666666666666,0.22916666666666666,21.0,0.25,0.04,100.89712810516333,0.002378660369300622,0.53519858309264,0.0,0.47368421052631576,0.13333333333333333,0.23555555555555555,nan,0.004058435768820345,0.0034750799648463728,0.004535321821458637,0.128625,nan,nan,nan,nan,nan,nan,nan,nan,nan,nan,nan,nan,nan,nan,nan,nan,nan,nan,nan,nan,nan,nan,nan,nan,nan,nan,nan,nan,nan,nan,nan,nan,nan,nan,nan,nan,nan,nan,nan,nan,nan,nan,nan,nan,nan,nan,nan,nan,nan,nan,nan
172,27070,0.7142611111111111,0.6902808942794783,0.5066666666666667,0,180,0.6277777777777778,0.044444444444444446,0.03888888888888889,0.03888888888888889,0.0,0.7111111111111111,0.1388888888888889,0.15,8.0,0.022222222222222223,0.06722222222222225,120.33065814971891,0.0041736846614546285,0.9390790488272914,0.011111111111111112,0.8,0.16,0.30666666666666664,0.4666666666666667,0.004201814695261419,0.003347571915946901,0.006647803401574492,0.1285,nan,nan,nan,nan,nan,nan,nan,nan,nan,nan,nan,nan,nan,nan,nan,nan,nan,nan,nan,nan,nan,nan,nan,nan,nan,nan,nan,nan,nan,nan,nan,nan,nan,nan,nan,nan,nan,nan,nan,nan,nan,nan,nan,nan,nan,nan,nan,nan,nan,nan,nan
173,27280,0.7120444444444445,-1.1904325213432305,0.47555555555555556,0,210,0.5047619047619047,0.12380952380952381,0.02857142857142857,0.05714285714285714,0.0,0.6571428571428571,0.20952380952380953,0.13333333333333333,22.0,0.1,0.05308641975308642,140.242214488983,0.0033592674846711023,0.755835184050998,0.0,0.6610169491525424,0.17777777777777778,0.3111111111111111,0.4222222222222222,0.004101655865088105,0.0034971237648278473,0.004709110641852021,0.128375,nan,nan,nan,nan,nan,nan,nan,nan,nan,nan,nan,nan,nan,nan,nan,nan,nan,nan,nan,nan,nan,nan,nan,nan,nan,nan,nan,nan,nan,nan,nan,nan,nan,nan,nan,nan,nan,nan,nan,nan,nan,nan,nan,nan,nan,nan,nan,nan,nan,nan,nan
174,27432,0.71044,-2.3483062171936036,0.3244444444444444,0,152,0.47368421052631576,0.10526315789473684,0.06578947368421052,0.06578947368421052,0.0,0.6447368421052632,0.17105263157894737,0.18421052631578946,11.0,0.09868421052631579,0.05301587301587296,100.29815444946263,0.003190487419798326,0.7178596694546233,0.0,0.6590909090909091,0.12444444444444444,0.2222222222222222,0.32,0.00361371380276978,0.0030962473480030893,0.004034826182760298,0.12825,nan,nan,nan,nan,nan,nan,nan,nan,nan,nan,nan,nan,nan,nan,nan,nan,nan,nan,nan,nan,nan,nan,nan,nan,nan,nan,nan,nan,nan,nan,nan,nan,nan,nan,nan,nan,nan,nan,nan,nan,nan,nan,nan,nan,nan,nan,nan,nan,nan,nan,nan
175,27573,0.7089516666666666,-1.8634348015785214,0.3688888888888889,0,141,0.5815602836879432,0.0425531914893617,0.06382978723404255,0.05673758865248227,0.0070921985815602835,0.6879432624113475,0.1347517730496454,0.1773049645390071,13.0,0.07801418439716312,0.06490740740740741,100.49937906265254,0.0036263352852881343,0.8159254391898302,0.0,0.8285714285714286,0.1288888888888889,0.28444444444444444,nan,0.004696028982289135,0.004006069106981158,0.005385052924975753,0.128125,nan,nan,nan,nan,nan,nan,nan,nan,nan,nan,nan,nan,nan,nan,nan,nan,nan,nan,nan,nan,nan,nan,nan,nan,nan,nan,nan,nan,nan,nan,nan,nan,nan,nan,nan,nan,nan,nan,nan,nan,nan,nan,nan,nan,nan,nan,nan,nan,nan,nan,nan
176,27796,0.7065977777777779,-4.84432529783249,0.4577777777777778,0,223,0.45739910313901344,0.11210762331838565,0.05829596412556054,0.09417040358744394,0.0,0.6278026905829597,0.21973094170403587,0.15246636771300448,22.0,0.16591928251121077,0.05049919484702093,160.53643140792855,0.0028238657690191076,0.6353697980292992,0.004484304932735426,0.5806451612903226,0.16,0.27555555555555555,0.40444444444444444,0.004252701508812606,0.003620989550836384,0.004935249406844378,0.128,nan,nan,nan,nan,nan,nan,nan,nan,nan,nan,nan,nan,nan,nan,nan,nan,nan,nan,nan,nan,nan,nan,nan,nan,nan,nan,nan,nan,nan,nan,nan,nan,nan,nan,nan,nan,nan,nan,nan,nan,nan,nan,nan,nan,nan,nan,nan,nan,nan,nan,nan
177,27992,0.704528888888889,-7.482582397937778,0.3288888888888889,0,196,0.37244897959183676,0.11224489795918367,0.14795918367346939,0.11224489795918367,0.00510204081632653,0.6326530612244898,0.1683673469387755,0.1989795918367347,73.0,0.3673469387755102,0.04224867724867725,130.11030855178802,0.002493610599004193,0.5610623847759433,0.0,0.48,0.16,0.24888888888888888,0.2577777777777778,0.0038567126961424948,0.003274500649422407,0.004552977671846747,0.127875,nan,nan,nan,nan,nan,nan,nan,nan,nan,nan,nan,nan,nan,nan,nan,nan,nan,nan,nan,nan,nan,nan,nan,nan,nan,nan,nan,nan,nan,nan,nan,nan,nan,nan,nan,nan,nan,nan,nan,nan,nan,nan,nan,nan,nan,nan,nan,nan,nan,nan,nan
178,28199,0.7023438888888889,-3.1914192376136796,0.49777777777777776,0,207,0.5362318840579711,0.06280193236714976,0.07729468599033816,0.0966183574879227,0.0,0.6763285024154589,0.20772946859903382,0.11594202898550725,12.0,0.04830917874396135,0.05989417989417989,150.756373691559,0.0032723879014407175,0.7362872778241615,0.004830917874396135,0.7872340425531915,0.16,0.28888888888888886,0.39555555555555555,0.0034045033156871797,0.0029360751155763864,0.0036667570238932967,0.12775,nan,nan,nan,nan,nan,nan,nan,nan,nan,nan,nan,nan,nan,nan,nan,nan,nan,nan,nan,nan,nan,nan,nan,nan,nan,nan,nan,nan,nan,nan,nan,nan,nan,nan,nan,nan,nan,nan,nan,nan,nan,nan,nan,nan,nan,nan,nan,nan,nan,nan,nan
179,28328,0.7009822222222222,-1.7466542747020717,0.38666666666666666,0,129,0.6666666666666666,0.0,0.046511627906976744,0.046511627906976744,0.007751937984496124,0.7131782945736435,0.15503875968992248,0.13178294573643412,8.0,0.03875968992248062,0.0637037037037037,100.02527880668629,0.003821256254240725,0.8597826572041631,0.0,0.8666666666666667,0.18222222222222223,0.3422222222222222,nan,0.0033800545148551463,0.002759172534570098,0.004864892968907952,0.127625,nan,nan,nan,nan,nan,nan,nan,nan,nan,nan,nan,nan,nan,nan,nan,nan,nan,nan,nan,nan,nan,nan,nan,nan,nan,nan,nan,nan,nan,nan,nan,nan,nan,nan,nan,nan,nan,nan,nan,nan,nan,nan,nan,nan,nan,nan,nan,nan,nan,nan,nan
180,28539,0.698755,-1.4209779160022726,0.5422222222222223,0,211,0.5734597156398105,0.06635071090047394,0.06635071090047394,0.05687203791469194,0.0,0.7061611374407583,0.15165876777251186,0.14218009478672985,15.0,0.07582938388625593,0.06415263748597083,150.0474087238312,0.0035840524161772176,0.8064117936398739,0.0,0.78,0.14666666666666667,0.26666666666666666,0.40444444444444444,0.0037271480774506926,0.003088628244586289,0.005007998971268535,0.1275,-79.53642892241479,0.40444444444444444,0.4,216.8,0.3,0.7,0.4296544510165952,0.10821190370430978,0.0026940501359106013,0.2942816202102065,0.0,0.5405604048568156,0.14776647519108954,0.3116731199520949,82.8,0.37988734747358965,0.04698838651060873,128.22979926109295,0.0030018418012918748,0.6754144052906716,0.0,0.6516334782610428,0.172,0.288,0.3431111111111111,-32.455836783552165,0.4662222222222222,0.3,204.1,0.2,0.8,0.5306683736350628,0.10413617442653358,0.0,0.19501089347704287,0.0005376344086021505,0.6348045480615963,0.10349962197507004,0.26169582996333357,48.9,0.23058333063568717,0.05674038122371455,132.47368365287772,0.003479248099553757,0.7828308223995953,0.0,0.661281782605312,0.1817777777777778,0.31155555555555553,0.3961111111111111,0.7024456218341926
181,28757,0.6964538888888889,-4.3096745860576675,0.43555555555555553,0,218,0.44495412844036697,0.07339449541284404,0.12385321100917432,0.0779816513761468,0.0,0.6422018348623854,0.1834862385321101,0.1743119266055046,26.0,0.20642201834862386,0.04905349794238683,140.0159484386441,0.003079014326000347,0.6927782233500781,0.0,0.639344262295082,0.13777777777777778,0.15555555555555556,0.27555555555555555,0.0039870630716905,0.003584600915201008,0.003159663244150579,0.127375,nan,nan,nan,nan,nan,nan,nan,nan,nan,nan,nan,nan,nan,nan,nan,nan,nan,nan,nan,nan,nan,nan,nan,nan,nan,nan,nan,nan,nan,nan,nan,nan,nan,nan,nan,nan,nan,nan,nan,nan,nan,nan,nan,nan,nan,nan,nan,nan,nan,nan,nan
182,28962,0.6942900000000001,-2.1867237854003907,0.48444444444444446,0,205,0.526829268292683,0.09268292682926829,0.05853658536585366,0.05853658536585366,0.0,0.6780487804878049,0.17560975609756097,0.14634146341463414,30.0,0.12195121951219512,0.057283950617283946,140.39736938476554,0.0034188674766728543,0.7692451822513922,0.004878048780487805,0.6851851851851852,0.15555555555555556,0.2311111111111111,0.36444444444444446,0.0035485517699271442,0.0029637130675837396,0.00459598193410784,0.12725,nan,nan,nan,nan,nan,nan,nan,nan,nan,nan,nan,nan,nan,nan,nan,nan,nan,nan,nan,nan,nan,nan,nan,nan,nan,nan,nan,nan,nan,nan,nan,nan,nan,nan,nan,nan,nan,nan,nan,nan,nan,nan,nan,nan,nan,nan,nan,nan,nan,nan,nan
183,29139,0.6924216666666667,-1.724391221761703,0.48444444444444446,0,177,0.6101694915254238,0.02824858757062147,0.04519774011299435,0.07909604519774012,0.0,0.6836158192090396,0.1694915254237288,0.14689265536723164,10.0,0.05649717514124294,0.06,130.2132497310636,0.0036862608144053676,0.8294086832412076,0.0,0.8048780487804879,0.17333333333333334,0.29333333333333333,0.43555555555555553,0.004184089181944728,0.003594576520845294,0.004637267929501832,0.127125,nan,nan,nan,nan,nan,nan,nan,nan,nan,nan,nan,nan,nan,nan,nan,nan,nan,nan,nan,nan,nan,nan,nan,nan,nan,nan,nan,nan,nan,nan,nan,nan,nan,nan,nan,nan,nan,nan,nan,nan,nan,nan,nan,nan,nan,nan,nan,nan,nan,nan,nan
184,29389,0.6897827777777777,0.10137270021438688,0.5022222222222222,1,250,0.448,0.16,0.04,0.06,0.0,0.648,0.136,0.216,19.0,0.176,0.049777777777777775,157.55835523605353,0.0031593232680806323,0.7108477353181422,0.008,0.5277777777777778,0.14666666666666667,0.28888888888888886,0.36,0.00478428490459919,0.0040538916131481525,0.005751128145493567,0.127,nan,nan,nan,nan,nan,nan,nan,nan,nan,nan,nan,nan,nan,nan,nan,nan,nan,nan,nan,nan,nan,nan,nan,nan,nan,nan,nan,nan,nan,nan,nan,nan,nan,nan,nan,nan,nan,nan,nan,nan,nan,nan,nan,nan,nan,nan,nan,nan,nan,nan,nan
185,29594,0.6876188888888889,-2.818789269924163,0.44,0,205,0.47804878048780486,0.11219512195121951,0.06341463414634146,0.07317073170731707,0.0,0.6536585365853659,0.2,0.14634146341463414,20.0,0.15121951219512195,0.05037037037037038,140.08370733261083,0.003109252059708733,0.699581713434465,0.004878048780487805,0.625,0.1511111111111111,0.28,0.31555555555555553,0.004402036569081247,0.003676927136257291,0.005715148104354739,0.126875,nan,nan,nan,nan,nan,nan,nan,nan,nan,nan,nan,nan,nan,nan,nan,nan,nan,nan,nan,nan,nan,nan,nan,nan,nan,nan,nan,nan,nan,nan,nan,nan,nan,nan,nan,nan,nan,nan,nan,nan,nan,nan,nan,nan,nan,nan,nan,nan,nan,nan,nan
186,29778,0.6856766666666667,-2.354897124528884,0.47555555555555556,0,184,0.5760869565217391,0.059782608695652176,0.04891304347826087,0.059782608695652176,0.0,0.6847826086956522,0.125,0.19021739130434784,11.0,0.043478260869565216,0.06283950617283951,140.1514011859891,0.0033614441748314678,0.7563249393370802,0.0,0.7659574468085106,0.16444444444444445,0.28,0.38222222222222224,0.003788172104395926,0.003227154794149101,0.004426171560771764,0.12675,nan,nan,nan,nan,nan,nan,nan,nan,nan,nan,nan,nan,nan,nan,nan,nan,nan,nan,nan,nan,nan,nan,nan,nan,nan,nan,nan,nan,nan,nan,nan,nan,nan,nan,nan,nan,nan,nan,nan,nan,nan,nan,nan,nan,nan,nan,nan,nan,nan,nan,nan
187,29924,0.6841355555555555,-3.2061454455852516,0.32,0,146,0.4863013698630137,0.07534246575342465,0.0547945205479452,0.13013698630136986,0.0,0.6164383561643836,0.2465753424657534,0.136986301369863,12.0,0.08904109589041095,0.054144620811287486,100.66805186271655,0.0031346147036389093,0.7052883083187546,0.00684931506849315,0.7027027027027027,0.15555555555555556,0.2088888888888889,nan,0.004007827793247998,0.00351531938649714,0.003889504075050354,0.126625,nan,nan,nan,nan,nan,nan,nan,nan,nan,nan,nan,nan,nan,nan,nan,nan,nan,nan,nan,nan,nan,nan,nan,nan,nan,nan,nan,nan,nan,nan,nan,nan,nan,nan,nan,nan,nan,nan,nan,nan,nan,nan,nan,nan,nan,nan,nan,nan,nan,nan,nan
188,30082,0.6824677777777778,-4.713601430177688,0.30666666666666664,0,158,0.43037974683544306,0.06962025316455696,0.13291139240506328,0.11392405063291139,0.0,0.6329113924050633,0.16455696202531644,0.20253164556962025,58.0,0.34810126582278483,0.05126984126984124,100.48191838264438,0.0030077274308331994,0.6767386719374698,0.0,0.575,0.14666666666666667,0.28,0.28,0.003947025490924716,0.0033449029317125676,0.0047598621807992455,0.1265,nan,nan,nan,nan,nan,nan,nan,nan,nan,nan,nan,nan,nan,nan,nan,nan,nan,nan,nan,nan,nan,nan,nan,nan,nan,nan,nan,nan,nan,nan,nan,nan,nan,nan,nan,nan,nan,nan,nan,nan,nan,nan,nan,nan,nan,nan,nan,nan,nan,nan,nan
189,30234,0.6808633333333334,-1.8453397293090814,0.4,0,152,0.5855263157894737,0.03289473684210526,0.07894736842105263,0.07236842105263158,0.0,0.6973684210526315,0.13815789473684212,0.16447368421052633,11.0,0.05263157894736842,0.05650793650793651,110.03180694580058,0.0035949201102404705,0.8088570248041058,0.0,0.7142857142857143,0.10666666666666667,0.28,0.4,0.0038620477076619863,0.003054134175181389,0.006392984976992011,0.126375,nan,nan,nan,nan,nan,nan,nan,nan,nan,nan,nan,nan,nan,nan,nan,nan,nan,nan,nan,nan,nan,nan,nan,nan,nan,nan,nan,nan,nan,nan,nan,nan,nan,nan,nan,nan,nan,nan,nan,nan,nan,nan,nan,nan,nan,nan,nan,nan,nan,nan,nan
190,30473,0.6783405555555555,-2.2886098914146427,0.52,0,239,0.48535564853556484,0.12133891213389121,0.02092050209205021,0.11715481171548117,0.0,0.6276150627615062,0.14225941422594143,0.2301255230125523,21.0,0.17573221757322174,0.054349206349206355,160.52009420394904,0.0032117820395776474,0.7226509589049707,0.0041841004184100415,0.6557377049180327,0.1511111111111111,0.29777777777777775,0.38222222222222224,0.003582840645685792,0.0029760619392618535,0.0048061679815873505,0.12625,nan,nan,nan,nan,nan,nan,nan,nan,nan,nan,nan,nan,nan,nan,nan,nan,nan,nan,nan,nan,nan,nan,nan,nan,nan,nan,nan,nan,nan,nan,nan,nan,nan,nan,nan,nan,nan,nan,nan,nan,nan,nan,nan,nan,nan,nan,nan,nan,nan,nan,nan
191,30663,0.676335,-3.9059619996547723,0.41333333333333333,0,190,0.4842105263157895,0.1,0.07368421052631578,0.07368421052631578,0.0,0.6578947368421053,0.14210526315789473,0.2,17.0,0.12105263157894737,0.05296296296296296,140.00916190147416,0.0029204438005037705,0.6570998551133483,0.005263157894736842,0.64,0.1511111111111111,0.26666666666666666,0.3377777777777778,0.004208507295697927,0.0036742471856996417,0.004235957656055689,0.126125,nan,nan,nan,nan,nan,nan,nan,nan,nan,nan,nan,nan,nan,nan,nan,nan,nan,nan,nan,nan,nan,nan,nan,nan,nan,nan,nan,nan,nan,nan,nan,nan,nan,nan,nan,nan,nan,nan,nan,nan,nan,nan,nan,nan,nan,nan,nan,nan,nan,nan,nan
192,30841,0.6744561111111111,-0.7282995200157152,0.4488888888888889,0,178,0.5617977528089888,0.09550561797752809,0.02247191011235955,0.03932584269662921,0.0056179775280898875,0.6797752808988764,0.17415730337078653,0.14606741573033707,16.0,0.09550561797752809,0.05962962962962966,120.19332876205418,0.003697746364312014,0.8319929319702031,0.0,0.6938775510204082,0.15555555555555556,0.27555555555555555,0.39111111111111113,0.00393815387506038,0.003180096228606999,0.006016330688726157,0.126,nan,nan,nan,nan,nan,nan,nan,nan,nan,nan,nan,nan,nan,nan,nan,nan,nan,nan,nan,nan,nan,nan,nan,nan,nan,nan,nan,nan,nan,nan,nan,nan,nan,nan,nan,nan,nan,nan,nan,nan,nan,nan,nan,nan,nan,nan,nan,nan,nan,nan,nan
193,31001,0.6727672222222223,-4.703214735746387,0.3511111111111111,0,160,0.4875,0.0375,0.09375,0.1125,0.0,0.61875,0.1625,0.21875,17.0,0.1,0.05333333333333334,120.07823557853698,0.002887006666915337,0.6495765000559508,0.01875,0.6744186046511628,0.15555555555555556,0.23555555555555555,0.3333333333333333,0.0036243842216208575,0.0029725679894909264,0.005178281897678971,0.125875,nan,nan,nan,nan,nan,nan,nan,nan,nan,nan,nan,nan,nan,nan,nan,nan,nan,nan,nan,nan,nan,nan,nan,nan,nan,nan,nan,nan,nan,nan,nan,nan,nan,nan,nan,nan,nan,nan,nan,nan,nan,nan,nan,nan,nan,nan,nan,nan,nan,nan,nan
194,31193,0.6707405555555556,-1.6408105762004865,0.5066666666666667,0,192,0.5885416666666666,0.078125,0.078125,0.046875,0.0,0.7447916666666666,0.13020833333333334,0.125,18.0,0.11979166666666667,0.06330065359477124,140.7029578685758,0.003569379278375406,0.8031103376344664,0.005208333333333333,0.775,0.18666666666666668,0.3466666666666667,0.4577777777777778,0.0038532864768058062,0.003193557634949684,0.005246352381072938,0.12575,nan,nan,nan,nan,nan,nan,nan,nan,nan,nan,nan,nan,nan,nan,nan,nan,nan,nan,nan,nan,nan,nan,nan,nan,nan,nan,nan,nan,nan,nan,nan,nan,nan,nan,nan,nan,nan,nan,nan,nan,nan,nan,nan,nan,nan,nan,nan,nan,nan,nan,nan
195,31406,0.6684922222222223,-2.370889250040052,0.5377777777777778,0,213,0.5633802816901409,0.08450704225352113,0.046948356807511735,0.056338028169014086,0.0,0.6948356807511737,0.14553990610328638,0.1596244131455399,9.0,0.03755868544600939,0.06108262108262108,160.36085000038148,0.0033258325416213783,0.7483123218648101,0.0,0.7358490566037735,0.15555555555555556,0.26666666666666666,0.38666666666666666,0.004491154896095395,0.003721216577105224,0.006128861708566547,0.125625,nan,nan,nan,nan,nan,nan,nan,nan,nan,nan,nan,nan,nan,nan,nan,nan,nan,nan,nan,nan,nan,nan,nan,nan,nan,nan,nan,nan,nan,nan,nan,nan,nan,nan,nan,nan,nan,nan,nan,nan,nan,nan,nan,nan,nan,nan,nan,nan,nan,nan,nan
196,31532,0.6671622222222222,-2.6451431961059564,0.35555555555555557,0,126,0.626984126984127,0.023809523809523808,0.047619047619047616,0.0873015873015873,0.007936507936507936,0.6984126984126984,0.14285714285714285,0.15873015873015872,15.0,0.07936507936507936,0.07629629629629642,95.89660186767564,0.003661350916225343,0.8238039561507021,0.03968253968253968,0.8888888888888888,0.17777777777777778,0.31555555555555553,nan,0.005389687302522361,0.00463228786829859,0.006035055336542428,0.1255,nan,nan,nan,nan,nan,nan,nan,nan,nan,nan,nan,nan,nan,nan,nan,nan,nan,nan,nan,nan,nan,nan,nan,nan,nan,nan,nan,nan,nan,nan,nan,nan,nan,nan,nan,nan,nan,nan,nan,nan,nan,nan,nan,nan,nan,nan,nan,nan,nan,nan,nan
197,31744,0.6649244444444444,-2.5691409695148457,0.52,0,212,0.5471698113207547,0.02830188679245283,0.08018867924528301,0.07075471698113207,0.0,0.6556603773584906,0.14622641509433962,0.19811320754716982,29.0,0.11320754716981132,0.06156378600823045,140.0680092334744,0.0036807516461249495,0.8281691203781136,0.009433962264150943,0.7931034482758621,0.16,0.27555555555555555,0.4266666666666667,0.00464241961017251,0.0039802623679861425,0.005281413393095136,0.125375,nan,nan,nan,nan,nan,nan,nan,nan,nan,nan,nan,nan,nan,nan,nan,nan,nan,nan,nan,nan,nan,nan,nan,nan,nan,nan,nan,nan,nan,nan,nan,nan,nan,nan,nan,nan,nan,nan,nan,nan,nan,nan,nan,nan,nan,nan,nan,nan,nan,nan,nan
198,31968,0.66256,-1.6771119928359983,0.6,0,224,0.5982142857142857,0.04017857142857143,0.09375,0.03125,0.0,0.7321428571428571,0.10714285714285714,0.16071428571428573,27.0,0.09821428571428571,0.06633744855967079,160.64868564605734,0.0037071922073965108,0.8341182466642151,0.0,0.7358490566037735,0.15555555555555556,0.32,0.4488888888888889,0.0058354638051241635,0.004763985518366098,0.008554717525839806,0.12525,nan,nan,nan,nan,nan,nan,nan,nan,nan,nan,nan,nan,nan,nan,nan,nan,nan,nan,nan,nan,nan,nan,nan,nan,nan,nan,nan,nan,nan,nan,nan,nan,nan,nan,nan,nan,nan,nan,nan,nan,nan,nan,nan,nan,nan,nan,nan,nan,nan,nan,nan
199,32127,0.6608816666666667,-3.647111103057862,0.37333333333333335,0,159,0.5220125786163522,0.09433962264150944,0.031446540880503145,0.0880503144654088,0.0,0.6477987421383647,0.18867924528301888,0.16352201257861634,15.0,0.11949685534591195,0.056084656084656084,120.22010574340794,0.0030684458860502735,0.6904003243613114,0.025157232704402517,0.6585365853658537,0.15555555555555556,0.28,0.36,0.005627294862642884,0.004847094533033669,0.006235367362387478,0.125125,nan,nan,nan,nan,nan,nan,nan,nan,nan,nan,nan,nan,nan,nan,nan,nan,nan,nan,nan,nan,nan,nan,nan,nan,nan,nan,nan,nan,nan,nan,nan,nan,nan,nan,nan,nan,nan,nan,nan,nan,nan,nan,nan,nan,nan,nan,nan,nan,nan,nan,nan
200,32306,0.6589922222222222,-0.7485433325767503,0.4577777777777778,0,179,0.5698324022346368,0.061452513966480445,0.0446927374301676,0.0670391061452514,0.0,0.6759776536312849,0.12849162011173185,0.19553072625698323,11.0,0.05027932960893855,0.0625,120.09088888168313,0.003774918626674251,0.8493566910017064,0.00558659217877095,0.7333333333333333,0.14666666666666667,0.3111111111111111,0.41333333333333333,0.0041279575088992715,0.0032727867364883423,0.006841365899890661,0.125,-108.08420139961243,0.33199999999999996,0.9,219.6,0.4,0.6,0.3486918758307921,0.055027820783485816,0.003570443349753695,0.46762855579013224,0.001064039408866995,0.4072901399640315,0.17449223551489562,0.4182176245210728,104.9,0.4933080303385723,0.039268253968253966,119.30572761535618,0.0026344021682778605,0.5927404878625187,0.0,0.7224050125287007,0.1697777777777778,0.27422222222222226,0.29866666666666664,-75.81926468474863,0.4213333333333333,1.3,227.1,0.4,0.6,0.42555518610581683,0.04179599594682021,0.000558659217877095,0.4105278977055232,0.0,0.46790984127051416,0.22354759663549767,0.3085425620939882,83.4,0.3839298829638696,0.046590244323577654,132.09680652141546,0.003099136001081397,0.6973056002433142,0.0,0.8132532180414079,0.18222222222222223,0.29866666666666664,0.3857777777777778,0.5902476090390181
201,32483,0.657123888888889,-3.9992396624088284,0.39111111111111113,0,177,0.4915254237288136,0.03954802259887006,0.11864406779661017,0.1016949152542373,0.0,0.6497175141242938,0.15819209039548024,0.192090395480226,16.0,0.10734463276836158,0.04833333333333334,120.0213301181791,0.0032216495708382426,0.7248711534386045,0.005649717514124294,0.6136363636363636,0.17333333333333334,0.25333333333333335,0.37333333333333335,0.005136225908063352,0.004480009200051427,0.005254988535307347,0.124875,nan,nan,nan,nan,nan,nan,nan,nan,nan,nan,nan,nan,nan,nan,nan,nan,nan,nan,nan,nan,nan,nan,nan,nan,nan,nan,nan,nan,nan,nan,nan,nan,nan,nan,nan,nan,nan,nan,nan,nan,nan,nan,nan,nan,nan,nan,nan,nan,nan,nan,nan
202,32670,0.65515,-2.9744108872413637,0.4,0,187,0.47593582887700536,0.0748663101604278,0.08021390374331551,0.0962566844919786,0.0,0.6310160427807486,0.1925133689839572,0.17647058823529413,33.0,0.20320855614973263,0.0500462962962963,120.40391321182217,0.003285238369783458,0.7391786332012779,0.0,0.6470588235294118,0.16444444444444445,0.30666666666666664,0.36444444444444446,0.004712224076502025,0.004167585913091898,0.004365836805664003,0.12475,nan,nan,nan,nan,nan,nan,nan,nan,nan,nan,nan,nan,nan,nan,nan,nan,nan,nan,nan,nan,nan,nan,nan,nan,nan,nan,nan,nan,nan,nan,nan,nan,nan,nan,nan,nan,nan,nan,nan,nan,nan,nan,nan,nan,nan,nan,nan,nan,nan,nan,nan
203,32838,0.6533766666666667,1.4298725528717022,0.5511111111111111,0,168,0.7321428571428571,0.011904761904761904,0.02976190476190476,0.023809523809523808,0.005952380952380952,0.7738095238095238,0.125,0.10119047619047619,7.0,0.011904761904761904,0.0815520282186949,120.11549949645969,0.004551175068649481,1.0240143904461332,0.0,0.9411764705882353,0.16,0.32,0.4888888888888889,0.004129450814798474,0.003546932595781982,0.0046741685830056666,0.124625,nan,nan,nan,nan,nan,nan,nan,nan,nan,nan,nan,nan,nan,nan,nan,nan,nan,nan,nan,nan,nan,nan,nan,nan,nan,nan,nan,nan,nan,nan,nan,nan,nan,nan,nan,nan,nan,nan,nan,nan,nan,nan,nan,nan,nan,nan,nan,nan,nan,nan,nan
204,32954,0.6521522222222222,-2.811036942005157,0.3022222222222222,-1,116,0.5775862068965517,0.06896551724137931,0.05172413793103448,0.04310344827586207,0.017241379310344827,0.6982758620689655,0.11206896551724138,0.1896551724137931,12.0,0.0603448275862069,0.06405555555555556,90.09558992385854,0.003305131561150056,0.7436546012587625,0.0,0.7666666666666667,0.15555555555555556,0.26222222222222225,nan,0.004251188412308693,0.00368375803809613,0.004557673865929246,0.1245,nan,nan,nan,nan,nan,nan,nan,nan,nan,nan,nan,nan,nan,nan,nan,nan,nan,nan,nan,nan,nan,nan,nan,nan,nan,nan,nan,nan,nan,nan,nan,nan,nan,nan,nan,nan,nan,nan,nan,nan,nan,nan,nan,nan,nan,nan,nan,nan,nan,nan,nan
205,33102,0.65059,-1.1579268155097957,0.39111111111111113,0,148,0.5878378378378378,0.033783783783783786,0.08783783783783784,0.060810810810810814,0.006756756756756757,0.7094594594594594,0.17567567567567569,0.11486486486486487,14.0,0.06756756756756757,0.06528180354267311,100.23739824295028,0.003857509008059884,0.8679395268134739,0.006756756756756757,0.7878787878787878,0.1688888888888889,0.30666666666666664,nan,0.003937380714341998,0.003406494949012995,0.004268428008072078,0.124375,nan,nan,nan,nan,nan,nan,nan,nan,nan,nan,nan,nan,nan,nan,nan,nan,nan,nan,nan,nan,nan,nan,nan,nan,nan,nan,nan,nan,nan,nan,nan,nan,nan,nan,nan,nan,nan,nan,nan,nan,nan,nan,nan,nan,nan,nan,nan,nan,nan,nan,nan
206,33294,0.6485633333333334,1.2037115614414193,0.6,0,192,0.6979166666666666,0.03125,0.020833333333333332,0.041666666666666664,0.0,0.75,0.11458333333333333,0.13541666666666666,4.0,0.0,0.07679738562091504,140.42179465293881,0.0042411903154172615,0.954267820968884,0.0,0.95,0.17777777777777778,0.3377777777777778,0.49333333333333335,0.004422859218902886,0.003805657522752881,0.004967417707666755,0.12425,nan,nan,nan,nan,nan,nan,nan,nan,nan,nan,nan,nan,nan,nan,nan,nan,nan,nan,nan,nan,nan,nan,nan,nan,nan,nan,nan,nan,nan,nan,nan,nan,nan,nan,nan,nan,nan,nan,nan,nan,nan,nan,nan,nan,nan,nan,nan,nan,nan,nan,nan
207,33465,0.6467583333333333,-3.126668942928313,0.37777777777777777,0,171,0.49122807017543857,0.1286549707602339,0.06432748538011696,0.09941520467836257,0.0,0.6842105263157895,0.15789473684210525,0.15789473684210525,16.0,0.17543859649122806,0.053938019652305366,120.29208517074554,0.003103556919837368,0.6983003069634077,0.017543859649122806,0.5135135135135135,0.16444444444444445,0.31555555555555553,0.35555555555555557,0.0036987130297347903,0.003153292625211179,0.004394122213125229,0.124125,nan,nan,nan,nan,nan,nan,nan,nan,nan,nan,nan,nan,nan,nan,nan,nan,nan,nan,nan,nan,nan,nan,nan,nan,nan,nan,nan,nan,nan,nan,nan,nan,nan,nan,nan,nan,nan,nan,nan,nan,nan,nan,nan,nan,nan,nan,nan,nan,nan,nan,nan
208,33678,0.64451,-7.1053224363327026,0.3466666666666667,0,213,0.3615023474178404,0.13615023474178403,0.15492957746478872,0.07981220657276995,0.0,0.6525821596244131,0.17370892018779344,0.17370892018779344,40.0,0.3380281690140845,0.03802469135802469,140.3554517745971,0.0024382538611454276,0.5486071187577212,0.004694835680751174,0.3508771929824561,0.14666666666666667,0.29777777777777775,0.3377777777777778,0.005162213696166873,0.004543724004179239,0.004987820098176598,0.124,nan,nan,nan,nan,nan,nan,nan,nan,nan,nan,nan,nan,nan,nan,nan,nan,nan,nan,nan,nan,nan,nan,nan,nan,nan,nan,nan,nan,nan,nan,nan,nan,nan,nan,nan,nan,nan,nan,nan,nan,nan,nan,nan,nan,nan,nan,nan,nan,nan,nan,nan
209,33895,0.6422194444444445,-2.5527761158943165,0.5733333333333334,0,217,0.5898617511520737,0.05069124423963134,0.08294930875576037,0.05069124423963134,0.0,0.7235023041474654,0.1382488479262673,0.1382488479262673,25.0,0.12903225806451613,0.06320987654320988,160.67405824661242,0.0035406393234664133,0.796643847779943,0.004608294930875576,0.6938775510204082,0.17333333333333334,0.28,0.4444444444444444,0.0104372015921399,0.009769915929064154,0.0053867650218307975,0.123875,nan,nan,nan,nan,nan,nan,nan,nan,nan,nan,nan,nan,nan,nan,nan,nan,nan,nan,nan,nan,nan,nan,nan,nan,nan,nan,nan,nan,nan,nan,nan,nan,nan,nan,nan,nan,nan,nan,nan,nan,nan,nan,nan,nan,nan,nan,nan,nan,nan,nan,nan
210,34039,0.6406994444444445,0.24774556851387097,0.4266666666666667,0,144,0.6597222222222222,0.034722222222222224,0.04861111111111111,0.013888888888888888,0.0,0.7430555555555556,0.10416666666666667,0.1527777777777778,7.0,0.013888888888888888,0.073411306042885,100.17385172843909,0.0042148945551861465,0.9483512749168829,0.0,0.8285714285714286,0.16,0.3111111111111111,nan,0.007107711816206575,0.006508386647328735,0.004843031312339008,0.12375,nan,nan,nan,nan,nan,nan,nan,nan,nan,nan,nan,nan,nan,nan,nan,nan,nan,nan,nan,nan,nan,nan,nan,nan,nan,nan,nan,nan,nan,nan,nan,nan,nan,nan,nan,nan,nan,nan,nan,nan,nan,nan,nan,nan,nan,nan,nan,nan,nan,nan,nan
211,34249,0.6384827777777777,-5.3382229585647565,0.36,0,210,0.38095238095238093,0.17142857142857143,0.08571428571428572,0.09523809523809523,0.0,0.638095238095238,0.20952380952380953,0.1523809523809524,49.0,0.3238095238095238,0.044691358024691354,140.41164722442588,0.0025322369090026845,0.569753304525604,0.004761904761904762,0.5,0.16,0.27111111111111114,0.28,0.008193628955632448,0.007534864475019276,0.005328732496127486,0.123625,nan,nan,nan,nan,nan,nan,nan,nan,nan,nan,nan,nan,nan,nan,nan,nan,nan,nan,nan,nan,nan,nan,nan,nan,nan,nan,nan,nan,nan,nan,nan,nan,nan,nan,nan,nan,nan,nan,nan,nan,nan,nan,nan,nan,nan,nan,nan,nan,nan,nan,nan
212,34373,0.6371738888888889,-1.7139503669738756,0.29777777777777775,0,124,0.532258064516129,0.0967741935483871,0.04032258064516129,0.10483870967741936,0.008064516129032258,0.6693548387096774,0.18548387096774194,0.14516129032258066,25.0,0.1935483870967742,0.059370370370370365,80.71381301879866,0.003634239572661677,0.8177039038488773,0.016129032258064516,0.6428571428571429,0.1511111111111111,0.21333333333333335,nan,0.0059487306047230955,0.005240985099226237,0.005730733228847385,0.1235,nan,nan,nan,nan,nan,nan,nan,nan,nan,nan,nan,nan,nan,nan,nan,nan,nan,nan,nan,nan,nan,nan,nan,nan,nan,nan,nan,nan,nan,nan,nan,nan,nan,nan,nan,nan,nan,nan,nan,nan,nan,nan,nan,nan,nan,nan,nan,nan,nan,nan,nan
213,34550,0.6353055555555556,-2.20667278599739,0.4222222222222222,0,177,0.5310734463276836,0.062146892655367235,0.062146892655367235,0.062146892655367235,0.005649717514124294,0.655367231638418,0.1864406779661017,0.15819209039548024,24.0,0.14124293785310735,0.05861111111111107,120.2349789142607,0.0034746775152320213,0.7818024409272047,0.0,0.7346938775510204,0.14666666666666667,0.27555555555555555,0.37777777777777777,0.00911271870136261,0.008476141490973532,0.005159693863242864,0.123375,nan,nan,nan,nan,nan,nan,nan,nan,nan,nan,nan,nan,nan,nan,nan,nan,nan,nan,nan,nan,nan,nan,nan,nan,nan,nan,nan,nan,nan,nan,nan,nan,nan,nan,nan,nan,nan,nan,nan,nan,nan,nan,nan,nan,nan,nan,nan,nan,nan,nan,nan
214,34662,0.6341233333333334,-2.172426704645156,0.29333333333333333,0,112,0.5803571428571429,0.044642857142857144,0.08928571428571429,0.05357142857142857,0.008928571428571428,0.7142857142857143,0.13392857142857142,0.15178571428571427,16.0,0.11607142857142858,0.06548148148148147,80.0516829013823,0.0036087797085387753,0.8119754344212244,0.0,0.7307692307692307,0.1688888888888889,0.2577777777777778,nan,0.007084225444123149,0.006060590012930333,0.008305358933284879,0.12325,nan,nan,nan,nan,nan,nan,nan,nan,nan,nan,nan,nan,nan,nan,nan,nan,nan,nan,nan,nan,nan,nan,nan,nan,nan,nan,nan,nan,nan,nan,nan,nan,nan,nan,nan,nan,nan,nan,nan,nan,nan,nan,nan,nan,nan,nan,nan,nan,nan,nan,nan
215,34871,0.6319172222222222,0.19182285261154353,0.6222222222222222,0,209,0.6650717703349283,0.07177033492822966,0.0,0.04784688995215311,0.0,0.7368421052631579,0.10526315789473684,0.15789473684210525,8.0,0.028708133971291867,0.07215363511659807,160.65882997512853,0.0038452774607745837,0.8651874286742813,0.0,0.8,0.17777777777777778,0.3288888888888889,0.4533333333333333,0.005451065441593528,0.004179386189207435,0.010328359110280872,0.123125,nan,nan,nan,nan,nan,nan,nan,nan,nan,nan,nan,nan,nan,nan,nan,nan,nan,nan,nan,nan,nan,nan,nan,nan,nan,nan,nan,nan,nan,nan,nan,nan,nan,nan,nan,nan,nan,nan,nan,nan,nan,nan,nan,nan,nan,nan,nan,nan,nan,nan,nan
216,35048,0.6300488888888889,-0.8893927500247949,0.4533333333333333,0,177,0.5706214689265536,0.07344632768361582,0.04519774011299435,0.07344632768361582,0.0,0.6892655367231638,0.14689265536723164,0.1638418079096045,12.0,0.06779661016949153,0.05611111111111111,120.02278809547397,0.003740030505972027,0.8415068638437061,0.005649717514124294,0.6829268292682927,0.16444444444444445,0.3022222222222222,0.40444444444444444,0.004317233362235129,0.0036134561058133842,0.005721766105853021,0.123,nan,nan,nan,nan,nan,nan,nan,nan,nan,nan,nan,nan,nan,nan,nan,nan,nan,nan,nan,nan,nan,nan,nan,nan,nan,nan,nan,nan,nan,nan,nan,nan,nan,nan,nan,nan,nan,nan,nan,nan,nan,nan,nan,nan,nan,nan,nan,nan,nan,nan,nan
217,35254,0.6278744444444444,-0.8701320772170998,0.5155555555555555,0,206,0.558252427184466,0.0825242718446602,0.06310679611650485,0.05825242718446602,0.0,0.7038834951456311,0.1650485436893204,0.13106796116504854,16.0,0.06310679611650485,0.059917695473251015,140.70601978301994,0.003632475084571973,0.817306894028694,0.0,0.7142857142857143,0.16,0.30666666666666664,0.4222222222222222,0.003709937748499215,0.0030940957367420197,0.005011939187534153,0.122875,nan,nan,nan,nan,nan,nan,nan,nan,nan,nan,nan,nan,nan,nan,nan,nan,nan,nan,nan,nan,nan,nan,nan,nan,nan,nan,nan,nan,nan,nan,nan,nan,nan,nan,nan,nan,nan,nan,nan,nan,nan,nan,nan,nan,nan,nan,nan,nan,nan,nan,nan
218,35421,0.6261116666666666,0.47552045392990094,0.5022222222222222,0,167,0.6706586826347305,0.04790419161676647,0.017964071856287425,0.05389221556886228,0.0,0.7365269461077845,0.1317365269461078,0.1317365269461078,11.0,0.03592814371257485,0.07439775910364145,120.69028139114359,0.004124423044176492,0.9279951849397106,0.005988023952095809,0.8285714285714286,0.16444444444444445,0.3288888888888889,0.4533333333333333,0.004043942200951278,0.00323145950678736,0.006619003554806113,0.12275,nan,nan,nan,nan,nan,nan,nan,nan,nan,nan,nan,nan,nan,nan,nan,nan,nan,nan,nan,nan,nan,nan,nan,nan,nan,nan,nan,nan,nan,nan,nan,nan,nan,nan,nan,nan,nan,nan,nan,nan,nan,nan,nan,nan,nan,nan,nan,nan,nan,nan,nan
219,35545,0.6248027777777778,-2.015409873962402,0.26666666666666666,0,124,0.47580645161290325,0.12096774193548387,0.06451612903225806,0.07258064516129033,0.008064516129032258,0.6612903225806451,0.14516129032258066,0.1935483870967742,25.0,0.18548387096774194,0.05292592592592593,80.10866546630844,0.003273331551534907,0.7364995990953541,0.0,0.53125,0.13777777777777778,0.2088888888888889,nan,0.0036658364813774826,0.003087356546893716,0.004717471334151924,0.122625,nan,nan,nan,nan,nan,nan,nan,nan,nan,nan,nan,nan,nan,nan,nan,nan,nan,nan,nan,nan,nan,nan,nan,nan,nan,nan,nan,nan,nan,nan,nan,nan,nan,nan,nan,nan,nan,nan,nan,nan,nan,nan,nan,nan,nan,nan,nan,nan,nan,nan,nan
220,35716,0.6229977777777778,-0.7907972028255452,0.4888888888888889,0,171,0.6374269005847953,0.05263157894736842,0.029239766081871343,0.023391812865497075,0.0,0.7192982456140351,0.15789473684210525,0.12280701754385964,5.0,0.0,0.07041572184429326,130.1409257411956,0.0037224604150106755,0.837553593377402,0.0,0.813953488372093,0.1688888888888889,0.30666666666666664,0.4444444444444444,0.003974103857763112,0.003290090709924698,0.005583780654706061,0.1225,-0.06049860937595501,0.4964444444444445,0.0,180.7,0.0,1.0,0.6201801475752338,0.20197742392996793,0.0,0.00891277771788011,0.0,0.8221575715052017,0.0558465215018205,0.12199590699297777,24.1,0.16163703262802406,0.06674140771509192,138.3980819940566,0.0035847027683210235,0.8065581228722303,0.0,0.5869562364070372,0.2008888888888889,0.36133333333333334,0.4444444444444444,-34.52932877171039,0.4862222222222222,0.3,187.9,0.1,0.9,0.5979459908253536,0.13599690504602668,0.0,0.1018073321099872,0.0,0.7339428958713803,0.09405548669331494,0.1720016174353047,39.3,0.1829665761006272,0.06555257828591163,133.38979782581313,0.003563660964694693,0.8018237170563058,0.0,0.6718590668590669,0.188,0.3248888888888889,0.43644444444444447,0.9857272456568729
221,35916,0.6208866666666667,-2.9988361153602607,0.4711111111111111,0,200,0.525,0.08,0.08,0.065,0.005,0.685,0.165,0.15,31.0,0.14,0.05833333333333333,140.17939157485952,0.0033290675713730307,0.7490402035589319,0.005,0.6326530612244898,0.15555555555555556,0.29333333333333333,0.3511111111111111,0.003804617468267679,0.0032350005814805625,0.004654683987610042,0.122375,nan,nan,nan,nan,nan,nan,nan,nan,nan,nan,nan,nan,nan,nan,nan,nan,nan,nan,nan,nan,nan,nan,nan,nan,nan,nan,nan,nan,nan,nan,nan,nan,nan,nan,nan,nan,nan,nan,nan,nan,nan,nan,nan,nan,nan,nan,nan,nan,nan,nan,nan
222,36089,0.6190605555555555,0.7694876708984384,0.5066666666666667,0,173,0.653179190751445,0.046242774566473986,0.005780346820809248,0.06358381502890173,0.0,0.7052023121387283,0.18497109826589594,0.10982658959537572,4.0,0.0,0.07246376811594203,120.11916503906225,0.004181033243603563,0.9407324798108018,0.0,0.875,0.1688888888888889,0.28444444444444444,0.4488888888888889,0.00344554556068033,0.002884263778105378,0.004591261805035174,0.12225,nan,nan,nan,nan,nan,nan,nan,nan,nan,nan,nan,nan,nan,nan,nan,nan,nan,nan,nan,nan,nan,nan,nan,nan,nan,nan,nan,nan,nan,nan,nan,nan,nan,nan,nan,nan,nan,nan,nan,nan,nan,nan,nan,nan,nan,nan,nan,nan,nan,nan,nan
223,36227,0.6176038888888888,-4.232935167789458,0.3288888888888889,0,138,0.5289855072463768,0.09420289855072464,0.06521739130434782,0.08695652173913043,0.007246376811594203,0.6884057971014492,0.13043478260869565,0.18115942028985507,17.0,0.13043478260869565,0.05749287749287751,110.28509683609,0.002941870241331396,0.661920804299564,0.0,0.5666666666666667,0.17333333333333334,0.26666666666666666,nan,0.0032073301263153553,0.002594156190752983,0.005020871479064226,0.122125,nan,nan,nan,nan,nan,nan,nan,nan,nan,nan,nan,nan,nan,nan,nan,nan,nan,nan,nan,nan,nan,nan,nan,nan,nan,nan,nan,nan,nan,nan,nan,nan,nan,nan,nan,nan,nan,nan,nan,nan,nan,nan,nan,nan,nan,nan,nan,nan,nan,nan,nan
224,36409,0.6156827777777778,-3.715653495550155,0.4533333333333333,0,182,0.554945054945055,0.07692307692307693,0.06043956043956044,0.07142857142857142,0.0,0.6923076923076923,0.18681318681318682,0.12087912087912088,13.0,0.10989010989010989,0.05611111111111111,140.32050948142995,0.0031990255063055837,0.7197807389187563,0.005494505494505495,0.5714285714285714,0.16444444444444445,0.3333333333333333,0.4266666666666667,0.003453652746975422,0.0029131716582924128,0.004430172382853925,0.122,nan,nan,nan,nan,nan,nan,nan,nan,nan,nan,nan,nan,nan,nan,nan,nan,nan,nan,nan,nan,nan,nan,nan,nan,nan,nan,nan,nan,nan,nan,nan,nan,nan,nan,nan,nan,nan,nan,nan,nan,nan,nan,nan,nan,nan,nan,nan,nan,nan,nan,nan
225,36625,0.6134027777777777,-0.6969342889785783,0.5377777777777778,0,216,0.5555555555555556,0.06481481481481481,0.046296296296296294,0.08796296296296297,0.0,0.6666666666666666,0.1388888888888889,0.19444444444444445,28.0,0.14351851851851852,0.05925925925925926,140.10413608551025,0.003806692280717695,0.8565057631614814,0.009259259259259259,0.7307692307692307,0.11555555555555555,0.28,0.4266666666666667,0.0034867392154410482,0.0029992810217663647,0.003999657067470253,0.121875,nan,nan,nan,nan,nan,nan,nan,nan,nan,nan,nan,nan,nan,nan,nan,nan,nan,nan,nan,nan,nan,nan,nan,nan,nan,nan,nan,nan,nan,nan,nan,nan,nan,nan,nan,nan,nan,nan,nan,nan,nan,nan,nan,nan,nan,nan,nan,nan,nan,nan,nan
226,36813,0.6114183333333334,-1.4155781812667843,0.4888888888888889,0,188,0.5797872340425532,0.05851063829787234,0.031914893617021274,0.07446808510638298,0.005319148936170213,0.6702127659574468,0.1595744680851064,0.1702127659574468,20.0,0.0851063829787234,0.06311965811965811,130.26264934539773,0.003718981971262664,0.8367709435340994,0.010638297872340425,0.75,0.16,0.32,0.4088888888888889,0.0031932916725054385,0.002651556278578937,0.004449571971781552,0.12175,nan,nan,nan,nan,nan,nan,nan,nan,nan,nan,nan,nan,nan,nan,nan,nan,nan,nan,nan,nan,nan,nan,nan,nan,nan,nan,nan,nan,nan,nan,nan,nan,nan,nan,nan,nan,nan,nan,nan,nan,nan,nan,nan,nan,nan,nan,nan,nan,nan,nan,nan
227,37022,0.6092122222222223,-1.62535525536537,0.5066666666666667,0,209,0.5406698564593302,0.07655502392344497,0.05263157894736842,0.0861244019138756,0.0,0.6698564593301436,0.1339712918660287,0.19617224880382775,17.0,0.11961722488038277,0.06194787379972566,140.63195481300338,0.0035711814067437312,0.8035158165173395,0.014354066985645933,0.7450980392156863,0.13777777777777778,0.25333333333333335,0.3422222222222222,0.0032620219280943274,0.0027044111862778663,0.004584672232158482,0.121625,nan,nan,nan,nan,nan,nan,nan,nan,nan,nan,nan,nan,nan,nan,nan,nan,nan,nan,nan,nan,nan,nan,nan,nan,nan,nan,nan,nan,nan,nan,nan,nan,nan,nan,nan,nan,nan,nan,nan,nan,nan,nan,nan,nan,nan,nan,nan,nan,nan,nan,nan
228,37207,0.6072594444444445,-1.3956466317176817,0.4311111111111111,0,185,0.518918918918919,0.0972972972972973,0.05945945945945946,0.07027027027027027,0.0,0.6756756756756757,0.1891891891891892,0.13513513513513514,22.0,0.1783783783783784,0.05916666666666666,120.24425363540617,0.003548333111704174,0.7983749501334391,0.0,0.574468085106383,0.14222222222222222,0.2222222222222222,0.36,0.003290039929561317,0.0028017701348289847,0.004018681729212404,0.1215,nan,nan,nan,nan,nan,nan,nan,nan,nan,nan,nan,nan,nan,nan,nan,nan,nan,nan,nan,nan,nan,nan,nan,nan,nan,nan,nan,nan,nan,nan,nan,nan,nan,nan,nan,nan,nan,nan,nan,nan,nan,nan,nan,nan,nan,nan,nan,nan,nan,nan,nan
229,37397,0.6052538888888889,-0.19126691150665331,0.44,0,190,0.5157894736842106,0.1368421052631579,0.015789473684210527,0.05263157894736842,0.0,0.6684210526315789,0.16842105263157894,0.1631578947368421,21.0,0.09473684210526316,0.05555555555555555,120.67873249053916,0.0036092155309113954,0.8120734944550639,0.0,0.660377358490566,0.16444444444444445,0.27555555555555555,0.37333333333333335,0.003237477713264525,0.0027077583828940986,0.0043643195880576965,0.121375,nan,nan,nan,nan,nan,nan,nan,nan,nan,nan,nan,nan,nan,nan,nan,nan,nan,nan,nan,nan,nan,nan,nan,nan,nan,nan,nan,nan,nan,nan,nan,nan,nan,nan,nan,nan,nan,nan,nan,nan,nan,nan,nan,nan,nan,nan,nan,nan,nan,nan,nan
230,37614,0.6029633333333333,-1.1508145856857301,0.5777777777777777,0,217,0.5944700460829493,0.07834101382488479,0.027649769585253458,0.04608294930875576,0.0,0.7004608294930875,0.1382488479262673,0.16129032258064516,27.0,0.10138248847926268,0.06440087145969497,160.65537700653053,0.0035687154953427274,0.8029609864521138,0.0,0.7454545454545455,0.16,0.29333333333333333,0.4711111111111111,0.003146779746748507,0.0026783339446410535,0.003863470093347132,0.12125,nan,nan,nan,nan,nan,nan,nan,nan,nan,nan,nan,nan,nan,nan,nan,nan,nan,nan,nan,nan,nan,nan,nan,nan,nan,nan,nan,nan,nan,nan,nan,nan,nan,nan,nan,nan,nan,nan,nan,nan,nan,nan,nan,nan,nan,nan,nan,nan,nan,nan,nan
231,37827,0.600715,-2.203155415534971,0.52,0,213,0.5446009389671361,0.07511737089201878,0.051643192488262914,0.09389671361502347,0.0,0.6713615023474179,0.1784037558685446,0.15023474178403756,20.0,0.11267605633802817,0.05773979107312441,150.2395753860474,0.0034315562609306648,0.7721001587093996,0.0,0.64,0.17333333333333334,0.3022222222222222,0.4488888888888889,0.0032296484801918267,0.0026659596944227813,0.004653777601197362,0.121125,nan,nan,nan,nan,nan,nan,nan,nan,nan,nan,nan,nan,nan,nan,nan,nan,nan,nan,nan,nan,nan,nan,nan,nan,nan,nan,nan,nan,nan,nan,nan,nan,nan,nan,nan,nan,nan,nan,nan,nan,nan,nan,nan,nan,nan,nan,nan,nan,nan,nan,nan
232,38026,0.5986144444444444,1.6296211576461759,0.5955555555555555,0,199,0.6683417085427136,0.08542713567839195,0.01507537688442211,0.035175879396984924,0.0,0.7688442211055276,0.09547738693467336,0.135678391959799,9.0,0.03015075376884422,0.07430555555555556,140.63217945098856,0.0042032421983271475,0.9457294946236083,0.0,0.7435897435897436,0.18222222222222223,0.3511111111111111,0.4577777777777778,0.0035131166223436594,0.0029088057344779372,0.004994305176660418,0.121,nan,nan,nan,nan,nan,nan,nan,nan,nan,nan,nan,nan,nan,nan,nan,nan,nan,nan,nan,nan,nan,nan,nan,nan,nan,nan,nan,nan,nan,nan,nan,nan,nan,nan,nan,nan,nan,nan,nan,nan,nan,nan,nan,nan,nan,nan,nan,nan,nan,nan,nan
233,38236,0.5963977777777778,-0.22263844299316327,0.5422222222222223,0,210,0.5761904761904761,0.0761904761904762,0.04285714285714286,0.047619047619047616,0.0,0.6952380952380952,0.13333333333333333,0.17142857142857143,8.0,0.03333333333333333,0.06049382716049385,140.26322326660147,0.0038340611690892874,0.8626637630450896,0.004761904761904762,0.7358490566037735,0.17777777777777778,0.29777777777777775,0.4444444444444444,0.0033515959279611708,0.0028366618091240524,0.00426005432382226,0.120875,nan,nan,nan,nan,nan,nan,nan,nan,nan,nan,nan,nan,nan,nan,nan,nan,nan,nan,nan,nan,nan,nan,nan,nan,nan,nan,nan,nan,nan,nan,nan,nan,nan,nan,nan,nan,nan,nan,nan,nan,nan,nan,nan,nan,nan,nan,nan,nan,nan,nan,nan
234,38366,0.5950255555555556,-1.1828158307075487,0.3511111111111111,0,130,0.6,0.046153846153846156,0.046153846153846156,0.038461538461538464,0.007692307692307693,0.6923076923076923,0.16923076923076924,0.13846153846153847,14.0,0.06923076923076923,0.06074074074074071,90.12205553054794,0.003846635150805675,0.8654929089312768,0.0,0.7647058823529411,0.16444444444444445,0.28,nan,0.0033756714081391694,0.002788608451373875,0.004861805052496493,0.12075,nan,nan,nan,nan,nan,nan,nan,nan,nan,nan,nan,nan,nan,nan,nan,nan,nan,nan,nan,nan,nan,nan,nan,nan,nan,nan,nan,nan,nan,nan,nan,nan,nan,nan,nan,nan,nan,nan,nan,nan,nan,nan,nan,nan,nan,nan,nan,nan,nan,nan,nan
235,38532,0.5932733333333333,-2.219559014797209,0.40444444444444444,0,166,0.5421686746987951,0.10843373493975904,0.05421686746987952,0.0783132530120482,0.0,0.7048192771084337,0.18072289156626506,0.1144578313253012,22.0,0.10843373493975904,0.0575,120.93865728378282,0.003307461890050583,0.7441789252613812,0.006024096385542169,0.6111111111111112,0.16444444444444445,0.31555555555555553,0.4,0.003195548360235989,0.00270885128993541,0.004034794750623405,0.120625,nan,nan,nan,nan,nan,nan,nan,nan,nan,nan,nan,nan,nan,nan,nan,nan,nan,nan,nan,nan,nan,nan,nan,nan,nan,nan,nan,nan,nan,nan,nan,nan,nan,nan,nan,nan,nan,nan,nan,nan,nan,nan,nan,nan,nan,nan,nan,nan,nan,nan,nan
236,38692,0.5915844444444445,-1.6605898296833022,0.40444444444444444,0,160,0.5625,0.0625,0.05625,0.06875,0.00625,0.68125,0.19375,0.125,24.0,0.125,0.05714285714285714,110.24371266365029,0.0036283248299191994,0.8163730867318199,0.01875,0.75,0.16444444444444445,0.3244444444444444,0.40444444444444444,0.003023315011523664,0.0025302384980022906,0.004091921355575323,0.1205,nan,nan,nan,nan,nan,nan,nan,nan,nan,nan,nan,nan,nan,nan,nan,nan,nan,nan,nan,nan,nan,nan,nan,nan,nan,nan,nan,nan,nan,nan,nan,nan,nan,nan,nan,nan,nan,nan,nan,nan,nan,nan,nan,nan,nan,nan,nan,nan,nan,nan,nan
237,38900,0.589388888888889,-0.9060178685188283,0.5511111111111111,0,208,0.5913461538461539,0.08653846153846154,0.019230769230769232,0.09615384615384616,0.0,0.6971153846153846,0.20192307692307693,0.10096153846153846,12.0,0.04326923076923077,0.0628395061728395,150.3144558906555,0.0036368203139712186,0.8182845706435242,0.004807692307692308,0.6976744186046512,0.16444444444444445,0.3333333333333333,0.4577777777777778,0.0031599476700648666,0.002646038983948529,0.004269230784848333,0.120375,nan,nan,nan,nan,nan,nan,nan,nan,nan,nan,nan,nan,nan,nan,nan,nan,nan,nan,nan,nan,nan,nan,nan,nan,nan,nan,nan,nan,nan,nan,nan,nan,nan,nan,nan,nan,nan,nan,nan,nan,nan,nan,nan,nan,nan,nan,nan,nan,nan,nan,nan
238,39114,0.58713,-1.58029405093193,0.5688888888888889,0,214,0.5934579439252337,0.07009345794392523,0.04672897196261682,0.04672897196261682,0.0,0.7102803738317757,0.14485981308411214,0.14485981308411214,15.0,0.0514018691588785,0.06543209876543209,160.0599433422088,0.0035264566053085492,0.7934527361944236,0.004672897196261682,0.7692307692307693,0.17333333333333334,0.28888888888888886,0.4,0.003503866074606776,0.0029340227833017708,0.004738821228966117,0.12025,nan,nan,nan,nan,nan,nan,nan,nan,nan,nan,nan,nan,nan,nan,nan,nan,nan,nan,nan,nan,nan,nan,nan,nan,nan,nan,nan,nan,nan,nan,nan,nan,nan,nan,nan,nan,nan,nan,nan,nan,nan,nan,nan,nan,nan,nan,nan,nan,nan,nan,nan
239,39263,0.5855572222222223,0.4314072096347825,0.4711111111111111,0,149,0.7046979865771812,0.040268456375838924,0.006711409395973154,0.03355704697986577,0.006711409395973154,0.7516778523489933,0.09395973154362416,0.15436241610738255,7.0,0.013422818791946308,0.07814814814814815,110.37707419395426,0.0042279311177123744,0.9512845014852842,0.0,0.9032258064516129,0.17777777777777778,0.35555555555555557,nan,0.003605109406635165,0.0030518803279846905,0.004605444637127221,0.120125,nan,nan,nan,nan,nan,nan,nan,nan,nan,nan,nan,nan,nan,nan,nan,nan,nan,nan,nan,nan,nan,nan,nan,nan,nan,nan,nan,nan,nan,nan,nan,nan,nan,nan,nan,nan,nan,nan,nan,nan,nan,nan,nan,nan,nan,nan,nan,nan,nan,nan,nan
240,39451,0.5835727777777778,-0.42971504092216495,0.5511111111111111,0,188,0.6542553191489362,0.0425531914893617,0.0425531914893617,0.05851063829787234,0.0,0.7393617021276596,0.1276595744680851,0.13297872340425532,7.0,0.010638297872340425,0.07192307692307692,140.01633372306804,0.0039043063914806814,0.8784689380831534,0.005319148936170213,0.9459459459459459,0.14666666666666667,0.28444444444444444,0.4444444444444444,0.003498303471133113,0.0030046359985135495,0.004113895713817328,0.12,-121.27909817368982,0.3822222222222222,1.1,222.3,0.4,0.6,0.4036129566026414,0.0779108244877746,0.0,0.37335095792254014,0.0,0.48152378109041594,0.24771481523418024,0.27076140367540374,103.1,0.42408036005922983,0.04443434343434344,126.09331593990305,0.002807656831140709,0.6317227870066595,0.0,0.744291958041958,0.1688888888888889,0.29733333333333334,0.34844444444444445,-85.21887763814924,0.39644444444444443,1.1,206.7,0.4,0.6,0.4629556099103415,0.06178276628461128,0.0,0.33532389523090567,0.0,0.5247383761949528,0.14170382647914898,0.33355779732589824,88.4,0.36542970107877776,0.049504772927689594,122.6635965538022,0.003162722842286369,0.711612639514433,0.0,0.7118858695832381,0.18533333333333335,0.31244444444444447,0.3649382716049383,0.6829948791149146
241,39657,0.5813983333333334,0.0004153976440441909,0.5333333333333333,0,206,0.5776699029126213,0.0825242718446602,0.014563106796116505,0.05339805825242718,0.0,0.6747572815533981,0.1407766990291262,0.18446601941747573,10.0,0.024271844660194174,0.0603292181069959,140.08175811767575,0.0037755728939709303,0.8495039011434593,0.0,0.7636363636363637,0.1511111111111111,0.27111111111111114,0.4222222222222222,0.0038034641882404687,0.003252295998390764,0.004597857524640858,0.119875,nan,nan,nan,nan,nan,nan,nan,nan,nan,nan,nan,nan,nan,nan,nan,nan,nan,nan,nan,nan,nan,nan,nan,nan,nan,nan,nan,nan,nan,nan,nan,nan,nan,nan,nan,nan,nan,nan,nan,nan,nan,nan,nan,nan,nan,nan,nan,nan,nan,nan,nan
242,39747,0.5804483333333333,-1.5136401412487026,0.27111111111111114,0,90,0.6666666666666666,0.03333333333333333,0.03333333333333333,0.044444444444444446,0.011111111111111112,0.7333333333333333,0.14444444444444443,0.12222222222222222,5.0,0.0,0.07185185185185186,70.51085848808286,0.00378192341413254,0.8509327681798213,0.0,0.8,0.16,nan,nan,0.003196783899329603,0.0026276330929249523,0.004752824921160937,0.11975,nan,nan,nan,nan,nan,nan,nan,nan,nan,nan,nan,nan,nan,nan,nan,nan,nan,nan,nan,nan,nan,nan,nan,nan,nan,nan,nan,nan,nan,nan,nan,nan,nan,nan,nan,nan,nan,nan,nan,nan,nan,nan,nan,nan,nan,nan,nan,nan,nan,nan,nan
243,39979,0.5779994444444445,-0.7383285734653504,0.5733333333333334,0,232,0.5517241379310345,0.10775862068965517,0.03017241379310345,0.0603448275862069,0.0,0.6896551724137931,0.15517241379310345,0.15517241379310345,22.0,0.1206896551724138,0.05688888888888889,160.34598641395593,0.0035478835586206783,0.7982738006896526,0.0,0.7241379310344828,0.17777777777777778,0.3422222222222222,0.4666666666666667,0.003042715019546449,0.0025160592049360275,0.00440255634021014,0.119625,nan,nan,nan,nan,nan,nan,nan,nan,nan,nan,nan,nan,nan,nan,nan,nan,nan,nan,nan,nan,nan,nan,nan,nan,nan,nan,nan,nan,nan,nan,nan,nan,nan,nan,nan,nan,nan,nan,nan,nan,nan,nan,nan,nan,nan,nan,nan,nan,nan,nan,nan
244,40155,0.5761416666666668,-1.3866095671653742,0.4444444444444444,0,176,0.5625,0.0625,0.07386363636363637,0.03977272727272727,0.0,0.6988636363636364,0.16477272727272727,0.13636363636363635,21.0,0.10795454545454546,0.06833333333333325,120.52961492538425,0.0036505550961262834,0.8213748966284137,0.0,0.6956521739130435,0.17333333333333334,0.3022222222222222,0.38666666666666666,0.003324549738317728,0.002689727861434221,0.005312316934578121,0.1195,nan,nan,nan,nan,nan,nan,nan,nan,nan,nan,nan,nan,nan,nan,nan,nan,nan,nan,nan,nan,nan,nan,nan,nan,nan,nan,nan,nan,nan,nan,nan,nan,nan,nan,nan,nan,nan,nan,nan,nan,nan,nan,nan,nan,nan,nan,nan,nan,nan,nan,nan
245,40276,0.5748644444444444,-3.868953991651535,0.26222222222222225,0,121,0.4793388429752066,0.09090909090909091,0.06611570247933884,0.08264462809917356,0.008264462809917356,0.6363636363636364,0.14049586776859505,0.2231404958677686,38.0,0.2727272727272727,0.0518941798941799,90.55194277763361,0.002846739339550085,0.6405163513987691,0.024793388429752067,0.5588235294117647,0.17777777777777778,0.25333333333333335,nan,0.003550570784136653,0.002865697955712676,0.0057371545815840365,0.119375,nan,nan,nan,nan,nan,nan,nan,nan,nan,nan,nan,nan,nan,nan,nan,nan,nan,nan,nan,nan,nan,nan,nan,nan,nan,nan,nan,nan,nan,nan,nan,nan,nan,nan,nan,nan,nan,nan,nan,nan,nan,nan,nan,nan,nan,nan,nan,nan,nan,nan,nan
246,40469,0.5728272222222223,-0.6615393083095541,0.5733333333333334,0,193,0.6632124352331606,0.05699481865284974,0.031088082901554404,0.046632124352331605,0.0,0.7512953367875648,0.11398963730569948,0.13471502590673576,10.0,0.025906735751295335,0.07305555555555555,150.7003743648526,0.003774966660079971,0.8493674985179935,0.010362694300518135,0.8205128205128205,0.1688888888888889,0.3244444444444444,0.48,0.0032048562541604044,0.0027664073510095476,0.00367672024294734,0.11925,nan,nan,nan,nan,nan,nan,nan,nan,nan,nan,nan,nan,nan,nan,nan,nan,nan,nan,nan,nan,nan,nan,nan,nan,nan,nan,nan,nan,nan,nan,nan,nan,nan,nan,nan,nan,nan,nan,nan,nan,nan,nan,nan,nan,nan,nan,nan,nan,nan,nan,nan
247,40660,0.5708111111111112,0.8729681992530776,0.5466666666666666,0,191,0.6387434554973822,0.05759162303664921,0.02617801047120419,0.05235602094240838,0.0,0.7225130890052356,0.14659685863874344,0.13089005235602094,7.0,0.010471204188481676,0.06934027777777776,130.5812552452085,0.0041523740999734205,0.9342841724940197,0.015706806282722512,0.7674418604651163,0.17777777777777778,0.3288888888888889,0.4622222222222222,0.003273703437298536,0.002798848459497094,0.003986190631985664,0.119125,nan,nan,nan,nan,nan,nan,nan,nan,nan,nan,nan,nan,nan,nan,nan,nan,nan,nan,nan,nan,nan,nan,nan,nan,nan,nan,nan,nan,nan,nan,nan,nan,nan,nan,nan,nan,nan,nan,nan,nan,nan,nan,nan,nan,nan,nan,nan,nan,nan,nan,nan
248,40831,0.5690061111111111,0.779280756950377,0.5111111111111111,0,171,0.6666666666666666,0.04678362573099415,0.011695906432748537,0.07602339181286549,0.0,0.7251461988304093,0.13450292397660818,0.14035087719298245,8.0,0.023391812865497075,0.07371126228269084,120.18780231475806,0.004215624688267157,0.9485155548601104,0.0,0.8529411764705882,0.1688888888888889,0.3244444444444444,0.4622222222222222,0.0038837643107399343,0.0031869453145191074,0.005855621630325913,0.119,nan,nan,nan,nan,nan,nan,nan,nan,nan,nan,nan,nan,nan,nan,nan,nan,nan,nan,nan,nan,nan,nan,nan,nan,nan,nan,nan,nan,nan,nan,nan,nan,nan,nan,nan,nan,nan,nan,nan,nan,nan,nan,nan,nan,nan,nan,nan,nan,nan,nan,nan
249,40989,0.5673383333333333,0.06090367746353298,0.4622222222222222,0,158,0.6518987341772152,0.02531645569620253,0.02531645569620253,0.08860759493670886,0.0,0.7025316455696202,0.15822784810126583,0.13924050632911392,5.0,0.0,0.0734920634920635,110.29615545272813,0.004150441834520487,0.9338494127671096,0.0,0.84375,0.1511111111111111,0.29777777777777775,0.43555555555555553,0.0039062068564817308,0.003344834316521883,0.004722376866266131,0.118875,nan,nan,nan,nan,nan,nan,nan,nan,nan,nan,nan,nan,nan,nan,nan,nan,nan,nan,nan,nan,nan,nan,nan,nan,nan,nan,nan,nan,nan,nan,nan,nan,nan,nan,nan,nan,nan,nan,nan,nan,nan,nan,nan,nan,nan,nan,nan,nan,nan,nan,nan
250,41146,0.5656811111111111,-0.9618524956703189,0.4,0,157,0.5668789808917197,0.10191082802547771,0.03821656050955414,0.044585987261146494,0.0,0.7070063694267515,0.12738853503184713,0.16560509554140126,16.0,0.08917197452229299,0.06303854875283446,110.28430948257433,0.0035866893251759995,0.8070050981645998,0.0,0.717948717948718,0.15555555555555556,0.3111111111111111,0.38222222222222224,0.006602492579258978,0.005933385016396642,0.005634590424597264,0.11875,nan,nan,nan,nan,nan,nan,nan,nan,nan,nan,nan,nan,nan,nan,nan,nan,nan,nan,nan,nan,nan,nan,nan,nan,nan,nan,nan,nan,nan,nan,nan,nan,nan,nan,nan,nan,nan,nan,nan,nan,nan,nan,nan,nan,nan,nan,nan,nan,nan,nan,nan
251,41282,0.5642455555555557,0.6882404091358201,0.44,0,136,0.7205882352941176,0.04411764705882353,0.014705882352941176,0.022058823529411766,0.0,0.7794117647058824,0.1323529411764706,0.08823529411764706,4.0,0.0,0.08013468013468013,100.29294848442059,0.004342833291247932,0.9771374905307847,0.0,0.8461538461538461,0.17777777777777778,0.3288888888888889,nan,0.00623957805801183,0.005680179968476295,0.004715684871189296,0.11862500000000001,nan,nan,nan,nan,nan,nan,nan,nan,nan,nan,nan,nan,nan,nan,nan,nan,nan,nan,nan,nan,nan,nan,nan,nan,nan,nan,nan,nan,nan,nan,nan,nan,nan,nan,nan,nan,nan,nan,nan,nan,nan,nan,nan,nan,nan,nan,nan,nan,nan,nan,nan
252,41449,0.5624827777777779,-3.102105634689333,0.39111111111111113,0,167,0.5209580838323353,0.08982035928143713,0.08383233532934131,0.0658682634730539,0.0,0.6946107784431138,0.17365269461077845,0.1317365269461078,26.0,0.20359281437125748,0.056134453781512605,120.5724346160887,0.0032069242683689784,0.72155796038302,0.005988023952095809,0.625,0.1511111111111111,0.2577777777777778,0.37777777777777777,0.004227867210283875,0.0037257966119796037,0.004236882738769055,0.1185,nan,nan,nan,nan,nan,nan,nan,nan,nan,nan,nan,nan,nan,nan,nan,nan,nan,nan,nan,nan,nan,nan,nan,nan,nan,nan,nan,nan,nan,nan,nan,nan,nan,nan,nan,nan,nan,nan,nan,nan,nan,nan,nan,nan,nan,nan,nan,nan,nan,nan,nan
253,41604,0.5608466666666667,-0.17121427869796702,0.4533333333333333,0,155,0.6516129032258065,0.03225806451612903,0.03870967741935484,0.05161290322580645,0.0,0.7225806451612903,0.13548387096774195,0.14193548387096774,8.0,0.03870967741935484,0.07174603174603174,110.10680265426618,0.004076849731967912,0.9172911896927803,0.0,0.8,0.15555555555555556,0.3022222222222222,0.44,0.004018675372935832,0.0035401778062805534,0.004042218648828566,0.11837500000000001,nan,nan,nan,nan,nan,nan,nan,nan,nan,nan,nan,nan,nan,nan,nan,nan,nan,nan,nan,nan,nan,nan,nan,nan,nan,nan,nan,nan,nan,nan,nan,nan,nan,nan,nan,nan,nan,nan,nan,nan,nan,nan,nan,nan,nan,nan,nan,nan,nan,nan,nan
254,41825,0.558513888888889,0.6076294670104991,0.6444444444444445,0,221,0.6515837104072398,0.058823529411764705,0.027149321266968326,0.03619909502262444,0.0,0.7375565610859729,0.16289592760180996,0.09954751131221719,14.0,0.05429864253393665,0.07261610817166372,160.72733840942402,0.003981898825262165,0.8959272356839871,0.0,0.76,0.1288888888888889,0.28,0.4577777777777778,0.003847442870028317,0.003257335862144828,0.00499033413361758,0.11825,nan,nan,nan,nan,nan,nan,nan,nan,nan,nan,nan,nan,nan,nan,nan,nan,nan,nan,nan,nan,nan,nan,nan,nan,nan,nan,nan,nan,nan,nan,nan,nan,nan,nan,nan,nan,nan,nan,nan,nan,nan,nan,nan,nan,nan,nan,nan,nan,nan,nan,nan
255,41963,0.5570572222222223,-0.17743831396102794,0.4088888888888889,0,138,0.6594202898550725,0.057971014492753624,0.036231884057971016,0.043478260869565216,0.0,0.7536231884057971,0.13043478260869565,0.11594202898550725,9.0,0.028985507246376812,0.07424501424501424,100.2803648948667,0.004033136944290755,0.9074558124654196,0.0,0.75,0.17333333333333334,0.3244444444444444,nan,0.0036202572751790284,0.0030821860302239655,0.00455510055180639,0.11812500000000001,nan,nan,nan,nan,nan,nan,nan,nan,nan,nan,nan,nan,nan,nan,nan,nan,nan,nan,nan,nan,nan,nan,nan,nan,nan,nan,nan,nan,nan,nan,nan,nan,nan,nan,nan,nan,nan,nan,nan,nan,nan,nan,nan,nan,nan,nan,nan,nan,nan,nan,nan
256,42099,0.5556216666666667,0.19313423728942936,0.4177777777777778,0,136,0.6838235294117647,0.051470588235294115,0.014705882352941176,0.007352941176470588,0.0,0.75,0.11029411764705882,0.13970588235294118,8.0,0.029411764705882353,0.07077441077441078,100.43681678771966,0.004115356764113131,0.9259552719254543,0.0,0.8181818181818182,0.18222222222222223,0.3333333333333333,nan,0.0034966384060680865,0.002833946282044053,0.00561603473033756,0.118,nan,nan,nan,nan,nan,nan,nan,nan,nan,nan,nan,nan,nan,nan,nan,nan,nan,nan,nan,nan,nan,nan,nan,nan,nan,nan,nan,nan,nan,nan,nan,nan,nan,nan,nan,nan,nan,nan,nan,nan,nan,nan,nan,nan,nan,nan,nan,nan,nan,nan,nan
257,42192,0.55464,-0.9586733031272889,0.28444444444444444,0,93,0.6774193548387096,0.043010752688172046,0.021505376344086023,0.043010752688172046,0.010752688172043012,0.7419354838709677,0.1827956989247312,0.07526881720430108,4.0,0.0,0.07475308641975309,70.00641241073605,0.003999633610092835,0.8999175622708877,0.0,0.95,0.1688888888888889,nan,nan,0.0034503803588449957,0.0030344841303303837,0.0035282820696011185,0.11787500000000001,nan,nan,nan,nan,nan,nan,nan,nan,nan,nan,nan,nan,nan,nan,nan,nan,nan,nan,nan,nan,nan,nan,nan,nan,nan,nan,nan,nan,nan,nan,nan,nan,nan,nan,nan,nan,nan,nan,nan,nan,nan,nan,nan,nan,nan,nan,nan,nan,nan,nan,nan
258,42351,0.5529616666666667,0.1334994890689858,0.49333333333333335,0,159,0.6918238993710691,0.025157232704402517,0.031446540880503145,0.006289308176100629,0.0,0.7484276729559748,0.1069182389937107,0.14465408805031446,4.0,0.0,0.0743562610229277,120.26190962791422,0.004065201445756953,0.9146703252953143,0.0,0.8974358974358975,0.1688888888888889,0.32,0.47555555555555556,0.004651722870767117,0.004111012979410589,0.004592016595415771,0.11775,nan,nan,nan,nan,nan,nan,nan,nan,nan,nan,nan,nan,nan,nan,nan,nan,nan,nan,nan,nan,nan,nan,nan,nan,nan,nan,nan,nan,nan,nan,nan,nan,nan,nan,nan,nan,nan,nan,nan,nan,nan,nan,nan,nan,nan,nan,nan,nan,nan,nan,nan
259,42538,0.5509877777777779,-0.6508767127990717,0.49777777777777776,0,187,0.5935828877005348,0.10160427807486631,0.0213903743315508,0.0427807486631016,0.0053475935828877,0.7165775401069518,0.11764705882352941,0.1657754010695187,21.0,0.10695187165775401,0.06768518518518518,130.79882583618146,0.0037716954275354656,0.8486314711954798,0.0,0.7777777777777778,0.17333333333333334,0.3022222222222222,0.37333333333333335,0.00354053545743227,0.002988038002513349,0.004697109200060367,0.11762500000000001,nan,nan,nan,nan,nan,nan,nan,nan,nan,nan,nan,nan,nan,nan,nan,nan,nan,nan,nan,nan,nan,nan,nan,nan,nan,nan,nan,nan,nan,nan,nan,nan,nan,nan,nan,nan,nan,nan,nan,nan,nan,nan,nan,nan,nan,nan,nan,nan,nan,nan,nan
260,42686,0.5494255555555556,-0.6270063526630387,0.4444444444444444,0,148,0.668918918918919,0.02702702702702703,0.033783783783783786,0.0472972972972973,0.006756756756756757,0.7297297297297297,0.10135135135135136,0.16891891891891891,5.0,0.0,0.07429951690821256,110.7524414539336,0.003972824384038646,0.8938854864086955,0.0,0.8484848484848485,0.17333333333333334,0.29777777777777775,nan,0.0037309399805963038,0.0032667480409145355,0.003950570314191282,0.1175,-14.474305221652987,0.5502222222222223,0.2,211.7,0.1,0.9,0.588182069716383,0.11771381106595118,0.0,0.09100664560736266,0.0,0.7058958807823341,0.11421105922686911,0.17989305999079677,43.9,0.20268130019455946,0.06402173266213121,145.74862115859983,0.003724544541843116,0.8380225219147011,0.0012484304932735425,0.6049899429984256,0.19822222222222222,0.37066666666666664,0.4742222222222222,-16.30299868941307,0.5528888888888889,0.4,214.8,0.2,0.8,0.5889209207421342,0.09836054465017122,0.0004424778761061947,0.12783612905614142,0.0,0.6877239432684117,0.21546314324588503,0.0968129134857032,39.9,0.186230666035815,0.06384021164021164,146.84951132774347,0.0037132473445766457,0.8354806525297451,0.0,0.650444386779049,0.18933333333333335,0.3551111111111112,0.4684444444444445,0.979255340897676
261,42861,0.5475783333333333,-2.8234937136173235,0.4311111111111111,0,175,0.5485714285714286,0.045714285714285714,0.06857142857142857,0.12571428571428572,0.0,0.6628571428571428,0.13714285714285715,0.2,16.0,0.13142857142857142,0.060952380952380945,120.55708298683139,0.0035391256664137442,0.7963032749430924,0.005714285714285714,0.6756756756756757,0.18222222222222223,0.3288888888888889,0.4222222222222222,0.0038589284056797625,0.003503071144223213,0.0030317977536469696,0.11737500000000001,nan,nan,nan,nan,nan,nan,nan,nan,nan,nan,nan,nan,nan,nan,nan,nan,nan,nan,nan,nan,nan,nan,nan,nan,nan,nan,nan,nan,nan,nan,nan,nan,nan,nan,nan,nan,nan,nan,nan,nan,nan,nan,nan,nan,nan,nan,nan,nan,nan,nan,nan
262,42957,0.546565,-2.1564801809787753,0.2577777777777778,0,96,0.59375,0.020833333333333332,0.09375,0.07291666666666667,0.010416666666666666,0.7083333333333334,0.11458333333333333,0.17708333333333334,6.0,0.010416666666666666,0.0662962962962963,70.24266839027393,0.0036065448414600784,0.8114725893285175,0.010416666666666666,0.85,0.1511111111111111,nan,nan,0.005355161894112825,0.004608307220041752,0.006369762937538326,0.11725,nan,nan,nan,nan,nan,nan,nan,nan,nan,nan,nan,nan,nan,nan,nan,nan,nan,nan,nan,nan,nan,nan,nan,nan,nan,nan,nan,nan,nan,nan,nan,nan,nan,nan,nan,nan,nan,nan,nan,nan,nan,nan,nan,nan,nan,nan,nan,nan,nan,nan,nan
263,43170,0.5443166666666667,-1.3180678739547727,0.5466666666666666,0,213,0.5727699530516432,0.06103286384976526,0.04225352112676056,0.09859154929577464,0.0,0.676056338028169,0.14553990610328638,0.1784037558685446,15.0,0.056338028169014086,0.06298195631528963,150.0958845138548,0.0036125055925312305,0.812813758319527,0.018779342723004695,0.7872340425531915,0.1688888888888889,0.2577777777777778,0.39111111111111113,0.00480168906506151,0.0043038640869781375,0.004250372957903892,0.117125,nan,nan,nan,nan,nan,nan,nan,nan,nan,nan,nan,nan,nan,nan,nan,nan,nan,nan,nan,nan,nan,nan,nan,nan,nan,nan,nan,nan,nan,nan,nan,nan,nan,nan,nan,nan,nan,nan,nan,nan,nan,nan,nan,nan,nan,nan,nan,nan,nan,nan,nan
264,43375,0.5421527777777778,-2.2172081706523894,0.4711111111111111,0,205,0.5121951219512195,0.11707317073170732,0.03902439024390244,0.1073170731707317,0.0,0.6682926829268293,0.13658536585365855,0.1951219512195122,63.0,0.28292682926829266,0.05185185185185185,140.06864924430846,0.003331699628606429,0.7496324164364465,0.0,0.5555555555555556,0.17777777777777778,0.3377777777777778,0.4711111111111111,0.0045658153714612125,0.0041404011426493526,0.0036360190249979498,0.11699999999999999,nan,nan,nan,nan,nan,nan,nan,nan,nan,nan,nan,nan,nan,nan,nan,nan,nan,nan,nan,nan,nan,nan,nan,nan,nan,nan,nan,nan,nan,nan,nan,nan,nan,nan,nan,nan,nan,nan,nan,nan,nan,nan,nan,nan,nan,nan,nan,nan,nan,nan,nan
265,43561,0.5401894444444444,-1.1542012565135933,0.5377777777777778,0,186,0.6451612903225806,0.026881720430107527,0.05913978494623656,0.06451612903225806,0.0,0.7311827956989247,0.08064516129032258,0.1881720430107527,9.0,0.021505376344086023,0.07161616161616162,140.0304881572722,0.0038086943804290074,0.8569562355965267,0.0,0.7837837837837838,0.16444444444444445,0.26666666666666666,0.4177777777777778,0.004042337718419731,0.003463573916815221,0.004951989604160189,0.116875,nan,nan,nan,nan,nan,nan,nan,nan,nan,nan,nan,nan,nan,nan,nan,nan,nan,nan,nan,nan,nan,nan,nan,nan,nan,nan,nan,nan,nan,nan,nan,nan,nan,nan,nan,nan,nan,nan,nan,nan,nan,nan,nan,nan,nan,nan,nan,nan,nan,nan,nan
266,43765,0.5380361111111112,0.5178506236076375,0.5733333333333334,0,204,0.6274509803921569,0.05392156862745098,0.058823529411764705,0.04411764705882353,0.0,0.7401960784313726,0.12254901960784313,0.13725490196078433,9.0,0.029411764705882353,0.07098765432098764,140.7918988227842,0.00404063652557846,0.9091432182551537,0.0,0.75,0.17333333333333334,0.3111111111111111,0.4088888888888889,0.0037519905250519513,0.0031855912879109383,0.004851385438814759,0.11674999999999999,nan,nan,nan,nan,nan,nan,nan,nan,nan,nan,nan,nan,nan,nan,nan,nan,nan,nan,nan,nan,nan,nan,nan,nan,nan,nan,nan,nan,nan,nan,nan,nan,nan,nan,nan,nan,nan,nan,nan,nan,nan,nan,nan,nan,nan,nan,nan,nan,nan,nan,nan
267,43962,0.5359566666666666,-0.12347712707519354,0.56,0,197,0.6345177664974619,0.025380710659898477,0.04568527918781726,0.04568527918781726,0.0,0.7055837563451777,0.15228426395939088,0.14213197969543148,4.0,0.0,0.07073232323232324,140.20454406738273,0.003962464692218206,0.8915545557490963,0.0,0.8367346938775511,0.14222222222222222,0.28444444444444444,0.4222222222222222,0.0037228739354759456,0.0032904204446822403,0.0037080681417137385,0.116625,nan,nan,nan,nan,nan,nan,nan,nan,nan,nan,nan,nan,nan,nan,nan,nan,nan,nan,nan,nan,nan,nan,nan,nan,nan,nan,nan,nan,nan,nan,nan,nan,nan,nan,nan,nan,nan,nan,nan,nan,nan,nan,nan,nan,nan,nan,nan,nan,nan,nan,nan
268,44145,0.534025,-1.194947206735609,0.4444444444444444,0,183,0.5409836065573771,0.08196721311475409,0.06557377049180328,0.07650273224043716,0.0,0.6885245901639344,0.15846994535519127,0.15300546448087432,30.0,0.1366120218579235,0.059722222222222204,120.06616387367218,0.003664646106816128,0.8245453740336288,0.0,0.6744186046511628,0.1511111111111111,0.25333333333333335,0.36444444444444446,0.0034475637366995215,0.0030083609512075783,0.003769980918150395,0.11649999999999999,nan,nan,nan,nan,nan,nan,nan,nan,nan,nan,nan,nan,nan,nan,nan,nan,nan,nan,nan,nan,nan,nan,nan,nan,nan,nan,nan,nan,nan,nan,nan,nan,nan,nan,nan,nan,nan,nan,nan,nan,nan,nan,nan,nan,nan,nan,nan,nan,nan,nan,nan
269,44330,0.5320722222222223,-12.40240531778333,0.3688888888888889,0,185,0.44324324324324327,0.043243243243243246,0.14054054054054055,0.14054054054054055,0.005405405405405406,0.6270270270270271,0.1945945945945946,0.1783783783783784,41.0,0.22162162162162163,0.04722222222222222,130.30862207412707,0.0027967792049640996,0.6292753211169224,0.0,0.5348837209302325,0.1288888888888889,0.18222222222222223,0.31555555555555553,0.003788068005815148,0.0032943322556093337,0.004242627206258476,0.116375,nan,nan,nan,nan,nan,nan,nan,nan,nan,nan,nan,nan,nan,nan,nan,nan,nan,nan,nan,nan,nan,nan,nan,nan,nan,nan,nan,nan,nan,nan,nan,nan,nan,nan,nan,nan,nan,nan,nan,nan,nan,nan,nan,nan,nan,nan,nan,nan,nan,nan,nan
270,44533,0.5299294444444445,-2.417028908252716,0.5111111111111111,0,203,0.5615763546798029,0.03940886699507389,0.09359605911330049,0.07881773399014778,0.0,0.6945812807881774,0.1724137931034483,0.1330049261083744,9.0,0.07881773399014778,0.05629629629629629,140.75265626907301,0.00359969523912988,0.8099314288042231,0.0,0.6521739130434783,0.16444444444444445,0.3377777777777778,0.4177777777777778,0.0036940697813406588,0.0031837846618145704,0.004389549396000803,0.11624999999999999,nan,nan,nan,nan,nan,nan,nan,nan,nan,nan,nan,nan,nan,nan,nan,nan,nan,nan,nan,nan,nan,nan,nan,nan,nan,nan,nan,nan,nan,nan,nan,nan,nan,nan,nan,nan,nan,nan,nan,nan,nan,nan,nan,nan,nan,nan,nan,nan,nan,nan,nan
271,44728,0.5278711111111112,0.14102046728134,0.5022222222222222,0,195,0.5743589743589743,0.08717948717948718,0.020512820512820513,0.03076923076923077,0.0,0.6820512820512821,0.19487179487179487,0.12307692307692308,21.0,0.08717948717948718,0.06305555555555556,130.32361459732027,0.00381955165467006,0.8593991223007634,0.0,0.7678571428571429,0.1688888888888889,0.31555555555555553,0.4577777777777778,0.003548373095691204,0.0031105338362976908,0.0037704135989770292,0.116125,nan,nan,nan,nan,nan,nan,nan,nan,nan,nan,nan,nan,nan,nan,nan,nan,nan,nan,nan,nan,nan,nan,nan,nan,nan,nan,nan,nan,nan,nan,nan,nan,nan,nan,nan,nan,nan,nan,nan,nan,nan,nan,nan,nan,nan,nan,nan,nan,nan,nan,nan
272,44920,0.5258444444444444,0.7247462563514724,0.5644444444444444,0,192,0.65625,0.078125,0.010416666666666666,0.026041666666666668,0.0,0.7447916666666666,0.125,0.13020833333333334,6.0,0.005208333333333333,0.07287581699346404,140.07860708236686,0.003997755343688686,0.8994949523299545,0.0,0.8409090909090909,0.16,0.31555555555555553,0.4533333333333333,0.0035499674268066883,0.0030953124864026905,0.003919439530000091,0.11599999999999999,nan,nan,nan,nan,nan,nan,nan,nan,nan,nan,nan,nan,nan,nan,nan,nan,nan,nan,nan,nan,nan,nan,nan,nan,nan,nan,nan,nan,nan,nan,nan,nan,nan,nan,nan,nan,nan,nan,nan,nan,nan,nan,nan,nan,nan,nan,nan,nan,nan,nan,nan
273,45122,0.5237122222222222,0.7671625373363495,0.56,0,202,0.6188118811881188,0.0891089108910891,0.019801980198019802,0.0297029702970297,0.0,0.7277227722772277,0.12376237623762376,0.1485148514851485,7.0,0.01485148514851485,0.06740740740740744,140.1032139301298,0.003965330558602417,0.8921993756855437,0.0049504950495049506,0.7959183673469388,0.1688888888888889,0.32,0.4488888888888889,0.0037940988084301354,0.0032034475123509766,0.005097314389422536,0.115875,nan,nan,nan,nan,nan,nan,nan,nan,nan,nan,nan,nan,nan,nan,nan,nan,nan,nan,nan,nan,nan,nan,nan,nan,nan,nan,nan,nan,nan,nan,nan,nan,nan,nan,nan,nan,nan,nan,nan,nan,nan,nan,nan,nan,nan,nan,nan,nan,nan,nan,nan
274,45296,0.5218755555555556,-2.23727621102333,0.44,0,174,0.5632183908045977,0.06321839080459771,0.05172413793103448,0.09770114942528736,0.011494252873563218,0.6781609195402298,0.19540229885057472,0.12643678160919541,23.0,0.10344827586206896,0.062248677248677255,120.17405915260294,0.0036243725029081833,0.8154838131543412,0.005747126436781609,0.6578947368421053,0.16444444444444445,0.32,0.43555555555555553,0.0034477732144296168,0.002918219496496022,0.004574978142045438,0.11574999999999999,nan,nan,nan,nan,nan,nan,nan,nan,nan,nan,nan,nan,nan,nan,nan,nan,nan,nan,nan,nan,nan,nan,nan,nan,nan,nan,nan,nan,nan,nan,nan,nan,nan,nan,nan,nan,nan,nan,nan,nan,nan,nan,nan,nan,nan,nan,nan,nan,nan,nan,nan
275,45506,0.5196588888888889,0.2184020800590527,0.5377777777777778,0,210,0.5714285714285714,0.10476190476190476,0.04285714285714286,0.0380952380952381,0.0,0.719047619047619,0.13333333333333333,0.14761904761904762,23.0,0.12380952380952381,0.06370370370370372,140.15807542800871,0.00380522728857872,0.856176139930212,0.004761904761904762,0.7450980392156863,0.17333333333333334,0.28444444444444444,0.3511111111111111,0.0036267375340685248,0.003183876979164779,0.0038301454624161124,0.115625,nan,nan,nan,nan,nan,nan,nan,nan,nan,nan,nan,nan,nan,nan,nan,nan,nan,nan,nan,nan,nan,nan,nan,nan,nan,nan,nan,nan,nan,nan,nan,nan,nan,nan,nan,nan,nan,nan,nan,nan,nan,nan,nan,nan,nan,nan,nan,nan,nan,nan,nan
276,45729,0.517305,-1.736522295475006,0.5288888888888889,0,223,0.5291479820627802,0.11210762331838565,0.04932735426008968,0.053811659192825115,0.0,0.6905829596412556,0.14798206278026907,0.16143497757847533,39.0,0.16591928251121077,0.058486312399355866,150.46211709976217,0.0034855580564290317,0.7842505626965321,0.0,0.5964912280701754,0.1688888888888889,0.3244444444444444,0.4266666666666667,0.0031474838498979805,0.0026076237438246606,0.004674113658256829,0.11549999999999999,nan,nan,nan,nan,nan,nan,nan,nan,nan,nan,nan,nan,nan,nan,nan,nan,nan,nan,nan,nan,nan,nan,nan,nan,nan,nan,nan,nan,nan,nan,nan,nan,nan,nan,nan,nan,nan,nan,nan,nan,nan,nan,nan,nan,nan,nan,nan,nan,nan,nan,nan
277,45946,0.5150144444444444,-0.30631244182586637,0.5733333333333334,0,217,0.5898617511520737,0.14285714285714285,0.0,0.03225806451612903,0.0,0.7327188940092166,0.11981566820276497,0.14746543778801843,9.0,0.059907834101382486,0.06483660130718955,160.7077375411988,0.003539897316661865,0.7964768962489196,0.0,0.7058823529411765,0.17333333333333334,0.3333333333333333,0.4488888888888889,0.003239505528472364,0.002773221815004945,0.004041462787427008,0.115375,nan,nan,nan,nan,nan,nan,nan,nan,nan,nan,nan,nan,nan,nan,nan,nan,nan,nan,nan,nan,nan,nan,nan,nan,nan,nan,nan,nan,nan,nan,nan,nan,nan,nan,nan,nan,nan,nan,nan,nan,nan,nan,nan,nan,nan,nan,nan,nan,nan,nan,nan
278,46176,0.5125866666666667,-1.49564493227005,0.5644444444444444,0,230,0.5478260869565217,0.1,0.06086956521739131,0.06521739130434782,0.0,0.7086956521739131,0.1608695652173913,0.13043478260869565,49.0,0.19130434782608696,0.05600000000000001,160.38709459304854,0.0034915527425750333,0.7855993670793826,0.0,0.5769230769230769,0.1511111111111111,0.31555555555555553,0.4711111111111111,0.0033048106823116543,0.00279905388597399,0.0043883454520255325,0.11524999999999999,nan,nan,nan,nan,nan,nan,nan,nan,nan,nan,nan,nan,nan,nan,nan,nan,nan,nan,nan,nan,nan,nan,nan,nan,nan,nan,nan,nan,nan,nan,nan,nan,nan,nan,nan,nan,nan,nan,nan,nan,nan,nan,nan,nan,nan,nan,nan,nan,nan,nan,nan
279,46379,0.5104438888888889,-3.4712109088897707,0.4533333333333333,0,203,0.4975369458128079,0.07389162561576355,0.054187192118226604,0.11822660098522167,0.0,0.625615763546798,0.21182266009852216,0.1625615763546798,19.0,0.10344827586206896,0.05349794238683125,140.74486579895034,0.003189380204675549,0.7176105460519985,0.019704433497536946,0.75,0.1688888888888889,0.26222222222222225,0.36444444444444446,0.0036878449143841864,0.0032214505830779673,0.004051199089735747,0.115125,nan,nan,nan,nan,nan,nan,nan,nan,nan,nan,nan,nan,nan,nan,nan,nan,nan,nan,nan,nan,nan,nan,nan,nan,nan,nan,nan,nan,nan,nan,nan,nan,nan,nan,nan,nan,nan,nan,nan,nan,nan,nan,nan,nan,nan,nan,nan,nan,nan,nan,nan
280,46565,0.5084805555555556,-1.0495054936408974,0.48444444444444446,0,186,0.5806451612903226,0.07526881720430108,0.03225806451612903,0.053763440860215055,0.005376344086021506,0.6881720430107527,0.15053763440860216,0.16129032258064516,9.0,0.03225806451612903,0.06353535353535354,130.5095761299131,0.0036778910347712245,0.8275254828235254,0.005376344086021506,0.7916666666666666,0.17333333333333334,0.28888888888888886,0.37777777777777777,0.0036037216195836663,0.0031172149116173386,0.004230492818169296,0.11499999999999999,-19.41118500640392,0.5293333333333333,0.3,206.8,0.1,0.9,0.5813707246624749,0.12943262579717651,0.0009853866207457367,0.10847700578788477,0.0,0.711788737080397,0.1012880557734674,0.18692320714613556,43.7,0.20094049198461206,0.061305860523221636,142.04176196575162,0.0036841078352232866,0.8289242629252394,0.0,0.6209020772665943,0.19244444444444445,0.35733333333333334,0.4688888888888889,0.7059638808250398,0.5413333333333332,0.0,184.5,0.0,1.0,0.65714893179235,0.1175538603151997,0.0,0.03377273640597322,0.0,0.7747027921075496,0.090613624568379,0.13468358332407132,18.8,0.08249328087605534,0.07113524653017407,136.30986780166612,0.00394022672054939,0.8865510121236128,0.0,0.7147538450326092,0.19377777777777777,0.3577777777777778,0.48098765432098767,0.9475847871635669
281,46758,0.5064433333333334,0.3227088961601263,0.5422222222222223,0,193,0.6269430051813472,0.07253886010362694,0.05181347150259067,0.05181347150259067,0.0051813471502590676,0.7512953367875648,0.10880829015544041,0.13989637305699482,15.0,0.06735751295336788,0.06873456790123458,130.75515336990324,0.004112861053027999,0.9253937369312998,0.0,0.7894736842105263,0.17333333333333334,0.3244444444444444,0.43555555555555553,0.0032596369506791233,0.0027166393119841814,0.0047268562484532595,0.114875,nan,nan,nan,nan,nan,nan,nan,nan,nan,nan,nan,nan,nan,nan,nan,nan,nan,nan,nan,nan,nan,nan,nan,nan,nan,nan,nan,nan,nan,nan,nan,nan,nan,nan,nan,nan,nan,nan,nan,nan,nan,nan,nan,nan,nan,nan,nan,nan,nan,nan,nan
282,46948,0.5044377777777778,-0.44060740208625937,0.5422222222222223,0,190,0.6368421052631579,0.07368421052631578,0.031578947368421054,0.04736842105263158,0.0,0.7421052631578947,0.11578947368421053,0.14210526315789473,15.0,0.07894736842105263,0.0675925925925926,140.6724514484406,0.0038229075575247555,0.86015420044307,0.010526315789473684,0.675,0.1688888888888889,0.3333333333333333,0.49333333333333335,0.0036502919625490903,0.0032439174596220256,0.003541390225291252,0.11474999999999999,nan,nan,nan,nan,nan,nan,nan,nan,nan,nan,nan,nan,nan,nan,nan,nan,nan,nan,nan,nan,nan,nan,nan,nan,nan,nan,nan,nan,nan,nan,nan,nan,nan,nan,nan,nan,nan,nan,nan,nan,nan,nan,nan,nan,nan,nan,nan,nan,nan,nan,nan
283,47147,0.5023372222222222,-0.10876365804672172,0.5288888888888889,0,199,0.592964824120603,0.11055276381909548,0.020100502512562814,0.04020100502512563,0.0,0.7236180904522613,0.1407035175879397,0.135678391959799,22.0,0.08542713567839195,0.06578703703703703,140.4263205528258,0.0037346591606176706,0.8402983111389759,0.005025125628140704,0.723404255319149,0.18222222222222223,0.29333333333333333,0.44,0.005286009283736348,0.00446592706721276,0.007154479529708624,0.114625,nan,nan,nan,nan,nan,nan,nan,nan,nan,nan,nan,nan,nan,nan,nan,nan,nan,nan,nan,nan,nan,nan,nan,nan,nan,nan,nan,nan,nan,nan,nan,nan,nan,nan,nan,nan,nan,nan,nan,nan,nan,nan,nan,nan,nan,nan,nan,nan,nan,nan,nan
284,47352,0.5001733333333334,0.818934423208237,0.5733333333333334,0,205,0.624390243902439,0.05853658536585366,0.00975609756097561,0.05853658536585366,0.004878048780487805,0.6926829268292682,0.16585365853658537,0.14146341463414633,7.0,0.00975609756097561,0.07111111111111111,140.34348168373091,0.004053546926895404,0.912048058551466,0.0,0.8823529411764706,0.16444444444444445,0.31555555555555553,0.4533333333333333,0.0056847443105652925,0.005019446765072644,0.005810458492487669,0.11449999999999999,nan,nan,nan,nan,nan,nan,nan,nan,nan,nan,nan,nan,nan,nan,nan,nan,nan,nan,nan,nan,nan,nan,nan,nan,nan,nan,nan,nan,nan,nan,nan,nan,nan,nan,nan,nan,nan,nan,nan,nan,nan,nan,nan,nan,nan,nan,nan,nan,nan,nan,nan
285,47546,0.4981255555555556,-0.2146861498355872,0.5466666666666666,0,194,0.6288659793814433,0.05670103092783505,0.041237113402061855,0.04639175257731959,0.0,0.7268041237113402,0.12371134020618557,0.14948453608247422,8.0,0.030927835051546393,0.06900584795321638,140.7208204746246,0.0038531769527310146,0.8669648143644784,0.0,0.813953488372093,0.17333333333333334,0.32,0.4666666666666667,0.0044097029604017735,0.003658867464400828,0.006564682116732001,0.114375,nan,nan,nan,nan,nan,nan,nan,nan,nan,nan,nan,nan,nan,nan,nan,nan,nan,nan,nan,nan,nan,nan,nan,nan,nan,nan,nan,nan,nan,nan,nan,nan,nan,nan,nan,nan,nan,nan,nan,nan,nan,nan,nan,nan,nan,nan,nan,nan,nan,nan,nan
286,47731,0.4961727777777778,-2.398816809177397,0.4711111111111111,0,185,0.5675675675675675,0.08108108108108109,0.04864864864864865,0.05405405405405406,0.0,0.6972972972972973,0.12972972972972974,0.17297297297297298,15.0,0.07027027027027027,0.0625,140.1792077064514,0.0033290719380003283,0.7490411860500739,0.0,0.7333333333333333,0.16444444444444445,0.31555555555555553,0.4088888888888889,0.0038026646710932256,0.0032655919436365365,0.004700855305418372,0.11424999999999999,nan,nan,nan,nan,nan,nan,nan,nan,nan,nan,nan,nan,nan,nan,nan,nan,nan,nan,nan,nan,nan,nan,nan,nan,nan,nan,nan,nan,nan,nan,nan,nan,nan,nan,nan,nan,nan,nan,nan,nan,nan,nan,nan,nan,nan,nan,nan,nan,nan,nan,nan
287,47857,0.49484277777777774,-2.4519184937477103,0.3111111111111111,0,126,0.5476190476190477,0.047619047619047616,0.06349206349206349,0.07142857142857142,0.007936507936507936,0.6587301587301587,0.15079365079365079,0.19047619047619047,20.0,0.11904761904761904,0.068888888888889,90.91350946426394,0.0033731693834480173,0.7589631112758038,0.0,0.7941176470588235,0.16,0.28888888888888886,nan,0.004573614569380879,0.004055727529339493,0.004537892807275057,0.114125,nan,nan,nan,nan,nan,nan,nan,nan,nan,nan,nan,nan,nan,nan,nan,nan,nan,nan,nan,nan,nan,nan,nan,nan,nan,nan,nan,nan,nan,nan,nan,nan,nan,nan,nan,nan,nan,nan,nan,nan,nan,nan,nan,nan,nan,nan,nan,nan,nan,nan,nan
288,48061,0.4926894444444445,-6.4050500659942635,0.38222222222222224,0,204,0.4166666666666667,0.12254901960784313,0.09313725490196079,0.12745098039215685,0.0,0.6323529411764706,0.20588235294117646,0.16176470588235295,82.0,0.4019607843137255,0.041975308641975316,140.10523872375487,0.00269638581125893,0.6066868075332592,0.004901960784313725,0.3877551020408163,0.19111111111111112,0.32,0.38222222222222224,0.0042378624435514215,0.0036946817068383097,0.004764743451960385,0.11399999999999999,nan,nan,nan,nan,nan,nan,nan,nan,nan,nan,nan,nan,nan,nan,nan,nan,nan,nan,nan,nan,nan,nan,nan,nan,nan,nan,nan,nan,nan,nan,nan,nan,nan,nan,nan,nan,nan,nan,nan,nan,nan,nan,nan,nan,nan,nan,nan,nan,nan,nan,nan
289,48280,0.4903777777777778,-1.1648389575481413,0.5511111111111111,0,219,0.5616438356164384,0.0867579908675799,0.0319634703196347,0.0730593607305936,0.0,0.680365296803653,0.1689497716894977,0.1506849315068493,27.0,0.1643835616438356,0.062144249512670564,150.24608530998242,0.003638475275670599,0.8186569370258848,0.0045662100456621,0.7222222222222222,0.18222222222222223,0.3377777777777778,0.4711111111111111,0.00411467794328928,0.0035070508252829312,0.0053359130397439,0.113875,nan,nan,nan,nan,nan,nan,nan,nan,nan,nan,nan,nan,nan,nan,nan,nan,nan,nan,nan,nan,nan,nan,nan,nan,nan,nan,nan,nan,nan,nan,nan,nan,nan,nan,nan,nan,nan,nan,nan,nan,nan,nan,nan,nan,nan,nan,nan,nan,nan,nan,nan
290,48437,0.4887205555555555,-0.5488962826728809,0.4177777777777778,0,157,0.5923566878980892,0.10191082802547771,0.01910828025477707,0.03821656050955414,0.006369426751592357,0.7133757961783439,0.1464968152866242,0.14012738853503184,18.0,0.08917197452229299,0.05904761904761906,110.06567888259862,0.0037553335202176394,0.8449500420489688,0.0,0.6578947368421053,0.18666666666666668,0.3377777777777778,0.4177777777777778,0.0035802209516987205,0.0031642163405194877,0.0036571829579770563,0.11374999999999999,nan,nan,nan,nan,nan,nan,nan,nan,nan,nan,nan,nan,nan,nan,nan,nan,nan,nan,nan,nan,nan,nan,nan,nan,nan,nan,nan,nan,nan,nan,nan,nan,nan,nan,nan,nan,nan,nan,nan,nan,nan,nan,nan,nan,nan,nan,nan,nan,nan,nan,nan
291,48672,0.4862400000000001,1.4501244921684133,0.6666666666666666,0,235,0.6340425531914894,0.06382978723404255,0.02553191489361702,0.05531914893617021,0.0,0.723404255319149,0.16595744680851063,0.11063829787234042,8.0,0.029787234042553193,0.06888888888888889,160.33214769363386,0.004130314673309377,0.9293208014946099,0.0,0.75,0.18222222222222223,0.3422222222222222,0.4622222222222222,0.0035411699675023554,0.0029818839859217404,0.004922208457719535,0.113625,nan,nan,nan,nan,nan,nan,nan,nan,nan,nan,nan,nan,nan,nan,nan,nan,nan,nan,nan,nan,nan,nan,nan,nan,nan,nan,nan,nan,nan,nan,nan,nan,nan,nan,nan,nan,nan,nan,nan,nan,nan,nan,nan,nan,nan,nan,nan,nan,nan,nan,nan
292,48803,0.48485722222222216,0.841371730804445,0.4533333333333333,0,131,0.7709923664122137,0.030534351145038167,0.015267175572519083,0.007633587786259542,0.007633587786259542,0.816793893129771,0.0916030534351145,0.0916030534351145,3.0,0.0,0.08654320987654318,100.26312637329086,0.004477108435833381,1.0073493980625108,0.0,0.8695652173913043,0.17777777777777778,0.3422222222222222,nan,0.003503792267292738,0.0031258306466042996,0.0033300583600066602,0.11349999999999999,nan,nan,nan,nan,nan,nan,nan,nan,nan,nan,nan,nan,nan,nan,nan,nan,nan,nan,nan,nan,nan,nan,nan,nan,nan,nan,nan,nan,nan,nan,nan,nan,nan,nan,nan,nan,nan,nan,nan,nan,nan,nan,nan,nan,nan,nan,nan,nan,nan,nan,nan
293,48989,0.48289388888888884,-0.5117473223209384,0.49777777777777776,0,186,0.5967741935483871,0.06451612903225806,0.05913978494623656,0.043010752688172046,0.0,0.7204301075268817,0.16129032258064516,0.11827956989247312,28.0,0.12365591397849462,0.06661616161616161,130.19759354591346,0.003789112531940631,0.852550319686642,0.0,0.6976744186046512,0.18666666666666668,0.3333333333333333,0.4444444444444444,0.004029463487677276,0.0036823616595938803,0.003061537747271359,0.113375,nan,nan,nan,nan,nan,nan,nan,nan,nan,nan,nan,nan,nan,nan,nan,nan,nan,nan,nan,nan,nan,nan,nan,nan,nan,nan,nan,nan,nan,nan,nan,nan,nan,nan,nan,nan,nan,nan,nan,nan,nan,nan,nan,nan,nan,nan,nan,nan,nan,nan,nan
294,49161,0.4810783333333334,-3.1976124398708334,0.3688888888888889,0,172,0.47674418604651164,0.13372093023255813,0.046511627906976744,0.0755813953488372,0.005813953488372093,0.6569767441860465,0.16279069767441862,0.18023255813953487,50.0,0.27325581395348836,0.052063492063492055,120.72011847496019,0.0030189205332832544,0.6792571199887322,0.011627906976744186,0.5652173913043478,0.18666666666666668,0.30666666666666664,0.3688888888888889,0.0034930552123114468,0.0029933902900666,0.004412051918916404,0.11324999999999999,nan,nan,nan,nan,nan,nan,nan,nan,nan,nan,nan,nan,nan,nan,nan,nan,nan,nan,nan,nan,nan,nan,nan,nan,nan,nan,nan,nan,nan,nan,nan,nan,nan,nan,nan,nan,nan,nan,nan,nan,nan,nan,nan,nan,nan,nan,nan,nan,nan,nan,nan
295,49369,0.4788827777777779,-1.2483049292564379,0.5288888888888889,0,208,0.5673076923076923,0.09615384615384616,0.03365384615384615,0.0625,0.0,0.6971153846153846,0.14423076923076922,0.15865384615384615,25.0,0.13942307692307693,0.05932098765432096,150.2886183738708,0.0034895819132476926,0.7851559304807308,0.0,0.72,0.16,0.32,0.4577777777777778,0.003262220765464008,0.0027777792420238256,0.004282356007024646,0.113125,nan,nan,nan,nan,nan,nan,nan,nan,nan,nan,nan,nan,nan,nan,nan,nan,nan,nan,nan,nan,nan,nan,nan,nan,nan,nan,nan,nan,nan,nan,nan,nan,nan,nan,nan,nan,nan,nan,nan,nan,nan,nan,nan,nan,nan,nan,nan,nan,nan,nan,nan
296,49607,0.47637055555555563,0.9008490183353364,0.64,0,238,0.6008403361344538,0.08403361344537816,0.03361344537815126,0.0546218487394958,0.0,0.7184873949579832,0.13025210084033614,0.15126050420168066,8.0,0.03361344537815126,0.06642735042735043,160.2966760158542,0.0039648704599008384,0.8920958534776887,0.0,0.7777777777777778,0.16444444444444445,0.3111111111111111,0.43555555555555553,0.003281056648120284,0.0029262932133860887,0.003139499784447253,0.11299999999999999,nan,nan,nan,nan,nan,nan,nan,nan,nan,nan,nan,nan,nan,nan,nan,nan,nan,nan,nan,nan,nan,nan,nan,nan,nan,nan,nan,nan,nan,nan,nan,nan,nan,nan,nan,nan,nan,nan,nan,nan,nan,nan,nan,nan,nan,nan,nan,nan,nan,nan,nan
297,49805,0.4742805555555556,-0.5153307466506961,0.5244444444444445,0,198,0.5909090909090909,0.07575757575757576,0.020202020202020204,0.06565656565656566,0.0,0.6868686868686869,0.1717171717171717,0.1414141414141414,8.0,0.020202020202020204,0.06577294685990338,140.30791187286377,0.0037061345512089438,0.8338802740220124,0.0,0.7959183673469388,0.15555555555555556,0.28,0.4,0.003673318913206458,0.0032316306373104454,0.00391307428944856,0.112875,nan,nan,nan,nan,nan,nan,nan,nan,nan,nan,nan,nan,nan,nan,nan,nan,nan,nan,nan,nan,nan,nan,nan,nan,nan,nan,nan,nan,nan,nan,nan,nan,nan,nan,nan,nan,nan,nan,nan,nan,nan,nan,nan,nan,nan,nan,nan,nan,nan,nan,nan
298,49936,0.47289777777777775,-3.8375842151641884,0.28444444444444444,0,131,0.48091603053435117,0.06870229007633588,0.061068702290076333,0.16030534351145037,0.007633587786259542,0.6106870229007634,0.17557251908396945,0.21374045801526717,33.0,0.2748091603053435,0.058395061728395044,90.3484210968017,0.0030991133724406826,0.6973005087991535,0.007633587786259542,0.6333333333333333,0.12,0.17333333333333334,nan,0.003174695582129061,0.002807459398172796,0.003257083473727107,0.11274999999999999,nan,nan,nan,nan,nan,nan,nan,nan,nan,nan,nan,nan,nan,nan,nan,nan,nan,nan,nan,nan,nan,nan,nan,nan,nan,nan,nan,nan,nan,nan,nan,nan,nan,nan,nan,nan,nan,nan,nan,nan,nan,nan,nan,nan,nan,nan,nan,nan,nan,nan,nan
299,50073,0.4714516666666667,-2.9315430235862774,0.37333333333333335,0,137,0.6058394160583942,0.051094890510948905,0.029197080291970802,0.13138686131386862,0.0072992700729927005,0.6861313868613139,0.13138686131386862,0.18248175182481752,18.0,0.1386861313868613,0.06790123456790124,100.6623145103453,0.003664617594809797,0.8245389588322043,0.0,0.8,0.13777777777777778,0.24444444444444444,nan,0.00356139347422868,0.003004093584604561,0.004948278074152768,0.112625,nan,nan,nan,nan,nan,nan,nan,nan,nan,nan,nan,nan,nan,nan,nan,nan,nan,nan,nan,nan,nan,nan,nan,nan,nan,nan,nan,nan,nan,nan,nan,nan,nan,nan,nan,nan,nan,nan,nan,nan,nan,nan,nan,nan,nan,nan,nan,nan,nan,nan,nan
300,50240,0.46968888888888893,-1.3324111101627323,0.4311111111111111,0,167,0.5748502994011976,0.08982035928143713,0.0718562874251497,0.03592814371257485,0.0,0.7365269461077845,0.12574850299401197,0.1377245508982036,17.0,0.11976047904191617,0.06095238095238096,120.38486771583531,0.003544188524373345,0.7974424179840026,0.0,0.6578947368421053,0.16,0.3333333333333333,0.4311111111111111,0.0035660203779116274,0.0030316683230921628,0.004749796050600707,0.11249999999999999,-49.72522747302055,0.4902222222222222,0.7,217.4,0.4,0.6,0.5230024326761986,0.08234173454973384,0.0005524861878453038,0.232411652513946,0.0,0.6058966534137776,0.07755758368014226,0.3165457629060801,70.7,0.28126837159646156,0.056368430335096996,134.9983568859099,0.003566129123833779,0.8023790528626001,0.0011049723756906076,0.7194433457881282,0.18977777777777777,0.3417777777777778,0.4502222222222222,-7.14189399008751,0.5755555555555556,0.0,195.2,0.0,1.0,0.6620168032539265,0.07582691919158878,0.0005681818181818182,0.08957516863358403,0.0,0.738411904263697,0.09470948977730351,0.1668786059589995,23.3,0.09196552771586224,0.07308533753551869,139.50184752464284,0.004079114585918068,0.9178007818315657,0.0,0.7909581149844308,0.18844444444444447,0.3542222222222222,0.48711111111111116,0.8856112358897142
