episode,global_step,epsilon,objective_reward,raw_game_reward,coverage,seen,phase_reached,length,new_tile_rate,max_revisit_streak,revisit_penalty_total,mean_loss,mean_q_loss,mean_imitation_loss,eval_coverage_mean,eval_seen_mean,eval_phase_reached_mean,eval_new_tile_rate_mean,eval_max_revisit_streak_mean,eval_revisit_penalty_total_mean,holdout_coverage_mean,holdout_seen_mean,holdout_phase_reached_mean,holdout_new_tile_rate_mean,holdout_max_revisit_streak_mean,holdout_revisit_penalty_total_mean
1,194,0.99612,89.17279372394151,-1.5373593869209286,0.4711111111111111,0.9822222222222222,1.0,194.0,0.5412371134020618,10.0,2.7142062760585937,0.0,0.0,0.0,0.0044444444444444444,0.11111111111111112,0.0,0.0,0.0,0.0,0.0044444444444444444,0.11111111111111112,0.0,0.0,0.0,0.0
2,368,0.99264,75.86019710050383,-1.6860771052837356,0.4177777777777778,0.9377777777777778,1.0,174.0,0.5344827586206896,13.0,4.686802899496092,0.0,0.0,0.0,nan,nan,nan,nan,nan,nan,nan,nan,nan,nan,nan,nan
3,515,0.9897,61.59393406925381,-0.9019668393135064,0.35555555555555557,0.84,1.0,147.0,0.5374149659863946,11.0,3.287065930746094,0.0,0.0,0.0,nan,nan,nan,nan,nan,nan,nan,nan,nan,nan,nan,nan
4,674,0.98652,89.51310053125007,0.45598731780052315,0.4666666666666667,1.0,1.0,159.0,0.6540880503144654,5.0,0.34389946875,0.0,0.0,0.0,nan,nan,nan,nan,nan,nan,nan,nan,nan,nan,nan,nan
5,833,0.98334,80.95584650156249,0.18901584959030315,0.44,0.9333333333333333,1.0,159.0,0.6163522012578616,6.0,0.7011534984375,0.0,0.0,0.0,nan,nan,nan,nan,nan,nan,nan,nan,nan,nan,nan,nan
6,1011,0.97978,101.0830750000002,1.1055907683372466,0.52,0.9822222222222222,1.0,178.0,0.651685393258427,3.0,0.290925,0.0,0.0,0.0,nan,nan,nan,nan,nan,nan,nan,nan,nan,nan,nan,nan
7,1201,0.97598,102.1326840692541,0.7161598792076123,0.5288888888888889,0.9422222222222222,1.0,190.0,0.6210526315789474,8.0,1.7323159307460934,0.0,0.0,0.0,nan,nan,nan,nan,nan,nan,nan,nan,nan,nan,nan,nan
8,1343,0.97314,66.9530658765624,-1.1481956930160524,0.36444444444444446,0.8488888888888889,1.0,142.0,0.5704225352112676,6.0,0.5929341234375,0.0,0.0,0.0,nan,nan,nan,nan,nan,nan,nan,nan,nan,nan,nan,nan
9,1488,0.97024,63.847065876562375,-1.595197566509247,0.3511111111111111,0.9466666666666667,1.0,145.0,0.5379310344827586,6.0,0.6229341234375,0.0,0.0,0.0,nan,nan,nan,nan,nan,nan,nan,nan,nan,nan,nan,nan
10,1638,0.96724,56.035280692691266,-1.1197429509162895,0.3511111111111111,1.0,1.0,150.0,0.52,20.0,7.2897193073085935,0.0,0.0,0.0,nan,nan,nan,nan,nan,nan,nan,nan,nan,nan,nan,nan
11,1828,0.96344,95.90056138538296,0.15363550162315542,0.5066666666666667,0.9911111111111112,1.0,190.0,0.5947368421052631,9.0,3.5494386146171863,0.0,0.0,0.0,nan,nan,nan,nan,nan,nan,nan,nan,nan,nan,nan,nan
12,1998,0.96004,98.92025000000014,0.1273077433109302,0.49777777777777776,1.0,1.0,170.0,0.6529411764705882,2.0,0.11474999999999999,0.0,0.0,0.0,nan,nan,nan,nan,nan,nan,nan,nan,nan,nan,nan,nan
13,2139,0.95722,67.71469312499991,-1.358053356409073,0.36444444444444446,0.9466666666666667,1.0,141.0,0.574468085106383,4.0,0.31330687500000004,0.0,0.0,0.0,nan,nan,nan,nan,nan,nan,nan,nan,nan,nan,nan,nan
14,2342,0.95316,79.98684201038279,-2.7487730281353002,0.4444444444444444,0.9866666666666667,1.0,203.0,0.4876847290640394,9.0,3.752157989617187,0.0,0.0,0.0,nan,nan,nan,nan,nan,nan,nan,nan,nan,nan,nan,nan
15,2520,0.9496,80.43394319269142,-1.297070486783982,0.44,0.9688888888888889,1.0,178.0,0.550561797752809,10.0,2.4250568073085934,0.0,0.0,0.0,nan,nan,nan,nan,nan,nan,nan,nan,nan,nan,nan,nan
16,2719,0.94562,95.67728069269162,-0.7072394270896898,0.49333333333333335,1.0,1.0,199.0,0.5527638190954773,9.0,1.8197193073085933,0.0,0.0,0.0,nan,nan,nan,nan,nan,nan,nan,nan,nan,nan,nan,nan
17,2884,0.94232,71.70084207807415,-1.807072531223297,0.4,0.9866666666666667,1.0,165.0,0.5393939393939394,8.0,3.7641579219257797,0.0,0.0,0.0,nan,nan,nan,nan,nan,nan,nan,nan,nan,nan,nan,nan
18,3059,0.93882,64.04912719425384,-3.314836985349655,0.35555555555555557,0.9822222222222222,1.0,175.0,0.4514285714285714,9.0,2.460872805746093,0.0,0.0,0.0,nan,nan,nan,nan,nan,nan,nan,nan,nan,nan,nan,nan
19,3207,0.93586,78.36950000000003,-0.40069225287437316,0.41333333333333333,0.9111111111111111,1.0,148.0,0.6216216216216216,2.0,0.09449999999999999,0.0,0.0,0.0,nan,nan,nan,nan,nan,nan,nan,nan,nan,nan,nan,nan
20,3390,0.9322,85.99953069269148,-0.8062839746475227,0.4533333333333333,0.9466666666666667,1.0,183.0,0.5519125683060109,8.0,1.359469307308593,1.1369501054286957,0.8845147490501404,1.0411136627197266,nan,nan,nan,nan,nan,nan,nan,nan,nan,nan,nan,nan
21,3547,0.92906,95.7832806250001,0.20852150082588472,0.49333333333333335,1.0,1.0,157.0,0.7006369426751592,4.0,0.217719375,0.6614787697792053,0.46311457455158234,0.8192879438400269,nan,nan,nan,nan,nan,nan,nan,nan,nan,nan,nan,nan
22,3684,0.92632,81.34591250000003,0.3984762241840367,0.4222222222222222,0.9555555555555556,1.0,137.0,0.6861313868613139,3.0,0.20508749999999998,0.6489864528179169,0.4525382578372955,0.8123960375785828,nan,nan,nan,nan,nan,nan,nan,nan,nan,nan,nan,nan
23,3921,0.9215800000000001,96.60028086452354,-0.9390622067451466,0.5244444444444445,1.0,1.0,237.0,0.4936708860759494,11.0,6.1007191354765595,0.6277546346187591,0.4372036010026932,0.7897288501262665,nan,nan,nan,nan,nan,nan,nan,nan,nan,nan,nan,nan
24,4082,0.91836,84.8655613176914,-0.3831058268547046,0.4533333333333333,0.9866666666666667,1.0,161.0,0.6273291925465838,8.0,1.5074386823085932,0.6382624268531799,0.4483156830072403,0.7883933782577515,nan,nan,nan,nan,nan,nan,nan,nan,nan,nan,nan,nan
25,4216,0.91568,67.19666249999993,-1.4077249915599823,0.37333333333333335,0.9244444444444444,1.0,134.0,0.6194029850746269,3.0,0.16533749999999997,0.627574110031128,0.43702584505081177,0.7918687462806702,0.035555555555555556,0.22222222222222224,0.0,0.06423526052533034,0.0,0.0,0.035555555555555556,0.22222222222222224,0.0,0.07247985451095265,0.0,0.0
26,4360,0.9128000000000001,73.07465337656245,-0.1782518877983077,0.4088888888888889,1.0,1.0,144.0,0.6319444444444444,6.0,0.5123466234374999,0.5918222725391388,0.3990635216236115,0.8021216273307801,nan,nan,nan,nan,nan,nan,nan,nan,nan,nan,nan,nan
27,4503,0.90994,71.40629365624996,-0.5742468006610858,0.38666666666666666,1.0,1.0,143.0,0.6013986013986014,5.0,0.5177063437499999,0.6014644205570221,0.4149011939764023,0.7773683249950409,nan,nan,nan,nan,nan,nan,nan,nan,nan,nan,nan,nan
28,4642,0.90716,68.63369312499997,-1.426759926795958,0.37333333333333335,0.9644444444444444,1.0,139.0,0.5971223021582733,4.0,0.29830687499999997,0.5538256227970123,0.367262265086174,0.77837073802948,nan,nan,nan,nan,nan,nan,nan,nan,nan,nan,nan,nan
29,4796,0.90408,59.22922765781238,-1.3644079287052147,0.3333333333333333,0.96,1.0,154.0,0.4805194805194805,6.0,1.1877723421874997,0.565809714794159,0.3762704163789749,0.7919174373149872,nan,nan,nan,nan,nan,nan,nan,nan,nan,nan,nan,nan
30,4970,0.9006,88.16406587656259,0.08415084743499857,0.4666666666666667,0.96,1.0,174.0,0.5977011494252874,6.0,0.6679341234374998,0.5509275555610657,0.3610231876373291,0.7947267413139343,nan,nan,nan,nan,nan,nan,nan,nan,nan,nan,nan,nan
31,5101,0.89798,51.39554365624994,-3.0577085566520683,0.29777777777777775,0.8444444444444444,1.0,131.0,0.5038167938931297,5.0,0.58745634375,0.5359631091356277,0.34168274998664855,0.8140313684940338,nan,nan,nan,nan,nan,nan,nan,nan,nan,nan,nan,nan
32,5262,0.89476,72.10650390781242,-1.6132741036415097,0.41333333333333333,0.92,1.0,161.0,0.5714285714285714,6.0,0.8314960921875,0.5302371025085449,0.3376003444194794,0.8083565533161163,nan,nan,nan,nan,nan,nan,nan,nan,nan,nan,nan,nan
33,5397,0.89206,57.33150906925382,-1.970652873516082,0.3288888888888889,0.9955555555555555,1.0,135.0,0.5407407407407407,11.0,3.3634909307460936,0.4901626884937286,0.29639015197753904,0.8141475558280945,nan,nan,nan,nan,nan,nan,nan,nan,nan,nan,nan,nan
34,5563,0.88874,91.60472837656258,0.4405717267990119,0.48,0.9466666666666667,1.0,166.0,0.6445783132530121,6.0,0.7582716234374999,0.4548022925853729,0.26159896701574326,0.8130160629749298,nan,nan,nan,nan,nan,nan,nan,nan,nan,nan,nan,nan
35,5691,0.88618,74.61312807132812,-0.2409623270034783,0.4,0.8888888888888888,1.0,128.0,0.6953125,7.0,0.8558719286718748,0.4309461236000061,0.24424943923950196,0.7865770578384399,nan,nan,nan,nan,nan,nan,nan,nan,nan,nan,nan,nan
36,5829,0.88342,63.32013631769131,-0.990738936901092,0.36,0.9555555555555556,1.0,138.0,0.5797101449275363,8.0,1.5838636823085932,0.4391736537218094,0.24679403454065324,0.811568534374237,nan,nan,nan,nan,nan,nan,nan,nan,nan,nan,nan,nan
37,5997,0.88006,70.09100451038279,-1.1343704986572254,0.40444444444444444,0.8,1.0,168.0,0.5357142857142857,12.0,5.747995489617186,0.4312192738056183,0.24315099269151688,0.7946323156356812,nan,nan,nan,nan,nan,nan,nan,nan,nan,nan,nan,nan
38,6137,0.87726,76.24644312499994,-0.027587971687315083,0.4,1.0,1.0,140.0,0.6357142857142857,4.0,0.33355687500000003,0.4247270107269287,0.237179796397686,0.793473744392395,nan,nan,nan,nan,nan,nan,nan,nan,nan,nan,nan,nan
39,6278,0.87444,73.75706124999998,-0.625754753112792,0.39111111111111113,0.9911111111111112,1.0,141.0,0.6170212765957447,4.0,0.34093875,0.42395853996276855,0.2340835824608803,0.8043882668018341,nan,nan,nan,nan,nan,nan,nan,nan,nan,nan,nan,nan
40,6418,0.87164,57.06519319269129,-2.017814725875854,0.3288888888888889,0.92,1.0,140.0,0.5214285714285715,9.0,1.9348068073085933,0.41877191364765165,0.2250722423195839,0.8216743409633637,nan,nan,nan,nan,nan,nan,nan,nan,nan,nan,nan,nan
41,6554,0.86892,63.347956223941296,-1.07244485425949,0.35555555555555557,0.9333333333333333,1.0,136.0,0.5808823529411765,8.0,1.6950437760585935,0.4285200148820877,0.23022547215223313,0.8422455072402955,nan,nan,nan,nan,nan,nan,nan,nan,nan,nan,nan,nan
42,6690,0.8662,54.13974531925388,-1.9597696342468245,0.32,0.9733333333333334,1.0,136.0,0.5220588235294118,13.0,4.483254680746093,0.42719054520130156,0.2297770455479622,0.8395811021327972,nan,nan,nan,nan,nan,nan,nan,nan,nan,nan,nan,nan
43,6813,0.86374,41.71340876401948,-3.2665170583724974,0.27555555555555555,0.8622222222222222,1.0,123.0,0.4959349593495935,11.0,3.600591235980468,0.43246151208877565,0.2286524549126625,0.8677895367145538,nan,nan,nan,nan,nan,nan,nan,nan,nan,nan,nan,nan
44,6975,0.8605,75.60569319269146,0.21078966283798328,0.43555555555555553,0.9644444444444444,1.0,162.0,0.5987654320987654,11.0,2.9153068073085935,0.42090465128421783,0.22679345011711122,0.8277663111686706,nan,nan,nan,nan,nan,nan,nan,nan,nan,nan,nan,nan
45,7149,0.85702,94.50778069269153,0.7032101745605459,0.49333333333333335,1.0,1.0,174.0,0.632183908045977,8.0,1.3542193073085935,0.4117665201425552,0.22468258142471315,0.7991169691085815,nan,nan,nan,nan,nan,nan,nan,nan,nan,nan,nan,nan
46,7287,0.85426,68.20366249999991,-1.3280743653774265,0.37777777777777777,1.0,1.0,138.0,0.6086956521739131,3.0,0.15033749999999999,0.3982138246297836,0.20666105300188065,0.8192784786224365,nan,nan,nan,nan,nan,nan,nan,nan,nan,nan,nan,nan
47,7464,0.85072,86.38810053125007,-0.5162797636985771,0.4533333333333333,0.9555555555555556,1.0,177.0,0.5706214689265536,5.0,0.5028994687499999,0.3994477838277817,0.21559387892484666,0.7876752138137817,nan,nan,nan,nan,nan,nan,nan,nan,nan,nan,nan,nan
48,7618,0.84764,74.19456131769137,-1.795631627082825,0.41333333333333333,0.9777777777777777,1.0,154.0,0.5974025974025974,8.0,1.5074386823085932,0.40684160888195037,0.22131800502538682,0.7959957420825958,nan,nan,nan,nan,nan,nan,nan,nan,nan,nan,nan,nan
49,7784,0.84432,72.83428069269134,-0.8260551207065578,0.4,0.8044444444444444,1.0,166.0,0.536144578313253,8.0,1.493719307308593,0.3994262456893921,0.21756571233272554,0.7815160751342773,nan,nan,nan,nan,nan,nan,nan,nan,nan,nan,nan,nan
50,7938,0.84124,31.131714694254008,-4.122100227832794,0.24888888888888888,1.0,1.0,154.0,0.35714285714285715,26.0,10.835285305746094,0.40317181050777434,0.21918469965457915,0.7918192028999329,0.035555555555555556,0.22222222222222224,0.0,0.06423526052533034,0.0,0.0,0.036444444444444446,0.22666666666666666,0.0,0.07114214959291985,0.0,0.0
51,8054,0.83892,45.39212807132809,-1.6167246670722961,0.28444444444444444,0.8311111111111111,1.0,116.0,0.5431034482758621,7.0,0.8708719286718748,0.3932755559682846,0.20638309121131898,0.8052161991596222,nan,nan,nan,nan,nan,nan,nan,nan,nan,nan,nan,nan
52,8191,0.83618,47.60069319269134,-3.4809281249046333,0.28888888888888886,0.8755555555555555,1.0,137.0,0.46715328467153283,10.0,2.3703068073085936,0.3881583571434021,0.20852519571781158,0.7749563217163086,nan,nan,nan,nan,nan,nan,nan,nan,nan,nan,nan,nan
53,8388,0.83224,95.54704372394156,-0.3499352908134442,0.5111111111111111,0.9377777777777778,1.0,197.0,0.5786802030456852,11.0,3.2389562760585937,0.3865547478199005,0.20649457424879075,0.7782683789730072,nan,nan,nan,nan,nan,nan,nan,nan,nan,nan,nan,nan
54,8575,0.8285,88.74878062500008,-1.1417898261547088,0.48,0.9333333333333333,1.0,187.0,0.5721925133689839,4.0,0.34221937499999994,0.3854057967662811,0.2053591564297676,0.7796101868152618,nan,nan,nan,nan,nan,nan,nan,nan,nan,nan,nan,nan
55,8702,0.82596,68.06238122394132,-0.05488554573058968,0.3688888888888889,0.9822222222222222,1.0,127.0,0.6456692913385826,8.0,1.5436187760585933,0.3808550864458084,0.21163183003664016,0.7336409330368042,nan,nan,nan,nan,nan,nan,nan,nan,nan,nan,nan,nan
56,8850,0.823,68.84072381769133,-0.5500428652763371,0.38222222222222224,1.0,1.0,148.0,0.5743243243243243,8.0,1.4882761823085933,0.37453546822071077,0.20585484951734542,0.7323326587677002,nan,nan,nan,nan,nan,nan,nan,nan,nan,nan,nan,nan
57,9036,0.81928,85.79960562500007,-1.3773141598701475,0.4577777777777778,0.9866666666666667,1.0,186.0,0.5483870967741935,4.0,0.4583943749999999,0.37698768973350527,0.2117723435163498,0.7185775220394135,nan,nan,nan,nan,nan,nan,nan,nan,nan,nan,nan,nan
58,9235,0.8153,95.75575900156257,-1.1237042031288131,0.5111111111111111,0.9688888888888889,1.0,199.0,0.5728643216080402,6.0,0.8612409984375001,0.38488792777061465,0.21474324613809587,0.7414429306983947,nan,nan,nan,nan,nan,nan,nan,nan,nan,nan,nan,nan
59,9391,0.81218,47.659674947882735,-2.523277109146117,0.3111111111111111,0.9866666666666667,1.0,156.0,0.4423076923076923,13.0,6.103325052117186,0.3897840052843094,0.22157949954271317,0.7340971529483795,nan,nan,nan,nan,nan,nan,nan,nan,nan,nan,nan,nan
60,9536,0.80928,45.01969319269129,-2.422913771390915,0.3022222222222222,0.9777777777777777,1.0,145.0,0.46206896551724136,19.0,6.8703068073085936,0.38608387410640715,0.2174827739596367,0.7368642866611481,nan,nan,nan,nan,nan,nan,nan,nan,nan,nan,nan,nan
61,9718,0.80564,94.36381131769153,-0.29049978661537024,0.49333333333333335,0.9688888888888889,1.0,182.0,0.6043956043956044,8.0,1.5171886823085932,0.3884932786226273,0.21801353991031647,0.74639413356781,nan,nan,nan,nan,nan,nan,nan,nan,nan,nan,nan,nan
62,9858,0.80284,83.77050000000007,0.651330396890641,0.4444444444444444,0.9644444444444444,1.0,140.0,0.7071428571428572,2.0,0.09449999999999999,0.38054111003875735,0.21645850092172622,0.7193661212921143,nan,nan,nan,nan,nan,nan,nan,nan,nan,nan,nan,nan
63,10011,0.7997799999999999,79.30522837656255,-0.6695560510158516,0.4177777777777778,0.9644444444444444,1.0,153.0,0.6078431372549019,6.0,0.6637716234375,0.36611966192722323,0.20550375282764435,0.7052187263965607,nan,nan,nan,nan,nan,nan,nan,nan,nan,nan,nan,nan
64,10177,0.79646,76.07566640781245,-1.0332899103164679,0.43555555555555553,0.9066666666666666,1.0,166.0,0.5843373493975904,6.0,0.8573335921874999,0.36634681522846224,0.2099018946290016,0.6880194425582886,nan,nan,nan,nan,nan,nan,nan,nan,nan,nan,nan,nan
65,10341,0.79318,90.9478556250001,0.03393722152710188,0.47555555555555556,0.9466666666666667,1.0,164.0,0.6463414634146342,4.0,0.384144375,0.33774336576461794,0.18852252066135405,0.6573027074337006,nan,nan,nan,nan,nan,nan,nan,nan,nan,nan,nan,nan
66,10480,0.7904,63.17465337656242,-1.2582251114845275,0.36444444444444446,0.9155555555555556,1.0,139.0,0.5827338129496403,6.0,0.5273466234374999,0.33388306200504303,0.18007296025753022,0.6784409701824188,nan,nan,nan,nan,nan,nan,nan,nan,nan,nan,nan,nan
67,10643,0.78714,60.14648175519126,-3.609705700397493,0.3377777777777778,0.9555555555555556,1.0,163.0,0.4601226993865031,10.0,2.902518244808594,0.332897013425827,0.18402495682239534,0.6577105641365051,nan,nan,nan,nan,nan,nan,nan,nan,nan,nan,nan,nan
68,10784,0.78432,67.71799999999996,-0.7200869529247287,0.4,0.9644444444444444,1.0,141.0,0.6312056737588653,1.0,0.06,0.3402488142251968,0.18910828828811646,0.6686582267284393,nan,nan,nan,nan,nan,nan,nan,nan,nan,nan,nan,nan
69,10932,0.78136,55.188574999999936,-2.422307018756865,0.3333333333333333,0.8488888888888889,1.0,148.0,0.5,3.0,0.325425,0.3582999438047409,0.20290509313344957,0.6884814143180847,nan,nan,nan,nan,nan,nan,nan,nan,nan,nan,nan,nan
70,11080,0.7784,63.48446557132799,-1.59980580496788,0.35555555555555557,1.0,1.0,148.0,0.5337837837837838,7.0,0.8795344286718749,0.3548592239618301,0.2088574841618538,0.6478089392185211,nan,nan,nan,nan,nan,nan,nan,nan,nan,nan,nan,nan
71,11250,0.775,85.37051303125004,-0.7551756043434145,0.4533333333333333,0.9688888888888889,1.0,170.0,0.5941176470588235,5.0,0.46948696875000007,0.33525119721889496,0.1898876279592514,0.6460603177547455,nan,nan,nan,nan,nan,nan,nan,nan,nan,nan,nan,nan
72,11429,0.77142,57.554811317691225,-1.458250223636625,0.38666666666666666,0.9155555555555556,1.0,179.0,0.48044692737430167,26.0,10.517188682308594,0.3399185448884964,0.1963199257850647,0.6393463551998139,nan,nan,nan,nan,nan,nan,nan,nan,nan,nan,nan,nan
73,11638,0.76724,107.92303069269158,0.7633148498535169,0.5644444444444444,0.9155555555555556,1.0,209.0,0.6028708133971292,12.0,3.4239693073085937,0.3413741201162338,0.19940105229616165,0.6334187388420105,nan,nan,nan,nan,nan,nan,nan,nan,nan,nan,nan,nan
74,11785,0.7643,74.23566249999998,-0.5899982066154482,0.4,0.9555555555555556,1.0,147.0,0.6054421768707483,3.0,0.16533750000000003,0.338276544213295,0.1912879839539528,0.6567527413368225,nan,nan,nan,nan,nan,nan,nan,nan,nan,nan,nan,nan
75,11924,0.76152,46.85781138538271,-2.678563113927842,0.29333333333333333,0.9955555555555555,1.0,139.0,0.4676258992805755,11.0,4.5891886146171865,0.34436157047748567,0.1962725982069969,0.6625839054584504,0.12377777777777779,0.42800000000000005,0.1,0.21330009726191973,0.6,0.023652843749999996,0.16777777777777778,0.5166666666666666,0.15,0.2833301963380392,0.75,0.027140343749999997
76,12097,0.75806,80.66444319269142,-0.5535015101432795,0.44,0.9644444444444444,1.0,173.0,0.5664739884393064,8.0,1.5495568073085932,0.3292219310998917,0.19246696084737777,0.612927258014679,nan,nan,nan,nan,nan,nan,nan,nan,nan,nan,nan,nan
77,12278,0.75444,106.98481587656273,0.5651081433296208,0.5377777777777778,0.9911111111111112,1.0,181.0,0.6629834254143646,6.0,0.5831841234374999,0.3158124893903732,0.17845172733068465,0.6167542338371277,nan,nan,nan,nan,nan,nan,nan,nan,nan,nan,nan,nan
78,12439,0.75122,45.49263638538275,-1.7908652677536003,0.31555555555555553,0.8222222222222222,1.0,161.0,0.43478260869565216,9.0,3.280363614617187,0.31598090529441836,0.1751461520791054,0.6333700120449066,nan,nan,nan,nan,nan,nan,nan,nan,nan,nan,nan,nan
79,12589,0.74822,66.07521557132807,-1.4419999787807458,0.36,0.8444444444444444,1.0,150.0,0.5333333333333333,7.0,0.8997844286718748,0.31930136382579805,0.18092509508132934,0.6232479035854339,nan,nan,nan,nan,nan,nan,nan,nan,nan,nan,nan,nan
80,12737,0.74526,68.85451303124994,-0.6460280625820145,0.38222222222222224,0.9511111111111111,1.0,148.0,0.5743243243243243,5.0,0.40948696874999996,0.32996204793453215,0.19387724250555038,0.6138364017009735,nan,nan,nan,nan,nan,nan,nan,nan,nan,nan,nan,nan
81,12975,0.7404999999999999,122.99444319269178,0.8037381515502879,0.6311111111111111,1.0,1.0,238.0,0.592436974789916,8.0,1.5045568073085933,0.3167726308107376,0.18356276005506517,0.6023053348064422,nan,nan,nan,nan,nan,nan,nan,nan,nan,nan,nan,nan
82,13184,0.73632,124.71775000000036,1.9631698451042103,0.6177777777777778,0.9644444444444444,1.0,209.0,0.6602870813397129,2.0,0.20925,0.31149728298187257,0.17943358421325684,0.5983796119689941,nan,nan,nan,nan,nan,nan,nan,nan,nan,nan,nan,nan
83,13401,0.73198,92.99415337656265,-0.7185112650394426,0.5155555555555555,0.9733333333333334,1.0,217.0,0.5299539170506913,6.0,0.6668466234375001,0.2963088035583496,0.16587308049201965,0.5922973453998566,nan,nan,nan,nan,nan,nan,nan,nan,nan,nan,nan,nan
84,13578,0.72844,91.43094319269154,-0.5621222751140581,0.4888888888888889,1.0,1.0,177.0,0.615819209039548,12.0,3.4250568073085943,0.3091061145067215,0.18061810433864595,0.5844969332218171,nan,nan,nan,nan,nan,nan,nan,nan,nan,nan,nan,nan
85,13710,0.7258,66.72722837656242,-0.9750479445457461,0.3688888888888889,0.9733333333333334,1.0,132.0,0.6212121212121212,6.0,0.6337716234374999,0.31486643850803375,0.18911075741052627,0.572831803560257,nan,nan,nan,nan,nan,nan,nan,nan,nan,nan,nan,nan
86,13898,0.72204,94.4939431926915,0.20975995254516655,0.5111111111111111,0.9777777777777777,1.0,188.0,0.6063829787234043,8.0,1.4550568073085932,0.3005205512046814,0.18242371082305908,0.5389705926179886,nan,nan,nan,nan,nan,nan,nan,nan,nan,nan,nan,nan
87,14099,0.71802,98.0679431926916,-0.9733466043472291,0.5111111111111111,0.9644444444444444,1.0,201.0,0.5671641791044776,11.0,2.9100568073085937,0.3021004468202591,0.1827872097492218,0.5456342577934266,nan,nan,nan,nan,nan,nan,nan,nan,nan,nan,nan,nan
88,14247,0.71506,76.9310658765625,0.2788063671588916,0.4088888888888889,0.9688888888888889,1.0,148.0,0.6148648648648649,6.0,0.6379341234375,0.2964540958404541,0.17836554795503617,0.5408470749855041,nan,nan,nan,nan,nan,nan,nan,nan,nan,nan,nan,nan
89,14408,0.71184,70.57150390781247,-1.4195934038162223,0.38666666666666666,0.9688888888888889,1.0,161.0,0.5341614906832298,6.0,0.8014960921874998,0.3006412982940674,0.18605384975671768,0.5256733655929565,nan,nan,nan,nan,nan,nan,nan,nan,nan,nan,nan,nan
90,14557,0.70886,56.98184194269133,-1.3884148426055911,0.3422222222222222,0.8977777777777778,1.0,149.0,0.5100671140939598,9.0,2.1801580573085935,0.3075474172830582,0.19036919325590135,0.5383763611316681,nan,nan,nan,nan,nan,nan,nan,nan,nan,nan,nan,nan
91,14689,0.7062200000000001,79.813280625,0.3217705025672921,0.4177777777777778,1.0,1.0,132.0,0.7045454545454546,4.0,0.232719375,0.3026584625244141,0.18483417630195617,0.5420753002166748,nan,nan,nan,nan,nan,nan,nan,nan,nan,nan,nan,nan
92,14830,0.7034,60.67410053124989,-3.0646686263084426,0.3377777777777778,0.8311111111111111,1.0,141.0,0.5319148936170213,5.0,0.35889946874999995,0.3043170779943466,0.189548160135746,0.528780734539032,nan,nan,nan,nan,nan,nan,nan,nan,nan,nan,nan,nan
93,14966,0.70068,61.511184069253815,-0.8780991973876958,0.36,0.9911111111111112,1.0,136.0,0.5882352941176471,9.0,2.296815930746094,0.29647629261016845,0.18156255185604095,0.5301862299442291,nan,nan,nan,nan,nan,nan,nan,nan,nan,nan,nan,nan
94,15149,0.69702,91.7039125000001,-0.5346315824985491,0.4711111111111111,0.9822222222222222,1.0,183.0,0.5737704918032787,3.0,0.20508749999999998,0.2962812066078186,0.1776132121682167,0.5485367506742478,nan,nan,nan,nan,nan,nan,nan,nan,nan,nan,nan,nan
95,15280,0.6944,83.25528062500003,0.838962438821794,0.44,0.9733333333333334,1.0,131.0,0.7480916030534351,4.0,0.24771937500000002,0.3093633145093918,0.19718153178691863,0.5192532747983932,nan,nan,nan,nan,nan,nan,nan,nan,nan,nan,nan,nan
96,15423,0.69154,63.68165337656243,-0.6229642181396476,0.38666666666666666,0.96,1.0,143.0,0.6013986013986014,6.0,0.5423466234375,0.29658553898334505,0.1868118554353714,0.5088553607463837,nan,nan,nan,nan,nan,nan,nan,nan,nan,nan,nan,nan
97,15595,0.6880999999999999,90.5921005312501,-0.40306770753860344,0.4666666666666667,0.9866666666666667,1.0,172.0,0.6046511627906976,5.0,0.37389946875,0.3197131395339966,0.20193834602832794,0.5469135403633117,nan,nan,nan,nan,nan,nan,nan,nan,nan,nan,nan,nan
98,15752,0.68496,92.15146557132819,-0.11570299744605828,0.4711111111111111,1.0,1.0,157.0,0.6687898089171974,7.0,0.9095344286718751,0.33061935305595397,0.2090200737118721,0.5655897438526154,nan,nan,nan,nan,nan,nan,nan,nan,nan,nan,nan,nan
99,15919,0.68162,85.1762806926915,-0.5972027041912068,0.4533333333333333,0.9644444444444444,1.0,167.0,0.6047904191616766,11.0,2.8347193073085935,0.30384178161621095,0.18236162066459655,0.5660126805305481,nan,nan,nan,nan,nan,nan,nan,nan,nan,nan,nan,nan
100,16085,0.6782999999999999,72.7196363176914,-1.3730597515106195,0.40444444444444444,0.96,1.0,166.0,0.5421686746987951,10.0,2.6783636823085937,0.3114457160234451,0.19488595724105834,0.5440220952033996,0.3631111111111111,0.8113333333333334,0.7,0.5324992586826842,3.85,0.7195123812273436,0.34844444444444445,0.7922222222222223,0.8,0.561199386653928,2.85,0.2602089461740234
101,16238,0.67524,71.83631131769135,-1.073031005859375,0.40444444444444444,0.9688888888888889,1.0,153.0,0.5882352941176471,9.0,1.9376886823085935,0.8572151303291321,0.7321362257003784,0.5847116112709045,nan,nan,nan,nan,nan,nan,nan,nan,nan,nan,nan,nan
102,16390,0.6721999999999999,82.24600000000001,0.3038545930385601,0.43555555555555553,0.9733333333333334,1.0,152.0,0.6381578947368421,1.0,0.075,0.6286802113056182,0.5052011609077454,0.5781455367803574,nan,nan,nan,nan,nan,nan,nan,nan,nan,nan,nan,nan
103,16589,0.66822,114.43956131769166,1.2488182637691427,0.5822222222222222,0.9644444444444444,1.0,199.0,0.6532663316582915,8.0,1.4774386823085932,0.5619295626878739,0.44631968140602113,0.5424241214990616,nan,nan,nan,nan,nan,nan,nan,nan,nan,nan,nan,nan
104,16703,0.66594,50.54168400156245,-1.4755680942535403,0.28888888888888886,0.9911111111111112,1.0,114.0,0.5614035087719298,6.0,0.6453159984375,0.5217256188392639,0.40533410012722015,0.546741372346878,nan,nan,nan,nan,nan,nan,nan,nan,nan,nan,nan,nan
105,16873,0.66254,93.67753062500012,-0.869933161497115,0.48,1.0,1.0,170.0,0.6294117647058823,4.0,0.257469375,0.5004273802042007,0.38692019283771517,0.5341402888298035,nan,nan,nan,nan,nan,nan,nan,nan,nan,nan,nan,nan
106,17018,0.65964,65.76471557132804,-1.0192504572868342,0.38222222222222224,0.9422222222222222,1.0,145.0,0.5862068965517241,7.0,0.7902844286718749,0.48987130224704745,0.3744789004325867,0.5438363492488861,nan,nan,nan,nan,nan,nan,nan,nan,nan,nan,nan,nan
107,17170,0.6566000000000001,72.5080965692539,-0.9920467641353605,0.4,0.9466666666666667,1.0,152.0,0.5855263157894737,8.0,1.812903430746093,0.46449612081050873,0.3576988369226456,0.5041307121515274,nan,nan,nan,nan,nan,nan,nan,nan,nan,nan,nan,nan
108,17289,0.65422,56.827249999999914,-0.7512783663272862,0.3244444444444444,0.92,1.0,119.0,0.6050420168067226,2.0,0.11474999999999999,0.45107071101665497,0.34201657474040986,0.5154274553060532,nan,nan,nan,nan,nan,nan,nan,nan,nan,nan,nan,nan
109,17461,0.65078,100.24091250000019,0.9006473195552833,0.5111111111111111,0.9377777777777778,1.0,172.0,0.6627906976744186,3.0,0.17508749999999998,0.44932482242584226,0.34210045635700226,0.5076964646577835,nan,nan,nan,nan,nan,nan,nan,nan,nan,nan,nan,nan
110,17625,0.6475,87.54835053125008,0.46181643962860286,0.4533333333333333,0.96,1.0,164.0,0.6158536585365854,5.0,0.39864946875,0.4373380482196808,0.3307436317205429,0.5055861443281173,nan,nan,nan,nan,nan,nan,nan,nan,nan,nan,nan,nan
111,17765,0.6447,65.38991249999988,-0.8801758823394774,0.37333333333333335,0.9466666666666667,1.0,140.0,0.5928571428571429,3.0,0.20508750000000003,0.44594005942344667,0.3452153205871582,0.4784518152475357,nan,nan,nan,nan,nan,nan,nan,nan,nan,nan,nan,nan
112,17905,0.6418999999999999,59.06194312499991,-1.8011303553581226,0.36,0.8222222222222222,1.0,140.0,0.5714285714285714,4.0,0.338056875,0.4582525044679642,0.35302513241767886,0.500579497218132,nan,nan,nan,nan,nan,nan,nan,nan,nan,nan,nan,nan
113,18077,0.63846,80.50153069269145,-1.238254968881606,0.44,0.9866666666666667,1.0,172.0,0.5697674418604651,10.0,2.2994693073085934,0.4432851880788803,0.3348463594913483,0.51679647564888,nan,nan,nan,nan,nan,nan,nan,nan,nan,nan,nan,nan
114,18222,0.63556,43.434311249999986,-3.7922854573726656,0.29333333333333333,0.84,1.0,145.0,0.4482758620689655,4.0,0.3356887499999999,0.4491830229759216,0.3418475776910782,0.5123247325420379,nan,nan,nan,nan,nan,nan,nan,nan,nan,nan,nan,nan
115,18400,0.6319999999999999,76.56857428125,-1.7118838567733765,0.4177777777777778,0.9155555555555556,1.0,178.0,0.5224719101123596,5.0,0.70542571875,0.4847470074892044,0.37476545572280884,0.5259479224681854,nan,nan,nan,nan,nan,nan,nan,nan,nan,nan,nan,nan
116,18542,0.6291599999999999,61.48507499999992,-1.381679801702498,0.35555555555555557,0.8711111111111111,1.0,142.0,0.5563380281690141,3.0,0.24592499999999998,0.44262546598911284,0.3330082446336746,0.5249978452920914,nan,nan,nan,nan,nan,nan,nan,nan,nan,nan,nan,nan
117,18719,0.6256200000000001,100.72141250000013,1.0913726394176473,0.5111111111111111,0.9822222222222222,1.0,177.0,0.6440677966101694,3.0,0.26958750000000004,0.4473072111606598,0.3390205532312393,0.5196041613817215,nan,nan,nan,nan,nan,nan,nan,nan,nan,nan,nan,nan
118,18901,0.62198,79.01000444269143,-0.8881023383140565,0.44,0.9155555555555556,1.0,182.0,0.5384615384615384,9.0,2.1909955573085935,0.44677684009075164,0.33668815195560453,0.5292781919240952,nan,nan,nan,nan,nan,nan,nan,nan,nan,nan,nan,nan
119,19033,0.61934,57.328780624999936,-1.908988081455231,0.3377777777777778,0.92,1.0,132.0,0.5681818181818182,4.0,0.282219375,0.41282934248447417,0.3063086748123169,0.5128473520278931,nan,nan,nan,nan,nan,nan,nan,nan,nan,nan,nan,nan
120,19188,0.61624,60.30547860257803,-0.7740471534729,0.36444444444444446,1.0,1.0,155.0,0.5225806451612903,7.0,1.1645213974218749,0.4283455401659012,0.31697978973388674,0.5370647937059403,nan,nan,nan,nan,nan,nan,nan,nan,nan,nan,nan,nan
121,19370,0.6126,75.89671469425384,-0.12190990829467607,0.44,0.8177777777777778,1.0,182.0,0.5384615384615384,9.0,2.5542853057460944,0.4424358904361725,0.3303627520799637,0.5415324062108994,nan,nan,nan,nan,nan,nan,nan,nan,nan,nan,nan,nan
122,19533,0.60934,82.00916250000004,-1.1134584228992448,0.4444444444444444,0.9733333333333334,1.0,163.0,0.6073619631901841,3.0,0.22983749999999997,0.4106029003858566,0.30390182733535764,0.5164788067340851,nan,nan,nan,nan,nan,nan,nan,nan,nan,nan,nan,nan
123,19704,0.60592,98.26291250000016,0.6172324609756483,0.49777777777777776,0.9822222222222222,1.0,171.0,0.6491228070175439,3.0,0.2200875,0.42340110838413236,0.3140010327100754,0.5305189073085785,nan,nan,nan,nan,nan,nan,nan,nan,nan,nan,nan,nan
124,19857,0.60286,61.05406124999988,-1.2281298260688773,0.36,0.9688888888888889,1.0,153.0,0.5228758169934641,4.0,0.48493875,0.42908096611499785,0.3133259996771812,0.5622630059719086,nan,nan,nan,nan,nan,nan,nan,nan,nan,nan,nan,nan
125,20005,0.5999,50.09976303124993,-2.945051993370056,0.30666666666666664,0.8977777777777778,1.0,148.0,0.4594594594594595,5.0,0.47923696874999994,0.44078361690044404,0.3298218667507172,0.539843100309372,0.33,0.7886666666666666,0.7,0.5171979846314789,4.0,0.949478384353711,0.45999999999999985,0.9073333333333332,1.0,0.6666049026027184,3.65,0.3283078427109374
126,20149,0.59702,74.03251303124996,-0.2415406231880176,0.4,0.9688888888888889,1.0,144.0,0.6180555555555556,5.0,0.40948696874999996,0.43065761029720306,0.31663821041584017,0.5555839121341706,nan,nan,nan,nan,nan,nan,nan,nan,nan,nan,nan,nan
127,20284,0.59432,65.22049999999992,-1.4790643177032465,0.36444444444444446,0.9066666666666666,1.0,135.0,0.6,2.0,0.13949999999999999,0.40275013744831084,0.3025882363319397,0.48877476453781127,nan,nan,nan,nan,nan,nan,nan,nan,nan,nan,nan,nan
128,20430,0.5913999999999999,58.776753907812385,-1.4537632589340204,0.3466666666666667,1.0,1.0,146.0,0.5273972602739726,6.0,0.8412460921875,0.43486325442790985,0.3352498322725296,0.4868691086769104,nan,nan,nan,nan,nan,nan,nan,nan,nan,nan,nan,nan
129,20606,0.58788,82.69024619632809,-0.7079623949527736,0.4444444444444444,1.0,1.0,176.0,0.5625,7.0,1.0327538036718749,0.4437128841876984,0.3401960074901581,0.506916606426239,nan,nan,nan,nan,nan,nan,nan,nan,nan,nan,nan,nan
130,20734,0.5853200000000001,62.4753505312499,-1.3053469264507291,0.3511111111111111,0.9733333333333334,1.0,128.0,0.609375,5.0,0.41364946875,0.42082604467868806,0.3147713035345078,0.5200688004493713,nan,nan,nan,nan,nan,nan,nan,nan,nan,nan,nan,nan
131,20908,0.58184,76.8876625,-1.7121676540374757,0.4222222222222222,1.0,1.0,174.0,0.5402298850574713,3.0,0.2943375,0.41761176884174345,0.31638394147157667,0.49734170734882355,nan,nan,nan,nan,nan,nan,nan,nan,nan,nan,nan,nan
132,21052,0.57896,58.39894312499996,-1.5002102077007289,0.36,0.8577777777777778,1.0,144.0,0.5555555555555556,4.0,0.338056875,0.44541887640953065,0.3422627329826355,0.5076137810945511,nan,nan,nan,nan,nan,nan,nan,nan,nan,nan,nan,nan
133,21183,0.57634,49.90503062499987,-9.344635704040527,0.28,0.9777777777777777,1.0,131.0,0.4732824427480916,4.0,0.207969375,0.4496375858783722,0.34180392920970915,0.5313922792673111,nan,nan,nan,nan,nan,nan,nan,nan,nan,nan,nan,nan
134,21352,0.5729599999999999,70.37336492026942,-1.1837045407295215,0.38666666666666666,0.9911111111111112,1.0,169.0,0.5088757396449705,9.0,3.253635079730468,0.4529352426528931,0.34795489311218264,0.5182906568050385,nan,nan,nan,nan,nan,nan,nan,nan,nan,nan,nan,nan
135,21495,0.5701,83.14366250000003,1.0055195865631108,0.4444444444444444,0.9955555555555555,1.0,143.0,0.6923076923076923,3.0,0.16533749999999997,0.4249099284410477,0.31838706135749817,0.5267324954271316,nan,nan,nan,nan,nan,nan,nan,nan,nan,nan,nan,nan
136,21684,0.5663199999999999,82.71494312500002,-0.7163127970695502,0.4444444444444444,1.0,1.0,189.0,0.5238095238095238,4.0,0.467056875,0.41819106936454775,0.3167067229747772,0.5028624027967453,nan,nan,nan,nan,nan,nan,nan,nan,nan,nan,nan,nan
137,21801,0.5639799999999999,63.5159999999999,-0.2817730774879442,0.3466666666666667,0.9644444444444444,1.0,117.0,0.6581196581196581,1.0,0.045,0.42709077298641207,0.32333739697933195,0.5147688537836075,nan,nan,nan,nan,nan,nan,nan,nan,nan,nan,nan,nan
138,22005,0.5599000000000001,93.76777587656265,-1.3145864841937989,0.48444444444444446,1.0,1.0,204.0,0.5294117647058824,6.0,1.1342241234375001,0.40096238255500793,0.3065156936645508,0.46965031921863554,nan,nan,nan,nan,nan,nan,nan,nan,nan,nan,nan,nan
139,22200,0.556,102.41256131769154,-0.3280775480270386,0.5333333333333333,0.9111111111111111,1.0,195.0,0.6102564102564103,10.0,2.4774386823085934,0.41854049265384674,0.32463654279708865,0.4679598927497864,nan,nan,nan,nan,nan,nan,nan,nan,nan,nan,nan,nan
140,22416,0.55168,110.34878069269166,0.5302164485454557,0.5866666666666667,0.9733333333333334,1.0,216.0,0.6064814814814815,8.0,1.4442193073085934,0.4807901203632355,0.3811401665210724,0.4977851688861847,nan,nan,nan,nan,nan,nan,nan,nan,nan,nan,nan,nan
141,22616,0.54768,81.44552695671096,-2.62637254190445,0.4533333333333333,0.9733333333333334,1.0,200.0,0.505,9.0,4.334473043289061,0.46812129616737364,0.36490699648857117,0.5167374581098556,nan,nan,nan,nan,nan,nan,nan,nan,nan,nan,nan,nan
142,22751,0.54498,77.70049999999999,0.07973865032196126,0.4177777777777778,0.9688888888888889,1.0,135.0,0.6888888888888889,2.0,0.13949999999999999,0.4606680989265442,0.35948564410209655,0.5073271930217743,nan,nan,nan,nan,nan,nan,nan,nan,nan,nan,nan,nan
143,22943,0.54114,101.3003112500002,-0.8170850729942314,0.5244444444444445,1.0,1.0,192.0,0.609375,4.0,0.42568875,0.4381731182336807,0.33140077292919157,0.5365025043487549,nan,nan,nan,nan,nan,nan,nan,nan,nan,nan,nan,nan
144,23116,0.5376799999999999,92.02925000000013,-0.06338022232055551,0.4888888888888889,0.9955555555555555,1.0,173.0,0.630057803468208,2.0,0.08474999999999999,0.4419432908296585,0.3438440889120102,0.49387631118297576,nan,nan,nan,nan,nan,nan,nan,nan,nan,nan,nan,nan
145,23228,0.53544,41.66674999999999,-1.6714435210227956,0.28444444444444444,0.9511111111111111,1.0,112.0,0.5625,2.0,0.13424999999999998,0.4261968404054642,0.3258851945400238,0.5056483715772628,nan,nan,nan,nan,nan,nan,nan,nan,nan,nan,nan,nan
146,23441,0.53118,96.98197381769155,-0.4528301994800533,0.5111111111111111,0.9866666666666667,1.0,213.0,0.5352112676056338,8.0,1.7020261823085931,0.40615007281303406,0.30610244870185854,0.5055236399173737,nan,nan,nan,nan,nan,nan,nan,nan,nan,nan,nan,nan
147,23584,0.5283199999999999,75.52190337656248,-0.35879737234115494,0.39555555555555555,0.9777777777777777,1.0,143.0,0.6153846153846154,6.0,0.5670966234375,0.3864448755979538,0.28893105536699293,0.49351318180561066,nan,nan,nan,nan,nan,nan,nan,nan,nan,nan,nan,nan
148,23729,0.52542,72.07135053124995,0.2415259799957281,0.4177777777777778,0.8933333333333333,1.0,145.0,0.6413793103448275,5.0,0.35364946875,0.4487736850976944,0.3505218029022217,0.4980607032775879,nan,nan,nan,nan,nan,nan,nan,nan,nan,nan,nan,nan
149,23866,0.52268,72.14651303124995,-0.6332246956825257,0.38222222222222224,0.8888888888888888,1.0,137.0,0.6204379562043796,5.0,0.43948696875000004,0.419935342669487,0.3173889249563217,0.5206341743469238,nan,nan,nan,nan,nan,nan,nan,nan,nan,nan,nan,nan
150,24036,0.51928,80.46066250000001,-0.47933277893066406,0.4533333333333333,0.9511111111111111,1.0,170.0,0.5941176470588235,3.0,0.32433750000000006,0.4534410238265991,0.3442969977855682,0.5551954537630082,0.36577777777777776,0.8002222222222223,0.75,0.5727989466136161,3.3,0.3755253803927734,0.38333333333333336,0.821111111111111,0.75,0.5453397932695928,2.5,0.2450047992990234
151,24234,0.51532,114.36025000000025,1.2288317697048168,0.5911111111111111,0.9866666666666667,1.0,198.0,0.6666666666666666,2.0,0.25875000000000004,0.4246183902025223,0.32651490569114683,0.5001537263393402,nan,nan,nan,nan,nan,nan,nan,nan,nan,nan,nan,nan
152,24377,0.5124599999999999,78.33950000000003,0.03794154047966147,0.4177777777777778,0.9644444444444444,1.0,143.0,0.6503496503496503,2.0,0.13949999999999999,0.4790565729141235,0.37841877043247224,0.5139068335294723,nan,nan,nan,nan,nan,nan,nan,nan,nan,nan,nan,nan
153,24528,0.5094399999999999,60.36081131769126,-1.2092558519840222,0.3511111111111111,0.9466666666666667,1.0,151.0,0.5165562913907285,10.0,2.5171886823085936,0.41605126559734346,0.3204300284385681,0.4891278862953186,nan,nan,nan,nan,nan,nan,nan,nan,nan,nan,nan,nan
154,24706,0.50588,92.28419319269155,1.0955811858177145,0.4888888888888889,0.8666666666666667,1.0,178.0,0.6123595505617978,8.0,1.5398068073085927,0.4437107086181641,0.3458925187587738,0.5013803452253341,nan,nan,nan,nan,nan,nan,nan,nan,nan,nan,nan,nan
155,24864,0.5027200000000001,78.12585053125,-1.3223487160205838,0.4311111111111111,1.0,1.0,158.0,0.6075949367088608,5.0,0.43314946874999993,0.45364905893802643,0.3499457806348801,0.5325034588575364,nan,nan,nan,nan,nan,nan,nan,nan,nan,nan,nan,nan
156,25015,0.49970000000000003,67.01910053124992,-0.293314831018446,0.39111111111111113,0.8311111111111111,1.0,151.0,0.5761589403973509,5.0,0.38889946875,0.44931733310222627,0.34754566848278046,0.5234868675470352,nan,nan,nan,nan,nan,nan,nan,nan,nan,nan,nan,nan
157,25227,0.49546,100.96666250000023,-1.02796389389038,0.5155555555555555,0.8755555555555555,1.0,212.0,0.5424528301886793,3.0,0.36933750000000004,0.4379850834608078,0.34129267632961274,0.49856865406036377,nan,nan,nan,nan,nan,nan,nan,nan,nan,nan,nan,nan
158,25458,0.49084000000000005,87.08604365625007,-1.8441153616905184,0.48444444444444446,0.96,1.0,231.0,0.4675324675324675,5.0,0.68195634375,0.4104694098234177,0.3129698187112808,0.5040649056434632,nan,nan,nan,nan,nan,nan,nan,nan,nan,nan,nan,nan
159,25603,0.48794000000000004,64.82085053124992,-1.1149460275173186,0.37333333333333335,0.9733333333333334,1.0,145.0,0.5724137931034483,5.0,0.31914946875,0.4244071066379547,0.32492849230766296,0.5151544630527496,nan,nan,nan,nan,nan,nan,nan,nan,nan,nan,nan,nan
160,25752,0.48495999999999995,76.24082500000003,-0.25142444038390965,0.4088888888888889,0.9911111111111112,1.0,149.0,0.610738255033557,3.0,0.19117499999999998,0.392045259475708,0.2961459159851074,0.49747206568717955,nan,nan,nan,nan,nan,nan,nan,nan,nan,nan,nan,nan
161,25907,0.48186000000000007,79.28194312500001,-1.1430818090438837,0.4311111111111111,0.8888888888888888,1.0,155.0,0.6193548387096774,4.0,0.383056875,0.4066952794790268,0.3117478549480438,0.49341567754745486,nan,nan,nan,nan,nan,nan,nan,nan,nan,nan,nan,nan
162,26044,0.47912,61.43621557132801,-1.4846780362129208,0.3511111111111111,0.9333333333333333,1.0,137.0,0.5693430656934306,7.0,0.8847844286718748,0.4189275711774826,0.32748175263404844,0.47597179710865023,nan,nan,nan,nan,nan,nan,nan,nan,nan,nan,nan,nan
163,26184,0.47631999999999997,66.36135053124991,-1.3344598548412303,0.37333333333333335,0.8311111111111111,1.0,140.0,0.5928571428571429,5.0,0.36864946875,0.3998805105686188,0.3046848803758621,0.49629307389259336,nan,nan,nan,nan,nan,nan,nan,nan,nan,nan,nan,nan
164,26385,0.47229999999999994,87.6918817531251,-1.3206073150634756,0.48444444444444446,0.9466666666666667,1.0,201.0,0.5373134328358209,6.0,1.131118246875,0.41086743474006654,0.30940808057785035,0.5301829874515533,nan,nan,nan,nan,nan,nan,nan,nan,nan,nan,nan,nan
165,26541,0.46918000000000004,71.753,-0.4880461258888231,0.4177777777777778,1.0,1.0,156.0,0.5961538461538461,1.0,0.03,0.44083510935306547,0.34034531116485595,0.5260694861412049,nan,nan,nan,nan,nan,nan,nan,nan,nan,nan,nan,nan
166,26654,0.46692,68.83399999999996,0.6127784631252298,0.37777777777777777,0.9333333333333333,1.0,113.0,0.7433628318584071,1.0,0.015,0.4078050285577774,0.30561446845531465,0.5356772989034653,nan,nan,nan,nan,nan,nan,nan,nan,nan,nan,nan,nan
167,26825,0.4634999999999999,88.97053062500012,-0.0026251058578490305,0.4711111111111111,0.8622222222222222,1.0,171.0,0.6140350877192983,4.0,0.31746937500000005,0.41059487462043764,0.30956187546253205,0.5306664884090424,nan,nan,nan,nan,nan,nan,nan,nan,nan,nan,nan,nan
168,27002,0.4599599999999999,85.14617553125004,-0.23634274339675687,0.4622222222222222,0.9911111111111112,1.0,177.0,0.5819209039548022,5.0,0.5148244687499999,0.4079721689224243,0.3088817894458771,0.5215405315160752,nan,nan,nan,nan,nan,nan,nan,nan,nan,nan,nan,nan
169,27123,0.45753999999999995,56.84271557132805,-0.8128920433521274,0.31555555555555553,0.96,1.0,121.0,0.5785123966942148,7.0,0.7752844286718747,0.4152162492275238,0.31017744541168213,0.553632253408432,nan,nan,nan,nan,nan,nan,nan,nan,nan,nan,nan,nan
170,27274,0.4545199999999999,66.745780625,-1.716592147350311,0.38666666666666666,1.0,1.0,151.0,0.5695364238410596,4.0,0.282219375,0.42772544026374815,0.32728138864040374,0.5303525179624557,nan,nan,nan,nan,nan,nan,nan,nan,nan,nan,nan,nan
171,27447,0.45106,72.11124619632811,-1.2453014700412748,0.4266666666666667,0.9155555555555556,1.0,173.0,0.5491329479768786,7.0,1.0177538036718747,0.43957315385341644,0.34315219819545745,0.5101457804441452,nan,nan,nan,nan,nan,nan,nan,nan,nan,nan,nan,nan
172,27655,0.44689999999999996,112.54501303125025,1.375831562042233,0.5822222222222222,0.9333333333333333,1.0,208.0,0.625,5.0,0.53398696875,0.44062869548797606,0.3425776094198227,0.5200423061847687,nan,nan,nan,nan,nan,nan,nan,nan,nan,nan,nan,nan
173,27899,0.44201999999999997,117.21969312500026,-0.05804967498779168,0.6133333333333333,0.9822222222222222,1.0,244.0,0.5614754098360656,4.0,0.517306875,0.43801464438438414,0.34441113471984863,0.49788508713245394,nan,nan,nan,nan,nan,nan,nan,nan,nan,nan,nan,nan
174,28052,0.4389599999999999,82.99341250000005,0.8182675657272327,0.4488888888888889,0.92,1.0,153.0,0.6535947712418301,3.0,0.1255875,0.4462355196475983,0.3434916287660599,0.5474937349557877,nan,nan,nan,nan,nan,nan,nan,nan,nan,nan,nan,nan
175,28205,0.43589999999999995,82.86841250000002,0.20537952899933054,0.43555555555555553,0.9333333333333333,1.0,153.0,0.6339869281045751,3.0,0.14058749999999998,0.39617582559585574,0.30556212216615675,0.48373171091079714,0.4093333333333334,0.8957777777777778,0.95,0.610797983415775,4.1,0.5866542574009765,0.40777777777777785,0.8444444444444444,0.85,0.5827949424596512,4.2,0.814211787166992
176,28348,0.43304,50.08197457289056,-2.1549842677116393,0.3111111111111111,0.9511111111111111,1.0,143.0,0.4825174825174825,7.0,1.5420254271093745,0.39531165957450864,0.29629643857479093,0.5294805526733398,nan,nan,nan,nan,nan,nan,nan,nan,nan,nan,nan,nan
177,28491,0.43018,61.30999999999991,-1.229988753795624,0.35555555555555557,0.8933333333333333,1.0,143.0,0.5524475524475524,2.0,0.2790000000000001,0.4135826379060745,0.3224237412214279,0.4882989078760147,nan,nan,nan,nan,nan,nan,nan,nan,nan,nan,nan,nan
178,28682,0.42635999999999996,70.18538122394136,-1.3221219892501823,0.40444444444444444,0.8577777777777778,1.0,191.0,0.4712041884816754,8.0,1.7926187760585932,0.4051621049642563,0.3092416003346443,0.5149756640195846,nan,nan,nan,nan,nan,nan,nan,nan,nan,nan,nan,nan
179,28836,0.42328,62.86196557132803,-1.6862349512577026,0.36,0.9866666666666667,1.0,154.0,0.5194805194805194,7.0,0.8750344286718749,0.4313802897930145,0.33333389163017274,0.5273579984903336,nan,nan,nan,nan,nan,nan,nan,nan,nan,nan,nan,nan
180,28985,0.4203,70.54724999999993,-0.6517983965873718,0.39111111111111113,0.9688888888888889,1.0,149.0,0.5838926174496645,2.0,0.12974999999999998,0.38944236636161805,0.29173963218927385,0.5264470934867859,nan,nan,nan,nan,nan,nan,nan,nan,nan,nan,nan,nan
181,29161,0.41677999999999993,77.26406610257813,-0.9300481879711149,0.43555555555555553,0.9511111111111111,1.0,176.0,0.5511363636363636,7.0,1.1589338974218744,0.3805476576089859,0.27636547982692716,0.5625455319881439,nan,nan,nan,nan,nan,nan,nan,nan,nan,nan,nan,nan
182,29322,0.41356000000000004,69.43817553124991,-1.8239606456756592,0.39555555555555555,0.8844444444444445,1.0,161.0,0.546583850931677,5.0,0.63482446875,0.404034236073494,0.3064699977636337,0.5278308242559433,nan,nan,nan,nan,nan,nan,nan,nan,nan,nan,nan,nan
183,29488,0.41023999999999994,79.03207499999996,-1.0469642806053157,0.4222222222222222,0.9822222222222222,1.0,166.0,0.5662650602409639,3.0,0.26092499999999996,0.4628125071525574,0.36340480446815493,0.5388795107603073,nan,nan,nan,nan,nan,nan,nan,nan,nan,nan,nan,nan
184,29670,0.40659999999999996,82.09701303125006,-0.6561212811470015,0.4444444444444444,0.96,1.0,182.0,0.5439560439560439,5.0,0.54898696875,0.43379275500774384,0.3387926995754242,0.5161176323890686,nan,nan,nan,nan,nan,nan,nan,nan,nan,nan,nan,nan
185,29850,0.403,94.05050000000011,0.34798245215415946,0.49777777777777776,0.9777777777777777,1.0,180.0,0.6166666666666667,2.0,0.15449999999999997,0.4292376160621643,0.325130757689476,0.5668249785900116,nan,nan,nan,nan,nan,nan,nan,nan,nan,nan,nan,nan
186,30051,0.39898,105.61232500000018,-0.26137280559539633,0.5333333333333333,1.0,1.0,201.0,0.5920398009950248,3.0,0.330675,0.42191736996173856,0.32022662460803986,0.5550199091434479,nan,nan,nan,nan,nan,nan,nan,nan,nan,nan,nan,nan
187,30217,0.39566,79.83172375000002,-1.2802310357093811,0.4266666666666667,0.9866666666666667,1.0,166.0,0.572289156626506,4.0,0.46127625,0.378994420170784,0.2848935753107071,0.5146309971809387,nan,nan,nan,nan,nan,nan,nan,nan,nan,nan,nan,nan
188,30421,0.39158000000000004,100.74681125000019,0.2758793125152603,0.5511111111111111,1.0,1.0,204.0,0.6029411764705882,4.0,0.46018875,0.410719558596611,0.3195501059293747,0.49983860552310944,nan,nan,nan,nan,nan,nan,nan,nan,nan,nan,nan,nan
189,30557,0.38886,59.57553062499993,-1.1165929963588712,0.36,0.9288888888888889,1.0,136.0,0.5882352941176471,4.0,0.3474693750000001,0.4096808969974518,0.3202235072851181,0.4912661999464035,nan,nan,nan,nan,nan,nan,nan,nan,nan,nan,nan,nan
190,30736,0.38527999999999996,79.36504365624997,-0.35813905882835295,0.44,0.8444444444444444,1.0,179.0,0.547486033519553,5.0,0.7419563437500001,0.4049647361040115,0.308405601978302,0.5314271986484528,nan,nan,nan,nan,nan,nan,nan,nan,nan,nan,nan,nan
191,30890,0.3822,83.6461056926914,-0.7081836283206936,0.44,0.8755555555555555,1.0,154.0,0.6363636363636364,9.0,2.0108943073085928,0.39349403977394104,0.30393898487091064,0.49380925893783567,nan,nan,nan,nan,nan,nan,nan,nan,nan,nan,nan,nan
192,31028,0.37944,72.79510053124997,-0.6206401655673972,0.38666666666666666,0.9511111111111111,1.0,138.0,0.6231884057971014,5.0,0.34389946875,0.4106642663478851,0.3188528299331665,0.5071085393428802,nan,nan,nan,nan,nan,nan,nan,nan,nan,nan,nan,nan
193,31180,0.37639999999999996,59.76624999999997,-2.291684923648834,0.36,0.9422222222222222,1.0,152.0,0.5263157894736842,2.0,0.05474999999999999,0.38325186669826505,0.2937039718031883,0.4955306529998779,nan,nan,nan,nan,nan,nan,nan,nan,nan,nan,nan,nan
194,31323,0.37354,57.28633737812487,-0.9019397377967824,0.3511111111111111,0.8266666666666667,1.0,143.0,0.5454545454545454,6.0,1.1726626218749998,0.4014460355043411,0.31101993322372434,0.5012718379497528,nan,nan,nan,nan,nan,nan,nan,nan,nan,nan,nan,nan
195,31533,0.36934,102.59950900156268,-1.3182514083385468,0.5333333333333333,0.9911111111111112,1.0,210.0,0.5666666666666667,6.0,1.0554909984375,0.43004808127880095,0.3345528692007065,0.530745193362236,nan,nan,nan,nan,nan,nan,nan,nan,nan,nan,nan,nan
196,31684,0.36632,68.74036894789049,-0.8808306670188897,0.37333333333333335,0.8933333333333333,1.0,151.0,0.5496688741721855,7.0,1.3026310521093745,0.43292751908302307,0.3377440243959427,0.5300011277198792,nan,nan,nan,nan,nan,nan,nan,nan,nan,nan,nan,nan
197,31832,0.36336,65.98369319269133,-0.7913803322315214,0.37333333333333335,0.8177777777777778,1.0,148.0,0.5608108108108109,9.0,1.9003068073085934,0.44209801256656645,0.34815035164356234,0.5240795314311981,nan,nan,nan,nan,nan,nan,nan,nan,nan,nan,nan,nan
198,32035,0.35929999999999995,106.8647630312502,0.08741443824768225,0.5466666666666666,0.9822222222222222,1.0,203.0,0.6009852216748769,5.0,0.49423696875,0.4300115317106247,0.3380290150642395,0.5144116371870041,nan,nan,nan,nan,nan,nan,nan,nan,nan,nan,nan,nan
199,32189,0.35622,68.72515337656242,-1.0263361771106716,0.40444444444444444,0.96,1.0,154.0,0.5844155844155844,6.0,0.5768466234375,0.4313835918903351,0.3345385521650314,0.5426438331604004,nan,nan,nan,nan,nan,nan,nan,nan,nan,nan,nan,nan
200,32335,0.35330000000000006,75.16349999999996,-0.19958756780624165,0.40444444444444444,0.9644444444444444,1.0,146.0,0.6164383561643836,2.0,0.16949999999999998,0.40689694583415986,0.3110323756933212,0.5381283164024353,0.37355555555555553,0.873777777777778,0.85,0.5772311343225746,5.95,1.384252130891406,0.376,0.8617777777777779,0.75,0.5195355553788892,4.8,0.8910387505285154
201,32477,0.35046,65.65710053124991,-1.5265246865749362,0.36,0.9911111111111112,1.0,142.0,0.5633802816901409,5.0,0.37389946874999996,0.9197866141796112,0.8284780085086823,0.5134633004665374,nan,nan,nan,nan,nan,nan,nan,nan,nan,nan,nan,nan
202,32661,0.34678,97.23597375000008,-0.06082479858398249,0.5066666666666667,0.9555555555555556,1.0,184.0,0.6141304347826086,4.0,0.4710262499999999,0.7145929634571075,0.618440517783165,0.541948214173317,nan,nan,nan,nan,nan,nan,nan,nan,nan,nan,nan,nan
203,32841,0.34317999999999993,78.36189425519143,-1.0622176017761213,0.4311111111111111,0.9777777777777777,1.0,180.0,0.5333333333333333,10.0,2.938105744808593,0.6701885759830475,0.5771827876567841,0.5253971129655838,nan,nan,nan,nan,nan,nan,nan,nan,nan,nan,nan,nan
204,33043,0.33914,79.64076747394144,-1.1868147804737086,0.4533333333333333,0.9288888888888889,1.0,202.0,0.5,9.0,2.730232526058594,0.7095991253852845,0.6125515013933182,0.5496234923601151,nan,nan,nan,nan,nan,nan,nan,nan,nan,nan,nan,nan
205,33199,0.33602,56.86874999999988,-2.0398807406425465,0.36,0.8755555555555555,1.0,156.0,0.5128205128205128,2.0,0.19424999999999998,0.627561765909195,0.5266155540943146,0.5728275775909424,nan,nan,nan,nan,nan,nan,nan,nan,nan,nan,nan,nan
206,33309,0.33382,59.05524999999989,-0.430565663814544,0.32,0.9555555555555556,1.0,110.0,0.6454545454545455,2.0,0.09974999999999999,0.587866696715355,0.48954497575759887,0.5587096810340881,nan,nan,nan,nan,nan,nan,nan,nan,nan,nan,nan,nan
207,33411,0.33177999999999996,39.586763031249994,-1.9621935231685639,0.26666666666666666,0.8311111111111111,1.0,102.0,0.5784313725490197,5.0,0.43423696875,0.5944832682609558,0.4923278272151947,0.5812432587146759,nan,nan,nan,nan,nan,nan,nan,nan,nan,nan,nan,nan
208,33564,0.32872,55.087460131753765,-3.1949187860488895,0.3244444444444444,0.84,1.0,153.0,0.47058823529411764,12.0,4.466539868246093,0.6072846114635467,0.5088725417852402,0.5610295474529267,nan,nan,nan,nan,nan,nan,nan,nan,nan,nan,nan,nan
209,33714,0.32572,60.024912499999914,-1.0223029193878177,0.3688888888888889,0.9244444444444444,1.0,150.0,0.5466666666666666,3.0,0.2200875,0.5194157272577286,0.42969392240047455,0.5124617159366608,nan,nan,nan,nan,nan,nan,nan,nan,nan,nan,nan,nan
210,33880,0.3223999999999999,73.30821469425383,-1.0834473776817317,0.41333333333333333,0.9644444444444444,1.0,166.0,0.5542168674698795,9.0,2.474785305746093,0.5684263408184052,0.48177129626274107,0.49599042236804963,nan,nan,nan,nan,nan,nan,nan,nan,nan,nan,nan,nan
211,34053,0.31894,84.1859961963282,-0.4750973310470573,0.4533333333333333,0.8533333333333334,1.0,173.0,0.5838150289017341,7.0,0.9930038036718748,0.6001462042331696,0.5059027194976806,0.5406142562627793,nan,nan,nan,nan,nan,nan,nan,nan,nan,nan,nan,nan
212,34196,0.31608,85.72475000000006,0.9983054158687605,0.4488888888888889,1.0,1.0,143.0,0.6993006993006993,2.0,0.16424999999999998,0.5533471643924713,0.45989091098308565,0.5370774090290069,nan,nan,nan,nan,nan,nan,nan,nan,nan,nan,nan,nan
213,34399,0.31201999999999996,106.14475000000022,0.32300341439247204,0.5644444444444444,0.9866666666666667,1.0,203.0,0.6206896551724138,2.0,0.19424999999999998,0.5920295774936676,0.49533623456954956,0.557124811410904,nan,nan,nan,nan,nan,nan,nan,nan,nan,nan,nan,nan
214,34531,0.30938,73.67149999999998,-0.548017728805541,0.4,0.96,1.0,132.0,0.6742424242424242,2.0,0.13949999999999999,0.5942795991897583,0.49848689436912536,0.5528700113296509,nan,nan,nan,nan,nan,nan,nan,nan,nan,nan,nan,nan
215,34741,0.3051799999999999,115.55734656925424,0.3599794867038686,0.5822222222222222,1.0,1.0,210.0,0.6190476190476191,9.0,2.3976534307460935,0.5665032505989075,0.4705647796392441,0.5552065908908844,nan,nan,nan,nan,nan,nan,nan,nan,nan,nan,nan,nan
216,34857,0.30286,62.122999999999905,0.3765123157501231,0.36,0.9111111111111111,1.0,116.0,0.6896551724137931,1.0,0.075,0.5593447208404541,0.4685258686542511,0.5263640493154526,nan,nan,nan,nan,nan,nan,nan,nan,nan,nan,nan,nan
217,35019,0.29962,89.35735053125006,-0.11642603302001908,0.4711111111111111,0.9555555555555556,1.0,162.0,0.6481481481481481,5.0,0.42864946875,0.5839450389146805,0.4970631390810013,0.5045992791652679,nan,nan,nan,nan,nan,nan,nan,nan,nan,nan,nan,nan
218,35197,0.29606,78.02310569269143,-0.5391046404838553,0.4488888888888889,0.8844444444444445,1.0,178.0,0.5617977528089888,12.0,3.4658943073085933,0.581580039858818,0.4839379549026489,0.5683988511562348,nan,nan,nan,nan,nan,nan,nan,nan,nan,nan,nan,nan
219,35335,0.2932999999999999,75.516530625,0.301908425092698,0.41333333333333333,0.9155555555555556,1.0,138.0,0.6666666666666666,4.0,0.287469375,0.564598160982132,0.47309301793575287,0.5336268454790115,nan,nan,nan,nan,nan,nan,nan,nan,nan,nan,nan,nan
220,35505,0.28989999999999994,67.4572238176913,-2.205596652984619,0.39111111111111113,0.8933333333333333,1.0,170.0,0.5117647058823529,10.0,2.627776182308594,0.6075104534626007,0.5171014815568924,0.5283984750509262,nan,nan,nan,nan,nan,nan,nan,nan,nan,nan,nan,nan
221,35705,0.28590000000000004,98.62370307132825,-0.504625994682312,0.5111111111111111,0.88,1.0,200.0,0.57,7.0,1.1512969286718748,0.5603048741817475,0.4722208261489868,0.5161510616540909,nan,nan,nan,nan,nan,nan,nan,nan,nan,nan,nan,nan
222,35884,0.2823199999999999,100.23453062500018,1.627775629520412,0.5288888888888889,0.8666666666666667,1.0,179.0,0.659217877094972,4.0,0.317469375,0.586719685792923,0.49888592660427095,0.5158868908882142,nan,nan,nan,nan,nan,nan,nan,nan,nan,nan,nan,nan
223,36026,0.27947999999999995,62.283943124999915,-0.30740132284164345,0.37777777777777777,0.8533333333333334,1.0,142.0,0.5915492957746479,4.0,0.527056875,0.5503069460391998,0.4612895905971527,0.5238095611333847,nan,nan,nan,nan,nan,nan,nan,nan,nan,nan,nan,nan
224,36172,0.27656000000000003,57.130193124999934,-0.7836599190235138,0.36444444444444446,0.8577777777777778,1.0,146.0,0.5547945205479452,4.0,0.43780687500000004,0.5298255771398545,0.4382124423980713,0.5401151537895202,nan,nan,nan,nan,nan,nan,nan,nan,nan,nan,nan,nan
225,36321,0.27357999999999993,65.05959656925377,-0.5097827813625322,0.36444444444444446,0.9155555555555556,1.0,149.0,0.5436241610738255,8.0,1.922403430746093,0.6218286871910095,0.5271863371133805,0.559065580368042,0.3993333333333332,0.8951111111111111,0.95,0.6356712083271335,3.6,0.4725394769300781,0.3913333333333333,0.8675555555555556,0.9,0.6131092409837776,4.2,0.5986543591197264
226,36454,0.27092000000000005,72.14985053125001,-0.49431342124938815,0.38666666666666666,0.9644444444444444,1.0,133.0,0.6466165413533834,5.0,0.37914946875,0.606854385137558,0.5148338943719863,0.5445286452770233,nan,nan,nan,nan,nan,nan,nan,nan,nan,nan,nan,nan
227,36609,0.26781999999999995,84.07663122394143,0.325908217430116,0.4711111111111111,0.8666666666666667,1.0,155.0,0.6774193548387096,12.0,3.628368776058594,0.5963024795055389,0.5062383025884628,0.534040629863739,nan,nan,nan,nan,nan,nan,nan,nan,nan,nan,nan,nan
228,36744,0.26512,70.47694312499992,-0.2944084229469286,0.38666666666666666,0.8088888888888889,1.0,135.0,0.6370370370370371,4.0,0.398056875,0.6139064431190491,0.5282818764448166,0.508620434999466,nan,nan,nan,nan,nan,nan,nan,nan,nan,nan,nan,nan
229,36870,0.26259999999999994,66.51910053124993,-0.09790888619422833,0.37333333333333335,0.9288888888888889,1.0,126.0,0.6587301587301587,5.0,0.34389946874999994,0.5769522845745086,0.4892588138580322,0.5217778801918029,nan,nan,nan,nan,nan,nan,nan,nan,nan,nan,nan,nan
230,37036,0.25927999999999995,78.77524531925391,-0.34742103409767167,0.4311111111111111,0.88,1.0,166.0,0.5783132530120482,9.0,2.6227546807460933,0.5794149160385131,0.49246127903461456,0.5185139447450637,nan,nan,nan,nan,nan,nan,nan,nan,nan,nan,nan,nan
231,37198,0.25603999999999993,30.861973885382742,-3.040554716110229,0.30666666666666664,0.8177777777777778,1.0,162.0,0.41975308641975306,30.0,14.259026114617187,0.6006611406803131,0.5131803214550018,0.5227798581123352,nan,nan,nan,nan,nan,nan,nan,nan,nan,nan,nan,nan
232,37369,0.25262000000000007,91.57960053125005,1.4088167440891257,0.5155555555555555,0.9422222222222222,1.0,171.0,0.672514619883041,5.0,0.45339946875000003,0.5822215110063553,0.49616552889347076,0.5154356151819229,nan,nan,nan,nan,nan,nan,nan,nan,nan,nan,nan,nan
233,37619,0.24761999999999995,108.19923678125016,-0.730857882022861,0.56,1.0,1.0,250.0,0.5,5.0,0.9307632187500001,0.5658128529787063,0.4756052017211914,0.5421060472726822,nan,nan,nan,nan,nan,nan,nan,nan,nan,nan,nan,nan
234,37792,0.24415999999999993,83.54181131769144,-0.04649001240730177,0.4666666666666667,0.9911111111111112,1.0,173.0,0.6011560693641619,10.0,2.4721886823085932,0.6020998239517212,0.5110395878553391,0.5484969317913055,nan,nan,nan,nan,nan,nan,nan,nan,nan,nan,nan,nan
235,37968,0.24063999999999997,67.45410562499998,-1.3287159197330476,0.41333333333333333,0.96,1.0,176.0,0.5227272727272727,4.0,0.468894375,0.6075172662734986,0.5144813299179077,0.5617207407951355,nan,nan,nan,nan,nan,nan,nan,nan,nan,nan,nan,nan
236,38135,0.23729999999999996,84.31032500000009,-0.46325445365905626,0.4533333333333333,0.9511111111111111,1.0,167.0,0.6047904191616766,3.0,0.330675,0.5746770739555359,0.48523804545402527,0.5412164509296418,nan,nan,nan,nan,nan,nan,nan,nan,nan,nan,nan,nan
237,38307,0.23386000000000007,92.13865337656262,0.18676609492302076,0.4888888888888889,0.9866666666666667,1.0,172.0,0.6337209302325582,6.0,0.5273466234374999,0.5631874084472657,0.47350192964077,0.5439659655094147,nan,nan,nan,nan,nan,nan,nan,nan,nan,nan,nan,nan
238,38415,0.23170000000000002,55.453412499999935,-1.086849553108215,0.3111111111111111,0.9644444444444444,1.0,108.0,0.6388888888888888,3.0,0.1255875,0.5479680359363556,0.4596201151609421,0.5366344451904297,nan,nan,nan,nan,nan,nan,nan,nan,nan,nan,nan,nan
239,38529,0.22942000000000007,58.36724999999991,-0.7075062789916994,0.3333333333333333,0.9066666666666666,1.0,114.0,0.6491228070175439,2.0,0.06974999999999999,0.5350774973630905,0.45048038065433504,0.5146436125040055,nan,nan,nan,nan,nan,nan,nan,nan,nan,nan,nan,nan
240,38707,0.22585999999999995,80.97119312500011,-1.0923212747573856,0.4311111111111111,0.9244444444444444,1.0,178.0,0.5393258426966292,4.0,0.437806875,0.5288681775331497,0.4422189682722092,0.5283989399671555,nan,nan,nan,nan,nan,nan,nan,nan,nan,nan,nan,nan
241,38874,0.22251999999999994,93.14285562500007,0.8887482769489299,0.49333333333333335,0.92,1.0,167.0,0.6586826347305389,4.0,0.4981443749999999,0.563320592045784,0.4757154107093811,0.5354403853416443,nan,nan,nan,nan,nan,nan,nan,nan,nan,nan,nan,nan
242,39009,0.21982000000000002,79.37466250000001,0.062884870052339,0.41333333333333333,1.0,1.0,135.0,0.6814814814814815,3.0,0.18033749999999998,0.5694532692432404,0.4787689059972763,0.5552783727645874,nan,nan,nan,nan,nan,nan,nan,nan,nan,nan,nan,nan
243,39174,0.21651999999999993,91.8264086963282,0.5738650453090677,0.48,0.96,1.0,165.0,0.6484848484848484,7.0,1.0885913036718748,0.5500120908021927,0.46302133798599243,0.533860269188881,nan,nan,nan,nan,nan,nan,nan,nan,nan,nan,nan,nan
244,39340,0.21319999999999995,76.64816249999997,-1.6631862690448758,0.4311111111111111,0.9377777777777778,1.0,166.0,0.5783132530120482,3.0,0.24483749999999999,0.5358658611774445,0.44674229323863984,0.5481903433799744,nan,nan,nan,nan,nan,nan,nan,nan,nan,nan,nan,nan
245,39496,0.21008000000000004,75.49271557132812,-0.59307817173004,0.43555555555555553,0.8844444444444445,1.0,156.0,0.6217948717948718,7.0,0.8052844286718749,0.5392702102661133,0.44891147315502167,0.5569753557443619,nan,nan,nan,nan,nan,nan,nan,nan,nan,nan,nan,nan
246,39594,0.20811999999999997,43.089499999999994,-1.1534244289398194,0.27555555555555555,0.8711111111111111,1.0,98.0,0.6224489795918368,2.0,0.10949999999999999,0.581717437505722,0.49110119342803954,0.5593134850263596,nan,nan,nan,nan,nan,nan,nan,nan,nan,nan,nan,nan
247,39772,0.20456000000000008,95.70535053125015,1.1538775959014842,0.5111111111111111,0.9955555555555555,1.0,178.0,0.6404494382022472,5.0,0.36864946875,0.5707493335008621,0.47707474827766416,0.5796057283878326,nan,nan,nan,nan,nan,nan,nan,nan,nan,nan,nan,nan
248,39891,0.20218000000000003,44.238355625,-1.4379344754219052,0.28,0.8488888888888889,1.0,119.0,0.5210084033613446,4.0,0.43364437499999997,0.5460308700799942,0.4540911942720413,0.5698034256696701,nan,nan,nan,nan,nan,nan,nan,nan,nan,nan,nan,nan
249,40049,0.19901999999999997,82.09775390781252,0.5326759443283098,0.4577777777777778,0.9777777777777777,1.0,158.0,0.6455696202531646,6.0,0.8112460921874999,0.5106622964143753,0.422794508934021,0.54575514793396,nan,nan,nan,nan,nan,nan,nan,nan,nan,nan,nan,nan
250,40159,0.19682,47.795499999999954,-1.282930052042008,0.28444444444444444,0.8088888888888889,1.0,110.0,0.5727272727272728,2.0,0.09449999999999999,0.5711079478263855,0.48269112706184386,0.5500002205371857,0.3993333333333333,0.8855555555555554,0.9,0.5775218620260981,5.05,0.9194035850849609,0.35,0.8564444444444443,0.75,0.5377266657529601,3.4,0.4732799328949219
251,40287,0.19426,81.95900000000002,1.1186570210456845,0.4266666666666667,0.9733333333333334,1.0,128.0,0.7421875,1.0,0.06,0.5363727629184722,0.44937414228916167,0.542137622833252,nan,nan,nan,nan,nan,nan,nan,nan,nan,nan,nan,nan
252,40458,0.19084,91.8209033765626,1.0429738278388976,0.5066666666666667,0.9955555555555555,1.0,171.0,0.6608187134502924,6.0,0.5520966234375,0.49474956691265104,0.40574007034301757,0.5559850096702575,nan,nan,nan,nan,nan,nan,nan,nan,nan,nan,nan,nan
253,40588,0.18824000000000007,70.04016249999995,-0.4543084273338318,0.39111111111111113,0.9333333333333333,1.0,130.0,0.6692307692307692,3.0,0.22983749999999997,0.5172140806913376,0.4298150211572647,0.5469125509262085,nan,nan,nan,nan,nan,nan,nan,nan,nan,nan,nan,nan
254,40725,0.1855,69.43069319269135,-0.06803258609771579,0.39111111111111113,0.9733333333333334,1.0,137.0,0.635036496350365,10.0,2.3703068073085936,0.4878778368234634,0.4014221429824829,0.5420419842004776,nan,nan,nan,nan,nan,nan,nan,nan,nan,nan,nan,nan
255,40835,0.1832999999999999,30.67228062500003,-3.1173442525863644,0.2311111111111111,0.8,1.0,110.0,0.4636363636363636,4.0,0.23271937499999995,0.5391722410917282,0.44974271953105927,0.5615472495555878,nan,nan,nan,nan,nan,nan,nan,nan,nan,nan,nan,nan
256,40996,0.18008000000000002,87.67176819269145,0.43511372995376707,0.4666666666666667,0.9555555555555556,1.0,161.0,0.6459627329192547,8.0,1.6312318073085932,0.5012306183576584,0.41263599693775177,0.5575573146343231,nan,nan,nan,nan,nan,nan,nan,nan,nan,nan,nan,nan
257,41128,0.17744000000000004,65.08506124999988,-2.771947011470794,0.36,0.8133333333333334,1.0,132.0,0.6060606060606061,4.0,0.31093875,0.5056814283132554,0.4159639209508896,0.565668272972107,nan,nan,nan,nan,nan,nan,nan,nan,nan,nan,nan,nan
258,41287,0.17425999999999997,80.07982434894141,-0.55078676199913,0.4266666666666667,0.8933333333333333,1.0,159.0,0.5974842767295597,8.0,1.8771756510585933,0.5603844940662384,0.46803337931632993,0.5835732281208038,nan,nan,nan,nan,nan,nan,nan,nan,nan,nan,nan,nan
259,41382,0.17235999999999996,53.52524999999994,-0.3101220579147326,0.3022222222222222,0.9288888888888889,1.0,95.0,0.7052631578947368,2.0,0.11474999999999999,0.5320089399814606,0.44581482410430906,0.5453943133354187,nan,nan,nan,nan,nan,nan,nan,nan,nan,nan,nan,nan
260,41491,0.17018,59.68224999999994,0.022118379354477913,0.3466666666666667,0.8888888888888888,1.0,109.0,0.7064220183486238,2.0,0.11474999999999999,0.5279153794050216,0.44375608265399935,0.5333364009857178,nan,nan,nan,nan,nan,nan,nan,nan,nan,nan,nan,nan
261,41701,0.16598000000000002,123.28779365625032,1.33261511492729,0.6133333333333333,0.9822222222222222,1.0,210.0,0.6523809523809524,5.0,0.67220634375,0.534016415476799,0.4503521263599396,0.5317720323801041,nan,nan,nan,nan,nan,nan,nan,nan,nan,nan,nan,nan
262,41937,0.16126000000000007,102.3243863176917,-1.2162979288101197,0.5466666666666666,0.9466666666666667,1.0,236.0,0.5169491525423728,11.0,3.2136136823085937,0.5111882090568542,0.42537094056606295,0.5472807705402374,nan,nan,nan,nan,nan,nan,nan,nan,nan,nan,nan,nan
263,42079,0.15842,69.98099999999998,-0.5963339054584494,0.39555555555555555,1.0,1.0,142.0,0.6197183098591549,1.0,0.06,0.495673394203186,0.40978050529956817,0.5488674372434617,nan,nan,nan,nan,nan,nan,nan,nan,nan,nan,nan,nan
264,42218,0.15564,72.06903062500001,-0.7691636517047875,0.39555555555555555,0.9333333333333333,1.0,139.0,0.6330935251798561,4.0,0.17796937499999999,0.5074294209480286,0.42851167917251587,0.5052927762269974,nan,nan,nan,nan,nan,nan,nan,nan,nan,nan,nan,nan
265,42354,0.15291999999999994,72.02741250000005,-0.928217140436171,0.4,0.9288888888888889,1.0,136.0,0.6544117647058824,3.0,0.1255875,0.5019160479307174,0.41749449670314787,0.5415803819894791,nan,nan,nan,nan,nan,nan,nan,nan,nan,nan,nan,nan
266,42565,0.14869999999999994,90.08059299159777,-0.8902327289581284,0.5022222222222222,0.9111111111111111,1.0,211.0,0.5308056872037915,8.0,3.3074070084023424,0.53158900141716,0.4477899044752121,0.5392091512680054,nan,nan,nan,nan,nan,nan,nan,nan,nan,nan,nan,nan
267,42726,0.14547999999999994,96.56326303125012,0.5890196871757511,0.49777777777777776,0.9955555555555555,1.0,161.0,0.6894409937888198,5.0,0.42973696875,0.5429762840270996,0.45758322775363924,0.5507335007190705,nan,nan,nan,nan,nan,nan,nan,nan,nan,nan,nan,nan
268,42834,0.14332,63.94366249999991,-0.6628416736125929,0.3466666666666667,0.8533333333333334,1.0,108.0,0.7129629629629629,3.0,0.15033749999999999,0.5100038826465607,0.42881032526493074,0.5244609892368317,nan,nan,nan,nan,nan,nan,nan,nan,nan,nan,nan,nan
269,43007,0.13985999999999998,77.75238115625004,-0.9288458597660063,0.4444444444444444,0.9822222222222222,1.0,173.0,0.5722543352601156,5.0,0.5466188437499999,0.5370270729064941,0.45523597300052643,0.5296359866857528,nan,nan,nan,nan,nan,nan,nan,nan,nan,nan,nan,nan
270,43116,0.13768000000000002,64.9819999999999,0.13846162557602004,0.35555555555555557,0.9066666666666666,1.0,109.0,0.7247706422018348,1.0,0.045,0.5690022230148315,0.48556655645370483,0.5411341279745102,nan,nan,nan,nan,nan,nan,nan,nan,nan,nan,nan,nan
271,43321,0.13357999999999992,108.55170106250027,0.8053107595443714,0.5866666666666667,0.9733333333333334,1.0,205.0,0.6390243902439025,5.0,0.5482989374999999,0.5882780730724335,0.5076138556003571,0.5247097581624984,nan,nan,nan,nan,nan,nan,nan,nan,nan,nan,nan,nan
272,43460,0.13080000000000003,78.96799999999999,0.806253048419953,0.43555555555555553,0.9155555555555556,1.0,139.0,0.697841726618705,2.0,0.21899999999999997,0.5850509852170944,0.49915199875831606,0.5598862051963807,nan,nan,nan,nan,nan,nan,nan,nan,nan,nan,nan,nan
273,43665,0.12669999999999992,90.64094394789072,-0.6406370205879213,0.5111111111111111,0.9422222222222222,1.0,205.0,0.5560975609756098,7.0,1.4240560521093748,0.544992345571518,0.46313117146492006,0.535156911611557,nan,nan,nan,nan,nan,nan,nan,nan,nan,nan,nan,nan
274,43839,0.12322,80.89839425519148,-1.8743139514923097,0.4488888888888889,0.9466666666666667,1.0,174.0,0.5747126436781609,13.0,4.448605744808593,0.5233071953058243,0.4442574143409729,0.5180874675512314,nan,nan,nan,nan,nan,nan,nan,nan,nan,nan,nan,nan
275,44015,0.11969999999999992,88.25757500000009,-0.20851206064224181,0.4711111111111111,0.8222222222222222,1.0,176.0,0.5965909090909091,3.0,0.40042500000000003,0.5630335181951522,0.48860150277614595,0.4890765607357025,0.41511111111111115,0.9146666666666666,0.95,0.631168321018789,5.5,1.0180211656083984,0.4017777777777778,0.912888888888889,0.95,0.6344432920564587,3.65,0.37326155338886713
276,44144,0.11712,70.294030625,0.20085803198814367,0.40444444444444444,0.9422222222222222,1.0,129.0,0.6976744186046512,4.0,0.192969375,0.5358538001775741,0.45427206754684446,0.5370673924684525,nan,nan,nan,nan,nan,nan,nan,nan,nan,nan,nan,nan
277,44333,0.11334,90.82920615625007,-1.0413484258651726,0.48444444444444446,0.9911111111111112,1.0,189.0,0.5714285714285714,5.0,0.7677938437499999,0.5203578233718872,0.44314404129981994,0.509721714258194,nan,nan,nan,nan,nan,nan,nan,nan,nan,nan,nan,nan
278,44442,0.11115999999999993,68.99699999999994,0.4709036691188828,0.3688888888888889,0.9466666666666667,1.0,109.0,0.7522935779816514,1.0,0.06,0.5171739220619201,0.4373385488986969,0.527872058749199,nan,nan,nan,nan,nan,nan,nan,nan,nan,nan,nan,nan
279,44595,0.10809999999999997,71.81272374999993,-1.5958486218452443,0.4177777777777778,0.8577777777777778,1.0,153.0,0.6078431372549019,4.0,0.49127624999999997,0.4496029794216156,0.3710664242506027,0.5204542815685272,nan,nan,nan,nan,nan,nan,nan,nan,nan,nan,nan,nan
280,44693,0.1061399999999999,43.63128062499997,-2.5914356484413146,0.27111111111111114,0.8088888888888889,1.0,98.0,0.6122448979591837,4.0,0.217719375,0.5140706837177277,0.43116894364356995,0.5501759707927704,nan,nan,nan,nan,nan,nan,nan,nan,nan,nan,nan,nan
281,44833,0.10333999999999999,67.28872374999996,-1.0215766410827636,0.37777777777777777,0.9911111111111112,1.0,140.0,0.6,4.0,0.47627624999999996,0.5486087769269943,0.46850005388259885,0.532740107178688,nan,nan,nan,nan,nan,nan,nan,nan,nan,nan,nan,nan
282,45051,0.09999999999999998,117.6241931926917,0.13683580303192255,0.6088888888888889,0.9822222222222222,1.0,218.0,0.6238532110091743,9.0,2.0548068073085934,0.5536701649427413,0.47908435165882113,0.4976147264242172,nan,nan,nan,nan,nan,nan,nan,nan,nan,nan,nan,nan
283,45236,0.09999999999999998,107.56253062500024,1.2570697405338247,0.5466666666666666,0.9466666666666667,1.0,185.0,0.6594594594594595,4.0,0.3474693750000001,0.5842913240194321,0.506842839717865,0.5181348264217377,nan,nan,nan,nan,nan,nan,nan,nan,nan,nan,nan,nan
284,45369,0.09999999999999998,74.98366250000002,-0.05180476689338542,0.4177777777777778,0.9155555555555556,1.0,133.0,0.6992481203007519,3.0,0.18033749999999998,0.5493890404701233,0.4702605605125427,0.5304228097200394,nan,nan,nan,nan,nan,nan,nan,nan,nan,nan,nan,nan
285,45545,0.09999999999999998,89.93994312500011,-0.36870953965186903,0.49333333333333335,0.8977777777777778,1.0,176.0,0.625,4.0,0.383056875,0.5129299581050872,0.4325933426618576,0.5399369806051254,nan,nan,nan,nan,nan,nan,nan,nan,nan,nan,nan,nan
286,45765,0.09999999999999998,110.92966260414083,-0.49329554557800026,0.5688888888888889,0.9644444444444444,1.0,220.0,0.5772727272727273,7.0,1.8053373958593748,0.5594238728284836,0.4784999072551727,0.5456774353981018,nan,nan,nan,nan,nan,nan,nan,nan,nan,nan,nan,nan
287,45863,0.09999999999999998,13.871280624999972,-22.710378499507904,0.12,0.43555555555555553,0.0,98.0,0.2653061224489796,4.0,0.18771937499999997,0.5245846629142761,0.4436051696538925,0.5468549460172654,nan,nan,nan,nan,nan,nan,nan,nan,nan,nan,nan,nan
288,46015,0.09999999999999998,74.64888115625,-0.14994757723808172,0.44,0.9911111111111112,1.0,152.0,0.6447368421052632,5.0,0.42211884375,0.5713494479656219,0.4971358716487885,0.5023104041814804,nan,nan,nan,nan,nan,nan,nan,nan,nan,nan,nan,nan
289,46227,0.09999999999999998,115.35213122394177,-0.8375652074813843,0.5911111111111111,1.0,1.0,212.0,0.6226415094339622,12.0,3.6388687760585934,0.5383448392152786,0.45893855690956115,0.5391761898994446,nan,nan,nan,nan,nan,nan,nan,nan,nan,nan,nan,nan
290,46361,0.09999999999999998,61.51869312499991,-1.4768026456832892,0.3511111111111111,0.9022222222222223,1.0,134.0,0.582089552238806,4.0,0.328306875,0.5519612282514572,0.4718502998352051,0.5450629085302353,nan,nan,nan,nan,nan,nan,nan,nan,nan,nan,nan,nan
291,46533,0.09999999999999998,88.36032500000006,-0.37137831473350447,0.4711111111111111,0.9066666666666666,1.0,172.0,0.6104651162790697,3.0,0.27067499999999994,0.5629812836647033,0.48211526274681094,0.5516350835561752,nan,nan,nan,nan,nan,nan,nan,nan,nan,nan,nan,nan
292,46635,0.09999999999999998,61.48624999999991,-0.5209892964363092,0.3377777777777778,0.96,1.0,102.0,0.7352941176470589,2.0,0.06974999999999999,0.5341975182294846,0.4521931141614914,0.5602668941020965,nan,nan,nan,nan,nan,nan,nan,nan,nan,nan,nan,nan
293,46771,0.09999999999999998,72.60291249999997,0.3543229856491099,0.4177777777777778,0.9022222222222223,1.0,136.0,0.6838235294117647,3.0,0.2500875,0.542368683218956,0.46265795826911926,0.5457229137420654,nan,nan,nan,nan,nan,nan,nan,nan,nan,nan,nan,nan
294,46911,0.09999999999999998,79.0749125,1.1938912725448616,0.4488888888888889,0.9244444444444444,1.0,140.0,0.7142857142857143,3.0,0.2200875,0.515660873055458,0.4405982464551926,0.5149976432323455,nan,nan,nan,nan,nan,nan,nan,nan,nan,nan,nan,nan
295,47094,0.09999999999999998,82.83770307132814,-0.5129086227416987,0.4577777777777778,0.9022222222222223,1.0,183.0,0.5573770491803278,7.0,1.2262969286718748,0.5517078757286071,0.47616990506649015,0.5197089374065399,nan,nan,nan,nan,nan,nan,nan,nan,nan,nan,nan,nan
296,47249,0.09999999999999998,75.09074999999999,0.5680256338119514,0.4533333333333333,0.9644444444444444,1.0,155.0,0.6516129032258065,2.0,0.22425,0.5554841578006744,0.47870450019836425,0.5295067608356476,nan,nan,nan,nan,nan,nan,nan,nan,nan,nan,nan,nan
297,47463,0.09999999999999998,85.98632499999995,-13.824320477008817,0.48,0.9066666666666666,1.0,214.0,0.5,3.0,0.30067499999999997,0.5551255643367767,0.47870011925697326,0.5287982434034347,nan,nan,nan,nan,nan,nan,nan,nan,nan,nan,nan,nan
298,47642,0.09999999999999998,104.83428062500026,-2.3059541456699395,0.5466666666666666,1.0,1.0,179.0,0.6815642458100558,4.0,0.232719375,0.5481207460165024,0.47080492973327637,0.5364351838827133,nan,nan,nan,nan,nan,nan,nan,nan,nan,nan,nan,nan
299,47804,0.09999999999999998,67.04806587656246,-1.058108779668808,0.4088888888888889,0.9955555555555555,1.0,162.0,0.5617283950617284,6.0,0.5929341234375,0.5286035060882568,0.4497365117073059,0.5485678434371948,nan,nan,nan,nan,nan,nan,nan,nan,nan,nan,nan,nan
300,47946,0.09999999999999998,68.65893406925382,-0.09986792588233961,0.38666666666666666,0.8533333333333334,1.0,142.0,0.6056338028169014,10.0,2.7870659307460937,0.5432210057973862,0.46477886736392976,0.5468129068613052,0.40266666666666673,0.9206666666666665,0.95,0.6212569886595928,6.45,1.6588955185984375,0.40688888888888897,0.9306666666666666,1.0,0.6115287766132858,4.55,0.7658638011513672
301,48067,0.09999999999999998,56.28824999999994,0.03875775861740216,0.3466666666666667,0.8444444444444444,1.0,121.0,0.6363636363636364,2.0,0.11474999999999999,1.037907612323761,0.9613806068897247,0.5344645708799363,nan,nan,nan,nan,nan,nan,nan,nan,nan,nan,nan,nan
302,48227,0.09999999999999998,82.30575000000003,-0.01814062666892946,0.4533333333333333,0.96,1.0,160.0,0.63125,2.0,0.14925,0.9713267266750336,0.8972564697265625,0.5185944169759751,nan,nan,nan,nan,nan,nan,nan,nan,nan,nan,nan,nan
303,48369,0.09999999999999998,77.47149999999998,0.33586486458778575,0.4311111111111111,0.8355555555555556,1.0,142.0,0.676056338028169,2.0,0.12449999999999999,0.7662737548351288,0.6910491108894348,0.5278428792953491,nan,nan,nan,nan,nan,nan,nan,nan,nan,nan,nan,nan
304,48519,0.09999999999999998,70.10549999999995,-0.3375767173767077,0.4088888888888889,0.9777777777777777,1.0,150.0,0.6066666666666667,2.0,0.16949999999999998,0.7741300582885742,0.6983004212379456,0.533335518836975,nan,nan,nan,nan,nan,nan,nan,nan,nan,nan,nan,nan
305,48685,0.09999999999999998,82.46757500000005,-0.33445048141479405,0.4622222222222222,0.9466666666666667,1.0,166.0,0.6204819277108434,3.0,0.32542499999999996,0.7422698318958283,0.664518404006958,0.5482745468616486,nan,nan,nan,nan,nan,nan,nan,nan,nan,nan,nan,nan
306,48916,0.09999999999999998,110.65519312500032,-1.0762034058570884,0.5866666666666667,1.0,1.0,231.0,0.5670995670995671,4.0,0.5578068750000001,0.727718836069107,0.6484788417816162,0.5608014404773712,nan,nan,nan,nan,nan,nan,nan,nan,nan,nan,nan,nan
307,49063,0.09999999999999998,61.96674999999993,-0.20457227110862586,0.40444444444444444,0.9377777777777778,1.0,147.0,0.6122448979591837,2.0,0.16425,0.6841728031635285,0.6040810644626617,0.5681429266929626,nan,nan,nan,nan,nan,nan,nan,nan,nan,nan,nan,nan
308,49170,0.09999999999999998,52.52124999999996,-1.0038440783023834,0.32,0.8311111111111111,1.0,107.0,0.6635514018691588,2.0,0.039749999999999994,0.7094506859779358,0.6296263307332992,0.5672029316425323,nan,nan,nan,nan,nan,nan,nan,nan,nan,nan,nan,nan
309,49314,0.09999999999999998,73.95584650156248,0.5395634768009188,0.4088888888888889,0.9333333333333333,1.0,144.0,0.6319444444444444,6.0,0.7311534984374999,0.6776375591754913,0.597477862238884,0.5708837389945984,nan,nan,nan,nan,nan,nan,nan,nan,nan,nan,nan,nan
310,49484,0.09999999999999998,94.16968400156256,0.7733028326034539,0.48444444444444446,0.88,1.0,170.0,0.6352941176470588,6.0,0.7653159984375,0.7816937267780304,0.7026883423328399,0.564180874824524,nan,nan,nan,nan,nan,nan,nan,nan,nan,nan,nan,nan
311,49669,0.09999999999999998,84.71959194269154,-1.519787822961807,0.4711111111111111,0.9022222222222223,1.0,185.0,0.5675675675675675,16.0,5.640408057308593,0.6895727396011353,0.609705239534378,0.5720165371894836,nan,nan,nan,nan,nan,nan,nan,nan,nan,nan,nan,nan
312,49834,0.09999999999999998,97.8496931926915,1.4044812376499165,0.52,1.0,1.0,165.0,0.703030303030303,8.0,1.3853068073085935,0.6748270452022552,0.5979822695255279,0.5518167793750763,nan,nan,nan,nan,nan,nan,nan,nan,nan,nan,nan,nan
313,49996,0.09999999999999998,93.23828062500016,-0.642915269851684,0.48,1.0,1.0,162.0,0.6604938271604939,4.0,0.232719375,0.6877825140953064,0.6101290762424469,0.5590689718723297,nan,nan,nan,nan,nan,nan,nan,nan,nan,nan,nan,nan
314,50143,0.09999999999999998,60.43835053124992,-1.0406712067127235,0.36,0.9422222222222222,1.0,147.0,0.54421768707483,5.0,0.52764946875,0.7314066171646119,0.6560414969921112,0.5438732326030731,nan,nan,nan,nan,nan,nan,nan,nan,nan,nan,nan,nan
315,50358,0.09999999999999998,104.60284656925414,0.24554724287986796,0.5511111111111111,0.9955555555555555,1.0,215.0,0.5720930232558139,8.0,2.082153430746094,0.7461769342422485,0.6715582251548767,0.5403497785329818,nan,nan,nan,nan,nan,nan,nan,nan,nan,nan,nan,nan
316,50489,0.09999999999999998,81.7531625,0.5614078011512766,0.4266666666666667,1.0,1.0,131.0,0.7251908396946565,3.0,0.2598375,0.665442842245102,0.5898021697998047,0.5489074796438217,nan,nan,nan,nan,nan,nan,nan,nan,nan,nan,nan,nan
317,50612,0.09999999999999998,60.65723749999996,0.3226353383064289,0.38666666666666666,0.9111111111111111,1.0,123.0,0.6991869918699187,3.0,0.27176249999999996,0.6501256406307221,0.5755437225103378,0.5423000007867813,nan,nan,nan,nan,nan,nan,nan,nan,nan,nan,nan,nan
318,50728,0.09999999999999998,46.8285,-1.4311259083747863,0.3022222222222222,0.8133333333333334,1.0,116.0,0.5775862068965517,2.0,0.16949999999999998,0.6655395984649658,0.5962623178958892,0.5046748638153076,nan,nan,nan,nan,nan,nan,nan,nan,nan,nan,nan,nan
319,50800,0.09999999999999998,44.09124999999998,-0.9616288435459135,0.2577777777777778,1.0,1.0,72.0,0.7916666666666666,2.0,0.039749999999999994,0.6724970459938049,0.6029446601867676,0.5072701960802078,nan,nan,nan,nan,nan,nan,nan,nan,nan,nan,nan,nan
320,50911,0.09999999999999998,66.96824999999994,0.08613647723198015,0.36,1.0,1.0,111.0,0.7207207207207207,2.0,0.08474999999999999,0.6778556644916535,0.6050451457500458,0.5319900453090668,nan,nan,nan,nan,nan,nan,nan,nan,nan,nan,nan,nan
321,51102,0.09999999999999998,97.14896557132828,-0.4814164798259719,0.5111111111111111,0.9822222222222222,1.0,191.0,0.5968586387434555,7.0,1.0640344286718746,0.7398868560791015,0.6634827315807342,0.5599833607673645,nan,nan,nan,nan,nan,nan,nan,nan,nan,nan,nan,nan
322,51282,0.09999999999999998,102.37016250000018,-0.5184075272083277,0.5333333333333333,1.0,1.0,180.0,0.6611111111111111,3.0,0.24483750000000004,0.7148972511291504,0.6394075691699982,0.5549079596996307,nan,nan,nan,nan,nan,nan,nan,nan,nan,nan,nan,nan
323,51404,0.09999999999999998,76.96100000000001,0.49038737893104645,0.4088888888888889,0.96,1.0,122.0,0.7459016393442623,1.0,0.075,0.6450871586799621,0.5700015097856521,0.5530401170253754,nan,nan,nan,nan,nan,nan,nan,nan,nan,nan,nan,nan
324,51510,0.09999999999999998,60.37349999999992,-0.3584059574604026,0.3333333333333333,0.8977777777777778,1.0,106.0,0.6981132075471698,2.0,0.13949999999999999,0.7003551304340363,0.6267814695835113,0.5428455173969269,nan,nan,nan,nan,nan,nan,nan,nan,nan,nan,nan,nan
325,51660,0.09999999999999998,86.78100000000008,-0.6710464315414412,0.4533333333333333,0.9822222222222222,1.0,150.0,0.6733333333333333,2.0,0.23399999999999999,0.6889054775238037,0.6148008018732071,0.5481115221977234,0.3366666666666667,0.8346666666666666,0.8,0.5300159232882272,4.75,0.8146245344833984,0.3746666666666667,0.9173333333333332,0.95,0.6052149771496267,4.85,0.8914194316175779
326,51837,0.09999999999999998,78.26557500000001,-0.6184923698902131,0.4533333333333333,0.9688888888888889,1.0,177.0,0.5706214689265536,3.0,0.340425,0.7341680347919464,0.6586308360099793,0.5603372305631638,nan,nan,nan,nan,nan,nan,nan,nan,nan,nan,nan,nan
327,52001,0.09999999999999998,93.45700000000015,0.4598677186965947,0.49777777777777776,1.0,1.0,164.0,0.676829268292683,1.0,0.09,0.7144177556037903,0.6372395157814026,0.5740625202655792,nan,nan,nan,nan,nan,nan,nan,nan,nan,nan,nan,nan
328,52071,0.09999999999999998,26.32550000000002,-2.086145665168761,0.19111111111111112,0.8755555555555555,1.0,70.0,0.6,2.0,0.09449999999999999,0.6870389521121979,0.6107436269521713,0.5681525856256485,nan,nan,nan,nan,nan,nan,nan,nan,nan,nan,nan,nan
329,52186,0.09999999999999998,69.37549999999995,0.2106103215217605,0.37777777777777777,0.9866666666666667,1.0,115.0,0.7304347826086957,2.0,0.12449999999999999,0.6407913029193878,0.5673200249671936,0.5481658279895782,nan,nan,nan,nan,nan,nan,nan,nan,nan,nan,nan,nan
330,52276,0.09999999999999998,37.87525000000002,-0.5552868089675904,0.26222222222222225,0.92,1.0,90.0,0.6444444444444445,2.0,0.06974999999999999,0.6282235205173492,0.5561602741479874,0.5384641170501709,nan,nan,nan,nan,nan,nan,nan,nan,nan,nan,nan,nan
331,52459,0.09999999999999998,108.24422860257832,0.25948964357376236,0.5511111111111111,1.0,1.0,183.0,0.6721311475409836,7.0,1.184771397421875,0.6581045389175415,0.5871829152107239,0.531548947095871,nan,nan,nan,nan,nan,nan,nan,nan,nan,nan,nan,nan
332,52674,0.09999999999999998,70.98009276558197,-1.4395344328880308,0.4444444444444444,0.9155555555555556,1.0,215.0,0.4604651162790698,9.0,3.419907234417969,0.6641496419906616,0.5887663990259171,0.5670186698436737,nan,nan,nan,nan,nan,nan,nan,nan,nan,nan,nan,nan
333,52757,0.09999999999999998,45.92899999999999,-0.4023967685699459,0.27555555555555555,0.9955555555555555,1.0,83.0,0.7349397590361446,1.0,0.015,0.6235327899456025,0.5473399102687836,0.5739048451185227,nan,nan,nan,nan,nan,nan,nan,nan,nan,nan,nan,nan
334,52919,0.09999999999999998,81.00646557132816,-0.5222576558589922,0.4533333333333333,0.9333333333333333,1.0,162.0,0.6234567901234568,7.0,0.8945344286718749,0.6750613510608673,0.6039061903953552,0.5374166578054428,nan,nan,nan,nan,nan,nan,nan,nan,nan,nan,nan,nan
335,52995,0.09999999999999998,39.000030624999994,-1.2415615160465236,0.24,0.8622222222222222,1.0,76.0,0.6973684210526315,4.0,0.16296937499999997,0.6636427700519562,0.5934742152690887,0.5306419342756271,nan,nan,nan,nan,nan,nan,nan,nan,nan,nan,nan,nan
336,53164,0.09999999999999998,78.37666250000005,-0.811096326351165,0.4577777777777778,0.9777777777777777,1.0,169.0,0.6035502958579881,3.0,0.18033749999999998,0.6449450075626373,0.5773367643356323,0.5127360701560975,nan,nan,nan,nan,nan,nan,nan,nan,nan,nan,nan,nan
337,53352,0.09999999999999998,109.47178062500028,-0.31943055391312036,0.5555555555555556,0.9466666666666667,1.0,188.0,0.6595744680851063,4.0,0.327219375,0.6927308320999146,0.626116293668747,0.5068056762218476,nan,nan,nan,nan,nan,nan,nan,nan,nan,nan,nan,nan
338,53489,0.09999999999999998,76.05294312499998,-0.005114108562468411,0.40444444444444444,0.8177777777777778,1.0,137.0,0.656934306569343,4.0,0.398056875,0.6441525518894196,0.5740606725215912,0.5344993740320205,nan,nan,nan,nan,nan,nan,nan,nan,nan,nan,nan,nan
339,53622,0.09999999999999998,84.87603062500008,0.957054593086242,0.44,0.8711111111111111,1.0,133.0,0.7368421052631579,4.0,0.23796937500000004,0.6326884865760803,0.5646137833595276,0.5202896445989609,nan,nan,nan,nan,nan,nan,nan,nan,nan,nan,nan,nan
340,53764,0.09999999999999998,76.45094319269141,-0.5544411039352397,0.4177777777777778,1.0,1.0,142.0,0.6549295774647887,8.0,1.4100568073085933,0.6489031374454498,0.58157859146595,0.51580029129982,nan,nan,nan,nan,nan,nan,nan,nan,nan,nan,nan,nan
341,53969,0.09999999999999998,93.95603453281254,-0.48077364706993087,0.5022222222222222,0.9244444444444444,1.0,205.0,0.5463414634146342,6.0,1.0589654671875,0.6068559348583221,0.5384786605834961,0.5257004082202912,nan,nan,nan,nan,nan,nan,nan,nan,nan,nan,nan,nan
342,54109,0.09999999999999998,71.64525000000002,-1.3189499173164354,0.39555555555555555,0.9866666666666667,1.0,140.0,0.6285714285714286,2.0,0.08474999999999999,0.6848962426185607,0.6132394105196,0.5522353500127792,nan,nan,nan,nan,nan,nan,nan,nan,nan,nan,nan,nan
343,54287,0.09999999999999998,75.50688625000002,-1.8092135295867915,0.4222222222222222,0.9244444444444444,1.0,178.0,0.5280898876404494,4.0,0.5321137499999999,0.6472549080848694,0.5740528464317322,0.5658689558506012,nan,nan,nan,nan,nan,nan,nan,nan,nan,nan,nan,nan
344,54437,0.09999999999999998,69.55147837656243,-1.1174580159187315,0.38666666666666666,0.9066666666666666,1.0,150.0,0.5733333333333334,6.0,0.6735216234374999,0.6602113544940948,0.5909078478813171,0.5371162861585617,nan,nan,nan,nan,nan,nan,nan,nan,nan,nan,nan,nan
345,54630,0.09999999999999998,100.41238115625026,-0.33191027379036064,0.5333333333333333,0.9955555555555555,1.0,193.0,0.616580310880829,5.0,0.5616188437499999,0.6391631960868835,0.5711790770292282,0.5286478817462921,nan,nan,nan,nan,nan,nan,nan,nan,nan,nan,nan,nan
346,54796,0.09999999999999998,88.21469312500007,-0.1283759088516223,0.48,0.9955555555555555,1.0,166.0,0.6445783132530121,4.0,0.29830687499999997,0.611255019903183,0.5454557031393051,0.5131306231021882,nan,nan,nan,nan,nan,nan,nan,nan,nan,nan,nan,nan
347,54885,0.09999999999999998,45.93641249999999,-0.8626892647743228,0.29333333333333333,0.9466666666666667,1.0,89.0,0.7303370786516854,3.0,0.11058749999999999,0.6666667282581329,0.5977328777313232,0.5384054750204086,nan,nan,nan,nan,nan,nan,nan,nan,nan,nan,nan,nan
348,55012,0.09999999999999998,68.76624999999991,-0.35908272385597095,0.37777777777777777,0.9022222222222223,1.0,127.0,0.6614173228346457,2.0,0.05474999999999999,0.5890603959560394,0.521922966837883,0.5255329966545105,nan,nan,nan,nan,nan,nan,nan,nan,nan,nan,nan,nan
349,55133,0.09999999999999998,73.15969312499998,-0.35657649302482475,0.39555555555555555,0.9555555555555556,1.0,121.0,0.7272727272727273,4.0,0.32830687499999994,0.5928074270486832,0.5257793724536896,0.5257835894823074,nan,nan,nan,nan,nan,nan,nan,nan,nan,nan,nan,nan
350,55292,0.09999999999999998,70.87494710050392,-1.9265226969718925,0.38666666666666666,0.8355555555555556,1.0,159.0,0.5408805031446541,9.0,2.6320528994960934,0.6124076843261719,0.5471169710159302,0.5135788828134537,0.39755555555555555,0.9106666666666667,1.0,0.6156357600167709,4.75,0.7258508363835936,0.420888888888889,0.9133333333333333,0.95,0.6142711946883129,4.4,0.7270839029478515
351,55465,0.09999999999999998,93.72921557132824,0.8234969131946535,0.5022222222222222,0.8488888888888889,1.0,173.0,0.6473988439306358,7.0,0.8697844286718748,0.5652909994125366,0.5014988034963608,0.5033135205507279,nan,nan,nan,nan,nan,nan,nan,nan,nan,nan,nan,nan
352,55627,0.09999999999999998,73.68643400156253,-2.61446788930893,0.4177777777777778,0.9644444444444444,1.0,162.0,0.5740740740740741,6.0,0.7645659984375,0.5803454250097275,0.5102273881435394,0.5547995656728745,nan,nan,nan,nan,nan,nan,nan,nan,nan,nan,nan,nan
353,55745,0.09999999999999998,62.5153505312499,-1.6116654570102686,0.3511111111111111,0.8311111111111111,1.0,118.0,0.6610169491525424,5.0,0.42864946875,0.6559570848941803,0.5904598951339721,0.5193152129650116,nan,nan,nan,nan,nan,nan,nan,nan,nan,nan,nan,nan
354,55848,0.09999999999999998,56.20574619632806,-0.48050203108787437,0.31555555555555553,0.8666666666666667,1.0,103.0,0.6796116504854369,7.0,0.9682538036718747,0.6700305283069611,0.599624490737915,0.5592514604330063,nan,nan,nan,nan,nan,nan,nan,nan,nan,nan,nan,nan
355,56030,0.09999999999999998,108.1486533765627,0.3815859653949747,0.5555555555555556,0.9866666666666667,1.0,182.0,0.6813186813186813,6.0,0.6323466234374999,0.6542329013347625,0.5882712751626968,0.525637149810791,nan,nan,nan,nan,nan,nan,nan,nan,nan,nan,nan,nan
356,56129,0.09999999999999998,59.93199999999994,0.38730889868736385,0.3377777777777778,0.9377777777777778,1.0,99.0,0.7575757575757576,1.0,0.015,0.7012881636619568,0.6361034393310547,0.5203584402799606,nan,nan,nan,nan,nan,nan,nan,nan,nan,nan,nan,nan
357,56272,0.09999999999999998,70.59690337656242,-0.1692180743217453,0.4,0.9111111111111111,1.0,143.0,0.6223776223776224,6.0,0.5820966234375,0.6729379415512085,0.6066350162029266,0.5306309908628464,nan,nan,nan,nan,nan,nan,nan,nan,nan,nan,nan,nan
358,56377,0.09999999999999998,48.58574999999996,-1.366139343500137,0.29777777777777775,0.9733333333333334,1.0,105.0,0.6285714285714286,2.0,0.14925,0.7357845067977905,0.6649787276983261,0.5677280724048615,nan,nan,nan,nan,nan,nan,nan,nan,nan,nan,nan,nan
359,56543,0.09999999999999998,94.48800000000023,-2.1979020233154367,0.5066666666666667,0.9466666666666667,1.0,166.0,0.6807228915662651,1.0,0.06,0.6702998161315918,0.6009102702140808,0.5580230861902237,nan,nan,nan,nan,nan,nan,nan,nan,nan,nan,nan,nan
360,56723,0.09999999999999998,89.33160053125012,-0.20119080686568935,0.49777777777777776,0.9955555555555555,1.0,180.0,0.6166666666666667,5.0,0.43839946875,0.6121776938438416,0.547850313782692,0.5189831376075744,nan,nan,nan,nan,nan,nan,nan,nan,nan,nan,nan,nan
361,56831,0.09999999999999998,58.283912499999936,0.2084506068229688,0.3511111111111111,0.9333333333333333,1.0,108.0,0.7222222222222222,3.0,0.17508749999999995,0.6754616081714631,0.6084290623664856,0.5418570607900619,nan,nan,nan,nan,nan,nan,nan,nan,nan,nan,nan,nan
362,57044,0.09999999999999998,84.69891250000019,-2.919370242118834,0.48444444444444446,0.9333333333333333,1.0,213.0,0.5070422535211268,3.0,0.2500875,0.620952844619751,0.5553120255470276,0.5326451063156128,nan,nan,nan,nan,nan,nan,nan,nan,nan,nan,nan,nan
363,57206,0.09999999999999998,99.57507500000014,0.9386216135025036,0.5111111111111111,0.9911111111111112,1.0,162.0,0.7037037037037037,3.0,0.275925,0.6198310077190399,0.5533141493797302,0.5413351863622665,nan,nan,nan,nan,nan,nan,nan,nan,nan,nan,nan,nan
364,57374,0.09999999999999998,90.856684069254,0.9217077836990357,0.49777777777777776,0.9777777777777777,1.0,168.0,0.6607142857142857,9.0,2.202315930746093,0.5924292802810669,0.5274534225463867,0.5304055631160736,nan,nan,nan,nan,nan,nan,nan,nan,nan,nan,nan,nan
365,57503,0.09999999999999998,84.01725000000006,0.2615371527671806,0.43555555555555553,1.0,1.0,129.0,0.751937984496124,2.0,0.06974999999999999,0.6022630572319031,0.538772451877594,0.5194969564676285,nan,nan,nan,nan,nan,nan,nan,nan,nan,nan,nan,nan
366,57613,0.09999999999999998,74.14500000000001,1.0589078338146205,0.39111111111111113,0.9511111111111111,1.0,110.0,0.7909090909090909,1.0,0.015,0.6335325837135315,0.5693325430154801,0.526354506611824,nan,nan,nan,nan,nan,nan,nan,nan,nan,nan,nan,nan
367,57807,0.09999999999999998,84.4168112500001,-1.6676889228820786,0.4888888888888889,1.0,1.0,194.0,0.5618556701030928,4.0,0.50518875,0.6658566892147064,0.5980674952268601,0.5577520966529846,nan,nan,nan,nan,nan,nan,nan,nan,nan,nan,nan,nan
368,57953,0.09999999999999998,65.48413122394133,-3.045091235876083,0.38222222222222224,0.9022222222222223,1.0,146.0,0.5821917808219178,8.0,1.5488687760585933,0.6989357590675354,0.6289427697658538,0.5774258553981781,nan,nan,nan,nan,nan,nan,nan,nan,nan,nan,nan,nan
369,58099,0.09999999999999998,58.331973749999904,-1.8963847615718845,0.35555555555555557,0.8666666666666667,1.0,146.0,0.541095890410959,4.0,0.5010262499999999,0.801613312959671,0.7314745604991912,0.5801812291145325,nan,nan,nan,nan,nan,nan,nan,nan,nan,nan,nan,nan
370,58239,0.09999999999999998,73.06496557132809,-0.2671087296009048,0.39555555555555555,0.96,1.0,140.0,0.6285714285714286,7.0,0.8300344286718748,0.7133968591690063,0.6461735606193543,0.5574995696544647,nan,nan,nan,nan,nan,nan,nan,nan,nan,nan,nan,nan
371,58383,0.09999999999999998,82.85725000000006,0.4549267959594734,0.44,0.9733333333333334,1.0,144.0,0.6805555555555556,2.0,0.06974999999999999,0.7161632657051087,0.6513566851615906,0.5388872176408768,nan,nan,nan,nan,nan,nan,nan,nan,nan,nan,nan,nan
372,58538,0.09999999999999998,88.13850390781259,-0.07142424130439773,0.4622222222222222,0.8488888888888889,1.0,155.0,0.6645161290322581,6.0,0.8314960921874999,0.6256691873073578,0.5618887722492218,0.5318777889013291,nan,nan,nan,nan,nan,nan,nan,nan,nan,nan,nan,nan
373,58683,0.09999999999999998,87.38943400156255,-0.17685453963279563,0.4488888888888889,0.9955555555555555,1.0,145.0,0.6896551724137931,6.0,0.6955659984375,0.608990478515625,0.5444828927516937,0.5393912017345428,nan,nan,nan,nan,nan,nan,nan,nan,nan,nan,nan,nan
374,58789,0.09999999999999998,56.14528062499995,-0.6235991809368124,0.3244444444444444,0.9111111111111111,1.0,106.0,0.6792452830188679,4.0,0.20271937499999998,0.6174927115440368,0.5535076498985291,0.5360778152942658,nan,nan,nan,nan,nan,nan,nan,nan,nan,nan,nan,nan
375,58910,0.09999999999999998,36.61325000000003,-5.376785316705708,0.26666666666666666,0.8444444444444444,1.0,121.0,0.48760330578512395,2.0,0.06974999999999999,0.6609419107437133,0.5944190591573715,0.5585983097553253,0.37888888888888894,0.868,0.85,0.5404575754128793,6.8,1.8879681376861328,0.418,0.9071111111111112,0.95,0.60182652044804,5.6,0.9311933270128906
376,59047,0.09999999999999998,64.04557499999991,-0.4863204946517934,0.38222222222222224,0.84,1.0,137.0,0.6204379562043796,3.0,0.32542499999999996,0.6805354118347168,0.614162391424179,0.5587686598300934,nan,nan,nan,nan,nan,nan,nan,nan,nan,nan,nan,nan
377,59163,0.09999999999999998,59.538499999999935,0.11151996874809322,0.3511111111111111,0.9822222222222222,1.0,116.0,0.6724137931034483,2.0,0.10949999999999999,0.6980847477912903,0.6291264712810516,0.5817954659461975,nan,nan,nan,nan,nan,nan,nan,nan,nan,nan,nan,nan
378,59247,0.09999999999999998,44.62724999999998,-0.7135784211158755,0.26222222222222225,0.9466666666666667,1.0,84.0,0.6904761904761905,2.0,0.06974999999999999,0.7034548938274383,0.6328536033630371,0.59659703373909,nan,nan,nan,nan,nan,nan,nan,nan,nan,nan,nan,nan
379,59447,0.09999999999999998,91.72601303125015,-1.1638505074977856,0.5111111111111111,0.9333333333333333,1.0,200.0,0.57,5.0,0.4889869687499999,0.6583682298660278,0.5907246440649032,0.5737585246562957,nan,nan,nan,nan,nan,nan,nan,nan,nan,nan,nan,nan
380,59638,0.09999999999999998,80.63578062500001,-1.3491117906570413,0.4666666666666667,0.9022222222222223,1.0,191.0,0.5445026178010471,4.0,0.35721937499999995,0.5936657547950744,0.5300493121147156,0.5415495872497559,nan,nan,nan,nan,nan,nan,nan,nan,nan,nan,nan,nan
381,59755,0.09999999999999998,48.371280692691364,-1.020084415435791,0.3022222222222222,0.8711111111111111,1.0,117.0,0.5726495726495726,8.0,1.3047193073085934,0.6477730751037598,0.5848806947469711,0.5365734905004501,nan,nan,nan,nan,nan,nan,nan,nan,nan,nan,nan,nan
382,59922,0.09999999999999998,60.97781587656235,-3.7788965787887587,0.37777777777777777,0.8844444444444445,1.0,167.0,0.5029940119760479,6.0,0.6131841234375,0.6101520419120788,0.5480622857809067,0.5314084410667419,nan,nan,nan,nan,nan,nan,nan,nan,nan,nan,nan,nan
383,60144,0.09999999999999998,86.14769312500034,-23.76236644339562,0.4666666666666667,0.9244444444444444,1.0,222.0,0.46846846846846846,4.0,0.388306875,0.5906242519617081,0.530527925491333,0.5165280789136887,nan,nan,nan,nan,nan,nan,nan,nan,nan,nan,nan,nan
384,60310,0.09999999999999998,91.69722375000012,0.8604124307632444,0.48444444444444446,0.8888888888888888,1.0,166.0,0.6506024096385542,4.0,0.6007762500000001,0.5768507480621338,0.5147878646850585,0.5351273059844971,nan,nan,nan,nan,nan,nan,nan,nan,nan,nan,nan,nan
385,60420,0.09999999999999998,50.06644312499996,-0.44211994671821453,0.3244444444444444,0.88,1.0,110.0,0.6545454545454545,4.0,0.25855687499999996,0.5983849197626114,0.5352681457996369,0.5453637719154358,nan,nan,nan,nan,nan,nan,nan,nan,nan,nan,nan,nan
386,60609,0.09999999999999998,97.00386865625015,0.0058290154933902105,0.5288888888888889,0.9911111111111112,1.0,189.0,0.6243386243386243,5.0,0.8131313437500002,0.6541131138801575,0.59219009578228,0.536997938156128,nan,nan,nan,nan,nan,nan,nan,nan,nan,nan,nan,nan
387,60774,0.09999999999999998,69.99578069269134,-3.626519439697264,0.38666666666666666,0.8266666666666667,1.0,165.0,0.5212121212121212,9.0,1.8842193073085933,0.7129739284515381,0.6470542907714844,0.5734802782535553,nan,nan,nan,nan,nan,nan,nan,nan,nan,nan,nan,nan
388,60959,0.09999999999999998,76.55110053124999,-2.164433335304258,0.4266666666666667,0.9288888888888889,1.0,185.0,0.5135135135135135,5.0,0.40389946875,0.7162525832653046,0.6535524427890778,0.5474294573068619,nan,nan,nan,nan,nan,nan,nan,nan,nan,nan,nan,nan
389,61151,0.09999999999999998,101.63091250000019,-0.7801029481887798,0.5155555555555555,1.0,1.0,192.0,0.5989583333333334,3.0,0.2950875,0.6656257748603821,0.6023615539073944,0.5544197529554367,nan,nan,nan,nan,nan,nan,nan,nan,nan,nan,nan,nan
390,61287,0.09999999999999998,82.25271557132815,0.7865800621509558,0.43555555555555553,1.0,1.0,136.0,0.7132352941176471,7.0,0.7902844286718749,0.6511592090129852,0.5871494680643081,0.5624427974224091,nan,nan,nan,nan,nan,nan,nan,nan,nan,nan,nan,nan
391,61412,0.09999999999999998,73.43024999999996,0.32438789892196795,0.39111111111111113,0.9733333333333334,1.0,125.0,0.696,2.0,0.11474999999999999,0.7110905230045319,0.6488995909690857,0.5477983176708221,nan,nan,nan,nan,nan,nan,nan,nan,nan,nan,nan,nan
392,61600,0.09999999999999998,93.13216640781259,-0.4340143346786486,0.48,0.9733333333333334,1.0,188.0,0.5691489361702128,6.0,0.9068335921874998,0.6382450938224793,0.5758239775896072,0.5518566727638244,nan,nan,nan,nan,nan,nan,nan,nan,nan,nan,nan,nan
393,61778,0.09999999999999998,67.46036356249996,-2.600038764953613,0.4,0.8755555555555555,1.0,178.0,0.5,5.0,0.7586364375,0.7090516746044159,0.6471451908349991,0.549227488040924,nan,nan,nan,nan,nan,nan,nan,nan,nan,nan,nan,nan
394,61912,0.09999999999999998,70.03953062499995,-0.4455685970783225,0.39111111111111113,0.8977777777777778,1.0,134.0,0.6492537313432836,4.0,0.257469375,0.632169884443283,0.5702993631362915,0.5503623962402344,nan,nan,nan,nan,nan,nan,nan,nan,nan,nan,nan,nan
395,62031,0.09999999999999998,66.21406587656243,0.0796632943153397,0.37333333333333335,0.92,1.0,119.0,0.6974789915966386,6.0,0.5929341234375,0.7369266986846924,0.6718491673469543,0.5802549839019775,nan,nan,nan,nan,nan,nan,nan,nan,nan,nan,nan,nan
396,62165,0.09999999999999998,77.47141250000001,0.5231924774646775,0.4311111111111111,0.8977777777777778,1.0,134.0,0.7164179104477612,3.0,0.14058749999999998,0.6958518922328949,0.6326621025800705,0.5649230182170868,nan,nan,nan,nan,nan,nan,nan,nan,nan,nan,nan,nan
397,62361,0.09999999999999998,85.52904372394151,-0.8743304276466358,0.48444444444444446,0.9644444444444444,1.0,196.0,0.5510204081632653,10.0,2.7539562760585934,0.6861331284046173,0.6219212472438812,0.5763047873973847,nan,nan,nan,nan,nan,nan,nan,nan,nan,nan,nan,nan
398,62501,0.09999999999999998,78.86728062500005,0.7379328937530527,0.43555555555555553,0.9288888888888889,1.0,140.0,0.6928571428571428,4.0,0.24771937500000002,0.6826297461986541,0.6200628042221069,0.5631136506795883,nan,nan,nan,nan,nan,nan,nan,nan,nan,nan,nan,nan
399,62693,0.09999999999999998,106.85303062500033,-1.576371036767966,0.5377777777777778,0.9955555555555555,1.0,192.0,0.625,4.0,0.17796937499999999,0.6818605840206147,0.6236098855733871,0.5262877374887467,nan,nan,nan,nan,nan,nan,nan,nan,nan,nan,nan,nan
400,62783,0.09999999999999998,61.17999999999992,0.07644645285606555,0.3288888888888889,0.9822222222222222,1.0,90.0,0.8111111111111111,1.0,0.015,0.6782111585140228,0.6157890975475311,0.5649964660406113,0.38066666666666665,0.8900000000000002,0.9,0.5041881215797185,5.0,1.1185675445636718,0.4384444444444445,0.9133333333333333,0.95,0.6031782171025583,6.85,1.9477523001912111
401,62957,0.09999999999999998,75.75750000000001,-1.8739490568637853,0.4266666666666667,0.9066666666666666,1.0,174.0,0.5459770114942529,2.0,0.15449999999999997,1.1015255987644195,1.0430751502513886,0.5309065550565719,nan,nan,nan,nan,nan,nan,nan,nan,nan,nan,nan,nan
402,63073,0.09999999999999998,51.762662499999934,-0.5141940789222708,0.3244444444444444,0.8888888888888888,1.0,116.0,0.6206896551724138,3.0,0.16533749999999997,0.9880065441131591,0.9306883156299591,0.5218443959951401,nan,nan,nan,nan,nan,nan,nan,nan,nan,nan,nan,nan
403,63231,0.09999999999999998,37.522203071328185,-4.7935724649429305,0.27555555555555555,0.8222222222222222,1.0,158.0,0.3860759493670886,7.0,1.0867969286718746,0.8082772731781006,0.7513815581798553,0.5196588307619094,nan,nan,nan,nan,nan,nan,nan,nan,nan,nan,nan,nan
404,63374,0.09999999999999998,72.90891249999997,-0.7860507316589356,0.38666666666666666,1.0,1.0,143.0,0.6013986013986014,3.0,0.22008749999999996,0.7726293683052063,0.7092521250247955,0.5805430769920349,nan,nan,nan,nan,nan,nan,nan,nan,nan,nan,nan,nan
405,63490,0.09999999999999998,56.592999999999925,-0.42695958566665493,0.3377777777777778,0.9822222222222222,1.0,116.0,0.646551724137931,1.0,0.09,0.8206803202629089,0.7563766479492188,0.5904233515262604,nan,nan,nan,nan,nan,nan,nan,nan,nan,nan,nan,nan
406,63576,0.09999999999999998,41.00324999999999,-1.4615144743919375,0.27111111111111114,0.8133333333333334,1.0,86.0,0.6976744186046512,2.0,0.08474999999999999,0.7794703781604767,0.7153858661651611,0.5894454300403595,nan,nan,nan,nan,nan,nan,nan,nan,nan,nan,nan,nan
407,63727,0.09999999999999998,60.06824626401944,-0.23815237045288018,0.38222222222222224,0.9466666666666667,1.0,151.0,0.5629139072847682,8.0,2.074753735980468,0.8014187037944793,0.7320539057254791,0.6399884760379791,nan,nan,nan,nan,nan,nan,nan,nan,nan,nan,nan,nan
408,63845,0.09999999999999998,49.058662499999954,-0.8031755032539356,0.3244444444444444,0.84,1.0,118.0,0.6101694915254238,3.0,0.15033749999999999,0.775984787940979,0.7095944881439209,0.6140300512313843,nan,nan,nan,nan,nan,nan,nan,nan,nan,nan,nan,nan
409,64042,0.09999999999999998,105.77619319269164,0.562159860849381,0.5466666666666666,0.9911111111111112,1.0,197.0,0.6192893401015228,9.0,2.0398068073085938,0.7494467079639435,0.6866086244583129,0.5835391700267791,nan,nan,nan,nan,nan,nan,nan,nan,nan,nan,nan,nan
410,64151,0.09999999999999998,58.496684001562414,-0.42816897583007707,0.32,0.9733333333333334,1.0,109.0,0.6513761467889908,6.0,0.6603159984375,0.7902194142341614,0.7285298049449921,0.5741653740406036,nan,nan,nan,nan,nan,nan,nan,nan,nan,nan,nan,nan
411,64278,0.09999999999999998,69.80091249999994,0.6822439734935772,0.4,0.9333333333333333,1.0,127.0,0.7007874015748031,3.0,0.20508749999999998,0.8497166812419892,0.7848106741905212,0.6056925594806671,nan,nan,nan,nan,nan,nan,nan,nan,nan,nan,nan,nan
412,64366,0.09999999999999998,42.319249999999975,-0.45048900222778177,0.26222222222222225,0.8088888888888889,1.0,88.0,0.6590909090909091,2.0,0.09974999999999999,0.7333876967430115,0.6668283998966217,0.6222562193870544,nan,nan,nan,nan,nan,nan,nan,nan,nan,nan,nan,nan
413,64548,0.09999999999999998,62.41732951038263,-2.028046329021453,0.3688888888888889,0.8755555555555555,1.0,182.0,0.45054945054945056,12.0,5.5336704896171875,0.7731361746788025,0.7106477320194244,0.5864154666662216,nan,nan,nan,nan,nan,nan,nan,nan,nan,nan,nan,nan
414,64721,0.09999999999999998,104.73950000000025,-0.21622102999687742,0.5333333333333333,1.0,1.0,173.0,0.6878612716763006,2.0,0.12449999999999999,0.7646496295928955,0.7039341866970062,0.5718400955200196,nan,nan,nan,nan,nan,nan,nan,nan,nan,nan,nan,nan
415,64831,0.09999999999999998,71.95941249999996,0.6232652146816271,0.38222222222222224,1.0,1.0,110.0,0.7727272727272727,3.0,0.09558749999999998,0.7737008333206177,0.712003767490387,0.5824263751506805,nan,nan,nan,nan,nan,nan,nan,nan,nan,nan,nan,nan
416,65000,0.09999999999999998,74.79528062500003,-1.0943325412273401,0.44,0.9644444444444444,1.0,169.0,0.5798816568047337,4.0,0.346719375,0.7692425191402436,0.7118953883647918,0.5432886064052582,nan,nan,nan,nan,nan,nan,nan,nan,nan,nan,nan,nan
417,65183,0.09999999999999998,96.83074619632826,0.8906033859252949,0.5244444444444445,0.9555555555555556,1.0,183.0,0.639344262295082,7.0,1.0282538036718747,0.7113982379436493,0.6534869492053985,0.5507551372051239,nan,nan,nan,nan,nan,nan,nan,nan,nan,nan,nan,nan
418,65321,0.09999999999999998,66.2923811562499,-0.8580468418598157,0.3688888888888889,0.8888888888888888,1.0,138.0,0.5942028985507246,5.0,0.57661884375,0.7727090239524841,0.713549154996872,0.5642752766609191,nan,nan,nan,nan,nan,nan,nan,nan,nan,nan,nan,nan
419,65492,0.09999999999999998,83.96791250000015,-1.3184069185256944,0.4488888888888889,0.9466666666666667,1.0,171.0,0.5847953216374269,3.0,0.2500875,0.7427964985370636,0.6835733830928803,0.5669333726167679,nan,nan,nan,nan,nan,nan,nan,nan,nan,nan,nan,nan
420,65616,0.09999999999999998,72.65641249999996,0.5844708807468422,0.40444444444444444,0.9777777777777777,1.0,124.0,0.7258064516129032,3.0,0.11058749999999999,0.720118659734726,0.6601256966590882,0.5758217513561249,nan,nan,nan,nan,nan,nan,nan,nan,nan,nan,nan,nan
421,65725,0.09999999999999998,62.14699999999992,0.08190684533119374,0.35555555555555557,0.9466666666666667,1.0,109.0,0.7247706422018348,1.0,0.06,0.7998672664165497,0.7418863415718079,0.5578069686889648,nan,nan,nan,nan,nan,nan,nan,nan,nan,nan,nan,nan
422,65847,0.09999999999999998,82.07625000000004,1.0469809794425948,0.4222222222222222,0.9777777777777777,1.0,122.0,0.7704918032786885,2.0,0.05474999999999999,0.8152932345867157,0.7558423221111298,0.5734445750713348,nan,nan,nan,nan,nan,nan,nan,nan,nan,nan,nan,nan
423,66020,0.09999999999999998,77.76863244632813,0.19768037843704334,0.4533333333333333,0.8577777777777778,1.0,173.0,0.5838150289017341,7.0,1.3953675536718746,0.7778743863105774,0.7190196812152863,0.5698067486286164,nan,nan,nan,nan,nan,nan,nan,nan,nan,nan,nan,nan
424,66195,0.09999999999999998,95.75140869632826,0.9644519343376128,0.49777777777777776,0.8533333333333334,1.0,175.0,0.6342857142857142,7.0,1.073591303671875,0.735116696357727,0.6748578757047653,0.5856056988239289,nan,nan,nan,nan,nan,nan,nan,nan,nan,nan,nan,nan
425,66386,0.09999999999999998,89.28891237812502,-0.686585984706879,0.4622222222222222,0.9955555555555555,1.0,191.0,0.5392670157068062,6.0,1.2940876218749997,0.7126398742198944,0.6590698897838593,0.522758686542511,0.39555555555555555,0.8857777777777779,0.95,0.6102203482671553,3.9,0.48599186536933586,0.4375555555555556,0.9142222222222222,0.9,0.6336341186648674,3.55,0.5030398658888672
426,66523,0.09999999999999998,74.1001280713281,-0.004550248384475042,0.40444444444444444,0.9466666666666667,1.0,137.0,0.656934306569343,7.0,0.8408719286718748,0.7310448050498962,0.6730571746826172,0.5675539791584014,nan,nan,nan,nan,nan,nan,nan,nan,nan,nan,nan,nan
427,66665,0.09999999999999998,69.8667630312499,-0.2605744781494137,0.38666666666666666,0.8888888888888888,1.0,142.0,0.6056338028169014,5.0,0.4792369687499999,0.7610633790493011,0.7027088344097138,0.5729146718978881,nan,nan,nan,nan,nan,nan,nan,nan,nan,nan,nan,nan
428,66797,0.09999999999999998,74.50628069269138,-0.10234143447875843,0.4088888888888889,0.8577777777777778,1.0,132.0,0.6893939393939394,8.0,1.3047193073085934,0.7694138586521149,0.7148288130760193,0.5374541193246841,nan,nan,nan,nan,nan,nan,nan,nan,nan,nan,nan,nan
429,66967,0.09999999999999998,57.17999999999979,-12.615326078891753,0.3511111111111111,0.9111111111111111,1.0,170.0,0.4588235294117647,1.0,0.09,0.7858582258224487,0.7304172396659852,0.5479200303554534,nan,nan,nan,nan,nan,nan,nan,nan,nan,nan,nan,nan
430,67084,0.09999999999999998,52.395999999999944,-2.8149980492591875,0.3288888888888889,0.8222222222222222,1.0,117.0,0.6239316239316239,1.0,0.015,0.7644173860549927,0.7028714001178742,0.6098223149776458,nan,nan,nan,nan,nan,nan,nan,nan,nan,nan,nan,nan
431,67266,0.09999999999999998,79.54800906925391,-0.3581856675147994,0.4711111111111111,0.8933333333333333,1.0,182.0,0.5769230769230769,8.0,2.017990930746093,0.7587931513786316,0.699222719669342,0.5926227152347565,nan,nan,nan,nan,nan,nan,nan,nan,nan,nan,nan,nan
432,67405,0.09999999999999998,82.48700000000001,-0.573616309404372,0.4266666666666667,1.0,1.0,139.0,0.6834532374100719,1.0,0.06,0.785429960489273,0.724707955121994,0.6059409737586975,nan,nan,nan,nan,nan,nan,nan,nan,nan,nan,nan,nan
433,67558,0.09999999999999998,75.14950000000007,-0.2297214894294728,0.4088888888888889,0.92,1.0,153.0,0.5947712418300654,2.0,0.13949999999999999,0.7017252385616303,0.6440332859754563,0.5776641488075256,nan,nan,nan,nan,nan,nan,nan,nan,nan,nan,nan,nan
434,67801,0.09999999999999998,113.14047860257847,-1.394077613353736,0.5866666666666667,1.0,1.0,243.0,0.5390946502057613,7.0,1.3835213974218747,0.7338868975639343,0.6757684290409088,0.585098284482956,nan,nan,nan,nan,nan,nan,nan,nan,nan,nan,nan,nan
435,67975,0.09999999999999998,80.67275000000002,0.2369144792556772,0.47555555555555556,0.9511111111111111,1.0,174.0,0.6091954022988506,2.0,0.22425,0.7020231485366821,0.6436132431030274,0.5903302311897278,nan,nan,nan,nan,nan,nan,nan,nan,nan,nan,nan,nan
436,68147,0.09999999999999998,57.80288631769124,-1.8572459282875058,0.3688888888888889,0.9244444444444444,1.0,172.0,0.47674418604651164,18.0,6.7631136823085924,0.7778946101665497,0.7222725927829743,0.5643341064453125,nan,nan,nan,nan,nan,nan,nan,nan,nan,nan,nan,nan
437,68314,0.09999999999999998,90.56009650156258,0.4603651645183575,0.47555555555555556,0.8933333333333333,1.0,167.0,0.6347305389221557,6.0,0.8009034984375001,0.7411349236965179,0.6828312754631043,0.5937772452831268,nan,nan,nan,nan,nan,nan,nan,nan,nan,nan,nan,nan
438,68459,0.09999999999999998,76.82024999999999,0.3980826063156142,0.4311111111111111,0.8977777777777778,1.0,145.0,0.6620689655172414,2.0,0.21975000000000006,0.6526644825935364,0.599993085861206,0.5381831228733063,nan,nan,nan,nan,nan,nan,nan,nan,nan,nan,nan,nan
439,68631,0.09999999999999998,93.28616250000016,0.6794798531532296,0.49777777777777776,0.9422222222222222,1.0,172.0,0.6453488372093024,3.0,0.24483749999999999,0.7445418298244476,0.6888392269611359,0.5713869899511337,nan,nan,nan,nan,nan,nan,nan,nan,nan,nan,nan,nan
440,68782,0.09999999999999998,76.24960562500002,-1.6217287802696223,0.4177777777777778,0.9866666666666667,1.0,151.0,0.6158940397350994,4.0,0.4583943749999999,0.7182232022285462,0.6603833258152008,0.5953598946332932,nan,nan,nan,nan,nan,nan,nan,nan,nan,nan,nan,nan
441,68973,0.09999999999999998,93.51571409375009,1.1198644375801075,0.5511111111111111,0.9822222222222222,1.0,191.0,0.643979057591623,5.0,1.08228590625,0.6839836657047271,0.6283267974853516,0.5754036724567413,nan,nan,nan,nan,nan,nan,nan,nan,nan,nan,nan,nan
442,69134,0.09999999999999998,86.47291250000009,-0.43254046273231284,0.4666666666666667,0.9466666666666667,1.0,161.0,0.6459627329192547,3.0,0.2200875,0.7770304322242737,0.7217178463935852,0.5739672064781189,nan,nan,nan,nan,nan,nan,nan,nan,nan,nan,nan,nan
443,69265,0.09999999999999998,96.00350000000009,1.948971858501431,0.48444444444444446,1.0,1.0,131.0,0.8244274809160306,2.0,0.10949999999999999,0.6748103737831116,0.6178074747323989,0.593299514055252,nan,nan,nan,nan,nan,nan,nan,nan,nan,nan,nan,nan
444,69398,0.09999999999999998,77.28450000000001,-0.08020681667327789,0.41333333333333333,0.8488888888888889,1.0,133.0,0.6917293233082706,2.0,0.10949999999999999,0.6732027530670166,0.6214969754219055,0.5398265808820725,nan,nan,nan,nan,nan,nan,nan,nan,nan,nan,nan,nan
445,69567,0.09999999999999998,84.18775000000011,-0.9031476054191577,0.4666666666666667,0.9333333333333333,1.0,169.0,0.6153846153846154,2.0,0.14925,0.7428998291492462,0.6879153490066529,0.5763169765472412,nan,nan,nan,nan,nan,nan,nan,nan,nan,nan,nan,nan
446,69773,0.09999999999999998,91.44673750000013,0.567405279636382,0.5422222222222223,1.0,1.0,206.0,0.587378640776699,3.0,0.5012625,0.8081178903579712,0.7514788627624511,0.596521258354187,nan,nan,nan,nan,nan,nan,nan,nan,nan,nan,nan,nan
447,69872,0.09999999999999998,45.77724999999998,-1.1813292737007142,0.28444444444444444,0.92,1.0,99.0,0.6363636363636364,2.0,0.039749999999999994,0.7246650636196137,0.6665233612060547,0.6137695014476776,nan,nan,nan,nan,nan,nan,nan,nan,nan,nan,nan,nan
448,69999,0.09999999999999998,74.84744312499998,-0.6295346853733046,0.39111111111111113,1.0,1.0,127.0,0.6850393700787402,4.0,0.273556875,0.777627557516098,0.721722137928009,0.5919257581233979,nan,nan,nan,nan,nan,nan,nan,nan,nan,nan,nan,nan
449,70161,0.09999999999999998,97.79116250000011,0.603878910064698,0.49333333333333335,0.9955555555555555,1.0,162.0,0.6790123456790124,3.0,0.25983749999999994,0.7168311476707458,0.6609363704919815,0.5940774440765381,nan,nan,nan,nan,nan,nan,nan,nan,nan,nan,nan,nan
450,70297,0.09999999999999998,76.06682500000001,0.21731414985656827,0.41333333333333333,0.8933333333333333,1.0,136.0,0.6764705882352942,3.0,0.221175,0.7275362908840179,0.6723913013935089,0.5879971921443939,0.41555555555555557,0.9295555555555556,1.0,0.6323661954544921,4.7,0.80162533045,0.436888888888889,0.9051111111111112,0.95,0.6166629415553245,4.15,0.5590244870880858
451,70379,0.09999999999999998,48.88599999999998,0.1405210947990434,0.29333333333333333,0.9911111111111112,1.0,82.0,0.7926829268292683,1.0,0.03,0.7662855505943298,0.7105358958244323,0.5956018507480622,nan,nan,nan,nan,nan,nan,nan,nan,nan,nan,nan,nan
452,70515,0.09999999999999998,67.36113624999993,-0.17586280846595603,0.39555555555555555,0.9555555555555556,1.0,136.0,0.6470588235294118,4.0,0.52686375,0.810879361629486,0.7546142756938934,0.6030556410551071,nan,nan,nan,nan,nan,nan,nan,nan,nan,nan,nan,nan
453,70611,0.09999999999999998,52.53799999999995,0.037064593553544745,0.32,0.92,1.0,96.0,0.7395833333333334,1.0,0.045,0.7615636944770813,0.702772730588913,0.6315723061561584,nan,nan,nan,nan,nan,nan,nan,nan,nan,nan,nan,nan
454,70810,0.09999999999999998,92.41100444269148,-1.0935814676284785,0.49777777777777776,0.9422222222222222,1.0,199.0,0.5577889447236181,10.0,2.750995557308594,0.7850391149520874,0.7259732782840729,0.6375539898872375,nan,nan,nan,nan,nan,nan,nan,nan,nan,nan,nan,nan
455,70989,0.09999999999999998,95.10453062500021,0.28500335097313045,0.49333333333333335,0.9466666666666667,1.0,179.0,0.6145251396648045,4.0,0.302469375,0.7337149143218994,0.6788858950138092,0.5943740725517273,nan,nan,nan,nan,nan,nan,nan,nan,nan,nan,nan,nan
456,71152,0.09999999999999998,89.15782500000006,0.08946966576576387,0.4888888888888889,1.0,1.0,163.0,0.6687116564417178,3.0,0.19117499999999998,0.8075690865516663,0.753403776884079,0.5894938468933105,nan,nan,nan,nan,nan,nan,nan,nan,nan,nan,nan,nan
457,71301,0.09999999999999998,74.91666250000006,-1.8123770508766164,0.4222222222222222,0.9555555555555556,1.0,149.0,0.6308724832214765,3.0,0.15033749999999996,0.7741626799106598,0.7212388634681701,0.5780654430389405,nan,nan,nan,nan,nan,nan,nan,nan,nan,nan,nan,nan
458,71480,0.09999999999999998,61.301105692691316,-2.250746186494826,0.40444444444444444,0.9377777777777778,1.0,179.0,0.5027932960893855,9.0,1.9358943073085932,0.7772217333316803,0.7252305150032043,0.5703571200370788,nan,nan,nan,nan,nan,nan,nan,nan,nan,nan,nan,nan
459,71670,0.09999999999999998,103.37578069269166,0.7873349547386119,0.5377777777777778,0.9288888888888889,1.0,190.0,0.631578947368421,8.0,1.4592193073085928,0.7690644800662995,0.7164237260818481,0.580170065164566,nan,nan,nan,nan,nan,nan,nan,nan,nan,nan,nan,nan
460,71775,0.09999999999999998,57.61524999999993,-0.5044040122032152,0.3422222222222222,0.8666666666666667,1.0,105.0,0.7238095238095238,2.0,0.05474999999999999,0.6809342443943024,0.625693890452385,0.6103906691074371,nan,nan,nan,nan,nan,nan,nan,nan,nan,nan,nan,nan
461,71955,0.09999999999999998,102.75635053125015,0.7720922830104839,0.5333333333333333,0.9822222222222222,1.0,180.0,0.6611111111111111,5.0,0.44364946874999994,0.6849120557308197,0.6298526585102081,0.6110921561717987,nan,nan,nan,nan,nan,nan,nan,nan,nan,nan,nan,nan
462,72140,0.09999999999999998,83.54194312500007,-0.22261699628829867,0.4622222222222222,0.9111111111111111,1.0,185.0,0.5567567567567567,4.0,0.383056875,0.6557567358016968,0.6046486616134643,0.5698374032974243,nan,nan,nan,nan,nan,nan,nan,nan,nan,nan,nan,nan
463,72352,0.09999999999999998,94.07474525156267,-0.4356792249679543,0.52,0.92,1.0,212.0,0.5471698113207547,6.0,1.0762547484375,0.6954049825668335,0.6434056162834167,0.5828364312648773,nan,nan,nan,nan,nan,nan,nan,nan,nan,nan,nan,nan
464,72518,0.09999999999999998,92.14825000000019,-0.14356388235092132,0.48444444444444446,0.9822222222222222,1.0,166.0,0.6506024096385542,2.0,0.11474999999999999,0.6852542877197265,0.635803547501564,0.5565711945295334,nan,nan,nan,nan,nan,nan,nan,nan,nan,nan,nan,nan
465,72725,0.09999999999999998,100.65865337656274,-0.9163625910282124,0.5422222222222223,0.9955555555555555,1.0,207.0,0.5845410628019324,6.0,0.6023466234374999,0.6452179253101349,0.5937067568302155,0.5827787339687347,nan,nan,nan,nan,nan,nan,nan,nan,nan,nan,nan,nan
466,72843,0.09999999999999998,55.496530624999934,-1.4707772746086112,0.3244444444444444,0.96,1.0,118.0,0.6101694915254238,4.0,0.242469375,0.6659168899059296,0.6157412350177764,0.569358366727829,nan,nan,nan,nan,nan,nan,nan,nan,nan,nan,nan,nan
467,73038,0.09999999999999998,106.6728113176916,0.46626786994933944,0.5511111111111111,0.9866666666666667,1.0,195.0,0.6307692307692307,8.0,1.5621886823085933,0.7698873937129974,0.7204735755920411,0.563484251499176,nan,nan,nan,nan,nan,nan,nan,nan,nan,nan,nan,nan
468,73212,0.09999999999999998,89.21225000000011,-0.22644571971893157,0.4666666666666667,1.0,1.0,174.0,0.5977011494252874,2.0,0.09974999999999999,0.6750578284263611,0.6266140162944793,0.5548695713281632,nan,nan,nan,nan,nan,nan,nan,nan,nan,nan,nan,nan
469,73303,0.09999999999999998,47.54799999999998,-0.7812411403656003,0.3022222222222222,0.9644444444444444,1.0,91.0,0.7362637362637363,1.0,0.015,0.6624628782272339,0.6157077580690384,0.5367707669734955,nan,nan,nan,nan,nan,nan,nan,nan,nan,nan,nan,nan
470,73370,0.09999999999999998,24.51625000000002,-1.5789890077114104,0.2,0.7377777777777778,0.0,67.0,0.6567164179104478,2.0,0.08474999999999999,0.8554050207138062,0.804773497581482,0.5822690486907959,nan,nan,nan,nan,nan,nan,nan,nan,nan,nan,nan,nan
471,73534,0.09999999999999998,100.23200000000016,0.46900836229324505,0.5155555555555555,1.0,1.0,164.0,0.7012195121951219,1.0,0.135,0.7802451729774476,0.7282187104225158,0.6008291423320771,nan,nan,nan,nan,nan,nan,nan,nan,nan,nan,nan,nan
472,73660,0.09999999999999998,78.03003062500005,0.12197412610054115,0.4311111111111111,0.9555555555555556,1.0,126.0,0.7619047619047619,4.0,0.14796937499999996,0.7645608305931091,0.7134971141815185,0.5916239023208618,nan,nan,nan,nan,nan,nan,nan,nan,nan,nan,nan,nan
473,73795,0.09999999999999998,70.47046557132806,-1.5676878342628473,0.38666666666666666,0.8133333333333334,1.0,135.0,0.6370370370370371,7.0,0.9545344286718748,0.8563355326652526,0.8043324112892151,0.6046093285083771,nan,nan,nan,nan,nan,nan,nan,nan,nan,nan,nan,nan
474,73966,0.09999999999999998,73.04816249999998,-2.5379514565467822,0.4,0.9866666666666667,1.0,171.0,0.52046783625731,3.0,0.2748375,0.7697442054748536,0.7181235015392303,0.6028263747692109,nan,nan,nan,nan,nan,nan,nan,nan,nan,nan,nan,nan
475,74120,0.09999999999999998,88.65700000000008,-0.20568651437759278,0.4711111111111111,0.8177777777777778,1.0,154.0,0.6818181818181818,1.0,0.045,0.7478438138961792,0.6979283690452576,0.58525151014328,0.4062222222222222,0.962,1.0,0.655181963268743,2.3,0.17927034984374998,0.44333333333333336,0.9397777777777778,1.0,0.6420168239474744,4.2,0.521908494117578
476,74317,0.09999999999999998,80.40781587656268,-5.453996768951425,0.4444444444444444,0.9911111111111112,1.0,197.0,0.5025380710659898,6.0,0.5231841234374999,0.7287485122680664,0.6772977888584137,0.6063647568225861,nan,nan,nan,nan,nan,nan,nan,nan,nan,nan,nan,nan
477,74486,0.09999999999999998,79.39869312500002,-0.4853672878742211,0.4533333333333333,0.9733333333333334,1.0,169.0,0.5976331360946746,4.0,0.358306875,0.7908714950084687,0.7386588156223297,0.6180803060531617,nan,nan,nan,nan,nan,nan,nan,nan,nan,nan,nan,nan
478,74617,0.09999999999999998,68.00903069269133,-0.18102948355674675,0.38666666666666666,0.9288888888888889,1.0,131.0,0.6564885496183206,11.0,2.9089693073085936,0.7893652021884918,0.7373319327831268,0.6180865347385407,nan,nan,nan,nan,nan,nan,nan,nan,nan,nan,nan,nan
479,74728,0.09999999999999998,63.723249999999894,0.4692516765594492,0.36,0.9288888888888889,1.0,111.0,0.7207207207207207,2.0,0.09974999999999999,0.7937329590320588,0.7441248178482056,0.591010856628418,nan,nan,nan,nan,nan,nan,nan,nan,nan,nan,nan,nan
480,74867,0.09999999999999998,57.730203071328056,-0.6727562301158886,0.36,0.9333333333333333,1.0,139.0,0.5755395683453237,7.0,1.086796928671875,0.8095033288002014,0.7603968024253845,0.5871958196163177,nan,nan,nan,nan,nan,nan,nan,nan,nan,nan,nan,nan
481,74949,0.09999999999999998,46.84124999999998,-0.08984312725067012,0.28444444444444444,0.9644444444444444,1.0,82.0,0.7682926829268293,2.0,0.039749999999999994,0.7609742164611817,0.7115065276622772,0.5928060054779053,nan,nan,nan,nan,nan,nan,nan,nan,nan,nan,nan,nan
482,75153,0.09999999999999998,105.64666250000023,0.5210206613540664,0.5555555555555556,0.9333333333333333,1.0,204.0,0.6078431372549019,3.0,0.27033750000000006,0.7556162059307099,0.7079998791217804,0.573736822605133,nan,nan,nan,nan,nan,nan,nan,nan,nan,nan,nan,nan
483,75280,0.09999999999999998,60.77306587656239,-1.61160164952278,0.3466666666666667,0.8266666666666667,1.0,127.0,0.6062992125984252,6.0,0.6379341234374999,0.7624250769615173,0.7135884523391723,0.5904482007026672,nan,nan,nan,nan,nan,nan,nan,nan,nan,nan,nan,nan
484,75422,0.09999999999999998,74.65244312499996,0.09333031272888315,0.4222222222222222,0.9822222222222222,1.0,142.0,0.6619718309859155,4.0,0.288556875,0.7554997146129608,0.7102110654115676,0.5496491700410843,nan,nan,nan,nan,nan,nan,nan,nan,nan,nan,nan,nan
485,75529,0.09999999999999998,63.4812499999999,0.003163790702820579,0.3466666666666667,0.9066666666666666,1.0,107.0,0.719626168224299,2.0,0.09974999999999999,0.7475171625614166,0.6988359689712524,0.592532879114151,nan,nan,nan,nan,nan,nan,nan,nan,nan,nan,nan,nan
486,75697,0.09999999999999998,73.0100967952695,-0.8007212591171262,0.4266666666666667,0.8888888888888888,1.0,168.0,0.5654761904761905,8.0,2.363903204730468,0.742835134267807,0.6959629595279694,0.5731184899806976,nan,nan,nan,nan,nan,nan,nan,nan,nan,nan,nan,nan
487,75861,0.09999999999999998,88.51776812500009,0.48379048633575494,0.48,0.9466666666666667,1.0,164.0,0.6524390243902439,4.0,0.5142318749999999,0.7684893786907196,0.7223814249038696,0.5662976384162903,nan,nan,nan,nan,nan,nan,nan,nan,nan,nan,nan,nan
488,76026,0.09999999999999998,83.10778062500003,-0.35593731379508897,0.4577777777777778,0.8977777777777778,1.0,165.0,0.6181818181818182,4.0,0.37221937499999996,0.764464658498764,0.7165926069021225,0.5906241625547409,nan,nan,nan,nan,nan,nan,nan,nan,nan,nan,nan,nan
489,76255,0.09999999999999998,67.78721557132823,-9.770230389595032,0.4,0.9244444444444444,1.0,229.0,0.388646288209607,7.0,0.9147844286718747,0.8161005914211273,0.7666587114334107,0.6138459742069244,nan,nan,nan,nan,nan,nan,nan,nan,nan,nan,nan,nan
490,76474,0.09999999999999998,102.49419312500031,-1.394633496761322,0.5422222222222223,0.9866666666666667,1.0,219.0,0.5525114155251142,4.0,0.392806875,0.7871371448040009,0.736784714460373,0.6289511084556579,nan,nan,nan,nan,nan,nan,nan,nan,nan,nan,nan,nan
491,76636,0.09999999999999998,98.07566250000016,0.668575022459031,0.5066666666666667,0.9244444444444444,1.0,162.0,0.6975308641975309,3.0,0.22533750000000002,0.7851460218429566,0.7356700658798218,0.6207947194576263,nan,nan,nan,nan,nan,nan,nan,nan,nan,nan,nan,nan
492,76823,0.09999999999999998,94.7330306250003,-1.3568133656978645,0.4888888888888889,0.9466666666666667,1.0,187.0,0.5828877005347594,4.0,0.20796937499999996,0.768504923582077,0.7188674986362458,0.6260851442813873,nan,nan,nan,nan,nan,nan,nan,nan,nan,nan,nan,nan
493,76960,0.09999999999999998,74.14982499999998,0.008837148666382744,0.4222222222222222,1.0,1.0,137.0,0.6861313868613139,3.0,0.251175,0.8040799975395203,0.7586875796318054,0.5747492611408234,nan,nan,nan,nan,nan,nan,nan,nan,nan,nan,nan,nan
494,77127,0.09999999999999998,100.10853062500017,1.0039020307064044,0.5155555555555555,1.0,1.0,167.0,0.688622754491018,4.0,0.28746937499999997,0.8163789331912994,0.7718717396259308,0.5662013173103333,nan,nan,nan,nan,nan,nan,nan,nan,nan,nan,nan,nan
495,77257,0.09999999999999998,78.91525000000001,-0.1456830337047561,0.41333333333333333,0.9911111111111112,1.0,130.0,0.7076923076923077,2.0,0.09974999999999999,0.7317078590393067,0.684778243303299,0.5992204427719117,nan,nan,nan,nan,nan,nan,nan,nan,nan,nan,nan,nan
496,77404,0.09999999999999998,70.17066249999995,-0.2267270851135239,0.4088888888888889,1.0,1.0,147.0,0.6190476190476191,3.0,0.18033749999999998,0.7469842076301575,0.6997238755226135,0.6059706509113312,nan,nan,nan,nan,nan,nan,nan,nan,nan,nan,nan,nan
497,77513,0.09999999999999998,51.847749999999934,-1.1603251922130584,0.29777777777777775,0.8311111111111111,1.0,109.0,0.6055045871559633,2.0,0.17925000000000002,0.790260499715805,0.7426681220531464,0.6121294558048248,nan,nan,nan,nan,nan,nan,nan,nan,nan,nan,nan,nan
498,77650,0.09999999999999998,55.95124999999994,-2.054958693981169,0.38222222222222224,0.8533333333333334,1.0,137.0,0.6204379562043796,2.0,0.09974999999999999,0.8060553073883057,0.7590605080127716,0.6068195462226867,nan,nan,nan,nan,nan,nan,nan,nan,nan,nan,nan,nan
499,77830,0.09999999999999998,82.76437807132821,-0.8137650325298309,0.4711111111111111,0.9466666666666667,1.0,180.0,0.5833333333333334,7.0,0.9706219286718749,0.7287613868713378,0.6802085041999817,0.6301931500434875,nan,nan,nan,nan,nan,nan,nan,nan,nan,nan,nan,nan
500,77994,0.09999999999999998,91.4108250000001,0.10762897658348192,0.48444444444444446,0.9244444444444444,1.0,164.0,0.6585365853658537,3.0,0.23617500000000002,0.8028583526611328,0.7557665646076203,0.6141339361667633,0.41577777777777775,0.896888888888889,0.9,0.5860455193160423,4.35,0.7503073365437499,0.41066666666666657,0.9084444444444444,0.95,0.5770430177936323,4.85,0.7770891645902342
501,78178,0.09999999999999998,83.55800000000006,-1.5054409768581374,0.4488888888888889,0.8755555555555555,1.0,184.0,0.5434782608695652,2.0,0.189,1.1854636132717133,1.138357836008072,0.617609852552414,nan,nan,nan,nan,nan,nan,nan,nan,nan,nan,nan,nan
502,78306,0.09999999999999998,68.23307499999993,-1.044327618122101,0.37333333333333335,0.9466666666666667,1.0,128.0,0.6484375,3.0,0.275925,1.0495279669761657,1.0016621708869935,0.6299235165119171,nan,nan,nan,nan,nan,nan,nan,nan,nan,nan,nan,nan
503,78386,0.09999999999999998,41.900000000000006,-0.9899376101493836,0.2577777777777778,0.8444444444444444,1.0,80.0,0.7125,1.0,0.015,0.8748008370399475,0.8280722081661225,0.6164003074169159,nan,nan,nan,nan,nan,nan,nan,nan,nan,nan,nan,nan
504,78532,0.09999999999999998,73.26241249999998,-0.13363140535354412,0.4177777777777778,0.9466666666666667,1.0,146.0,0.636986301369863,3.0,0.1555875,0.930568665266037,0.8825095653533935,0.6366756319999695,nan,nan,nan,nan,nan,nan,nan,nan,nan,nan,nan,nan
505,78782,0.09999999999999998,105.57601303125048,-1.7442748408317588,0.5422222222222223,0.96,1.0,250.0,0.484,5.0,0.54898696875,0.9575312733650208,0.9098963856697082,0.6357344806194305,nan,nan,nan,nan,nan,nan,nan,nan,nan,nan,nan,nan
506,78915,0.09999999999999998,61.689999999999934,-1.4637233459949486,0.3688888888888889,0.8755555555555555,1.0,133.0,0.6165413533834586,2.0,0.20400000000000001,0.9216440856456757,0.8738553583621979,0.6403134286403656,nan,nan,nan,nan,nan,nan,nan,nan,nan,nan,nan,nan
507,79028,0.09999999999999998,61.19399999999992,0.13158773994445894,0.3511111111111111,0.8666666666666667,1.0,113.0,0.6902654867256637,1.0,0.075,0.8522522985935211,0.8061634957790375,0.6196212589740753,nan,nan,nan,nan,nan,nan,nan,nan,nan,nan,nan,nan
508,79203,0.09999999999999998,80.60546557132824,-0.6460457081794722,0.4444444444444444,0.9288888888888889,1.0,175.0,0.5657142857142857,7.0,0.9545344286718748,0.8567126631736756,0.8111782610416413,0.6153850615024566,nan,nan,nan,nan,nan,nan,nan,nan,nan,nan,nan,nan
509,79365,0.09999999999999998,66.52915337656238,-2.0813212478160845,0.40444444444444444,0.84,1.0,162.0,0.5555555555555556,6.0,0.5918466234375,0.8430498003959656,0.7966814160346984,0.6297199606895447,nan,nan,nan,nan,nan,nan,nan,nan,nan,nan,nan,nan
510,79471,0.09999999999999998,23.34800000000007,-20.432046648979185,0.18666666666666668,0.76,0.0,106.0,0.3867924528301887,0.0,0.0,0.8210508108139039,0.7768365263938903,0.6023927062749863,nan,nan,nan,nan,nan,nan,nan,nan,nan,nan,nan,nan
511,79608,0.09999999999999998,83.41066250000003,0.7266090700626384,0.4311111111111111,0.8666666666666667,1.0,137.0,0.7007299270072993,3.0,0.21033749999999996,0.7895633280277252,0.7451454222202301,0.607687646150589,nan,nan,nan,nan,nan,nan,nan,nan,nan,nan,nan,nan
512,79723,0.09999999999999998,51.586693124999925,-1.0224000163078295,0.3022222222222222,0.8488888888888889,1.0,115.0,0.5826086956521739,4.0,0.328306875,0.7811895906925201,0.7354077219963073,0.628545594215393,nan,nan,nan,nan,nan,nan,nan,nan,nan,nan,nan,nan
513,79844,0.09999999999999998,45.310846727578074,-1.199854398250579,0.29333333333333333,0.8222222222222222,1.0,121.0,0.5371900826446281,7.0,1.2221532724218749,0.76316619515419,0.720174515247345,0.5924257397651672,nan,nan,nan,nan,nan,nan,nan,nan,nan,nan,nan,nan
514,80015,0.09999999999999998,98.94606131769157,1.5255419683456368,0.5066666666666667,1.0,1.0,171.0,0.6608187134502924,9.0,2.0869386823085936,0.7975643634796142,0.7543797969818116,0.5982161879539489,nan,nan,nan,nan,nan,nan,nan,nan,nan,nan,nan,nan
515,80229,0.09999999999999998,102.75691250000045,-7.471295132637033,0.5155555555555555,0.9377777777777778,1.0,214.0,0.5373831775700935,3.0,0.1900875,0.8970835089683533,0.8509932339191437,0.6427015066146851,nan,nan,nan,nan,nan,nan,nan,nan,nan,nan,nan,nan
516,80385,0.09999999999999998,70.68435053124993,0.03974604511261082,0.39555555555555555,0.8488888888888889,1.0,156.0,0.5641025641025641,5.0,0.42864946875,0.8109388887882233,0.7679591476917267,0.6022382795810699,nan,nan,nan,nan,nan,nan,nan,nan,nan,nan,nan,nan
517,80514,0.09999999999999998,73.61548749999996,-0.08290495681762611,0.39555555555555555,0.9377777777777778,1.0,129.0,0.6821705426356589,3.0,0.37151249999999997,0.8433194994926453,0.7990573287010193,0.6227092623710633,nan,nan,nan,nan,nan,nan,nan,nan,nan,nan,nan,nan
518,80668,0.09999999999999998,94.00700000000022,0.1977566051483164,0.47555555555555556,0.9822222222222222,1.0,154.0,0.6883116883116883,1.0,0.06,0.8573840916156769,0.8124958515167237,0.6345723032951355,nan,nan,nan,nan,nan,nan,nan,nan,nan,nan,nan,nan
519,80808,0.09999999999999998,58.05610053124991,-0.7291252803802488,0.37333333333333335,0.8444444444444444,1.0,140.0,0.5928571428571429,5.0,0.38889946875,0.8746785879135132,0.8285299837589264,0.6552716314792633,nan,nan,nan,nan,nan,nan,nan,nan,nan,nan,nan,nan
520,80961,0.09999999999999998,72.08866249999994,-0.8814159743785867,0.39555555555555555,0.9733333333333334,1.0,153.0,0.5751633986928104,3.0,0.16533749999999997,0.8860390424728394,0.8399891376495361,0.6570423126220704,nan,nan,nan,nan,nan,nan,nan,nan,nan,nan,nan,nan
521,81150,0.09999999999999998,112.08491640781273,0.7899965684413877,0.56,1.0,1.0,189.0,0.6613756613756614,6.0,0.9120835921875,0.8532396972179412,0.8090099096298218,0.634877187013626,nan,nan,nan,nan,nan,nan,nan,nan,nan,nan,nan,nan
522,81262,0.09999999999999998,62.638030624999914,0.16887327575683675,0.35555555555555557,0.9511111111111111,1.0,112.0,0.7053571428571429,4.0,0.14796937499999996,0.8993240475654602,0.8547251522541046,0.6424706220626831,nan,nan,nan,nan,nan,nan,nan,nan,nan,nan,nan,nan
523,81431,0.09999999999999998,72.63919312499993,-0.7018155212402333,0.4088888888888889,0.9777777777777777,1.0,169.0,0.5384615384615384,4.0,0.45280687500000005,0.9078470408916474,0.8619267821311951,0.6651040434837341,nan,nan,nan,nan,nan,nan,nan,nan,nan,nan,nan,nan
524,81579,0.09999999999999998,57.55621409374991,-1.1631828563213351,0.3511111111111111,0.9866666666666667,1.0,148.0,0.527027027027027,5.0,0.9277859062499999,0.7517879366874695,0.7067102372646332,0.6560256242752075,nan,nan,nan,nan,nan,nan,nan,nan,nan,nan,nan,nan
525,81751,0.09999999999999998,69.6985306249999,-0.9166875615119917,0.4444444444444444,0.88,1.0,172.0,0.5755813953488372,4.0,0.31746937500000005,0.7849045932292938,0.7403880774974823,0.6514823853969574,0.39266666666666666,0.946,1.0,0.6846128562081314,3.15,0.30077959184980463,0.4504444444444444,0.9362222222222222,1.0,0.6482681553011217,3.35,0.34752801945527345
526,81928,0.09999999999999998,76.16150000000019,-5.427154676437377,0.43555555555555553,0.9688888888888889,1.0,177.0,0.5480225988700564,2.0,0.09449999999999999,0.8341142952442169,0.7885209858417511,0.6711039125919342,nan,nan,nan,nan,nan,nan,nan,nan,nan,nan,nan,nan
527,82114,0.09999999999999998,82.28378453281253,-0.6948009307384478,0.4666666666666667,1.0,1.0,186.0,0.5591397849462365,6.0,0.9892154671874999,0.8940052211284637,0.8494724035263062,0.6595064878463746,nan,nan,nan,nan,nan,nan,nan,nan,nan,nan,nan,nan
528,82243,0.09999999999999998,58.20224999999994,-1.4432158832550042,0.36,0.8755555555555555,1.0,129.0,0.6201550387596899,2.0,0.08474999999999999,0.8483811795711518,0.8051322400569916,0.6432238459587097,nan,nan,nan,nan,nan,nan,nan,nan,nan,nan,nan,nan
529,82325,0.09999999999999998,34.06125000000002,-1.312364689588547,0.24,0.8444444444444444,1.0,82.0,0.6463414634146342,2.0,0.06974999999999999,0.8574639022350311,0.8158105611801147,0.6211764931678772,nan,nan,nan,nan,nan,nan,nan,nan,nan,nan,nan,nan
530,82497,0.09999999999999998,77.97703453281248,-0.40305561494827113,0.44,0.9288888888888889,1.0,172.0,0.5697674418604651,6.0,1.0439654671874998,0.782286423444748,0.7383516430854797,0.6589559316635132,nan,nan,nan,nan,nan,nan,nan,nan,nan,nan,nan,nan
531,82665,0.09999999999999998,71.55682434894135,-0.6897504973411567,0.39555555555555555,0.9777777777777777,1.0,168.0,0.5238095238095238,9.0,2.3171756510585935,0.8158450484275818,0.7722547590732575,0.6574705302715301,nan,nan,nan,nan,nan,nan,nan,nan,nan,nan,nan,nan
532,82898,0.09999999999999998,92.54631131769159,-6.696247267723095,0.5022222222222222,0.9511111111111111,1.0,233.0,0.48068669527896996,12.0,3.5126886823085934,0.9035207867622376,0.8601601123809814,0.6591549277305603,nan,nan,nan,nan,nan,nan,nan,nan,nan,nan,nan,nan
533,83065,0.09999999999999998,79.70628069269156,-0.9608239867687232,0.4266666666666667,0.9911111111111112,1.0,167.0,0.5688622754491018,9.0,1.7897193073085933,0.8611527502536773,0.8197065412998199,0.6336264669895172,nan,nan,nan,nan,nan,nan,nan,nan,nan,nan,nan,nan
534,83273,0.09999999999999998,71.01925000000007,-5.668309339284898,0.39555555555555555,0.96,1.0,208.0,0.4230769230769231,2.0,0.12974999999999998,0.7697407126426696,0.7274577200412751,0.6510195851325988,nan,nan,nan,nan,nan,nan,nan,nan,nan,nan,nan,nan
535,83492,0.09999999999999998,90.29666250000025,-4.8518573811054235,0.48,0.9822222222222222,1.0,219.0,0.4885844748858447,3.0,0.24033750000000004,0.8483440279960632,0.805320405960083,0.6674236834049225,nan,nan,nan,nan,nan,nan,nan,nan,nan,nan,nan,nan
536,83658,0.09999999999999998,96.23325000000011,0.2077882261276256,0.49333333333333335,0.9955555555555555,1.0,166.0,0.6626506024096386,2.0,0.15975,0.9359821796417236,0.8924947559833527,0.678501558303833,nan,nan,nan,nan,nan,nan,nan,nan,nan,nan,nan,nan
537,83809,0.09999999999999998,86.41682500000012,0.41665678262710726,0.4666666666666667,0.9911111111111112,1.0,151.0,0.6887417218543046,3.0,0.19117499999999996,0.8472799241542817,0.8052306473255157,0.6595160007476807,nan,nan,nan,nan,nan,nan,nan,nan,nan,nan,nan,nan
538,83915,0.09999999999999998,41.30241250000001,-1.177669157505035,0.28,0.9422222222222222,1.0,106.0,0.5849056603773585,3.0,0.09558749999999998,0.8488821685314178,0.8073698103427887,0.653508985042572,nan,nan,nan,nan,nan,nan,nan,nan,nan,nan,nan,nan
539,84103,0.09999999999999998,81.44534187500014,-2.022783521175384,0.4444444444444444,0.9244444444444444,1.0,188.0,0.526595744680851,4.0,0.603658125,0.7825999140739441,0.7400709867477417,0.6739448785781861,nan,nan,nan,nan,nan,nan,nan,nan,nan,nan,nan,nan
540,84207,0.09999999999999998,62.42903062499992,-0.12852846527099537,0.3422222222222222,0.9377777777777778,1.0,104.0,0.7307692307692307,4.0,0.192969375,0.8889863729476929,0.8474348962306977,0.660876190662384,nan,nan,nan,nan,nan,nan,nan,nan,nan,nan,nan,nan
541,84319,0.09999999999999998,66.50828062499991,0.29639757108688514,0.35555555555555557,0.9955555555555555,1.0,112.0,0.7053571428571429,4.0,0.232719375,0.9149929463863373,0.8739550530910491,0.6553015053272248,nan,nan,nan,nan,nan,nan,nan,nan,nan,nan,nan,nan
542,84521,0.09999999999999998,85.34066250000032,-9.806075390815735,0.4666666666666667,1.0,1.0,202.0,0.5148514851485149,3.0,0.13533749999999997,0.8078375697135926,0.7670758366584778,0.6555910289287568,nan,nan,nan,nan,nan,nan,nan,nan,nan,nan,nan,nan
543,84699,0.09999999999999998,82.4386931926915,-0.8744307694435103,0.4444444444444444,0.9466666666666667,1.0,178.0,0.5561797752808989,9.0,1.9003068073085934,0.902293074131012,0.8606957852840423,0.6733131527900695,nan,nan,nan,nan,nan,nan,nan,nan,nan,nan,nan,nan
544,84882,0.09999999999999998,78.30122381769145,-0.7134541263580322,0.4311111111111111,0.9288888888888889,1.0,183.0,0.5245901639344263,13.0,4.127776182308593,0.8740892529487609,0.8325871348381042,0.6762239456176757,nan,nan,nan,nan,nan,nan,nan,nan,nan,nan,nan,nan
545,85013,0.09999999999999998,79.41850000000007,-0.4553101954460138,0.4177777777777778,1.0,1.0,131.0,0.7099236641221374,2.0,0.07949999999999999,0.7371133208274842,0.6968590557575226,0.6590175926685333,nan,nan,nan,nan,nan,nan,nan,nan,nan,nan,nan,nan
546,85146,0.09999999999999998,91.03400000000012,0.8973377857208229,0.4622222222222222,0.9555555555555556,1.0,133.0,0.7744360902255639,1.0,0.075,0.8420614242553711,0.8008112430572509,0.6786057233810425,nan,nan,nan,nan,nan,nan,nan,nan,nan,nan,nan,nan
547,85271,0.09999999999999998,68.65524999999994,-0.10519859576225166,0.38222222222222224,0.9022222222222223,1.0,125.0,0.68,2.0,0.06974999999999999,0.8352964758872986,0.7954184174537658,0.6590447008609772,nan,nan,nan,nan,nan,nan,nan,nan,nan,nan,nan,nan
548,85439,0.09999999999999998,94.96628062500012,0.6305035195350659,0.49333333333333335,0.8933333333333333,1.0,168.0,0.6547619047619048,4.0,0.32271937500000003,0.7751589834690094,0.7337434113025665,0.6887037456035614,nan,nan,nan,nan,nan,nan,nan,nan,nan,nan,nan,nan
549,85655,0.09999999999999998,99.5581625000003,-1.474407981872558,0.5333333333333333,0.96,1.0,216.0,0.5509259259259259,3.0,0.3048375,0.6947355270385742,0.6571616888046264,0.6298463881015778,nan,nan,nan,nan,nan,nan,nan,nan,nan,nan,nan,nan
550,85749,0.09999999999999998,57.1119999999999,-0.20141708922386115,0.3111111111111111,0.9777777777777777,1.0,94.0,0.7340425531914894,1.0,0.075,0.7851224899291992,0.7460375487804413,0.6574791550636292,0.37266666666666665,0.9155555555555555,0.95,0.5823521065559325,3.2,0.3242811823966796,0.39533333333333337,0.9004444444444445,0.95,0.5700604461491448,4.0,0.44407589411718745
551,85999,0.09999999999999998,95.27114087656294,-9.841786226511003,0.5022222222222222,0.9644444444444444,1.0,250.0,0.448,6.0,0.8238591234374999,0.7924707889556885,0.7527462899684906,0.6745413720607758,nan,nan,nan,nan,nan,nan,nan,nan,nan,nan,nan,nan
552,86152,0.09999999999999998,75.93332500000002,-0.9507620668411231,0.4177777777777778,0.8844444444444445,1.0,153.0,0.6078431372549019,3.0,0.25567499999999993,0.8426997542381287,0.8015513718128204,0.7027771532535553,nan,nan,nan,nan,nan,nan,nan,nan,nan,nan,nan,nan
553,86249,0.09999999999999998,49.69149999999996,-0.33293513655662466,0.29777777777777775,0.9244444444444444,1.0,97.0,0.6804123711340206,2.0,0.12449999999999999,0.8450987577438355,0.806784188747406,0.6567963480949401,nan,nan,nan,nan,nan,nan,nan,nan,nan,nan,nan,nan
554,86389,0.09999999999999998,77.61024999999998,0.22952761149406542,0.4222222222222222,0.96,1.0,140.0,0.6714285714285714,2.0,0.08474999999999999,0.8213019967079163,0.7826123833656311,0.6667812526226043,nan,nan,nan,nan,nan,nan,nan,nan,nan,nan,nan,nan
555,86527,0.09999999999999998,76.37950000000001,0.47670161581039516,0.4266666666666667,0.9022222222222223,1.0,138.0,0.6884057971014492,2.0,0.15449999999999997,0.7995640754699707,0.7605098903179168,0.6766405403614044,nan,nan,nan,nan,nan,nan,nan,nan,nan,nan,nan,nan
556,86652,0.09999999999999998,72.81499999999998,0.2958834643363961,0.39555555555555555,1.0,1.0,125.0,0.704,1.0,0.045,0.8228593349456788,0.7838835477828979,0.6785477876663208,nan,nan,nan,nan,nan,nan,nan,nan,nan,nan,nan,nan
557,86792,0.09999999999999998,69.41524999999996,0.340569455385209,0.4177777777777778,0.9155555555555556,1.0,140.0,0.6642857142857143,2.0,0.12974999999999998,0.7846306562423706,0.7451065003871917,0.691841858625412,nan,nan,nan,nan,nan,nan,nan,nan,nan,nan,nan,nan
558,86919,0.09999999999999998,84.92125000000006,0.9362411801815016,0.44,1.0,1.0,127.0,0.7716535433070866,2.0,0.09974999999999999,0.6941684663295746,0.6578372985124588,0.6391079485416412,nan,nan,nan,nan,nan,nan,nan,nan,nan,nan,nan,nan
559,87092,0.09999999999999998,88.48188115625011,0.12506846928596604,0.48444444444444446,0.9733333333333334,1.0,173.0,0.6242774566473989,5.0,0.46711884374999996,0.8326239109039306,0.7965358018875122,0.6391550123691558,nan,nan,nan,nan,nan,nan,nan,nan,nan,nan,nan,nan
560,87233,0.09999999999999998,57.1002806249999,-2.3942289266586285,0.3466666666666667,0.96,1.0,141.0,0.5460992907801419,4.0,0.292719375,0.8774467527866363,0.842375111579895,0.6246186554431915,nan,nan,nan,nan,nan,nan,nan,nan,nan,nan,nan,nan
561,87424,0.09999999999999998,100.6590000000002,-0.16597015023231365,0.5111111111111111,0.9955555555555555,1.0,191.0,0.5968586387434555,2.0,0.23399999999999999,0.8733181238174439,0.8346900224685669,0.6931986451148987,nan,nan,nan,nan,nan,nan,nan,nan,nan,nan,nan,nan
562,87617,0.09999999999999998,89.92703062500024,-0.8339758863449084,0.4666666666666667,0.9377777777777778,1.0,193.0,0.538860103626943,4.0,0.411969375,0.7607865869998932,0.7252293407917023,0.6430399537086486,nan,nan,nan,nan,nan,nan,nan,nan,nan,nan,nan,nan
563,87703,0.09999999999999998,39.73349999999999,-0.6226647942066191,0.2577777777777778,0.8844444444444445,1.0,86.0,0.6627906976744186,2.0,0.10949999999999999,0.8686201751232148,0.8317945241928101,0.6682882308959961,nan,nan,nan,nan,nan,nan,nan,nan,nan,nan,nan,nan
564,87888,0.09999999999999998,95.540824416633,-0.2319107720851894,0.5066666666666667,0.8933333333333333,1.0,185.0,0.6108108108108108,10.0,3.9191755833671866,0.7806109607219696,0.7457615494728088,0.637178486585617,nan,nan,nan,nan,nan,nan,nan,nan,nan,nan,nan,nan
565,88048,0.09999999999999998,22.5963812239415,-5.226637368440627,0.21777777777777776,0.7955555555555556,0.0,160.0,0.3,13.0,4.073618776058593,0.9202054917812348,0.8862095296382904,0.6256412923336029,nan,nan,nan,nan,nan,nan,nan,nan,nan,nan,nan,nan
566,88229,0.09999999999999998,79.11257500000006,-0.9758969471454619,0.44,0.9644444444444444,1.0,181.0,0.5414364640883977,3.0,0.37042499999999995,0.9461834251880645,0.9112934470176697,0.6468829870223999,nan,nan,nan,nan,nan,nan,nan,nan,nan,nan,nan,nan
567,88366,0.09999999999999998,70.41413115624995,-0.7302074534893022,0.38222222222222224,0.9111111111111111,1.0,137.0,0.6204379562043796,5.0,0.52186884375,1.036059719324112,1.001143354177475,0.6510466992855072,nan,nan,nan,nan,nan,nan,nan,nan,nan,nan,nan,nan
568,88512,0.09999999999999998,70.04378069269133,0.4998936333656314,0.40444444444444444,0.9466666666666667,1.0,146.0,0.6164383561643836,8.0,1.4742193073085934,1.0376688063144683,1.0023477971553802,0.6626004874706268,nan,nan,nan,nan,nan,nan,nan,nan,nan,nan,nan,nan
569,88652,0.09999999999999998,48.71397375,-1.4377329640388488,0.3466666666666667,0.8933333333333333,1.0,140.0,0.55,4.0,0.50102625,0.889607948064804,0.8547038793563843,0.6586223781108856,nan,nan,nan,nan,nan,nan,nan,nan,nan,nan,nan,nan
570,88788,0.09999999999999998,80.41825,0.8309637007713326,0.4444444444444444,1.0,1.0,136.0,0.7279411764705882,2.0,0.08474999999999999,0.7861301958560943,0.7510557532310486,0.6656333565711975,nan,nan,nan,nan,nan,nan,nan,nan,nan,nan,nan,nan
571,89001,0.09999999999999998,93.42679365625018,-1.5707044751644124,0.49333333333333335,0.9688888888888889,1.0,213.0,0.5164319248826291,5.0,0.6722063437500001,0.8295667052268982,0.7945791959762574,0.670002156496048,nan,nan,nan,nan,nan,nan,nan,nan,nan,nan,nan,nan
572,89113,0.09999999999999998,60.31624999999994,0.3987636020183576,0.36444444444444446,1.0,1.0,112.0,0.7232142857142857,2.0,0.06974999999999999,0.833462780714035,0.798198688030243,0.6785325288772583,nan,nan,nan,nan,nan,nan,nan,nan,nan,nan,nan,nan
573,89255,0.09999999999999998,77.47625000000004,0.484906404018403,0.4311111111111111,0.9866666666666667,1.0,142.0,0.676056338028169,2.0,0.08474999999999999,0.8552557408809662,0.8186609089374542,0.7084393322467804,nan,nan,nan,nan,nan,nan,nan,nan,nan,nan,nan,nan
574,89432,0.09999999999999998,95.49378062500018,0.3185574622154246,0.49333333333333335,0.9644444444444444,1.0,177.0,0.6214689265536724,4.0,0.327219375,0.8105454981327057,0.7776294231414795,0.6421116709709167,nan,nan,nan,nan,nan,nan,nan,nan,nan,nan,nan,nan
575,89551,0.09999999999999998,62.652249999999896,0.176383924961091,0.35555555555555557,0.92,1.0,119.0,0.6638655462184874,2.0,0.08474999999999999,0.767085212469101,0.7334992825984955,0.6585764825344086,0.3846666666666667,0.9348888888888889,1.0,0.6294457565069198,4.35,0.8918705921925779,0.4144444444444444,0.9404444444444444,1.0,0.5849479430601549,3.1,0.24416908265624998
576,89695,0.09999999999999998,72.81200000000003,-0.6958605782985672,0.39555555555555555,0.9555555555555556,1.0,144.0,0.6111111111111112,1.0,0.045,0.8326555073261261,0.7995543956756592,0.6531683564186096,nan,nan,nan,nan,nan,nan,nan,nan,nan,nan,nan,nan
577,89810,0.09999999999999998,61.522030624999914,-0.9332191467285148,0.3511111111111111,0.8933333333333333,1.0,115.0,0.6782608695652174,4.0,0.22296937499999997,0.800120723247528,0.7673375248908997,0.650173670053482,nan,nan,nan,nan,nan,nan,nan,nan,nan,nan,nan,nan
578,89963,0.09999999999999998,81.47900000000016,-4.18408920311928,0.4266666666666667,1.0,1.0,153.0,0.6209150326797386,1.0,0.045,0.8272500932216644,0.7940863847732544,0.6621853172779083,nan,nan,nan,nan,nan,nan,nan,nan,nan,nan,nan,nan
579,90130,0.09999999999999998,94.87353062500017,0.6047287092208828,0.5022222222222222,0.9955555555555555,1.0,167.0,0.6706586826347305,4.0,0.287469375,0.8722091495990754,0.8381818056106567,0.6805469334125519,nan,nan,nan,nan,nan,nan,nan,nan,nan,nan,nan,nan
580,90361,0.09999999999999998,112.1690967952699,-0.5141296644210825,0.5866666666666667,1.0,1.0,231.0,0.5670995670995671,8.0,2.378903204730468,0.8498841881752014,0.8171359717845916,0.6549642205238342,nan,nan,nan,nan,nan,nan,nan,nan,nan,nan,nan,nan
581,90540,0.09999999999999998,80.37922381769147,-0.2962311613559728,0.4488888888888889,0.9022222222222223,1.0,179.0,0.5586592178770949,8.0,1.6577761823085935,0.8627914965152741,0.8292835474014282,0.6701590657234192,nan,nan,nan,nan,nan,nan,nan,nan,nan,nan,nan,nan
582,90705,0.09999999999999998,102.8755000000002,1.009586874008177,0.5155555555555555,0.9955555555555555,1.0,165.0,0.696969696969697,2.0,0.16949999999999998,0.7761740803718566,0.7437226891517639,0.6490279316902161,nan,nan,nan,nan,nan,nan,nan,nan,nan,nan,nan,nan
583,90852,0.09999999999999998,78.35722837656249,0.5446141486167908,0.4088888888888889,0.84,1.0,147.0,0.6190476190476191,6.0,0.7237716234374999,0.9383011639118195,0.905271977186203,0.6605837404727936,nan,nan,nan,nan,nan,nan,nan,nan,nan,nan,nan,nan
584,91029,0.09999999999999998,74.63904365625004,-0.8107065696716291,0.4311111111111111,0.88,1.0,177.0,0.5423728813559322,5.0,0.65195634375,0.9024358928203583,0.8686838686466217,0.6750404715538025,nan,nan,nan,nan,nan,nan,nan,nan,nan,nan,nan,nan
585,91152,0.09999999999999998,73.01424999999993,-1.2686464166641236,0.38222222222222224,0.9777777777777777,1.0,123.0,0.6910569105691057,2.0,0.11474999999999999,0.8108127534389495,0.7770300030708313,0.6756552398204804,nan,nan,nan,nan,nan,nan,nan,nan,nan,nan,nan,nan
586,91342,0.09999999999999998,102.07272381769153,0.6817415595054626,0.5377777777777778,0.96,1.0,190.0,0.631578947368421,11.0,3.2072761823085947,0.7905851542949677,0.7567038416862488,0.6776262640953064,nan,nan,nan,nan,nan,nan,nan,nan,nan,nan,nan,nan
587,91477,0.09999999999999998,73.98991249999996,0.11239891195297291,0.4088888888888889,0.96,1.0,135.0,0.674074074074074,3.0,0.23508749999999995,0.7675775051116943,0.7348045766353607,0.655458414554596,nan,nan,nan,nan,nan,nan,nan,nan,nan,nan,nan,nan
588,91652,0.09999999999999998,77.17254875000002,-1.317023028612136,0.41333333333333333,0.9688888888888889,1.0,175.0,0.5257142857142857,4.0,0.65245125,0.8471441030502319,0.8139738619327546,0.6634050190448761,nan,nan,nan,nan,nan,nan,nan,nan,nan,nan,nan,nan
589,91843,0.09999999999999998,91.50450000000014,-0.8960559382438642,0.48,0.9911111111111112,1.0,191.0,0.5602094240837696,2.0,0.3285,0.7749156653881073,0.7416257977485656,0.6657971799373626,nan,nan,nan,nan,nan,nan,nan,nan,nan,nan,nan,nan
590,92041,0.09999999999999998,81.20214418750004,-0.7447983713150017,0.4711111111111111,0.9866666666666667,1.0,198.0,0.5303030303030303,5.0,0.7768558124999999,0.9058263957500458,0.871308010816574,0.690367579460144,nan,nan,nan,nan,nan,nan,nan,nan,nan,nan,nan,nan
591,92267,0.09999999999999998,98.56296557132853,-5.306204229116445,0.5022222222222222,0.9822222222222222,1.0,226.0,0.49557522123893805,7.0,0.8450344286718748,0.8499316692352294,0.8163338482379914,0.6719563066959381,nan,nan,nan,nan,nan,nan,nan,nan,nan,nan,nan,nan
592,92404,0.09999999999999998,80.79125,0.4111213908195501,0.4311111111111111,0.9466666666666667,1.0,137.0,0.7007299270072993,2.0,0.11474999999999999,0.8266293108463287,0.7935531795024872,0.6615227222442627,nan,nan,nan,nan,nan,nan,nan,nan,nan,nan,nan,nan
593,92568,0.09999999999999998,79.75906587656262,-0.6758157052993771,0.4266666666666667,0.9866666666666667,1.0,164.0,0.5792682926829268,6.0,0.6079341234375,0.7218765377998352,0.6905379951000213,0.6267710387706756,nan,nan,nan,nan,nan,nan,nan,nan,nan,nan,nan,nan
594,92725,0.09999999999999998,70.92628069269135,-2.783868040084838,0.4,0.9911111111111112,1.0,157.0,0.5668789808917197,8.0,1.2897193073085933,0.8041064083576203,0.7705438673496247,0.6712507009506226,nan,nan,nan,nan,nan,nan,nan,nan,nan,nan,nan,nan
595,92880,0.09999999999999998,87.9814431250001,-0.027696254730223302,0.4666666666666667,0.9733333333333334,1.0,155.0,0.6709677419354839,4.0,0.303556875,0.8152305960655213,0.7818362951278687,0.6678861618041992,nan,nan,nan,nan,nan,nan,nan,nan,nan,nan,nan,nan
596,93043,0.09999999999999998,88.7201312239415,0.38756682395935216,0.47555555555555556,0.9288888888888889,1.0,163.0,0.6503067484662577,10.0,2.5788687760585933,0.7686436951160431,0.7343739986419677,0.6853940188884735,nan,nan,nan,nan,nan,nan,nan,nan,nan,nan,nan,nan
597,93239,0.09999999999999998,100.37248168750017,-0.0820296943187695,0.5244444444444445,0.92,1.0,196.0,0.5969387755102041,5.0,0.8305183125000001,0.7466902792453766,0.7129483580589294,0.6748385667800904,nan,nan,nan,nan,nan,nan,nan,nan,nan,nan,nan,nan
598,93404,0.09999999999999998,93.71635053125019,-0.11572364997864049,0.48,0.9333333333333333,1.0,165.0,0.6484848484848484,5.0,0.36864946875,0.8074187338352203,0.7738959908485412,0.6704549312591552,nan,nan,nan,nan,nan,nan,nan,nan,nan,nan,nan,nan
599,93514,0.09999999999999998,57.600249999999924,-0.38032467770576395,0.3377777777777778,0.9688888888888889,1.0,110.0,0.6818181818181818,2.0,0.05474999999999999,0.7144272446632385,0.6807749748229981,0.6730453133583069,nan,nan,nan,nan,nan,nan,nan,nan,nan,nan,nan,nan
600,93661,0.09999999999999998,78.92100000000013,-0.3699440765380855,0.4177777777777778,0.9644444444444444,1.0,147.0,0.6326530612244898,1.0,0.03,0.7172772943973541,0.6825679838657379,0.6941862046718598,0.4062222222222222,0.9515555555555555,1.0,0.6446216276624176,3.55,0.35209401476777336,0.4159999999999999,0.9306666666666666,0.95,0.6152155391466304,3.5,0.5368093131019529
601,93858,0.09999999999999998,105.50509650156275,0.1892341091632852,0.5422222222222223,0.9822222222222222,1.0,197.0,0.6142131979695431,6.0,0.8309034984375001,1.0785738945007324,1.044798880815506,0.6755003333091736,nan,nan,nan,nan,nan,nan,nan,nan,nan,nan,nan,nan
602,94009,0.09999999999999998,72.26325000000004,-1.7743495454788194,0.39555555555555555,0.9911111111111112,1.0,151.0,0.5827814569536424,2.0,0.09974999999999999,1.325531816482544,1.2911049604415894,0.6885373294353485,nan,nan,nan,nan,nan,nan,nan,nan,nan,nan,nan,nan
603,94114,0.09999999999999998,58.48024999999994,-0.0173090081214895,0.3511111111111111,0.9644444444444444,1.0,105.0,0.7428571428571429,2.0,0.05474999999999999,1.1101244509220123,1.0772230625152588,0.6580275654792785,nan,nan,nan,nan,nan,nan,nan,nan,nan,nan,nan,nan
604,94257,0.09999999999999998,86.38400000000011,1.0298758716583218,0.4488888888888889,0.9066666666666666,1.0,143.0,0.6993006993006993,1.0,0.09,0.9071502149105072,0.8738311052322387,0.6663823187351227,nan,nan,nan,nan,nan,nan,nan,nan,nan,nan,nan,nan
605,94392,0.09999999999999998,85.34000000000007,0.6209315004348763,0.4488888888888889,1.0,1.0,135.0,0.7407407407407407,1.0,0.015,0.8463363885879517,0.8139240980148316,0.648245894908905,nan,nan,nan,nan,nan,nan,nan,nan,nan,nan,nan,nan
606,94581,0.09999999999999998,77.2916056926915,-0.7810787611007686,0.4311111111111111,0.8933333333333333,1.0,189.0,0.5079365079365079,13.0,4.060394307308593,0.7535084545612335,0.7203660905361176,0.6628474056720733,nan,nan,nan,nan,nan,nan,nan,nan,nan,nan,nan,nan
607,94753,0.09999999999999998,77.64482500000014,-4.382951784372329,0.41333333333333333,0.9333333333333333,1.0,172.0,0.5348837209302325,3.0,0.22117499999999998,0.7583069145679474,0.7240452527999878,0.6852332770824432,nan,nan,nan,nan,nan,nan,nan,nan,nan,nan,nan,nan
608,94917,0.09999999999999998,53.10225000000002,-17.392355092525467,0.3422222222222222,0.9466666666666667,1.0,164.0,0.4634146341463415,2.0,0.08474999999999999,0.7849390983581543,0.7519216775894165,0.6603484749794006,nan,nan,nan,nan,nan,nan,nan,nan,nan,nan,nan,nan
609,95094,0.09999999999999998,90.49650000000015,-0.27065218424796955,0.48,0.9555555555555556,1.0,177.0,0.6045197740112994,2.0,0.12449999999999999,0.7814747512340545,0.7468328475952148,0.6928380370140076,nan,nan,nan,nan,nan,nan,nan,nan,nan,nan,nan,nan
610,95181,0.09999999999999998,39.18328062500001,-0.8794516167640688,0.24888888888888888,0.8933333333333333,1.0,87.0,0.632183908045977,4.0,0.20271937499999998,0.7866492629051208,0.7542970418930054,0.647044450044632,nan,nan,nan,nan,nan,nan,nan,nan,nan,nan,nan,nan
611,95342,0.09999999999999998,79.45707500000006,-1.1247814798355098,0.4311111111111111,0.9333333333333333,1.0,161.0,0.5962732919254659,3.0,0.23092499999999996,0.8548755288124085,0.8203899621963501,0.689711195230484,nan,nan,nan,nan,nan,nan,nan,nan,nan,nan,nan,nan
612,95482,0.09999999999999998,90.37050000000008,0.3645192580223098,0.4666666666666667,0.9777777777777777,1.0,140.0,0.7428571428571429,2.0,0.10949999999999999,0.8732254385948182,0.8399453639984131,0.6656015694141388,nan,nan,nan,nan,nan,nan,nan,nan,nan,nan,nan,nan
613,95641,0.09999999999999998,86.75200000000011,-1.3180729069709756,0.4577777777777778,0.9422222222222222,1.0,159.0,0.6415094339622641,1.0,0.075,0.8133537948131562,0.7806982696056366,0.653110820055008,nan,nan,nan,nan,nan,nan,nan,nan,nan,nan,nan,nan
614,95784,0.09999999999999998,75.82424999999998,0.41656222295761247,0.4266666666666667,0.8888888888888888,1.0,143.0,0.6643356643356644,2.0,0.11474999999999999,0.7416489779949188,0.7060114681720734,0.7127502083778381,nan,nan,nan,nan,nan,nan,nan,nan,nan,nan,nan,nan
615,95961,0.09999999999999998,77.1691618489414,0.6002172503471384,0.4666666666666667,0.8888888888888888,1.0,177.0,0.5875706214689266,8.0,1.7568381510585935,0.8413711607456207,0.8068751037120819,0.6899211764335632,nan,nan,nan,nan,nan,nan,nan,nan,nan,nan,nan,nan
616,96121,0.09999999999999998,88.41466250000009,-1.3785404424667336,0.4533333333333333,0.9822222222222222,1.0,160.0,0.63125,3.0,0.19533749999999997,0.8220050930976868,0.7886293768882752,0.6675143718719483,nan,nan,nan,nan,nan,nan,nan,nan,nan,nan,nan,nan
617,96270,0.09999999999999998,35.12699999999981,-40.87446429038047,0.23555555555555555,0.9688888888888889,1.0,149.0,0.348993288590604,0.0,0.0,0.8236317455768585,0.7900820553302765,0.6709940195083618,nan,nan,nan,nan,nan,nan,nan,nan,nan,nan,nan,nan
618,96462,0.09999999999999998,104.19353062500025,-0.6581251029968241,0.5244444444444445,1.0,1.0,192.0,0.609375,4.0,0.317469375,0.7968962073326111,0.7634299695491791,0.6693247854709625,nan,nan,nan,nan,nan,nan,nan,nan,nan,nan,nan,nan
619,96621,0.09999999999999998,76.67606125000002,-0.3117920880317677,0.4311111111111111,0.9688888888888889,1.0,159.0,0.6037735849056604,4.0,0.37093875,0.9388308763504029,0.904766422510147,0.6812893092632294,nan,nan,nan,nan,nan,nan,nan,nan,nan,nan,nan,nan
620,96792,0.09999999999999998,90.99300000000012,0.4776529080867775,0.5111111111111111,0.9777777777777777,1.0,171.0,0.6666666666666666,1.0,0.075,0.8384127676486969,0.8025919675827027,0.7164158999919892,nan,nan,nan,nan,nan,nan,nan,nan,nan,nan,nan,nan
621,96937,0.09999999999999998,78.75941250000002,-0.13655249476432663,0.4177777777777778,0.9333333333333333,1.0,145.0,0.6413793103448275,3.0,0.1255875,0.7918038845062256,0.7571426331996918,0.693224984407425,nan,nan,nan,nan,nan,nan,nan,nan,nan,nan,nan,nan
622,97158,0.09999999999999998,102.54825000000048,-5.001255016565322,0.5288888888888889,1.0,1.0,221.0,0.5339366515837104,2.0,0.08474999999999999,0.8770786702632904,0.8432741403579712,0.67609041929245,nan,nan,nan,nan,nan,nan,nan,nan,nan,nan,nan,nan
623,97303,0.09999999999999998,95.47025000000012,0.9356892638206487,0.48444444444444446,0.9288888888888889,1.0,145.0,0.7448275862068966,2.0,0.09974999999999999,0.7839018106460571,0.7495011866092682,0.6880124628543853,nan,nan,nan,nan,nan,nan,nan,nan,nan,nan,nan,nan
624,97436,0.09999999999999998,66.08841249999993,-0.5069835891723632,0.39555555555555555,0.8577777777777778,1.0,133.0,0.6616541353383458,3.0,0.1555875,0.7798595547676086,0.7471523225307465,0.654144674539566,nan,nan,nan,nan,nan,nan,nan,nan,nan,nan,nan,nan
625,97597,0.09999999999999998,90.62325000000008,-0.2818128697872153,0.47555555555555556,0.9911111111111112,1.0,161.0,0.6583850931677019,2.0,0.12974999999999998,0.8512547969818115,0.8165524899959564,0.6940462052822113,0.38311111111111107,0.9377777777777776,0.9,0.5385056080896266,2.75,0.21220341362109374,0.38999999999999996,0.9195555555555556,1.0,0.5887806866738012,2.75,0.24577476067792964
626,97771,0.09999999999999998,98.36082500000026,0.2574365754127468,0.49777777777777776,1.0,1.0,174.0,0.6379310344827587,3.0,0.22117499999999995,0.8882171273231506,0.8542264819145202,0.6798129200935363,nan,nan,nan,nan,nan,nan,nan,nan,nan,nan,nan,nan
627,97878,0.09999999999999998,59.07099999999992,-0.24411910009384097,0.3466666666666667,0.9333333333333333,1.0,107.0,0.719626168224299,1.0,0.075,0.8425552845001221,0.8090065717697144,0.6709743320941925,nan,nan,nan,nan,nan,nan,nan,nan,nan,nan,nan,nan
628,97990,0.09999999999999998,62.276499999999906,0.009747243404389705,0.3466666666666667,0.9111111111111111,1.0,112.0,0.6875,2.0,0.12449999999999999,0.8797235012054443,0.8460891306400299,0.6726872205734253,nan,nan,nan,nan,nan,nan,nan,nan,nan,nan,nan,nan
629,98201,0.09999999999999998,97.99766250000036,-2.3130247974395752,0.5066666666666667,0.9822222222222222,1.0,211.0,0.5355450236966824,3.0,0.24033749999999998,0.8261647582054138,0.7925488710403442,0.6723179340362548,nan,nan,nan,nan,nan,nan,nan,nan,nan,nan,nan,nan
630,98351,0.09999999999999998,62.780749999999884,-0.23860969543456845,0.39555555555555555,0.9955555555555555,1.0,150.0,0.5866666666666667,2.0,0.16425,0.8801818132400513,0.84485964179039,0.7064436852931977,nan,nan,nan,nan,nan,nan,nan,nan,nan,nan,nan,nan
631,98536,0.09999999999999998,84.23932500000012,-1.389006885051727,0.4577777777777778,1.0,1.0,185.0,0.5513513513513514,3.0,0.30067499999999997,0.8426726639270783,0.8089365899562836,0.6747215032577515,nan,nan,nan,nan,nan,nan,nan,nan,nan,nan,nan,nan
632,98652,0.09999999999999998,54.62824999999994,-2.153494172811508,0.3288888888888889,1.0,1.0,116.0,0.6293103448275862,2.0,0.05474999999999999,0.8747231662273407,0.840755158662796,0.6793599724769592,nan,nan,nan,nan,nan,nan,nan,nan,nan,nan,nan,nan
633,98796,0.09999999999999998,77.58928062499999,0.17497465395927492,0.4222222222222222,0.9911111111111112,1.0,144.0,0.6527777777777778,4.0,0.20271937499999998,0.862467497587204,0.8276540100574493,0.6962697267532348,nan,nan,nan,nan,nan,nan,nan,nan,nan,nan,nan,nan
634,98937,0.09999999999999998,72.32590337656251,-0.6659879164695734,0.39111111111111113,0.9466666666666667,1.0,141.0,0.6170212765957447,6.0,0.5670966234375,0.8146192014217377,0.7785040736198425,0.7223024904727936,nan,nan,nan,nan,nan,nan,nan,nan,nan,nan,nan,nan
635,99146,0.09999999999999998,92.21465337656272,-6.666808799982069,0.48,0.96,1.0,209.0,0.5119617224880383,6.0,0.5423466234375,0.8181226968765258,0.7835484802722931,0.6914843201637269,nan,nan,nan,nan,nan,nan,nan,nan,nan,nan,nan,nan
636,99293,0.09999999999999998,65.65599999999988,-2.8982948055267324,0.37333333333333335,0.9466666666666667,1.0,147.0,0.564625850340136,1.0,0.03,0.7988779723644257,0.7642114698886872,0.6933299362659454,nan,nan,nan,nan,nan,nan,nan,nan,nan,nan,nan,nan
637,99435,0.09999999999999998,65.0391533765624,-1.2035017879009242,0.37333333333333335,0.8311111111111111,1.0,142.0,0.5845070422535211,6.0,0.6218466234375,0.9043022871017456,0.8678891003131867,0.7282638370990753,nan,nan,nan,nan,nan,nan,nan,nan,nan,nan,nan,nan
638,99588,0.09999999999999998,54.1778465015624,-1.7183044986724856,0.3333333333333333,0.96,1.0,153.0,0.48366013071895425,6.0,0.7761534984374998,0.8297845780849457,0.7959179103374481,0.6773333489894867,nan,nan,nan,nan,nan,nan,nan,nan,nan,nan,nan,nan
639,99705,0.09999999999999998,62.15624999999993,0.18129553699493584,0.35555555555555557,0.9466666666666667,1.0,117.0,0.6752136752136753,2.0,0.06974999999999999,0.809524530172348,0.7758759796619416,0.672971111536026,nan,nan,nan,nan,nan,nan,nan,nan,nan,nan,nan,nan
640,99820,0.09999999999999998,58.49999999999993,0.005247928380967215,0.3511111111111111,0.9022222222222223,1.0,115.0,0.6782608695652174,1.0,0.015,0.7765775680541992,0.7424577653408051,0.6823959827423096,nan,nan,nan,nan,nan,nan,nan,nan,nan,nan,nan,nan
641,99953,0.09999999999999998,83.25925000000005,0.7018406083583848,0.44,1.0,1.0,133.0,0.7368421052631579,2.0,0.09974999999999999,0.8506560623645782,0.8153495609760284,0.7061302304267884,nan,nan,nan,nan,nan,nan,nan,nan,nan,nan,nan,nan
642,100044,0.09999999999999998,54.467999999999925,-0.30349217224121017,0.3111111111111111,0.9777777777777777,1.0,91.0,0.7582417582417582,1.0,0.045,0.8397962331771851,0.8060872852802277,0.6741788744926452,nan,nan,nan,nan,nan,nan,nan,nan,nan,nan,nan,nan
643,100217,0.09999999999999998,81.87985562500003,-0.419853585243223,0.4622222222222222,0.9911111111111112,1.0,173.0,0.5953757225433526,4.0,0.384144375,0.8345305562019348,0.7991374790668487,0.7078615307807923,nan,nan,nan,nan,nan,nan,nan,nan,nan,nan,nan,nan
644,100352,0.09999999999999998,77.30525000000002,-0.1186566545963279,0.4177777777777778,0.9466666666666667,1.0,135.0,0.6888888888888889,2.0,0.05474999999999999,0.8797967433929443,0.8449458062648774,0.6970186471939087,nan,nan,nan,nan,nan,nan,nan,nan,nan,nan,nan,nan
645,100545,0.09999999999999998,114.29544312500022,1.3924877748489348,0.5911111111111111,1.0,1.0,193.0,0.6839378238341969,4.0,0.333556875,0.7856076061725616,0.7506443142890931,0.6992656946182251,nan,nan,nan,nan,nan,nan,nan,nan,nan,nan,nan,nan
646,100754,0.09999999999999998,96.90719319269168,-1.46859981393814,0.5022222222222222,0.9777777777777777,1.0,209.0,0.5358851674641149,9.0,1.9498068073085935,0.7243001222610473,0.6930858790874481,0.6242848426103592,nan,nan,nan,nan,nan,nan,nan,nan,nan,nan,nan,nan
647,100945,0.09999999999999998,101.05241250000027,-1.3557985620498656,0.5244444444444445,0.9777777777777777,1.0,191.0,0.612565445026178,3.0,0.1255875,0.8489495515823364,0.8141620814800262,0.6957495510578156,nan,nan,nan,nan,nan,nan,nan,nan,nan,nan,nan,nan
648,101068,0.09999999999999998,54.864249999999906,-0.24389511251449392,0.3333333333333333,0.8977777777777778,1.0,123.0,0.6016260162601627,2.0,0.11474999999999999,0.9350935339927673,0.9010984659194946,0.6799013793468476,nan,nan,nan,nan,nan,nan,nan,nan,nan,nan,nan,nan
649,101234,0.09999999999999998,56.862999999999765,-35.92849850416184,0.32,0.8933333333333333,1.0,166.0,0.42771084337349397,1.0,0.015,0.9047233998775482,0.8687272369861603,0.7199232339859009,nan,nan,nan,nan,nan,nan,nan,nan,nan,nan,nan,nan
650,101411,0.09999999999999998,91.45591250000014,0.13719191718101653,0.48,1.0,1.0,177.0,0.6045197740112994,3.0,0.26508750000000003,0.8197038888931274,0.7837830722332001,0.7184162735939026,0.39644444444444443,0.9359999999999999,1.0,0.5554029846661376,3.25,0.3087846184123046,0.42200000000000004,0.9517777777777777,1.0,0.5750230362057975,3.35,0.3850196789083985
651,101627,0.09999999999999998,99.36232500000025,-0.10256081175804077,0.5466666666666666,0.9644444444444444,1.0,216.0,0.5648148148148148,3.0,0.270675,0.8872215807437897,0.8505302369594574,0.733826857805252,nan,nan,nan,nan,nan,nan,nan,nan,nan,nan,nan,nan
652,101758,0.09999999999999998,69.60849999999998,-0.9495450198650356,0.39111111111111113,1.0,1.0,131.0,0.6641221374045801,2.0,0.10949999999999999,0.7898700714111329,0.754604834318161,0.7053046762943268,nan,nan,nan,nan,nan,nan,nan,nan,nan,nan,nan,nan
653,101927,0.09999999999999998,91.02251812500015,-0.008501185417173929,0.4711111111111111,0.9066666666666666,1.0,169.0,0.621301775147929,4.0,0.504481875,0.8039106786251068,0.7680742144584656,0.7167294085025787,nan,nan,nan,nan,nan,nan,nan,nan,nan,nan,nan,nan
654,102041,0.09999999999999998,52.78224999999994,-0.6668898000717159,0.3333333333333333,0.9288888888888889,1.0,114.0,0.6491228070175439,2.0,0.08474999999999999,0.7832963764667511,0.747642719745636,0.7130731046199799,nan,nan,nan,nan,nan,nan,nan,nan,nan,nan,nan,nan
655,102158,0.09999999999999998,60.64124999999992,-0.10844166994094673,0.3466666666666667,0.8977777777777778,1.0,117.0,0.6581196581196581,2.0,0.09974999999999999,0.8438073694705963,0.8096213519573212,0.6837202310562134,nan,nan,nan,nan,nan,nan,nan,nan,nan,nan,nan,nan
656,102263,0.09999999999999998,67.03499999999994,0.09032257986068926,0.36,0.9822222222222222,1.0,105.0,0.7619047619047619,1.0,0.03,0.7735408961772918,0.7397505044937134,0.6758079886436462,nan,nan,nan,nan,nan,nan,nan,nan,nan,nan,nan,nan
657,102455,0.09999999999999998,91.80541250000016,-2.1953652467727647,0.4666666666666667,1.0,1.0,192.0,0.5416666666666666,3.0,0.1855875,0.77648845911026,0.7429791331291199,0.6701866209506988,nan,nan,nan,nan,nan,nan,nan,nan,nan,nan,nan,nan
658,102592,0.09999999999999998,82.69303062500005,0.5217351894378668,0.43555555555555553,1.0,1.0,137.0,0.708029197080292,4.0,0.20796937499999996,0.7976115107536316,0.7663317084312439,0.6255961954593658,nan,nan,nan,nan,nan,nan,nan,nan,nan,nan,nan,nan
659,102755,0.09999999999999998,64.93899999999984,-8.068281103610992,0.37777777777777777,0.8933333333333333,1.0,163.0,0.5153374233128835,1.0,0.03,0.8037883222103119,0.7703229367733002,0.6693077445030212,nan,nan,nan,nan,nan,nan,nan,nan,nan,nan,nan,nan
660,102846,0.09999999999999998,62.16299999999991,0.30502524089813265,0.3333333333333333,0.9377777777777778,1.0,91.0,0.8131868131868132,1.0,0.03,0.7473333358764649,0.7139922559261322,0.6668214082717896,nan,nan,nan,nan,nan,nan,nan,nan,nan,nan,nan,nan
661,102958,0.09999999999999998,61.910999999999916,-0.37938294219970703,0.3422222222222222,0.92,1.0,112.0,0.6785714285714286,1.0,0.075,0.8228920221328735,0.7889033317565918,0.6797739923000335,nan,nan,nan,nan,nan,nan,nan,nan,nan,nan,nan,nan
662,103090,0.09999999999999998,71.76600000000002,-1.0530815136432639,0.39111111111111113,0.9911111111111112,1.0,132.0,0.6590909090909091,1.0,0.045,0.8015803337097168,0.7667365789413452,0.6968750357627869,nan,nan,nan,nan,nan,nan,nan,nan,nan,nan,nan,nan
663,103231,0.09999999999999998,80.60825000000008,0.5441810970306404,0.43555555555555553,0.8933333333333333,1.0,141.0,0.6879432624113475,2.0,0.08474999999999999,0.7423194527626038,0.7090589284896851,0.6652104556560516,nan,nan,nan,nan,nan,nan,nan,nan,nan,nan,nan,nan
664,103328,0.09999999999999998,52.025999999999925,-0.6441826946735378,0.29777777777777775,0.8133333333333334,1.0,97.0,0.6804123711340206,1.0,0.06,0.7732247710227966,0.7392433404922485,0.6796284794807435,nan,nan,nan,nan,nan,nan,nan,nan,nan,nan,nan,nan
665,103517,0.09999999999999998,96.36250000000027,-3.7642774221897164,0.4888888888888889,0.8933333333333333,1.0,189.0,0.5767195767195767,2.0,0.15449999999999997,0.8391592264175415,0.8042287111282349,0.6986101865768433,nan,nan,nan,nan,nan,nan,nan,nan,nan,nan,nan,nan
666,103650,0.09999999999999998,73.114,-0.6343456094264982,0.40444444444444444,0.9155555555555556,1.0,133.0,0.6766917293233082,1.0,0.045,0.75544753074646,0.7198680639266968,0.7115893304347992,nan,nan,nan,nan,nan,nan,nan,nan,nan,nan,nan,nan
667,103843,0.09999999999999998,87.9101005312502,-1.537181243419647,0.4622222222222222,0.9555555555555556,1.0,193.0,0.533678756476684,5.0,0.43389946875,0.7812781512737275,0.7453996241092682,0.7175706028938293,nan,nan,nan,nan,nan,nan,nan,nan,nan,nan,nan,nan
668,103966,0.09999999999999998,70.70899999999995,-0.19284687495231512,0.39111111111111113,0.9822222222222222,1.0,123.0,0.7073170731707317,1.0,0.09,0.8558199584484101,0.8218133211135864,0.6801326692104339,nan,nan,nan,nan,nan,nan,nan,nan,nan,nan,nan,nan
669,104076,0.09999999999999998,77.12500000000001,1.3064765815734833,0.4,1.0,1.0,110.0,0.8090909090909091,1.0,0.03,0.8619297981262207,0.8270425081253052,0.6977457284927369,nan,nan,nan,nan,nan,nan,nan,nan,nan,nan,nan,nan
670,104252,0.09999999999999998,84.57207500000004,-0.9419816980361937,0.4488888888888889,0.9244444444444444,1.0,176.0,0.5681818181818182,3.0,0.290925,0.8454504072666168,0.8106858551502227,0.6952911674976349,nan,nan,nan,nan,nan,nan,nan,nan,nan,nan,nan,nan
671,104400,0.09999999999999998,65.41594312499987,-1.2339300704002378,0.3688888888888889,0.92,1.0,148.0,0.5540540540540541,4.0,0.368056875,0.7415972590446472,0.7064468264579773,0.7030087530612945,nan,nan,nan,nan,nan,nan,nan,nan,nan,nan,nan,nan
672,104621,0.09999999999999998,108.45385053125034,-1.1910786154270157,0.5511111111111111,1.0,1.0,221.0,0.5565610859728507,5.0,0.34914946874999997,0.873572438955307,0.8364565193653106,0.7423183917999268,nan,nan,nan,nan,nan,nan,nan,nan,nan,nan,nan,nan
673,104758,0.09999999999999998,85.11100000000006,-0.029798735618590477,0.44,0.9955555555555555,1.0,137.0,0.7153284671532847,1.0,0.03,0.788979572057724,0.7549933671951294,0.6797240018844605,nan,nan,nan,nan,nan,nan,nan,nan,nan,nan,nan,nan
674,104863,0.09999999999999998,47.01585053124994,-1.658383759021759,0.28888888888888886,0.9022222222222223,1.0,105.0,0.6095238095238096,5.0,0.30414946875,0.8865482211112976,0.8535031020641327,0.6609022915363312,nan,nan,nan,nan,nan,nan,nan,nan,nan,nan,nan,nan
675,105031,0.09999999999999998,72.2164738176914,-1.8841614780426021,0.39555555555555555,0.9111111111111111,1.0,168.0,0.5238095238095238,8.0,1.6225261823085935,0.8352417051792145,0.8014653027057648,0.6755278646945954,0.40488888888888885,0.9404444444444444,1.0,0.6766448914814756,2.75,0.23521773221484366,0.4362222222222222,0.9382222222222223,1.0,0.6603652553512589,3.45,0.4012912416154296
676,105172,0.09999999999999998,80.29291250000003,0.4718881680965439,0.4266666666666667,0.8933333333333333,1.0,141.0,0.6737588652482269,3.0,0.19008749999999996,0.9433796048164368,0.9086004793643951,0.6955827057361603,nan,nan,nan,nan,nan,nan,nan,nan,nan,nan,nan,nan
677,105344,0.09999999999999998,93.19100000000012,0.4871913256645217,0.5111111111111111,0.9333333333333333,1.0,172.0,0.6627906976744186,1.0,0.075,0.7830388009548187,0.7478053629398346,0.7046687364578247,nan,nan,nan,nan,nan,nan,nan,nan,nan,nan,nan,nan
678,105523,0.09999999999999998,86.31691250000006,-1.116246167182922,0.4711111111111111,0.9422222222222222,1.0,179.0,0.5865921787709497,3.0,0.20508749999999998,0.7389147341251373,0.7040217041969299,0.6978605031967163,nan,nan,nan,nan,nan,nan,nan,nan,nan,nan,nan,nan
679,105620,0.09999999999999998,51.320999999999934,-0.75715720129013,0.3022222222222222,0.8488888888888889,1.0,97.0,0.6907216494845361,1.0,0.045,0.7827220737934113,0.7474669396877289,0.7051024436950684,nan,nan,nan,nan,nan,nan,nan,nan,nan,nan,nan,nan
680,105806,0.09999999999999998,76.83944312499999,-0.9245981264114381,0.4444444444444444,0.9644444444444444,1.0,186.0,0.532258064516129,4.0,0.333556875,0.9277827918529511,0.8925803661346435,0.7040485143661499,nan,nan,nan,nan,nan,nan,nan,nan,nan,nan,nan,nan
681,105939,0.09999999999999998,63.33424999999989,-0.9216100597381592,0.3511111111111111,0.9022222222222223,1.0,133.0,0.5864661654135338,2.0,0.12974999999999998,0.8424963295459748,0.8074862658977509,0.7002015054225922,nan,nan,nan,nan,nan,nan,nan,nan,nan,nan,nan,nan
682,106057,0.09999999999999998,62.20474999999992,-0.0785015420913675,0.3511111111111111,0.8977777777777778,1.0,118.0,0.6610169491525424,2.0,0.11924999999999998,0.8094463586807251,0.7761298835277557,0.6663296520709991,nan,nan,nan,nan,nan,nan,nan,nan,nan,nan,nan,nan
683,106294,0.09999999999999998,114.44260053125043,-3.6708871724605587,0.5955555555555555,0.9911111111111112,1.0,237.0,0.5611814345991561,5.0,0.5133994687500001,0.8855660915374756,0.8517488896846771,0.6763440191745758,nan,nan,nan,nan,nan,nan,nan,nan,nan,nan,nan,nan
684,106439,0.09999999999999998,72.6096625,-0.04525524616241383,0.4222222222222222,0.9111111111111111,1.0,145.0,0.6482758620689655,3.0,0.1953375,0.8574573516845703,0.8213961780071258,0.7212233185768128,nan,nan,nan,nan,nan,nan,nan,nan,nan,nan,nan,nan
685,106583,0.09999999999999998,69.00725000000003,-2.771219707965851,0.3688888888888889,0.9422222222222222,1.0,144.0,0.5694444444444444,2.0,0.08474999999999999,0.8675257503986359,0.8318954944610596,0.7126050472259522,nan,nan,nan,nan,nan,nan,nan,nan,nan,nan,nan,nan
686,106783,0.09999999999999998,97.9151931926916,-0.981859842538833,0.5022222222222222,1.0,1.0,200.0,0.56,8.0,1.509806807308593,0.8512984156608582,0.8148589134216309,0.7287901401519775,nan,nan,nan,nan,nan,nan,nan,nan,nan,nan,nan,nan
687,106994,0.09999999999999998,95.81376303125019,-0.9748736047744749,0.5244444444444445,0.9866666666666667,1.0,211.0,0.5545023696682464,5.0,0.47923696874999994,0.7975345849990845,0.7615153610706329,0.7203843057155609,nan,nan,nan,nan,nan,nan,nan,nan,nan,nan,nan,nan
688,107088,0.09999999999999998,49.607249999999965,-0.29426390647888057,0.30666666666666664,0.9777777777777777,1.0,94.0,0.723404255319149,2.0,0.08474999999999999,0.8656304061412812,0.8285361886024475,0.741884297132492,nan,nan,nan,nan,nan,nan,nan,nan,nan,nan,nan,nan
689,107266,0.09999999999999998,92.49925000000013,-0.19165827655792156,0.48444444444444446,0.9822222222222222,1.0,178.0,0.6067415730337079,2.0,0.21975000000000006,0.7674279034137725,0.7307926476001739,0.732705157995224,nan,nan,nan,nan,nan,nan,nan,nan,nan,nan,nan,nan
690,107410,0.09999999999999998,79.85691249999995,0.1708744018077868,0.4177777777777778,0.8133333333333334,1.0,144.0,0.6458333333333334,3.0,0.23508749999999995,0.8657266736030579,0.8289839506149292,0.7348546326160431,nan,nan,nan,nan,nan,nan,nan,nan,nan,nan,nan,nan
691,107537,0.09999999999999998,66.55124999999991,-0.3430767016410813,0.37777777777777777,0.96,1.0,127.0,0.6614173228346457,2.0,0.06974999999999999,0.8581017255783081,0.8208627462387085,0.7447794854640961,nan,nan,nan,nan,nan,nan,nan,nan,nan,nan,nan,nan
692,107688,0.09999999999999998,66.54266249999993,-0.409072655916213,0.39555555555555555,0.8755555555555555,1.0,151.0,0.5827814569536424,3.0,0.18033749999999998,0.8288109302520752,0.7918579876422882,0.7390588521957397,nan,nan,nan,nan,nan,nan,nan,nan,nan,nan,nan,nan
693,107849,0.09999999999999998,75.40825000000012,-7.076972112655637,0.39555555555555555,0.84,1.0,161.0,0.546583850931677,2.0,0.12974999999999998,0.8352697551250458,0.7985111236572265,0.7351728618144989,nan,nan,nan,nan,nan,nan,nan,nan,nan,nan,nan,nan
694,108035,0.09999999999999998,89.62375000000009,-9.47841742849346,0.4711111111111111,0.9733333333333334,1.0,186.0,0.5645161290322581,2.0,0.14925,0.7776810109615326,0.7416008234024047,0.7216037333011627,nan,nan,nan,nan,nan,nan,nan,nan,nan,nan,nan,nan
695,108133,0.09999999999999998,44.66424999999999,-1.0487633771896354,0.28444444444444444,0.8933333333333333,1.0,98.0,0.6428571428571429,2.0,0.05474999999999999,0.8663333058357239,0.8304427027702331,0.7178122341632843,nan,nan,nan,nan,nan,nan,nan,nan,nan,nan,nan,nan
696,108303,0.09999999999999998,75.22466250000005,-1.885553749799728,0.4266666666666667,0.9644444444444444,1.0,170.0,0.5588235294117647,3.0,0.18033749999999998,0.8111505210399628,0.7742891669273376,0.7372272253036499,nan,nan,nan,nan,nan,nan,nan,nan,nan,nan,nan,nan
697,108489,0.09999999999999998,92.53885053125016,-2.0782232856750475,0.47555555555555556,0.9733333333333334,1.0,186.0,0.5698924731182796,5.0,0.36414946875,0.803556889295578,0.7683013916015625,0.7051099479198456,nan,nan,nan,nan,nan,nan,nan,nan,nan,nan,nan,nan
698,108680,0.09999999999999998,80.37266250000008,-3.5005289981365197,0.4577777777777778,0.8266666666666667,1.0,191.0,0.5340314136125655,3.0,0.2703375,0.8768252074718476,0.841923075914383,0.6980426132678985,nan,nan,nan,nan,nan,nan,nan,nan,nan,nan,nan,nan
699,108910,0.09999999999999998,98.19316640781274,-0.6184338743686695,0.5155555555555555,0.96,1.0,230.0,0.5,6.0,0.9068335921875,0.8412097811698913,0.8051253199577332,0.7216891884803772,nan,nan,nan,nan,nan,nan,nan,nan,nan,nan,nan,nan
700,109105,0.09999999999999998,113.81966250000035,-1.3815069587230684,0.5644444444444444,1.0,1.0,195.0,0.6461538461538462,3.0,0.16533749999999997,0.9402608215808869,0.9053103685379028,0.69900883436203,0.3997777777777778,0.952,1.0,0.6844864811053982,2.4,0.21436913036718747,0.4373333333333333,0.9395555555555557,1.0,0.6355658741917072,2.9,0.33633848403730465
701,109250,0.09999999999999998,83.44941250000008,-0.08327957367897088,0.4311111111111111,0.9866666666666667,1.0,145.0,0.6620689655172414,3.0,0.1555875,1.0578192055225373,1.0214484333992004,0.7274156332015991,nan,nan,nan,nan,nan,nan,nan,nan,nan,nan,nan,nan
702,109418,0.09999999999999998,84.01841250000003,-0.45115358209609935,0.4488888888888889,1.0,1.0,168.0,0.5952380952380952,3.0,0.1705875,0.9610100090503693,0.9245011687278748,0.7301768839359284,nan,nan,nan,nan,nan,nan,nan,nan,nan,nan,nan,nan
703,109562,0.09999999999999998,70.90274999999991,-0.04011136007308869,0.4,0.8844444444444445,1.0,144.0,0.6180555555555556,2.0,0.23925000000000002,0.8552828967571259,0.8201696634292602,0.7022647202014923,nan,nan,nan,nan,nan,nan,nan,nan,nan,nan,nan,nan
704,109678,0.09999999999999998,66.64324999999997,0.8253100378513352,0.37777777777777777,0.9555555555555556,1.0,116.0,0.7241379310344828,2.0,0.06974999999999999,0.8456794381141662,0.8094428300857544,0.7247323453426361,nan,nan,nan,nan,nan,nan,nan,nan,nan,nan,nan,nan
705,109861,0.09999999999999998,98.55382500000022,-1.1410666258335103,0.5066666666666667,0.9955555555555555,1.0,183.0,0.6174863387978142,3.0,0.39517499999999994,0.8547741889953613,0.8180813193321228,0.7338573396205902,nan,nan,nan,nan,nan,nan,nan,nan,nan,nan,nan,nan
706,109970,0.09999999999999998,56.191999999999936,-0.8261398646831513,0.3288888888888889,0.9288888888888889,1.0,109.0,0.6697247706422018,1.0,0.015,0.8421184957027436,0.8060361444950104,0.7216470003128052,nan,nan,nan,nan,nan,nan,nan,nan,nan,nan,nan,nan
707,110220,0.09999999999999998,98.01734656925434,-1.25801002550125,0.5288888888888889,0.9911111111111112,1.0,250.0,0.472,9.0,2.4276534307460937,0.9945017337799072,0.9574252665042877,0.7415293693542481,nan,nan,nan,nan,nan,nan,nan,nan,nan,nan,nan,nan
708,110376,0.09999999999999998,69.19828069269138,-1.9590604143142683,0.37777777777777777,0.9555555555555556,1.0,156.0,0.5384615384615384,9.0,1.8347193073085935,0.9176262259483338,0.8826283991336823,0.6999567031860352,nan,nan,nan,nan,nan,nan,nan,nan,nan,nan,nan,nan
709,110525,0.09999999999999998,81.65844312500006,-0.3289916372299183,0.4311111111111111,0.9911111111111112,1.0,149.0,0.6442953020134228,4.0,0.288556875,0.8689378023147583,0.8350948095321655,0.6768598318099975,nan,nan,nan,nan,nan,nan,nan,nan,nan,nan,nan,nan
710,110689,0.09999999999999998,86.05844312500011,-0.90912758040428,0.4533333333333333,0.9955555555555555,1.0,164.0,0.6158536585365854,4.0,0.273556875,0.9142007410526276,0.8795228004455566,0.6935587227344513,nan,nan,nan,nan,nan,nan,nan,nan,nan,nan,nan,nan
711,110843,0.09999999999999998,70.13003062499995,-1.1298061251640312,0.4,0.8711111111111111,1.0,154.0,0.577922077922078,4.0,0.336969375,0.8720228791236877,0.8341690003871918,0.757077568769455,nan,nan,nan,nan,nan,nan,nan,nan,nan,nan,nan,nan
712,110937,0.09999999999999998,46.94224999999997,-0.5136726059913622,0.3022222222222222,0.9688888888888889,1.0,94.0,0.7127659574468085,2.0,0.09974999999999999,0.7786914467811584,0.7426389038562775,0.7210510671138763,nan,nan,nan,nan,nan,nan,nan,nan,nan,nan,nan,nan
713,111045,0.09999999999999998,69.91103062499997,0.5521695585250868,0.37333333333333335,1.0,1.0,108.0,0.7685185185185185,4.0,0.14796937499999996,0.9080584704875946,0.8720255851745605,0.7206579089164734,nan,nan,nan,nan,nan,nan,nan,nan,nan,nan,nan,nan
714,111174,0.09999999999999998,74.55641249999998,0.5446492626667034,0.43555555555555553,1.0,1.0,129.0,0.751937984496124,3.0,0.11058749999999999,1.0184859216213227,0.9846577227115632,0.6765640854835511,nan,nan,nan,nan,nan,nan,nan,nan,nan,nan,nan,nan
715,111313,0.09999999999999998,35.77285053125008,-10.597384895324703,0.24444444444444444,0.8311111111111111,1.0,139.0,0.38848920863309355,5.0,0.27414946874999996,1.056041383743286,1.0204083919525146,0.7126601219177247,nan,nan,nan,nan,nan,nan,nan,nan,nan,nan,nan,nan
716,111433,0.09999999999999998,34.01528069269134,-2.4567029602527617,0.24444444444444444,0.8355555555555556,1.0,120.0,0.45,12.0,3.2747193073085934,0.9188190281391144,0.8833875596523285,0.7086292982101441,nan,nan,nan,nan,nan,nan,nan,nan,nan,nan,nan,nan
717,111638,0.09999999999999998,101.02825390781274,0.0744445223808301,0.5466666666666666,1.0,1.0,205.0,0.5951219512195122,6.0,0.7917460921874998,0.9642987489700318,0.9256115078926086,0.7737447798252106,nan,nan,nan,nan,nan,nan,nan,nan,nan,nan,nan,nan
718,111776,0.09999999999999998,88.99925000000012,0.8496781191825848,0.4533333333333333,1.0,1.0,138.0,0.7318840579710145,2.0,0.09974999999999999,0.8786880791187286,0.842266196012497,0.728437352180481,nan,nan,nan,nan,nan,nan,nan,nan,nan,nan,nan,nan
719,111883,0.09999999999999998,59.256249999999916,-0.684207714557647,0.3377777777777778,1.0,1.0,107.0,0.7009345794392523,2.0,0.05474999999999999,0.9563234090805054,0.9206851780414581,0.7127646267414093,nan,nan,nan,nan,nan,nan,nan,nan,nan,nan,nan,nan
720,112061,0.09999999999999998,96.73153062500015,-0.061363158941268425,0.4888888888888889,1.0,1.0,178.0,0.6123595505617978,4.0,0.287469375,0.9736671447753906,0.9384581446647644,0.7041797816753388,nan,nan,nan,nan,nan,nan,nan,nan,nan,nan,nan,nan
721,112236,0.09999999999999998,91.44500000000022,-0.7515437102317801,0.4666666666666667,0.92,1.0,175.0,0.5942857142857143,1.0,0.135,0.8969118416309356,0.8594217479228974,0.7498019516468049,nan,nan,nan,nan,nan,nan,nan,nan,nan,nan,nan,nan
722,112354,0.09999999999999998,74.50425000000001,-0.04228219389915355,0.39111111111111113,1.0,1.0,118.0,0.7372881355932204,2.0,0.08474999999999999,0.8797360002994538,0.8444306075572967,0.7061080396175384,nan,nan,nan,nan,nan,nan,nan,nan,nan,nan,nan,nan
723,112493,0.09999999999999998,75.84250000000003,0.3631576480865495,0.4266666666666667,0.9555555555555556,1.0,139.0,0.6834532374100719,2.0,0.13949999999999999,0.7746285259723663,0.740399444103241,0.684581744670868,nan,nan,nan,nan,nan,nan,nan,nan,nan,nan,nan,nan
724,112624,0.09999999999999998,75.695530625,-0.5688897304534901,0.40444444444444444,0.9422222222222222,1.0,131.0,0.6870229007633588,4.0,0.28746937499999997,0.7900103569030762,0.7544418573379517,0.7113700389862061,nan,nan,nan,nan,nan,nan,nan,nan,nan,nan,nan,nan
725,112758,0.09999999999999998,69.68253069269134,-0.6351135618686661,0.38222222222222224,1.0,1.0,134.0,0.6343283582089553,8.0,1.3294693073085933,0.902122950553894,0.867397952079773,0.694499933719635,0.4051111111111111,0.9468888888888888,1.0,0.6444083106076979,3.3,0.4126004823749998,0.4262222222222222,0.9353333333333333,1.0,0.612051753569073,3.45,0.4461663330767577
726,112879,0.09999999999999998,58.87299999999987,-1.8543233270645136,0.3288888888888889,0.9244444444444444,1.0,121.0,0.6033057851239669,1.0,0.06,0.8758296966552734,0.8399459302425385,0.7176753282546997,nan,nan,nan,nan,nan,nan,nan,nan,nan,nan,nan,nan
727,113097,0.09999999999999998,100.40653062500029,-0.6983047039508803,0.5466666666666666,0.9511111111111111,1.0,218.0,0.5596330275229358,4.0,0.287469375,0.8436806082725525,0.8079866468906403,0.71387899518013,nan,nan,nan,nan,nan,nan,nan,nan,nan,nan,nan,nan
728,113271,0.09999999999999998,79.44455159375006,-1.8505918807983381,0.4266666666666667,0.9466666666666667,1.0,174.0,0.5459770114942529,5.0,0.86744840625,0.8758597075939178,0.8412104070186615,0.692986136674881,nan,nan,nan,nan,nan,nan,nan,nan,nan,nan,nan,nan
729,113455,0.09999999999999998,92.3719125000002,-0.014930765628816456,0.4888888888888889,0.9333333333333333,1.0,184.0,0.592391304347826,3.0,0.2350875,0.8410329043865203,0.8057538986206054,0.7055799722671509,nan,nan,nan,nan,nan,nan,nan,nan,nan,nan,nan,nan
730,113585,0.09999999999999998,64.24311894789051,-0.9335763168334954,0.35555555555555557,0.9066666666666666,1.0,130.0,0.6076923076923076,7.0,1.361881052109375,0.7787319123744965,0.744915223121643,0.6763338685035706,nan,nan,nan,nan,nan,nan,nan,nan,nan,nan,nan,nan
731,113725,0.09999999999999998,34.63499999999981,-40.595336994409564,0.21333333333333335,0.8355555555555556,1.0,140.0,0.3357142857142857,1.0,0.015,0.8256539225578308,0.7919775426387787,0.6735275506973266,nan,nan,nan,nan,nan,nan,nan,nan,nan,nan,nan,nan
732,113825,0.09999999999999998,55.18499999999991,-1.776332825422287,0.30666666666666664,0.8177777777777778,1.0,100.0,0.68,1.0,0.03,0.9742562115192414,0.9379399657249451,0.7263247609138489,nan,nan,nan,nan,nan,nan,nan,nan,nan,nan,nan,nan
733,114051,0.09999999999999998,118.28463122394182,-0.3470244092941347,0.5955555555555555,1.0,1.0,226.0,0.588495575221239,9.0,2.1583687760585932,1.029312890768051,0.995004940032959,0.686158812046051,nan,nan,nan,nan,nan,nan,nan,nan,nan,nan,nan,nan
734,114184,0.09999999999999998,79.96425000000005,0.16811627340316848,0.4222222222222222,0.9244444444444444,1.0,133.0,0.706766917293233,2.0,0.08474999999999999,0.9173528730869294,0.8845572531223297,0.655912309885025,nan,nan,nan,nan,nan,nan,nan,nan,nan,nan,nan,nan
735,114319,0.09999999999999998,75.91524999999997,-0.27224411392211856,0.40444444444444444,0.8311111111111111,1.0,135.0,0.6666666666666666,2.0,0.12974999999999998,1.1229365944862366,1.0894888401031495,0.6689551115036011,nan,nan,nan,nan,nan,nan,nan,nan,nan,nan,nan,nan
736,114564,0.09999999999999998,103.33991250000038,-7.016566743612289,0.5644444444444444,1.0,1.0,245.0,0.5142857142857142,3.0,0.2350875,1.0476636111736297,1.0150207161903382,0.6528581202030181,nan,nan,nan,nan,nan,nan,nan,nan,nan,nan,nan,nan
737,114712,0.09999999999999998,81.09391250000006,0.6882253880500777,0.43555555555555553,0.92,1.0,148.0,0.6554054054054054,3.0,0.20508749999999998,0.8231895983219146,0.7901149034500122,0.6614938199520111,nan,nan,nan,nan,nan,nan,nan,nan,nan,nan,nan,nan
738,114902,0.09999999999999998,101.00025000000024,0.04952894544601527,0.5244444444444445,1.0,1.0,190.0,0.6157894736842106,2.0,0.14475,0.8314998805522918,0.7966976404190064,0.6960447549819946,nan,nan,nan,nan,nan,nan,nan,nan,nan,nan,nan,nan
739,115010,0.09999999999999998,70.02899999999995,0.5382417163848889,0.37333333333333335,0.9555555555555556,1.0,108.0,0.7685185185185185,1.0,0.03,0.8333400011062622,0.7954271078109741,0.7582576990127563,nan,nan,nan,nan,nan,nan,nan,nan,nan,nan,nan,nan
740,115151,0.09999999999999998,80.37207500000002,0.3636602826118478,0.4177777777777778,0.9733333333333334,1.0,141.0,0.6595744680851063,3.0,0.275925,0.8144705891609192,0.7791488647460938,0.706434452533722,nan,nan,nan,nan,nan,nan,nan,nan,nan,nan,nan,nan
741,115277,0.09999999999999998,52.99944312499992,-1.3614130804538724,0.3111111111111111,0.8888888888888888,1.0,126.0,0.5476190476190477,4.0,0.273556875,0.8406164944171906,0.804757022857666,0.7171891331672668,nan,nan,nan,nan,nan,nan,nan,nan,nan,nan,nan,nan
742,115440,0.09999999999999998,74.86925000000005,-1.5148020746707906,0.4,0.9111111111111111,1.0,163.0,0.5460122699386503,2.0,0.08474999999999999,0.86742462515831,0.8310558676719666,0.7273751974105835,nan,nan,nan,nan,nan,nan,nan,nan,nan,nan,nan,nan
743,115571,0.09999999999999998,68.06296557132804,-0.6697085599899284,0.37777777777777777,0.9244444444444444,1.0,131.0,0.6412213740458015,7.0,0.8900344286718748,0.92422736287117,0.8893213868141174,0.6981196701526642,nan,nan,nan,nan,nan,nan,nan,nan,nan,nan,nan,nan
744,115646,0.09999999999999998,44.12499999999998,-1.0496292037963868,0.2577777777777778,0.9377777777777778,1.0,75.0,0.76,0.0,0.0,0.8750511646270752,0.8403424680233001,0.6941738843917846,nan,nan,nan,nan,nan,nan,nan,nan,nan,nan,nan,nan
745,115783,0.09999999999999998,80.383030625,0.2168980679512036,0.4222222222222222,0.9555555555555556,1.0,137.0,0.6861313868613139,4.0,0.207969375,1.2681053519248962,1.2320278108119964,0.721550440788269,nan,nan,nan,nan,nan,nan,nan,nan,nan,nan,nan,nan
746,115987,0.09999999999999998,87.21657500000009,-2.189109454154967,0.4666666666666667,0.9155555555555556,1.0,204.0,0.5098039215686274,3.0,0.38542499999999996,1.0630563020706176,1.0286783576011658,0.6875587999820709,nan,nan,nan,nan,nan,nan,nan,nan,nan,nan,nan,nan
747,116090,0.09999999999999998,57.948412499999925,-0.7573975064754488,0.3244444444444444,0.9866666666666667,1.0,103.0,0.6990291262135923,3.0,0.12558749999999996,0.8665742635726928,0.8304317593574524,0.7228501379489899,nan,nan,nan,nan,nan,nan,nan,nan,nan,nan,nan,nan
748,116269,0.09999999999999998,88.02226303125018,-1.0919835081100462,0.4533333333333333,0.9955555555555555,1.0,179.0,0.5642458100558659,5.0,0.44473696874999996,0.8949971139431,0.8600566864013672,0.6988086342811585,nan,nan,nan,nan,nan,nan,nan,nan,nan,nan,nan,nan
749,116486,0.09999999999999998,97.44032500000033,-3.493551070213317,0.5022222222222222,0.96,1.0,217.0,0.5161290322580645,3.0,0.30067499999999997,0.7937237381935119,0.7570855557918549,0.7327638328075409,nan,nan,nan,nan,nan,nan,nan,nan,nan,nan,nan,nan
750,116614,0.09999999999999998,59.97399999999991,-1.399323915958404,0.35555555555555557,0.9644444444444444,1.0,128.0,0.6171875,1.0,0.03,0.8225453138351441,0.7840843737125397,0.7692188560962677,0.41933333333333334,0.9624444444444444,1.0,0.6369673401526853,2.85,0.22514068229296874,0.38577777777777783,0.9228888888888889,0.95,0.650429733918717,3.1,0.3854401011466797
751,116853,0.09999999999999998,99.7597806250005,-3.1371494660377577,0.52,0.9911111111111112,1.0,239.0,0.48535564853556484,4.0,0.35721937499999995,0.7899223387241363,0.7531109809875488,0.7362271308898926,nan,nan,nan,nan,nan,nan,nan,nan,nan,nan,nan,nan
752,116967,0.09999999999999998,52.07749999999995,-0.9225084414482118,0.31555555555555553,0.84,1.0,114.0,0.6140350877192983,2.0,0.12449999999999999,0.8266974449157715,0.7915086388587952,0.7037762641906739,nan,nan,nan,nan,nan,nan,nan,nan,nan,nan,nan,nan
753,117079,0.09999999999999998,66.27649999999994,0.6152003593444832,0.36444444444444446,0.9155555555555556,1.0,112.0,0.7232142857142857,2.0,0.12449999999999999,0.9787316024303436,0.9433306872844696,0.7080181479454041,nan,nan,nan,nan,nan,nan,nan,nan,nan,nan,nan,nan
754,117261,0.09999999999999998,93.07066250000024,-0.7450874800682098,0.4888888888888889,0.9822222222222222,1.0,182.0,0.5989010989010989,3.0,0.19533750000000005,0.851370882987976,0.8144867420196533,0.7376828908920288,nan,nan,nan,nan,nan,nan,nan,nan,nan,nan,nan,nan
755,117431,0.09999999999999998,92.00966250000013,0.18839767122268736,0.4888888888888889,0.9466666666666667,1.0,170.0,0.6411764705882353,3.0,0.18033749999999998,1.1215734779834747,1.0856100142002105,0.7192693173885345,nan,nan,nan,nan,nan,nan,nan,nan,nan,nan,nan,nan
756,117581,0.09999999999999998,73.16585053125002,0.4797020711898803,0.4177777777777778,0.9155555555555556,1.0,150.0,0.62,5.0,0.34914946874999997,0.9444915354251862,0.9094315111637116,0.7012003362178802,nan,nan,nan,nan,nan,nan,nan,nan,nan,nan,nan,nan
757,117776,0.09999999999999998,85.66132913382819,-1.5241292307376855,0.4666666666666667,0.8977777777777778,1.0,195.0,0.5333333333333333,7.0,1.5136708661718743,0.8837588250637054,0.8490590512752533,0.6939956426620484,nan,nan,nan,nan,nan,nan,nan,nan,nan,nan,nan,nan
758,117882,0.09999999999999998,68.90299999999992,0.5702278292179122,0.37333333333333335,0.9777777777777777,1.0,106.0,0.7830188679245284,1.0,0.06,0.8867162823677063,0.851851224899292,0.6973012328147888,nan,nan,nan,nan,nan,nan,nan,nan,nan,nan,nan,nan
759,118020,0.09999999999999998,67.81165337656242,-0.13187061929702604,0.4,0.9644444444444444,1.0,138.0,0.644927536231884,6.0,0.5573466234375,0.9029015362262726,0.8676088333129883,0.7058539688587189,nan,nan,nan,nan,nan,nan,nan,nan,nan,nan,nan,nan
760,118242,0.09999999999999998,97.36150000000039,-5.501812703609467,0.5111111111111111,0.9066666666666666,1.0,222.0,0.5135135135135135,2.0,0.16949999999999998,0.78096684217453,0.7456504762172699,0.7063273429870606,nan,nan,nan,nan,nan,nan,nan,nan,nan,nan,nan,nan
761,118390,0.09999999999999998,49.963999999999785,-16.02798051404953,0.28444444444444444,0.8933333333333333,1.0,148.0,0.42567567567567566,1.0,0.015,0.8922383189201355,0.8556629180908203,0.7315079867839813,nan,nan,nan,nan,nan,nan,nan,nan,nan,nan,nan,nan
762,118540,0.09999999999999998,71.96549999999989,-4.571612034082414,0.37777777777777777,0.9733333333333334,1.0,150.0,0.56,2.0,0.10949999999999999,0.9421857595443726,0.9051050543785095,0.7416139364242553,nan,nan,nan,nan,nan,nan,nan,nan,nan,nan,nan,nan
763,118663,0.09999999999999998,59.414249999999875,-2.177670449018477,0.3333333333333333,0.9244444444444444,1.0,123.0,0.6016260162601627,2.0,0.06974999999999999,1.034844172000885,0.9984145700931549,0.728591787815094,nan,nan,nan,nan,nan,nan,nan,nan,nan,nan,nan,nan
764,118811,0.09999999999999998,58.109499999999976,-10.27707919883726,0.36444444444444446,1.0,1.0,148.0,0.5472972972972973,2.0,0.10949999999999999,1.0552394568920136,1.0187507212162017,0.7297747433185577,nan,nan,nan,nan,nan,nan,nan,nan,nan,nan,nan,nan
765,118977,0.09999999999999998,79.69969312500008,-1.431024166584014,0.41333333333333333,1.0,1.0,166.0,0.5542168674698795,4.0,0.34330687499999996,0.9186834871768952,0.8821990966796875,0.7296875774860382,nan,nan,nan,nan,nan,nan,nan,nan,nan,nan,nan,nan
766,119088,0.09999999999999998,67.21299999999997,0.7573209013938922,0.37777777777777777,0.9466666666666667,1.0,111.0,0.7567567567567568,1.0,0.06,0.8675301432609558,0.8308005571365357,0.7345920264720917,nan,nan,nan,nan,nan,nan,nan,nan,nan,nan,nan,nan
767,119268,0.09999999999999998,94.39050000000019,0.9482724177837345,0.5022222222222222,0.96,1.0,180.0,0.6222222222222222,2.0,0.22950000000000004,0.9738022565841675,0.9374443650245666,0.7271578311920166,nan,nan,nan,nan,nan,nan,nan,nan,nan,nan,nan,nan
768,119485,0.09999999999999998,85.86062807132835,-1.490720710754394,0.5022222222222222,0.9555555555555556,1.0,217.0,0.5161290322580645,7.0,0.9503719286718749,1.0198462069034577,0.9818286776542664,0.7603508472442627,nan,nan,nan,nan,nan,nan,nan,nan,nan,nan,nan,nan
769,119623,0.09999999999999998,83.00900000000007,0.03444334411621219,0.4266666666666667,0.8711111111111111,1.0,138.0,0.6884057971014492,1.0,0.09,1.0154836535453797,0.9808433353900909,0.6928063869476319,nan,nan,nan,nan,nan,nan,nan,nan,nan,nan,nan,nan
770,119828,0.09999999999999998,91.30753062500027,-1.1726132113933556,0.48,0.9688888888888889,1.0,205.0,0.5219512195121951,4.0,0.39246937500000006,1.1168480575084687,1.081578803062439,0.7053854405879975,nan,nan,nan,nan,nan,nan,nan,nan,nan,nan,nan,nan
771,119933,0.09999999999999998,66.20499999999994,-0.06851429080963056,0.35555555555555557,0.9911111111111112,1.0,105.0,0.7523809523809524,0.0,0.0,1.0243213415145873,0.9895052075386047,0.6963229179382324,nan,nan,nan,nan,nan,nan,nan,nan,nan,nan,nan,nan
772,120105,0.09999999999999998,93.15982500000015,-0.23390496540069428,0.48,1.0,1.0,172.0,0.622093023255814,3.0,0.22117499999999998,1.0031501471996307,0.9676924109458923,0.7091547906398773,nan,nan,nan,nan,nan,nan,nan,nan,nan,nan,nan,nan
773,120245,0.09999999999999998,80.77050000000004,0.03242327547073498,0.4266666666666667,0.9733333333333334,1.0,140.0,0.6785714285714286,2.0,0.12449999999999999,0.8984602987766266,0.8597430467605591,0.7743448317050934,nan,nan,nan,nan,nan,nan,nan,nan,nan,nan,nan,nan
774,120390,0.09999999999999998,59.17541249999991,-1.2861855704784397,0.35555555555555557,0.9688888888888889,1.0,145.0,0.5448275862068965,3.0,0.3145875000000001,1.0483463823795318,1.01180557012558,0.7308162450790405,nan,nan,nan,nan,nan,nan,nan,nan,nan,nan,nan,nan
775,120528,0.09999999999999998,68.15366249999992,-1.2992135505676274,0.37333333333333335,0.9555555555555556,1.0,138.0,0.6014492753623188,3.0,0.1953375,0.9521142959594726,0.9180078029632568,0.682129955291748,0.39466666666666667,0.9308888888888889,0.95,0.6039925034164391,3.6,0.6802838922955077,0.4288888888888889,0.9473333333333335,1.0,0.6616796488930288,3.0,0.2763086896640625
776,120668,0.09999999999999998,62.55437807132801,-0.9090766305923454,0.3688888888888889,0.92,1.0,140.0,0.5857142857142857,7.0,0.9406219286718748,0.8184442520141602,0.7810585081577301,0.7477149546146393,nan,nan,nan,nan,nan,nan,nan,nan,nan,nan,nan,nan
777,120820,0.09999999999999998,78.78803062500002,0.16242810416221687,0.4177777777777778,0.9333333333333333,1.0,152.0,0.6118421052631579,4.0,0.22296937499999997,0.812963742017746,0.7774284780025482,0.7107055127620697,nan,nan,nan,nan,nan,nan,nan,nan,nan,nan,nan,nan
778,120991,0.09999999999999998,86.4755306250001,-1.0129119107723232,0.4577777777777778,0.96,1.0,171.0,0.5964912280701754,4.0,0.257469375,0.9006623029708862,0.8643714487552643,0.7258172690868377,nan,nan,nan,nan,nan,nan,nan,nan,nan,nan,nan,nan
779,121127,0.09999999999999998,79.79800000000004,0.2241126286983508,0.4266666666666667,0.96,1.0,136.0,0.6985294117647058,1.0,0.075,0.8759342491626739,0.8383709967136384,0.7512650072574616,nan,nan,nan,nan,nan,nan,nan,nan,nan,nan,nan,nan
780,121272,0.09999999999999998,63.878131156249886,-1.8487009911537169,0.37777777777777777,0.9555555555555556,1.0,145.0,0.5793103448275863,5.0,0.50686884375,0.8023038864135742,0.7652179896831512,0.741717928647995,nan,nan,nan,nan,nan,nan,nan,nan,nan,nan,nan,nan
781,121473,0.09999999999999998,90.52140337656267,-1.765658132076263,0.47555555555555556,0.9555555555555556,1.0,201.0,0.527363184079602,6.0,0.7365966234375002,0.8161966502666473,0.7794659733772278,0.7346136689186096,nan,nan,nan,nan,nan,nan,nan,nan,nan,nan,nan,nan
782,121562,0.09999999999999998,53.671999999999954,-0.5757540426254262,0.3022222222222222,0.9733333333333334,1.0,89.0,0.7528089887640449,1.0,0.015,0.9084575533866882,0.8728110909461975,0.7129291534423828,nan,nan,nan,nan,nan,nan,nan,nan,nan,nan,nan,nan
783,121767,0.09999999999999998,86.61101303125025,-4.414242296218871,0.4622222222222222,1.0,1.0,205.0,0.5024390243902439,5.0,0.50398696875,0.8610406458377838,0.8267932593822479,0.6849476277828217,nan,nan,nan,nan,nan,nan,nan,nan,nan,nan,nan,nan
784,121882,0.09999999999999998,53.76999999999995,-0.4252651715278615,0.3377777777777778,0.8444444444444444,1.0,115.0,0.6521739130434783,1.0,0.06,0.9015666723251343,0.8659260511398316,0.7128124713897706,nan,nan,nan,nan,nan,nan,nan,nan,nan,nan,nan,nan
785,122018,0.09999999999999998,62.62266249999992,-1.1039766900539398,0.37777777777777777,0.96,1.0,136.0,0.6176470588235294,3.0,0.16533749999999997,0.9551168859004975,0.9178009986877441,0.7463179469108582,nan,nan,nan,nan,nan,nan,nan,nan,nan,nan,nan,nan
786,122261,0.09999999999999998,98.8332237500004,-4.760066154956821,0.5244444444444445,0.8977777777777778,1.0,243.0,0.48148148148148145,4.0,0.55577625,0.9161126494407654,0.8795757114887237,0.7307388067245484,nan,nan,nan,nan,nan,nan,nan,nan,nan,nan,nan,nan
787,122422,0.09999999999999998,97.63825000000016,0.5628717069625864,0.5066666666666667,0.9244444444444444,1.0,161.0,0.7018633540372671,2.0,0.11474999999999999,0.8903556942939759,0.85458425283432,0.7154288470745087,nan,nan,nan,nan,nan,nan,nan,nan,nan,nan,nan,nan
788,122537,0.09999999999999998,63.134999999999934,0.4076692516803757,0.3688888888888889,0.9022222222222223,1.0,115.0,0.7130434782608696,0.0,0.0,0.8794399976730347,0.8446052134037018,0.6966957211494446,nan,nan,nan,nan,nan,nan,nan,nan,nan,nan,nan,nan
789,122643,0.09999999999999998,63.95324999999991,0.08591484642028879,0.3511111111111111,0.8844444444444445,1.0,106.0,0.7358490566037735,2.0,0.11474999999999999,0.9400996625423431,0.9043915450572968,0.714162403345108,nan,nan,nan,nan,nan,nan,nan,nan,nan,nan,nan,nan
790,122787,0.09999999999999998,77.67225,0.09215008902549782,0.4177777777777778,0.8933333333333333,1.0,144.0,0.6458333333333334,2.0,0.11474999999999999,0.9867383301258087,0.9504944324493408,0.7248779535293579,nan,nan,nan,nan,nan,nan,nan,nan,nan,nan,nan,nan
791,122963,0.09999999999999998,89.54741250000016,-0.3209970350265504,0.4711111111111111,0.9911111111111112,1.0,176.0,0.5965909090909091,3.0,0.24558750000000004,0.9103209018707276,0.875231021642685,0.701797479391098,nan,nan,nan,nan,nan,nan,nan,nan,nan,nan,nan,nan
792,123104,0.09999999999999998,76.2285,-0.06430982875823954,0.4088888888888889,0.9511111111111111,1.0,141.0,0.6453900709219859,2.0,0.1845,0.9635767281055451,0.9261692464351654,0.7481495082378388,nan,nan,nan,nan,nan,nan,nan,nan,nan,nan,nan,nan
793,123270,0.09999999999999998,94.0130000000002,0.2006921994686084,0.47555555555555556,1.0,1.0,166.0,0.6385542168674698,1.0,0.03,1.0626628935337066,1.0241759359836577,0.7697391271591186,nan,nan,nan,nan,nan,nan,nan,nan,nan,nan,nan,nan
794,123405,0.09999999999999998,76.92203062499998,-0.14805178165435673,0.40444444444444444,0.9866666666666667,1.0,135.0,0.6666666666666666,4.0,0.22296937499999997,0.9455634832382203,0.9088066875934601,0.7351357936859131,nan,nan,nan,nan,nan,nan,nan,nan,nan,nan,nan,nan
795,123526,0.09999999999999998,57.20324999999992,-1.1065084843635564,0.3288888888888889,0.8266666666666667,1.0,121.0,0.6033057851239669,2.0,0.11474999999999999,0.9979545056819916,0.9608015298843384,0.7430595695972443,nan,nan,nan,nan,nan,nan,nan,nan,nan,nan,nan,nan
796,123700,0.09999999999999998,73.123,-2.35633044028282,0.4444444444444444,0.88,1.0,174.0,0.5689655172413793,2.0,0.189,0.9244329571723938,0.8868647217750549,0.7513646185398102,nan,nan,nan,nan,nan,nan,nan,nan,nan,nan,nan,nan
797,123905,0.09999999999999998,76.71907499999988,-12.916009965181344,0.4266666666666667,0.9644444444444444,1.0,205.0,0.4634146341463415,3.0,0.23092500000000002,0.9266462743282318,0.8890289187431335,0.7523471772670746,nan,nan,nan,nan,nan,nan,nan,nan,nan,nan,nan,nan
798,124048,0.09999999999999998,65.1194999999999,-0.8134797408580781,0.38666666666666666,0.9022222222222223,1.0,143.0,0.6013986013986014,2.0,0.16949999999999998,0.89413503408432,0.8574422776699067,0.7338552713394165,nan,nan,nan,nan,nan,nan,nan,nan,nan,nan,nan,nan
799,124199,0.09999999999999998,79.48825000000008,-0.41240673995017973,0.41333333333333333,1.0,1.0,151.0,0.609271523178808,2.0,0.06974999999999999,0.9398154437541961,0.9040721774101257,0.7148654758930206,nan,nan,nan,nan,nan,nan,nan,nan,nan,nan,nan,nan
800,124337,0.09999999999999998,65.11899999999991,-1.2115508573055247,0.39555555555555555,0.8977777777777778,1.0,138.0,0.6376811594202898,1.0,0.015,0.9311469554901123,0.8950243413448333,0.7224520802497864,0.34911111111111115,0.9206666666666665,1.0,0.540091349375607,2.3,0.19997872942792966,0.38177777777777777,0.9364444444444444,1.0,0.6168495005942398,2.5,0.188928478125
801,124490,0.09999999999999998,58.368412499999906,-1.1195247197151184,0.37333333333333335,0.9644444444444444,1.0,153.0,0.5424836601307189,3.0,0.1555875,1.0504220306873322,1.0141142010688782,0.7261566281318664,nan,nan,nan,nan,nan,nan,nan,nan,nan,nan,nan,nan
802,124622,0.09999999999999998,74.26124999999995,-0.4053533015251155,0.4,1.0,1.0,132.0,0.6742424242424242,2.0,0.09974999999999999,0.8571288347244262,0.8185934543609619,0.770707505941391,nan,nan,nan,nan,nan,nan,nan,nan,nan,nan,nan,nan
803,124797,0.09999999999999998,78.23407499999996,-3.3029707777500215,0.4311111111111111,0.9511111111111111,1.0,175.0,0.5485714285714286,3.0,0.290925,0.9846741199493408,0.947270393371582,0.7480742514133454,nan,nan,nan,nan,nan,nan,nan,nan,nan,nan,nan,nan
804,124913,0.09999999999999998,72.44824999999996,-0.008120444059370513,0.38222222222222224,0.9111111111111111,1.0,116.0,0.7327586206896551,2.0,0.14475,0.9685774564743042,0.9316128492355347,0.7392922878265381,nan,nan,nan,nan,nan,nan,nan,nan,nan,nan,nan,nan
805,125027,0.09999999999999998,56.614280624999935,-0.605959167718887,0.3244444444444444,0.9733333333333334,1.0,114.0,0.631578947368421,4.0,0.23271937499999995,0.8886568129062653,0.8492138922214508,0.7888581573963165,nan,nan,nan,nan,nan,nan,nan,nan,nan,nan,nan,nan
806,125182,0.09999999999999998,66.07991249999993,-0.2823444838523852,0.39111111111111113,0.9466666666666667,1.0,155.0,0.5612903225806452,3.0,0.22008749999999996,0.9315460324287415,0.8922120869159699,0.7866789519786834,nan,nan,nan,nan,nan,nan,nan,nan,nan,nan,nan,nan
807,125349,0.09999999999999998,72.41124999999998,0.11014200139045793,0.4088888888888889,0.9555555555555556,1.0,167.0,0.5449101796407185,2.0,0.09974999999999999,0.9438457489013672,0.9057873547077179,0.7611678600311279,nan,nan,nan,nan,nan,nan,nan,nan,nan,nan,nan,nan
808,125451,0.09999999999999998,66.11099999999993,-0.05727470397949164,0.3511111111111111,0.9822222222222222,1.0,102.0,0.7647058823529411,1.0,0.06,0.9205123484134674,0.8819498002529145,0.7712508201599121,nan,nan,nan,nan,nan,nan,nan,nan,nan,nan,nan,nan
809,125628,0.09999999999999998,89.53067553125017,-0.3670878515243545,0.4622222222222222,0.9244444444444444,1.0,177.0,0.5819209039548022,5.0,0.49532446874999997,0.9246712267398834,0.8862169444561004,0.7690855503082276,nan,nan,nan,nan,nan,nan,nan,nan,nan,nan,nan,nan
810,125792,0.09999999999999998,62.0874999999998,-7.926800862312318,0.3511111111111111,0.9066666666666666,1.0,164.0,0.47560975609756095,2.0,0.10949999999999999,0.9637260258197784,0.9247773051261902,0.7789743304252624,nan,nan,nan,nan,nan,nan,nan,nan,nan,nan,nan,nan
811,125983,0.09999999999999998,103.1294431250003,-0.8567190561294531,0.5244444444444445,0.9911111111111112,1.0,191.0,0.612565445026178,4.0,0.31855687499999996,0.9268580257892609,0.8890927314758301,0.7553056895732879,nan,nan,nan,nan,nan,nan,nan,nan,nan,nan,nan,nan
812,126137,0.09999999999999998,79.62750000000008,0.33843108320236315,0.4311111111111111,0.9111111111111111,1.0,154.0,0.6233766233766234,2.0,0.10949999999999999,0.9089810729026795,0.873118269443512,0.7172560751438141,nan,nan,nan,nan,nan,nan,nan,nan,nan,nan,nan,nan
813,126351,0.09999999999999998,93.20666250000042,-10.012215651988978,0.47555555555555556,0.8755555555555555,1.0,214.0,0.4953271028037383,3.0,0.22533750000000002,0.9205077230930329,0.8825773954391479,0.7586067080497741,nan,nan,nan,nan,nan,nan,nan,nan,nan,nan,nan,nan
814,126491,0.09999999999999998,83.71025000000009,0.5824687070846564,0.4444444444444444,0.9555555555555556,1.0,140.0,0.7071428571428572,2.0,0.08474999999999999,0.9654317617416381,0.9262979924678802,0.7826752901077271,nan,nan,nan,nan,nan,nan,nan,nan,nan,nan,nan,nan
815,126567,0.09999999999999998,46.07799999999996,-0.5935044291019437,0.26666666666666666,0.9377777777777778,1.0,76.0,0.7763157894736842,1.0,0.045,0.8990885376930237,0.8609888255596161,0.7619942486286163,nan,nan,nan,nan,nan,nan,nan,nan,nan,nan,nan,nan
816,126656,0.09999999999999998,47.04724999999998,-0.5406671259403226,0.29777777777777775,0.9244444444444444,1.0,89.0,0.7415730337078652,2.0,0.06974999999999999,0.8021547794342041,0.7647739768028259,0.7476159989833832,nan,nan,nan,nan,nan,nan,nan,nan,nan,nan,nan,nan
817,126882,0.09999999999999998,87.60375000000023,-4.646170372486117,0.47555555555555556,0.9733333333333334,1.0,226.0,0.4690265486725664,2.0,0.26925000000000004,0.9481391966342926,0.9102662205696106,0.7574594795703888,nan,nan,nan,nan,nan,nan,nan,nan,nan,nan,nan,nan
818,127062,0.09999999999999998,73.15466250000001,-3.618128858327866,0.39555555555555555,0.9866666666666667,1.0,180.0,0.4888888888888889,3.0,0.18033749999999998,0.9505606293678284,0.9119228541851043,0.772755753993988,nan,nan,nan,nan,nan,nan,nan,nan,nan,nan,nan,nan
819,127198,0.09999999999999998,70.74824999999996,0.23552337622642616,0.41333333333333333,0.9733333333333334,1.0,136.0,0.6764705882352942,2.0,0.14475,0.9715688824653625,0.9332705914974213,0.765965861082077,nan,nan,nan,nan,nan,nan,nan,nan,nan,nan,nan,nan
820,127387,0.09999999999999998,86.01523750000013,-1.1968880093097687,0.4533333333333333,0.9333333333333333,1.0,189.0,0.5343915343915344,3.0,0.30176249999999993,0.8304714918136596,0.7918142318725586,0.7731454908847809,nan,nan,nan,nan,nan,nan,nan,nan,nan,nan,nan,nan
821,127547,0.09999999999999998,72.43024999999992,-0.5633227200508113,0.4088888888888889,0.9688888888888889,1.0,160.0,0.56875,2.0,0.12974999999999998,0.8181249797344208,0.7818557500839234,0.7253847002983094,nan,nan,nan,nan,nan,nan,nan,nan,nan,nan,nan,nan
822,127688,0.09999999999999998,75.50825000000003,-0.042622610568999075,0.4177777777777778,0.9955555555555555,1.0,141.0,0.6595744680851063,2.0,0.08474999999999999,0.8624481201171875,0.8242583990097045,0.763794618844986,nan,nan,nan,nan,nan,nan,nan,nan,nan,nan,nan,nan
823,127921,0.09999999999999998,94.98891250000044,-9.578678265571593,0.49333333333333335,0.9822222222222222,1.0,233.0,0.4721030042918455,3.0,0.20508749999999998,0.8677740752696991,0.8304094076156616,0.7472933769226074,nan,nan,nan,nan,nan,nan,nan,nan,nan,nan,nan,nan
824,128131,0.09999999999999998,90.4722806250003,-1.9055524539947484,0.49333333333333335,0.92,1.0,210.0,0.5238095238095238,4.0,0.3677193750000001,0.8972271919250489,0.8593490302562714,0.7575634181499481,nan,nan,nan,nan,nan,nan,nan,nan,nan,nan,nan,nan
825,128284,0.09999999999999998,58.658662499999934,-1.6876573469638814,0.38222222222222224,0.8888888888888888,1.0,153.0,0.5555555555555556,3.0,0.18033749999999998,0.9666946530342102,0.9292450785636902,0.7489915192127228,0.39533333333333337,0.9304444444444444,0.95,0.5916039034819278,5.0,1.3365688776058595,0.4026666666666666,0.9493333333333333,1.0,0.6550513851459876,2.6,0.21694737630292962
826,128423,0.09999999999999998,64.38166249999992,-1.3272677664756778,0.37333333333333335,0.8266666666666667,1.0,139.0,0.5971223021582733,3.0,0.15033749999999996,0.8681170403957367,0.8307374358177185,0.7475920259952545,nan,nan,nan,nan,nan,nan,nan,nan,nan,nan,nan,nan
827,128607,0.09999999999999998,74.78687807132813,-0.6999286291599254,0.4311111111111111,0.9244444444444444,1.0,184.0,0.5217391304347826,7.0,1.0051219286718747,0.9488776206970215,0.9108007669448852,0.7615369498729706,nan,nan,nan,nan,nan,nan,nan,nan,nan,nan,nan,nan
828,128713,0.09999999999999998,52.02299999999994,-2.3881161334514616,0.29333333333333333,0.9422222222222222,1.0,106.0,0.6132075471698113,1.0,0.075,0.9168381989002228,0.880672937631607,0.7233055770397187,nan,nan,nan,nan,nan,nan,nan,nan,nan,nan,nan,nan
829,128877,0.09999999999999998,88.5790306250001,0.2925946350097679,0.4888888888888889,0.9866666666666667,1.0,164.0,0.6646341463414634,4.0,0.25296937500000005,0.9288248240947723,0.8897686839103699,0.7811229526996613,nan,nan,nan,nan,nan,nan,nan,nan,nan,nan,nan,nan
830,129105,0.09999999999999998,106.95975000000041,-3.3435151989459992,0.5466666666666666,1.0,1.0,228.0,0.5350877192982456,2.0,0.20925,0.8111713528633118,0.7743279099464416,0.7368688821792603,nan,nan,nan,nan,nan,nan,nan,nan,nan,nan,nan,nan
831,129219,0.09999999999999998,55.52199999999989,-4.240371318340303,0.3111111111111111,1.0,1.0,114.0,0.6052631578947368,1.0,0.045,0.7665557622909546,0.7303112983703614,0.7248893678188324,nan,nan,nan,nan,nan,nan,nan,nan,nan,nan,nan,nan
832,129436,0.09999999999999998,92.11798175519174,-2.429342521905898,0.4888888888888889,1.0,1.0,217.0,0.5023041474654378,14.0,4.823018244808592,0.8963998198509217,0.8600556969642639,0.7268825471401215,nan,nan,nan,nan,nan,nan,nan,nan,nan,nan,nan,nan
833,129500,0.09999999999999998,29.197000000000017,-1.4069924669265745,0.21333333333333335,0.8666666666666667,1.0,64.0,0.734375,0.0,0.0,0.8658903121948243,0.8281375885009765,0.7550543069839477,nan,nan,nan,nan,nan,nan,nan,nan,nan,nan,nan,nan
834,129608,0.09999999999999998,60.88449999999991,-0.366724928379058,0.3377777777777778,0.9333333333333333,1.0,108.0,0.6944444444444444,2.0,0.10949999999999999,0.9326745092868804,0.8964741885662079,0.7240063130855561,nan,nan,nan,nan,nan,nan,nan,nan,nan,nan,nan,nan
835,129774,0.09999999999999998,82.65548175519147,-0.5588948149681083,0.43555555555555553,1.0,1.0,166.0,0.5843373493975904,9.0,2.387518244808594,0.9546241641044617,0.9177652776241303,0.73717782497406,nan,nan,nan,nan,nan,nan,nan,nan,nan,nan,nan,nan
836,129919,0.09999999999999998,85.90525000000008,0.8357843470573447,0.4444444444444444,0.9644444444444444,1.0,145.0,0.6827586206896552,2.0,0.11474999999999999,1.0556971967220306,1.0191972374916076,0.7299993872642517,nan,nan,nan,nan,nan,nan,nan,nan,nan,nan,nan,nan
837,130058,0.09999999999999998,24.922250000000105,-16.630017611980442,0.20444444444444446,0.7466666666666667,0.0,139.0,0.3237410071942446,2.0,0.05474999999999999,1.1335693657398225,1.098253035545349,0.7063267469406128,nan,nan,nan,nan,nan,nan,nan,nan,nan,nan,nan,nan
838,130238,0.09999999999999998,79.58728062500019,-4.551661607742309,0.4266666666666667,0.9955555555555555,1.0,180.0,0.5277777777777778,4.0,0.232719375,0.9824742138385772,0.9445999503135681,0.7574855208396911,nan,nan,nan,nan,nan,nan,nan,nan,nan,nan,nan,nan
839,130335,0.09999999999999998,68.16599999999997,0.33822431159019484,0.36,0.9555555555555556,1.0,97.0,0.8247422680412371,1.0,0.015,0.9255917310714722,0.8894807577133179,0.7222193956375123,nan,nan,nan,nan,nan,nan,nan,nan,nan,nan,nan,nan
840,130519,0.09999999999999998,90.81225000000022,-0.3601022472381584,0.49333333333333335,0.9333333333333333,1.0,184.0,0.5978260869565217,2.0,0.11474999999999999,0.8741799771785737,0.8362525820732116,0.7585480093955994,nan,nan,nan,nan,nan,nan,nan,nan,nan,nan,nan,nan
841,130658,0.09999999999999998,74.64641250000001,-0.36528546690940744,0.40444444444444444,0.8933333333333333,1.0,139.0,0.6474820143884892,3.0,0.1855875,0.8967510759830475,0.8591233253479004,0.7525551378726959,nan,nan,nan,nan,nan,nan,nan,nan,nan,nan,nan,nan
842,130847,0.09999999999999998,96.78666250000029,0.21419420218467522,0.4888888888888889,1.0,1.0,189.0,0.5767195767195767,3.0,0.2103375,0.9892926514148712,0.9534279644489289,0.7172936856746673,nan,nan,nan,nan,nan,nan,nan,nan,nan,nan,nan,nan
843,131059,0.09999999999999998,75.1335306250002,-6.316929619789123,0.4177777777777778,0.9422222222222222,1.0,212.0,0.4386792452830189,4.0,0.31746937499999994,1.0147533178329469,0.976526391506195,0.7645384132862091,nan,nan,nan,nan,nan,nan,nan,nan,nan,nan,nan,nan
844,131238,0.09999999999999998,64.08216249999982,-3.2547020099163047,0.40444444444444444,0.8755555555555555,1.0,179.0,0.5027932960893855,3.0,0.28983749999999997,0.9561011135578156,0.9176931023597718,0.7681601226329804,nan,nan,nan,nan,nan,nan,nan,nan,nan,nan,nan,nan
845,131375,0.09999999999999998,83.92303062500007,0.40202067589759927,0.4311111111111111,1.0,1.0,137.0,0.7007299270072993,4.0,0.17796937499999999,0.9916394114494324,0.9536031126976013,0.760725998878479,nan,nan,nan,nan,nan,nan,nan,nan,nan,nan,nan,nan
846,131581,0.09999999999999998,93.36006587656271,-1.6190896089076987,0.49777777777777776,0.9822222222222222,1.0,206.0,0.5388349514563107,6.0,0.6529341234375,0.8378033101558685,0.799908596277237,0.7578942716121674,nan,nan,nan,nan,nan,nan,nan,nan,nan,nan,nan,nan
847,131818,0.09999999999999998,101.9867500000005,-9.315681117057805,0.5244444444444445,1.0,1.0,237.0,0.4936708860759494,2.0,0.16424999999999998,0.848743325471878,0.811521589756012,0.7444344460964203,nan,nan,nan,nan,nan,nan,nan,nan,nan,nan,nan,nan
848,131943,0.09999999999999998,51.40578069269133,-2.2335586056709285,0.32,1.0,1.0,125.0,0.568,11.0,2.8392193073085936,0.90176922082901,0.8641643226146698,0.7520978212356567,nan,nan,nan,nan,nan,nan,nan,nan,nan,nan,nan,nan
849,132120,0.09999999999999998,85.1312500000001,-0.16290038299560283,0.47555555555555556,0.9955555555555555,1.0,177.0,0.5988700564971752,2.0,0.15975,0.8533533632755279,0.815464872121811,0.7577700197696686,nan,nan,nan,nan,nan,nan,nan,nan,nan,nan,nan,nan
850,132259,0.09999999999999998,67.95724999999992,-0.8277049648761747,0.38666666666666666,0.9155555555555556,1.0,139.0,0.6187050359712231,2.0,0.15975,0.8677801191806793,0.8295299589633942,0.7650031447410583,0.3642222222222222,0.8953333333333331,0.9,0.5270570856579162,3.3,0.36211843091230467,0.42000000000000004,0.95,1.0,0.5833161872359858,3.25,0.38120690554902337
851,132434,0.09999999999999998,96.4924033765627,-0.12411082601547596,0.4888888888888889,0.9288888888888889,1.0,175.0,0.6228571428571429,6.0,0.5325966234374999,0.9591193795204163,0.9183026790618897,0.8163340806961059,nan,nan,nan,nan,nan,nan,nan,nan,nan,nan,nan,nan
852,132544,0.09999999999999998,63.015499999999875,-0.22058296489715556,0.3377777777777778,0.9333333333333333,1.0,110.0,0.6818181818181818,2.0,0.13949999999999999,0.991275030374527,0.9549487352371215,0.7265263259410858,nan,nan,nan,nan,nan,nan,nan,nan,nan,nan,nan,nan
853,132739,0.09999999999999998,90.03753062500019,-0.09179361581802392,0.4711111111111111,0.9555555555555556,1.0,195.0,0.5384615384615384,4.0,0.302469375,1.0658435583114625,1.0273900151252746,0.7690706968307495,nan,nan,nan,nan,nan,nan,nan,nan,nan,nan,nan,nan
854,132862,0.09999999999999998,66.12899999999993,-0.13860310339927584,0.37777777777777777,0.9822222222222222,1.0,123.0,0.6829268292682927,1.0,0.09,0.9300626933574676,0.8926550865173339,0.7481520473957062,nan,nan,nan,nan,nan,nan,nan,nan,nan,nan,nan,nan
855,133112,0.09999999999999998,105.14991250000034,-2.035518338680267,0.5555555555555556,1.0,1.0,250.0,0.496,3.0,0.2650875,0.8922465562820434,0.853124588727951,0.7824395537376404,nan,nan,nan,nan,nan,nan,nan,nan,nan,nan,nan,nan
856,133299,0.09999999999999998,81.23150000000022,-2.3768482489585905,0.4488888888888889,1.0,1.0,187.0,0.5347593582887701,2.0,0.16949999999999998,0.8806648850440979,0.8420794248580933,0.7717090666294097,nan,nan,nan,nan,nan,nan,nan,nan,nan,nan,nan,nan
857,133504,0.09999999999999998,98.33075000000026,-1.1498286159038535,0.52,0.9644444444444444,1.0,205.0,0.5658536585365853,2.0,0.23925000000000002,0.8040066659450531,0.7674396157264709,0.731341153383255,nan,nan,nan,nan,nan,nan,nan,nan,nan,nan,nan,nan
858,133646,0.09999999999999998,59.48566249999991,-1.165492744445801,0.37333333333333335,0.8977777777777778,1.0,142.0,0.5845070422535211,3.0,0.19533749999999997,0.8497570812702179,0.8116647779941559,0.7618461191654206,nan,nan,nan,nan,nan,nan,nan,nan,nan,nan,nan,nan
859,133851,0.09999999999999998,77.98541250000025,-6.7918892960548405,0.41333333333333333,0.8488888888888889,1.0,205.0,0.44878048780487806,3.0,0.3295875,0.9006573915481567,0.8613600194454193,0.7859473288059234,nan,nan,nan,nan,nan,nan,nan,nan,nan,nan,nan,nan
860,133946,0.09999999999999998,56.514412499999935,-1.0535391461849215,0.31555555555555553,0.9866666666666667,1.0,95.0,0.7368421052631579,3.0,0.12558749999999996,0.9498481392860413,0.9123195290565491,0.7505724787712097,nan,nan,nan,nan,nan,nan,nan,nan,nan,nan,nan,nan
861,134071,0.09999999999999998,72.90499999999997,-0.7986860699653626,0.38666666666666666,1.0,1.0,125.0,0.688,1.0,0.12,0.8394508183002471,0.7995092749595643,0.7988308370113373,nan,nan,nan,nan,nan,nan,nan,nan,nan,nan,nan,nan
862,134278,0.09999999999999998,99.60557500000023,-0.24900927591323774,0.52,0.8,1.0,207.0,0.5603864734299517,3.0,0.5054250000000001,0.8064828217029572,0.7686461567878723,0.7567333459854126,nan,nan,nan,nan,nan,nan,nan,nan,nan,nan,nan,nan
863,134431,0.09999999999999998,63.456280624999934,0.1534940035343173,0.4088888888888889,0.9822222222222222,1.0,153.0,0.5947712418300654,4.0,0.24771937500000002,0.8815764427185059,0.8436050415039062,0.7594282567501068,nan,nan,nan,nan,nan,nan,nan,nan,nan,nan,nan,nan
864,134585,0.09999999999999998,82.57700000000008,0.6581228060722342,0.4488888888888889,0.92,1.0,154.0,0.6493506493506493,1.0,0.06,0.9083331763744354,0.8688004076480865,0.7906553506851196,nan,nan,nan,nan,nan,nan,nan,nan,nan,nan,nan,nan
865,134686,0.09999999999999998,52.22324999999997,-0.19114649868011446,0.3111111111111111,0.9244444444444444,1.0,101.0,0.6831683168316832,2.0,0.06974999999999999,0.876933354139328,0.8382248461246491,0.7741700530052185,nan,nan,nan,nan,nan,nan,nan,nan,nan,nan,nan,nan
866,134840,0.09999999999999998,70.42166249999991,-1.9289644174575789,0.4,0.8755555555555555,1.0,154.0,0.577922077922078,3.0,0.15033749999999996,0.9002737939357758,0.8612428367137909,0.7806192755699157,nan,nan,nan,nan,nan,nan,nan,nan,nan,nan,nan,nan
867,135012,0.09999999999999998,64.74806587656242,-3.1041324088573474,0.38222222222222224,0.9377777777777778,1.0,172.0,0.4941860465116279,6.0,0.6529341234375,0.985321992635727,0.945444506406784,0.7975495874881744,nan,nan,nan,nan,nan,nan,nan,nan,nan,nan,nan,nan
868,135154,0.09999999999999998,78.813280625,-0.21276891756057725,0.4088888888888889,0.9111111111111111,1.0,142.0,0.6408450704225352,4.0,0.277719375,0.9464867532253265,0.9082441568374634,0.7648523271083831,nan,nan,nan,nan,nan,nan,nan,nan,nan,nan,nan,nan
869,135288,0.09999999999999998,70.68276303124993,-0.6129445023536674,0.37777777777777777,0.8666666666666667,1.0,134.0,0.6268656716417911,5.0,0.46423696875,0.9463928997516632,0.9106156706809998,0.7155445098876954,nan,nan,nan,nan,nan,nan,nan,nan,nan,nan,nan,nan
870,135427,0.09999999999999998,79.80844312500005,0.15653668713569657,0.41333333333333333,1.0,1.0,139.0,0.6618705035971223,4.0,0.28855687499999993,0.8959791004657746,0.8591156542301178,0.7372688293457031,nan,nan,nan,nan,nan,nan,nan,nan,nan,nan,nan,nan
871,135629,0.09999999999999998,80.63041250000028,-8.004792717218397,0.4266666666666667,0.9777777777777777,1.0,202.0,0.47029702970297027,3.0,0.14058749999999998,0.7988596796989441,0.7607358813285827,0.7624758720397949,nan,nan,nan,nan,nan,nan,nan,nan,nan,nan,nan,nan
872,135742,0.09999999999999998,76.07400000000001,0.10042477941513117,0.39555555555555555,1.0,1.0,113.0,0.7787610619469026,1.0,0.075,0.9226370930671692,0.8835379540920257,0.7819829523563385,nan,nan,nan,nan,nan,nan,nan,nan,nan,nan,nan,nan
873,135967,0.09999999999999998,67.09466250000041,-56.16258112883566,0.36444444444444446,0.9333333333333333,1.0,225.0,0.36,3.0,0.18033749999999998,1.0301709294319152,0.9904375314712525,0.794667911529541,nan,nan,nan,nan,nan,nan,nan,nan,nan,nan,nan,nan
874,136081,0.09999999999999998,60.20699999999993,-0.12973608803748993,0.3511111111111111,0.9644444444444444,1.0,114.0,0.6842105263157895,1.0,0.03,0.9373470366001129,0.8999364793300628,0.7482107818126679,nan,nan,nan,nan,nan,nan,nan,nan,nan,nan,nan,nan
875,136174,0.09999999999999998,55.03424999999994,-0.43944955754280013,0.30666666666666664,0.9733333333333334,1.0,93.0,0.7311827956989247,2.0,0.05474999999999999,0.8917746067047119,0.8546887934207916,0.7417163789272309,0.382,0.9182222222222223,1.0,0.6040572992717823,3.05,0.37297745375214836,0.382,0.9351111111111111,1.0,0.6162064962768011,2.35,0.17607413906249997
876,136316,0.09999999999999998,61.45506124999987,-2.8321070621013646,0.3466666666666667,0.9644444444444444,1.0,142.0,0.5422535211267606,4.0,0.37093875,0.9820474624633789,0.9426071166992187,0.788806539773941,nan,nan,nan,nan,nan,nan,nan,nan,nan,nan,nan,nan
877,136485,0.09999999999999998,98.42225000000029,0.4185673756599362,0.49777777777777776,0.9822222222222222,1.0,169.0,0.6568047337278107,2.0,0.09974999999999999,0.8651183307170868,0.8267943024635315,0.7664804577827453,nan,nan,nan,nan,nan,nan,nan,nan,nan,nan,nan,nan
878,136698,0.09999999999999998,105.16400000000029,-2.43671136713028,0.5644444444444444,0.9911111111111112,1.0,213.0,0.5915492957746479,1.0,0.09,0.9341413795948028,0.8973275184631347,0.736277174949646,nan,nan,nan,nan,nan,nan,nan,nan,nan,nan,nan,nan
879,136922,0.09999999999999998,88.26122375000031,-11.430304181337352,0.48444444444444446,1.0,1.0,224.0,0.48214285714285715,4.0,0.5857762500000001,1.005377858877182,0.967794668674469,0.7516637027263642,nan,nan,nan,nan,nan,nan,nan,nan,nan,nan,nan,nan
880,137036,0.09999999999999998,62.47224999999988,-0.1263531286716454,0.3422222222222222,0.9866666666666667,1.0,114.0,0.6666666666666666,2.0,0.12975,1.0018913745880127,0.9623571813106537,0.7906836330890655,nan,nan,nan,nan,nan,nan,nan,nan,nan,nan,nan,nan
881,137164,0.09999999999999998,69.87128062499993,-1.1914919855594635,0.3688888888888889,1.0,1.0,128.0,0.640625,4.0,0.24771937500000002,0.9182498395442963,0.8805754244327545,0.7534883260726929,nan,nan,nan,nan,nan,nan,nan,nan,nan,nan,nan,nan
882,137314,0.09999999999999998,81.79025000000006,0.3001414120197312,0.4311111111111111,0.9688888888888889,1.0,150.0,0.64,2.0,0.08474999999999999,0.9153764724731446,0.8761507391929626,0.7845147550106049,nan,nan,nan,nan,nan,nan,nan,nan,nan,nan,nan,nan
883,137470,0.09999999999999998,58.81438122394126,-1.5863594136238102,0.3333333333333333,0.8844444444444445,1.0,156.0,0.47435897435897434,8.0,1.6336187760585934,0.8564999222755432,0.8185254096984863,0.7594904184341431,nan,nan,nan,nan,nan,nan,nan,nan,nan,nan,nan,nan
884,137622,0.09999999999999998,74.98625000000013,-5.799095341444014,0.39111111111111113,0.8666666666666667,1.0,152.0,0.5723684210526315,2.0,0.08474999999999999,0.8957136273384094,0.8586623907089234,0.7410245060920715,nan,nan,nan,nan,nan,nan,nan,nan,nan,nan,nan,nan
885,137789,0.09999999999999998,80.7456625000001,-2.150062508344649,0.4222222222222222,0.8533333333333334,1.0,167.0,0.562874251497006,3.0,0.1953375,0.9202744424343109,0.8820557773113251,0.7643734455108643,nan,nan,nan,nan,nan,nan,nan,nan,nan,nan,nan,nan
886,137855,0.09999999999999998,21.42800000000001,-2.613421736717224,0.16444444444444445,0.7955555555555556,0.0,66.0,0.5454545454545454,1.0,0.03,0.9287542223930358,0.8914619386196136,0.7458457291126251,nan,nan,nan,nan,nan,nan,nan,nan,nan,nan,nan,nan
887,137985,0.09999999999999998,58.62265337656242,-0.9555253448486324,0.3466666666666667,0.9777777777777777,1.0,130.0,0.5923076923076923,6.0,0.5123466234374999,0.9733875811100006,0.9350925147533417,0.7659012794494628,nan,nan,nan,nan,nan,nan,nan,nan,nan,nan,nan,nan
888,138090,0.09999999999999998,64.1102499999999,-0.2657675058841692,0.3422222222222222,1.0,1.0,105.0,0.7238095238095238,2.0,0.05474999999999999,0.8629522502422333,0.825408798456192,0.7508691728115082,nan,nan,nan,nan,nan,nan,nan,nan,nan,nan,nan,nan
889,138274,0.09999999999999998,83.84275000000011,-8.686166701793672,0.4311111111111111,1.0,1.0,184.0,0.5217391304347826,2.0,0.16424999999999998,0.9094114065170288,0.8729494214057922,0.7292398035526275,nan,nan,nan,nan,nan,nan,nan,nan,nan,nan,nan,nan
890,138489,0.09999999999999998,114.63169312500044,0.10048416972159346,0.5688888888888889,1.0,1.0,215.0,0.5906976744186047,4.0,0.313306875,0.9648149073123932,0.9276446104049683,0.7434057116508483,nan,nan,nan,nan,nan,nan,nan,nan,nan,nan,nan,nan
891,138605,0.09999999999999998,51.446473749999925,-0.6442080323696127,0.30666666666666664,0.8177777777777778,1.0,116.0,0.5862068965517241,4.0,0.4365262499999999,0.9348571121692657,0.8955988109111785,0.7851660966873169,nan,nan,nan,nan,nan,nan,nan,nan,nan,nan,nan,nan
892,138752,0.09999999999999998,77.76675000000004,0.6648049650192269,0.43555555555555553,0.88,1.0,147.0,0.6598639455782312,2.0,0.16425,0.8740351021289825,0.8359974384307861,0.7607533991336822,nan,nan,nan,nan,nan,nan,nan,nan,nan,nan,nan,nan
893,138858,0.09999999999999998,54.64824999999994,-0.7738147802352906,0.3244444444444444,0.8666666666666667,1.0,106.0,0.6792452830188679,2.0,0.08474999999999999,0.8257921218872071,0.7870801210403442,0.7742400705814362,nan,nan,nan,nan,nan,nan,nan,nan,nan,nan,nan,nan
894,139035,0.09999999999999998,77.1592375000001,-2.058839327335357,0.43555555555555553,0.9244444444444444,1.0,177.0,0.5480225988700564,3.0,0.3017625,0.9247289419174194,0.8863889336585998,0.7668001711368561,nan,nan,nan,nan,nan,nan,nan,nan,nan,nan,nan,nan
895,139231,0.09999999999999998,92.83325000000022,-2.860344680070876,0.49777777777777776,1.0,1.0,196.0,0.5663265306122449,2.0,0.09974999999999999,0.9583131194114685,0.9210460245609283,0.7453418910503388,nan,nan,nan,nan,nan,nan,nan,nan,nan,nan,nan,nan
896,139400,0.09999999999999998,88.66225000000013,-0.6702806270122521,0.4666666666666667,1.0,1.0,169.0,0.6153846153846154,2.0,0.14475,0.8963438272476196,0.8599101543426514,0.7286733150482178,nan,nan,nan,nan,nan,nan,nan,nan,nan,nan,nan,nan
897,139578,0.09999999999999998,81.19010562500013,-0.5918263525962827,0.4666666666666667,0.9244444444444444,1.0,178.0,0.5842696629213483,4.0,0.37889437499999995,0.8800576150417327,0.8411341071128845,0.7784700989723206,nan,nan,nan,nan,nan,nan,nan,nan,nan,nan,nan,nan
898,139730,0.09999999999999998,81.22125000000007,1.130745103597639,0.4577777777777778,0.9288888888888889,1.0,152.0,0.6710526315789473,2.0,0.08474999999999999,0.9141796469688416,0.877289867401123,0.7377955675125122,nan,nan,nan,nan,nan,nan,nan,nan,nan,nan,nan,nan
899,139903,0.09999999999999998,90.22653062500018,-1.1536282513141625,0.4622222222222222,0.9644444444444444,1.0,173.0,0.5953757225433526,4.0,0.28746937499999997,0.8822079539299011,0.8432552516460419,0.7790540397167206,nan,nan,nan,nan,nan,nan,nan,nan,nan,nan,nan,nan
900,140087,0.09999999999999998,83.23513115625012,-0.15608256411552413,0.4666666666666667,0.9466666666666667,1.0,184.0,0.5652173913043478,5.0,0.5218688437499999,0.8568535625934601,0.8213578402996063,0.7099144101142884,0.3646666666666667,0.9397777777777778,1.0,0.5816420333839004,2.9,0.3249646663302734,0.3917777777777778,0.9299999999999999,0.95,0.5597159224329512,1.9,0.124681081171875
901,140194,0.09999999999999998,56.25624999999994,-0.9338828573226933,0.3244444444444444,0.96,1.0,107.0,0.6728971962616822,2.0,0.05474999999999999,1.254900985956192,1.2171082615852356,0.7558542191982269,nan,nan,nan,nan,nan,nan,nan,nan,nan,nan,nan,nan
902,140292,0.09999999999999998,52.72103062499994,-0.2282171745300282,0.3111111111111111,0.8666666666666667,1.0,98.0,0.7040816326530612,4.0,0.16296937499999997,1.5498797297477722,1.5116271495819091,0.7650517106056214,nan,nan,nan,nan,nan,nan,nan,nan,nan,nan,nan,nan
903,140389,0.09999999999999998,63.36124999999993,-0.19200454902648922,0.3511111111111111,0.96,1.0,97.0,0.8041237113402062,2.0,0.06974999999999999,1.056547963619232,1.0188864707946776,0.7532294750213623,nan,nan,nan,nan,nan,nan,nan,nan,nan,nan,nan,nan
904,140572,0.09999999999999998,83.60985053125009,-2.1045292227268213,0.4577777777777778,0.9511111111111111,1.0,183.0,0.5573770491803278,5.0,0.34914946874999997,0.9377602219581604,0.8991028785705566,0.7731470823287964,nan,nan,nan,nan,nan,nan,nan,nan,nan,nan,nan,nan
905,140766,0.09999999999999998,95.29369312500017,-0.28420345163345273,0.5022222222222222,1.0,1.0,194.0,0.5773195876288659,4.0,0.32830687499999994,0.9277876377105713,0.889176732301712,0.7722182631492615,nan,nan,nan,nan,nan,nan,nan,nan,nan,nan,nan,nan
906,140912,0.09999999999999998,87.93300000000012,-0.16795243120193326,0.4488888888888889,0.9644444444444444,1.0,146.0,0.684931506849315,1.0,0.15000000000000002,0.9112963259220124,0.8744524657726288,0.7368769228458405,nan,nan,nan,nan,nan,nan,nan,nan,nan,nan,nan,nan
907,141079,0.09999999999999998,91.84566250000022,-0.5938691592216486,0.4666666666666667,1.0,1.0,167.0,0.6227544910179641,3.0,0.1953375,1.0905164182186127,1.0527525424957276,0.7552775323390961,nan,nan,nan,nan,nan,nan,nan,nan,nan,nan,nan,nan
908,141268,0.09999999999999998,80.94725000000031,-4.805344789743425,0.44,1.0,1.0,189.0,0.5185185185185185,2.0,0.09974999999999999,1.1120240986347198,1.073301613330841,0.7744496405124665,nan,nan,nan,nan,nan,nan,nan,nan,nan,nan,nan,nan
909,141499,0.09999999999999998,89.10528062500035,-10.86786715006828,0.4577777777777778,0.96,1.0,231.0,0.44155844155844154,4.0,0.292719375,1.0566715836524962,1.0188800394535065,0.7558312475681305,nan,nan,nan,nan,nan,nan,nan,nan,nan,nan,nan,nan
910,141604,0.09999999999999998,59.13941249999993,-0.15498228788375723,0.3422222222222222,0.9733333333333334,1.0,105.0,0.7238095238095238,3.0,0.11058749999999999,0.8448753237724305,0.8079465091228485,0.7385762155055999,nan,nan,nan,nan,nan,nan,nan,nan,nan,nan,nan,nan
911,141751,0.09999999999999998,67.02175,-1.62881032514572,0.4,0.9688888888888889,1.0,147.0,0.6054421768707483,2.0,0.19424999999999998,0.8868685662746429,0.8489269137382507,0.7588330209255219,nan,nan,nan,nan,nan,nan,nan,nan,nan,nan,nan,nan
912,141909,0.09999999999999998,82.22450000000006,-2.3356677572727187,0.43555555555555553,0.9822222222222222,1.0,158.0,0.6139240506329114,2.0,0.15449999999999997,0.9018753349781037,0.8652785181999206,0.7319362044334412,nan,nan,nan,nan,nan,nan,nan,nan,nan,nan,nan,nan
913,141973,0.09999999999999998,33.91700000000003,-0.9356811258792879,0.22666666666666666,0.9511111111111111,1.0,64.0,0.78125,0.0,0.0,1.1090003490447997,1.0708685398101807,0.7626362144947052,nan,nan,nan,nan,nan,nan,nan,nan,nan,nan,nan,nan
914,142067,0.09999999999999998,54.436999999999934,-0.33980448198318414,0.3111111111111111,0.9422222222222222,1.0,94.0,0.7340425531914894,0.0,0.0,1.0529982566833496,1.0120189428329467,0.8195862174034119,nan,nan,nan,nan,nan,nan,nan,nan,nan,nan,nan,nan
915,142270,0.09999999999999998,115.89400000000046,-2.126141843795776,0.5733333333333334,1.0,1.0,203.0,0.6305418719211823,1.0,0.075,0.9516223788261413,0.9125753104686737,0.7809414625167846,nan,nan,nan,nan,nan,nan,nan,nan,nan,nan,nan,nan
916,142402,0.09999999999999998,75.90600000000005,-0.5569395895004264,0.40444444444444444,0.96,1.0,132.0,0.6818181818181818,1.0,0.075,0.9760913372039794,0.9376939952373504,0.7679470181465149,nan,nan,nan,nan,nan,nan,nan,nan,nan,nan,nan,nan
917,142565,0.09999999999999998,50.21693406925378,-2.9721960539817815,0.3244444444444444,0.8622222222222222,1.0,163.0,0.44171779141104295,11.0,3.3020659307460933,0.9519968390464782,0.9137721002101898,0.7644949078559875,nan,nan,nan,nan,nan,nan,nan,nan,nan,nan,nan,nan
918,142776,0.09999999999999998,104.47769319269179,-1.322130134582524,0.5377777777777778,0.9733333333333334,1.0,211.0,0.5687203791469194,8.0,1.4153068073085935,0.9950812995433808,0.9589435160160065,0.7227557837963104,nan,nan,nan,nan,nan,nan,nan,nan,nan,nan,nan,nan
919,142943,0.09999999999999998,81.06235562500004,-0.5461641688346859,0.4488888888888889,0.9333333333333333,1.0,167.0,0.5988023952095808,4.0,0.44864437499999993,1.0035339534282683,0.9662668704986572,0.7453412473201751,nan,nan,nan,nan,nan,nan,nan,nan,nan,nan,nan,nan
920,143065,0.09999999999999998,60.120999999999874,-0.08983317327499396,0.3511111111111111,0.9333333333333333,1.0,122.0,0.639344262295082,1.0,0.03,0.942462170124054,0.9032131850719451,0.7849796354770661,nan,nan,nan,nan,nan,nan,nan,nan,nan,nan,nan,nan
921,143167,0.09999999999999998,55.69541249999997,-0.8292588491439816,0.3288888888888889,0.8711111111111111,1.0,102.0,0.7156862745098039,3.0,0.08058749999999998,0.9239886105060577,0.8849009335041046,0.7817536473274231,nan,nan,nan,nan,nan,nan,nan,nan,nan,nan,nan,nan
922,143305,0.09999999999999998,63.221280624999906,-0.3667757902145372,0.4,0.9155555555555556,1.0,138.0,0.644927536231884,4.0,0.232719375,0.9024847149848938,0.8635394752025605,0.7789048314094543,nan,nan,nan,nan,nan,nan,nan,nan,nan,nan,nan,nan
923,143527,0.09999999999999998,97.72625000000046,-7.801277656316756,0.49333333333333335,1.0,1.0,222.0,0.4954954954954955,2.0,0.20475000000000004,0.953527420759201,0.9168407261371613,0.7337339282035827,nan,nan,nan,nan,nan,nan,nan,nan,nan,nan,nan,nan
924,143621,0.09999999999999998,54.09199999999995,0.07970987510681238,0.3244444444444444,0.9822222222222222,1.0,94.0,0.7659574468085106,1.0,0.045,1.0305516958236693,0.9934957563877106,0.7411186635494232,nan,nan,nan,nan,nan,nan,nan,nan,nan,nan,nan,nan
925,143767,0.09999999999999998,86.99825000000013,0.7345198893547036,0.4444444444444444,1.0,1.0,146.0,0.678082191780822,2.0,0.08474999999999999,1.0366722822189331,0.9992377758026123,0.7486898720264434,0.3682222222222222,0.9462222222222222,0.95,0.6355895711102073,2.05,0.15113813437499998,0.3768888888888889,0.9522222222222222,1.0,0.6336736177287989,2.25,0.12821568749999995
926,143904,0.09999999999999998,65.77649999999993,-1.791431334495543,0.36,1.0,1.0,137.0,0.583941605839416,2.0,0.12449999999999999,0.9155893981456756,0.8779797494411469,0.7521929264068603,nan,nan,nan,nan,nan,nan,nan,nan,nan,nan,nan,nan
927,144053,0.09999999999999998,74.23725000000002,-0.06274463939666686,0.39555555555555555,0.8266666666666667,1.0,149.0,0.5906040268456376,2.0,0.18975000000000003,1.0062717497348785,0.9673532366752624,0.7783702909946442,nan,nan,nan,nan,nan,nan,nan,nan,nan,nan,nan,nan
928,144152,0.09999999999999998,53.136999999999944,0.03913492274284458,0.31555555555555553,0.8088888888888889,1.0,99.0,0.7070707070707071,1.0,0.09,0.899808919429779,0.8623780369758606,0.7486177921295166,nan,nan,nan,nan,nan,nan,nan,nan,nan,nan,nan,nan
929,144297,0.09999999999999998,79.0874033765626,-1.7249911031723018,0.41333333333333333,0.9866666666666667,1.0,145.0,0.6344827586206897,6.0,0.5175966234374999,0.9693874299526215,0.9310612380504608,0.7665238499641418,nan,nan,nan,nan,nan,nan,nan,nan,nan,nan,nan,nan
930,144474,0.09999999999999998,78.79878062500006,-1.4720766489505754,0.4311111111111111,0.9866666666666667,1.0,177.0,0.5423728813559322,4.0,0.34221937499999994,0.9225543856620788,0.8834397733211518,0.7822925209999084,nan,nan,nan,nan,nan,nan,nan,nan,nan,nan,nan,nan
931,144630,0.09999999999999998,85.58825000000007,-0.7758874058723427,0.4622222222222222,0.9777777777777777,1.0,156.0,0.6602564102564102,2.0,0.11474999999999999,0.9686315596103668,0.9292916238307953,0.7867987334728241,nan,nan,nan,nan,nan,nan,nan,nan,nan,nan,nan,nan
932,144825,0.09999999999999998,100.77550000000033,-4.360597951889037,0.5111111111111111,0.9955555555555555,1.0,195.0,0.5846153846153846,2.0,0.10949999999999999,0.9668201327323913,0.9282258987426758,0.7718845725059509,nan,nan,nan,nan,nan,nan,nan,nan,nan,nan,nan,nan
933,145070,0.09999999999999998,115.32635053125045,-2.453590277910232,0.5777777777777777,0.9822222222222222,1.0,245.0,0.5265306122448979,5.0,0.45864946874999996,0.9491389691829681,0.9110622763633728,0.7615338921546936,nan,nan,nan,nan,nan,nan,nan,nan,nan,nan,nan,nan
934,145232,0.09999999999999998,82.30151303125007,-0.9845687761306754,0.44,0.8977777777777778,1.0,162.0,0.6049382716049383,5.0,0.48448696874999997,1.1009583294391632,1.0613464832305908,0.7922368586063385,nan,nan,nan,nan,nan,nan,nan,nan,nan,nan,nan,nan
935,145347,0.09999999999999998,57.69466249999992,-0.3818253822326655,0.3288888888888889,0.8666666666666667,1.0,115.0,0.6347826086956522,3.0,0.1503375,1.0254408359527587,0.9859418332576751,0.7899802625179291,nan,nan,nan,nan,nan,nan,nan,nan,nan,nan,nan,nan
936,145430,0.09999999999999998,46.748999999999974,-1.1475761919021608,0.28888888888888886,0.88,1.0,83.0,0.7710843373493976,1.0,0.03,0.9114595770835876,0.8734732925891876,0.7597256958484649,nan,nan,nan,nan,nan,nan,nan,nan,nan,nan,nan,nan
937,145586,0.09999999999999998,95.9482500000002,-0.1370752420425403,0.48444444444444446,1.0,1.0,156.0,0.6923076923076923,2.0,0.11474999999999999,0.9603073060512543,0.919817078113556,0.809804505109787,nan,nan,nan,nan,nan,nan,nan,nan,nan,nan,nan,nan
938,145729,0.09999999999999998,62.7539124999999,-1.2161935734748839,0.37333333333333335,0.9288888888888889,1.0,143.0,0.5804195804195804,3.0,0.19008749999999996,0.9246929883956909,0.8863998055458069,0.7658634841442108,nan,nan,nan,nan,nan,nan,nan,nan,nan,nan,nan,nan
939,145854,0.09999999999999998,74.63740337656247,0.3721558609008797,0.39111111111111113,1.0,1.0,125.0,0.696,6.0,0.48759662343749993,0.9443978905677796,0.9064134120941162,0.7596898734569549,nan,nan,nan,nan,nan,nan,nan,nan,nan,nan,nan,nan
940,145904,0.09999999999999998,20.240000000000006,-2.1118533911705017,0.15555555555555556,0.7511111111111111,0.0,50.0,0.68,0.0,0.0,0.9353168129920959,0.8966810584068299,0.7727149367332459,nan,nan,nan,nan,nan,nan,nan,nan,nan,nan,nan,nan
941,146054,0.09999999999999998,78.48991250000013,0.6931543431282026,0.4266666666666667,0.8311111111111111,1.0,150.0,0.6333333333333333,3.0,0.2200875,1.1231482088565827,1.0843280732631684,0.7764027416706085,nan,nan,nan,nan,nan,nan,nan,nan,nan,nan,nan,nan
942,146189,0.09999999999999998,79.34941250000001,-0.003597167730330142,0.4177777777777778,1.0,1.0,135.0,0.6888888888888889,3.0,0.14058749999999998,0.9685657024383545,0.9300190150737763,0.7709334909915924,nan,nan,nan,nan,nan,nan,nan,nan,nan,nan,nan,nan
943,146353,0.09999999999999998,89.19428062500016,-0.550268529653548,0.4622222222222222,0.9644444444444444,1.0,164.0,0.6280487804878049,4.0,0.307719375,0.9565570950508118,0.917411881685257,0.7829042851924897,nan,nan,nan,nan,nan,nan,nan,nan,nan,nan,nan,nan
944,146511,0.09999999999999998,66.93010053124992,-0.18084486246109033,0.39555555555555555,0.9422222222222222,1.0,158.0,0.5569620253164557,5.0,0.32889946875,0.9487826943397522,0.9094040930271149,0.7875718533992767,nan,nan,nan,nan,nan,nan,nan,nan,nan,nan,nan,nan
945,146620,0.09999999999999998,77.142,1.1020435564517954,0.4,1.0,1.0,109.0,0.8165137614678899,1.0,0.015,0.9529807329177856,0.9130611419677734,0.7983917355537414,nan,nan,nan,nan,nan,nan,nan,nan,nan,nan,nan,nan
946,146821,0.09999999999999998,83.41960053125024,-1.6365283203124998,0.43555555555555553,0.8977777777777778,1.0,201.0,0.48258706467661694,5.0,0.45339946875,0.9649293780326843,0.9259843587875366,0.7789004445075989,nan,nan,nan,nan,nan,nan,nan,nan,nan,nan,nan,nan
947,147031,0.09999999999999998,97.71575000000031,-0.6464482355117781,0.49777777777777776,0.9866666666666667,1.0,210.0,0.5285714285714286,2.0,0.20925,0.9044140636920929,0.8648711621761322,0.7908582746982574,nan,nan,nan,nan,nan,nan,nan,nan,nan,nan,nan,nan
948,147211,0.09999999999999998,86.63025000000022,-2.4873209481239305,0.4577777777777778,0.9822222222222222,1.0,180.0,0.5666666666666667,2.0,0.08474999999999999,0.9369704842567443,0.895619535446167,0.8270191192626953,nan,nan,nan,nan,nan,nan,nan,nan,nan,nan,nan,nan
949,147341,0.09999999999999998,73.51,-1.306663174390792,0.39111111111111113,0.9911111111111112,1.0,130.0,0.6692307692307692,1.0,0.06,0.8581130087375641,0.8191639900207519,0.7789804875850678,nan,nan,nan,nan,nan,nan,nan,nan,nan,nan,nan,nan
950,147485,0.09999999999999998,71.31749999999994,0.08311238217354089,0.4088888888888889,0.9911111111111112,1.0,144.0,0.6319444444444444,2.0,0.13949999999999999,0.8798453748226166,0.8391360282897949,0.8141869604587555,0.38733333333333336,0.9384444444444444,0.95,0.6860162440353968,2.4,0.19442851078124998,0.42822222222222217,0.9504444444444443,1.0,0.674193332345775,3.15,0.2770992881015625
951,147728,0.09999999999999998,109.89866250000051,-8.433858312368393,0.5644444444444444,1.0,1.0,243.0,0.5185185185185185,3.0,0.21033749999999996,0.917873203754425,0.8790628433227539,0.7762071788311005,nan,nan,nan,nan,nan,nan,nan,nan,nan,nan,nan,nan
952,147907,0.09999999999999998,77.93403062500002,-1.5168155198097228,0.4266666666666667,0.8444444444444444,1.0,179.0,0.5307262569832403,4.0,0.23796937500000004,1.0898457765579224,1.0495331466197968,0.8062526166439057,nan,nan,nan,nan,nan,nan,nan,nan,nan,nan,nan,nan
953,148099,0.09999999999999998,86.52269312500025,-1.432812456130985,0.47555555555555556,0.9377777777777778,1.0,192.0,0.5520833333333334,4.0,0.38830687499999994,0.9471922874450683,0.9082549452781677,0.7787468314170838,nan,nan,nan,nan,nan,nan,nan,nan,nan,nan,nan,nan
954,148242,0.09999999999999998,73.11841250000008,-0.9161422553062437,0.40444444444444444,0.9911111111111112,1.0,143.0,0.6293706293706294,3.0,0.1255875,1.0464166820049285,1.0068779230117797,0.7907752335071564,nan,nan,nan,nan,nan,nan,nan,nan,nan,nan,nan,nan
955,148359,0.09999999999999998,76.05624999999996,0.20898158740997408,0.39555555555555555,0.92,1.0,117.0,0.7521367521367521,2.0,0.08474999999999999,1.0652823388576507,1.0252483010292053,0.800680524110794,nan,nan,nan,nan,nan,nan,nan,nan,nan,nan,nan,nan
956,148548,0.09999999999999998,78.52750000000019,-6.010263169050216,0.4266666666666667,0.9911111111111112,1.0,189.0,0.5026455026455027,2.0,0.13949999999999999,0.9142537713050842,0.8752325117588043,0.7804252624511718,nan,nan,nan,nan,nan,nan,nan,nan,nan,nan,nan,nan
957,148760,0.09999999999999998,82.66185053125037,-8.8819491147995,0.4266666666666667,1.0,1.0,212.0,0.4481132075471698,5.0,0.28914946874999997,1.09083371758461,1.0513049125671388,0.7905759811401367,nan,nan,nan,nan,nan,nan,nan,nan,nan,nan,nan,nan
958,148949,0.09999999999999998,49.992850531249786,-28.418056180477134,0.29333333333333333,0.9555555555555556,1.0,189.0,0.3439153439153439,5.0,0.28914946874999997,1.112611323595047,1.0753838539123535,0.7445494532585144,nan,nan,nan,nan,nan,nan,nan,nan,nan,nan,nan,nan
959,149110,0.09999999999999998,96.3124125000002,-0.5834554085731498,0.49333333333333335,1.0,1.0,161.0,0.6832298136645962,3.0,0.12558749999999996,0.8779365062713623,0.8412396550178528,0.7339369833469391,nan,nan,nan,nan,nan,nan,nan,nan,nan,nan,nan,nan
960,149282,0.09999999999999998,96.77803062500021,0.022291184902191397,0.4888888888888889,0.9777777777777777,1.0,172.0,0.6337209302325582,4.0,0.252969375,0.8218044757843017,0.7850376427173614,0.7353366553783417,nan,nan,nan,nan,nan,nan,nan,nan,nan,nan,nan,nan
961,149496,0.09999999999999998,108.22928062500037,-0.8314877667427065,0.5422222222222223,0.9955555555555555,1.0,214.0,0.5654205607476636,4.0,0.307719375,0.9782701909542084,0.9412063837051392,0.7412759959697723,nan,nan,nan,nan,nan,nan,nan,nan,nan,nan,nan,nan
962,149669,0.09999999999999998,91.38866250000014,0.2584589278697975,0.48444444444444446,0.9733333333333334,1.0,173.0,0.6242774566473989,3.0,0.2403375,0.9889706194400787,0.9522549569606781,0.7343131542205811,nan,nan,nan,nan,nan,nan,nan,nan,nan,nan,nan,nan
963,149847,0.09999999999999998,79.82891178125006,-0.6245265550613408,0.44,0.9022222222222223,1.0,178.0,0.550561797752809,5.0,0.6900882187499999,0.9403601825237274,0.9025507092475891,0.7561894118785858,nan,nan,nan,nan,nan,nan,nan,nan,nan,nan,nan,nan
964,150050,0.09999999999999998,76.7692238853829,-1.8858268251419057,0.4488888888888889,0.8888888888888888,1.0,203.0,0.49261083743842365,22.0,9.654776114617189,0.924985671043396,0.8873501360416413,0.752710497379303,nan,nan,nan,nan,nan,nan,nan,nan,nan,nan,nan,nan
965,150187,0.09999999999999998,72.161,-0.8131945123672484,0.39555555555555555,0.9822222222222222,1.0,137.0,0.6423357664233577,1.0,0.09,1.014723575115204,0.9738768041133881,0.8169357120990753,nan,nan,nan,nan,nan,nan,nan,nan,nan,nan,nan,nan
966,150374,0.09999999999999998,71.20185562499998,-2.0133739471435534,0.4222222222222222,0.9422222222222222,1.0,187.0,0.5026737967914439,4.0,0.384144375,1.1362094342708589,1.099054491519928,0.7430989682674408,nan,nan,nan,nan,nan,nan,nan,nan,nan,nan,nan,nan
967,150559,0.09999999999999998,98.98169312500026,0.05701611232757142,0.5111111111111111,1.0,1.0,185.0,0.6162162162162163,4.0,0.343306875,0.9398740887641907,0.9019030749797821,0.7594202160835266,nan,nan,nan,nan,nan,nan,nan,nan,nan,nan,nan,nan
968,150673,0.09999999999999998,56.6619999999999,-1.0216788773536678,0.3288888888888889,0.9822222222222222,1.0,114.0,0.6403508771929824,1.0,0.12,1.088409996032715,1.0500837445259095,0.7665249586105347,nan,nan,nan,nan,nan,nan,nan,nan,nan,nan,nan,nan
969,150825,0.09999999999999998,77.46628069269143,-1.9762559237480155,0.4222222222222222,0.8533333333333334,1.0,152.0,0.618421052631579,8.0,1.3047193073085934,0.9445395171642303,0.9066895186901093,0.7570002436637878,nan,nan,nan,nan,nan,nan,nan,nan,nan,nan,nan,nan
970,150944,0.09999999999999998,62.09199999999986,-3.327081068992614,0.3333333333333333,1.0,1.0,119.0,0.6218487394957983,1.0,0.045,0.8468487441539765,0.808447265625,0.7680296182632447,nan,nan,nan,nan,nan,nan,nan,nan,nan,nan,nan,nan
971,151085,0.09999999999999998,71.61800000000004,-1.7316691823005679,0.4,0.8222222222222222,1.0,141.0,0.6312056737588653,1.0,0.045,1.0037252187728882,0.9660658240318298,0.7531878888607025,nan,nan,nan,nan,nan,nan,nan,nan,nan,nan,nan,nan
972,151259,0.09999999999999998,69.04374619632803,-2.9278182158470143,0.39555555555555555,0.9155555555555556,1.0,174.0,0.5057471264367817,7.0,0.968253803671875,0.8654141664505005,0.8281972587108613,0.7443380296230316,nan,nan,nan,nan,nan,nan,nan,nan,nan,nan,nan,nan
973,151359,0.09999999999999998,58.36499999999993,-0.6573925197124477,0.3288888888888889,0.9644444444444444,1.0,100.0,0.73,1.0,0.06,1.0017939388751984,0.9615640878677368,0.8045969307422638,nan,nan,nan,nan,nan,nan,nan,nan,nan,nan,nan,nan
974,151476,0.09999999999999998,61.53066249999992,-0.8180057940483094,0.36,0.8533333333333334,1.0,117.0,0.6837606837606838,3.0,0.15033749999999999,0.9443217754364014,0.9070758044719696,0.7449192464351654,nan,nan,nan,nan,nan,nan,nan,nan,nan,nan,nan,nan
975,151594,0.09999999999999998,59.3094999999999,-0.01151014709472542,0.3333333333333333,0.8577777777777778,1.0,118.0,0.6271186440677966,2.0,0.1845,0.8886739134788513,0.8494648039340973,0.7841822147369385,0.41755555555555557,0.9464444444444442,1.0,0.6625775692931433,2.85,0.27777869776171876,0.3857777777777778,0.9437777777777777,1.0,0.6776719127018218,2.55,0.1783903265625
976,151731,0.09999999999999998,84.2812500000001,0.5451713724136353,0.4444444444444444,1.0,1.0,137.0,0.7226277372262774,2.0,0.06974999999999999,0.9109524667263031,0.8740520715713501,0.738007789850235,nan,nan,nan,nan,nan,nan,nan,nan,nan,nan,nan,nan
977,151915,0.09999999999999998,77.26775000000018,-4.28533517551422,0.4088888888888889,0.9111111111111111,1.0,184.0,0.4945652173913043,2.0,0.19424999999999998,0.9332945466041564,0.8948009014129639,0.7698727369308471,nan,nan,nan,nan,nan,nan,nan,nan,nan,nan,nan,nan
978,152016,0.09999999999999998,58.45824999999992,-0.8170860462188716,0.3288888888888889,0.9333333333333333,1.0,101.0,0.7227722772277227,2.0,0.06974999999999999,0.9011591374874115,0.8637727797031403,0.74772709608078,nan,nan,nan,nan,nan,nan,nan,nan,nan,nan,nan,nan
979,152165,0.09999999999999998,72.28224999999999,-0.9544207279682149,0.38666666666666666,0.9777777777777777,1.0,149.0,0.5771812080536913,2.0,0.14475,1.1383328437805176,1.099347186088562,0.7797132432460785,nan,nan,nan,nan,nan,nan,nan,nan,nan,nan,nan,nan
980,152242,0.09999999999999998,41.95124999999999,-0.9094928464889526,0.2577777777777778,0.9333333333333333,1.0,77.0,0.7402597402597403,2.0,0.039749999999999994,0.8678826272487641,0.8292887270450592,0.7718777537345887,nan,nan,nan,nan,nan,nan,nan,nan,nan,nan,nan,nan
981,152365,0.09999999999999998,76.83400000000002,0.6687155721187601,0.41333333333333333,0.9777777777777777,1.0,123.0,0.7479674796747967,1.0,0.03,0.8735366761684418,0.8356523036956787,0.7576872646808624,nan,nan,nan,nan,nan,nan,nan,nan,nan,nan,nan,nan
982,152538,0.09999999999999998,87.24153062500015,-0.349418127059935,0.4711111111111111,0.9333333333333333,1.0,173.0,0.6069364161849711,4.0,0.28746937499999997,0.8481610000133515,0.810788381099701,0.7474524855613709,nan,nan,nan,nan,nan,nan,nan,nan,nan,nan,nan,nan
983,152678,0.09999999999999998,80.90941250000004,0.33991467809677234,0.4222222222222222,1.0,1.0,140.0,0.6714285714285714,3.0,0.1555875,0.9618536770343781,0.9244795858860015,0.7474818825721741,nan,nan,nan,nan,nan,nan,nan,nan,nan,nan,nan,nan
984,152775,0.09999999999999998,47.716,-0.951786679506302,0.29333333333333333,0.9155555555555556,1.0,97.0,0.6701030927835051,0.0,0.0,0.9164426326751709,0.8789947211742402,0.7489581286907196,nan,nan,nan,nan,nan,nan,nan,nan,nan,nan,nan,nan
985,152915,0.09999999999999998,66.93994319269142,-0.46882444810867185,0.38222222222222224,0.9066666666666666,1.0,140.0,0.6071428571428571,10.0,2.4100568073085937,1.0103772222995757,0.9721364915370941,0.7648145079612731,nan,nan,nan,nan,nan,nan,nan,nan,nan,nan,nan,nan
986,153040,0.09999999999999998,79.81441250000003,-0.04489800238609187,0.4222222222222222,0.9555555555555556,1.0,125.0,0.752,3.0,0.11058749999999998,0.9171772599220276,0.8797542989253998,0.7484591603279114,nan,nan,nan,nan,nan,nan,nan,nan,nan,nan,nan,nan
987,153178,0.09999999999999998,68.22366249999997,-0.48653911352157464,0.4,0.9333333333333333,1.0,138.0,0.644927536231884,3.0,0.18033749999999998,0.9152545273303986,0.8774848461151123,0.7553935766220092,nan,nan,nan,nan,nan,nan,nan,nan,nan,nan,nan,nan
988,153382,0.09999999999999998,76.32872837656268,-1.5959373383522026,0.4266666666666667,0.9244444444444444,1.0,204.0,0.46568627450980393,6.0,0.7282716234374998,0.9718450546264649,0.933674669265747,0.7634076833724975,nan,nan,nan,nan,nan,nan,nan,nan,nan,nan,nan,nan
989,153565,0.09999999999999998,104.14425000000026,1.1145728676319062,0.5333333333333333,0.8666666666666667,1.0,183.0,0.6502732240437158,2.0,0.11474999999999999,1.0508679687976836,1.0134697914123536,0.7479635596275329,nan,nan,nan,nan,nan,nan,nan,nan,nan,nan,nan,nan
990,153652,0.09999999999999998,42.17099999999999,-0.8007729294300081,0.29777777777777775,0.9511111111111111,1.0,87.0,0.7586206896551724,0.0,0.0,0.9866306960582734,0.9471447467803955,0.7897188246250153,nan,nan,nan,nan,nan,nan,nan,nan,nan,nan,nan,nan
991,153756,0.09999999999999998,67.09724999999993,0.67367497253418,0.35555555555555557,0.88,1.0,104.0,0.7596153846153846,2.0,0.06974999999999999,1.0994577527046203,1.0622047007083892,0.7450612843036651,nan,nan,nan,nan,nan,nan,nan,nan,nan,nan,nan,nan
992,153858,0.09999999999999998,69.69099999999997,0.16784993648529145,0.3688888888888889,0.8666666666666667,1.0,102.0,0.803921568627451,0.0,0.0,0.9228420972824096,0.8850221812725068,0.7563982605934143,nan,nan,nan,nan,nan,nan,nan,nan,nan,nan,nan,nan
993,153970,0.09999999999999998,63.83599999999992,0.029478973150254273,0.35555555555555557,0.8888888888888888,1.0,112.0,0.7053571428571429,1.0,0.015,0.9465703785419464,0.9103131771087647,0.7251439690589905,nan,nan,nan,nan,nan,nan,nan,nan,nan,nan,nan,nan
994,154220,0.09999999999999998,97.97009194269172,-1.0671840088367448,0.5155555555555555,0.9644444444444444,1.0,250.0,0.46,8.0,1.6749080573085933,0.9764849126338959,0.9401021599769592,0.7276553213596344,nan,nan,nan,nan,nan,nan,nan,nan,nan,nan,nan,nan
995,154377,0.09999999999999998,79.92041250000013,-0.16965545320510733,0.41333333333333333,0.8622222222222222,1.0,157.0,0.5859872611464968,3.0,0.14058749999999998,0.957683002948761,0.9219580173492432,0.7144997119903564,nan,nan,nan,nan,nan,nan,nan,nan,nan,nan,nan,nan
996,154530,0.09999999999999998,57.99449999999985,-2.7854014954566955,0.3422222222222222,0.8577777777777778,1.0,153.0,0.49673202614379086,2.0,0.09449999999999999,0.853486180305481,0.8170716166496277,0.7282912492752075,nan,nan,nan,nan,nan,nan,nan,nan,nan,nan,nan,nan
997,154695,0.09999999999999998,54.470465571328,-1.3661164560317984,0.36,0.8177777777777778,1.0,165.0,0.48484848484848486,7.0,0.9245344286718751,0.8744274199008941,0.836352676153183,0.7614950001239776,nan,nan,nan,nan,nan,nan,nan,nan,nan,nan,nan,nan
998,154826,0.09999999999999998,88.20800000000008,1.3683322925567625,0.4711111111111111,0.9777777777777777,1.0,131.0,0.8015267175572519,1.0,0.06,0.9267581164836883,0.8885765194892883,0.76363205909729,nan,nan,nan,nan,nan,nan,nan,nan,nan,nan,nan,nan
999,155025,0.09999999999999998,86.64241250000018,-1.1460186536312094,0.4533333333333333,0.9911111111111112,1.0,199.0,0.507537688442211,3.0,0.23958749999999998,0.8267208158969879,0.7882073938846588,0.7702682733535766,nan,nan,nan,nan,nan,nan,nan,nan,nan,nan,nan,nan
1000,155204,0.09999999999999998,101.86141250000027,0.63873516798019,0.5111111111111111,1.0,1.0,179.0,0.6368715083798883,3.0,0.1555875,0.8163531303405762,0.7797002077102662,0.7330584526062012,0.39466666666666667,0.9533333333333335,1.0,0.6583351449556318,2.6,0.32275037109589844,0.4213333333333334,0.9400000000000001,1.0,0.6453613699609995,3.6,0.4715601104183594
1001,155303,0.09999999999999998,49.257249999999964,-0.6817483692169188,0.29333333333333333,0.9377777777777778,1.0,99.0,0.6565656565656566,2.0,0.06974999999999999,0.925508689880371,0.8875283181667328,0.759607458114624,nan,nan,nan,nan,nan,nan,nan,nan,nan,nan,nan,nan
1002,155534,0.09999999999999998,96.98222375000032,-2.6020306060314233,0.5111111111111111,0.9866666666666667,1.0,231.0,0.4935064935064935,4.0,0.60077625,0.9235446870326995,0.8861034750938416,0.7488240361213684,nan,nan,nan,nan,nan,nan,nan,nan,nan,nan,nan,nan
1003,155678,0.09999999999999998,49.86369312499994,-2.2106728675365446,0.3288888888888889,0.8577777777777778,1.0,144.0,0.5069444444444444,4.0,0.328306875,0.923635196685791,0.8876400828361511,0.7199020504951477,nan,nan,nan,nan,nan,nan,nan,nan,nan,nan,nan,nan
1004,155787,0.09999999999999998,53.34224999999996,-0.6975123586654652,0.3333333333333333,0.9155555555555556,1.0,109.0,0.6788990825688074,2.0,0.08474999999999999,1.0350927889347077,0.9986123025417328,0.7296096742153168,nan,nan,nan,nan,nan,nan,nan,nan,nan,nan,nan,nan
1005,155943,0.09999999999999998,79.97241250000006,-1.9097211089134194,0.43555555555555553,0.9866666666666667,1.0,156.0,0.6217948717948718,3.0,0.14058749999999998,0.8917294085025788,0.8542796850204468,0.7489942848682404,nan,nan,nan,nan,nan,nan,nan,nan,nan,nan,nan,nan
1006,156034,0.09999999999999998,49.382999999999974,-0.8847106573581693,0.29777777777777775,0.9955555555555555,1.0,91.0,0.7252747252747253,0.0,0.0,0.8893446385860443,0.8518761694431305,0.7493693649768829,nan,nan,nan,nan,nan,nan,nan,nan,nan,nan,nan,nan
1007,156144,0.09999999999999998,68.37941249999994,-0.5777447159290315,0.3688888888888889,0.9822222222222222,1.0,110.0,0.7454545454545455,3.0,0.12558749999999996,0.856676596403122,0.8206773161888122,0.7199855148792267,nan,nan,nan,nan,nan,nan,nan,nan,nan,nan,nan,nan
1008,156263,0.09999999999999998,77.12200000000004,-0.08736790347099199,0.4,1.0,1.0,119.0,0.7478991596638656,1.0,0.015,1.0578377068042755,1.019456148147583,0.767631071805954,nan,nan,nan,nan,nan,nan,nan,nan,nan,nan,nan,nan
1009,156347,0.09999999999999998,48.46699999999998,0.06252868747711293,0.28888888888888886,0.9644444444444444,1.0,84.0,0.7619047619047619,1.0,0.03,1.1418803751468658,1.1043166399002076,0.7512744307518006,nan,nan,nan,nan,nan,nan,nan,nan,nan,nan,nan,nan
1010,156416,0.09999999999999998,26.962000000000018,-1.8338202018737788,0.21777777777777776,0.8133333333333334,1.0,69.0,0.6956521739130435,1.0,0.03,1.047725349664688,1.010524046421051,0.7440263032913208,nan,nan,nan,nan,nan,nan,nan,nan,nan,nan,nan,nan
1011,156576,0.09999999999999998,81.22932500000006,-0.6076897172927851,0.4488888888888889,0.9466666666666667,1.0,160.0,0.625,3.0,0.330675,1.0538894355297088,1.0178413212299346,0.720962393283844,nan,nan,nan,nan,nan,nan,nan,nan,nan,nan,nan,nan
1012,156640,0.09999999999999998,40.821999999999996,-0.4943408942222586,0.24,0.9911111111111112,1.0,64.0,0.828125,1.0,0.015,0.98908571600914,0.9517101645469666,0.7475108444690705,nan,nan,nan,nan,nan,nan,nan,nan,nan,nan,nan,nan
1013,156872,0.09999999999999998,115.03710562500041,-2.961146240711212,0.5733333333333334,1.0,1.0,232.0,0.5517241379310345,4.0,0.39389437499999996,1.037386029958725,0.9994848549365998,0.7580232143402099,nan,nan,nan,nan,nan,nan,nan,nan,nan,nan,nan,nan
1014,157011,0.09999999999999998,82.03903062500004,0.6743104968070996,0.4444444444444444,0.8622222222222222,1.0,139.0,0.7122302158273381,4.0,0.17796937499999999,1.0107860922813416,0.9737730205059052,0.7402614891529083,nan,nan,nan,nan,nan,nan,nan,nan,nan,nan,nan,nan
1015,157164,0.09999999999999998,72.99399999999999,-0.32807336473464954,0.4088888888888889,0.9466666666666667,1.0,153.0,0.5947712418300654,1.0,0.06,1.0588673293590545,1.020219612121582,0.7729543626308442,nan,nan,nan,nan,nan,nan,nan,nan,nan,nan,nan,nan
1016,157339,0.09999999999999998,63.47469319269128,-4.5231546678543095,0.4088888888888889,0.8755555555555555,1.0,175.0,0.52,9.0,1.8703068073085933,0.8402333915233612,0.8030187606811523,0.7442926168441772,nan,nan,nan,nan,nan,nan,nan,nan,nan,nan,nan,nan
1017,157385,0.09999999999999998,28.283000000000012,-1.3277410538196563,0.18222222222222223,0.92,1.0,46.0,0.8695652173913043,0.0,0.0,0.9758129596710206,0.9394083499908448,0.7280921220779419,nan,nan,nan,nan,nan,nan,nan,nan,nan,nan,nan,nan
1018,157536,0.09999999999999998,76.97766250000001,0.17820441818237387,0.4222222222222222,0.9466666666666667,1.0,151.0,0.6225165562913907,3.0,0.18033749999999998,1.017318594455719,0.9785003423690796,0.776364803314209,nan,nan,nan,nan,nan,nan,nan,nan,nan,nan,nan,nan
1019,157717,0.09999999999999998,91.63969312500024,-1.7463631353378322,0.4666666666666667,0.9555555555555556,1.0,181.0,0.574585635359116,4.0,0.373306875,0.9213799834251404,0.8845153033733368,0.7372934937477111,nan,nan,nan,nan,nan,nan,nan,nan,nan,nan,nan,nan
1020,157849,0.09999999999999998,74.79532499999996,-0.3756939706802348,0.39111111111111113,0.8666666666666667,1.0,132.0,0.6590909090909091,3.0,0.315675,1.0457169950008391,1.008165830373764,0.7510233461856842,nan,nan,nan,nan,nan,nan,nan,nan,nan,nan,nan,nan
1021,158007,0.09999999999999998,96.6083250000001,0.6501918022632609,0.49777777777777776,0.9866666666666667,1.0,158.0,0.7025316455696202,3.0,0.28567499999999996,0.9511742532253266,0.9132448196411133,0.7585885405540467,nan,nan,nan,nan,nan,nan,nan,nan,nan,nan,nan,nan
1022,158132,0.09999999999999998,64.52578069269131,-0.1422995212078083,0.3688888888888889,0.9911111111111112,1.0,125.0,0.656,8.0,1.3392193073085934,0.9343821227550506,0.8973714947700501,0.7402123928070068,nan,nan,nan,nan,nan,nan,nan,nan,nan,nan,nan,nan
1023,158273,0.09999999999999998,81.99325000000006,0.06615382623672539,0.4222222222222222,1.0,1.0,141.0,0.6666666666666666,2.0,0.09974999999999999,1.0442628026008607,1.0057269155979156,0.7707178056240082,nan,nan,nan,nan,nan,nan,nan,nan,nan,nan,nan,nan
1024,158463,0.09999999999999998,85.48231131769167,-1.6056652119159744,0.4444444444444444,1.0,1.0,190.0,0.5210526315789473,8.0,1.5126886823085934,0.8085992395877838,0.7711830794811249,0.7483229994773865,nan,nan,nan,nan,nan,nan,nan,nan,nan,nan,nan,nan
1025,158634,0.09999999999999998,96.24825000000016,0.45887993335724064,0.49777777777777776,0.9733333333333334,1.0,171.0,0.6491228070175439,2.0,0.17475000000000002,0.8471309900283813,0.809326994419098,0.7560795545578003,0.374,0.9466666666666665,0.95,0.620977750600766,3.35,0.39952999721738275,0.37488888888888894,0.9508888888888889,1.0,0.662848805432017,2.3,0.15595219828124998
1026,158740,0.09999999999999998,58.87241249999991,-0.54213052201271,0.3288888888888889,0.8577777777777778,1.0,106.0,0.6886792452830188,3.0,0.1255875,0.9051077008247376,0.8679414451122284,0.7433250248432159,nan,nan,nan,nan,nan,nan,nan,nan,nan,nan,nan,nan
1027,158896,0.09999999999999998,87.15325000000011,-0.03158032941818134,0.4577777777777778,0.9822222222222222,1.0,156.0,0.6538461538461539,2.0,0.15975,0.9675031304359436,0.9288976609706878,0.7721093535423279,nan,nan,nan,nan,nan,nan,nan,nan,nan,nan,nan,nan
1028,158984,0.09999999999999998,53.67399999999994,-0.8535178055763242,0.3022222222222222,0.9955555555555555,1.0,88.0,0.7613636363636364,1.0,0.015,0.9343716979026795,0.8964184820652008,0.759064358472824,nan,nan,nan,nan,nan,nan,nan,nan,nan,nan,nan,nan
1029,159061,0.09999999999999998,45.130999999999986,-0.628308371782303,0.26666666666666666,0.9111111111111111,1.0,77.0,0.7662337662337663,1.0,0.03,0.978334653377533,0.9411976099014282,0.7427409887313843,nan,nan,nan,nan,nan,nan,nan,nan,nan,nan,nan,nan
1030,159135,0.09999999999999998,49.71199999999997,-0.18400551366805962,0.28,0.9111111111111111,1.0,74.0,0.8378378378378378,0.0,0.0,0.9920339524745941,0.9542947232723236,0.7547847867012024,nan,nan,nan,nan,nan,nan,nan,nan,nan,nan,nan,nan
1031,159304,0.09999999999999998,73.42978062500002,-1.3641206324100468,0.4222222222222222,0.9111111111111111,1.0,169.0,0.5562130177514792,4.0,0.357219375,1.014564436674118,0.9756315290927887,0.778658002614975,nan,nan,nan,nan,nan,nan,nan,nan,nan,nan,nan,nan
1032,159396,0.09999999999999998,53.05099999999995,-0.5960612378120421,0.29777777777777775,0.8266666666666667,1.0,92.0,0.717391304347826,1.0,0.075,1.0122705161571504,0.9746162950992584,0.7530842125415802,nan,nan,nan,nan,nan,nan,nan,nan,nan,nan,nan,nan
1033,159591,0.09999999999999998,100.8805000000003,-1.5947221653461447,0.5288888888888889,0.9866666666666667,1.0,195.0,0.6051282051282051,2.0,0.15449999999999997,0.9754551827907563,0.936666089296341,0.7757818102836609,nan,nan,nan,nan,nan,nan,nan,nan,nan,nan,nan,nan
1034,159763,0.09999999999999998,93.81091250000024,-0.7173870415687558,0.47555555555555556,0.9644444444444444,1.0,172.0,0.6162790697674418,3.0,0.2200875,1.1492446422576905,1.1106724441051483,0.7714441657066345,nan,nan,nan,nan,nan,nan,nan,nan,nan,nan,nan,nan
1035,159959,0.09999999999999998,90.46350000000008,-5.29726536583901,0.5022222222222222,1.0,1.0,196.0,0.5714285714285714,2.0,0.16949999999999998,1.1016910314559936,1.0644911289215089,0.7439977884292602,nan,nan,nan,nan,nan,nan,nan,nan,nan,nan,nan,nan
1036,160104,0.09999999999999998,80.61076303125,-0.46148524284362646,0.4222222222222222,0.9955555555555555,1.0,145.0,0.6482758620689655,5.0,0.47923696874999994,0.891605544090271,0.8534960508346557,0.7621897041797638,nan,nan,nan,nan,nan,nan,nan,nan,nan,nan,nan,nan
1037,160178,0.09999999999999998,37.28200000000001,-1.545514320135116,0.24888888888888888,0.9911111111111112,1.0,74.0,0.7432432432432432,0.0,0.0,1.0147367656230926,0.977622139453888,0.7422925233840942,nan,nan,nan,nan,nan,nan,nan,nan,nan,nan,nan,nan
1038,160325,0.09999999999999998,78.3965000000001,-0.21000249290466166,0.41333333333333333,0.9466666666666667,1.0,147.0,0.6258503401360545,2.0,0.13949999999999999,1.0735421538352967,1.0374525010585784,0.7217931568622589,nan,nan,nan,nan,nan,nan,nan,nan,nan,nan,nan,nan
1039,160502,0.09999999999999998,84.77650000000004,-0.5543386220931992,0.4666666666666667,1.0,1.0,177.0,0.5875706214689266,2.0,0.1995,1.1727629601955414,1.1342327892780304,0.7706035852432251,nan,nan,nan,nan,nan,nan,nan,nan,nan,nan,nan,nan
1040,160615,0.09999999999999998,70.54424999999998,0.5667177629470841,0.37333333333333335,1.0,1.0,113.0,0.7345132743362832,2.0,0.05474999999999999,1.070339411497116,1.0310495913028717,0.7857964038848877,nan,nan,nan,nan,nan,nan,nan,nan,nan,nan,nan,nan
1041,160799,0.09999999999999998,94.24131125000027,-0.40947381830216023,0.49777777777777776,1.0,1.0,184.0,0.6032608695652174,4.0,0.36568874999999995,1.1564148128032685,1.1202440321445466,0.723415595293045,nan,nan,nan,nan,nan,nan,nan,nan,nan,nan,nan,nan
1042,160968,0.09999999999999998,85.97250000000015,0.4747513427734378,0.4622222222222222,0.9866666666666667,1.0,169.0,0.6094674556213018,2.0,0.1845,1.0602058112621306,1.022299098968506,0.758134251832962,nan,nan,nan,nan,nan,nan,nan,nan,nan,nan,nan,nan
1043,161141,0.09999999999999998,72.3212238176914,-0.5418312387466425,0.4222222222222222,0.96,1.0,173.0,0.5433526011560693,11.0,3.142776182308594,1.1562290430068969,1.1171440720558166,0.7816996335983276,nan,nan,nan,nan,nan,nan,nan,nan,nan,nan,nan,nan
1044,161377,0.09999999999999998,85.83065337656298,-8.593445610523224,0.4444444444444444,0.9822222222222222,1.0,236.0,0.4194915254237288,6.0,0.5573466234375,0.982015746831894,0.9416713416576385,0.8068878829479218,nan,nan,nan,nan,nan,nan,nan,nan,nan,nan,nan,nan
1045,161555,0.09999999999999998,80.81866250000013,-1.448346851110457,0.4444444444444444,0.9688888888888889,1.0,178.0,0.5561797752808989,3.0,0.15033749999999999,0.9228443205356598,0.8837925493717194,0.781035453081131,nan,nan,nan,nan,nan,nan,nan,nan,nan,nan,nan,nan
1046,161649,0.09999999999999998,48.57224999999997,-1.241636570692062,0.28,0.9111111111111111,1.0,94.0,0.6595744680851063,2.0,0.06974999999999999,1.0443941295146941,1.0050535380840302,0.7868117451667785,nan,nan,nan,nan,nan,nan,nan,nan,nan,nan,nan,nan
1047,161761,0.09999999999999998,70.02649999999994,-0.4496369845867154,0.3688888888888889,1.0,1.0,112.0,0.7321428571428571,2.0,0.12449999999999999,0.8985127389431,0.8608767986297607,0.752718847990036,nan,nan,nan,nan,nan,nan,nan,nan,nan,nan,nan,nan
1048,161919,0.09999999999999998,88.79916250000015,-0.6474905979633321,0.4533333333333333,1.0,1.0,158.0,0.6392405063291139,3.0,0.2598375,0.9148684442043304,0.8779606342315673,0.7381560921669006,nan,nan,nan,nan,nan,nan,nan,nan,nan,nan,nan,nan
1049,162144,0.09999999999999998,112.90435569269178,-0.17270926928520636,0.5688888888888889,1.0,1.0,225.0,0.5644444444444444,9.0,2.020644307308593,1.0084963679313659,0.9696311235427857,0.7773047745227813,nan,nan,nan,nan,nan,nan,nan,nan,nan,nan,nan,nan
1050,162343,0.09999999999999998,96.41191250000021,-1.1538629052639002,0.5111111111111111,0.9466666666666667,1.0,199.0,0.5728643216080402,3.0,0.20508749999999998,1.0988453805446625,1.0592460572719573,0.7919865429401398,0.35933333333333334,0.9482222222222223,1.0,0.6653684808398473,3.8,0.6272516881275392,0.41666666666666663,0.9591111111111111,1.0,0.6741535538962533,2.9,0.240316185703125
1051,162476,0.09999999999999998,61.60069312499992,-1.006514083623885,0.3688888888888889,0.9777777777777777,1.0,133.0,0.6165413533834586,4.0,0.32830687499999994,1.0205515682697297,0.9833527386188508,0.7439766466617584,nan,nan,nan,nan,nan,nan,nan,nan,nan,nan,nan,nan
1052,162630,0.09999999999999998,72.515825,-0.421653916835783,0.39555555555555555,0.9155555555555556,1.0,154.0,0.5714285714285714,3.0,0.251175,1.0729418694972992,1.0357516407966614,0.7438043832778931,nan,nan,nan,nan,nan,nan,nan,nan,nan,nan,nan,nan
1053,162797,0.09999999999999998,89.38066250000011,-0.9970400438308702,0.4577777777777778,0.9422222222222222,1.0,167.0,0.6107784431137725,3.0,0.18033749999999998,0.9487944543361664,0.9108972012996673,0.7579451084136963,nan,nan,nan,nan,nan,nan,nan,nan,nan,nan,nan,nan
1054,162942,0.09999999999999998,60.41024999999993,-1.9944025156497944,0.36,0.9555555555555556,1.0,145.0,0.5517241379310345,2.0,0.11474999999999999,0.916753762960434,0.8778547048568726,0.7779809057712554,nan,nan,nan,nan,nan,nan,nan,nan,nan,nan,nan,nan
1055,163060,0.09999999999999998,71.52899999999998,-0.46340633296966416,0.37777777777777777,0.9733333333333334,1.0,118.0,0.711864406779661,1.0,0.06,0.9798324584960938,0.9416603684425354,0.7634416341781616,nan,nan,nan,nan,nan,nan,nan,nan,nan,nan,nan,nan
1056,163194,0.09999999999999998,72.68666249999997,-0.6302677011489866,0.39555555555555555,0.92,1.0,134.0,0.6567164179104478,3.0,0.12033749999999999,1.124208015203476,1.0854605317115784,0.7749496936798096,nan,nan,nan,nan,nan,nan,nan,nan,nan,nan,nan,nan
1057,163327,0.09999999999999998,79.78450000000001,0.2950830323696143,0.4222222222222222,0.9288888888888889,1.0,133.0,0.706766917293233,2.0,0.12449999999999999,1.0092693388462066,0.9713112592697144,0.7591618418693542,nan,nan,nan,nan,nan,nan,nan,nan,nan,nan,nan,nan
1058,163469,0.09999999999999998,79.8170000000001,-0.12803805160522375,0.4177777777777778,1.0,1.0,142.0,0.6549295774647887,2.0,0.174,1.0083477318286895,0.9703236877918243,0.7604809582233429,nan,nan,nan,nan,nan,nan,nan,nan,nan,nan,nan,nan
1059,163626,0.09999999999999998,82.96356587656257,-0.09256127476692133,0.4311111111111111,0.9955555555555555,1.0,157.0,0.6114649681528662,6.0,0.6874341234374999,1.0365009605884552,0.9970118343830109,0.789782601594925,nan,nan,nan,nan,nan,nan,nan,nan,nan,nan,nan,nan
1060,163716,0.09999999999999998,64.19499999999994,0.3619844107627883,0.3422222222222222,0.9555555555555556,1.0,90.0,0.8444444444444444,0.0,0.0,1.0016434490680695,0.9643599987030029,0.7456693351268768,nan,nan,nan,nan,nan,nan,nan,nan,nan,nan,nan,nan
1061,163943,0.09999999999999998,87.18432890781268,-1.699091463327407,0.4622222222222222,0.9555555555555556,1.0,227.0,0.45374449339207046,6.0,1.0916710921875001,1.0628759860992432,1.025283807516098,0.7518436968326568,nan,nan,nan,nan,nan,nan,nan,nan,nan,nan,nan,nan
1062,164078,0.09999999999999998,69.75524999999995,-0.10795044803619347,0.38222222222222224,0.8711111111111111,1.0,135.0,0.6296296296296297,2.0,0.08474999999999999,0.985489797592163,0.9476379454135895,0.7570370197296142,nan,nan,nan,nan,nan,nan,nan,nan,nan,nan,nan,nan
1063,164260,0.09999999999999998,87.66121557132824,0.24628571510315078,0.47555555555555556,0.8444444444444444,1.0,182.0,0.5824175824175825,7.0,0.8847844286718749,0.9549273371696472,0.9175395965576172,0.7477547824382782,nan,nan,nan,nan,nan,nan,nan,nan,nan,nan,nan,nan
1064,164470,0.09999999999999998,103.54194312500036,-0.695123871803283,0.52,1.0,1.0,210.0,0.5523809523809524,4.0,0.41305687499999993,0.9673316240310669,0.9287252306938172,0.7721278131008148,nan,nan,nan,nan,nan,nan,nan,nan,nan,nan,nan,nan
1065,164621,0.09999999999999998,81.02800000000018,-0.9242151002883907,0.4177777777777778,0.9688888888888889,1.0,151.0,0.6158940397350994,1.0,0.045,0.9027218997478486,0.8631258130073547,0.7919218242168427,nan,nan,nan,nan,nan,nan,nan,nan,nan,nan,nan,nan
1066,164739,0.09999999999999998,71.22396557132812,0.013706541776657977,0.38222222222222224,1.0,1.0,118.0,0.7203389830508474,7.0,0.8150344286718748,0.8855055689811706,0.8499218225479126,0.7116750001907348,nan,nan,nan,nan,nan,nan,nan,nan,nan,nan,nan,nan
1067,164939,0.09999999999999998,90.81231587656264,-1.881403228759763,0.4888888888888889,0.9644444444444444,1.0,200.0,0.545,6.0,0.6626841234375,0.8514461636543273,0.8151529431343079,0.7258644104003906,nan,nan,nan,nan,nan,nan,nan,nan,nan,nan,nan,nan
1068,165108,0.09999999999999998,91.83750000000019,-0.2825714693069492,0.4711111111111111,0.96,1.0,169.0,0.621301775147929,2.0,0.16949999999999998,0.9418769419193268,0.9022266149520874,0.7930065751075744,nan,nan,nan,nan,nan,nan,nan,nan,nan,nan,nan,nan
1069,165323,0.09999999999999998,97.12228062500019,-1.635059470653533,0.52,0.9688888888888889,1.0,215.0,0.5395348837209303,4.0,0.292719375,0.8659320652484894,0.8273500263690948,0.7716410040855408,nan,nan,nan,nan,nan,nan,nan,nan,nan,nan,nan,nan
1070,165427,0.09999999999999998,70.15199999999999,0.27720334148407133,0.3688888888888889,0.9511111111111111,1.0,104.0,0.7884615384615384,1.0,0.015,0.9586587727069855,0.9206884860992431,0.7594055950641632,nan,nan,nan,nan,nan,nan,nan,nan,nan,nan,nan,nan
1071,165583,0.09999999999999998,103.98825000000018,0.9700114529132848,0.5244444444444445,0.9822222222222222,1.0,156.0,0.75,2.0,0.11474999999999999,0.9087701797485351,0.8709756910800934,0.7558898150920867,nan,nan,nan,nan,nan,nan,nan,nan,nan,nan,nan,nan
1072,165709,0.09999999999999998,74.99325000000003,-0.3281319146156294,0.39111111111111113,0.9777777777777777,1.0,126.0,0.6904761904761905,2.0,0.12974999999999998,0.9519260466098786,0.9141627848148346,0.7552654087543488,nan,nan,nan,nan,nan,nan,nan,nan,nan,nan,nan,nan
1073,165815,0.09999999999999998,65.46799999999992,0.0934618000984202,0.35555555555555557,0.9022222222222223,1.0,106.0,0.7452830188679245,1.0,0.045,1.0549102604389191,1.0176695704460144,0.744813883304596,nan,nan,nan,nan,nan,nan,nan,nan,nan,nan,nan,nan
1074,165979,0.09999999999999998,85.64310053125011,0.954135877132416,0.4666666666666667,0.8577777777777778,1.0,164.0,0.6341463414634146,5.0,0.38889946875,1.0175027668476104,0.9805575430393219,0.7389041841030121,nan,nan,nan,nan,nan,nan,nan,nan,nan,nan,nan,nan
1075,166191,0.09999999999999998,82.04125000000033,-6.471434296607978,0.4622222222222222,0.9333333333333333,1.0,212.0,0.4858490566037736,2.0,0.14475,1.1108390808105468,1.072890865802765,0.7589639902114869,0.344,0.9271111111111111,0.95,0.694742278636427,3.15,0.5147382028654296,0.4046666666666667,0.9542222222222222,1.0,0.6226814860718133,4.2,0.48229118830898426
1076,166341,0.09999999999999998,70.32635053125003,-0.6283589673042288,0.41333333333333333,0.9866666666666667,1.0,150.0,0.6133333333333333,5.0,0.39864946875,1.0401430964469909,1.0035259008407593,0.7323439478874206,nan,nan,nan,nan,nan,nan,nan,nan,nan,nan,nan,nan
1077,166451,0.09999999999999998,75.15,0.4007566785812393,0.39555555555555555,0.9733333333333334,1.0,110.0,0.8,1.0,0.045,1.1478194892406464,1.1104544937610625,0.7472998917102813,nan,nan,nan,nan,nan,nan,nan,nan,nan,nan,nan,nan
1078,166543,0.09999999999999998,58.03041249999993,0.0737313239574442,0.32,0.9955555555555555,1.0,92.0,0.7717391304347826,3.0,0.09558749999999998,0.9609913468360901,0.9246113359928131,0.727600634098053,nan,nan,nan,nan,nan,nan,nan,nan,nan,nan,nan,nan
1079,166695,0.09999999999999998,64.67269312499985,-2.024059045553206,0.3511111111111111,0.8711111111111111,1.0,152.0,0.5131578947368421,4.0,0.29830687499999997,1.1374346792697907,1.099168998003006,0.7653134882450103,nan,nan,nan,nan,nan,nan,nan,nan,nan,nan,nan,nan
1080,166841,0.09999999999999998,75.00682499999998,0.24995618796348684,0.41333333333333333,0.9644444444444444,1.0,146.0,0.6301369863013698,3.0,0.26617500000000005,0.8731853127479553,0.8348083376884461,0.7675393998622895,nan,nan,nan,nan,nan,nan,nan,nan,nan,nan,nan,nan
1081,166935,0.09999999999999998,69.15699999999995,0.18546109414100664,0.36444444444444446,1.0,1.0,94.0,0.8617021276595744,1.0,0.03,1.096248596906662,1.0557729840278625,0.8095121562480927,nan,nan,nan,nan,nan,nan,nan,nan,nan,nan,nan,nan
1082,167127,0.09999999999999998,77.40150000000008,-3.4960645837783813,0.4488888888888889,0.9155555555555556,1.0,192.0,0.5208333333333334,2.0,0.13949999999999999,1.0630946695804595,1.0265395939350128,0.731101143360138,nan,nan,nan,nan,nan,nan,nan,nan,nan,nan,nan,nan
1083,167332,0.09999999999999998,65.25434650156238,-3.8991244635581976,0.4,0.9466666666666667,1.0,205.0,0.43414634146341463,6.0,0.7806534984375001,0.9841559708118439,0.9458755791187287,0.7656077682971955,nan,nan,nan,nan,nan,nan,nan,nan,nan,nan,nan,nan
1084,167520,0.09999999999999998,86.89128062500019,-0.5361835172176358,0.4666666666666667,1.0,1.0,188.0,0.5531914893617021,4.0,0.26271937500000003,0.9936664998531342,0.9536114275455475,0.801101702451706,nan,nan,nan,nan,nan,nan,nan,nan,nan,nan,nan,nan
1085,167618,0.09999999999999998,62.713999999999935,-0.07969770407676613,0.36,1.0,1.0,98.0,0.8163265306122449,0.0,0.0,1.1346058428287507,1.0951128005981445,0.7898608148097992,nan,nan,nan,nan,nan,nan,nan,nan,nan,nan,nan,nan
1086,167817,0.09999999999999998,78.14776303125024,-5.873900527000426,0.4311111111111111,0.9911111111111112,1.0,199.0,0.4824120603015075,5.0,0.4342369687499999,0.9141083478927612,0.8761674046516419,0.7588190972805023,nan,nan,nan,nan,nan,nan,nan,nan,nan,nan,nan,nan
1087,168029,0.09999999999999998,95.08306587656278,-2.4229308581352225,0.49333333333333335,0.8755555555555555,1.0,212.0,0.5188679245283019,6.0,0.6679341234375,0.89677215218544,0.8578915536403656,0.7776121675968171,nan,nan,nan,nan,nan,nan,nan,nan,nan,nan,nan,nan
1088,168182,0.09999999999999998,83.88425000000016,0.27907451963424457,0.44,0.9911111111111112,1.0,153.0,0.6405228758169934,2.0,0.05474999999999999,0.9481710314750671,0.9109549164772034,0.7443224608898162,nan,nan,nan,nan,nan,nan,nan,nan,nan,nan,nan,nan
1089,168305,0.09999999999999998,63.51899999999988,-4.546147723913192,0.3511111111111111,1.0,1.0,123.0,0.6341463414634146,0.0,0.0,0.8862399578094482,0.8495293438434601,0.7342121005058289,nan,nan,nan,nan,nan,nan,nan,nan,nan,nan,nan,nan
1090,168480,0.09999999999999998,81.98000000000013,-3.3420599234104156,0.4222222222222222,0.9955555555555555,1.0,175.0,0.5371428571428571,1.0,0.045,1.044806718826294,1.006540882587433,0.7653168201446533,nan,nan,nan,nan,nan,nan,nan,nan,nan,nan,nan,nan
1091,168631,0.09999999999999998,89.15296557132815,-0.5203553409576411,0.4622222222222222,0.9955555555555555,1.0,151.0,0.6821192052980133,7.0,0.8900344286718749,1.079236590862274,1.0398825883865357,0.7870800614356994,nan,nan,nan,nan,nan,nan,nan,nan,nan,nan,nan,nan
1092,168689,0.09999999999999998,24.034000000000024,-2.0425255734920498,0.19111111111111112,0.7777777777777778,0.0,58.0,0.7241379310344828,0.0,0.0,0.9433790028095246,0.9063532233238221,0.7405154287815094,nan,nan,nan,nan,nan,nan,nan,nan,nan,nan,nan,nan
1093,168766,0.09999999999999998,46.15599999999998,-0.8475929803848264,0.26666666666666666,0.96,1.0,77.0,0.7662337662337663,0.0,0.0,1.0610336184501648,1.022782063484192,0.7650309324264526,nan,nan,nan,nan,nan,nan,nan,nan,nan,nan,nan,nan
1094,168913,0.09999999999999998,86.64625000000007,1.290872401714323,0.4622222222222222,1.0,1.0,147.0,0.7006802721088435,2.0,0.06974999999999999,0.9698040306568145,0.9321499764919281,0.7530813932418823,nan,nan,nan,nan,nan,nan,nan,nan,nan,nan,nan,nan
1095,169042,0.09999999999999998,52.921662499999876,-1.5076345841884606,0.3022222222222222,0.8755555555555555,1.0,129.0,0.5193798449612403,3.0,0.1353375,1.0886885404586792,1.050916415452957,0.7554425239562989,nan,nan,nan,nan,nan,nan,nan,nan,nan,nan,nan,nan
1096,169192,0.09999999999999998,71.73706587656253,-1.7872520709037771,0.39555555555555555,0.8888888888888888,1.0,150.0,0.5866666666666667,6.0,0.5929341234374998,1.1108709275722504,1.0737675666809081,0.7420673906803131,nan,nan,nan,nan,nan,nan,nan,nan,nan,nan,nan,nan
1097,169302,0.09999999999999998,64.54999999999991,-0.06193366289138735,0.3511111111111111,0.9688888888888889,1.0,110.0,0.7090909090909091,1.0,0.06,1.0227149784564973,0.9862005054950714,0.7302893877029419,nan,nan,nan,nan,nan,nan,nan,nan,nan,nan,nan,nan
1098,169429,0.09999999999999998,64.56303062499991,-0.3810424873828866,0.36444444444444446,0.8844444444444445,1.0,127.0,0.6377952755905512,4.0,0.192969375,1.0229146838188172,0.985403198003769,0.7502296924591064,nan,nan,nan,nan,nan,nan,nan,nan,nan,nan,nan,nan
1099,169559,0.09999999999999998,66.40338115624989,-1.0778553333282468,0.3688888888888889,0.9688888888888889,1.0,130.0,0.6307692307692307,5.0,0.5166188437499999,1.0158401727676392,0.9789376795291901,0.7380500853061676,nan,nan,nan,nan,nan,nan,nan,nan,nan,nan,nan,nan
1100,169628,0.09999999999999998,36.54641250000001,-1.7758409729003903,0.2311111111111111,0.9333333333333333,1.0,69.0,0.7391304347826086,3.0,0.08058749999999998,1.0936928987503052,1.0553040683269501,0.7677765727043152,0.39422222222222225,0.9655555555555555,1.0,0.5966167592199059,3.3,0.4657140432308594,0.41177777777777785,0.9622222222222222,1.0,0.6330915916713593,2.35,0.16446881859375
1101,169805,0.09999999999999998,99.24625000000022,0.24657629632949996,0.5111111111111111,1.0,1.0,177.0,0.6440677966101694,2.0,0.12975,1.0830473124980926,1.0450030267238617,0.7608857393264771,nan,nan,nan,nan,nan,nan,nan,nan,nan,nan,nan,nan
1102,169912,0.09999999999999998,56.07624999999988,-1.4633010995388025,0.30666666666666664,0.9777777777777777,1.0,107.0,0.6355140186915887,2.0,0.08474999999999999,1.0598513066768647,1.0210572063922883,0.7758819937705994,nan,nan,nan,nan,nan,nan,nan,nan,nan,nan,nan,nan
1103,170082,0.09999999999999998,62.242030624999856,-2.177928298950194,0.36444444444444446,0.8933333333333333,1.0,170.0,0.4764705882352941,4.0,0.192969375,1.1293882250785827,1.0912658154964447,0.7624483227729797,nan,nan,nan,nan,nan,nan,nan,nan,nan,nan,nan,nan
1104,170255,0.09999999999999998,75.45896557132825,-1.3852320332527155,0.43555555555555553,1.0,1.0,173.0,0.5606936416184971,7.0,0.8750344286718748,0.9972167134284973,0.9586474478244782,0.7713852882385254,nan,nan,nan,nan,nan,nan,nan,nan,nan,nan,nan,nan
1105,170337,0.09999999999999998,49.34599999999997,-0.9709678575992581,0.29333333333333333,0.9777777777777777,1.0,82.0,0.7926829268292683,1.0,0.015,0.933241993188858,0.8950059354305268,0.7647213697433471,nan,nan,nan,nan,nan,nan,nan,nan,nan,nan,nan,nan
1106,170516,0.09999999999999998,89.10637807132825,-0.9595268573760973,0.4577777777777778,0.8888888888888888,1.0,179.0,0.5698324022346368,7.0,0.9106219286718749,0.9586061596870422,0.9210221111774445,0.7516808271408081,nan,nan,nan,nan,nan,nan,nan,nan,nan,nan,nan,nan
1107,170630,0.09999999999999998,61.2177499999999,0.18977427482605025,0.3511111111111111,0.9377777777777778,1.0,114.0,0.6842105263157895,2.0,0.11924999999999998,1.0079907119274139,0.9682266235351562,0.7952816426753998,nan,nan,nan,nan,nan,nan,nan,nan,nan,nan,nan,nan
1108,170823,0.09999999999999998,82.63866250000032,-5.774457198619845,0.43555555555555553,0.9911111111111112,1.0,193.0,0.5025906735751295,3.0,0.1503375,1.1937225222587586,1.1519597351551056,0.8352557301521302,nan,nan,nan,nan,nan,nan,nan,nan,nan,nan,nan,nan
1109,170980,0.09999999999999998,63.07599999999988,-0.9403418924808506,0.38222222222222224,0.9377777777777778,1.0,157.0,0.5414012738853503,1.0,0.12,1.0351111233234405,0.9969317436218261,0.7635874211788177,nan,nan,nan,nan,nan,nan,nan,nan,nan,nan,nan,nan
1110,171158,0.09999999999999998,86.85425000000015,-1.1957244555950157,0.4711111111111111,0.9822222222222222,1.0,178.0,0.5898876404494382,2.0,0.11474999999999999,1.1208065271377563,1.0842532575130464,0.7310657262802124,nan,nan,nan,nan,nan,nan,nan,nan,nan,nan,nan,nan
1111,171265,0.09999999999999998,58.73066249999992,0.11583646917343238,0.3377777777777778,0.8844444444444445,1.0,107.0,0.7009345794392523,3.0,0.13533749999999997,1.045078879594803,1.0087872564792633,0.7258320689201355,nan,nan,nan,nan,nan,nan,nan,nan,nan,nan,nan,nan
1112,171462,0.09999999999999998,87.34150000000037,-9.209682838678356,0.4488888888888889,0.9822222222222222,1.0,197.0,0.5076142131979695,2.0,0.12449999999999999,1.025436282157898,0.9883439123630524,0.7418475925922394,nan,nan,nan,nan,nan,nan,nan,nan,nan,nan,nan,nan
1113,171689,0.09999999999999998,106.62828062500049,-2.748401048898703,0.5333333333333333,0.9911111111111112,1.0,227.0,0.5242290748898678,4.0,0.292719375,1.0617463171482087,1.0253261506557465,0.7284034073352814,nan,nan,nan,nan,nan,nan,nan,nan,nan,nan,nan,nan
1114,171864,0.09999999999999998,93.33728062500015,0.5342537722587597,0.49777777777777776,0.9422222222222222,1.0,175.0,0.6342857142857142,4.0,0.29271937500000006,1.1598929703235625,1.1225797414779664,0.7462647199630738,nan,nan,nan,nan,nan,nan,nan,nan,nan,nan,nan,nan
1115,172052,0.09999999999999998,92.4877905713283,-0.08644633054733153,0.47555555555555556,0.9022222222222223,1.0,188.0,0.5638297872340425,7.0,0.9612094286718748,1.1541769444942473,1.11670463681221,0.7494459092617035,nan,nan,nan,nan,nan,nan,nan,nan,nan,nan,nan,nan
1116,172100,0.09999999999999998,30.279000000000014,-1.0023846583366391,0.19111111111111112,0.9066666666666666,1.0,48.0,0.875,0.0,0.0,1.1037472188472748,1.0655927300453185,0.763089507818222,nan,nan,nan,nan,nan,nan,nan,nan,nan,nan,nan,nan
1117,172248,0.09999999999999998,72.7292806926914,-0.8595240907669062,0.38666666666666666,1.0,1.0,148.0,0.581081081081081,8.0,1.3497193073085934,1.0768684506416322,1.0412367641925813,0.7126338422298432,nan,nan,nan,nan,nan,nan,nan,nan,nan,nan,nan,nan
1118,172432,0.09999999999999998,73.36226303125004,-1.7976884996891023,0.4222222222222222,0.9288888888888889,1.0,184.0,0.5108695652173914,5.0,0.42973696875,0.9755417466163635,0.9387170970439911,0.7364929616451263,nan,nan,nan,nan,nan,nan,nan,nan,nan,nan,nan,nan
1119,172650,0.09999999999999998,114.33128062500037,1.040316697120659,0.5822222222222222,0.9377777777777778,1.0,218.0,0.5963302752293578,4.0,0.307719375,0.9156721770763397,0.8793503940105438,0.7264354526996613,nan,nan,nan,nan,nan,nan,nan,nan,nan,nan,nan,nan
1120,172792,0.09999999999999998,76.86066250000009,-0.2097858681678768,0.40444444444444444,0.9777777777777777,1.0,142.0,0.6338028169014085,3.0,0.16533749999999997,1.008131557703018,0.9727564632892609,0.7075018584728241,nan,nan,nan,nan,nan,nan,nan,nan,nan,nan,nan,nan
1121,172980,0.09999999999999998,100.97892553125024,-1.0261857604980449,0.5111111111111111,1.0,1.0,188.0,0.6063829787234043,5.0,0.50507446875,1.0929267466068269,1.0550955057144165,0.7566249966621399,nan,nan,nan,nan,nan,nan,nan,nan,nan,nan,nan,nan
1122,173187,0.09999999999999998,92.78625000000041,-8.395238367319108,0.4711111111111111,1.0,1.0,207.0,0.5072463768115942,2.0,0.17475000000000002,1.0464665234088897,1.008554422855377,0.758241844177246,nan,nan,nan,nan,nan,nan,nan,nan,nan,nan,nan,nan
1123,173366,0.09999999999999998,87.98810053125015,-1.8261855046749105,0.4622222222222222,1.0,1.0,179.0,0.5754189944134078,5.0,0.31389946874999997,1.1209808349609376,1.0826979219913482,0.7656583368778229,nan,nan,nan,nan,nan,nan,nan,nan,nan,nan,nan,nan
1124,173492,0.09999999999999998,73.95874999999994,-0.8540316724777215,0.38666666666666666,1.0,1.0,126.0,0.6825396825396826,2.0,0.16425,1.0929333567619324,1.05533487200737,0.7519697606563568,nan,nan,nan,nan,nan,nan,nan,nan,nan,nan,nan,nan
1125,173551,0.09999999999999998,33.612000000000016,-1.2893081810474394,0.21777777777777776,0.8666666666666667,1.0,59.0,0.8135593220338984,0.0,0.0,1.0352900326251984,0.9974276721477509,0.7572469651699066,0.35111111111111115,0.9442222222222224,1.0,0.7095203529262424,2.0,0.16846195885546872,0.382,0.939111111111111,0.95,0.682458778501294,2.25,0.18378633385546872
1126,173675,0.09999999999999998,67.44666249999995,0.15171380710601956,0.38666666666666666,0.92,1.0,124.0,0.6935483870967742,3.0,0.15033749999999996,0.977709150314331,0.9399755239486695,0.754672235250473,nan,nan,nan,nan,nan,nan,nan,nan,nan,nan,nan,nan
1127,173772,0.09999999999999998,72.15099999999997,0.5689472908973707,0.37777777777777777,1.0,1.0,97.0,0.865979381443299,1.0,0.03,0.9889814138412476,0.9519257366657257,0.7411137998104096,nan,nan,nan,nan,nan,nan,nan,nan,nan,nan,nan,nan
1128,173939,0.09999999999999998,62.46778069269121,-2.2215569496154774,0.3511111111111111,0.8444444444444444,1.0,167.0,0.46706586826347307,9.0,2.0282193073085932,1.2130917191505433,1.175841861963272,0.7449971616268158,nan,nan,nan,nan,nan,nan,nan,nan,nan,nan,nan,nan
1129,174108,0.09999999999999998,103.93725000000022,0.5813366456031808,0.52,1.0,1.0,169.0,0.6863905325443787,2.0,0.09974999999999999,1.0337617158889771,0.996913731098175,0.7369598090648651,nan,nan,nan,nan,nan,nan,nan,nan,nan,nan,nan,nan
1130,174267,0.09999999999999998,82.50687807132819,-0.867979849815368,0.43555555555555553,0.8666666666666667,1.0,159.0,0.610062893081761,7.0,1.0051219286718749,1.077897208929062,1.0396321952342986,0.7653002321720124,nan,nan,nan,nan,nan,nan,nan,nan,nan,nan,nan,nan
1131,174401,0.09999999999999998,72.8566625,-0.2697579553127276,0.41333333333333333,0.9466666666666667,1.0,134.0,0.6865671641791045,3.0,0.13533749999999997,1.0727218687534332,1.0343089878559113,0.76825732588768,nan,nan,nan,nan,nan,nan,nan,nan,nan,nan,nan,nan
1132,174515,0.09999999999999998,64.5719999999999,-1.3697329483032226,0.3511111111111111,0.9111111111111111,1.0,114.0,0.6842105263157895,1.0,0.03,0.9395972847938537,0.9013782382011414,0.7643809020519257,nan,nan,nan,nan,nan,nan,nan,nan,nan,nan,nan,nan
1133,174662,0.09999999999999998,72.85531124999997,-0.07152550292015003,0.40444444444444444,0.9777777777777777,1.0,147.0,0.6122448979591837,4.0,0.38068874999999996,0.9542455494403839,0.9185850143432617,0.7132106065750122,nan,nan,nan,nan,nan,nan,nan,nan,nan,nan,nan,nan
1134,174731,0.09999999999999998,32.194030625000025,-1.3008900001049044,0.2222222222222222,0.88,1.0,69.0,0.7101449275362319,4.0,0.16296937499999997,1.2245577275753021,1.1878308176994323,0.734538447856903,nan,nan,nan,nan,nan,nan,nan,nan,nan,nan,nan,nan
1135,174937,0.09999999999999998,99.61732500000036,-2.8157900967597946,0.5022222222222222,1.0,1.0,206.0,0.5436893203883495,3.0,0.34567500000000007,1.026347017288208,0.9885441184043884,0.7560580313205719,nan,nan,nan,nan,nan,nan,nan,nan,nan,nan,nan,nan
1136,175021,0.09999999999999998,36.80225000000002,-1.140423270225525,0.24,0.9777777777777777,1.0,84.0,0.6309523809523809,2.0,0.039749999999999994,1.1256620347499848,1.0889031767845154,0.7351770222187042,nan,nan,nan,nan,nan,nan,nan,nan,nan,nan,nan,nan
1137,175124,0.09999999999999998,73.11425,0.7386204423904434,0.38222222222222224,1.0,1.0,103.0,0.8252427184466019,2.0,0.05474999999999999,0.9900676727294921,0.9538243412971497,0.7248668968677521,nan,nan,nan,nan,nan,nan,nan,nan,nan,nan,nan,nan
1138,175292,0.09999999999999998,70.88713115625,-1.341773680686949,0.41333333333333333,0.8933333333333333,1.0,168.0,0.5476190476190477,5.0,0.49186884374999995,1.141005390882492,1.1044751584529877,0.7306043922901153,nan,nan,nan,nan,nan,nan,nan,nan,nan,nan,nan,nan
1139,175369,0.09999999999999998,48.24599999999997,-0.47204965686798095,0.27555555555555555,0.9733333333333334,1.0,77.0,0.7922077922077922,1.0,0.015,1.0287139534950256,0.9912123799324035,0.7500316143035889,nan,nan,nan,nan,nan,nan,nan,nan,nan,nan,nan,nan
1140,175562,0.09999999999999998,66.08978069269136,-6.189123458623885,0.38222222222222224,1.0,1.0,193.0,0.44041450777202074,8.0,1.3992193073085935,0.8903846740722656,0.8544233739376068,0.7192262351512909,nan,nan,nan,nan,nan,nan,nan,nan,nan,nan,nan,nan
1141,175648,0.09999999999999998,58.187999999999946,-0.30954641723632803,0.31555555555555553,1.0,1.0,86.0,0.813953488372093,1.0,0.015,1.1754274249076844,1.1398195266723632,0.7121579349040985,nan,nan,nan,nan,nan,nan,nan,nan,nan,nan,nan,nan
1142,175780,0.09999999999999998,63.67699999999989,-1.989467701196671,0.35555555555555557,0.9288888888888889,1.0,132.0,0.5984848484848485,2.0,0.20400000000000001,1.000793606042862,0.9650902152061462,0.714067792892456,nan,nan,nan,nan,nan,nan,nan,nan,nan,nan,nan,nan
1143,175906,0.09999999999999998,66.21741249999994,-0.44334257340430994,0.3688888888888889,0.9688888888888889,1.0,126.0,0.6507936507936508,3.0,0.1255875,1.1094893395900727,1.0726505398750306,0.736776202917099,nan,nan,nan,nan,nan,nan,nan,nan,nan,nan,nan,nan
1144,176058,0.09999999999999998,78.88650000000007,0.006489361524581794,0.41333333333333333,0.96,1.0,152.0,0.6052631578947368,2.0,0.15449999999999997,1.0801715433597565,1.0424374699592591,0.7546814322471619,nan,nan,nan,nan,nan,nan,nan,nan,nan,nan,nan,nan
1145,176167,0.09999999999999998,58.29749999999992,-0.47926105189323287,0.3288888888888889,0.9111111111111111,1.0,109.0,0.6697247706422018,2.0,0.10949999999999999,1.0647874295711517,1.0297149837017059,0.7014493107795715,nan,nan,nan,nan,nan,nan,nan,nan,nan,nan,nan,nan
1146,176297,0.09999999999999998,87.44525000000009,0.8967263069152838,0.4533333333333333,0.9733333333333334,1.0,130.0,0.7769230769230769,2.0,0.05474999999999999,1.106014996767044,1.0666891276836394,0.7865174412727356,nan,nan,nan,nan,nan,nan,nan,nan,nan,nan,nan,nan
1147,176442,0.09999999999999998,84.44025000000012,0.5851308326721172,0.44,0.9777777777777777,1.0,145.0,0.6758620689655173,2.0,0.09974999999999999,0.9088797211647034,0.8711591362953186,0.754411494731903,nan,nan,nan,nan,nan,nan,nan,nan,nan,nan,nan,nan
1148,176556,0.09999999999999998,70.48199999999996,0.5018685073852551,0.37777777777777777,0.8666666666666667,1.0,114.0,0.7368421052631579,1.0,0.015,0.9424051403999328,0.9053654313087464,0.7407943308353424,nan,nan,nan,nan,nan,nan,nan,nan,nan,nan,nan,nan
1149,176702,0.09999999999999998,83.90375000000009,0.5225511794090265,0.4311111111111111,0.9377777777777778,1.0,146.0,0.6575342465753424,2.0,0.17924999999999996,0.881861400604248,0.8453126430511475,0.730975329875946,nan,nan,nan,nan,nan,nan,nan,nan,nan,nan,nan,nan
1150,176848,0.09999999999999998,82.90850000000009,0.4339576556682594,0.4311111111111111,0.9911111111111112,1.0,146.0,0.6575342465753424,2.0,0.10949999999999999,1.009906542301178,0.9725471377372742,0.7471884727478028,0.3848888888888889,0.9468888888888889,1.0,0.6944370547987065,2.35,0.16614671554687496,0.4071111111111111,0.9426666666666668,1.0,0.6550690997080794,3.15,0.369064472658789
1151,177071,0.09999999999999998,95.37703062500039,-5.224058610677719,0.49333333333333335,1.0,1.0,223.0,0.49327354260089684,4.0,0.351969375,1.0270089149475097,0.9896736145019531,0.7467061638832092,nan,nan,nan,nan,nan,nan,nan,nan,nan,nan,nan,nan
1152,177269,0.09999999999999998,76.53900000000003,-0.47675394964217943,0.4888888888888889,0.9288888888888889,1.0,198.0,0.5505050505050505,1.0,0.09,1.0418243765830995,1.00428147315979,0.7508580327033997,nan,nan,nan,nan,nan,nan,nan,nan,nan,nan,nan,nan
1153,177443,0.09999999999999998,83.37157500000006,-0.7207447409629802,0.4444444444444444,0.9733333333333334,1.0,174.0,0.5689655172413793,3.0,0.355425,1.1280643343925476,1.0922156274318695,0.7169742345809936,nan,nan,nan,nan,nan,nan,nan,nan,nan,nan,nan,nan
1154,177629,0.09999999999999998,80.09415869632824,-0.6090017168521874,0.44,0.9911111111111112,1.0,186.0,0.5268817204301075,7.0,1.0638413036718746,1.0394218623638154,1.0021761655807495,0.7449137210845947,nan,nan,nan,nan,nan,nan,nan,nan,nan,nan,nan,nan
1155,177748,0.09999999999999998,62.16199999999991,0.21748305964470038,0.36,0.9777777777777777,1.0,119.0,0.6722689075630253,1.0,0.03,0.9122671008110046,0.8734880328178406,0.7755813300609589,nan,nan,nan,nan,nan,nan,nan,nan,nan,nan,nan,nan
1156,177951,0.09999999999999998,108.03069312500027,0.7413711743354736,0.5688888888888889,0.9733333333333334,1.0,203.0,0.625615763546798,4.0,0.373306875,1.001666110754013,0.9627476096153259,0.7783700168132782,nan,nan,nan,nan,nan,nan,nan,nan,nan,nan,nan,nan
1157,178098,0.09999999999999998,72.67853062499992,-0.6752181510925275,0.39111111111111113,0.8711111111111111,1.0,147.0,0.5918367346938775,4.0,0.272469375,1.1186619818210601,1.0790314972400665,0.7926099419593811,nan,nan,nan,nan,nan,nan,nan,nan,nan,nan,nan,nan
1158,178246,0.09999999999999998,84.96900000000012,-0.0026769227981560118,0.44,1.0,1.0,148.0,0.6621621621621622,1.0,0.045,1.1886673092842102,1.1495587825775146,0.7821704804897308,nan,nan,nan,nan,nan,nan,nan,nan,nan,nan,nan,nan
1159,178458,0.09999999999999998,110.7256625000004,-0.3071632614135724,0.5511111111111111,0.9822222222222222,1.0,212.0,0.5801886792452831,3.0,0.22533750000000002,1.0947194993495941,1.0560800373554229,0.7727894067764283,nan,nan,nan,nan,nan,nan,nan,nan,nan,nan,nan,nan
1160,178533,0.09999999999999998,43.99999999999998,-0.8073896446228026,0.26222222222222225,0.8933333333333333,1.0,75.0,0.7733333333333333,1.0,0.06,1.068629413843155,1.0308476865291596,0.7556344211101532,nan,nan,nan,nan,nan,nan,nan,nan,nan,nan,nan,nan
1161,178698,0.09999999999999998,94.89575000000016,0.5358959841728175,0.48,1.0,1.0,165.0,0.6484848484848484,2.0,0.14925,1.0137080132961274,0.9768573105335235,0.737013703584671,nan,nan,nan,nan,nan,nan,nan,nan,nan,nan,nan,nan
1162,178877,0.09999999999999998,100.86141250000033,0.20061220550536674,0.5066666666666667,0.9822222222222222,1.0,179.0,0.6312849162011173,3.0,0.1555875,0.9715874493122101,0.9334735214710236,0.762278801202774,nan,nan,nan,nan,nan,nan,nan,nan,nan,nan,nan,nan
1163,178961,0.09999999999999998,48.71199999999997,-0.49531259036064135,0.27555555555555555,0.9866666666666667,1.0,84.0,0.7261904761904762,1.0,0.015,1.0261408925056457,0.9886840224266052,0.7491376459598541,nan,nan,nan,nan,nan,nan,nan,nan,nan,nan,nan,nan
1164,179047,0.09999999999999998,47.44299999999996,-1.235953044891357,0.28,0.9466666666666667,1.0,86.0,0.7209302325581395,1.0,0.045,1.02723531126976,0.9909479737281799,0.7257468819618225,nan,nan,nan,nan,nan,nan,nan,nan,nan,nan,nan,nan
1165,179149,0.09999999999999998,38.95599999999992,-9.30803078842163,0.24,0.8,1.0,102.0,0.5196078431372549,1.0,0.015,0.8763505101203919,0.8390821099281311,0.7453682959079743,nan,nan,nan,nan,nan,nan,nan,nan,nan,nan,nan,nan
1166,179377,0.09999999999999998,96.74644312500035,-3.2888902823925052,0.5066666666666667,0.9333333333333333,1.0,228.0,0.4956140350877193,4.0,0.4625568749999999,1.0679780483245849,1.0292178690433502,0.7752035796642304,nan,nan,nan,nan,nan,nan,nan,nan,nan,nan,nan,nan
1167,179545,0.09999999999999998,88.88451303125017,-1.7414301226139055,0.4666666666666667,0.9466666666666667,1.0,168.0,0.6190476190476191,5.0,0.43948696874999993,1.072019112110138,1.0323303461074829,0.7937755703926086,nan,nan,nan,nan,nan,nan,nan,nan,nan,nan,nan,nan
1168,179716,0.09999999999999998,82.77850000000007,-1.7638140513896934,0.4311111111111111,1.0,1.0,171.0,0.5614035087719298,2.0,0.15449999999999997,0.995361965894699,0.9592775881290436,0.7216875493526459,nan,nan,nan,nan,nan,nan,nan,nan,nan,nan,nan,nan
1169,179859,0.09999999999999998,72.92628062499999,-0.32558257436752114,0.40444444444444444,0.9733333333333334,1.0,143.0,0.6293706293706294,4.0,0.24771937499999996,0.9434818506240845,0.9089856207370758,0.6899246573448181,nan,nan,nan,nan,nan,nan,nan,nan,nan,nan,nan,nan
1170,180035,0.09999999999999998,81.94707500000013,-1.7452764205932605,0.44,0.9288888888888889,1.0,176.0,0.5568181818181818,3.0,0.26092499999999996,0.9607332527637482,0.9228861272335053,0.7569423735141754,nan,nan,nan,nan,nan,nan,nan,nan,nan,nan,nan,nan
1171,180263,0.09999999999999998,70.57528079683196,-2.5780439648628226,0.4,0.9644444444444444,1.0,228.0,0.39035087719298245,9.0,3.6637192031679686,0.9373399972915649,0.902203106880188,0.7027378499507904,nan,nan,nan,nan,nan,nan,nan,nan,nan,nan,nan,nan
1172,180327,0.09999999999999998,42.246999999999986,-0.4641338200569153,0.24444444444444444,1.0,1.0,64.0,0.84375,0.0,0.0,1.0396476328372954,1.0043078064918518,0.7067965388298034,nan,nan,nan,nan,nan,nan,nan,nan,nan,nan,nan,nan
1173,180417,0.09999999999999998,47.790249999999986,0.04370514345169174,0.28888888888888886,0.8977777777777778,1.0,90.0,0.7111111111111111,2.0,0.039749999999999994,1.130066055059433,1.0917480289936066,0.7663601756095886,nan,nan,nan,nan,nan,nan,nan,nan,nan,nan,nan,nan
1174,180588,0.09999999999999998,77.17003062500014,-3.831263359069823,0.41333333333333333,0.9777777777777777,1.0,171.0,0.5380116959064327,4.0,0.14796937499999996,1.1874307632446288,1.1504372298717498,0.7398710370063781,nan,nan,nan,nan,nan,nan,nan,nan,nan,nan,nan,nan
1175,180739,0.09999999999999998,93.91741250000013,0.7496504814624791,0.47555555555555556,1.0,1.0,151.0,0.7019867549668874,3.0,0.1555875,1.47134969830513,1.4326010525226593,0.7749730348587036,0.37,0.9542222222222222,1.0,0.6734148850285495,1.7,0.11692256250000002,0.40311111111111114,0.9562222222222221,1.0,0.6943921859759558,1.95,0.11754801867187496
1176,180933,0.09999999999999998,121.47250000000035,1.7581492326259531,0.6133333333333333,1.0,1.0,194.0,0.7061855670103093,2.0,0.21450000000000002,1.4489734172821045,1.4127476692199707,0.7245152413845062,nan,nan,nan,nan,nan,nan,nan,nan,nan,nan,nan,nan
1177,181116,0.09999999999999998,87.81391250000021,-1.683569618225097,0.4533333333333333,1.0,1.0,183.0,0.5519125683060109,3.0,0.2350875,1.338076013326645,1.3035225510597228,0.6910690903663635,nan,nan,nan,nan,nan,nan,nan,nan,nan,nan,nan,nan
1178,181277,0.09999999999999998,92.91300000000015,-0.6817399468421949,0.47555555555555556,0.9911111111111112,1.0,161.0,0.6583850931677019,1.0,0.075,1.4040052771568299,1.3678624093532563,0.7228574097156525,nan,nan,nan,nan,nan,nan,nan,nan,nan,nan,nan,nan
1179,181415,0.09999999999999998,65.54603062499989,-1.0692168812751768,0.3688888888888889,0.9466666666666667,1.0,138.0,0.5942028985507246,4.0,0.22296937500000003,1.0525677919387817,1.016397225856781,0.7234116196632385,nan,nan,nan,nan,nan,nan,nan,nan,nan,nan,nan,nan
1180,181569,0.09999999999999998,74.61520307132808,-1.3191539387702933,0.4177777777777778,0.9955555555555555,1.0,154.0,0.6038961038961039,7.0,1.056796928671875,1.0100928485393523,0.9752848863601684,0.6961590766906738,nan,nan,nan,nan,nan,nan,nan,nan,nan,nan,nan,nan
1181,181628,0.09999999999999998,37.242,-1.1034256966114038,0.2222222222222222,0.9333333333333333,1.0,59.0,0.8305084745762712,1.0,0.015,1.1658265888690948,1.1286892950534821,0.7427453637123108,nan,nan,nan,nan,nan,nan,nan,nan,nan,nan,nan,nan
1182,181775,0.09999999999999998,69.38099999999997,0.5314270868301403,0.4222222222222222,0.8088888888888889,1.0,147.0,0.6394557823129252,1.0,0.12,1.0734442830085755,1.0375518321990966,0.7178490221500397,nan,nan,nan,nan,nan,nan,nan,nan,nan,nan,nan,nan
1183,181918,0.09999999999999998,74.90450000000001,-0.5956329016685463,0.39111111111111113,0.8,1.0,143.0,0.6083916083916084,2.0,0.1845,1.0584941327571868,1.0209402859210968,0.7510767877101898,nan,nan,nan,nan,nan,nan,nan,nan,nan,nan,nan,nan
1184,182116,0.09999999999999998,101.85451303125026,-0.49480429768562095,0.5244444444444445,0.96,1.0,198.0,0.5909090909090909,5.0,0.51448696875,1.0004571318626403,0.9634044766426086,0.7410529732704163,nan,nan,nan,nan,nan,nan,nan,nan,nan,nan,nan,nan
1185,182264,0.09999999999999998,93.6597500000001,0.7215562572479235,0.4888888888888889,0.9511111111111111,1.0,148.0,0.7364864864864865,2.0,0.11924999999999998,0.9635930180549621,0.9274884700775147,0.7220909476280213,nan,nan,nan,nan,nan,nan,nan,nan,nan,nan,nan,nan
1186,182470,0.09999999999999998,78.63463122394167,-5.4427922825813315,0.4311111111111111,0.9333333333333333,1.0,206.0,0.46601941747572817,11.0,3.128368776058594,0.9539226412773132,0.9169302105903625,0.7398487329483032,nan,nan,nan,nan,nan,nan,nan,nan,nan,nan,nan,nan
1187,182626,0.09999999999999998,68.57435053124998,-1.0974033331871016,0.3688888888888889,0.8755555555555555,1.0,156.0,0.5256410256410257,5.0,0.45864946874999996,1.0820084452629088,1.0425713062286377,0.7887427031993866,nan,nan,nan,nan,nan,nan,nan,nan,nan,nan,nan,nan
1188,182764,0.09999999999999998,71.86341249999997,-0.9708207077980044,0.38666666666666666,0.8711111111111111,1.0,138.0,0.6231884057971014,3.0,0.14058749999999998,0.973033219575882,0.9352330148220063,0.7560041844844818,nan,nan,nan,nan,nan,nan,nan,nan,nan,nan,nan,nan
1189,182885,0.09999999999999998,68.69299999999991,-1.2304181287288658,0.36444444444444446,0.9955555555555555,1.0,121.0,0.6694214876033058,1.0,0.03,1.2600619554519654,1.22133948802948,0.7744491517543792,nan,nan,nan,nan,nan,nan,nan,nan,nan,nan,nan,nan
1190,182934,0.09999999999999998,25.14700000000001,-1.4962887601852413,0.17777777777777778,0.8355555555555556,1.0,49.0,0.7959183673469388,0.0,0.0,1.051556360721588,1.0148240268230437,0.734646487236023,nan,nan,nan,nan,nan,nan,nan,nan,nan,nan,nan,nan
1191,183077,0.09999999999999998,84.01900000000006,0.28595077514648537,0.43555555555555553,0.9822222222222222,1.0,143.0,0.6783216783216783,1.0,0.075,1.0827977061271667,1.0456477403640747,0.7429993093013764,nan,nan,nan,nan,nan,nan,nan,nan,nan,nan,nan,nan
1192,183157,0.09999999999999998,55.199999999999946,-0.7218916122913359,0.3022222222222222,1.0,1.0,80.0,0.8375,1.0,0.015,1.0870697140693664,1.0500247359275818,0.7408994615077973,nan,nan,nan,nan,nan,nan,nan,nan,nan,nan,nan,nan
1193,183273,0.09999999999999998,67.94324999999994,-0.7284887347221366,0.3688888888888889,1.0,1.0,116.0,0.7068965517241379,2.0,0.06974999999999999,1.1906868636608123,1.1522456765174867,0.7688236773014069,nan,nan,nan,nan,nan,nan,nan,nan,nan,nan,nan,nan
1194,183382,0.09999999999999998,48.56166249999997,-1.5212076449394223,0.29777777777777775,0.8666666666666667,1.0,109.0,0.6055045871559633,3.0,0.16533749999999997,1.1741227209568024,1.1363566279411317,0.7553217470645904,nan,nan,nan,nan,nan,nan,nan,nan,nan,nan,nan,nan
1195,183445,0.09999999999999998,38.5184125,-1.1570214252471922,0.23555555555555555,1.0,1.0,63.0,0.8253968253968254,3.0,0.08058749999999998,1.1290675580501557,1.090567594766617,0.7699992060661316,nan,nan,nan,nan,nan,nan,nan,nan,nan,nan,nan,nan
1196,183506,0.09999999999999998,29.05325000000002,-1.6268777031898496,0.2,0.9511111111111111,1.0,61.0,0.7213114754098361,2.0,0.039749999999999994,1.3313357830047607,1.2926577568054198,0.7735607862472534,nan,nan,nan,nan,nan,nan,nan,nan,nan,nan,nan,nan
1197,183638,0.09999999999999998,63.120715571327985,-1.6849337096214287,0.3511111111111111,0.8933333333333333,1.0,132.0,0.5909090909090909,7.0,0.7902844286718749,1.2813633739948274,1.2429917931556702,0.7674316942691803,nan,nan,nan,nan,nan,nan,nan,nan,nan,nan,nan,nan
1198,183822,0.09999999999999998,95.59191250000022,0.40717452192306314,0.49333333333333335,0.9377777777777778,1.0,184.0,0.5978260869565217,3.0,0.2500875,1.3064757227897643,1.2670731663703918,0.7880511999130249,nan,nan,nan,nan,nan,nan,nan,nan,nan,nan,nan,nan
1199,183896,0.09999999999999998,48.926999999999964,-0.037903453588485014,0.28888888888888886,0.9333333333333333,1.0,74.0,0.8648648648648649,0.0,0.0,1.0210876882076263,0.983785766363144,0.7460387527942658,nan,nan,nan,nan,nan,nan,nan,nan,nan,nan,nan,nan
1200,184041,0.09999999999999998,85.95941250000014,0.3227325129508929,0.44,1.0,1.0,145.0,0.6758620689655173,3.0,0.1255875,1.0124382495880127,0.9752965629100799,0.7428338527679443,0.3917777777777778,0.9311111111111112,0.95,0.6127738489789751,2.7,0.27229336841230467,0.4057777777777778,0.9546666666666667,1.0,0.6062244586434196,3.2,0.4196236229183593
