episode,global_step,epsilon,reward,coverage,final_health,length,new_tile_rate,revisit_rate,wall_hit_rate,turn_streak_rate,hazard_contact_rate,action_forward_rate,action_left_rate,action_right_rate,max_no_new_tile_streak,stagnation_step_rate,coverage_gain_25,energy_spent,coverage_gain_per_energy,new_tiles_per_energy,obs_novelty_mean,turn_oscillation_rate,forward_after_turn_success_rate,coverage_at_step_50,coverage_at_step_100,coverage_at_step_150,mean_loss,mean_ce_loss,mean_td_error,eval_reward_mean,eval_coverage_mean,eval_final_health_mean,eval_length_mean,eval_survival_rate,eval_death_rate,eval_new_tile_rate_mean,eval_revisit_rate_mean,eval_wall_hit_rate_mean,eval_turn_streak_rate_mean,eval_hazard_contact_rate_mean,eval_action_forward_rate_mean,eval_action_left_rate_mean,eval_action_right_rate_mean,eval_max_no_new_tile_streak_mean,eval_stagnation_step_rate_mean,eval_coverage_gain_25_mean,eval_energy_spent_mean,eval_coverage_gain_per_energy_mean,eval_new_tiles_per_energy_mean,eval_obs_novelty_mean_mean,eval_turn_oscillation_rate_mean,eval_forward_after_turn_success_rate_mean,eval_coverage_at_step_50_mean,eval_coverage_at_step_100_mean,eval_coverage_at_step_150_mean,holdout_eval_reward_mean,holdout_eval_coverage_mean,holdout_eval_final_health_mean,holdout_eval_length_mean,holdout_eval_survival_rate,holdout_eval_death_rate,holdout_eval_new_tile_rate_mean,holdout_eval_revisit_rate_mean,holdout_eval_wall_hit_rate_mean,holdout_eval_turn_streak_rate_mean,holdout_eval_hazard_contact_rate_mean,holdout_eval_action_forward_rate_mean,holdout_eval_action_left_rate_mean,holdout_eval_action_right_rate_mean,holdout_eval_max_no_new_tile_streak_mean,holdout_eval_stagnation_step_rate_mean,holdout_eval_coverage_gain_25_mean,holdout_eval_energy_spent_mean,holdout_eval_coverage_gain_per_energy_mean,holdout_eval_new_tiles_per_energy_mean,holdout_eval_obs_novelty_mean_mean,holdout_eval_turn_oscillation_rate_mean,holdout_eval_forward_after_turn_success_rate_mean,holdout_eval_coverage_at_step_50_mean,holdout_eval_coverage_at_step_100_mean,holdout_eval_coverage_at_step_150_mean,eval_soft_score
1,146,0.9984588888888889,-3.260885238170622,0.30666666666666664,0,146,0.4657534246575342,0.0684931506849315,0.02054794520547945,0.1232876712328767,0.00684931506849315,0.5547945205479452,0.3835616438356164,0.06164383561643835,6.0,0.00684931506849315,0.05192239858906525,102.18938322067244,0.0029574718302153727,0.6654311617984588,0.9930929029559091,0.0,0.7659574468085106,0.11555555555555555,0.20444444444444446,nan,0.0,0.0,0.0,-471.7,0.0044444444444444444,3.0,250.0,1.0,0.0,0.0,0.0,0.0,0.9960000000000001,0.0,0.0,1.0,0.0,250.0,0.9800000000000001,0.0,74.99999999999964,0.0,0.0,0.2411092147648631,0.0,0.0,0.0044444444444444444,0.0044444444444444444,0.0044444444444444444,-443.98332876539223,0.0044444444444444444,2.7,240.7,0.9,0.1,0.0,0.0,0.0,0.9957630573248408,0.0,0.0,1.0,0.0,240.7,0.9788152866242038,0.0,77.53932157516451,0.0,0.0,0.247009682888193,0.0,0.0,0.0044444444444444444,0.0044444444444444444,0.0044444444444444444,0.009333333333333334
2,294,0.9968966666666667,-2.7818767042160037,0.32,0,148,0.4797297297297297,0.0472972972972973,0.05405405405405406,0.11486486486486487,0.0,0.581081081081081,0.34459459459459457,0.07432432432432433,8.0,0.02702702702702703,0.05310789049919485,100.3702543258667,0.003143915073992523,0.7073808916483177,0.998020991764774,0.0,0.8,0.1288888888888889,0.23555555555555555,nan,0.0,0.0,0.0,nan,nan,nan,nan,nan,nan,nan,nan,nan,nan,nan,nan,nan,nan,nan,nan,nan,nan,nan,nan,nan,nan,nan,nan,nan,nan,nan,nan,nan,nan,nan,nan,nan,nan,nan,nan,nan,nan,nan,nan,nan,nan,nan,nan,nan,nan,nan,nan,nan,nan,nan,nan,nan
3,462,0.9951233333333334,-1.484946065425873,0.36,0,168,0.47619047619047616,0.06547619047619048,0.023809523809523808,0.125,0.0,0.5654761904761905,0.3392857142857143,0.09523809523809523,14.0,0.08928571428571429,0.05350970017636684,100.82805776596041,0.0035263552966661553,0.7934299417498849,0.9800501076253282,0.023809523809523808,0.75,0.09333333333333334,0.2,0.3111111111111111,0.0,0.0,0.0,nan,nan,nan,nan,nan,nan,nan,nan,nan,nan,nan,nan,nan,nan,nan,nan,nan,nan,nan,nan,nan,nan,nan,nan,nan,nan,nan,nan,nan,nan,nan,nan,nan,nan,nan,nan,nan,nan,nan,nan,nan,nan,nan,nan,nan,nan,nan,nan,nan,nan,nan,nan,nan
4,568,0.9940044444444445,-1.2267952573299412,0.28,0,106,0.5849056603773585,0.018867924528301886,0.03773584905660377,0.08490566037735849,0.009433962264150943,0.6415094339622641,0.27358490566037735,0.08490566037735849,5.0,0.0,0.06074074074074075,70.19805006980884,0.00392540184921843,0.8832154160741467,1.0,0.0,0.8928571428571429,0.15555555555555556,0.27111111111111114,nan,0.0,0.0,0.0,nan,nan,nan,nan,nan,nan,nan,nan,nan,nan,nan,nan,nan,nan,nan,nan,nan,nan,nan,nan,nan,nan,nan,nan,nan,nan,nan,nan,nan,nan,nan,nan,nan,nan,nan,nan,nan,nan,nan,nan,nan,nan,nan,nan,nan,nan,nan,nan,nan,nan,nan,nan,nan
5,674,0.9928855555555556,-1.728404918193816,0.24444444444444444,0,106,0.5094339622641509,0.08490566037735849,0.0,0.08490566037735849,0.009433962264150943,0.5943396226415094,0.3490566037735849,0.05660377358490566,12.0,0.0660377358490566,0.059259259259259255,70.35623731613146,0.0034112114171428575,0.767522568857143,1.0,0.0,0.7941176470588235,0.12444444444444444,0.22666666666666666,nan,0.0,0.0,0.0,nan,nan,nan,nan,nan,nan,nan,nan,nan,nan,nan,nan,nan,nan,nan,nan,nan,nan,nan,nan,nan,nan,nan,nan,nan,nan,nan,nan,nan,nan,nan,nan,nan,nan,nan,nan,nan,nan,nan,nan,nan,nan,nan,nan,nan,nan,nan,nan,nan,nan,nan,nan,nan
6,880,0.9907111111111111,-25.68738229513167,0.29777777777777775,0,206,0.32038834951456313,0.06796116504854369,0.17475728155339806,0.14563106796116504,0.0,0.5631067961165048,0.32038834951456313,0.11650485436893204,76.0,0.3737864077669903,0.03884773662551438,120.53697423934898,0.002433554809090068,0.5475498320452653,0.8415515901296732,0.0,0.5166666666666667,0.11555555555555555,0.22666666666666666,0.27555555555555555,0.0,0.0,0.0,nan,nan,nan,nan,nan,nan,nan,nan,nan,nan,nan,nan,nan,nan,nan,nan,nan,nan,nan,nan,nan,nan,nan,nan,nan,nan,nan,nan,nan,nan,nan,nan,nan,nan,nan,nan,nan,nan,nan,nan,nan,nan,nan,nan,nan,nan,nan,nan,nan,nan,nan,nan,nan
7,1053,0.988885,-1.942879019737243,0.3288888888888889,0,173,0.42196531791907516,0.09826589595375723,0.03468208092485549,0.14450867052023122,0.0,0.5549132947976878,0.3872832369942196,0.057803468208092484,16.0,0.10404624277456648,0.04695652173913043,100.18932399749725,0.003238313539799402,0.7286205464548653,0.9805632834671212,0.005780346820809248,0.7115384615384616,0.12,0.20444444444444446,0.28,0.0,0.0,0.0,nan,nan,nan,nan,nan,nan,nan,nan,nan,nan,nan,nan,nan,nan,nan,nan,nan,nan,nan,nan,nan,nan,nan,nan,nan,nan,nan,nan,nan,nan,nan,nan,nan,nan,nan,nan,nan,nan,nan,nan,nan,nan,nan,nan,nan,nan,nan,nan,nan,nan,nan,nan,nan
8,1196,0.9873755555555556,-7.462090840339664,0.22666666666666666,0,143,0.34965034965034963,0.055944055944055944,0.16783216783216784,0.14685314685314685,0.0,0.5734265734265734,0.36363636363636365,0.06293706293706294,17.0,0.1888111888111888,0.03847736625514403,100.65800800323461,0.0022076954097390955,0.49673146719129657,0.9564704632259907,0.0,0.6,0.12,0.18222222222222223,nan,0.0,0.0,0.0,nan,nan,nan,nan,nan,nan,nan,nan,nan,nan,nan,nan,nan,nan,nan,nan,nan,nan,nan,nan,nan,nan,nan,nan,nan,nan,nan,nan,nan,nan,nan,nan,nan,nan,nan,nan,nan,nan,nan,nan,nan,nan,nan,nan,nan,nan,nan,nan,nan,nan,nan,nan,nan
9,1430,0.9849055555555556,-6.393970373392106,0.4177777777777778,0,234,0.3974358974358974,0.07264957264957266,0.08974358974358974,0.1282051282051282,0.0,0.5598290598290598,0.358974358974359,0.0811965811965812,21.0,0.11538461538461539,0.04291358024691358,160.42828927040088,0.0025764367070988496,0.5796982590972412,0.9860042315834863,0.0,0.726027397260274,0.1288888888888889,0.2311111111111111,0.29333333333333333,0.0,0.0,0.0,nan,nan,nan,nan,nan,nan,nan,nan,nan,nan,nan,nan,nan,nan,nan,nan,nan,nan,nan,nan,nan,nan,nan,nan,nan,nan,nan,nan,nan,nan,nan,nan,nan,nan,nan,nan,nan,nan,nan,nan,nan,nan,nan,nan,nan,nan,nan,nan,nan,nan,nan,nan,nan
10,1589,0.9832272222222223,-1.6630260796546923,0.3466666666666667,0,159,0.48427672955974843,0.05660377358490566,0.031446540880503145,0.08176100628930817,0.0,0.5723270440251572,0.32075471698113206,0.1069182389937107,9.0,0.025157232704402517,0.05340388007054674,100.51453409194933,0.003404703860131929,0.7660583685296839,0.9963158085683843,0.0,0.8545454545454545,0.1111111111111111,0.22666666666666666,0.3288888888888889,0.0,0.0,0.0,nan,nan,nan,nan,nan,nan,nan,nan,nan,nan,nan,nan,nan,nan,nan,nan,nan,nan,nan,nan,nan,nan,nan,nan,nan,nan,nan,nan,nan,nan,nan,nan,nan,nan,nan,nan,nan,nan,nan,nan,nan,nan,nan,nan,nan,nan,nan,nan,nan,nan,nan,nan,nan
11,1693,0.9821294444444444,-3.3609176623821293,0.2222222222222222,0,104,0.47115384615384615,0.038461538461538464,0.028846153846153848,0.18269230769230768,0.019230769230769232,0.5384615384615384,0.38461538461538464,0.07692307692307693,13.0,0.07692307692307693,0.04822222222222222,70.35159678459155,0.003095562684164627,0.6965016039370411,0.9915511571496118,0.0,0.8275862068965517,0.1288888888888889,0.21777777777777776,nan,0.0,0.0,0.0,nan,nan,nan,nan,nan,nan,nan,nan,nan,nan,nan,nan,nan,nan,nan,nan,nan,nan,nan,nan,nan,nan,nan,nan,nan,nan,nan,nan,nan,nan,nan,nan,nan,nan,nan,nan,nan,nan,nan,nan,nan,nan,nan,nan,nan,nan,nan,nan,nan,nan,nan,nan,nan
12,1834,0.9806411111111111,-1.0767558369636536,0.3688888888888889,0,141,0.5815602836879432,0.06382978723404255,0.0,0.0851063829787234,0.0,0.6453900709219859,0.3191489361702128,0.03546099290780142,5.0,0.0,0.06574074074074075,100.10243654251089,0.0036407150218533833,0.8191608799170113,0.989301871145835,0.0,0.8648648648648649,0.1111111111111111,0.24444444444444444,nan,0.0,0.0,0.0,nan,nan,nan,nan,nan,nan,nan,nan,nan,nan,nan,nan,nan,nan,nan,nan,nan,nan,nan,nan,nan,nan,nan,nan,nan,nan,nan,nan,nan,nan,nan,nan,nan,nan,nan,nan,nan,nan,nan,nan,nan,nan,nan,nan,nan,nan,nan,nan,nan,nan,nan,nan,nan
13,1965,0.9792583333333333,-11.226188973665241,0.15555555555555556,0,131,0.2595419847328244,0.05343511450381679,0.2366412213740458,0.16793893129770993,0.0,0.549618320610687,0.3816793893129771,0.06870229007633588,36.0,0.29770992366412213,0.025185185185185185,100.62084736824045,0.0015017873041566852,0.33790214343525415,0.897030368243961,0.0,0.6216216216216216,0.1111111111111111,0.15555555555555556,nan,0.0,0.0,0.0,nan,nan,nan,nan,nan,nan,nan,nan,nan,nan,nan,nan,nan,nan,nan,nan,nan,nan,nan,nan,nan,nan,nan,nan,nan,nan,nan,nan,nan,nan,nan,nan,nan,nan,nan,nan,nan,nan,nan,nan,nan,nan,nan,nan,nan,nan,nan,nan,nan,nan,nan,nan,nan
14,2195,0.9768305555555555,-6.1454261779785195,0.39555555555555555,0,230,0.3826086956521739,0.05217391304347826,0.13478260869565217,0.14347826086956522,0.004347826086956522,0.5695652173913044,0.34347826086956523,0.08695652173913043,15.0,0.13478260869565217,0.04444444444444443,140.00405883789045,0.002793569803315313,0.6285532057459454,0.9799517611176578,0.0,0.6666666666666666,0.13777777777777778,0.2222222222222222,0.30666666666666664,0.0,0.0,0.0,nan,nan,nan,nan,nan,nan,nan,nan,nan,nan,nan,nan,nan,nan,nan,nan,nan,nan,nan,nan,nan,nan,nan,nan,nan,nan,nan,nan,nan,nan,nan,nan,nan,nan,nan,nan,nan,nan,nan,nan,nan,nan,nan,nan,nan,nan,nan,nan,nan,nan,nan,nan,nan
15,2325,0.9754583333333333,-3.8963448011875164,0.28444444444444444,0,130,0.4846153846153846,0.03076923076923077,0.1076923076923077,0.07692307692307693,0.007692307692307693,0.6230769230769231,0.2923076923076923,0.08461538461538462,18.0,0.13076923076923078,0.04666666666666667,90.63185524940495,0.0030894214758098353,0.695119832057213,0.983230699663915,0.007692307692307693,0.717948717948718,0.1288888888888889,0.27111111111111114,nan,0.0,0.0,0.0,nan,nan,nan,nan,nan,nan,nan,nan,nan,nan,nan,nan,nan,nan,nan,nan,nan,nan,nan,nan,nan,nan,nan,nan,nan,nan,nan,nan,nan,nan,nan,nan,nan,nan,nan,nan,nan,nan,nan,nan,nan,nan,nan,nan,nan,nan,nan,nan,nan,nan,nan,nan,nan
16,2483,0.9737905555555556,-7.437896587371824,0.31555555555555553,0,158,0.4430379746835443,0.0379746835443038,0.1518987341772152,0.11392405063291139,0.0,0.6329113924050633,0.310126582278481,0.056962025316455694,38.0,0.2088607594936709,0.044444444444444446,100.37996749877904,0.0030993346467749682,0.6973502955243678,0.8960826432216928,0.0,0.775,0.14222222222222222,0.26666666666666666,0.31555555555555553,0.0,0.0,0.0,nan,nan,nan,nan,nan,nan,nan,nan,nan,nan,nan,nan,nan,nan,nan,nan,nan,nan,nan,nan,nan,nan,nan,nan,nan,nan,nan,nan,nan,nan,nan,nan,nan,nan,nan,nan,nan,nan,nan,nan,nan,nan,nan,nan,nan,nan,nan,nan,nan,nan,nan,nan,nan
17,2663,0.9718905555555556,-2.615799098730086,0.36444444444444446,0,180,0.45,0.07222222222222222,0.06111111111111111,0.10555555555555556,0.005555555555555556,0.5833333333333334,0.3333333333333333,0.08333333333333333,10.0,0.07222222222222222,0.045,110.00761046409573,0.003272500861360831,0.7363126938061869,0.9781257313523792,0.0,0.7272727272727273,0.1511111111111111,0.21333333333333335,0.31555555555555553,0.0,0.0,0.0,nan,nan,nan,nan,nan,nan,nan,nan,nan,nan,nan,nan,nan,nan,nan,nan,nan,nan,nan,nan,nan,nan,nan,nan,nan,nan,nan,nan,nan,nan,nan,nan,nan,nan,nan,nan,nan,nan,nan,nan,nan,nan,nan,nan,nan,nan,nan,nan,nan,nan,nan,nan,nan
18,2824,0.9701911111111111,-3.8851938610076937,0.29333333333333333,0,161,0.40372670807453415,0.049689440993788817,0.06832298136645963,0.15527950310559005,0.0,0.5217391304347826,0.422360248447205,0.055900621118012424,12.0,0.09937888198757763,0.0445021645021645,100.70660820007312,0.0028686189918635265,0.6454392731692934,0.9937364213140543,0.0,0.7307692307692307,0.10222222222222223,0.1688888888888889,0.27555555555555555,0.0,0.0,0.0,nan,nan,nan,nan,nan,nan,nan,nan,nan,nan,nan,nan,nan,nan,nan,nan,nan,nan,nan,nan,nan,nan,nan,nan,nan,nan,nan,nan,nan,nan,nan,nan,nan,nan,nan,nan,nan,nan,nan,nan,nan,nan,nan,nan,nan,nan,nan,nan,nan,nan,nan,nan,nan
19,2993,0.9684072222222222,-2.642360157966614,0.3022222222222222,0,169,0.39644970414201186,0.09467455621301775,0.005917159763313609,0.1834319526627219,0.0,0.4970414201183432,0.44970414201183434,0.05325443786982249,17.0,0.14792899408284024,0.04274018379281538,100.0796205520628,0.0029754087409121386,0.6694669667052312,0.9863327481911953,0.005917159763313609,0.6981132075471698,0.12,0.2,0.29777777777777775,0.0,0.0,0.0,nan,nan,nan,nan,nan,nan,nan,nan,nan,nan,nan,nan,nan,nan,nan,nan,nan,nan,nan,nan,nan,nan,nan,nan,nan,nan,nan,nan,nan,nan,nan,nan,nan,nan,nan,nan,nan,nan,nan,nan,nan,nan,nan,nan,nan,nan,nan,nan,nan,nan,nan,nan,nan
20,3243,0.9657683333333333,-8.636218614101418,0.28888888888888886,3,250,0.256,0.104,0.132,0.208,0.0,0.492,0.408,0.1,51.0,0.308,0.02844444444444444,138.58303442001326,0.0020525199612988617,0.4618169912922439,0.9427429025357087,0.008,0.4533333333333333,0.08888888888888889,0.16,0.24,3.9378588795661926,3.9378588795661926,28.04341745376587,-471.7,0.0044444444444444444,3.0,250.0,1.0,0.0,0.0,0.0,0.0,0.9960000000000001,0.0,0.0,1.0,0.0,250.0,0.9800000000000001,0.0,74.99999999999964,0.0,0.0,0.2411092147648631,0.0,0.0,0.0044444444444444444,0.0044444444444444444,0.0044444444444444444,-443.98332876539223,0.0044444444444444444,2.7,240.7,0.9,0.1,0.0,0.0,0.0,0.9957630573248408,0.0,0.0,1.0,0.0,240.7,0.9788152866242038,0.0,77.53932157516451,0.0,0.0,0.247009682888193,0.0,0.0,0.0044444444444444444,0.0044444444444444444,0.0044444444444444444,0.009333333333333334
21,3385,0.9642694444444444,-4.23942198371887,0.28444444444444444,-2,142,0.44366197183098594,0.028169014084507043,0.04929577464788732,0.19014084507042253,0.014084507042253521,0.5211267605633803,0.4225352112676056,0.056338028169014086,10.0,0.07746478873239436,0.04806100217864925,92.97544746398911,0.003011547754136365,0.6775982446806821,0.9813590914749,0.0,0.8780487804878049,0.10222222222222223,0.21777777777777776,nan,3.935300350189209,3.935300350189209,25.3717098236084,nan,nan,nan,nan,nan,nan,nan,nan,nan,nan,nan,nan,nan,nan,nan,nan,nan,nan,nan,nan,nan,nan,nan,nan,nan,nan,nan,nan,nan,nan,nan,nan,nan,nan,nan,nan,nan,nan,nan,nan,nan,nan,nan,nan,nan,nan,nan,nan,nan,nan,nan,nan,nan
22,3547,0.9625594444444444,-12.504755556821829,0.2,0,162,0.2716049382716049,0.06790123456790123,0.2654320987654321,0.1419753086419753,0.0,0.6049382716049383,0.3395061728395062,0.05555555555555555,83.0,0.48148148148148145,0.027936507936507936,100.26433863639808,0.0019503998950686217,0.43883997639043987,0.8113866097740141,0.0,0.45,0.13333333333333333,0.2,0.2,3.935091733932495,3.935091733932495,37.05987358093262,nan,nan,nan,nan,nan,nan,nan,nan,nan,nan,nan,nan,nan,nan,nan,nan,nan,nan,nan,nan,nan,nan,nan,nan,nan,nan,nan,nan,nan,nan,nan,nan,nan,nan,nan,nan,nan,nan,nan,nan,nan,nan,nan,nan,nan,nan,nan,nan,nan,nan,nan,nan,nan
23,3673,0.9612294444444445,-7.054394987106326,0.2311111111111111,0,126,0.40476190476190477,0.047619047619047616,0.1746031746031746,0.1111111111111111,0.0,0.626984126984127,0.3492063492063492,0.023809523809523808,13.0,0.14285714285714285,0.05555555555555556,100.17519035339353,0.002262702629933042,0.5091080917349345,0.9432914067090602,0.0,0.7575757575757576,0.1288888888888889,0.2,nan,3.9313541650772095,3.9313541650772095,46.050036907196045,nan,nan,nan,nan,nan,nan,nan,nan,nan,nan,nan,nan,nan,nan,nan,nan,nan,nan,nan,nan,nan,nan,nan,nan,nan,nan,nan,nan,nan,nan,nan,nan,nan,nan,nan,nan,nan,nan,nan,nan,nan,nan,nan,nan,nan,nan,nan,nan,nan,nan,nan,nan,nan
24,3774,0.9601633333333334,-8.989638219833374,0.16444444444444445,0,101,0.3564356435643564,0.0891089108910891,0.2079207920792079,0.09900990099009901,0.009900990099009901,0.6534653465346535,0.2871287128712871,0.0594059405940594,29.0,0.24752475247524752,0.032,90.32036399841301,0.0017714720459143776,0.39858121033073496,0.897579786532675,0.0,0.6,0.13333333333333333,0.16444444444444445,nan,3.928604483604431,3.928604483604431,30.29262351989746,nan,nan,nan,nan,nan,nan,nan,nan,nan,nan,nan,nan,nan,nan,nan,nan,nan,nan,nan,nan,nan,nan,nan,nan,nan,nan,nan,nan,nan,nan,nan,nan,nan,nan,nan,nan,nan,nan,nan,nan,nan,nan,nan,nan,nan,nan,nan,nan,nan,nan,nan,nan,nan
25,3942,0.95839,-29.815728389024727,0.24888888888888888,0,168,0.3273809523809524,0.03571428571428571,0.4107142857142857,0.05952380952380952,0.0,0.7738095238095238,0.19047619047619047,0.03571428571428571,71.0,0.47619047619047616,0.03738977072310406,120.21646084785425,0.0020333691635941015,0.4575080618086728,0.7487557301980905,0.0,0.4642857142857143,0.15555555555555556,0.15555555555555556,0.20444444444444446,3.924837350845337,3.924837350845337,33.34724998474121,nan,nan,nan,nan,nan,nan,nan,nan,nan,nan,nan,nan,nan,nan,nan,nan,nan,nan,nan,nan,nan,nan,nan,nan,nan,nan,nan,nan,nan,nan,nan,nan,nan,nan,nan,nan,nan,nan,nan,nan,nan,nan,nan,nan,nan,nan,nan,nan,nan,nan,nan,nan,nan
26,4063,0.9571127777777778,-15.039009848117827,0.2311111111111111,-2,121,0.4214876033057851,0.04132231404958678,0.4049586776859504,0.024793388429752067,0.008264462809917356,0.8677685950413223,0.11570247933884298,0.01652892561983471,48.0,0.35537190082644626,0.04634920634920635,95.83818902969342,0.0023650975562198783,0.5321469501494727,0.7857272242829371,0.0,0.7692307692307693,0.16,0.20444444444444446,nan,3.920821249485016,3.920821249485016,23.790644645690918,nan,nan,nan,nan,nan,nan,nan,nan,nan,nan,nan,nan,nan,nan,nan,nan,nan,nan,nan,nan,nan,nan,nan,nan,nan,nan,nan,nan,nan,nan,nan,nan,nan,nan,nan,nan,nan,nan,nan,nan,nan,nan,nan,nan,nan,nan,nan,nan,nan,nan,nan,nan,nan
27,4142,0.9562788888888889,-8.773029765605926,0.16,0,79,0.4430379746835443,0.0,0.4936708860759494,0.0,0.02531645569620253,0.9367088607594937,0.05063291139240506,0.012658227848101266,26.0,0.3670886075949367,0.06222222222222223,66.562188243866,0.0023369958178905076,0.5258240590253642,0.7218309244150669,0.0,0.6,0.1288888888888889,nan,nan,3.9070186614990234,3.9070186614990234,28.186317920684814,nan,nan,nan,nan,nan,nan,nan,nan,nan,nan,nan,nan,nan,nan,nan,nan,nan,nan,nan,nan,nan,nan,nan,nan,nan,nan,nan,nan,nan,nan,nan,nan,nan,nan,nan,nan,nan,nan,nan,nan,nan,nan,nan,nan,nan,nan,nan,nan,nan,nan,nan,nan,nan
28,4230,0.95535,-41.03000000000001,0.035555555555555556,0,88,0.07954545454545454,0.0,0.9204545454545454,0.0,0.011363636363636364,1.0,0.0,0.0,81.0,0.8636363636363636,0.0077777777777777776,70.39999999999988,0.00044191919191919265,0.09943181818181836,0.29507758377814647,0.0,0.0,0.035555555555555556,nan,nan,3.8403274416923523,3.8403274416923523,39.658122062683105,nan,nan,nan,nan,nan,nan,nan,nan,nan,nan,nan,nan,nan,nan,nan,nan,nan,nan,nan,nan,nan,nan,nan,nan,nan,nan,nan,nan,nan,nan,nan,nan,nan,nan,nan,nan,nan,nan,nan,nan,nan,nan,nan,nan,nan,nan,nan,nan,nan,nan,nan,nan,nan
29,4317,0.9544316666666667,-43.46677463245392,0.035555555555555556,0,87,0.08045977011494253,0.0,0.9195402298850575,0.0,0.0,1.0,0.0,0.0,80.0,0.8620689655172413,0.0077777777777777776,100.90261554718018,0.0003083280938001467,0.06937382110503301,0.29230976940519604,0.0,0.0,0.035555555555555556,nan,nan,3.811713933944702,3.811713933944702,42.684359550476074,nan,nan,nan,nan,nan,nan,nan,nan,nan,nan,nan,nan,nan,nan,nan,nan,nan,nan,nan,nan,nan,nan,nan,nan,nan,nan,nan,nan,nan,nan,nan,nan,nan,nan,nan,nan,nan,nan,nan,nan,nan,nan,nan,nan,nan,nan,nan,nan,nan,nan,nan,nan,nan
30,4443,0.9531016666666666,-81.88,0.035555555555555556,0,126,0.05555555555555555,0.0,0.9444444444444444,0.0,0.0,1.0,0.0,0.0,119.0,0.9047619047619048,0.005185185185185185,100.79999999999977,0.0003086419753086427,0.0694444444444446,0.23910075558707725,0.0,0.0,0.035555555555555556,0.035555555555555556,nan,3.8254806995391846,3.8254806995391846,47.89837455749512,nan,nan,nan,nan,nan,nan,nan,nan,nan,nan,nan,nan,nan,nan,nan,nan,nan,nan,nan,nan,nan,nan,nan,nan,nan,nan,nan,nan,nan,nan,nan,nan,nan,nan,nan,nan,nan,nan,nan,nan,nan,nan,nan,nan,nan,nan,nan,nan,nan,nan,nan,nan,nan
31,4568,0.9517822222222222,-80.62133670282365,0.035555555555555556,0,125,0.056,0.0,0.944,0.0,0.0,1.0,0.0,0.0,118.0,0.904,0.006222222222222222,100.01273050308205,0.000311071510142925,0.06999108978215812,0.23454643668207503,0.0,0.0,0.035555555555555556,0.035555555555555556,nan,3.8238592743873596,3.8238592743873596,45.289194107055664,nan,nan,nan,nan,nan,nan,nan,nan,nan,nan,nan,nan,nan,nan,nan,nan,nan,nan,nan,nan,nan,nan,nan,nan,nan,nan,nan,nan,nan,nan,nan,nan,nan,nan,nan,nan,nan,nan,nan,nan,nan,nan,nan,nan,nan,nan,nan,nan,nan,nan,nan,nan,nan
32,4662,0.95079,-49.21211465024948,0.035555555555555556,0,94,0.07446808510638298,0.0,0.925531914893617,0.0,0.0,1.0,0.0,0.0,87.0,0.8723404255319149,0.0077777777777777776,100.83918714523301,0.0003085220338627237,0.06941745761911283,0.2864303044952295,0.0,0.0,0.035555555555555556,nan,nan,3.8642210364341736,3.8642210364341736,32.438148498535156,nan,nan,nan,nan,nan,nan,nan,nan,nan,nan,nan,nan,nan,nan,nan,nan,nan,nan,nan,nan,nan,nan,nan,nan,nan,nan,nan,nan,nan,nan,nan,nan,nan,nan,nan,nan,nan,nan,nan,nan,nan,nan,nan,nan,nan,nan,nan,nan,nan,nan,nan,nan,nan
33,4787,0.9494705555555556,-80.68490929937364,0.035555555555555556,0,125,0.056,0.0,0.944,0.0,0.0,1.0,0.0,0.0,118.0,0.904,0.006222222222222222,100.61818380355813,0.0003091996887148239,0.06956992996083539,0.22139013176978561,0.0,0.0,0.035555555555555556,0.035555555555555556,nan,3.7481642365455627,3.7481642365455627,46.94713306427002,nan,nan,nan,nan,nan,nan,nan,nan,nan,nan,nan,nan,nan,nan,nan,nan,nan,nan,nan,nan,nan,nan,nan,nan,nan,nan,nan,nan,nan,nan,nan,nan,nan,nan,nan,nan,nan,nan,nan,nan,nan,nan,nan,nan,nan,nan,nan,nan,nan,nan,nan,nan,nan
34,4888,0.9484044444444445,-53.38000000000001,0.035555555555555556,0,101,0.06930693069306931,0.0,0.9306930693069307,0.0,0.009900990099009901,1.0,0.0,0.0,94.0,0.8811881188118812,0.006222222222222222,80.79999999999984,0.00038503850385038577,0.08663366336633681,0.3007170026786185,0.0,0.0,0.035555555555555556,0.035555555555555556,nan,3.7781991958618164,3.7781991958618164,44.207027435302734,nan,nan,nan,nan,nan,nan,nan,nan,nan,nan,nan,nan,nan,nan,nan,nan,nan,nan,nan,nan,nan,nan,nan,nan,nan,nan,nan,nan,nan,nan,nan,nan,nan,nan,nan,nan,nan,nan,nan,nan,nan,nan,nan,nan,nan,nan,nan,nan,nan,nan,nan,nan,nan
35,4969,0.9475494444444444,-38.789173585891724,0.035555555555555556,0,81,0.08641975308641975,0.0,0.9135802469135802,0.0,0.0,1.0,0.0,0.0,74.0,0.8518518518518519,0.0077777777777777776,100.12546272277821,0.0003107212717433308,0.06991228614224944,0.314212524376609,0.0,0.0,0.035555555555555556,nan,nan,3.7273148894309998,3.7273148894309998,55.628360748291016,nan,nan,nan,nan,nan,nan,nan,nan,nan,nan,nan,nan,nan,nan,nan,nan,nan,nan,nan,nan,nan,nan,nan,nan,nan,nan,nan,nan,nan,nan,nan,nan,nan,nan,nan,nan,nan,nan,nan,nan,nan,nan,nan,nan,nan,nan,nan,nan,nan,nan,nan,nan,nan
36,5095,0.9462194444444445,-81.88,0.035555555555555556,0,126,0.05555555555555555,0.0,0.9444444444444444,0.0,0.0,1.0,0.0,0.0,119.0,0.9047619047619048,0.005185185185185185,100.79999999999977,0.0003086419753086427,0.0694444444444446,0.23910075558707725,0.0,0.0,0.035555555555555556,0.035555555555555556,nan,3.7725908756256104,3.7725908756256104,55.02502632141113,nan,nan,nan,nan,nan,nan,nan,nan,nan,nan,nan,nan,nan,nan,nan,nan,nan,nan,nan,nan,nan,nan,nan,nan,nan,nan,nan,nan,nan,nan,nan,nan,nan,nan,nan,nan,nan,nan,nan,nan,nan,nan,nan,nan,nan,nan,nan,nan,nan,nan,nan,nan,nan
37,5220,0.9449,-80.66964809226991,0.035555555555555556,0,125,0.056,0.0,0.944,0.0,0.0,1.0,0.0,0.0,118.0,0.904,0.006222222222222222,100.4728389739988,0.0003096469795101769,0.0696705703897898,0.24027078027906562,0.0,0.0,0.035555555555555556,0.035555555555555556,nan,3.808236539363861,3.808236539363861,54.24246311187744,nan,nan,nan,nan,nan,nan,nan,nan,nan,nan,nan,nan,nan,nan,nan,nan,nan,nan,nan,nan,nan,nan,nan,nan,nan,nan,nan,nan,nan,nan,nan,nan,nan,nan,nan,nan,nan,nan,nan,nan,nan,nan,nan,nan,nan,nan,nan,nan,nan,nan,nan,nan,nan
38,5345,0.9435805555555555,-80.627478181839,0.035555555555555556,0,125,0.056,0.0,0.944,0.0,0.0,1.0,0.0,0.0,118.0,0.904,0.006222222222222222,100.07122077941872,0.0003108896930485894,0.06995018093593262,0.23454643668207503,0.0,0.0,0.035555555555555556,0.035555555555555556,nan,3.7902429699897766,3.7902429699897766,50.93158721923828,nan,nan,nan,nan,nan,nan,nan,nan,nan,nan,nan,nan,nan,nan,nan,nan,nan,nan,nan,nan,nan,nan,nan,nan,nan,nan,nan,nan,nan,nan,nan,nan,nan,nan,nan,nan,nan,nan,nan,nan,nan,nan,nan,nan,nan,nan,nan,nan,nan,nan,nan,nan,nan
39,5475,0.9422083333333333,-2.906098596811293,0.32,0,130,0.5461538461538461,0.09230769230769231,0.1,0.046153846153846156,0.0,0.7384615384615385,0.26153846153846155,0.0,18.0,0.1,0.0525925925925926,100.10570092201223,0.0031522236261188608,0.7092503158767436,0.9702880618447074,0.0,0.6296296296296297,0.16444444444444445,0.29777777777777775,nan,3.8473541736602783,3.8473541736602783,38.7134895324707,nan,nan,nan,nan,nan,nan,nan,nan,nan,nan,nan,nan,nan,nan,nan,nan,nan,nan,nan,nan,nan,nan,nan,nan,nan,nan,nan,nan,nan,nan,nan,nan,nan,nan,nan,nan,nan,nan,nan,nan,nan,nan,nan,nan,nan,nan,nan,nan,nan,nan,nan,nan,nan
40,5654,0.9403188888888889,-7.814952590227127,0.21777777777777776,0,179,0.2681564245810056,0.09497206703910614,0.12290502793296089,0.24022346368715083,0.00558659217877095,0.4860335195530726,0.5139664804469274,0.0,31.0,0.329608938547486,0.03541666666666665,107.67573895454393,0.0019812572024548026,0.4457828705523306,0.9789149069846077,0.0,0.5102040816326531,0.10666666666666667,0.14666666666666667,0.16,3.6812445521354675,3.6812445521354675,60.09266901016235,-65.81592469451428,0.035555555555555556,0.0,108.4,0.0,1.0,0.07063109452736319,0.0,0.9293689054726368,0.0,0.0032782515991471215,1.0,0.0,0.0,101.4,0.8789181236673775,0.006585185185185184,95.77642566204055,0.0003293825679460758,0.07411107778786705,0.26902344404617884,0.0,0.0,0.035555555555555556,0.035555555555555556,nan,-59.75608350169658,0.035555555555555556,0.0,103.3,0.0,1.0,0.07287276477297491,0.0,0.927127235227025,0.0,0.00418579179296467,1.0,0.0,0.0,96.3,0.8750752603891858,0.006844444444444445,91.68841430187219,0.00034825944822670354,0.07835837585100829,0.27268119833945004,0.0,0.0,0.035555555555555556,0.035555555555555556,nan,0.05511111111111111
41,5785,0.9389361111111111,-3.0663963823318534,0.3244444444444444,0,131,0.549618320610687,0.10687022900763359,0.16030534351145037,0.007633587786259542,0.0,0.816793893129771,0.183206106870229,0.0,13.0,0.16030534351145037,0.06271604938271604,100.24187030792223,0.0031922788253753286,0.718262735709449,0.937103012513568,0.0,0.7272727272727273,0.08888888888888889,0.22666666666666666,nan,3.6052189469337463,3.6052189469337463,36.57565879821777,nan,nan,nan,nan,nan,nan,nan,nan,nan,nan,nan,nan,nan,nan,nan,nan,nan,nan,nan,nan,nan,nan,nan,nan,nan,nan,nan,nan,nan,nan,nan,nan,nan,nan,nan,nan,nan,nan,nan,nan,nan,nan,nan,nan,nan,nan,nan,nan,nan,nan,nan,nan,nan
42,5912,0.9375955555555555,-36.3641439728737,0.1288888888888889,0,127,0.2204724409448819,0.0,0.7637795275590551,0.0,0.0,0.984251968503937,0.015748031496062992,0.0,72.0,0.6614173228346457,0.02074074074074074,100.78232355117775,0.0012347844350031377,0.277826497875706,0.4204270792680905,0.0,1.0,0.10666666666666667,0.1288888888888889,nan,3.579175591468811,3.579175591468811,33.06939172744751,nan,nan,nan,nan,nan,nan,nan,nan,nan,nan,nan,nan,nan,nan,nan,nan,nan,nan,nan,nan,nan,nan,nan,nan,nan,nan,nan,nan,nan,nan,nan,nan,nan,nan,nan,nan,nan,nan,nan,nan,nan,nan,nan,nan,nan,nan,nan,nan,nan,nan,nan,nan,nan
43,6035,0.9362972222222222,-78.35859656047822,0.035555555555555556,0,123,0.056910569105691054,0.0,0.943089430894309,0.0,0.0,1.0,0.0,0.0,116.0,0.9024390243902439,0.006222222222222222,100.57711009979226,0.0003093259597560794,0.06959834094511787,0.24027679068363864,0.0,0.0,0.035555555555555556,0.035555555555555556,nan,3.5929133892059326,3.5929133892059326,42.182167530059814,nan,nan,nan,nan,nan,nan,nan,nan,nan,nan,nan,nan,nan,nan,nan,nan,nan,nan,nan,nan,nan,nan,nan,nan,nan,nan,nan,nan,nan,nan,nan,nan,nan,nan,nan,nan,nan,nan,nan,nan,nan,nan,nan,nan,nan,nan,nan,nan,nan,nan,nan,nan,nan
44,6161,0.9349672222222222,-81.88,0.035555555555555556,0,126,0.05555555555555555,0.0,0.9444444444444444,0.0,0.0,1.0,0.0,0.0,119.0,0.9047619047619048,0.005185185185185185,100.79999999999977,0.0003086419753086427,0.0694444444444446,0.22036995349453756,0.0,0.0,0.035555555555555556,0.035555555555555556,nan,3.479473114013672,3.479473114013672,55.0463342666626,nan,nan,nan,nan,nan,nan,nan,nan,nan,nan,nan,nan,nan,nan,nan,nan,nan,nan,nan,nan,nan,nan,nan,nan,nan,nan,nan,nan,nan,nan,nan,nan,nan,nan,nan,nan,nan,nan,nan,nan,nan,nan,nan,nan,nan,nan,nan,nan,nan,nan,nan,nan,nan
45,6272,0.9337955555555556,-58.392363658905055,0.057777777777777775,0,111,0.10810810810810811,0.0,0.8828828828828829,0.0,0.009009009009009009,0.990990990990991,0.009009009009009009,0.0,99.0,0.8468468468468469,0.016323232323232323,89.48917770385724,0.0005959752307684296,0.1340944269228967,0.2925315966005929,0.0,1.0,0.035555555555555556,0.035555555555555556,nan,3.6302437782287598,3.6302437782287598,43.665597915649414,nan,nan,nan,nan,nan,nan,nan,nan,nan,nan,nan,nan,nan,nan,nan,nan,nan,nan,nan,nan,nan,nan,nan,nan,nan,nan,nan,nan,nan,nan,nan,nan,nan,nan,nan,nan,nan,nan,nan,nan,nan,nan,nan,nan,nan,nan,nan,nan,nan,nan,nan,nan,nan
46,6419,0.9322438888888889,-22.44266794776917,0.20444444444444446,0,147,0.30612244897959184,0.034013605442176874,0.6190476190476191,0.0,0.0,0.9591836734693877,0.04081632653061224,0.0,49.0,0.5374149659863946,0.03333333333333333,120.1015995025632,0.0016652567561827652,0.37468277014112217,0.6036286161818956,0.0,0.8333333333333334,0.12444444444444444,0.2,nan,3.6190884113311768,3.6190884113311768,33.98856830596924,nan,nan,nan,nan,nan,nan,nan,nan,nan,nan,nan,nan,nan,nan,nan,nan,nan,nan,nan,nan,nan,nan,nan,nan,nan,nan,nan,nan,nan,nan,nan,nan,nan,nan,nan,nan,nan,nan,nan,nan,nan,nan,nan,nan,nan,nan,nan,nan,nan,nan,nan,nan,nan
47,6602,0.9303122222222222,-4.6762646775245695,0.32,0,183,0.3879781420765027,0.12568306010928962,0.09836065573770492,0.13114754098360656,0.0,0.6120218579234973,0.3879781420765027,0.0,28.0,0.2677595628415301,0.03944444444444445,120.0310921669003,0.0026289484654258024,0.5915134047208055,0.9848863634900656,0.0,0.5217391304347826,0.15555555555555556,0.2311111111111111,0.29333333333333333,3.630078375339508,3.630078375339508,25.925891876220703,nan,nan,nan,nan,nan,nan,nan,nan,nan,nan,nan,nan,nan,nan,nan,nan,nan,nan,nan,nan,nan,nan,nan,nan,nan,nan,nan,nan,nan,nan,nan,nan,nan,nan,nan,nan,nan,nan,nan,nan,nan,nan,nan,nan,nan,nan,nan,nan,nan,nan,nan,nan,nan
48,6748,0.9287711111111111,-1.734736912965774,0.38666666666666666,0,146,0.589041095890411,0.07534246575342465,0.02054794520547945,0.08904109589041095,0.0,0.684931506849315,0.3150684931506849,0.0,8.0,0.0273972602739726,0.06567901234567901,110.03558964729291,0.0034736236107553377,0.781565312419951,0.9697579564062461,0.0,0.7878787878787878,0.1511111111111111,0.26666666666666666,nan,3.532445013523102,3.532445013523102,34.42918682098389,nan,nan,nan,nan,nan,nan,nan,nan,nan,nan,nan,nan,nan,nan,nan,nan,nan,nan,nan,nan,nan,nan,nan,nan,nan,nan,nan,nan,nan,nan,nan,nan,nan,nan,nan,nan,nan,nan,nan,nan,nan,nan,nan,nan,nan,nan,nan,nan,nan,nan,nan,nan,nan
49,6853,0.9276627777777777,-5.692500000000004,0.24444444444444444,0,105,0.5142857142857142,0.06666666666666667,0.3523809523809524,0.0,0.009523809523809525,0.9333333333333333,0.06666666666666667,0.0,20.0,0.20952380952380953,0.06222222222222222,80.49999999999984,0.002981366459627335,0.6708074534161503,0.8282632292987689,0.0,1.0,0.14222222222222222,0.22666666666666666,nan,3.5925312638282776,3.5925312638282776,29.647328853607178,nan,nan,nan,nan,nan,nan,nan,nan,nan,nan,nan,nan,nan,nan,nan,nan,nan,nan,nan,nan,nan,nan,nan,nan,nan,nan,nan,nan,nan,nan,nan,nan,nan,nan,nan,nan,nan,nan,nan,nan,nan,nan,nan,nan,nan,nan,nan,nan,nan,nan,nan,nan,nan
50,6978,0.9263433333333333,-80.65654446125032,0.035555555555555556,0,125,0.056,0.0,0.944,0.0,0.0,1.0,0.0,0.0,118.0,0.904,0.006222222222222222,100.34804248809793,0.0003100320677884786,0.06975721525240769,0.23454643668207503,0.0,0.0,0.035555555555555556,0.035555555555555556,nan,3.4949585795402527,3.4949585795402527,44.14631652832031,nan,nan,nan,nan,nan,nan,nan,nan,nan,nan,nan,nan,nan,nan,nan,nan,nan,nan,nan,nan,nan,nan,nan,nan,nan,nan,nan,nan,nan,nan,nan,nan,nan,nan,nan,nan,nan,nan,nan,nan,nan,nan,nan,nan,nan,nan,nan,nan,nan,nan,nan,nan,nan
51,7104,0.9250133333333334,-81.88,0.035555555555555556,0,126,0.05555555555555555,0.0,0.9444444444444444,0.0,0.0,1.0,0.0,0.0,119.0,0.9047619047619048,0.005185185185185185,100.79999999999977,0.0003086419753086427,0.0694444444444446,0.22036995349453756,0.0,0.0,0.035555555555555556,0.035555555555555556,nan,3.5128477811813354,3.5128477811813354,47.40220928192139,nan,nan,nan,nan,nan,nan,nan,nan,nan,nan,nan,nan,nan,nan,nan,nan,nan,nan,nan,nan,nan,nan,nan,nan,nan,nan,nan,nan,nan,nan,nan,nan,nan,nan,nan,nan,nan,nan,nan,nan,nan,nan,nan,nan,nan,nan,nan,nan,nan,nan,nan,nan,nan
52,7188,0.9241266666666667,-40.25480389213562,0.035555555555555556,0,84,0.08333333333333333,0.0,0.9047619047619048,0.0,0.0,0.9880952380952381,0.011904761904761904,0.0,76.0,0.8452380952380952,0.0077777777777777776,100.10289421081532,0.00031079132483014465,0.06992804808678255,0.3176917470464192,0.0,1.0,0.035555555555555556,nan,nan,3.495404839515686,3.495404839515686,49.65792274475098,nan,nan,nan,nan,nan,nan,nan,nan,nan,nan,nan,nan,nan,nan,nan,nan,nan,nan,nan,nan,nan,nan,nan,nan,nan,nan,nan,nan,nan,nan,nan,nan,nan,nan,nan,nan,nan,nan,nan,nan,nan,nan,nan,nan,nan,nan,nan,nan,nan,nan,nan,nan,nan
53,7273,0.9232294444444444,-38.70251505422593,0.035555555555555556,0,85,0.08235294117647059,0.0,0.9176470588235294,0.0,0.011764705882352941,1.0,0.0,0.0,78.0,0.8588235294117647,0.0077777777777777776,70.69061956405628,0.0004401023969371182,0.0990230393108516,0.3014697791255001,0.0,0.0,0.035555555555555556,nan,nan,3.469153583049774,3.469153583049774,49.33486843109131,nan,nan,nan,nan,nan,nan,nan,nan,nan,nan,nan,nan,nan,nan,nan,nan,nan,nan,nan,nan,nan,nan,nan,nan,nan,nan,nan,nan,nan,nan,nan,nan,nan,nan,nan,nan,nan,nan,nan,nan,nan,nan,nan,nan,nan,nan,nan,nan,nan,nan,nan,nan,nan
54,7380,0.9221,-61.245578117847444,0.035555555555555556,0,107,0.06542056074766354,0.0,0.9345794392523364,0.0,0.0,1.0,0.0,0.0,100.0,0.8878504672897196,0.006222222222222222,100.79598207473755,0.00030865427838227763,0.06944721263601247,0.26437462419442054,0.0,0.0,0.035555555555555556,0.035555555555555556,nan,3.5188817381858826,3.5188817381858826,42.03999137878418,nan,nan,nan,nan,nan,nan,nan,nan,nan,nan,nan,nan,nan,nan,nan,nan,nan,nan,nan,nan,nan,nan,nan,nan,nan,nan,nan,nan,nan,nan,nan,nan,nan,nan,nan,nan,nan,nan,nan,nan,nan,nan,nan,nan,nan,nan,nan,nan,nan,nan,nan,nan,nan
55,7506,0.92077,-81.88,0.035555555555555556,0,126,0.05555555555555555,0.0,0.9444444444444444,0.0,0.0,1.0,0.0,0.0,119.0,0.9047619047619048,0.005185185185185185,100.79999999999977,0.0003086419753086427,0.0694444444444446,0.23677620623141493,0.0,0.0,0.035555555555555556,0.035555555555555556,nan,3.4360072016716003,3.4360072016716003,48.479337215423584,nan,nan,nan,nan,nan,nan,nan,nan,nan,nan,nan,nan,nan,nan,nan,nan,nan,nan,nan,nan,nan,nan,nan,nan,nan,nan,nan,nan,nan,nan,nan,nan,nan,nan,nan,nan,nan,nan,nan,nan,nan,nan,nan,nan,nan,nan,nan,nan,nan,nan,nan,nan,nan
56,7601,0.9197672222222222,-50.05893511915208,0.035555555555555556,0,95,0.07368421052631578,0.0,0.9263157894736842,0.0,0.0,1.0,0.0,0.0,88.0,0.8736842105263158,0.0077777777777777776,100.65652494430542,0.00030908191126531836,0.06954343003469664,0.2770249568614429,0.0,0.0,0.035555555555555556,nan,nan,3.4910548329353333,3.4910548329353333,44.85950946807861,nan,nan,nan,nan,nan,nan,nan,nan,nan,nan,nan,nan,nan,nan,nan,nan,nan,nan,nan,nan,nan,nan,nan,nan,nan,nan,nan,nan,nan,nan,nan,nan,nan,nan,nan,nan,nan,nan,nan,nan,nan,nan,nan,nan,nan,nan,nan,nan,nan,nan,nan,nan,nan
57,7726,0.9184477777777778,-80.62020616960527,0.035555555555555556,0,125,0.056,0.0,0.944,0.0,0.0,1.0,0.0,0.0,118.0,0.904,0.006222222222222222,100.00196352004983,0.00031110500250201097,0.06999862556295247,0.23054643668207503,0.0,0.0,0.035555555555555556,0.035555555555555556,nan,3.4562267661094666,3.4562267661094666,47.46787166595459,nan,nan,nan,nan,nan,nan,nan,nan,nan,nan,nan,nan,nan,nan,nan,nan,nan,nan,nan,nan,nan,nan,nan,nan,nan,nan,nan,nan,nan,nan,nan,nan,nan,nan,nan,nan,nan,nan,nan,nan,nan,nan,nan,nan,nan,nan,nan,nan,nan,nan,nan,nan,nan
58,7851,0.9171283333333333,-80.64413886189462,0.035555555555555556,0,125,0.056,0.0,0.944,0.0,0.0,1.0,0.0,0.0,118.0,0.904,0.006222222222222222,100.22989392280557,0.0003103975260621554,0.06983944336398495,0.24027078027906562,0.0,0.0,0.035555555555555556,0.035555555555555556,nan,3.478369355201721,3.478369355201721,45.368849754333496,nan,nan,nan,nan,nan,nan,nan,nan,nan,nan,nan,nan,nan,nan,nan,nan,nan,nan,nan,nan,nan,nan,nan,nan,nan,nan,nan,nan,nan,nan,nan,nan,nan,nan,nan,nan,nan,nan,nan,nan,nan,nan,nan,nan,nan,nan,nan,nan,nan,nan,nan,nan,nan
59,7976,0.9158088888888889,-80.63107964611055,0.035555555555555556,0,125,0.056,0.0,0.944,0.0,0.0,1.0,0.0,0.0,118.0,0.904,0.006222222222222222,100.10552043914772,0.0003107831713439118,0.06992621355238016,0.24027078027906562,0.0,0.0,0.035555555555555556,0.035555555555555556,nan,3.3833017349243164,3.3833017349243164,53.069457054138184,nan,nan,nan,nan,nan,nan,nan,nan,nan,nan,nan,nan,nan,nan,nan,nan,nan,nan,nan,nan,nan,nan,nan,nan,nan,nan,nan,nan,nan,nan,nan,nan,nan,nan,nan,nan,nan,nan,nan,nan,nan,nan,nan,nan,nan,nan,nan,nan,nan,nan,nan,nan,nan
60,8102,0.9144788888888888,-81.88,0.035555555555555556,0,126,0.05555555555555555,0.0,0.9444444444444444,0.0,0.0,1.0,0.0,0.0,119.0,0.9047619047619048,0.005185185185185185,100.79999999999977,0.0003086419753086427,0.0694444444444446,0.23677620623141493,0.0,0.0,0.035555555555555556,0.035555555555555556,nan,3.4852972626686096,3.4852972626686096,45.95975208282471,-65.81592469451428,0.035555555555555556,0.0,108.4,0.0,1.0,0.07063109452736319,0.0,0.9293689054726368,0.0,0.0032782515991471215,1.0,0.0,0.0,101.4,0.8789181236673775,0.006585185185185184,95.77642566204055,0.0003293825679460758,0.07411107778786705,0.26902344404617884,0.0,0.0,0.035555555555555556,0.035555555555555556,nan,-59.75608350169658,0.035555555555555556,0.0,103.3,0.0,1.0,0.07287276477297491,0.0,0.927127235227025,0.0,0.00418579179296467,1.0,0.0,0.0,96.3,0.8750752603891858,0.006844444444444445,91.68841430187219,0.00034825944822670354,0.07835837585100829,0.27268119833945004,0.0,0.0,0.035555555555555556,0.035555555555555556,nan,0.05511111111111111
61,8228,0.9131488888888889,-81.88,0.035555555555555556,0,126,0.05555555555555555,0.0,0.9444444444444444,0.0,0.0,1.0,0.0,0.0,119.0,0.9047619047619048,0.005185185185185185,100.79999999999977,0.0003086419753086427,0.0694444444444446,0.23910075558707725,0.0,0.0,0.035555555555555556,0.035555555555555556,nan,3.560914993286133,3.560914993286133,38.06641721725464,nan,nan,nan,nan,nan,nan,nan,nan,nan,nan,nan,nan,nan,nan,nan,nan,nan,nan,nan,nan,nan,nan,nan,nan,nan,nan,nan,nan,nan,nan,nan,nan,nan,nan,nan,nan,nan,nan,nan,nan,nan,nan,nan,nan,nan,nan,nan,nan,nan,nan,nan,nan,nan
62,8342,0.9119455555555556,-37.850104872703554,0.06666666666666667,0,114,0.12280701754385964,0.0,0.868421052631579,0.0,0.0,0.9912280701754386,0.008771929824561403,0.0,66.0,0.7894736842105263,0.012444444444444444,100.7248083114622,0.0006177447568807287,0.13899257029816398,0.38551672256133573,0.0,1.0,0.06666666666666667,0.06666666666666667,nan,3.392013370990753,3.392013370990753,45.60349082946777,nan,nan,nan,nan,nan,nan,nan,nan,nan,nan,nan,nan,nan,nan,nan,nan,nan,nan,nan,nan,nan,nan,nan,nan,nan,nan,nan,nan,nan,nan,nan,nan,nan,nan,nan,nan,nan,nan,nan,nan,nan,nan,nan,nan,nan,nan,nan,nan,nan,nan,nan,nan,nan
63,8468,0.9106155555555555,-81.88,0.035555555555555556,0,126,0.05555555555555555,0.0,0.9444444444444444,0.0,0.0,1.0,0.0,0.0,119.0,0.9047619047619048,0.005185185185185185,100.79999999999977,0.0003086419753086427,0.0694444444444446,0.23342184328847546,0.0,0.0,0.035555555555555556,0.035555555555555556,nan,3.541553318500519,3.541553318500519,35.37078523635864,nan,nan,nan,nan,nan,nan,nan,nan,nan,nan,nan,nan,nan,nan,nan,nan,nan,nan,nan,nan,nan,nan,nan,nan,nan,nan,nan,nan,nan,nan,nan,nan,nan,nan,nan,nan,nan,nan,nan,nan,nan,nan,nan,nan,nan,nan,nan,nan,nan,nan,nan,nan,nan
64,8591,0.9093172222222222,-8.541822586059576,0.28888888888888886,0,123,0.5203252032520326,0.04065040650406504,0.37398373983739835,0.0,0.0,0.9349593495934959,0.06504065040650407,0.0,29.0,0.24390243902439024,0.05797101449275362,100.13164367675765,0.0028407048361523014,0.6391585881342677,0.7855667759341508,0.0,1.0,0.08,0.22666666666666666,nan,3.540739119052887,3.540739119052887,32.91713190078735,nan,nan,nan,nan,nan,nan,nan,nan,nan,nan,nan,nan,nan,nan,nan,nan,nan,nan,nan,nan,nan,nan,nan,nan,nan,nan,nan,nan,nan,nan,nan,nan,nan,nan,nan,nan,nan,nan,nan,nan,nan,nan,nan,nan,nan,nan,nan,nan,nan,nan,nan,nan,nan
65,8712,0.90804,-13.030709450244908,0.2311111111111111,0,121,0.4214876033057851,0.008264462809917356,0.5289256198347108,0.0,0.0,0.9586776859504132,0.04132231404958678,0.0,31.0,0.4049586776859504,0.04533333333333333,100.71151857376084,0.0022506528535825485,0.5063968920560734,0.6848577766013174,0.0,1.0,0.1111111111111111,0.2311111111111111,nan,3.536265730857849,3.536265730857849,30.960679054260254,nan,nan,nan,nan,nan,nan,nan,nan,nan,nan,nan,nan,nan,nan,nan,nan,nan,nan,nan,nan,nan,nan,nan,nan,nan,nan,nan,nan,nan,nan,nan,nan,nan,nan,nan,nan,nan,nan,nan,nan,nan,nan,nan,nan,nan,nan,nan,nan,nan,nan,nan,nan,nan
66,8840,0.9066888888888889,-16.11840755915639,0.2311111111111111,0,128,0.3984375,0.0078125,0.5546875,0.0,0.0,0.9609375,0.0390625,0.0,35.0,0.453125,0.03777777777777778,100.57531008720376,0.0022537008980646985,0.5070827020645572,0.6236490570471959,0.0,1.0,0.06666666666666667,0.15555555555555556,nan,3.569827139377594,3.569827139377594,25.61256694793701,nan,nan,nan,nan,nan,nan,nan,nan,nan,nan,nan,nan,nan,nan,nan,nan,nan,nan,nan,nan,nan,nan,nan,nan,nan,nan,nan,nan,nan,nan,nan,nan,nan,nan,nan,nan,nan,nan,nan,nan,nan,nan,nan,nan,nan,nan,nan,nan,nan,nan,nan,nan,nan
67,8898,0.9060766666666666,-1.8524738237857816,0.2088888888888889,0,58,0.7931034482758621,0.0,0.13793103448275862,0.0,0.034482758620689655,0.9310344827586207,0.06896551724137931,0.0,8.0,0.05172413793103448,0.09333333333333334,50.61403641700742,0.004039283544984108,0.9088387976214242,0.8797512920200731,0.0,1.0,0.17333333333333334,nan,nan,3.532262444496155,3.532262444496155,25.36049175262451,nan,nan,nan,nan,nan,nan,nan,nan,nan,nan,nan,nan,nan,nan,nan,nan,nan,nan,nan,nan,nan,nan,nan,nan,nan,nan,nan,nan,nan,nan,nan,nan,nan,nan,nan,nan,nan,nan,nan,nan,nan,nan,nan,nan,nan,nan,nan,nan,nan,nan,nan,nan,nan
68,9018,0.90481,-11.992289935588836,0.24,0,120,0.44166666666666665,0.041666666666666664,0.39166666666666666,0.0,0.0,0.875,0.125,0.0,38.0,0.30833333333333335,0.05,100.0218089103698,0.0023550419465682574,0.5298844379778579,0.7738615680996896,0.0,0.9333333333333333,0.10222222222222223,0.18222222222222223,nan,3.4083544611930847,3.4083544611930847,39.334200382232666,nan,nan,nan,nan,nan,nan,nan,nan,nan,nan,nan,nan,nan,nan,nan,nan,nan,nan,nan,nan,nan,nan,nan,nan,nan,nan,nan,nan,nan,nan,nan,nan,nan,nan,nan,nan,nan,nan,nan,nan,nan,nan,nan,nan,nan,nan,nan,nan,nan,nan,nan,nan,nan
69,9168,0.9032266666666666,-31.381865541934964,0.19111111111111112,0,150,0.28,0.0,0.7,0.0,0.0,0.98,0.02,0.0,58.0,0.5866666666666667,0.031111111111111114,120.11300516128512,0.0015540920520306252,0.3496707117068907,0.4857246757283141,0.0,1.0,0.1288888888888889,0.1288888888888889,0.19111111111111112,3.5025352835655212,3.5025352835655212,41.14050483703613,nan,nan,nan,nan,nan,nan,nan,nan,nan,nan,nan,nan,nan,nan,nan,nan,nan,nan,nan,nan,nan,nan,nan,nan,nan,nan,nan,nan,nan,nan,nan,nan,nan,nan,nan,nan,nan,nan,nan,nan,nan,nan,nan,nan,nan,nan,nan,nan,nan,nan,nan,nan,nan
70,9332,0.9014955555555556,-23.80222890138626,0.2577777777777778,0,164,0.3475609756097561,0.042682926829268296,0.5609756097560976,0.0,0.0,0.9512195121951219,0.04878048780487805,0.0,57.0,0.4817073170731707,0.03668934240362811,130.64979906082127,0.0019390258167591927,0.4362808087708183,0.6274920436392315,0.0,0.875,0.09777777777777778,0.22666666666666666,0.25333333333333335,3.5170251727104187,3.5170251727104187,39.367682456970215,nan,nan,nan,nan,nan,nan,nan,nan,nan,nan,nan,nan,nan,nan,nan,nan,nan,nan,nan,nan,nan,nan,nan,nan,nan,nan,nan,nan,nan,nan,nan,nan,nan,nan,nan,nan,nan,nan,nan,nan,nan,nan,nan,nan,nan,nan,nan,nan,nan,nan,nan,nan,nan
71,9488,0.8998488888888889,-6.513747809410095,0.37333333333333335,0,156,0.532051282051282,0.07692307692307693,0.26282051282051283,0.0,0.0,0.8717948717948718,0.1282051282051282,0.0,26.0,0.1987179487179487,0.052698412698412696,120.16902675628636,0.003069750158142072,0.6906937855819661,0.8615365899004481,0.0,0.631578947368421,0.1688888888888889,0.28,0.37333333333333335,3.5600796341896057,3.5600796341896057,30.536890983581543,nan,nan,nan,nan,nan,nan,nan,nan,nan,nan,nan,nan,nan,nan,nan,nan,nan,nan,nan,nan,nan,nan,nan,nan,nan,nan,nan,nan,nan,nan,nan,nan,nan,nan,nan,nan,nan,nan,nan,nan,nan,nan,nan,nan,nan,nan,nan,nan,nan,nan,nan,nan,nan
72,9686,0.8977588888888889,-1.3374647898674001,0.4533333333333333,0,198,0.51010101010101,0.1111111111111111,0.0,0.11616161616161616,0.005050505050505051,0.6212121212121212,0.3787878787878788,0.0,16.0,0.11616161616161616,0.05620772946859903,130.28061704635584,0.0034455539056064445,0.77524962876145,0.9758411819297904,0.0,0.6274509803921569,0.16,0.3022222222222222,0.4222222222222222,3.5101630687713623,3.5101630687713623,26.806830406188965,nan,nan,nan,nan,nan,nan,nan,nan,nan,nan,nan,nan,nan,nan,nan,nan,nan,nan,nan,nan,nan,nan,nan,nan,nan,nan,nan,nan,nan,nan,nan,nan,nan,nan,nan,nan,nan,nan,nan,nan,nan,nan,nan,nan,nan,nan,nan,nan,nan,nan,nan,nan,nan
73,9836,0.8961755555555555,-3.9865198040008547,0.26222222222222225,0,150,0.38666666666666666,0.16,0.12666666666666668,0.06666666666666667,0.0,0.6733333333333333,0.32666666666666666,0.0,13.0,0.21333333333333335,0.04296296296296296,100.15733146667462,0.002573728492991532,0.5790889109230946,0.9703444106812339,0.0,0.5526315789473685,0.09777777777777778,0.19555555555555557,0.26222222222222225,3.504182755947113,3.504182755947113,25.558072566986084,nan,nan,nan,nan,nan,nan,nan,nan,nan,nan,nan,nan,nan,nan,nan,nan,nan,nan,nan,nan,nan,nan,nan,nan,nan,nan,nan,nan,nan,nan,nan,nan,nan,nan,nan,nan,nan,nan,nan,nan,nan,nan,nan,nan,nan,nan,nan,nan,nan,nan,nan,nan,nan
74,9960,0.8948666666666667,-23.03670273303985,0.1511111111111111,0,124,0.2661290322580645,0.0,0.7096774193548387,0.0,0.0,0.9758064516129032,0.024193548387096774,0.0,44.0,0.6129032258064516,0.02951851851851852,100.40669269561744,0.0014607260007187587,0.3286633501617207,0.5094044500500885,0.0,1.0,0.06666666666666667,0.1288888888888889,nan,3.5576791167259216,3.5576791167259216,23.553555488586426,nan,nan,nan,nan,nan,nan,nan,nan,nan,nan,nan,nan,nan,nan,nan,nan,nan,nan,nan,nan,nan,nan,nan,nan,nan,nan,nan,nan,nan,nan,nan,nan,nan,nan,nan,nan,nan,nan,nan,nan,nan,nan,nan,nan,nan,nan,nan,nan,nan,nan,nan,nan,nan
75,10040,0.8940222222222223,-38.10156380033494,0.035555555555555556,0,80,0.0875,0.0,0.9125,0.0,0.0,1.0,0.0,0.0,73.0,0.85,0.0077777777777777776,100.49108381271374,0.0003095907609981917,0.06965792122459313,0.3077124169882765,0.0,0.0,0.035555555555555556,nan,nan,3.459652841091156,3.459652841091156,36.491886138916016,nan,nan,nan,nan,nan,nan,nan,nan,nan,nan,nan,nan,nan,nan,nan,nan,nan,nan,nan,nan,nan,nan,nan,nan,nan,nan,nan,nan,nan,nan,nan,nan,nan,nan,nan,nan,nan,nan,nan,nan,nan,nan,nan,nan,nan,nan,nan,nan,nan,nan,nan,nan,nan
76,10151,0.8928505555555556,-65.27327981424331,0.035555555555555556,0,111,0.06306306306306306,0.0,0.9369369369369369,0.0,0.0,1.0,0.0,0.0,104.0,0.8918918918918919,0.006222222222222222,100.64076013565064,0.00030913032720716123,0.06955432362161128,0.2584604283225688,0.0,0.0,0.035555555555555556,0.035555555555555556,nan,3.4769153594970703,3.4769153594970703,32.44155311584473,nan,nan,nan,nan,nan,nan,nan,nan,nan,nan,nan,nan,nan,nan,nan,nan,nan,nan,nan,nan,nan,nan,nan,nan,nan,nan,nan,nan,nan,nan,nan,nan,nan,nan,nan,nan,nan,nan,nan,nan,nan,nan,nan,nan,nan,nan,nan,nan,nan,nan,nan,nan,nan
77,10229,0.8920272222222222,-27.114887234210972,0.06666666666666667,0,78,0.1794871794871795,0.0,0.8076923076923077,0.0,0.01282051282051282,0.9871794871794872,0.01282051282051282,0.0,61.0,0.717948717948718,0.015555555555555555,80.25606889724729,0.0007752961623610795,0.1744416365312429,0.4246308672069573,0.0,1.0,0.06666666666666667,nan,nan,3.472003996372223,3.472003996372223,33.093995094299316,nan,nan,nan,nan,nan,nan,nan,nan,nan,nan,nan,nan,nan,nan,nan,nan,nan,nan,nan,nan,nan,nan,nan,nan,nan,nan,nan,nan,nan,nan,nan,nan,nan,nan,nan,nan,nan,nan,nan,nan,nan,nan,nan,nan,nan,nan,nan,nan,nan,nan,nan,nan,nan
78,10308,0.8911933333333333,-1.4603336279392243,0.2577777777777778,0,79,0.7215189873417721,0.02531645569620253,0.1518987341772152,0.0,0.02531645569620253,0.8987341772151899,0.10126582278481013,0.0,8.0,0.0379746835443038,0.08083333333333334,60.72698693275445,0.004171676319357982,0.9386271718555459,0.9478171500522197,0.0,1.0,0.15555555555555556,nan,nan,3.43910676240921,3.43910676240921,36.15096998214722,nan,nan,nan,nan,nan,nan,nan,nan,nan,nan,nan,nan,nan,nan,nan,nan,nan,nan,nan,nan,nan,nan,nan,nan,nan,nan,nan,nan,nan,nan,nan,nan,nan,nan,nan,nan,nan,nan,nan,nan,nan,nan,nan,nan,nan,nan,nan,nan,nan,nan,nan,nan,nan
79,10516,0.8889977777777778,-12.53363503813743,0.19111111111111112,0,208,0.20192307692307693,0.08173076923076923,0.11057692307692307,0.34615384615384615,0.0,0.3942307692307692,0.6057692307692307,0.0,71.0,0.41346153846153844,0.021790123456790125,110.10128607749904,0.001695408594367137,0.3814669337326058,0.9146691310765591,0.0,0.4528301886792453,0.08888888888888889,0.08888888888888889,0.12444444444444444,3.4442771673202515,3.4442771673202515,36.3409218788147,nan,nan,nan,nan,nan,nan,nan,nan,nan,nan,nan,nan,nan,nan,nan,nan,nan,nan,nan,nan,nan,nan,nan,nan,nan,nan,nan,nan,nan,nan,nan,nan,nan,nan,nan,nan,nan,nan,nan,nan,nan,nan,nan,nan,nan,nan,nan,nan,nan,nan,nan,nan,nan
80,10766,0.8863588888888889,-12.625595499992372,0.2311111111111111,3,250,0.204,0.1,0.18,0.248,0.0,0.484,0.516,0.0,84.0,0.46,0.022666666666666665,135.62471904754608,0.0016712784237156938,0.3760376453360311,0.926772021167117,0.0,0.3484848484848485,0.08444444444444445,0.17333333333333334,0.21777777777777776,3.268281936645508,3.268281936645508,52.602192878723145,-334.07427180383206,0.035555555555555556,1.6,206.8,0.7,0.3,0.039881590958487284,0.0,0.013697370136926757,0.9407236687676592,0.002097370136926755,0.05357896109541403,0.9464210389045858,0.0,199.8,0.9316315583568789,0.0042,81.32830289363834,0.00038506555803857507,0.08663975055867941,0.31932312695735215,0.0,0.0,0.035555555555555556,0.035555555555555556,0.035555555555555556,-319.47902986309526,0.035555555555555556,1.0,204.9,0.5,0.5,0.0387239474534996,0.0,0.01652427936686371,0.9392197806862796,0.002200077599740065,0.05524822682036331,0.9447517731796367,0.0,197.9,0.933616090079715,0.004079012345679012,81.32504631519299,0.00038832166516392845,0.08737237466188391,0.3173712330180936,0.0,0.0,0.035555555555555556,0.035555555555555556,0.035555555555555556,0.07466666666666667
81,10971,0.8841950000000001,-4.630086857318877,0.3688888888888889,0,205,0.4,0.14634146341463414,0.1024390243902439,0.0975609756097561,0.0,0.6487804878048781,0.35121951219512193,0.0,33.0,0.21951219512195122,0.04246913580246912,130.47701768875092,0.002793169639375234,0.6284631688594277,0.963429621220092,0.0,0.5384615384615384,0.13777777777777778,0.28,0.3511111111111111,3.1162864565849304,3.1162864565849304,23.06871223449707,nan,nan,nan,nan,nan,nan,nan,nan,nan,nan,nan,nan,nan,nan,nan,nan,nan,nan,nan,nan,nan,nan,nan,nan,nan,nan,nan,nan,nan,nan,nan,nan,nan,nan,nan,nan,nan,nan,nan,nan,nan,nan,nan,nan,nan,nan,nan,nan,nan,nan,nan,nan,nan
82,11130,0.8825166666666666,-14.66027318143843,0.3288888888888889,0,159,0.4591194968553459,0.025157232704402517,0.4276729559748428,0.0,0.006289308176100629,0.9119496855345912,0.0880503144654088,0.0,45.0,0.32075471698113206,0.05199294532627867,120.2502207756039,0.0026980777444881583,0.6070674925098356,0.769076286258073,0.0,0.9230769230769231,0.15555555555555556,0.2222222222222222,0.30666666666666664,3.183032989501953,3.183032989501953,27.03935956954956,nan,nan,nan,nan,nan,nan,nan,nan,nan,nan,nan,nan,nan,nan,nan,nan,nan,nan,nan,nan,nan,nan,nan,nan,nan,nan,nan,nan,nan,nan,nan,nan,nan,nan,nan,nan,nan,nan,nan,nan,nan,nan,nan,nan,nan,nan,nan,nan,nan,nan,nan,nan,nan
83,11298,0.8807433333333333,-7.440938781976709,0.4177777777777778,0,168,0.5535714285714286,0.05357142857142857,0.30357142857142855,0.0,0.0,0.9107142857142857,0.08928571428571429,0.0,18.0,0.17857142857142858,0.06077601410934745,140.59941697120664,0.0029397940776523983,0.6614536674717896,0.8229116021806526,0.0,0.9333333333333333,0.1288888888888889,0.24888888888888888,0.38666666666666666,3.098373591899872,3.098373591899872,27.120912075042725,nan,nan,nan,nan,nan,nan,nan,nan,nan,nan,nan,nan,nan,nan,nan,nan,nan,nan,nan,nan,nan,nan,nan,nan,nan,nan,nan,nan,nan,nan,nan,nan,nan,nan,nan,nan,nan,nan,nan,nan,nan,nan,nan,nan,nan,nan,nan,nan,nan,nan,nan,nan,nan
84,11427,0.8793816666666667,-3.79923293209076,0.36,0,129,0.6201550387596899,0.03875968992248062,0.24806201550387597,0.0,0.0,0.9069767441860465,0.09302325581395349,0.0,20.0,0.13953488372093023,0.07481481481481482,100.81174221038803,0.0035269260084160887,0.7935583518936199,0.8550706294047922,0.0,0.8333333333333334,0.16,0.32,nan,3.1312280893325806,3.1312280893325806,18.674928188323975,nan,nan,nan,nan,nan,nan,nan,nan,nan,nan,nan,nan,nan,nan,nan,nan,nan,nan,nan,nan,nan,nan,nan,nan,nan,nan,nan,nan,nan,nan,nan,nan,nan,nan,nan,nan,nan,nan,nan,nan,nan,nan,nan,nan,nan,nan,nan,nan,nan,nan,nan,nan,nan
85,11532,0.8782733333333334,-3.326092853069304,0.28444444444444444,0,105,0.6,0.0761904761904762,0.11428571428571428,0.0380952380952381,0.009523809523809525,0.7904761904761904,0.20952380952380953,0.0,10.0,0.047619047619047616,0.05955555555555553,90.0580271720885,0.0031091065260063773,0.6995489683514349,0.9639504600857292,0.0,0.6666666666666666,0.16,0.28,nan,3.124169170856476,3.124169170856476,20.224777221679688,nan,nan,nan,nan,nan,nan,nan,nan,nan,nan,nan,nan,nan,nan,nan,nan,nan,nan,nan,nan,nan,nan,nan,nan,nan,nan,nan,nan,nan,nan,nan,nan,nan,nan,nan,nan,nan,nan,nan,nan,nan,nan,nan,nan,nan,nan,nan,nan,nan,nan,nan,nan,nan
86,11609,0.8774605555555556,-31.492116336822505,0.04888888888888889,0,77,0.12987012987012986,0.0,0.8571428571428571,0.0,0.012987012987012988,0.987012987012987,0.012987012987012988,0.0,67.0,0.8051948051948052,0.036666666666666674,80.95348892211923,0.0005490120936875485,0.12352772107969841,0.3584683650938146,0.0,1.0,0.035555555555555556,nan,nan,3.1568999886512756,3.1568999886512756,25.384216785430908,nan,nan,nan,nan,nan,nan,nan,nan,nan,nan,nan,nan,nan,nan,nan,nan,nan,nan,nan,nan,nan,nan,nan,nan,nan,nan,nan,nan,nan,nan,nan,nan,nan,nan,nan,nan,nan,nan,nan,nan,nan,nan,nan,nan,nan,nan,nan,nan,nan,nan,nan,nan,nan
87,11734,0.8761411111111111,-80.62502957105637,0.035555555555555556,0,125,0.056,0.0,0.944,0.0,0.0,1.0,0.0,0.0,118.0,0.904,0.006222222222222222,100.04790067672708,0.00031096215813300026,0.06996648557992506,0.24027078027906562,0.0,0.0,0.035555555555555556,0.035555555555555556,nan,3.134523093700409,3.134523093700409,22.302990913391113,nan,nan,nan,nan,nan,nan,nan,nan,nan,nan,nan,nan,nan,nan,nan,nan,nan,nan,nan,nan,nan,nan,nan,nan,nan,nan,nan,nan,nan,nan,nan,nan,nan,nan,nan,nan,nan,nan,nan,nan,nan,nan,nan,nan,nan,nan,nan,nan,nan,nan,nan,nan,nan
88,11835,0.875075,-42.00750000000003,0.06666666666666667,0,101,0.13861386138613863,0.0,0.8514851485148515,0.0,0.009900990099009901,0.9900990099009901,0.009900990099009901,0.0,82.0,0.7623762376237624,0.012444444444444444,80.29999999999984,0.0007748720077487216,0.17434620174346235,0.3507560582187726,0.0,1.0,0.035555555555555556,0.06666666666666667,nan,3.1157506108283997,3.1157506108283997,18.02625846862793,nan,nan,nan,nan,nan,nan,nan,nan,nan,nan,nan,nan,nan,nan,nan,nan,nan,nan,nan,nan,nan,nan,nan,nan,nan,nan,nan,nan,nan,nan,nan,nan,nan,nan,nan,nan,nan,nan,nan,nan,nan,nan,nan,nan,nan,nan,nan,nan,nan,nan,nan,nan,nan
89,11986,0.8734811111111112,-62.14304895544054,0.06666666666666667,0,151,0.09271523178807947,0.0,0.9006622516556292,0.0,0.0,0.9933774834437086,0.006622516556291391,0.0,86.0,0.8410596026490066,0.008888888888888889,120.35284719467134,0.0005169983400689928,0.11632462651552339,0.31075068913599185,0.0,1.0,0.035555555555555556,0.06666666666666667,0.06666666666666667,3.13429194688797,3.13429194688797,20.569892406463623,nan,nan,nan,nan,nan,nan,nan,nan,nan,nan,nan,nan,nan,nan,nan,nan,nan,nan,nan,nan,nan,nan,nan,nan,nan,nan,nan,nan,nan,nan,nan,nan,nan,nan,nan,nan,nan,nan,nan,nan,nan,nan,nan,nan,nan,nan,nan,nan,nan,nan,nan,nan,nan
90,12071,0.8725838888888888,-38.66910964012146,0.035555555555555556,0,85,0.08235294117647059,0.0,0.9176470588235294,0.0,0.011764705882352941,1.0,0.0,0.0,78.0,0.8588235294117647,0.0077777777777777776,70.37247276306164,0.0004420920551684986,0.0994707124129122,0.3014697791255001,0.0,0.0,0.035555555555555556,nan,nan,3.1130066514015198,3.1130066514015198,23.186912059783936,nan,nan,nan,nan,nan,nan,nan,nan,nan,nan,nan,nan,nan,nan,nan,nan,nan,nan,nan,nan,nan,nan,nan,nan,nan,nan,nan,nan,nan,nan,nan,nan,nan,nan,nan,nan,nan,nan,nan,nan,nan,nan,nan,nan,nan,nan,nan,nan,nan,nan,nan,nan,nan
91,12117,0.8720983333333333,-10.116101871967313,0.06666666666666667,0,46,0.30434782608695654,0.0,0.6739130434782609,0.0,0.043478260869565216,0.9782608695652174,0.021739130434782608,0.0,30.0,0.5434782608695652,0.03111111111111111,50.19144639968869,0.0012396977310980253,0.2789319894970557,0.6093017046964889,0.0,1.0,nan,nan,nan,3.0760762691497803,3.0760762691497803,22.380706310272217,nan,nan,nan,nan,nan,nan,nan,nan,nan,nan,nan,nan,nan,nan,nan,nan,nan,nan,nan,nan,nan,nan,nan,nan,nan,nan,nan,nan,nan,nan,nan,nan,nan,nan,nan,nan,nan,nan,nan,nan,nan,nan,nan,nan,nan,nan,nan,nan,nan,nan,nan,nan,nan
92,12242,0.8707788888888889,-80.63354770326616,0.035555555555555556,0,125,0.056,0.0,0.944,0.0,0.0,1.0,0.0,0.0,118.0,0.904,0.006222222222222222,100.12902574539163,0.00031071021494027647,0.0699097983615622,0.22139013176978561,0.0,0.0,0.035555555555555556,0.035555555555555556,nan,3.012746810913086,3.012746810913086,26.981657028198242,nan,nan,nan,nan,nan,nan,nan,nan,nan,nan,nan,nan,nan,nan,nan,nan,nan,nan,nan,nan,nan,nan,nan,nan,nan,nan,nan,nan,nan,nan,nan,nan,nan,nan,nan,nan,nan,nan,nan,nan,nan,nan,nan,nan,nan,nan,nan,nan,nan,nan,nan,nan,nan
93,12343,0.8697127777777778,-53.38000000000001,0.035555555555555556,0,101,0.06930693069306931,0.0,0.9306930693069307,0.0,0.009900990099009901,1.0,0.0,0.0,94.0,0.8811881188118812,0.006222222222222222,80.79999999999984,0.00038503850385038577,0.08663366336633681,0.2934555968980405,0.0,0.0,0.035555555555555556,0.035555555555555556,nan,2.9308183789253235,2.9308183789253235,35.70001840591431,nan,nan,nan,nan,nan,nan,nan,nan,nan,nan,nan,nan,nan,nan,nan,nan,nan,nan,nan,nan,nan,nan,nan,nan,nan,nan,nan,nan,nan,nan,nan,nan,nan,nan,nan,nan,nan,nan,nan,nan,nan,nan,nan,nan,nan,nan,nan,nan,nan,nan,nan,nan,nan
94,12451,0.8685727777777779,-62.189750354528435,0.035555555555555556,0,108,0.06481481481481481,0.0,0.9351851851851852,0.0,0.0,1.0,0.0,0.0,101.0,0.8888888888888888,0.006222222222222222,100.30238432884198,0.00031017319597421674,0.06978896909419877,0.2628620374375761,0.0,0.0,0.035555555555555556,0.035555555555555556,nan,3.0466634035110474,3.0466634035110474,25.253350734710693,nan,nan,nan,nan,nan,nan,nan,nan,nan,nan,nan,nan,nan,nan,nan,nan,nan,nan,nan,nan,nan,nan,nan,nan,nan,nan,nan,nan,nan,nan,nan,nan,nan,nan,nan,nan,nan,nan,nan,nan,nan,nan,nan,nan,nan,nan,nan,nan,nan,nan,nan,nan,nan
95,12577,0.8672427777777778,-81.88,0.035555555555555556,0,126,0.05555555555555555,0.0,0.9444444444444444,0.0,0.0,1.0,0.0,0.0,119.0,0.9047619047619048,0.005185185185185185,100.79999999999977,0.0003086419753086427,0.0694444444444446,0.23342184328847546,0.0,0.0,0.035555555555555556,0.035555555555555556,nan,2.983348786830902,2.983348786830902,29.799903869628906,nan,nan,nan,nan,nan,nan,nan,nan,nan,nan,nan,nan,nan,nan,nan,nan,nan,nan,nan,nan,nan,nan,nan,nan,nan,nan,nan,nan,nan,nan,nan,nan,nan,nan,nan,nan,nan,nan,nan,nan,nan,nan,nan,nan,nan,nan,nan,nan,nan,nan,nan,nan,nan
96,12703,0.8659127777777778,-81.88,0.035555555555555556,0,126,0.05555555555555555,0.0,0.9444444444444444,0.0,0.0,1.0,0.0,0.0,119.0,0.9047619047619048,0.005185185185185185,100.79999999999977,0.0003086419753086427,0.0694444444444446,0.22036995349453756,0.0,0.0,0.035555555555555556,0.035555555555555556,nan,3.117209017276764,3.117209017276764,24.524386882781982,nan,nan,nan,nan,nan,nan,nan,nan,nan,nan,nan,nan,nan,nan,nan,nan,nan,nan,nan,nan,nan,nan,nan,nan,nan,nan,nan,nan,nan,nan,nan,nan,nan,nan,nan,nan,nan,nan,nan,nan,nan,nan,nan,nan,nan,nan,nan,nan,nan,nan,nan,nan,nan
97,12827,0.864603888888889,-37.923255369186414,0.1288888888888889,0,124,0.22580645161290322,0.0,0.7580645161290323,0.0,0.0,0.9838709677419355,0.016129032258064516,0.0,71.0,0.6532258064516129,0.024888888888888887,120.94528923034638,0.001028931719758293,0.2315096369456159,0.47323385636790605,0.0,1.0,0.11555555555555555,0.1288888888888889,nan,3.0070762634277344,3.0070762634277344,24.10447883605957,nan,nan,nan,nan,nan,nan,nan,nan,nan,nan,nan,nan,nan,nan,nan,nan,nan,nan,nan,nan,nan,nan,nan,nan,nan,nan,nan,nan,nan,nan,nan,nan,nan,nan,nan,nan,nan,nan,nan,nan,nan,nan,nan,nan,nan,nan,nan,nan,nan,nan,nan,nan,nan
98,12910,0.8637277777777778,-22.020100798606865,0.06666666666666667,0,83,0.1686746987951807,0.0,0.8192771084337349,0.0,0.012048192771084338,0.9879518072289156,0.012048192771084338,0.0,51.0,0.7108433734939759,0.015555555555555555,70.49619808197019,0.0008826323108924637,0.19859226995080434,0.44362490941037724,0.0,1.0,0.035555555555555556,nan,nan,3.0291911959648132,3.0291911959648132,25.06592845916748,nan,nan,nan,nan,nan,nan,nan,nan,nan,nan,nan,nan,nan,nan,nan,nan,nan,nan,nan,nan,nan,nan,nan,nan,nan,nan,nan,nan,nan,nan,nan,nan,nan,nan,nan,nan,nan,nan,nan,nan,nan,nan,nan,nan,nan,nan,nan,nan,nan,nan,nan,nan,nan
99,13035,0.8624083333333333,-16.500945497989658,0.2311111111111111,0,125,0.408,0.0,0.56,0.0,0.008,0.968,0.032,0.0,43.0,0.424,0.04533333333333333,100.29471902847267,0.002260005998943157,0.5085013497622104,0.6180658905876647,0.0,1.0,0.12444444444444444,0.2311111111111111,nan,3.092432975769043,3.092432975769043,17.97650384902954,nan,nan,nan,nan,nan,nan,nan,nan,nan,nan,nan,nan,nan,nan,nan,nan,nan,nan,nan,nan,nan,nan,nan,nan,nan,nan,nan,nan,nan,nan,nan,nan,nan,nan,nan,nan,nan,nan,nan,nan,nan,nan,nan,nan,nan,nan,nan,nan,nan,nan,nan,nan,nan
100,13187,0.8608038888888889,-18.681002309560775,0.31555555555555553,0,152,0.4605263157894737,0.013157894736842105,0.4473684210526316,0.0,0.0,0.9210526315789473,0.07894736842105263,0.0,52.0,0.34210526315789475,0.044444444444444446,120.37145056724525,0.0025845921906316946,0.5815332428921313,0.713667850193961,0.0,1.0,0.14666666666666667,0.31555555555555553,0.31555555555555553,2.9399895071983337,2.9399895071983337,25.358206748962402,-65.81592469451428,0.035555555555555556,0.0,108.4,0.0,1.0,0.07063109452736319,0.0,0.9293689054726368,0.0,0.0032782515991471215,1.0,0.0,0.0,101.4,0.8789181236673775,0.006585185185185184,95.77642566204055,0.0003293825679460758,0.07411107778786705,0.26902344404617884,0.0,0.0,0.035555555555555556,0.035555555555555556,nan,-59.75608350169658,0.035555555555555556,0.0,103.3,0.0,1.0,0.07287276477297491,0.0,0.927127235227025,0.0,0.00418579179296467,1.0,0.0,0.0,96.3,0.8750752603891858,0.006844444444444445,91.68841430187219,0.00034825944822670354,0.07835837585100829,0.27268119833945004,0.0,0.0,0.035555555555555556,0.035555555555555556,nan,0.05511111111111111
101,13290,0.8597166666666667,-3.8309836378097533,0.28,0,103,0.6019417475728155,0.019417475728155338,0.2912621359223301,0.0,0.009708737864077669,0.912621359223301,0.08737864077669903,0.0,14.0,0.14563106796116504,0.05511111111111111,80.59984416961657,0.003418810028660462,0.7692322564486038,0.8686179496261884,0.0,1.0,0.1688888888888889,0.28,nan,2.9383230209350586,2.9383230209350586,26.66718626022339,nan,nan,nan,nan,nan,nan,nan,nan,nan,nan,nan,nan,nan,nan,nan,nan,nan,nan,nan,nan,nan,nan,nan,nan,nan,nan,nan,nan,nan,nan,nan,nan,nan,nan,nan,nan,nan,nan,nan,nan,nan,nan,nan,nan,nan,nan,nan,nan,nan,nan,nan,nan,nan
102,13362,0.8589566666666667,-3.0251758928298957,0.17333333333333334,0,72,0.5277777777777778,0.08333333333333333,0.09722222222222222,0.06944444444444445,0.027777777777777776,0.7083333333333334,0.2916666666666667,0.0,14.0,0.125,0.057912457912457915,57.31596088409425,0.0029466292858706523,0.6629915893208967,0.9347655363810325,0.0,0.5,0.13777777777777778,nan,nan,2.9962000846862793,2.9962000846862793,19.702622890472412,nan,nan,nan,nan,nan,nan,nan,nan,nan,nan,nan,nan,nan,nan,nan,nan,nan,nan,nan,nan,nan,nan,nan,nan,nan,nan,nan,nan,nan,nan,nan,nan,nan,nan,nan,nan,nan,nan,nan,nan,nan,nan,nan,nan,nan,nan,nan,nan,nan,nan,nan,nan,nan
103,13407,0.8584816666666667,-4.729823062896729,0.1111111111111111,0,45,0.5333333333333333,0.0,0.4222222222222222,0.0,0.044444444444444446,0.9555555555555556,0.044444444444444446,0.0,15.0,0.24444444444444444,0.0611111111111111,41.1411720275879,0.0025926987834750926,0.5833572262818959,0.7869282027798604,0.0,1.0,nan,nan,nan,3.012510597705841,3.012510597705841,20.54253911972046,nan,nan,nan,nan,nan,nan,nan,nan,nan,nan,nan,nan,nan,nan,nan,nan,nan,nan,nan,nan,nan,nan,nan,nan,nan,nan,nan,nan,nan,nan,nan,nan,nan,nan,nan,nan,nan,nan,nan,nan,nan,nan,nan,nan,nan,nan,nan,nan,nan,nan,nan,nan,nan
104,13534,0.8571411111111111,-25.308503641605366,0.1288888888888889,0,127,0.2204724409448819,0.0,0.7637795275590551,0.0,0.0,0.984251968503937,0.015748031496062992,0.0,40.0,0.6614173228346457,0.02074074074074074,100.63336801528908,0.0012366121386848325,0.2782377312040873,0.45773837732365774,0.0,1.0,0.06666666666666667,0.1288888888888889,nan,2.9860244393348694,2.9860244393348694,20.62036657333374,nan,nan,nan,nan,nan,nan,nan,nan,nan,nan,nan,nan,nan,nan,nan,nan,nan,nan,nan,nan,nan,nan,nan,nan,nan,nan,nan,nan,nan,nan,nan,nan,nan,nan,nan,nan,nan,nan,nan,nan,nan,nan,nan,nan,nan,nan,nan,nan,nan,nan,nan,nan,nan
105,13631,0.8561172222222222,-22.18044379234314,0.12,0,97,0.26804123711340205,0.0,0.711340206185567,0.0,0.010309278350515464,0.979381443298969,0.020618556701030927,0.0,44.0,0.6185567010309279,0.02888888888888889,101.12803611755359,0.0011426658718184843,0.25709982115915897,0.5324801445075119,0.0,1.0,0.10666666666666667,nan,nan,2.935457229614258,2.935457229614258,21.91811990737915,nan,nan,nan,nan,nan,nan,nan,nan,nan,nan,nan,nan,nan,nan,nan,nan,nan,nan,nan,nan,nan,nan,nan,nan,nan,nan,nan,nan,nan,nan,nan,nan,nan,nan,nan,nan,nan,nan,nan,nan,nan,nan,nan,nan,nan,nan,nan,nan,nan,nan,nan,nan,nan
106,13757,0.8547872222222223,-81.88,0.035555555555555556,0,126,0.05555555555555555,0.0,0.9444444444444444,0.0,0.0,1.0,0.0,0.0,119.0,0.9047619047619048,0.005185185185185185,100.79999999999977,0.0003086419753086427,0.0694444444444446,0.22036995349453756,0.0,0.0,0.035555555555555556,0.035555555555555556,nan,2.9236815571784973,2.9236815571784973,20.967246294021606,nan,nan,nan,nan,nan,nan,nan,nan,nan,nan,nan,nan,nan,nan,nan,nan,nan,nan,nan,nan,nan,nan,nan,nan,nan,nan,nan,nan,nan,nan,nan,nan,nan,nan,nan,nan,nan,nan,nan,nan,nan,nan,nan,nan,nan,nan,nan,nan,nan,nan,nan,nan,nan
107,13873,0.8535627777777778,-70.49119311785698,0.035555555555555556,0,116,0.0603448275862069,0.0,0.9396551724137931,0.0,0.0,1.0,0.0,0.0,109.0,0.896551724137931,0.006222222222222222,100.04945826530457,0.0003109573170162772,0.06996539632866237,0.25154682661223193,0.0,0.0,0.035555555555555556,0.035555555555555556,nan,2.9554242491722107,2.9554242491722107,20.911138772964478,nan,nan,nan,nan,nan,nan,nan,nan,nan,nan,nan,nan,nan,nan,nan,nan,nan,nan,nan,nan,nan,nan,nan,nan,nan,nan,nan,nan,nan,nan,nan,nan,nan,nan,nan,nan,nan,nan,nan,nan,nan,nan,nan,nan,nan,nan,nan,nan,nan,nan,nan,nan,nan
108,13999,0.8522327777777778,-81.88,0.035555555555555556,0,126,0.05555555555555555,0.0,0.9444444444444444,0.0,0.0,1.0,0.0,0.0,119.0,0.9047619047619048,0.005185185185185185,100.79999999999977,0.0003086419753086427,0.0694444444444446,0.23910075558707725,0.0,0.0,0.035555555555555556,0.035555555555555556,nan,2.930659294128418,2.930659294128418,18.47924280166626,nan,nan,nan,nan,nan,nan,nan,nan,nan,nan,nan,nan,nan,nan,nan,nan,nan,nan,nan,nan,nan,nan,nan,nan,nan,nan,nan,nan,nan,nan,nan,nan,nan,nan,nan,nan,nan,nan,nan,nan,nan,nan,nan,nan,nan,nan,nan,nan,nan,nan,nan,nan,nan
109,14127,0.8508816666666666,-32.32834504842758,0.15555555555555556,0,128,0.265625,0.03125,0.6328125,0.0078125,0.0,0.9296875,0.0703125,0.0,75.0,0.5625,0.025185185185185185,100.52709569931008,0.0015031878724827042,0.3382172713086084,0.6197894421526609,0.0,0.75,0.1511111111111111,0.15555555555555556,nan,2.823030948638916,2.823030948638916,26.45369863510132,nan,nan,nan,nan,nan,nan,nan,nan,nan,nan,nan,nan,nan,nan,nan,nan,nan,nan,nan,nan,nan,nan,nan,nan,nan,nan,nan,nan,nan,nan,nan,nan,nan,nan,nan,nan,nan,nan,nan,nan,nan,nan,nan,nan,nan,nan,nan,nan,nan,nan,nan,nan,nan
110,14253,0.8495516666666667,-81.91,0.035555555555555556,0,126,0.05555555555555555,0.0,0.9444444444444444,0.0,0.0,1.0,0.0,0.0,119.0,0.9047619047619048,0.005185185185185185,100.79999999999977,0.0003086419753086427,0.0694444444444446,0.22506639563371322,0.0,0.0,0.035555555555555556,0.035555555555555556,nan,2.9245799779891968,2.9245799779891968,18.727852821350098,nan,nan,nan,nan,nan,nan,nan,nan,nan,nan,nan,nan,nan,nan,nan,nan,nan,nan,nan,nan,nan,nan,nan,nan,nan,nan,nan,nan,nan,nan,nan,nan,nan,nan,nan,nan,nan,nan,nan,nan,nan,nan,nan,nan,nan,nan,nan,nan,nan,nan,nan,nan,nan
111,14327,0.8487705555555556,-11.92762689447403,0.1288888888888889,0,74,0.3783783783783784,0.0,0.5945945945945946,0.0,0.02702702702702703,0.972972972972973,0.02702702702702703,0.0,37.0,0.4864864864864865,0.04234567901234568,60.32025613784784,0.0020630622681716694,0.46418901033862564,0.6118970067898019,0.0,1.0,0.06666666666666667,nan,nan,2.851942718029022,2.851942718029022,19.213721752166748,nan,nan,nan,nan,nan,nan,nan,nan,nan,nan,nan,nan,nan,nan,nan,nan,nan,nan,nan,nan,nan,nan,nan,nan,nan,nan,nan,nan,nan,nan,nan,nan,nan,nan,nan,nan,nan,nan,nan,nan,nan,nan,nan,nan,nan,nan,nan,nan,nan,nan,nan,nan,nan
112,14452,0.8474511111111112,-63.54882505989075,0.06666666666666667,0,125,0.112,0.0,0.88,0.0,0.0,0.992,0.008,0.0,103.0,0.808,0.012444444444444444,100.65547676086403,0.0006181702598264867,0.13908830846095951,0.31568954725600246,0.0,1.0,0.06666666666666667,0.06666666666666667,nan,2.939041495323181,2.939041495323181,16.781952619552612,nan,nan,nan,nan,nan,nan,nan,nan,nan,nan,nan,nan,nan,nan,nan,nan,nan,nan,nan,nan,nan,nan,nan,nan,nan,nan,nan,nan,nan,nan,nan,nan,nan,nan,nan,nan,nan,nan,nan,nan,nan,nan,nan,nan,nan,nan,nan,nan,nan,nan,nan,nan,nan
113,14578,0.8461211111111111,-41.987517643928534,0.06666666666666667,0,126,0.1111111111111111,0.0,0.8809523809523809,0.0,0.0,0.9920634920634921,0.007936507936507936,0.0,63.0,0.8095238095238095,0.01037037037037037,100.30016803741432,0.0006203600994866915,0.1395810223845056,0.33918470735189726,0.0,1.0,0.035555555555555556,0.06666666666666667,nan,2.7652623057365417,2.7652623057365417,21.289259433746338,nan,nan,nan,nan,nan,nan,nan,nan,nan,nan,nan,nan,nan,nan,nan,nan,nan,nan,nan,nan,nan,nan,nan,nan,nan,nan,nan,nan,nan,nan,nan,nan,nan,nan,nan,nan,nan,nan,nan,nan,nan,nan,nan,nan,nan,nan,nan,nan,nan,nan,nan,nan,nan
114,14703,0.8448016666666667,-80.67564643716813,0.035555555555555556,0,125,0.056,0.0,0.944,0.0,0.0,1.0,0.0,0.0,118.0,0.904,0.006222222222222222,100.5299660682676,0.00030947101971549727,0.06963097943598688,0.22139013176978561,0.0,0.0,0.035555555555555556,0.035555555555555556,nan,2.965004801750183,2.965004801750183,16.739737272262573,nan,nan,nan,nan,nan,nan,nan,nan,nan,nan,nan,nan,nan,nan,nan,nan,nan,nan,nan,nan,nan,nan,nan,nan,nan,nan,nan,nan,nan,nan,nan,nan,nan,nan,nan,nan,nan,nan,nan,nan,nan,nan,nan,nan,nan,nan,nan,nan,nan,nan,nan,nan,nan
115,14791,0.8438727777777778,-12.889074925422662,0.1288888888888889,0,88,0.3181818181818182,0.011363636363636364,0.6022727272727273,0.0,0.011363636363636364,0.9318181818181818,0.06818181818181818,0.0,35.0,0.4659090909090909,0.03111111111111111,70.39118976593012,0.001767898011928142,0.39777705268383196,0.6595938679989385,0.0,1.0,0.06666666666666667,nan,nan,2.933075189590454,2.933075189590454,16.329202890396118,nan,nan,nan,nan,nan,nan,nan,nan,nan,nan,nan,nan,nan,nan,nan,nan,nan,nan,nan,nan,nan,nan,nan,nan,nan,nan,nan,nan,nan,nan,nan,nan,nan,nan,nan,nan,nan,nan,nan,nan,nan,nan,nan,nan,nan,nan,nan,nan,nan,nan,nan,nan,nan
116,14851,0.8432394444444444,-14.823771628856653,0.06666666666666667,0,60,0.23333333333333334,0.0,0.75,0.0,0.016666666666666666,0.9833333333333333,0.016666666666666666,0.0,37.0,0.6,0.022962962962962963,70.22639646530143,0.000886023281188377,0.19935523826738485,0.5359779666198825,0.0,1.0,0.06222222222222222,nan,nan,2.9567373394966125,2.9567373394966125,14.528485298156738,nan,nan,nan,nan,nan,nan,nan,nan,nan,nan,nan,nan,nan,nan,nan,nan,nan,nan,nan,nan,nan,nan,nan,nan,nan,nan,nan,nan,nan,nan,nan,nan,nan,nan,nan,nan,nan,nan,nan,nan,nan,nan,nan,nan,nan,nan,nan,nan,nan,nan,nan,nan,nan
117,14913,0.842585,-4.160257771015169,0.1688888888888889,0,62,0.5967741935483871,0.0,0.3548387096774194,0.0,0.03225806451612903,0.9516129032258065,0.04838709677419355,0.0,16.0,0.22580645161290322,0.07246913580246915,50.17388353347774,0.003277490855072469,0.7374354423913055,0.8174303718511136,0.0,1.0,0.12,nan,nan,2.7927871346473694,2.7927871346473694,18.94098162651062,nan,nan,nan,nan,nan,nan,nan,nan,nan,nan,nan,nan,nan,nan,nan,nan,nan,nan,nan,nan,nan,nan,nan,nan,nan,nan,nan,nan,nan,nan,nan,nan,nan,nan,nan,nan,nan,nan,nan,nan,nan,nan,nan,nan,nan,nan,nan,nan,nan,nan,nan,nan,nan
118,14992,0.8417511111111111,-7.05896552753449,0.16444444444444445,-1,79,0.45569620253164556,0.0,0.4936708860759494,0.0,0.02531645569620253,0.9493670886075949,0.05063291139240506,0.0,17.0,0.34177215189873417,0.06333333333333334,62.71395740509026,0.0025512662032553123,0.5740348957324453,0.7223379921390471,0.0,1.0,0.10222222222222223,nan,nan,2.8615573048591614,2.8615573048591614,19.34165096282959,nan,nan,nan,nan,nan,nan,nan,nan,nan,nan,nan,nan,nan,nan,nan,nan,nan,nan,nan,nan,nan,nan,nan,nan,nan,nan,nan,nan,nan,nan,nan,nan,nan,nan,nan,nan,nan,nan,nan,nan,nan,nan,nan,nan,nan,nan,nan,nan,nan,nan,nan,nan,nan
119,15097,0.8406427777777778,-58.29148856711389,0.035555555555555556,0,105,0.06666666666666667,0.0,0.9238095238095239,0.0,0.0,0.9904761904761905,0.009523809523809525,0.0,97.0,0.8761904761904762,0.006222222222222222,100.68084349632278,0.0003090072553101663,0.06952663244478742,0.2760180025187158,0.0,1.0,0.035555555555555556,0.035555555555555556,nan,2.7854519486427307,2.7854519486427307,20.298421382904053,nan,nan,nan,nan,nan,nan,nan,nan,nan,nan,nan,nan,nan,nan,nan,nan,nan,nan,nan,nan,nan,nan,nan,nan,nan,nan,nan,nan,nan,nan,nan,nan,nan,nan,nan,nan,nan,nan,nan,nan,nan,nan,nan,nan,nan,nan,nan,nan,nan,nan,nan,nan,nan
120,15236,0.8391755555555556,-35.79499999999999,0.1288888888888889,0,139,0.2014388489208633,0.0,0.7841726618705036,0.0,0.0,0.9856115107913669,0.014388489208633094,0.0,57.0,0.6906474820143885,0.02074074074074074,110.19999999999975,0.0011292599314377924,0.2540834845735033,0.4143099345551757,0.0,1.0,0.06666666666666667,0.1288888888888889,nan,2.779347002506256,2.779347002506256,18.718758821487427,-65.81592469451428,0.035555555555555556,0.0,108.4,0.0,1.0,0.07063109452736319,0.0,0.9293689054726368,0.0,0.0032782515991471215,1.0,0.0,0.0,101.4,0.8789181236673775,0.006585185185185184,95.77642566204055,0.0003293825679460758,0.07411107778786705,0.26902344404617884,0.0,0.0,0.035555555555555556,0.035555555555555556,nan,-59.75608350169658,0.035555555555555556,0.0,103.3,0.0,1.0,0.07287276477297491,0.0,0.927127235227025,0.0,0.00418579179296467,1.0,0.0,0.0,96.3,0.8750752603891858,0.006844444444444445,91.68841430187219,0.00034825944822670354,0.07835837585100829,0.27268119833945004,0.0,0.0,0.035555555555555556,0.035555555555555556,nan,0.05511111111111111
121,15361,0.8378561111111111,-80.62181494140626,0.035555555555555556,0,125,0.056,0.0,0.944,0.0,0.0,1.0,0.0,0.0,118.0,0.904,0.006222222222222222,100.01728515624978,0.0003110573443631115,0.06998790248170009,0.23454643668207503,0.0,0.0,0.035555555555555556,0.035555555555555556,nan,2.342005133628845,2.342005133628845,19.93855905532837,nan,nan,nan,nan,nan,nan,nan,nan,nan,nan,nan,nan,nan,nan,nan,nan,nan,nan,nan,nan,nan,nan,nan,nan,nan,nan,nan,nan,nan,nan,nan,nan,nan,nan,nan,nan,nan,nan,nan,nan,nan,nan,nan,nan,nan,nan,nan,nan,nan,nan,nan,nan,nan
122,15424,0.8371911111111111,-24.10205732440948,0.035555555555555556,0,63,0.1111111111111111,0.0,0.8888888888888888,0.0,0.015873015873015872,1.0,0.0,0.0,56.0,0.8095238095238095,0.01037037037037037,70.13387928009031,0.0004435960398948439,0.09980910897633989,0.3677529772422769,0.0,0.0,0.035555555555555556,nan,nan,2.365502119064331,2.365502119064331,18.95724606513977,nan,nan,nan,nan,nan,nan,nan,nan,nan,nan,nan,nan,nan,nan,nan,nan,nan,nan,nan,nan,nan,nan,nan,nan,nan,nan,nan,nan,nan,nan,nan,nan,nan,nan,nan,nan,nan,nan,nan,nan,nan,nan,nan,nan,nan,nan,nan,nan,nan,nan,nan,nan,nan
123,15550,0.8358611111111112,-81.88,0.035555555555555556,0,126,0.05555555555555555,0.0,0.9444444444444444,0.0,0.0,1.0,0.0,0.0,119.0,0.9047619047619048,0.005185185185185185,100.79999999999977,0.0003086419753086427,0.0694444444444446,0.23910075558707725,0.0,0.0,0.035555555555555556,0.035555555555555556,nan,2.3979652523994446,2.3979652523994446,15.419507503509521,nan,nan,nan,nan,nan,nan,nan,nan,nan,nan,nan,nan,nan,nan,nan,nan,nan,nan,nan,nan,nan,nan,nan,nan,nan,nan,nan,nan,nan,nan,nan,nan,nan,nan,nan,nan,nan,nan,nan,nan,nan,nan,nan,nan,nan,nan,nan,nan,nan,nan,nan,nan,nan
124,15675,0.8345416666666667,-80.63674321699143,0.035555555555555556,0,125,0.056,0.0,0.944,0.0,0.0,1.0,0.0,0.0,118.0,0.904,0.006222222222222222,100.15945920944192,0.00031061580560309474,0.06988855626069632,0.24027078027906562,0.0,0.0,0.035555555555555556,0.035555555555555556,nan,2.32662695646286,2.32662695646286,16.526371717453003,nan,nan,nan,nan,nan,nan,nan,nan,nan,nan,nan,nan,nan,nan,nan,nan,nan,nan,nan,nan,nan,nan,nan,nan,nan,nan,nan,nan,nan,nan,nan,nan,nan,nan,nan,nan,nan,nan,nan,nan,nan,nan,nan,nan,nan,nan,nan,nan,nan,nan,nan,nan,nan
125,15759,0.833655,-24.945636362552648,0.06666666666666667,0,84,0.16666666666666666,0.0,0.8214285714285714,0.0,0.011904761904761904,0.9880952380952381,0.011904761904761904,0.0,58.0,0.7142857142857143,0.015555555555555555,70.68225107192981,0.0008803090065552915,0.19806952647494058,0.43304525096900015,0.0,1.0,0.06666666666666667,nan,nan,2.5048577785491943,2.5048577785491943,14.826771259307861,nan,nan,nan,nan,nan,nan,nan,nan,nan,nan,nan,nan,nan,nan,nan,nan,nan,nan,nan,nan,nan,nan,nan,nan,nan,nan,nan,nan,nan,nan,nan,nan,nan,nan,nan,nan,nan,nan,nan,nan,nan,nan,nan,nan,nan,nan,nan,nan,nan,nan,nan,nan,nan
126,15855,0.8326416666666667,-27.61036446547508,0.06666666666666667,0,96,0.14583333333333334,0.0,0.84375,0.0,0.0,0.9895833333333334,0.010416666666666666,0.0,47.0,0.75,0.015555555555555555,100.61299490928646,0.0006184312700195667,0.13914703575440251,0.432604152993502,0.0,1.0,0.035555555555555556,nan,nan,2.455836832523346,2.455836832523346,14.51118516921997,nan,nan,nan,nan,nan,nan,nan,nan,nan,nan,nan,nan,nan,nan,nan,nan,nan,nan,nan,nan,nan,nan,nan,nan,nan,nan,nan,nan,nan,nan,nan,nan,nan,nan,nan,nan,nan,nan,nan,nan,nan,nan,nan,nan,nan,nan,nan,nan,nan,nan,nan,nan,nan
127,15980,0.8313222222222223,-80.70362354946137,0.035555555555555556,0,125,0.056,0.0,0.944,0.0,0.0,1.0,0.0,0.0,118.0,0.904,0.006222222222222222,100.79641475677468,0.00030865295344267277,0.06944691452460137,0.22612414544607473,0.0,0.0,0.035555555555555556,0.035555555555555556,nan,2.339885950088501,2.339885950088501,14.625399112701416,nan,nan,nan,nan,nan,nan,nan,nan,nan,nan,nan,nan,nan,nan,nan,nan,nan,nan,nan,nan,nan,nan,nan,nan,nan,nan,nan,nan,nan,nan,nan,nan,nan,nan,nan,nan,nan,nan,nan,nan,nan,nan,nan,nan,nan,nan,nan,nan,nan,nan,nan,nan,nan
128,16100,0.8300555555555555,-74.95881924200059,0.035555555555555556,0,120,0.058333333333333334,0.0,0.9416666666666667,0.0,0.0,1.0,0.0,0.0,113.0,0.9,0.006222222222222222,100.65542135238627,0.00030908530005744743,0.06954419251292566,0.24636216223529236,0.0,0.0,0.035555555555555556,0.035555555555555556,nan,2.2033205330371857,2.2033205330371857,17.907288789749146,nan,nan,nan,nan,nan,nan,nan,nan,nan,nan,nan,nan,nan,nan,nan,nan,nan,nan,nan,nan,nan,nan,nan,nan,nan,nan,nan,nan,nan,nan,nan,nan,nan,nan,nan,nan,nan,nan,nan,nan,nan,nan,nan,nan,nan,nan,nan,nan,nan,nan,nan,nan,nan
129,16226,0.8287255555555556,-41.75149837255477,0.06666666666666667,0,126,0.1111111111111111,0.0,0.8809523809523809,0.0,0.0,0.9920634920634921,0.007936507936507936,0.0,61.0,0.8095238095238095,0.01037037037037037,100.33807973861673,0.0006201257028668747,0.1395282831450468,0.3618198657770148,0.0,1.0,0.035555555555555556,0.06666666666666667,nan,2.447812080383301,2.447812080383301,15.910193920135498,nan,nan,nan,nan,nan,nan,nan,nan,nan,nan,nan,nan,nan,nan,nan,nan,nan,nan,nan,nan,nan,nan,nan,nan,nan,nan,nan,nan,nan,nan,nan,nan,nan,nan,nan,nan,nan,nan,nan,nan,nan,nan,nan,nan,nan,nan,nan,nan,nan,nan,nan,nan,nan
130,16351,0.8274061111111111,-80.65820319080353,0.035555555555555556,0,125,0.056,0.0,0.944,0.0,0.0,1.0,0.0,0.0,118.0,0.904,0.006222222222222222,100.36383991241433,0.0003099832682593771,0.06974623535835985,0.24027078027906562,0.0,0.0,0.035555555555555556,0.035555555555555556,nan,2.4649763703346252,2.4649763703346252,14.932415246963501,nan,nan,nan,nan,nan,nan,nan,nan,nan,nan,nan,nan,nan,nan,nan,nan,nan,nan,nan,nan,nan,nan,nan,nan,nan,nan,nan,nan,nan,nan,nan,nan,nan,nan,nan,nan,nan,nan,nan,nan,nan,nan,nan,nan,nan,nan,nan,nan,nan,nan,nan,nan,nan
131,16448,0.8263822222222222,-1.559920089483261,0.31555555555555553,0,97,0.7216494845360825,0.041237113402061855,0.13402061855670103,0.0,0.010309278350515464,0.8969072164948454,0.10309278350515463,0.0,7.0,0.030927835051546393,0.08020202020202019,80.74209609031672,0.0038531463285658026,0.8669579239273055,0.9285339102931686,0.0,1.0,0.16444444444444445,nan,nan,2.3886362314224243,2.3886362314224243,15.319602489471436,nan,nan,nan,nan,nan,nan,nan,nan,nan,nan,nan,nan,nan,nan,nan,nan,nan,nan,nan,nan,nan,nan,nan,nan,nan,nan,nan,nan,nan,nan,nan,nan,nan,nan,nan,nan,nan,nan,nan,nan,nan,nan,nan,nan,nan,nan,nan,nan,nan,nan,nan,nan,nan
132,16623,0.824535,-13.31309839773178,0.30666666666666664,0,175,0.38857142857142857,0.08,0.3028571428571429,0.07428571428571429,0.0,0.7714285714285715,0.22857142857142856,0.0,33.0,0.26857142857142857,0.043174603174603164,140.31522283554088,0.0021538804993129473,0.4846231123454131,0.8393646670313923,0.0,0.6296296296296297,0.09333333333333334,0.22666666666666666,0.30666666666666664,2.249794214963913,2.249794214963913,17.06090760231018,nan,nan,nan,nan,nan,nan,nan,nan,nan,nan,nan,nan,nan,nan,nan,nan,nan,nan,nan,nan,nan,nan,nan,nan,nan,nan,nan,nan,nan,nan,nan,nan,nan,nan,nan,nan,nan,nan,nan,nan,nan,nan,nan,nan,nan,nan,nan,nan,nan,nan,nan,nan,nan
133,16665,0.8240916666666667,-4.124787245035174,0.1111111111111111,0,42,0.5714285714285714,0.0,0.38095238095238093,0.0,0.047619047619047616,0.9523809523809523,0.047619047619047616,0.0,11.0,0.16666666666666666,0.06483660130718955,40.026545190811134,0.002664898160912325,0.5996020862052732,0.8101745392919323,0.0,1.0,nan,nan,nan,2.404985189437866,2.404985189437866,12.003632307052612,nan,nan,nan,nan,nan,nan,nan,nan,nan,nan,nan,nan,nan,nan,nan,nan,nan,nan,nan,nan,nan,nan,nan,nan,nan,nan,nan,nan,nan,nan,nan,nan,nan,nan,nan,nan,nan,nan,nan,nan,nan,nan,nan,nan,nan,nan,nan,nan,nan,nan,nan,nan,nan
134,16757,0.8231205555555556,-16.57878577232361,0.1288888888888889,0,92,0.30434782608695654,0.0,0.6739130434782609,0.0,0.010869565217391304,0.9782608695652174,0.021739130434782608,0.0,33.0,0.532608695652174,0.03111111111111111,90.54081687927234,0.0013744568332134598,0.3092527874730285,0.5525926114660675,0.0,1.0,0.08888888888888889,nan,nan,2.5684985518455505,2.5684985518455505,10.915335416793823,nan,nan,nan,nan,nan,nan,nan,nan,nan,nan,nan,nan,nan,nan,nan,nan,nan,nan,nan,nan,nan,nan,nan,nan,nan,nan,nan,nan,nan,nan,nan,nan,nan,nan,nan,nan,nan,nan,nan,nan,nan,nan,nan,nan,nan,nan,nan,nan,nan,nan,nan,nan,nan
135,16881,0.8218116666666667,-20.486291308879856,0.18222222222222223,0,124,0.3225806451612903,0.008064516129032258,0.6370967741935484,0.0,0.0,0.967741935483871,0.03225806451612903,0.0,42.0,0.5403225806451613,0.035555555555555556,100.59325056076031,0.0017672933003630945,0.3976409925816962,0.5493229106542173,0.0,1.0,0.08444444444444445,0.18222222222222223,nan,2.499017298221588,2.499017298221588,11.590946435928345,nan,nan,nan,nan,nan,nan,nan,nan,nan,nan,nan,nan,nan,nan,nan,nan,nan,nan,nan,nan,nan,nan,nan,nan,nan,nan,nan,nan,nan,nan,nan,nan,nan,nan,nan,nan,nan,nan,nan,nan,nan,nan,nan,nan,nan,nan,nan,nan,nan,nan,nan,nan,nan
136,16968,0.8208933333333334,-27.710616524457937,0.06666666666666667,0,87,0.16091954022988506,0.0,0.8275862068965517,0.0,0.011494252873563218,0.9885057471264368,0.011494252873563218,0.0,63.0,0.7241379310344828,0.015555555555555555,70.27253832817065,0.0008854415067753253,0.1992243390244482,0.42411930353271604,0.0,1.0,0.06666666666666667,nan,nan,2.4528157711029053,2.4528157711029053,14.390764474868774,nan,nan,nan,nan,nan,nan,nan,nan,nan,nan,nan,nan,nan,nan,nan,nan,nan,nan,nan,nan,nan,nan,nan,nan,nan,nan,nan,nan,nan,nan,nan,nan,nan,nan,nan,nan,nan,nan,nan,nan,nan,nan,nan,nan,nan,nan,nan,nan,nan,nan,nan,nan,nan
137,17077,0.8197427777777778,-63.231474412441266,0.035555555555555556,0,109,0.06422018348623854,0.0,0.9357798165137615,0.0,0.0,1.0,0.0,0.0,102.0,0.8899082568807339,0.006222222222222222,100.35689916610698,0.0003100047068973022,0.06975105905189301,0.26137251215398294,0.0,0.0,0.035555555555555556,0.035555555555555556,nan,2.157046228647232,2.157046228647232,18.11384630203247,nan,nan,nan,nan,nan,nan,nan,nan,nan,nan,nan,nan,nan,nan,nan,nan,nan,nan,nan,nan,nan,nan,nan,nan,nan,nan,nan,nan,nan,nan,nan,nan,nan,nan,nan,nan,nan,nan,nan,nan,nan,nan,nan,nan,nan,nan,nan,nan,nan,nan,nan,nan,nan
138,17166,0.8188033333333333,-13.055156983852369,0.16,-2,89,0.39325842696629215,0.0,0.5730337078651685,0.0,0.02247191011235955,0.9662921348314607,0.033707865168539325,0.0,38.0,0.43820224719101125,0.045,71.24911413192739,0.0021832630124709114,0.491234177805955,0.6570049469001602,0.0,1.0,0.057777777777777775,nan,nan,2.3180936574935913,2.3180936574935913,13.110795974731445,nan,nan,nan,nan,nan,nan,nan,nan,nan,nan,nan,nan,nan,nan,nan,nan,nan,nan,nan,nan,nan,nan,nan,nan,nan,nan,nan,nan,nan,nan,nan,nan,nan,nan,nan,nan,nan,nan,nan,nan,nan,nan,nan,nan,nan,nan,nan,nan,nan,nan,nan,nan,nan
139,17291,0.8174838888888889,-80.68578496193886,0.035555555555555556,0,125,0.056,0.0,0.944,0.0,0.0,1.0,0.0,0.0,118.0,0.904,0.006222222222222222,100.62652344703652,0.0003091740631135492,0.06956416420054858,0.23792763452855803,0.0,0.0,0.035555555555555556,0.035555555555555556,nan,2.1822997331619263,2.1822997331619263,14.799986124038696,nan,nan,nan,nan,nan,nan,nan,nan,nan,nan,nan,nan,nan,nan,nan,nan,nan,nan,nan,nan,nan,nan,nan,nan,nan,nan,nan,nan,nan,nan,nan,nan,nan,nan,nan,nan,nan,nan,nan,nan,nan,nan,nan,nan,nan,nan,nan,nan,nan,nan,nan,nan,nan
140,17331,0.8170616666666667,-12.038298507690428,0.035555555555555556,0,40,0.175,0.0,0.825,0.0,0.05,1.0,0.0,0.0,33.0,0.7,0.015555555555555555,50.745700073242155,0.0006130787646284888,0.13794272204140998,0.48962825441388036,0.0,0.0,nan,nan,nan,2.3556540608406067,2.3556540608406067,11.759624242782593,-65.81592469451428,0.035555555555555556,0.0,108.4,0.0,1.0,0.07063109452736319,0.0,0.9293689054726368,0.0,0.0032782515991471215,1.0,0.0,0.0,101.4,0.8789181236673775,0.006585185185185184,95.77642566204055,0.0003293825679460758,0.07411107778786705,0.26902344404617884,0.0,0.0,0.035555555555555556,0.035555555555555556,nan,-59.75608350169658,0.035555555555555556,0.0,103.3,0.0,1.0,0.07287276477297491,0.0,0.927127235227025,0.0,0.00418579179296467,1.0,0.0,0.0,96.3,0.8750752603891858,0.006844444444444445,91.68841430187219,0.00034825944822670354,0.07835837585100829,0.27268119833945004,0.0,0.0,0.035555555555555556,0.035555555555555556,nan,0.05511111111111111
141,17456,0.8157422222222223,-80.62364570426942,0.035555555555555556,0,125,0.056,0.0,0.944,0.0,0.0,1.0,0.0,0.0,118.0,0.904,0.006222222222222222,100.03472099304177,0.0003110031277367699,0.06997570374077323,0.24027078027906562,0.0,0.0,0.035555555555555556,0.035555555555555556,nan,2.3403151631355286,2.3403151631355286,14.70066785812378,nan,nan,nan,nan,nan,nan,nan,nan,nan,nan,nan,nan,nan,nan,nan,nan,nan,nan,nan,nan,nan,nan,nan,nan,nan,nan,nan,nan,nan,nan,nan,nan,nan,nan,nan,nan,nan,nan,nan,nan,nan,nan,nan,nan,nan,nan,nan,nan,nan,nan,nan,nan,nan
142,17574,0.8144966666666666,-22.923026857376094,0.1288888888888889,0,118,0.23728813559322035,0.0,0.7457627118644068,0.0,0.0,0.9830508474576272,0.01694915254237288,0.0,41.0,0.635593220338983,0.024888888888888887,100.0478748321531,0.0012438489538455528,0.2798660146152494,0.4801356626150594,0.0,1.0,0.06666666666666667,0.1288888888888889,nan,2.395909905433655,2.395909905433655,12.686170816421509,nan,nan,nan,nan,nan,nan,nan,nan,nan,nan,nan,nan,nan,nan,nan,nan,nan,nan,nan,nan,nan,nan,nan,nan,nan,nan,nan,nan,nan,nan,nan,nan,nan,nan,nan,nan,nan,nan,nan,nan,nan,nan,nan,nan,nan,nan,nan,nan,nan,nan,nan,nan,nan
143,17660,0.8135888888888889,-11.95486545085907,0.1288888888888889,0,86,0.32558139534883723,0.0,0.6511627906976745,0.0,0.023255813953488372,0.9767441860465116,0.023255813953488372,0.0,28.0,0.5,0.03111111111111111,70.46538524627677,0.0017660365299857607,0.39735821924679615,0.6092418857250703,0.0,1.0,0.09333333333333334,nan,nan,2.396355152130127,2.396355152130127,11.53414011001587,nan,nan,nan,nan,nan,nan,nan,nan,nan,nan,nan,nan,nan,nan,nan,nan,nan,nan,nan,nan,nan,nan,nan,nan,nan,nan,nan,nan,nan,nan,nan,nan,nan,nan,nan,nan,nan,nan,nan,nan,nan,nan,nan,nan,nan,nan,nan,nan,nan,nan,nan,nan,nan
144,17761,0.8125227777777778,-32.70225702953339,0.06666666666666667,0,101,0.13861386138613863,0.0,0.8514851485148515,0.0,0.0,0.9900990099009901,0.009900990099009901,0.0,62.0,0.7623762376237624,0.012444444444444444,100.25006694793703,0.0006206701313679537,0.13965077955778957,0.4128784150080723,0.0,1.0,0.06666666666666667,0.06666666666666667,nan,2.358159899711609,2.358159899711609,11.982518672943115,nan,nan,nan,nan,nan,nan,nan,nan,nan,nan,nan,nan,nan,nan,nan,nan,nan,nan,nan,nan,nan,nan,nan,nan,nan,nan,nan,nan,nan,nan,nan,nan,nan,nan,nan,nan,nan,nan,nan,nan,nan,nan,nan,nan,nan,nan,nan,nan,nan,nan,nan,nan,nan
145,17902,0.8110344444444444,-29.43824863171578,0.22666666666666666,0,141,0.3546099290780142,0.0070921985815602835,0.6028368794326241,0.0,0.0,0.9645390070921985,0.03546099290780142,0.0,65.0,0.5106382978723404,0.037037037037037035,120.87855839729342,0.0018383923928993347,0.41363828840235034,0.547120524534211,0.0,1.0,0.1288888888888889,0.22666666666666666,nan,2.481518507003784,2.481518507003784,11.600567817687988,nan,nan,nan,nan,nan,nan,nan,nan,nan,nan,nan,nan,nan,nan,nan,nan,nan,nan,nan,nan,nan,nan,nan,nan,nan,nan,nan,nan,nan,nan,nan,nan,nan,nan,nan,nan,nan,nan,nan,nan,nan,nan,nan,nan,nan,nan,nan,nan,nan,nan,nan,nan,nan
146,18020,0.8097888888888889,-29.064986448287968,0.11555555555555555,0,118,0.211864406779661,0.00847457627118644,0.7457627118644068,0.0,0.0,0.9661016949152542,0.03389830508474576,0.0,60.0,0.635593220338983,0.02222222222222222,100.73320426940907,0.0011030236942919686,0.24818033121569297,0.45979910845711924,0.0,1.0,0.10222222222222223,0.11555555555555555,nan,2.4217114448547363,2.4217114448547363,12.682490587234497,nan,nan,nan,nan,nan,nan,nan,nan,nan,nan,nan,nan,nan,nan,nan,nan,nan,nan,nan,nan,nan,nan,nan,nan,nan,nan,nan,nan,nan,nan,nan,nan,nan,nan,nan,nan,nan,nan,nan,nan,nan,nan,nan,nan,nan,nan,nan,nan,nan,nan,nan,nan,nan
147,18126,0.80867,-14.144204568862918,0.19111111111111112,0,106,0.39622641509433965,0.0,0.5754716981132075,0.0,0.0,0.9716981132075472,0.02830188679245283,0.0,30.0,0.44339622641509435,0.037333333333333336,100.17337684631356,0.0018634359002697044,0.4192730775606835,0.6186667292942947,0.0,1.0,0.12444444444444444,0.19111111111111112,nan,2.3694947361946106,2.3694947361946106,11.240444898605347,nan,nan,nan,nan,nan,nan,nan,nan,nan,nan,nan,nan,nan,nan,nan,nan,nan,nan,nan,nan,nan,nan,nan,nan,nan,nan,nan,nan,nan,nan,nan,nan,nan,nan,nan,nan,nan,nan,nan,nan,nan,nan,nan,nan,nan,nan,nan,nan,nan,nan,nan,nan,nan
148,18220,0.8076777777777777,-10.008027982234958,0.19111111111111112,0,94,0.44680851063829785,0.0,0.5212765957446809,0.0,0.010638297872340425,0.9680851063829787,0.031914893617021274,0.0,27.0,0.3617021276595745,0.04666666666666667,80.51455221176133,0.0023184214721298415,0.5216448312292143,0.6326919377852664,0.0,1.0,0.1288888888888889,nan,nan,2.164304882287979,2.164304882287979,13.072114706039429,nan,nan,nan,nan,nan,nan,nan,nan,nan,nan,nan,nan,nan,nan,nan,nan,nan,nan,nan,nan,nan,nan,nan,nan,nan,nan,nan,nan,nan,nan,nan,nan,nan,nan,nan,nan,nan,nan,nan,nan,nan,nan,nan,nan,nan,nan,nan,nan,nan,nan,nan,nan,nan
149,18281,0.8070338888888888,-3.3782332820892345,0.17333333333333334,0,61,0.6229508196721312,0.0,0.32786885245901637,0.0,0.03278688524590164,0.9508196721311475,0.04918032786885246,0.0,8.0,0.13114754098360656,0.07515151515151515,50.68793601989741,0.0033319346209439663,0.7496852897123925,0.8441901095779814,0.0,1.0,0.1288888888888889,nan,nan,2.4364511966705322,2.4364511966705322,10.625170469284058,nan,nan,nan,nan,nan,nan,nan,nan,nan,nan,nan,nan,nan,nan,nan,nan,nan,nan,nan,nan,nan,nan,nan,nan,nan,nan,nan,nan,nan,nan,nan,nan,nan,nan,nan,nan,nan,nan,nan,nan,nan,nan,nan,nan,nan,nan,nan,nan,nan,nan,nan,nan,nan
150,18364,0.8061577777777778,-2.8857353725433352,0.24888888888888888,0,83,0.6626506024096386,0.012048192771084338,0.24096385542168675,0.0,0.012048192771084338,0.9156626506024096,0.08433734939759036,0.0,8.0,0.060240963855421686,0.06111111111111111,70.16890830993644,0.003483657510599025,0.7838229398847807,0.8263520718959813,0.0,1.0,0.15555555555555556,nan,nan,2.3234219551086426,2.3234219551086426,12.418070554733276,nan,nan,nan,nan,nan,nan,nan,nan,nan,nan,nan,nan,nan,nan,nan,nan,nan,nan,nan,nan,nan,nan,nan,nan,nan,nan,nan,nan,nan,nan,nan,nan,nan,nan,nan,nan,nan,nan,nan,nan,nan,nan,nan,nan,nan,nan,nan,nan,nan,nan,nan,nan,nan
151,18447,0.8052816666666667,-5.516333175182346,0.21777777777777776,0,83,0.5783132530120482,0.012048192771084338,0.3373493975903614,0.0,0.012048192771084338,0.927710843373494,0.07228915662650602,0.0,21.0,0.21686746987951808,0.05569444444444443,70.26983976364133,0.0030359160352563547,0.6830811079326798,0.7653405941782812,0.0,1.0,0.12,nan,nan,2.5461068749427795,2.5461068749427795,10.220747470855713,nan,nan,nan,nan,nan,nan,nan,nan,nan,nan,nan,nan,nan,nan,nan,nan,nan,nan,nan,nan,nan,nan,nan,nan,nan,nan,nan,nan,nan,nan,nan,nan,nan,nan,nan,nan,nan,nan,nan,nan,nan,nan,nan,nan,nan,nan,nan,nan,nan,nan,nan,nan,nan
152,18530,0.8044055555555556,-25.837613084077837,0.06666666666666667,0,83,0.1686746987951807,0.0,0.8192771084337349,0.0,0.012048192771084338,0.9879518072289156,0.012048192771084338,0.0,58.0,0.7108433734939759,0.015555555555555555,80.1867912769318,0.0007759659818202797,0.17459234590956293,0.4520229383538928,0.0,1.0,0.06666666666666667,nan,nan,2.4745469093322754,2.4745469093322754,11.115965604782104,nan,nan,nan,nan,nan,nan,nan,nan,nan,nan,nan,nan,nan,nan,nan,nan,nan,nan,nan,nan,nan,nan,nan,nan,nan,nan,nan,nan,nan,nan,nan,nan,nan,nan,nan,nan,nan,nan,nan,nan,nan,nan,nan,nan,nan,nan,nan,nan,nan,nan,nan,nan,nan
153,18656,0.8030755555555555,-17.41819021558762,0.23555555555555555,0,126,0.4126984126984127,0.0,0.5555555555555556,0.0,0.0,0.9682539682539683,0.031746031746031744,0.0,37.0,0.46825396825396826,0.038518518518518514,100.78276395797711,0.0022931610727353773,0.5159612413654598,0.5410693981847247,0.0,1.0,0.07555555555555556,0.23555555555555555,nan,2.182432770729065,2.182432770729065,10.49780011177063,nan,nan,nan,nan,nan,nan,nan,nan,nan,nan,nan,nan,nan,nan,nan,nan,nan,nan,nan,nan,nan,nan,nan,nan,nan,nan,nan,nan,nan,nan,nan,nan,nan,nan,nan,nan,nan,nan,nan,nan,nan,nan,nan,nan,nan,nan,nan,nan,nan,nan,nan,nan,nan
154,18738,0.80221,-12.447146489620213,0.1288888888888889,0,82,0.34146341463414637,0.0,0.6341463414634146,0.0,0.012195121951219513,0.975609756097561,0.024390243902439025,0.0,32.0,0.4878048780487805,0.03111111111111111,70.04901418685903,0.001776533844037877,0.39972011490852233,0.6003466769929265,0.0,1.0,0.1288888888888889,nan,nan,2.374864161014557,2.374864161014557,9.641621828079224,nan,nan,nan,nan,nan,nan,nan,nan,nan,nan,nan,nan,nan,nan,nan,nan,nan,nan,nan,nan,nan,nan,nan,nan,nan,nan,nan,nan,nan,nan,nan,nan,nan,nan,nan,nan,nan,nan,nan,nan,nan,nan,nan,nan,nan,nan,nan,nan,nan,nan,nan,nan,nan
155,18823,0.8013127777777778,-20.07982048225403,0.06666666666666667,0,85,0.16470588235294117,0.0,0.8235294117647058,0.0,0.011764705882352941,0.9882352941176471,0.011764705882352941,0.0,39.0,0.7176470588235294,0.015555555555555555,70.2840045928954,0.0008852970541822527,0.1991918371910069,0.45008250081394696,0.0,1.0,0.06666666666666667,nan,nan,2.3820228576660156,2.3820228576660156,10.219112277030945,nan,nan,nan,nan,nan,nan,nan,nan,nan,nan,nan,nan,nan,nan,nan,nan,nan,nan,nan,nan,nan,nan,nan,nan,nan,nan,nan,nan,nan,nan,nan,nan,nan,nan,nan,nan,nan,nan,nan,nan,nan,nan,nan,nan,nan,nan,nan,nan,nan,nan,nan,nan,nan
156,18925,0.8002361111111111,-14.432864945173247,0.19111111111111112,0,102,0.4117647058823529,0.0,0.5588235294117647,0.0,0.00980392156862745,0.9705882352941176,0.029411764705882353,0.0,38.0,0.43137254901960786,0.04755555555555556,90.86538043022138,0.002054321082274171,0.4622222435116885,0.6117815931401164,0.0,1.0,0.057777777777777775,0.18666666666666668,nan,2.5377259254455566,2.5377259254455566,10.002635717391968,nan,nan,nan,nan,nan,nan,nan,nan,nan,nan,nan,nan,nan,nan,nan,nan,nan,nan,nan,nan,nan,nan,nan,nan,nan,nan,nan,nan,nan,nan,nan,nan,nan,nan,nan,nan,nan,nan,nan,nan,nan,nan,nan,nan,nan,nan,nan,nan,nan,nan,nan,nan,nan
157,19046,0.7989588888888889,-18.009115485906605,0.19111111111111112,0,121,0.34710743801652894,0.0,0.628099173553719,0.0,0.0,0.9752066115702479,0.024793388429752067,0.0,39.0,0.48760330578512395,0.037333333333333336,100.31538558006277,0.0018607979781694209,0.41867954508811966,0.6138727742517576,0.0,1.0,0.08888888888888889,0.19111111111111112,nan,2.119914710521698,2.119914710521698,14.148634195327759,nan,nan,nan,nan,nan,nan,nan,nan,nan,nan,nan,nan,nan,nan,nan,nan,nan,nan,nan,nan,nan,nan,nan,nan,nan,nan,nan,nan,nan,nan,nan,nan,nan,nan,nan,nan,nan,nan,nan,nan,nan,nan,nan,nan,nan,nan,nan,nan,nan,nan,nan,nan,nan
158,19172,0.7976288888888889,-81.88,0.035555555555555556,0,126,0.05555555555555555,0.0,0.9444444444444444,0.0,0.0,1.0,0.0,0.0,119.0,0.9047619047619048,0.005185185185185185,100.79999999999977,0.0003086419753086427,0.0694444444444446,0.23342184328847546,0.0,0.0,0.035555555555555556,0.035555555555555556,nan,2.3187527656555176,2.3187527656555176,12.2523353099823,nan,nan,nan,nan,nan,nan,nan,nan,nan,nan,nan,nan,nan,nan,nan,nan,nan,nan,nan,nan,nan,nan,nan,nan,nan,nan,nan,nan,nan,nan,nan,nan,nan,nan,nan,nan,nan,nan,nan,nan,nan,nan,nan,nan,nan,nan,nan,nan,nan,nan,nan,nan,nan
159,19299,0.7962883333333334,-7.941188801765444,0.3111111111111111,0,127,0.5433070866141733,0.015748031496062992,0.3543307086614173,0.0,0.0,0.9133858267716536,0.08661417322834646,0.0,27.0,0.25196850393700787,0.05111111111111111,100.0875123977659,0.0030639852996637365,0.6893966924243407,0.7934275187294274,0.0,1.0,0.1288888888888889,0.3111111111111111,nan,2.370987057685852,2.370987057685852,11.784100770950317,nan,nan,nan,nan,nan,nan,nan,nan,nan,nan,nan,nan,nan,nan,nan,nan,nan,nan,nan,nan,nan,nan,nan,nan,nan,nan,nan,nan,nan,nan,nan,nan,nan,nan,nan,nan,nan,nan,nan,nan,nan,nan,nan,nan,nan,nan,nan,nan,nan,nan,nan,nan,nan
160,19423,0.7949794444444445,-32.51754180359841,0.1288888888888889,0,124,0.22580645161290322,0.0,0.7580645161290323,0.0,0.0,0.9838709677419355,0.016129032258064516,0.0,66.0,0.6532258064516129,0.024888888888888887,100.7956362247465,0.0012346213497473999,0.27778980369316497,0.46961737172104306,0.0,1.0,0.09333333333333334,0.1288888888888889,nan,2.314078450202942,2.314078450202942,12.869423389434814,-65.81592469451428,0.035555555555555556,0.0,108.4,0.0,1.0,0.07063109452736319,0.0,0.9293689054726368,0.0,0.0032782515991471215,1.0,0.0,0.0,101.4,0.8789181236673775,0.006585185185185184,95.77642566204055,0.0003293825679460758,0.07411107778786705,0.26902344404617884,0.0,0.0,0.035555555555555556,0.035555555555555556,nan,-59.75608350169658,0.035555555555555556,0.0,103.3,0.0,1.0,0.07287276477297491,0.0,0.927127235227025,0.0,0.00418579179296467,1.0,0.0,0.0,96.3,0.8750752603891858,0.006844444444444445,91.68841430187219,0.00034825944822670354,0.07835837585100829,0.27268119833945004,0.0,0.0,0.035555555555555556,0.035555555555555556,nan,0.05511111111111111
161,19572,0.7934066666666667,-7.43903820157051,0.38666666666666666,0,149,0.5771812080536913,0.020134228187919462,0.3422818791946309,0.0,0.0,0.9395973154362416,0.06040268456375839,0.0,26.0,0.2080536912751678,0.06370370370370369,120.2384590625762,0.003178868268956281,0.7152453605151632,0.7362653959903184,0.0,1.0,0.13777777777777778,0.30666666666666664,nan,2.292018413543701,2.292018413543701,11.399665117263794,nan,nan,nan,nan,nan,nan,nan,nan,nan,nan,nan,nan,nan,nan,nan,nan,nan,nan,nan,nan,nan,nan,nan,nan,nan,nan,nan,nan,nan,nan,nan,nan,nan,nan,nan,nan,nan,nan,nan,nan,nan,nan,nan,nan,nan,nan,nan,nan,nan,nan,nan,nan,nan
162,19625,0.7928472222222223,-6.207044086456301,0.12,-2,53,0.49056603773584906,0.0,0.4716981132075472,0.0,0.05660377358490566,0.9622641509433962,0.03773584905660377,0.0,21.0,0.32075471698113206,0.07111111111111108,45.13375320434568,0.0025602912975655067,0.576065541952239,0.7705830774795954,0.0,1.0,0.10666666666666667,nan,nan,1.7261964976787567,1.7261964976787567,10.001272678375244,nan,nan,nan,nan,nan,nan,nan,nan,nan,nan,nan,nan,nan,nan,nan,nan,nan,nan,nan,nan,nan,nan,nan,nan,nan,nan,nan,nan,nan,nan,nan,nan,nan,nan,nan,nan,nan,nan,nan,nan,nan,nan,nan,nan,nan,nan,nan,nan,nan,nan,nan,nan,nan
163,19690,0.7921611111111111,-14.151333081722258,0.06666666666666667,0,65,0.2153846153846154,0.0,0.7692307692307693,0.0,0.015384615384615385,0.9846153846153847,0.015384615384615385,0.0,29.0,0.6307692307692307,0.02074074074074074,70.20317220687858,0.0008863163909297766,0.19942118795919975,0.5383312862188405,0.0,1.0,0.06666666666666667,nan,nan,2.062829405069351,2.062829405069351,9.251654744148254,nan,nan,nan,nan,nan,nan,nan,nan,nan,nan,nan,nan,nan,nan,nan,nan,nan,nan,nan,nan,nan,nan,nan,nan,nan,nan,nan,nan,nan,nan,nan,nan,nan,nan,nan,nan,nan,nan,nan,nan,nan,nan,nan,nan,nan,nan,nan,nan,nan,nan,nan,nan,nan
164,19802,0.7909788888888889,-9.43875235128403,0.24,0,112,0.4732142857142857,0.017857142857142856,0.44642857142857145,0.0,0.008928571428571428,0.9375,0.0625,0.0,25.0,0.3392857142857143,0.05385185185185184,90.25478429794295,0.0026098955018047086,0.5872264879060595,0.7380846088499098,0.0,0.8571428571428571,0.07555555555555556,0.2088888888888889,nan,2.277923107147217,2.277923107147217,8.58140742778778,nan,nan,nan,nan,nan,nan,nan,nan,nan,nan,nan,nan,nan,nan,nan,nan,nan,nan,nan,nan,nan,nan,nan,nan,nan,nan,nan,nan,nan,nan,nan,nan,nan,nan,nan,nan,nan,nan,nan,nan,nan,nan,nan,nan,nan,nan,nan,nan,nan,nan,nan,nan,nan
165,19904,0.7899022222222223,-17.792500000000004,0.14222222222222222,0,102,0.30392156862745096,0.00980392156862745,0.6568627450980392,0.0,0.00980392156862745,0.9705882352941176,0.029411764705882353,0.0,42.0,0.5490196078431373,0.027555555555555555,80.09999999999985,0.0017200721320571538,0.38701622971285965,0.570061194978383,0.0,1.0,0.10222222222222223,0.14222222222222222,nan,2.2001630067825317,2.2001630067825317,8.330508828163147,nan,nan,nan,nan,nan,nan,nan,nan,nan,nan,nan,nan,nan,nan,nan,nan,nan,nan,nan,nan,nan,nan,nan,nan,nan,nan,nan,nan,nan,nan,nan,nan,nan,nan,nan,nan,nan,nan,nan,nan,nan,nan,nan,nan,nan,nan,nan,nan,nan,nan,nan,nan,nan
166,20058,0.7882766666666667,-11.246809316873554,0.30666666666666664,0,154,0.44155844155844154,0.05844155844155844,0.38961038961038963,0.0,0.006493506493506494,0.8896103896103896,0.11038961038961038,0.0,21.0,0.24675324675324675,0.04317460317460318,130.1219934940337,0.0023226067639063614,0.5225865218789314,0.8133688024500715,0.0,0.8823529411764706,0.10222222222222223,0.2088888888888889,0.30666666666666664,2.3411237001419067,2.3411237001419067,6.927821040153503,nan,nan,nan,nan,nan,nan,nan,nan,nan,nan,nan,nan,nan,nan,nan,nan,nan,nan,nan,nan,nan,nan,nan,nan,nan,nan,nan,nan,nan,nan,nan,nan,nan,nan,nan,nan,nan,nan,nan,nan,nan,nan,nan,nan,nan,nan,nan,nan,nan,nan,nan,nan,nan
167,20132,0.7874955555555556,-7.492126561880115,0.17333333333333334,0,74,0.5135135135135135,0.0,0.44594594594594594,0.0,0.013513513513513514,0.9594594594594594,0.04054054054054054,0.0,22.0,0.3108108108108108,0.056419753086419756,70.36311011314389,0.002400247638532685,0.540055718669854,0.7164428278582502,0.0,1.0,0.16444444444444445,nan,nan,1.9554365873336792,1.9554365873336792,7.8007813692092896,nan,nan,nan,nan,nan,nan,nan,nan,nan,nan,nan,nan,nan,nan,nan,nan,nan,nan,nan,nan,nan,nan,nan,nan,nan,nan,nan,nan,nan,nan,nan,nan,nan,nan,nan,nan,nan,nan,nan,nan,nan,nan,nan,nan,nan,nan,nan,nan,nan,nan,nan,nan,nan
168,20330,0.7854055555555556,-11.45010826969147,0.41333333333333333,0,198,0.46464646464646464,0.09595959595959595,0.25757575757575757,0.020202020202020204,0.0,0.8181818181818182,0.18181818181818182,0.0,30.0,0.1919191919191919,0.051111111111111114,160.54388828277553,0.0025468978810871236,0.5730520232446028,0.8701472984190486,0.0,0.78125,0.1111111111111111,0.27111111111111114,0.36,2.350900888442993,2.350900888442993,10.160645008087158,nan,nan,nan,nan,nan,nan,nan,nan,nan,nan,nan,nan,nan,nan,nan,nan,nan,nan,nan,nan,nan,nan,nan,nan,nan,nan,nan,nan,nan,nan,nan,nan,nan,nan,nan,nan,nan,nan,nan,nan,nan,nan,nan,nan,nan,nan,nan,nan,nan,nan,nan,nan,nan
169,20534,0.7832522222222222,-17.841061148166666,0.4666666666666667,0,204,0.5098039215686274,0.024509803921568627,0.39705882352941174,0.0,0.0,0.9313725490196079,0.06372549019607843,0.004901960784313725,48.0,0.3137254901960784,0.05135802469135802,160.16248712539695,0.002885958069946378,0.6493405657379351,0.7242191057213473,0.0,0.9285714285714286,0.14666666666666667,0.26222222222222225,0.4444444444444444,2.25387179851532,2.25387179851532,7.752577781677246,nan,nan,nan,nan,nan,nan,nan,nan,nan,nan,nan,nan,nan,nan,nan,nan,nan,nan,nan,nan,nan,nan,nan,nan,nan,nan,nan,nan,nan,nan,nan,nan,nan,nan,nan,nan,nan,nan,nan,nan,nan,nan,nan,nan,nan,nan,nan,nan,nan,nan,nan,nan,nan
170,20690,0.7816055555555556,-13.165148145675658,0.3288888888888889,0,156,0.46794871794871795,0.019230769230769232,0.4230769230769231,0.00641025641025641,0.00641025641025641,0.9102564102564102,0.08333333333333333,0.00641025641025641,35.0,0.3141025641025641,0.046349206349206355,120.03950614929173,0.002702813888961995,0.6081331250164488,0.7051475284613178,0.0,0.8461538461538461,0.13333333333333333,0.3022222222222222,0.3288888888888889,2.025292605161667,2.025292605161667,7.075256824493408,nan,nan,nan,nan,nan,nan,nan,nan,nan,nan,nan,nan,nan,nan,nan,nan,nan,nan,nan,nan,nan,nan,nan,nan,nan,nan,nan,nan,nan,nan,nan,nan,nan,nan,nan,nan,nan,nan,nan,nan,nan,nan,nan,nan,nan,nan,nan,nan,nan,nan,nan,nan,nan
171,20771,0.7807505555555556,-2.7370913534164414,0.26222222222222225,0,81,0.7160493827160493,0.012345679012345678,0.20987654320987653,0.0,0.012345679012345678,0.9382716049382716,0.06172839506172839,0.0,12.0,0.08641975308641975,0.06796296296296299,70.677060508728,0.0036472622930596344,0.8206340159384176,0.8737874819918289,0.0,1.0,0.15555555555555556,nan,nan,1.941013216972351,1.941013216972351,7.248732328414917,nan,nan,nan,nan,nan,nan,nan,nan,nan,nan,nan,nan,nan,nan,nan,nan,nan,nan,nan,nan,nan,nan,nan,nan,nan,nan,nan,nan,nan,nan,nan,nan,nan,nan,nan,nan,nan,nan,nan,nan,nan,nan,nan,nan,nan,nan,nan,nan,nan,nan,nan,nan,nan
172,20932,0.7790511111111111,-10.501993685245516,0.3422222222222222,0,161,0.4720496894409938,0.062111801242236024,0.34782608695652173,0.006211180124223602,0.0,0.8819875776397516,0.11801242236024845,0.0,31.0,0.2857142857142857,0.05148629148629148,120.390416049957,0.0028056866057977084,0.6312794863044844,0.7841844297774005,0.0,0.7222222222222222,0.10666666666666667,0.27111111111111114,0.3244444444444444,2.141194134950638,2.141194134950638,6.900786876678467,nan,nan,nan,nan,nan,nan,nan,nan,nan,nan,nan,nan,nan,nan,nan,nan,nan,nan,nan,nan,nan,nan,nan,nan,nan,nan,nan,nan,nan,nan,nan,nan,nan,nan,nan,nan,nan,nan,nan,nan,nan,nan,nan,nan,nan,nan,nan,nan,nan,nan,nan,nan,nan
173,21077,0.7775205555555555,-12.60487965106964,0.3111111111111111,0,145,0.47586206896551725,0.06206896551724138,0.4068965517241379,0.0,0.0,0.9448275862068966,0.05517241379310345,0.0,36.0,0.30344827586206896,0.05111111111111111,120.71313953399635,0.0025404580466594556,0.5716030604983775,0.6867962772281476,0.0,1.0,0.15555555555555556,0.29333333333333333,nan,2.240049809217453,2.240049809217453,7.2180174589157104,nan,nan,nan,nan,nan,nan,nan,nan,nan,nan,nan,nan,nan,nan,nan,nan,nan,nan,nan,nan,nan,nan,nan,nan,nan,nan,nan,nan,nan,nan,nan,nan,nan,nan,nan,nan,nan,nan,nan,nan,nan,nan,nan,nan,nan,nan,nan,nan,nan,nan,nan,nan,nan
174,21205,0.7761694444444445,-39.7,0.1288888888888889,0,128,0.21875,0.0,0.75,0.0,0.0,0.96875,0.0234375,0.0078125,76.0,0.6875,0.02074074074074074,100.39999999999978,0.0012394864984506446,0.27888446215139506,0.4399007186097221,0.0,0.5,0.12,0.1288888888888889,nan,2.0860968232154846,2.0860968232154846,5.611981630325317,nan,nan,nan,nan,nan,nan,nan,nan,nan,nan,nan,nan,nan,nan,nan,nan,nan,nan,nan,nan,nan,nan,nan,nan,nan,nan,nan,nan,nan,nan,nan,nan,nan,nan,nan,nan,nan,nan,nan,nan,nan,nan,nan,nan,nan,nan,nan,nan,nan,nan,nan,nan,nan
175,21328,0.7748711111111111,-13.091190526962286,0.19555555555555557,0,123,0.34959349593495936,0.04065040650406504,0.5609756097560976,0.0,0.0,0.9512195121951219,0.04878048780487805,0.0,24.0,0.4634146341463415,0.03822222222222223,100.03038597106912,0.0019105305778424613,0.42986938001455377,0.6799719833728386,0.0,0.8333333333333334,0.08444444444444445,0.19555555555555557,nan,2.3606753945350647,2.3606753945350647,6.908215165138245,nan,nan,nan,nan,nan,nan,nan,nan,nan,nan,nan,nan,nan,nan,nan,nan,nan,nan,nan,nan,nan,nan,nan,nan,nan,nan,nan,nan,nan,nan,nan,nan,nan,nan,nan,nan,nan,nan,nan,nan,nan,nan,nan,nan,nan,nan,nan,nan,nan,nan,nan,nan,nan
176,21408,0.7740266666666666,-7.580058784008031,0.16444444444444445,0,80,0.45,0.0125,0.45,0.0125,0.0125,0.9125,0.075,0.0125,18.0,0.3625,0.06222222222222223,70.7148455619811,0.002262608349469717,0.5090868786306864,0.8058319217828565,0.0,0.5,0.1111111111111111,nan,nan,1.9823775589466095,1.9823775589466095,7.391380786895752,nan,nan,nan,nan,nan,nan,nan,nan,nan,nan,nan,nan,nan,nan,nan,nan,nan,nan,nan,nan,nan,nan,nan,nan,nan,nan,nan,nan,nan,nan,nan,nan,nan,nan,nan,nan,nan,nan,nan,nan,nan,nan,nan,nan,nan,nan,nan,nan,nan,nan,nan,nan,nan
177,21461,0.7734672222222222,-4.184504986047745,0.14666666666666667,0,53,0.6037735849056604,0.0,0.33962264150943394,0.0,0.03773584905660377,0.9433962264150944,0.05660377358490566,0.0,11.0,0.1320754716981132,0.047407407407407405,51.01433320045469,0.0027878875072889237,0.6272746891400078,0.8910341122843585,0.0,1.0,0.14666666666666667,nan,nan,2.0759676694869995,2.0759676694869995,7.5463584661483765,nan,nan,nan,nan,nan,nan,nan,nan,nan,nan,nan,nan,nan,nan,nan,nan,nan,nan,nan,nan,nan,nan,nan,nan,nan,nan,nan,nan,nan,nan,nan,nan,nan,nan,nan,nan,nan,nan,nan,nan,nan,nan,nan,nan,nan,nan,nan,nan,nan,nan,nan,nan,nan
178,21540,0.7726333333333333,-7.0095151028633165,0.18666666666666668,0,79,0.5189873417721519,0.0,0.43037974683544306,0.0,0.012658227848101266,0.9493670886075949,0.05063291139240506,0.0,20.0,0.2911392405063291,0.06888888888888889,70.71919145584093,0.002576701153830456,0.5797577596118525,0.7810575824620927,0.0,1.0,0.14666666666666667,nan,nan,2.1787899136543274,2.1787899136543274,7.730801463127136,nan,nan,nan,nan,nan,nan,nan,nan,nan,nan,nan,nan,nan,nan,nan,nan,nan,nan,nan,nan,nan,nan,nan,nan,nan,nan,nan,nan,nan,nan,nan,nan,nan,nan,nan,nan,nan,nan,nan,nan,nan,nan,nan,nan,nan,nan,nan,nan,nan,nan,nan,nan,nan
179,21627,0.7717149999999999,-7.628122500896454,0.2,0,87,0.5057471264367817,0.011494252873563218,0.4367816091954023,0.0,0.011494252873563218,0.9540229885057471,0.04597701149425287,0.0,27.0,0.3218390804597701,0.04888888888888889,70.43926191329945,0.0027762294811699787,0.6246516332632451,0.7600316384153254,0.0,1.0,0.15555555555555556,nan,nan,2.181117355823517,2.181117355823517,8.979036808013916,nan,nan,nan,nan,nan,nan,nan,nan,nan,nan,nan,nan,nan,nan,nan,nan,nan,nan,nan,nan,nan,nan,nan,nan,nan,nan,nan,nan,nan,nan,nan,nan,nan,nan,nan,nan,nan,nan,nan,nan,nan,nan,nan,nan,nan,nan,nan,nan,nan,nan,nan,nan,nan
180,21711,0.7708283333333333,-7.241997755050662,0.1511111111111111,0,84,0.39285714285714285,0.03571428571428571,0.35714285714285715,0.08333333333333333,0.011904761904761904,0.7857142857142857,0.21428571428571427,0.0,19.0,0.21428571428571427,0.03666666666666667,70.50474052429192,0.00208023837228553,0.46805363376424425,0.8241463039439714,0.0,0.7272727272727273,0.10222222222222223,nan,nan,2.107722967863083,2.107722967863083,9.131949782371521,-225.8912113793849,0.08222222222222222,0.4,203.8,0.4,0.6,0.11168441612490612,0.014863161877535596,0.19261263981386986,0.6666199713538792,0.002085133967156439,0.3191602178163116,0.6808397821836885,0.0,159.1,0.806634890464171,0.011431687242798354,94.5277274227139,0.0008548704675134942,0.1923458551905362,0.4363498621008425,0.0,0.53,0.041777777777777775,0.049876543209876535,0.035555555555555556,-190.5790692582368,0.07555555555555554,0.1,183.8,0.2,0.8,0.11295753965688146,0.008566101694915253,0.18650386815366993,0.6763301966156513,0.004826740281465227,0.30802750950546665,0.6919724904945334,0.0,147.2,0.8106621537466422,0.011375837742504408,87.83113579273201,0.0008516556804915462,0.19162252811059788,0.4336138738490961,0.0,0.65,0.04755555555555555,0.035555555555555556,0.03629629629629629,0.12759012345679013
181,21941,0.7684005555555555,-17.943587460517875,0.26666666666666666,0,230,0.2565217391304348,0.05652173913043478,0.2391304347826087,0.26521739130434785,0.0,0.5521739130434783,0.44782608695652176,0.0,77.0,0.45652173913043476,0.026222222222222223,140.79607105255113,0.0018624257073505245,0.419045784153868,0.839243815142286,0.0,0.4523809523809524,0.07555555555555556,0.13777777777777778,0.13777777777777778,2.083510011434555,2.083510011434555,6.469577074050903,nan,nan,nan,nan,nan,nan,nan,nan,nan,nan,nan,nan,nan,nan,nan,nan,nan,nan,nan,nan,nan,nan,nan,nan,nan,nan,nan,nan,nan,nan,nan,nan,nan,nan,nan,nan,nan,nan,nan,nan,nan,nan,nan,nan,nan,nan,nan,nan,nan,nan,nan,nan,nan
182,22019,0.7675772222222222,-5.351976758480072,0.13333333333333333,0,78,0.3717948717948718,0.11538461538461539,0.23076923076923078,0.07692307692307693,0.02564102564102564,0.717948717948718,0.28205128205128205,0.0,16.0,0.2692307692307692,0.05666666666666667,60.79977865219114,0.002119890758586568,0.4769754206819778,0.8947205442448913,0.0,0.5625,0.09333333333333334,nan,nan,2.090925544500351,2.090925544500351,7.1378889083862305,nan,nan,nan,nan,nan,nan,nan,nan,nan,nan,nan,nan,nan,nan,nan,nan,nan,nan,nan,nan,nan,nan,nan,nan,nan,nan,nan,nan,nan,nan,nan,nan,nan,nan,nan,nan,nan,nan,nan,nan,nan,nan,nan,nan,nan,nan,nan,nan,nan,nan,nan,nan,nan
183,22140,0.7663,-8.009069077014924,0.26222222222222225,0,121,0.4793388429752066,0.05785123966942149,0.34710743801652894,0.008264462809917356,0.0,0.8842975206611571,0.09917355371900827,0.01652892561983471,20.0,0.2727272727272727,0.05172486772486773,100.26732454299929,0.0025709051174216853,0.5784536514198791,0.8352982280313267,0.0,0.6923076923076923,0.12444444444444444,0.2577777777777778,nan,2.3110718727111816,2.3110718727111816,7.540887475013733,nan,nan,nan,nan,nan,nan,nan,nan,nan,nan,nan,nan,nan,nan,nan,nan,nan,nan,nan,nan,nan,nan,nan,nan,nan,nan,nan,nan,nan,nan,nan,nan,nan,nan,nan,nan,nan,nan,nan,nan,nan,nan,nan,nan,nan,nan,nan,nan,nan,nan,nan,nan,nan
184,22276,0.7648644444444445,-10.271897261142733,0.2222222222222222,0,136,0.3602941176470588,0.03676470588235294,0.33088235294117646,0.1323529411764706,0.007352941176470588,0.7279411764705882,0.27205882352941174,0.0,28.0,0.3161764705882353,0.03629629629629629,90.722831058502,0.002400473786332189,0.5401066019247425,0.8253092676558706,0.0,0.7894736842105263,0.09777777777777778,0.19555555555555557,nan,2.1436548829078674,2.1436548829078674,6.591082215309143,nan,nan,nan,nan,nan,nan,nan,nan,nan,nan,nan,nan,nan,nan,nan,nan,nan,nan,nan,nan,nan,nan,nan,nan,nan,nan,nan,nan,nan,nan,nan,nan,nan,nan,nan,nan,nan,nan,nan,nan,nan,nan,nan,nan,nan,nan,nan,nan,nan,nan,nan,nan,nan
185,22417,0.7633761111111111,-16.910579093933112,0.16444444444444445,0,141,0.2553191489361702,0.09929078014184398,0.44680851063829785,0.0425531914893617,0.0,0.8014184397163121,0.19858156028368795,0.0,40.0,0.41843971631205673,0.02666666666666667,100.23408660888654,0.001596263361228801,0.35915925627648027,0.723693197664503,0.0,0.5909090909090909,0.08444444444444445,0.16,nan,2.1173688173294067,2.1173688173294067,5.583706259727478,nan,nan,nan,nan,nan,nan,nan,nan,nan,nan,nan,nan,nan,nan,nan,nan,nan,nan,nan,nan,nan,nan,nan,nan,nan,nan,nan,nan,nan,nan,nan,nan,nan,nan,nan,nan,nan,nan,nan,nan,nan,nan,nan,nan,nan,nan,nan,nan,nan,nan,nan,nan,nan
186,22560,0.7618666666666667,-15.659396571874625,0.14222222222222222,0,143,0.21678321678321677,0.055944055944055944,0.42657342657342656,0.1048951048951049,0.0,0.6993006993006993,0.3006993006993007,0.0,42.0,0.3706293706293706,0.022962962962962963,100.15615782737716,0.0013756296244434904,0.3095166654997853,0.7911957186760328,0.0,0.5714285714285714,0.07555555555555556,0.13777777777777778,nan,2.0926535725593567,2.0926535725593567,9.05125117301941,nan,nan,nan,nan,nan,nan,nan,nan,nan,nan,nan,nan,nan,nan,nan,nan,nan,nan,nan,nan,nan,nan,nan,nan,nan,nan,nan,nan,nan,nan,nan,nan,nan,nan,nan,nan,nan,nan,nan,nan,nan,nan,nan,nan,nan,nan,nan,nan,nan,nan,nan,nan,nan
187,22662,0.76079,-7.385060966253286,0.24,-1,102,0.5196078431372549,0.0,0.43137254901960786,0.0,0.0196078431372549,0.9509803921568627,0.049019607843137254,0.0,17.0,0.27450980392156865,0.06755555555555556,86.0291520595549,0.00273808993714699,0.6160702358580729,0.7486341948990374,0.0,1.0,0.11555555555555555,0.2311111111111111,nan,1.9813893735408783,1.9813893735408783,9.186891078948975,nan,nan,nan,nan,nan,nan,nan,nan,nan,nan,nan,nan,nan,nan,nan,nan,nan,nan,nan,nan,nan,nan,nan,nan,nan,nan,nan,nan,nan,nan,nan,nan,nan,nan,nan,nan,nan,nan,nan,nan,nan,nan,nan,nan,nan,nan,nan,nan,nan,nan,nan,nan,nan
188,22788,0.75946,-18.861335062980658,0.1688888888888889,0,126,0.29365079365079366,0.007936507936507936,0.6587301587301587,0.0,0.0,0.9603174603174603,0.03968253968253968,0.0,40.0,0.5238095238095238,0.027407407407407408,100.43176250457743,0.00163737487368052,0.36840934657811697,0.599543531852568,0.0,1.0,0.07555555555555556,0.1688888888888889,nan,2.2094186544418335,2.2094186544418335,7.4394766092300415,nan,nan,nan,nan,nan,nan,nan,nan,nan,nan,nan,nan,nan,nan,nan,nan,nan,nan,nan,nan,nan,nan,nan,nan,nan,nan,nan,nan,nan,nan,nan,nan,nan,nan,nan,nan,nan,nan,nan,nan,nan,nan,nan,nan,nan,nan,nan,nan,nan,nan,nan,nan,nan
189,22874,0.7585522222222222,-11.18618038606644,0.16444444444444445,0,86,0.4186046511627907,0.0,0.5465116279069767,0.0,0.011627906976744186,0.9651162790697675,0.03488372093023256,0.0,27.0,0.4186046511627907,0.04,80.57314653396611,0.0019857732617225145,0.4467989838875658,0.6929636119880301,0.0,1.0,0.12444444444444444,nan,nan,1.8426431119441986,1.8426431119441986,7.264091849327087,nan,nan,nan,nan,nan,nan,nan,nan,nan,nan,nan,nan,nan,nan,nan,nan,nan,nan,nan,nan,nan,nan,nan,nan,nan,nan,nan,nan,nan,nan,nan,nan,nan,nan,nan,nan,nan,nan,nan,nan,nan,nan,nan,nan,nan,nan,nan,nan,nan,nan,nan,nan,nan
190,22962,0.7576233333333333,-14.575913741111757,0.10666666666666667,0,88,0.26136363636363635,0.011363636363636364,0.6704545454545454,0.011363636363636364,0.011363636363636364,0.9431818181818182,0.056818181818181816,0.0,40.0,0.5681818181818182,0.025555555555555557,70.50394039154043,0.001449879562114341,0.3262229014757267,0.6050514442434257,0.0,0.5,0.10666666666666667,nan,nan,1.972321093082428,1.972321093082428,6.74225389957428,nan,nan,nan,nan,nan,nan,nan,nan,nan,nan,nan,nan,nan,nan,nan,nan,nan,nan,nan,nan,nan,nan,nan,nan,nan,nan,nan,nan,nan,nan,nan,nan,nan,nan,nan,nan,nan,nan,nan,nan,nan,nan,nan,nan,nan,nan,nan,nan,nan,nan,nan,nan,nan
191,23150,0.7556388888888889,-17.940000000000005,0.1688888888888889,0,188,0.19680851063829788,0.14361702127659576,0.3404255319148936,0.12234042553191489,0.0,0.6808510638297872,0.3191489361702128,0.0,41.0,0.5106382978723404,0.020555555555555556,120.39999999999962,0.0013658176448874165,0.30730897009966873,0.8002295231007972,0.0,0.35135135135135137,0.08,0.12,0.1688888888888889,2.1083818078041077,2.1083818078041077,6.904691576957703,nan,nan,nan,nan,nan,nan,nan,nan,nan,nan,nan,nan,nan,nan,nan,nan,nan,nan,nan,nan,nan,nan,nan,nan,nan,nan,nan,nan,nan,nan,nan,nan,nan,nan,nan,nan,nan,nan,nan,nan,nan,nan,nan,nan,nan,nan,nan,nan,nan,nan,nan,nan,nan
192,23253,0.7545516666666666,-8.221708859920504,0.2222222222222222,0,103,0.47572815533980584,0.02912621359223301,0.3883495145631068,0.02912621359223301,0.009708737864077669,0.8932038834951457,0.10679611650485436,0.0,26.0,0.32038834951456313,0.043555555555555556,80.0353224754332,0.002721020807339466,0.6122296816513799,0.7771363401665343,0.0,0.875,0.12444444444444444,0.2222222222222222,nan,1.9004459977149963,1.9004459977149963,7.007667064666748,nan,nan,nan,nan,nan,nan,nan,nan,nan,nan,nan,nan,nan,nan,nan,nan,nan,nan,nan,nan,nan,nan,nan,nan,nan,nan,nan,nan,nan,nan,nan,nan,nan,nan,nan,nan,nan,nan,nan,nan,nan,nan,nan,nan,nan,nan,nan,nan,nan,nan,nan,nan,nan
193,23388,0.7531266666666667,-11.745715363502507,0.21777777777777776,0,135,0.35555555555555557,0.05925925925925926,0.32592592592592595,0.08888888888888889,0.007407407407407408,0.7407407407407407,0.25925925925925924,0.0,36.0,0.25925925925925924,0.035555555555555556,100.6734796524046,0.0021190618827312763,0.47678892361453723,0.8216571831529224,0.0,0.8260869565217391,0.11555555555555555,0.21777777777777776,nan,2.0077364444732666,2.0077364444732666,8.6454359292984,nan,nan,nan,nan,nan,nan,nan,nan,nan,nan,nan,nan,nan,nan,nan,nan,nan,nan,nan,nan,nan,nan,nan,nan,nan,nan,nan,nan,nan,nan,nan,nan,nan,nan,nan,nan,nan,nan,nan,nan,nan,nan,nan,nan,nan,nan,nan,nan,nan,nan,nan,nan,nan
194,23561,0.7513005555555555,-25.560779154300693,0.21333333333333335,0,173,0.27167630057803466,0.04046242774566474,0.47398843930635837,0.08092485549132948,0.0,0.7861271676300579,0.2138728323699422,0.0,69.0,0.44508670520231214,0.029841269841269842,120.78837289810147,0.0017293791105631507,0.38911029987670886,0.7094061242548458,0.0,0.6956521739130435,0.10222222222222223,0.20444444444444446,0.21333333333333335,1.9953396618366241,1.9953396618366241,7.226495027542114,nan,nan,nan,nan,nan,nan,nan,nan,nan,nan,nan,nan,nan,nan,nan,nan,nan,nan,nan,nan,nan,nan,nan,nan,nan,nan,nan,nan,nan,nan,nan,nan,nan,nan,nan,nan,nan,nan,nan,nan,nan,nan,nan,nan,nan,nan,nan,nan,nan,nan,nan,nan,nan
195,23617,0.7507094444444444,-5.846407937049868,0.1288888888888889,0,56,0.5,0.0,0.4642857142857143,0.0,0.03571428571428571,0.9642857142857143,0.03571428571428571,0.0,19.0,0.2857142857142857,0.04148148148148148,50.194361305236754,0.002479251477824088,0.5578315825104199,0.7366212878274822,0.0,1.0,0.1288888888888889,nan,nan,2.2486070096492767,2.2486070096492767,7.14147162437439,nan,nan,nan,nan,nan,nan,nan,nan,nan,nan,nan,nan,nan,nan,nan,nan,nan,nan,nan,nan,nan,nan,nan,nan,nan,nan,nan,nan,nan,nan,nan,nan,nan,nan,nan,nan,nan,nan,nan,nan,nan,nan,nan,nan,nan,nan,nan,nan,nan,nan,nan,nan,nan
196,23742,0.74939,-12.362172782421116,0.16444444444444445,0,125,0.288,0.08,0.568,0.0,0.0,0.936,0.064,0.0,25.0,0.48,0.032,100.30640745162957,0.0015951124565711944,0.35890030272851875,0.7443954554270446,0.0,0.75,0.10666666666666667,0.16,nan,2.102525234222412,2.102525234222412,8.699506640434265,nan,nan,nan,nan,nan,nan,nan,nan,nan,nan,nan,nan,nan,nan,nan,nan,nan,nan,nan,nan,nan,nan,nan,nan,nan,nan,nan,nan,nan,nan,nan,nan,nan,nan,nan,nan,nan,nan,nan,nan,nan,nan,nan,nan,nan,nan,nan,nan,nan,nan,nan,nan,nan
197,23844,0.7483133333333334,-11.103124066352848,0.19111111111111112,0,102,0.4117647058823529,0.0,0.5588235294117647,0.0,0.00980392156862745,0.9705882352941176,0.029411764705882353,0.0,29.0,0.4215686274509804,0.037333333333333336,80.10594348907456,0.002330247401581702,0.524305665355883,0.6266672816829638,0.0,1.0,0.1288888888888889,0.19111111111111112,nan,2.2406983077526093,2.2406983077526093,5.929481863975525,nan,nan,nan,nan,nan,nan,nan,nan,nan,nan,nan,nan,nan,nan,nan,nan,nan,nan,nan,nan,nan,nan,nan,nan,nan,nan,nan,nan,nan,nan,nan,nan,nan,nan,nan,nan,nan,nan,nan,nan,nan,nan,nan,nan,nan,nan,nan,nan,nan,nan,nan,nan,nan
198,23894,0.7477855555555556,-8.846713774681092,0.06666666666666667,0,50,0.28,0.0,0.7,0.0,0.04,0.98,0.02,0.0,19.0,0.52,0.03111111111111111,50.540131187438945,0.0012311448498512545,0.27700759121653223,0.6563958065345544,0.0,1.0,0.06666666666666667,nan,nan,1.985743135213852,1.985743135213852,6.284361958503723,nan,nan,nan,nan,nan,nan,nan,nan,nan,nan,nan,nan,nan,nan,nan,nan,nan,nan,nan,nan,nan,nan,nan,nan,nan,nan,nan,nan,nan,nan,nan,nan,nan,nan,nan,nan,nan,nan,nan,nan,nan,nan,nan,nan,nan,nan,nan,nan,nan,nan,nan,nan,nan
199,23987,0.7468038888888889,-48.35943960380556,0.035555555555555556,0,93,0.07526881720430108,0.0,0.9247311827956989,0.0,0.0,1.0,0.0,0.0,86.0,0.8709677419354839,0.0077777777777777776,100.58513908386215,0.0003093012685022232,0.06959278541300022,0.2883369857788557,0.0,0.0,0.035555555555555556,nan,nan,2.159386068582535,2.159386068582535,7.255244016647339,nan,nan,nan,nan,nan,nan,nan,nan,nan,nan,nan,nan,nan,nan,nan,nan,nan,nan,nan,nan,nan,nan,nan,nan,nan,nan,nan,nan,nan,nan,nan,nan,nan,nan,nan,nan,nan,nan,nan,nan,nan,nan,nan,nan,nan,nan,nan,nan,nan,nan,nan,nan,nan
200,24113,0.7454738888888889,-42.308093544960016,0.06666666666666667,0,126,0.1111111111111111,0.0,0.8809523809523809,0.0,0.0,0.9920634920634921,0.007936507936507936,0.0,65.0,0.8095238095238095,0.01037037037037037,100.30565280914284,0.0006203261778338247,0.13957339001261057,0.33415908943715167,0.0,1.0,0.035555555555555556,0.06666666666666667,nan,2.088574379682541,2.088574379682541,6.606540322303772,-65.81592469451428,0.035555555555555556,0.0,108.4,0.0,1.0,0.07063109452736319,0.0,0.9293689054726368,0.0,0.0032782515991471215,1.0,0.0,0.0,101.4,0.8789181236673775,0.006585185185185184,95.77642566204055,0.0003293825679460758,0.07411107778786705,0.26902344404617884,0.0,0.0,0.035555555555555556,0.035555555555555556,nan,-59.75608350169658,0.035555555555555556,0.0,103.3,0.0,1.0,0.07287276477297491,0.0,0.927127235227025,0.0,0.00418579179296467,1.0,0.0,0.0,96.3,0.8750752603891858,0.006844444444444445,91.68841430187219,0.00034825944822670354,0.07835837585100829,0.27268119833945004,0.0,0.0,0.035555555555555556,0.035555555555555556,nan,0.05511111111111111
201,24241,0.7441227777777778,-15.618793469429022,0.25333333333333335,0,128,0.4375,0.0,0.53125,0.0,0.0078125,0.96875,0.03125,0.0,37.0,0.4140625,0.04148148148148149,110.6742235183714,0.002248842422170457,0.5059895449883528,0.5725788970928358,0.0,1.0,0.08888888888888889,0.25333333333333335,nan,2.065182149410248,2.065182149410248,7.637022256851196,nan,nan,nan,nan,nan,nan,nan,nan,nan,nan,nan,nan,nan,nan,nan,nan,nan,nan,nan,nan,nan,nan,nan,nan,nan,nan,nan,nan,nan,nan,nan,nan,nan,nan,nan,nan,nan,nan,nan,nan,nan,nan,nan,nan,nan,nan,nan,nan,nan,nan,nan,nan,nan
202,24343,0.7430461111111111,-19.80314427375793,0.13333333333333333,0,102,0.28431372549019607,0.00980392156862745,0.6764705882352942,0.0,0.00980392156862745,0.9705882352941176,0.029411764705882353,0.0,45.0,0.5980392156862745,0.04622222222222223,80.10613594055161,0.0016089764832064794,0.36201970872145783,0.5512502656666777,0.0,1.0,0.06666666666666667,0.12444444444444444,nan,1.8734157383441925,1.8734157383441925,8.009419441223145,nan,nan,nan,nan,nan,nan,nan,nan,nan,nan,nan,nan,nan,nan,nan,nan,nan,nan,nan,nan,nan,nan,nan,nan,nan,nan,nan,nan,nan,nan,nan,nan,nan,nan,nan,nan,nan,nan,nan,nan,nan,nan,nan,nan,nan,nan,nan,nan,nan,nan,nan,nan,nan
203,24469,0.7417161111111111,-81.88,0.035555555555555556,0,126,0.05555555555555555,0.0,0.9444444444444444,0.0,0.0,1.0,0.0,0.0,119.0,0.9047619047619048,0.005185185185185185,100.79999999999977,0.0003086419753086427,0.0694444444444446,0.23910075558707725,0.0,0.0,0.035555555555555556,0.035555555555555556,nan,1.9758619666099548,1.9758619666099548,6.446805357933044,nan,nan,nan,nan,nan,nan,nan,nan,nan,nan,nan,nan,nan,nan,nan,nan,nan,nan,nan,nan,nan,nan,nan,nan,nan,nan,nan,nan,nan,nan,nan,nan,nan,nan,nan,nan,nan,nan,nan,nan,nan,nan,nan,nan,nan,nan,nan,nan,nan,nan,nan,nan,nan
204,24588,0.74046,-22.081187219142905,0.13333333333333333,0,119,0.24369747899159663,0.008403361344537815,0.7226890756302521,0.0,0.0,0.9747899159663865,0.025210084033613446,0.0,40.0,0.6134453781512605,0.025777777777777778,100.16368780136114,0.0012867825827708533,0.28952608112344197,0.5430730406659585,0.0,1.0,0.06666666666666667,0.13333333333333333,nan,1.8237288296222687,1.8237288296222687,6.583260774612427,nan,nan,nan,nan,nan,nan,nan,nan,nan,nan,nan,nan,nan,nan,nan,nan,nan,nan,nan,nan,nan,nan,nan,nan,nan,nan,nan,nan,nan,nan,nan,nan,nan,nan,nan,nan,nan,nan,nan,nan,nan,nan,nan,nan,nan,nan,nan,nan,nan,nan,nan,nan,nan
205,24665,0.7396472222222222,-7.153189675569537,0.17777777777777778,0,77,0.5064935064935064,0.0,0.45454545454545453,0.0,0.012987012987012988,0.961038961038961,0.03896103896103896,0.0,17.0,0.2987012987012987,0.043333333333333335,70.86847310066224,0.0024458454620170673,0.5503152289538401,0.7428620367228626,0.0,1.0,0.13333333333333333,nan,nan,1.7419917583465576,1.7419917583465576,6.9422290325164795,nan,nan,nan,nan,nan,nan,nan,nan,nan,nan,nan,nan,nan,nan,nan,nan,nan,nan,nan,nan,nan,nan,nan,nan,nan,nan,nan,nan,nan,nan,nan,nan,nan,nan,nan,nan,nan,nan,nan,nan,nan,nan,nan,nan,nan,nan,nan,nan,nan,nan,nan,nan,nan
206,24813,0.738085,-6.614456354379653,0.36444444444444446,0,148,0.5472972972972973,0.060810810810810814,0.24324324324324326,0.013513513513513514,0.0,0.8513513513513513,0.14864864864864866,0.0,22.0,0.16216216216216217,0.06006441223832529,120.72815575599645,0.0029819059004561922,0.6709288276026432,0.8802370876592226,0.0,0.85,0.12,0.26666666666666666,nan,1.7594547271728516,1.7594547271728516,6.756744384765625,nan,nan,nan,nan,nan,nan,nan,nan,nan,nan,nan,nan,nan,nan,nan,nan,nan,nan,nan,nan,nan,nan,nan,nan,nan,nan,nan,nan,nan,nan,nan,nan,nan,nan,nan,nan,nan,nan,nan,nan,nan,nan,nan,nan,nan,nan,nan,nan,nan,nan,nan,nan,nan
207,24945,0.7366916666666667,-5.055428543567661,0.32,0,132,0.5378787878787878,0.11363636363636363,0.15151515151515152,0.03787878787878788,0.007575757575757576,0.803030303030303,0.19696969696969696,0.0,16.0,0.09090909090909091,0.06211640211640213,110.22312898635853,0.002862879673780713,0.6441479266006604,0.8933679829085706,0.0,0.7619047619047619,0.12,0.23555555555555555,nan,1.9124358594417572,1.9124358594417572,6.7045416831970215,nan,nan,nan,nan,nan,nan,nan,nan,nan,nan,nan,nan,nan,nan,nan,nan,nan,nan,nan,nan,nan,nan,nan,nan,nan,nan,nan,nan,nan,nan,nan,nan,nan,nan,nan,nan,nan,nan,nan,nan,nan,nan,nan,nan,nan,nan,nan,nan,nan,nan,nan,nan,nan
208,25101,0.735045,-22.053223971843725,0.19111111111111112,0,156,0.2692307692307692,0.07692307692307693,0.4423076923076923,0.07051282051282051,0.00641025641025641,0.7884615384615384,0.21153846153846154,0.0,64.0,0.4935897435897436,0.02666666666666667,110.30689496993988,0.0016922484013128633,0.3807558902953942,0.7165200963746184,0.0,0.6363636363636364,0.12444444444444444,0.19111111111111112,0.19111111111111112,2.0357092320919037,2.0357092320919037,7.435683488845825,nan,nan,nan,nan,nan,nan,nan,nan,nan,nan,nan,nan,nan,nan,nan,nan,nan,nan,nan,nan,nan,nan,nan,nan,nan,nan,nan,nan,nan,nan,nan,nan,nan,nan,nan,nan,nan,nan,nan,nan,nan,nan,nan,nan,nan,nan,nan,nan,nan,nan,nan,nan,nan
209,25233,0.7336516666666667,-7.736375893115998,0.27111111111111114,0,132,0.45454545454545453,0.07575757575757576,0.32575757575757575,0.007575757575757576,0.0,0.8560606060606061,0.14393939393939395,0.0,24.0,0.21212121212121213,0.04444444444444445,100.47024660110452,0.002654185449801963,0.5971917262054415,0.827383159194244,0.0,0.7777777777777778,0.11555555555555555,0.23555555555555555,nan,1.9815767109394073,1.9815767109394073,6.566535234451294,nan,nan,nan,nan,nan,nan,nan,nan,nan,nan,nan,nan,nan,nan,nan,nan,nan,nan,nan,nan,nan,nan,nan,nan,nan,nan,nan,nan,nan,nan,nan,nan,nan,nan,nan,nan,nan,nan,nan,nan,nan,nan,nan,nan,nan,nan,nan,nan,nan,nan,nan,nan,nan
210,25314,0.7327966666666668,-7.9375000000000036,0.13777777777777778,0,81,0.37037037037037035,0.037037037037037035,0.48148148148148145,0.024691358024691357,0.024691358024691357,0.8888888888888888,0.1111111111111111,0.0,23.0,0.4074074074074074,0.03333333333333333,60.29999999999992,0.002211166390270871,0.49751243781094595,0.7286595306668807,0.0,0.7142857142857143,0.10666666666666667,nan,nan,2.1848918795585632,2.1848918795585632,6.007030248641968,nan,nan,nan,nan,nan,nan,nan,nan,nan,nan,nan,nan,nan,nan,nan,nan,nan,nan,nan,nan,nan,nan,nan,nan,nan,nan,nan,nan,nan,nan,nan,nan,nan,nan,nan,nan,nan,nan,nan,nan,nan,nan,nan,nan,nan,nan,nan,nan,nan,nan,nan,nan,nan
211,25443,0.7314350000000001,-30.621817454099656,0.14666666666666667,0,129,0.24806201550387597,0.0,0.7286821705426356,0.0,0.0,0.9767441860465116,0.023255813953488372,0.0,56.0,0.6356589147286822,0.039259259259259265,120.93159480094884,0.0011760551281599929,0.2646124038359984,0.49714021795699187,0.0,1.0,0.06666666666666667,0.1288888888888889,nan,1.542652815580368,1.542652815580368,5.459923207759857,nan,nan,nan,nan,nan,nan,nan,nan,nan,nan,nan,nan,nan,nan,nan,nan,nan,nan,nan,nan,nan,nan,nan,nan,nan,nan,nan,nan,nan,nan,nan,nan,nan,nan,nan,nan,nan,nan,nan,nan,nan,nan,nan,nan,nan,nan,nan,nan,nan,nan,nan,nan,nan
212,25605,0.729725,-6.561152343988426,0.41333333333333333,0,162,0.5679012345679012,0.06172839506172839,0.2777777777777778,0.006172839506172839,0.006172839506172839,0.9074074074074074,0.09259259259259259,0.0,23.0,0.19135802469135801,0.058412698412698416,130.42049851417525,0.003135158150345877,0.7054105838278223,0.823933278158577,0.0,0.9285714285714286,0.10666666666666667,0.27111111111111114,0.41333333333333333,1.8178061246871948,1.8178061246871948,6.329602956771851,nan,nan,nan,nan,nan,nan,nan,nan,nan,nan,nan,nan,nan,nan,nan,nan,nan,nan,nan,nan,nan,nan,nan,nan,nan,nan,nan,nan,nan,nan,nan,nan,nan,nan,nan,nan,nan,nan,nan,nan,nan,nan,nan,nan,nan,nan,nan,nan,nan,nan,nan,nan,nan
213,25714,0.7285744444444444,-8.43086560249329,0.23555555555555555,0,109,0.47706422018348627,0.01834862385321101,0.44954128440366975,0.0,0.009174311926605505,0.944954128440367,0.05504587155963303,0.0,18.0,0.28440366972477066,0.04622222222222222,90.63681526184071,0.0025498591322240765,0.5737183047504173,0.7826533386933612,0.0,1.0,0.09777777777777778,0.23555555555555555,nan,1.83518648147583,1.83518648147583,6.402705073356628,nan,nan,nan,nan,nan,nan,nan,nan,nan,nan,nan,nan,nan,nan,nan,nan,nan,nan,nan,nan,nan,nan,nan,nan,nan,nan,nan,nan,nan,nan,nan,nan,nan,nan,nan,nan,nan,nan,nan,nan,nan,nan,nan,nan,nan,nan,nan,nan,nan,nan,nan,nan,nan
214,25796,0.727708888888889,-6.888308856487276,0.17333333333333334,0,82,0.4634146341463415,0.07317073170731707,0.3780487804878049,0.012195121951219513,0.012195121951219513,0.9146341463414634,0.08536585365853659,0.0,22.0,0.3048780487804878,0.042222222222222223,70.58389387130727,0.0023927397544377064,0.5383664447484839,0.8335948279349427,0.0,0.8333333333333334,0.13333333333333333,nan,nan,1.883180409669876,1.883180409669876,6.369038105010986,nan,nan,nan,nan,nan,nan,nan,nan,nan,nan,nan,nan,nan,nan,nan,nan,nan,nan,nan,nan,nan,nan,nan,nan,nan,nan,nan,nan,nan,nan,nan,nan,nan,nan,nan,nan,nan,nan,nan,nan,nan,nan,nan,nan,nan,nan,nan,nan,nan,nan,nan,nan,nan
215,25930,0.7262944444444445,-9.016599008560181,0.2,0,134,0.3283582089552239,0.04477611940298507,0.27611940298507465,0.1791044776119403,0.007462686567164179,0.6492537313432836,0.35074626865671643,0.0,33.0,0.34328358208955223,0.037860082304526754,90.21522865295393,0.0021676557104104007,0.4877225348423401,0.8800299353938346,0.0,0.5652173913043478,0.09333333333333334,0.13333333333333333,nan,1.799942284822464,1.799942284822464,7.214161396026611,nan,nan,nan,nan,nan,nan,nan,nan,nan,nan,nan,nan,nan,nan,nan,nan,nan,nan,nan,nan,nan,nan,nan,nan,nan,nan,nan,nan,nan,nan,nan,nan,nan,nan,nan,nan,nan,nan,nan,nan,nan,nan,nan,nan,nan,nan,nan,nan,nan,nan,nan,nan,nan
216,26115,0.7243416666666667,-19.376173913955693,0.22666666666666666,0,185,0.2702702702702703,0.08648648648648649,0.34054054054054056,0.10270270270270271,0.0,0.6972972972972973,0.3027027027027027,0.0,48.0,0.33513513513513515,0.027777777777777776,120.10641822814907,0.001850211050337862,0.41629748632601893,0.7872292822976088,0.0,0.5945945945945946,0.09333333333333334,0.18222222222222223,0.22666666666666666,1.8957877457141876,1.8957877457141876,6.5594624280929565,nan,nan,nan,nan,nan,nan,nan,nan,nan,nan,nan,nan,nan,nan,nan,nan,nan,nan,nan,nan,nan,nan,nan,nan,nan,nan,nan,nan,nan,nan,nan,nan,nan,nan,nan,nan,nan,nan,nan,nan,nan,nan,nan,nan,nan,nan,nan,nan,nan,nan,nan,nan,nan
217,26266,0.7227477777777778,-8.299917948722843,0.3022222222222222,0,151,0.44370860927152317,0.046357615894039736,0.271523178807947,0.11258278145695365,0.006622516556291391,0.7615894039735099,0.23841059602649006,0.0,21.0,0.2119205298013245,0.04253968253968254,110.79921855926499,0.0026875440246764966,0.6046974055522117,0.8760578324095938,0.0,0.8421052631578947,0.07555555555555556,0.20444444444444446,0.3022222222222222,1.891881138086319,1.891881138086319,5.6780524253845215,nan,nan,nan,nan,nan,nan,nan,nan,nan,nan,nan,nan,nan,nan,nan,nan,nan,nan,nan,nan,nan,nan,nan,nan,nan,nan,nan,nan,nan,nan,nan,nan,nan,nan,nan,nan,nan,nan,nan,nan,nan,nan,nan,nan,nan,nan,nan,nan,nan,nan,nan,nan,nan
218,26418,0.7211433333333334,-5.280241321086891,0.2577777777777778,-1,152,0.375,0.03289473684210526,0.09868421052631579,0.29605263157894735,0.006578947368421052,0.506578947368421,0.4934210526315789,0.0,14.0,0.125,0.050793650793650794,85.79277448654152,0.002952851622406433,0.6643916150414474,0.9488703068276728,0.0,0.8333333333333334,0.08,0.14666666666666667,0.24888888888888888,1.8000218272209167,1.8000218272209167,7.27338433265686,nan,nan,nan,nan,nan,nan,nan,nan,nan,nan,nan,nan,nan,nan,nan,nan,nan,nan,nan,nan,nan,nan,nan,nan,nan,nan,nan,nan,nan,nan,nan,nan,nan,nan,nan,nan,nan,nan,nan,nan,nan,nan,nan,nan,nan,nan,nan,nan,nan,nan,nan,nan,nan
219,26456,0.7207422222222222,-5.023660329341888,0.06666666666666667,0,38,0.3684210526315789,0.02631578947368421,0.47368421052631576,0.05263157894736842,0.07894736842105263,0.868421052631579,0.13157894736842105,0.0,16.0,0.3684210526315789,0.043418803418803414,30.196765041351338,0.0020605592068228284,0.4636258215351364,0.8108966598798197,0.0,0.3333333333333333,nan,nan,nan,2.136465847492218,2.136465847492218,6.819419503211975,nan,nan,nan,nan,nan,nan,nan,nan,nan,nan,nan,nan,nan,nan,nan,nan,nan,nan,nan,nan,nan,nan,nan,nan,nan,nan,nan,nan,nan,nan,nan,nan,nan,nan,nan,nan,nan,nan,nan,nan,nan,nan,nan,nan,nan,nan,nan,nan,nan,nan,nan,nan,nan
220,26637,0.7188316666666668,-12.437468275547033,0.19555555555555557,0,181,0.23756906077348067,0.06629834254143646,0.287292817679558,0.20441988950276244,0.0,0.5911602209944752,0.39779005524861877,0.011049723756906077,40.0,0.3812154696132597,0.02388888888888889,110.72826929092378,0.001725946881812016,0.38833804840770364,0.8716531056076774,0.0,0.5135135135135135,0.08444444444444445,0.1288888888888889,0.16444444444444445,1.9225758910179138,1.9225758910179138,6.798923492431641,-136.55392384619708,0.084,0.5,178.0,0.1,0.9,0.16658774973813112,0.008832372985216979,0.26949927415414676,0.5243344159866892,0.009832246039142591,0.44491939687749493,0.5550806031225052,0.0,115.2,0.7173577789112345,0.017652204585537918,90.4230842494962,0.0009981615398547,0.22458634646730752,0.5014736279745937,0.0,0.8191666666666666,0.04148148148148148,0.04388888888888889,0.05888888888888889,-101.58050277907844,0.09466666666666666,-0.2,157.5,0.0,1.0,0.1709567357258332,0.014419579586911452,0.2506017203604665,0.5281471913726163,0.007168111745814154,0.4359780356732112,0.5640219643267887,0.0,101.4,0.6894258222772165,0.018006790123456788,84.99050265789012,0.0011499616712714095,0.25874137603606717,0.5513664128034832,0.0,0.7416666666666666,0.04844444444444444,0.04571428571428571,0.03555555555555555,0.1400462962962963
221,26832,0.7167733333333334,-16.377824565887458,0.22666666666666666,0,195,0.2564102564102564,0.06666666666666667,0.3128205128205128,0.1794871794871795,0.0,0.6358974358974359,0.35384615384615387,0.010256410256410256,38.0,0.3641025641025641,0.027777777777777776,120.78880538940392,0.001839758423852385,0.41394564536678663,0.8301696231614262,0.0,0.6111111111111112,0.08888888888888889,0.16,0.2,2.004203587770462,2.004203587770462,5.618627071380615,nan,nan,nan,nan,nan,nan,nan,nan,nan,nan,nan,nan,nan,nan,nan,nan,nan,nan,nan,nan,nan,nan,nan,nan,nan,nan,nan,nan,nan,nan,nan,nan,nan,nan,nan,nan,nan,nan,nan,nan,nan,nan,nan,nan,nan,nan,nan,nan,nan,nan,nan,nan,nan
222,26974,0.7152744444444445,-13.249570028781893,0.2577777777777778,0,142,0.4014084507042254,0.04929577464788732,0.44366197183098594,0.007042253521126761,0.007042253521126761,0.8943661971830986,0.1056338028169014,0.0,36.0,0.352112676056338,0.04222222222222222,110.69114313125586,0.0022886504391135846,0.5149463488005565,0.7691876313297097,0.0,0.6428571428571429,0.12444444444444444,0.24,nan,1.6901573538780212,1.6901573538780212,5.68362820148468,nan,nan,nan,nan,nan,nan,nan,nan,nan,nan,nan,nan,nan,nan,nan,nan,nan,nan,nan,nan,nan,nan,nan,nan,nan,nan,nan,nan,nan,nan,nan,nan,nan,nan,nan,nan,nan,nan,nan,nan,nan,nan,nan,nan,nan,nan,nan,nan,nan,nan,nan,nan,nan
223,27160,0.7133111111111111,-11.3125753440857,0.19111111111111112,0,186,0.22580645161290322,0.13978494623655913,0.24731182795698925,0.1827956989247312,0.0,0.6129032258064516,0.3817204301075269,0.005376344086021506,38.0,0.44086021505376344,0.023333333333333334,120.3959556579588,0.0015504396775335289,0.348848927445044,0.905319757847321,0.005376344086021506,0.39473684210526316,0.07111111111111111,0.10666666666666667,0.13333333333333333,1.9976808726787567,1.9976808726787567,5.674308896064758,nan,nan,nan,nan,nan,nan,nan,nan,nan,nan,nan,nan,nan,nan,nan,nan,nan,nan,nan,nan,nan,nan,nan,nan,nan,nan,nan,nan,nan,nan,nan,nan,nan,nan,nan,nan,nan,nan,nan,nan,nan,nan,nan,nan,nan,nan,nan,nan,nan,nan,nan,nan,nan
224,27231,0.7125616666666668,-11.91245364522934,0.08888888888888889,0,71,0.2676056338028169,0.04225352112676056,0.5774647887323944,0.014084507042253521,0.014084507042253521,0.8873239436619719,0.11267605633802817,0.0,32.0,0.4788732394366197,0.028148148148148148,70.2043204307557,0.0012028382858250745,0.2706386143106418,0.6863753316804834,0.0,0.8571428571428571,0.08888888888888889,nan,nan,2.0675436556339264,2.0675436556339264,6.683222770690918,nan,nan,nan,nan,nan,nan,nan,nan,nan,nan,nan,nan,nan,nan,nan,nan,nan,nan,nan,nan,nan,nan,nan,nan,nan,nan,nan,nan,nan,nan,nan,nan,nan,nan,nan,nan,nan,nan,nan,nan,nan,nan,nan,nan,nan,nan,nan,nan,nan,nan,nan,nan,nan
225,27357,0.7112316666666667,-5.348149094104773,0.21777777777777776,0,126,0.38095238095238093,0.0873015873015873,0.1746031746031746,0.15079365079365079,0.007936507936507936,0.6428571428571429,0.35714285714285715,0.0,18.0,0.19047619047619047,0.053333333333333226,80.49665803909285,0.0026502135433961608,0.5962980472641363,0.9108017486171744,0.0,0.6538461538461539,0.07111111111111111,0.14666666666666667,nan,1.9608053267002106,1.9608053267002106,6.604853272438049,nan,nan,nan,nan,nan,nan,nan,nan,nan,nan,nan,nan,nan,nan,nan,nan,nan,nan,nan,nan,nan,nan,nan,nan,nan,nan,nan,nan,nan,nan,nan,nan,nan,nan,nan,nan,nan,nan,nan,nan,nan,nan,nan,nan,nan,nan,nan,nan,nan,nan,nan,nan,nan
226,27479,0.7099438888888889,-9.488007984638212,0.17333333333333334,0,122,0.3114754098360656,0.09836065573770492,0.30327868852459017,0.08196721311475409,0.00819672131147541,0.7131147540983607,0.28688524590163933,0.0,24.0,0.3442622950819672,0.034505050505050504,90.39055223464972,0.001868435192767283,0.4203979183726386,0.8573698629331266,0.0,0.6,0.10666666666666667,0.14666666666666667,nan,1.7821985185146332,1.7821985185146332,5.554622173309326,nan,nan,nan,nan,nan,nan,nan,nan,nan,nan,nan,nan,nan,nan,nan,nan,nan,nan,nan,nan,nan,nan,nan,nan,nan,nan,nan,nan,nan,nan,nan,nan,nan,nan,nan,nan,nan,nan,nan,nan,nan,nan,nan,nan,nan,nan,nan,nan,nan,nan,nan,nan,nan
227,27598,0.7086877777777778,-11.093601400136953,0.20444444444444446,0,119,0.37815126050420167,0.05042016806722689,0.44537815126050423,0.01680672268907563,0.008403361344537815,0.8739495798319328,0.12605042016806722,0.0,27.0,0.3277310924369748,0.04,90.2819180965422,0.0022152830180915267,0.49843867907059347,0.7407824283037768,0.0,0.8461538461538461,0.07555555555555556,0.20444444444444446,nan,2.067955195903778,2.067955195903778,5.527589440345764,nan,nan,nan,nan,nan,nan,nan,nan,nan,nan,nan,nan,nan,nan,nan,nan,nan,nan,nan,nan,nan,nan,nan,nan,nan,nan,nan,nan,nan,nan,nan,nan,nan,nan,nan,nan,nan,nan,nan,nan,nan,nan,nan,nan,nan,nan,nan,nan,nan,nan,nan,nan,nan
228,27698,0.7076322222222222,-8.333937849044805,0.12,-1,100,0.26,0.08,0.32,0.17,0.02,0.66,0.34,0.0,31.0,0.54,0.028888888888888888,64.4660747528075,0.0017925018081005949,0.4033129068226339,0.8044460647248138,0.0,0.17647058823529413,0.06666666666666667,0.12,nan,1.9076913893222809,1.9076913893222809,5.691656708717346,nan,nan,nan,nan,nan,nan,nan,nan,nan,nan,nan,nan,nan,nan,nan,nan,nan,nan,nan,nan,nan,nan,nan,nan,nan,nan,nan,nan,nan,nan,nan,nan,nan,nan,nan,nan,nan,nan,nan,nan,nan,nan,nan,nan,nan,nan,nan,nan,nan,nan,nan,nan,nan
229,27868,0.7058377777777778,-5.909187592268003,0.32,0,170,0.4176470588235294,0.12352941176470589,0.19411764705882353,0.07647058823529412,0.0058823529411764705,0.7352941176470589,0.25882352941176473,0.0058823529411764705,23.0,0.25882352941176473,0.047301587301587296,113.9446437358853,0.0027693759461567013,0.6231095878852577,0.9157964488969421,0.0058823529411764705,0.625,0.09777777777777778,0.2088888888888889,0.2577777777777778,1.959656447172165,1.959656447172165,6.857077956199646,nan,nan,nan,nan,nan,nan,nan,nan,nan,nan,nan,nan,nan,nan,nan,nan,nan,nan,nan,nan,nan,nan,nan,nan,nan,nan,nan,nan,nan,nan,nan,nan,nan,nan,nan,nan,nan,nan,nan,nan,nan,nan,nan,nan,nan,nan,nan,nan,nan,nan,nan,nan,nan
230,27985,0.7046027777777777,-8.938854321479802,0.24444444444444444,0,117,0.46153846153846156,0.07692307692307693,0.358974358974359,0.0,0.0,0.8974358974358975,0.10256410256410256,0.0,23.0,0.29914529914529914,0.04925490196078432,100.35099353790261,0.0023916056188258055,0.5381112642358062,0.7931345903765464,0.0,0.8333333333333334,0.1111111111111111,0.2311111111111111,nan,2.030507653951645,2.030507653951645,4.809607028961182,nan,nan,nan,nan,nan,nan,nan,nan,nan,nan,nan,nan,nan,nan,nan,nan,nan,nan,nan,nan,nan,nan,nan,nan,nan,nan,nan,nan,nan,nan,nan,nan,nan,nan,nan,nan,nan,nan,nan,nan,nan,nan,nan,nan,nan,nan,nan,nan,nan,nan,nan,nan,nan
231,28114,0.7032411111111112,-13.942193396568305,0.16444444444444445,0,129,0.27906976744186046,0.06201550387596899,0.4883720930232558,0.06201550387596899,0.0,0.8294573643410853,0.17054263565891473,0.0,26.0,0.4263565891472868,0.02666666666666667,100.31612758636456,0.001594957898093227,0.3588655270709761,0.7526694363700788,0.0,0.6428571428571429,0.06666666666666667,0.15555555555555556,nan,1.9611009061336517,1.9611009061336517,6.287652015686035,nan,nan,nan,nan,nan,nan,nan,nan,nan,nan,nan,nan,nan,nan,nan,nan,nan,nan,nan,nan,nan,nan,nan,nan,nan,nan,nan,nan,nan,nan,nan,nan,nan,nan,nan,nan,nan,nan,nan,nan,nan,nan,nan,nan,nan,nan,nan,nan,nan,nan,nan,nan,nan
232,28272,0.7015733333333334,-15.55386243104935,0.2,0,158,0.27848101265822783,0.16455696202531644,0.37341772151898733,0.02531645569620253,0.0,0.8164556962025317,0.18354430379746836,0.0,38.0,0.3670886075949367,0.027936507936507936,120.57964220046973,0.0016217957856470878,0.36490405177059476,0.7939977454018583,0.0,0.52,0.08888888888888889,0.16444444444444445,0.2,1.8026481568813324,1.8026481568813324,4.765231907367706,nan,nan,nan,nan,nan,nan,nan,nan,nan,nan,nan,nan,nan,nan,nan,nan,nan,nan,nan,nan,nan,nan,nan,nan,nan,nan,nan,nan,nan,nan,nan,nan,nan,nan,nan,nan,nan,nan,nan,nan,nan,nan,nan,nan,nan,nan,nan,nan,nan,nan,nan,nan,nan
233,28373,0.7005072222222222,-4.829246208190918,0.17777777777777778,0,101,0.38613861386138615,0.12871287128712872,0.12871287128712872,0.12871287128712872,0.009900990099009901,0.6435643564356436,0.3564356435643564,0.0,13.0,0.16831683168316833,0.05600000000000001,73.31663055419924,0.0023641748403208035,0.5319393390721808,0.9478030166384082,0.0,0.5652173913043478,0.08888888888888889,0.17333333333333334,nan,1.956839144229889,1.956839144229889,6.582130789756775,nan,nan,nan,nan,nan,nan,nan,nan,nan,nan,nan,nan,nan,nan,nan,nan,nan,nan,nan,nan,nan,nan,nan,nan,nan,nan,nan,nan,nan,nan,nan,nan,nan,nan,nan,nan,nan,nan,nan,nan,nan,nan,nan,nan,nan,nan,nan,nan,nan,nan,nan,nan,nan
234,28502,0.6991455555555556,-15.832117273330695,0.2088888888888889,0,129,0.35658914728682173,0.05426356589147287,0.5038759689922481,0.007751937984496124,0.0,0.9147286821705426,0.07751937984496124,0.007751937984496124,38.0,0.43410852713178294,0.034074074074074076,100.31540260314924,0.002038016487390604,0.45855370966288583,0.6721641599759814,0.0,0.7,0.09333333333333334,0.2088888888888889,nan,2.0235563218593597,2.0235563218593597,7.522834300994873,nan,nan,nan,nan,nan,nan,nan,nan,nan,nan,nan,nan,nan,nan,nan,nan,nan,nan,nan,nan,nan,nan,nan,nan,nan,nan,nan,nan,nan,nan,nan,nan,nan,nan,nan,nan,nan,nan,nan,nan,nan,nan,nan,nan,nan,nan,nan,nan,nan,nan,nan,nan,nan
235,28615,0.6979527777777779,-17.427259126663206,0.1288888888888889,0,113,0.24778761061946902,0.035398230088495575,0.6460176991150443,0.0,0.008849557522123894,0.9292035398230089,0.07079646017699115,0.0,48.0,0.584070796460177,0.024888888888888887,90.56437263488762,0.0013740993375634051,0.30917235095176615,0.6424414085634351,0.0,0.625,0.08888888888888889,0.1288888888888889,nan,2.04861718416214,2.04861718416214,5.905430912971497,nan,nan,nan,nan,nan,nan,nan,nan,nan,nan,nan,nan,nan,nan,nan,nan,nan,nan,nan,nan,nan,nan,nan,nan,nan,nan,nan,nan,nan,nan,nan,nan,nan,nan,nan,nan,nan,nan,nan,nan,nan,nan,nan,nan,nan,nan,nan,nan,nan,nan,nan,nan,nan
236,28752,0.6965066666666666,-7.16550176095963,0.2088888888888889,0,137,0.3357664233576642,0.058394160583941604,0.15328467153284672,0.26277372262773724,0.0072992700729927005,0.5474452554744526,0.43795620437956206,0.014598540145985401,35.0,0.2773722627737226,0.042901234567901236,80.1285881996153,0.002551454468848685,0.5740772554909541,0.8848407591250469,0.0,0.5769230769230769,0.08,0.1111111111111111,nan,1.9197641611099243,1.9197641611099243,5.503331422805786,nan,nan,nan,nan,nan,nan,nan,nan,nan,nan,nan,nan,nan,nan,nan,nan,nan,nan,nan,nan,nan,nan,nan,nan,nan,nan,nan,nan,nan,nan,nan,nan,nan,nan,nan,nan,nan,nan,nan,nan,nan,nan,nan,nan,nan,nan,nan,nan,nan,nan,nan,nan,nan
237,28862,0.6953455555555556,-18.382760427474977,0.12,0,110,0.23636363636363636,0.045454545454545456,0.5272727272727272,0.08181818181818182,0.0,0.8090909090909091,0.19090909090909092,0.0,41.0,0.5,0.02311111111111111,100.21676597595233,0.0011530561221989929,0.2594376274947734,0.6757227695378721,0.0,0.5833333333333334,0.10666666666666667,0.12,nan,1.8653704226016998,1.8653704226016998,6.560949981212616,nan,nan,nan,nan,nan,nan,nan,nan,nan,nan,nan,nan,nan,nan,nan,nan,nan,nan,nan,nan,nan,nan,nan,nan,nan,nan,nan,nan,nan,nan,nan,nan,nan,nan,nan,nan,nan,nan,nan,nan,nan,nan,nan,nan,nan,nan,nan,nan,nan,nan,nan,nan,nan
238,28950,0.6944166666666667,-9.723077167510986,0.12,0,88,0.29545454545454547,0.10227272727272728,0.4090909090909091,0.056818181818181816,0.011363636363636364,0.8068181818181818,0.17045454545454544,0.022727272727272728,22.0,0.3181818181818182,0.029914529914529912,80.14359207153313,0.001441856455004101,0.32441770237592277,0.8190502086456327,0.0,0.75,0.10666666666666667,nan,nan,1.8118785321712494,1.8118785321712494,6.614418864250183,nan,nan,nan,nan,nan,nan,nan,nan,nan,nan,nan,nan,nan,nan,nan,nan,nan,nan,nan,nan,nan,nan,nan,nan,nan,nan,nan,nan,nan,nan,nan,nan,nan,nan,nan,nan,nan,nan,nan,nan,nan,nan,nan,nan,nan,nan,nan,nan,nan,nan,nan,nan,nan
239,29078,0.6930655555555556,-26.869112420082075,0.14222222222222222,0,128,0.2421875,0.0078125,0.71875,0.0,0.0,0.96875,0.03125,0.0,47.0,0.609375,0.028395061728395066,100.58202304840066,0.001369805195819916,0.3082061690594811,0.5090641585741602,0.0,1.0,0.05333333333333334,0.06666666666666667,nan,1.8541441559791565,1.8541441559791565,7.380165934562683,nan,nan,nan,nan,nan,nan,nan,nan,nan,nan,nan,nan,nan,nan,nan,nan,nan,nan,nan,nan,nan,nan,nan,nan,nan,nan,nan,nan,nan,nan,nan,nan,nan,nan,nan,nan,nan,nan,nan,nan,nan,nan,nan,nan,nan,nan,nan,nan,nan,nan,nan,nan,nan
240,29198,0.6917988888888889,-6.06355066370965,0.3111111111111111,0,120,0.575,0.025,0.25833333333333336,0.03333333333333333,0.008333333333333333,0.8583333333333333,0.14166666666666666,0.0,22.0,0.15,0.06422222222222222,100.70048251152018,0.0030453346301650927,0.6852002917871458,0.8698278312946239,0.0,1.0,0.10222222222222223,0.25333333333333335,nan,1.9990356266498566,1.9990356266498566,5.70675265789032,-130.2376922400236,0.08444444444444443,0.0,167.8,0.0,1.0,0.15048811575408386,0.01002578525780381,0.29305809719474174,0.5252608045712489,0.006512863955741939,0.4535719982066294,0.5464280017933705,0.0,114.3,0.734627687003265,0.014286419753086421,88.33230704784371,0.0009750630954972904,0.21938919648689031,0.49529746506913075,0.0,0.8166666666666668,0.051555555555555556,0.045,0.04126984126984127,-111.25692771799561,0.09377777777777778,0.0,161.0,0.0,1.0,0.15690695204432664,0.011244248503228492,0.24375483492948744,0.5589483868634951,0.007210443804504496,0.41190603547704246,0.5880939645229575,0.0,106.8,0.7103222514872181,0.016750617283950615,85.47550207614876,0.0011444308062686444,0.25749693141044505,0.5143786889270656,0.0,0.76,0.05466666666666666,0.056666666666666664,0.03911111111111111,0.13320396825396824
241,29341,0.6902894444444445,-13.327509728431707,0.21777777777777776,0,143,0.3356643356643357,0.027972027972027972,0.35664335664335667,0.11888111888111888,0.0,0.7202797202797203,0.27972027972027974,0.0,35.0,0.2867132867132867,0.035555555555555556,100.66199741363509,0.002119303598325344,0.4768433096232024,0.7839585142125552,0.0,0.782608695652174,0.08888888888888889,0.18666666666666668,nan,1.6975153982639313,1.6975153982639313,6.9305596351623535,nan,nan,nan,nan,nan,nan,nan,nan,nan,nan,nan,nan,nan,nan,nan,nan,nan,nan,nan,nan,nan,nan,nan,nan,nan,nan,nan,nan,nan,nan,nan,nan,nan,nan,nan,nan,nan,nan,nan,nan,nan,nan,nan,nan,nan,nan,nan,nan,nan,nan,nan,nan,nan
242,29426,0.6893922222222222,-10.306164003372192,0.13777777777777778,0,85,0.35294117647058826,0.023529411764705882,0.4823529411764706,0.03529411764705882,0.023529411764705882,0.8588235294117647,0.1411764705882353,0.0,28.0,0.38823529411764707,0.03333333333333333,70.24918098449697,0.0018980055207014892,0.4270512421578351,0.7407273110004807,0.0,0.7777777777777778,0.10666666666666667,nan,nan,1.4978704154491425,1.4978704154491425,4.31326150894165,nan,nan,nan,nan,nan,nan,nan,nan,nan,nan,nan,nan,nan,nan,nan,nan,nan,nan,nan,nan,nan,nan,nan,nan,nan,nan,nan,nan,nan,nan,nan,nan,nan,nan,nan,nan,nan,nan,nan,nan,nan,nan,nan,nan,nan,nan,nan,nan,nan,nan,nan,nan,nan
243,29563,0.6879461111111111,-7.357575876712802,0.2088888888888889,0,137,0.3357664233576642,0.0948905109489051,0.17518248175182483,0.1678832116788321,0.0072992700729927005,0.6058394160583942,0.39416058394160586,0.0,24.0,0.27007299270072993,0.037283950617283956,90.29119882583608,0.00226427876806465,0.5094627228145462,0.9115869319289259,0.0,0.6451612903225806,0.08,0.1288888888888889,nan,1.8789441287517548,1.8789441287517548,7.6617573499679565,nan,nan,nan,nan,nan,nan,nan,nan,nan,nan,nan,nan,nan,nan,nan,nan,nan,nan,nan,nan,nan,nan,nan,nan,nan,nan,nan,nan,nan,nan,nan,nan,nan,nan,nan,nan,nan,nan,nan,nan,nan,nan,nan,nan,nan,nan,nan,nan,nan,nan,nan,nan,nan
244,29737,0.6861094444444444,-6.63510630416871,0.3466666666666667,0,174,0.4425287356321839,0.09195402298850575,0.1896551724137931,0.09770114942528736,0.0,0.7241379310344828,0.27586206896551724,0.0,22.0,0.1896551724137931,0.04947089947089948,121.20101242065404,0.0028235921085746946,0.6353082244293061,0.8957496859184074,0.0,0.6774193548387096,0.06222222222222222,0.1511111111111111,0.24888888888888888,1.8712550699710846,1.8712550699710846,7.655981540679932,nan,nan,nan,nan,nan,nan,nan,nan,nan,nan,nan,nan,nan,nan,nan,nan,nan,nan,nan,nan,nan,nan,nan,nan,nan,nan,nan,nan,nan,nan,nan,nan,nan,nan,nan,nan,nan,nan,nan,nan,nan,nan,nan,nan,nan,nan,nan,nan,nan,nan,nan,nan,nan
245,29900,0.6843888888888889,-7.044861006736765,0.24888888888888888,0,163,0.3374233128834356,0.09202453987730061,0.18404907975460122,0.18404907975460122,0.0,0.6134969325153374,0.38650306748466257,0.0,21.0,0.25766871165644173,0.041367521367521365,100.16058101654026,0.0024405254239098064,0.5491182203797065,0.9151922350273312,0.0,0.6363636363636364,0.08,0.13777777777777778,0.2,1.518948256969452,1.518948256969452,5.095430552959442,nan,nan,nan,nan,nan,nan,nan,nan,nan,nan,nan,nan,nan,nan,nan,nan,nan,nan,nan,nan,nan,nan,nan,nan,nan,nan,nan,nan,nan,nan,nan,nan,nan,nan,nan,nan,nan,nan,nan,nan,nan,nan,nan,nan,nan,nan,nan,nan,nan,nan,nan,nan,nan
246,29964,0.6837133333333334,-3.8917030200958256,0.17777777777777778,0,64,0.609375,0.015625,0.28125,0.0,0.03125,0.90625,0.09375,0.0,8.0,0.09375,0.06708994708994709,58.74002876281737,0.0029508554385157862,0.6639424736660519,0.9165939360078363,0.0,1.0,0.14222222222222222,nan,nan,1.486503779888153,1.486503779888153,6.3340349197387695,nan,nan,nan,nan,nan,nan,nan,nan,nan,nan,nan,nan,nan,nan,nan,nan,nan,nan,nan,nan,nan,nan,nan,nan,nan,nan,nan,nan,nan,nan,nan,nan,nan,nan,nan,nan,nan,nan,nan,nan,nan,nan,nan,nan,nan,nan,nan,nan,nan,nan,nan,nan,nan
247,30079,0.6824994444444444,-3.7315293378830017,0.2577777777777778,0,115,0.4956521739130435,0.11304347826086956,0.17391304347826086,0.06086956521739131,0.008695652173913044,0.782608695652174,0.21739130434782608,0.0,17.0,0.1565217391304348,0.05422222222222221,80.20504131317122,0.00315857119684235,0.7106785192895287,0.9039685257836414,0.0,0.7222222222222222,0.10666666666666667,0.2311111111111111,nan,1.9922769665718079,1.9922769665718079,8.468844413757324,nan,nan,nan,nan,nan,nan,nan,nan,nan,nan,nan,nan,nan,nan,nan,nan,nan,nan,nan,nan,nan,nan,nan,nan,nan,nan,nan,nan,nan,nan,nan,nan,nan,nan,nan,nan,nan,nan,nan,nan,nan,nan,nan,nan,nan,nan,nan,nan,nan,nan,nan,nan,nan
248,30238,0.6808211111111111,-6.942284039020544,0.35555555555555557,0,159,0.4968553459119497,0.08176100628930817,0.2389937106918239,0.018867924528301886,0.0,0.8176100628930818,0.1761006289308176,0.006289308176100629,22.0,0.18238993710691823,0.05580246913580248,120.79318132400486,0.002906713005341932,0.6540104262019347,0.8673784519788084,0.0,0.8076923076923077,0.1111111111111111,0.24444444444444444,0.3333333333333333,1.77749964594841,1.77749964594841,6.49640965461731,nan,nan,nan,nan,nan,nan,nan,nan,nan,nan,nan,nan,nan,nan,nan,nan,nan,nan,nan,nan,nan,nan,nan,nan,nan,nan,nan,nan,nan,nan,nan,nan,nan,nan,nan,nan,nan,nan,nan,nan,nan,nan,nan,nan,nan,nan,nan,nan,nan,nan,nan,nan,nan
249,30351,0.6796283333333333,-3.5504648633003284,0.27555555555555555,0,113,0.5398230088495575,0.04424778761061947,0.19469026548672566,0.05309734513274336,0.008849557522123894,0.7787610619469026,0.22123893805309736,0.0,16.0,0.11504424778761062,0.060786324786324786,80.5472844123839,0.00336586283558715,0.7573191380071087,0.9096095194874018,0.0,0.7368421052631579,0.08888888888888889,0.24,nan,1.5453236401081085,1.5453236401081085,4.507383644580841,nan,nan,nan,nan,nan,nan,nan,nan,nan,nan,nan,nan,nan,nan,nan,nan,nan,nan,nan,nan,nan,nan,nan,nan,nan,nan,nan,nan,nan,nan,nan,nan,nan,nan,nan,nan,nan,nan,nan,nan,nan,nan,nan,nan,nan,nan,nan,nan,nan,nan,nan,nan,nan
250,30498,0.6780766666666667,-7.8695691218376265,0.24,-1,147,0.36054421768707484,0.10884353741496598,0.2108843537414966,0.1360544217687075,0.006802721088435374,0.6802721088435374,0.3197278911564626,0.0,23.0,0.2789115646258503,0.04127946127946128,96.40542020797706,0.002443384978224124,0.549761620100428,0.8953901548488795,0.0,0.5185185185185185,0.04888888888888889,0.10222222222222223,nan,1.8923308551311493,1.8923308551311493,6.852227807044983,nan,nan,nan,nan,nan,nan,nan,nan,nan,nan,nan,nan,nan,nan,nan,nan,nan,nan,nan,nan,nan,nan,nan,nan,nan,nan,nan,nan,nan,nan,nan,nan,nan,nan,nan,nan,nan,nan,nan,nan,nan,nan,nan,nan,nan,nan,nan,nan,nan,nan,nan,nan,nan
251,30625,0.6767361111111111,-7.626080955982215,0.28444444444444444,0,127,0.49606299212598426,0.05511811023622047,0.3700787401574803,0.0,0.007874015748031496,0.9212598425196851,0.07874015748031496,0.0,20.0,0.25196850393700787,0.04666666666666667,100.61029481887792,0.002783015401197915,0.6261784652695308,0.8359588500665288,0.0,1.0,0.13333333333333333,0.24888888888888888,nan,1.7587242722511292,1.7587242722511292,9.201097249984741,nan,nan,nan,nan,nan,nan,nan,nan,nan,nan,nan,nan,nan,nan,nan,nan,nan,nan,nan,nan,nan,nan,nan,nan,nan,nan,nan,nan,nan,nan,nan,nan,nan,nan,nan,nan,nan,nan,nan,nan,nan,nan,nan,nan,nan,nan,nan,nan,nan,nan,nan,nan,nan
252,30725,0.6756805555555556,-19.754683155298224,0.14666666666666667,-2,100,0.32,0.0,0.65,0.0,0.01,0.97,0.03,0.0,43.0,0.56,0.035555555555555556,94.99698243141158,0.0014971235778453021,0.336852805015193,0.5680168083019134,0.0,1.0,0.035555555555555556,0.14666666666666667,nan,1.6954026818275452,1.6954026818275452,5.7193392515182495,nan,nan,nan,nan,nan,nan,nan,nan,nan,nan,nan,nan,nan,nan,nan,nan,nan,nan,nan,nan,nan,nan,nan,nan,nan,nan,nan,nan,nan,nan,nan,nan,nan,nan,nan,nan,nan,nan,nan,nan,nan,nan,nan,nan,nan,nan,nan,nan,nan,nan,nan,nan,nan
253,30890,0.6739388888888889,-11.244927067995075,0.20444444444444446,0,165,0.2727272727272727,0.07272727272727272,0.2606060606060606,0.21818181818181817,0.0,0.6060606060606061,0.3939393939393939,0.0,24.0,0.3878787878787879,0.03068783068783069,100.09454350471468,0.0019981109159120103,0.4495749560802023,0.8397784552031409,0.0,0.5172413793103449,0.08888888888888889,0.11555555555555555,0.18222222222222223,1.7745200395584106,1.7745200395584106,8.022194147109985,nan,nan,nan,nan,nan,nan,nan,nan,nan,nan,nan,nan,nan,nan,nan,nan,nan,nan,nan,nan,nan,nan,nan,nan,nan,nan,nan,nan,nan,nan,nan,nan,nan,nan,nan,nan,nan,nan,nan,nan,nan,nan,nan,nan,nan,nan,nan,nan,nan,nan,nan,nan,nan
254,31033,0.6724294444444445,-12.55168575692177,0.18222222222222223,0,143,0.27972027972027974,0.055944055944055944,0.3146853146853147,0.2097902097902098,0.0,0.6503496503496503,0.34965034965034963,0.0,26.0,0.43356643356643354,0.031646090534979424,100.70176911354066,0.0017653888242751164,0.3972124854619012,0.8246018700532557,0.0,0.5,0.06222222222222222,0.11555555555555555,nan,2.0326040387153625,2.0326040387153625,7.524330735206604,nan,nan,nan,nan,nan,nan,nan,nan,nan,nan,nan,nan,nan,nan,nan,nan,nan,nan,nan,nan,nan,nan,nan,nan,nan,nan,nan,nan,nan,nan,nan,nan,nan,nan,nan,nan,nan,nan,nan,nan,nan,nan,nan,nan,nan,nan,nan,nan,nan,nan,nan,nan,nan
255,31088,0.6718488888888889,-3.659933259010319,0.16,0,55,0.6363636363636364,0.0,0.2909090909090909,0.0,0.03636363636363636,0.9272727272727272,0.07272727272727272,0.0,10.0,0.12727272727272726,0.07555555555555556,50.47555484771723,0.003081799814283579,0.6934049582138053,0.8641013624938954,0.0,1.0,0.14222222222222222,nan,nan,1.6497075259685516,1.6497075259685516,6.564014434814453,nan,nan,nan,nan,nan,nan,nan,nan,nan,nan,nan,nan,nan,nan,nan,nan,nan,nan,nan,nan,nan,nan,nan,nan,nan,nan,nan,nan,nan,nan,nan,nan,nan,nan,nan,nan,nan,nan,nan,nan,nan,nan,nan,nan,nan,nan,nan,nan,nan,nan,nan,nan,nan
256,31173,0.6709516666666666,-6.809619025230413,0.20444444444444446,0,85,0.5294117647058824,0.0,0.4235294117647059,0.0,0.011764705882352941,0.9529411764705882,0.047058823529411764,0.0,23.0,0.2823529411764706,0.065,70.09160976409908,0.0028534085702000816,0.6420169282950183,0.7023886794358891,0.0,1.0,0.11555555555555555,nan,nan,1.7636792361736298,1.7636792361736298,5.916205644607544,nan,nan,nan,nan,nan,nan,nan,nan,nan,nan,nan,nan,nan,nan,nan,nan,nan,nan,nan,nan,nan,nan,nan,nan,nan,nan,nan,nan,nan,nan,nan,nan,nan,nan,nan,nan,nan,nan,nan,nan,nan,nan,nan,nan,nan,nan,nan,nan,nan,nan,nan,nan,nan
257,31266,0.66997,-6.687851630687716,0.19111111111111112,0,93,0.45161290322580644,0.03225806451612903,0.3763440860215054,0.0,0.010752688172043012,0.8602150537634409,0.13978494623655913,0.0,21.0,0.25806451612903225,0.047962962962962964,70.09382505416859,0.0026630971633009107,0.5991968617427049,0.8265627653134249,0.0,1.0,0.1288888888888889,nan,nan,1.671295553445816,1.671295553445816,5.65052604675293,nan,nan,nan,nan,nan,nan,nan,nan,nan,nan,nan,nan,nan,nan,nan,nan,nan,nan,nan,nan,nan,nan,nan,nan,nan,nan,nan,nan,nan,nan,nan,nan,nan,nan,nan,nan,nan,nan,nan,nan,nan,nan,nan,nan,nan,nan,nan,nan,nan,nan,nan,nan,nan
258,31408,0.6684711111111111,-4.871658120155342,0.3022222222222222,0,142,0.47183098591549294,0.09154929577464789,0.2112676056338028,0.035211267605633804,0.0,0.7746478873239436,0.22535211267605634,0.0,19.0,0.14084507042253522,0.05172113289760349,100.18722019195538,0.0029722131945296567,0.6687479687691726,0.9029271564114263,0.0,0.6666666666666666,0.08,0.19555555555555557,nan,1.8228184580802917,1.8228184580802917,5.76771342754364,nan,nan,nan,nan,nan,nan,nan,nan,nan,nan,nan,nan,nan,nan,nan,nan,nan,nan,nan,nan,nan,nan,nan,nan,nan,nan,nan,nan,nan,nan,nan,nan,nan,nan,nan,nan,nan,nan,nan,nan,nan,nan,nan,nan,nan,nan,nan,nan,nan,nan,nan,nan,nan
259,31567,0.6667927777777778,-11.31206782317161,0.3111111111111111,0,159,0.4339622641509434,0.06918238993710692,0.4025157232704403,0.006289308176100629,0.0,0.9056603773584906,0.09433962264150944,0.0,34.0,0.3522012578616352,0.0528395061728395,120.41016974449131,0.0025468502147070224,0.5730412983090799,0.7734530536277643,0.0,0.7857142857142857,0.06666666666666667,0.2,0.27555555555555555,1.6296642124652863,1.6296642124652863,7.1791912317276,nan,nan,nan,nan,nan,nan,nan,nan,nan,nan,nan,nan,nan,nan,nan,nan,nan,nan,nan,nan,nan,nan,nan,nan,nan,nan,nan,nan,nan,nan,nan,nan,nan,nan,nan,nan,nan,nan,nan,nan,nan,nan,nan,nan,nan,nan,nan,nan,nan,nan,nan,nan,nan
260,31671,0.665695,-6.344539294958113,0.24444444444444444,0,104,0.5192307692307693,0.0673076923076923,0.25,0.009615384615384616,0.009615384615384616,0.8365384615384616,0.16346153846153846,0.0,20.0,0.17307692307692307,0.06666666666666668,90.43370757102957,0.002653877701646769,0.597122482870523,0.8746827708229697,0.0,0.75,0.09777777777777778,0.22666666666666666,nan,1.7519601583480835,1.7519601583480835,6.404179096221924,-65.81592469451428,0.035555555555555556,0.0,108.4,0.0,1.0,0.07063109452736319,0.0,0.9293689054726368,0.0,0.0032782515991471215,1.0,0.0,0.0,101.4,0.8789181236673775,0.006585185185185184,95.77642566204055,0.0003293825679460758,0.07411107778786705,0.26902344404617884,0.0,0.0,0.035555555555555556,0.035555555555555556,nan,-59.75608350169658,0.035555555555555556,0.0,103.3,0.0,1.0,0.07287276477297491,0.0,0.927127235227025,0.0,0.00418579179296467,1.0,0.0,0.0,96.3,0.8750752603891858,0.006844444444444445,91.68841430187219,0.00034825944822670354,0.07835837585100829,0.27268119833945004,0.0,0.0,0.035555555555555556,0.035555555555555556,nan,0.05511111111111111
261,31742,0.6649455555555556,-8.920770067453384,0.13777777777777778,0,71,0.4225352112676056,0.0,0.5352112676056338,0.0,0.028169014084507043,0.9577464788732394,0.04225352112676056,0.0,28.0,0.4225352112676056,0.04698412698412698,58.71209588050844,0.002270968721755308,0.5109679623949442,0.6458243600754676,0.0,1.0,0.09777777777777778,nan,nan,1.4394029676914215,1.4394029676914215,5.07992422580719,nan,nan,nan,nan,nan,nan,nan,nan,nan,nan,nan,nan,nan,nan,nan,nan,nan,nan,nan,nan,nan,nan,nan,nan,nan,nan,nan,nan,nan,nan,nan,nan,nan,nan,nan,nan,nan,nan,nan,nan,nan,nan,nan,nan,nan,nan,nan,nan,nan,nan,nan,nan,nan
262,31804,0.6642911111111112,-12.108739843368532,0.08,0,62,0.27419354838709675,0.0,0.6774193548387096,0.0,0.016129032258064516,0.9516129032258065,0.04838709677419355,0.0,22.0,0.5483870967741935,0.030000000000000002,71.20704612731933,0.0010610685271294784,0.23874041860413264,0.624891878307737,0.0,1.0,0.06666666666666667,nan,nan,1.6130270659923553,1.6130270659923553,4.3911086320877075,nan,nan,nan,nan,nan,nan,nan,nan,nan,nan,nan,nan,nan,nan,nan,nan,nan,nan,nan,nan,nan,nan,nan,nan,nan,nan,nan,nan,nan,nan,nan,nan,nan,nan,nan,nan,nan,nan,nan,nan,nan,nan,nan,nan,nan,nan,nan,nan,nan,nan,nan,nan,nan
263,31966,0.6625811111111111,-14.099360274314884,0.29777777777777775,0,162,0.4074074074074074,0.07407407407407407,0.43209876543209874,0.012345679012345678,0.0,0.9135802469135802,0.08641975308641975,0.0,26.0,0.37037037037037035,0.04465608465608464,140.68914546966576,0.0020849748738901784,0.46911934662529015,0.7758637021548784,0.0,0.75,0.10666666666666667,0.2311111111111111,0.28,1.7739380896091461,1.7739380896091461,5.10423070192337,nan,nan,nan,nan,nan,nan,nan,nan,nan,nan,nan,nan,nan,nan,nan,nan,nan,nan,nan,nan,nan,nan,nan,nan,nan,nan,nan,nan,nan,nan,nan,nan,nan,nan,nan,nan,nan,nan,nan,nan,nan,nan,nan,nan,nan,nan,nan,nan,nan,nan,nan,nan,nan
264,32051,0.661683888888889,-8.938208898544316,0.17333333333333334,0,85,0.4470588235294118,0.03529411764705882,0.4470588235294118,0.0,0.011764705882352941,0.9294117647058824,0.07058823529411765,0.0,21.0,0.32941176470588235,0.05055555555555556,80.3638942718505,0.0021015518277098543,0.47284916123471715,0.7631404977989635,0.0,0.8333333333333334,0.11555555555555555,nan,nan,1.821472853422165,1.821472853422165,4.880094528198242,nan,nan,nan,nan,nan,nan,nan,nan,nan,nan,nan,nan,nan,nan,nan,nan,nan,nan,nan,nan,nan,nan,nan,nan,nan,nan,nan,nan,nan,nan,nan,nan,nan,nan,nan,nan,nan,nan,nan,nan,nan,nan,nan,nan,nan,nan,nan,nan,nan,nan,nan,nan,nan
265,32175,0.660375,-7.157725729465492,0.26222222222222225,0,124,0.46774193548387094,0.07258064516129033,0.25806451612903225,0.03225806451612903,0.008064516129032258,0.7983870967741935,0.1935483870967742,0.008064516129032258,21.0,0.20161290322580644,0.05222222222222224,100.36881647109968,0.0025683054442711566,0.57786872496101,0.893404447016204,0.0,0.7142857142857143,0.10666666666666667,0.18222222222222223,nan,1.9419095516204834,1.9419095516204834,4.745983719825745,nan,nan,nan,nan,nan,nan,nan,nan,nan,nan,nan,nan,nan,nan,nan,nan,nan,nan,nan,nan,nan,nan,nan,nan,nan,nan,nan,nan,nan,nan,nan,nan,nan,nan,nan,nan,nan,nan,nan,nan,nan,nan,nan,nan,nan,nan,nan,nan,nan,nan,nan,nan,nan
266,32274,0.65933,-7.987793759584428,0.13333333333333333,0,99,0.29292929292929293,0.1111111111111111,0.32323232323232326,0.09090909090909091,0.010101010101010102,0.7272727272727273,0.2727272727272727,0.0,22.0,0.37373737373737376,0.03245370370370371,70.51232151985158,0.0018278917231877318,0.41127563771723963,0.7920212293062409,0.0,0.5,0.08888888888888889,nan,nan,1.8421971797943115,1.8421971797943115,4.997142851352692,nan,nan,nan,nan,nan,nan,nan,nan,nan,nan,nan,nan,nan,nan,nan,nan,nan,nan,nan,nan,nan,nan,nan,nan,nan,nan,nan,nan,nan,nan,nan,nan,nan,nan,nan,nan,nan,nan,nan,nan,nan,nan,nan,nan,nan,nan,nan,nan,nan,nan,nan,nan,nan
267,32433,0.6576516666666667,-3.9042330603599553,0.3333333333333333,0,159,0.46540880503144655,0.0880503144654088,0.1069182389937107,0.12578616352201258,0.006289308176100629,0.660377358490566,0.33962264150943394,0.0,16.0,0.11320754716981132,0.05149911816578483,110.71650533676133,0.002970549764811693,0.6683736970826308,0.9622040190518727,0.0,0.6764705882352942,0.11555555555555555,0.18666666666666668,0.31555555555555553,1.8844033777713776,1.8844033777713776,5.826024174690247,nan,nan,nan,nan,nan,nan,nan,nan,nan,nan,nan,nan,nan,nan,nan,nan,nan,nan,nan,nan,nan,nan,nan,nan,nan,nan,nan,nan,nan,nan,nan,nan,nan,nan,nan,nan,nan,nan,nan,nan,nan,nan,nan,nan,nan,nan,nan,nan,nan,nan,nan,nan,nan
268,32595,0.6559416666666666,-7.885276782274256,0.26222222222222225,0,162,0.35802469135802467,0.06172839506172839,0.19135802469135801,0.17901234567901234,0.006172839506172839,0.6111111111111112,0.3888888888888889,0.0,17.0,0.1728395061728395,0.04232804232804234,107.69787411689745,0.002393527076476743,0.538543592207267,0.868073084015631,0.0,0.6470588235294118,0.057777777777777775,0.13777777777777778,0.22666666666666666,1.81101393699646,1.81101393699646,4.893382787704468,nan,nan,nan,nan,nan,nan,nan,nan,nan,nan,nan,nan,nan,nan,nan,nan,nan,nan,nan,nan,nan,nan,nan,nan,nan,nan,nan,nan,nan,nan,nan,nan,nan,nan,nan,nan,nan,nan,nan,nan,nan,nan,nan,nan,nan,nan,nan,nan,nan,nan,nan,nan,nan
269,32790,0.6538833333333334,-9.87303751444817,0.26222222222222225,0,195,0.29743589743589743,0.09743589743589744,0.18974358974358974,0.22564102564102564,0.0,0.5846153846153846,0.41025641025641024,0.005128205128205128,61.0,0.4153846153846154,0.03416666666666667,120.02892870902978,0.00214763041335372,0.4832168430045869,0.8928556321726611,0.0,0.43243243243243246,0.07111111111111111,0.08444444444444445,0.13333333333333333,1.6397020518779755,1.6397020518779755,5.052476406097412,nan,nan,nan,nan,nan,nan,nan,nan,nan,nan,nan,nan,nan,nan,nan,nan,nan,nan,nan,nan,nan,nan,nan,nan,nan,nan,nan,nan,nan,nan,nan,nan,nan,nan,nan,nan,nan,nan,nan,nan,nan,nan,nan,nan,nan,nan,nan,nan,nan,nan,nan,nan,nan
270,32888,0.6528488888888889,-8.64859320449829,0.12,0,98,0.2653061224489796,0.08163265306122448,0.24489795918367346,0.22448979591836735,0.01020408163265306,0.5918367346938775,0.40816326530612246,0.0,26.0,0.45918367346938777,0.029855072463768114,70.00564956665045,0.001650660429134913,0.3713985965553554,0.8560380254395721,0.0,0.4444444444444444,0.057777777777777775,nan,nan,1.7858133912086487,1.7858133912086487,6.0418007373809814,nan,nan,nan,nan,nan,nan,nan,nan,nan,nan,nan,nan,nan,nan,nan,nan,nan,nan,nan,nan,nan,nan,nan,nan,nan,nan,nan,nan,nan,nan,nan,nan,nan,nan,nan,nan,nan,nan,nan,nan,nan,nan,nan,nan,nan,nan,nan,nan,nan,nan,nan,nan,nan
271,33012,0.65154,-6.9668337221145675,0.15555555555555556,0,124,0.27419354838709675,0.08064516129032258,0.20967741935483872,0.20967741935483872,0.008064516129032258,0.5645161290322581,0.43548387096774194,0.0,17.0,0.23387096774193547,0.030444444444444448,74.97936878204332,0.002015369208433513,0.45345807189754045,0.9296541617907254,0.0,0.6428571428571429,0.08,0.1288888888888889,nan,1.8047505915164948,1.8047505915164948,6.034331321716309,nan,nan,nan,nan,nan,nan,nan,nan,nan,nan,nan,nan,nan,nan,nan,nan,nan,nan,nan,nan,nan,nan,nan,nan,nan,nan,nan,nan,nan,nan,nan,nan,nan,nan,nan,nan,nan,nan,nan,nan,nan,nan,nan,nan,nan,nan,nan,nan,nan,nan,nan,nan,nan
272,33175,0.6498194444444445,-17.39372789669037,0.17777777777777778,-2,163,0.2392638036809816,0.05521472392638037,0.25766871165644173,0.25153374233128833,0.006134969325153374,0.5521472392638037,0.44785276073619634,0.0,40.0,0.3619631901840491,0.02534798534798535,135.4831228256224,0.001279372144059797,0.28785873241345433,0.8484142147389601,0.0,0.65625,0.08,0.1288888888888889,0.17333333333333334,1.9432722330093384,1.9432722330093384,5.440469861030579,nan,nan,nan,nan,nan,nan,nan,nan,nan,nan,nan,nan,nan,nan,nan,nan,nan,nan,nan,nan,nan,nan,nan,nan,nan,nan,nan,nan,nan,nan,nan,nan,nan,nan,nan,nan,nan,nan,nan,nan,nan,nan,nan,nan,nan,nan,nan,nan,nan,nan,nan,nan,nan
273,33233,0.6492072222222223,-7.718434325456619,0.1111111111111111,0,58,0.41379310344827586,0.0,0.5517241379310345,0.0,0.034482758620689655,0.9655172413793104,0.034482758620689655,0.0,25.0,0.39655172413793105,0.035555555555555556,50.5755650043487,0.0021090553641367133,0.47453745693076055,0.7076345056574781,0.0,1.0,0.1111111111111111,nan,nan,1.6291979551315308,1.6291979551315308,5.0105820298194885,nan,nan,nan,nan,nan,nan,nan,nan,nan,nan,nan,nan,nan,nan,nan,nan,nan,nan,nan,nan,nan,nan,nan,nan,nan,nan,nan,nan,nan,nan,nan,nan,nan,nan,nan,nan,nan,nan,nan,nan,nan,nan,nan,nan,nan,nan,nan,nan,nan,nan,nan,nan,nan
274,33345,0.6480250000000001,-6.329772791385652,0.2,0,112,0.39285714285714285,0.08928571428571429,0.17857142857142858,0.10714285714285714,0.008928571428571428,0.6607142857142857,0.3392857142857143,0.0,16.0,0.17857142857142858,0.048740740740740744,90.07402658462523,0.002171053776216273,0.4884870996486614,0.9403361991821265,0.0,0.5384615384615384,0.06666666666666667,0.15555555555555556,nan,1.8575133681297302,1.8575133681297302,5.446779668331146,nan,nan,nan,nan,nan,nan,nan,nan,nan,nan,nan,nan,nan,nan,nan,nan,nan,nan,nan,nan,nan,nan,nan,nan,nan,nan,nan,nan,nan,nan,nan,nan,nan,nan,nan,nan,nan,nan,nan,nan,nan,nan,nan,nan,nan,nan,nan,nan,nan,nan,nan,nan,nan
275,33493,0.6464627777777778,-7.705701881885536,0.17777777777777778,0,148,0.2635135135135135,0.060810810810810814,0.16216216216216217,0.30405405405405406,0.006756756756756757,0.4864864864864865,0.5135135135135135,0.0,18.0,0.2702702702702703,0.02959742351046699,80.40668458938573,0.0021557080013744853,0.48503430030925915,0.9281333924090762,0.0,0.6129032258064516,0.06222222222222222,0.1111111111111111,nan,1.6193224787712097,1.6193224787712097,7.430527091026306,nan,nan,nan,nan,nan,nan,nan,nan,nan,nan,nan,nan,nan,nan,nan,nan,nan,nan,nan,nan,nan,nan,nan,nan,nan,nan,nan,nan,nan,nan,nan,nan,nan,nan,nan,nan,nan,nan,nan,nan,nan,nan,nan,nan,nan,nan,nan,nan,nan,nan,nan,nan,nan
276,33581,0.6455338888888889,-5.947396712541584,0.18666666666666668,0,88,0.4659090909090909,0.045454545454545456,0.2159090909090909,0.13636363636363635,0.022727272727272728,0.7272727272727273,0.2727272727272727,0.0,18.0,0.23863636363636365,0.05581196581196582,70.27996869087215,0.0025928045446879794,0.5833810225547954,0.878633772751969,0.0,0.6666666666666666,0.057777777777777775,nan,nan,1.9336046278476715,1.9336046278476715,5.904283404350281,nan,nan,nan,nan,nan,nan,nan,nan,nan,nan,nan,nan,nan,nan,nan,nan,nan,nan,nan,nan,nan,nan,nan,nan,nan,nan,nan,nan,nan,nan,nan,nan,nan,nan,nan,nan,nan,nan,nan,nan,nan,nan,nan,nan,nan,nan,nan,nan,nan,nan,nan,nan,nan
277,33723,0.644035,-8.812150063276293,0.27555555555555555,0,142,0.4295774647887324,0.09154929577464789,0.3028169014084507,0.028169014084507043,0.007042253521126761,0.823943661971831,0.176056338028169,0.0,31.0,0.4084507042253521,0.04518518518518518,110.23952441215499,0.0024592913708290495,0.5533405584365362,0.7874266491572588,0.0,0.4,0.06222222222222222,0.20444444444444446,nan,1.5827291309833527,1.5827291309833527,5.416217684745789,nan,nan,nan,nan,nan,nan,nan,nan,nan,nan,nan,nan,nan,nan,nan,nan,nan,nan,nan,nan,nan,nan,nan,nan,nan,nan,nan,nan,nan,nan,nan,nan,nan,nan,nan,nan,nan,nan,nan,nan,nan,nan,nan,nan,nan,nan,nan,nan,nan,nan,nan,nan,nan
278,33856,0.6426311111111112,-7.757211259841922,0.25333333333333335,0,133,0.42105263157894735,0.06766917293233082,0.2631578947368421,0.06766917293233082,0.0,0.7518796992481203,0.24812030075187969,0.0,24.0,0.17293233082706766,0.04620370370370372,100.46867866516105,0.0024772784134882296,0.5573876430348517,0.8873093498366548,0.0,0.7916666666666666,0.06222222222222222,0.19111111111111112,nan,1.6757608950138092,1.6757608950138092,6.3454402685165405,nan,nan,nan,nan,nan,nan,nan,nan,nan,nan,nan,nan,nan,nan,nan,nan,nan,nan,nan,nan,nan,nan,nan,nan,nan,nan,nan,nan,nan,nan,nan,nan,nan,nan,nan,nan,nan,nan,nan,nan,nan,nan,nan,nan,nan,nan,nan,nan,nan,nan,nan,nan,nan
279,34005,0.6410583333333333,-21.491594739437083,0.2088888888888889,0,149,0.3087248322147651,0.10738255033557047,0.5167785234899329,0.0,0.0,0.9328859060402684,0.06711409395973154,0.0,44.0,0.5033557046979866,0.034074074074074076,120.5485213279722,0.0016959514906717066,0.38158908540113395,0.6617705052821112,0.0,1.0,0.035555555555555556,0.2,nan,1.7720639407634735,1.7720639407634735,6.907647967338562,nan,nan,nan,nan,nan,nan,nan,nan,nan,nan,nan,nan,nan,nan,nan,nan,nan,nan,nan,nan,nan,nan,nan,nan,nan,nan,nan,nan,nan,nan,nan,nan,nan,nan,nan,nan,nan,nan,nan,nan,nan,nan,nan,nan,nan,nan,nan,nan,nan,nan,nan,nan,nan
280,34063,0.640446111111111,-4.830305440425873,0.13333333333333333,0,58,0.5,0.017241379310344827,0.41379310344827586,0.0,0.034482758620689655,0.9310344827586207,0.06896551724137931,0.0,14.0,0.1724137931034483,0.04296296296296296,50.212432765960635,0.0025668720233022364,0.5775462052430032,0.8897752809352862,0.0,1.0,0.13333333333333333,nan,nan,1.672522395849228,1.672522395849228,6.173268675804138,-212.89855276141157,0.07733333333333334,0.0,193.4,0.0,1.0,0.1712033500239096,0.022091227226306093,0.17853435660958436,0.5997627902593834,0.012759270898805783,0.3718289338598001,0.6281710661401998,0.0,151.8,0.7227674584557582,0.019280059044551802,90.76335963249176,0.0010074437537933851,0.22667484460351162,0.4924900540236214,0.0,0.4666666666666667,0.03666666666666667,0.03944444444444444,0.03944444444444444,-160.3119163432836,0.07111111111111111,0.0,155.6,0.0,1.0,0.1613005052155844,0.022041546679792263,0.2033453539881805,0.5853286965553192,0.015551918047627428,0.3866874058835571,0.6133125941164428,0.0,124.8,0.7202274418904485,0.01977222900556234,75.74110803127269,0.0010465697252198126,0.23547818817445781,0.5243785028387349,0.0,0.7,0.03666666666666666,0.043174603174603164,0.03555555555555555,0.12016666666666667
281,34229,0.6386938888888889,-13.872500000000002,0.16,0,166,0.21084337349397592,0.08433734939759036,0.3132530120481928,0.20481927710843373,0.0,0.608433734939759,0.39156626506024095,0.0,73.0,0.4759036144578313,0.022222222222222223,100.2999999999997,0.0015509028470145167,0.34895314057826626,0.8216032067780892,0.0,0.4838709677419355,0.10222222222222223,0.16,0.16,1.4647273421287537,1.4647273421287537,4.2499611377716064,nan,nan,nan,nan,nan,nan,nan,nan,nan,nan,nan,nan,nan,nan,nan,nan,nan,nan,nan,nan,nan,nan,nan,nan,nan,nan,nan,nan,nan,nan,nan,nan,nan,nan,nan,nan,nan,nan,nan,nan,nan,nan,nan,nan,nan,nan,nan,nan,nan,nan,nan,nan,nan
282,34293,0.6380183333333334,-9.195139670848848,0.10222222222222223,0,64,0.34375,0.03125,0.46875,0.046875,0.015625,0.84375,0.140625,0.015625,19.0,0.359375,0.0325925925925926,70.77275876998894,0.0013815736376132377,0.3108540684629784,0.7651476493422856,0.0,0.7142857142857143,0.10222222222222223,nan,nan,1.4510133564472198,1.4510133564472198,4.772088706493378,nan,nan,nan,nan,nan,nan,nan,nan,nan,nan,nan,nan,nan,nan,nan,nan,nan,nan,nan,nan,nan,nan,nan,nan,nan,nan,nan,nan,nan,nan,nan,nan,nan,nan,nan,nan,nan,nan,nan,nan,nan,nan,nan,nan,nan,nan,nan,nan,nan,nan,nan,nan,nan
283,34494,0.6358966666666668,-9.067532622814188,0.3511111111111111,0,201,0.3880597014925373,0.07462686567164178,0.22885572139303484,0.11940298507462686,0.0,0.6915422885572139,0.3034825870646766,0.004975124378109453,22.0,0.21890547263681592,0.03851851851851852,140.7288821220397,0.0024633654544774846,0.5542572272574341,0.8800806182843405,0.0,0.6052631578947368,0.08444444444444445,0.20444444444444446,0.3022222222222222,1.8978016674518585,1.8978016674518585,4.78780210018158,nan,nan,nan,nan,nan,nan,nan,nan,nan,nan,nan,nan,nan,nan,nan,nan,nan,nan,nan,nan,nan,nan,nan,nan,nan,nan,nan,nan,nan,nan,nan,nan,nan,nan,nan,nan,nan,nan,nan,nan,nan,nan,nan,nan,nan,nan,nan,nan,nan,nan,nan,nan,nan
284,34591,0.6348727777777778,-3.7725452842712444,0.25333333333333335,0,97,0.5773195876288659,0.061855670103092786,0.1958762886597938,0.020618556701030927,0.010309278350515464,0.8350515463917526,0.16494845360824742,0.0,13.0,0.12371134020618557,0.0644949494949495,80.24328842163077,0.00310167858003433,0.6978776805077243,0.933119193101602,0.0,0.8571428571428571,0.10222222222222223,nan,nan,1.5348477959632874,1.5348477959632874,4.574272453784943,nan,nan,nan,nan,nan,nan,nan,nan,nan,nan,nan,nan,nan,nan,nan,nan,nan,nan,nan,nan,nan,nan,nan,nan,nan,nan,nan,nan,nan,nan,nan,nan,nan,nan,nan,nan,nan,nan,nan,nan,nan,nan,nan,nan,nan,nan,nan,nan,nan,nan,nan,nan,nan
285,34725,0.6334583333333335,-5.328666614770897,0.27111111111111114,0,134,0.44776119402985076,0.1044776119402985,0.12686567164179105,0.15671641791044777,0.0,0.6791044776119403,0.3208955223880597,0.0,14.0,0.1791044776119403,0.054979423868312775,100.09206299781785,0.0026642139114714863,0.5994481300810843,0.9332590579294959,0.0,0.7272727272727273,0.07555555555555556,0.18222222222222223,nan,1.5182150304317474,1.5182150304317474,4.363449215888977,nan,nan,nan,nan,nan,nan,nan,nan,nan,nan,nan,nan,nan,nan,nan,nan,nan,nan,nan,nan,nan,nan,nan,nan,nan,nan,nan,nan,nan,nan,nan,nan,nan,nan,nan,nan,nan,nan,nan,nan,nan,nan,nan,nan,nan,nan,nan,nan,nan,nan,nan,nan,nan
286,34894,0.6316744444444444,-5.104180122137079,0.29333333333333333,0,169,0.38461538461538464,0.0650887573964497,0.08875739644970414,0.26627218934911245,0.0,0.5384615384615384,0.4556213017751479,0.005917159763313609,15.0,0.20118343195266272,0.04447786131996658,100.14457259178134,0.002884718376766006,0.6490616347723512,0.924385074452857,0.0,0.696969696969697,0.08888888888888889,0.13777777777777778,0.2222222222222222,1.3126659244298935,1.3126659244298935,4.571621954441071,nan,nan,nan,nan,nan,nan,nan,nan,nan,nan,nan,nan,nan,nan,nan,nan,nan,nan,nan,nan,nan,nan,nan,nan,nan,nan,nan,nan,nan,nan,nan,nan,nan,nan,nan,nan,nan,nan,nan,nan,nan,nan,nan,nan,nan,nan,nan,nan,nan,nan,nan,nan,nan
287,35064,0.62988,-6.544817562341699,0.3111111111111111,0,170,0.40588235294117647,0.08235294117647059,0.19411764705882353,0.11176470588235295,0.0,0.6823529411764706,0.3176470588235294,0.0,15.0,0.17058823529411765,0.044444444444444446,120.23635773658717,0.0025505319059856216,0.5738696788467648,0.8992873301588098,0.0,0.6571428571428571,0.09777777777777778,0.1688888888888889,0.29333333333333333,1.51992067694664,1.51992067694664,5.185568332672119,nan,nan,nan,nan,nan,nan,nan,nan,nan,nan,nan,nan,nan,nan,nan,nan,nan,nan,nan,nan,nan,nan,nan,nan,nan,nan,nan,nan,nan,nan,nan,nan,nan,nan,nan,nan,nan,nan,nan,nan,nan,nan,nan,nan,nan,nan,nan,nan,nan,nan,nan,nan,nan
288,35141,0.6290672222222222,-5.875872086048128,0.17777777777777778,-1,77,0.5064935064935064,0.09090909090909091,0.14285714285714285,0.1038961038961039,0.025974025974025976,0.7402597402597403,0.2597402597402597,0.0,12.0,0.15584415584415584,0.06888888888888889,76.27497224807736,0.002272479795464003,0.5113079539794007,0.9404139859021087,0.0,0.8333333333333334,0.08888888888888889,nan,nan,1.6514876782894135,1.6514876782894135,5.029946565628052,nan,nan,nan,nan,nan,nan,nan,nan,nan,nan,nan,nan,nan,nan,nan,nan,nan,nan,nan,nan,nan,nan,nan,nan,nan,nan,nan,nan,nan,nan,nan,nan,nan,nan,nan,nan,nan,nan,nan,nan,nan,nan,nan,nan,nan,nan,nan,nan,nan,nan,nan,nan,nan
289,35239,0.6280327777777779,-6.488341748237612,0.14666666666666667,0,98,0.32653061224489793,0.04081632653061224,0.23469387755102042,0.19387755102040816,0.01020408163265306,0.6020408163265306,0.3877551020408163,0.01020408163265306,13.0,0.23469387755102042,0.03642512077294686,70.24134998321529,0.0020247649319981367,0.4555721096995808,0.9243868571433165,0.0,0.7,0.05333333333333334,nan,nan,1.7032591104507446,1.7032591104507446,3.7057153582572937,nan,nan,nan,nan,nan,nan,nan,nan,nan,nan,nan,nan,nan,nan,nan,nan,nan,nan,nan,nan,nan,nan,nan,nan,nan,nan,nan,nan,nan,nan,nan,nan,nan,nan,nan,nan,nan,nan,nan,nan,nan,nan,nan,nan,nan,nan,nan,nan,nan,nan,nan,nan,nan
290,35433,0.625985,-7.821479672431959,0.29333333333333333,0,194,0.33505154639175255,0.08762886597938144,0.13917525773195877,0.2422680412371134,0.0,0.5618556701030928,0.4329896907216495,0.005154639175257732,17.0,0.25257731958762886,0.038391812865497074,120.49980640411337,0.0023974220167629033,0.5394199537716532,0.9274310458217951,0.0,0.631578947368421,0.08,0.12,0.17777777777777778,1.5680709779262543,1.5680709779262543,4.888707399368286,nan,nan,nan,nan,nan,nan,nan,nan,nan,nan,nan,nan,nan,nan,nan,nan,nan,nan,nan,nan,nan,nan,nan,nan,nan,nan,nan,nan,nan,nan,nan,nan,nan,nan,nan,nan,nan,nan,nan,nan,nan,nan,nan,nan,nan,nan,nan,nan,nan,nan,nan,nan,nan
291,35562,0.6246233333333333,-4.990714345932014,0.24444444444444444,0,129,0.4186046511627907,0.05426356589147287,0.13953488372093023,0.1937984496124031,0.007751937984496124,0.6124031007751938,0.3798449612403101,0.007751937984496124,17.0,0.15503875968992248,0.05555555555555556,80.06394615173325,0.0029976039345495638,0.6744608852736519,0.9323807446670536,0.0,0.72,0.06666666666666667,0.13777777777777778,nan,1.578775942325592,1.578775942325592,5.18324214220047,nan,nan,nan,nan,nan,nan,nan,nan,nan,nan,nan,nan,nan,nan,nan,nan,nan,nan,nan,nan,nan,nan,nan,nan,nan,nan,nan,nan,nan,nan,nan,nan,nan,nan,nan,nan,nan,nan,nan,nan,nan,nan,nan,nan,nan,nan,nan,nan,nan,nan,nan,nan,nan
292,35705,0.623113888888889,-7.275708261251454,0.25333333333333335,0,143,0.3916083916083916,0.055944055944055944,0.2517482517482518,0.11888111888111888,0.0,0.6993006993006993,0.2937062937062937,0.006993006993006993,17.0,0.15384615384615385,0.04436213991769548,100.6924596309661,0.002471772859666522,0.5561488934249674,0.8839765469999029,0.0,0.8076923076923077,0.08444444444444445,0.18666666666666668,nan,1.4262464046478271,1.4262464046478271,3.866803526878357,nan,nan,nan,nan,nan,nan,nan,nan,nan,nan,nan,nan,nan,nan,nan,nan,nan,nan,nan,nan,nan,nan,nan,nan,nan,nan,nan,nan,nan,nan,nan,nan,nan,nan,nan,nan,nan,nan,nan,nan,nan,nan,nan,nan,nan,nan,nan,nan,nan,nan,nan,nan,nan
293,35866,0.6214144444444445,-5.860622567653666,0.28888888888888886,0,161,0.39751552795031053,0.062111801242236024,0.12422360248447205,0.2111801242236025,0.006211180124223602,0.5838509316770186,0.4161490683229814,0.0,19.0,0.17391304347826086,0.047099567099567086,100.47259588241556,0.002831064948071349,0.6369896133160535,0.9200766501200226,0.0,0.696969696969697,0.07555555555555556,0.14666666666666667,0.25333333333333335,1.6361051201820374,1.6361051201820374,4.8502912521362305,nan,nan,nan,nan,nan,nan,nan,nan,nan,nan,nan,nan,nan,nan,nan,nan,nan,nan,nan,nan,nan,nan,nan,nan,nan,nan,nan,nan,nan,nan,nan,nan,nan,nan,nan,nan,nan,nan,nan,nan,nan,nan,nan,nan,nan,nan,nan,nan,nan,nan,nan,nan,nan
294,36107,0.6188705555555556,-12.502200257062919,0.37333333333333335,0,241,0.34439834024896265,0.06639004149377593,0.26556016597510373,0.16182572614107885,0.0,0.6763485477178424,0.3153526970954357,0.008298755186721992,30.0,0.27800829875518673,0.03688888888888889,160.7257167339326,0.002295145396673218,0.5164077142514739,0.8858996067982091,0.004149377593360996,0.5897435897435898,0.057777777777777775,0.13777777777777778,0.21333333333333335,1.7327057719230652,1.7327057719230652,3.8170503973960876,nan,nan,nan,nan,nan,nan,nan,nan,nan,nan,nan,nan,nan,nan,nan,nan,nan,nan,nan,nan,nan,nan,nan,nan,nan,nan,nan,nan,nan,nan,nan,nan,nan,nan,nan,nan,nan,nan,nan,nan,nan,nan,nan,nan,nan,nan,nan,nan,nan,nan,nan,nan,nan
295,36308,0.6167488888888889,-9.76895085573196,0.21333333333333335,0,201,0.23383084577114427,0.07462686567164178,0.14427860696517414,0.32338308457711445,0.004975124378109453,0.4527363184079602,0.5472636815920398,0.0,59.0,0.40298507462686567,0.035061728395061734,106.21857957839927,0.0019665946364374916,0.4424837931984356,0.9281517561927171,0.0,0.5555555555555556,0.10222222222222223,0.16,0.17777777777777778,1.5026058554649353,1.5026058554649353,5.125046253204346,nan,nan,nan,nan,nan,nan,nan,nan,nan,nan,nan,nan,nan,nan,nan,nan,nan,nan,nan,nan,nan,nan,nan,nan,nan,nan,nan,nan,nan,nan,nan,nan,nan,nan,nan,nan,nan,nan,nan,nan,nan,nan,nan,nan,nan,nan,nan,nan,nan,nan,nan,nan,nan
296,36474,0.6149966666666666,-11.613558615446092,0.17333333333333334,0,166,0.2289156626506024,0.09036144578313253,0.2289156626506024,0.25301204819277107,0.0,0.5481927710843374,0.4457831325301205,0.006024096385542169,29.0,0.41566265060240964,0.026984126984126982,100.54817728996257,0.0016796812576904722,0.37792828298035624,0.8819458097630487,0.0,0.5454545454545454,0.06666666666666667,0.10666666666666667,0.13777777777777778,1.5358670949935913,1.5358670949935913,4.23968780040741,nan,nan,nan,nan,nan,nan,nan,nan,nan,nan,nan,nan,nan,nan,nan,nan,nan,nan,nan,nan,nan,nan,nan,nan,nan,nan,nan,nan,nan,nan,nan,nan,nan,nan,nan,nan,nan,nan,nan,nan,nan,nan,nan,nan,nan,nan,nan,nan,nan,nan,nan,nan,nan
297,36557,0.6141205555555556,-2.867066864967346,0.24444444444444444,0,83,0.6506024096385542,0.024096385542168676,0.18072289156626506,0.024096385542168676,0.012048192771084338,0.8554216867469879,0.14457831325301204,0.0,8.0,0.03614457831325301,0.06944444444444445,70.5149225234984,0.0034035349031266734,0.7657953532035016,0.9062789056933559,0.0,1.0,0.14666666666666667,nan,nan,1.6066468358039856,1.6066468358039856,5.1462900042533875,nan,nan,nan,nan,nan,nan,nan,nan,nan,nan,nan,nan,nan,nan,nan,nan,nan,nan,nan,nan,nan,nan,nan,nan,nan,nan,nan,nan,nan,nan,nan,nan,nan,nan,nan,nan,nan,nan,nan,nan,nan,nan,nan,nan,nan,nan,nan,nan,nan,nan,nan,nan,nan
298,36632,0.6133288888888889,-6.553169306039811,0.16444444444444445,0,75,0.48,0.02666666666666667,0.3466666666666667,0.013333333333333334,0.013333333333333334,0.8533333333333334,0.13333333333333333,0.013333333333333334,14.0,0.24,0.05333333333333334,70.1730410099029,0.002280077900249764,0.5130175275561969,0.8446950035856987,0.0,0.7777777777777778,0.12444444444444444,nan,nan,1.7978689968585968,1.7978689968585968,5.615191102027893,nan,nan,nan,nan,nan,nan,nan,nan,nan,nan,nan,nan,nan,nan,nan,nan,nan,nan,nan,nan,nan,nan,nan,nan,nan,nan,nan,nan,nan,nan,nan,nan,nan,nan,nan,nan,nan,nan,nan,nan,nan,nan,nan,nan,nan,nan,nan,nan,nan,nan,nan,nan,nan
299,36742,0.6121677777777778,-6.564217998743059,0.16,0,110,0.3181818181818182,0.08181818181818182,0.18181818181818182,0.23636363636363636,0.00909090909090909,0.5818181818181818,0.41818181818181815,0.0,21.0,0.37272727272727274,0.044444444444444446,70.70683808326723,0.002200007237947298,0.49500162853814206,0.8872683747707576,0.0,0.45,0.08888888888888889,0.11555555555555555,nan,1.6547268331050873,1.6547268331050873,5.106584310531616,nan,nan,nan,nan,nan,nan,nan,nan,nan,nan,nan,nan,nan,nan,nan,nan,nan,nan,nan,nan,nan,nan,nan,nan,nan,nan,nan,nan,nan,nan,nan,nan,nan,nan,nan,nan,nan,nan,nan,nan,nan,nan,nan,nan,nan,nan,nan,nan,nan,nan,nan,nan,nan
300,36810,0.61145,-6.800585175037384,0.12444444444444444,0,68,0.39705882352941174,0.07352941176470588,0.3382352941176471,0.0,0.014705882352941176,0.8088235294117647,0.16176470588235295,0.029411764705882353,14.0,0.22058823529411764,0.04230452674897119,70.97700166702263,0.0016906884931961624,0.38040491096913653,0.9014090115685096,0.0,0.5384615384615384,0.10666666666666667,nan,nan,1.4974999725818634,1.4974999725818634,4.574927866458893,-58.999483375597,0.11377777777777778,0.2,133.9,0.1,0.9,0.2502213908555585,0.013998865704745922,0.4009782275273355,0.2831077998888666,0.012624704371995393,0.6651984840876398,0.33480151591236007,0.0,61.8,0.5663875323236339,0.025929218106995888,82.87698452949505,0.0014288957085750432,0.32150153442938467,0.6142631314977403,0.0,0.8692307692307694,0.076,0.06133333333333333,0.06444444444444444,-47.62955422782898,0.1191111111111111,0.0,134.0,0.0,1.0,0.267121588206494,0.01862958551093855,0.3735270578351826,0.2767049819976788,0.012211392532288055,0.6592782315526151,0.34072176844738483,0.0,55.9,0.5292646020142352,0.02980187869028449,81.5148021697996,0.0015831992931886149,0.3562198409674383,0.6372873553062856,0.0,0.8937745098039216,0.07407407407407408,0.049777777777777775,0.0791111111111111,0.18588888888888888
301,36936,0.61012,-6.253187779903419,0.21777777777777776,0,126,0.38095238095238093,0.09523809523809523,0.1746031746031746,0.15079365079365079,0.015873015873015872,0.6507936507936508,0.3492063492063492,0.0,23.0,0.19047619047619047,0.035555555555555556,80.16369314193709,0.0026612213705724274,0.5987748083787963,0.8969005443465311,0.0,0.6666666666666666,0.06222222222222222,0.1511111111111111,nan,1.7952941060066223,1.7952941060066223,4.615281790494919,nan,nan,nan,nan,nan,nan,nan,nan,nan,nan,nan,nan,nan,nan,nan,nan,nan,nan,nan,nan,nan,nan,nan,nan,nan,nan,nan,nan,nan,nan,nan,nan,nan,nan,nan,nan,nan,nan,nan,nan,nan,nan,nan,nan,nan,nan,nan,nan,nan,nan,nan,nan,nan
302,36988,0.6095711111111111,-6.102302238464355,0.1111111111111111,0,52,0.46153846153846156,0.038461538461538464,0.40384615384615385,0.0,0.038461538461538464,0.9038461538461539,0.09615384615384616,0.0,22.0,0.3269230769230769,0.06962962962962958,45.43144989013669,0.002347859619814254,0.5282684144582072,0.7763778505296125,0.0,0.8,0.10222222222222223,nan,nan,1.2816549241542816,1.2816549241542816,4.709409236907959,nan,nan,nan,nan,nan,nan,nan,nan,nan,nan,nan,nan,nan,nan,nan,nan,nan,nan,nan,nan,nan,nan,nan,nan,nan,nan,nan,nan,nan,nan,nan,nan,nan,nan,nan,nan,nan,nan,nan,nan,nan,nan,nan,nan,nan,nan,nan,nan,nan,nan,nan,nan,nan
303,37046,0.6089588888888888,-3.0544167180061335,0.17777777777777778,0,58,0.6724137931034483,0.0,0.27586206896551724,0.0,0.034482758620689655,0.9482758620689655,0.05172413793103448,0.0,12.0,0.13793103448275862,0.08296296296296297,48.34682588577268,0.003585206063845056,0.8066713643651375,0.8056956046627598,0.0,1.0,0.14222222222222222,nan,nan,1.5717784762382507,1.5717784762382507,5.788305461406708,nan,nan,nan,nan,nan,nan,nan,nan,nan,nan,nan,nan,nan,nan,nan,nan,nan,nan,nan,nan,nan,nan,nan,nan,nan,nan,nan,nan,nan,nan,nan,nan,nan,nan,nan,nan,nan,nan,nan,nan,nan,nan,nan,nan,nan,nan,nan,nan,nan,nan,nan,nan,nan
304,37239,0.6069216666666667,-9.611762227773676,0.3466666666666667,0,193,0.39896373056994816,0.09844559585492228,0.31088082901554404,0.010362694300518135,0.0,0.8082901554404145,0.18652849740932642,0.0051813471502590676,38.0,0.29533678756476683,0.043209876543209874,140.5596402645109,0.002434711853119533,0.5478101669518949,0.8455258567183562,0.0,0.6285714285714286,0.11555555555555555,0.24,0.3288888888888889,1.5801289081573486,1.5801289081573486,4.204855680465698,nan,nan,nan,nan,nan,nan,nan,nan,nan,nan,nan,nan,nan,nan,nan,nan,nan,nan,nan,nan,nan,nan,nan,nan,nan,nan,nan,nan,nan,nan,nan,nan,nan,nan,nan,nan,nan,nan,nan,nan,nan,nan,nan,nan,nan,nan,nan,nan,nan,nan,nan,nan,nan
305,37321,0.6060561111111111,-5.740645943880084,0.17333333333333334,0,82,0.4634146341463415,0.0975609756097561,0.25609756097560976,0.0,0.012195121951219513,0.8170731707317073,0.15853658536585366,0.024390243902439025,18.0,0.18292682926829268,0.05365079365079366,70.74900898933411,0.00238715554184441,0.5371099969149922,0.8829946151195142,0.0,0.8,0.10666666666666667,nan,nan,1.742220401763916,1.742220401763916,4.513405442237854,nan,nan,nan,nan,nan,nan,nan,nan,nan,nan,nan,nan,nan,nan,nan,nan,nan,nan,nan,nan,nan,nan,nan,nan,nan,nan,nan,nan,nan,nan,nan,nan,nan,nan,nan,nan,nan,nan,nan,nan,nan,nan,nan,nan,nan,nan,nan,nan,nan,nan,nan,nan,nan
306,37415,0.6050638888888888,-3.006928976058961,0.23555555555555555,0,94,0.5531914893617021,0.10638297872340426,0.19148936170212766,0.0,0.010638297872340425,0.851063829787234,0.14893617021276595,0.0,15.0,0.18085106382978725,0.06269005847953216,70.21837120056144,0.003291319738120944,0.7405469410772124,0.9131516266082823,0.0,0.6428571428571429,0.12,nan,nan,1.52480149269104,1.52480149269104,5.061520516872406,nan,nan,nan,nan,nan,nan,nan,nan,nan,nan,nan,nan,nan,nan,nan,nan,nan,nan,nan,nan,nan,nan,nan,nan,nan,nan,nan,nan,nan,nan,nan,nan,nan,nan,nan,nan,nan,nan,nan,nan,nan,nan,nan,nan,nan,nan,nan,nan,nan,nan,nan,nan,nan
307,37591,0.6032061111111111,-2.906264289379127,0.4266666666666667,0,176,0.5397727272727273,0.07954545454545454,0.08522727272727272,0.11363636363636363,0.005681818181818182,0.7045454545454546,0.29545454545454547,0.0,15.0,0.10795454545454546,0.052777777777777785,120.0501360893247,0.003517049092789557,0.7913360458776503,0.9144600362677031,0.0,0.8125,0.08,0.21333333333333335,0.36444444444444446,1.3819304406642914,1.3819304406642914,4.616861701011658,nan,nan,nan,nan,nan,nan,nan,nan,nan,nan,nan,nan,nan,nan,nan,nan,nan,nan,nan,nan,nan,nan,nan,nan,nan,nan,nan,nan,nan,nan,nan,nan,nan,nan,nan,nan,nan,nan,nan,nan,nan,nan,nan,nan,nan,nan,nan,nan,nan,nan,nan,nan,nan
308,37678,0.6022877777777778,-4.963995105266571,0.1688888888888889,0,87,0.42528735632183906,0.11494252873563218,0.22988505747126436,0.05747126436781609,0.011494252873563218,0.7701149425287356,0.22988505747126436,0.0,12.0,0.1839080459770115,0.04833333333333334,70.49519147872927,0.0023327044156488713,0.524858493520996,0.9236174396016271,0.0,0.6666666666666666,0.09333333333333334,nan,nan,1.525158405303955,1.525158405303955,4.881365239620209,nan,nan,nan,nan,nan,nan,nan,nan,nan,nan,nan,nan,nan,nan,nan,nan,nan,nan,nan,nan,nan,nan,nan,nan,nan,nan,nan,nan,nan,nan,nan,nan,nan,nan,nan,nan,nan,nan,nan,nan,nan,nan,nan,nan,nan,nan,nan,nan,nan,nan,nan,nan,nan
309,37839,0.6005883333333333,-8.10948881435395,0.23555555555555555,0,161,0.32298136645962733,0.043478260869565216,0.22981366459627328,0.19875776397515527,0.0,0.5962732919254659,0.39751552795031053,0.006211180124223602,19.0,0.2360248447204969,0.033823953823953826,100.17608394622773,0.0023070487685979656,0.5190859729345422,0.9217841141668729,0.0,0.6666666666666666,0.08444444444444445,0.12,0.2311111111111111,1.5841451287269592,1.5841451287269592,4.85867965221405,nan,nan,nan,nan,nan,nan,nan,nan,nan,nan,nan,nan,nan,nan,nan,nan,nan,nan,nan,nan,nan,nan,nan,nan,nan,nan,nan,nan,nan,nan,nan,nan,nan,nan,nan,nan,nan,nan,nan,nan,nan,nan,nan,nan,nan,nan,nan,nan,nan,nan,nan,nan,nan
310,37976,0.5991422222222222,-6.520002588748931,0.19555555555555557,-1,137,0.31386861313868614,0.10948905109489052,0.145985401459854,0.2116788321167883,0.0072992700729927005,0.5693430656934306,0.4306569343065693,0.0,18.0,0.23357664233576642,0.0358641975308642,83.36192941665634,0.0022925466390767784,0.5158229937922751,0.9327107719842571,0.0,0.6333333333333333,0.11555555555555555,0.15555555555555556,nan,1.6906762719154358,1.6906762719154358,4.269206285476685,nan,nan,nan,nan,nan,nan,nan,nan,nan,nan,nan,nan,nan,nan,nan,nan,nan,nan,nan,nan,nan,nan,nan,nan,nan,nan,nan,nan,nan,nan,nan,nan,nan,nan,nan,nan,nan,nan,nan,nan,nan,nan,nan,nan,nan,nan,nan,nan,nan,nan,nan,nan,nan
311,38033,0.5985405555555556,-5.399197968006135,0.12,0,57,0.45614035087719296,0.03508771929824561,0.3684210526315789,0.017543859649122806,0.03508771929824561,0.8596491228070176,0.14035087719298245,0.0,18.0,0.2807017543859649,0.053756613756613746,50.87807588577267,0.002271224953848324,0.5110256146158729,0.8693715770130976,0.0,0.8571428571428571,0.10222222222222223,nan,nan,1.6725296676158905,1.6725296676158905,4.659777462482452,nan,nan,nan,nan,nan,nan,nan,nan,nan,nan,nan,nan,nan,nan,nan,nan,nan,nan,nan,nan,nan,nan,nan,nan,nan,nan,nan,nan,nan,nan,nan,nan,nan,nan,nan,nan,nan,nan,nan,nan,nan,nan,nan,nan,nan,nan,nan,nan,nan,nan,nan,nan,nan
312,38198,0.5967988888888889,-4.978114618539817,0.29777777777777775,-1,165,0.4,0.05454545454545454,0.09696969696969697,0.2545454545454545,0.006060606060606061,0.5515151515151515,0.4484848484848485,0.0,15.0,0.15757575757575756,0.047407407407407405,96.50585350990274,0.003039539288704737,0.6838963399585659,0.9327755003896825,0.0,0.75,0.07555555555555556,0.13333333333333333,0.24,1.705044686794281,1.705044686794281,4.468144476413727,nan,nan,nan,nan,nan,nan,nan,nan,nan,nan,nan,nan,nan,nan,nan,nan,nan,nan,nan,nan,nan,nan,nan,nan,nan,nan,nan,nan,nan,nan,nan,nan,nan,nan,nan,nan,nan,nan,nan,nan,nan,nan,nan,nan,nan,nan,nan,nan,nan,nan,nan,nan,nan
313,38288,0.5958488888888889,-5.471327274799346,0.19111111111111112,0,90,0.4666666666666667,0.011111111111111112,0.2111111111111111,0.15555555555555556,0.011111111111111112,0.6888888888888889,0.3111111111111111,0.0,11.0,0.14444444444444443,0.05333333333333334,70.25073595046989,0.0026571489129775887,0.5978585054199574,0.8886342013174112,0.0,0.9230769230769231,0.07555555555555556,nan,nan,1.464573472738266,1.464573472738266,4.829809904098511,nan,nan,nan,nan,nan,nan,nan,nan,nan,nan,nan,nan,nan,nan,nan,nan,nan,nan,nan,nan,nan,nan,nan,nan,nan,nan,nan,nan,nan,nan,nan,nan,nan,nan,nan,nan,nan,nan,nan,nan,nan,nan,nan,nan,nan,nan,nan,nan,nan,nan,nan,nan,nan
314,38401,0.5946561111111112,-5.948644000768667,0.17777777777777778,0,113,0.34513274336283184,0.05309734513274336,0.1415929203539823,0.24778761061946902,0.008849557522123894,0.5398230088495575,0.46017699115044247,0.0,16.0,0.20353982300884957,0.04205128205128206,70.62518095970147,0.0024542709976521954,0.5522109744717439,0.9266987752329562,0.0,0.7083333333333334,0.06222222222222222,0.13777777777777778,nan,1.5044148862361908,1.5044148862361908,4.201983332633972,nan,nan,nan,nan,nan,nan,nan,nan,nan,nan,nan,nan,nan,nan,nan,nan,nan,nan,nan,nan,nan,nan,nan,nan,nan,nan,nan,nan,nan,nan,nan,nan,nan,nan,nan,nan,nan,nan,nan,nan,nan,nan,nan,nan,nan,nan,nan,nan,nan,nan,nan,nan,nan
315,38566,0.5929144444444445,-6.188325992584232,0.24888888888888888,0,165,0.3333333333333333,0.07878787878787878,0.10909090909090909,0.2545454545454545,0.0,0.5212121212121212,0.4666666666666667,0.012121212121212121,14.0,0.18787878787878787,0.0383068783068783,100.12691421508785,0.002441346029293788,0.5493028565911022,0.9493484860616932,0.0,0.6944444444444444,0.08444444444444445,0.13333333333333333,0.21333333333333335,1.4669791758060455,1.4669791758060455,3.260342985391617,nan,nan,nan,nan,nan,nan,nan,nan,nan,nan,nan,nan,nan,nan,nan,nan,nan,nan,nan,nan,nan,nan,nan,nan,nan,nan,nan,nan,nan,nan,nan,nan,nan,nan,nan,nan,nan,nan,nan,nan,nan,nan,nan,nan,nan,nan,nan,nan,nan,nan,nan,nan,nan
316,38661,0.5919116666666667,-4.8635365364551575,0.2088888888888889,0,95,0.4842105263157895,0.06315789473684211,0.2,0.10526315789473684,0.010526315789473684,0.7473684210526316,0.25263157894736843,0.0,24.0,0.22105263157894736,0.05527777777777778,70.79558606147762,0.002887813433268404,0.6497580224853908,0.8785066966127967,0.0,0.7857142857142857,0.07555555555555556,nan,nan,1.4444033354520798,1.4444033354520798,3.563594162464142,nan,nan,nan,nan,nan,nan,nan,nan,nan,nan,nan,nan,nan,nan,nan,nan,nan,nan,nan,nan,nan,nan,nan,nan,nan,nan,nan,nan,nan,nan,nan,nan,nan,nan,nan,nan,nan,nan,nan,nan,nan,nan,nan,nan,nan,nan,nan,nan,nan,nan,nan,nan,nan
317,38824,0.5901911111111111,-6.477070327043542,0.26666666666666666,0,163,0.3619631901840491,0.03680981595092025,0.12269938650306748,0.2883435582822086,0.0,0.5214723926380368,0.4723926380368098,0.006134969325153374,14.0,0.18404907975460122,0.041562881562881564,100.13400311470008,0.0026187130651498637,0.5892104396587193,0.9124085158275285,0.0,0.8064516129032258,0.06222222222222222,0.12444444444444444,0.23555555555555555,1.378034695982933,1.378034695982933,3.1467003524303436,nan,nan,nan,nan,nan,nan,nan,nan,nan,nan,nan,nan,nan,nan,nan,nan,nan,nan,nan,nan,nan,nan,nan,nan,nan,nan,nan,nan,nan,nan,nan,nan,nan,nan,nan,nan,nan,nan,nan,nan,nan,nan,nan,nan,nan,nan,nan,nan,nan,nan,nan,nan,nan
318,39061,0.5876894444444445,-11.356973881244652,0.24888888888888888,0,237,0.2320675105485232,0.05907172995780591,0.11392405063291139,0.38396624472573837,0.0,0.4050632911392405,0.5907172995780591,0.004219409282700422,18.0,0.2489451476793249,0.028777777777777774,120.333084583282,0.0020313984744176113,0.45706465674396257,0.9274247156039118,0.0,0.72,0.07111111111111111,0.10666666666666667,0.16,1.4828858971595764,1.4828858971595764,3.9639095067977905,nan,nan,nan,nan,nan,nan,nan,nan,nan,nan,nan,nan,nan,nan,nan,nan,nan,nan,nan,nan,nan,nan,nan,nan,nan,nan,nan,nan,nan,nan,nan,nan,nan,nan,nan,nan,nan,nan,nan,nan,nan,nan,nan,nan,nan,nan,nan,nan,nan,nan,nan,nan,nan
319,39159,0.586655,-4.675596387863163,0.2,0,98,0.4489795918367347,0.04081632653061224,0.1326530612244898,0.21428571428571427,0.01020408163265306,0.6224489795918368,0.37755102040816324,0.0,12.0,0.12244897959183673,0.05053140096618358,70.35806083679198,0.0027794335607000515,0.6253725511575116,0.9291608277827715,0.0,0.8,0.07555555555555556,nan,nan,1.6296654045581818,1.6296654045581818,3.744521141052246,nan,nan,nan,nan,nan,nan,nan,nan,nan,nan,nan,nan,nan,nan,nan,nan,nan,nan,nan,nan,nan,nan,nan,nan,nan,nan,nan,nan,nan,nan,nan,nan,nan,nan,nan,nan,nan,nan,nan,nan,nan,nan,nan,nan,nan,nan,nan,nan,nan,nan,nan,nan,nan
320,39292,0.5852511111111112,-8.554710737705234,0.14222222222222222,0,133,0.23308270676691728,0.03759398496240601,0.12781954887218044,0.44360902255639095,0.007518796992481203,0.39849624060150374,0.6015037593984962,0.0,24.0,0.3684210526315789,0.032407407407407406,70.39724512100206,0.0019571472937749044,0.4403581410993535,0.8950792507700598,0.0,0.7619047619047619,0.04888888888888889,0.08,nan,1.4521840512752533,1.4521840512752533,4.2919802069664,-231.7566480173826,0.08266666666666665,0.2,185.8,0.2,0.8,0.17673318992003598,0.02444518023652823,0.13773837105100933,0.6295574558382085,0.010869253967462397,0.3389167412075736,0.6610832587924265,0.0,159.2,0.7214956491680865,0.018877187844834904,83.59855254650084,0.001102770904217404,0.2481234534489159,0.4921558724398455,0.0,0.5916666666666666,0.04790123456790124,0.035555555555555556,0.035555555555555556,-184.77694377191062,0.08888888888888888,0.1,168.0,0.2,0.8,0.16527021924839938,0.029422360459264375,0.18671442715916256,0.5867332203219456,0.010989494893333174,0.38140700686682627,0.6185929931331737,0.0,135.2,0.7198273366996,0.018521505486830563,82.8327978277204,0.0010885142521765098,0.2449157067397147,0.5063938632112677,0.0,0.6571428571428571,0.04938271604938271,0.040634920634920635,0.0637037037037037,0.1242469135802469
321,39402,0.58409,-6.164122008085254,0.22666666666666666,0,110,0.45454545454545453,0.045454545454545456,0.15454545454545454,0.14545454545454545,0.00909090909090909,0.6545454545454545,0.33636363636363636,0.00909090909090909,14.0,0.13636363636363635,0.05644444444444443,90.18211436271659,0.0024641496131753383,0.5544336629644512,0.9377357851692422,0.0,0.8181818181818182,0.08,0.18666666666666668,nan,1.4328257888555527,1.4328257888555527,5.513970673084259,nan,nan,nan,nan,nan,nan,nan,nan,nan,nan,nan,nan,nan,nan,nan,nan,nan,nan,nan,nan,nan,nan,nan,nan,nan,nan,nan,nan,nan,nan,nan,nan,nan,nan,nan,nan,nan,nan,nan,nan,nan,nan,nan,nan,nan,nan,nan,nan,nan,nan,nan,nan,nan
322,39488,0.5831822222222223,-4.789470476150516,0.18222222222222223,0,86,0.46511627906976744,0.06976744186046512,0.2558139534883721,0.05813953488372093,0.011627906976744186,0.7906976744186046,0.18604651162790697,0.023255813953488372,13.0,0.18604651162790697,0.05151515151515152,70.50924263000476,0.002521340056234352,0.5673015126527292,0.8648338970306305,0.0,0.46153846153846156,0.10222222222222223,nan,nan,1.3837063312530518,1.3837063312530518,4.215356290340424,nan,nan,nan,nan,nan,nan,nan,nan,nan,nan,nan,nan,nan,nan,nan,nan,nan,nan,nan,nan,nan,nan,nan,nan,nan,nan,nan,nan,nan,nan,nan,nan,nan,nan,nan,nan,nan,nan,nan,nan,nan,nan,nan,nan,nan,nan,nan,nan,nan,nan,nan,nan,nan
323,39626,0.5817255555555556,-6.637268450737005,0.21333333333333335,0,138,0.34057971014492755,0.014492753623188406,0.11594202898550725,0.36231884057971014,0.007246376811594203,0.47101449275362317,0.5289855072463768,0.0,16.0,0.13768115942028986,0.04028490028490029,80.13589000701896,0.0026066833334052034,0.5865037500161707,0.9092011935709159,0.0,0.8695652173913043,0.07111111111111111,0.12444444444444444,nan,1.3983049094676971,1.3983049094676971,4.4125853180885315,nan,nan,nan,nan,nan,nan,nan,nan,nan,nan,nan,nan,nan,nan,nan,nan,nan,nan,nan,nan,nan,nan,nan,nan,nan,nan,nan,nan,nan,nan,nan,nan,nan,nan,nan,nan,nan,nan,nan,nan,nan,nan,nan,nan,nan,nan,nan,nan,nan,nan,nan,nan,nan
324,39685,0.5811027777777777,-1.6559376931190486,0.20444444444444446,0,59,0.7627118644067796,0.05084745762711865,0.06779661016949153,0.0,0.03389830508474576,0.8813559322033898,0.11864406779661017,0.0,5.0,0.0,0.08773662551440331,50.78035898208616,0.003938530644703678,0.8861693950583275,0.9950357081557042,0.0,1.0,0.1688888888888889,nan,nan,1.356065109372139,1.356065109372139,4.166923463344574,nan,nan,nan,nan,nan,nan,nan,nan,nan,nan,nan,nan,nan,nan,nan,nan,nan,nan,nan,nan,nan,nan,nan,nan,nan,nan,nan,nan,nan,nan,nan,nan,nan,nan,nan,nan,nan,nan,nan,nan,nan,nan,nan,nan,nan,nan,nan,nan,nan,nan,nan,nan,nan
325,39801,0.5798783333333334,-5.32108851575852,0.23555555555555555,0,116,0.4482758620689655,0.09482758620689655,0.12931034482758622,0.13793103448275862,0.008620689655172414,0.6724137931034483,0.3275862068965517,0.0,14.0,0.12931034482758622,0.05222222222222221,90.28655729293811,0.002559751064172958,0.5759439894389157,0.9361942252224943,0.0,0.6818181818181818,0.08,0.18222222222222223,nan,1.4542830288410187,1.4542830288410187,5.463396668434143,nan,nan,nan,nan,nan,nan,nan,nan,nan,nan,nan,nan,nan,nan,nan,nan,nan,nan,nan,nan,nan,nan,nan,nan,nan,nan,nan,nan,nan,nan,nan,nan,nan,nan,nan,nan,nan,nan,nan,nan,nan,nan,nan,nan,nan,nan,nan,nan,nan,nan,nan,nan,nan
326,39916,0.5786644444444444,-6.114803355216982,0.2088888888888889,-1,115,0.4,0.06086956521739131,0.11304347826086956,0.21739130434782608,0.017391304347826087,0.5739130434782609,0.4260869565217391,0.0,13.0,0.14782608695652175,0.04622222222222223,83.09336528778074,0.0024604183948547928,0.5535941388423283,0.9490636368943679,0.0,0.8333333333333334,0.08,0.1688888888888889,nan,1.2300943583250046,1.2300943583250046,3.4982761442661285,nan,nan,nan,nan,nan,nan,nan,nan,nan,nan,nan,nan,nan,nan,nan,nan,nan,nan,nan,nan,nan,nan,nan,nan,nan,nan,nan,nan,nan,nan,nan,nan,nan,nan,nan,nan,nan,nan,nan,nan,nan,nan,nan,nan,nan,nan,nan,nan,nan,nan,nan,nan,nan
327,40038,0.5773766666666666,-4.556101064205174,0.22666666666666666,0,122,0.4098360655737705,0.06557377049180328,0.07377049180327869,0.23770491803278687,0.00819672131147541,0.5491803278688525,0.4426229508196721,0.00819672131147541,9.0,0.03278688524590164,0.04626262626262626,82.65810537338244,0.002688450469780332,0.6049013557005748,0.9747899671042309,0.0,0.8076923076923077,0.08,0.16,nan,1.3530334830284119,1.3530334830284119,3.6336942315101624,nan,nan,nan,nan,nan,nan,nan,nan,nan,nan,nan,nan,nan,nan,nan,nan,nan,nan,nan,nan,nan,nan,nan,nan,nan,nan,nan,nan,nan,nan,nan,nan,nan,nan,nan,nan,nan,nan,nan,nan,nan,nan,nan,nan,nan,nan,nan,nan,nan,nan,nan,nan,nan
328,40205,0.5756138888888889,-13.194881031036378,0.1511111111111111,0,167,0.19760479041916168,0.0658682634730539,0.1437125748502994,0.40119760479041916,0.005988023952095809,0.40718562874251496,0.592814371257485,0.0,24.0,0.38922155688622756,0.022147525676937445,90.21791458129867,0.0016256933819335843,0.3657810109350565,0.8733711200598507,0.0,0.5,0.05333333333333334,0.1111111111111111,0.13333333333333333,1.6693593561649323,1.6693593561649323,4.177737355232239,nan,nan,nan,nan,nan,nan,nan,nan,nan,nan,nan,nan,nan,nan,nan,nan,nan,nan,nan,nan,nan,nan,nan,nan,nan,nan,nan,nan,nan,nan,nan,nan,nan,nan,nan,nan,nan,nan,nan,nan,nan,nan,nan,nan,nan,nan,nan,nan,nan,nan,nan,nan,nan
329,40389,0.5736716666666667,-17.36749999999999,0.14222222222222222,0,184,0.16847826086956522,0.05434782608695652,0.2717391304347826,0.3532608695652174,0.0,0.4945652173913043,0.5054347826086957,0.0,26.0,0.5380434782608695,0.017222222222222222,100.69999999999965,0.0013682003751517206,0.3078450844091371,0.825370444635914,0.0,0.5,0.05333333333333334,0.07555555555555556,0.11555555555555555,1.5986308157444,1.5986308157444,3.720592498779297,nan,nan,nan,nan,nan,nan,nan,nan,nan,nan,nan,nan,nan,nan,nan,nan,nan,nan,nan,nan,nan,nan,nan,nan,nan,nan,nan,nan,nan,nan,nan,nan,nan,nan,nan,nan,nan,nan,nan,nan,nan,nan,nan,nan,nan,nan,nan,nan,nan,nan,nan,nan,nan
330,40568,0.5717822222222222,-7.545015995502479,0.26222222222222225,0,179,0.3240223463687151,0.05027932960893855,0.10614525139664804,0.3463687150837989,0.0,0.48044692737430167,0.5195530726256983,0.0,18.0,0.21787709497206703,0.043888888888888915,100.39062852859472,0.0025677474237981667,0.5777431703545874,0.9365821180274829,0.0,0.7419354838709677,0.057777777777777775,0.09333333333333334,0.1511111111111111,1.4644793272018433,1.4644793272018433,4.31562352180481,nan,nan,nan,nan,nan,nan,nan,nan,nan,nan,nan,nan,nan,nan,nan,nan,nan,nan,nan,nan,nan,nan,nan,nan,nan,nan,nan,nan,nan,nan,nan,nan,nan,nan,nan,nan,nan,nan,nan,nan,nan,nan,nan,nan,nan,nan,nan,nan,nan,nan,nan,nan,nan
331,40713,0.5702516666666667,-7.085929741144183,0.25333333333333335,0,145,0.38620689655172413,0.04827586206896552,0.10344827586206896,0.30344827586206896,0.006896551724137931,0.5379310344827586,0.4482758620689655,0.013793103448275862,15.0,0.1793103448275862,0.04351851851851852,90.77075943946829,0.00274195005556678,0.6169387625025254,0.9246719979635594,0.0,0.8695652173913043,0.08,0.12,nan,1.3376071751117706,1.3376071751117706,3.978854179382324,nan,nan,nan,nan,nan,nan,nan,nan,nan,nan,nan,nan,nan,nan,nan,nan,nan,nan,nan,nan,nan,nan,nan,nan,nan,nan,nan,nan,nan,nan,nan,nan,nan,nan,nan,nan,nan,nan,nan,nan,nan,nan,nan,nan,nan,nan,nan,nan,nan,nan,nan,nan,nan
332,40933,0.5679294444444445,-10.04074594593044,0.37333333333333335,0,220,0.37727272727272726,0.08181818181818182,0.07272727272727272,0.3,0.004545454545454545,0.5318181818181819,0.45454545454545453,0.013636363636363636,25.0,0.2772727272727273,0.042345679012345684,125.72138996124225,0.002934177620869536,0.6601899646956455,0.8914568373507447,0.0,0.7027027027027027,0.06222222222222222,0.09333333333333334,0.1511111111111111,1.345123142004013,1.345123142004013,3.6282337307929993,nan,nan,nan,nan,nan,nan,nan,nan,nan,nan,nan,nan,nan,nan,nan,nan,nan,nan,nan,nan,nan,nan,nan,nan,nan,nan,nan,nan,nan,nan,nan,nan,nan,nan,nan,nan,nan,nan,nan,nan,nan,nan,nan,nan,nan,nan,nan,nan,nan,nan,nan,nan,nan
333,41135,0.5657972222222223,-12.911001873731587,0.28888888888888886,0,202,0.31683168316831684,0.08415841584158416,0.1485148514851485,0.3069306930693069,0.0,0.5495049504950495,0.44554455445544555,0.0049504950495049506,75.0,0.4603960396039604,0.03160493827160493,120.6095416545865,0.0023583908913198965,0.5306379505469767,0.8673119782713715,0.0049504950495049506,0.4827586206896552,0.06222222222222222,0.07111111111111111,0.1511111111111111,1.3045945167541504,1.3045945167541504,4.315827131271362,nan,nan,nan,nan,nan,nan,nan,nan,nan,nan,nan,nan,nan,nan,nan,nan,nan,nan,nan,nan,nan,nan,nan,nan,nan,nan,nan,nan,nan,nan,nan,nan,nan,nan,nan,nan,nan,nan,nan,nan,nan,nan,nan,nan,nan,nan,nan,nan,nan,nan,nan,nan,nan
334,41285,0.564213888888889,-7.890500743865971,0.2088888888888889,0,150,0.30666666666666664,0.08,0.14666666666666667,0.26666666666666666,0.006666666666666667,0.5333333333333333,0.46,0.006666666666666667,26.0,0.23333333333333334,0.034074074074074076,100.24286422729482,0.002039491249779921,0.45888553120048226,0.93764906366702,0.0,0.6333333333333333,0.06222222222222222,0.11555555555555555,0.2088888888888889,1.175324708223343,1.175324708223343,3.2668535113334656,nan,nan,nan,nan,nan,nan,nan,nan,nan,nan,nan,nan,nan,nan,nan,nan,nan,nan,nan,nan,nan,nan,nan,nan,nan,nan,nan,nan,nan,nan,nan,nan,nan,nan,nan,nan,nan,nan,nan,nan,nan,nan,nan,nan,nan,nan,nan,nan,nan,nan,nan,nan,nan
335,41475,0.5622083333333334,-30.84946279835701,0.13777777777777778,0,190,0.15789473684210525,0.031578947368421054,0.2631578947368421,0.42105263157894735,0.005263157894736842,0.45263157894736844,0.5368421052631579,0.010526315789473684,64.0,0.5736842105263158,0.016666666666666666,110.09012188911423,0.0012111289464065659,0.2725040129414773,0.7628303506450638,0.005263157894736842,0.5833333333333334,0.08444444444444445,0.09777777777777778,0.13333333333333333,1.5102618038654327,1.5102618038654327,4.006301820278168,nan,nan,nan,nan,nan,nan,nan,nan,nan,nan,nan,nan,nan,nan,nan,nan,nan,nan,nan,nan,nan,nan,nan,nan,nan,nan,nan,nan,nan,nan,nan,nan,nan,nan,nan,nan,nan,nan,nan,nan,nan,nan,nan,nan,nan,nan,nan,nan,nan,nan,nan,nan,nan
336,41547,0.5614483333333333,-4.213127209186556,0.1688888888888889,0,72,0.5138888888888888,0.041666666666666664,0.19444444444444445,0.08333333333333333,0.041666666666666664,0.75,0.25,0.0,15.0,0.1527777777777778,0.05824915824915825,55.53454484939573,0.0029611198739523613,0.6662519716392813,0.8990625655836789,0.0,0.8333333333333334,0.09333333333333334,nan,nan,1.1278471052646637,1.1278471052646637,3.223269283771515,nan,nan,nan,nan,nan,nan,nan,nan,nan,nan,nan,nan,nan,nan,nan,nan,nan,nan,nan,nan,nan,nan,nan,nan,nan,nan,nan,nan,nan,nan,nan,nan,nan,nan,nan,nan,nan,nan,nan,nan,nan,nan,nan,nan,nan,nan,nan,nan,nan,nan,nan,nan,nan
337,41752,0.5592844444444445,-7.393246388196957,0.29333333333333333,0,205,0.3170731707317073,0.08292682926829269,0.1073170731707317,0.2975609756097561,0.0,0.5073170731707317,0.4926829268292683,0.0,11.0,0.12682926829268293,0.03209876543209876,120.55472750663724,0.002396329823506788,0.5391742102890272,0.9673792590234687,0.0,0.825,0.07111111111111111,0.11555555555555555,0.19111111111111112,1.3475689589977264,1.3475689589977264,3.601230204105377,nan,nan,nan,nan,nan,nan,nan,nan,nan,nan,nan,nan,nan,nan,nan,nan,nan,nan,nan,nan,nan,nan,nan,nan,nan,nan,nan,nan,nan,nan,nan,nan,nan,nan,nan,nan,nan,nan,nan,nan,nan,nan,nan,nan,nan,nan,nan,nan,nan,nan,nan,nan,nan
338,41948,0.5572155555555556,-9.949873686790477,0.2577777777777778,0,196,0.29081632653061223,0.061224489795918366,0.17346938775510204,0.28061224489795916,0.0,0.5255102040816326,0.46938775510204084,0.00510204081632653,17.0,0.2857142857142857,0.03198412698412698,120.7035589218136,0.002098805831379267,0.4722313120603351,0.9007116720573156,0.0,0.7368421052631579,0.07555555555555556,0.12444444444444444,0.18222222222222223,1.3339697420597076,1.3339697420597076,3.0700562596321106,nan,nan,nan,nan,nan,nan,nan,nan,nan,nan,nan,nan,nan,nan,nan,nan,nan,nan,nan,nan,nan,nan,nan,nan,nan,nan,nan,nan,nan,nan,nan,nan,nan,nan,nan,nan,nan,nan,nan,nan,nan,nan,nan,nan,nan,nan,nan,nan,nan,nan,nan,nan,nan
339,42176,0.5548088888888889,-11.28561681842805,0.26222222222222225,-1,228,0.2543859649122807,0.05263157894736842,0.07894736842105263,0.4342105263157895,0.0043859649122807015,0.38596491228070173,0.6052631578947368,0.008771929824561403,18.0,0.2324561403508772,0.029037037037037056,122.50111255645716,0.002104289278670638,0.4734650877008934,0.9500006026344997,0.0,0.7317073170731707,0.07111111111111111,0.10666666666666667,0.15555555555555556,1.1847616136074066,1.1847616136074066,2.999799072742462,nan,nan,nan,nan,nan,nan,nan,nan,nan,nan,nan,nan,nan,nan,nan,nan,nan,nan,nan,nan,nan,nan,nan,nan,nan,nan,nan,nan,nan,nan,nan,nan,nan,nan,nan,nan,nan,nan,nan,nan,nan,nan,nan,nan,nan,nan,nan,nan,nan,nan,nan,nan,nan
340,42272,0.5537955555555556,-7.820608119726181,0.13777777777777778,0,96,0.3125,0.03125,0.17708333333333334,0.3125,0.010416666666666666,0.5208333333333334,0.4479166666666667,0.03125,28.0,0.3645833333333333,0.035449735449735446,70.80579161643979,0.0018830851303182918,0.42369415432161567,0.957176094344388,0.020833333333333332,0.5,0.057777777777777775,nan,nan,1.4346238672733307,1.4346238672733307,3.864572823047638,-226.40860336797226,0.09733333333333333,0.4,187.8,0.2,0.8,0.20458241416858472,0.024032100432131637,0.11174033196154562,0.6264997933328279,0.014482774684140647,0.34035484656226195,0.659645153437738,0.0,157.0,0.6862447841935462,0.023975378834799124,82.05527017116518,0.0013256585272421394,0.2982731686294814,0.49898153892670194,0.0,0.775,0.03777777777777777,0.03888888888888888,0.03619047619047618,-167.0013928196668,0.096,-0.1,158.7,0.1,0.9,0.230240526942266,0.048958462695423845,0.1430125746113711,0.529675177553258,0.012560935364105208,0.42221156424906087,0.5777884357509391,0.0,124.5,0.6275229443406116,0.02662974720752499,77.63516971111275,0.0014111281017719615,0.3175038228986913,0.5662289492636812,0.0,0.5619047619047619,0.058765432098765426,0.03777777777777778,0.036444444444444446,0.1384047619047619
341,42359,0.5528772222222222,-6.1314199380874665,0.16444444444444445,0,87,0.41379310344827586,0.10344827586206896,0.1839080459770115,0.13793103448275862,0.011494252873563218,0.7011494252873564,0.28735632183908044,0.011494252873563218,21.0,0.3333333333333333,0.05083333333333334,70.2325708389282,0.002278145283431885,0.512582688772174,0.8846748188587,0.0,0.6153846153846154,0.06222222222222222,nan,nan,1.3069166541099548,1.3069166541099548,3.479728400707245,nan,nan,nan,nan,nan,nan,nan,nan,nan,nan,nan,nan,nan,nan,nan,nan,nan,nan,nan,nan,nan,nan,nan,nan,nan,nan,nan,nan,nan,nan,nan,nan,nan,nan,nan,nan,nan,nan,nan,nan,nan,nan,nan,nan,nan,nan,nan,nan,nan,nan,nan,nan,nan
342,42496,0.5514311111111112,-4.031900836467749,0.3022222222222222,0,137,0.48905109489051096,0.08759124087591241,0.10948905109489052,0.0948905109489051,0.0072992700729927005,0.6861313868613139,0.2846715328467153,0.029197080291970802,15.0,0.1386861313868613,0.05685185185185185,100.046674633026,0.002976388559340278,0.6696874258515625,0.9577234879829285,0.0,0.6,0.08,0.2,nan,1.3892890810966492,1.3892890810966492,3.808053195476532,nan,nan,nan,nan,nan,nan,nan,nan,nan,nan,nan,nan,nan,nan,nan,nan,nan,nan,nan,nan,nan,nan,nan,nan,nan,nan,nan,nan,nan,nan,nan,nan,nan,nan,nan,nan,nan,nan,nan,nan,nan,nan,nan,nan,nan,nan,nan,nan,nan,nan,nan,nan,nan
343,42589,0.5504494444444444,-5.854956825733192,0.16444444444444445,0,93,0.3870967741935484,0.03225806451612903,0.21505376344086022,0.21505376344086022,0.021505376344086023,0.6344086021505376,0.3548387096774194,0.010752688172043012,18.0,0.1935483870967742,0.043888888888888894,60.113874530792096,0.002661615163701406,0.5988634118328164,0.8651579670807876,0.0,0.7142857142857143,0.07111111111111111,nan,nan,1.303044468164444,1.303044468164444,4.289964914321899,nan,nan,nan,nan,nan,nan,nan,nan,nan,nan,nan,nan,nan,nan,nan,nan,nan,nan,nan,nan,nan,nan,nan,nan,nan,nan,nan,nan,nan,nan,nan,nan,nan,nan,nan,nan,nan,nan,nan,nan,nan,nan,nan,nan,nan,nan,nan,nan,nan,nan,nan,nan,nan
344,42755,0.5486972222222222,-4.749627527713782,0.3511111111111111,0,166,0.46987951807228917,0.0963855421686747,0.12048192771084337,0.13855421686746988,0.006024096385542169,0.6867469879518072,0.3132530120481928,0.0,18.0,0.12650602409638553,0.054523809523809516,109.93930978774998,0.0031532548943225595,0.7094823512225759,0.9222638125548924,0.0,0.7931034482758621,0.07111111111111111,0.1511111111111111,0.28888888888888886,1.2950523793697357,1.2950523793697357,4.512255787849426,nan,nan,nan,nan,nan,nan,nan,nan,nan,nan,nan,nan,nan,nan,nan,nan,nan,nan,nan,nan,nan,nan,nan,nan,nan,nan,nan,nan,nan,nan,nan,nan,nan,nan,nan,nan,nan,nan,nan,nan,nan,nan,nan,nan,nan,nan,nan,nan,nan,nan,nan,nan,nan
345,42865,0.5475361111111111,-6.765215233802801,0.16,0,110,0.3181818181818182,0.07272727272727272,0.18181818181818182,0.23636363636363636,0.00909090909090909,0.5727272727272728,0.4090909090909091,0.01818181818181818,19.0,0.3090909090909091,0.04044444444444445,70.09728794097884,0.002219138002693223,0.4993060506059752,0.8856839444376099,0.0,0.6190476190476191,0.07111111111111111,0.1288888888888889,nan,1.4778254628181458,1.4778254628181458,5.032194375991821,nan,nan,nan,nan,nan,nan,nan,nan,nan,nan,nan,nan,nan,nan,nan,nan,nan,nan,nan,nan,nan,nan,nan,nan,nan,nan,nan,nan,nan,nan,nan,nan,nan,nan,nan,nan,nan,nan,nan,nan,nan,nan,nan,nan,nan,nan,nan,nan,nan,nan,nan,nan,nan
346,42941,0.5467338888888889,-2.8152344493865975,0.24444444444444444,0,76,0.7105263157894737,0.05263157894736842,0.10526315789473684,0.013157894736842105,0.02631578947368421,0.868421052631579,0.11842105263157894,0.013157894736842105,8.0,0.039473684210526314,0.08666666666666667,71.37366142272944,0.0033625849538324276,0.7565816146122962,0.9125086097569086,0.0,1.0,0.14222222222222222,nan,nan,1.4280105829238892,1.4280105829238892,4.826543033123016,nan,nan,nan,nan,nan,nan,nan,nan,nan,nan,nan,nan,nan,nan,nan,nan,nan,nan,nan,nan,nan,nan,nan,nan,nan,nan,nan,nan,nan,nan,nan,nan,nan,nan,nan,nan,nan,nan,nan,nan,nan,nan,nan,nan,nan,nan,nan,nan,nan,nan,nan,nan,nan
347,43010,0.5460055555555556,-4.260792205810548,0.16444444444444445,0,69,0.5217391304347826,0.0,0.18840579710144928,0.18840579710144928,0.028985507246376812,0.7101449275362319,0.2898550724637681,0.0,14.0,0.18840579710144928,0.06128654970760234,50.77897338867188,0.0031509104915400654,0.7089548605965147,0.8347808147829328,0.0,1.0,0.08888888888888889,nan,nan,1.391409009695053,1.391409009695053,4.459167778491974,nan,nan,nan,nan,nan,nan,nan,nan,nan,nan,nan,nan,nan,nan,nan,nan,nan,nan,nan,nan,nan,nan,nan,nan,nan,nan,nan,nan,nan,nan,nan,nan,nan,nan,nan,nan,nan,nan,nan,nan,nan,nan,nan,nan,nan,nan,nan,nan,nan,nan,nan,nan,nan
348,43107,0.5449816666666667,-4.136250266313556,0.21333333333333335,0,97,0.4845360824742268,0.061855670103092786,0.07216494845360824,0.21649484536082475,0.020618556701030927,0.6185567010309279,0.3711340206185567,0.010309278350515464,11.0,0.07216494845360824,0.054797979797979804,70.89762158393853,0.0029463455081011,0.6629277393227475,0.9558226629793978,0.010309278350515464,0.8125,0.09777777777777778,nan,nan,1.1300721019506454,1.1300721019506454,2.9079187512397766,nan,nan,nan,nan,nan,nan,nan,nan,nan,nan,nan,nan,nan,nan,nan,nan,nan,nan,nan,nan,nan,nan,nan,nan,nan,nan,nan,nan,nan,nan,nan,nan,nan,nan,nan,nan,nan,nan,nan,nan,nan,nan,nan,nan,nan,nan,nan,nan,nan,nan,nan,nan,nan
349,43244,0.5435355555555555,-6.182180641889579,0.25333333333333335,0,137,0.40875912408759124,0.043795620437956206,0.16058394160583941,0.2116788321167883,0.0072992700729927005,0.6131386861313869,0.35036496350364965,0.0364963503649635,18.0,0.12408759124087591,0.045493827160493834,90.0969584941863,0.002762456058990593,0.6215526132728834,0.9438156791164304,0.0,0.75,0.06666666666666667,0.19111111111111112,nan,1.2779470384120941,1.2779470384120941,2.3857962489128113,nan,nan,nan,nan,nan,nan,nan,nan,nan,nan,nan,nan,nan,nan,nan,nan,nan,nan,nan,nan,nan,nan,nan,nan,nan,nan,nan,nan,nan,nan,nan,nan,nan,nan,nan,nan,nan,nan,nan,nan,nan,nan,nan,nan,nan,nan,nan,nan,nan,nan,nan,nan,nan
350,43361,0.5423005555555556,-5.233799474239353,0.2222222222222222,0,117,0.4188034188034188,0.05982905982905983,0.13675213675213677,0.18803418803418803,0.008547008547008548,0.6153846153846154,0.37606837606837606,0.008547008547008548,15.0,0.20512820512820512,0.04815686274509804,81.20761404037475,0.0026817408730849196,0.603391696444107,0.9048863972216561,0.008547008547008548,0.7391304347826086,0.07111111111111111,0.17333333333333334,nan,1.3767347931861877,1.3767347931861877,3.9837331771850586,nan,nan,nan,nan,nan,nan,nan,nan,nan,nan,nan,nan,nan,nan,nan,nan,nan,nan,nan,nan,nan,nan,nan,nan,nan,nan,nan,nan,nan,nan,nan,nan,nan,nan,nan,nan,nan,nan,nan,nan,nan,nan,nan,nan,nan,nan,nan,nan,nan,nan,nan,nan,nan
351,43471,0.5411394444444444,-1.5743694841861713,0.35555555555555557,0,110,0.7181818181818181,0.03636363636363636,0.12727272727272726,0.0,0.00909090909090909,0.8818181818181818,0.11818181818181818,0.0,9.0,0.03636363636363636,0.07822222222222222,90.7082808017729,0.0038707724146861866,0.8709237933043918,0.8961965084658898,0.0,0.8461538461538461,0.16,0.3288888888888889,nan,1.359011322259903,1.359011322259903,3.016864836215973,nan,nan,nan,nan,nan,nan,nan,nan,nan,nan,nan,nan,nan,nan,nan,nan,nan,nan,nan,nan,nan,nan,nan,nan,nan,nan,nan,nan,nan,nan,nan,nan,nan,nan,nan,nan,nan,nan,nan,nan,nan,nan,nan,nan,nan,nan,nan,nan,nan,nan,nan,nan,nan
352,43652,0.5392288888888889,-4.0661327474117375,0.4222222222222222,0,181,0.5193370165745856,0.08287292817679558,0.11602209944751381,0.09944751381215469,0.0055248618784530384,0.7182320441988951,0.27624309392265195,0.0055248618784530384,18.0,0.13259668508287292,0.05398148148148147,127.62031188011146,0.003273599410807308,0.7365598674316444,0.9216432892500693,0.0,0.7272727272727273,0.10222222222222223,0.17777777777777778,0.36,1.3130156993865967,1.3130156993865967,4.1444292068481445,nan,nan,nan,nan,nan,nan,nan,nan,nan,nan,nan,nan,nan,nan,nan,nan,nan,nan,nan,nan,nan,nan,nan,nan,nan,nan,nan,nan,nan,nan,nan,nan,nan,nan,nan,nan,nan,nan,nan,nan,nan,nan,nan,nan,nan,nan,nan,nan,nan,nan,nan,nan,nan
353,43805,0.5376138888888888,-5.20504314136506,0.24444444444444444,-1,153,0.35294117647058826,0.0784313725490196,0.10457516339869281,0.2549019607843137,0.006535947712418301,0.5359477124183006,0.46405228758169936,0.0,16.0,0.17647058823529413,0.04825396825396826,88.54326801300027,0.002710539213040592,0.6098713229341333,0.9151501493129134,0.0,0.65625,0.06666666666666667,0.12,0.2311111111111111,1.619811236858368,1.619811236858368,4.472510278224945,nan,nan,nan,nan,nan,nan,nan,nan,nan,nan,nan,nan,nan,nan,nan,nan,nan,nan,nan,nan,nan,nan,nan,nan,nan,nan,nan,nan,nan,nan,nan,nan,nan,nan,nan,nan,nan,nan,nan,nan,nan,nan,nan,nan,nan,nan,nan,nan,nan,nan,nan,nan,nan
354,43970,0.5358722222222223,-8.937500000000009,0.24,0,165,0.3212121212121212,0.06060606060606061,0.23636363636363636,0.23636363636363636,0.006060606060606061,0.6181818181818182,0.37575757575757573,0.006060606060606061,18.0,0.23030303030303031,0.034074074074074076,100.49999999999973,0.002343836373687126,0.5273631840796034,0.8927524615221678,0.0,0.75,0.05333333333333334,0.1288888888888889,0.23555555555555555,1.4094969630241394,1.4094969630241394,3.128473222255707,nan,nan,nan,nan,nan,nan,nan,nan,nan,nan,nan,nan,nan,nan,nan,nan,nan,nan,nan,nan,nan,nan,nan,nan,nan,nan,nan,nan,nan,nan,nan,nan,nan,nan,nan,nan,nan,nan,nan,nan,nan,nan,nan,nan,nan,nan,nan,nan,nan,nan,nan,nan,nan
355,44118,0.5343100000000001,-11.344786504745473,0.1288888888888889,0,148,0.1891891891891892,0.10810810810810811,0.16891891891891891,0.36486486486486486,0.006756756756756757,0.46621621621621623,0.527027027027027,0.006756756756756757,29.0,0.4797297297297297,0.021256038647342993,80.11225242614718,0.0015533759278478112,0.3495095837657575,0.8702192055917329,0.0,0.36,0.057777777777777775,0.06666666666666667,nan,1.5257681012153625,1.5257681012153625,3.6570172905921936,nan,nan,nan,nan,nan,nan,nan,nan,nan,nan,nan,nan,nan,nan,nan,nan,nan,nan,nan,nan,nan,nan,nan,nan,nan,nan,nan,nan,nan,nan,nan,nan,nan,nan,nan,nan,nan,nan,nan,nan,nan,nan,nan,nan,nan,nan,nan,nan,nan,nan,nan,nan,nan
356,44249,0.5329272222222222,-4.583111788511278,0.21333333333333335,0,131,0.35877862595419846,0.11450381679389313,0.13740458015267176,0.1450381679389313,0.007633587786259542,0.6106870229007634,0.3816793893129771,0.007633587786259542,13.0,0.183206106870229,0.04654320987654322,80.49630274772623,0.0025950122149528084,0.5838777483643819,0.9543306947190209,0.0,0.59375,0.10666666666666667,0.16444444444444445,nan,1.5417659878730774,1.5417659878730774,4.6416714787483215,nan,nan,nan,nan,nan,nan,nan,nan,nan,nan,nan,nan,nan,nan,nan,nan,nan,nan,nan,nan,nan,nan,nan,nan,nan,nan,nan,nan,nan,nan,nan,nan,nan,nan,nan,nan,nan,nan,nan,nan,nan,nan,nan,nan,nan,nan,nan,nan,nan,nan,nan,nan,nan
357,44323,0.5321461111111111,-6.985531136274338,0.13777777777777778,0,74,0.40540540540540543,0.10810810810810811,0.3108108108108108,0.02702702702702703,0.02702702702702703,0.8243243243243243,0.14864864864864866,0.02702702702702703,22.0,0.3108108108108108,0.04450617283950617,70.25267748832707,0.0018979110562083207,0.42702998764687217,0.8596422252312652,0.013513513513513514,0.6363636363636364,0.13333333333333333,nan,nan,1.3444233238697052,1.3444233238697052,3.6912601590156555,nan,nan,nan,nan,nan,nan,nan,nan,nan,nan,nan,nan,nan,nan,nan,nan,nan,nan,nan,nan,nan,nan,nan,nan,nan,nan,nan,nan,nan,nan,nan,nan,nan,nan,nan,nan,nan,nan,nan,nan,nan,nan,nan,nan,nan,nan,nan,nan,nan,nan,nan,nan,nan
358,44362,0.5317344444444445,-5.1004486122131345,0.07555555555555556,0,39,0.41025641025641024,0.02564102564102564,0.28205128205128205,0.1282051282051282,0.05128205128205128,0.717948717948718,0.28205128205128205,0.0,11.0,0.1794871794871795,0.046031746031746035,40.394748687744126,0.0017604048402629724,0.3960910890591688,0.8464450188790382,0.0,0.6666666666666666,nan,nan,nan,1.3484551012516022,1.3484551012516022,3.1522201895713806,nan,nan,nan,nan,nan,nan,nan,nan,nan,nan,nan,nan,nan,nan,nan,nan,nan,nan,nan,nan,nan,nan,nan,nan,nan,nan,nan,nan,nan,nan,nan,nan,nan,nan,nan,nan,nan,nan,nan,nan,nan,nan,nan,nan,nan,nan,nan,nan,nan,nan,nan,nan,nan
359,44612,0.5290955555555555,-13.347499999999975,0.2088888888888889,2,250,0.184,0.092,0.088,0.424,0.0,0.364,0.628,0.008,48.0,0.424,0.020444444444444446,120.49999999999946,0.0016966343937298372,0.3817427385892133,0.9232182165966959,0.004,0.5192307692307693,0.08444444444444445,0.09777777777777778,0.14222222222222222,1.2717672288417816,1.2717672288417816,2.976202130317688,nan,nan,nan,nan,nan,nan,nan,nan,nan,nan,nan,nan,nan,nan,nan,nan,nan,nan,nan,nan,nan,nan,nan,nan,nan,nan,nan,nan,nan,nan,nan,nan,nan,nan,nan,nan,nan,nan,nan,nan,nan,nan,nan,nan,nan,nan,nan,nan,nan,nan,nan,nan,nan
360,44862,0.5264566666666667,-12.803051028251632,0.19111111111111112,1,250,0.168,0.108,0.128,0.396,0.0,0.404,0.592,0.004,37.0,0.436,0.018666666666666668,125.55286693572947,0.001486757500824106,0.33452043768542383,0.9149339215873472,0.004,0.52,0.057777777777777775,0.10666666666666667,0.13333333333333333,1.5643146932125092,1.5643146932125092,4.49838662147522,-151.13599844593995,0.1191111111111111,0.2,165.9,0.1,0.9,0.25743670021475434,0.03826039110676866,0.11926190116419669,0.5403408799664235,0.012390505289226791,0.41495899248571977,0.5850410075142803,0.0,120.8,0.5998043752818217,0.028341441860396853,77.77236615180945,0.0016216460217089498,0.3648703548845137,0.5819094091093733,0.0,0.6754365079365079,0.0651851851851852,0.04253968253968254,0.04,-115.12038317565911,0.1382222222222222,-0.1,142.8,0.0,1.0,0.3092710664204336,0.06910040124971664,0.14716510227143237,0.4243470827460407,0.018185322106843493,0.5255365699415826,0.4744634300584173,0.0,97.6,0.527706529970834,0.03493966861598441,76.14364929199203,0.0018781346468777378,0.42258029554749105,0.6476983327212535,0.0,0.711111111111111,0.06666666666666667,0.07629629629629629,0.04,0.169037037037037
361,44978,0.5252322222222222,-5.0755010504722655,0.2,0,116,0.3793103448275862,0.034482758620689655,0.13793103448275862,0.28448275862068967,0.008620689655172414,0.5517241379310345,0.43103448275862066,0.017241379310344827,19.0,0.21551724137931033,0.045111111111111116,70.85239095687865,0.002760041727802415,0.6210093887555433,0.9433238732642724,0.0,0.6842105263157895,0.057777777777777775,0.14666666666666667,nan,1.2278500497341156,1.2278500497341156,3.6373379826545715,nan,nan,nan,nan,nan,nan,nan,nan,nan,nan,nan,nan,nan,nan,nan,nan,nan,nan,nan,nan,nan,nan,nan,nan,nan,nan,nan,nan,nan,nan,nan,nan,nan,nan,nan,nan,nan,nan,nan,nan,nan,nan,nan,nan,nan,nan,nan,nan,nan,nan,nan,nan,nan
362,45166,0.5232477777777778,-9.480026113033302,0.3022222222222222,0,188,0.35638297872340424,0.07446808510638298,0.23404255319148937,0.1595744680851064,0.0,0.6648936170212766,0.30851063829787234,0.026595744680851064,38.0,0.3723404255319149,0.03722222222222222,120.78120107650726,0.0024654315002974212,0.5547220875669198,0.883178380199827,0.005319148936170213,0.48484848484848486,0.06666666666666667,0.08888888888888889,0.20444444444444446,1.2731992304325104,1.2731992304325104,3.4394922256469727,nan,nan,nan,nan,nan,nan,nan,nan,nan,nan,nan,nan,nan,nan,nan,nan,nan,nan,nan,nan,nan,nan,nan,nan,nan,nan,nan,nan,nan,nan,nan,nan,nan,nan,nan,nan,nan,nan,nan,nan,nan,nan,nan,nan,nan,nan,nan,nan,nan,nan,nan,nan,nan
363,45317,0.5216538888888889,-3.69,0.3333333333333333,0,151,0.4900662251655629,0.09933774834437085,0.1456953642384106,0.09933774834437085,0.006622516556291391,0.7350993377483444,0.2582781456953642,0.006622516556291391,16.0,0.1456953642384106,0.06222222222222212,100.79999999999976,0.0032627865961199374,0.734126984126986,0.9312037679073957,0.0,0.72,0.10666666666666667,0.2222222222222222,0.3288888888888889,1.4298713207244873,1.4298713207244873,3.5338799357414246,nan,nan,nan,nan,nan,nan,nan,nan,nan,nan,nan,nan,nan,nan,nan,nan,nan,nan,nan,nan,nan,nan,nan,nan,nan,nan,nan,nan,nan,nan,nan,nan,nan,nan,nan,nan,nan,nan,nan,nan,nan,nan,nan,nan,nan,nan,nan,nan,nan,nan,nan,nan,nan
364,45416,0.5206088888888889,-2.435934417247772,0.24444444444444444,0,99,0.5454545454545454,0.10101010101010101,0.1414141414141414,0.030303030303030304,0.010101010101010102,0.7878787878787878,0.21212121212121213,0.0,11.0,0.09090909090909091,0.060509259259259256,70.20889921188342,0.003418370074079983,0.7691332666679962,0.9365501264390812,0.0,0.8235294117647058,0.1288888888888889,nan,nan,1.4280583262443542,1.4280583262443542,2.766105592250824,nan,nan,nan,nan,nan,nan,nan,nan,nan,nan,nan,nan,nan,nan,nan,nan,nan,nan,nan,nan,nan,nan,nan,nan,nan,nan,nan,nan,nan,nan,nan,nan,nan,nan,nan,nan,nan,nan,nan,nan,nan,nan,nan,nan,nan,nan,nan,nan,nan,nan,nan,nan,nan
365,45648,0.5181600000000001,-6.214321782112137,0.35555555555555557,0,232,0.34051724137931033,0.15086206896551724,0.10344827586206896,0.17672413793103448,0.0,0.5948275862068966,0.3879310344827586,0.017241379310344827,24.0,0.21982758620689655,0.03625396825396827,140.68877887725796,0.002495658245903416,0.5615231053282685,0.9648689956093359,0.0,0.4528301886792453,0.10222222222222223,0.1688888888888889,0.2,1.3429147005081177,1.3429147005081177,3.0858264565467834,nan,nan,nan,nan,nan,nan,nan,nan,nan,nan,nan,nan,nan,nan,nan,nan,nan,nan,nan,nan,nan,nan,nan,nan,nan,nan,nan,nan,nan,nan,nan,nan,nan,nan,nan,nan,nan,nan,nan,nan,nan,nan,nan,nan,nan,nan,nan,nan,nan,nan,nan,nan,nan
366,45810,0.5164500000000001,-2.585617130041122,0.37333333333333335,0,162,0.5123456790123457,0.12962962962962962,0.09259259259259259,0.06172839506172839,0.006172839506172839,0.7345679012345679,0.2654320987654321,0.0,14.0,0.12345679012345678,0.05888888888888889,110.51063933372471,0.0033380395870745315,0.7510589070917696,0.9576165560149076,0.0,0.6666666666666666,0.10666666666666667,0.19555555555555557,0.3333333333333333,1.4085749387741089,1.4085749387741089,2.7595335841178894,nan,nan,nan,nan,nan,nan,nan,nan,nan,nan,nan,nan,nan,nan,nan,nan,nan,nan,nan,nan,nan,nan,nan,nan,nan,nan,nan,nan,nan,nan,nan,nan,nan,nan,nan,nan,nan,nan,nan,nan,nan,nan,nan,nan,nan,nan,nan,nan,nan,nan,nan,nan,nan
367,45901,0.5154894444444444,-7.468141732215881,0.18222222222222223,0,91,0.43956043956043955,0.10989010989010989,0.3626373626373626,0.0,0.01098901098901099,0.9120879120879121,0.08791208791208792,0.0,30.0,0.37362637362637363,0.04756944444444445,80.40134983062737,0.002211129267758347,0.49750408524562806,0.8184403042161603,0.0,0.625,0.14666666666666667,nan,nan,1.436183214187622,1.436183214187622,2.8638311624526978,nan,nan,nan,nan,nan,nan,nan,nan,nan,nan,nan,nan,nan,nan,nan,nan,nan,nan,nan,nan,nan,nan,nan,nan,nan,nan,nan,nan,nan,nan,nan,nan,nan,nan,nan,nan,nan,nan,nan,nan,nan,nan,nan,nan,nan,nan,nan,nan,nan,nan,nan,nan,nan
368,45982,0.5146344444444445,-3.334966114044188,0.22666666666666666,0,81,0.6172839506172839,0.07407407407407407,0.13580246913580246,0.012345679012345678,0.024691358024691357,0.8271604938271605,0.14814814814814814,0.024691358024691357,9.0,0.09876543209876543,0.06962962962962961,70.7996772766113,0.0031387462594498774,0.7062179083762224,0.9454160044864527,0.0,0.8461538461538461,0.15555555555555556,nan,nan,1.1978672444820404,1.1978672444820404,2.7996649146080017,nan,nan,nan,nan,nan,nan,nan,nan,nan,nan,nan,nan,nan,nan,nan,nan,nan,nan,nan,nan,nan,nan,nan,nan,nan,nan,nan,nan,nan,nan,nan,nan,nan,nan,nan,nan,nan,nan,nan,nan,nan,nan,nan,nan,nan,nan,nan,nan,nan,nan,nan,nan,nan
369,46151,0.5128505555555556,-3.6512884118557016,0.3688888888888889,-2,169,0.48520710059171596,0.08284023668639054,0.07100591715976332,0.14201183431952663,0.005917159763313609,0.6390532544378699,0.35502958579881655,0.005917159763313609,15.0,0.16568047337278108,0.05366750208855472,111.68846106529212,0.0032630447314641875,0.7341850645794421,0.9661373620939546,0.0,0.7567567567567568,0.09333333333333334,0.1688888888888889,0.3333333333333333,1.2562011778354645,1.2562011778354645,3.9209196269512177,nan,nan,nan,nan,nan,nan,nan,nan,nan,nan,nan,nan,nan,nan,nan,nan,nan,nan,nan,nan,nan,nan,nan,nan,nan,nan,nan,nan,nan,nan,nan,nan,nan,nan,nan,nan,nan,nan,nan,nan,nan,nan,nan,nan,nan,nan,nan,nan,nan,nan,nan,nan,nan
370,46273,0.5115627777777778,-3.773937565803532,0.29777777777777775,0,122,0.5409836065573771,0.06557377049180328,0.11475409836065574,0.05737704918032787,0.00819672131147541,0.7213114754098361,0.26229508196721313,0.01639344262295082,15.0,0.08196721311475409,0.06084848484848484,92.92321491241448,0.0031567282041394824,0.7102638459313836,0.9258869679999326,0.0,0.8148148148148148,0.09777777777777778,0.21777777777777776,nan,1.1911031752824783,1.1911031752824783,2.4209622740745544,nan,nan,nan,nan,nan,nan,nan,nan,nan,nan,nan,nan,nan,nan,nan,nan,nan,nan,nan,nan,nan,nan,nan,nan,nan,nan,nan,nan,nan,nan,nan,nan,nan,nan,nan,nan,nan,nan,nan,nan,nan,nan,nan,nan,nan,nan,nan,nan,nan,nan,nan,nan,nan
371,46416,0.5100533333333332,-14.028286231994619,0.09777777777777778,0,143,0.14685314685314685,0.07692307692307693,0.2937062937062937,0.2867132867132867,0.006993006993006993,0.5174825174825175,0.45454545454545453,0.027972027972027972,29.0,0.5594405594405595,0.015555555555555557,80.19320220947246,0.0011638559224700564,0.2618675825557627,0.8304903653408502,0.0,0.2962962962962963,0.044444444444444446,0.07111111111111111,nan,1.3045390248298645,1.3045390248298645,2.9791428446769714,nan,nan,nan,nan,nan,nan,nan,nan,nan,nan,nan,nan,nan,nan,nan,nan,nan,nan,nan,nan,nan,nan,nan,nan,nan,nan,nan,nan,nan,nan,nan,nan,nan,nan,nan,nan,nan,nan,nan,nan,nan,nan,nan,nan,nan,nan,nan,nan,nan,nan,nan,nan,nan
372,46492,0.5092511111111111,-3.3438124573230734,0.19111111111111112,0,76,0.5526315789473685,0.09210526315789473,0.11842105263157894,0.07894736842105263,0.039473684210526314,0.7631578947368421,0.2236842105263158,0.013157894736842105,10.0,0.09210526315789473,0.04666666666666667,60.93154721260065,0.0030635471312644427,0.6892981045344996,0.9569077656649444,0.0,0.8333333333333334,0.13333333333333333,nan,nan,1.4833507537841797,1.4833507537841797,3.0417829751968384,nan,nan,nan,nan,nan,nan,nan,nan,nan,nan,nan,nan,nan,nan,nan,nan,nan,nan,nan,nan,nan,nan,nan,nan,nan,nan,nan,nan,nan,nan,nan,nan,nan,nan,nan,nan,nan,nan,nan,nan,nan,nan,nan,nan,nan,nan,nan,nan,nan,nan,nan,nan,nan
373,46604,0.5080688888888889,-3.2270146458148954,0.31555555555555553,-1,112,0.625,0.0625,0.1875,0.017857142857142856,0.017857142857142856,0.875,0.11607142857142858,0.008928571428571428,15.0,0.14285714285714285,0.06607407407407408,90.04775853157031,0.0034549567494457627,0.7773652686252966,0.903842366700358,0.0,0.75,0.1688888888888889,0.29777777777777775,nan,1.2615335285663605,1.2615335285663605,3.1631389260292053,nan,nan,nan,nan,nan,nan,nan,nan,nan,nan,nan,nan,nan,nan,nan,nan,nan,nan,nan,nan,nan,nan,nan,nan,nan,nan,nan,nan,nan,nan,nan,nan,nan,nan,nan,nan,nan,nan,nan,nan,nan,nan,nan,nan,nan,nan,nan,nan,nan,nan,nan,nan,nan
374,46716,0.5068866666666667,-6.82379719400406,0.21333333333333335,0,112,0.41964285714285715,0.10714285714285714,0.33035714285714285,0.008928571428571428,0.008928571428571428,0.8571428571428571,0.125,0.017857142857142856,40.0,0.33035714285714285,0.04177777777777778,90.35044946670511,0.0023119850551033085,0.5201966373982444,0.8768772472213622,0.0,0.6,0.1511111111111111,0.21333333333333335,nan,1.1905867010354996,1.1905867010354996,2.5741487741470337,nan,nan,nan,nan,nan,nan,nan,nan,nan,nan,nan,nan,nan,nan,nan,nan,nan,nan,nan,nan,nan,nan,nan,nan,nan,nan,nan,nan,nan,nan,nan,nan,nan,nan,nan,nan,nan,nan,nan,nan,nan,nan,nan,nan,nan,nan,nan,nan,nan,nan,nan,nan,nan
375,46792,0.5060844444444446,-1.4519775273799886,0.27555555555555555,0,76,0.8026315789473685,0.039473684210526314,0.02631578947368421,0.0,0.013157894736842105,0.868421052631579,0.10526315789473684,0.02631578947368421,2.0,0.0,0.09444444444444429,70.34264311790459,0.0038541501867748866,0.8671837920243494,0.9884384255731532,0.0,0.9,0.18666666666666668,nan,nan,1.1300354599952698,1.1300354599952698,2.4822757840156555,nan,nan,nan,nan,nan,nan,nan,nan,nan,nan,nan,nan,nan,nan,nan,nan,nan,nan,nan,nan,nan,nan,nan,nan,nan,nan,nan,nan,nan,nan,nan,nan,nan,nan,nan,nan,nan,nan,nan,nan,nan,nan,nan,nan,nan,nan,nan,nan,nan,nan,nan,nan,nan
376,47009,0.5037938888888889,-14.136761939525595,0.24444444444444444,-2,217,0.2488479262672811,0.05069124423963134,0.1336405529953917,0.3870967741935484,0.004608294930875576,0.43317972350230416,0.543778801843318,0.02304147465437788,42.0,0.4423963133640553,0.02829339143064633,117.61678037643401,0.0020405251634322665,0.45911816177225995,0.8986967437812072,0.0,0.48717948717948717,0.07111111111111111,0.10222222222222223,0.1111111111111111,1.1259177476167679,1.1259177476167679,2.72461599111557,nan,nan,nan,nan,nan,nan,nan,nan,nan,nan,nan,nan,nan,nan,nan,nan,nan,nan,nan,nan,nan,nan,nan,nan,nan,nan,nan,nan,nan,nan,nan,nan,nan,nan,nan,nan,nan,nan,nan,nan,nan,nan,nan,nan,nan,nan,nan,nan,nan,nan,nan,nan,nan
377,47114,0.5026855555555556,-7.3041038384437575,0.12444444444444444,0,105,0.2571428571428571,0.06666666666666667,0.19047619047619047,0.3047619047619048,0.009523809523809525,0.5142857142857142,0.47619047619047616,0.009523809523809525,11.0,0.20952380952380953,0.024,70.18194131851199,0.0017098415596028466,0.3847143509106405,0.9427078188101415,0.0,0.6842105263157895,0.06222222222222222,0.12444444444444444,nan,1.3956004530191422,1.3956004530191422,3.8049670457839966,nan,nan,nan,nan,nan,nan,nan,nan,nan,nan,nan,nan,nan,nan,nan,nan,nan,nan,nan,nan,nan,nan,nan,nan,nan,nan,nan,nan,nan,nan,nan,nan,nan,nan,nan,nan,nan,nan,nan,nan,nan,nan,nan,nan,nan,nan,nan,nan,nan,nan,nan,nan,nan
378,47295,0.5007750000000001,-9.405341263294227,0.24888888888888888,0,181,0.30386740331491713,0.13812154696132597,0.22099447513812154,0.14917127071823205,0.0,0.6629834254143646,0.3149171270718232,0.022099447513812154,17.0,0.27624309392265195,0.03055555555555555,120.32705965042086,0.002031500189189485,0.4570875425676342,0.9177440628531117,0.0,0.4411764705882353,0.06222222222222222,0.10666666666666667,0.22666666666666666,1.3308511078357697,1.3308511078357697,4.881704807281494,nan,nan,nan,nan,nan,nan,nan,nan,nan,nan,nan,nan,nan,nan,nan,nan,nan,nan,nan,nan,nan,nan,nan,nan,nan,nan,nan,nan,nan,nan,nan,nan,nan,nan,nan,nan,nan,nan,nan,nan,nan,nan,nan,nan,nan,nan,nan,nan,nan,nan,nan,nan,nan
379,47439,0.499255,-2.8328808057308197,0.4088888888888889,0,144,0.6319444444444444,0.027777777777777776,0.11805555555555555,0.0763888888888889,0.013888888888888888,0.7777777777777778,0.2013888888888889,0.020833333333333332,13.0,0.0625,0.06998050682261209,110.4179124355314,0.0036628517558741514,0.824141645071684,0.9493835579416992,0.0,0.9523809523809523,0.1111111111111111,0.27555555555555555,nan,1.416151612997055,1.416151612997055,3.6562865376472473,nan,nan,nan,nan,nan,nan,nan,nan,nan,nan,nan,nan,nan,nan,nan,nan,nan,nan,nan,nan,nan,nan,nan,nan,nan,nan,nan,nan,nan,nan,nan,nan,nan,nan,nan,nan,nan,nan,nan,nan,nan,nan,nan,nan,nan,nan,nan,nan,nan,nan,nan,nan,nan
380,47566,0.49791444444444444,-5.596895893335342,0.3022222222222222,-2,127,0.5275590551181102,0.11811023622047244,0.23622047244094488,0.015748031496062992,0.015748031496062992,0.8818897637795275,0.11023622047244094,0.007874015748031496,33.0,0.2755905511811024,0.049629629629629635,105.47519898414593,0.0028232018583111375,0.6352204181200058,0.8510590028840039,0.0,0.7692307692307693,0.16,0.24444444444444444,nan,1.2260745614767075,1.2260745614767075,3.6489726305007935,-7.106284436511996,0.24533333333333332,-0.3,106.4,0.0,1.0,0.534912439507342,0.08175148017240591,0.28331574472888943,0.033981541334482515,0.01854263638555196,0.8999796644086373,0.10002033559136277,0.0,24.7,0.2501977561900084,0.05924456327985739,86.96080415725702,0.002780799771267341,0.6256799485351517,0.8515286792552231,0.0,0.8751082251082252,0.1466666666666667,0.2702222222222222,0.3466666666666667,-4.232007067084313,0.24,-0.2,92.6,0.0,1.0,0.5900000767632947,0.10111321930622838,0.22650919270002617,0.006153846153846154,0.018068946418517008,0.9176224887695492,0.08237751123045077,0.0,16.7,0.1788628921038839,0.06316637215935461,80.08006730556478,0.0030170952242053214,0.6788464254461972,0.873309602699979,0.0,0.8998076923076923,0.1411111111111111,0.2677777777777778,0.3288888888888889,0.5599111111111111
381,47666,0.49685888888888896,-2.001363990545272,0.28888888888888886,0,100,0.64,0.09,0.11,0.0,0.01,0.84,0.15,0.01,8.0,0.06,0.0711111111111111,80.29870467185967,0.0035423291771246564,0.7970240648530477,0.9462057570293737,0.0,0.875,0.1511111111111111,0.28888888888888886,nan,1.1777628064155579,1.1777628064155579,2.5199249386787415,nan,nan,nan,nan,nan,nan,nan,nan,nan,nan,nan,nan,nan,nan,nan,nan,nan,nan,nan,nan,nan,nan,nan,nan,nan,nan,nan,nan,nan,nan,nan,nan,nan,nan,nan,nan,nan,nan,nan,nan,nan,nan,nan,nan,nan,nan,nan,nan,nan,nan,nan,nan,nan
382,47784,0.49561333333333335,-3.015596754074095,0.3333333333333333,0,118,0.6271186440677966,0.0423728813559322,0.1864406779661017,0.0,0.00847457627118644,0.8559322033898306,0.1271186440677966,0.01694915254237288,14.0,0.1271186440677966,0.07061728395061728,92.64377861022932,0.003550037507349408,0.7987584391536168,0.9074700266862226,0.0,0.8823529411764706,0.15555555555555556,0.27111111111111114,nan,1.2452838569879532,1.2452838569879532,3.1914350986480713,nan,nan,nan,nan,nan,nan,nan,nan,nan,nan,nan,nan,nan,nan,nan,nan,nan,nan,nan,nan,nan,nan,nan,nan,nan,nan,nan,nan,nan,nan,nan,nan,nan,nan,nan,nan,nan,nan,nan,nan,nan,nan,nan,nan,nan,nan,nan,nan,nan,nan,nan,nan,nan
383,47934,0.4940300000000001,-2.9657230765819595,0.32,0,150,0.47333333333333333,0.12,0.08666666666666667,0.11333333333333333,0.006666666666666667,0.68,0.2866666666666667,0.03333333333333333,33.0,0.30666666666666664,0.0525925925925926,100.05450549125649,0.003153836541455209,0.7096132218274219,0.9519083085503989,0.0,0.41935483870967744,0.10222222222222223,0.11555555555555555,0.32,1.2876270711421967,1.2876270711421967,2.760195553302765,nan,nan,nan,nan,nan,nan,nan,nan,nan,nan,nan,nan,nan,nan,nan,nan,nan,nan,nan,nan,nan,nan,nan,nan,nan,nan,nan,nan,nan,nan,nan,nan,nan,nan,nan,nan,nan,nan,nan,nan,nan,nan,nan,nan,nan,nan,nan,nan,nan,nan,nan,nan,nan
384,48184,0.4913911111111112,-9.921636229991897,0.3022222222222222,2,250,0.268,0.064,0.04,0.412,0.0,0.372,0.616,0.012,27.0,0.288,0.02977777777777778,122.0632021903987,0.002439537652906181,0.5488959719038906,0.9383120805160132,0.004,0.6481481481481481,0.08888888888888889,0.12,0.1511111111111111,1.213866874575615,1.213866874575615,3.062871992588043,nan,nan,nan,nan,nan,nan,nan,nan,nan,nan,nan,nan,nan,nan,nan,nan,nan,nan,nan,nan,nan,nan,nan,nan,nan,nan,nan,nan,nan,nan,nan,nan,nan,nan,nan,nan,nan,nan,nan,nan,nan,nan,nan,nan,nan,nan,nan,nan,nan,nan,nan,nan,nan
385,48227,0.49093722222222225,-2.2536303191184994,0.15555555555555556,0,43,0.7906976744186046,0.0,0.11627906976744186,0.0,0.046511627906976744,0.9069767441860465,0.09302325581395349,0.0,5.0,0.0,0.08938271604938272,40.72028875350949,0.003710953820239979,0.8349646095539953,0.9727541191801439,0.0,1.0,nan,nan,nan,1.3583867251873016,1.3583867251873016,3.447533667087555,nan,nan,nan,nan,nan,nan,nan,nan,nan,nan,nan,nan,nan,nan,nan,nan,nan,nan,nan,nan,nan,nan,nan,nan,nan,nan,nan,nan,nan,nan,nan,nan,nan,nan,nan,nan,nan,nan,nan,nan,nan,nan,nan,nan,nan,nan,nan,nan,nan,nan,nan,nan,nan
386,48303,0.4901350000000001,-8.40696226501465,0.13333333333333333,0,76,0.3815789473684211,0.013157894736842105,0.35526315789473684,0.14473684210526316,0.013157894736842105,0.75,0.25,0.0,20.0,0.3026315789473684,0.05888888888888889,70.009164428711,0.001841028813022529,0.41423148293006906,0.8362159794937236,0.0,0.875,0.1111111111111111,nan,nan,1.434181421995163,1.434181421995163,3.6670568585395813,nan,nan,nan,nan,nan,nan,nan,nan,nan,nan,nan,nan,nan,nan,nan,nan,nan,nan,nan,nan,nan,nan,nan,nan,nan,nan,nan,nan,nan,nan,nan,nan,nan,nan,nan,nan,nan,nan,nan,nan,nan,nan,nan,nan,nan,nan,nan,nan,nan,nan,nan,nan,nan
387,48497,0.48808722222222223,-6.263180210113533,0.3377777777777778,0,194,0.3865979381443299,0.08762886597938144,0.12886597938144329,0.2268041237113402,0.0,0.6030927835051546,0.3917525773195876,0.005154639175257732,15.0,0.18041237113402062,0.04236842105263158,120.08743057250945,0.0027757553954163828,0.6245449639686861,0.9358404749434004,0.0,0.696969696969697,0.09777777777777778,0.13777777777777778,0.2311111111111111,1.2071686387062073,1.2071686387062073,2.6862579584121704,nan,nan,nan,nan,nan,nan,nan,nan,nan,nan,nan,nan,nan,nan,nan,nan,nan,nan,nan,nan,nan,nan,nan,nan,nan,nan,nan,nan,nan,nan,nan,nan,nan,nan,nan,nan,nan,nan,nan,nan,nan,nan,nan,nan,nan,nan,nan,nan,nan,nan,nan,nan,nan
388,48647,0.48650388888888885,-12.974999999999998,0.14222222222222222,0,150,0.20666666666666667,0.07333333333333333,0.32,0.19333333333333333,0.013333333333333334,0.6,0.3466666666666667,0.05333333333333334,47.0,0.5,0.022962962962962963,89.99999999999974,0.0015308641975308685,0.34444444444444544,0.8489715556233399,0.006666666666666667,0.3548387096774194,0.08888888888888889,0.13333333333333333,0.14222222222222222,1.1513410359621048,1.1513410359621048,3.7392265796661377,nan,nan,nan,nan,nan,nan,nan,nan,nan,nan,nan,nan,nan,nan,nan,nan,nan,nan,nan,nan,nan,nan,nan,nan,nan,nan,nan,nan,nan,nan,nan,nan,nan,nan,nan,nan,nan,nan,nan,nan,nan,nan,nan,nan,nan,nan,nan,nan,nan,nan,nan,nan,nan
389,48842,0.4844455555555556,-13.019988950729363,0.27111111111111114,-2,195,0.3076923076923077,0.06666666666666667,0.22564102564102564,0.22564102564102564,0.005128205128205128,0.6,0.37435897435897436,0.02564102564102564,28.0,0.3641025641025641,0.034861111111111114,120.28560905456506,0.0022169457241198232,0.49881278792696016,0.8526310393727983,0.005128205128205128,0.5,0.13777777777777778,0.17777777777777778,0.19555555555555557,1.0848681032657623,1.0848681032657623,2.309395045042038,nan,nan,nan,nan,nan,nan,nan,nan,nan,nan,nan,nan,nan,nan,nan,nan,nan,nan,nan,nan,nan,nan,nan,nan,nan,nan,nan,nan,nan,nan,nan,nan,nan,nan,nan,nan,nan,nan,nan,nan,nan,nan,nan,nan,nan,nan,nan,nan,nan,nan,nan,nan,nan
390,48962,0.48317888888888894,-5.027081622838974,0.2311111111111111,0,120,0.425,0.1,0.125,0.14166666666666666,0.008333333333333333,0.65,0.31666666666666665,0.03333333333333333,10.0,0.13333333333333333,0.04688888888888888,90.25792021751391,0.0025113216227497736,0.5650473651186991,0.9433306807101997,0.008333333333333333,0.6,0.10666666666666667,0.2,nan,1.3760487139225006,1.3760487139225006,3.2487682700157166,nan,nan,nan,nan,nan,nan,nan,nan,nan,nan,nan,nan,nan,nan,nan,nan,nan,nan,nan,nan,nan,nan,nan,nan,nan,nan,nan,nan,nan,nan,nan,nan,nan,nan,nan,nan,nan,nan,nan,nan,nan,nan,nan,nan,nan,nan,nan,nan,nan,nan,nan,nan,nan
391,49078,0.48195444444444446,-1.9852990765571583,0.3288888888888889,0,116,0.6293103448275862,0.11206896551724138,0.13793103448275862,0.0,0.008620689655172414,0.8793103448275862,0.11206896551724138,0.008620689655172414,11.0,0.1206896551724138,0.0678888888888889,90.85046739578229,0.0035711918028008597,0.8035181556301934,0.897704199588938,0.0,0.7857142857142857,0.16444444444444445,0.3022222222222222,nan,0.9986238181591034,0.9986238181591034,2.269359290599823,nan,nan,nan,nan,nan,nan,nan,nan,nan,nan,nan,nan,nan,nan,nan,nan,nan,nan,nan,nan,nan,nan,nan,nan,nan,nan,nan,nan,nan,nan,nan,nan,nan,nan,nan,nan,nan,nan,nan,nan,nan,nan,nan,nan,nan,nan,nan,nan,nan,nan,nan,nan,nan
392,49236,0.48028666666666664,-4.414428501605989,0.3111111111111111,0,158,0.43670886075949367,0.13291139240506328,0.1518987341772152,0.08227848101265822,0.006329113924050633,0.7215189873417721,0.26582278481012656,0.012658227848101266,14.0,0.14556962025316456,0.04515873015873016,110.72789049148534,0.002769552145403226,0.6231492327157258,0.9672794517762784,0.0,0.5483870967741935,0.11555555555555555,0.17777777777777778,0.30666666666666664,1.2390943765640259,1.2390943765640259,2.724092483520508,nan,nan,nan,nan,nan,nan,nan,nan,nan,nan,nan,nan,nan,nan,nan,nan,nan,nan,nan,nan,nan,nan,nan,nan,nan,nan,nan,nan,nan,nan,nan,nan,nan,nan,nan,nan,nan,nan,nan,nan,nan,nan,nan,nan,nan,nan,nan,nan,nan,nan,nan,nan,nan
393,49332,0.47927333333333333,-3.5941440224647523,0.24888888888888888,0,96,0.5729166666666666,0.07291666666666667,0.08333333333333333,0.07291666666666667,0.010416666666666666,0.7291666666666666,0.2708333333333333,0.0,9.0,0.07291666666666667,0.06343915343915343,80.4585144996643,0.003038142649843036,0.6835820962146831,0.9723648512242349,0.0,0.7368421052631579,0.14222222222222222,nan,nan,1.178193524479866,1.178193524479866,2.497622787952423,nan,nan,nan,nan,nan,nan,nan,nan,nan,nan,nan,nan,nan,nan,nan,nan,nan,nan,nan,nan,nan,nan,nan,nan,nan,nan,nan,nan,nan,nan,nan,nan,nan,nan,nan,nan,nan,nan,nan,nan,nan,nan,nan,nan,nan,nan,nan,nan,nan,nan,nan,nan,nan
394,49474,0.4777744444444444,-4.194568239212039,0.3022222222222222,0,142,0.47183098591549294,0.09154929577464789,0.11971830985915492,0.1267605633802817,0.007042253521126761,0.6830985915492958,0.29577464788732394,0.02112676056338028,11.0,0.09859154929577464,0.05172113289760349,100.83398323059076,0.0029531490102578705,0.6644585273080208,0.9740250337174061,0.0,0.6666666666666666,0.09777777777777778,0.21333333333333335,nan,1.1541031301021576,1.1541031301021576,2.1078906655311584,nan,nan,nan,nan,nan,nan,nan,nan,nan,nan,nan,nan,nan,nan,nan,nan,nan,nan,nan,nan,nan,nan,nan,nan,nan,nan,nan,nan,nan,nan,nan,nan,nan,nan,nan,nan,nan,nan,nan,nan,nan,nan,nan,nan,nan,nan,nan,nan,nan,nan,nan,nan,nan
395,49629,0.47613833333333333,-4.697854365587242,0.24444444444444444,0,155,0.34838709677419355,0.1032258064516129,0.07741935483870968,0.24516129032258063,0.0064516129032258064,0.5290322580645161,0.45161290322580644,0.01935483870967742,16.0,0.2,0.044444444444444446,88.50337491035438,0.0027117609949123124,0.6101462238552703,0.951116763884694,0.0,0.6285714285714286,0.08,0.12444444444444444,0.22666666666666666,1.1415487974882126,1.1415487974882126,2.3454456329345703,nan,nan,nan,nan,nan,nan,nan,nan,nan,nan,nan,nan,nan,nan,nan,nan,nan,nan,nan,nan,nan,nan,nan,nan,nan,nan,nan,nan,nan,nan,nan,nan,nan,nan,nan,nan,nan,nan,nan,nan,nan,nan,nan,nan,nan,nan,nan,nan,nan,nan,nan,nan,nan
396,49725,0.475125,-4.648683315038681,0.2,-1,96,0.4583333333333333,0.15625,0.13541666666666666,0.0625,0.020833333333333332,0.75,0.21875,0.03125,19.0,0.19791666666666666,0.04973544973544974,80.07317442893981,0.0024422106023672075,0.5494973855326216,0.9873380942747518,0.0,0.5555555555555556,0.12444444444444444,nan,nan,1.2177044451236725,1.2177044451236725,2.5858246088027954,nan,nan,nan,nan,nan,nan,nan,nan,nan,nan,nan,nan,nan,nan,nan,nan,nan,nan,nan,nan,nan,nan,nan,nan,nan,nan,nan,nan,nan,nan,nan,nan,nan,nan,nan,nan,nan,nan,nan,nan,nan,nan,nan,nan,nan,nan,nan,nan,nan,nan,nan,nan,nan
397,49847,0.47383722222222224,-4.895886470556259,0.2311111111111111,0,122,0.4180327868852459,0.08196721311475409,0.20491803278688525,0.11475409836065574,0.00819672131147541,0.7049180327868853,0.2786885245901639,0.01639344262295082,21.0,0.21311475409836064,0.045454545454545456,80.2751092433928,0.0028236232725565914,0.635315236325233,0.9246017936293217,0.0,0.5909090909090909,0.08444444444444445,0.22666666666666666,nan,1.3652011156082153,1.3652011156082153,3.2400097250938416,nan,nan,nan,nan,nan,nan,nan,nan,nan,nan,nan,nan,nan,nan,nan,nan,nan,nan,nan,nan,nan,nan,nan,nan,nan,nan,nan,nan,nan,nan,nan,nan,nan,nan,nan,nan,nan,nan,nan,nan,nan,nan,nan,nan,nan,nan,nan,nan,nan,nan,nan,nan,nan
398,49931,0.47295055555555554,-3.7148219680786125,0.22666666666666666,0,84,0.5952380952380952,0.08333333333333333,0.20238095238095238,0.0,0.023809523809523808,0.8809523809523809,0.10714285714285714,0.011904761904761904,15.0,0.21428571428571427,0.05555555555555555,70.674494934082,0.0031443057701295006,0.7074687982791377,0.8741004600633067,0.0,0.7,0.15555555555555556,nan,nan,1.1495840847492218,1.1495840847492218,4.270799219608307,nan,nan,nan,nan,nan,nan,nan,nan,nan,nan,nan,nan,nan,nan,nan,nan,nan,nan,nan,nan,nan,nan,nan,nan,nan,nan,nan,nan,nan,nan,nan,nan,nan,nan,nan,nan,nan,nan,nan,nan,nan,nan,nan,nan,nan,nan,nan,nan,nan,nan,nan,nan,nan
399,49994,0.4722855555555555,-2.0928190283775323,0.19555555555555557,0,63,0.6825396825396826,0.06349206349206349,0.06349206349206349,0.031746031746031744,0.031746031746031744,0.8095238095238095,0.15873015873015872,0.031746031746031744,8.0,0.047619047619047616,0.07737891737891739,53.18875265121455,0.0035930737530981967,0.8084415944470942,0.9760565687549637,0.0,0.8,0.1511111111111111,nan,nan,1.0706334859132767,1.0706334859132767,4.098295986652374,nan,nan,nan,nan,nan,nan,nan,nan,nan,nan,nan,nan,nan,nan,nan,nan,nan,nan,nan,nan,nan,nan,nan,nan,nan,nan,nan,nan,nan,nan,nan,nan,nan,nan,nan,nan,nan,nan,nan,nan,nan,nan,nan,nan,nan,nan,nan,nan,nan,nan,nan,nan,nan
400,50065,0.47153611111111116,-3.4448288514614105,0.21777777777777776,0,71,0.676056338028169,0.0,0.23943661971830985,0.014084507042253521,0.028169014084507043,0.9154929577464789,0.07042253521126761,0.014084507042253521,14.0,0.14084507042253522,0.07506172839506171,60.22694144248959,0.003542157848693749,0.7969855159560936,0.8356882391570835,0.0,0.8,0.15555555555555556,nan,nan,1.2278477847576141,1.2278477847576141,4.755556523799896,-4.856647962856292,0.20800000000000002,-0.2,79.5,0.0,1.0,0.5939887052592422,0.04359230073360934,0.30555910961900623,0.0,0.025230280263181852,0.9431401156118577,0.056859884388142254,0.0,18.2,0.18915516964260842,0.06631003907735934,68.51093297958366,0.003007626585707495,0.6767159817841863,0.8436680327716533,0.0,0.975,0.15000000000000002,0.2874074074074074,nan,-6.293204191970825,0.22311111111111112,0.0,90.3,0.0,1.0,0.5618398761180771,0.0671138000184603,0.3096131911098526,0.0,0.014822583808477823,0.9385668672463898,0.06143313275361005,0.0,19.9,0.2120887820960459,0.060026735188138704,80.59432563781729,0.0028262727661324772,0.6359113723798073,0.8114185119392987,0.0,0.9398809523809524,0.14500000000000002,0.2277777777777778,nan,0.3385925925925926
401,50185,0.4702694444444445,-2.310786384582519,0.37333333333333335,-1,120,0.6916666666666667,0.041666666666666664,0.15833333333333333,0.0,0.016666666666666666,0.8916666666666667,0.09166666666666666,0.016666666666666666,9.0,0.06666666666666667,0.0748888888888889,97.91225128173822,0.0037675457775700333,0.8476977999532574,0.9113195489111674,0.0,0.8461538461538461,0.17333333333333334,0.3511111111111111,nan,1.1926452070474625,1.1926452070474625,5.956678926944733,nan,nan,nan,nan,nan,nan,nan,nan,nan,nan,nan,nan,nan,nan,nan,nan,nan,nan,nan,nan,nan,nan,nan,nan,nan,nan,nan,nan,nan,nan,nan,nan,nan,nan,nan,nan,nan,nan,nan,nan,nan,nan,nan,nan,nan,nan,nan,nan,nan,nan,nan,nan,nan
402,50268,0.46939333333333333,-3.960457989215853,0.24,0,83,0.6385542168674698,0.024096385542168676,0.20481927710843373,0.0,0.024096385542168676,0.8674698795180723,0.13253012048192772,0.0,17.0,0.14457831325301204,0.06597222222222222,70.30912370681753,0.0033502843320562517,0.7538139747126567,0.8471306307359349,0.0,0.9090909090909091,0.13777777777777778,nan,nan,1.023994728922844,1.023994728922844,2.960494101047516,nan,nan,nan,nan,nan,nan,nan,nan,nan,nan,nan,nan,nan,nan,nan,nan,nan,nan,nan,nan,nan,nan,nan,nan,nan,nan,nan,nan,nan,nan,nan,nan,nan,nan,nan,nan,nan,nan,nan,nan,nan,nan,nan,nan,nan,nan,nan,nan,nan,nan,nan,nan,nan
403,50396,0.46804222222222225,-7.4881978662014,0.31555555555555553,0,128,0.546875,0.0,0.359375,0.03125,0.0078125,0.90625,0.0859375,0.0078125,23.0,0.2421875,0.05185185185185185,100.1447415828703,0.0031066145480405983,0.6989882733091346,0.7504256741110705,0.0,0.8571428571428571,0.12444444444444444,0.27111111111111114,nan,1.1390857547521591,1.1390857547521591,4.231820464134216,nan,nan,nan,nan,nan,nan,nan,nan,nan,nan,nan,nan,nan,nan,nan,nan,nan,nan,nan,nan,nan,nan,nan,nan,nan,nan,nan,nan,nan,nan,nan,nan,nan,nan,nan,nan,nan,nan,nan,nan,nan,nan,nan,nan,nan,nan,nan,nan,nan,nan,nan,nan,nan
404,50506,0.4668811111111112,-4.627524595737457,0.26666666666666666,0,110,0.5363636363636364,0.02727272727272727,0.2545454545454545,0.08181818181818182,0.00909090909090909,0.8181818181818182,0.16363636363636364,0.01818181818181818,24.0,0.24545454545454545,0.052444444444444446,80.11928186416608,0.0032728978108764475,0.7364020074472006,0.9104004045341647,0.00909090909090909,0.6,0.14666666666666667,0.26666666666666666,nan,0.9229112714529037,0.9229112714529037,2.181525021791458,nan,nan,nan,nan,nan,nan,nan,nan,nan,nan,nan,nan,nan,nan,nan,nan,nan,nan,nan,nan,nan,nan,nan,nan,nan,nan,nan,nan,nan,nan,nan,nan,nan,nan,nan,nan,nan,nan,nan,nan,nan,nan,nan,nan,nan,nan,nan,nan,nan,nan,nan,nan,nan
405,50600,0.4658888888888889,-6.045489272117621,0.21777777777777776,0,94,0.5106382978723404,0.05319148936170213,0.22340425531914893,0.11702127659574468,0.010638297872340425,0.7872340425531915,0.20212765957446807,0.010638297872340425,19.0,0.2765957446808511,0.055438596491228065,80.63323116302486,0.002645724724859586,0.5952880630934069,0.8815177151168799,0.0,0.6666666666666666,0.12,nan,nan,1.1925545930862427,1.1925545930862427,2.4681084156036377,nan,nan,nan,nan,nan,nan,nan,nan,nan,nan,nan,nan,nan,nan,nan,nan,nan,nan,nan,nan,nan,nan,nan,nan,nan,nan,nan,nan,nan,nan,nan,nan,nan,nan,nan,nan,nan,nan,nan,nan,nan,nan,nan,nan,nan,nan,nan,nan,nan,nan,nan,nan,nan
406,50692,0.46491777777777776,-3.161583871364594,0.24444444444444444,0,92,0.5869565217391305,0.03260869565217391,0.22826086956521738,0.05434782608695652,0.010869565217391304,0.8478260869565217,0.14130434782608695,0.010869565217391304,10.0,0.10869565217391304,0.06209150326797386,70.28175115585319,0.003414826694738843,0.7683360063162397,0.9351522946261035,0.0,0.7777777777777778,0.1288888888888889,nan,nan,1.0619834512472153,1.0619834512472153,2.056209236383438,nan,nan,nan,nan,nan,nan,nan,nan,nan,nan,nan,nan,nan,nan,nan,nan,nan,nan,nan,nan,nan,nan,nan,nan,nan,nan,nan,nan,nan,nan,nan,nan,nan,nan,nan,nan,nan,nan,nan,nan,nan,nan,nan,nan,nan,nan,nan,nan,nan,nan,nan,nan,nan
407,50740,0.4644111111111111,-4.1561879236698145,0.10666666666666667,0,48,0.4791666666666667,0.041666666666666664,0.3333333333333333,0.020833333333333332,0.041666666666666664,0.8541666666666666,0.125,0.020833333333333332,10.0,0.1875,0.052850241545893725,40.79226593971252,0.0025059216463556577,0.563832370430023,0.9256686869108816,0.0,0.6666666666666666,nan,nan,nan,1.0720734745264053,1.0720734745264053,1.9891979694366455,nan,nan,nan,nan,nan,nan,nan,nan,nan,nan,nan,nan,nan,nan,nan,nan,nan,nan,nan,nan,nan,nan,nan,nan,nan,nan,nan,nan,nan,nan,nan,nan,nan,nan,nan,nan,nan,nan,nan,nan,nan,nan,nan,nan,nan,nan,nan,nan,nan,nan,nan,nan,nan
408,50842,0.4633344444444445,-4.669565086364749,0.2088888888888889,0,102,0.45098039215686275,0.0784313725490196,0.16666666666666666,0.1568627450980392,0.00980392156862745,0.696078431372549,0.2647058823529412,0.0392156862745098,21.0,0.23529411764705882,0.04088888888888889,70.40538177490227,0.0029038184197067124,0.6533591444340102,0.9326851183766179,0.00980392156862745,0.6428571428571429,0.14222222222222222,0.2088888888888889,nan,1.02418352663517,1.02418352663517,1.9692021310329437,nan,nan,nan,nan,nan,nan,nan,nan,nan,nan,nan,nan,nan,nan,nan,nan,nan,nan,nan,nan,nan,nan,nan,nan,nan,nan,nan,nan,nan,nan,nan,nan,nan,nan,nan,nan,nan,nan,nan,nan,nan,nan,nan,nan,nan,nan,nan,nan,nan,nan,nan,nan,nan
409,50904,0.46268,-2.985244592666626,0.16444444444444445,0,62,0.5806451612903226,0.06451612903225806,0.1774193548387097,0.04838709677419355,0.03225806451612903,0.8225806451612904,0.14516129032258066,0.03225806451612903,8.0,0.08064516129032258,0.06135802469135803,50.64994850158688,0.0031589370716731758,0.7107608411264645,0.9599375434879404,0.0,0.625,0.14222222222222222,nan,nan,1.097980260848999,1.097980260848999,2.272764503955841,nan,nan,nan,nan,nan,nan,nan,nan,nan,nan,nan,nan,nan,nan,nan,nan,nan,nan,nan,nan,nan,nan,nan,nan,nan,nan,nan,nan,nan,nan,nan,nan,nan,nan,nan,nan,nan,nan,nan,nan,nan,nan,nan,nan,nan,nan,nan,nan,nan,nan,nan,nan,nan
410,51036,0.4612866666666666,-2.6433095254898067,0.3377777777777778,0,132,0.5681818181818182,0.12121212121212122,0.15151515151515152,0.030303030303030304,0.0,0.8409090909090909,0.15151515151515152,0.007575757575757576,28.0,0.24242424242424243,0.066984126984127,100.48866214752177,0.0033171238049122934,0.746352856105266,0.9308530352628089,0.0,0.5294117647058824,0.16444444444444445,0.27111111111111114,nan,1.2247916758060455,1.2247916758060455,2.6013686060905457,nan,nan,nan,nan,nan,nan,nan,nan,nan,nan,nan,nan,nan,nan,nan,nan,nan,nan,nan,nan,nan,nan,nan,nan,nan,nan,nan,nan,nan,nan,nan,nan,nan,nan,nan,nan,nan,nan,nan,nan,nan,nan,nan,nan,nan,nan,nan,nan,nan,nan,nan,nan,nan
411,51126,0.4603366666666666,-4.4451430301666255,0.22666666666666666,0,90,0.5555555555555556,0.05555555555555555,0.3,0.0,0.022222222222222223,0.9111111111111111,0.08888888888888889,0.0,14.0,0.16666666666666666,0.05777777777777777,70.81088600158682,0.003138249424209187,0.7061061204470671,0.8554947865604599,0.0,1.0,0.1688888888888889,nan,nan,1.1019650995731354,1.1019650995731354,2.343325197696686,nan,nan,nan,nan,nan,nan,nan,nan,nan,nan,nan,nan,nan,nan,nan,nan,nan,nan,nan,nan,nan,nan,nan,nan,nan,nan,nan,nan,nan,nan,nan,nan,nan,nan,nan,nan,nan,nan,nan,nan,nan,nan,nan,nan,nan,nan,nan,nan,nan,nan,nan,nan,nan
412,51281,0.45870055555555556,-6.456385262012482,0.28444444444444444,0,155,0.4064516129032258,0.14193548387096774,0.10967741935483871,0.12903225806451613,0.0,0.6580645161290323,0.3225806451612903,0.01935483870967742,30.0,0.25806451612903225,0.04253968253968252,120.67985963821414,0.0023201883134386413,0.5220423705236943,0.9517419849243307,0.0,0.5454545454545454,0.14222222222222222,0.25333333333333335,0.28,1.10709810256958,1.10709810256958,1.9217760860919952,nan,nan,nan,nan,nan,nan,nan,nan,nan,nan,nan,nan,nan,nan,nan,nan,nan,nan,nan,nan,nan,nan,nan,nan,nan,nan,nan,nan,nan,nan,nan,nan,nan,nan,nan,nan,nan,nan,nan,nan,nan,nan,nan,nan,nan,nan,nan,nan,nan,nan,nan,nan,nan
413,51432,0.45710666666666666,-2.531506030797958,0.36444444444444446,0,151,0.5364238410596026,0.059602649006622516,0.10596026490066225,0.1456953642384106,0.0,0.7019867549668874,0.26490066225165565,0.033112582781456956,10.0,0.07947019867549669,0.05142857142857143,100.48100981712311,0.0035827665412121678,0.8061224717727377,0.9317974035836406,0.0,0.8260869565217391,0.16,0.30666666666666664,0.36444444444444446,0.8618409335613251,0.8618409335613251,1.652860164642334,nan,nan,nan,nan,nan,nan,nan,nan,nan,nan,nan,nan,nan,nan,nan,nan,nan,nan,nan,nan,nan,nan,nan,nan,nan,nan,nan,nan,nan,nan,nan,nan,nan,nan,nan,nan,nan,nan,nan,nan,nan,nan,nan,nan,nan,nan,nan,nan,nan,nan,nan,nan,nan
414,51523,0.45614611111111114,-2.22185649204254,0.28888888888888886,0,91,0.7032967032967034,0.01098901098901099,0.17582417582417584,0.0,0.02197802197802198,0.8901098901098901,0.0989010989010989,0.01098901098901099,12.0,0.07692307692307693,0.0773611111111111,72.53196659088127,0.003921642522790839,0.8823695676279387,0.8982640691770809,0.0,1.0,0.15555555555555556,nan,nan,1.167391300201416,1.167391300201416,2.1168354153633118,nan,nan,nan,nan,nan,nan,nan,nan,nan,nan,nan,nan,nan,nan,nan,nan,nan,nan,nan,nan,nan,nan,nan,nan,nan,nan,nan,nan,nan,nan,nan,nan,nan,nan,nan,nan,nan,nan,nan,nan,nan,nan,nan,nan,nan,nan,nan,nan,nan,nan,nan,nan,nan
415,51614,0.4551855555555555,-2.063932993888854,0.30666666666666664,-1,91,0.7472527472527473,0.02197802197802198,0.12087912087912088,0.01098901098901099,0.02197802197802198,0.8901098901098901,0.10989010989010989,0.0,6.0,0.01098901098901099,0.08430555555555555,79.83745708465574,0.003785469042454102,0.851730534552173,0.8662661103214682,0.0,0.8888888888888888,0.19111111111111112,nan,nan,1.0545843839645386,1.0545843839645386,2.1326645016670227,nan,nan,nan,nan,nan,nan,nan,nan,nan,nan,nan,nan,nan,nan,nan,nan,nan,nan,nan,nan,nan,nan,nan,nan,nan,nan,nan,nan,nan,nan,nan,nan,nan,nan,nan,nan,nan,nan,nan,nan,nan,nan,nan,nan,nan,nan,nan,nan,nan,nan,nan,nan,nan
416,51677,0.4545205555555556,-2.616301442861557,0.16444444444444445,0,63,0.5714285714285714,0.12698412698412698,0.14285714285714285,0.0,0.031746031746031744,0.8412698412698413,0.14285714285714285,0.015873015873015872,17.0,0.19047619047619047,0.05880341880341881,50.55525183677669,0.003164854178089706,0.7120921900701839,0.9953509012886753,0.0,0.6,0.14666666666666667,nan,nan,0.9622665792703629,0.9622665792703629,1.658339023590088,nan,nan,nan,nan,nan,nan,nan,nan,nan,nan,nan,nan,nan,nan,nan,nan,nan,nan,nan,nan,nan,nan,nan,nan,nan,nan,nan,nan,nan,nan,nan,nan,nan,nan,nan,nan,nan,nan,nan,nan,nan,nan,nan,nan,nan,nan,nan,nan,nan,nan,nan,nan,nan
417,51794,0.4532855555555555,-6.532500000000002,0.17777777777777778,0,117,0.3333333333333333,0.1623931623931624,0.27350427350427353,0.042735042735042736,0.017094017094017096,0.7692307692307693,0.20512820512820512,0.02564102564102564,27.0,0.38461538461538464,0.03550326797385621,80.09999999999982,0.002163961714523517,0.48689138576779134,0.8819174979763806,0.0,0.38095238095238093,0.12444444444444444,0.1688888888888889,nan,0.9784335047006607,0.9784335047006607,1.9140364825725555,nan,nan,nan,nan,nan,nan,nan,nan,nan,nan,nan,nan,nan,nan,nan,nan,nan,nan,nan,nan,nan,nan,nan,nan,nan,nan,nan,nan,nan,nan,nan,nan,nan,nan,nan,nan,nan,nan,nan,nan,nan,nan,nan,nan,nan,nan,nan,nan,nan,nan,nan,nan,nan
418,51937,0.45177611111111116,-3.469976535081864,0.28444444444444444,0,143,0.4405594405594406,0.1888111888111888,0.11888111888111888,0.055944055944055944,0.006993006993006993,0.7482517482517482,0.21678321678321677,0.03496503496503497,31.0,0.2867132867132867,0.04724279835390946,100.49501461982705,0.0027862078637357376,0.6268967693405408,0.9629815534305195,0.006993006993006993,0.42857142857142855,0.15555555555555556,0.25333333333333335,nan,1.1300503313541412,1.1300503313541412,2.0191079676151276,nan,nan,nan,nan,nan,nan,nan,nan,nan,nan,nan,nan,nan,nan,nan,nan,nan,nan,nan,nan,nan,nan,nan,nan,nan,nan,nan,nan,nan,nan,nan,nan,nan,nan,nan,nan,nan,nan,nan,nan,nan,nan,nan,nan,nan,nan,nan,nan,nan,nan,nan,nan,nan
419,52154,0.4494855555555556,-3.9458256788253774,0.4222222222222222,0,217,0.43317972350230416,0.2857142857142857,0.10138248847926268,0.02304147465437788,0.0,0.8202764976958525,0.16589861751152074,0.013824884792626729,34.0,0.29493087557603687,0.04711692084241104,160.5602445602419,0.0026020001334827836,0.5854500300336263,0.9790779257725758,0.0,0.5294117647058824,0.16444444444444445,0.31555555555555553,0.36444444444444446,1.1216614693403244,1.1216614693403244,2.173337072134018,nan,nan,nan,nan,nan,nan,nan,nan,nan,nan,nan,nan,nan,nan,nan,nan,nan,nan,nan,nan,nan,nan,nan,nan,nan,nan,nan,nan,nan,nan,nan,nan,nan,nan,nan,nan,nan,nan,nan,nan,nan,nan,nan,nan,nan,nan,nan,nan,nan,nan,nan,nan,nan
420,52268,0.44828222222222225,-0.8550940473079681,0.35555555555555557,0,114,0.6929824561403509,0.09649122807017543,0.05263157894736842,0.008771929824561403,0.008771929824561403,0.8421052631578947,0.14912280701754385,0.008771929824561403,6.0,0.017543859649122806,0.07790476190476191,90.43899092674242,0.0038822979725140773,0.8735170438156673,0.9623581845358978,0.0,0.8235294117647058,0.1511111111111111,0.30666666666666664,nan,1.0105427503585815,1.0105427503585815,2.137210786342621,-68.25460217840671,0.17155555555555554,-0.2,121.7,0.1,0.9,0.4418388556283025,0.09803013557937162,0.07257447586401629,0.30849785488738485,0.019760523438163518,0.6124434670716904,0.3875565329283096,0.0,60.3,0.3714398206352977,0.04488930111283053,73.52763979434954,0.0025219230815591975,0.5674326933508195,0.7777888875614988,0.0,0.856111111111111,0.12755555555555556,0.1431111111111111,0.06518518518518518,-60.534575013709045,0.1746666666666667,-0.1,132.1,0.0,1.0,0.34722954340390083,0.16183714170393673,0.06561446749123788,0.34286840405146213,0.012328235587556509,0.5746811525990754,0.4253188474009247,0.0,74.2,0.49226000532412373,0.037283802097837195,82.90452394008625,0.0021238559393179477,0.47786758634653814,0.7669544181726053,0.0,0.6038186813186813,0.12691358024691357,0.1758730158730159,0.14555555555555555,0.2830074074074074
421,52430,0.44657222222222215,-2.906372131109238,0.3466666666666667,0,162,0.47530864197530864,0.25308641975308643,0.06172839506172839,0.043209876543209874,0.0,0.7901234567901234,0.20987654320987653,0.0,18.0,0.20987654320987653,0.052328042328042335,120.37497267723066,0.0028429682234682226,0.63966785028035,0.9517586424887945,0.0,0.5769230769230769,0.13777777777777778,0.21777777777777776,0.3244444444444444,1.224913239479065,1.224913239479065,2.0678817331790924,nan,nan,nan,nan,nan,nan,nan,nan,nan,nan,nan,nan,nan,nan,nan,nan,nan,nan,nan,nan,nan,nan,nan,nan,nan,nan,nan,nan,nan,nan,nan,nan,nan,nan,nan,nan,nan,nan,nan,nan,nan,nan,nan,nan,nan,nan,nan,nan,nan,nan,nan,nan,nan
422,52549,0.44531611111111113,-6.97300422859192,0.15555555555555556,-1,119,0.2857142857142857,0.15126050420168066,0.12605042016806722,0.24369747899159663,0.01680672268907563,0.5630252100840336,0.42857142857142855,0.008403361344537815,24.0,0.31932773109243695,0.030222222222222223,80.94289741516108,0.001866885371499033,0.4200492085872824,0.9632690073224762,0.0,0.4782608695652174,0.06222222222222222,0.15555555555555556,nan,0.9746528118848801,0.9746528118848801,2.245400071144104,nan,nan,nan,nan,nan,nan,nan,nan,nan,nan,nan,nan,nan,nan,nan,nan,nan,nan,nan,nan,nan,nan,nan,nan,nan,nan,nan,nan,nan,nan,nan,nan,nan,nan,nan,nan,nan,nan,nan,nan,nan,nan,nan,nan,nan,nan,nan,nan,nan,nan,nan,nan,nan
423,52644,0.44431333333333334,-1.540811984062194,0.28,0,95,0.6526315789473685,0.05263157894736842,0.09473684210526316,0.042105263157894736,0.010526315789473684,0.8,0.18947368421052632,0.010526315789473684,10.0,0.07368421052631578,0.07361111111111113,70.1505903244018,0.003928057544224313,0.8838129474504702,0.9406832539671134,0.0,0.8571428571428571,0.1288888888888889,nan,nan,1.1412758082151413,1.1412758082151413,2.1845346689224243,nan,nan,nan,nan,nan,nan,nan,nan,nan,nan,nan,nan,nan,nan,nan,nan,nan,nan,nan,nan,nan,nan,nan,nan,nan,nan,nan,nan,nan,nan,nan,nan,nan,nan,nan,nan,nan,nan,nan,nan,nan,nan,nan,nan,nan,nan,nan,nan,nan,nan,nan,nan,nan
424,52816,0.4424977777777779,-4.2337469110488914,0.29333333333333333,0,172,0.37790697674418605,0.11627906976744186,0.06976744186046512,0.22093023255813954,0.005813953488372093,0.563953488372093,0.4127906976744186,0.023255813953488372,15.0,0.20930232558139536,0.04187590187590188,100.11187534332245,0.0028856605462456563,0.6492736229052726,0.9758506426400898,0.0,0.6944444444444444,0.08888888888888889,0.18666666666666668,0.26222222222222225,1.0729838013648987,1.0729838013648987,2.2524561285972595,nan,nan,nan,nan,nan,nan,nan,nan,nan,nan,nan,nan,nan,nan,nan,nan,nan,nan,nan,nan,nan,nan,nan,nan,nan,nan,nan,nan,nan,nan,nan,nan,nan,nan,nan,nan,nan,nan,nan,nan,nan,nan,nan,nan,nan,nan,nan,nan,nan,nan,nan,nan,nan
425,52981,0.4407561111111111,-11.608742745876317,0.15555555555555556,0,165,0.20606060606060606,0.08484848484848485,0.07878787878787878,0.4303030303030303,0.0,0.3696969696969697,0.6181818181818182,0.012121212121212121,33.0,0.4,0.02158730158730159,100.0356451988219,0.0015105726644815075,0.3398788495083392,0.9271286958411903,0.0,0.5625,0.07111111111111111,0.08888888888888889,0.15555555555555556,1.1720041632652283,1.1720041632652283,2.4993091225624084,nan,nan,nan,nan,nan,nan,nan,nan,nan,nan,nan,nan,nan,nan,nan,nan,nan,nan,nan,nan,nan,nan,nan,nan,nan,nan,nan,nan,nan,nan,nan,nan,nan,nan,nan,nan,nan,nan,nan,nan,nan,nan,nan,nan,nan,nan,nan,nan,nan,nan,nan,nan,nan
426,53108,0.43941555555555556,-5.259520489215855,0.26222222222222225,-2,127,0.4566929133858268,0.07874015748031496,0.11023622047244094,0.1889763779527559,0.007874015748031496,0.6456692913385826,0.3543307086614173,0.0,13.0,0.13385826771653545,0.05148148148148154,93.07162370681753,0.0027696710072427316,0.6231759766296145,0.9200558139852609,0.0,0.8095238095238095,0.06666666666666667,0.18666666666666668,nan,1.0026066899299622,1.0026066899299622,1.985729306936264,nan,nan,nan,nan,nan,nan,nan,nan,nan,nan,nan,nan,nan,nan,nan,nan,nan,nan,nan,nan,nan,nan,nan,nan,nan,nan,nan,nan,nan,nan,nan,nan,nan,nan,nan,nan,nan,nan,nan,nan,nan,nan,nan,nan,nan,nan,nan,nan,nan,nan,nan,nan,nan
427,53212,0.4383177777777778,-3.38167809700966,0.26222222222222225,-1,104,0.5576923076923077,0.08653846153846154,0.07692307692307693,0.14423076923076922,0.019230769230769232,0.7211538461538461,0.2692307692307692,0.009615384615384616,14.0,0.18269230769230768,0.06555555555555559,78.02550568580622,0.003303762987654314,0.7433466722222205,0.9547285424663313,0.009615384615384616,0.7857142857142857,0.08,0.24888888888888888,nan,1.0968666672706604,1.0968666672706604,2.1672502160072327,nan,nan,nan,nan,nan,nan,nan,nan,nan,nan,nan,nan,nan,nan,nan,nan,nan,nan,nan,nan,nan,nan,nan,nan,nan,nan,nan,nan,nan,nan,nan,nan,nan,nan,nan,nan,nan,nan,nan,nan,nan,nan,nan,nan,nan,nan,nan,nan,nan,nan,nan,nan,nan
428,53404,0.4362911111111112,-6.925507987260824,0.30666666666666664,0,192,0.3541666666666667,0.21875,0.06770833333333333,0.1875,0.0,0.640625,0.3541666666666667,0.005208333333333333,45.0,0.3020833333333333,0.03777777777777777,140.2715046405793,0.002154551795794967,0.4847741540538676,0.9794357375113806,0.0,0.46875,0.15555555555555556,0.2088888888888889,0.30666666666666664,1.046438604593277,1.046438604593277,2.054766595363617,nan,nan,nan,nan,nan,nan,nan,nan,nan,nan,nan,nan,nan,nan,nan,nan,nan,nan,nan,nan,nan,nan,nan,nan,nan,nan,nan,nan,nan,nan,nan,nan,nan,nan,nan,nan,nan,nan,nan,nan,nan,nan,nan,nan,nan,nan,nan,nan,nan,nan,nan,nan,nan
429,53576,0.4344755555555556,-3.6022736034393317,0.30666666666666664,0,172,0.3953488372093023,0.23255813953488372,0.05813953488372093,0.12790697674418605,0.005813953488372093,0.686046511627907,0.29651162790697677,0.01744186046511628,14.0,0.2441860465116279,0.04360750360750361,110.62165336608852,0.002732034940953699,0.6147078617145822,0.9657457267292221,0.0,0.5625,0.14666666666666667,0.21777777777777776,0.28444444444444444,0.7877537161111832,0.7877537161111832,1.3518580496311188,nan,nan,nan,nan,nan,nan,nan,nan,nan,nan,nan,nan,nan,nan,nan,nan,nan,nan,nan,nan,nan,nan,nan,nan,nan,nan,nan,nan,nan,nan,nan,nan,nan,nan,nan,nan,nan,nan,nan,nan,nan,nan,nan,nan,nan,nan,nan,nan,nan,nan,nan,nan,nan
430,53680,0.43337777777777775,-1.9868571248054505,0.28,0,104,0.5961538461538461,0.10576923076923077,0.057692307692307696,0.0673076923076923,0.009615384615384616,0.7596153846153846,0.21153846153846154,0.028846153846153848,7.0,0.038461538461538464,0.06911111111111115,80.02721071243278,0.0034432732704595707,0.7747364858534033,0.9766241740456957,0.0,0.7777777777777778,0.14222222222222222,0.26666666666666666,nan,1.1348452866077423,1.1348452866077423,2.5932567417621613,nan,nan,nan,nan,nan,nan,nan,nan,nan,nan,nan,nan,nan,nan,nan,nan,nan,nan,nan,nan,nan,nan,nan,nan,nan,nan,nan,nan,nan,nan,nan,nan,nan,nan,nan,nan,nan,nan,nan,nan,nan,nan,nan,nan,nan,nan,nan,nan,nan,nan,nan,nan,nan
431,53786,0.43225888888888886,-3.817316171646119,0.21333333333333335,-2,106,0.44339622641509435,0.04716981132075472,0.0660377358490566,0.27358490566037735,0.02830188679245283,0.5566037735849056,0.41509433962264153,0.02830188679245283,14.0,0.14150943396226415,0.053037037037037035,63.34586830139154,0.0032975929526298745,0.7419584143417217,0.9652033470553927,0.02830188679245283,0.7777777777777778,0.08888888888888889,0.19555555555555557,nan,1.1022520959377289,1.1022520959377289,2.1680886149406433,nan,nan,nan,nan,nan,nan,nan,nan,nan,nan,nan,nan,nan,nan,nan,nan,nan,nan,nan,nan,nan,nan,nan,nan,nan,nan,nan,nan,nan,nan,nan,nan,nan,nan,nan,nan,nan,nan,nan,nan,nan,nan,nan,nan,nan,nan,nan,nan,nan,nan,nan,nan,nan
432,53873,0.4313405555555556,-4.117790211677553,0.14666666666666667,0,87,0.367816091954023,0.06896551724137931,0.11494252873563218,0.26436781609195403,0.022988505747126436,0.5517241379310345,0.42528735632183906,0.022988505747126436,34.0,0.39080459770114945,0.04759259259259259,51.007525825500444,0.0027882595738670463,0.6273584041200854,0.9899002338340187,0.0,0.4375,0.09333333333333334,nan,nan,1.0347153842449188,1.0347153842449188,1.491155058145523,nan,nan,nan,nan,nan,nan,nan,nan,nan,nan,nan,nan,nan,nan,nan,nan,nan,nan,nan,nan,nan,nan,nan,nan,nan,nan,nan,nan,nan,nan,nan,nan,nan,nan,nan,nan,nan,nan,nan,nan,nan,nan,nan,nan,nan,nan,nan,nan,nan,nan,nan,nan,nan
433,53963,0.4303905555555556,-2.5132915263175963,0.24888888888888888,-1,90,0.6111111111111112,0.1111111111111111,0.06666666666666667,0.044444444444444446,0.044444444444444446,0.7888888888888889,0.18888888888888888,0.022222222222222223,13.0,0.1,0.06333333333333332,70.65039548873894,0.003459916151260707,0.778481134033659,0.9967456309020728,0.0,0.7333333333333333,0.17333333333333334,nan,nan,0.9969682693481445,0.9969682693481445,1.6558098495006561,nan,nan,nan,nan,nan,nan,nan,nan,nan,nan,nan,nan,nan,nan,nan,nan,nan,nan,nan,nan,nan,nan,nan,nan,nan,nan,nan,nan,nan,nan,nan,nan,nan,nan,nan,nan,nan,nan,nan,nan,nan,nan,nan,nan,nan,nan,nan,nan,nan,nan,nan,nan,nan
434,54145,0.42846944444444446,-3.5295283982753753,0.40444444444444444,0,182,0.4945054945054945,0.11538461538461539,0.1043956043956044,0.12087912087912088,0.0,0.7142857142857143,0.26373626373626374,0.02197802197802198,22.0,0.1813186813186813,0.05142857142857142,120.73836569786035,0.0033129486032714172,0.7454134357360689,0.9619712051630799,0.0,0.6333333333333333,0.16,0.29777777777777775,0.38666666666666666,1.078852355480194,1.078852355480194,2.120027720928192,nan,nan,nan,nan,nan,nan,nan,nan,nan,nan,nan,nan,nan,nan,nan,nan,nan,nan,nan,nan,nan,nan,nan,nan,nan,nan,nan,nan,nan,nan,nan,nan,nan,nan,nan,nan,nan,nan,nan,nan,nan,nan,nan,nan,nan,nan,nan,nan,nan,nan,nan,nan,nan
435,54236,0.42750888888888894,-3.4818471703529346,0.2311111111111111,0,91,0.5604395604395604,0.06593406593406594,0.15384615384615385,0.06593406593406594,0.02197802197802198,0.7802197802197802,0.2087912087912088,0.01098901098901099,15.0,0.14285714285714285,0.06416666666666666,69.57949686050412,0.0032576646410809413,0.7329745442432118,0.9237116606891386,0.0,0.7142857142857143,0.09333333333333334,nan,nan,1.1922262609004974,1.1922262609004974,1.9067679345607758,nan,nan,nan,nan,nan,nan,nan,nan,nan,nan,nan,nan,nan,nan,nan,nan,nan,nan,nan,nan,nan,nan,nan,nan,nan,nan,nan,nan,nan,nan,nan,nan,nan,nan,nan,nan,nan,nan,nan,nan,nan,nan,nan,nan,nan,nan,nan,nan,nan,nan,nan,nan,nan
436,54300,0.4268333333333333,-1.6994398589134208,0.2088888888888889,0,64,0.71875,0.015625,0.125,0.0,0.03125,0.859375,0.109375,0.03125,7.0,0.03125,0.08095238095238096,50.62323675155635,0.004038549440206608,0.9086736240464867,0.9586464242363831,0.0,0.8888888888888888,0.16,nan,nan,1.0648576021194458,1.0648576021194458,2.080548107624054,nan,nan,nan,nan,nan,nan,nan,nan,nan,nan,nan,nan,nan,nan,nan,nan,nan,nan,nan,nan,nan,nan,nan,nan,nan,nan,nan,nan,nan,nan,nan,nan,nan,nan,nan,nan,nan,nan,nan,nan,nan,nan,nan,nan,nan,nan,nan,nan,nan,nan,nan,nan,nan
437,54427,0.42549277777777783,-2.0865858685970293,0.3688888888888889,0,127,0.6456692913385826,0.07086614173228346,0.15748031496062992,0.015748031496062992,0.0,0.8740157480314961,0.11023622047244094,0.015748031496062992,21.0,0.16535433070866143,0.06074074074074074,100.75796065330488,0.003617028789402067,0.813831477615465,0.9092555642054128,0.0,0.5714285714285714,0.17333333333333334,0.28888888888888886,nan,1.002325862646103,1.002325862646103,1.9479108154773712,nan,nan,nan,nan,nan,nan,nan,nan,nan,nan,nan,nan,nan,nan,nan,nan,nan,nan,nan,nan,nan,nan,nan,nan,nan,nan,nan,nan,nan,nan,nan,nan,nan,nan,nan,nan,nan,nan,nan,nan,nan,nan,nan,nan,nan,nan,nan,nan,nan,nan,nan,nan,nan
438,54514,0.4245744444444445,-0.9314162685871118,0.3022222222222222,0,87,0.7701149425287356,0.022988505747126436,0.10344827586206896,0.0,0.011494252873563218,0.896551724137931,0.10344827586206896,0.0,7.0,0.022988505747126436,0.08527777777777777,70.75634541511526,0.0042084957332203495,0.9469115399745784,0.944011630705456,0.0,1.0,0.17333333333333334,nan,nan,1.1129643470048904,1.1129643470048904,1.9314758777618408,nan,nan,nan,nan,nan,nan,nan,nan,nan,nan,nan,nan,nan,nan,nan,nan,nan,nan,nan,nan,nan,nan,nan,nan,nan,nan,nan,nan,nan,nan,nan,nan,nan,nan,nan,nan,nan,nan,nan,nan,nan,nan,nan,nan,nan,nan,nan,nan,nan,nan,nan,nan,nan
439,54568,0.4240044444444444,-2.992819450139999,0.17333333333333334,0,54,0.7037037037037037,0.0,0.2222222222222222,0.0,0.037037037037037035,0.9259259259259259,0.07407407407407407,0.0,12.0,0.12962962962962962,0.08740740740740742,47.798280477523804,0.0035333674601182685,0.7950076785266104,0.8542434466665185,0.0,1.0,0.15555555555555556,nan,nan,1.1143232733011246,1.1143232733011246,1.845843106508255,nan,nan,nan,nan,nan,nan,nan,nan,nan,nan,nan,nan,nan,nan,nan,nan,nan,nan,nan,nan,nan,nan,nan,nan,nan,nan,nan,nan,nan,nan,nan,nan,nan,nan,nan,nan,nan,nan,nan,nan,nan,nan,nan,nan,nan,nan,nan,nan,nan,nan,nan,nan,nan
440,54644,0.42320222222222226,-2.0199636163711547,0.2222222222222222,0,76,0.6447368421052632,0.07894736842105263,0.07894736842105263,0.039473684210526314,0.02631578947368421,0.8026315789473685,0.17105263157894737,0.02631578947368421,6.0,0.02631578947368421,0.0811111111111111,61.08536777496334,0.003565138194470148,0.8021560937557833,0.9668832587253346,0.0,0.9166666666666666,0.15555555555555556,nan,nan,1.0901173800230026,1.0901173800230026,1.7446030676364899,-135.30465976490973,0.18933333333333333,0.7,157.5,0.4,0.6,0.40891866425989754,0.09257100352962952,0.08449408861776002,0.3523625,0.010151837030748548,0.5859837564072871,0.41401624359271294,0.0,89.9,0.45140004525523797,0.04285978835978836,87.36342633247352,0.0022577447558347645,0.5079925700628221,0.6993712817963692,0.0,0.7109848484848486,0.11777777777777779,0.1511111111111111,0.06444444444444444,-45.66115735685824,0.18666666666666668,-0.3,105.7,0.0,1.0,0.4904473069763358,0.14683115973983826,0.10250573888192385,0.15875814756528836,0.017882163684526227,0.739784205598098,0.2602157944019022,0.0,48.3,0.3097010408641142,0.05400733726150393,73.60911768436421,0.0026284741394436086,0.5914066813748119,0.8249845597963705,0.0,0.6546428571428571,0.12691358024691357,0.13444444444444445,0.035555555555555556,0.3012222222222222
441,54868,0.42083777777777787,-9.587499999999972,0.36444444444444446,0,224,0.36160714285714285,0.08928571428571429,0.026785714285714284,0.35267857142857145,0.0,0.47767857142857145,0.5133928571428571,0.008928571428571428,59.0,0.35267857142857145,0.04034979423868312,120.69999999999953,0.0029826014913007575,0.6710853355426704,0.8800505292890847,0.008928571428571428,0.47368421052631576,0.1511111111111111,0.21777777777777776,0.21777777777777776,0.9146501272916794,0.9146501272916794,2.111891061067581,nan,nan,nan,nan,nan,nan,nan,nan,nan,nan,nan,nan,nan,nan,nan,nan,nan,nan,nan,nan,nan,nan,nan,nan,nan,nan,nan,nan,nan,nan,nan,nan,nan,nan,nan,nan,nan,nan,nan,nan,nan,nan,nan,nan,nan,nan,nan,nan,nan,nan,nan,nan,nan
442,54946,0.42001444444444447,-1.9985063612461091,0.21333333333333335,0,78,0.6025641025641025,0.14102564102564102,0.07692307692307693,0.02564102564102564,0.02564102564102564,0.8205128205128205,0.1794871794871795,0.0,7.0,0.038461538461538464,0.06851851851851853,60.481012964248606,0.0034537928293688932,0.7771033866080009,0.9833162899070419,0.0,0.75,0.14222222222222222,nan,nan,0.9416466504335403,0.9416466504335403,1.7743108868598938,nan,nan,nan,nan,nan,nan,nan,nan,nan,nan,nan,nan,nan,nan,nan,nan,nan,nan,nan,nan,nan,nan,nan,nan,nan,nan,nan,nan,nan,nan,nan,nan,nan,nan,nan,nan,nan,nan,nan,nan,nan,nan,nan,nan,nan,nan,nan,nan,nan,nan,nan,nan,nan
443,55187,0.41747055555555557,-11.453366249799712,0.26222222222222225,0,241,0.24066390041493776,0.12033195020746888,0.0912863070539419,0.3112033195020747,0.0,0.45228215767634855,0.5352697095435685,0.012448132780082987,59.0,0.4605809128630705,0.02627777777777778,130.30824999809226,0.001978215330046653,0.4450984492604968,0.9244388455213663,0.004149377593360996,0.35714285714285715,0.09777777777777778,0.14222222222222222,0.14222222222222222,0.9043202102184296,0.9043202102184296,1.278067633509636,nan,nan,nan,nan,nan,nan,nan,nan,nan,nan,nan,nan,nan,nan,nan,nan,nan,nan,nan,nan,nan,nan,nan,nan,nan,nan,nan,nan,nan,nan,nan,nan,nan,nan,nan,nan,nan,nan,nan,nan,nan,nan,nan,nan,nan,nan,nan,nan,nan,nan,nan,nan,nan
444,55332,0.41594,-4.251690834999085,0.29777777777777775,0,145,0.45517241379310347,0.06896551724137931,0.06206896551724138,0.2620689655172414,0.006896551724137931,0.5862068965517241,0.41379310344827586,0.0,33.0,0.2827586206896552,0.04907407407407407,90.1113412857053,0.003255232128920335,0.7324272290070754,0.9353982003870348,0.0,0.5714285714285714,0.18222222222222223,0.28444444444444444,nan,1.0103475898504257,1.0103475898504257,2.259684443473816,nan,nan,nan,nan,nan,nan,nan,nan,nan,nan,nan,nan,nan,nan,nan,nan,nan,nan,nan,nan,nan,nan,nan,nan,nan,nan,nan,nan,nan,nan,nan,nan,nan,nan,nan,nan,nan,nan,nan,nan,nan,nan,nan,nan,nan,nan,nan,nan,nan,nan,nan,nan,nan
445,55416,0.4150533333333334,-2.2791456532478325,0.27111111111111114,0,84,0.7142857142857143,0.023809523809523808,0.15476190476190477,0.023809523809523808,0.011904761904761904,0.8928571428571429,0.09523809523809523,0.011904761904761904,12.0,0.08333333333333333,0.07456790123456791,70.28710145950313,0.0037939630619184136,0.8536416889316429,0.8387811980449007,0.0,1.0,0.16,nan,nan,0.94732765853405,0.94732765853405,2.0297822654247284,nan,nan,nan,nan,nan,nan,nan,nan,nan,nan,nan,nan,nan,nan,nan,nan,nan,nan,nan,nan,nan,nan,nan,nan,nan,nan,nan,nan,nan,nan,nan,nan,nan,nan,nan,nan,nan,nan,nan,nan,nan,nan,nan,nan,nan,nan,nan,nan,nan,nan,nan,nan,nan
446,55555,0.4135861111111111,-3.913170378684999,0.29777777777777775,0,139,0.4748201438848921,0.1510791366906475,0.16546762589928057,0.06474820143884892,0.0,0.7913669064748201,0.18705035971223022,0.02158273381294964,22.0,0.2589928057553957,0.051216931216931195,100.18257503509498,0.002927987559019876,0.6587972007794721,0.964959654914154,0.0,0.42105263157894735,0.15555555555555556,0.2311111111111111,nan,1.1287236958742142,1.1287236958742142,2.5494441986083984,nan,nan,nan,nan,nan,nan,nan,nan,nan,nan,nan,nan,nan,nan,nan,nan,nan,nan,nan,nan,nan,nan,nan,nan,nan,nan,nan,nan,nan,nan,nan,nan,nan,nan,nan,nan,nan,nan,nan,nan,nan,nan,nan,nan,nan,nan,nan,nan,nan,nan,nan,nan,nan
447,55665,0.41242499999999993,-3.2972127480506908,0.29333333333333333,-2,110,0.5909090909090909,0.18181818181818182,0.1,0.00909090909090909,0.00909090909090909,0.8727272727272727,0.11818181818181818,0.00909090909090909,25.0,0.20909090909090908,0.06977777777777777,96.87821664810168,0.002981979839061681,0.6709454637888781,0.9556640599951405,0.0,0.6923076923076923,0.17777777777777778,0.25333333333333335,nan,0.8548914939165115,0.8548914939165115,1.7260818183422089,nan,nan,nan,nan,nan,nan,nan,nan,nan,nan,nan,nan,nan,nan,nan,nan,nan,nan,nan,nan,nan,nan,nan,nan,nan,nan,nan,nan,nan,nan,nan,nan,nan,nan,nan,nan,nan,nan,nan,nan,nan,nan,nan,nan,nan,nan,nan,nan,nan,nan,nan,nan,nan
448,55752,0.4115066666666667,-2.5990542159080494,0.24888888888888888,0,87,0.632183908045977,0.05747126436781609,0.1839080459770115,0.011494252873563218,0.022988505747126436,0.8735632183908046,0.12643678160919541,0.0,11.0,0.08045977011494253,0.06833333333333333,68.019563961029,0.003593737304527503,0.8085908935186883,0.8595981605782835,0.0,0.7,0.14666666666666667,nan,nan,1.0610398650169373,1.0610398650169373,2.132406711578369,nan,nan,nan,nan,nan,nan,nan,nan,nan,nan,nan,nan,nan,nan,nan,nan,nan,nan,nan,nan,nan,nan,nan,nan,nan,nan,nan,nan,nan,nan,nan,nan,nan,nan,nan,nan,nan,nan,nan,nan,nan,nan,nan,nan,nan,nan,nan,nan,nan,nan,nan,nan,nan
449,55906,0.40988111111111114,-3.4489839100837694,0.41333333333333333,0,154,0.5974025974025974,0.08441558441558442,0.19480519480519481,0.03896103896103896,0.006493506493506494,0.8766233766233766,0.11688311688311688,0.006493506493506494,14.0,0.15584415584415584,0.058412698412698416,120.0950848579404,0.0034047096046650083,0.7660596610496269,0.8822318203127699,0.0,0.6923076923076923,0.15555555555555556,0.29777777777777775,0.41333333333333333,0.939369261264801,0.939369261264801,1.6640755832195282,nan,nan,nan,nan,nan,nan,nan,nan,nan,nan,nan,nan,nan,nan,nan,nan,nan,nan,nan,nan,nan,nan,nan,nan,nan,nan,nan,nan,nan,nan,nan,nan,nan,nan,nan,nan,nan,nan,nan,nan,nan,nan,nan,nan,nan,nan,nan,nan,nan,nan,nan,nan,nan
450,56009,0.4087938888888889,-2.870562458992004,0.27555555555555555,0,103,0.5922330097087378,0.07766990291262135,0.1262135922330097,0.05825242718446602,0.009708737864077669,0.7961165048543689,0.1941747572815534,0.009708737864077669,12.0,0.06796116504854369,0.05422222222222221,80.21488056182852,0.0033798106936298736,0.7604574060667215,0.9526114921907662,0.0,0.9285714285714286,0.14666666666666667,0.27555555555555555,nan,0.9789790958166122,0.9789790958166122,2.828196883201599,nan,nan,nan,nan,nan,nan,nan,nan,nan,nan,nan,nan,nan,nan,nan,nan,nan,nan,nan,nan,nan,nan,nan,nan,nan,nan,nan,nan,nan,nan,nan,nan,nan,nan,nan,nan,nan,nan,nan,nan,nan,nan,nan,nan,nan,nan,nan,nan,nan,nan,nan,nan,nan
451,56151,0.40729499999999996,-2.9663672654628765,0.39555555555555555,0,142,0.6197183098591549,0.09154929577464789,0.1267605633802817,0.04929577464788732,0.007042253521126761,0.8380281690140845,0.14788732394366197,0.014084507042253521,16.0,0.16901408450704225,0.06588235294117648,110.42254538536058,0.0035419497870311113,0.796938702082,0.8939343188621949,0.0,0.5625,0.13777777777777778,0.3333333333333333,nan,0.8205655217170715,0.8205655217170715,1.9940042048692703,nan,nan,nan,nan,nan,nan,nan,nan,nan,nan,nan,nan,nan,nan,nan,nan,nan,nan,nan,nan,nan,nan,nan,nan,nan,nan,nan,nan,nan,nan,nan,nan,nan,nan,nan,nan,nan,nan,nan,nan,nan,nan,nan,nan,nan,nan,nan,nan,nan,nan,nan,nan,nan
452,56227,0.4064927777777778,-3.3361851596832275,0.2,0,76,0.5789473684210527,0.05263157894736842,0.21052631578947367,0.013157894736842105,0.02631578947368421,0.8421052631578947,0.13157894736842105,0.02631578947368421,11.0,0.11842105263157894,0.07555555555555557,60.43033485412594,0.003236049511021431,0.7281111399798219,0.9174316835667239,0.0,0.6363636363636364,0.14222222222222222,nan,nan,0.7556889355182648,0.7556889355182648,1.7703303694725037,nan,nan,nan,nan,nan,nan,nan,nan,nan,nan,nan,nan,nan,nan,nan,nan,nan,nan,nan,nan,nan,nan,nan,nan,nan,nan,nan,nan,nan,nan,nan,nan,nan,nan,nan,nan,nan,nan,nan,nan,nan,nan,nan,nan,nan,nan,nan,nan,nan,nan,nan,nan,nan
453,56343,0.40526833333333334,-4.068696816205979,0.28,0,116,0.5344827586206896,0.05172413793103448,0.12931034482758622,0.1206896551724138,0.008620689655172414,0.7155172413793104,0.2672413793103448,0.017241379310344827,23.0,0.2413793103448276,0.05761111111111111,90.21616015434249,0.0030543924179895605,0.687238294047651,0.9732529415991256,0.008620689655172414,0.5263157894736842,0.16444444444444445,0.2577777777777778,nan,0.9500582367181778,0.9500582367181778,2.0218055993318558,nan,nan,nan,nan,nan,nan,nan,nan,nan,nan,nan,nan,nan,nan,nan,nan,nan,nan,nan,nan,nan,nan,nan,nan,nan,nan,nan,nan,nan,nan,nan,nan,nan,nan,nan,nan,nan,nan,nan,nan,nan,nan,nan,nan,nan,nan,nan,nan,nan,nan,nan,nan,nan
454,56517,0.40343166666666674,-5.119572638511659,0.28,0,174,0.3563218390804598,0.20689655172413793,0.040229885057471264,0.1839080459770115,0.005747126436781609,0.603448275862069,0.3620689655172414,0.034482758620689655,31.0,0.29310344827586204,0.03941798941798942,110.10069179534885,0.0025027595291385474,0.563120894056173,0.9778644717302021,0.011494252873563218,0.4722222222222222,0.16444444444444445,0.25333333333333335,0.27111111111111114,0.8982372283935547,0.8982372283935547,1.7084212899208069,nan,nan,nan,nan,nan,nan,nan,nan,nan,nan,nan,nan,nan,nan,nan,nan,nan,nan,nan,nan,nan,nan,nan,nan,nan,nan,nan,nan,nan,nan,nan,nan,nan,nan,nan,nan,nan,nan,nan,nan,nan,nan,nan,nan,nan,nan,nan,nan,nan,nan,nan,nan,nan
455,56730,0.40118333333333345,-6.844479537487034,0.3244444444444444,0,213,0.3380281690140845,0.08450704225352113,0.046948356807511735,0.3380281690140845,0.0,0.4694835680751174,0.5258215962441315,0.004694835680751174,28.0,0.323943661971831,0.036467236467236465,120.06170988082853,0.0026652960408245665,0.5996916091855274,0.9747959894092987,0.0,0.525,0.10222222222222223,0.1288888888888889,0.2088888888888889,0.981463298201561,0.981463298201561,2.215269237756729,nan,nan,nan,nan,nan,nan,nan,nan,nan,nan,nan,nan,nan,nan,nan,nan,nan,nan,nan,nan,nan,nan,nan,nan,nan,nan,nan,nan,nan,nan,nan,nan,nan,nan,nan,nan,nan,nan,nan,nan,nan,nan,nan,nan,nan,nan,nan,nan,nan,nan,nan,nan,nan
456,56838,0.4000433333333334,-3.003729901790619,0.27555555555555555,-2,108,0.5648148148148148,0.16666666666666666,0.07407407407407407,0.046296296296296294,0.018518518518518517,0.8055555555555556,0.18518518518518517,0.009259259259259259,15.0,0.12037037037037036,0.05800000000000001,87.10218954086297,0.0031125636742337292,0.7003268267025891,0.9742892081244338,0.0,0.625,0.15555555555555556,0.26666666666666666,nan,0.9558587223291397,0.9558587223291397,1.873537302017212,nan,nan,nan,nan,nan,nan,nan,nan,nan,nan,nan,nan,nan,nan,nan,nan,nan,nan,nan,nan,nan,nan,nan,nan,nan,nan,nan,nan,nan,nan,nan,nan,nan,nan,nan,nan,nan,nan,nan,nan,nan,nan,nan,nan,nan,nan,nan,nan,nan,nan,nan,nan,nan
457,56951,0.3988505555555556,-1.9302546396255496,0.3111111111111111,0,113,0.6106194690265486,0.035398230088495575,0.07079646017699115,0.12389380530973451,0.008849557522123894,0.7168141592920354,0.25663716814159293,0.02654867256637168,9.0,0.05309734513274336,0.06379487179487181,80.11671085357652,0.003827749085045928,0.8612435441353337,0.9293480081517477,0.0,0.8333333333333334,0.1688888888888889,0.29777777777777775,nan,0.9856685996055603,0.9856685996055603,1.7000634670257568,nan,nan,nan,nan,nan,nan,nan,nan,nan,nan,nan,nan,nan,nan,nan,nan,nan,nan,nan,nan,nan,nan,nan,nan,nan,nan,nan,nan,nan,nan,nan,nan,nan,nan,nan,nan,nan,nan,nan,nan,nan,nan,nan,nan,nan,nan,nan,nan,nan,nan,nan,nan,nan
458,57127,0.39699277777777786,-6.046147725582127,0.27111111111111114,0,176,0.3409090909090909,0.13068181818181818,0.09659090909090909,0.2159090909090909,0.005681818181818182,0.5681818181818182,0.4090909090909091,0.022727272727272728,30.0,0.32954545454545453,0.04666666666666676,108.76331167221039,0.0024518071633414735,0.5516566117518314,0.9421571674313473,0.0,0.5263157894736842,0.13333333333333333,0.16444444444444445,0.2222222222222222,0.872338205575943,0.872338205575943,2.196826159954071,nan,nan,nan,nan,nan,nan,nan,nan,nan,nan,nan,nan,nan,nan,nan,nan,nan,nan,nan,nan,nan,nan,nan,nan,nan,nan,nan,nan,nan,nan,nan,nan,nan,nan,nan,nan,nan,nan,nan,nan,nan,nan,nan,nan,nan,nan,nan,nan,nan,nan,nan,nan,nan
459,57191,0.3963172222222222,-2.0174614257812493,0.18222222222222223,0,64,0.625,0.140625,0.078125,0.046875,0.03125,0.84375,0.15625,0.0,15.0,0.171875,0.05925925925925926,50.60439453124994,0.0035130897113687222,0.7904451850579625,0.9888196414121277,0.0,0.5714285714285714,0.18222222222222223,nan,nan,1.0260227620601654,1.0260227620601654,1.5685262978076935,nan,nan,nan,nan,nan,nan,nan,nan,nan,nan,nan,nan,nan,nan,nan,nan,nan,nan,nan,nan,nan,nan,nan,nan,nan,nan,nan,nan,nan,nan,nan,nan,nan,nan,nan,nan,nan,nan,nan,nan,nan,nan,nan,nan,nan,nan,nan,nan,nan,nan,nan,nan,nan
460,57269,0.3954938888888889,-1.1412411398887632,0.27555555555555555,-1,78,0.782051282051282,0.08974358974358974,0.05128205128205128,0.0,0.038461538461538464,0.9230769230769231,0.07692307692307693,0.0,7.0,0.02564102564102564,0.06777777777777777,65.74515371322629,0.0041236668529770325,0.9278250419198323,0.9391385014290046,0.0,0.8333333333333334,0.19111111111111112,nan,nan,0.9777027368545532,0.9777027368545532,2.175274282693863,-3.273671210837364,0.2422222222222222,-0.2,89.0,0.0,1.0,0.6369271679148113,0.08825121965339622,0.17413558810036373,0.009951968134957825,0.02355665702584038,0.8993139756685711,0.10068602433142884,0.0,17.4,0.1430079209353103,0.0691978074394741,75.75877343654625,0.003248698040454425,0.7309570591022456,0.8971107459725383,0.0,0.8483473389355742,0.15901234567901235,0.2911111111111111,0.35555555555555557,-4.771311385989189,0.24488888888888888,-0.1,95.8,0.0,1.0,0.588547668153376,0.08978115871718984,0.17220511802529728,0.0677706229309944,0.019620599713081117,0.8505339448958631,0.14946605510413685,0.0,21.1,0.18113766345997886,0.06330800317291546,78.25248939037314,0.003146907948780963,0.7080542884757167,0.8751514394426403,0.0,0.8869047619047621,0.15722222222222224,0.2693333333333333,0.3688888888888889,0.571469135802469
461,57331,0.3948394444444445,-2.8389663238525387,0.2,-1,62,0.7096774193548387,0.0,0.1935483870967742,0.03225806451612903,0.03225806451612903,0.9032258064516129,0.08064516129032258,0.016129032258064516,7.0,0.03225806451612903,0.08283950617283951,54.875869750976506,0.003563598289065399,0.8018096150397147,0.8985180298977613,0.0,1.0,0.1511111111111111,nan,nan,0.9647047519683838,0.9647047519683838,1.685814380645752,nan,nan,nan,nan,nan,nan,nan,nan,nan,nan,nan,nan,nan,nan,nan,nan,nan,nan,nan,nan,nan,nan,nan,nan,nan,nan,nan,nan,nan,nan,nan,nan,nan,nan,nan,nan,nan,nan,nan,nan,nan,nan,nan,nan,nan,nan,nan,nan,nan,nan,nan,nan,nan
462,57405,0.3940583333333333,-1.8569146642684924,0.24444444444444444,0,74,0.7297297297297297,0.0,0.17567567567567569,0.0,0.02702702702702703,0.9054054054054054,0.08108108108108109,0.013513513513513514,11.0,0.08108108108108109,0.08111111111111112,58.59918727874753,0.004095619941934622,0.9215144869352899,0.8548771593447004,0.0,1.0,0.16444444444444445,nan,nan,1.0195854604244232,1.0195854604244232,2.1084582209587097,nan,nan,nan,nan,nan,nan,nan,nan,nan,nan,nan,nan,nan,nan,nan,nan,nan,nan,nan,nan,nan,nan,nan,nan,nan,nan,nan,nan,nan,nan,nan,nan,nan,nan,nan,nan,nan,nan,nan,nan,nan,nan,nan,nan,nan,nan,nan,nan,nan,nan,nan,nan,nan
463,57491,0.39315055555555567,-3.6212263939380636,0.2311111111111111,0,86,0.5930232558139535,0.023255813953488372,0.1744186046511628,0.06976744186046512,0.011627906976744186,0.7906976744186046,0.18604651162790697,0.023255813953488372,13.0,0.09302325581395349,0.060909090909090906,70.09739422798157,0.003233596186606685,0.7275591419865042,0.9044446183627011,0.011627906976744186,1.0,0.14666666666666667,nan,nan,1.0595342814922333,1.0595342814922333,1.8158122897148132,nan,nan,nan,nan,nan,nan,nan,nan,nan,nan,nan,nan,nan,nan,nan,nan,nan,nan,nan,nan,nan,nan,nan,nan,nan,nan,nan,nan,nan,nan,nan,nan,nan,nan,nan,nan,nan,nan,nan,nan,nan,nan,nan,nan,nan,nan,nan,nan,nan,nan,nan,nan,nan
464,57606,0.3919366666666667,-3.1171588544845577,0.3244444444444444,0,115,0.6260869565217392,0.034782608695652174,0.13043478260869565,0.09565217391304348,0.008695652173913044,0.7913043478260869,0.19130434782608696,0.017391304347826087,12.0,0.12173913043478261,0.06577777777777777,90.35389385223371,0.003541629323948489,0.79686659788841,0.9232148124549266,0.0,0.75,0.16444444444444445,0.3111111111111111,nan,1.1114134341478348,1.1114134341478348,1.9386567771434784,nan,nan,nan,nan,nan,nan,nan,nan,nan,nan,nan,nan,nan,nan,nan,nan,nan,nan,nan,nan,nan,nan,nan,nan,nan,nan,nan,nan,nan,nan,nan,nan,nan,nan,nan,nan,nan,nan,nan,nan,nan,nan,nan,nan,nan,nan,nan,nan,nan,nan,nan,nan,nan
465,57827,0.38960388888888897,-8.436594096660624,0.4177777777777778,0,221,0.42081447963800905,0.11764705882352941,0.08144796380090498,0.19909502262443438,0.0,0.6199095022624435,0.35294117647058826,0.027149321266968326,58.0,0.3665158371040724,0.04677248677248678,150.05327711105318,0.002754577182792408,0.6197798661282917,0.9199763359491421,0.00904977375565611,0.41025641025641024,0.08,0.09333333333333334,0.2222222222222222,0.9768894016742706,0.9768894016742706,1.7919664978981018,nan,nan,nan,nan,nan,nan,nan,nan,nan,nan,nan,nan,nan,nan,nan,nan,nan,nan,nan,nan,nan,nan,nan,nan,nan,nan,nan,nan,nan,nan,nan,nan,nan,nan,nan,nan,nan,nan,nan,nan,nan,nan,nan,nan,nan,nan,nan,nan,nan,nan,nan,nan,nan
466,57931,0.3885061111111111,-1.8710249586105347,0.30666666666666664,-2,104,0.6538461538461539,0.04807692307692308,0.1346153846153846,0.0,0.028846153846153848,0.8365384615384616,0.1346153846153846,0.028846153846153848,11.0,0.09615384615384616,0.06977777777777779,76.63833293914784,0.003943486381184621,0.8872844357665396,0.9041819568646906,0.0,0.7647058823529411,0.1688888888888889,0.29777777777777775,nan,0.8672744035720825,0.8672744035720825,1.389015406370163,nan,nan,nan,nan,nan,nan,nan,nan,nan,nan,nan,nan,nan,nan,nan,nan,nan,nan,nan,nan,nan,nan,nan,nan,nan,nan,nan,nan,nan,nan,nan,nan,nan,nan,nan,nan,nan,nan,nan,nan,nan,nan,nan,nan,nan,nan,nan,nan,nan,nan,nan,nan,nan
467,58081,0.3869227777777777,-3.733495161771778,0.3466666666666667,0,150,0.5133333333333333,0.1,0.09333333333333334,0.14,0.013333333333333334,0.7066666666666667,0.26666666666666666,0.02666666666666667,16.0,0.18666666666666668,0.05703703703703703,102.36662058830241,0.0033431036431159525,0.7521983197010892,0.9302081553327571,0.0,0.6086956521739131,0.11555555555555555,0.20444444444444446,0.3466666666666667,1.0456262677907944,1.0456262677907944,1.883829653263092,nan,nan,nan,nan,nan,nan,nan,nan,nan,nan,nan,nan,nan,nan,nan,nan,nan,nan,nan,nan,nan,nan,nan,nan,nan,nan,nan,nan,nan,nan,nan,nan,nan,nan,nan,nan,nan,nan,nan,nan,nan,nan,nan,nan,nan,nan,nan,nan,nan,nan,nan,nan,nan
468,58253,0.38510722222222227,-10.1575,0.13777777777777778,0,172,0.1744186046511628,0.06395348837209303,0.09302325581395349,0.48255813953488375,0.005813953488372093,0.3313953488372093,0.6569767441860465,0.011627906976744186,28.0,0.3953488372093023,0.01939393939393939,80.09999999999971,0.0016645859342488615,0.37453183520599387,0.9337926555778797,0.005813953488372093,0.6129032258064516,0.06666666666666667,0.08,0.12,0.9963396936655045,0.9963396936655045,1.6408645510673523,nan,nan,nan,nan,nan,nan,nan,nan,nan,nan,nan,nan,nan,nan,nan,nan,nan,nan,nan,nan,nan,nan,nan,nan,nan,nan,nan,nan,nan,nan,nan,nan,nan,nan,nan,nan,nan,nan,nan,nan,nan,nan,nan,nan,nan,nan,nan,nan,nan,nan,nan,nan,nan
469,58409,0.3834605555555556,-9.914503622055054,0.24888888888888888,0,156,0.3525641025641026,0.15384615384615385,0.057692307692307696,0.25,0.0,0.5641025641025641,0.4230769230769231,0.01282051282051282,33.0,0.27564102564102566,0.03492063492063492,100.55717735290548,0.00243090002006089,0.5469525045137004,0.9211087934146954,0.00641025641025641,0.5357142857142857,0.12444444444444444,0.2311111111111111,0.24888888888888888,1.0165510922670364,1.0165510922670364,2.317683607339859,nan,nan,nan,nan,nan,nan,nan,nan,nan,nan,nan,nan,nan,nan,nan,nan,nan,nan,nan,nan,nan,nan,nan,nan,nan,nan,nan,nan,nan,nan,nan,nan,nan,nan,nan,nan,nan,nan,nan,nan,nan,nan,nan,nan,nan,nan,nan,nan,nan,nan,nan,nan,nan
470,58494,0.38256333333333337,-5.789492243766784,0.2,-1,85,0.5176470588235295,0.0,0.16470588235294117,0.16470588235294117,0.023529411764705882,0.6823529411764706,0.2823529411764706,0.03529411764705882,13.0,0.18823529411764706,0.06055555555555556,72.61421184539793,0.0026930755094045585,0.6059419896160256,0.9480548427683754,0.0,0.6923076923076923,0.12444444444444444,nan,nan,0.9222198575735092,0.9222198575735092,1.5697191953659058,nan,nan,nan,nan,nan,nan,nan,nan,nan,nan,nan,nan,nan,nan,nan,nan,nan,nan,nan,nan,nan,nan,nan,nan,nan,nan,nan,nan,nan,nan,nan,nan,nan,nan,nan,nan,nan,nan,nan,nan,nan,nan,nan,nan,nan,nan,nan,nan,nan,nan,nan,nan,nan
471,58673,0.380673888888889,-4.5635822060108175,0.37777777777777777,0,179,0.4692737430167598,0.10614525139664804,0.12849162011173185,0.1452513966480447,0.00558659217877095,0.7039106145251397,0.2681564245810056,0.027932960893854747,69.0,0.3854748603351955,0.04666666666666666,120.37697339057885,0.0031013683333107607,0.6978078749949211,0.9201693979780744,0.0,0.3333333333333333,0.17333333333333334,0.3422222222222222,0.37777777777777777,1.0423544496297836,1.0423544496297836,1.8875159323215485,nan,nan,nan,nan,nan,nan,nan,nan,nan,nan,nan,nan,nan,nan,nan,nan,nan,nan,nan,nan,nan,nan,nan,nan,nan,nan,nan,nan,nan,nan,nan,nan,nan,nan,nan,nan,nan,nan,nan,nan,nan,nan,nan,nan,nan,nan,nan,nan,nan,nan,nan,nan,nan
472,58843,0.37887944444444444,-7.045918875932695,0.35555555555555557,0,170,0.4647058823529412,0.11176470588235295,0.06470588235294118,0.19411764705882353,0.0,0.6411764705882353,0.3235294117647059,0.03529411764705882,22.0,0.21176470588235294,0.05063492063492064,140.24684643745428,0.002503522325314429,0.5632925231957464,0.9788078895617562,0.0058823529411764705,0.5185185185185185,0.12444444444444444,0.2577777777777778,0.3422222222222222,0.9905957877635956,0.9905957877635956,2.013709217309952,nan,nan,nan,nan,nan,nan,nan,nan,nan,nan,nan,nan,nan,nan,nan,nan,nan,nan,nan,nan,nan,nan,nan,nan,nan,nan,nan,nan,nan,nan,nan,nan,nan,nan,nan,nan,nan,nan,nan,nan,nan,nan,nan,nan,nan,nan,nan,nan,nan,nan,nan,nan,nan
473,59020,0.3770111111111111,-2.7081253437995905,0.4266666666666667,-1,177,0.536723163841808,0.12994350282485875,0.03954802259887006,0.14124293785310735,0.005649717514124294,0.7062146892655368,0.288135593220339,0.005649717514124294,13.0,0.13559322033898305,0.059166666666666715,124.3916699409482,0.003394296598981761,0.7637167347708962,0.94275755137343,0.0,0.6296296296296297,0.18222222222222223,0.3377777777777778,0.39555555555555555,1.071071743965149,1.071071743965149,1.9507888853549957,nan,nan,nan,nan,nan,nan,nan,nan,nan,nan,nan,nan,nan,nan,nan,nan,nan,nan,nan,nan,nan,nan,nan,nan,nan,nan,nan,nan,nan,nan,nan,nan,nan,nan,nan,nan,nan,nan,nan,nan,nan,nan,nan,nan,nan,nan,nan,nan,nan,nan,nan,nan,nan
474,59116,0.37599777777777776,-4.227071737527846,0.21777777777777776,0,96,0.5,0.052083333333333336,0.10416666666666667,0.17708333333333334,0.020833333333333332,0.65625,0.3229166666666667,0.020833333333333332,10.0,0.14583333333333334,0.054179894179894175,70.96258797645558,0.003006278933966084,0.676412760142369,0.9471214667008859,0.0,0.6875,0.14222222222222222,nan,nan,0.9702965766191483,0.9702965766191483,1.763426959514618,nan,nan,nan,nan,nan,nan,nan,nan,nan,nan,nan,nan,nan,nan,nan,nan,nan,nan,nan,nan,nan,nan,nan,nan,nan,nan,nan,nan,nan,nan,nan,nan,nan,nan,nan,nan,nan,nan,nan,nan,nan,nan,nan,nan,nan,nan,nan,nan,nan,nan,nan,nan,nan
475,59150,0.37563888888888886,-2.227698999166488,0.10222222222222223,0,34,0.6470588235294118,0.058823529411764705,0.08823529411764706,0.058823529411764705,0.08823529411764706,0.7941176470588235,0.20588235294117646,0.0,7.0,0.058823529411764705,0.08049382716049383,26.41618094444276,0.0037014350402663917,0.8328228840599381,0.970340112693021,0.0,0.6,nan,nan,nan,1.0200759768486023,1.0200759768486023,1.379199892282486,nan,nan,nan,nan,nan,nan,nan,nan,nan,nan,nan,nan,nan,nan,nan,nan,nan,nan,nan,nan,nan,nan,nan,nan,nan,nan,nan,nan,nan,nan,nan,nan,nan,nan,nan,nan,nan,nan,nan,nan,nan,nan,nan,nan,nan,nan,nan,nan,nan,nan,nan,nan,nan
476,59324,0.37380222222222226,-2.7883663134574883,0.4444444444444444,0,174,0.5689655172413793,0.05172413793103448,0.10919540229885058,0.15517241379310345,0.005747126436781609,0.7298850574712644,0.2413793103448276,0.028735632183908046,15.0,0.1206896551724138,0.06293650793650793,120.13682203292822,0.0036624907547446253,0.8240604198175406,0.8993728113040725,0.017241379310344827,0.8421052631578947,0.16,0.3377777777777778,0.4311111111111111,0.947000727057457,0.947000727057457,1.4499877393245697,nan,nan,nan,nan,nan,nan,nan,nan,nan,nan,nan,nan,nan,nan,nan,nan,nan,nan,nan,nan,nan,nan,nan,nan,nan,nan,nan,nan,nan,nan,nan,nan,nan,nan,nan,nan,nan,nan,nan,nan,nan,nan,nan,nan,nan,nan,nan,nan,nan,nan,nan,nan,nan
477,59442,0.37255666666666676,-3.4677242121696463,0.29777777777777775,0,118,0.559322033898305,0.06779661016949153,0.0423728813559322,0.16101694915254236,0.00847457627118644,0.6694915254237288,0.3220338983050847,0.00847457627118644,13.0,0.1016949152542373,0.06004938271604937,90.80689725875861,0.0032302979419885467,0.726817036947423,0.9498409342051574,0.0,0.8,0.18666666666666668,0.28,nan,0.8459494709968567,0.8459494709968567,2.047126531600952,nan,nan,nan,nan,nan,nan,nan,nan,nan,nan,nan,nan,nan,nan,nan,nan,nan,nan,nan,nan,nan,nan,nan,nan,nan,nan,nan,nan,nan,nan,nan,nan,nan,nan,nan,nan,nan,nan,nan,nan,nan,nan,nan,nan,nan,nan,nan,nan,nan,nan,nan,nan,nan
478,59648,0.3703822222222223,-4.016868247032167,0.38222222222222224,0,206,0.41262135922330095,0.1553398058252427,0.038834951456310676,0.20388349514563106,0.0,0.6067961165048543,0.3786407766990291,0.014563106796116505,29.0,0.28640776699029125,0.04197530864197531,130.48445949554431,0.0028951936440421698,0.6514185699094881,0.9508706023607234,0.0048543689320388345,0.41025641025641024,0.14666666666666667,0.28888888888888886,0.37333333333333335,0.9659570306539536,0.9659570306539536,2.4268690049648285,nan,nan,nan,nan,nan,nan,nan,nan,nan,nan,nan,nan,nan,nan,nan,nan,nan,nan,nan,nan,nan,nan,nan,nan,nan,nan,nan,nan,nan,nan,nan,nan,nan,nan,nan,nan,nan,nan,nan,nan,nan,nan,nan,nan,nan,nan,nan,nan,nan,nan,nan,nan,nan
479,59705,0.36978055555555556,-3.012442896842957,0.1688888888888889,0,57,0.6491228070175439,0.0,0.2631578947368421,0.0,0.03508771929824561,0.9122807017543859,0.07017543859649122,0.017543859649122806,8.0,0.10526315789473684,0.08148148148148149,47.81374187469479,0.0034392715984330005,0.7738361096474251,0.8133154863262049,0.0,0.8,0.13777777777777778,nan,nan,1.0300068259239197,1.0300068259239197,2.2836125791072845,nan,nan,nan,nan,nan,nan,nan,nan,nan,nan,nan,nan,nan,nan,nan,nan,nan,nan,nan,nan,nan,nan,nan,nan,nan,nan,nan,nan,nan,nan,nan,nan,nan,nan,nan,nan,nan,nan,nan,nan,nan,nan,nan,nan,nan,nan,nan,nan,nan,nan,nan,nan,nan
480,59752,0.3692844444444444,-2.3829091517925254,0.15555555555555556,0,47,0.723404255319149,0.0,0.19148936170212766,0.0,0.0425531914893617,0.9148936170212766,0.06382978723404255,0.02127659574468085,8.0,0.06382978723404255,0.08101010101010102,40.199134778976436,0.003759063769455556,0.8457893481275002,0.848712191309901,0.0,1.0,nan,nan,nan,1.0711193829774857,1.0711193829774857,3.491868317127228,-10.719210684037206,0.22044444444444444,-0.1,93.7,0.0,1.0,0.5563709910729511,0.07339781876578845,0.11981110433032578,0.1671831170243182,0.021549729086336983,0.7495799141690653,0.2504200858309347,0.0,25.1,0.22598173073178338,0.0603557239057239,74.85248270511622,0.0029738847305672473,0.6691240643776306,0.8594436459994637,0.0,0.895030525030525,0.1672222222222222,0.2888888888888889,0.25333333333333335,-17.01734933774471,0.20800000000000002,-0.1,102.8,0.0,1.0,0.5013776009117753,0.09119720571524238,0.1022871486200581,0.21810814471923573,0.018388923681522028,0.6948619552470758,0.3051380447529242,0.0,33.7,0.314715358452315,0.05301778900112233,77.36713654994954,0.002806832024981791,0.631537205620903,0.8417237766899766,0.0,0.8179545454545455,0.1588888888888889,0.22666666666666666,0.2577777777777778,0.49433333333333335
481,59840,0.36835555555555566,-1.9025021519660932,0.29333333333333333,0,88,0.7386363636363636,0.0,0.1590909090909091,0.0,0.011363636363636364,0.8977272727272727,0.09090909090909091,0.011363636363636364,12.0,0.07954545454545454,0.0835042735042735,71.85240144729606,0.004020587803189706,0.9046322557176838,0.9024273087541836,0.0,1.0,0.16444444444444445,nan,nan,0.8980303406715393,0.8980303406715393,1.6107003688812256,nan,nan,nan,nan,nan,nan,nan,nan,nan,nan,nan,nan,nan,nan,nan,nan,nan,nan,nan,nan,nan,nan,nan,nan,nan,nan,nan,nan,nan,nan,nan,nan,nan,nan,nan,nan,nan,nan,nan,nan,nan,nan,nan,nan,nan,nan,nan,nan,nan,nan,nan,nan,nan
482,59962,0.3670677777777779,-6.228712125301364,0.1688888888888889,0,122,0.30327868852459017,0.07377049180327869,0.09016393442622951,0.3442622950819672,0.00819672131147541,0.4672131147540984,0.5,0.03278688524590164,18.0,0.23770491803278687,0.033373737373737375,70.68297262191749,0.0023265071960690753,0.5234641191155419,0.9636281282248217,0.0,0.5652173913043478,0.11555555555555555,0.1511111111111111,nan,0.9481418579816818,0.9481418579816818,2.0215314626693726,nan,nan,nan,nan,nan,nan,nan,nan,nan,nan,nan,nan,nan,nan,nan,nan,nan,nan,nan,nan,nan,nan,nan,nan,nan,nan,nan,nan,nan,nan,nan,nan,nan,nan,nan,nan,nan,nan,nan,nan,nan,nan,nan,nan,nan,nan,nan,nan,nan,nan,nan,nan,nan
483,60179,0.3647772222222222,-12.198312050104139,0.4,0,217,0.41013824884792627,0.041474654377880185,0.1935483870967742,0.2350230414746544,0.0,0.6451612903225806,0.31336405529953915,0.041474654377880185,31.0,0.33640552995391704,0.043950617283950624,140.29821000099182,0.0028193913204791372,0.6343630471078058,0.8520376586697724,0.013824884792626729,0.64,0.1511111111111111,0.27111111111111114,0.39111111111111113,0.984913557767868,0.984913557767868,1.705039918422699,nan,nan,nan,nan,nan,nan,nan,nan,nan,nan,nan,nan,nan,nan,nan,nan,nan,nan,nan,nan,nan,nan,nan,nan,nan,nan,nan,nan,nan,nan,nan,nan,nan,nan,nan,nan,nan,nan,nan,nan,nan,nan,nan,nan,nan,nan,nan,nan,nan,nan,nan,nan,nan
484,60253,0.3639961111111112,-2.303768973112106,0.2311111111111111,-1,74,0.6891891891891891,0.06756756756756757,0.13513513513513514,0.0,0.04054054054054054,0.8918918918918919,0.10810810810810811,0.0,9.0,0.05405405405405406,0.07660493827160493,60.569228315353335,0.0037422743028279635,0.8420117181362918,0.9186284930463412,0.0,0.75,0.15555555555555556,nan,nan,1.0194485634565353,1.0194485634565353,2.0927058160305023,nan,nan,nan,nan,nan,nan,nan,nan,nan,nan,nan,nan,nan,nan,nan,nan,nan,nan,nan,nan,nan,nan,nan,nan,nan,nan,nan,nan,nan,nan,nan,nan,nan,nan,nan,nan,nan,nan,nan,nan,nan,nan,nan,nan,nan,nan,nan,nan,nan,nan,nan,nan,nan
485,60322,0.36326777777777786,-3.380127282619477,0.18222222222222223,0,69,0.5797101449275363,0.08695652173913043,0.15942028985507245,0.014492753623188406,0.028985507246376812,0.8260869565217391,0.14492753623188406,0.028985507246376812,7.0,0.057971014492753624,0.06393762183235868,60.201212215423546,0.0029530597679930295,0.6644384477984316,0.9720132478369906,0.0,0.9090909090909091,0.13777777777777778,nan,nan,0.7833320647478104,0.7833320647478104,1.4801479279994965,nan,nan,nan,nan,nan,nan,nan,nan,nan,nan,nan,nan,nan,nan,nan,nan,nan,nan,nan,nan,nan,nan,nan,nan,nan,nan,nan,nan,nan,nan,nan,nan,nan,nan,nan,nan,nan,nan,nan,nan,nan,nan,nan,nan,nan,nan,nan,nan,nan,nan,nan,nan,nan
486,60441,0.36201166666666673,-0.21249642467498686,0.4177777777777778,0,119,0.7815126050420168,0.058823529411764705,0.04201680672268908,0.0,0.008403361344537815,0.8823529411764706,0.1092436974789916,0.008403361344537815,5.0,0.0,0.08659649122807019,100.17615642547602,0.0041260650047082225,0.92836462605935,0.9088074671652381,0.0,0.9285714285714286,0.17777777777777778,0.35555555555555557,nan,0.9708517789840698,0.9708517789840698,2.0541373193264008,nan,nan,nan,nan,nan,nan,nan,nan,nan,nan,nan,nan,nan,nan,nan,nan,nan,nan,nan,nan,nan,nan,nan,nan,nan,nan,nan,nan,nan,nan,nan,nan,nan,nan,nan,nan,nan,nan,nan,nan,nan,nan,nan,nan,nan,nan,nan,nan,nan,nan,nan,nan,nan
487,60543,0.3609350000000001,-1.8447117280960066,0.27111111111111114,0,102,0.5882352941176471,0.049019607843137254,0.06862745098039216,0.12745098039215685,0.0196078431372549,0.7058823529411765,0.2647058823529412,0.029411764705882353,6.0,0.00980392156862745,0.053333333333333344,70.54963550567611,0.003779844711532378,0.8504650600947848,0.9538408668284163,0.00980392156862745,0.7058823529411765,0.1688888888888889,0.27111111111111114,nan,0.7873145192861557,0.7873145192861557,1.054841622710228,nan,nan,nan,nan,nan,nan,nan,nan,nan,nan,nan,nan,nan,nan,nan,nan,nan,nan,nan,nan,nan,nan,nan,nan,nan,nan,nan,nan,nan,nan,nan,nan,nan,nan,nan,nan,nan,nan,nan,nan,nan,nan,nan,nan,nan,nan,nan,nan,nan,nan,nan,nan,nan
488,60626,0.36005888888888893,-0.897334759235382,0.30666666666666664,0,83,0.8192771084337349,0.0,0.0963855421686747,0.0,0.012048192771084338,0.9156626506024096,0.08433734939759036,0.0,7.0,0.024096385542168676,0.09208333333333331,70.56509294509878,0.004282885625295751,0.9636492656915441,0.8591619224911564,0.0,1.0,0.17777777777777778,nan,nan,0.8972321152687073,0.8972321152687073,1.1480749547481537,nan,nan,nan,nan,nan,nan,nan,nan,nan,nan,nan,nan,nan,nan,nan,nan,nan,nan,nan,nan,nan,nan,nan,nan,nan,nan,nan,nan,nan,nan,nan,nan,nan,nan,nan,nan,nan,nan,nan,nan,nan,nan,nan,nan,nan,nan,nan,nan,nan,nan,nan,nan,nan
489,60715,0.35911944444444444,-1.2048212060928345,0.28888888888888886,0,89,0.7191011235955056,0.056179775280898875,0.0898876404494382,0.02247191011235955,0.011235955056179775,0.8651685393258427,0.11235955056179775,0.02247191011235955,10.0,0.07865168539325842,0.07896825396825397,70.62686862945547,0.004027425397220778,0.9061707143746751,0.9462336888651863,0.0,0.6,0.18222222222222223,nan,nan,0.9857899248600006,0.9857899248600006,1.284891039133072,nan,nan,nan,nan,nan,nan,nan,nan,nan,nan,nan,nan,nan,nan,nan,nan,nan,nan,nan,nan,nan,nan,nan,nan,nan,nan,nan,nan,nan,nan,nan,nan,nan,nan,nan,nan,nan,nan,nan,nan,nan,nan,nan,nan,nan,nan,nan,nan,nan,nan,nan,nan,nan
490,60785,0.3583805555555556,-3.5951425690650947,0.18666666666666668,0,70,0.5857142857142857,0.07142857142857142,0.2,0.014285714285714285,0.02857142857142857,0.8571428571428571,0.12857142857142856,0.014285714285714285,12.0,0.14285714285714285,0.06407407407407407,60.2870720863342,0.0030225754198391092,0.6800794694637995,0.879662281649885,0.0,0.875,0.14666666666666667,nan,nan,0.8937244266271591,0.8937244266271591,1.1520492881536484,nan,nan,nan,nan,nan,nan,nan,nan,nan,nan,nan,nan,nan,nan,nan,nan,nan,nan,nan,nan,nan,nan,nan,nan,nan,nan,nan,nan,nan,nan,nan,nan,nan,nan,nan,nan,nan,nan,nan,nan,nan,nan,nan,nan,nan,nan,nan,nan,nan,nan,nan,nan,nan
491,60866,0.35752555555555554,-2.141097562551497,0.24888888888888888,0,81,0.6790123456790124,0.07407407407407407,0.07407407407407407,0.012345679012345678,0.012345679012345678,0.8271604938271605,0.12345679012345678,0.04938271604938271,10.0,0.06172839506172839,0.07518518518518519,70.76283392906183,0.0034544185255425833,0.7772441682470812,0.9548710471728209,0.0,0.7692307692307693,0.1688888888888889,nan,nan,0.8044028207659721,0.8044028207659721,1.195390447974205,nan,nan,nan,nan,nan,nan,nan,nan,nan,nan,nan,nan,nan,nan,nan,nan,nan,nan,nan,nan,nan,nan,nan,nan,nan,nan,nan,nan,nan,nan,nan,nan,nan,nan,nan,nan,nan,nan,nan,nan,nan,nan,nan,nan,nan,nan,nan,nan,nan,nan,nan,nan,nan
492,60956,0.35657555555555553,-1.8656715559959403,0.2577777777777778,0,90,0.6333333333333333,0.1,0.1,0.03333333333333333,0.011111111111111112,0.8333333333333334,0.13333333333333333,0.03333333333333333,12.0,0.12222222222222222,0.06703703703703703,70.76830053329456,0.003579757199540872,0.8054453698966961,0.8904324820179526,0.0,0.5833333333333334,0.14222222222222222,nan,nan,0.9179559946060181,0.9179559946060181,1.244040071964264,nan,nan,nan,nan,nan,nan,nan,nan,nan,nan,nan,nan,nan,nan,nan,nan,nan,nan,nan,nan,nan,nan,nan,nan,nan,nan,nan,nan,nan,nan,nan,nan,nan,nan,nan,nan,nan,nan,nan,nan,nan,nan,nan,nan,nan,nan,nan,nan,nan,nan,nan,nan,nan
493,61050,0.35558333333333336,-1.7813205940723413,0.24444444444444444,0,94,0.574468085106383,0.1595744680851064,0.06382978723404255,0.031914893617021274,0.010638297872340425,0.7978723404255319,0.18085106382978725,0.02127659574468085,16.0,0.1702127659574468,0.06315789473684211,70.11733899116506,0.0034228338304487073,0.7701376118509592,0.9571775690924272,0.0,0.5625,0.17777777777777778,nan,nan,0.9183017909526825,0.9183017909526825,1.335535705089569,nan,nan,nan,nan,nan,nan,nan,nan,nan,nan,nan,nan,nan,nan,nan,nan,nan,nan,nan,nan,nan,nan,nan,nan,nan,nan,nan,nan,nan,nan,nan,nan,nan,nan,nan,nan,nan,nan,nan,nan,nan,nan,nan,nan,nan,nan,nan,nan,nan,nan,nan,nan,nan
494,61184,0.354168888888889,-2.0111863980293263,0.3333333333333333,0,134,0.5522388059701493,0.09701492537313433,0.05223880597014925,0.15671641791044777,0.007462686567164179,0.7014925373134329,0.2835820895522388,0.014925373134328358,32.0,0.2462686567164179,0.06271604938271605,90.16367998123148,0.0036476870615457417,0.8207295888477919,0.9012711931209374,0.007462686567164179,0.42105263157894735,0.18666666666666668,0.30666666666666664,nan,0.8102028965950012,0.8102028965950012,1.1453764885663986,nan,nan,nan,nan,nan,nan,nan,nan,nan,nan,nan,nan,nan,nan,nan,nan,nan,nan,nan,nan,nan,nan,nan,nan,nan,nan,nan,nan,nan,nan,nan,nan,nan,nan,nan,nan,nan,nan,nan,nan,nan,nan,nan,nan,nan,nan,nan,nan,nan,nan,nan,nan,nan
495,61299,0.352955,-7.0958685717582695,0.19555555555555557,-1,115,0.3739130434782609,0.1565217391304348,0.10434782608695652,0.1565217391304348,0.008695652173913044,0.6347826086956522,0.3130434782608696,0.05217391304347826,27.0,0.391304347826087,0.038814814814814816,101.19874830245969,0.0018884730722155193,0.4249064412484918,0.964248042568422,0.02608695652173913,0.3333333333333333,0.17333333333333334,0.19111111111111112,nan,0.8306463658809662,0.8306463658809662,0.9168473780155182,nan,nan,nan,nan,nan,nan,nan,nan,nan,nan,nan,nan,nan,nan,nan,nan,nan,nan,nan,nan,nan,nan,nan,nan,nan,nan,nan,nan,nan,nan,nan,nan,nan,nan,nan,nan,nan,nan,nan,nan,nan,nan,nan,nan,nan,nan,nan,nan,nan,nan,nan,nan,nan
496,61396,0.3519311111111112,-1.89936457157135,0.27111111111111114,0,97,0.6185567010309279,0.16494845360824742,0.07216494845360824,0.010309278350515464,0.010309278350515464,0.8556701030927835,0.12371134020618557,0.020618556701030927,15.0,0.1134020618556701,0.06757575757575758,79.26061496734613,0.0033644284336745095,0.7569963975767645,0.982227019401432,0.0,0.6923076923076923,0.18222222222222223,nan,nan,0.9430355280637741,0.9430355280637741,0.9867410063743591,nan,nan,nan,nan,nan,nan,nan,nan,nan,nan,nan,nan,nan,nan,nan,nan,nan,nan,nan,nan,nan,nan,nan,nan,nan,nan,nan,nan,nan,nan,nan,nan,nan,nan,nan,nan,nan,nan,nan,nan,nan,nan,nan,nan,nan,nan,nan,nan,nan,nan,nan,nan,nan
497,61476,0.35108666666666666,-3.472782448291778,0.2,0,80,0.55,0.15,0.0625,0.05,0.025,0.7625,0.2,0.0375,16.0,0.1375,0.05333333333333334,70.26459474563599,0.0027831307682551058,0.6262044228573987,0.9774833826593659,0.0,0.6,0.17333333333333334,nan,nan,0.9253146201372147,0.9253146201372147,1.3542723655700684,nan,nan,nan,nan,nan,nan,nan,nan,nan,nan,nan,nan,nan,nan,nan,nan,nan,nan,nan,nan,nan,nan,nan,nan,nan,nan,nan,nan,nan,nan,nan,nan,nan,nan,nan,nan,nan,nan,nan,nan,nan,nan,nan,nan,nan,nan,nan,nan,nan,nan,nan,nan,nan
498,61651,0.34923944444444444,-1.103610514163971,0.4622222222222222,0,175,0.5885714285714285,0.15428571428571428,0.08,0.0,0.005714285714285714,0.8228571428571428,0.14857142857142858,0.02857142857142857,19.0,0.10285714285714286,0.0653968253968254,130.41533823013282,0.003510152900650201,0.7897844026462952,0.9713880567187186,0.0,0.6774193548387096,0.16444444444444445,0.28444444444444444,0.44,0.9570322930812836,0.9570322930812836,1.0437086522579193,nan,nan,nan,nan,nan,nan,nan,nan,nan,nan,nan,nan,nan,nan,nan,nan,nan,nan,nan,nan,nan,nan,nan,nan,nan,nan,nan,nan,nan,nan,nan,nan,nan,nan,nan,nan,nan,nan,nan,nan,nan,nan,nan,nan,nan,nan,nan,nan,nan,nan,nan,nan,nan
499,61761,0.3480783333333334,-1.1358319110870356,0.36,0,110,0.7272727272727273,0.05454545454545454,0.08181818181818182,0.01818181818181818,0.00909090909090909,0.8636363636363636,0.11818181818181818,0.01818181818181818,7.0,0.01818181818181818,0.07644444444444444,90.15078010559071,0.003944009748325026,0.8874021933731308,0.8830806062864744,0.0,1.0,0.1688888888888889,0.3422222222222222,nan,0.7974681705236435,0.7974681705236435,1.0990213453769684,nan,nan,nan,nan,nan,nan,nan,nan,nan,nan,nan,nan,nan,nan,nan,nan,nan,nan,nan,nan,nan,nan,nan,nan,nan,nan,nan,nan,nan,nan,nan,nan,nan,nan,nan,nan,nan,nan,nan,nan,nan,nan,nan,nan,nan,nan,nan,nan,nan,nan,nan,nan,nan
500,61974,0.3458300000000001,-8.452305064439775,0.31555555555555553,0,213,0.3286384976525822,0.15492957746478872,0.07042253521126761,0.2347417840375587,0.0,0.5539906103286385,0.39436619718309857,0.051643192488262914,62.0,0.47417840375586856,0.03502374169040835,130.08861966133077,0.002391532110349464,0.5380947248286293,0.9133173435692837,0.018779342723004695,0.3181818181818182,0.17777777777777778,0.29333333333333333,0.29777777777777775,0.9361976683139801,0.9361976683139801,1.1515540778636932,-6.005504199385643,0.22888888888888886,-0.3,82.6,0.0,1.0,0.6436986155831551,0.1101344683524749,0.11587780569895365,0.05476190476190477,0.026457237822622593,0.8697108896345837,0.13028911036541632,0.0,19.7,0.14485045435084923,0.06678129381424576,67.68956380367271,0.00335341097716726,0.7545174698626335,0.8977742055071177,0.0,0.9291666666666668,0.17722222222222225,0.27822222222222226,nan,-16.13841250886917,0.21777777777777776,-0.5,98.6,0.0,1.0,0.5568860694718862,0.17213930805635524,0.08904558181635545,0.09772670582863727,0.0240543224789646,0.8180709593445968,0.18192904065540313,0.0,32.0,0.24208229132358317,0.05920852974186308,75.65535722732533,0.002996589448987393,0.6742326260221634,0.8662201908774939,0.0,0.7900793650793652,0.1688888888888889,0.24333333333333335,0.21333333333333335,0.3617111111111111
501,62061,0.3449116666666667,-2.006284312486648,0.26666666666666666,0,87,0.6781609195402298,0.04597701149425287,0.09195402298850575,0.022988505747126436,0.022988505747126436,0.8160919540229885,0.13793103448275862,0.04597701149425287,7.0,0.04597701149425287,0.07518518518518519,70.8979458332061,0.00369858702026606,0.8321820795598635,0.9372098869176846,0.0,0.8571428571428571,0.14666666666666667,nan,nan,0.8894391059875488,0.8894391059875488,1.3780086934566498,nan,nan,nan,nan,nan,nan,nan,nan,nan,nan,nan,nan,nan,nan,nan,nan,nan,nan,nan,nan,nan,nan,nan,nan,nan,nan,nan,nan,nan,nan,nan,nan,nan,nan,nan,nan,nan,nan,nan,nan,nan,nan,nan,nan,nan,nan,nan,nan,nan,nan,nan,nan,nan
502,62195,0.34349722222222223,-4.122061712265017,0.24888888888888888,0,134,0.41044776119402987,0.26119402985074625,0.1417910447761194,0.022388059701492536,0.0,0.8134328358208955,0.15671641791044777,0.029850746268656716,30.0,0.3208955223880597,0.044691358024691354,100.02915916442849,0.002443731872649507,0.5498396713461391,0.9137529127376668,0.0,0.38095238095238093,0.12,0.21333333333333335,nan,0.855056568980217,0.855056568980217,1.1119576841592789,nan,nan,nan,nan,nan,nan,nan,nan,nan,nan,nan,nan,nan,nan,nan,nan,nan,nan,nan,nan,nan,nan,nan,nan,nan,nan,nan,nan,nan,nan,nan,nan,nan,nan,nan,nan,nan,nan,nan,nan,nan,nan,nan,nan,nan,nan,nan,nan,nan,nan,nan,nan,nan
503,62327,0.3421038888888889,-0.651733861923217,0.39111111111111113,0,132,0.6590909090909091,0.09090909090909091,0.06060606060606061,0.03787878787878788,0.0,0.8106060606060606,0.14393939393939395,0.045454545454545456,20.0,0.11363636363636363,0.07587301587301588,100.14032249450663,0.003861248466499376,0.8687809049623595,0.9447820632091262,0.015151515151515152,0.65,0.18222222222222223,0.3333333333333333,nan,0.9321972280740738,0.9321972280740738,1.290859892964363,nan,nan,nan,nan,nan,nan,nan,nan,nan,nan,nan,nan,nan,nan,nan,nan,nan,nan,nan,nan,nan,nan,nan,nan,nan,nan,nan,nan,nan,nan,nan,nan,nan,nan,nan,nan,nan,nan,nan,nan,nan,nan,nan,nan,nan,nan,nan,nan,nan,nan,nan,nan,nan
504,62400,0.3413333333333334,-0.8629722616672512,0.26666666666666666,0,73,0.8082191780821918,0.0547945205479452,0.0273972602739726,0.0,0.0273972602739726,0.8904109589041096,0.0958904109589041,0.0136986301369863,6.0,0.0136986301369863,0.08946859903381643,60.714021539688055,0.004318973040697207,0.9717689341568715,0.9470883293124923,0.0,0.875,0.19555555555555557,nan,nan,0.7199801728129387,0.7199801728129387,0.8439272120594978,nan,nan,nan,nan,nan,nan,nan,nan,nan,nan,nan,nan,nan,nan,nan,nan,nan,nan,nan,nan,nan,nan,nan,nan,nan,nan,nan,nan,nan,nan,nan,nan,nan,nan,nan,nan,nan,nan,nan,nan,nan,nan,nan,nan,nan,nan,nan,nan,nan,nan,nan,nan,nan
505,62459,0.3407105555555556,-1.7321682021617888,0.20444444444444446,0,59,0.7627118644067796,0.01694915254237288,0.11864406779661017,0.0,0.03389830508474576,0.8983050847457628,0.1016949152542373,0.0,4.0,0.0,0.07983539094650206,50.553982877731315,0.003956167024143585,0.8901375804323064,0.934431911320385,0.0,1.0,0.18222222222222223,nan,nan,0.9911088794469833,0.9911088794469833,1.1080679893493652,nan,nan,nan,nan,nan,nan,nan,nan,nan,nan,nan,nan,nan,nan,nan,nan,nan,nan,nan,nan,nan,nan,nan,nan,nan,nan,nan,nan,nan,nan,nan,nan,nan,nan,nan,nan,nan,nan,nan,nan,nan,nan,nan,nan,nan,nan,nan,nan,nan,nan,nan,nan,nan
506,62601,0.3392116666666667,-3.337517170906067,0.28888888888888886,0,142,0.4507042253521127,0.11267605633802817,0.035211267605633804,0.2112676056338028,0.007042253521126761,0.5985915492957746,0.352112676056338,0.04929577464788732,37.0,0.3380281690140845,0.047407407407407405,90.48111591339084,0.003143688509729662,0.7073299146891739,0.9341549983849815,0.007042253521126761,0.48148148148148145,0.19111111111111112,0.27555555555555555,nan,0.9520565420389175,0.9520565420389175,1.1933556199073792,nan,nan,nan,nan,nan,nan,nan,nan,nan,nan,nan,nan,nan,nan,nan,nan,nan,nan,nan,nan,nan,nan,nan,nan,nan,nan,nan,nan,nan,nan,nan,nan,nan,nan,nan,nan,nan,nan,nan,nan,nan,nan,nan,nan,nan,nan,nan,nan,nan,nan,nan,nan,nan
507,62816,0.33694222222222225,-8.399375004291539,0.24,0,215,0.24651162790697675,0.2372093023255814,0.08372093023255814,0.19534883720930232,0.0,0.5674418604651162,0.386046511627907,0.046511627906976744,81.0,0.4883720930232558,0.026502057613168723,141.08928575515708,0.0016695495642690612,0.37564865196053876,0.9363886949798897,0.018604651162790697,0.27450980392156865,0.14666666666666667,0.20444444444444446,0.20444444444444446,0.9384365379810333,0.9384365379810333,1.5505478531122208,nan,nan,nan,nan,nan,nan,nan,nan,nan,nan,nan,nan,nan,nan,nan,nan,nan,nan,nan,nan,nan,nan,nan,nan,nan,nan,nan,nan,nan,nan,nan,nan,nan,nan,nan,nan,nan,nan,nan,nan,nan,nan,nan,nan,nan,nan,nan,nan,nan,nan,nan,nan,nan
508,62952,0.33550666666666673,-5.379838595628737,0.29777777777777775,0,136,0.4852941176470588,0.22794117647058823,0.1323529411764706,0.022058823529411766,0.0,0.8455882352941176,0.1323529411764706,0.022058823529411766,39.0,0.3235294117647059,0.052659932659932636,121.27465329170221,0.002418752190763044,0.5442192429216849,0.941619816143511,0.0,0.5,0.18222222222222223,0.2311111111111111,nan,1.007947102189064,1.007947102189064,1.4485731422901154,nan,nan,nan,nan,nan,nan,nan,nan,nan,nan,nan,nan,nan,nan,nan,nan,nan,nan,nan,nan,nan,nan,nan,nan,nan,nan,nan,nan,nan,nan,nan,nan,nan,nan,nan,nan,nan,nan,nan,nan,nan,nan,nan,nan,nan,nan,nan,nan,nan,nan,nan,nan,nan
509,63066,0.3343033333333334,-0.054078910589216544,0.38666666666666666,0,114,0.7543859649122807,0.07017543859649122,0.017543859649122806,0.03508771929824561,0.008771929824561403,0.8421052631578947,0.14912280701754385,0.008771929824561403,8.0,0.02631578947368421,0.08203174603174604,90.42932295799245,0.004226750900255857,0.9510189525575677,0.9055534148910208,0.0,0.8571428571428571,0.18222222222222223,0.3511111111111111,nan,0.8760720640420914,0.8760720640420914,1.5535705387592316,nan,nan,nan,nan,nan,nan,nan,nan,nan,nan,nan,nan,nan,nan,nan,nan,nan,nan,nan,nan,nan,nan,nan,nan,nan,nan,nan,nan,nan,nan,nan,nan,nan,nan,nan,nan,nan,nan,nan,nan,nan,nan,nan,nan,nan,nan,nan,nan,nan,nan,nan,nan,nan
510,63151,0.3334061111111112,-2.747440336227416,0.2,0,85,0.5176470588235295,0.23529411764705882,0.058823529411764705,0.0,0.011764705882352941,0.8117647058823529,0.16470588235294117,0.023529411764705882,15.0,0.11764705882352941,0.04888888888888889,70.35657463073727,0.002779492273208559,0.6253857614719257,0.9965541974257242,0.0,0.6666666666666666,0.14666666666666667,nan,nan,0.766256645321846,0.766256645321846,1.436618596315384,nan,nan,nan,nan,nan,nan,nan,nan,nan,nan,nan,nan,nan,nan,nan,nan,nan,nan,nan,nan,nan,nan,nan,nan,nan,nan,nan,nan,nan,nan,nan,nan,nan,nan,nan,nan,nan,nan,nan,nan,nan,nan,nan,nan,nan,nan,nan,nan,nan,nan,nan,nan,nan
511,63256,0.3322977777777778,-1.3394490253925322,0.3288888888888889,0,105,0.6952380952380952,0.02857142857142857,0.10476190476190476,0.0,0.01904761904761905,0.8285714285714286,0.11428571428571428,0.05714285714285714,7.0,0.01904761904761905,0.0791111111111111,80.37570500373828,0.004036598427713381,0.9082346462355108,0.9487909199949088,0.0,0.9444444444444444,0.18666666666666668,0.3111111111111111,nan,0.7319565415382385,0.7319565415382385,1.2154445350170135,nan,nan,nan,nan,nan,nan,nan,nan,nan,nan,nan,nan,nan,nan,nan,nan,nan,nan,nan,nan,nan,nan,nan,nan,nan,nan,nan,nan,nan,nan,nan,nan,nan,nan,nan,nan,nan,nan,nan,nan,nan,nan,nan,nan,nan,nan,nan,nan,nan,nan,nan,nan,nan
512,63345,0.3313583333333334,-0.5836222422122957,0.3111111111111111,0,89,0.7752808988764045,0.02247191011235955,0.07865168539325842,0.0,0.011235955056179775,0.8764044943820225,0.10112359550561797,0.02247191011235955,7.0,0.02247191011235955,0.08539682539682542,70.47259278297415,0.004351573491996678,0.9791040356992524,0.9580627495899059,0.0,1.0,0.18222222222222223,nan,nan,0.8303472846746445,0.8303472846746445,1.3467864096164703,nan,nan,nan,nan,nan,nan,nan,nan,nan,nan,nan,nan,nan,nan,nan,nan,nan,nan,nan,nan,nan,nan,nan,nan,nan,nan,nan,nan,nan,nan,nan,nan,nan,nan,nan,nan,nan,nan,nan,nan,nan,nan,nan,nan,nan,nan,nan,nan,nan,nan,nan,nan,nan
513,63564,0.3290466666666667,-13.238956939458847,0.27555555555555555,0,219,0.2785388127853881,0.0958904109589041,0.0547945205479452,0.4018264840182648,0.0045662100456621,0.4292237442922374,0.547945205479452,0.0228310502283105,48.0,0.4657534246575342,0.03183885640025991,140.14244704246505,0.0019345395833495103,0.43527140625363975,0.9558825938193498,0.0091324200913242,0.43243243243243246,0.06666666666666667,0.18222222222222223,0.2222222222222222,0.9261462986469269,0.9261462986469269,1.2406654208898544,nan,nan,nan,nan,nan,nan,nan,nan,nan,nan,nan,nan,nan,nan,nan,nan,nan,nan,nan,nan,nan,nan,nan,nan,nan,nan,nan,nan,nan,nan,nan,nan,nan,nan,nan,nan,nan,nan,nan,nan,nan,nan,nan,nan,nan,nan,nan,nan,nan,nan,nan,nan,nan
514,63653,0.32810722222222233,-1.578055739402771,0.24888888888888888,0,89,0.6179775280898876,0.12359550561797752,0.06741573033707865,0.06741573033707865,0.02247191011235955,0.8089887640449438,0.16853932584269662,0.02247191011235955,13.0,0.14606741573033707,0.0646031746031746,64.99100704193106,0.003761204135315724,0.846270930446038,0.9229103540836416,0.011235955056179775,0.7272727272727273,0.18222222222222223,nan,nan,0.9377299398183823,0.9377299398183823,1.1141559481620789,nan,nan,nan,nan,nan,nan,nan,nan,nan,nan,nan,nan,nan,nan,nan,nan,nan,nan,nan,nan,nan,nan,nan,nan,nan,nan,nan,nan,nan,nan,nan,nan,nan,nan,nan,nan,nan,nan,nan,nan,nan,nan,nan,nan,nan,nan,nan,nan,nan,nan,nan,nan,nan
515,63717,0.3274316666666667,-0.8066812770366668,0.23555555555555555,0,64,0.8125,0.0,0.078125,0.0,0.03125,0.890625,0.09375,0.015625,5.0,0.0,0.08867724867724867,50.31125025749205,0.004593626871291981,1.033566046040696,0.9427904617045196,0.0,1.0,0.19111111111111112,nan,nan,0.7983619272708893,0.7983619272708893,0.9917322248220444,nan,nan,nan,nan,nan,nan,nan,nan,nan,nan,nan,nan,nan,nan,nan,nan,nan,nan,nan,nan,nan,nan,nan,nan,nan,nan,nan,nan,nan,nan,nan,nan,nan,nan,nan,nan,nan,nan,nan,nan,nan,nan,nan,nan,nan,nan,nan,nan,nan,nan,nan,nan,nan
516,63825,0.32629166666666676,-1.9771224017143245,0.29777777777777775,0,108,0.6111111111111112,0.21296296296296297,0.06481481481481481,0.0,0.009259259259259259,0.8888888888888888,0.1111111111111111,0.0,17.0,0.14814814814814814,0.0662222222222222,90.08688001632682,0.003256116021335974,0.7326261048005941,0.9369590790604171,0.0,0.75,0.18222222222222223,0.28,nan,0.874983936548233,0.874983936548233,1.273916020989418,nan,nan,nan,nan,nan,nan,nan,nan,nan,nan,nan,nan,nan,nan,nan,nan,nan,nan,nan,nan,nan,nan,nan,nan,nan,nan,nan,nan,nan,nan,nan,nan,nan,nan,nan,nan,nan,nan,nan,nan,nan,nan,nan,nan,nan,nan,nan,nan,nan,nan,nan,nan,nan
517,63887,0.32563722222222224,-1.217730188846588,0.22666666666666666,0,62,0.8064516129032258,0.0,0.11290322580645161,0.0,0.03225806451612903,0.9193548387096774,0.08064516129032258,0.0,7.0,0.03225806451612903,0.09012345679012346,50.43552560806271,0.0044060653585554655,0.9913647056749799,0.9376045607726243,0.0,1.0,0.18222222222222223,nan,nan,0.857705220580101,0.857705220580101,1.176478698849678,nan,nan,nan,nan,nan,nan,nan,nan,nan,nan,nan,nan,nan,nan,nan,nan,nan,nan,nan,nan,nan,nan,nan,nan,nan,nan,nan,nan,nan,nan,nan,nan,nan,nan,nan,nan,nan,nan,nan,nan,nan,nan,nan,nan,nan,nan,nan,nan,nan,nan,nan,nan,nan
518,64005,0.32439166666666674,-4.3342470903396615,0.25333333333333335,-2,118,0.4745762711864407,0.17796610169491525,0.1440677966101695,0.059322033898305086,0.00847457627118644,0.7966101694915254,0.16101694915254236,0.0423728813559322,35.0,0.2966101694915254,0.050469135802469145,92.96425800323483,0.0026772535406051263,0.6023820466361534,0.9495188596080322,0.025423728813559324,0.47058823529411764,0.16,0.24444444444444444,nan,0.9621527045965195,0.9621527045965195,1.056128278374672,nan,nan,nan,nan,nan,nan,nan,nan,nan,nan,nan,nan,nan,nan,nan,nan,nan,nan,nan,nan,nan,nan,nan,nan,nan,nan,nan,nan,nan,nan,nan,nan,nan,nan,nan,nan,nan,nan,nan,nan,nan,nan,nan,nan,nan,nan,nan,nan,nan,nan,nan,nan,nan
519,64147,0.3228927777777778,-2.7425098531246173,0.4,0,142,0.6267605633802817,0.1267605633802817,0.11267605633802817,0.014084507042253521,0.0,0.8661971830985915,0.1056338028169014,0.028169014084507043,24.0,0.176056338028169,0.07080610021786493,120.33818907737725,0.0032870326418258967,0.7395823444108266,0.9033191368422078,0.0,0.6470588235294118,0.16444444444444445,0.3333333333333333,nan,0.7745069786906242,0.7745069786906242,0.8514362871646881,nan,nan,nan,nan,nan,nan,nan,nan,nan,nan,nan,nan,nan,nan,nan,nan,nan,nan,nan,nan,nan,nan,nan,nan,nan,nan,nan,nan,nan,nan,nan,nan,nan,nan,nan,nan,nan,nan,nan,nan,nan,nan,nan,nan,nan,nan,nan,nan,nan,nan,nan,nan,nan
520,64212,0.32220666666666664,-2.216425966501235,0.20444444444444446,-1,65,0.6923076923076923,0.07692307692307693,0.15384615384615385,0.0,0.03076923076923077,0.9230769230769231,0.07692307692307693,0.0,8.0,0.06153846153846154,0.07555555555555556,53.39453301429744,0.0037457018295570838,0.8427829116503438,0.8729881904112541,0.0,0.8,0.16444444444444445,nan,nan,0.7617104202508926,0.7617104202508926,0.886843666434288,-2.3228828917980193,0.23911111111111114,-0.1,81.3,0.0,1.0,0.6640761436182686,0.12213823303627165,0.13483465429666747,0.0007575757575757576,0.024060951684057537,0.9210490309512078,0.07895096904879227,0.0,13.8,0.11175735039739151,0.06791298172968654,69.91983706474299,0.0034012901679325762,0.7652902877848297,0.9263343884936599,0.0,0.9139971139971139,0.17722222222222223,0.2911111111111111,nan,-3.0133967230081553,0.2226666666666667,-0.4,88.8,0.0,1.0,0.5612628130653833,0.22433937598382286,0.11580376516589544,0.005217391304347826,0.018085511973848823,0.9014059542151015,0.09859404578489853,0.0,24.1,0.22066507566532073,0.057391053391053395,76.16758783817284,0.002927143544149272,0.6586072974335864,0.9273404891162352,0.0,0.7166888666888667,0.16444444444444448,0.24777777777777776,nan,0.3764444444444444
521,64260,0.3217000000000001,-2.263470191478729,0.16,0,48,0.7291666666666666,0.0,0.16666666666666666,0.020833333333333332,0.041666666666666664,0.8958333333333334,0.08333333333333333,0.020833333333333332,8.0,0.0625,0.08144927536231883,40.19495420455932,0.003870026938304382,0.8707560611184859,0.9256321095546958,0.0,1.0,nan,nan,nan,0.7796780169010162,0.7796780169010162,1.184508204460144,nan,nan,nan,nan,nan,nan,nan,nan,nan,nan,nan,nan,nan,nan,nan,nan,nan,nan,nan,nan,nan,nan,nan,nan,nan,nan,nan,nan,nan,nan,nan,nan,nan,nan,nan,nan,nan,nan,nan,nan,nan,nan,nan,nan,nan,nan,nan,nan,nan,nan,nan,nan,nan
522,64328,0.32098222222222217,-1.6429523077011097,0.2088888888888889,0,68,0.6764705882352942,0.04411764705882353,0.16176470588235295,0.0,0.029411764705882353,0.8823529411764706,0.10294117647058823,0.014705882352941176,8.0,0.04411764705882353,0.07621399176954734,50.6185934066772,0.004038919904429343,0.9087569784966022,0.9548579596856674,0.0,1.0,0.14666666666666667,nan,nan,0.8405206203460693,0.8405206203460693,1.029921978712082,nan,nan,nan,nan,nan,nan,nan,nan,nan,nan,nan,nan,nan,nan,nan,nan,nan,nan,nan,nan,nan,nan,nan,nan,nan,nan,nan,nan,nan,nan,nan,nan,nan,nan,nan,nan,nan,nan,nan,nan,nan,nan,nan,nan,nan,nan,nan,nan,nan,nan,nan,nan,nan
523,64407,0.32014833333333337,-2.6240657007694237,0.20444444444444446,0,79,0.569620253164557,0.11392405063291139,0.16455696202531644,0.02531645569620253,0.02531645569620253,0.8481012658227848,0.12658227848101267,0.02531645569620253,9.0,0.0759493670886076,0.05,60.33395905494686,0.003314882748169362,0.7458486183381065,0.9809058712856041,0.0,0.8,0.13333333333333333,nan,nan,0.9110862016677856,0.9110862016677856,1.1702898889780045,nan,nan,nan,nan,nan,nan,nan,nan,nan,nan,nan,nan,nan,nan,nan,nan,nan,nan,nan,nan,nan,nan,nan,nan,nan,nan,nan,nan,nan,nan,nan,nan,nan,nan,nan,nan,nan,nan,nan,nan,nan,nan,nan,nan,nan,nan,nan,nan,nan,nan,nan,nan,nan
524,64492,0.31925111111111115,-1.13178782916069,0.28888888888888886,0,85,0.7529411764705882,0.07058823529411765,0.07058823529411765,0.0,0.023529411764705882,0.8941176470588236,0.10588235294117647,0.0,5.0,0.0,0.08111111111111108,70.4932174205779,0.00403506117116753,0.9078887635126943,0.9669439346389646,0.0,1.0,0.18222222222222223,nan,nan,0.8810131400823593,0.8810131400823593,0.9080392569303513,nan,nan,nan,nan,nan,nan,nan,nan,nan,nan,nan,nan,nan,nan,nan,nan,nan,nan,nan,nan,nan,nan,nan,nan,nan,nan,nan,nan,nan,nan,nan,nan,nan,nan,nan,nan,nan,nan,nan,nan,nan,nan,nan,nan,nan,nan,nan,nan,nan,nan,nan,nan,nan
525,64709,0.3169605555555556,-5.5461051731109645,0.3688888888888889,0,217,0.3778801843317972,0.16589861751152074,0.055299539170506916,0.21658986175115208,0.0,0.5990783410138248,0.3548387096774194,0.04608294930875576,49.0,0.35023041474654376,0.043050108932461875,140.3248111724851,0.002597149010209427,0.584358527297121,0.9704496574645647,0.018433179723502304,0.525,0.16,0.21777777777777776,0.24444444444444444,0.840332567691803,0.840332567691803,1.0892382115125656,nan,nan,nan,nan,nan,nan,nan,nan,nan,nan,nan,nan,nan,nan,nan,nan,nan,nan,nan,nan,nan,nan,nan,nan,nan,nan,nan,nan,nan,nan,nan,nan,nan,nan,nan,nan,nan,nan,nan,nan,nan,nan,nan,nan,nan,nan,nan,nan,nan,nan,nan,nan,nan
526,64850,0.31547222222222226,-1.107542448997496,0.41333333333333333,-1,141,0.6524822695035462,0.12056737588652482,0.03546099290780142,0.0425531914893617,0.014184397163120567,0.8085106382978723,0.16312056737588654,0.028368794326241134,10.0,0.05673758865248227,0.07189814814814814,109.87183284759507,0.0037215078541200366,0.8373392671770082,0.949027665830388,0.0,0.7619047619047619,0.19111111111111112,0.3111111111111111,nan,0.7147864997386932,0.7147864997386932,0.8926028609275818,nan,nan,nan,nan,nan,nan,nan,nan,nan,nan,nan,nan,nan,nan,nan,nan,nan,nan,nan,nan,nan,nan,nan,nan,nan,nan,nan,nan,nan,nan,nan,nan,nan,nan,nan,nan,nan,nan,nan,nan,nan,nan,nan,nan,nan,nan,nan,nan,nan,nan,nan,nan,nan
527,64982,0.3140788888888889,-3.2204603002071384,0.26666666666666666,0,132,0.44696969696969696,0.17424242424242425,0.045454545454545456,0.16666666666666666,0.007575757575757576,0.6666666666666666,0.2878787878787879,0.045454545454545456,14.0,0.1893939393939394,0.05513227513227514,90.65200285911541,0.0028926246961112206,0.6508405566250246,0.9776828219599477,0.007575757575757576,0.6363636363636364,0.18222222222222223,0.22666666666666666,nan,0.8634405583143234,0.8634405583143234,0.8767057359218597,nan,nan,nan,nan,nan,nan,nan,nan,nan,nan,nan,nan,nan,nan,nan,nan,nan,nan,nan,nan,nan,nan,nan,nan,nan,nan,nan,nan,nan,nan,nan,nan,nan,nan,nan,nan,nan,nan,nan,nan,nan,nan,nan,nan,nan,nan,nan,nan,nan,nan,nan,nan,nan
528,65152,0.3122844444444445,-2.199940955877304,0.4666666666666667,0,170,0.611764705882353,0.1411764705882353,0.03529411764705882,0.041176470588235294,0.0,0.788235294117647,0.17058823529411765,0.041176470588235294,10.0,0.07647058823529412,0.06682539682539683,141.04705672264078,0.003277078111109756,0.737342574999695,0.9624843024472607,0.0,0.6896551724137931,0.19111111111111112,0.32,0.4444444444444444,0.7614746987819672,0.7614746987819672,1.0499418079853058,nan,nan,nan,nan,nan,nan,nan,nan,nan,nan,nan,nan,nan,nan,nan,nan,nan,nan,nan,nan,nan,nan,nan,nan,nan,nan,nan,nan,nan,nan,nan,nan,nan,nan,nan,nan,nan,nan,nan,nan,nan,nan,nan,nan,nan,nan,nan,nan,nan,nan,nan,nan,nan
529,65266,0.31108111111111114,-1.987550799369812,0.28,0,114,0.543859649122807,0.11403508771929824,0.07017543859649122,0.11403508771929824,0.008771929824561403,0.7280701754385965,0.2543859649122807,0.017543859649122806,14.0,0.12280701754385964,0.062095238095238106,80.22429332733138,0.0034348143701463728,0.7728332332829337,0.9790603875010734,0.008771929824561403,0.7222222222222222,0.1511111111111111,0.23555555555555555,nan,0.9165360927581787,0.9165360927581787,1.0250502973794937,nan,nan,nan,nan,nan,nan,nan,nan,nan,nan,nan,nan,nan,nan,nan,nan,nan,nan,nan,nan,nan,nan,nan,nan,nan,nan,nan,nan,nan,nan,nan,nan,nan,nan,nan,nan,nan,nan,nan,nan,nan,nan,nan,nan,nan,nan,nan,nan,nan,nan,nan,nan,nan
530,65332,0.3103844444444446,-1.8825481328964222,0.2222222222222222,0,66,0.7424242424242424,0.0,0.16666666666666666,0.0,0.030303030303030304,0.9090909090909091,0.07575757575757576,0.015151515151515152,9.0,0.06060606060606061,0.0850925925925926,53.68141078948974,0.004056856453191733,0.91279270196814,0.8252008681114856,0.0,0.8333333333333334,0.15555555555555556,nan,nan,0.7828416526317596,0.7828416526317596,0.8100349754095078,nan,nan,nan,nan,nan,nan,nan,nan,nan,nan,nan,nan,nan,nan,nan,nan,nan,nan,nan,nan,nan,nan,nan,nan,nan,nan,nan,nan,nan,nan,nan,nan,nan,nan,nan,nan,nan,nan,nan,nan,nan,nan,nan,nan,nan,nan,nan,nan,nan,nan,nan,nan,nan
531,65501,0.30860055555555554,-2.8903615880012508,0.4088888888888889,0,169,0.5384615384615384,0.22485207100591717,0.10059171597633136,0.023668639053254437,0.005917159763313609,0.863905325443787,0.1301775147928994,0.005917159763313609,31.0,0.23668639053254437,0.05998329156223893,130.58439607620218,0.0030971881526214817,0.6968673343398333,0.9317680161680674,0.0,0.631578947368421,0.16,0.3244444444444444,0.36,0.7903158962726593,0.7903158962726593,0.9847840666770935,nan,nan,nan,nan,nan,nan,nan,nan,nan,nan,nan,nan,nan,nan,nan,nan,nan,nan,nan,nan,nan,nan,nan,nan,nan,nan,nan,nan,nan,nan,nan,nan,nan,nan,nan,nan,nan,nan,nan,nan,nan,nan,nan,nan,nan,nan,nan,nan,nan,nan,nan,nan,nan
532,65598,0.3075766666666667,-1.7259502286911,0.29777777777777775,0,97,0.6804123711340206,0.12371134020618557,0.041237113402061855,0.030927835051546393,0.020618556701030927,0.845360824742268,0.12371134020618557,0.030927835051546393,11.0,0.061855670103092786,0.0762121212121212,80.609049797058,0.003638962797252067,0.818766629381715,0.932234796837407,0.010309278350515464,0.8333333333333334,0.13333333333333333,nan,nan,0.9029148817062378,0.9029148817062378,0.9856931418180466,nan,nan,nan,nan,nan,nan,nan,nan,nan,nan,nan,nan,nan,nan,nan,nan,nan,nan,nan,nan,nan,nan,nan,nan,nan,nan,nan,nan,nan,nan,nan,nan,nan,nan,nan,nan,nan,nan,nan,nan,nan,nan,nan,nan,nan,nan,nan,nan,nan,nan,nan,nan,nan
533,65727,0.3062150000000001,-2.2485015478134156,0.3288888888888889,0,129,0.5658914728682171,0.06976744186046512,0.07751937984496124,0.12403100775193798,0.007751937984496124,0.7131782945736435,0.24031007751937986,0.046511627906976744,18.0,0.17054263565891473,0.05407407407407408,90.1857290267943,0.0035975142402857505,0.8094407040642938,0.9121966483781707,0.0,0.7,0.17777777777777778,0.31555555555555553,nan,0.8871061354875565,0.8871061354875565,1.1454852521419525,nan,nan,nan,nan,nan,nan,nan,nan,nan,nan,nan,nan,nan,nan,nan,nan,nan,nan,nan,nan,nan,nan,nan,nan,nan,nan,nan,nan,nan,nan,nan,nan,nan,nan,nan,nan,nan,nan,nan,nan,nan,nan,nan,nan,nan,nan,nan,nan,nan,nan,nan,nan,nan
534,65808,0.3053600000000001,-2.2523092150688164,0.25333333333333335,-1,81,0.691358024691358,0.024691358024691357,0.1728395061728395,0.0,0.024691358024691357,0.8888888888888888,0.1111111111111111,0.0,10.0,0.06172839506172839,0.07981481481481484,65.48865919113155,0.0038004883893331164,0.8551098875999511,0.9357272134726928,0.0,0.8888888888888888,0.13333333333333333,nan,nan,0.8290969729423523,0.8290969729423523,1.341374695301056,nan,nan,nan,nan,nan,nan,nan,nan,nan,nan,nan,nan,nan,nan,nan,nan,nan,nan,nan,nan,nan,nan,nan,nan,nan,nan,nan,nan,nan,nan,nan,nan,nan,nan,nan,nan,nan,nan,nan,nan,nan,nan,nan,nan,nan,nan,nan,nan,nan,nan,nan,nan,nan
535,65910,0.30428333333333346,-5.23042174911499,0.24444444444444444,-2,102,0.5294117647058824,0.08823529411764706,0.24509803921568626,0.0392156862745098,0.0196078431372549,0.8627450980392157,0.10784313725490197,0.029411764705882353,21.0,0.2549019607843137,0.048,83.46115951538081,0.002875589093101098,0.6470075459477471,0.7988783150714355,0.0,0.6,0.16,0.24444444444444444,nan,0.9279475212097168,0.9279475212097168,1.3875151574611664,nan,nan,nan,nan,nan,nan,nan,nan,nan,nan,nan,nan,nan,nan,nan,nan,nan,nan,nan,nan,nan,nan,nan,nan,nan,nan,nan,nan,nan,nan,nan,nan,nan,nan,nan,nan,nan,nan,nan,nan,nan,nan,nan,nan,nan,nan,nan,nan,nan,nan,nan,nan,nan
536,66087,0.3024150000000001,-4.019393926143648,0.38222222222222224,0,177,0.480225988700565,0.23163841807909605,0.10734463276836158,0.005649717514124294,0.005649717514124294,0.8192090395480226,0.1638418079096045,0.01694915254237288,23.0,0.1864406779661017,0.04722222222222222,140.49898977279653,0.0026888291395453386,0.604986556397701,0.9781776725413104,0.0,0.5806451612903226,0.16,0.24444444444444444,0.3511111111111111,0.8494530320167542,0.8494530320167542,1.3577968776226044,nan,nan,nan,nan,nan,nan,nan,nan,nan,nan,nan,nan,nan,nan,nan,nan,nan,nan,nan,nan,nan,nan,nan,nan,nan,nan,nan,nan,nan,nan,nan,nan,nan,nan,nan,nan,nan,nan,nan,nan,nan,nan,nan,nan,nan,nan,nan,nan,nan,nan,nan,nan,nan
537,66257,0.30062055555555556,-17.95120119953154,0.12444444444444444,0,170,0.1588235294117647,0.07058823529411765,0.11764705882352941,0.45294117647058824,0.0058823529411764705,0.34705882352941175,0.6294117647058823,0.023529411764705882,96.0,0.6058823529411764,0.01809523809523809,80.53524951934784,0.0014900307718196256,0.3352569236594158,0.8697705854058977,0.011764705882352941,0.35294117647058826,0.08888888888888889,0.08888888888888889,0.09777777777777778,0.9655911177396774,0.9655911177396774,1.3899354040622711,nan,nan,nan,nan,nan,nan,nan,nan,nan,nan,nan,nan,nan,nan,nan,nan,nan,nan,nan,nan,nan,nan,nan,nan,nan,nan,nan,nan,nan,nan,nan,nan,nan,nan,nan,nan,nan,nan,nan,nan,nan,nan,nan,nan,nan,nan,nan,nan,nan,nan,nan,nan,nan
538,66437,0.29872055555555554,-8.85956216287613,0.21333333333333335,0,180,0.2611111111111111,0.12222222222222222,0.07777777777777778,0.34444444444444444,0.005555555555555556,0.46111111111111114,0.5166666666666667,0.022222222222222223,91.0,0.5111111111111111,0.03277777777777778,100.32916345596281,0.0020820355885911067,0.468458007432999,0.9134684735175208,0.011111111111111112,0.4117647058823529,0.12,0.12,0.13333333333333333,0.8075560182332993,0.8075560182332993,1.3818464130163193,nan,nan,nan,nan,nan,nan,nan,nan,nan,nan,nan,nan,nan,nan,nan,nan,nan,nan,nan,nan,nan,nan,nan,nan,nan,nan,nan,nan,nan,nan,nan,nan,nan,nan,nan,nan,nan,nan,nan,nan,nan,nan,nan,nan,nan,nan,nan,nan,nan,nan,nan,nan,nan
539,66571,0.29730611111111116,-1.526167133808135,0.36444444444444446,0,134,0.6044776119402985,0.13432835820895522,0.07462686567164178,0.04477611940298507,0.007462686567164179,0.8134328358208955,0.17164179104477612,0.014925373134328358,13.0,0.09701492537313433,0.06395061728395063,101.25873460769638,0.003555248852306293,0.7999309917689158,0.9239157485749747,0.0,0.7368421052631579,0.13777777777777778,0.27555555555555555,nan,0.9853024333715439,0.9853024333715439,1.3998875468969345,nan,nan,nan,nan,nan,nan,nan,nan,nan,nan,nan,nan,nan,nan,nan,nan,nan,nan,nan,nan,nan,nan,nan,nan,nan,nan,nan,nan,nan,nan,nan,nan,nan,nan,nan,nan,nan,nan,nan,nan,nan,nan,nan,nan,nan,nan,nan,nan,nan,nan,nan,nan,nan
540,66720,0.2957333333333334,-1.2259050028324117,0.44,-1,149,0.6577181208053692,0.16778523489932887,0.040268456375838924,0.006711409395973154,0.006711409395973154,0.8657718120805369,0.11409395973154363,0.020134228187919462,20.0,0.10067114093959731,0.07280864197530863,122.73242859840376,0.0035488221045535504,0.7984849735245488,0.9213250975412022,0.0,0.7894736842105263,0.17777777777777778,0.3466666666666667,nan,0.6935711801052094,0.6935711801052094,1.046831637620926,-3.5037910954713816,0.24488888888888893,-0.2,94.8,0.0,1.0,0.6148775136600176,0.15617832343290922,0.11232120215589818,0.02948351648351648,0.019128079730363044,0.8833770392488252,0.11662296075117488,0.0,20.0,0.18494479976567874,0.0657730388773867,78.85229614734642,0.0032163044152391045,0.7236684934287985,0.9062197032563095,0.0,0.8038383838383838,0.17037037037037037,0.26999999999999996,0.34444444444444444,-10.778372486209864,0.23600000000000004,-0.1,96.1,0.0,1.0,0.5886202304910318,0.13898069923584117,0.11629803329443437,0.06622700595987321,0.02077230747397759,0.8438989630213074,0.15610103697869265,0.0,27.5,0.21763537478894496,0.06268337588337587,75.13592844009392,0.0031582802497790267,0.710613056200281,0.8800568041816321,0.0,0.7733982683982684,0.17055555555555557,0.2562962962962963,0.2888888888888889,0.5629074074074074
541,66788,0.2950155555555556,-1.934492934226989,0.24444444444444444,0,68,0.7941176470588235,0.0,0.10294117647058823,0.0,0.029411764705882353,0.8970588235294118,0.08823529411764706,0.014705882352941176,6.0,0.014705882352941176,0.08806584362139917,61.49040889739988,0.003903047715952794,0.8781857360893788,0.9234397689895311,0.0,1.0,0.18222222222222223,nan,nan,0.7047635018825531,0.7047635018825531,0.9214862585067749,nan,nan,nan,nan,nan,nan,nan,nan,nan,nan,nan,nan,nan,nan,nan,nan,nan,nan,nan,nan,nan,nan,nan,nan,nan,nan,nan,nan,nan,nan,nan,nan,nan,nan,nan,nan,nan,nan,nan,nan,nan,nan,nan,nan,nan,nan,nan,nan,nan,nan,nan,nan,nan
542,66873,0.29411833333333337,-2.9223495914936066,0.23555555555555555,0,85,0.611764705882353,0.047058823529411764,0.1411764705882353,0.023529411764705882,0.011764705882352941,0.8,0.16470588235294117,0.03529411764705882,8.0,0.07058823529411765,0.06777777777777777,70.02237706184381,0.0033005322128238177,0.742619747885359,0.9629808370721004,0.0,0.7333333333333333,0.14222222222222222,nan,nan,0.9039457142353058,0.9039457142353058,1.0644970685243607,nan,nan,nan,nan,nan,nan,nan,nan,nan,nan,nan,nan,nan,nan,nan,nan,nan,nan,nan,nan,nan,nan,nan,nan,nan,nan,nan,nan,nan,nan,nan,nan,nan,nan,nan,nan,nan,nan,nan,nan,nan,nan,nan,nan,nan,nan,nan,nan,nan,nan,nan,nan,nan
543,67004,0.29273555555555564,-1.4723274810314178,0.37333333333333335,0,131,0.6335877862595419,0.09923664122137404,0.09923664122137404,0.007633587786259542,0.007633587786259542,0.8320610687022901,0.1297709923664122,0.03816793893129771,19.0,0.11450381679389313,0.06148148148148148,100.29835696220383,0.003677915571716694,0.827531003636256,0.921743326173407,0.0,0.6666666666666666,0.1688888888888889,0.3422222222222222,nan,0.8451439291238785,0.8451439291238785,1.0746007859706879,nan,nan,nan,nan,nan,nan,nan,nan,nan,nan,nan,nan,nan,nan,nan,nan,nan,nan,nan,nan,nan,nan,nan,nan,nan,nan,nan,nan,nan,nan,nan,nan,nan,nan,nan,nan,nan,nan,nan,nan,nan,nan,nan,nan,nan,nan,nan,nan,nan,nan,nan,nan,nan
544,67188,0.29079333333333335,-4.172739809751512,0.39111111111111113,0,184,0.47282608695652173,0.22826086956521738,0.10869565217391304,0.021739130434782608,0.0,0.8097826086956522,0.14673913043478262,0.043478260869565216,24.0,0.19021739130434784,0.05524691358024692,140.1784743785856,0.002758388321607643,0.6206373723617196,0.948766519908535,0.0,0.6,0.17333333333333334,0.2577777777777778,0.3288888888888889,0.7187588661909103,0.7187588661909103,0.772469587624073,nan,nan,nan,nan,nan,nan,nan,nan,nan,nan,nan,nan,nan,nan,nan,nan,nan,nan,nan,nan,nan,nan,nan,nan,nan,nan,nan,nan,nan,nan,nan,nan,nan,nan,nan,nan,nan,nan,nan,nan,nan,nan,nan,nan,nan,nan,nan,nan,nan,nan,nan,nan,nan
545,67230,0.29035,-3.228215004444122,0.13333333333333333,0,42,0.6904761904761905,0.0,0.23809523809523808,0.0,0.047619047619047616,0.9285714285714286,0.07142857142857142,0.0,10.0,0.11904761904761904,0.08013071895424836,40.34490480422972,0.0031946757468957095,0.7188020430515347,0.8557680808586999,0.0,1.0,nan,nan,nan,0.7746556401252747,0.7746556401252747,0.9828212708234787,nan,nan,nan,nan,nan,nan,nan,nan,nan,nan,nan,nan,nan,nan,nan,nan,nan,nan,nan,nan,nan,nan,nan,nan,nan,nan,nan,nan,nan,nan,nan,nan,nan,nan,nan,nan,nan,nan,nan,nan,nan,nan,nan,nan,nan,nan,nan,nan,nan,nan,nan,nan,nan
546,67302,0.28959,-1.4801456208229065,0.24888888888888888,0,72,0.7638888888888888,0.041666666666666664,0.09722222222222222,0.0,0.027777777777777776,0.9027777777777778,0.09722222222222222,0.0,5.0,0.0,0.0849158249158249,60.268053531646686,0.004055953861461395,0.9125896188288138,0.949147077070684,0.0,1.0,0.17333333333333334,nan,nan,0.8892057985067368,0.8892057985067368,0.9512794762849808,nan,nan,nan,nan,nan,nan,nan,nan,nan,nan,nan,nan,nan,nan,nan,nan,nan,nan,nan,nan,nan,nan,nan,nan,nan,nan,nan,nan,nan,nan,nan,nan,nan,nan,nan,nan,nan,nan,nan,nan,nan,nan,nan,nan,nan,nan,nan,nan,nan,nan,nan,nan,nan
547,67419,0.28835500000000003,-2.1959492678642265,0.3111111111111111,0,117,0.5897435897435898,0.1282051282051282,0.1111111111111111,0.017094017094017096,0.008547008547008548,0.8290598290598291,0.1452991452991453,0.02564102564102564,14.0,0.15384615384615385,0.06677124183006536,90.13285017013543,0.0034023851025214496,0.7655366480673261,0.9294288817472842,0.0,0.6666666666666666,0.12444444444444444,0.25333333333333335,nan,0.8251773566007614,0.8251773566007614,0.9733747988939285,nan,nan,nan,nan,nan,nan,nan,nan,nan,nan,nan,nan,nan,nan,nan,nan,nan,nan,nan,nan,nan,nan,nan,nan,nan,nan,nan,nan,nan,nan,nan,nan,nan,nan,nan,nan,nan,nan,nan,nan,nan,nan,nan,nan,nan,nan,nan,nan,nan,nan,nan,nan,nan
548,67545,0.2870250000000001,-0.9094538679122914,0.39555555555555555,0,126,0.6984126984126984,0.07936507936507936,0.07936507936507936,0.0,0.015873015873015872,0.8571428571428571,0.11904761904761904,0.023809523809523808,7.0,0.015873015873015872,0.06518518518518518,100.22337017059306,0.003902394326247359,0.8780387234056557,0.9550012173067618,0.0,0.8333333333333334,0.16444444444444445,0.3244444444444444,nan,0.8607082515954971,0.8607082515954971,1.1748420149087906,nan,nan,nan,nan,nan,nan,nan,nan,nan,nan,nan,nan,nan,nan,nan,nan,nan,nan,nan,nan,nan,nan,nan,nan,nan,nan,nan,nan,nan,nan,nan,nan,nan,nan,nan,nan,nan,nan,nan,nan,nan,nan,nan,nan,nan,nan,nan,nan,nan,nan,nan,nan,nan
549,67643,0.28599055555555564,-1.3467892675399784,0.27111111111111114,0,98,0.6122448979591837,0.1326530612244898,0.09183673469387756,0.02040816326530612,0.02040816326530612,0.8367346938775511,0.14285714285714285,0.02040816326530612,14.0,0.09183673469387756,0.06705314009661836,70.46465969085679,0.0037844029593925408,0.8514906658633216,0.9713289229011427,0.0,0.7142857142857143,0.18222222222222223,nan,nan,0.7756372392177582,0.7756372392177582,0.8983578532934189,nan,nan,nan,nan,nan,nan,nan,nan,nan,nan,nan,nan,nan,nan,nan,nan,nan,nan,nan,nan,nan,nan,nan,nan,nan,nan,nan,nan,nan,nan,nan,nan,nan,nan,nan,nan,nan,nan,nan,nan,nan,nan,nan,nan,nan,nan,nan,nan,nan,nan,nan,nan,nan
550,67733,0.28504055555555563,-2.1087847802638997,0.28,0,90,0.6888888888888889,0.03333333333333333,0.16666666666666666,0.0,0.011111111111111112,0.8888888888888888,0.1,0.011111111111111112,13.0,0.12222222222222222,0.07407407407407408,70.65509314537039,0.0039000097981416524,0.8775022045818717,0.8748828935195743,0.0,0.7,0.15555555555555556,nan,nan,0.8082235753536224,0.8082235753536224,0.9823818206787109,nan,nan,nan,nan,nan,nan,nan,nan,nan,nan,nan,nan,nan,nan,nan,nan,nan,nan,nan,nan,nan,nan,nan,nan,nan,nan,nan,nan,nan,nan,nan,nan,nan,nan,nan,nan,nan,nan,nan,nan,nan,nan,nan,nan,nan,nan,nan,nan,nan,nan,nan,nan,nan
551,67818,0.2841433333333333,-1.4382472243309017,0.28444444444444444,0,85,0.7411764705882353,0.03529411764705882,0.10588235294117647,0.0,0.011764705882352941,0.8823529411764706,0.10588235294117647,0.011764705882352941,8.0,0.058823529411764705,0.08333333333333334,70.5547354698181,0.003968550064506703,0.8929237645140082,0.9614498173816337,0.0,0.7,0.17777777777777778,nan,nan,0.7723077088594437,0.7723077088594437,0.8297644406557083,nan,nan,nan,nan,nan,nan,nan,nan,nan,nan,nan,nan,nan,nan,nan,nan,nan,nan,nan,nan,nan,nan,nan,nan,nan,nan,nan,nan,nan,nan,nan,nan,nan,nan,nan,nan,nan,nan,nan,nan,nan,nan,nan,nan,nan,nan,nan,nan,nan,nan,nan,nan,nan
552,67880,0.2834888888888889,-1.3845702164173128,0.21333333333333335,0,62,0.7580645161290323,0.04838709677419355,0.08064516129032258,0.0,0.03225806451612903,0.8870967741935484,0.0967741935483871,0.016129032258064516,6.0,0.016129032258064516,0.08246913580246915,50.3101925373077,0.004152019269931965,0.9342043357346921,0.9837349005090762,0.0,1.0,0.17777777777777778,nan,nan,0.7737464159727097,0.7737464159727097,1.0404095202684402,nan,nan,nan,nan,nan,nan,nan,nan,nan,nan,nan,nan,nan,nan,nan,nan,nan,nan,nan,nan,nan,nan,nan,nan,nan,nan,nan,nan,nan,nan,nan,nan,nan,nan,nan,nan,nan,nan,nan,nan,nan,nan,nan,nan,nan,nan,nan,nan,nan,nan,nan,nan,nan
553,68007,0.28214833333333333,-2.3309780588150013,0.3244444444444444,0,127,0.5669291338582677,0.07874015748031496,0.10236220472440945,0.09448818897637795,0.007874015748031496,0.7480314960629921,0.2283464566929134,0.023622047244094488,17.0,0.14960629921259844,0.07037037037037037,90.22836246490465,0.0035465566619860543,0.7979752489468621,0.934372764497879,0.007874015748031496,0.6,0.10222222222222223,0.21333333333333335,nan,0.7230285108089447,0.7230285108089447,0.7853236496448517,nan,nan,nan,nan,nan,nan,nan,nan,nan,nan,nan,nan,nan,nan,nan,nan,nan,nan,nan,nan,nan,nan,nan,nan,nan,nan,nan,nan,nan,nan,nan,nan,nan,nan,nan,nan,nan,nan,nan,nan,nan,nan,nan,nan,nan,nan,nan,nan,nan,nan,nan,nan,nan
554,68080,0.28137777777777784,-2.4499563770294177,0.21777777777777776,0,73,0.6575342465753424,0.0273972602739726,0.0958904109589041,0.0547945205479452,0.0273972602739726,0.7808219178082192,0.1780821917808219,0.0410958904109589,7.0,0.0410958904109589,0.07342995169082124,60.20910835266116,0.003543206985956042,0.7972215718401096,0.8841556120871931,0.0,0.8333333333333334,0.13777777777777778,nan,nan,0.8010743856430054,0.8010743856430054,0.9598875045776367,nan,nan,nan,nan,nan,nan,nan,nan,nan,nan,nan,nan,nan,nan,nan,nan,nan,nan,nan,nan,nan,nan,nan,nan,nan,nan,nan,nan,nan,nan,nan,nan,nan,nan,nan,nan,nan,nan,nan,nan,nan,nan,nan,nan,nan,nan,nan,nan,nan,nan,nan,nan,nan
555,68139,0.2807550000000001,-1.7612416090965266,0.21333333333333335,0,59,0.7966101694915254,0.0,0.1016949152542373,0.0,0.03389830508474576,0.8983050847457628,0.1016949152542373,0.0,7.0,0.03389830508474576,0.08806584362139919,51.97372961044308,0.004019124477973135,0.9043030075439553,0.8573131496882666,0.0,1.0,0.18222222222222223,nan,nan,0.7888569831848145,0.7888569831848145,0.8912791162729263,nan,nan,nan,nan,nan,nan,nan,nan,nan,nan,nan,nan,nan,nan,nan,nan,nan,nan,nan,nan,nan,nan,nan,nan,nan,nan,nan,nan,nan,nan,nan,nan,nan,nan,nan,nan,nan,nan,nan,nan,nan,nan,nan,nan,nan,nan,nan,nan,nan,nan,nan,nan,nan
556,68217,0.2799316666666667,-1.6143987693786612,0.25333333333333335,-1,78,0.717948717948718,0.038461538461538464,0.08974358974358974,0.01282051282051282,0.02564102564102564,0.8461538461538461,0.1282051282051282,0.02564102564102564,6.0,0.01282051282051282,0.08666666666666673,61.632369232177666,0.004038282025980374,0.9086134558455842,0.9623138196450648,0.0,0.8181818181818182,0.18222222222222223,nan,nan,0.7753272652626038,0.7753272652626038,0.7486802190542221,nan,nan,nan,nan,nan,nan,nan,nan,nan,nan,nan,nan,nan,nan,nan,nan,nan,nan,nan,nan,nan,nan,nan,nan,nan,nan,nan,nan,nan,nan,nan,nan,nan,nan,nan,nan,nan,nan,nan,nan,nan,nan,nan,nan,nan,nan,nan,nan,nan,nan,nan,nan,nan
557,68298,0.27907666666666664,-1.87104776597023,0.26666666666666666,0,81,0.7283950617283951,0.06172839506172839,0.06172839506172839,0.04938271604938271,0.012345679012345678,0.8518518518518519,0.1111111111111111,0.037037037037037035,10.0,0.07407407407407407,0.08666666666666667,70.80997872352597,0.0037031817682936442,0.8332158978660699,0.9575367645964823,0.024691358024691357,0.875,0.18666666666666668,nan,nan,0.8541382849216461,0.8541382849216461,1.089791178703308,nan,nan,nan,nan,nan,nan,nan,nan,nan,nan,nan,nan,nan,nan,nan,nan,nan,nan,nan,nan,nan,nan,nan,nan,nan,nan,nan,nan,nan,nan,nan,nan,nan,nan,nan,nan,nan,nan,nan,nan,nan,nan,nan,nan,nan,nan,nan,nan,nan,nan,nan,nan,nan
558,68370,0.27831666666666666,-2.4299151978492732,0.20444444444444446,-1,72,0.625,0.125,0.1388888888888889,0.0,0.027777777777777776,0.8888888888888888,0.09722222222222222,0.013888888888888888,15.0,0.16666666666666666,0.06808080808080809,58.74204950332637,0.0034047160712135974,0.7660611160230594,0.8902573628584629,0.0,0.5,0.17333333333333334,nan,nan,0.7710601985454559,0.7710601985454559,1.03704334795475,nan,nan,nan,nan,nan,nan,nan,nan,nan,nan,nan,nan,nan,nan,nan,nan,nan,nan,nan,nan,nan,nan,nan,nan,nan,nan,nan,nan,nan,nan,nan,nan,nan,nan,nan,nan,nan,nan,nan,nan,nan,nan,nan,nan,nan,nan,nan,nan,nan,nan,nan,nan,nan
559,68477,0.27718722222222225,-4.600847387552261,0.28444444444444444,0,107,0.5887850467289719,0.11214953271028037,0.17757009345794392,0.0,0.0,0.8785046728971962,0.09345794392523364,0.028037383177570093,21.0,0.1588785046728972,0.0697142857142857,100.27473702430717,0.0027923284399352395,0.6282738989854287,0.9437457104225675,0.0,0.7692307692307693,0.16444444444444445,0.2577777777777778,nan,0.83708056807518,0.83708056807518,0.9652078598737717,nan,nan,nan,nan,nan,nan,nan,nan,nan,nan,nan,nan,nan,nan,nan,nan,nan,nan,nan,nan,nan,nan,nan,nan,nan,nan,nan,nan,nan,nan,nan,nan,nan,nan,nan,nan,nan,nan,nan,nan,nan,nan,nan,nan,nan,nan,nan,nan,nan,nan,nan,nan,nan
560,68603,0.2758572222222222,-3.5996502752304087,0.26666666666666666,0,126,0.46825396825396826,0.25396825396825395,0.11904761904761904,0.007936507936507936,0.007936507936507936,0.8412698412698413,0.11904761904761904,0.03968253968253968,31.0,0.30952380952380953,0.04370370370370371,100.27285976409895,0.002615086702813941,0.5883945081331368,0.9746948792688227,0.0,0.3684210526315789,0.18222222222222223,0.26666666666666666,nan,0.7293279469013214,0.7293279469013214,1.083041712641716,-2.176119687652588,0.23777777777777778,-0.3,80.4,0.0,1.0,0.677778965977144,0.12765174092622594,0.0939288372058599,0.0045045045045045045,0.02574231852579864,0.8993595441092299,0.10064045589077009,0.0,12.0,0.09541792683743741,0.07183920955587622,68.78780654907222,0.003496919844475589,0.7868069650070076,0.9256332052263845,0.0,0.8703174603174603,0.17580246913580247,0.28,nan,-4.833449047112465,0.23022222222222224,-0.3,98.8,0.0,1.0,0.5341108021719977,0.2304603406868984,0.07771619982280606,0.04717521053061892,0.015151177929768434,0.8422873426817021,0.15771265731829778,0.0,29.4,0.26733339421210783,0.055013830873479996,83.42522902011868,0.0027929300335236104,0.6284092575428123,0.9087992602087794,0.0,0.5907913165266105,0.15955555555555556,0.2911111111111111,0.2511111111111111,0.3709382716049383
561,68664,0.2752133333333333,-1.6595696413516996,0.22666666666666666,-1,61,0.819672131147541,0.0,0.06557377049180328,0.0,0.03278688524590164,0.8852459016393442,0.09836065573770492,0.01639344262295082,4.0,0.0,0.09292929292929292,54.79590134620665,0.004055453359881742,0.912477005973392,0.9413832128969863,0.0,1.0,0.18222222222222223,nan,nan,0.7590447217226028,0.7590447217226028,0.9504482597112656,nan,nan,nan,nan,nan,nan,nan,nan,nan,nan,nan,nan,nan,nan,nan,nan,nan,nan,nan,nan,nan,nan,nan,nan,nan,nan,nan,nan,nan,nan,nan,nan,nan,nan,nan,nan,nan,nan,nan,nan,nan,nan,nan,nan,nan,nan,nan,nan,nan,nan,nan,nan,nan
562,68782,0.2739677777777778,0.5298504681587235,0.41333333333333333,0,118,0.7796610169491526,0.0423728813559322,0.0423728813559322,0.01694915254237288,0.00847457627118644,0.864406779661017,0.11864406779661017,0.01694915254237288,5.0,0.0,0.08730864197530863,90.35380506515483,0.004525419694212501,1.0182194311978128,0.9472658218317961,0.0,1.0,0.17333333333333334,0.3422222222222222,nan,0.6448668390512466,0.6448668390512466,0.7789653539657593,nan,nan,nan,nan,nan,nan,nan,nan,nan,nan,nan,nan,nan,nan,nan,nan,nan,nan,nan,nan,nan,nan,nan,nan,nan,nan,nan,nan,nan,nan,nan,nan,nan,nan,nan,nan,nan,nan,nan,nan,nan,nan,nan,nan,nan,nan,nan,nan,nan,nan,nan,nan,nan
563,68870,0.27303888888888894,-2.1374235608577727,0.2577777777777778,0,88,0.6477272727272727,0.13636363636363635,0.045454545454545456,0.03409090909090909,0.022727272727272728,0.8295454545454546,0.1590909090909091,0.011363636363636364,8.0,0.03409090909090909,0.06743589743589744,74.37546248435967,0.0034061412846556286,0.7663817890475163,0.9698525649718924,0.0,0.75,0.19555555555555557,nan,nan,0.6849788278341293,0.6849788278341293,0.9219693541526794,nan,nan,nan,nan,nan,nan,nan,nan,nan,nan,nan,nan,nan,nan,nan,nan,nan,nan,nan,nan,nan,nan,nan,nan,nan,nan,nan,nan,nan,nan,nan,nan,nan,nan,nan,nan,nan,nan,nan,nan,nan,nan,nan,nan,nan,nan,nan,nan,nan,nan,nan,nan,nan
564,68963,0.2720572222222223,-2.053251033782958,0.29333333333333333,-1,93,0.6989247311827957,0.07526881720430108,0.10752688172043011,0.010752688172043012,0.03225806451612903,0.8817204301075269,0.0967741935483871,0.021505376344086023,9.0,0.07526881720430108,0.07783950617283951,76.66905746459952,0.0037679984395566344,0.8477996489002426,0.8472159106700643,0.0,0.6,0.17333333333333334,nan,nan,0.72273188829422,0.72273188829422,0.8782501965761185,nan,nan,nan,nan,nan,nan,nan,nan,nan,nan,nan,nan,nan,nan,nan,nan,nan,nan,nan,nan,nan,nan,nan,nan,nan,nan,nan,nan,nan,nan,nan,nan,nan,nan,nan,nan,nan,nan,nan,nan,nan,nan,nan,nan,nan,nan,nan,nan,nan,nan,nan,nan,nan
565,69025,0.2714027777777779,-1.055888190984726,0.22666666666666666,0,62,0.8064516129032258,0.016129032258064516,0.04838709677419355,0.0,0.03225806451612903,0.8709677419354839,0.11290322580645161,0.016129032258064516,3.0,0.0,0.09012345679012346,51.17988753318785,0.004341983402720866,0.9769462656121949,0.9653769540504599,0.0,0.875,0.18222222222222223,nan,nan,0.7769469618797302,0.7769469618797302,1.1365962624549866,nan,nan,nan,nan,nan,nan,nan,nan,nan,nan,nan,nan,nan,nan,nan,nan,nan,nan,nan,nan,nan,nan,nan,nan,nan,nan,nan,nan,nan,nan,nan,nan,nan,nan,nan,nan,nan,nan,nan,nan,nan,nan,nan,nan,nan,nan,nan,nan,nan,nan,nan,nan,nan
566,69078,0.27084333333333344,-1.5669828753471373,0.19555555555555557,0,53,0.8113207547169812,0.0,0.11320754716981132,0.0,0.03773584905660377,0.9245283018867925,0.07547169811320754,0.0,5.0,0.0,0.09629629629629631,45.22840833663942,0.004225466208951078,0.9507298970139926,0.8697136615029241,0.0,1.0,0.18222222222222223,nan,nan,0.7583691626787186,0.7583691626787186,0.7644537091255188,nan,nan,nan,nan,nan,nan,nan,nan,nan,nan,nan,nan,nan,nan,nan,nan,nan,nan,nan,nan,nan,nan,nan,nan,nan,nan,nan,nan,nan,nan,nan,nan,nan,nan,nan,nan,nan,nan,nan,nan,nan,nan,nan,nan,nan,nan,nan,nan,nan,nan,nan,nan,nan
567,69141,0.2701783333333334,-2.048948508262634,0.2088888888888889,0,63,0.7301587301587301,0.015873015873015872,0.12698412698412698,0.015873015873015872,0.031746031746031744,0.873015873015873,0.1111111111111111,0.015873015873015872,6.0,0.031746031746031744,0.07635327635327636,53.104271507263164,0.003849868167694989,0.8662203377313725,0.9612774274970645,0.0,0.7142857142857143,0.18222222222222223,nan,nan,0.7192191481590271,0.7192191481590271,0.7388206869363785,nan,nan,nan,nan,nan,nan,nan,nan,nan,nan,nan,nan,nan,nan,nan,nan,nan,nan,nan,nan,nan,nan,nan,nan,nan,nan,nan,nan,nan,nan,nan,nan,nan,nan,nan,nan,nan,nan,nan,nan,nan,nan,nan,nan,nan,nan,nan,nan,nan,nan,nan,nan,nan
568,69299,0.2685105555555557,-1.6257993409633638,0.35555555555555557,0,158,0.5,0.22784810126582278,0.056962025316455694,0.02531645569620253,0.006329113924050633,0.7848101265822784,0.1962025316455696,0.0189873417721519,17.0,0.21518987341772153,0.05690476190476191,110.50285086631743,0.003177394142852236,0.714913682141753,0.9712652524851196,0.0,0.43333333333333335,0.18222222222222223,0.30666666666666664,0.3333333333333333,0.7806814163923264,0.7806814163923264,0.8071990460157394,nan,nan,nan,nan,nan,nan,nan,nan,nan,nan,nan,nan,nan,nan,nan,nan,nan,nan,nan,nan,nan,nan,nan,nan,nan,nan,nan,nan,nan,nan,nan,nan,nan,nan,nan,nan,nan,nan,nan,nan,nan,nan,nan,nan,nan,nan,nan,nan,nan,nan,nan,nan,nan
569,69375,0.2677083333333333,-2.985400694847107,0.21777777777777776,-1,76,0.631578947368421,0.09210526315789473,0.13157894736842105,0.013157894736842105,0.02631578947368421,0.8552631578947368,0.14473684210526316,0.0,10.0,0.09210526315789473,0.07999999999999984,65.37524471282953,0.003263212769151866,0.7342228730591699,0.9142924930320447,0.0,0.9,0.1511111111111111,nan,nan,0.6045821458101273,0.6045821458101273,0.6838863864541054,nan,nan,nan,nan,nan,nan,nan,nan,nan,nan,nan,nan,nan,nan,nan,nan,nan,nan,nan,nan,nan,nan,nan,nan,nan,nan,nan,nan,nan,nan,nan,nan,nan,nan,nan,nan,nan,nan,nan,nan,nan,nan,nan,nan,nan,nan,nan,nan,nan,nan,nan,nan,nan
570,69518,0.2661988888888889,-0.995250306606293,0.4666666666666667,0,143,0.7272727272727273,0.06993006993006994,0.08391608391608392,0.0,0.006993006993006993,0.8811188811188811,0.0979020979020979,0.02097902097902098,8.0,0.02097902097902098,0.08020576131687242,120.25952672958365,0.003843539341889962,0.8647963519252414,0.9409100615514255,0.0,0.9411764705882353,0.1688888888888889,0.3422222222222222,nan,0.6230087950825691,0.6230087950825691,0.6925894320011139,nan,nan,nan,nan,nan,nan,nan,nan,nan,nan,nan,nan,nan,nan,nan,nan,nan,nan,nan,nan,nan,nan,nan,nan,nan,nan,nan,nan,nan,nan,nan,nan,nan,nan,nan,nan,nan,nan,nan,nan,nan,nan,nan,nan,nan,nan,nan,nan,nan,nan,nan,nan,nan
571,69718,0.2640877777777778,-6.03119989013672,0.41333333333333333,-1,200,0.46,0.135,0.05,0.2,0.005,0.645,0.31,0.045,46.0,0.29,0.051111111111111114,135.15428466796854,0.0030253490660203633,0.6807035398545817,0.9483630873340761,0.01,0.5483870967741935,0.17777777777777778,0.3377777777777778,0.40444444444444444,0.7613224238157272,0.7613224238157272,0.974809542298317,nan,nan,nan,nan,nan,nan,nan,nan,nan,nan,nan,nan,nan,nan,nan,nan,nan,nan,nan,nan,nan,nan,nan,nan,nan,nan,nan,nan,nan,nan,nan,nan,nan,nan,nan,nan,nan,nan,nan,nan,nan,nan,nan,nan,nan,nan,nan,nan,nan,nan,nan,nan,nan
572,69764,0.2636022222222222,-3.206551588296891,0.13333333333333333,0,46,0.6304347826086957,0.0,0.2608695652173913,0.0,0.043478260869565216,0.8913043478260869,0.08695652173913043,0.021739130434782608,9.0,0.08695652173913043,0.0707936507936508,40.767157983779896,0.003161586317598351,0.7113569214596289,0.8754652544400588,0.0,0.8,nan,nan,nan,0.7222774475812912,0.7222774475812912,0.8098150193691254,nan,nan,nan,nan,nan,nan,nan,nan,nan,nan,nan,nan,nan,nan,nan,nan,nan,nan,nan,nan,nan,nan,nan,nan,nan,nan,nan,nan,nan,nan,nan,nan,nan,nan,nan,nan,nan,nan,nan,nan,nan,nan,nan,nan,nan,nan,nan,nan,nan,nan,nan,nan,nan
573,69833,0.26287388888888896,-1.5340639917850494,0.22666666666666666,0,69,0.7246376811594203,0.08695652173913043,0.07246376811594203,0.0,0.028985507246376812,0.8840579710144928,0.10144927536231885,0.014492753623188406,8.0,0.043478260869565216,0.07922027290448343,58.00060944557187,0.0038313773656250445,0.8620599072656351,0.991510341483668,0.0,0.625,0.17777777777777778,nan,nan,0.6190992444753647,0.6190992444753647,0.8587672710418701,nan,nan,nan,nan,nan,nan,nan,nan,nan,nan,nan,nan,nan,nan,nan,nan,nan,nan,nan,nan,nan,nan,nan,nan,nan,nan,nan,nan,nan,nan,nan,nan,nan,nan,nan,nan,nan,nan,nan,nan,nan,nan,nan,nan,nan,nan,nan,nan,nan,nan,nan,nan,nan
574,69934,0.26180777777777786,-1.6171822679042802,0.3022222222222222,0,101,0.6633663366336634,0.1188118811881188,0.0891089108910891,0.0,0.019801980198019802,0.8712871287128713,0.10891089108910891,0.019801980198019802,9.0,0.07920792079207921,0.08088888888888904,80.48745017051685,0.0036996796040490794,0.8324279109110428,0.9461811378520413,0.0,0.7692307692307693,0.14666666666666667,0.29777777777777775,nan,0.7719866931438446,0.7719866931438446,1.1264494508504868,nan,nan,nan,nan,nan,nan,nan,nan,nan,nan,nan,nan,nan,nan,nan,nan,nan,nan,nan,nan,nan,nan,nan,nan,nan,nan,nan,nan,nan,nan,nan,nan,nan,nan,nan,nan,nan,nan,nan,nan,nan,nan,nan,nan,nan,nan,nan,nan,nan,nan,nan,nan,nan
575,69984,0.26128000000000007,-1.7521267757415764,0.1688888888888889,0,50,0.74,0.04,0.12,0.0,0.04,0.9,0.1,0.0,5.0,0.0,0.08222222222222222,40.591683578491235,0.004051185611123074,0.9115167625026915,0.9681155478787161,0.0,1.0,0.1688888888888889,nan,nan,0.7007455825805664,0.7007455825805664,0.7613386809825897,nan,nan,nan,nan,nan,nan,nan,nan,nan,nan,nan,nan,nan,nan,nan,nan,nan,nan,nan,nan,nan,nan,nan,nan,nan,nan,nan,nan,nan,nan,nan,nan,nan,nan,nan,nan,nan,nan,nan,nan,nan,nan,nan,nan,nan,nan,nan,nan,nan,nan,nan,nan,nan
576,70086,0.26020333333333334,-0.29077394890785124,0.3377777777777778,0,102,0.7352941176470589,0.08823529411764706,0.029411764705882353,0.00980392156862745,0.00980392156862745,0.8529411764705882,0.10784313725490197,0.0392156862745098,16.0,0.10784313725490197,0.08711111111111111,80.32165665626519,0.004149980804801203,0.9337456810802707,0.9852114101133601,0.0,0.6428571428571429,0.19111111111111112,0.3288888888888889,nan,0.6990325450897217,0.6990325450897217,0.8399210572242737,nan,nan,nan,nan,nan,nan,nan,nan,nan,nan,nan,nan,nan,nan,nan,nan,nan,nan,nan,nan,nan,nan,nan,nan,nan,nan,nan,nan,nan,nan,nan,nan,nan,nan,nan,nan,nan,nan,nan,nan,nan,nan,nan,nan,nan,nan,nan,nan,nan,nan,nan,nan,nan
577,70176,0.25925333333333345,-1.9666840648651123,0.29333333333333333,0,90,0.7222222222222222,0.06666666666666667,0.1111111111111111,0.0,0.011111111111111112,0.9,0.07777777777777778,0.022222222222222223,7.0,0.044444444444444446,0.0774074074074074,80.06365776062007,0.003608239955169537,0.8118539899131457,0.931717382922977,0.0,0.8888888888888888,0.17333333333333334,nan,nan,0.7595634311437607,0.7595634311437607,0.919942632317543,nan,nan,nan,nan,nan,nan,nan,nan,nan,nan,nan,nan,nan,nan,nan,nan,nan,nan,nan,nan,nan,nan,nan,nan,nan,nan,nan,nan,nan,nan,nan,nan,nan,nan,nan,nan,nan,nan,nan,nan,nan,nan,nan,nan,nan,nan,nan,nan,nan,nan,nan,nan,nan
578,70219,0.25879944444444447,-2.180711619615554,0.15555555555555556,-2,43,0.7906976744186046,0.0,0.06976744186046512,0.023255813953488372,0.06976744186046512,0.8604651162790697,0.11627906976744186,0.023255813953488372,3.0,0.0,0.08851851851851852,37.88296780586243,0.003988893158675032,0.8975009607018821,0.9765479960828538,0.0,1.0,nan,nan,nan,0.7504757642745972,0.7504757642745972,0.7880406230688095,nan,nan,nan,nan,nan,nan,nan,nan,nan,nan,nan,nan,nan,nan,nan,nan,nan,nan,nan,nan,nan,nan,nan,nan,nan,nan,nan,nan,nan,nan,nan,nan,nan,nan,nan,nan,nan,nan,nan,nan,nan,nan,nan,nan,nan,nan,nan,nan,nan,nan,nan,nan,nan
579,70299,0.25795500000000005,-2.111404350280762,0.24888888888888888,0,80,0.6875,0.1,0.0375,0.025,0.025,0.825,0.15,0.025,8.0,0.0625,0.07,70.29908905029292,0.003477206429653243,0.7823714466719797,0.9658448089187701,0.0,0.75,0.19111111111111112,nan,nan,0.7601861357688904,0.7601861357688904,0.8579316586256027,nan,nan,nan,nan,nan,nan,nan,nan,nan,nan,nan,nan,nan,nan,nan,nan,nan,nan,nan,nan,nan,nan,nan,nan,nan,nan,nan,nan,nan,nan,nan,nan,nan,nan,nan,nan,nan,nan,nan,nan,nan,nan,nan,nan,nan,nan,nan,nan,nan,nan,nan,nan,nan
580,70416,0.25672000000000006,-0.5978641772270195,0.3688888888888889,0,117,0.7008547008547008,0.1111111111111111,0.02564102564102564,0.017094017094017096,0.02564102564102564,0.8376068376068376,0.1452991452991453,0.017094017094017096,6.0,0.008547008547008548,0.07581699346405228,90.77013502120957,0.00401502591528907,0.9033808309400408,0.9543251848939514,0.008547008547008548,0.8823529411764706,0.1688888888888889,0.3377777777777778,nan,0.7641990929841995,0.7641990929841995,0.7987670451402664,-2.546220805692673,0.2431111111111111,0.0,86.2,0.0,1.0,0.660639845467557,0.15672736440945031,0.09648166114865213,0.0006622516556291391,0.020432281969436195,0.9138488710256596,0.08615112897434049,0.0,15.2,0.12127574662448856,0.0681001971158834,73.42400767326347,0.0033872532312267203,0.762131977026012,0.9243281190776388,0.0,0.8582539682539683,0.18222222222222223,0.2948148148148148,0.3466666666666667,-3.0659215906620023,0.23733333333333334,-0.1,95.8,0.0,1.0,0.5790546230623685,0.2367287241060322,0.09262277620718906,0.0,0.019132120345468222,0.90840612337559,0.09159387662441006,0.0,23.2,0.2166364831280711,0.06042910052910052,82.63925324439997,0.0030036186389705323,0.6758141937683698,0.9050740173701985,0.0,0.7691125541125541,0.17234567901234568,0.26488888888888884,0.3422222222222222,0.5734074074074074
581,70486,0.2559811111111112,-1.043796180963516,0.26666666666666666,-1,70,0.8428571428571429,0.0,0.05714285714285714,0.0,0.02857142857142857,0.9,0.08571428571428572,0.014285714285714285,4.0,0.0,0.09333333333333334,60.41710648536679,0.004340198289465142,0.9765446151296567,0.9621003673932362,0.0,1.0,0.19555555555555557,nan,nan,0.6676009595394135,0.6676009595394135,0.7018101513385773,nan,nan,nan,nan,nan,nan,nan,nan,nan,nan,nan,nan,nan,nan,nan,nan,nan,nan,nan,nan,nan,nan,nan,nan,nan,nan,nan,nan,nan,nan,nan,nan,nan,nan,nan,nan,nan,nan,nan,nan,nan,nan,nan,nan,nan,nan,nan,nan,nan,nan,nan,nan,nan
582,70595,0.25483055555555556,-3.136396305799485,0.28444444444444444,0,109,0.5779816513761468,0.1651376146788991,0.10091743119266056,0.009174311926605505,0.009174311926605505,0.8440366972477065,0.14678899082568808,0.009174311926605505,19.0,0.1651376146788991,0.06706172839506172,90.07044100761411,0.003108678017645436,0.6994525539702231,0.9574587213899562,0.0,0.75,0.12444444444444444,0.25333333333333335,nan,0.7351007163524628,0.7351007163524628,0.8338666558265686,nan,nan,nan,nan,nan,nan,nan,nan,nan,nan,nan,nan,nan,nan,nan,nan,nan,nan,nan,nan,nan,nan,nan,nan,nan,nan,nan,nan,nan,nan,nan,nan,nan,nan,nan,nan,nan,nan,nan,nan,nan,nan,nan,nan,nan,nan,nan,nan,nan,nan,nan,nan,nan
583,70845,0.2521916666666667,-9.532884633064269,0.35555555555555557,0,250,0.316,0.14,0.064,0.288,0.0,0.52,0.444,0.036,35.0,0.348,0.03511111111111111,140.075091743469,0.0025065920481717745,0.5639832108386492,0.9381863525582543,0.012,0.48936170212765956,0.06666666666666667,0.07555555555555556,0.21333333333333335,0.7649214714765549,0.7649214714765549,0.9627196937799454,nan,nan,nan,nan,nan,nan,nan,nan,nan,nan,nan,nan,nan,nan,nan,nan,nan,nan,nan,nan,nan,nan,nan,nan,nan,nan,nan,nan,nan,nan,nan,nan,nan,nan,nan,nan,nan,nan,nan,nan,nan,nan,nan,nan,nan,nan,nan,nan,nan,nan,nan,nan,nan
584,70896,0.2516533333333334,-1.807648168563842,0.16444444444444445,0,51,0.7058823529411765,0.058823529411764705,0.0784313725490196,0.058823529411764705,0.0392156862745098,0.8431372549019608,0.1568627450980392,0.0,8.0,0.058823529411764705,0.05333333333333334,40.682363510131815,0.003932908174328478,0.8849043392239075,0.9942569957095401,0.0,0.8,0.16444444444444445,nan,nan,0.6983572244644165,0.6983572244644165,0.7538505271077156,nan,nan,nan,nan,nan,nan,nan,nan,nan,nan,nan,nan,nan,nan,nan,nan,nan,nan,nan,nan,nan,nan,nan,nan,nan,nan,nan,nan,nan,nan,nan,nan,nan,nan,nan,nan,nan,nan,nan,nan,nan,nan,nan,nan,nan,nan,nan,nan,nan,nan,nan,nan,nan
585,71023,0.25031277777777783,-0.8967236471176143,0.37333333333333335,0,127,0.6535433070866141,0.13385826771653545,0.047244094488188976,0.03937007874015748,0.0,0.8346456692913385,0.13385826771653545,0.031496062992125984,13.0,0.08661417322834646,0.06148148148148148,100.09260616302475,0.0036854759110584567,0.8292320799881526,0.9533729239501124,0.007874015748031496,0.8125,0.13333333333333333,0.3111111111111111,nan,0.6228404343128204,0.6228404343128204,0.788291335105896,nan,nan,nan,nan,nan,nan,nan,nan,nan,nan,nan,nan,nan,nan,nan,nan,nan,nan,nan,nan,nan,nan,nan,nan,nan,nan,nan,nan,nan,nan,nan,nan,nan,nan,nan,nan,nan,nan,nan,nan,nan,nan,nan,nan,nan,nan,nan,nan,nan,nan,nan,nan,nan
586,71191,0.2508368009647367,-2.2580252370834346,0.3377777777777778,0,168,0.44642857142857145,0.30357142857142855,0.047619047619047616,0.02976190476190476,0.0,0.7976190476190477,0.17261904761904762,0.02976190476190476,20.0,0.26785714285714285,0.047619047619047616,120.14309749603242,0.002774469281053298,0.624255588236992,0.9732705192911426,0.0,0.5172413793103449,0.1688888888888889,0.28,0.3377777777777778,0.7313604950904846,0.7313604950904846,0.74012191593647,nan,nan,nan,nan,nan,nan,nan,nan,nan,nan,nan,nan,nan,nan,nan,nan,nan,nan,nan,nan,nan,nan,nan,nan,nan,nan,nan,nan,nan,nan,nan,nan,nan,nan,nan,nan,nan,nan,nan,nan,nan,nan,nan,nan,nan,nan,nan,nan,nan,nan,nan,nan,nan
587,71440,0.2523403433670981,-6.936769610881806,0.3422222222222222,0,249,0.30522088353413657,0.24497991967871485,0.0321285140562249,0.2248995983935743,0.0,0.5823293172690763,0.37751004016064255,0.040160642570281124,40.0,0.39759036144578314,0.033796296296296297,150.26447248458885,0.0022478884874960734,0.5057749096866165,0.9491677834850812,0.01606425702811245,0.3333333333333333,0.13333333333333333,0.25333333333333335,0.3244444444444444,0.6774381995201111,0.6774381995201111,0.681928813457489,nan,nan,nan,nan,nan,nan,nan,nan,nan,nan,nan,nan,nan,nan,nan,nan,nan,nan,nan,nan,nan,nan,nan,nan,nan,nan,nan,nan,nan,nan,nan,nan,nan,nan,nan,nan,nan,nan,nan,nan,nan,nan,nan,nan,nan,nan,nan,nan,nan,nan,nan,nan,nan
588,71518,0.2528078046382411,-1.5098094968795777,0.27111111111111114,0,78,0.7692307692307693,0.05128205128205128,0.02564102564102564,0.01282051282051282,0.01282051282051282,0.8461538461538461,0.11538461538461539,0.038461538461538464,3.0,0.0,0.06666666666666668,70.16009044647217,0.003800831284134632,0.855187038930292,0.9450615167820714,0.0,0.8181818181818182,0.18666666666666668,nan,nan,0.684520497918129,0.684520497918129,0.6978330612182617,nan,nan,nan,nan,nan,nan,nan,nan,nan,nan,nan,nan,nan,nan,nan,nan,nan,nan,nan,nan,nan,nan,nan,nan,nan,nan,nan,nan,nan,nan,nan,nan,nan,nan,nan,nan,nan,nan,nan,nan,nan,nan,nan,nan,nan,nan,nan,nan,nan,nan,nan,nan,nan
589,71615,0.2533867908955719,-0.6740887024402622,0.3422222222222222,0,97,0.7835051546391752,0.030927835051546393,0.05154639175257732,0.020618556701030927,0.010309278350515464,0.865979381443299,0.09278350515463918,0.041237113402061855,6.0,0.010309278350515464,0.08702020202020203,80.25798764228813,0.004208649976165137,0.9469462446371558,0.9116815262288349,0.0,1.0,0.17333333333333334,nan,nan,0.5792030990123749,0.5792030990123749,0.5859421789646149,nan,nan,nan,nan,nan,nan,nan,nan,nan,nan,nan,nan,nan,nan,nan,nan,nan,nan,nan,nan,nan,nan,nan,nan,nan,nan,nan,nan,nan,nan,nan,nan,nan,nan,nan,nan,nan,nan,nan,nan,nan,nan,nan,nan,nan,nan,nan,nan,nan,nan,nan,nan,nan
590,71774,0.2543302385508306,-2.1424015421867355,0.47555555555555556,-1,159,0.6666666666666666,0.1069182389937107,0.031446540880503145,0.05660377358490566,0.012578616352201259,0.8050314465408805,0.16981132075471697,0.025157232704402517,12.0,0.0440251572327044,0.07407407407407408,132.98477659225446,0.003542594296756148,0.7970837167701332,0.9497573503934615,0.0,0.8636363636363636,0.14222222222222222,0.32,0.4488888888888889,0.6463449448347092,0.6463449448347092,0.6982134580612183,nan,nan,nan,nan,nan,nan,nan,nan,nan,nan,nan,nan,nan,nan,nan,nan,nan,nan,nan,nan,nan,nan,nan,nan,nan,nan,nan,nan,nan,nan,nan,nan,nan,nan,nan,nan,nan,nan,nan,nan,nan,nan,nan,nan,nan,nan,nan,nan,nan,nan,nan,nan,nan
591,71861,0.2548435179236842,-0.24595424127578613,0.3244444444444444,0,87,0.8275862068965517,0.011494252873563218,0.034482758620689655,0.011494252873563218,0.022988505747126436,0.8735632183908046,0.10344827586206896,0.022988505747126436,4.0,0.0,0.09324074074074072,70.46623086929313,0.004541182294730135,1.0217660163142803,0.9662080203519807,0.0,1.0,0.18222222222222223,nan,nan,0.6857061684131622,0.6857061684131622,0.6666312515735626,nan,nan,nan,nan,nan,nan,nan,nan,nan,nan,nan,nan,nan,nan,nan,nan,nan,nan,nan,nan,nan,nan,nan,nan,nan,nan,nan,nan,nan,nan,nan,nan,nan,nan,nan,nan,nan,nan,nan,nan,nan,nan,nan,nan,nan,nan,nan,nan,nan,nan,nan,nan,nan
592,71969,0.2554777969811488,-1.8713791604042054,0.3022222222222222,0,108,0.6203703703703703,0.18518518518518517,0.05555555555555555,0.0,0.009259259259259259,0.8611111111111112,0.12962962962962962,0.009259259259259259,13.0,0.1111111111111111,0.07088888888888889,90.41313486099234,0.003293523427050757,0.7410427710864204,0.975435423310431,0.0,0.9333333333333333,0.13777777777777778,0.27555555555555555,nan,0.7765014320611954,0.7765014320611954,0.9300780296325684,nan,nan,nan,nan,nan,nan,nan,nan,nan,nan,nan,nan,nan,nan,nan,nan,nan,nan,nan,nan,nan,nan,nan,nan,nan,nan,nan,nan,nan,nan,nan,nan,nan,nan,nan,nan,nan,nan,nan,nan,nan,nan,nan,nan,nan,nan,nan,nan,nan,nan,nan,nan,nan
593,72096,0.25621956457544703,-0.5377248651981344,0.4088888888888889,0,127,0.7165354330708661,0.05511811023622047,0.06299212598425197,0.007874015748031496,0.007874015748031496,0.8346456692913385,0.11811023622047244,0.047244094488188976,6.0,0.007874015748031496,0.0674074074074074,100.86404633522024,0.00400979793236015,0.9022045347810337,0.9221942735504994,0.0,0.8,0.18666666666666668,0.3333333333333333,nan,0.6122187674045563,0.6122187674045563,0.6805572435259819,nan,nan,nan,nan,nan,nan,nan,nan,nan,nan,nan,nan,nan,nan,nan,nan,nan,nan,nan,nan,nan,nan,nan,nan,nan,nan,nan,nan,nan,nan,nan,nan,nan,nan,nan,nan,nan,nan,nan,nan,nan,nan,nan,nan,nan,nan,nan,nan,nan,nan,nan,nan,nan
594,72212,0.2568932201519243,-1.3807349269390103,0.32,0,116,0.6120689655172413,0.1724137931034483,0.04310344827586207,0.02586206896551724,0.008620689655172414,0.8275862068965517,0.14655172413793102,0.02586206896551724,11.0,0.10344827586206896,0.0651111111111111,90.5689040660857,0.003484148989208296,0.7839335225718665,0.9794214153027789,0.0,0.6875,0.18222222222222223,0.3022222222222222,nan,0.7237645983695984,0.7237645983695984,0.8280853629112244,nan,nan,nan,nan,nan,nan,nan,nan,nan,nan,nan,nan,nan,nan,nan,nan,nan,nan,nan,nan,nan,nan,nan,nan,nan,nan,nan,nan,nan,nan,nan,nan,nan,nan,nan,nan,nan,nan,nan,nan,nan,nan,nan,nan,nan,nan,nan,nan,nan,nan,nan,nan,nan
595,72313,0.2574767646950371,-0.8436705765724184,0.3244444444444444,0,101,0.7128712871287128,0.0594059405940594,0.0594059405940594,0.019801980198019802,0.009900990099009901,0.8316831683168316,0.12871287128712872,0.039603960396039604,11.0,0.0594059405940594,0.064,80.26352930068961,0.0039868667972621855,0.8970450293839918,0.9929154163403582,0.0,0.8,0.18222222222222223,0.3244444444444444,nan,0.6520974040031433,0.6520974040031433,0.8054517358541489,nan,nan,nan,nan,nan,nan,nan,nan,nan,nan,nan,nan,nan,nan,nan,nan,nan,nan,nan,nan,nan,nan,nan,nan,nan,nan,nan,nan,nan,nan,nan,nan,nan,nan,nan,nan,nan,nan,nan,nan,nan,nan,nan,nan,nan,nan,nan,nan,nan,nan,nan,nan,nan
596,72441,0.2582122993072307,-1.9019896972179413,0.3511111111111111,0,128,0.609375,0.125,0.1015625,0.015625,0.0078125,0.8359375,0.125,0.0390625,12.0,0.0625,0.05777777777777778,100.60942568778975,0.0034456678814810005,0.7752752733332251,0.9619591217536841,0.0,0.7368421052631579,0.16,0.29777777777777775,nan,0.7374152839183807,0.7374152839183807,0.726964682340622,nan,nan,nan,nan,nan,nan,nan,nan,nan,nan,nan,nan,nan,nan,nan,nan,nan,nan,nan,nan,nan,nan,nan,nan,nan,nan,nan,nan,nan,nan,nan,nan,nan,nan,nan,nan,nan,nan,nan,nan,nan,nan,nan,nan,nan,nan,nan,nan,nan,nan,nan,nan,nan
597,72520,0.2586640294725374,-0.82477276802063,0.29333333333333333,0,79,0.8227848101265823,0.02531645569620253,0.06329113924050633,0.0,0.02531645569620253,0.9113924050632911,0.08860759493670886,0.0,4.0,0.0,0.09555555555555556,68.00735969543454,0.004247906258714563,0.9557789082107766,0.9483785454454192,0.0,1.0,0.18666666666666668,nan,nan,0.7948327958583832,0.7948327958583832,0.7494333833456039,nan,nan,nan,nan,nan,nan,nan,nan,nan,nan,nan,nan,nan,nan,nan,nan,nan,nan,nan,nan,nan,nan,nan,nan,nan,nan,nan,nan,nan,nan,nan,nan,nan,nan,nan,nan,nan,nan,nan,nan,nan,nan,nan,nan,nan,nan,nan,nan,nan,nan,nan,nan,nan
598,72673,0.25953406045169,-3.0574818687438974,0.35555555555555557,0,153,0.5163398692810458,0.1437908496732026,0.0784313725490196,0.1111111111111111,0.006535947712418301,0.738562091503268,0.22875816993464052,0.032679738562091505,16.0,0.22875816993464052,0.059470899470899466,110.5664939880369,0.0031755652046731335,0.714502171051455,0.9523921020976536,0.013071895424836602,0.4782608695652174,0.18666666666666668,0.31555555555555553,0.3466666666666667,0.6332776099443436,0.6332776099443436,0.7271072044968605,nan,nan,nan,nan,nan,nan,nan,nan,nan,nan,nan,nan,nan,nan,nan,nan,nan,nan,nan,nan,nan,nan,nan,nan,nan,nan,nan,nan,nan,nan,nan,nan,nan,nan,nan,nan,nan,nan,nan,nan,nan,nan,nan,nan,nan,nan,nan,nan,nan,nan,nan,nan,nan
599,72793,0.26021197838768356,-2.7621081514358523,0.3288888888888889,0,120,0.6083333333333333,0.13333333333333333,0.09166666666666666,0.03333333333333333,0.008333333333333333,0.8333333333333334,0.125,0.041666666666666664,12.0,0.11666666666666667,0.06644444444444444,100.63912525176994,0.003223840068490048,0.7253640154102606,0.9621659157720742,0.0,0.75,0.18222222222222223,0.29777777777777775,nan,0.6774689257144928,0.6774689257144928,0.6759141534566879,nan,nan,nan,nan,nan,nan,nan,nan,nan,nan,nan,nan,nan,nan,nan,nan,nan,nan,nan,nan,nan,nan,nan,nan,nan,nan,nan,nan,nan,nan,nan,nan,nan,nan,nan,nan,nan,nan,nan,nan,nan,nan,nan,nan,nan,nan,nan,nan,nan,nan,nan,nan,nan
600,72911,0.26087478112527007,-3.4276570370197295,0.27111111111111114,-2,118,0.5084745762711864,0.23728813559322035,0.06779661016949153,0.01694915254237288,0.01694915254237288,0.8135593220338984,0.16101694915254236,0.025423728813559324,21.0,0.19491525423728814,0.05644444444444445,96.85387654304489,0.0027532885227175364,0.6194899176114456,0.9790432011652158,0.0,0.65,0.15555555555555556,0.2311111111111111,nan,0.7460168302059174,0.7460168302059174,0.6889342218637466,-2.3701729353666305,0.23022222222222224,-0.6,91.0,0.0,1.0,0.6135393271648021,0.23958851596652525,0.05330324968152509,0.0,0.02418949646241573,0.9064310928128523,0.09356890718714764,0.0,24.3,0.20718801941870627,0.06234732510288066,76.26831367015829,0.0031910115383068185,0.717977596119034,0.9221144450299888,0.0,0.7436907536907537,0.17925925925925926,0.24799999999999994,nan,-2.9424440084457397,0.21555555555555558,-0.3,94.6,0.0,1.0,0.5220967573102797,0.3080996010609237,0.05787444093363857,0.0007751937984496124,0.01702533290402297,0.8880707993048421,0.11192920069515792,0.0,29.8,0.28568481506372256,0.057192977915804,80.4985143661498,0.0027444360993168463,0.6174981223462903,0.916965701358107,0.0,0.5701312576312576,0.17135802469135802,0.2577777777777778,0.3022222222222222,0.35287407407407406
601,72962,0.26116007682153675,-1.5905340516567228,0.17333333333333334,0,51,0.7450980392156863,0.0392156862745098,0.09803921568627451,0.0,0.0392156862745098,0.8823529411764706,0.11764705882352941,0.0,6.0,0.0196078431372549,0.09185185185185185,40.424133825302114,0.004177922268384602,0.9400325103865352,0.9661964878811548,0.0,1.0,0.1688888888888889,nan,nan,0.6638894975185394,0.6638894975185394,0.6758488193154335,nan,nan,nan,nan,nan,nan,nan,nan,nan,nan,nan,nan,nan,nan,nan,nan,nan,nan,nan,nan,nan,nan,nan,nan,nan,nan,nan,nan,nan,nan,nan,nan,nan,nan,nan,nan,nan,nan,nan,nan,nan,nan,nan,nan,nan,nan,nan,nan,nan,nan,nan,nan,nan
602,73048,0.26163956616347617,-1.4775829017162323,0.27111111111111114,0,86,0.6976744186046512,0.08139534883720931,0.06976744186046512,0.023255813953488372,0.011627906976744186,0.8488372093023255,0.12790697674418605,0.023255813953488372,10.0,0.05813953488372093,0.07515151515151516,70.01507525444028,0.003808703564162134,0.85695830193648,0.9619184905876251,0.0,0.8,0.18222222222222223,nan,nan,0.6754039525985718,0.6754039525985718,0.6958582252264023,nan,nan,nan,nan,nan,nan,nan,nan,nan,nan,nan,nan,nan,nan,nan,nan,nan,nan,nan,nan,nan,nan,nan,nan,nan,nan,nan,nan,nan,nan,nan,nan,nan,nan,nan,nan,nan,nan,nan,nan,nan,nan,nan,nan,nan,nan,nan,nan,nan,nan,nan,nan,nan
603,73126,0.2620727189389297,-1.0830072166919704,0.28444444444444444,0,78,0.8076923076923077,0.05128205128205128,0.01282051282051282,0.01282051282051282,0.01282051282051282,0.8717948717948718,0.10256410256410256,0.02564102564102564,4.0,0.0,0.09444444444444441,70.09530682563776,0.003994561300608907,0.8987762926370041,0.9622324679322188,0.0,0.8888888888888888,0.18666666666666668,nan,nan,0.638420045375824,0.638420045375824,0.561331644654274,nan,nan,nan,nan,nan,nan,nan,nan,nan,nan,nan,nan,nan,nan,nan,nan,nan,nan,nan,nan,nan,nan,nan,nan,nan,nan,nan,nan,nan,nan,nan,nan,nan,nan,nan,nan,nan,nan,nan,nan,nan,nan,nan,nan,nan,nan,nan,nan,nan,nan,nan,nan,nan
604,73250,0.26275793166527966,-0.4999085831642145,0.3466666666666667,0,124,0.6209677419354839,0.1693548387096774,0.04838709677419355,0.0,0.008064516129032258,0.8387096774193549,0.13709677419354838,0.024193548387096774,13.0,0.10483870967741936,0.06885185185185186,90.05627222061136,0.0038000931393637805,0.8550209563568506,0.9569658678838584,0.0,0.5263157894736842,0.17777777777777778,0.29777777777777775,nan,0.7865307480096817,0.7865307480096817,0.6885880827903748,nan,nan,nan,nan,nan,nan,nan,nan,nan,nan,nan,nan,nan,nan,nan,nan,nan,nan,nan,nan,nan,nan,nan,nan,nan,nan,nan,nan,nan,nan,nan,nan,nan,nan,nan,nan,nan,nan,nan,nan,nan,nan,nan,nan,nan,nan,nan,nan,nan,nan,nan,nan,nan
605,73332,0.2632087733476731,-1.2472780115604398,0.28,0,82,0.7560975609756098,0.06097560975609756,0.036585365853658534,0.024390243902439025,0.012195121951219513,0.8536585365853658,0.13414634146341464,0.012195121951219513,4.0,0.0,0.0774603174603175,70.47883820533747,0.003909763023515438,0.8796966802909735,0.9557492292675914,0.0,0.9,0.17333333333333334,nan,nan,0.7068105190992355,0.7068105190992355,0.6414195820689201,nan,nan,nan,nan,nan,nan,nan,nan,nan,nan,nan,nan,nan,nan,nan,nan,nan,nan,nan,nan,nan,nan,nan,nan,nan,nan,nan,nan,nan,nan,nan,nan,nan,nan,nan,nan,nan,nan,nan,nan,nan,nan,nan,nan,nan,nan,nan,nan,nan,nan,nan,nan,nan
606,73523,0.2642518694220139,-1.3496379694938656,0.4488888888888889,0,191,0.5235602094240838,0.19895287958115182,0.03664921465968586,0.08900523560209424,0.005235602094240838,0.7591623036649214,0.21465968586387435,0.02617801047120419,13.0,0.16753926701570682,0.05649305555555556,130.32036161422695,0.0034103991037109345,0.7673397983349602,0.9621501912084376,0.005235602094240838,0.6551724137931034,0.18222222222222223,0.31555555555555553,0.39555555555555555,0.6815057694911957,0.6815057694911957,0.6333268359303474,nan,nan,nan,nan,nan,nan,nan,nan,nan,nan,nan,nan,nan,nan,nan,nan,nan,nan,nan,nan,nan,nan,nan,nan,nan,nan,nan,nan,nan,nan,nan,nan,nan,nan,nan,nan,nan,nan,nan,nan,nan,nan,nan,nan,nan,nan,nan,nan,nan,nan,nan,nan,nan
607,73612,0.26473456228986514,-1.406716210126877,0.25333333333333335,0,89,0.6292134831460674,0.16853932584269662,0.056179775280898875,0.011235955056179775,0.033707865168539325,0.8539325842696629,0.1348314606741573,0.011235955056179775,11.0,0.11235955056179775,0.06484126984126985,67.59729723930347,0.003681935507092672,0.8284354890958512,0.9787964514058693,0.0,0.6666666666666666,0.18222222222222223,nan,nan,0.7276357263326645,0.7276357263326645,0.9306625425815582,nan,nan,nan,nan,nan,nan,nan,nan,nan,nan,nan,nan,nan,nan,nan,nan,nan,nan,nan,nan,nan,nan,nan,nan,nan,nan,nan,nan,nan,nan,nan,nan,nan,nan,nan,nan,nan,nan,nan,nan,nan,nan,nan,nan,nan,nan,nan,nan,nan,nan,nan,nan,nan
608,73658,0.26498320854704616,-3.9858667092323294,0.08888888888888889,0,46,0.41304347826086957,0.17391304347826086,0.15217391304347827,0.08695652173913043,0.043478260869565216,0.7391304347826086,0.2391304347826087,0.021739130434782608,17.0,0.32608695652173914,0.043915343915343914,40.998730564117444,0.0020596843678460422,0.4634289827653595,0.9460027760054849,0.0,0.5,nan,nan,nan,0.6247452050447464,0.6247452050447464,0.8944143652915955,nan,nan,nan,nan,nan,nan,nan,nan,nan,nan,nan,nan,nan,nan,nan,nan,nan,nan,nan,nan,nan,nan,nan,nan,nan,nan,nan,nan,nan,nan,nan,nan,nan,nan,nan,nan,nan,nan,nan,nan,nan,nan,nan,nan,nan,nan,nan,nan,nan,nan,nan,nan,nan
609,73800,0.26574718139750186,-1.524527901172638,0.3244444444444444,0,142,0.5070422535211268,0.24647887323943662,0.035211267605633804,0.028169014084507043,0.014084507042253521,0.7887323943661971,0.18309859154929578,0.028169014084507043,17.0,0.2323943661971831,0.05333333333333332,100.16693239212015,0.003194667065846708,0.7188000898155092,0.9708135553678989,0.0,0.48,0.12,0.28888888888888886,nan,0.7027340829372406,0.7027340829372406,0.7227707803249359,nan,nan,nan,nan,nan,nan,nan,nan,nan,nan,nan,nan,nan,nan,nan,nan,nan,nan,nan,nan,nan,nan,nan,nan,nan,nan,nan,nan,nan,nan,nan,nan,nan,nan,nan,nan,nan,nan,nan,nan,nan,nan,nan,nan,nan,nan,nan,nan,nan,nan,nan,nan,nan
610,73953,0.26656427876986655,-2.298278064727782,0.37777777777777777,0,153,0.5490196078431373,0.21568627450980393,0.0784313725490196,0.0196078431372549,0.0,0.8431372549019608,0.11764705882352941,0.0392156862745098,33.0,0.26143790849673204,0.05333333333333334,120.38360061645479,0.0031011976001846203,0.6977694600415395,0.8999841324815883,0.0,0.5238095238095238,0.16,0.29777777777777775,0.37777777777777777,0.6195360869169235,0.6195360869169235,0.6273047924041748,nan,nan,nan,nan,nan,nan,nan,nan,nan,nan,nan,nan,nan,nan,nan,nan,nan,nan,nan,nan,nan,nan,nan,nan,nan,nan,nan,nan,nan,nan,nan,nan,nan,nan,nan,nan,nan,nan,nan,nan,nan,nan,nan,nan,nan,nan,nan,nan,nan,nan,nan,nan,nan
611,74027,0.266957225616506,-2.47856256532669,0.2222222222222222,-1,74,0.6621621621621622,0.10810810810810811,0.08108108108108109,0.013513513513513514,0.02702702702702703,0.8513513513513513,0.12162162162162163,0.02702702702702703,12.0,0.0945945945945946,0.07358024691358024,65.42440538406369,0.003328693268197816,0.7489559853445087,0.9596774013007069,0.0,0.7,0.1511111111111111,nan,nan,0.6920219585299492,0.6920219585299492,0.7765044867992401,nan,nan,nan,nan,nan,nan,nan,nan,nan,nan,nan,nan,nan,nan,nan,nan,nan,nan,nan,nan,nan,nan,nan,nan,nan,nan,nan,nan,nan,nan,nan,nan,nan,nan,nan,nan,nan,nan,nan,nan,nan,nan,nan,nan,nan,nan,nan,nan,nan,nan,nan,nan,nan
612,74225,0.268001421194067,-5.224534075975419,0.40444444444444444,0,198,0.45454545454545453,0.16666666666666666,0.11616161616161616,0.12121212121212122,0.0,0.7373737373737373,0.22727272727272727,0.03535353535353535,24.0,0.29292929292929293,0.050144927536231884,140.53841977119447,0.0028461967955184467,0.6403942789916505,0.908490658953065,0.010101010101010102,0.5357142857142857,0.18666666666666668,0.28,0.37333333333333335,0.6862360835075378,0.6862360835075378,0.7209734916687012,nan,nan,nan,nan,nan,nan,nan,nan,nan,nan,nan,nan,nan,nan,nan,nan,nan,nan,nan,nan,nan,nan,nan,nan,nan,nan,nan,nan,nan,nan,nan,nan,nan,nan,nan,nan,nan,nan,nan,nan,nan,nan,nan,nan,nan,nan,nan,nan,nan,nan,nan,nan,nan
613,74349,0.2686500306996018,-3.171307981729507,0.3377777777777778,0,124,0.6048387096774194,0.056451612903225805,0.1532258064516129,0.03225806451612903,0.008064516129032258,0.8145161290322581,0.12096774193548387,0.06451612903225806,29.0,0.1935483870967742,0.06666666666666668,90.35531411170938,0.0036891392234132676,0.8300563252679851,0.9100218960605434,0.0,0.5263157894736842,0.18222222222222223,0.3377777777777778,nan,0.7439877539873123,0.7439877539873123,0.7425118386745453,nan,nan,nan,nan,nan,nan,nan,nan,nan,nan,nan,nan,nan,nan,nan,nan,nan,nan,nan,nan,nan,nan,nan,nan,nan,nan,nan,nan,nan,nan,nan,nan,nan,nan,nan,nan,nan,nan,nan,nan,nan,nan,nan,nan,nan,nan,nan,nan,nan,nan,nan,nan,nan
614,74509,0.2694808913012046,-2.112250661134719,0.40444444444444444,0,160,0.5625,0.14375,0.1,0.03125,0.0,0.80625,0.15,0.04375,22.0,0.20625,0.06095238095238096,120.21191105842564,0.003327457291695423,0.74867789063147,0.936924886114687,0.0,0.5,0.18222222222222223,0.21777777777777776,0.38666666666666666,0.7805677801370621,0.7805677801370621,0.8635918945074081,nan,nan,nan,nan,nan,nan,nan,nan,nan,nan,nan,nan,nan,nan,nan,nan,nan,nan,nan,nan,nan,nan,nan,nan,nan,nan,nan,nan,nan,nan,nan,nan,nan,nan,nan,nan,nan,nan,nan,nan,nan,nan,nan,nan,nan,nan,nan,nan,nan,nan,nan,nan,nan
615,74640,0.27015608760521925,-1.2813941268920896,0.35555555555555557,0,131,0.6030534351145038,0.17557251908396945,0.05343511450381679,0.022900763358778626,0.007633587786259542,0.8320610687022901,0.1450381679389313,0.022900763358778626,19.0,0.1450381679389313,0.0725925925925926,100.6228012084959,0.003489379215189904,0.7851103234177284,0.9499864478471346,0.007633587786259542,0.6842105263157895,0.14222222222222222,0.28888888888888886,nan,0.7153709828853607,0.7153709828853607,0.7085867822170258,nan,nan,nan,nan,nan,nan,nan,nan,nan,nan,nan,nan,nan,nan,nan,nan,nan,nan,nan,nan,nan,nan,nan,nan,nan,nan,nan,nan,nan,nan,nan,nan,nan,nan,nan,nan,nan,nan,nan,nan,nan,nan,nan,nan,nan,nan,nan,nan,nan,nan,nan,nan,nan
616,74776,0.27085223320696106,-2.342518253803254,0.3022222222222222,0,136,0.49264705882352944,0.22058823529411764,0.09558823529411764,0.014705882352941176,0.0,0.8088235294117647,0.15441176470588236,0.03676470588235294,20.0,0.25,0.05811447811447811,100.25255479812606,0.002970276202710237,0.6683121456098032,0.9846013043671751,0.0,0.5833333333333334,0.13333333333333333,0.17777777777777778,nan,0.6813637465238571,0.6813637465238571,0.6137712001800537,nan,nan,nan,nan,nan,nan,nan,nan,nan,nan,nan,nan,nan,nan,nan,nan,nan,nan,nan,nan,nan,nan,nan,nan,nan,nan,nan,nan,nan,nan,nan,nan,nan,nan,nan,nan,nan,nan,nan,nan,nan,nan,nan,nan,nan,nan,nan,nan,nan,nan,nan,nan,nan
617,74867,0.27131529776082003,0.1802320663928989,0.3333333333333333,0,91,0.8131868131868132,0.02197802197802198,0.04395604395604396,0.02197802197802198,0.01098901098901099,0.8791208791208791,0.08791208791208792,0.03296703296703297,4.0,0.0,0.0897222222222222,70.46445651054371,0.004667443774857991,1.050174849343048,0.9372956515526165,0.0,1.0,0.18222222222222223,nan,nan,0.5843765139579773,0.5843765139579773,0.5240517556667328,nan,nan,nan,nan,nan,nan,nan,nan,nan,nan,nan,nan,nan,nan,nan,nan,nan,nan,nan,nan,nan,nan,nan,nan,nan,nan,nan,nan,nan,nan,nan,nan,nan,nan,nan,nan,nan,nan,nan,nan,nan,nan,nan,nan,nan,nan,nan,nan,nan,nan,nan,nan,nan
618,75020,0.27208891515446165,-0.9032242248058313,0.4177777777777778,0,153,0.6078431372549019,0.20261437908496732,0.026143790849673203,0.006535947712418301,0.0,0.8366013071895425,0.1437908496732026,0.0196078431372549,12.0,0.10457516339869281,0.06835978835978837,120.28784976005535,0.0034362018620985547,0.7731454189721747,0.9769172945169033,0.0,0.625,0.13777777777777778,0.30666666666666664,0.4088888888888889,0.7241010516881943,0.7241010516881943,0.7491143047809601,nan,nan,nan,nan,nan,nan,nan,nan,nan,nan,nan,nan,nan,nan,nan,nan,nan,nan,nan,nan,nan,nan,nan,nan,nan,nan,nan,nan,nan,nan,nan,nan,nan,nan,nan,nan,nan,nan,nan,nan,nan,nan,nan,nan,nan,nan,nan,nan,nan,nan,nan,nan,nan
619,75143,0.2727063560206531,-1.8223612363338466,0.32,-2,123,0.5772357723577236,0.16260162601626016,0.016260162601626018,0.016260162601626018,0.016260162601626018,0.7560975609756098,0.18699186991869918,0.056910569105691054,12.0,0.0975609756097561,0.06365217391304348,93.37486891746508,0.0033794484448966466,0.7603759001017454,0.9941825776453348,0.0,0.7142857142857143,0.18666666666666668,0.28888888888888886,nan,0.757569819688797,0.757569819688797,0.7923113703727722,nan,nan,nan,nan,nan,nan,nan,nan,nan,nan,nan,nan,nan,nan,nan,nan,nan,nan,nan,nan,nan,nan,nan,nan,nan,nan,nan,nan,nan,nan,nan,nan,nan,nan,nan,nan,nan,nan,nan,nan,nan,nan,nan,nan,nan,nan,nan,nan,nan,nan,nan,nan,nan
620,75283,0.2734042762889802,-1.6894177000522608,0.40444444444444444,0,140,0.6428571428571429,0.07857142857142857,0.05,0.05,0.007142857142857143,0.7714285714285715,0.17857142857142858,0.05,8.0,0.03571428571428571,0.06814814814814815,110.23254952430716,0.0036286922667228775,0.8164557600126474,0.9637278935013439,0.0,0.8333333333333334,0.1511111111111111,0.32,nan,0.6765508651733398,0.6765508651733398,0.6918453425168991,-1.9373903849601746,0.23777777777777773,-0.3,85.1,0.0,1.0,0.6377752178686001,0.211446891248239,0.04398277084833645,0.0014492753623188406,0.023300880104421315,0.8932048799651756,0.10679512003482441,0.0,15.6,0.1629772330135563,0.06900335275701633,71.25990842819209,0.0033461176186413977,0.7528764641943145,0.9367678663714736,0.0,0.773498139287613,0.17679012345679013,0.277037037037037,nan,-5.3936511052846905,0.20444444444444443,-0.3,93.1,0.0,1.0,0.5261381624139717,0.25650168168777887,0.03732509518124792,0.06140676567656765,0.016467286460813822,0.8199649392829984,0.18003506071700145,0.0,33.7,0.29997199217928416,0.050102356902356905,77.5242962408065,0.0027838245791968926,0.6263605303193007,0.8879806339081666,0.0,0.5918633540372671,0.15703703703703703,0.20222222222222222,nan,0.37009876543209874
621,75327,0.273622555863406,-1.9943736119270317,0.16,-1,44,0.7954545454545454,0.0,0.13636363636363635,0.0,0.06818181818181818,0.9318181818181818,0.06818181818181818,0.0,7.0,0.045454545454545456,0.0904093567251462,36.76546297073366,0.004231023982463709,0.9519803960543346,0.9120791538159708,0.0,1.0,nan,nan,nan,0.6096763908863068,0.6096763908863068,0.4954956918954849,nan,nan,nan,nan,nan,nan,nan,nan,nan,nan,nan,nan,nan,nan,nan,nan,nan,nan,nan,nan,nan,nan,nan,nan,nan,nan,nan,nan,nan,nan,nan,nan,nan,nan,nan,nan,nan,nan,nan,nan,nan,nan,nan,nan,nan,nan,nan,nan,nan,nan,nan,nan,nan
622,75474,0.27434811355080296,-1.5252529015541065,0.4266666666666667,0,147,0.6462585034013606,0.12244897959183673,0.04081632653061224,0.013605442176870748,0.006802721088435374,0.8095238095238095,0.16326530612244897,0.027210884353741496,7.0,0.02040816326530612,0.07198653198653199,120.03098001480086,0.0035176103883360664,0.7914623373756148,0.960846033626021,0.0,0.6538461538461539,0.16444444444444445,0.30666666666666664,nan,0.6792116016149521,0.6792116016149521,0.6119529604911804,nan,nan,nan,nan,nan,nan,nan,nan,nan,nan,nan,nan,nan,nan,nan,nan,nan,nan,nan,nan,nan,nan,nan,nan,nan,nan,nan,nan,nan,nan,nan,nan,nan,nan,nan,nan,nan,nan,nan,nan,nan,nan,nan,nan,nan,nan,nan,nan,nan,nan,nan,nan,nan
623,75583,0.27488244496007963,-0.16448923969268692,0.3377777777777778,0,109,0.6880733944954128,0.10091743119266056,0.027522935779816515,0.027522935779816515,0.009174311926605505,0.8165137614678899,0.14678899082568808,0.03669724770642202,8.0,0.03669724770642202,0.07930864197530865,80.81418323516833,0.004124688513689945,0.9280549155802377,0.9625862852310837,0.0,0.8235294117647058,0.17777777777777778,0.3022222222222222,nan,0.6954670399427414,0.6954670399427414,0.7670110762119293,nan,nan,nan,nan,nan,nan,nan,nan,nan,nan,nan,nan,nan,nan,nan,nan,nan,nan,nan,nan,nan,nan,nan,nan,nan,nan,nan,nan,nan,nan,nan,nan,nan,nan,nan,nan,nan,nan,nan,nan,nan,nan,nan,nan,nan,nan,nan,nan,nan,nan,nan,nan,nan
624,75693,0.27541851743580226,-0.9357419404983507,0.35555555555555557,0,110,0.7181818181818181,0.11818181818181818,0.045454545454545456,0.00909090909090909,0.00909090909090909,0.8818181818181818,0.11818181818181818,0.0,8.0,0.02727272727272727,0.08088888888888889,91.72135181426992,0.0038280193669854483,0.8613043575717257,0.919967734014231,0.0,0.9166666666666666,0.17777777777777778,0.32,nan,0.6662550717592239,0.6662550717592239,0.595395877957344,nan,nan,nan,nan,nan,nan,nan,nan,nan,nan,nan,nan,nan,nan,nan,nan,nan,nan,nan,nan,nan,nan,nan,nan,nan,nan,nan,nan,nan,nan,nan,nan,nan,nan,nan,nan,nan,nan,nan,nan,nan,nan,nan,nan,nan,nan,nan,nan,nan,nan,nan,nan,nan
625,75758,0.2757337967000011,-2.4382607545852664,0.20444444444444446,-1,65,0.6923076923076923,0.07692307692307693,0.06153846153846154,0.03076923076923077,0.03076923076923077,0.8307692307692308,0.15384615384615385,0.015384615384615385,7.0,0.03076923076923077,0.07950617283950619,58.65010242462158,0.0034100537208275887,0.7672620871862075,0.968288883493272,0.0,0.8888888888888888,0.14666666666666667,nan,nan,0.6791379898786545,0.6791379898786545,0.696873739361763,nan,nan,nan,nan,nan,nan,nan,nan,nan,nan,nan,nan,nan,nan,nan,nan,nan,nan,nan,nan,nan,nan,nan,nan,nan,nan,nan,nan,nan,nan,nan,nan,nan,nan,nan,nan,nan,nan,nan,nan,nan,nan,nan,nan,nan,nan,nan,nan,nan,nan,nan,nan,nan
626,75914,0.2764859546943611,-1.873493781805039,0.3511111111111111,0,156,0.5,0.23076923076923078,0.04487179487179487,0.03205128205128205,0.01282051282051282,0.7756410256410257,0.19230769230769232,0.03205128205128205,28.0,0.1987179487179487,0.05153439153439151,110.26184554100018,0.003144031055944559,0.7074069875875257,0.9663100445065711,0.00641025641025641,0.5333333333333333,0.14666666666666667,0.27555555555555555,0.3466666666666667,0.7855928987264633,0.7855928987264633,0.8242223262786865,nan,nan,nan,nan,nan,nan,nan,nan,nan,nan,nan,nan,nan,nan,nan,nan,nan,nan,nan,nan,nan,nan,nan,nan,nan,nan,nan,nan,nan,nan,nan,nan,nan,nan,nan,nan,nan,nan,nan,nan,nan,nan,nan,nan,nan,nan,nan,nan,nan,nan,nan,nan,nan
627,76058,0.2771746089893965,-3.7225814700126643,0.3244444444444444,-2,144,0.5,0.20833333333333334,0.0625,0.0625,0.006944444444444444,0.7708333333333334,0.16666666666666666,0.0625,29.0,0.2916666666666667,0.053801169590643266,115.17696638107292,0.00277833329054051,0.6251249903716147,0.9450837896608206,0.006944444444444444,0.4166666666666667,0.18222222222222223,0.26222222222222225,nan,0.7428793460130692,0.7428793460130692,0.5973170399665833,nan,nan,nan,nan,nan,nan,nan,nan,nan,nan,nan,nan,nan,nan,nan,nan,nan,nan,nan,nan,nan,nan,nan,nan,nan,nan,nan,nan,nan,nan,nan,nan,nan,nan,nan,nan,nan,nan,nan,nan,nan,nan,nan,nan,nan,nan,nan,nan,nan,nan,nan,nan,nan
628,76156,0.2776401824514124,-1.0666862967014312,0.3288888888888889,0,98,0.7448979591836735,0.061224489795918366,0.061224489795918366,0.0,0.02040816326530612,0.8673469387755102,0.11224489795918367,0.02040816326530612,7.0,0.02040816326530612,0.0823671497584541,80.65415520668019,0.004022662485435993,0.9050990592230984,0.9451331285659738,0.0,0.9230769230769231,0.18222222222222223,nan,nan,0.6558735817670822,0.6558735817670822,0.5386032909154892,nan,nan,nan,nan,nan,nan,nan,nan,nan,nan,nan,nan,nan,nan,nan,nan,nan,nan,nan,nan,nan,nan,nan,nan,nan,nan,nan,nan,nan,nan,nan,nan,nan,nan,nan,nan,nan,nan,nan,nan,nan,nan,nan,nan,nan,nan,nan,nan,nan,nan,nan,nan,nan
629,76248,0.2780749741287413,-2.263609633922576,0.2577777777777778,-1,92,0.6195652173913043,0.05434782608695652,0.15217391304347827,0.010869565217391304,0.021739130434782608,0.8260869565217391,0.13043478260869565,0.043478260869565216,18.0,0.14130434782608695,0.07169934640522876,68.06294889450065,0.0037220446285100967,0.8374600414147716,0.9310171275659158,0.0,0.6666666666666666,0.11555555555555555,nan,nan,0.7612722814083099,0.7612722814083099,0.6109901964664459,nan,nan,nan,nan,nan,nan,nan,nan,nan,nan,nan,nan,nan,nan,nan,nan,nan,nan,nan,nan,nan,nan,nan,nan,nan,nan,nan,nan,nan,nan,nan,nan,nan,nan,nan,nan,nan,nan,nan,nan,nan,nan,nan,nan,nan,nan,nan,nan,nan,nan,nan,nan,nan
630,76384,0.27871367546606307,-0.10035674190521171,0.38666666666666666,0,136,0.6323529411764706,0.18382352941176472,0.058823529411764705,0.0,0.0,0.875,0.09558823529411764,0.029411764705882353,29.0,0.17647058823529413,0.07124579124579124,100.70815944671607,0.0037953451271686995,0.8539526536129574,0.9518251813821663,0.0,0.6470588235294118,0.19111111111111112,0.26222222222222225,nan,0.6394759863615036,0.6394759863615036,0.707717202603817,nan,nan,nan,nan,nan,nan,nan,nan,nan,nan,nan,nan,nan,nan,nan,nan,nan,nan,nan,nan,nan,nan,nan,nan,nan,nan,nan,nan,nan,nan,nan,nan,nan,nan,nan,nan,nan,nan,nan,nan,nan,nan,nan,nan,nan,nan,nan,nan,nan,nan,nan,nan,nan
631,76547,0.2794728474482307,-6.507283605337151,0.28888888888888886,0,163,0.39263803680981596,0.24539877300613497,0.19631901840490798,0.024539877300613498,0.0,0.8343558282208589,0.12883435582822086,0.03680981595092025,26.0,0.3496932515337423,0.04297924297924296,120.08841528892486,0.0023686251813723226,0.5329406658087725,0.8716448895640585,0.0,0.43478260869565216,0.1288888888888889,0.2,0.27111111111111114,0.7254850715398788,0.7254850715398788,0.5854529961943626,nan,nan,nan,nan,nan,nan,nan,nan,nan,nan,nan,nan,nan,nan,nan,nan,nan,nan,nan,nan,nan,nan,nan,nan,nan,nan,nan,nan,nan,nan,nan,nan,nan,nan,nan,nan,nan,nan,nan,nan,nan,nan,nan,nan,nan,nan,nan,nan,nan,nan,nan,nan,nan
632,76664,0.28001352686853603,0.20922714543342624,0.43555555555555553,0,117,0.8290598290598291,0.05128205128205128,0.02564102564102564,0.0,0.008547008547008548,0.905982905982906,0.09401709401709402,0.0,5.0,0.0,0.09207843137254901,100.1787890911101,0.004303417070843473,0.9682688409397814,0.9241633240115446,0.0,0.9090909090909091,0.19555555555555557,0.37333333333333335,nan,0.6119955778121948,0.6119955778121948,0.5702632665634155,nan,nan,nan,nan,nan,nan,nan,nan,nan,nan,nan,nan,nan,nan,nan,nan,nan,nan,nan,nan,nan,nan,nan,nan,nan,nan,nan,nan,nan,nan,nan,nan,nan,nan,nan,nan,nan,nan,nan,nan,nan,nan,nan,nan,nan,nan,nan,nan,nan,nan,nan,nan,nan
633,76754,0.2804270222734496,-0.4487649462223051,0.31555555555555553,0,90,0.7777777777777778,0.011111111111111112,0.06666666666666667,0.011111111111111112,0.011111111111111112,0.8555555555555555,0.1111111111111111,0.03333333333333333,5.0,0.0,0.08740740740740739,70.79776139259327,0.004394363677488523,0.9887318274349175,0.8971367910969721,0.0,0.9166666666666666,0.16,nan,nan,0.7177948951721191,0.7177948951721191,0.7080470472574234,nan,nan,nan,nan,nan,nan,nan,nan,nan,nan,nan,nan,nan,nan,nan,nan,nan,nan,nan,nan,nan,nan,nan,nan,nan,nan,nan,nan,nan,nan,nan,nan,nan,nan,nan,nan,nan,nan,nan,nan,nan,nan,nan,nan,nan,nan,nan,nan,nan,nan,nan,nan,nan
634,76842,0.28082930353986746,-3.3933259620666507,0.1688888888888889,0,88,0.42045454545454547,0.18181818181818182,0.13636363636363635,0.056818181818181816,0.03409090909090909,0.7386363636363636,0.2159090909090909,0.045454545454545456,12.0,0.19318181818181818,0.04829059829059829,60.00310440063468,0.0027405989421224854,0.6166347619775592,0.9397051299437852,0.0,0.4117647058823529,0.11555555555555555,nan,nan,0.6321021765470505,0.6321021765470505,0.5545478910207748,nan,nan,nan,nan,nan,nan,nan,nan,nan,nan,nan,nan,nan,nan,nan,nan,nan,nan,nan,nan,nan,nan,nan,nan,nan,nan,nan,nan,nan,nan,nan,nan,nan,nan,nan,nan,nan,nan,nan,nan,nan,nan,nan,nan,nan,nan,nan,nan,nan,nan,nan,nan,nan
635,76976,0.2814380268235136,-6.7620592963695545,0.21777777777777776,0,134,0.3582089552238806,0.16417910447761194,0.04477611940298507,0.23880597014925373,0.007462686567164179,0.5671641791044776,0.417910447761194,0.014925373134328358,50.0,0.44029850746268656,0.035555555555555556,80.64818377494787,0.002645234193105314,0.5951776934486958,0.894796419197058,0.0,0.2692307692307692,0.18222222222222223,0.21777777777777776,nan,0.6477671563625336,0.6477671563625336,0.4221859946846962,nan,nan,nan,nan,nan,nan,nan,nan,nan,nan,nan,nan,nan,nan,nan,nan,nan,nan,nan,nan,nan,nan,nan,nan,nan,nan,nan,nan,nan,nan,nan,nan,nan,nan,nan,nan,nan,nan,nan,nan,nan,nan,nan,nan,nan,nan,nan,nan,nan,nan,nan,nan,nan
636,77074,0.2812145364618682,-1.1965026080608363,0.30666666666666664,0,98,0.6938775510204082,0.12244897959183673,0.05102040816326531,0.01020408163265306,0.01020408163265306,0.8673469387755102,0.10204081632653061,0.030612244897959183,8.0,0.061224489795918366,0.07671497584541062,81.17621531486499,0.0037230390829378723,0.8376837936610213,0.9502351693823002,0.0,0.75,0.18666666666666668,nan,nan,0.6866303384304047,0.6866303384304047,0.6439272537827492,nan,nan,nan,nan,nan,nan,nan,nan,nan,nan,nan,nan,nan,nan,nan,nan,nan,nan,nan,nan,nan,nan,nan,nan,nan,nan,nan,nan,nan,nan,nan,nan,nan,nan,nan,nan,nan,nan,nan,nan,nan,nan,nan,nan,nan,nan,nan,nan,nan,nan,nan,nan,nan
637,77286,0.27545498244232897,-2.3450901727676383,0.48,0,212,0.5047169811320755,0.25,0.02358490566037736,0.0660377358490566,0.0,0.7783018867924528,0.16981132075471697,0.05188679245283019,25.0,0.2169811320754717,0.053374485596707814,160.1246683120728,0.0029699081382559243,0.668229331107583,0.9441328562514618,0.009433962264150943,0.48484848484848486,0.18222222222222223,0.3333333333333333,0.4,0.6553956419229507,0.6553956419229507,0.5388968884944916,nan,nan,nan,nan,nan,nan,nan,nan,nan,nan,nan,nan,nan,nan,nan,nan,nan,nan,nan,nan,nan,nan,nan,nan,nan,nan,nan,nan,nan,nan,nan,nan,nan,nan,nan,nan,nan,nan,nan,nan,nan,nan,nan,nan,nan,nan,nan,nan,nan,nan,nan,nan,nan
638,77430,0.27154975653472063,-2.758263467788696,0.35555555555555557,0,144,0.5486111111111112,0.1527777777777778,0.1111111111111111,0.027777777777777776,0.006944444444444444,0.8125,0.1388888888888889,0.04861111111111111,21.0,0.18055555555555555,0.06132553606237817,110.32631874084457,0.0031824782619264917,0.7160576089334605,0.9398424441979212,0.0,0.6086956521739131,0.18666666666666668,0.2577777777777778,nan,0.668969914317131,0.668969914317131,0.5926404893398285,nan,nan,nan,nan,nan,nan,nan,nan,nan,nan,nan,nan,nan,nan,nan,nan,nan,nan,nan,nan,nan,nan,nan,nan,nan,nan,nan,nan,nan,nan,nan,nan,nan,nan,nan,nan,nan,nan,nan,nan,nan,nan,nan,nan,nan,nan,nan,nan,nan,nan,nan,nan,nan
639,77516,0.26922013555528923,-2.327209979772568,0.2222222222222222,-1,86,0.5697674418604651,0.22093023255813954,0.046511627906976744,0.03488372093023256,0.023255813953488372,0.8372093023255814,0.1511627906976744,0.011627906976744186,19.0,0.16279069767441862,0.06858585858585858,69.20199980735778,0.0031469867689376072,0.7080720230109616,0.996594264897518,0.0,0.6363636363636364,0.11555555555555555,nan,nan,0.6903538852930069,0.6903538852930069,0.5789850801229477,nan,nan,nan,nan,nan,nan,nan,nan,nan,nan,nan,nan,nan,nan,nan,nan,nan,nan,nan,nan,nan,nan,nan,nan,nan,nan,nan,nan,nan,nan,nan,nan,nan,nan,nan,nan,nan,nan,nan,nan,nan,nan,nan,nan,nan,nan,nan,nan,nan,nan,nan,nan,nan
640,77638,0.2659187405835289,-1.1266992835998528,0.36,-1,122,0.6557377049180327,0.12295081967213115,0.040983606557377046,0.01639344262295082,0.01639344262295082,0.819672131147541,0.13114754098360656,0.04918032786885246,14.0,0.08196721311475409,0.07171717171717172,95.56856460571288,0.003720423729523099,0.8370953391426973,0.9561267023105033,0.0,0.55,0.19111111111111112,0.3377777777777778,nan,0.6471635103225708,0.6471635103225708,0.532360278069973,-2.1887766046285626,0.2271111111111111,-0.6,87.4,0.0,1.0,0.6181262527656005,0.24438317043545482,0.03876263131202403,0.0,0.024530873895305956,0.9012720545130793,0.0987279454869206,0.0,22.5,0.20360654622413374,0.06552101437656994,73.22263432979578,0.003224939225768165,0.7256113257978372,0.9277764464089067,0.0,0.7320490620490621,0.18024691358024694,0.24444444444444444,nan,-2.9941501116752627,0.2053333333333333,-0.1,97.4,0.0,1.0,0.4803363041030872,0.34505514505745916,0.036678652884263765,0.0030542071197411,0.01584775758347671,0.86207010204481,0.1379298979551899,0.0,37.1,0.33536157813776596,0.04866623167492732,81.02619153976431,0.0025931753043984965,0.5834644434896616,0.8939610286341484,0.0,0.5152878787878789,0.1693827160493827,0.19733333333333336,0.29333333333333333,0.34871604938271605
641,77863,0.25984059417830074,-7.255995650291447,0.21777777777777776,0,225,0.21333333333333335,0.29333333333333333,0.03111111111111111,0.2088888888888889,0.0,0.5377777777777778,0.4266666666666667,0.035555555555555556,37.0,0.5377777777777778,0.023703703703703703,130.00948238372754,0.001640905951026499,0.3692038389809623,0.9456964003606292,0.017777777777777778,0.23214285714285715,0.13777777777777778,0.19111111111111112,0.2088888888888889,0.6475789994001389,0.6475789994001389,0.642298698425293,nan,nan,nan,nan,nan,nan,nan,nan,nan,nan,nan,nan,nan,nan,nan,nan,nan,nan,nan,nan,nan,nan,nan,nan,nan,nan,nan,nan,nan,nan,nan,nan,nan,nan,nan,nan,nan,nan,nan,nan,nan,nan,nan,nan,nan,nan,nan,nan,nan,nan,nan,nan,nan
642,77938,0.2578175636942742,-1.1746600627899169,0.24444444444444444,0,75,0.72,0.09333333333333334,0.04,0.013333333333333334,0.02666666666666667,0.8533333333333334,0.12,0.02666666666666667,8.0,0.04,0.08,60.1872386932373,0.003987556252966405,0.8972001569174414,0.9607217666495078,0.0,0.9,0.19111111111111112,nan,nan,0.7248850762844086,0.7248850762844086,0.5602677464485168,nan,nan,nan,nan,nan,nan,nan,nan,nan,nan,nan,nan,nan,nan,nan,nan,nan,nan,nan,nan,nan,nan,nan,nan,nan,nan,nan,nan,nan,nan,nan,nan,nan,nan,nan,nan,nan,nan,nan,nan,nan,nan,nan,nan,nan,nan,nan,nan,nan,nan,nan,nan,nan
643,78035,0.25520334537746575,-2.0994737367629996,0.27555555555555555,0,97,0.6288659793814433,0.15463917525773196,0.05154639175257732,0.010309278350515464,0.020618556701030927,0.8350515463917526,0.12371134020618557,0.041237113402061855,19.0,0.14432989690721648,0.07020202020202021,80.11879749298086,0.0033838639569554567,0.7613693903149776,0.96889822333119,0.0,0.7142857142857143,0.17333333333333334,nan,nan,0.7574848532676697,0.7574848532676697,0.6328564137220383,nan,nan,nan,nan,nan,nan,nan,nan,nan,nan,nan,nan,nan,nan,nan,nan,nan,nan,nan,nan,nan,nan,nan,nan,nan,nan,nan,nan,nan,nan,nan,nan,nan,nan,nan,nan,nan,nan,nan,nan,nan,nan,nan,nan,nan,nan,nan,nan,nan,nan,nan,nan,nan
644,78126,0.25275312002201666,-3.1531206409931185,0.2088888888888889,0,91,0.5054945054945055,0.16483516483516483,0.054945054945054944,0.0989010989010989,0.03296703296703297,0.7252747252747253,0.21978021978021978,0.054945054945054944,12.0,0.16483516483516483,0.052986111111111116,70.02019658088678,0.002919792494559364,0.6569533112758569,0.9889182838633266,0.02197802197802198,0.625,0.1688888888888889,nan,nan,0.572274386882782,0.572274386882782,0.4600147306919098,nan,nan,nan,nan,nan,nan,nan,nan,nan,nan,nan,nan,nan,nan,nan,nan,nan,nan,nan,nan,nan,nan,nan,nan,nan,nan,nan,nan,nan,nan,nan,nan,nan,nan,nan,nan,nan,nan,nan,nan,nan,nan,nan,nan,nan,nan,nan,nan,nan,nan,nan,nan,nan
645,78256,0.24925663657617286,-2.6477568430900567,0.3688888888888889,0,130,0.6307692307692307,0.09230769230769231,0.046153846153846156,0.06923076923076923,0.007692307692307693,0.7692307692307693,0.2,0.03076923076923077,12.0,0.06923076923076923,0.06962962962962961,110.74054136276233,0.003290975824748792,0.7404695605684781,0.9932409257196897,0.0,0.6190476190476191,0.1688888888888889,0.30666666666666664,nan,0.7350798845291138,0.7350798845291138,0.5661828070878983,nan,nan,nan,nan,nan,nan,nan,nan,nan,nan,nan,nan,nan,nan,nan,nan,nan,nan,nan,nan,nan,nan,nan,nan,nan,nan,nan,nan,nan,nan,nan,nan,nan,nan,nan,nan,nan,nan,nan,nan,nan,nan,nan,nan,nan,nan,nan,nan,nan,nan,nan,nan,nan
646,78346,0.2468386361794781,-2.026408084154129,0.23555555555555555,0,90,0.5777777777777777,0.16666666666666666,0.05555555555555555,0.022222222222222223,0.011111111111111112,0.8,0.16666666666666666,0.03333333333333333,11.0,0.07777777777777778,0.06148148148148148,70.48960080146783,0.0032786554113425847,0.7376974675520817,0.9934912618041456,0.0,0.7333333333333333,0.16,nan,nan,0.6734527051448822,0.6734527051448822,0.5138380825519562,nan,nan,nan,nan,nan,nan,nan,nan,nan,nan,nan,nan,nan,nan,nan,nan,nan,nan,nan,nan,nan,nan,nan,nan,nan,nan,nan,nan,nan,nan,nan,nan,nan,nan,nan,nan,nan,nan,nan,nan,nan,nan,nan,nan,nan,nan,nan,nan,nan,nan,nan,nan,nan
647,78446,0.24415450095761088,-2.1087410912513733,0.29333333333333333,0,100,0.65,0.09,0.04,0.08,0.02,0.78,0.19,0.03,6.0,0.01,0.07222222222222222,80.41658182144158,0.003592404481085045,0.808291008244135,0.9899156383156273,0.0,0.7692307692307693,0.1688888888888889,0.29333333333333333,nan,0.6668607145547867,0.6668607145547867,0.5240974202752113,nan,nan,nan,nan,nan,nan,nan,nan,nan,nan,nan,nan,nan,nan,nan,nan,nan,nan,nan,nan,nan,nan,nan,nan,nan,nan,nan,nan,nan,nan,nan,nan,nan,nan,nan,nan,nan,nan,nan,nan,nan,nan,nan,nan,nan,nan,nan,nan,nan,nan,nan,nan,nan
648,78608,0.2398118496276726,-2.716668718338011,0.3288888888888889,0,162,0.4506172839506173,0.1419753086419753,0.024691358024691357,0.2222222222222222,0.0,0.6172839506172839,0.32098765432098764,0.06172839506172839,27.0,0.29012345679012347,0.046349206349206355,100.37779731750456,0.0032322331542920363,0.7272524597157082,0.9671848888085675,0.006172839506172839,0.46153846153846156,0.17777777777777778,0.26666666666666666,0.3288888888888889,0.6709985733032227,0.6709985733032227,0.6076074689626694,nan,nan,nan,nan,nan,nan,nan,nan,nan,nan,nan,nan,nan,nan,nan,nan,nan,nan,nan,nan,nan,nan,nan,nan,nan,nan,nan,nan,nan,nan,nan,nan,nan,nan,nan,nan,nan,nan,nan,nan,nan,nan,nan,nan,nan,nan,nan,nan,nan,nan,nan,nan,nan
649,78740,0.23627854848252045,0.37266958713531473,0.4222222222222222,0,132,0.7121212121212122,0.11363636363636363,0.045454545454545456,0.0,0.007575757575757576,0.8712121212121212,0.10606060606060606,0.022727272727272728,15.0,0.09090909090909091,0.06962962962962962,100.24124202728255,0.004167723477169922,0.9377377823632325,0.8741008219554496,0.0,0.5882352941176471,0.19111111111111112,0.35555555555555557,nan,0.6328110694885254,0.6328110694885254,0.43498048931360245,nan,nan,nan,nan,nan,nan,nan,nan,nan,nan,nan,nan,nan,nan,nan,nan,nan,nan,nan,nan,nan,nan,nan,nan,nan,nan,nan,nan,nan,nan,nan,nan,nan,nan,nan,nan,nan,nan,nan,nan,nan,nan,nan,nan,nan,nan,nan,nan,nan,nan,nan,nan,nan
650,78857,0.23315062245577928,-28.313855115890505,0.19111111111111112,0,117,0.358974358974359,0.0,0.5641025641025641,0.0,0.008547008547008548,0.9230769230769231,0.05128205128205128,0.02564102564102564,67.0,0.5299145299145299,0.037333333333333336,90.01766777038556,0.0020736669954926025,0.4665750739858355,0.5366352252474715,0.0,0.4444444444444444,0.19111111111111112,0.19111111111111112,nan,0.7068164795637131,0.7068164795637131,0.7550952136516571,nan,nan,nan,nan,nan,nan,nan,nan,nan,nan,nan,nan,nan,nan,nan,nan,nan,nan,nan,nan,nan,nan,nan,nan,nan,nan,nan,nan,nan,nan,nan,nan,nan,nan,nan,nan,nan,nan,nan,nan,nan,nan,nan,nan,nan,nan,nan,nan,nan,nan,nan,nan,nan
651,78939,0.23096056192724496,-1.3251888470649715,0.27555555555555555,0,82,0.7439024390243902,0.06097560975609756,0.024390243902439025,0.012195121951219513,0.012195121951219513,0.8292682926829268,0.12195121951219512,0.04878048780487805,11.0,0.07317073170731707,0.08492063492063492,70.64941759109497,0.003837414664622563,0.8634182995400767,0.9420677323807969,0.0,0.6153846153846154,0.20444444444444446,nan,nan,0.6888297945261002,0.6888297945261002,0.6149486377835274,nan,nan,nan,nan,nan,nan,nan,nan,nan,nan,nan,nan,nan,nan,nan,nan,nan,nan,nan,nan,nan,nan,nan,nan,nan,nan,nan,nan,nan,nan,nan,nan,nan,nan,nan,nan,nan,nan,nan,nan,nan,nan,nan,nan,nan,nan,nan,nan,nan,nan,nan,nan,nan
652,79045,0.22813214397453707,-1.5607930574417113,0.3333333333333333,0,106,0.6981132075471698,0.1320754716981132,0.04716981132075472,0.0,0.018867924528301886,0.8773584905660378,0.12264150943396226,0.0,8.0,0.03773584905660377,0.07703703703703704,90.9027910232543,0.0036180285026094984,0.8140564130871372,0.9491894102553002,0.0,0.8461538461538461,0.15555555555555556,0.31555555555555553,nan,0.6314097195863724,0.6314097195863724,0.4857783913612366,nan,nan,nan,nan,nan,nan,nan,nan,nan,nan,nan,nan,nan,nan,nan,nan,nan,nan,nan,nan,nan,nan,nan,nan,nan,nan,nan,nan,nan,nan,nan,nan,nan,nan,nan,nan,nan,nan,nan,nan,nan,nan,nan,nan,nan,nan,nan,nan,nan,nan,nan,nan,nan
653,79213,0.22365544808671955,-1.3205207724571224,0.39555555555555555,0,168,0.5238095238095238,0.24404761904761904,0.05952380952380952,0.011904761904761904,0.005952380952380952,0.8273809523809523,0.14285714285714285,0.02976190476190476,17.0,0.21428571428571427,0.057354497354497345,120.21448354721035,0.0032534441738670773,0.7320249391200924,0.9815317930089199,0.0,0.4444444444444444,0.18666666666666668,0.27555555555555555,0.3688888888888889,0.708084300160408,0.708084300160408,0.48372410237789154,nan,nan,nan,nan,nan,nan,nan,nan,nan,nan,nan,nan,nan,nan,nan,nan,nan,nan,nan,nan,nan,nan,nan,nan,nan,nan,nan,nan,nan,nan,nan,nan,nan,nan,nan,nan,nan,nan,nan,nan,nan,nan,nan,nan,nan,nan,nan,nan,nan,nan,nan,nan,nan
654,79351,0.21998372998132507,-1.9296310768127427,0.39111111111111113,0,138,0.6304347826086957,0.13768115942028986,0.09420289855072464,0.007246376811594203,0.014492753623188406,0.8623188405797102,0.10869565217391304,0.028985507246376812,10.0,0.10869565217391304,0.06854700854700856,110.25362930297833,0.0035070652014919344,0.7890896703356851,0.9418121182390725,0.0,0.8235294117647058,0.16444444444444445,0.3288888888888889,nan,0.748113751411438,0.748113751411438,0.6864757761359215,nan,nan,nan,nan,nan,nan,nan,nan,nan,nan,nan,nan,nan,nan,nan,nan,nan,nan,nan,nan,nan,nan,nan,nan,nan,nan,nan,nan,nan,nan,nan,nan,nan,nan,nan,nan,nan,nan,nan,nan,nan,nan,nan,nan,nan,nan,nan,nan,nan,nan,nan,nan,nan
655,79391,0.218920401297092,-3.714479458808899,0.09333333333333334,0,40,0.5,0.15,0.15,0.0,0.05,0.8,0.175,0.025,10.0,0.125,0.05333333333333334,40.23313770294189,0.0022093451807113033,0.4971026656600432,0.9853553390593273,0.0,0.7142857142857143,nan,nan,nan,0.672626793384552,0.672626793384552,0.7948887646198273,nan,nan,nan,nan,nan,nan,nan,nan,nan,nan,nan,nan,nan,nan,nan,nan,nan,nan,nan,nan,nan,nan,nan,nan,nan,nan,nan,nan,nan,nan,nan,nan,nan,nan,nan,nan,nan,nan,nan,nan,nan,nan,nan,nan,nan,nan,nan,nan,nan,nan,nan,nan,nan
656,79499,0.2160515158409076,-2.243674817562103,0.30666666666666664,0,108,0.6296296296296297,0.1388888888888889,0.09259259259259259,0.0,0.009259259259259259,0.8611111111111112,0.12037037037037036,0.018518518518518517,13.0,0.09259259259259259,0.06799999999999999,90.62547445297237,0.0033348484413072204,0.7503408992941246,0.9273023240168593,0.0,0.6,0.18666666666666668,0.28888888888888886,nan,0.5859649926424026,0.5859649926424026,0.5002756118774414,nan,nan,nan,nan,nan,nan,nan,nan,nan,nan,nan,nan,nan,nan,nan,nan,nan,nan,nan,nan,nan,nan,nan,nan,nan,nan,nan,nan,nan,nan,nan,nan,nan,nan,nan,nan,nan,nan,nan,nan,nan,nan,nan,nan,nan,nan,nan,nan,nan,nan,nan,nan,nan
657,79578,0.21395492016722167,-1.0805189485549929,0.26666666666666666,-1,79,0.7468354430379747,0.02531645569620253,0.0759493670886076,0.02531645569620253,0.02531645569620253,0.8481012658227848,0.11392405063291139,0.0379746835443038,4.0,0.0,0.08888888888888889,61.44303760528556,0.004267728817490379,0.9602389839353352,0.9552321682500288,0.0,0.9,0.19111111111111112,nan,nan,0.621800571680069,0.621800571680069,0.5402814373373985,nan,nan,nan,nan,nan,nan,nan,nan,nan,nan,nan,nan,nan,nan,nan,nan,nan,nan,nan,nan,nan,nan,nan,nan,nan,nan,nan,nan,nan,nan,nan,nan,nan,nan,nan,nan,nan,nan,nan,nan,nan,nan,nan,nan,nan,nan,nan,nan,nan,nan,nan,nan,nan
658,79660,0.2117804395110954,-2.0490196321010576,0.26222222222222225,-2,82,0.7073170731707317,0.012195121951219513,0.13414634146341464,0.0,0.024390243902439025,0.8536585365853658,0.10975609756097561,0.036585365853658534,5.0,0.0,0.07873015873015876,66.92399649620049,0.003851798925254154,0.8666547581821845,0.9149674469544042,0.0,0.75,0.1511111111111111,nan,nan,0.7158047556877136,0.7158047556877136,0.6165304481983185,nan,nan,nan,nan,nan,nan,nan,nan,nan,nan,nan,nan,nan,nan,nan,nan,nan,nan,nan,nan,nan,nan,nan,nan,nan,nan,nan,nan,nan,nan,nan,nan,nan,nan,nan,nan,nan,nan,nan,nan,nan,nan,nan,nan,nan,nan,nan,nan,nan,nan,nan,nan,nan
659,79724,0.2100845090004907,-1.004301760196686,0.2222222222222222,0,64,0.765625,0.046875,0.0625,0.03125,0.03125,0.875,0.109375,0.015625,3.0,0.0,0.08306878306878306,50.0504929542541,0.0043511614955885755,0.9790113365074297,0.9006804306302892,0.0,0.8333333333333334,0.18222222222222223,nan,nan,0.6473468989133835,0.6473468989133835,0.647592157125473,nan,nan,nan,nan,nan,nan,nan,nan,nan,nan,nan,nan,nan,nan,nan,nan,nan,nan,nan,nan,nan,nan,nan,nan,nan,nan,nan,nan,nan,nan,nan,nan,nan,nan,nan,nan,nan,nan,nan,nan,nan,nan,nan,nan,nan,nan,nan,nan,nan,nan,nan,nan,nan
660,79832,0.20722505926166349,-0.6565907888412476,0.32,0,108,0.6574074074074074,0.1388888888888889,0.037037037037037035,0.018518518518518517,0.009259259259259259,0.8333333333333334,0.1388888888888889,0.027777777777777776,11.0,0.05555555555555555,0.07066666666666667,80.98657894134512,0.00389639320095368,0.876688470214578,0.952491839682297,0.0,0.75,0.19111111111111112,0.3022222222222222,nan,0.6588025540113449,0.6588025540113449,0.5634334087371826,-2.436997510886192,0.24888888888888885,-0.5,84.4,0.0,1.0,0.6873876541527935,0.1351798872525977,0.07016852123764308,0.016326530612244896,0.02523155463269903,0.8927360626430343,0.10726393735696574,0.0,14.9,0.11378078263030549,0.07297129228795896,72.15807153224938,0.003546946171234575,0.7980628885277792,0.9149333684640417,0.0,0.8604166666666668,0.18370370370370373,0.29555555555555557,nan,-2.3025156791925427,0.23288888888888892,-0.2,87.8,0.0,1.0,0.5977129980608246,0.22963381033066757,0.06082266001127366,0.013057742782152233,0.02080077600110546,0.8881694684027659,0.11183053159723415,0.0,23.6,0.20468558626287342,0.0619107744107744,73.41157789707177,0.003180866706585409,0.7156950089817171,0.90866167216117,0.0,0.7080952380952381,0.17185185185185187,0.27555555555555555,nan,0.38907407407407407
661,79927,0.20471232561048544,-1.774197412967682,0.30666666666666664,0,95,0.7157894736842105,0.06315789473684211,0.07368421052631578,0.010526315789473684,0.021052631578947368,0.8526315789473684,0.12631578947368421,0.021052631578947368,4.0,0.0,0.07944444444444443,80.5637848854064,0.0037513409114542204,0.8440517050771996,0.9375816862627937,0.0,0.8461538461538461,0.16,nan,nan,0.686601847410202,0.686601847410202,0.7483975440263748,nan,nan,nan,nan,nan,nan,nan,nan,nan,nan,nan,nan,nan,nan,nan,nan,nan,nan,nan,nan,nan,nan,nan,nan,nan,nan,nan,nan,nan,nan,nan,nan,nan,nan,nan,nan,nan,nan,nan,nan,nan,nan,nan,nan,nan,nan,nan,nan,nan,nan,nan,nan,nan
662,79962,0.20378717632439328,-2.2929926152229307,0.12444444444444444,-1,35,0.7714285714285715,0.02857142857142857,0.0,0.02857142857142857,0.08571428571428572,0.8,0.14285714285714285,0.05714285714285714,2.0,0.0,0.08333333333333331,32.36183443069459,0.003708071625450943,0.8343161157264622,0.9711875380446492,0.0,1.0,nan,nan,nan,0.5596842020750046,0.5596842020750046,0.43239689990878105,nan,nan,nan,nan,nan,nan,nan,nan,nan,nan,nan,nan,nan,nan,nan,nan,nan,nan,nan,nan,nan,nan,nan,nan,nan,nan,nan,nan,nan,nan,nan,nan,nan,nan,nan,nan,nan,nan,nan,nan,nan,nan,nan,nan,nan,nan,nan,nan,nan,nan,nan,nan,nan
663,80076,0.20077605078042246,-0.417093710899352,0.38222222222222224,0,114,0.7456140350877193,0.05263157894736842,0.043859649122807015,0.03508771929824561,0.008771929824561403,0.8421052631578947,0.12280701754385964,0.03508771929824561,5.0,0.0,0.08253968253968255,90.79136867523187,0.004160943747077101,0.9362123430923477,0.927317696264805,0.0,0.7857142857142857,0.18222222222222223,0.3377777777777778,nan,0.643168568611145,0.643168568611145,0.5217545256018639,nan,nan,nan,nan,nan,nan,nan,nan,nan,nan,nan,nan,nan,nan,nan,nan,nan,nan,nan,nan,nan,nan,nan,nan,nan,nan,nan,nan,nan,nan,nan,nan,nan,nan,nan,nan,nan,nan,nan,nan,nan,nan,nan,nan,nan,nan,nan,nan,nan,nan,nan,nan,nan
664,80167,0.1983748663619866,-0.2754480657577508,0.31555555555555553,0,91,0.7692307692307693,0.04395604395604396,0.054945054945054944,0.01098901098901099,0.01098901098901099,0.8681318681318682,0.10989010989010989,0.02197802197802198,5.0,0.0,0.08402777777777777,70.70902919769279,0.004399878129302086,0.9899725790929693,0.927823238816017,0.0,0.8181818181818182,0.17777777777777778,nan,nan,0.6329581290483475,0.6329581290483475,0.5146421864628792,nan,nan,nan,nan,nan,nan,nan,nan,nan,nan,nan,nan,nan,nan,nan,nan,nan,nan,nan,nan,nan,nan,nan,nan,nan,nan,nan,nan,nan,nan,nan,nan,nan,nan,nan,nan,nan,nan,nan,nan,nan,nan,nan,nan,nan,nan,nan,nan,nan,nan,nan,nan,nan
665,80301,0.19484298354770235,-1.0598602645397182,0.4088888888888889,0,134,0.6791044776119403,0.13432835820895522,0.05223880597014925,0.014925373134328358,0.007462686567164179,0.8656716417910447,0.12686567164179105,0.007462686567164179,8.0,0.03731343283582089,0.07267489711934157,110.15105013847334,0.00367172572513842,0.8261382881561444,0.900738963822672,0.0,0.8125,0.17777777777777778,0.29333333333333333,nan,0.6460164338350296,0.6460164338350296,0.5328705310821533,nan,nan,nan,nan,nan,nan,nan,nan,nan,nan,nan,nan,nan,nan,nan,nan,nan,nan,nan,nan,nan,nan,nan,nan,nan,nan,nan,nan,nan,nan,nan,nan,nan,nan,nan,nan,nan,nan,nan,nan,nan,nan,nan,nan,nan,nan,nan,nan,nan,nan,nan,nan,nan
666,80377,0.1928419024155694,-2.1232148818969723,0.24444444444444444,0,76,0.7105263157894737,0.013157894736842105,0.13157894736842105,0.0,0.02631578947368421,0.8552631578947368,0.13157894736842105,0.013157894736842105,7.0,0.02631578947368421,0.06,62.925856018066405,0.0038140124773367325,0.8581528074007648,0.881940571480721,0.0,0.8181818181818182,0.16444444444444445,nan,nan,0.6624247878789902,0.6624247878789902,0.5464421510696411,nan,nan,nan,nan,nan,nan,nan,nan,nan,nan,nan,nan,nan,nan,nan,nan,nan,nan,nan,nan,nan,nan,nan,nan,nan,nan,nan,nan,nan,nan,nan,nan,nan,nan,nan,nan,nan,nan,nan,nan,nan,nan,nan,nan,nan,nan,nan,nan,nan,nan,nan,nan,nan
667,80551,0.18826612985754582,-1.2916736278533931,0.4177777777777778,0,174,0.5344827586206896,0.16091954022988506,0.05172413793103448,0.09195402298850575,0.0,0.7471264367816092,0.22988505747126436,0.022988505747126436,17.0,0.13793103448275862,0.05915343915343916,120.12070121765116,0.003440983353771798,0.7742212545986544,0.9599722380862256,0.005747126436781609,0.5185185185185185,0.16,0.28,0.4,0.6872675567865372,0.6872675567865372,0.9502507895231247,nan,nan,nan,nan,nan,nan,nan,nan,nan,nan,nan,nan,nan,nan,nan,nan,nan,nan,nan,nan,nan,nan,nan,nan,nan,nan,nan,nan,nan,nan,nan,nan,nan,nan,nan,nan,nan,nan,nan,nan,nan,nan,nan,nan,nan,nan,nan,nan,nan,nan,nan,nan,nan
668,80635,0.18605994719401198,-1.3694785318374636,0.26222222222222225,0,84,0.6904761904761905,0.13095238095238096,0.023809523809523808,0.0,0.011904761904761904,0.8452380952380952,0.15476190476190477,0.0,11.0,0.07142857142857142,0.07827160493827162,70.1474145889282,0.003674800836044847,0.8268301881100903,0.97352405811832,0.0,0.7692307692307693,0.18666666666666668,nan,nan,0.6895207762718201,0.6895207762718201,0.9349192529916763,nan,nan,nan,nan,nan,nan,nan,nan,nan,nan,nan,nan,nan,nan,nan,nan,nan,nan,nan,nan,nan,nan,nan,nan,nan,nan,nan,nan,nan,nan,nan,nan,nan,nan,nan,nan,nan,nan,nan,nan,nan,nan,nan,nan,nan,nan,nan,nan,nan,nan,nan,nan,nan
669,80756,0.18288520588918478,-6.778035941600805,0.19555555555555557,0,121,0.35537190082644626,0.05785123966942149,0.08264462809917356,0.3884297520661157,0.008264462809917356,0.49586776859504134,0.5041322314049587,0.0,48.0,0.4793388429752066,0.041269841269841276,70.54319944381706,0.0027091358574304293,0.6095555679218466,0.9152747678516032,0.0,0.5,0.044444444444444446,0.11555555555555555,nan,0.7484985440969467,0.7484985440969467,0.8103419095277786,nan,nan,nan,nan,nan,nan,nan,nan,nan,nan,nan,nan,nan,nan,nan,nan,nan,nan,nan,nan,nan,nan,nan,nan,nan,nan,nan,nan,nan,nan,nan,nan,nan,nan,nan,nan,nan,nan,nan,nan,nan,nan,nan,nan,nan,nan,nan,nan,nan,nan,nan,nan,nan
670,80958,0.1775936597469909,-17.89462041664123,0.3333333333333333,0,202,0.36633663366336633,0.09900990099009901,0.04950495049504951,0.3465346534653465,0.0,0.5148514851485149,0.44554455445544555,0.039603960396039604,84.0,0.42574257425742573,0.04222222222222219,120.16781349182087,0.0027369133159044663,0.6158054960785049,0.7996945335617829,0.0,0.5714285714285714,0.1511111111111111,0.3111111111111111,0.3244444444444444,0.6997390389442444,0.6997390389442444,0.8951590657234192,nan,nan,nan,nan,nan,nan,nan,nan,nan,nan,nan,nan,nan,nan,nan,nan,nan,nan,nan,nan,nan,nan,nan,nan,nan,nan,nan,nan,nan,nan,nan,nan,nan,nan,nan,nan,nan,nan,nan,nan,nan,nan,nan,nan,nan,nan,nan,nan,nan,nan,nan,nan,nan
671,81208,0.1710592907707411,-56.60479918622969,0.29777777777777775,1,250,0.264,0.052,0.04,0.548,0.004,0.356,0.632,0.012,162.0,0.64,0.029333333333333333,124.426658916473,0.002357479786789474,0.5304329520276315,0.6975204723856312,0.008,0.43478260869565216,0.18222222222222223,0.29777777777777775,0.29777777777777775,0.6531314924359322,0.6531314924359322,0.6716509312391281,nan,nan,nan,nan,nan,nan,nan,nan,nan,nan,nan,nan,nan,nan,nan,nan,nan,nan,nan,nan,nan,nan,nan,nan,nan,nan,nan,nan,nan,nan,nan,nan,nan,nan,nan,nan,nan,nan,nan,nan,nan,nan,nan,nan,nan,nan,nan,nan,nan,nan,nan,nan,nan
672,81322,0.16808495792522482,-1.5897885842323303,0.3466666666666667,-1,114,0.6754385964912281,0.10526315789473684,0.05263157894736842,0.03508771929824561,0.008771929824561403,0.8333333333333334,0.13157894736842105,0.03508771929824561,11.0,0.06140350877192982,0.07263492063492064,95.24560556411731,0.0035930499910764445,0.8084362479921999,0.9834463524133542,0.0,0.8,0.18222222222222223,0.32,nan,0.5832211226224899,0.5832211226224899,0.5674318894743919,nan,nan,nan,nan,nan,nan,nan,nan,nan,nan,nan,nan,nan,nan,nan,nan,nan,nan,nan,nan,nan,nan,nan,nan,nan,nan,nan,nan,nan,nan,nan,nan,nan,nan,nan,nan,nan,nan,nan,nan,nan,nan,nan,nan,nan,nan,nan,nan,nan,nan,nan,nan,nan
673,81497,0.1635255891657595,-6.205556521654129,0.31555555555555553,0,175,0.4,0.2342857142857143,0.05714285714285714,0.14857142857142858,0.005714285714285714,0.6914285714285714,0.28,0.02857142857142857,25.0,0.32,0.044444444444444446,120.10053830146764,0.002590422287119002,0.5828450146017755,0.9296640917691175,0.0,0.48148148148148145,0.09333333333333334,0.23555555555555555,0.3111111111111111,0.6764903366565704,0.6764903366565704,0.7052762880921364,nan,nan,nan,nan,nan,nan,nan,nan,nan,nan,nan,nan,nan,nan,nan,nan,nan,nan,nan,nan,nan,nan,nan,nan,nan,nan,nan,nan,nan,nan,nan,nan,nan,nan,nan,nan,nan,nan,nan,nan,nan,nan,nan,nan,nan,nan,nan,nan,nan,nan,nan,nan,nan
674,81580,0.16136589068213028,-2.817644213676452,0.24888888888888888,-1,83,0.6626506024096386,0.060240963855421686,0.10843373493975904,0.04819277108433735,0.03614457831325301,0.8313253012048193,0.1686746987951807,0.0,6.0,0.03614457831325301,0.06347222222222222,69.80613536834716,0.0035017616023946966,0.7878963605388067,0.9594154550349724,0.0,0.8,0.14666666666666667,nan,nan,0.7495392709970474,0.7495392709970474,0.8448572903871536,nan,nan,nan,nan,nan,nan,nan,nan,nan,nan,nan,nan,nan,nan,nan,nan,nan,nan,nan,nan,nan,nan,nan,nan,nan,nan,nan,nan,nan,nan,nan,nan,nan,nan,nan,nan,nan,nan,nan,nan,nan,nan,nan,nan,nan,nan,nan,nan,nan,nan,nan,nan,nan
675,81705,0.158116660269658,-2.0786097803115853,0.3244444444444444,0,125,0.576,0.224,0.072,0.0,0.016,0.872,0.104,0.024,27.0,0.208,0.064,100.27247409820544,0.003191304521783282,0.7180435174012384,0.9419492140767518,0.0,0.5625,0.16,0.27111111111111114,nan,0.6621952205896378,0.6621952205896378,0.5596767738461494,nan,nan,nan,nan,nan,nan,nan,nan,nan,nan,nan,nan,nan,nan,nan,nan,nan,nan,nan,nan,nan,nan,nan,nan,nan,nan,nan,nan,nan,nan,nan,nan,nan,nan,nan,nan,nan,nan,nan,nan,nan,nan,nan,nan,nan,nan,nan,nan,nan,nan,nan,nan,nan
676,81770,0.15642863924553607,-1.526519517183304,0.2311111111111111,0,65,0.7846153846153846,0.0,0.13846153846153847,0.0,0.03076923076923077,0.9230769230769231,0.07692307692307693,0.0,8.0,0.046153846153846156,0.08938271604938271,53.58590016365048,0.0042299684427140405,0.9517428996106592,0.9224101667140293,0.0,1.0,0.1688888888888889,nan,nan,0.6802256405353546,0.6802256405353546,0.6036488935351372,nan,nan,nan,nan,nan,nan,nan,nan,nan,nan,nan,nan,nan,nan,nan,nan,nan,nan,nan,nan,nan,nan,nan,nan,nan,nan,nan,nan,nan,nan,nan,nan,nan,nan,nan,nan,nan,nan,nan,nan,nan,nan,nan,nan,nan,nan,nan,nan,nan,nan,nan,nan,nan
677,81865,0.15396347241954414,-0.5650114388465877,0.3111111111111111,0,95,0.7263157894736842,0.042105263157894736,0.05263157894736842,0.031578947368421054,0.021052631578947368,0.8210526315789474,0.14736842105263157,0.031578947368421054,6.0,0.010526315789473684,0.07972222222222222,70.6667756080626,0.004339615951455385,0.9764135890774613,0.9774039068539845,0.0,0.7857142857142857,0.18666666666666668,nan,nan,0.5720692500472069,0.5720692500472069,0.5109315924346447,nan,nan,nan,nan,nan,nan,nan,nan,nan,nan,nan,nan,nan,nan,nan,nan,nan,nan,nan,nan,nan,nan,nan,nan,nan,nan,nan,nan,nan,nan,nan,nan,nan,nan,nan,nan,nan,nan,nan,nan,nan,nan,nan,nan,nan,nan,nan,nan,nan,nan,nan,nan,nan
678,81973,0.15116376324063124,-2.8832274031639087,0.3244444444444444,-2,108,0.6666666666666666,0.10185185185185185,0.1388888888888889,0.0,0.027777777777777776,0.9074074074074074,0.09259259259259259,0.0,14.0,0.12037037037037036,0.0772222222222222,92.2402609825133,0.003469200938846702,0.780570211240508,0.8967521305735242,0.0,0.8,0.14666666666666667,0.29333333333333333,nan,0.6300525292754173,0.6300525292754173,0.5303962975740433,nan,nan,nan,nan,nan,nan,nan,nan,nan,nan,nan,nan,nan,nan,nan,nan,nan,nan,nan,nan,nan,nan,nan,nan,nan,nan,nan,nan,nan,nan,nan,nan,nan,nan,nan,nan,nan,nan,nan,nan,nan,nan,nan,nan,nan,nan,nan,nan,nan,nan,nan,nan,nan
679,82069,0.14867762756773156,-0.8286504306793212,0.3022222222222222,0,96,0.6979166666666666,0.10416666666666667,0.09375,0.0,0.010416666666666666,0.8958333333333334,0.09375,0.010416666666666666,13.0,0.10416666666666667,0.07804232804232805,73.83476600646961,0.004033029342189365,0.9074316019926071,0.9307783046389746,0.0,0.8,0.17333333333333334,nan,nan,0.5981882214546204,0.5981882214546204,0.5173113122582436,nan,nan,nan,nan,nan,nan,nan,nan,nan,nan,nan,nan,nan,nan,nan,nan,nan,nan,nan,nan,nan,nan,nan,nan,nan,nan,nan,nan,nan,nan,nan,nan,nan,nan,nan,nan,nan,nan,nan,nan,nan,nan,nan,nan,nan,nan,nan,nan,nan,nan,nan,nan,nan
680,82154,0.14647831907078063,-2.881658462047575,0.24,-2,85,0.6235294117647059,0.058823529411764705,0.17647058823529413,0.011764705882352941,0.023529411764705882,0.8588235294117647,0.10588235294117647,0.03529411764705882,11.0,0.10588235294117647,0.06055555555555556,68.15865201950069,0.003455989057532437,0.7775975379447984,0.9010145306934596,0.0,0.6363636363636364,0.14222222222222222,nan,nan,0.7042136639356613,0.7042136639356613,0.6076993197202682,-2.481568846797942,0.25422222222222224,-0.9,96.4,0.0,1.0,0.6419486560405117,0.1606590308269366,0.08815748362808591,0.0061111111111111106,0.023471198659147575,0.8907651704955344,0.10923482950446577,0.0,22.6,0.161003478039423,0.07001267816004657,79.29208425521841,0.003362491736516901,0.7565606407163028,0.9024167717227763,0.0,0.7782471776589425,0.17333333333333334,0.2737777777777778,0.29333333333333333,-1.987266205835342,0.2577777777777778,0.0,90.3,0.0,1.0,0.6252782547873353,0.1834121407102603,0.08407112749127113,0.006145251396648044,0.019932059709618945,0.8927615229888668,0.10723847701113327,0.0,16.8,0.1575238354368079,0.0645451854104028,74.83301148414606,0.003347648691424409,0.7532209555704921,0.9179398768875267,0.0,0.6998015873015874,0.17481481481481484,0.3488888888888889,0.39555555555555555,0.5460444444444444
681,82261,0.14371238850876406,-2.5483021678924564,0.28888888888888886,-2,107,0.5981308411214953,0.1308411214953271,0.1308411214953271,0.009345794392523364,0.018691588785046728,0.8598130841121495,0.102803738317757,0.037383177570093455,24.0,0.18691588785046728,0.07060317460317457,84.1076396942137,0.0033819097228097957,0.760929687632204,0.8385632984859974,0.0,0.6428571428571429,0.1688888888888889,0.26222222222222225,nan,0.595941960811615,0.595941960811615,0.48400940746068954,nan,nan,nan,nan,nan,nan,nan,nan,nan,nan,nan,nan,nan,nan,nan,nan,nan,nan,nan,nan,nan,nan,nan,nan,nan,nan,nan,nan,nan,nan,nan,nan,nan,nan,nan,nan,nan,nan,nan,nan,nan,nan,nan,nan,nan,nan,nan,nan,nan,nan,nan,nan,nan
682,82375,0.14076870678606315,-1.0525300238132476,0.36,0,114,0.7017543859649122,0.07017543859649122,0.09649122807017543,0.008771929824561403,0.008771929824561403,0.868421052631579,0.10526315789473684,0.02631578947368421,6.0,0.008771929824561403,0.07669841269841268,90.6050478458403,0.003924235613897744,0.8829530131269923,0.9280271719581362,0.0,0.7857142857142857,0.16444444444444445,0.3244444444444444,nan,0.6543475538492203,0.6543475538492203,0.5521499440073967,nan,nan,nan,nan,nan,nan,nan,nan,nan,nan,nan,nan,nan,nan,nan,nan,nan,nan,nan,nan,nan,nan,nan,nan,nan,nan,nan,nan,nan,nan,nan,nan,nan,nan,nan,nan,nan,nan,nan,nan,nan,nan,nan,nan,nan,nan,nan,nan,nan,nan,nan,nan,nan
683,82497,0.1376220999119933,-1.1272035598754877,0.3466666666666667,0,122,0.6311475409836066,0.11475409836065574,0.07377049180327869,0.02459016393442623,0.00819672131147541,0.819672131147541,0.1557377049180328,0.02459016393442623,8.0,0.05737704918032787,0.06941414141414141,91.19241485595691,0.003752748764935985,0.8443684721105965,0.9486141475840482,0.0,0.8421052631578947,0.16444444444444445,0.3111111111111111,nan,0.663545623421669,0.663545623421669,0.48697908967733383,nan,nan,nan,nan,nan,nan,nan,nan,nan,nan,nan,nan,nan,nan,nan,nan,nan,nan,nan,nan,nan,nan,nan,nan,nan,nan,nan,nan,nan,nan,nan,nan,nan,nan,nan,nan,nan,nan,nan,nan,nan,nan,nan,nan,nan,nan,nan,nan,nan,nan,nan,nan,nan
684,82591,0.13520023483759336,-2.5082114162445066,0.24444444444444444,0,94,0.574468085106383,0.2553191489361702,0.05319148936170213,0.010638297872340425,0.02127659574468085,0.8829787234042553,0.09574468085106383,0.02127659574468085,29.0,0.2553191489361702,0.06,80.27820396423336,0.002989603505665474,0.6726607887747317,0.9383020943473941,0.0,0.6,0.18222222222222223,nan,nan,0.6597493141889572,0.6597493141889572,0.42340895533561707,nan,nan,nan,nan,nan,nan,nan,nan,nan,nan,nan,nan,nan,nan,nan,nan,nan,nan,nan,nan,nan,nan,nan,nan,nan,nan,nan,nan,nan,nan,nan,nan,nan,nan,nan,nan,nan,nan,nan,nan,nan,nan,nan,nan,nan,nan,nan,nan,nan,nan,nan,nan,nan
685,82686,0.1327548747346519,-2.04671791768074,0.27111111111111114,0,95,0.631578947368421,0.15789473684210525,0.07368421052631578,0.0,0.010526315789473684,0.8631578947368421,0.11578947368421053,0.021052631578947368,17.0,0.12631578947368421,0.07083333333333333,80.15921826362607,0.0033267124161522957,0.7485102936342664,0.9300496552141218,0.0,0.6923076923076923,0.17333333333333334,nan,nan,0.675628051161766,0.675628051161766,0.5845247060060501,nan,nan,nan,nan,nan,nan,nan,nan,nan,nan,nan,nan,nan,nan,nan,nan,nan,nan,nan,nan,nan,nan,nan,nan,nan,nan,nan,nan,nan,nan,nan,nan,nan,nan,nan,nan,nan,nan,nan,nan,nan,nan,nan,nan,nan,nan,nan,nan,nan,nan,nan,nan,nan
686,82784,0.13023468058832924,-1.086306684970856,0.3111111111111111,0,98,0.7040816326530612,0.10204081632653061,0.061224489795918366,0.0,0.01020408163265306,0.8673469387755102,0.12244897959183673,0.01020408163265306,5.0,0.0,0.07840579710144928,80.55530176162715,0.0038069085455620334,0.8565544227514573,0.9816190878851966,0.0,0.9230769230769231,0.16,nan,nan,0.6940041482448578,0.6940041482448578,0.47833654284477234,nan,nan,nan,nan,nan,nan,nan,nan,nan,nan,nan,nan,nan,nan,nan,nan,nan,nan,nan,nan,nan,nan,nan,nan,nan,nan,nan,nan,nan,nan,nan,nan,nan,nan,nan,nan,nan,nan,nan,nan,nan,nan,nan,nan,nan,nan,nan,nan,nan,nan,nan,nan,nan
687,82882,0.12771690847632935,-1.9091433715820307,0.3022222222222222,0,98,0.6836734693877551,0.07142857142857142,0.1326530612244898,0.02040816326530612,0.02040816326530612,0.8877551020408163,0.08163265306122448,0.030612244897959183,8.0,0.05102040816326531,0.0755072463768116,80.05850830078114,0.003719501950486284,0.8368879388594138,0.8875227642942922,0.01020408163265306,0.875,0.1511111111111111,nan,nan,0.6642869412899017,0.6642869412899017,0.5312545225024223,nan,nan,nan,nan,nan,nan,nan,nan,nan,nan,nan,nan,nan,nan,nan,nan,nan,nan,nan,nan,nan,nan,nan,nan,nan,nan,nan,nan,nan,nan,nan,nan,nan,nan,nan,nan,nan,nan,nan,nan,nan,nan,nan,nan,nan,nan,nan,nan,nan,nan,nan,nan,nan
688,83008,0.1244833270412173,-1.310105043888092,0.37333333333333335,0,126,0.6587301587301587,0.10317460317460317,0.06349206349206349,0.015873015873015872,0.007936507936507936,0.8253968253968254,0.15079365079365079,0.023809523809523808,8.0,0.03968253968253968,0.07925925925925938,100.37242898941028,0.0036752013735545674,0.8269203090497775,0.9619552550838435,0.0,0.75,0.16,0.3333333333333333,nan,0.6150545030832291,0.6150545030832291,0.4547344297170639,nan,nan,nan,nan,nan,nan,nan,nan,nan,nan,nan,nan,nan,nan,nan,nan,nan,nan,nan,nan,nan,nan,nan,nan,nan,nan,nan,nan,nan,nan,nan,nan,nan,nan,nan,nan,nan,nan,nan,nan,nan,nan,nan,nan,nan,nan,nan,nan,nan,nan,nan,nan,nan
689,83096,0.12352379004616629,-1.9474595348834978,0.26666666666666666,0,88,0.6704545454545454,0.06818181818181818,0.11363636363636363,0.022727272727272728,0.011363636363636364,0.8522727272727273,0.11363636363636363,0.03409090909090909,10.0,0.10227272727272728,0.06965811965811966,70.13770985603325,0.0037386767084421116,0.841202259399475,0.8988166430604633,0.011363636363636364,0.7,0.16444444444444445,nan,nan,0.6857636421918869,0.6857636421918869,0.5247113704681396,nan,nan,nan,nan,nan,nan,nan,nan,nan,nan,nan,nan,nan,nan,nan,nan,nan,nan,nan,nan,nan,nan,nan,nan,nan,nan,nan,nan,nan,nan,nan,nan,nan,nan,nan,nan,nan,nan,nan,nan,nan,nan,nan,nan,nan,nan,nan,nan,nan,nan,nan,nan,nan
690,83158,0.12380319166637128,-2.0503832921981813,0.17777777777777778,0,62,0.6290322580645161,0.12903225806451613,0.06451612903225806,0.016129032258064516,0.03225806451612903,0.8225806451612904,0.14516129032258066,0.03225806451612903,15.0,0.16129032258064516,0.05777777777777778,50.22269802093501,0.0034512947365169517,0.7765413157163141,0.9620303904556325,0.0,0.5,0.17777777777777778,nan,nan,0.5783747136592865,0.5783747136592865,0.4170282557606697,nan,nan,nan,nan,nan,nan,nan,nan,nan,nan,nan,nan,nan,nan,nan,nan,nan,nan,nan,nan,nan,nan,nan,nan,nan,nan,nan,nan,nan,nan,nan,nan,nan,nan,nan,nan,nan,nan,nan,nan,nan,nan,nan,nan,nan,nan,nan,nan,nan,nan,nan,nan,nan
691,83252,0.1242249603848302,-0.4354578523635859,0.3022222222222222,0,94,0.7127659574468085,0.11702127659574468,0.05319148936170213,0.0,0.02127659574468085,0.8829787234042553,0.10638297872340426,0.010638297872340425,11.0,0.06382978723404255,0.07690058479532165,70.77578907012926,0.004207339567528102,0.9466514026938228,0.9145473259381945,0.0,0.9090909090909091,0.18666666666666668,nan,nan,0.6024910062551498,0.6024910062551498,0.4636440873146057,nan,nan,nan,nan,nan,nan,nan,nan,nan,nan,nan,nan,nan,nan,nan,nan,nan,nan,nan,nan,nan,nan,nan,nan,nan,nan,nan,nan,nan,nan,nan,nan,nan,nan,nan,nan,nan,nan,nan,nan,nan,nan,nan,nan,nan,nan,nan,nan,nan,nan,nan,nan,nan
692,83344,0.1246356101291935,-1.2755606818199159,0.31555555555555553,-2,92,0.7608695652173914,0.05434782608695652,0.08695652173913043,0.0,0.043478260869565216,0.9021739130434783,0.09782608695652174,0.0,8.0,0.043478260869565216,0.08562091503267974,73.17676839828485,0.004251501096875482,0.9565877467969833,0.9231705147047656,0.0,0.8888888888888888,0.17333333333333334,nan,nan,0.6585400402545929,0.6585400402545929,0.3990279957652092,nan,nan,nan,nan,nan,nan,nan,nan,nan,nan,nan,nan,nan,nan,nan,nan,nan,nan,nan,nan,nan,nan,nan,nan,nan,nan,nan,nan,nan,nan,nan,nan,nan,nan,nan,nan,nan,nan,nan,nan,nan,nan,nan,nan,nan,nan,nan,nan,nan,nan,nan,nan,nan
693,83427,0.1250042687928536,-0.891929917812347,0.29777777777777775,0,83,0.7951807228915663,0.03614457831325301,0.03614457831325301,0.0,0.024096385542168676,0.8674698795180723,0.10843373493975904,0.024096385542168676,3.0,0.0,0.08513888888888886,69.9421896934509,0.004193939803986432,0.9436364558969472,0.9314483641807852,0.0,0.8181818181818182,0.17777777777777778,nan,nan,0.5810334533452988,0.5810334533452988,0.45926469564437866,nan,nan,nan,nan,nan,nan,nan,nan,nan,nan,nan,nan,nan,nan,nan,nan,nan,nan,nan,nan,nan,nan,nan,nan,nan,nan,nan,nan,nan,nan,nan,nan,nan,nan,nan,nan,nan,nan,nan,nan,nan,nan,nan,nan,nan,nan,nan,nan,nan,nan,nan,nan,nan
694,83610,0.12581100814253596,-4.16275214958191,0.40444444444444444,0,183,0.4918032786885246,0.18579234972677597,0.03278688524590164,0.11475409836065574,0.0,0.7103825136612022,0.2677595628415301,0.02185792349726776,14.0,0.18579234972677597,0.053541666666666654,140.28335380554194,0.0028513718067681233,0.6415586565228277,0.9448427653838962,0.0,0.65625,0.17333333333333334,0.3288888888888889,0.37777777777777777,0.6117361038923264,0.6117361038923264,0.3883061334490776,nan,nan,nan,nan,nan,nan,nan,nan,nan,nan,nan,nan,nan,nan,nan,nan,nan,nan,nan,nan,nan,nan,nan,nan,nan,nan,nan,nan,nan,nan,nan,nan,nan,nan,nan,nan,nan,nan,nan,nan,nan,nan,nan,nan,nan,nan,nan,nan,nan,nan,nan,nan,nan
695,83655,0.12600810549026947,-1.2877600901126858,0.18666666666666668,0,45,0.9111111111111111,0.0,0.022222222222222223,0.0,0.044444444444444446,0.9333333333333333,0.06666666666666667,0.0,2.0,0.0,0.10166666666666667,41.12152466773988,0.004431309969524959,0.9970447431431156,0.8514238461207365,0.0,1.0,nan,nan,nan,0.6006598770618439,0.6006598770618439,0.48439332097768784,nan,nan,nan,nan,nan,nan,nan,nan,nan,nan,nan,nan,nan,nan,nan,nan,nan,nan,nan,nan,nan,nan,nan,nan,nan,nan,nan,nan,nan,nan,nan,nan,nan,nan,nan,nan,nan,nan,nan,nan,nan,nan,nan,nan,nan,nan,nan,nan,nan,nan,nan,nan,nan
696,83765,0.12648777294794125,-1.0832595090866084,0.3422222222222222,0,110,0.6909090909090909,0.14545454545454545,0.02727272727272727,0.00909090909090909,0.01818181818181818,0.8636363636363636,0.10909090909090909,0.02727272727272727,18.0,0.11818181818181818,0.07822222222222222,90.45961437225336,0.003734017441062453,0.840153924239052,0.9204587860322877,0.0,0.7142857142857143,0.18666666666666668,0.30666666666666664,nan,0.6816673129796982,0.6816673129796982,0.45312540978193283,nan,nan,nan,nan,nan,nan,nan,nan,nan,nan,nan,nan,nan,nan,nan,nan,nan,nan,nan,nan,nan,nan,nan,nan,nan,nan,nan,nan,nan,nan,nan,nan,nan,nan,nan,nan,nan,nan,nan,nan,nan,nan,nan,nan,nan,nan,nan,nan,nan,nan,nan,nan,nan
697,83890,0.12702919094740472,-0.19110537409782358,0.40444444444444444,0,125,0.72,0.104,0.04,0.016,0.0,0.864,0.112,0.024,8.0,0.032,0.07999999999999999,100.01052737236006,0.003999578949431159,0.8999052636220107,0.9182467915612373,0.0,0.8,0.18666666666666668,0.3466666666666667,nan,0.6110427975654602,0.6110427975654602,0.45255858451128006,nan,nan,nan,nan,nan,nan,nan,nan,nan,nan,nan,nan,nan,nan,nan,nan,nan,nan,nan,nan,nan,nan,nan,nan,nan,nan,nan,nan,nan,nan,nan,nan,nan,nan,nan,nan,nan,nan,nan,nan,nan,nan,nan,nan,nan,nan,nan,nan,nan,nan,nan,nan,nan
698,83990,0.12745952688457804,-0.9604457318782804,0.3377777777777778,0,100,0.75,0.02,0.05,0.05,0.02,0.82,0.14,0.04,6.0,0.01,0.08333333333333333,80.623292684555,0.0041344544762954094,0.9302522571664671,0.9453726016183853,0.0,1.0,0.18666666666666668,0.3377777777777778,nan,0.6355990171432495,0.6355990171432495,0.45312999188899994,nan,nan,nan,nan,nan,nan,nan,nan,nan,nan,nan,nan,nan,nan,nan,nan,nan,nan,nan,nan,nan,nan,nan,nan,nan,nan,nan,nan,nan,nan,nan,nan,nan,nan,nan,nan,nan,nan,nan,nan,nan,nan,nan,nan,nan,nan,nan,nan,nan,nan,nan,nan,nan
699,84075,0.12782335914471862,-1.0519676237106312,0.28,0,85,0.7294117647058823,0.11764705882352941,0.058823529411764705,0.0,0.011764705882352941,0.9058823529411765,0.08235294117647059,0.011764705882352941,11.0,0.07058823529411765,0.06888888888888889,70.78064403533928,0.003893091950646515,0.8759456888954658,0.8682287224783197,0.0,0.75,0.19111111111111112,nan,nan,0.6336717903614044,0.6336717903614044,0.490516796708107,nan,nan,nan,nan,nan,nan,nan,nan,nan,nan,nan,nan,nan,nan,nan,nan,nan,nan,nan,nan,nan,nan,nan,nan,nan,nan,nan,nan,nan,nan,nan,nan,nan,nan,nan,nan,nan,nan,nan,nan,nan,nan,nan,nan,nan,nan,nan,nan,nan,nan,nan,nan,nan
700,84138,0.1280918660690422,-1.3591989083290101,0.2311111111111111,-1,63,0.8095238095238095,0.0,0.1111111111111111,0.0,0.031746031746031744,0.9206349206349206,0.07936507936507936,0.0,7.0,0.031746031746031744,0.09196581196581195,51.6304657936096,0.004390172801708901,0.9877888803845029,0.8551182201970977,0.0,1.0,0.17777777777777778,nan,nan,0.6084056049585342,0.6084056049585342,0.3566616401076317,-13.888173355364795,0.24533333333333332,-0.4,91.6,0.0,1.0,0.6644199346671804,0.1299637614841179,0.062068009429754115,0.062376237623762376,0.024836356572901643,0.8564517055810524,0.14354829441894765,0.0,26.1,0.15539174677719786,0.07361875100208433,71.91974624156943,0.003526644961377441,0.7934951163099243,0.8873174822937425,0.0,0.8761904761904763,0.18500000000000003,0.277037037037037,0.27111111111111114,-2.0464859940767286,0.24266666666666667,-0.2,88.7,0.0,1.0,0.637946476228243,0.20677456897697266,0.06506965088333619,0.0,0.023455637414317342,0.9097906960885517,0.09020930391144824,0.0,22.7,0.18948305639833318,0.06751563251563251,74.48843803882593,0.003371164920756532,0.7585121071702197,0.906418073587558,0.0,0.7868956043956044,0.18333333333333335,0.2414814814814815,0.3377777777777778,0.5284074074074074
701,84224,0.12845681083326554,-1.7749834227561954,0.24444444444444444,0,86,0.627906976744186,0.19767441860465115,0.08139534883720931,0.0,0.011627906976744186,0.9069767441860465,0.09302325581395349,0.0,20.0,0.1744186046511628,0.07414141414141413,70.56174688339227,0.0034012763373987196,0.765287175914712,0.9142658557000757,0.0,0.75,0.18222222222222223,nan,nan,0.6474196016788483,0.6474196016788483,0.502706490457058,nan,nan,nan,nan,nan,nan,nan,nan,nan,nan,nan,nan,nan,nan,nan,nan,nan,nan,nan,nan,nan,nan,nan,nan,nan,nan,nan,nan,nan,nan,nan,nan,nan,nan,nan,nan,nan,nan,nan,nan,nan,nan,nan,nan,nan,nan,nan,nan,nan,nan,nan,nan,nan
702,84270,0.12865126173875513,-1.3831248974800112,0.17333333333333334,-1,46,0.8260869565217391,0.0,0.10869565217391304,0.0,0.06521739130434782,0.9347826086956522,0.06521739130434782,0.0,6.0,0.021739130434782608,0.09291005291005291,35.30595140457154,0.004783581299186306,1.0763057923169188,0.9040226477609706,0.0,1.0,nan,nan,nan,0.6202582269906998,0.6202582269906998,0.3853052258491516,nan,nan,nan,nan,nan,nan,nan,nan,nan,nan,nan,nan,nan,nan,nan,nan,nan,nan,nan,nan,nan,nan,nan,nan,nan,nan,nan,nan,nan,nan,nan,nan,nan,nan,nan,nan,nan,nan,nan,nan,nan,nan,nan,nan,nan,nan,nan,nan,nan,nan,nan,nan,nan
703,84321,0.12886623632020175,-2.3321086957454673,0.14222222222222222,0,51,0.6078431372549019,0.11764705882352941,0.09803921568627451,0.0196078431372549,0.0392156862745098,0.8235294117647058,0.13725490196078433,0.0392156862745098,5.0,0.0,0.045925925925925926,40.86770186424255,0.003371312099600279,0.7585452224100627,0.9885139914190803,0.0,0.875,0.14222222222222222,nan,nan,0.5764599442481995,0.5764599442481995,0.39931153506040573,nan,nan,nan,nan,nan,nan,nan,nan,nan,nan,nan,nan,nan,nan,nan,nan,nan,nan,nan,nan,nan,nan,nan,nan,nan,nan,nan,nan,nan,nan,nan,nan,nan,nan,nan,nan,nan,nan,nan,nan,nan,nan,nan,nan,nan,nan,nan,nan,nan,nan,nan,nan,nan
704,84440,0.12936534205854688,-0.3670774412155141,0.36444444444444446,0,119,0.680672268907563,0.12605042016806722,0.05042016806722689,0.0,0.008403361344537815,0.8571428571428571,0.1092436974789916,0.03361344537815126,10.0,0.04201680672268908,0.07424561403508771,90.4102613449095,0.003981848903484777,0.8959160032840748,0.9469880717523113,0.0,0.7647058823529411,0.16,0.3288888888888889,nan,0.5939405709505081,0.5939405709505081,0.33871349692344666,nan,nan,nan,nan,nan,nan,nan,nan,nan,nan,nan,nan,nan,nan,nan,nan,nan,nan,nan,nan,nan,nan,nan,nan,nan,nan,nan,nan,nan,nan,nan,nan,nan,nan,nan,nan,nan,nan,nan,nan,nan,nan,nan,nan,nan,nan,nan,nan,nan,nan,nan,nan,nan
705,84510,0.12965729930106246,-1.420818752288818,0.24,0,70,0.7571428571428571,0.1,0.04285714285714286,0.0,0.02857142857142857,0.9,0.1,0.0,6.0,0.014285714285714285,0.08333333333333333,60.10303573608393,0.003919195639133674,0.8818190188050768,0.958006827604501,0.0,0.8571428571428571,0.18222222222222223,nan,nan,0.6382449865341187,0.6382449865341187,0.42513061314821243,nan,nan,nan,nan,nan,nan,nan,nan,nan,nan,nan,nan,nan,nan,nan,nan,nan,nan,nan,nan,nan,nan,nan,nan,nan,nan,nan,nan,nan,nan,nan,nan,nan,nan,nan,nan,nan,nan,nan,nan,nan,nan,nan,nan,nan,nan,nan,nan,nan,nan,nan,nan,nan
706,84597,0.13001847502378172,-1.6681980609893792,0.24888888888888888,0,87,0.632183908045977,0.1724137931034483,0.05747126436781609,0.0,0.011494252873563218,0.8620689655172413,0.11494252873563218,0.022988505747126436,20.0,0.1724137931034483,0.06592592592592593,70.82093391418452,0.0034515845941913703,0.7766065336930583,0.9647165661910965,0.0,0.5833333333333334,0.18222222222222223,nan,nan,0.6362979263067245,0.6362979263067245,0.48721033334732056,nan,nan,nan,nan,nan,nan,nan,nan,nan,nan,nan,nan,nan,nan,nan,nan,nan,nan,nan,nan,nan,nan,nan,nan,nan,nan,nan,nan,nan,nan,nan,nan,nan,nan,nan,nan,nan,nan,nan,nan,nan,nan,nan,nan,nan,nan,nan,nan,nan,nan,nan,nan,nan
707,84745,0.130628602758697,-0.8352640604972834,0.41333333333333333,0,148,0.6216216216216216,0.13513513513513514,0.033783783783783786,0.0472972972972973,0.006756756756756757,0.7905405405405406,0.18243243243243243,0.02702702702702703,33.0,0.1891891891891892,0.06853462157809985,110.02156248092629,0.003716443210482266,0.8361997223585098,0.9340749280975439,0.006756756756756757,0.4782608695652174,0.18666666666666668,0.36444444444444446,nan,0.686958983540535,0.686958983540535,0.4987073466181755,nan,nan,nan,nan,nan,nan,nan,nan,nan,nan,nan,nan,nan,nan,nan,nan,nan,nan,nan,nan,nan,nan,nan,nan,nan,nan,nan,nan,nan,nan,nan,nan,nan,nan,nan,nan,nan,nan,nan,nan,nan,nan,nan,nan,nan,nan,nan,nan,nan,nan,nan,nan,nan
708,84908,0.13129433095006046,-2.505782841920852,0.4177777777777778,0,163,0.5705521472392638,0.26380368098159507,0.024539877300613498,0.012269938650306749,0.0,0.8588957055214724,0.12269938650306748,0.018404907975460124,16.0,0.1411042944785276,0.05963369963369964,140.16936039924613,0.002948813721886373,0.6634830874244338,0.9450976500709375,0.0,0.7619047619047619,0.18666666666666668,0.32,0.41333333333333333,0.6778755336999893,0.6778755336999893,0.49386825412511826,nan,nan,nan,nan,nan,nan,nan,nan,nan,nan,nan,nan,nan,nan,nan,nan,nan,nan,nan,nan,nan,nan,nan,nan,nan,nan,nan,nan,nan,nan,nan,nan,nan,nan,nan,nan,nan,nan,nan,nan,nan,nan,nan,nan,nan,nan,nan,nan,nan,nan,nan,nan,nan
709,85023,0.13176009017344223,-3.45617898607254,0.24888888888888888,0,115,0.4782608695652174,0.2608695652173913,0.10434782608695652,0.02608695652173913,0.008695652173913044,0.8434782608695652,0.1391304347826087,0.017391304347826087,27.0,0.33043478260869563,0.048888888888888885,90.86837129592881,0.002690093824267722,0.6052711104602375,0.8617804298180456,0.0,0.3333333333333333,0.15555555555555556,0.24888888888888888,nan,0.6585881561040878,0.6585881561040878,0.4713578596711159,nan,nan,nan,nan,nan,nan,nan,nan,nan,nan,nan,nan,nan,nan,nan,nan,nan,nan,nan,nan,nan,nan,nan,nan,nan,nan,nan,nan,nan,nan,nan,nan,nan,nan,nan,nan,nan,nan,nan,nan,nan,nan,nan,nan,nan,nan,nan,nan,nan,nan,nan,nan,nan
710,85096,0.1320540630217287,-0.9286835618019105,0.26222222222222225,0,73,0.7945205479452054,0.0410958904109589,0.0410958904109589,0.0273972602739726,0.0273972602739726,0.8767123287671232,0.1095890410958904,0.0136986301369863,4.0,0.0,0.08798711755233495,60.244605350494346,0.004278852459536654,0.9627418033957471,0.9470066132589412,0.0,1.0,0.19111111111111112,nan,nan,0.5905666649341583,0.5905666649341583,0.39251814782619476,nan,nan,nan,nan,nan,nan,nan,nan,nan,nan,nan,nan,nan,nan,nan,nan,nan,nan,nan,nan,nan,nan,nan,nan,nan,nan,nan,nan,nan,nan,nan,nan,nan,nan,nan,nan,nan,nan,nan,nan,nan,nan,nan,nan,nan,nan,nan,nan,nan,nan,nan,nan,nan
711,85173,0.13236272913500743,-1.8903578298091885,0.24444444444444444,0,77,0.7012987012987013,0.15584415584415584,0.03896103896103896,0.0,0.012987012987012988,0.8961038961038961,0.1038961038961039,0.0,12.0,0.09090909090909091,0.07277777777777777,70.07959837913506,0.0034246771606992496,0.7705523611573312,0.9869034263839314,0.0,0.875,0.17777777777777778,nan,nan,0.6069299280643463,0.6069299280643463,0.4572385549545288,nan,nan,nan,nan,nan,nan,nan,nan,nan,nan,nan,nan,nan,nan,nan,nan,nan,nan,nan,nan,nan,nan,nan,nan,nan,nan,nan,nan,nan,nan,nan,nan,nan,nan,nan,nan,nan,nan,nan,nan,nan,nan,nan,nan,nan,nan,nan,nan,nan,nan,nan,nan,nan
712,85254,0.1326858636520582,-0.9916261482238766,0.28888888888888886,-2,81,0.7901234567901234,0.024691358024691357,0.024691358024691357,0.012345679012345678,0.024691358024691357,0.8395061728395061,0.13580246913580246,0.024691358024691357,2.0,0.0,0.08870370370370369,66.95834426879877,0.004248080617145574,0.955818138857754,0.9803182394313065,0.0,1.0,0.18222222222222223,nan,nan,0.6581805646419525,0.6581805646419525,0.5231441780924797,nan,nan,nan,nan,nan,nan,nan,nan,nan,nan,nan,nan,nan,nan,nan,nan,nan,nan,nan,nan,nan,nan,nan,nan,nan,nan,nan,nan,nan,nan,nan,nan,nan,nan,nan,nan,nan,nan,nan,nan,nan,nan,nan,nan,nan,nan,nan,nan,nan,nan,nan,nan,nan
713,85303,0.1328805612116362,-1.7330284130573275,0.14222222222222222,0,49,0.6326530612244898,0.14285714285714285,0.08163265306122448,0.0,0.061224489795918366,0.8571428571428571,0.14285714285714285,0.0,9.0,0.08163265306122448,0.07,36.27646107673646,0.003797993897098539,0.8545486268471714,0.9639116458342067,0.0,0.7142857142857143,nan,nan,nan,0.6215004473924637,0.6215004473924637,0.4178341254591942,nan,nan,nan,nan,nan,nan,nan,nan,nan,nan,nan,nan,nan,nan,nan,nan,nan,nan,nan,nan,nan,nan,nan,nan,nan,nan,nan,nan,nan,nan,nan,nan,nan,nan,nan,nan,nan,nan,nan,nan,nan,nan,nan,nan,nan,nan,nan,nan,nan,nan,nan,nan,nan
714,85472,0.13354756997875336,-2.1920969038009646,0.3466666666666667,0,169,0.4556213017751479,0.3136094674556213,0.05325443786982249,0.04142011834319527,0.005917159763313609,0.8224852071005917,0.14201183431952663,0.03550295857988166,32.0,0.27218934911242604,0.05049289891395154,120.21997051238979,0.0028466337228634825,0.6404925876442835,0.9394115835239958,0.0,0.391304347826087,0.1688888888888889,0.26222222222222225,0.3111111111111111,0.5730510801076889,0.5730510801076889,0.3380807340145111,nan,nan,nan,nan,nan,nan,nan,nan,nan,nan,nan,nan,nan,nan,nan,nan,nan,nan,nan,nan,nan,nan,nan,nan,nan,nan,nan,nan,nan,nan,nan,nan,nan,nan,nan,nan,nan,nan,nan,nan,nan,nan,nan,nan,nan,nan,nan,nan,nan,nan,nan,nan,nan
715,85557,0.13388041452912053,-2.96395835518837,0.2088888888888889,0,85,0.5411764705882353,0.2,0.12941176470588237,0.0,0.011764705882352941,0.8705882352941177,0.10588235294117647,0.023529411764705882,18.0,0.2,0.05611111111111111,70.13293671607963,0.0029150988681979828,0.6558972453445461,0.961061581697788,0.0,0.5454545454545454,0.13777777777777778,nan,nan,0.6817084699869156,0.6817084699869156,0.49808675795793533,nan,nan,nan,nan,nan,nan,nan,nan,nan,nan,nan,nan,nan,nan,nan,nan,nan,nan,nan,nan,nan,nan,nan,nan,nan,nan,nan,nan,nan,nan,nan,nan,nan,nan,nan,nan,nan,nan,nan,nan,nan,nan,nan,nan,nan,nan,nan,nan,nan,nan,nan,nan,nan
716,85669,0.13431629924349983,-8.28534231877327,0.27111111111111114,0,112,0.5357142857142857,0.03571428571428571,0.3125,0.017857142857142856,0.008928571428571428,0.8839285714285714,0.09821428571428571,0.017857142857142856,33.0,0.2767857142857143,0.06200000000000001,85.07945065498333,0.003134325205601775,0.7052231712603992,0.7320972376802749,0.0,0.6363636363636364,0.19111111111111112,0.2311111111111111,nan,0.609867662191391,0.609867662191391,0.5025328882038593,nan,nan,nan,nan,nan,nan,nan,nan,nan,nan,nan,nan,nan,nan,nan,nan,nan,nan,nan,nan,nan,nan,nan,nan,nan,nan,nan,nan,nan,nan,nan,nan,nan,nan,nan,nan,nan,nan,nan,nan,nan,nan,nan,nan,nan,nan,nan,nan,nan,nan,nan,nan,nan
717,85735,0.13457173079342966,-1.778456037998199,0.23555555555555555,0,66,0.7878787878787878,0.10606060606060606,0.030303030303030304,0.0,0.06060606060606061,0.9242424242424242,0.07575757575757576,0.0,7.0,0.030303030303030304,0.08370370370370368,60.88053369522093,0.0037961413457394365,0.8541318027913732,0.9405839936534703,0.0,1.0,0.2,nan,nan,0.6113529950380325,0.6113529950380325,0.4944981262087822,nan,nan,nan,nan,nan,nan,nan,nan,nan,nan,nan,nan,nan,nan,nan,nan,nan,nan,nan,nan,nan,nan,nan,nan,nan,nan,nan,nan,nan,nan,nan,nan,nan,nan,nan,nan,nan,nan,nan,nan,nan,nan,nan,nan,nan,nan,nan,nan,nan,nan,nan,nan,nan
718,85821,0.13490297745477067,-0.7261056780815123,0.29777777777777775,0,86,0.7674418604651163,0.05813953488372093,0.05813953488372093,0.011627906976744186,0.011627906976744186,0.8837209302325582,0.10465116279069768,0.011627906976744186,5.0,0.0,0.08464646464646462,70.2391016960143,0.004176211344541989,0.9396475525219473,0.909418911035253,0.0,0.8888888888888888,0.17777777777777778,nan,nan,0.6701949387788773,0.6701949387788773,0.47632192075252533,nan,nan,nan,nan,nan,nan,nan,nan,nan,nan,nan,nan,nan,nan,nan,nan,nan,nan,nan,nan,nan,nan,nan,nan,nan,nan,nan,nan,nan,nan,nan,nan,nan,nan,nan,nan,nan,nan,nan,nan,nan,nan,nan,nan,nan,nan,nan,nan,nan,nan,nan,nan,nan
719,85885,0.13514832114825995,-0.8766952910423281,0.2222222222222222,0,64,0.765625,0.0625,0.046875,0.015625,0.03125,0.875,0.125,0.0,7.0,0.03125,0.08772486772486772,49.31138372421261,0.004416379369837997,0.9936853582135494,0.9376201801221097,0.0,0.8571428571428571,0.16444444444444445,nan,nan,0.6904138475656509,0.6904138475656509,0.36995933949947357,nan,nan,nan,nan,nan,nan,nan,nan,nan,nan,nan,nan,nan,nan,nan,nan,nan,nan,nan,nan,nan,nan,nan,nan,nan,nan,nan,nan,nan,nan,nan,nan,nan,nan,nan,nan,nan,nan,nan,nan,nan,nan,nan,nan,nan,nan,nan,nan,nan,nan,nan,nan,nan
720,85969,0.1354688269650246,-1.6970190637111664,0.25333333333333335,0,84,0.6666666666666666,0.15476190476190477,0.05952380952380952,0.011904761904761904,0.011904761904761904,0.8809523809523809,0.10714285714285714,0.011904761904761904,7.0,0.047619047619047616,0.06814814814814817,70.74303870201103,0.003518210320838447,0.7915973221886505,0.9775343354181233,0.0,0.7777777777777778,0.17777777777777778,nan,nan,0.5330470204353333,0.5330470204353333,0.37147359549999237,-2.09714665248394,0.24800000000000005,-0.8,92.1,0.0,1.0,0.6416831367249882,0.22553584480659702,0.03521430192023024,0.003676470588235294,0.02360615819104046,0.9024332834518154,0.09756671654818451,0.0,26.4,0.1941011619958656,0.06947621719843942,77.28615859508507,0.0033499852216120132,0.753746674862703,0.9237062436985453,0.0,0.7635101010101011,0.1857777777777778,0.2551111111111111,nan,-2.600692842030525,0.22355555555555556,-0.1,95.4,0.0,1.0,0.5377206818011191,0.31299942623327154,0.043843446650701834,0.004555373704309874,0.016995636686027757,0.8945635546850925,0.1054364453149077,0.0,31.7,0.2720509030045754,0.055948821548821547,80.2218365907668,0.002858141811261548,0.6430819075338483,0.9183500629085417,0.0,0.6178030303030303,0.1748148148148148,0.25555555555555554,nan,0.37444444444444447
721,86078,0.135882172744643,-3.238065837860109,0.2088888888888889,0,109,0.42201834862385323,0.28440366972477066,0.11009174311926606,0.01834862385321101,0.009174311926605505,0.8165137614678899,0.1651376146788991,0.01834862385321101,47.0,0.41284403669724773,0.05195061728395062,80.22919845581042,0.0025482548545845284,0.5733573422815189,0.8506425692935483,0.0,0.29411764705882354,0.10222222222222223,0.17777777777777778,nan,0.600525289773941,0.600525289773941,0.43902067095041275,nan,nan,nan,nan,nan,nan,nan,nan,nan,nan,nan,nan,nan,nan,nan,nan,nan,nan,nan,nan,nan,nan,nan,nan,nan,nan,nan,nan,nan,nan,nan,nan,nan,nan,nan,nan,nan,nan,nan,nan,nan,nan,nan,nan,nan,nan,nan,nan,nan,nan,nan,nan,nan
722,86129,0.13607458547260554,-0.5199578800201408,0.21333333333333335,0,51,0.9215686274509803,0.0,0.0,0.0,0.0392156862745098,0.9215686274509803,0.0784313725490196,0.0,1.0,0.0,0.1051851851851852,41.65674171447754,0.005014527788098484,1.1282687523221588,0.8744053191643401,0.0,1.0,0.2088888888888889,nan,nan,0.6229200959205627,0.6229200959205627,0.5112674236297607,nan,nan,nan,nan,nan,nan,nan,nan,nan,nan,nan,nan,nan,nan,nan,nan,nan,nan,nan,nan,nan,nan,nan,nan,nan,nan,nan,nan,nan,nan,nan,nan,nan,nan,nan,nan,nan,nan,nan,nan,nan,nan,nan,nan,nan,nan,nan,nan,nan,nan,nan,nan,nan
723,86218,0.13640885810473538,-0.8493733332157132,0.28,-1,89,0.6966292134831461,0.14606741573033707,0.056179775280898875,0.0,0.02247191011235955,0.898876404494382,0.10112359550561797,0.0,10.0,0.11235955056179775,0.07412698412698414,69.09879364967337,0.003987849005767095,0.8972660262975962,0.8953724634025086,0.0,0.4444444444444444,0.19555555555555557,nan,nan,0.6406536996364594,0.6406536996364594,0.4392828419804573,nan,nan,nan,nan,nan,nan,nan,nan,nan,nan,nan,nan,nan,nan,nan,nan,nan,nan,nan,nan,nan,nan,nan,nan,nan,nan,nan,nan,nan,nan,nan,nan,nan,nan,nan,nan,nan,nan,nan,nan,nan,nan,nan,nan,nan,nan,nan,nan,nan,nan,nan,nan,nan
724,86336,0.13684910106084602,0.05607020044326805,0.37333333333333335,0,118,0.7033898305084746,0.1271186440677966,0.025423728813559324,0.0,0.00847457627118644,0.8559322033898306,0.13559322033898305,0.00847457627118644,10.0,0.059322033898305086,0.07688888888888888,90.43742666244492,0.0040789405725326095,0.9177616288198369,0.9526059631342509,0.0,0.5882352941176471,0.19555555555555557,0.3333333333333333,nan,0.578772634267807,0.578772634267807,0.39011552184820175,nan,nan,nan,nan,nan,nan,nan,nan,nan,nan,nan,nan,nan,nan,nan,nan,nan,nan,nan,nan,nan,nan,nan,nan,nan,nan,nan,nan,nan,nan,nan,nan,nan,nan,nan,nan,nan,nan,nan,nan,nan,nan,nan,nan,nan,nan,nan,nan,nan,nan,nan,nan,nan
725,86495,0.1374369987795363,-7.465785594463347,0.3333333333333333,0,159,0.46540880503144655,0.1320754716981132,0.018867924528301886,0.27044025157232704,0.0,0.6163522012578616,0.3710691823899371,0.012578616352201259,40.0,0.36477987421383645,0.046984126984126975,100.15986280441258,0.003283639570584551,0.738818903381524,0.86204045420478,0.0,0.5294117647058824,0.17777777777777778,0.3244444444444444,0.3333333333333333,0.5880431458353996,0.5880431458353996,0.5541191026568413,nan,nan,nan,nan,nan,nan,nan,nan,nan,nan,nan,nan,nan,nan,nan,nan,nan,nan,nan,nan,nan,nan,nan,nan,nan,nan,nan,nan,nan,nan,nan,nan,nan,nan,nan,nan,nan,nan,nan,nan,nan,nan,nan,nan,nan,nan,nan,nan,nan,nan,nan,nan,nan
726,86542,0.13760961392612941,-2.3194388680458062,0.1688888888888889,0,47,0.7872340425531915,0.02127659574468085,0.0851063829787234,0.0,0.06382978723404255,0.8936170212765957,0.10638297872340426,0.0,4.0,0.0,0.08737373737373738,44.547036838531476,0.0036914788528023107,0.83058274188052,0.9679056134375046,0.0,1.0,nan,nan,nan,0.5796627476811409,0.5796627476811409,0.3941023722290993,nan,nan,nan,nan,nan,nan,nan,nan,nan,nan,nan,nan,nan,nan,nan,nan,nan,nan,nan,nan,nan,nan,nan,nan,nan,nan,nan,nan,nan,nan,nan,nan,nan,nan,nan,nan,nan,nan,nan,nan,nan,nan,nan,nan,nan,nan,nan,nan,nan,nan,nan,nan,nan
727,86609,0.1378547635829487,-1.2159932003021243,0.21777777777777776,0,67,0.7164179104477612,0.05970149253731343,0.07462686567164178,0.029850746268656716,0.029850746268656716,0.8507462686567164,0.11940298507462686,0.029850746268656716,5.0,0.0,0.08017429193899782,50.27612571716305,0.004243233349631523,0.9547275036670928,0.9805771733246159,0.0,0.875,0.16,nan,nan,0.6075456738471985,0.6075456738471985,0.3748640716075897,nan,nan,nan,nan,nan,nan,nan,nan,nan,nan,nan,nan,nan,nan,nan,nan,nan,nan,nan,nan,nan,nan,nan,nan,nan,nan,nan,nan,nan,nan,nan,nan,nan,nan,nan,nan,nan,nan,nan,nan,nan,nan,nan,nan,nan,nan,nan,nan,nan,nan,nan,nan,nan
728,86789,0.1385080332695732,-6.844141897201538,0.3288888888888889,0,180,0.40555555555555556,0.07222222222222222,0.016666666666666666,0.35,0.0,0.49444444444444446,0.4888888888888889,0.016666666666666666,84.0,0.4388888888888889,0.04055555555555555,100.03944664001426,0.0032431651247726077,0.7297121530738366,0.8726628812168089,0.0,0.6296296296296297,0.17777777777777778,0.3288888888888889,0.3288888888888889,0.6159713268280029,0.6159713268280029,0.315461840480566,nan,nan,nan,nan,nan,nan,nan,nan,nan,nan,nan,nan,nan,nan,nan,nan,nan,nan,nan,nan,nan,nan,nan,nan,nan,nan,nan,nan,nan,nan,nan,nan,nan,nan,nan,nan,nan,nan,nan,nan,nan,nan,nan,nan,nan,nan,nan,nan,nan,nan,nan,nan,nan
729,86902,0.13891416980794757,-1.3598392236232757,0.3377777777777778,0,113,0.6637168141592921,0.13274336283185842,0.05309734513274336,0.04424778761061947,0.008849557522123894,0.8495575221238938,0.13274336283185842,0.017699115044247787,13.0,0.09734513274336283,0.07323076923076924,90.73180212974535,0.0036738312863737774,0.8266120394340998,0.9157602459463858,0.008849557522123894,0.7272727272727273,0.19111111111111112,0.3022222222222222,nan,0.5795217454433441,0.5795217454433441,0.35964102298021317,nan,nan,nan,nan,nan,nan,nan,nan,nan,nan,nan,nan,nan,nan,nan,nan,nan,nan,nan,nan,nan,nan,nan,nan,nan,nan,nan,nan,nan,nan,nan,nan,nan,nan,nan,nan,nan,nan,nan,nan,nan,nan,nan,nan,nan,nan,nan,nan,nan,nan,nan,nan,nan
730,86977,0.13918204067021672,-1.8551276369094847,0.21333333333333335,0,75,0.6266666666666667,0.18666666666666668,0.05333333333333334,0.013333333333333334,0.02666666666666667,0.8666666666666667,0.10666666666666667,0.02666666666666667,18.0,0.17333333333333334,0.06962962962962964,60.191691780090274,0.0034703940479370856,0.7808386607858443,0.965297883006647,0.0,0.75,0.18666666666666668,nan,nan,0.6317621916532516,0.6317621916532516,0.4068560227751732,nan,nan,nan,nan,nan,nan,nan,nan,nan,nan,nan,nan,nan,nan,nan,nan,nan,nan,nan,nan,nan,nan,nan,nan,nan,nan,nan,nan,nan,nan,nan,nan,nan,nan,nan,nan,nan,nan,nan,nan,nan,nan,nan,nan,nan,nan,nan,nan,nan,nan,nan,nan,nan
731,87069,0.13950879090628213,-0.2786538257598865,0.31555555555555553,0,92,0.7608695652173914,0.06521739130434782,0.05434782608695652,0.0,0.010869565217391304,0.8804347826086957,0.10869565217391304,0.010869565217391304,8.0,0.03260869565217391,0.08562091503267974,72.1586078643798,0.004311489929182617,0.9700852340660888,0.9342551491762134,0.0,0.8181818181818182,0.1511111111111111,nan,nan,0.6250753849744797,0.6250753849744797,0.3318565934896469,nan,nan,nan,nan,nan,nan,nan,nan,nan,nan,nan,nan,nan,nan,nan,nan,nan,nan,nan,nan,nan,nan,nan,nan,nan,nan,nan,nan,nan,nan,nan,nan,nan,nan,nan,nan,nan,nan,nan,nan,nan,nan,nan,nan,nan,nan,nan,nan,nan,nan,nan,nan,nan
732,87158,0.13982296116208787,-0.38489998340606624,0.3111111111111111,0,89,0.7752808988764045,0.056179775280898875,0.033707865168539325,0.011235955056179775,0.02247191011235955,0.8651685393258427,0.11235955056179775,0.02247191011235955,6.0,0.011235955056179775,0.08539682539682542,70.151428413391,0.004371495685868714,0.9835865293204605,0.9475968387928224,0.0,0.9,0.19555555555555557,nan,nan,0.6932816952466965,0.6932816952466965,0.4268306642770767,nan,nan,nan,nan,nan,nan,nan,nan,nan,nan,nan,nan,nan,nan,nan,nan,nan,nan,nan,nan,nan,nan,nan,nan,nan,nan,nan,nan,nan,nan,nan,nan,nan,nan,nan,nan,nan,nan,nan,nan,nan,nan,nan,nan,nan,nan,nan,nan,nan,nan,nan,nan,nan
733,87227,0.14006522989787767,-1.4331081752777097,0.21333333333333335,0,69,0.6811594202898551,0.043478260869565216,0.014492753623188406,0.08695652173913043,0.043478260869565216,0.7391304347826086,0.21739130434782608,0.043478260869565216,6.0,0.014492753623188406,0.07571150097465888,50.229601669311506,0.004158680975893793,0.9357032195761035,0.9781386062545321,0.0,0.8181818181818182,0.15555555555555556,nan,nan,0.577244758605957,0.577244758605957,0.35325223952531815,nan,nan,nan,nan,nan,nan,nan,nan,nan,nan,nan,nan,nan,nan,nan,nan,nan,nan,nan,nan,nan,nan,nan,nan,nan,nan,nan,nan,nan,nan,nan,nan,nan,nan,nan,nan,nan,nan,nan,nan,nan,nan,nan,nan,nan,nan,nan,nan,nan,nan,nan,nan,nan
734,87375,0.14058104973959834,-3.4417425374984747,0.23555555555555555,0,148,0.35135135135135137,0.35135135135135137,0.033783783783783786,0.08783783783783784,0.006756756756756757,0.7364864864864865,0.23648648648648649,0.02702702702702703,84.0,0.5405405405405406,0.038518518518518514,100.13088130950902,0.0023080902523641665,0.5193203067819375,0.8366235850646747,0.0,0.23076923076923078,0.18222222222222223,0.23555555555555555,nan,0.6661403775215149,0.6661403775215149,0.4567291811108589,nan,nan,nan,nan,nan,nan,nan,nan,nan,nan,nan,nan,nan,nan,nan,nan,nan,nan,nan,nan,nan,nan,nan,nan,nan,nan,nan,nan,nan,nan,nan,nan,nan,nan,nan,nan,nan,nan,nan,nan,nan,nan,nan,nan,nan,nan,nan,nan,nan,nan,nan,nan,nan
735,87463,0.14088528052103325,-0.7040421919822683,0.3022222222222222,0,88,0.7613636363636364,0.06818181818181818,0.056818181818181816,0.0,0.022727272727272728,0.8863636363636364,0.10227272727272728,0.011363636363636364,11.0,0.06818181818181818,0.08572649572649572,70.43849706649772,0.004227486249410739,0.9511844061174163,0.8711880165867179,0.0,0.7,0.19555555555555557,nan,nan,0.5428419783711433,0.5428419783711433,0.40583011507987976,nan,nan,nan,nan,nan,nan,nan,nan,nan,nan,nan,nan,nan,nan,nan,nan,nan,nan,nan,nan,nan,nan,nan,nan,nan,nan,nan,nan,nan,nan,nan,nan,nan,nan,nan,nan,nan,nan,nan,nan,nan,nan,nan,nan,nan,nan,nan,nan,nan,nan,nan,nan,nan
736,87509,0.14104357714895394,-1.6098819596767426,0.17777777777777778,0,46,0.8478260869565217,0.0,0.06521739130434782,0.0,0.06521739130434782,0.9130434782608695,0.08695652173913043,0.0,4.0,0.0,0.09470899470899471,40.036971044540415,0.004329331835330477,0.9740996629493573,0.9780774745991895,0.0,1.0,nan,nan,nan,0.6419157832860947,0.6419157832860947,0.44692178815603256,nan,nan,nan,nan,nan,nan,nan,nan,nan,nan,nan,nan,nan,nan,nan,nan,nan,nan,nan,nan,nan,nan,nan,nan,nan,nan,nan,nan,nan,nan,nan,nan,nan,nan,nan,nan,nan,nan,nan,nan,nan,nan,nan,nan,nan,nan,nan,nan,nan,nan,nan,nan,nan
737,87627,0.14144734326436306,-0.6280757887363423,0.37777777777777777,0,118,0.711864406779661,0.06779661016949153,0.025423728813559324,0.05084745762711865,0.01694915254237288,0.8050847457627118,0.1440677966101695,0.05084745762711865,9.0,0.03389830508474576,0.07708641975308642,90.04834084510786,0.004145921288827564,0.9328322899862018,0.9331686037931956,0.01694915254237288,1.0,0.18222222222222223,0.3466666666666667,nan,0.6063209474086761,0.6063209474086761,0.46711450815200806,nan,nan,nan,nan,nan,nan,nan,nan,nan,nan,nan,nan,nan,nan,nan,nan,nan,nan,nan,nan,nan,nan,nan,nan,nan,nan,nan,nan,nan,nan,nan,nan,nan,nan,nan,nan,nan,nan,nan,nan,nan,nan,nan,nan,nan,nan,nan,nan,nan,nan,nan,nan,nan
738,87785,0.14198280531648055,-2.279528379678725,0.3688888888888889,0,158,0.5189873417721519,0.23417721518987342,0.08860759493670886,0.0189873417721519,0.0,0.8417721518987342,0.10759493670886076,0.05063291139240506,49.0,0.310126582278481,0.057460317460317455,120.10979409217813,0.0030342608377527643,0.6827086884943719,0.9440733251780613,0.006329113924050633,0.38095238095238093,0.18666666666666668,0.3111111111111111,0.3511111111111111,0.5065935850143433,0.5065935850143433,0.28707411885261536,nan,nan,nan,nan,nan,nan,nan,nan,nan,nan,nan,nan,nan,nan,nan,nan,nan,nan,nan,nan,nan,nan,nan,nan,nan,nan,nan,nan,nan,nan,nan,nan,nan,nan,nan,nan,nan,nan,nan,nan,nan,nan,nan,nan,nan,nan,nan,nan,nan,nan,nan,nan,nan
739,87863,0.14224496653935537,-1.325982576847076,0.24444444444444444,0,78,0.6923076923076923,0.07692307692307693,0.0641025641025641,0.01282051282051282,0.02564102564102564,0.8333333333333334,0.11538461538461539,0.05128205128205128,11.0,0.07692307692307693,0.06,60.123643589019764,0.003991774045507625,0.8981491602392156,0.8990916169229742,0.0,0.7272727272727273,0.17777777777777778,nan,nan,0.6486032009124756,0.6486032009124756,0.5704483464360237,nan,nan,nan,nan,nan,nan,nan,nan,nan,nan,nan,nan,nan,nan,nan,nan,nan,nan,nan,nan,nan,nan,nan,nan,nan,nan,nan,nan,nan,nan,nan,nan,nan,nan,nan,nan,nan,nan,nan,nan,nan,nan,nan,nan,nan,nan,nan,nan,nan,nan,nan,nan,nan
740,88002,0.142708583477325,-1.5748410935401909,0.29333333333333333,0,139,0.4676258992805755,0.35251798561151076,0.014388489208633094,0.02158273381294964,0.007194244604316547,0.8345323741007195,0.1510791366906475,0.014388489208633094,24.0,0.3237410071942446,0.05222222222222222,100.15086755752539,0.0028845370582831426,0.649020838113707,0.920127984869178,0.0,0.47368421052631576,0.17333333333333334,0.25333333333333335,nan,0.6126610487699509,0.6126610487699509,0.5939132273197174,-30.669079862236977,0.24888888888888888,0.2,110.1,0.1,0.9,0.5673407234630561,0.18725793708427185,0.02556247082969943,0.12165669291338584,0.015236668474114961,0.7801611313770275,0.21983886862297264,0.0,37.1,0.24066931326840998,0.05907969756039931,80.35218916416159,0.003132857511326263,0.7048929400484093,0.8886501094725151,0.0,0.7231493506493506,0.1786666666666667,0.25666666666666665,0.21777777777777776,-12.22281920182705,0.19955555555555554,-0.2,88.9,0.0,1.0,0.5649511842206675,0.20462542082960916,0.03447028099517333,0.07230273752012882,0.021373702033909446,0.8040468860454499,0.19362725084128538,0.002325863113264688,32.5,0.24736023930477885,0.059743558168963116,70.49446858882905,0.0029663191441665964,0.6674218074374841,0.8964283963203755,0.0,0.6538057040998217,0.16571428571428573,0.20296296296296298,0.10222222222222223,0.4942333333333333
741,88147,0.14318734910705674,0.1360042190551769,0.44,0,145,0.6758620689655173,0.15172413793103448,0.027586206896551724,0.013793103448275862,0.006896551724137931,0.8551724137931035,0.12413793103448276,0.020689655172413793,13.0,0.09655172413793103,0.07574074074074073,110.13329315185521,0.00395480370277313,0.8898308331239542,0.9200046616936152,0.0,0.6842105263157895,0.19555555555555557,0.3333333333333333,nan,0.6608541160821915,0.6608541160821915,0.5391356945037842,nan,nan,nan,nan,nan,nan,nan,nan,nan,nan,nan,nan,nan,nan,nan,nan,nan,nan,nan,nan,nan,nan,nan,nan,nan,nan,nan,nan,nan,nan,nan,nan,nan,nan,nan,nan,nan,nan,nan,nan,nan,nan,nan,nan,nan,nan,nan,nan,nan,nan,nan,nan,nan
742,88210,0.14339381912709798,-0.6653640780448906,0.23555555555555555,0,63,0.8253968253968254,0.015873015873015872,0.031746031746031744,0.015873015873015872,0.031746031746031744,0.873015873015873,0.1111111111111111,0.015873015873015872,3.0,0.0,0.08934472934472933,50.11775312423704,0.004611362176157601,1.03755648963546,0.9714074700436391,0.0,1.0,0.19555555555555557,nan,nan,0.6314909607172012,0.6314909607172012,0.3979666009545326,nan,nan,nan,nan,nan,nan,nan,nan,nan,nan,nan,nan,nan,nan,nan,nan,nan,nan,nan,nan,nan,nan,nan,nan,nan,nan,nan,nan,nan,nan,nan,nan,nan,nan,nan,nan,nan,nan,nan,nan,nan,nan,nan,nan,nan,nan,nan,nan,nan,nan,nan,nan,nan
743,88336,0.14380395464947737,-1.4920740973949436,0.3244444444444444,0,126,0.5714285714285714,0.2698412698412698,0.047619047619047616,0.007936507936507936,0.0,0.8888888888888888,0.09523809523809523,0.015873015873015872,30.0,0.24603174603174602,0.05333333333333334,100.29594378471359,0.0031905577426628914,0.7178754920991505,0.912826954014895,0.0,0.5,0.18222222222222223,0.26666666666666666,nan,0.6203610748052597,0.6203610748052597,0.5514165014028549,nan,nan,nan,nan,nan,nan,nan,nan,nan,nan,nan,nan,nan,nan,nan,nan,nan,nan,nan,nan,nan,nan,nan,nan,nan,nan,nan,nan,nan,nan,nan,nan,nan,nan,nan,nan,nan,nan,nan,nan,nan,nan,nan,nan,nan,nan,nan,nan,nan,nan,nan,nan,nan
744,88396,0.14399794436569288,-0.893424419403076,0.2311111111111111,0,60,0.85,0.0,0.016666666666666666,0.0,0.03333333333333333,0.8666666666666667,0.11666666666666667,0.016666666666666666,2.0,0.0,0.09333333333333332,50.79451828002927,0.004462423787879184,1.0040453522728163,0.9783111768791544,0.0,1.0,0.19555555555555557,nan,nan,0.552887424826622,0.552887424826622,0.5731788948178291,nan,nan,nan,nan,nan,nan,nan,nan,nan,nan,nan,nan,nan,nan,nan,nan,nan,nan,nan,nan,nan,nan,nan,nan,nan,nan,nan,nan,nan,nan,nan,nan,nan,nan,nan,nan,nan,nan,nan,nan,nan,nan,nan,nan,nan,nan,nan,nan,nan,nan,nan,nan,nan
745,88457,0.14419429980919463,-1.7424385163784026,0.20444444444444446,0,61,0.7377049180327869,0.06557377049180328,0.01639344262295082,0.01639344262295082,0.03278688524590164,0.819672131147541,0.14754098360655737,0.03278688524590164,4.0,0.0,0.07797979797979798,53.53750967979429,0.003735698600779006,0.8405321851752763,0.9786667313565454,0.0,1.0,0.17777777777777778,nan,nan,0.575093075633049,0.575093075633049,0.5613370463252068,nan,nan,nan,nan,nan,nan,nan,nan,nan,nan,nan,nan,nan,nan,nan,nan,nan,nan,nan,nan,nan,nan,nan,nan,nan,nan,nan,nan,nan,nan,nan,nan,nan,nan,nan,nan,nan,nan,nan,nan,nan,nan,nan,nan,nan,nan,nan,nan,nan,nan,nan,nan,nan
746,88569,0.14455254638685078,-3.689807266950608,0.25333333333333335,0,112,0.5,0.07142857142857142,0.026785714285714284,0.24107142857142858,0.017857142857142856,0.5982142857142857,0.38392857142857145,0.017857142857142856,15.0,0.125,0.05074074074074075,70.26483111381519,0.003542154516613552,0.7969847662380491,0.9448934164805062,0.0,0.8823529411764706,0.17777777777777778,0.24888888888888888,nan,0.544238418340683,0.544238418340683,0.3599126636981964,nan,nan,nan,nan,nan,nan,nan,nan,nan,nan,nan,nan,nan,nan,nan,nan,nan,nan,nan,nan,nan,nan,nan,nan,nan,nan,nan,nan,nan,nan,nan,nan,nan,nan,nan,nan,nan,nan,nan,nan,nan,nan,nan,nan,nan,nan,nan,nan,nan,nan,nan,nan,nan
747,88677,0.14489521212542544,-2.685697150230406,0.3288888888888889,-2,108,0.6759259259259259,0.09259259259259259,0.10185185185185185,0.0,0.009259259259259259,0.8703703703703703,0.12037037037037036,0.009259259259259259,10.0,0.046296296296296294,0.07244444444444445,94.64473476409906,0.003428024234555875,0.7713054527750718,0.9154870430989888,0.0,0.8571428571428571,0.14666666666666667,0.3111111111111111,nan,0.6375752836465836,0.6375752836465836,0.5852015838027,nan,nan,nan,nan,nan,nan,nan,nan,nan,nan,nan,nan,nan,nan,nan,nan,nan,nan,nan,nan,nan,nan,nan,nan,nan,nan,nan,nan,nan,nan,nan,nan,nan,nan,nan,nan,nan,nan,nan,nan,nan,nan,nan,nan,nan,nan,nan,nan,nan,nan,nan,nan,nan
748,88815,0.14532908771419187,-2.714452545404435,0.3333333333333333,-1,138,0.5362318840579711,0.26811594202898553,0.08695652173913043,0.0,0.007246376811594203,0.8913043478260869,0.10869565217391304,0.0,20.0,0.2246376811594203,0.05549857549857549,112.5376432895659,0.002922478908169764,0.6575577543381969,0.9525901376530499,0.0,0.6666666666666666,0.17777777777777778,0.28,nan,0.5969174951314926,0.5969174951314926,0.49982845038175583,nan,nan,nan,nan,nan,nan,nan,nan,nan,nan,nan,nan,nan,nan,nan,nan,nan,nan,nan,nan,nan,nan,nan,nan,nan,nan,nan,nan,nan,nan,nan,nan,nan,nan,nan,nan,nan,nan,nan,nan,nan,nan,nan,nan,nan,nan,nan,nan,nan,nan,nan,nan,nan
749,88938,0.14571204969424884,-2.2102136158943173,0.28444444444444444,0,123,0.5121951219512195,0.21138211382113822,0.056910569105691054,0.07317073170731707,0.008130081300813009,0.7804878048780488,0.1951219512195122,0.024390243902439025,37.0,0.2682926829268293,0.056541062801932364,90.21155824661246,0.0031038151367983307,0.6983584057796244,0.9251410227893202,0.0,0.5294117647058824,0.17333333333333334,0.25333333333333335,nan,0.5868181139230728,0.5868181139230728,0.3816436603665352,nan,nan,nan,nan,nan,nan,nan,nan,nan,nan,nan,nan,nan,nan,nan,nan,nan,nan,nan,nan,nan,nan,nan,nan,nan,nan,nan,nan,nan,nan,nan,nan,nan,nan,nan,nan,nan,nan,nan,nan,nan,nan,nan,nan,nan,nan,nan,nan,nan,nan,nan,nan,nan
750,89036,0.14601464561450195,-0.46846852993965105,0.3377777777777778,0,98,0.7653061224489796,0.08163265306122448,0.061224489795918366,0.0,0.01020408163265306,0.9081632653061225,0.09183673469387756,0.0,6.0,0.01020408163265306,0.08526570048309179,80.48065266609188,0.004141782183555444,0.931900991299975,0.9051970527102108,0.0,1.0,0.17333333333333334,nan,nan,0.6056866943836212,0.6056866943836212,0.40588974952697754,nan,nan,nan,nan,nan,nan,nan,nan,nan,nan,nan,nan,nan,nan,nan,nan,nan,nan,nan,nan,nan,nan,nan,nan,nan,nan,nan,nan,nan,nan,nan,nan,nan,nan,nan,nan,nan,nan,nan,nan,nan,nan,nan,nan,nan,nan,nan,nan,nan,nan,nan,nan,nan
751,89128,0.14414625189310995,-0.7834343771934509,0.28444444444444444,0,92,0.6847826086956522,0.15217391304347827,0.05434782608695652,0.0,0.021739130434782608,0.8913043478260869,0.10869565217391304,0.0,19.0,0.15217391304347827,0.07418300653594771,70.10889883041371,0.003993786875433482,0.8986020469725332,0.9242101157637082,0.0,0.7,0.19111111111111112,nan,nan,0.5956670045852661,0.5956670045852661,0.4564097225666046,nan,nan,nan,nan,nan,nan,nan,nan,nan,nan,nan,nan,nan,nan,nan,nan,nan,nan,nan,nan,nan,nan,nan,nan,nan,nan,nan,nan,nan,nan,nan,nan,nan,nan,nan,nan,nan,nan,nan,nan,nan,nan,nan,nan,nan,nan,nan,nan,nan,nan,nan,nan,nan
752,89268,0.14056470952947736,-2.3520502455234524,0.38666666666666666,0,140,0.6142857142857143,0.15714285714285714,0.04285714285714286,0.02142857142857143,0.007142857142857143,0.8142857142857143,0.16428571428571428,0.02142857142857143,10.0,0.07142857142857142,0.06765432098765432,119.01952614784226,0.003211424499770214,0.7225705124482982,0.9642350708983985,0.0,0.7391304347826086,0.18666666666666668,0.3333333333333333,nan,0.6631527245044708,0.6631527245044708,0.399679321795702,nan,nan,nan,nan,nan,nan,nan,nan,nan,nan,nan,nan,nan,nan,nan,nan,nan,nan,nan,nan,nan,nan,nan,nan,nan,nan,nan,nan,nan,nan,nan,nan,nan,nan,nan,nan,nan,nan,nan,nan,nan,nan,nan,nan,nan,nan,nan,nan,nan,nan,nan,nan,nan
753,89345,0.1385969036867467,-2.2346782207489015,0.2,0,77,0.5714285714285714,0.2077922077922078,0.1038961038961039,0.012987012987012988,0.025974025974025976,0.8831168831168831,0.1038961038961039,0.012987012987012988,21.0,0.2077922077922078,0.07444444444444445,60.4540782928466,0.0032347785472513807,0.7278251731315606,0.8838136393252942,0.0,0.5,0.17333333333333334,nan,nan,0.5791684687137604,0.5791684687137604,0.44002707302570343,nan,nan,nan,nan,nan,nan,nan,nan,nan,nan,nan,nan,nan,nan,nan,nan,nan,nan,nan,nan,nan,nan,nan,nan,nan,nan,nan,nan,nan,nan,nan,nan,nan,nan,nan,nan,nan,nan,nan,nan,nan,nan,nan,nan,nan,nan,nan,nan,nan,nan,nan,nan,nan
754,89405,0.1370645521223232,-0.5852188687324518,0.2222222222222222,0,60,0.8166666666666667,0.016666666666666666,0.06666666666666667,0.0,0.03333333333333333,0.9,0.1,0.0,4.0,0.0,0.08814814814814813,45.09732255935668,0.004829062246237361,1.0865390054034063,0.8497434667659303,0.0,1.0,0.19111111111111112,nan,nan,0.6385385543107986,0.6385385543107986,0.39303333312273026,nan,nan,nan,nan,nan,nan,nan,nan,nan,nan,nan,nan,nan,nan,nan,nan,nan,nan,nan,nan,nan,nan,nan,nan,nan,nan,nan,nan,nan,nan,nan,nan,nan,nan,nan,nan,nan,nan,nan,nan,nan,nan,nan,nan,nan,nan,nan,nan,nan,nan,nan,nan,nan
755,89491,0.13486971318431296,-2.4733787271976464,0.2577777777777778,-1,86,0.6627906976744186,0.06976744186046512,0.16279069767441862,0.0,0.03488372093023256,0.8953488372093024,0.10465116279069768,0.0,11.0,0.08139534883720931,0.07606060606060606,68.83217835426326,0.0036804491647712415,0.8281010620735293,0.8912651601871446,0.0,0.8888888888888888,0.13777777777777778,nan,nan,0.6370136439800262,0.6370136439800262,0.4207884967327118,nan,nan,nan,nan,nan,nan,nan,nan,nan,nan,nan,nan,nan,nan,nan,nan,nan,nan,nan,nan,nan,nan,nan,nan,nan,nan,nan,nan,nan,nan,nan,nan,nan,nan,nan,nan,nan,nan,nan,nan,nan,nan,nan,nan,nan,nan,nan,nan,nan,nan,nan,nan,nan
756,89578,0.1326511870843542,-0.7761199374198908,0.3022222222222222,0,87,0.7701149425287356,0.04597701149425287,0.06896551724137931,0.0,0.022988505747126436,0.8850574712643678,0.09195402298850575,0.022988505747126436,5.0,0.0,0.08527777777777777,70.03923749923699,0.004251585088730039,0.9566066449642588,0.8766257629601185,0.0,0.9,0.17333333333333334,nan,nan,0.6562171578407288,0.6562171578407288,0.4070359617471695,nan,nan,nan,nan,nan,nan,nan,nan,nan,nan,nan,nan,nan,nan,nan,nan,nan,nan,nan,nan,nan,nan,nan,nan,nan,nan,nan,nan,nan,nan,nan,nan,nan,nan,nan,nan,nan,nan,nan,nan,nan,nan,nan,nan,nan,nan,nan,nan,nan,nan,nan,nan,nan
757,89690,0.1297978664579941,-1.751967068195343,0.3422222222222222,0,112,0.6785714285714286,0.10714285714285714,0.10714285714285714,0.017857142857142856,0.008928571428571428,0.8928571428571429,0.08928571428571429,0.017857142857142856,16.0,0.125,0.07622222222222222,92.14254350662216,0.0036658178179496655,0.8248090090386747,0.9091054843767032,0.0,0.8,0.17777777777777778,0.3022222222222222,nan,0.6405624896287918,0.6405624896287918,0.4445722922682762,nan,nan,nan,nan,nan,nan,nan,nan,nan,nan,nan,nan,nan,nan,nan,nan,nan,nan,nan,nan,nan,nan,nan,nan,nan,nan,nan,nan,nan,nan,nan,nan,nan,nan,nan,nan,nan,nan,nan,nan,nan,nan,nan,nan,nan,nan,nan,nan,nan,nan,nan,nan,nan
758,89815,0.12661695806035422,-1.335687340974808,0.35555555555555557,0,125,0.632,0.2,0.064,0.008,0.008,0.896,0.104,0.0,16.0,0.16,0.07022222222222221,100.19702229499804,0.0035042070419755286,0.7884465844444938,0.9165518608830142,0.0,0.5833333333333334,0.13333333333333333,0.27555555555555555,nan,0.5791356340050697,0.5791356340050697,0.3203885927796364,nan,nan,nan,nan,nan,nan,nan,nan,nan,nan,nan,nan,nan,nan,nan,nan,nan,nan,nan,nan,nan,nan,nan,nan,nan,nan,nan,nan,nan,nan,nan,nan,nan,nan,nan,nan,nan,nan,nan,nan,nan,nan,nan,nan,nan,nan,nan,nan,nan,nan,nan,nan,nan
759,89903,0.12437987401726414,-1.0895918576717372,0.27555555555555555,0,88,0.6931818181818182,0.11363636363636363,0.045454545454545456,0.022727272727272728,0.011363636363636364,0.8522727272727273,0.11363636363636363,0.03409090909090909,13.0,0.09090909090909091,0.07803418803418803,70.20563673973075,0.0038616715651506087,0.8688761021588869,0.9593679089399565,0.0,0.8,0.18666666666666668,nan,nan,0.5608529448509216,0.5608529448509216,0.3299131914973259,nan,nan,nan,nan,nan,nan,nan,nan,nan,nan,nan,nan,nan,nan,nan,nan,nan,nan,nan,nan,nan,nan,nan,nan,nan,nan,nan,nan,nan,nan,nan,nan,nan,nan,nan,nan,nan,nan,nan,nan,nan,nan,nan,nan,nan,nan,nan,nan,nan,nan,nan,nan,nan
760,89976,0.1225255362117012,-1.677657235622406,0.24444444444444444,0,73,0.7397260273972602,0.0410958904109589,0.0958904109589041,0.0136986301369863,0.0273972602739726,0.8767123287671232,0.0958904109589041,0.0273972602739726,6.0,0.0136986301369863,0.08206119162640901,60.52054510116575,0.003965595478342397,0.8922589826270393,0.9579498802551423,0.0,0.625,0.17333333333333334,nan,nan,0.5853894799947739,0.5853894799947739,0.4060068875551224,-1.956229508924484,0.2546666666666667,-0.4,88.5,0.0,1.0,0.6763057277177302,0.17144643617266905,0.059419340475273696,0.0014493514677309247,0.02243577701701352,0.907171504365673,0.08739835467835488,0.005430140955972221,18.3,0.1350621025652533,0.0747699125194898,75.13551913261406,0.003512504147335809,0.7903134331505571,0.9061690704543934,0.0,0.8294117647058824,0.1851851851851852,0.2740740740740741,nan,-1.9579245673894885,0.2364444444444445,-0.4,83.3,0.0,1.0,0.6330456400050762,0.2021002555041605,0.06183135631766783,0.009819247679531021,0.024190599685252535,0.8969772518269045,0.09830795308135228,0.004714795091743261,19.4,0.17423179894993862,0.06531904761904764,69.54880540370934,0.0033720794298467754,0.7587178717155245,0.9056782344064651,0.0,0.743095238095238,0.1837037037037037,0.28,nan,0.38762962962962966
761,90051,0.12116007256552973,-0.28558896350860596,0.28888888888888886,0,75,0.8533333333333334,0.013333333333333334,0.02666666666666667,0.0,0.02666666666666667,0.8933333333333333,0.09333333333333334,0.013333333333333334,3.0,0.0,0.0948148148148148,60.24370441436758,0.004721562978398238,1.0623516701396034,0.8893545357412596,0.0,0.875,0.2,nan,nan,0.6649079322814941,0.6649079322814941,0.38346967846155167,nan,nan,nan,nan,nan,nan,nan,nan,nan,nan,nan,nan,nan,nan,nan,nan,nan,nan,nan,nan,nan,nan,nan,nan,nan,nan,nan,nan,nan,nan,nan,nan,nan,nan,nan,nan,nan,nan,nan,nan,nan,nan,nan,nan,nan,nan,nan,nan,nan,nan,nan,nan,nan
762,90137,0.11988650542253049,-2.7172234921455383,0.2222222222222222,0,86,0.5697674418604651,0.1511627906976744,0.11627906976744186,0.023255813953488372,0.011627906976744186,0.8372093023255814,0.10465116279069768,0.05813953488372093,19.0,0.18604651162790697,0.05727272727272726,70.15450944900509,0.0031042591486735317,0.6984583084515447,0.9227292702946694,0.0,0.6363636363636364,0.1688888888888889,nan,nan,0.6622080355882645,0.6622080355882645,0.5415023788809776,nan,nan,nan,nan,nan,nan,nan,nan,nan,nan,nan,nan,nan,nan,nan,nan,nan,nan,nan,nan,nan,nan,nan,nan,nan,nan,nan,nan,nan,nan,nan,nan,nan,nan,nan,nan,nan,nan,nan,nan,nan,nan,nan,nan,nan,nan,nan,nan,nan,nan,nan,nan,nan
763,90222,0.11862950440706535,-1.1166442809104917,0.28444444444444444,0,85,0.7411764705882353,0.09411764705882353,0.058823529411764705,0.0,0.023529411764705882,0.8941176470588236,0.07058823529411765,0.03529411764705882,9.0,0.047058823529411764,0.08166666666666667,70.06327886581414,0.003996387330605219,0.8991871493861742,0.9465282955684114,0.0,0.8888888888888888,0.18666666666666668,nan,nan,0.662533700466156,0.662533700466156,0.3140292093157768,nan,nan,nan,nan,nan,nan,nan,nan,nan,nan,nan,nan,nan,nan,nan,nan,nan,nan,nan,nan,nan,nan,nan,nan,nan,nan,nan,nan,nan,nan,nan,nan,nan,nan,nan,nan,nan,nan,nan,nan,nan,nan,nan,nan,nan,nan,nan,nan,nan,nan,nan,nan,nan
764,90311,0.11731522056729672,-0.7819668784141529,0.28,0,89,0.6966292134831461,0.14606741573033707,0.0449438202247191,0.0,0.011235955056179775,0.8876404494382022,0.07865168539325842,0.033707865168539325,13.0,0.0898876404494382,0.06976190476190476,70.26635122299187,0.003921586232378479,0.8823569022851575,0.9598914748160157,0.0,0.8888888888888888,0.19111111111111112,nan,nan,0.6419103145599365,0.6419103145599365,0.5770126655697823,nan,nan,nan,nan,nan,nan,nan,nan,nan,nan,nan,nan,nan,nan,nan,nan,nan,nan,nan,nan,nan,nan,nan,nan,nan,nan,nan,nan,nan,nan,nan,nan,nan,nan,nan,nan,nan,nan,nan,nan,nan,nan,nan,nan,nan,nan,nan,nan,nan,nan,nan,nan,nan
765,90386,0.11620916188321417,-1.2937571420669556,0.22666666666666666,0,75,0.6666666666666666,0.18666666666666668,0.02666666666666667,0.013333333333333334,0.02666666666666667,0.88,0.10666666666666667,0.013333333333333334,17.0,0.16,0.07407407407407407,60.36911563873285,0.003681058101829213,0.828238072911573,0.9349739546595391,0.0,0.75,0.17777777777777778,nan,nan,0.5870048105716705,0.5870048105716705,0.4313671216368675,nan,nan,nan,nan,nan,nan,nan,nan,nan,nan,nan,nan,nan,nan,nan,nan,nan,nan,nan,nan,nan,nan,nan,nan,nan,nan,nan,nan,nan,nan,nan,nan,nan,nan,nan,nan,nan,nan,nan,nan,nan,nan,nan,nan,nan,nan,nan,nan,nan,nan,nan,nan,nan
766,90471,0.11495726772756293,-1.7980319204330444,0.2577777777777778,0,85,0.6705882352941176,0.09411764705882353,0.07058823529411765,0.023529411764705882,0.011764705882352941,0.8352941176470589,0.11764705882352941,0.047058823529411764,8.0,0.047058823529411764,0.075,70.45744686126703,0.003595550855428452,0.8089989424714016,0.9377425629842495,0.0,0.8333333333333334,0.17777777777777778,nan,nan,0.6443710178136826,0.6443710178136826,0.40851446241140366,nan,nan,nan,nan,nan,nan,nan,nan,nan,nan,nan,nan,nan,nan,nan,nan,nan,nan,nan,nan,nan,nan,nan,nan,nan,nan,nan,nan,nan,nan,nan,nan,nan,nan,nan,nan,nan,nan,nan,nan,nan,nan,nan,nan,nan,nan,nan,nan,nan,nan,nan,nan,nan
767,90520,0.11423637819181617,-2.5940918555259707,0.12,0,49,0.5306122448979592,0.22448979591836735,0.061224489795918366,0.04081632653061224,0.04081632653061224,0.8163265306122449,0.16326530612244897,0.02040816326530612,16.0,0.22448979591836735,0.05851851851851852,40.04849386215209,0.0028853907953018316,0.6492129289429122,0.9639116458342069,0.02040816326530612,0.5714285714285714,nan,nan,nan,0.6089195907115936,0.6089195907115936,0.4384600669145584,nan,nan,nan,nan,nan,nan,nan,nan,nan,nan,nan,nan,nan,nan,nan,nan,nan,nan,nan,nan,nan,nan,nan,nan,nan,nan,nan,nan,nan,nan,nan,nan,nan,nan,nan,nan,nan,nan,nan,nan,nan,nan,nan,nan,nan,nan,nan,nan,nan,nan,nan,nan,nan
768,90578,0.11338382705639492,-2.4924050965309137,0.18666666666666668,-2,58,0.7068965517241379,0.034482758620689655,0.13793103448275862,0.0,0.05172413793103448,0.8793103448275862,0.1206896551724138,0.0,9.0,0.06896551724137931,0.07962962962962963,47.66100091934201,0.0038232982670800765,0.8602421100930172,0.8692609160382467,0.0,1.0,0.16,nan,nan,0.566601887345314,0.566601887345314,0.39189528673887253,nan,nan,nan,nan,nan,nan,nan,nan,nan,nan,nan,nan,nan,nan,nan,nan,nan,nan,nan,nan,nan,nan,nan,nan,nan,nan,nan,nan,nan,nan,nan,nan,nan,nan,nan,nan,nan,nan,nan,nan,nan,nan,nan,nan,nan,nan,nan,nan,nan,nan,nan,nan,nan
769,90664,0.11212118831637813,-2.0909967293739307,0.2577777777777778,0,86,0.6627906976744186,0.10465116279069768,0.09302325581395349,0.023255813953488372,0.023255813953488372,0.8604651162790697,0.11627906976744186,0.023255813953488372,9.0,0.08139534883720931,0.07181818181818182,70.1904450416564,0.0036092281959885834,0.8120763440974312,0.9021782529852921,0.011627906976744186,1.0,0.1688888888888889,nan,nan,0.5654442757368088,0.5654442757368088,0.3391030803322792,nan,nan,nan,nan,nan,nan,nan,nan,nan,nan,nan,nan,nan,nan,nan,nan,nan,nan,nan,nan,nan,nan,nan,nan,nan,nan,nan,nan,nan,nan,nan,nan,nan,nan,nan,nan,nan,nan,nan,nan,nan,nan,nan,nan,nan,nan,nan,nan,nan,nan,nan,nan,nan
770,90801,0.1101134440122663,-0.8885664744377133,0.3511111111111111,0,137,0.5693430656934306,0.25547445255474455,0.021897810218978103,0.021897810218978103,0.021897810218978103,0.8467153284671532,0.15328467153284672,0.0,16.0,0.1897810218978102,0.05777777777777778,100.01491880416845,0.0034661495586018336,0.7798836506854125,0.949115503601469,0.0,0.5555555555555556,0.19555555555555557,0.32,nan,0.5789330750703812,0.5789330750703812,0.3761271461844444,nan,nan,nan,nan,nan,nan,nan,nan,nan,nan,nan,nan,nan,nan,nan,nan,nan,nan,nan,nan,nan,nan,nan,nan,nan,nan,nan,nan,nan,nan,nan,nan,nan,nan,nan,nan,nan,nan,nan,nan,nan,nan,nan,nan,nan,nan,nan,nan,nan,nan,nan,nan,nan
771,90856,0.10930868186536896,-1.5201958668231963,0.21333333333333335,-2,55,0.8545454545454545,0.0,0.07272727272727272,0.0,0.05454545454545454,0.9272727272727272,0.07272727272727272,0.0,4.0,0.0,0.09925925925925927,47.81138920783995,0.004369019439716176,0.9830293739361394,0.901874680833066,0.0,1.0,0.19111111111111112,nan,nan,0.6219577938318253,0.6219577938318253,0.3959597498178482,nan,nan,nan,nan,nan,nan,nan,nan,nan,nan,nan,nan,nan,nan,nan,nan,nan,nan,nan,nan,nan,nan,nan,nan,nan,nan,nan,nan,nan,nan,nan,nan,nan,nan,nan,nan,nan,nan,nan,nan,nan,nan,nan,nan,nan,nan,nan,nan,nan,nan,nan,nan,nan
772,90957,0.10783273343774218,-0.8765808615684509,0.3022222222222222,-1,101,0.6633663366336634,0.13861386138613863,0.0891089108910891,0.0,0.019801980198019802,0.8910891089108911,0.09900990099009901,0.009900990099009901,18.0,0.12871287128712872,0.05955555555555556,76.19600820541368,0.003908049578857346,0.8793111552429028,0.8745628999060117,0.0,0.6363636363636364,0.18222222222222223,0.3022222222222222,nan,0.5422435030341148,0.5422435030341148,0.33953871950507164,nan,nan,nan,nan,nan,nan,nan,nan,nan,nan,nan,nan,nan,nan,nan,nan,nan,nan,nan,nan,nan,nan,nan,nan,nan,nan,nan,nan,nan,nan,nan,nan,nan,nan,nan,nan,nan,nan,nan,nan,nan,nan,nan,nan,nan,nan,nan,nan,nan,nan,nan,nan,nan
773,91037,0.10666539833545312,-0.5685331950187676,0.27555555555555555,0,80,0.7625,0.025,0.025,0.05,0.025,0.8125,0.1125,0.075,10.0,0.0625,0.0722222222222222,60.70031614303585,0.004466387134990494,1.004937105372861,0.8639859488285033,0.0125,0.8181818181818182,0.19555555555555557,nan,nan,0.5885164737701416,0.5885164737701416,0.4022141620516777,nan,nan,nan,nan,nan,nan,nan,nan,nan,nan,nan,nan,nan,nan,nan,nan,nan,nan,nan,nan,nan,nan,nan,nan,nan,nan,nan,nan,nan,nan,nan,nan,nan,nan,nan,nan,nan,nan,nan,nan,nan,nan,nan,nan,nan,nan,nan,nan,nan,nan,nan,nan,nan
774,91161,0.1048590525160569,-2.3793743984699245,0.29333333333333333,0,124,0.5241935483870968,0.2661290322580645,0.04032258064516129,0.03225806451612903,0.0,0.8306451612903226,0.12903225806451613,0.04032258064516129,33.0,0.2661290322580645,0.057814814814814805,100.28927998542768,0.0028805560168630715,0.648125103794191,0.9586219248845812,0.008064516129032258,0.5625,0.18666666666666668,0.28888888888888886,nan,0.5664069876074791,0.5664069876074791,0.3579770103096962,nan,nan,nan,nan,nan,nan,nan,nan,nan,nan,nan,nan,nan,nan,nan,nan,nan,nan,nan,nan,nan,nan,nan,nan,nan,nan,nan,nan,nan,nan,nan,nan,nan,nan,nan,nan,nan,nan,nan,nan,nan,nan,nan,nan,nan,nan,nan,nan,nan,nan,nan,nan,nan
775,91210,0.10414626675130062,-0.8212516260147096,0.2,0,49,0.8979591836734694,0.0,0.02040816326530612,0.0,0.04081632653061224,0.9183673469387755,0.08163265306122448,0.0,2.0,0.0,0.09972222222222224,40.64049167633055,0.004811840297430486,1.0826640669218592,0.9218458790395676,0.0,1.0,nan,nan,nan,0.5962570160627365,0.5962570160627365,0.4016599729657173,nan,nan,nan,nan,nan,nan,nan,nan,nan,nan,nan,nan,nan,nan,nan,nan,nan,nan,nan,nan,nan,nan,nan,nan,nan,nan,nan,nan,nan,nan,nan,nan,nan,nan,nan,nan,nan,nan,nan,nan,nan,nan,nan,nan,nan,nan,nan,nan,nan,nan,nan,nan,nan
776,91301,0.10282404129139652,0.23622053766250706,0.3244444444444444,0,91,0.7912087912087912,0.06593406593406594,0.02197802197802198,0.0,0.01098901098901099,0.8791208791208791,0.07692307692307693,0.04395604395604396,6.0,0.01098901098901099,0.08687499999999998,70.16932821273797,0.004560397087311858,1.026089344645168,0.9211013611986223,0.0,0.9,0.2,nan,nan,0.6353196054697037,0.6353196054697037,0.44227658212184906,nan,nan,nan,nan,nan,nan,nan,nan,nan,nan,nan,nan,nan,nan,nan,nan,nan,nan,nan,nan,nan,nan,nan,nan,nan,nan,nan,nan,nan,nan,nan,nan,nan,nan,nan,nan,nan,nan,nan,nan,nan,nan,nan,nan,nan,nan,nan,nan,nan,nan,nan,nan,nan
777,91384,0.10161977637452527,-1.1919935765266407,0.24888888888888888,0,83,0.6626506024096386,0.1686746987951807,0.012048192771084338,0.03614457831325301,0.024096385542168676,0.8433734939759037,0.13253012048192772,0.024096385542168676,12.0,0.10843373493975904,0.06347222222222222,64.56184358596794,0.003786206075713314,0.8518963670354956,0.9878501666453339,0.0,0.7,0.18666666666666668,nan,nan,0.6039217710494995,0.6039217710494995,0.43635962903499603,nan,nan,nan,nan,nan,nan,nan,nan,nan,nan,nan,nan,nan,nan,nan,nan,nan,nan,nan,nan,nan,nan,nan,nan,nan,nan,nan,nan,nan,nan,nan,nan,nan,nan,nan,nan,nan,nan,nan,nan,nan,nan,nan,nan,nan,nan,nan,nan,nan,nan,nan,nan,nan
778,91473,0.10033027831146185,-2.859194038152695,0.24,-2,89,0.5955056179775281,0.12359550561797752,0.033707865168539325,0.12359550561797752,0.033707865168539325,0.7528089887640449,0.23595505617977527,0.011235955056179775,24.0,0.21348314606741572,0.058888888888888886,68.0018479824065,0.0034639581503211306,0.7793905838222545,0.9368549295160817,0.0,0.7272727272727273,0.18666666666666668,nan,nan,0.57412339001894,0.57412339001894,0.3026464246213436,nan,nan,nan,nan,nan,nan,nan,nan,nan,nan,nan,nan,nan,nan,nan,nan,nan,nan,nan,nan,nan,nan,nan,nan,nan,nan,nan,nan,nan,nan,nan,nan,nan,nan,nan,nan,nan,nan,nan,nan,nan,nan,nan,nan,nan,nan,nan,nan,nan,nan,nan,nan,nan
779,91574,0.09886919699012434,-1.3663801455497735,0.3022222222222222,0,101,0.6633663366336634,0.1485148514851485,0.039603960396039604,0.009900990099009901,0.009900990099009901,0.8514851485148515,0.12871287128712872,0.019801980198019802,19.0,0.13861386138613863,0.08088888888888904,83.0036204338073,0.0035875275827907524,0.8071937061279192,0.9591246493288725,0.0,0.5714285714285714,0.17333333333333334,0.29777777777777775,nan,0.54890026897192,0.54890026897192,0.4019954800605774,nan,nan,nan,nan,nan,nan,nan,nan,nan,nan,nan,nan,nan,nan,nan,nan,nan,nan,nan,nan,nan,nan,nan,nan,nan,nan,nan,nan,nan,nan,nan,nan,nan,nan,nan,nan,nan,nan,nan,nan,nan,nan,nan,nan,nan,nan,nan,nan,nan,nan,nan,nan,nan
780,91683,0.09729510465413738,-1.2307016634941101,0.3288888888888889,0,109,0.6697247706422018,0.1651376146788991,0.027522935779816515,0.009174311926605505,0.009174311926605505,0.8623853211009175,0.10091743119266056,0.03669724770642202,9.0,0.06422018348623854,0.07279012345679013,90.30192060470564,0.003592885314861594,0.8083991958438586,0.9973129062494179,0.0,0.7142857142857143,0.18666666666666668,0.30666666666666664,nan,0.5941294282674789,0.5941294282674789,0.41032031923532486,-1.7140659422874454,0.26399999999999996,-0.1,97.1,0.0,1.0,0.6302224107661383,0.23174297089962193,0.022854016395273114,0.004216917800563891,0.018380338476459694,0.8848193980610335,0.10930732683669767,0.005873275102269067,18.7,0.1735574871785424,0.06659967131633798,80.22348516464224,0.0033450561109384263,0.7526376249611458,0.9405186739129793,0.0,0.7397023809523808,0.184,0.27199999999999996,0.4311111111111111,-21.11323506188392,0.2106666666666667,-0.2,89.9,0.0,1.0,0.6073277043210352,0.1643147333182898,0.02497187401728984,0.0956351038150467,0.02289507328300015,0.7966143116566149,0.19628625199652866,0.007099436346856433,31.9,0.21030122386980693,0.06449277558190603,67.02700058937064,0.0032494903621531532,0.7311353314844593,0.8846620769682108,0.004545454545454545,0.7676587301587302,0.16111111111111112,0.1822222222222222,0.07111111111111111,0.6331111111111111
781,91770,0.09604074146908154,-0.4964846937656391,0.29777777777777775,-2,87,0.7586206896551724,0.06896551724137931,0.034482758620689655,0.011494252873563218,0.022988505747126436,0.8620689655172413,0.11494252873563218,0.022988505747126436,5.0,0.0,0.08657407407407407,66.37604470252985,0.00441926503225573,0.9943346322575392,0.940665222593772,0.0,0.9090909090909091,0.17777777777777778,nan,nan,0.655452772974968,0.655452772974968,0.46484050154685974,nan,nan,nan,nan,nan,nan,nan,nan,nan,nan,nan,nan,nan,nan,nan,nan,nan,nan,nan,nan,nan,nan,nan,nan,nan,nan,nan,nan,nan,nan,nan,nan,nan,nan,nan,nan,nan,nan,nan,nan,nan,nan,nan,nan,nan,nan,nan,nan,nan,nan,nan,nan,nan
782,91840,0.09503278575815612,-1.9282553191184997,0.24,-2,70,0.7571428571428571,0.07142857142857142,0.02857142857142857,0.0,0.02857142857142857,0.8571428571428571,0.14285714285714285,0.0,7.0,0.02857142857142857,0.08259259259259259,62.74528875350949,0.003754155255877763,0.8446849325724967,0.9814095801821322,0.0,0.8,0.19111111111111112,nan,nan,0.523502342402935,0.523502342402935,0.35191696882247925,nan,nan,nan,nan,nan,nan,nan,nan,nan,nan,nan,nan,nan,nan,nan,nan,nan,nan,nan,nan,nan,nan,nan,nan,nan,nan,nan,nan,nan,nan,nan,nan,nan,nan,nan,nan,nan,nan,nan,nan,nan,nan,nan,nan,nan,nan,nan,nan,nan,nan,nan,nan,nan
783,91898,0.09419850121827299,-0.8914223864078517,0.2311111111111111,0,58,0.8793103448275862,0.0,0.05172413793103448,0.0,0.034482758620689655,0.9310344827586207,0.06896551724137931,0.0,3.0,0.0,0.10074074074074073,50.032594156265255,0.004530380055024244,1.019335512380455,0.8822762335615683,0.0,1.0,0.19555555555555557,nan,nan,0.5885880887508392,0.5885880887508392,0.3943457081913948,nan,nan,nan,nan,nan,nan,nan,nan,nan,nan,nan,nan,nan,nan,nan,nan,nan,nan,nan,nan,nan,nan,nan,nan,nan,nan,nan,nan,nan,nan,nan,nan,nan,nan,nan,nan,nan,nan,nan,nan,nan,nan,nan,nan,nan,nan,nan,nan,nan,nan,nan,nan,nan
784,91959,0.09332192258909025,-1.3362584393024446,0.2088888888888889,0,61,0.7540983606557377,0.11475409836065574,0.03278688524590164,0.0,0.04918032786885246,0.9016393442622951,0.09836065573770492,0.0,6.0,0.01639344262295082,0.07757575757575759,50.192937517166115,0.004073171536822764,0.9164635957851218,0.966209466017421,0.0,1.0,0.18666666666666668,nan,nan,0.6118759512901306,0.6118759512901306,0.4243462607264519,nan,nan,nan,nan,nan,nan,nan,nan,nan,nan,nan,nan,nan,nan,nan,nan,nan,nan,nan,nan,nan,nan,nan,nan,nan,nan,nan,nan,nan,nan,nan,nan,nan,nan,nan,nan,nan,nan,nan,nan,nan,nan,nan,nan,nan,nan,nan,nan,nan,nan,nan,nan,nan
785,92058,0.0919011503690912,-0.8912654545307152,0.3111111111111111,0,99,0.696969696969697,0.15151515151515152,0.020202020202020204,0.010101010101010102,0.010101010101010102,0.8686868686868687,0.10101010101010101,0.030303030303030304,12.0,0.08080808080808081,0.07699074074074073,80.87871861457818,0.003791685525188215,0.8531292431673483,0.9498713147660459,0.0,0.75,0.2,nan,nan,0.6391332596540451,0.6391332596540451,0.5027876049280167,nan,nan,nan,nan,nan,nan,nan,nan,nan,nan,nan,nan,nan,nan,nan,nan,nan,nan,nan,nan,nan,nan,nan,nan,nan,nan,nan,nan,nan,nan,nan,nan,nan,nan,nan,nan,nan,nan,nan,nan,nan,nan,nan,nan,nan,nan,nan,nan,nan,nan,nan,nan,nan
786,92141,0.09071178115219858,-0.4784260101318354,0.31555555555555553,-2,83,0.8433734939759037,0.024096385542168676,0.024096385542168676,0.0,0.03614457831325301,0.891566265060241,0.0963855421686747,0.012048192771084338,3.0,0.0,0.09430555555555555,67.62310485839835,0.004600662920795674,1.0351491571790268,0.9629442889965804,0.0,1.0,0.19111111111111112,nan,nan,0.5464359223842621,0.5464359223842621,0.35635368525981903,nan,nan,nan,nan,nan,nan,nan,nan,nan,nan,nan,nan,nan,nan,nan,nan,nan,nan,nan,nan,nan,nan,nan,nan,nan,nan,nan,nan,nan,nan,nan,nan,nan,nan,nan,nan,nan,nan,nan,nan,nan,nan,nan,nan,nan,nan,nan,nan,nan,nan,nan,nan,nan
787,92202,0.08983870232506559,-1.1696609048843385,0.2222222222222222,0,61,0.8032786885245902,0.0,0.04918032786885246,0.03278688524590164,0.03278688524590164,0.8524590163934426,0.09836065573770492,0.04918032786885246,4.0,0.0,0.08767676767676767,50.03486576080318,0.004352520476798855,0.9793171072797425,0.9317801565424467,0.0,1.0,0.18666666666666668,nan,nan,0.6407850682735443,0.6407850682735443,0.3535562828183174,nan,nan,nan,nan,nan,nan,nan,nan,nan,nan,nan,nan,nan,nan,nan,nan,nan,nan,nan,nan,nan,nan,nan,nan,nan,nan,nan,nan,nan,nan,nan,nan,nan,nan,nan,nan,nan,nan,nan,nan,nan,nan,nan,nan,nan,nan,nan,nan,nan,nan,nan,nan,nan
788,92357,0.08762416674369254,-2.648676187753677,0.37333333333333335,0,155,0.535483870967742,0.2967741935483871,0.03225806451612903,0.012903225806451613,0.0,0.864516129032258,0.10967741935483871,0.025806451612903226,18.0,0.21935483870967742,0.052698412698412696,130.89215416908237,0.002818265855815696,0.6341098175585315,0.9469511609834182,0.0064516129032258064,0.631578947368421,0.19111111111111112,0.29333333333333333,0.37333333333333335,0.6191534101963043,0.6191534101963043,0.40324679017066956,nan,nan,nan,nan,nan,nan,nan,nan,nan,nan,nan,nan,nan,nan,nan,nan,nan,nan,nan,nan,nan,nan,nan,nan,nan,nan,nan,nan,nan,nan,nan,nan,nan,nan,nan,nan,nan,nan,nan,nan,nan,nan,nan,nan,nan,nan,nan,nan,nan,nan,nan,nan,nan
789,92407,0.0869110063800357,-1.6536547565460207,0.16,0,50,0.7,0.12,0.06,0.0,0.06,0.88,0.12,0.0,6.0,0.02,0.07777777777777778,40.03480720520018,0.00388550779720878,0.8742392543719756,0.9941421356237309,0.0,1.0,0.16,nan,nan,0.6084195077419281,0.6084195077419281,0.4680192619562149,nan,nan,nan,nan,nan,nan,nan,nan,nan,nan,nan,nan,nan,nan,nan,nan,nan,nan,nan,nan,nan,nan,nan,nan,nan,nan,nan,nan,nan,nan,nan,nan,nan,nan,nan,nan,nan,nan,nan,nan,nan,nan,nan,nan,nan,nan,nan,nan,nan,nan,nan,nan,nan
790,92472,0.08598477638522958,-4.329197689533233,0.14666666666666667,-1,65,0.49230769230769234,0.12307692307692308,0.07692307692307693,0.12307692307692308,0.03076923076923077,0.6923076923076923,0.2923076923076923,0.015384615384615385,13.0,0.2,0.05037037037037037,59.37331132888788,0.0023953897641721135,0.5389626969387256,0.9392563323413083,0.0,0.5,0.13333333333333333,nan,nan,0.6207800805568695,0.6207800805568695,0.3727569133043289,nan,nan,nan,nan,nan,nan,nan,nan,nan,nan,nan,nan,nan,nan,nan,nan,nan,nan,nan,nan,nan,nan,nan,nan,nan,nan,nan,nan,nan,nan,nan,nan,nan,nan,nan,nan,nan,nan,nan,nan,nan,nan,nan,nan,nan,nan,nan,nan,nan,nan,nan,nan,nan
791,92584,0.08439113841996979,-2.459016304492951,0.29333333333333333,0,112,0.5803571428571429,0.16071428571428573,0.0625,0.03571428571428571,0.008928571428571428,0.8035714285714286,0.15178571428571427,0.044642857142857144,21.0,0.17857142857142858,0.057777777777777775,90.01920289993276,0.003209191812218376,0.7220681577491346,0.9501359342397121,0.008928571428571428,0.6470588235294118,0.1688888888888889,0.29333333333333333,nan,0.5880923122167587,0.5880923122167587,0.3497542664408684,nan,nan,nan,nan,nan,nan,nan,nan,nan,nan,nan,nan,nan,nan,nan,nan,nan,nan,nan,nan,nan,nan,nan,nan,nan,nan,nan,nan,nan,nan,nan,nan,nan,nan,nan,nan,nan,nan,nan,nan,nan,nan,nan,nan,nan,nan,nan,nan,nan,nan,nan,nan,nan
792,92663,0.0832688242370093,-1.2061904649734494,0.28,-1,79,0.7848101265822784,0.02531645569620253,0.11392405063291139,0.0,0.02531645569620253,0.9240506329113924,0.0759493670886076,0.0,9.0,0.05063291139240506,0.09222222222222223,63.73514728546139,0.004323447380161817,0.9727756605364087,0.9205691232068941,0.0,1.0,0.17333333333333334,nan,nan,0.5544921085238457,0.5544921085238457,0.3521794080734253,nan,nan,nan,nan,nan,nan,nan,nan,nan,nan,nan,nan,nan,nan,nan,nan,nan,nan,nan,nan,nan,nan,nan,nan,nan,nan,nan,nan,nan,nan,nan,nan,nan,nan,nan,nan,nan,nan,nan,nan,nan,nan,nan,nan,nan,nan,nan,nan,nan,nan,nan,nan,nan
793,92792,0.08143932747923144,0.6439850373268128,0.4444444444444444,0,129,0.7674418604651163,0.07751937984496124,0.031007751937984496,0.023255813953488372,0.007751937984496124,0.875968992248062,0.08527131782945736,0.03875968992248062,9.0,0.031007751937984496,0.07333333333333332,100.01919012069686,0.004399155796692971,0.9898100542559186,0.9238993008046062,0.0,0.9166666666666666,0.19111111111111112,0.35555555555555557,nan,0.641415148973465,0.641415148973465,0.38443905115127563,nan,nan,nan,nan,nan,nan,nan,nan,nan,nan,nan,nan,nan,nan,nan,nan,nan,nan,nan,nan,nan,nan,nan,nan,nan,nan,nan,nan,nan,nan,nan,nan,nan,nan,nan,nan,nan,nan,nan,nan,nan,nan,nan,nan,nan,nan,nan,nan,nan,nan,nan,nan,nan
794,92889,0.08006622386841987,-1.1221323823928828,0.32,0,97,0.7319587628865979,0.1134020618556701,0.020618556701030927,0.020618556701030927,0.030927835051546393,0.865979381443299,0.09278350515463918,0.041237113402061855,9.0,0.041237113402061855,0.0804040404040404,80.14411792755118,0.003937351407882635,0.8859040667735929,0.8855362034753272,0.0,0.8,0.20444444444444446,nan,nan,0.666629284620285,0.666629284620285,0.4395091310143471,nan,nan,nan,nan,nan,nan,nan,nan,nan,nan,nan,nan,nan,nan,nan,nan,nan,nan,nan,nan,nan,nan,nan,nan,nan,nan,nan,nan,nan,nan,nan,nan,nan,nan,nan,nan,nan,nan,nan,nan,nan,nan,nan,nan,nan,nan,nan,nan,nan,nan,nan,nan,nan
795,93009,0.07837058084237705,-1.5862866468429557,0.36444444444444446,0,120,0.675,0.11666666666666667,0.058333333333333334,0.03333333333333333,0.008333333333333333,0.85,0.13333333333333333,0.016666666666666666,13.0,0.09166666666666666,0.07466666666666669,100.10749187469463,0.0035961344476656654,0.8091302507247746,0.936932622768813,0.0,0.6923076923076923,0.17777777777777778,0.3111111111111111,nan,0.6631436347961426,0.6631436347961426,0.39365866780281067,nan,nan,nan,nan,nan,nan,nan,nan,nan,nan,nan,nan,nan,nan,nan,nan,nan,nan,nan,nan,nan,nan,nan,nan,nan,nan,nan,nan,nan,nan,nan,nan,nan,nan,nan,nan,nan,nan,nan,nan,nan,nan,nan,nan,nan,nan,nan,nan,nan,nan,nan,nan,nan
796,93095,0.07715743689172612,-0.03764859008789023,0.3288888888888889,0,86,0.8488372093023255,0.011627906976744186,0.03488372093023256,0.023255813953488372,0.011627906976744186,0.8953488372093024,0.09302325581395349,0.011627906976744186,3.0,0.0,0.09383838383838385,70.7299865722655,0.00458708477362648,1.0320940740659579,0.9173194533902946,0.0,1.0,0.2,nan,nan,0.6354731470346451,0.6354731470346451,0.43742506206035614,nan,nan,nan,nan,nan,nan,nan,nan,nan,nan,nan,nan,nan,nan,nan,nan,nan,nan,nan,nan,nan,nan,nan,nan,nan,nan,nan,nan,nan,nan,nan,nan,nan,nan,nan,nan,nan,nan,nan,nan,nan,nan,nan,nan,nan,nan,nan,nan,nan,nan,nan,nan,nan
797,93200,0.0756786095146481,-2.2345492787361136,0.3111111111111111,-1,105,0.6571428571428571,0.18095238095238095,0.0380952380952381,0.01904761904761905,0.01904761904761905,0.8761904761904762,0.11428571428571428,0.009523809523809525,13.0,0.08571428571428572,0.06844444444444445,92.9957074165343,0.003297643248124187,0.7419697308279419,0.9326476629591876,0.0,0.6363636363636364,0.14666666666666667,0.3022222222222222,nan,0.6171997040510178,0.6171997040510178,0.3826664611697197,nan,nan,nan,nan,nan,nan,nan,nan,nan,nan,nan,nan,nan,nan,nan,nan,nan,nan,nan,nan,nan,nan,nan,nan,nan,nan,nan,nan,nan,nan,nan,nan,nan,nan,nan,nan,nan,nan,nan,nan,nan,nan,nan,nan,nan,nan,nan,nan,nan,nan,nan,nan,nan
798,93350,0.07357044944079769,-2.5561189734935756,0.3288888888888889,0,150,0.4866666666666667,0.3466666666666667,0.04,0.013333333333333334,0.0,0.8733333333333333,0.1,0.02666666666666667,45.0,0.36666666666666664,0.05407407407407408,120.05827593803394,0.0027023913337877767,0.6080380501022496,0.9372323924013807,0.0,0.5294117647058824,0.18666666666666668,0.27111111111111114,0.3288888888888889,0.5886949449777603,0.5886949449777603,0.4591682553291321,nan,nan,nan,nan,nan,nan,nan,nan,nan,nan,nan,nan,nan,nan,nan,nan,nan,nan,nan,nan,nan,nan,nan,nan,nan,nan,nan,nan,nan,nan,nan,nan,nan,nan,nan,nan,nan,nan,nan,nan,nan,nan,nan,nan,nan,nan,nan,nan,nan,nan,nan,nan,nan
799,93502,0.07143951256182042,-3.3090368020534524,0.4266666666666667,0,152,0.625,0.09868421052631579,0.013157894736842105,0.1513157894736842,0.006578947368421052,0.7368421052631579,0.25,0.013157894736842105,20.0,0.18421052631578946,0.06761904761904768,110.25749335288992,0.0038294197462920604,0.8616194429157135,0.9408906779975663,0.006578947368421052,0.8235294117647058,0.2,0.38666666666666666,0.4222222222222222,0.5754792541265488,0.5754792541265488,0.28811080381274223,nan,nan,nan,nan,nan,nan,nan,nan,nan,nan,nan,nan,nan,nan,nan,nan,nan,nan,nan,nan,nan,nan,nan,nan,nan,nan,nan,nan,nan,nan,nan,nan,nan,nan,nan,nan,nan,nan,nan,nan,nan,nan,nan,nan,nan,nan,nan,nan,nan,nan,nan,nan,nan
800,93610,0.0699286819197663,-2.1841610050201408,0.3111111111111111,0,108,0.6388888888888888,0.10185185185185185,0.027777777777777776,0.09259259259259259,0.018518518518518517,0.7685185185185185,0.2222222222222222,0.009259259259259259,13.0,0.12037037037037036,0.06133333333333333,89.53486671447743,0.003425108875680941,0.7706494970282116,0.935212218220789,0.009259259259259259,0.4666666666666667,0.19555555555555557,0.3111111111111111,nan,0.5805207639932632,0.5805207639932632,0.4880791902542114,-2.4295634582996373,0.27599999999999997,-0.2,107.5,0.0,1.0,0.6178713609855345,0.19903775078702268,0.028463515650537417,0.040940126232559215,0.022120585981971825,0.8453726274230947,0.15462737257690543,0.0,27.3,0.20843589911037533,0.06635299359509886,85.96250912666306,0.003342671161399248,0.7521010113148308,0.9076441136445492,0.0,0.6564366883116884,0.19,0.28444444444444444,0.3,-1.3951391466617582,0.26933333333333337,-0.3,85.6,0.0,1.0,0.7120112590438514,0.1346969468660741,0.044404607334172355,0.002040816326530612,0.026047098950028262,0.8911128132440979,0.10888718675590199,0.0,11.6,0.10562484074224829,0.07776234498191019,71.62894425392145,0.0037542990520651165,0.8447172867146511,0.9126282502103363,0.0,0.7784554334554333,0.18603174603174605,0.3081481481481481,nan,0.5785555555555555
801,93730,0.06825314879563471,-4.607969597578048,0.21777777777777776,0,120,0.4,0.30833333333333335,0.08333333333333333,0.016666666666666666,0.0,0.7916666666666666,0.18333333333333332,0.025,30.0,0.36666666666666664,0.04377777777777777,100.79018664360048,0.0021166081782117486,0.47623684009764344,0.9227470693105311,0.0,0.43478260869565216,0.11555555555555555,0.19555555555555557,nan,0.6006462574005127,0.6006462574005127,0.36354372650384903,nan,nan,nan,nan,nan,nan,nan,nan,nan,nan,nan,nan,nan,nan,nan,nan,nan,nan,nan,nan,nan,nan,nan,nan,nan,nan,nan,nan,nan,nan,nan,nan,nan,nan,nan,nan,nan,nan,nan,nan,nan,nan,nan,nan,nan,nan,nan,nan,nan,nan,nan,nan,nan
802,93822,0.0669708284625227,-2.3715843806266785,0.24444444444444444,-1,92,0.5869565217391305,0.18478260869565216,0.021739130434782608,0.07608695652173914,0.021739130434782608,0.7934782608695652,0.17391304347826086,0.03260869565217391,28.0,0.25,0.06366013071895424,73.71032743453969,0.0032559887922508283,0.7325974782564364,0.9309506269769718,0.03260869565217391,0.6666666666666666,0.19111111111111112,nan,nan,0.6080267578363419,0.6080267578363419,0.409401997923851,nan,nan,nan,nan,nan,nan,nan,nan,nan,nan,nan,nan,nan,nan,nan,nan,nan,nan,nan,nan,nan,nan,nan,nan,nan,nan,nan,nan,nan,nan,nan,nan,nan,nan,nan,nan,nan,nan,nan,nan,nan,nan,nan,nan,nan,nan,nan,nan,nan,nan,nan,nan,nan
803,93888,0.06605210730326519,-1.1952536435127254,0.24444444444444444,-1,66,0.8181818181818182,0.015151515151515152,0.030303030303030304,0.0,0.030303030303030304,0.8636363636363636,0.12121212121212122,0.015151515151515152,3.0,0.0,0.09083333333333332,56.27860612869258,0.004264497941743453,0.9595120368922769,0.9515240113125526,0.0,1.0,0.18666666666666668,nan,nan,0.5944326668977737,0.5944326668977737,0.37477264553308487,nan,nan,nan,nan,nan,nan,nan,nan,nan,nan,nan,nan,nan,nan,nan,nan,nan,nan,nan,nan,nan,nan,nan,nan,nan,nan,nan,nan,nan,nan,nan,nan,nan,nan,nan,nan,nan,nan,nan,nan,nan,nan,nan,nan,nan,nan,nan,nan,nan,nan,nan,nan,nan
804,94044,0.06388457888414001,-1.6148162608146657,0.36,0,156,0.5128205128205128,0.34615384615384615,0.01282051282051282,0.00641025641025641,0.00641025641025641,0.8717948717948718,0.12179487179487179,0.00641025641025641,29.0,0.2948717948717949,0.05079365079365079,120.79825010299659,0.0029433833292485372,0.6622612490809209,0.9464618820649079,0.0,0.5263157894736842,0.19555555555555557,0.31555555555555553,0.36,0.5599875599145889,0.5599875599145889,0.3363753706216812,nan,nan,nan,nan,nan,nan,nan,nan,nan,nan,nan,nan,nan,nan,nan,nan,nan,nan,nan,nan,nan,nan,nan,nan,nan,nan,nan,nan,nan,nan,nan,nan,nan,nan,nan,nan,nan,nan,nan,nan,nan,nan,nan,nan,nan,nan,nan,nan,nan,nan,nan,nan,nan
805,94191,0.061847229488117564,-4.503157355308533,0.27111111111111114,0,147,0.40816326530612246,0.3469387755102041,0.05442176870748299,0.02040816326530612,0.0,0.8095238095238095,0.16326530612244897,0.027210884353741496,40.0,0.3333333333333333,0.04464646464646465,120.29673671722395,0.002216740652687096,0.49876664685459643,0.9305278392977748,0.0,0.4,0.16,0.26222222222222225,nan,0.6349641233682632,0.6349641233682632,0.3483630269765854,nan,nan,nan,nan,nan,nan,nan,nan,nan,nan,nan,nan,nan,nan,nan,nan,nan,nan,nan,nan,nan,nan,nan,nan,nan,nan,nan,nan,nan,nan,nan,nan,nan,nan,nan,nan,nan,nan,nan,nan,nan,nan,nan,nan,nan,nan,nan,nan,nan,nan,nan,nan,nan
806,94251,0.06101708642451553,-1.07138520860672,0.2222222222222222,0,60,0.8166666666666667,0.016666666666666666,0.03333333333333333,0.0,0.03333333333333333,0.8666666666666667,0.11666666666666667,0.016666666666666666,3.0,0.0,0.08814814814814813,50.0131924629211,0.004354406648590457,0.9797414959328529,0.9783111768791544,0.0,1.0,0.19111111111111112,nan,nan,0.5908108800649643,0.5908108800649643,0.3293296992778778,nan,nan,nan,nan,nan,nan,nan,nan,nan,nan,nan,nan,nan,nan,nan,nan,nan,nan,nan,nan,nan,nan,nan,nan,nan,nan,nan,nan,nan,nan,nan,nan,nan,nan,nan,nan,nan,nan,nan,nan,nan,nan,nan,nan,nan,nan,nan,nan,nan,nan,nan,nan,nan
807,94501,0.0575670514280993,-50.235982878685,0.18222222222222223,0,250,0.16,0.176,0.016,0.52,0.0,0.352,0.644,0.004,183.0,0.744,0.017777777777777778,120.29507503509464,0.0014778475155854324,0.3325156910067223,0.6982026273472496,0.0,0.22580645161290322,0.1688888888888889,0.1688888888888889,0.1688888888888889,0.5920329988002777,0.5920329988002777,0.3570787161588669,nan,nan,nan,nan,nan,nan,nan,nan,nan,nan,nan,nan,nan,nan,nan,nan,nan,nan,nan,nan,nan,nan,nan,nan,nan,nan,nan,nan,nan,nan,nan,nan,nan,nan,nan,nan,nan,nan,nan,nan,nan,nan,nan,nan,nan,nan,nan,nan,nan,nan,nan,nan,nan
808,94647,0.05555885377099205,-2.5487047381401053,0.3333333333333333,0,146,0.5068493150684932,0.3356164383561644,0.00684931506849315,0.0,0.00684931506849315,0.8493150684931506,0.11643835616438356,0.03424657534246575,32.0,0.2671232876712329,0.05580246913580247,120.025759410858,0.0027401525347827654,0.6165343203261222,0.9870745491446737,0.0,0.5714285714285714,0.19555555555555557,0.26222222222222225,nan,0.5874273180961609,0.5874273180961609,0.343702532351017,nan,nan,nan,nan,nan,nan,nan,nan,nan,nan,nan,nan,nan,nan,nan,nan,nan,nan,nan,nan,nan,nan,nan,nan,nan,nan,nan,nan,nan,nan,nan,nan,nan,nan,nan,nan,nan,nan,nan,nan,nan,nan,nan,nan,nan,nan,nan,nan,nan,nan,nan,nan,nan
809,94739,0.054295917230393675,-2.1736214177608484,0.26222222222222225,0,92,0.6304347826086957,0.21739130434782608,0.043478260869565216,0.03260869565217391,0.010869565217391304,0.8913043478260869,0.08695652173913043,0.021739130434782608,25.0,0.21739130434782608,0.06444444444444444,80.20591826438897,0.00321394958571567,0.7231386567860256,0.9149323615181292,0.021739130434782608,0.7142857142857143,0.19111111111111112,nan,nan,0.6647977977991104,0.6647977977991104,0.3306460827589035,nan,nan,nan,nan,nan,nan,nan,nan,nan,nan,nan,nan,nan,nan,nan,nan,nan,nan,nan,nan,nan,nan,nan,nan,nan,nan,nan,nan,nan,nan,nan,nan,nan,nan,nan,nan,nan,nan,nan,nan,nan,nan,nan,nan,nan,nan,nan,nan,nan,nan,nan,nan,nan
810,94851,0.0527610373719463,-0.20716274452209427,0.37333333333333335,0,112,0.7410714285714286,0.125,0.03571428571428571,0.017857142857142856,0.008928571428571428,0.9017857142857143,0.08035714285714286,0.017857142857142856,18.0,0.11607142857142858,0.07377777777777778,90.19202613830554,0.004090038828080144,0.9202587363180323,0.8985064595613894,0.008928571428571428,0.875,0.19555555555555557,0.37333333333333335,nan,0.5474296808242798,0.5474296808242798,0.3207666426897049,nan,nan,nan,nan,nan,nan,nan,nan,nan,nan,nan,nan,nan,nan,nan,nan,nan,nan,nan,nan,nan,nan,nan,nan,nan,nan,nan,nan,nan,nan,nan,nan,nan,nan,nan,nan,nan,nan,nan,nan,nan,nan,nan,nan,nan,nan,nan,nan,nan,nan,nan,nan,nan
811,95059,0.05008186898175637,-26.24377388715744,0.29777777777777775,0,208,0.3173076923076923,0.11538461538461539,0.03365384615384615,0.4230769230769231,0.004807692307692308,0.46634615384615385,0.5288461538461539,0.004807692307692308,99.0,0.5,0.03259259259259259,140.3883227348324,0.002089442537805554,0.4701245710062496,0.8179341790526303,0.004807692307692308,0.45454545454545453,0.17777777777777778,0.27111111111111114,0.29777777777777775,0.655155822634697,0.655155822634697,0.38975854218006134,nan,nan,nan,nan,nan,nan,nan,nan,nan,nan,nan,nan,nan,nan,nan,nan,nan,nan,nan,nan,nan,nan,nan,nan,nan,nan,nan,nan,nan,nan,nan,nan,nan,nan,nan,nan,nan,nan,nan,nan,nan,nan,nan,nan,nan,nan,nan,nan,nan,nan,nan,nan,nan
812,95187,0.05182645799793998,-1.5056137118339534,0.3333333333333333,0,128,0.578125,0.1171875,0.03125,0.0703125,0.015625,0.7265625,0.265625,0.0078125,30.0,0.1953125,0.060246913580246884,91.88203535079941,0.0035794689095992845,0.805380504659839,0.9695660000522273,0.0,0.5384615384615384,0.19111111111111112,0.3288888888888889,nan,0.6041386872529984,0.6041386872529984,0.3863164708018303,nan,nan,nan,nan,nan,nan,nan,nan,nan,nan,nan,nan,nan,nan,nan,nan,nan,nan,nan,nan,nan,nan,nan,nan,nan,nan,nan,nan,nan,nan,nan,nan,nan,nan,nan,nan,nan,nan,nan,nan,nan,nan,nan,nan,nan,nan,nan,nan,nan,nan,nan,nan,nan
813,95345,0.05397480586020211,-2.075276828765868,0.4177777777777778,0,158,0.5886075949367089,0.1962025316455696,0.012658227848101266,0.05063291139240506,0.0,0.7974683544303798,0.17721518987341772,0.02531645569620253,20.0,0.15822784810126583,0.0603968253968254,130.06930313110334,0.003177793094783587,0.715003446326307,0.9832467784141504,0.0,0.5217391304347826,0.2,0.35555555555555557,0.41333333333333333,0.6199033409357071,0.6199033409357071,0.33838463574647903,nan,nan,nan,nan,nan,nan,nan,nan,nan,nan,nan,nan,nan,nan,nan,nan,nan,nan,nan,nan,nan,nan,nan,nan,nan,nan,nan,nan,nan,nan,nan,nan,nan,nan,nan,nan,nan,nan,nan,nan,nan,nan,nan,nan,nan,nan,nan,nan,nan,nan,nan,nan,nan
814,95500,0.056076865573617664,-44.4882507596016,0.15555555555555556,0,155,0.21935483870967742,0.05161290322580645,0.025806451612903226,0.6258064516129033,0.012903225806451613,0.2967741935483871,0.7032258064516129,0.0,101.0,0.6387096774193548,0.02412698412698413,70.07857866287202,0.0021563095883845394,0.4851696573865213,0.665998187974426,0.0,0.6363636363636364,0.14666666666666667,0.14666666666666667,0.1511111111111111,0.6322219371795654,0.6322219371795654,0.42207029461860657,nan,nan,nan,nan,nan,nan,nan,nan,nan,nan,nan,nan,nan,nan,nan,nan,nan,nan,nan,nan,nan,nan,nan,nan,nan,nan,nan,nan,nan,nan,nan,nan,nan,nan,nan,nan,nan,nan,nan,nan,nan,nan,nan,nan,nan,nan,nan,nan,nan,nan,nan,nan,nan
815,95547,0.056713190271554935,-2.301475629806519,0.1288888888888889,0,47,0.5957446808510638,0.2127659574468085,0.0,0.02127659574468085,0.0425531914893617,0.8085106382978723,0.14893617021276595,0.0425531914893617,15.0,0.2127659574468085,0.06404040404040404,40.04262504577637,0.0031077993588627287,0.699254855744114,0.9471516531117513,0.0,0.5714285714285714,nan,nan,nan,0.5745245665311813,0.5745245665311813,0.31274987757205963,nan,nan,nan,nan,nan,nan,nan,nan,nan,nan,nan,nan,nan,nan,nan,nan,nan,nan,nan,nan,nan,nan,nan,nan,nan,nan,nan,nan,nan,nan,nan,nan,nan,nan,nan,nan,nan,nan,nan,nan,nan,nan,nan,nan,nan,nan,nan,nan,nan,nan,nan,nan,nan
816,95645,0.05803838939668972,-2.857564717292786,0.21777777777777776,0,98,0.4897959183673469,0.32653061224489793,0.04081632653061224,0.0,0.02040816326530612,0.8571428571428571,0.12244897959183673,0.02040816326530612,37.0,0.32653061224489793,0.05381642512077294,80.3768068313598,0.002654165321358589,0.5971871973056826,0.9516380009843728,0.0,0.5,0.18666666666666668,nan,nan,0.6150631904602051,0.6150631904602051,0.5268267840147018,nan,nan,nan,nan,nan,nan,nan,nan,nan,nan,nan,nan,nan,nan,nan,nan,nan,nan,nan,nan,nan,nan,nan,nan,nan,nan,nan,nan,nan,nan,nan,nan,nan,nan,nan,nan,nan,nan,nan,nan,nan,nan,nan,nan,nan,nan,nan,nan,nan,nan,nan,nan,nan
817,95763,0.059631160632626676,-2.42434840965271,0.28888888888888886,0,118,0.5423728813559322,0.288135593220339,0.01694915254237288,0.0,0.0,0.847457627118644,0.1440677966101695,0.00847457627118644,20.0,0.22033898305084745,0.05688888888888888,100.06046104431134,0.002842725702797626,0.6396132831294659,0.9479200378226097,0.0,0.5294117647058824,0.19111111111111112,0.28888888888888886,nan,0.6504347920417786,0.6504347920417786,0.4888600781559944,nan,nan,nan,nan,nan,nan,nan,nan,nan,nan,nan,nan,nan,nan,nan,nan,nan,nan,nan,nan,nan,nan,nan,nan,nan,nan,nan,nan,nan,nan,nan,nan,nan,nan,nan,nan,nan,nan,nan,nan,nan,nan,nan,nan,nan,nan,nan,nan,nan,nan,nan,nan,nan
818,95856,0.060884268447777556,-1.6999541430473322,0.28,0,93,0.6666666666666666,0.13978494623655913,0.03225806451612903,0.010752688172043012,0.021505376344086023,0.8387096774193549,0.15053763440860216,0.010752688172043012,14.0,0.0967741935483871,0.07277777777777779,78.16146802902212,0.0035254654563708953,0.7932297276834513,0.9501397917366151,0.0,0.7142857142857143,0.17777777777777778,nan,nan,0.6909024715423584,0.6909024715423584,0.5253625810146332,nan,nan,nan,nan,nan,nan,nan,nan,nan,nan,nan,nan,nan,nan,nan,nan,nan,nan,nan,nan,nan,nan,nan,nan,nan,nan,nan,nan,nan,nan,nan,nan,nan,nan,nan,nan,nan,nan,nan,nan,nan,nan,nan,nan,nan,nan,nan,nan,nan,nan,nan,nan,nan
819,95917,0.06170514169736312,-1.1994194090366361,0.2222222222222222,0,61,0.8032786885245902,0.01639344262295082,0.06557377049180328,0.01639344262295082,0.03278688524590164,0.8852459016393442,0.09836065573770492,0.01639344262295082,4.0,0.0,0.08956228956228955,50.36589913368224,0.004323913233430964,0.9728804775219669,0.913247833666577,0.0,1.0,0.18222222222222223,nan,nan,0.5242047756910324,0.5242047756910324,0.33567946404218674,nan,nan,nan,nan,nan,nan,nan,nan,nan,nan,nan,nan,nan,nan,nan,nan,nan,nan,nan,nan,nan,nan,nan,nan,nan,nan,nan,nan,nan,nan,nan,nan,nan,nan,nan,nan,nan,nan,nan,nan,nan,nan,nan,nan,nan,nan,nan,nan,nan,nan,nan,nan,nan
820,96020,0.06308930650985725,-5.095955195188525,0.22666666666666666,0,103,0.4854368932038835,0.11650485436893204,0.019417475728155338,0.21359223300970873,0.019417475728155338,0.6213592233009708,0.3592233009708738,0.019417475728155338,20.0,0.1650485436893204,0.05096296296296297,70.64719233512876,0.0031455209312221165,0.7077422095249762,0.913108143707319,0.0,0.6875,0.15555555555555556,0.2222222222222222,nan,0.6032023429870605,0.6032023429870605,0.4016090929508209,-13.775868910789484,0.2662222222222222,0.0,100.3,0.0,1.0,0.6512469278277457,0.11591225101932849,0.04160362695076358,0.09015688811144461,0.02246188539149788,0.808762805797838,0.16881233910486018,0.022424855097301865,26.7,0.16470370149863087,0.06940844964766534,76.66732295989979,0.0035485675545339074,0.7984276997701292,0.8988331093688388,0.014886085357684237,0.7954329004329004,0.18962962962962968,0.288,0.27111111111111114,-1.029904286265373,0.3137777777777778,-0.1,97.3,0.0,1.0,0.7266478199615061,0.10888355559292831,0.040143947389710104,0.027660907956462328,0.01737315298733453,0.8756753229441443,0.09868255424975961,0.025642122806096002,10.9,0.08570882111840217,0.07589912653101058,79.26765986919392,0.003946628689112408,0.8879914550502918,0.9020685695288252,0.012203280762602796,0.8503801169590643,0.18711111111111114,0.3496296296296297,0.48,0.5540592592592593
821,96147,0.06479271387926908,-1.5709080839157101,0.31555555555555553,-2,127,0.5511811023622047,0.28346456692913385,0.05511811023622047,0.015748031496062992,0.007874015748031496,0.889763779527559,0.09448818897637795,0.015748031496062992,35.0,0.25984251968503935,0.06888888888888889,96.22769603729229,0.0032330724305250167,0.7274412968681288,0.9530962632578566,0.007874015748031496,0.6666666666666666,0.1688888888888889,0.23555555555555555,nan,0.6237225085496902,0.6237225085496902,0.3955017030239105,nan,nan,nan,nan,nan,nan,nan,nan,nan,nan,nan,nan,nan,nan,nan,nan,nan,nan,nan,nan,nan,nan,nan,nan,nan,nan,nan,nan,nan,nan,nan,nan,nan,nan,nan,nan,nan,nan,nan,nan,nan,nan,nan,nan,nan,nan,nan,nan,nan,nan,nan,nan,nan
822,96247,0.0661314330462951,-3.0797899208068857,0.2311111111111111,0,100,0.51,0.24,0.15,0.0,0.02,0.9,0.07,0.03,29.0,0.25,0.056666666666666664,80.28371353149404,0.0028233206549140117,0.6352471473556527,0.8909830602865767,0.0,0.4444444444444444,0.16,0.2311111111111111,nan,0.665905624628067,0.665905624628067,0.39484792202711105,nan,nan,nan,nan,nan,nan,nan,nan,nan,nan,nan,nan,nan,nan,nan,nan,nan,nan,nan,nan,nan,nan,nan,nan,nan,nan,nan,nan,nan,nan,nan,nan,nan,nan,nan,nan,nan,nan,nan,nan,nan,nan,nan,nan,nan,nan,nan,nan,nan,nan,nan,nan,nan
823,96379,0.06789511210010193,-4.216631608963012,0.28,0,132,0.4696969696969697,0.32575757575757575,0.13636363636363635,0.0,0.007575757575757576,0.9318181818181818,0.06060606060606061,0.007575757575757576,49.0,0.3787878787878788,0.045925925925925926,110.4250629425047,0.0024954077291224172,0.5614667390525437,0.8693044884412314,0.0,0.5555555555555556,0.18666666666666668,0.28,nan,0.6258478984236717,0.6258478984236717,0.3863392248749733,nan,nan,nan,nan,nan,nan,nan,nan,nan,nan,nan,nan,nan,nan,nan,nan,nan,nan,nan,nan,nan,nan,nan,nan,nan,nan,nan,nan,nan,nan,nan,nan,nan,nan,nan,nan,nan,nan,nan,nan,nan,nan,nan,nan,nan,nan,nan,nan,nan,nan,nan,nan,nan
824,96487,0.06933522300882117,-1.1369657876491548,0.3377777777777778,0,108,0.6944444444444444,0.14814814814814814,0.037037037037037035,0.018518518518518517,0.009259259259259259,0.8796296296296297,0.10185185185185185,0.018518518518518517,20.0,0.1388888888888889,0.0798888888888889,90.75205512046803,0.0036730114033324416,0.8264275657497993,0.9497246314348646,0.0,0.7272727272727273,0.19111111111111112,0.30666666666666664,nan,0.6162295788526535,0.6162295788526535,0.39518072456121445,nan,nan,nan,nan,nan,nan,nan,nan,nan,nan,nan,nan,nan,nan,nan,nan,nan,nan,nan,nan,nan,nan,nan,nan,nan,nan,nan,nan,nan,nan,nan,nan,nan,nan,nan,nan,nan,nan,nan,nan,nan,nan,nan,nan,nan,nan,nan,nan,nan,nan,nan,nan,nan
825,96588,0.07067963565247044,-1.3820684809684751,0.28444444444444444,0,101,0.6237623762376238,0.19801980198019803,0.039603960396039604,0.019801980198019802,0.009900990099009901,0.8613861386138614,0.10891089108910891,0.0297029702970297,14.0,0.16831683168316833,0.05600000000000001,80.10541410446157,0.0034953942018808573,0.7864636954231928,0.8765858906965329,0.009900990099009901,0.7272727272727273,0.17777777777777778,0.28444444444444444,nan,0.602010652422905,0.602010652422905,0.40589461475610733,nan,nan,nan,nan,nan,nan,nan,nan,nan,nan,nan,nan,nan,nan,nan,nan,nan,nan,nan,nan,nan,nan,nan,nan,nan,nan,nan,nan,nan,nan,nan,nan,nan,nan,nan,nan,nan,nan,nan,nan,nan,nan,nan,nan,nan,nan,nan,nan,nan,nan,nan,nan,nan
826,96667,0.07172961956186666,-1.330073455810547,0.24888888888888888,0,79,0.6962025316455697,0.20253164556962025,0.0,0.0,0.02531645569620253,0.8987341772151899,0.10126582278481013,0.0,18.0,0.16455696202531644,0.0786111111111111,67.01022338867183,0.0036478679234752125,0.8207702827819229,0.9000592521449469,0.0,0.75,0.19111111111111112,nan,nan,0.623855248093605,0.623855248093605,0.4196852073073387,nan,nan,nan,nan,nan,nan,nan,nan,nan,nan,nan,nan,nan,nan,nan,nan,nan,nan,nan,nan,nan,nan,nan,nan,nan,nan,nan,nan,nan,nan,nan,nan,nan,nan,nan,nan,nan,nan,nan,nan,nan,nan,nan,nan,nan,nan,nan,nan,nan,nan,nan,nan,nan
827,96786,0.07330861560844397,-4.5878609740734095,0.22666666666666666,0,119,0.42016806722689076,0.29411764705882354,0.11764705882352941,0.008403361344537815,0.0,0.8319327731092437,0.12605042016806722,0.04201680672268908,46.0,0.3949579831932773,0.04528654970760233,100.17962832450864,0.002218237639117455,0.4991034688014275,0.9302527704473966,0.0,0.2777777777777778,0.15555555555555556,0.21333333333333335,nan,0.6448278725147247,0.6448278725147247,0.3514567241072655,nan,nan,nan,nan,nan,nan,nan,nan,nan,nan,nan,nan,nan,nan,nan,nan,nan,nan,nan,nan,nan,nan,nan,nan,nan,nan,nan,nan,nan,nan,nan,nan,nan,nan,nan,nan,nan,nan,nan,nan,nan,nan,nan,nan,nan,nan,nan,nan,nan,nan,nan,nan,nan
828,96881,0.07456689626612294,-1.7275,0.21333333333333335,0,95,0.49473684210526314,0.3263157894736842,0.042105263157894736,0.021052631578947368,0.021052631578947368,0.8631578947368421,0.11578947368421053,0.021052631578947368,28.0,0.2736842105263158,0.052222222222222225,69.49999999999987,0.003005595523581141,0.6762589928057566,0.9690576624454216,0.0,0.6363636363636364,0.18222222222222223,nan,nan,0.5319352522492409,0.5319352522492409,0.2932802066206932,nan,nan,nan,nan,nan,nan,nan,nan,nan,nan,nan,nan,nan,nan,nan,nan,nan,nan,nan,nan,nan,nan,nan,nan,nan,nan,nan,nan,nan,nan,nan,nan,nan,nan,nan,nan,nan,nan,nan,nan,nan,nan,nan,nan,nan,nan,nan,nan,nan,nan,nan,nan,nan
829,96948,0.07545310879617383,-1.4138023018836976,0.2088888888888889,0,67,0.6865671641791045,0.04477611940298507,0.05970149253731343,0.04477611940298507,0.029850746268656716,0.7910447761194029,0.14925373134328357,0.05970149253731343,7.0,0.029850746268656716,0.07372549019607844,50.39811716079707,0.00405658893549846,0.9127325104871534,0.9692354839860103,0.014925373134328358,0.8,0.17333333333333334,nan,nan,0.6220694184303284,0.6220694184303284,0.39158572256565094,nan,nan,nan,nan,nan,nan,nan,nan,nan,nan,nan,nan,nan,nan,nan,nan,nan,nan,nan,nan,nan,nan,nan,nan,nan,nan,nan,nan,nan,nan,nan,nan,nan,nan,nan,nan,nan,nan,nan,nan,nan,nan,nan,nan,nan,nan,nan,nan,nan,nan,nan,nan,nan
830,97007,0.0762326793521465,-1.691021933078766,0.19111111111111112,0,59,0.711864406779661,0.13559322033898305,0.0,0.01694915254237288,0.03389830508474576,0.847457627118644,0.13559322033898305,0.01694915254237288,6.0,0.01694915254237288,0.0780246913580247,51.06687555313108,0.003655337528383828,0.8224509438863612,0.9878721533962064,0.0,0.75,0.16444444444444445,nan,nan,0.5970926731824875,0.5970926731824875,0.3912105932831764,nan,nan,nan,nan,nan,nan,nan,nan,nan,nan,nan,nan,nan,nan,nan,nan,nan,nan,nan,nan,nan,nan,nan,nan,nan,nan,nan,nan,nan,nan,nan,nan,nan,nan,nan,nan,nan,nan,nan,nan,nan,nan,nan,nan,nan,nan,nan,nan,nan,nan,nan,nan,nan
831,97071,0.07707744171024813,-0.374934891700744,0.2577777777777778,-1,64,0.890625,0.015625,0.015625,0.0,0.03125,0.921875,0.078125,0.0,2.0,0.0,0.09841269841269841,52.19937992095943,0.004853186641621644,1.0919669943648698,0.9073752485634734,0.0,1.0,0.20444444444444446,nan,nan,0.6340028196573257,0.6340028196573257,0.40070535242557526,nan,nan,nan,nan,nan,nan,nan,nan,nan,nan,nan,nan,nan,nan,nan,nan,nan,nan,nan,nan,nan,nan,nan,nan,nan,nan,nan,nan,nan,nan,nan,nan,nan,nan,nan,nan,nan,nan,nan,nan,nan,nan,nan,nan,nan,nan,nan,nan,nan,nan,nan,nan,nan
832,97197,0.07873791391530367,-0.2788057398796072,0.39111111111111113,0,126,0.6904761904761905,0.16666666666666666,0.015873015873015872,0.015873015873015872,0.007936507936507936,0.873015873015873,0.10317460317460317,0.023809523809523808,8.0,0.03968253968253968,0.06444444444444446,100.26481657028187,0.003856454137086342,0.8677021808444269,0.9235846201563753,0.007936507936507936,0.8461538461538461,0.17777777777777778,0.32,nan,0.7007396072149277,0.7007396072149277,0.43058155477046967,nan,nan,nan,nan,nan,nan,nan,nan,nan,nan,nan,nan,nan,nan,nan,nan,nan,nan,nan,nan,nan,nan,nan,nan,nan,nan,nan,nan,nan,nan,nan,nan,nan,nan,nan,nan,nan,nan,nan,nan,nan,nan,nan,nan,nan,nan,nan,nan,nan,nan,nan,nan,nan
833,97278,0.07980350385754048,-0.479040478706359,0.2577777777777778,0,81,0.7037037037037037,0.14814814814814814,0.024691358024691357,0.0,0.024691358024691357,0.8765432098765432,0.08641975308641975,0.037037037037037035,12.0,0.08641975308641975,0.07740740740740741,60.790861701965255,0.0041672930147845485,0.9376409283265233,0.9708631967449383,0.0,0.9,0.19111111111111112,nan,nan,0.627802312374115,0.627802312374115,0.47449786216020584,nan,nan,nan,nan,nan,nan,nan,nan,nan,nan,nan,nan,nan,nan,nan,nan,nan,nan,nan,nan,nan,nan,nan,nan,nan,nan,nan,nan,nan,nan,nan,nan,nan,nan,nan,nan,nan,nan,nan,nan,nan,nan,nan,nan,nan,nan,nan,nan,nan,nan,nan,nan,nan
834,97519,0.08296538664667324,-19.828223646640772,0.3288888888888889,0,241,0.3029045643153527,0.14107883817427386,0.016597510373443983,0.4107883817427386,0.004149377593360996,0.4605809128630705,0.5311203319502075,0.008298755186721992,126.0,0.5518672199170125,0.03244444444444445,140.0687966346744,0.0023163220662961517,0.521172464916634,0.8168442479926802,0.008298755186721992,0.4,0.18666666666666668,0.3022222222222222,0.3288888888888889,0.6116151958703995,0.6116151958703995,0.4322979897260666,nan,nan,nan,nan,nan,nan,nan,nan,nan,nan,nan,nan,nan,nan,nan,nan,nan,nan,nan,nan,nan,nan,nan,nan,nan,nan,nan,nan,nan,nan,nan,nan,nan,nan,nan,nan,nan,nan,nan,nan,nan,nan,nan,nan,nan,nan,nan,nan,nan,nan,nan,nan,nan
835,97582,0.0837898237424148,-1.2368599412441255,0.2088888888888889,0,63,0.7301587301587301,0.09523809523809523,0.031746031746031744,0.015873015873015872,0.031746031746031744,0.8571428571428571,0.09523809523809523,0.047619047619047616,4.0,0.0,0.08045584045584046,50.60818991661067,0.004039750182358162,0.9089437910305864,0.9621092726209898,0.0,0.75,0.1688888888888889,nan,nan,0.5305251553654671,0.5305251553654671,0.404768243432045,nan,nan,nan,nan,nan,nan,nan,nan,nan,nan,nan,nan,nan,nan,nan,nan,nan,nan,nan,nan,nan,nan,nan,nan,nan,nan,nan,nan,nan,nan,nan,nan,nan,nan,nan,nan,nan,nan,nan,nan,nan,nan,nan,nan,nan,nan,nan,nan,nan,nan,nan,nan,nan
836,97755,0.08604925831133992,-2.593760106086731,0.35555555555555557,0,173,0.45664739884393063,0.27167630057803466,0.017341040462427744,0.09248554913294797,0.005780346820809248,0.7456647398843931,0.2254335260115607,0.028901734104046242,30.0,0.34104046242774566,0.05015873015873016,120.76914386749233,0.002907291547055675,0.6541405980875268,0.9398115186879366,0.0,0.39285714285714285,0.19555555555555557,0.3111111111111111,0.35555555555555557,0.5955027043819427,0.5955027043819427,0.41974547505378723,nan,nan,nan,nan,nan,nan,nan,nan,nan,nan,nan,nan,nan,nan,nan,nan,nan,nan,nan,nan,nan,nan,nan,nan,nan,nan,nan,nan,nan,nan,nan,nan,nan,nan,nan,nan,nan,nan,nan,nan,nan,nan,nan,nan,nan,nan,nan,nan,nan,nan,nan,nan,nan
837,98005,0.08930271590552548,-28.338898077487944,0.47555555555555556,1,250,0.424,0.14,0.008,0.304,0.0,0.572,0.424,0.004,90.0,0.404,0.04711111111111112,150.08474359512368,0.0031389673582146674,0.7062676555983002,0.8070925748047902,0.004,0.5666666666666667,0.2,0.35555555555555557,0.4666666666666667,0.5879751145839691,0.5879751145839691,0.3231789842247963,nan,nan,nan,nan,nan,nan,nan,nan,nan,nan,nan,nan,nan,nan,nan,nan,nan,nan,nan,nan,nan,nan,nan,nan,nan,nan,nan,nan,nan,nan,nan,nan,nan,nan,nan,nan,nan,nan,nan,nan,nan,nan,nan,nan,nan,nan,nan,nan,nan,nan,nan,nan,nan
838,98196,0.09177912479255135,-9.282759895563125,0.3466666666666667,0,191,0.4031413612565445,0.15706806282722513,0.020942408376963352,0.28272251308900526,0.0,0.581151832460733,0.418848167539267,0.0,86.0,0.4712041884816754,0.042777777777777776,140.20723710060122,0.002440831367190209,0.549187057617797,0.8242516330170615,0.0,0.38461538461538464,0.19111111111111112,0.3244444444444444,0.3466666666666667,0.6255781650543213,0.6255781650543213,0.4191609174013138,nan,nan,nan,nan,nan,nan,nan,nan,nan,nan,nan,nan,nan,nan,nan,nan,nan,nan,nan,nan,nan,nan,nan,nan,nan,nan,nan,nan,nan,nan,nan,nan,nan,nan,nan,nan,nan,nan,nan,nan,nan,nan,nan,nan,nan,nan,nan,nan,nan,nan,nan,nan,nan
839,98347,0.09373126744892159,-5.6636596698761,0.30666666666666664,0,151,0.4503311258278146,0.039735099337748346,0.019867549668874173,0.3576158940397351,0.013245033112582781,0.5099337748344371,0.48344370860927155,0.006622516556291391,30.0,0.33774834437086093,0.043174603174603164,90.16818733215307,0.003351761094064412,0.7541462461644927,0.9346994532032343,0.0,0.6842105263157895,0.19111111111111112,0.29777777777777775,0.30666666666666664,0.625335156917572,0.625335156917572,0.4653286933898926,nan,nan,nan,nan,nan,nan,nan,nan,nan,nan,nan,nan,nan,nan,nan,nan,nan,nan,nan,nan,nan,nan,nan,nan,nan,nan,nan,nan,nan,nan,nan,nan,nan,nan,nan,nan,nan,nan,nan,nan,nan,nan,nan,nan,nan,nan,nan,nan,nan,nan,nan,nan,nan
840,98460,0.09518888677383383,-0.6426216447353353,0.36444444444444446,-1,113,0.7168141592920354,0.11504424778761062,0.02654867256637168,0.008849557522123894,0.017699115044247787,0.8584070796460177,0.11504424778761062,0.02654867256637168,7.0,0.02654867256637168,0.08102564102564104,91.13925375938405,0.003949999425609002,0.8887498707620253,0.9214806378293587,0.0,0.8666666666666667,0.18666666666666668,0.31555555555555553,nan,0.601349800825119,0.601349800825119,0.3965701013803482,-1.8985108311891554,0.23866666666666667,-0.7,85.8,0.0,1.0,0.6784560554310878,0.18277076397177178,0.035347169989696135,0.01444588091646915,0.0316324923242702,0.8965739893925557,0.08970070777728219,0.013725302830162165,22.2,0.1692049479629941,0.0723299508770097,71.04010315418235,0.003578224279435061,0.8051004628728886,0.9082403427230352,0.007118437118437118,0.8083333333333332,0.18888888888888888,0.25,0.30666666666666664,-2.006494936275482,0.24266666666666667,-0.3,86.1,0.0,1.0,0.6454546886169232,0.20712003237825855,0.04070506288647218,0.013548357400247246,0.02057999281288952,0.8932797838816541,0.09463073791547712,0.012089478202868875,22.3,0.1909368378712654,0.06715918663761801,72.83709463119499,0.003393199299588222,0.7634698424073498,0.8987036077171702,0.008695652173913044,0.7351648351648351,0.18913580246913583,0.2681481481481482,nan,0.532611111111111
841,98522,0.09598746003611754,-0.8944681496620173,0.2311111111111111,0,62,0.8225806451612904,0.04838709677419355,0.0,0.016129032258064516,0.04838709677419355,0.8709677419354839,0.0967741935483871,0.03225806451612903,4.0,0.0,0.08679012345679012,50.64255380630489,0.004475814302999213,1.0070582181748229,0.8839279640591097,0.0,0.8571428571428571,0.2,nan,nan,0.6324874013662338,0.6324874013662338,0.3584613874554634,nan,nan,nan,nan,nan,nan,nan,nan,nan,nan,nan,nan,nan,nan,nan,nan,nan,nan,nan,nan,nan,nan,nan,nan,nan,nan,nan,nan,nan,nan,nan,nan,nan,nan,nan,nan,nan,nan,nan,nan,nan,nan,nan,nan,nan,nan,nan,nan,nan,nan,nan,nan,nan
842,98598,0.09696521447231377,-1.8552374458312986,0.20444444444444446,-1,76,0.5921052631578947,0.2236842105263158,0.05263157894736842,0.02631578947368421,0.02631578947368421,0.868421052631579,0.10526315789473684,0.02631578947368421,24.0,0.25,0.05,58.99273757934563,0.0033902478204371964,0.7628057595983692,0.8279169228427956,0.0,0.5,0.19555555555555557,nan,nan,0.5830858796834946,0.5830858796834946,0.3636597990989685,nan,nan,nan,nan,nan,nan,nan,nan,nan,nan,nan,nan,nan,nan,nan,nan,nan,nan,nan,nan,nan,nan,nan,nan,nan,nan,nan,nan,nan,nan,nan,nan,nan,nan,nan,nan,nan,nan,nan,nan,nan,nan,nan,nan,nan,nan,nan,nan,nan,nan,nan,nan,nan
843,98667,0.09785182428561326,-2.321482556819915,0.19555555555555557,0,69,0.6231884057971014,0.2028985507246377,0.028985507246376812,0.014492753623188406,0.028985507246376812,0.855072463768116,0.10144927536231885,0.043478260869565216,16.0,0.15942028985507245,0.06838206627680313,60.02364339828489,0.0031839305362221966,0.7163843706499942,0.9616430601612828,0.0,0.75,0.1511111111111111,nan,nan,0.5883332714438438,0.5883332714438438,0.35203562676906586,nan,nan,nan,nan,nan,nan,nan,nan,nan,nan,nan,nan,nan,nan,nan,nan,nan,nan,nan,nan,nan,nan,nan,nan,nan,nan,nan,nan,nan,nan,nan,nan,nan,nan,nan,nan,nan,nan,nan,nan,nan,nan,nan,nan,nan,nan,nan,nan,nan,nan,nan,nan,nan
844,98841,0.10008302986280829,-14.303833750247957,0.10222222222222223,0,174,0.12643678160919541,0.16666666666666666,0.028735632183908046,0.45977011494252873,0.005747126436781609,0.3218390804597701,0.6494252873563219,0.028735632183908046,76.0,0.7413793103448276,0.013968253968253968,80.28413095474211,0.0012178966953369304,0.2740267564508094,0.8126245671824307,0.011494252873563218,0.1891891891891892,0.09333333333333334,0.10222222222222223,0.10222222222222223,0.5564217641949654,0.5564217641949654,0.337399885058403,nan,nan,nan,nan,nan,nan,nan,nan,nan,nan,nan,nan,nan,nan,nan,nan,nan,nan,nan,nan,nan,nan,nan,nan,nan,nan,nan,nan,nan,nan,nan,nan,nan,nan,nan,nan,nan,nan,nan,nan,nan,nan,nan,nan,nan,nan,nan,nan,nan,nan,nan,nan,nan
845,98925,0.10115781258826165,-8.372632283449175,0.18666666666666668,0,84,0.4880952380952381,0.0,0.05952380952380952,0.34523809523809523,0.011904761904761904,0.5476190476190477,0.34523809523809523,0.10714285714285714,24.0,0.23809523809523808,0.047530864197530866,70.65364079475398,0.0025790917519957755,0.5802956441990494,0.8406480205346427,0.0,1.0,0.16,nan,nan,0.6023014634847641,0.6023014634847641,0.3866773694753647,nan,nan,nan,nan,nan,nan,nan,nan,nan,nan,nan,nan,nan,nan,nan,nan,nan,nan,nan,nan,nan,nan,nan,nan,nan,nan,nan,nan,nan,nan,nan,nan,nan,nan,nan,nan,nan,nan,nan,nan,nan,nan,nan,nan,nan,nan,nan,nan,nan,nan,nan,nan,nan
846,99130,0.10377437973279388,-3.659725056886673,0.41333333333333333,0,205,0.44878048780487806,0.25365853658536586,0.014634146341463415,0.14634146341463414,0.0,0.7170731707317073,0.2634146341463415,0.01951219512195122,23.0,0.3121951219512195,0.0454320987654321,140.23547673225394,0.002915730729603924,0.6560394141608828,0.9318034446859496,0.00975609756097561,0.5185185185185185,0.19555555555555557,0.3111111111111111,0.37333333333333335,0.5480072572827339,0.5480072572827339,0.3370749205350876,nan,nan,nan,nan,nan,nan,nan,nan,nan,nan,nan,nan,nan,nan,nan,nan,nan,nan,nan,nan,nan,nan,nan,nan,nan,nan,nan,nan,nan,nan,nan,nan,nan,nan,nan,nan,nan,nan,nan,nan,nan,nan,nan,nan,nan,nan,nan,nan,nan,nan,nan,nan,nan
847,99212,0.10481846250217075,-2.901411566257476,0.25333333333333335,-1,82,0.6829268292682927,0.024390243902439025,0.2073170731707317,0.0,0.024390243902439025,0.9146341463414634,0.07317073170731707,0.012195121951219513,18.0,0.15853658536585366,0.06222222222222223,63.70868158340456,0.003906671472443747,0.8790010812998429,0.7966392558762211,0.0,0.7142857142857143,0.19555555555555557,nan,nan,0.5654890388250351,0.5654890388250351,0.42366068810224533,nan,nan,nan,nan,nan,nan,nan,nan,nan,nan,nan,nan,nan,nan,nan,nan,nan,nan,nan,nan,nan,nan,nan,nan,nan,nan,nan,nan,nan,nan,nan,nan,nan,nan,nan,nan,nan,nan,nan,nan,nan,nan,nan,nan,nan,nan,nan,nan,nan,nan,nan,nan,nan
848,99422,0.10748571794558757,-13.216253163337694,0.4311111111111111,0,210,0.45714285714285713,0.2,0.009523809523809525,0.20476190476190476,0.0,0.6666666666666666,0.3,0.03333333333333333,43.0,0.3333333333333333,0.048888888888888885,140.2024110794066,0.003043219181337866,0.6847243158010198,0.8339574581082169,0.004761904761904762,0.6153846153846154,0.2,0.28888888888888886,0.38666666666666666,0.5901566967368126,0.5901566967368126,0.3947027437388897,nan,nan,nan,nan,nan,nan,nan,nan,nan,nan,nan,nan,nan,nan,nan,nan,nan,nan,nan,nan,nan,nan,nan,nan,nan,nan,nan,nan,nan,nan,nan,nan,nan,nan,nan,nan,nan,nan,nan,nan,nan,nan,nan,nan,nan,nan,nan,nan,nan,nan,nan,nan,nan
849,99575,0.10942302379721304,-2.6883338706493376,0.35555555555555557,0,153,0.5163398692810458,0.24836601307189543,0.0392156862745098,0.032679738562091505,0.013071895424836602,0.803921568627451,0.1568627450980392,0.0392156862745098,37.0,0.3202614379084967,0.050158730158730166,120.14603686332688,0.0029223694786580474,0.6575331326980606,0.9223963347576288,0.0,0.5,0.19111111111111112,0.25333333333333335,0.35555555555555557,0.5941739454865456,0.5941739454865456,0.4174155443906784,nan,nan,nan,nan,nan,nan,nan,nan,nan,nan,nan,nan,nan,nan,nan,nan,nan,nan,nan,nan,nan,nan,nan,nan,nan,nan,nan,nan,nan,nan,nan,nan,nan,nan,nan,nan,nan,nan,nan,nan,nan,nan,nan,nan,nan,nan,nan,nan,nan,nan,nan,nan,nan
850,99709,0.11111561677324439,-0.9826099596023556,0.39555555555555555,0,134,0.6567164179104478,0.1791044776119403,0.022388059701492536,0.029850746268656716,0.0,0.8582089552238806,0.11194029850746269,0.029850746268656716,13.0,0.11194029850746269,0.06518518518518518,110.22485675811748,0.00354830228511327,0.7983680141504857,0.9554776948179217,0.007462686567164179,0.5714285714285714,0.19555555555555557,0.3511111111111111,nan,0.5698688179254532,0.5698688179254532,0.3271404802799225,nan,nan,nan,nan,nan,nan,nan,nan,nan,nan,nan,nan,nan,nan,nan,nan,nan,nan,nan,nan,nan,nan,nan,nan,nan,nan,nan,nan,nan,nan,nan,nan,nan,nan,nan,nan,nan,nan,nan,nan,nan,nan,nan,nan,nan,nan,nan,nan,nan,nan,nan,nan,nan
851,99807,0.11235104417829046,-0.41415749359130805,0.3377777777777778,0,98,0.7653061224489796,0.07142857142857142,0.04081632653061224,0.01020408163265306,0.01020408163265306,0.8775510204081632,0.10204081632653061,0.02040816326530612,7.0,0.02040816326530612,0.08478260869565218,80.2014999389648,0.004156198245506727,0.9351446052390134,0.9619141297296082,0.0,0.8,0.2,nan,nan,0.5667541772127151,0.5667541772127151,0.4444595202803612,nan,nan,nan,nan,nan,nan,nan,nan,nan,nan,nan,nan,nan,nan,nan,nan,nan,nan,nan,nan,nan,nan,nan,nan,nan,nan,nan,nan,nan,nan,nan,nan,nan,nan,nan,nan,nan,nan,nan,nan,nan,nan,nan,nan,nan,nan,nan,nan,nan,nan,nan,nan,nan
852,99933,0.11393642753713537,-12.907806557893753,0.27111111111111114,-2,126,0.47619047619047616,0.015873015873015872,0.047619047619047616,0.373015873015873,0.007936507936507936,0.5396825396825397,0.4603174603174603,0.0,31.0,0.3253968253968254,0.06222222222222234,104.16006245613082,0.002560162315368992,0.5760365209580232,0.8612785624304603,0.0,0.8181818181818182,0.18222222222222223,0.2577777777777778,nan,0.6054066717624664,0.6054066717624664,0.3540972024202347,nan,nan,nan,nan,nan,nan,nan,nan,nan,nan,nan,nan,nan,nan,nan,nan,nan,nan,nan,nan,nan,nan,nan,nan,nan,nan,nan,nan,nan,nan,nan,nan,nan,nan,nan,nan,nan,nan,nan,nan,nan,nan,nan,nan,nan,nan,nan,nan,nan,nan,nan,nan,nan
853,100087,0.11586950668959746,-2.2667607579231253,0.36,0,154,0.5194805194805194,0.11038961038961038,0.012987012987012988,0.19480519480519481,0.006493506493506494,0.6428571428571429,0.2987012987012987,0.05844155844155844,39.0,0.2597402597402597,0.05079365079365079,100.2167691230771,0.0035478648799672904,0.7982695979926403,0.9473257169898639,0.0,0.625,0.15555555555555556,0.3288888888888889,0.36,0.5323533862829208,0.5323533862829208,0.2947905696928501,nan,nan,nan,nan,nan,nan,nan,nan,nan,nan,nan,nan,nan,nan,nan,nan,nan,nan,nan,nan,nan,nan,nan,nan,nan,nan,nan,nan,nan,nan,nan,nan,nan,nan,nan,nan,nan,nan,nan,nan,nan,nan,nan,nan,nan,nan,nan,nan,nan,nan,nan,nan,nan
854,100181,0.11704694884635511,-11.390677110195156,0.09777777777777778,0,94,0.22340425531914893,0.06382978723404255,0.02127659574468085,0.574468085106383,0.010638297872340425,0.30851063829787234,0.6702127659574468,0.02127659574468085,40.0,0.5638297872340425,0.023333333333333334,70.30168676376331,0.001327611578467013,0.2987126051550779,0.8540113348244706,0.02127659574468085,0.5,0.09333333333333334,nan,nan,0.5244800299406052,0.5244800299406052,0.3251239210367203,nan,nan,nan,nan,nan,nan,nan,nan,nan,nan,nan,nan,nan,nan,nan,nan,nan,nan,nan,nan,nan,nan,nan,nan,nan,nan,nan,nan,nan,nan,nan,nan,nan,nan,nan,nan,nan,nan,nan,nan,nan,nan,nan,nan,nan,nan,nan,nan,nan,nan,nan,nan,nan
855,100338,0.11900932700279061,-4.638349235534672,0.31555555555555553,0,157,0.445859872611465,0.07643312101910828,0.01910828025477707,0.2929936305732484,0.0,0.5414012738853503,0.36942675159235666,0.08917197452229299,31.0,0.33121019108280253,0.04444444444444444,100.29856414794888,0.0031018500987929983,0.6979162722284246,0.9444534118823359,0.0,0.56,0.14222222222222222,0.25333333333333335,0.31555555555555553,0.6068090349435806,0.6068090349435806,0.4637595936655998,nan,nan,nan,nan,nan,nan,nan,nan,nan,nan,nan,nan,nan,nan,nan,nan,nan,nan,nan,nan,nan,nan,nan,nan,nan,nan,nan,nan,nan,nan,nan,nan,nan,nan,nan,nan,nan,nan,nan,nan,nan,nan,nan,nan,nan,nan,nan,nan,nan,nan,nan,nan,nan
856,100398,0.11975789432406318,-1.1924358415603638,0.2222222222222222,0,60,0.8166666666666667,0.0,0.03333333333333333,0.016666666666666666,0.03333333333333333,0.85,0.11666666666666667,0.03333333333333333,3.0,0.0,0.08814814814814813,50.92796039581295,0.004276192804212171,0.9621433809477384,0.9831927305260453,0.0,1.0,0.19111111111111112,nan,nan,0.6090007722377777,0.6090007722377777,0.3905516117811203,nan,nan,nan,nan,nan,nan,nan,nan,nan,nan,nan,nan,nan,nan,nan,nan,nan,nan,nan,nan,nan,nan,nan,nan,nan,nan,nan,nan,nan,nan,nan,nan,nan,nan,nan,nan,nan,nan,nan,nan,nan,nan,nan,nan,nan,nan,nan,nan,nan,nan,nan,nan,nan
857,100457,0.12049323893052323,-0.8015396585464472,0.22666666666666666,0,59,0.847457627118644,0.01694915254237288,0.03389830508474576,0.0,0.03389830508474576,0.8983050847457628,0.1016949152542373,0.0,3.0,0.0,0.0925102880658436,48.73847293853759,0.004559482659673375,1.0258835984265096,0.8617433054973115,0.0,1.0,0.19555555555555557,nan,nan,0.6251803338527679,0.6251803338527679,0.467155359685421,nan,nan,nan,nan,nan,nan,nan,nan,nan,nan,nan,nan,nan,nan,nan,nan,nan,nan,nan,nan,nan,nan,nan,nan,nan,nan,nan,nan,nan,nan,nan,nan,nan,nan,nan,nan,nan,nan,nan,nan,nan,nan,nan,nan,nan,nan,nan,nan,nan,nan,nan,nan,nan
858,100633,0.12268241662294145,-21.234892704010008,0.22666666666666666,0,176,0.2840909090909091,0.028409090909090908,0.011363636363636364,0.5681818181818182,0.005681818181818182,0.32386363636363635,0.6534090909090909,0.022727272727272728,43.0,0.48295454545454547,0.027777777777777776,90.27516860961879,0.0024616096058838544,0.5538621613238672,0.8333702301086447,0.017045454545454544,0.7222222222222222,0.18666666666666668,0.21777777777777776,0.22666666666666666,0.6192246824502945,0.6192246824502945,0.5326062440872192,nan,nan,nan,nan,nan,nan,nan,nan,nan,nan,nan,nan,nan,nan,nan,nan,nan,nan,nan,nan,nan,nan,nan,nan,nan,nan,nan,nan,nan,nan,nan,nan,nan,nan,nan,nan,nan,nan,nan,nan,nan,nan,nan,nan,nan,nan,nan,nan,nan,nan,nan,nan,nan
859,100663,0.12305491629148069,-3.4911169867515564,0.06666666666666667,-1,30,0.4666666666666667,0.13333333333333333,0.0,0.2,0.1,0.6,0.4,0.0,7.0,0.06666666666666667,0.03111111111111111,28.105876064300546,0.002213851013925714,0.4981164781332857,1.0,0.0,0.6666666666666666,nan,nan,nan,0.6495787501335144,0.6495787501335144,0.5239682570099831,nan,nan,nan,nan,nan,nan,nan,nan,nan,nan,nan,nan,nan,nan,nan,nan,nan,nan,nan,nan,nan,nan,nan,nan,nan,nan,nan,nan,nan,nan,nan,nan,nan,nan,nan,nan,nan,nan,nan,nan,nan,nan,nan,nan,nan,nan,nan,nan,nan,nan,nan,nan,nan
860,100798,0.12472880508571303,-18.13079857754706,0.18666666666666668,0,135,0.3037037037037037,0.05185185185185185,0.24444444444444444,0.26666666666666666,0.0,0.6,0.31851851851851853,0.08148148148148149,38.0,0.45925925925925926,0.03037037037037037,110.48379597663862,0.0016493117439660783,0.3710951423923676,0.7607242734742978,0.0,0.47058823529411764,0.06666666666666667,0.17777777777777778,nan,0.6021354496479034,0.6021354496479034,0.4460281580686569,-10.778309481167792,0.2746666666666666,-0.4,145.7,0.0,1.0,0.44499513746733965,0.17395883101640702,0.03469740617660423,0.2131922072540049,0.012680523773795818,0.653651374660351,0.32641846475149394,0.01993016058815512,47.4,0.34579960390790443,0.047328654970760234,99.71056648731224,0.002812586068763448,0.6328318654717758,0.8633810632170841,0.003019607843137255,0.5570576152383933,0.176,0.259047619047619,0.3144444444444444,-16.207282432365414,0.31066666666666665,-0.1,146.5,0.0,1.0,0.518032584962673,0.0864954326393431,0.04323218751953993,0.25085515346386444,0.009354350853791316,0.6477602051215561,0.3233457876295633,0.02889400724888056,37.3,0.2844349368996596,0.053348618272205016,99.36935649871813,0.0031897848556324887,0.71770159251731,0.8231025975901527,0.007438750147946503,0.8000349650349652,0.18577777777777776,0.28944444444444445,0.31733333333333336,0.5734777777777778
861,100981,0.12699169853083886,-6.3783752176761634,0.38666666666666666,0,183,0.46994535519125685,0.09289617486338798,0.03278688524590164,0.24043715846994534,0.0,0.5956284153005464,0.366120218579235,0.03825136612021858,35.0,0.3224043715846995,0.04777777777777777,120.19404969215374,0.0031800427991334557,0.7155096298050275,0.8764830666560243,0.00546448087431694,0.5517241379310345,0.18222222222222223,0.36,0.38666666666666666,0.6365121901035309,0.6365121901035309,0.34954454004764557,nan,nan,nan,nan,nan,nan,nan,nan,nan,nan,nan,nan,nan,nan,nan,nan,nan,nan,nan,nan,nan,nan,nan,nan,nan,nan,nan,nan,nan,nan,nan,nan,nan,nan,nan,nan,nan,nan,nan,nan,nan,nan,nan,nan,nan,nan,nan,nan,nan,nan,nan,nan,nan
862,101106,0.12715805194911933,-4.80880683517456,0.3244444444444444,0,125,0.576,0.104,0.2,0.016,0.008,0.88,0.096,0.024,19.0,0.184,0.06399999999999999,103.65530319213853,0.0030871551203399458,0.6946099020764878,0.8535458700309533,0.0,0.7692307692307693,0.17777777777777778,0.3111111111111111,nan,0.5926593542098999,0.5926593542098999,0.35749678313732147,nan,nan,nan,nan,nan,nan,nan,nan,nan,nan,nan,nan,nan,nan,nan,nan,nan,nan,nan,nan,nan,nan,nan,nan,nan,nan,nan,nan,nan,nan,nan,nan,nan,nan,nan,nan,nan,nan,nan,nan,nan,nan,nan,nan,nan,nan,nan,nan,nan,nan,nan,nan,nan
863,101178,0.12617818305805933,-0.6174088568687437,0.27555555555555555,0,72,0.8472222222222222,0.027777777777777776,0.013888888888888888,0.0,0.027777777777777776,0.8888888888888888,0.06944444444444445,0.041666666666666664,2.0,0.0,0.09360269360269362,60.62294149398797,0.004472087701946918,1.0062197329380564,0.9207486707123347,0.0,0.875,0.20444444444444446,nan,nan,0.6077149957418442,0.6077149957418442,0.5865271538496017,nan,nan,nan,nan,nan,nan,nan,nan,nan,nan,nan,nan,nan,nan,nan,nan,nan,nan,nan,nan,nan,nan,nan,nan,nan,nan,nan,nan,nan,nan,nan,nan,nan,nan,nan,nan,nan,nan,nan,nan,nan,nan,nan,nan,nan,nan,nan,nan,nan,nan,nan,nan,nan
864,101284,0.12473768668163582,-1.905146623134613,0.28444444444444444,0,106,0.5943396226415094,0.11320754716981132,0.10377358490566038,0.009433962264150943,0.009433962264150943,0.8113207547169812,0.12264150943396226,0.0660377358490566,20.0,0.16037735849056603,0.058814814814814785,80.51568212509144,0.003477583404994124,0.7824562661236778,0.9353548156995756,0.0,0.5263157894736842,0.17777777777777778,0.28,nan,0.6097647324204445,0.6097647324204445,0.41059741750359535,nan,nan,nan,nan,nan,nan,nan,nan,nan,nan,nan,nan,nan,nan,nan,nan,nan,nan,nan,nan,nan,nan,nan,nan,nan,nan,nan,nan,nan,nan,nan,nan,nan,nan,nan,nan,nan,nan,nan,nan,nan,nan,nan,nan,nan,nan,nan,nan,nan,nan,nan,nan,nan
865,101413,0.12298798089143136,0.22815003395080447,0.39555555555555555,0,129,0.6821705426356589,0.17054263565891473,0.031007751937984496,0.015503875968992248,0.007751937984496124,0.8837209302325582,0.10077519379844961,0.015503875968992248,21.0,0.14728682170542637,0.08074074074074074,97.07476158142072,0.004028968031851097,0.9065178071664969,0.93246963265732,0.007751937984496124,0.6153846153846154,0.19111111111111112,0.36,nan,0.5954086184501648,0.5954086184501648,0.3270539194345474,nan,nan,nan,nan,nan,nan,nan,nan,nan,nan,nan,nan,nan,nan,nan,nan,nan,nan,nan,nan,nan,nan,nan,nan,nan,nan,nan,nan,nan,nan,nan,nan,nan,nan,nan,nan,nan,nan,nan,nan,nan,nan,nan,nan,nan,nan,nan,nan,nan,nan,nan,nan,nan
866,101547,0.12117434687626291,-1.495021111488343,0.36444444444444446,-1,134,0.6044776119402985,0.15671641791044777,0.05970149253731343,0.014925373134328358,0.014925373134328358,0.8208955223880597,0.13432835820895522,0.04477611940298507,9.0,0.08208955223880597,0.06790123456790124,101.3430582046507,0.0035522906687207056,0.7992654004621587,0.9196202668130886,0.0,0.7727272727272727,0.15555555555555556,0.28444444444444444,nan,0.5916643887758255,0.5916643887758255,0.4168260619044304,nan,nan,nan,nan,nan,nan,nan,nan,nan,nan,nan,nan,nan,nan,nan,nan,nan,nan,nan,nan,nan,nan,nan,nan,nan,nan,nan,nan,nan,nan,nan,nan,nan,nan,nan,nan,nan,nan,nan,nan,nan,nan,nan,nan,nan,nan,nan,nan,nan,nan,nan,nan,nan
867,101626,0.12010696953427542,-1.8150789761543273,0.26222222222222225,-2,79,0.7341772151898734,0.06329113924050633,0.08860759493670886,0.012658227848101266,0.02531645569620253,0.8860759493670886,0.11392405063291139,0.0,7.0,0.0379746835443038,0.08777777777777782,66.15313310623165,0.003896682827763075,0.8767536362466917,0.9718483655941632,0.0,0.875,0.1511111111111111,nan,nan,0.6135295182466507,0.6135295182466507,0.4156983569264412,nan,nan,nan,nan,nan,nan,nan,nan,nan,nan,nan,nan,nan,nan,nan,nan,nan,nan,nan,nan,nan,nan,nan,nan,nan,nan,nan,nan,nan,nan,nan,nan,nan,nan,nan,nan,nan,nan,nan,nan,nan,nan,nan,nan,nan,nan,nan,nan,nan,nan,nan,nan,nan
868,101836,0.1172763148480509,-18.615311568260193,0.3022222222222222,0,210,0.319047619047619,0.0761904761904762,0.014285714285714285,0.48095238095238096,0.004761904761904762,0.4095238095238095,0.5714285714285714,0.01904761904761905,104.0,0.5619047619047619,0.03308641975308642,130.28868160247788,0.0022855229949008443,0.51424267385269,0.8036503785402688,0.01904761904761905,0.5454545454545454,0.18222222222222223,0.29333333333333333,0.3022222222222222,0.5667324513196945,0.5667324513196945,0.5595815852284431,nan,nan,nan,nan,nan,nan,nan,nan,nan,nan,nan,nan,nan,nan,nan,nan,nan,nan,nan,nan,nan,nan,nan,nan,nan,nan,nan,nan,nan,nan,nan,nan,nan,nan,nan,nan,nan,nan,nan,nan,nan,nan,nan,nan,nan,nan,nan,nan,nan,nan,nan,nan,nan
869,101920,0.11614676599082063,-4.615501187086106,0.2,-1,84,0.5238095238095238,0.03571428571428571,0.011904761904761904,0.2857142857142857,0.03571428571428571,0.5714285714285714,0.40476190476190477,0.023809523809523808,20.0,0.20238095238095238,0.06469135802469136,64.8238208293915,0.003016723683570493,0.6787628288033609,0.972105407732052,0.0,0.9166666666666666,0.1511111111111111,nan,nan,0.5790329501032829,0.5790329501032829,0.32076315581798553,nan,nan,nan,nan,nan,nan,nan,nan,nan,nan,nan,nan,nan,nan,nan,nan,nan,nan,nan,nan,nan,nan,nan,nan,nan,nan,nan,nan,nan,nan,nan,nan,nan,nan,nan,nan,nan,nan,nan,nan,nan,nan,nan,nan,nan,nan,nan,nan,nan,nan,nan,nan,nan
870,101972,0.11544829725416204,-3.246357081890106,0.15555555555555556,-1,52,0.6538461538461539,0.019230769230769232,0.019230769230769232,0.21153846153846154,0.057692307692307696,0.6923076923076923,0.3076923076923077,0.0,7.0,0.07692307692307693,0.05037037037037037,45.18435316085812,0.003344323876301813,0.7524728721679079,0.9061343018394022,0.0,0.8,0.15555555555555556,nan,nan,0.5855912566184998,0.5855912566184998,0.34929342567920685,nan,nan,nan,nan,nan,nan,nan,nan,nan,nan,nan,nan,nan,nan,nan,nan,nan,nan,nan,nan,nan,nan,nan,nan,nan,nan,nan,nan,nan,nan,nan,nan,nan,nan,nan,nan,nan,nan,nan,nan,nan,nan,nan,nan,nan,nan,nan,nan,nan,nan,nan,nan,nan
871,102080,0.11399952510893839,-2.953751816272735,0.30666666666666664,0,108,0.6296296296296297,0.07407407407407407,0.16666666666666666,0.0,0.009259259259259259,0.8703703703703703,0.08333333333333333,0.046296296296296294,10.0,0.10185185185185185,0.06044444444444443,90.34049348831165,0.003345368290038443,0.7527078652586496,0.9041781397051253,0.0,0.6923076923076923,0.14666666666666667,0.30666666666666664,nan,0.5948630571365356,0.5948630571365356,0.3451464921236038,nan,nan,nan,nan,nan,nan,nan,nan,nan,nan,nan,nan,nan,nan,nan,nan,nan,nan,nan,nan,nan,nan,nan,nan,nan,nan,nan,nan,nan,nan,nan,nan,nan,nan,nan,nan,nan,nan,nan,nan,nan,nan,nan,nan,nan,nan,nan,nan,nan,nan,nan,nan,nan
872,102158,0.11295477801826068,-4.180886056423189,0.19555555555555557,-1,78,0.5512820512820513,0.05128205128205128,0.2948717948717949,0.0,0.038461538461538464,0.8974358974358975,0.07692307692307693,0.02564102564102564,13.0,0.19230769230769232,0.07222222222222223,61.64653387069694,0.00310011121650351,0.6975250237132897,0.8896043329464995,0.0,0.75,0.12444444444444444,nan,nan,0.564953163266182,0.564953163266182,0.38753050565719604,nan,nan,nan,nan,nan,nan,nan,nan,nan,nan,nan,nan,nan,nan,nan,nan,nan,nan,nan,nan,nan,nan,nan,nan,nan,nan,nan,nan,nan,nan,nan,nan,nan,nan,nan,nan,nan,nan,nan,nan,nan,nan,nan,nan,nan,nan,nan,nan,nan,nan,nan,nan,nan
873,102252,0.111697491867672,-3.29201292586327,0.27111111111111114,0,94,0.6382978723404256,0.031914893617021274,0.23404255319148937,0.0,0.02127659574468085,0.9042553191489362,0.07446808510638298,0.02127659574468085,16.0,0.14893617021276595,0.07263157894736844,78.26678977012625,0.003407149666542872,0.766608674972146,0.8477979442896826,0.0,0.5555555555555556,0.09777777777777778,nan,nan,0.6328821778297424,0.6328821778297424,0.36168569326400757,nan,nan,nan,nan,nan,nan,nan,nan,nan,nan,nan,nan,nan,nan,nan,nan,nan,nan,nan,nan,nan,nan,nan,nan,nan,nan,nan,nan,nan,nan,nan,nan,nan,nan,nan,nan,nan,nan,nan,nan,nan,nan,nan,nan,nan,nan,nan,nan,nan,nan,nan,nan,nan
874,102312,0.11089597825401867,-1.9310896382331846,0.2,0,60,0.7333333333333333,0.016666666666666666,0.13333333333333333,0.016666666666666666,0.03333333333333333,0.8833333333333333,0.1,0.016666666666666666,6.0,0.016666666666666666,0.08074074074074074,50.53418703079223,0.003869767518697724,0.8706976917069879,0.9783111768791545,0.0,1.0,0.1688888888888889,nan,nan,0.5875441431999207,0.5875441431999207,0.3341102674603462,nan,nan,nan,nan,nan,nan,nan,nan,nan,nan,nan,nan,nan,nan,nan,nan,nan,nan,nan,nan,nan,nan,nan,nan,nan,nan,nan,nan,nan,nan,nan,nan,nan,nan,nan,nan,nan,nan,nan,nan,nan,nan,nan,nan,nan,nan,nan,nan,nan,nan,nan,nan,nan
875,102440,0.10918870844684372,-2.3321980834007263,0.32,0,128,0.5546875,0.2109375,0.078125,0.03125,0.0078125,0.84375,0.1171875,0.0390625,30.0,0.2421875,0.06888888888888893,101.03998174667345,0.0031230761338290193,0.7026921301115293,0.8913052280085378,0.0078125,0.625,0.1688888888888889,0.28,nan,0.5752933025360107,0.5752933025360107,0.32987815886735916,nan,nan,nan,nan,nan,nan,nan,nan,nan,nan,nan,nan,nan,nan,nan,nan,nan,nan,nan,nan,nan,nan,nan,nan,nan,nan,nan,nan,nan,nan,nan,nan,nan,nan,nan,nan,nan,nan,nan,nan,nan,nan,nan,nan,nan,nan,nan,nan,nan,nan,nan,nan,nan
876,102577,0.10736535256399901,-22.37069682860373,0.2577777777777778,0,137,0.41605839416058393,0.06569343065693431,0.41605839416058393,0.0,0.0,0.8978102189781022,0.06569343065693431,0.0364963503649635,63.0,0.43795620437956206,0.04703703703703704,121.03520789146425,0.0020930548866450877,0.4709373494951447,0.7107288583006106,0.0,0.42857142857142855,0.06666666666666667,0.13333333333333333,nan,0.6166002750396729,0.6166002750396729,0.3480873443186283,nan,nan,nan,nan,nan,nan,nan,nan,nan,nan,nan,nan,nan,nan,nan,nan,nan,nan,nan,nan,nan,nan,nan,nan,nan,nan,nan,nan,nan,nan,nan,nan,nan,nan,nan,nan,nan,nan,nan,nan,nan,nan,nan,nan,nan,nan,nan,nan,nan,nan,nan,nan,nan
877,102626,0.10671419528597174,-2.1728522822856906,0.16,0,49,0.7142857142857143,0.0,0.14285714285714285,0.04081632653061224,0.04081632653061224,0.8571428571428571,0.10204081632653061,0.04081632653061224,6.0,0.02040816326530612,0.07972222222222222,40.179545545578,0.0038715110746859946,0.8710899918043488,0.8789849019380693,0.0,0.8,nan,nan,nan,0.608936108648777,0.608936108648777,0.5213804244995117,nan,nan,nan,nan,nan,nan,nan,nan,nan,nan,nan,nan,nan,nan,nan,nan,nan,nan,nan,nan,nan,nan,nan,nan,nan,nan,nan,nan,nan,nan,nan,nan,nan,nan,nan,nan,nan,nan,nan,nan,nan,nan,nan,nan,nan,nan,nan,nan,nan,nan,nan,nan,nan
878,102691,0.1058512208398483,-4.380494781017305,0.17333333333333334,0,65,0.5846153846153846,0.0,0.09230769230769231,0.23076923076923078,0.03076923076923077,0.676923076923077,0.3076923076923077,0.015384615384615385,16.0,0.2,0.0671604938271605,50.00471220016471,0.003377459472476128,0.7599283813071287,0.8876662482126113,0.0,1.0,0.12444444444444444,nan,nan,0.6035390496253967,0.6035390496253967,0.46840470284223557,nan,nan,nan,nan,nan,nan,nan,nan,nan,nan,nan,nan,nan,nan,nan,nan,nan,nan,nan,nan,nan,nan,nan,nan,nan,nan,nan,nan,nan,nan,nan,nan,nan,nan,nan,nan,nan,nan,nan,nan,nan,nan,nan,nan,nan,nan,nan,nan,nan,nan,nan,nan,nan
879,102769,0.10481686320552164,-0.7969287674427032,0.27555555555555555,-1,78,0.782051282051282,0.02564102564102564,0.01282051282051282,0.05128205128205128,0.02564102564102564,0.8205128205128205,0.15384615384615385,0.02564102564102564,4.0,0.0,0.09222222222222218,61.75170254707331,0.004390342289015322,0.9878270150284474,0.9769060334967855,0.0,0.8,0.19111111111111112,nan,nan,0.6294979304075241,0.6294979304075241,0.45642583817243576,nan,nan,nan,nan,nan,nan,nan,nan,nan,nan,nan,nan,nan,nan,nan,nan,nan,nan,nan,nan,nan,nan,nan,nan,nan,nan,nan,nan,nan,nan,nan,nan,nan,nan,nan,nan,nan,nan,nan,nan,nan,nan,nan,nan,nan,nan,nan,nan,nan,nan,nan,nan,nan
880,102843,0.10383677036724179,-3.9258123323917387,0.18666666666666668,0,74,0.5540540540540541,0.05405405405405406,0.1891891891891892,0.08108108108108109,0.02702702702702703,0.7972972972972973,0.10810810810810811,0.0945945945945946,9.0,0.12162162162162163,0.06135802469135803,60.49345078468325,0.0030122636394278954,0.6777593188712764,0.908445415315468,0.0,0.75,0.14222222222222222,nan,nan,0.5443753227591515,0.5443753227591515,0.3651253432035446,-6.21059317085743,0.21999999999999997,0.0,94.8,0.0,1.0,0.5422075964971456,0.04467693007706688,0.3415205151070985,0.009992718939367365,0.017850210894051075,0.9284050416813109,0.04793564567510829,0.023659312643580767,17.8,0.25479744132152315,0.06145836561099719,78.84088734149925,0.0028468663240862582,0.640544922919408,0.790064962735222,0.0,0.8566666666666667,0.11456790123456789,0.24000000000000005,0.28444444444444444,-5.7712157624006295,0.22311111111111112,-0.1,89.7,0.0,1.0,0.5508402818989802,0.03941997608519166,0.3504644479738804,0.004604304209894538,0.017251049451439467,0.9407247059580521,0.04731020727031578,0.011965086771631987,18.1,0.24053064830109272,0.058944664902998246,76.37634059429158,0.0028737094771506613,0.6465846323588987,0.7759778936633026,0.0,0.8966666666666667,0.12622222222222224,0.26222222222222225,nan,0.483358024691358
881,102947,0.10246134968645627,-4.733245693445209,0.26222222222222225,0,104,0.5576923076923077,0.038461538461538464,0.3269230769230769,0.0,0.009615384615384616,0.9230769230769231,0.057692307692307696,0.019230769230769232,16.0,0.19230769230769232,0.051555555555555556,80.564244699478,0.003199654868476016,0.7199223454071034,0.7437806274729079,0.0,0.75,0.12,0.26222222222222225,nan,0.575929157435894,0.575929157435894,0.478738933801651,nan,nan,nan,nan,nan,nan,nan,nan,nan,nan,nan,nan,nan,nan,nan,nan,nan,nan,nan,nan,nan,nan,nan,nan,nan,nan,nan,nan,nan,nan,nan,nan,nan,nan,nan,nan,nan,nan,nan,nan,nan,nan,nan,nan,nan,nan,nan,nan,nan,nan,nan,nan,nan
882,103055,0.10103550768081479,-3.7776674573421545,0.3288888888888889,0,108,0.6759259259259259,0.018518518518518517,0.23148148148148148,0.0,0.018518518518518517,0.9259259259259259,0.046296296296296294,0.027777777777777776,17.0,0.12037037037037036,0.07622222222222223,90.66349959373466,0.0035785563749280353,0.8051751843588079,0.8061531488083775,0.0,1.0,0.12444444444444444,0.3022222222222222,nan,0.5696898996829987,0.5696898996829987,0.46967925131320953,nan,nan,nan,nan,nan,nan,nan,nan,nan,nan,nan,nan,nan,nan,nan,nan,nan,nan,nan,nan,nan,nan,nan,nan,nan,nan,nan,nan,nan,nan,nan,nan,nan,nan,nan,nan,nan,nan,nan,nan,nan,nan,nan,nan,nan,nan,nan,nan,nan,nan,nan,nan,nan
883,103113,0.10027081919144971,-2.028794961929321,0.19111111111111112,0,58,0.7241379310344828,0.05172413793103448,0.1206896551724138,0.0,0.034482758620689655,0.896551724137931,0.10344827586206896,0.0,5.0,0.0,0.07481481481481482,50.19804725646971,0.0037186041463516967,0.8366859329291317,0.9848503507510282,0.0,1.0,0.17333333333333334,nan,nan,0.6205945163965225,0.6205945163965225,0.7030139714479446,nan,nan,nan,nan,nan,nan,nan,nan,nan,nan,nan,nan,nan,nan,nan,nan,nan,nan,nan,nan,nan,nan,nan,nan,nan,nan,nan,nan,nan,nan,nan,nan,nan,nan,nan,nan,nan,nan,nan,nan,nan,nan,nan,nan,nan,nan,nan,nan,nan,nan,nan,nan,nan
884,103286,0.09799425480283175,-1.6953284480571753,0.5155555555555555,0,173,0.6647398843930635,0.09248554913294797,0.005780346820809248,0.08670520231213873,0.0,0.7630057803468208,0.19653179190751446,0.04046242774566474,11.0,0.057803468208092484,0.07351276742581091,140.78408045768722,0.0036304609828717526,0.8168537211461444,0.9203043866241969,0.0,0.6923076923076923,0.19111111111111112,0.37333333333333335,0.47555555555555556,0.5921192616224289,0.5921192616224289,0.4823557958006859,nan,nan,nan,nan,nan,nan,nan,nan,nan,nan,nan,nan,nan,nan,nan,nan,nan,nan,nan,nan,nan,nan,nan,nan,nan,nan,nan,nan,nan,nan,nan,nan,nan,nan,nan,nan,nan,nan,nan,nan,nan,nan,nan,nan,nan,nan,nan,nan,nan,nan,nan,nan,nan
885,103445,0.09590761399837468,-3.2891238975524892,0.4266666666666667,-1,159,0.5974842767295597,0.11320754716981132,0.03773584905660377,0.10062893081761007,0.006289308176100629,0.7484276729559748,0.24528301886792453,0.006289308176100629,17.0,0.1069182389937107,0.06144620811287478,129.47737045288093,0.0032609731009008735,0.7337189477026964,0.9051784281579802,0.0,0.7916666666666666,0.18222222222222223,0.3288888888888889,0.4222222222222222,0.5430656597018242,0.5430656597018242,0.4902874231338501,nan,nan,nan,nan,nan,nan,nan,nan,nan,nan,nan,nan,nan,nan,nan,nan,nan,nan,nan,nan,nan,nan,nan,nan,nan,nan,nan,nan,nan,nan,nan,nan,nan,nan,nan,nan,nan,nan,nan,nan,nan,nan,nan,nan,nan,nan,nan,nan,nan,nan,nan,nan,nan
886,103610,0.09374798557672909,-13.865648911476134,0.26666666666666666,-2,165,0.3575757575757576,0.12121212121212122,0.012121212121212121,0.36363636363636365,0.01818181818181818,0.4909090909090909,0.503030303030303,0.006060606060606061,72.0,0.46060606060606063,0.039153439153439155,101.57760868072484,0.002581496312306681,0.5808366702690031,0.8347098799462526,0.0,0.5,0.1688888888888889,0.24888888888888888,0.24888888888888888,0.5989043563604355,0.5989043563604355,0.6606689020991325,nan,nan,nan,nan,nan,nan,nan,nan,nan,nan,nan,nan,nan,nan,nan,nan,nan,nan,nan,nan,nan,nan,nan,nan,nan,nan,nan,nan,nan,nan,nan,nan,nan,nan,nan,nan,nan,nan,nan,nan,nan,nan,nan,nan,nan,nan,nan,nan,nan,nan,nan,nan,nan
887,103708,0.0924680662156859,-0.5277374856472007,0.3288888888888889,0,98,0.7448979591836735,0.061224489795918366,0.01020408163265306,0.030612244897959183,0.02040816326530612,0.8163265306122449,0.15306122448979592,0.030612244897959183,6.0,0.01020408163265306,0.08217391304347825,77.33083319663989,0.0041955379378809275,0.9439960360232086,0.9562913675724335,0.01020408163265306,0.8666666666666667,0.19555555555555557,nan,nan,0.5732910484075546,0.5732910484075546,0.5062438994646072,nan,nan,nan,nan,nan,nan,nan,nan,nan,nan,nan,nan,nan,nan,nan,nan,nan,nan,nan,nan,nan,nan,nan,nan,nan,nan,nan,nan,nan,nan,nan,nan,nan,nan,nan,nan,nan,nan,nan,nan,nan,nan,nan,nan,nan,nan,nan,nan,nan,nan,nan,nan,nan
888,103782,0.0915029620193385,-1.063150220870971,0.26222222222222225,0,74,0.7837837837837838,0.02702702702702703,0.05405405405405406,0.02702702702702703,0.02702702702702703,0.8648648648648649,0.12162162162162163,0.013513513513513514,7.0,0.02702702702702703,0.08691358024691359,60.6585735321045,0.004249651166645798,0.9561715124953044,0.884017377195837,0.0,0.75,0.19111111111111112,nan,nan,0.5693555474281311,0.5693555474281311,0.5056687742471695,nan,nan,nan,nan,nan,nan,nan,nan,nan,nan,nan,nan,nan,nan,nan,nan,nan,nan,nan,nan,nan,nan,nan,nan,nan,nan,nan,nan,nan,nan,nan,nan,nan,nan,nan,nan,nan,nan,nan,nan,nan,nan,nan,nan,nan,nan,nan,nan,nan,nan,nan,nan,nan
889,103847,0.09065620372920047,-0.6377338633537287,0.2311111111111111,0,65,0.7846153846153846,0.07692307692307693,0.03076923076923077,0.015384615384615385,0.03076923076923077,0.8923076923076924,0.07692307692307693,0.03076923076923077,7.0,0.03076923076923077,0.08148148148148147,50.31175107955927,0.004505243045670042,1.0136796852757595,0.990987900959586,0.0,0.8333333333333334,0.20444444444444446,nan,nan,0.6917619556188583,0.6917619556188583,0.6030796393752098,nan,nan,nan,nan,nan,nan,nan,nan,nan,nan,nan,nan,nan,nan,nan,nan,nan,nan,nan,nan,nan,nan,nan,nan,nan,nan,nan,nan,nan,nan,nan,nan,nan,nan,nan,nan,nan,nan,nan,nan,nan,nan,nan,nan,nan,nan,nan,nan,nan,nan,nan,nan,nan
890,103881,0.09021364451634661,-2.0834987325668335,0.13333333333333333,-1,34,0.8529411764705882,0.0,0.058823529411764705,0.0,0.08823529411764706,0.9117647058823529,0.08823529411764706,0.0,2.0,0.0,0.09209876543209876,31.614273643493657,0.00407692077136856,0.9173071735579259,0.9741564806929307,0.0,1.0,nan,nan,nan,0.5630568638443947,0.5630568638443947,0.5372000113129616,nan,nan,nan,nan,nan,nan,nan,nan,nan,nan,nan,nan,nan,nan,nan,nan,nan,nan,nan,nan,nan,nan,nan,nan,nan,nan,nan,nan,nan,nan,nan,nan,nan,nan,nan,nan,nan,nan,nan,nan,nan,nan,nan,nan,nan,nan,nan,nan,nan,nan,nan,nan,nan
891,104079,0.08764130174221799,-57.03684293890002,0.24444444444444444,-1,198,0.2727272727272727,0.020202020202020204,0.045454545454545456,0.5757575757575758,0.005050505050505051,0.3383838383838384,0.6464646464646465,0.015151515151515152,97.0,0.6111111111111112,0.03043478260869565,113.89374227523777,0.0021072272734704903,0.47412613653086033,0.6891353145205762,0.015151515151515152,0.5294117647058824,0.06666666666666667,0.06666666666666667,0.13777777777777778,0.576674297451973,0.576674297451973,0.54579658806324,nan,nan,nan,nan,nan,nan,nan,nan,nan,nan,nan,nan,nan,nan,nan,nan,nan,nan,nan,nan,nan,nan,nan,nan,nan,nan,nan,nan,nan,nan,nan,nan,nan,nan,nan,nan,nan,nan,nan,nan,nan,nan,nan,nan,nan,nan,nan,nan,nan,nan,nan,nan,nan
892,104258,0.0853230063649461,-29.578658221244815,0.21333333333333335,0,179,0.26256983240223464,0.0335195530726257,0.00558659217877095,0.6089385474860335,0.00558659217877095,0.3016759776536313,0.6815642458100558,0.01675977653631285,66.0,0.5642458100558659,0.026111111111111113,90.23484020233111,0.002314947180274305,0.5208631155617186,0.751805237476555,0.00558659217877095,0.8,0.17777777777777778,0.2088888888888889,0.21333333333333335,0.5767428427934647,0.5767428427934647,0.49379851669073105,nan,nan,nan,nan,nan,nan,nan,nan,nan,nan,nan,nan,nan,nan,nan,nan,nan,nan,nan,nan,nan,nan,nan,nan,nan,nan,nan,nan,nan,nan,nan,nan,nan,nan,nan,nan,nan,nan,nan,nan,nan,nan,nan,nan,nan,nan,nan,nan,nan,nan,nan,nan,nan
893,104366,0.08392756168319151,-9.371401588916779,0.19555555555555557,0,108,0.39814814814814814,0.1574074074074074,0.027777777777777776,0.26851851851851855,0.009259259259259259,0.5833333333333334,0.39814814814814814,0.018518518518518517,47.0,0.3888888888888889,0.045777777777777785,80.31811037063606,0.0023794273823077947,0.5353711610192539,0.9010704138090595,0.0,0.6666666666666666,0.16,0.17777777777777778,nan,0.6253505200147629,0.6253505200147629,0.42582885175943375,nan,nan,nan,nan,nan,nan,nan,nan,nan,nan,nan,nan,nan,nan,nan,nan,nan,nan,nan,nan,nan,nan,nan,nan,nan,nan,nan,nan,nan,nan,nan,nan,nan,nan,nan,nan,nan,nan,nan,nan,nan,nan,nan,nan,nan,nan,nan,nan,nan,nan,nan,nan,nan
894,104569,0.08131135717679794,-16.09454761052131,0.24888888888888888,0,203,0.270935960591133,0.06896551724137931,0.0049261083743842365,0.4975369458128079,0.0049261083743842365,0.3448275862068966,0.6108374384236454,0.04433497536945813,26.0,0.41379310344827586,0.027160493827160494,120.34807248115517,0.0020311454882895696,0.45700773486515317,0.8563765664999681,0.0049261083743842365,0.6129032258064516,0.13333333333333333,0.2,0.21333333333333335,0.5735581666231155,0.5735581666231155,0.35043492168188095,nan,nan,nan,nan,nan,nan,nan,nan,nan,nan,nan,nan,nan,nan,nan,nan,nan,nan,nan,nan,nan,nan,nan,nan,nan,nan,nan,nan,nan,nan,nan,nan,nan,nan,nan,nan,nan,nan,nan,nan,nan,nan,nan,nan,nan,nan,nan,nan,nan,nan,nan,nan,nan
895,104669,0.08002580361978363,-1.0389660789966573,0.29777777777777775,-2,100,0.66,0.15,0.01,0.03,0.02,0.82,0.15,0.03,12.0,0.07,0.07333333333333332,76.79967694282519,0.003819460510904366,0.8593786149534823,0.9512304659946542,0.0,0.8666666666666667,0.19555555555555557,0.29777777777777775,nan,0.6088920533657074,0.6088920533657074,0.4764573201537132,nan,nan,nan,nan,nan,nan,nan,nan,nan,nan,nan,nan,nan,nan,nan,nan,nan,nan,nan,nan,nan,nan,nan,nan,nan,nan,nan,nan,nan,nan,nan,nan,nan,nan,nan,nan,nan,nan,nan,nan,nan,nan,nan,nan,nan,nan,nan,nan,nan,nan,nan,nan,nan
896,104731,0.07922982523179725,-1.0749422793388366,0.24444444444444444,0,62,0.8709677419354839,0.016129032258064516,0.0,0.016129032258064516,0.03225806451612903,0.8870967741935484,0.0967741935483871,0.016129032258064516,2.0,0.0,0.09604938271604939,55.98040266036986,0.004287214607155781,0.9646232866100507,0.8933478144547549,0.0,1.0,0.2,nan,nan,0.5198975801467896,0.5198975801467896,0.38624248653650284,nan,nan,nan,nan,nan,nan,nan,nan,nan,nan,nan,nan,nan,nan,nan,nan,nan,nan,nan,nan,nan,nan,nan,nan,nan,nan,nan,nan,nan,nan,nan,nan,nan,nan,nan,nan,nan,nan,nan,nan,nan,nan,nan,nan,nan,nan,nan,nan,nan,nan,nan,nan,nan
897,104802,0.07831930172781869,-1.5270731120109555,0.23555555555555555,0,71,0.7323943661971831,0.09859154929577464,0.014084507042253521,0.014084507042253521,0.028169014084507043,0.8450704225352113,0.14084507042253522,0.014084507042253521,6.0,0.014084507042253521,0.0801410934744268,60.34355344772339,0.0038299221359465755,0.8617324805879796,0.9857966736839819,0.0,0.7777777777777778,0.18666666666666668,nan,nan,0.5685547441244125,0.5685547441244125,0.39645665884017944,nan,nan,nan,nan,nan,nan,nan,nan,nan,nan,nan,nan,nan,nan,nan,nan,nan,nan,nan,nan,nan,nan,nan,nan,nan,nan,nan,nan,nan,nan,nan,nan,nan,nan,nan,nan,nan,nan,nan,nan,nan,nan,nan,nan,nan,nan,nan,nan,nan,nan,nan,nan,nan
898,104874,0.07739704349845106,-2.6941881620883943,0.18222222222222223,0,72,0.5555555555555556,0.20833333333333334,0.027777777777777776,0.041666666666666664,0.027777777777777776,0.7916666666666666,0.18055555555555555,0.027777777777777776,23.0,0.25,0.06087542087542088,60.49703011512753,0.002938619919679722,0.6611894819279375,0.9715242703931364,0.0,0.4166666666666667,0.14666666666666667,nan,nan,0.592119112610817,0.592119112610817,0.5223589241504669,nan,nan,nan,nan,nan,nan,nan,nan,nan,nan,nan,nan,nan,nan,nan,nan,nan,nan,nan,nan,nan,nan,nan,nan,nan,nan,nan,nan,nan,nan,nan,nan,nan,nan,nan,nan,nan,nan,nan,nan,nan,nan,nan,nan,nan,nan,nan,nan,nan,nan,nan,nan,nan
899,104974,0.07611794760310553,-0.15193789243698075,0.3377777777777778,0,100,0.75,0.12,0.02,0.01,0.01,0.89,0.1,0.01,8.0,0.03,0.08333333333333333,80.73274183273304,0.004128849408136707,0.928991116830759,0.9211389524759704,0.0,0.9,0.17777777777777778,0.3377777777777778,nan,0.5786741822957993,0.5786741822957993,0.41107039898633957,nan,nan,nan,nan,nan,nan,nan,nan,nan,nan,nan,nan,nan,nan,nan,nan,nan,nan,nan,nan,nan,nan,nan,nan,nan,nan,nan,nan,nan,nan,nan,nan,nan,nan,nan,nan,nan,nan,nan,nan,nan,nan,nan,nan,nan,nan,nan,nan,nan,nan,nan,nan,nan
900,105033,0.07536427179367708,-1.9584041197299953,0.21777777777777776,0,59,0.8135593220338984,0.01694915254237288,0.05084745762711865,0.0,0.05084745762711865,0.8813559322033898,0.11864406779661017,0.0,4.0,0.0,0.08691358024691358,54.1371820926666,0.003940606531166892,0.8866364695125508,0.8985179954382269,0.0,1.0,0.19111111111111112,nan,nan,0.6394468247890472,0.6394468247890472,0.3876289129257202,-2.9177964282274247,0.3031111111111111,0.0,123.5,0.0,1.0,0.563849782286152,0.21391669748828032,0.01783997116442703,0.0764512491148189,0.012900554312814536,0.7956064509388595,0.19924475143401585,0.005148797627124691,24.2,0.2006399326811264,0.06010735274166645,94.7885374116896,0.003240053364582502,0.7290120070310631,0.9352057781011028,0.0,0.7133928571428572,0.188,0.2838095238095238,0.3977777777777778,-8.458292294335365,0.28044444444444444,-0.1,101.6,0.0,1.0,0.6592893470151802,0.1052556115644276,0.024129736689201965,0.10984798740511907,0.018580327598932016,0.7886746952688097,0.21132530473119013,0.0,24.5,0.16560212870348567,0.07123355780022447,75.45421232700335,0.0037336529769867203,0.8400719198220121,0.8707928969980788,0.0,0.8167506105006105,0.18271604938271604,0.3191111111111112,0.26222222222222225,0.6588222222222222
901,105095,0.07457306507758397,-1.53620313835144,0.21333333333333335,0,62,0.7580645161290323,0.0,0.06451612903225806,0.06451612903225806,0.03225806451612903,0.8225806451612904,0.14516129032258066,0.03225806451612903,4.0,0.0,0.08246913580246915,50.94479179382323,0.0041002991971048845,0.922567319348599,0.9144356764133612,0.0,0.8571428571428571,0.17777777777777778,nan,nan,0.6067487746477127,0.6067487746477127,0.43792761862277985,nan,nan,nan,nan,nan,nan,nan,nan,nan,nan,nan,nan,nan,nan,nan,nan,nan,nan,nan,nan,nan,nan,nan,nan,nan,nan,nan,nan,nan,nan,nan,nan,nan,nan,nan,nan,nan,nan,nan,nan,nan,nan,nan,nan,nan,nan,nan,nan,nan,nan,nan,nan,nan
902,105223,0.07294216958225368,-16.032391687870025,0.21777777777777776,0,128,0.375,0.03125,0.0234375,0.4921875,0.0078125,0.4296875,0.5546875,0.015625,68.0,0.4921875,0.035555555555555556,70.137063694,0.0030416633103444745,0.6843742448275069,0.7930730299227302,0.015625,0.6666666666666666,0.18222222222222223,0.21777777777777776,nan,0.5861478671431541,0.5861478671431541,0.4160258620977402,nan,nan,nan,nan,nan,nan,nan,nan,nan,nan,nan,nan,nan,nan,nan,nan,nan,nan,nan,nan,nan,nan,nan,nan,nan,nan,nan,nan,nan,nan,nan,nan,nan,nan,nan,nan,nan,nan,nan,nan,nan,nan,nan,nan,nan,nan,nan,nan,nan,nan,nan,nan,nan
903,105356,0.07125122136415098,-1.9313320145606987,0.3333333333333333,0,133,0.556390977443609,0.2932330827067669,0.007518796992481203,0.03007518796992481,0.0,0.8571428571428571,0.09774436090225563,0.045112781954887216,38.0,0.2706766917293233,0.061111111111111116,110.31744775772077,0.0029812953034518606,0.6707914432766685,0.9703132451292111,0.0,0.5,0.2,0.31555555555555553,nan,0.5585421323776245,0.5585421323776245,0.40068695694208145,nan,nan,nan,nan,nan,nan,nan,nan,nan,nan,nan,nan,nan,nan,nan,nan,nan,nan,nan,nan,nan,nan,nan,nan,nan,nan,nan,nan,nan,nan,nan,nan,nan,nan,nan,nan,nan,nan,nan,nan,nan,nan,nan,nan,nan,nan,nan,nan,nan,nan,nan,nan,nan
904,105411,0.07055304409516741,-1.8667282636165619,0.2088888888888889,-1,55,0.8363636363636363,0.01818181818181818,0.05454545454545454,0.0,0.03636363636363636,0.9090909090909091,0.09090909090909091,0.0,2.0,0.0,0.08,52.254554891586295,0.003912471264344514,0.8803060344775157,0.9441880228840981,0.0,1.0,0.2,nan,nan,0.5632142648100853,0.5632142648100853,0.4669477045536041,nan,nan,nan,nan,nan,nan,nan,nan,nan,nan,nan,nan,nan,nan,nan,nan,nan,nan,nan,nan,nan,nan,nan,nan,nan,nan,nan,nan,nan,nan,nan,nan,nan,nan,nan,nan,nan,nan,nan,nan,nan,nan,nan,nan,nan,nan,nan,nan,nan,nan,nan,nan,nan
905,105469,0.06981747273952348,-0.5749179906845088,0.2311111111111111,-1,58,0.8793103448275862,0.0,0.034482758620689655,0.0,0.05172413793103448,0.9137931034482759,0.08620689655172414,0.0,3.0,0.0,0.09759259259259256,45.494457054138195,0.0049822919393660275,1.1210156863573564,0.8672020910694691,0.0,1.0,0.2,nan,nan,0.6489869058132172,0.6489869058132172,0.5300904139876366,nan,nan,nan,nan,nan,nan,nan,nan,nan,nan,nan,nan,nan,nan,nan,nan,nan,nan,nan,nan,nan,nan,nan,nan,nan,nan,nan,nan,nan,nan,nan,nan,nan,nan,nan,nan,nan,nan,nan,nan,nan,nan,nan,nan,nan,nan,nan,nan,nan,nan,nan,nan,nan
906,105659,0.06741278481265606,-29.53232137918471,0.20444444444444446,0,190,0.23684210526315788,0.04736842105263158,0.021052631578947368,0.5947368421052631,0.005263157894736842,0.30526315789473685,0.6947368421052632,0.0,119.0,0.6684210526315789,0.025,90.06972742080647,0.002220501890336566,0.4996129253257273,0.6999319101708538,0.0,0.3888888888888889,0.19111111111111112,0.20444444444444446,0.20444444444444446,0.57222481071949,0.57222481071949,0.40573351085186005,nan,nan,nan,nan,nan,nan,nan,nan,nan,nan,nan,nan,nan,nan,nan,nan,nan,nan,nan,nan,nan,nan,nan,nan,nan,nan,nan,nan,nan,nan,nan,nan,nan,nan,nan,nan,nan,nan,nan,nan,nan,nan,nan,nan,nan,nan,nan,nan,nan,nan,nan,nan,nan
907,105705,0.06683173449460046,-1.4181001369953152,0.17777777777777778,0,46,0.8478260869565217,0.0,0.021739130434782608,0.0,0.043478260869565216,0.8695652173913043,0.10869565217391304,0.021739130434782608,2.0,0.0,0.09386243386243387,40.210477495193466,0.004310650957926392,0.9698964655334381,0.9672079093817981,0.0,1.0,nan,nan,nan,0.5654958039522171,0.5654958039522171,0.4657406881451607,nan,nan,nan,nan,nan,nan,nan,nan,nan,nan,nan,nan,nan,nan,nan,nan,nan,nan,nan,nan,nan,nan,nan,nan,nan,nan,nan,nan,nan,nan,nan,nan,nan,nan,nan,nan,nan,nan,nan,nan,nan,nan,nan,nan,nan,nan,nan,nan,nan,nan,nan,nan,nan
908,105827,0.06529283198552138,-4.0755778381824515,0.24444444444444444,0,122,0.4426229508196721,0.21311475409836064,0.03278688524590164,0.1557377049180328,0.00819672131147541,0.6885245901639344,0.28688524590163933,0.02459016393442623,29.0,0.3114754098360656,0.049212121212121214,80.08169369697552,0.0029969396115440074,0.6743114125974017,0.9401469341977625,0.0,0.5555555555555556,0.13333333333333333,0.2,nan,0.552750900387764,0.552750900387764,0.42709069699048996,nan,nan,nan,nan,nan,nan,nan,nan,nan,nan,nan,nan,nan,nan,nan,nan,nan,nan,nan,nan,nan,nan,nan,nan,nan,nan,nan,nan,nan,nan,nan,nan,nan,nan,nan,nan,nan,nan,nan,nan,nan,nan,nan,nan,nan,nan,nan,nan,nan,nan,nan,nan,nan
909,105887,0.06453713589121468,-1.4487670469284053,0.2222222222222222,-1,60,0.8166666666666667,0.0,0.03333333333333333,0.016666666666666666,0.03333333333333333,0.85,0.13333333333333333,0.016666666666666666,3.0,0.0,0.09037037037037036,51.940638542175286,0.004192820571525018,0.9433846285931291,0.8836863309436614,0.0,1.0,0.18666666666666668,nan,nan,0.5493980869650841,0.5493980869650841,0.40042854845523834,nan,nan,nan,nan,nan,nan,nan,nan,nan,nan,nan,nan,nan,nan,nan,nan,nan,nan,nan,nan,nan,nan,nan,nan,nan,nan,nan,nan,nan,nan,nan,nan,nan,nan,nan,nan,nan,nan,nan,nan,nan,nan,nan,nan,nan,nan,nan,nan,nan,nan,nan,nan,nan
910,105925,0.06405891718905231,-3.8236236844062805,0.08444444444444445,0,38,0.47368421052631576,0.2631578947368421,0.10526315789473684,0.05263157894736842,0.05263157894736842,0.8421052631578947,0.13157894736842105,0.02631578947368421,9.0,0.13157894736842105,0.048205128205128206,40.43451128005981,0.001978507899994128,0.4451642774986787,0.9768768511463065,0.0,0.3333333333333333,nan,nan,nan,0.6429204642772675,0.6429204642772675,0.43299857527017593,nan,nan,nan,nan,nan,nan,nan,nan,nan,nan,nan,nan,nan,nan,nan,nan,nan,nan,nan,nan,nan,nan,nan,nan,nan,nan,nan,nan,nan,nan,nan,nan,nan,nan,nan,nan,nan,nan,nan,nan,nan,nan,nan,nan,nan,nan,nan,nan,nan,nan,nan,nan,nan
911,105988,0.0632667448380656,-3.556871097564702,0.18666666666666668,0,63,0.6507936507936508,0.0,0.25396825396825395,0.015873015873015872,0.031746031746031744,0.9047619047619048,0.06349206349206349,0.031746031746031744,17.0,0.19047619047619047,0.07715099715099716,50.41781997680663,0.0036142423910047812,0.8132045379760757,0.826764079001836,0.0,1.0,0.13333333333333333,nan,nan,0.5694345831871033,0.5694345831871033,0.4352030083537102,nan,nan,nan,nan,nan,nan,nan,nan,nan,nan,nan,nan,nan,nan,nan,nan,nan,nan,nan,nan,nan,nan,nan,nan,nan,nan,nan,nan,nan,nan,nan,nan,nan,nan,nan,nan,nan,nan,nan,nan,nan,nan,nan,nan,nan,nan,nan,nan,nan,nan,nan,nan,nan
912,106142,0.0613338066884583,-4.979793572187427,0.38666666666666666,-1,154,0.5584415584415584,0.18831168831168832,0.14935064935064934,0.006493506493506494,0.012987012987012988,0.8961038961038961,0.09090909090909091,0.012987012987012988,24.0,0.23376623376623376,0.0546031746031746,127.05517687797534,0.003008316792863238,0.6768712783942286,0.8706089598693176,0.0,0.7333333333333333,0.11555555555555555,0.30666666666666664,0.38666666666666666,0.5579289793968201,0.5579289793968201,0.324202299118042,nan,nan,nan,nan,nan,nan,nan,nan,nan,nan,nan,nan,nan,nan,nan,nan,nan,nan,nan,nan,nan,nan,nan,nan,nan,nan,nan,nan,nan,nan,nan,nan,nan,nan,nan,nan,nan,nan,nan,nan,nan,nan,nan,nan,nan,nan,nan,nan,nan,nan,nan,nan,nan
913,106215,0.060419268909142246,-0.8092291302680967,0.26222222222222225,0,73,0.7945205479452054,0.0547945205479452,0.0410958904109589,0.0,0.0273972602739726,0.8904109589041096,0.1095890410958904,0.0,5.0,0.0,0.08760064412238326,60.6783726692199,0.004248264520589884,0.9558595171327239,0.986185805911818,0.0,0.875,0.20444444444444446,nan,nan,0.5949640870094299,0.5949640870094299,0.4325399249792099,nan,nan,nan,nan,nan,nan,nan,nan,nan,nan,nan,nan,nan,nan,nan,nan,nan,nan,nan,nan,nan,nan,nan,nan,nan,nan,nan,nan,nan,nan,nan,nan,nan,nan,nan,nan,nan,nan,nan,nan,nan,nan,nan,nan,nan,nan,nan,nan,nan,nan,nan,nan,nan
914,106329,0.05899330276851175,-1.0759277868270873,0.28888888888888886,0,114,0.5614035087719298,0.19298245614035087,0.017543859649122806,0.03508771929824561,0.017543859649122806,0.7719298245614035,0.21052631578947367,0.017543859649122806,12.0,0.10526315789473684,0.06107936507936507,80.63740749359114,0.0035274502651520805,0.7936763096592181,0.9756424076968322,0.0,0.6363636363636364,0.18222222222222223,0.26222222222222225,nan,0.5480486378073692,0.5480486378073692,0.3431220278143883,nan,nan,nan,nan,nan,nan,nan,nan,nan,nan,nan,nan,nan,nan,nan,nan,nan,nan,nan,nan,nan,nan,nan,nan,nan,nan,nan,nan,nan,nan,nan,nan,nan,nan,nan,nan,nan,nan,nan,nan,nan,nan,nan,nan,nan,nan,nan,nan,nan,nan,nan,nan,nan
915,106575,0.05592540775227526,-23.130965116977688,0.26222222222222225,0,246,0.23577235772357724,0.25203252032520324,0.008130081300813009,0.37398373983739835,0.0,0.4959349593495935,0.4878048780487805,0.016260162601626018,122.0,0.6626016260162602,0.025777777777777778,140.71395349502566,0.0018319276189400111,0.4121837142615024,0.7957492368791975,0.012195121951219513,0.25,0.19555555555555557,0.22666666666666666,0.26222222222222225,0.5314698740839958,0.5314698740839958,0.3253453001379967,nan,nan,nan,nan,nan,nan,nan,nan,nan,nan,nan,nan,nan,nan,nan,nan,nan,nan,nan,nan,nan,nan,nan,nan,nan,nan,nan,nan,nan,nan,nan,nan,nan,nan,nan,nan,nan,nan,nan,nan,nan,nan,nan,nan,nan,nan,nan,nan,nan,nan,nan,nan,nan
916,106659,0.05488070501837771,-1.07801895236969,0.28,0,84,0.7380952380952381,0.11904761904761904,0.023809523809523808,0.0,0.023809523809523808,0.8809523809523809,0.10714285714285714,0.011904761904761904,11.0,0.07142857142857142,0.08271604938271607,70.13351383209222,0.003929013969202621,0.8840281430705896,0.9504593993939198,0.0,0.8,0.19111111111111112,nan,nan,0.5622130185365677,0.5622130185365677,0.426849365234375,nan,nan,nan,nan,nan,nan,nan,nan,nan,nan,nan,nan,nan,nan,nan,nan,nan,nan,nan,nan,nan,nan,nan,nan,nan,nan,nan,nan,nan,nan,nan,nan,nan,nan,nan,nan,nan,nan,nan,nan,nan,nan,nan,nan,nan,nan,nan,nan,nan,nan,nan,nan,nan
917,106787,0.053291582371807186,-8.617344022512434,0.18222222222222223,-1,128,0.3125,0.1171875,0.0,0.4375,0.015625,0.4296875,0.5625,0.0078125,37.0,0.421875,0.02962962962962963,80.8508954524995,0.0021988349885651366,0.49473787242715567,0.9389833591045509,0.0078125,0.5882352941176471,0.16444444444444445,0.17333333333333334,nan,0.5353317335247993,0.5353317335247993,0.3600734919309616,nan,nan,nan,nan,nan,nan,nan,nan,nan,nan,nan,nan,nan,nan,nan,nan,nan,nan,nan,nan,nan,nan,nan,nan,nan,nan,nan,nan,nan,nan,nan,nan,nan,nan,nan,nan,nan,nan,nan,nan,nan,nan,nan,nan,nan,nan,nan,nan,nan,nan,nan,nan,nan
918,107037,0.05019757786747461,-110.69160371541976,0.1511111111111111,1,250,0.132,0.172,0.008,0.58,0.0,0.312,0.684,0.004,152.0,0.744,0.014666666666666666,114.53908300399725,0.0012804945073774357,0.288111264159923,0.6398801608926885,0.004,0.2692307692307692,0.12,0.1511111111111111,0.1511111111111111,0.5230124592781067,0.5230124592781067,0.41906653344631195,nan,nan,nan,nan,nan,nan,nan,nan,nan,nan,nan,nan,nan,nan,nan,nan,nan,nan,nan,nan,nan,nan,nan,nan,nan,nan,nan,nan,nan,nan,nan,nan,nan,nan,nan,nan,nan,nan,nan,nan,nan,nan,nan,nan,nan,nan,nan,nan,nan,nan,nan,nan,nan
919,107234,0.05223143334748112,-15.481438654422764,0.22666666666666666,0,197,0.25380710659898476,0.15228426395939088,0.0,0.4365482233502538,0.0,0.40609137055837563,0.5786802030456852,0.015228426395939087,92.0,0.6142131979695431,0.027777777777777776,120.28036813735909,0.0018475352683361133,0.4156954353756255,0.8072657442144499,0.005076142131979695,0.26666666666666666,0.18222222222222223,0.20444444444444446,0.22666666666666666,0.5447633191943169,0.5447633191943169,0.3688566982746124,nan,nan,nan,nan,nan,nan,nan,nan,nan,nan,nan,nan,nan,nan,nan,nan,nan,nan,nan,nan,nan,nan,nan,nan,nan,nan,nan,nan,nan,nan,nan,nan,nan,nan,nan,nan,nan,nan,nan,nan,nan,nan,nan,nan,nan,nan,nan,nan,nan,nan,nan,nan,nan
920,107318,0.053264729563748905,-2.0137944536209105,0.22666666666666666,0,84,0.5952380952380952,0.10714285714285714,0.023809523809523808,0.09523809523809523,0.023809523809523808,0.7261904761904762,0.2619047619047619,0.011904761904761904,11.0,0.10714285714285714,0.05555555555555555,60.61709003448481,0.0036659995076603136,0.8248498892235706,0.9810211594516169,0.0,0.8,0.18222222222222223,nan,nan,0.5795367285609245,0.5795367285609245,0.3292619660496712,-49.13753109707831,0.272,0.0,175.9,0.0,1.0,0.35683590364141843,0.10488827859792489,0.0062882525834715266,0.42759282289640244,0.006658557592404841,0.4680124348228148,0.5298764242094369,0.002111140967748278,79.5,0.481083066868358,0.03752124756335282,109.31553425788859,0.002413480601045362,0.5430331352352065,0.7834517844326339,0.0008264462809917355,0.5879279418352644,0.18133333333333332,0.24266666666666667,0.2859259259259259,-11.58628527910709,0.23644444444444446,0.0,110.6,0.0,1.0,0.522191620569443,0.14678672551515154,0.01899448680853519,0.1864261973761376,0.015589448771513543,0.6879728328931298,0.31067581575551884,0.0013513513513513514,39.4,0.28827143528910104,0.05655254183190199,78.86843122959128,0.0030670929571751915,0.690095915364418,0.8664409836477333,0.0,0.6633511459804564,0.1688888888888889,0.25333333333333335,0.25037037037037035,0.5504592592592592
921,107422,0.054542043776620405,-6.588323031425476,0.24888888888888888,0,104,0.5288461538461539,0.038461538461538464,0.057692307692307696,0.25,0.019230769230769232,0.625,0.375,0.0,25.0,0.19230769230769232,0.05355555555555556,70.46974315643303,0.003468785800762914,0.7804768051716557,0.8950981238649884,0.0,0.9230769230769231,0.18666666666666668,0.24444444444444444,nan,0.6083560585975647,0.6083560585975647,0.39726608991622925,nan,nan,nan,nan,nan,nan,nan,nan,nan,nan,nan,nan,nan,nan,nan,nan,nan,nan,nan,nan,nan,nan,nan,nan,nan,nan,nan,nan,nan,nan,nan,nan,nan,nan,nan,nan,nan,nan,nan,nan,nan,nan,nan,nan,nan,nan,nan,nan,nan,nan,nan,nan,nan
922,107500,0.055498575355383814,-2.4337316002845757,0.24444444444444444,-1,78,0.6923076923076923,0.08974358974358974,0.1282051282051282,0.0,0.038461538461538464,0.9102564102564102,0.08974358974358974,0.0,11.0,0.11538461538461539,0.06,64.91172952651972,0.0036973286916033854,0.8318989556107617,0.860331720915259,0.0,0.8571428571428571,0.1688888888888889,nan,nan,0.5550350472331047,0.5550350472331047,0.38428931683301926,nan,nan,nan,nan,nan,nan,nan,nan,nan,nan,nan,nan,nan,nan,nan,nan,nan,nan,nan,nan,nan,nan,nan,nan,nan,nan,nan,nan,nan,nan,nan,nan,nan,nan,nan,nan,nan,nan,nan,nan,nan,nan,nan,nan,nan,nan,nan,nan,nan,nan,nan,nan,nan
923,107592,0.05662519193001024,0.10887451148033267,0.3511111111111111,-2,92,0.8478260869565217,0.010869565217391304,0.021739130434782608,0.010869565217391304,0.021739130434782608,0.8804347826086957,0.09782608695652174,0.021739130434782608,3.0,0.0,0.09503267973856208,73.46786179542534,0.004718616524215392,1.061688717948463,0.8798429982971289,0.0,1.0,0.2,nan,nan,0.5701639950275421,0.5701639950275421,0.5100736990571022,nan,nan,nan,nan,nan,nan,nan,nan,nan,nan,nan,nan,nan,nan,nan,nan,nan,nan,nan,nan,nan,nan,nan,nan,nan,nan,nan,nan,nan,nan,nan,nan,nan,nan,nan,nan,nan,nan,nan,nan,nan,nan,nan,nan,nan,nan,nan,nan,nan,nan,nan,nan,nan
924,107706,0.05801881696490781,0.6950471024513261,0.4222222222222222,0,114,0.8245614035087719,0.07017543859649122,0.008771929824561403,0.0,0.02631578947368421,0.9035087719298246,0.08771929824561403,0.008771929824561403,5.0,0.0,0.09193650793650794,90.77097997665395,0.004602547839466194,1.0355732638798936,0.9210719682843341,0.0,0.9090909090909091,0.19555555555555557,0.3688888888888889,nan,0.5972257256507874,0.5972257256507874,0.4644620046019554,nan,nan,nan,nan,nan,nan,nan,nan,nan,nan,nan,nan,nan,nan,nan,nan,nan,nan,nan,nan,nan,nan,nan,nan,nan,nan,nan,nan,nan,nan,nan,nan,nan,nan,nan,nan,nan,nan,nan,nan,nan,nan,nan,nan,nan,nan,nan,nan,nan,nan,nan,nan,nan
925,107803,0.059202531822642505,-4.864837124347686,0.24,0,97,0.5463917525773195,0.041237113402061855,0.020618556701030927,0.24742268041237114,0.030927835051546393,0.6082474226804123,0.38144329896907214,0.010309278350515464,11.0,0.10309278350515463,0.05964646464646464,80.36035356521604,0.0029312409055591276,0.6595292037508037,0.9498017276749651,0.010309278350515464,0.7857142857142857,0.19111111111111112,nan,nan,0.5806999281048775,0.5806999281048775,0.4939427822828293,nan,nan,nan,nan,nan,nan,nan,nan,nan,nan,nan,nan,nan,nan,nan,nan,nan,nan,nan,nan,nan,nan,nan,nan,nan,nan,nan,nan,nan,nan,nan,nan,nan,nan,nan,nan,nan,nan,nan,nan,nan,nan,nan,nan,nan,nan,nan,nan,nan,nan,nan,nan,nan
926,107934,0.060798113004375036,-16.148779301643376,0.24,0,131,0.40458015267175573,0.0916030534351145,0.03816793893129771,0.33587786259541985,0.015267175572519083,0.5343511450381679,0.3816793893129771,0.08396946564885496,49.0,0.37404580152671757,0.03925925925925926,110.64551715850813,0.0021289209143295364,0.47900720572414573,0.8561760372450602,0.09923664122137404,0.5625,0.14666666666666667,0.24,nan,0.5861536264419556,0.5861536264419556,0.34662889689207077,nan,nan,nan,nan,nan,nan,nan,nan,nan,nan,nan,nan,nan,nan,nan,nan,nan,nan,nan,nan,nan,nan,nan,nan,nan,nan,nan,nan,nan,nan,nan,nan,nan,nan,nan,nan,nan,nan,nan,nan,nan,nan,nan,nan,nan,nan,nan,nan,nan,nan,nan,nan,nan
927,108129,0.06316674736006822,-2.359139208316802,0.4533333333333333,0,195,0.517948717948718,0.1794871794871795,0.03076923076923077,0.09230769230769231,0.005128205128205128,0.7282051282051282,0.2564102564102564,0.015384615384615385,23.0,0.20512820512820512,0.05680555555555555,141.27751626968353,0.003177355468452662,0.7149049804018489,0.9293110878592267,0.005128205128205128,0.5714285714285714,0.18666666666666668,0.29333333333333333,0.37333333333333335,0.5740097165107727,0.5740097165107727,0.3974604979157448,nan,nan,nan,nan,nan,nan,nan,nan,nan,nan,nan,nan,nan,nan,nan,nan,nan,nan,nan,nan,nan,nan,nan,nan,nan,nan,nan,nan,nan,nan,nan,nan,nan,nan,nan,nan,nan,nan,nan,nan,nan,nan,nan,nan,nan,nan,nan,nan,nan,nan,nan,nan,nan
928,108299,0.06522541093127969,-0.9874811706542965,0.37777777777777777,0,170,0.49411764705882355,0.3,0.0058823529411764705,0.029411764705882353,0.0,0.8,0.2,0.0,37.0,0.29411764705882354,0.05333333333333334,120.30934448242157,0.0031031116904462995,0.6982001303504174,0.9547648940443554,0.0,0.5517241379310345,0.19111111111111112,0.3022222222222222,0.37777777777777777,0.5513198226690292,0.5513198226690292,0.38291557878255844,nan,nan,nan,nan,nan,nan,nan,nan,nan,nan,nan,nan,nan,nan,nan,nan,nan,nan,nan,nan,nan,nan,nan,nan,nan,nan,nan,nan,nan,nan,nan,nan,nan,nan,nan,nan,nan,nan,nan,nan,nan,nan,nan,nan,nan,nan,nan,nan,nan,nan,nan,nan,nan
929,108330,0.06560018272212728,-1.7040442740917203,0.1288888888888889,0,31,0.9032258064516129,0.0,0.0,0.0,0.0967741935483871,0.9032258064516129,0.0967741935483871,0.0,1.0,0.0,0.09740740740740739,28.55280261039735,0.004358396832089914,0.9806392872202307,0.9769179693669734,0.0,1.0,nan,nan,nan,0.5526132136583328,0.5526132136583328,0.37728366255760193,nan,nan,nan,nan,nan,nan,nan,nan,nan,nan,nan,nan,nan,nan,nan,nan,nan,nan,nan,nan,nan,nan,nan,nan,nan,nan,nan,nan,nan,nan,nan,nan,nan,nan,nan,nan,nan,nan,nan,nan,nan,nan,nan,nan,nan,nan,nan,nan,nan,nan,nan,nan,nan
930,108419,0.06667505924260525,-0.10549481987953158,0.32,0,89,0.797752808988764,0.06741573033707865,0.011235955056179775,0.0,0.02247191011235955,0.8764044943820225,0.11235955056179775,0.011235955056179775,6.0,0.011235955056179775,0.08761904761904762,70.39518876075738,0.004482629581802695,1.008591655905606,0.9684296004978876,0.0,0.8181818181818182,0.2,nan,nan,0.6097295060753822,0.6097295060753822,0.4460981637239456,nan,nan,nan,nan,nan,nan,nan,nan,nan,nan,nan,nan,nan,nan,nan,nan,nan,nan,nan,nan,nan,nan,nan,nan,nan,nan,nan,nan,nan,nan,nan,nan,nan,nan,nan,nan,nan,nan,nan,nan,nan,nan,nan,nan,nan,nan,nan,nan,nan,nan,nan,nan,nan
931,108594,0.06878390913798565,-29.850809332370755,0.29333333333333333,0,175,0.37142857142857144,0.14285714285714285,0.0,0.37142857142857144,0.005714285714285714,0.5142857142857142,0.48,0.005714285714285714,63.0,0.41714285714285715,0.041269841269841276,110.24580316543552,0.0026204071320101003,0.5895916047022725,0.8105524996265262,0.0,0.65,0.18666666666666668,0.27111111111111114,0.29333333333333333,0.5396488159894943,0.5396488159894943,0.3844633176922798,nan,nan,nan,nan,nan,nan,nan,nan,nan,nan,nan,nan,nan,nan,nan,nan,nan,nan,nan,nan,nan,nan,nan,nan,nan,nan,nan,nan,nan,nan,nan,nan,nan,nan,nan,nan,nan,nan,nan,nan,nan,nan,nan,nan,nan,nan,nan,nan,nan,nan,nan,nan,nan
932,108686,0.06989008163965015,-1.2600470771789545,0.3111111111111111,0,92,0.75,0.09782608695652174,0.03260869565217391,0.0,0.021739130434782608,0.8804347826086957,0.11956521739130435,0.0,6.0,0.010869565217391304,0.08137254901960785,80.26711502075182,0.0038205766656417488,0.8596297497693933,0.9968163780563756,0.0,1.0,0.18222222222222223,nan,nan,0.6404510512948036,0.6404510512948036,0.4956998750567436,nan,nan,nan,nan,nan,nan,nan,nan,nan,nan,nan,nan,nan,nan,nan,nan,nan,nan,nan,nan,nan,nan,nan,nan,nan,nan,nan,nan,nan,nan,nan,nan,nan,nan,nan,nan,nan,nan,nan,nan,nan,nan,nan,nan,nan,nan,nan,nan,nan,nan,nan,nan,nan
933,108752,0.07068258881155504,-0.5984350566864006,0.24444444444444444,0,66,0.8181818181818182,0.06060606060606061,0.015151515151515152,0.0,0.030303030303030304,0.8939393939393939,0.10606060606060606,0.0,5.0,0.0,0.08999999999999998,53.73747673034664,0.004466156853704058,1.004885292083413,0.9623655711553378,0.0,1.0,0.19111111111111112,nan,nan,0.5090944170951843,0.5090944170951843,0.4434524103999138,nan,nan,nan,nan,nan,nan,nan,nan,nan,nan,nan,nan,nan,nan,nan,nan,nan,nan,nan,nan,nan,nan,nan,nan,nan,nan,nan,nan,nan,nan,nan,nan,nan,nan,nan,nan,nan,nan,nan,nan,nan,nan,nan,nan,nan,nan,nan,nan,nan,nan,nan,nan,nan
934,108836,0.0716899652411288,-2.105723746299743,0.26222222222222225,0,84,0.6904761904761905,0.09523809523809523,0.023809523809523808,0.05952380952380952,0.047619047619047616,0.8095238095238095,0.16666666666666666,0.023809523809523808,6.0,0.011904761904761904,0.07037037037037039,70.44498805999746,0.003659277755263873,0.8233374949343713,0.9669432675885578,0.0,0.8181818181818182,0.18666666666666668,nan,nan,0.6028410866856575,0.6028410866856575,0.46229151636362076,nan,nan,nan,nan,nan,nan,nan,nan,nan,nan,nan,nan,nan,nan,nan,nan,nan,nan,nan,nan,nan,nan,nan,nan,nan,nan,nan,nan,nan,nan,nan,nan,nan,nan,nan,nan,nan,nan,nan,nan,nan,nan,nan,nan,nan,nan,nan,nan,nan,nan,nan,nan,nan
935,109008,0.07374825949871745,-11.904988194465638,0.3288888888888889,0,172,0.42441860465116277,0.12209302325581395,0.005813953488372093,0.32558139534883723,0.005813953488372093,0.5523255813953488,0.25,0.19767441860465115,50.0,0.3313953488372093,0.04634920634920635,100.1236970901486,0.0032404361192568,0.72909812683278,0.8791373084835669,0.0755813953488372,0.6190476190476191,0.19111111111111112,0.30666666666666664,0.3288888888888889,0.5875853598117828,0.5875853598117828,0.47041279822587967,nan,nan,nan,nan,nan,nan,nan,nan,nan,nan,nan,nan,nan,nan,nan,nan,nan,nan,nan,nan,nan,nan,nan,nan,nan,nan,nan,nan,nan,nan,nan,nan,nan,nan,nan,nan,nan,nan,nan,nan,nan,nan,nan,nan,nan,nan,nan,nan,nan,nan,nan,nan,nan
936,109138,0.07530000445981676,-1.5412514793872818,0.4266666666666667,0,130,0.7307692307692307,0.06923076923076923,0.1,0.0,0.007692307692307693,0.9,0.09230769230769231,0.007692307692307693,10.0,0.046153846153846156,0.07037037037037037,110.86906170845027,0.0038082961623011656,0.8568666365177621,0.9289403873259562,0.0,0.8461538461538461,0.1688888888888889,0.3466666666666667,nan,0.602737694978714,0.602737694978714,0.44660916179418564,nan,nan,nan,nan,nan,nan,nan,nan,nan,nan,nan,nan,nan,nan,nan,nan,nan,nan,nan,nan,nan,nan,nan,nan,nan,nan,nan,nan,nan,nan,nan,nan,nan,nan,nan,nan,nan,nan,nan,nan,nan,nan,nan,nan,nan,nan,nan,nan,nan,nan,nan,nan,nan
937,109201,0.07605078477347028,-0.651319309234619,0.24,0,63,0.8412698412698413,0.0,0.06349206349206349,0.0,0.031746031746031744,0.9047619047619048,0.07936507936507936,0.015873015873015872,3.0,0.0,0.09492877492877493,50.412564849853496,0.004672556460023876,1.0513252035053722,0.8496728877445291,0.0,0.8333333333333334,0.18666666666666668,nan,nan,0.520451731979847,0.520451731979847,0.45210225135087967,nan,nan,nan,nan,nan,nan,nan,nan,nan,nan,nan,nan,nan,nan,nan,nan,nan,nan,nan,nan,nan,nan,nan,nan,nan,nan,nan,nan,nan,nan,nan,nan,nan,nan,nan,nan,nan,nan,nan,nan,nan,nan,nan,nan,nan,nan,nan,nan,nan,nan,nan,nan,nan
938,109388,0.07827461129339248,-1.453725831508636,0.4711111111111111,-2,187,0.5614973262032086,0.2727272727272727,0.016042780748663103,0.0106951871657754,0.0053475935828877,0.8502673796791443,0.13368983957219252,0.016042780748663103,26.0,0.18716577540106952,0.05893518518518518,147.06405553817757,0.0031732204375767457,0.7139745984547677,0.9777783680267301,0.0,0.6153846153846154,0.18666666666666668,0.3333333333333333,0.4311111111111111,0.5777438580989838,0.5777438580989838,0.3847941607236862,nan,nan,nan,nan,nan,nan,nan,nan,nan,nan,nan,nan,nan,nan,nan,nan,nan,nan,nan,nan,nan,nan,nan,nan,nan,nan,nan,nan,nan,nan,nan,nan,nan,nan,nan,nan,nan,nan,nan,nan,nan,nan,nan,nan,nan,nan,nan,nan,nan,nan,nan,nan,nan
939,109552,0.08021916629513703,-1.6974999999999991,0.3377777777777778,-1,164,0.4573170731707317,0.31097560975609756,0.018292682926829267,0.018292682926829267,0.012195121951219513,0.7865853658536586,0.2073170731707317,0.006097560975609756,35.0,0.3353658536585366,0.04961451247165533,113.69999999999968,0.0029316915860451566,0.6596306068601602,0.9383578920075913,0.0,0.40625,0.16444444444444445,0.31555555555555553,0.32,0.5916355103254318,0.5916355103254318,0.39268065243959427,nan,nan,nan,nan,nan,nan,nan,nan,nan,nan,nan,nan,nan,nan,nan,nan,nan,nan,nan,nan,nan,nan,nan,nan,nan,nan,nan,nan,nan,nan,nan,nan,nan,nan,nan,nan,nan,nan,nan,nan,nan,nan,nan,nan,nan,nan,nan,nan,nan,nan,nan,nan,nan
940,109656,0.08144951859725594,-4.070031233310702,0.25333333333333335,0,104,0.5384615384615384,0.08653846153846154,0.028846153846153848,0.21153846153846154,0.028846153846153848,0.6538461538461539,0.33653846153846156,0.009615384615384616,24.0,0.22115384615384615,0.06844444444444449,80.24791650772096,0.0031014996989353906,0.6978374322604628,0.9818546555300227,0.0,0.7857142857142857,0.14666666666666667,0.23555555555555555,nan,0.5398195087909698,0.5398195087909698,0.3319927379488945,-13.371697461271287,0.304,-0.3,124.1,0.0,1.0,0.6095457381413701,0.1560734824397873,0.012335723808239616,0.10545022824300525,0.015752485988264082,0.777954944389397,0.22204505561060292,0.0,32.5,0.19078973620864043,0.0650521955410844,91.90569010734541,0.0033604350131835195,0.7560978779662919,0.9195174561243429,0.0,0.7425423407002354,0.188,0.2958730158730159,0.30000000000000004,-26.73291554515361,0.23866666666666672,-0.3,114.4,0.0,1.0,0.5793279801188362,0.09408892397422511,0.02038344709910534,0.21642250681655106,0.018936531216734036,0.6938003511921667,0.2609993809127697,0.04520026789506354,48.4,0.2678628232719023,0.06479838561101503,77.42871947765346,0.0032571302872855994,0.7328543146392597,0.8255228311418007,0.036148355058969586,0.8342329806416494,0.16098765432098766,0.21333333333333337,0.19999999999999998,0.6101555555555556
941,109716,0.0821583570716459,-1.0326155803203583,0.21777777777777776,-1,60,0.8,0.016666666666666666,0.016666666666666666,0.016666666666666666,0.05,0.8333333333333334,0.15,0.016666666666666666,2.0,0.0,0.08666666666666666,46.929672193527196,0.004545809151480872,1.0228070590831961,0.9606653156056666,0.0,1.0,0.18666666666666668,nan,nan,0.5832807868719101,0.5832807868719101,0.3722449839115143,nan,nan,nan,nan,nan,nan,nan,nan,nan,nan,nan,nan,nan,nan,nan,nan,nan,nan,nan,nan,nan,nan,nan,nan,nan,nan,nan,nan,nan,nan,nan,nan,nan,nan,nan,nan,nan,nan,nan,nan,nan,nan,nan,nan,nan,nan,nan,nan,nan,nan,nan,nan,nan
942,109915,0.08450421180513629,-5.913863178730013,0.36,0,199,0.4020100502512563,0.20100502512562815,0.010050251256281407,0.22110552763819097,0.0,0.6130653266331658,0.35678391959798994,0.03015075376884422,63.0,0.4120603015075377,0.04451388888888888,130.7129826545713,0.0027201242626003303,0.6120279590850743,0.9405043705406124,0.005025125628140704,0.42424242424242425,0.19555555555555557,0.3288888888888889,0.3466666666666667,0.5181089639663696,0.5181089639663696,0.3628297299146652,nan,nan,nan,nan,nan,nan,nan,nan,nan,nan,nan,nan,nan,nan,nan,nan,nan,nan,nan,nan,nan,nan,nan,nan,nan,nan,nan,nan,nan,nan,nan,nan,nan,nan,nan,nan,nan,nan,nan,nan,nan,nan,nan,nan,nan,nan,nan,nan,nan,nan,nan,nan,nan
943,110096,0.08663105047374875,-9.201384707927705,0.3111111111111111,0,181,0.3812154696132597,0.1712707182320442,0.011049723756906077,0.30386740331491713,0.0055248618784530384,0.56353591160221,0.4198895027624309,0.016574585635359115,47.0,0.39779005524861877,0.0400925925925926,109.81318769454927,0.0027926214793042433,0.6283398328434546,0.9010607409621131,0.011049723756906077,0.5,0.14666666666666667,0.26222222222222225,0.30666666666666664,0.5907162874937057,0.5907162874937057,0.43553655594587326,nan,nan,nan,nan,nan,nan,nan,nan,nan,nan,nan,nan,nan,nan,nan,nan,nan,nan,nan,nan,nan,nan,nan,nan,nan,nan,nan,nan,nan,nan,nan,nan,nan,nan,nan,nan,nan,nan,nan,nan,nan,nan,nan,nan,nan,nan,nan,nan,nan,nan,nan,nan,nan
944,110193,0.0877681762549635,-0.8979467358589164,0.26222222222222225,0,97,0.5979381443298969,0.2268041237113402,0.010309278350515464,0.010309278350515464,0.020618556701030927,0.8350515463917526,0.15463917525773196,0.010309278350515464,9.0,0.09278350515463918,0.06550505050505051,70.10425462722769,0.0036770632417174277,0.827339229386421,0.9713735513138028,0.0,0.6666666666666666,0.18222222222222223,nan,nan,0.5279662609100342,0.5279662609100342,0.3958287462592125,nan,nan,nan,nan,nan,nan,nan,nan,nan,nan,nan,nan,nan,nan,nan,nan,nan,nan,nan,nan,nan,nan,nan,nan,nan,nan,nan,nan,nan,nan,nan,nan,nan,nan,nan,nan,nan,nan,nan,nan,nan,nan,nan,nan,nan,nan,nan,nan,nan,nan,nan,nan,nan
945,110348,0.08958136993527074,-7.538182691574102,0.28444444444444444,0,155,0.4064516129032258,0.07741935483870968,0.0064516129032258064,0.3741935483870968,0.012903225806451613,0.49032258064516127,0.4967741935483871,0.012903225806451613,30.0,0.32903225806451614,0.04253968253968252,90.79221611022925,0.0030839648154425145,0.6938920834745657,0.8916034027465668,0.0064516129032258064,0.7619047619047619,0.14222222222222222,0.2088888888888889,0.28,0.5752581506967545,0.5752581506967545,0.4892527833580971,nan,nan,nan,nan,nan,nan,nan,nan,nan,nan,nan,nan,nan,nan,nan,nan,nan,nan,nan,nan,nan,nan,nan,nan,nan,nan,nan,nan,nan,nan,nan,nan,nan,nan,nan,nan,nan,nan,nan,nan,nan,nan,nan,nan,nan,nan,nan,nan,nan,nan,nan,nan,nan
946,110586,0.09235626815254114,-26.666735427856448,0.30666666666666664,0,238,0.2857142857142857,0.17647058823529413,0.004201680672268907,0.41596638655462187,0.0,0.46638655462184875,0.4831932773109244,0.05042016806722689,128.0,0.5630252100840336,0.030222222222222223,130.13081359863236,0.0023224493405103745,0.5225511016148343,0.8217602793899004,0.07983193277310924,0.42857142857142855,0.19555555555555557,0.28444444444444444,0.30666666666666664,0.6015582829713821,0.6015582829713821,0.5503441989421844,nan,nan,nan,nan,nan,nan,nan,nan,nan,nan,nan,nan,nan,nan,nan,nan,nan,nan,nan,nan,nan,nan,nan,nan,nan,nan,nan,nan,nan,nan,nan,nan,nan,nan,nan,nan,nan,nan,nan,nan,nan,nan,nan,nan,nan,nan,nan,nan,nan,nan,nan,nan,nan
947,110677,0.09341430976899046,-0.35586862945556574,0.30666666666666664,0,91,0.7472527472527473,0.07692307692307693,0.03296703296703297,0.03296703296703297,0.01098901098901099,0.8571428571428571,0.12087912087912088,0.02197802197802198,4.0,0.0,0.08118055555555556,70.37970123291005,0.004294167450669724,0.966187676400688,0.9856996770631787,0.0,0.8,0.18222222222222223,nan,nan,0.5797279253602028,0.5797279253602028,0.39324843510985374,nan,nan,nan,nan,nan,nan,nan,nan,nan,nan,nan,nan,nan,nan,nan,nan,nan,nan,nan,nan,nan,nan,nan,nan,nan,nan,nan,nan,nan,nan,nan,nan,nan,nan,nan,nan,nan,nan,nan,nan,nan,nan,nan,nan,nan,nan,nan,nan,nan,nan,nan,nan,nan
948,110784,0.09465629774658849,-1.1034524164199826,0.3288888888888889,0,107,0.6822429906542056,0.18691588785046728,0.009345794392523364,0.009345794392523364,0.009345794392523364,0.8785046728971962,0.102803738317757,0.018691588785046728,9.0,0.06542056074766354,0.06717460317460319,90.34716587066643,0.00359108602154596,0.807994354847841,0.9192484808259992,0.0,0.8333333333333334,0.19555555555555557,0.3244444444444444,nan,0.5673177093267441,0.5673177093267441,0.41154441982507706,nan,nan,nan,nan,nan,nan,nan,nan,nan,nan,nan,nan,nan,nan,nan,nan,nan,nan,nan,nan,nan,nan,nan,nan,nan,nan,nan,nan,nan,nan,nan,nan,nan,nan,nan,nan,nan,nan,nan,nan,nan,nan,nan,nan,nan,nan,nan,nan,nan,nan,nan,nan,nan
949,110901,0.09601178608440866,-26.745233958244324,0.16444444444444445,-2,117,0.3076923076923077,0.08547008547008547,0.017094017094017096,0.5042735042735043,0.02564102564102564,0.41025641025641024,0.47863247863247865,0.1111111111111111,69.0,0.5470085470085471,0.032,90.64984722137434,0.0017650333111898899,0.39713249501772524,0.7522983112716779,0.1623931623931624,0.5,0.16444444444444445,0.16444444444444445,nan,0.5618465542793274,0.5618465542793274,0.40878020226955414,nan,nan,nan,nan,nan,nan,nan,nan,nan,nan,nan,nan,nan,nan,nan,nan,nan,nan,nan,nan,nan,nan,nan,nan,nan,nan,nan,nan,nan,nan,nan,nan,nan,nan,nan,nan,nan,nan,nan,nan,nan,nan,nan,nan,nan,nan,nan,nan,nan,nan,nan,nan,nan
950,111013,0.09730683281427613,-1.6967868876457215,0.3244444444444444,0,112,0.6428571428571429,0.16071428571428573,0.07142857142857142,0.017857142857142856,0.008928571428571428,0.875,0.10714285714285714,0.017857142857142856,9.0,0.0625,0.06785185185185184,90.33130369186388,0.003542515018841938,0.7970658792394361,0.9132061895719442,0.0,0.9166666666666666,0.17333333333333334,0.30666666666666664,nan,0.6347517669200897,0.6347517669200897,0.5063319653272629,nan,nan,nan,nan,nan,nan,nan,nan,nan,nan,nan,nan,nan,nan,nan,nan,nan,nan,nan,nan,nan,nan,nan,nan,nan,nan,nan,nan,nan,nan,nan,nan,nan,nan,nan,nan,nan,nan,nan,nan,nan,nan,nan,nan,nan,nan,nan,nan,nan,nan,nan,nan,nan
951,111256,0.10010818022883217,-104.22117498087889,0.32,0,243,0.29218106995884774,0.024691358024691357,0.02880658436213992,0.5843621399176955,0.0,0.345679012345679,0.6419753086419753,0.012345679012345678,156.0,0.6213991769547325,0.03155555555555556,120.03023791313119,0.0026289671756206203,0.5915176145146395,0.6077026201207967,0.00411522633744856,0.5882352941176471,0.19555555555555557,0.32,0.32,0.5640099048614502,0.5640099048614502,0.4171564504504204,nan,nan,nan,nan,nan,nan,nan,nan,nan,nan,nan,nan,nan,nan,nan,nan,nan,nan,nan,nan,nan,nan,nan,nan,nan,nan,nan,nan,nan,nan,nan,nan,nan,nan,nan,nan,nan,nan,nan,nan,nan,nan,nan,nan,nan,nan,nan,nan,nan,nan,nan,nan,nan
952,111322,0.10086704788088234,-1.2555707263946534,0.21777777777777776,-1,66,0.7272727272727273,0.10606060606060606,0.015151515151515152,0.015151515151515152,0.045454545454545456,0.8484848484848485,0.12121212121212122,0.030303030303030304,5.0,0.0,0.07944444444444444,52.4244831085205,0.004069345479129015,0.9156027328040285,0.9274065611680657,0.0,0.7777777777777778,0.17333333333333334,nan,nan,0.6633597165346146,0.6633597165346146,0.5624668300151825,nan,nan,nan,nan,nan,nan,nan,nan,nan,nan,nan,nan,nan,nan,nan,nan,nan,nan,nan,nan,nan,nan,nan,nan,nan,nan,nan,nan,nan,nan,nan,nan,nan,nan,nan,nan,nan,nan,nan,nan,nan,nan,nan,nan,nan,nan,nan,nan,nan,nan,nan,nan,nan
953,111386,0.10160210809382447,-0.8932820720672606,0.2222222222222222,0,64,0.765625,0.0625,0.03125,0.0,0.03125,0.859375,0.140625,0.0,5.0,0.0,0.08074074074074074,50.27887687683099,0.00433139702605672,0.9745643308627622,0.9422240696832092,0.0,0.875,0.19111111111111112,nan,nan,0.6246954277157784,0.6246954277157784,0.3401399627327919,nan,nan,nan,nan,nan,nan,nan,nan,nan,nan,nan,nan,nan,nan,nan,nan,nan,nan,nan,nan,nan,nan,nan,nan,nan,nan,nan,nan,nan,nan,nan,nan,nan,nan,nan,nan,nan,nan,nan,nan,nan,nan,nan,nan,nan,nan,nan,nan,nan,nan,nan,nan,nan
954,111451,0.10234783650171403,-1.8552163727283477,0.18222222222222223,0,65,0.6153846153846154,0.15384615384615385,0.015384615384615385,0.06153846153846154,0.03076923076923077,0.7846153846153846,0.15384615384615385,0.06153846153846154,14.0,0.13846153846153847,0.06024691358024692,50.71634640693661,0.0035053348747034873,0.7887003468082846,0.990987900959586,0.0,0.8,0.17777777777777778,nan,nan,0.6058525145053864,0.6058525145053864,0.43529926240444183,nan,nan,nan,nan,nan,nan,nan,nan,nan,nan,nan,nan,nan,nan,nan,nan,nan,nan,nan,nan,nan,nan,nan,nan,nan,nan,nan,nan,nan,nan,nan,nan,nan,nan,nan,nan,nan,nan,nan,nan,nan,nan,nan,nan,nan,nan,nan,nan,nan,nan,nan,nan,nan
955,111579,0.1038139430078181,-0.24146950507163878,0.41333333333333333,0,128,0.71875,0.09375,0.0703125,0.015625,0.0078125,0.8828125,0.109375,0.0078125,7.0,0.03125,0.06814814814814814,100.27113814353929,0.004077832330012648,0.9175122742528458,0.9215242370953921,0.0078125,0.75,0.17777777777777778,0.35555555555555557,nan,0.5496226847171783,0.5496226847171783,0.34220090508461,nan,nan,nan,nan,nan,nan,nan,nan,nan,nan,nan,nan,nan,nan,nan,nan,nan,nan,nan,nan,nan,nan,nan,nan,nan,nan,nan,nan,nan,nan,nan,nan,nan,nan,nan,nan,nan,nan,nan,nan,nan,nan,nan,nan,nan,nan,nan,nan,nan,nan,nan,nan,nan
956,111681,0.10497996573030044,-0.9568499882221218,0.35555555555555557,0,102,0.7745098039215687,0.09803921568627451,0.0392156862745098,0.0,0.00980392156862745,0.9117647058823529,0.08823529411764706,0.0,9.0,0.0392156862745098,0.08044444444444451,90.33190464973437,0.003886900342382448,0.8745525770360507,0.9641660292420708,0.0,0.8888888888888888,0.19555555555555557,0.3511111111111111,nan,0.6057997345924377,0.6057997345924377,0.5010344684123993,nan,nan,nan,nan,nan,nan,nan,nan,nan,nan,nan,nan,nan,nan,nan,nan,nan,nan,nan,nan,nan,nan,nan,nan,nan,nan,nan,nan,nan,nan,nan,nan,nan,nan,nan,nan,nan,nan,nan,nan,nan,nan,nan,nan,nan,nan,nan,nan,nan,nan,nan,nan,nan
957,111762,0.10590448566269478,-1.2142429659366607,0.28444444444444444,-1,81,0.7777777777777778,0.06172839506172839,0.037037037037037035,0.0,0.024691358024691357,0.8765432098765432,0.1111111111111111,0.012345679012345678,4.0,0.0,0.08055555555555555,70.17374253273,0.003990096436276064,0.8977716981621142,0.9445394015779635,0.0,0.9,0.18666666666666668,nan,nan,0.5592651069164276,0.5592651069164276,0.3403957635164261,nan,nan,nan,nan,nan,nan,nan,nan,nan,nan,nan,nan,nan,nan,nan,nan,nan,nan,nan,nan,nan,nan,nan,nan,nan,nan,nan,nan,nan,nan,nan,nan,nan,nan,nan,nan,nan,nan,nan,nan,nan,nan,nan,nan,nan,nan,nan,nan,nan,nan,nan,nan,nan
958,111833,0.10671382056253348,-0.39264765167236204,0.27555555555555555,-2,71,0.8591549295774648,0.014084507042253521,0.028169014084507043,0.0,0.04225352112676056,0.9014084507042254,0.09859154929577464,0.0,3.0,0.0,0.09516754850088183,55.87283477783198,0.0048522884544722755,1.0917649022562619,0.8855664536086568,0.0,1.0,0.2,nan,nan,0.5952208414673805,0.5952208414673805,0.4054047465324402,nan,nan,nan,nan,nan,nan,nan,nan,nan,nan,nan,nan,nan,nan,nan,nan,nan,nan,nan,nan,nan,nan,nan,nan,nan,nan,nan,nan,nan,nan,nan,nan,nan,nan,nan,nan,nan,nan,nan,nan,nan,nan,nan,nan,nan,nan,nan,nan,nan,nan,nan,nan,nan
959,111926,0.10777245744334663,-1.203956076860428,0.28444444444444444,0,93,0.6774193548387096,0.11827956989247312,0.03225806451612903,0.021505376344086023,0.021505376344086023,0.8279569892473119,0.13978494623655913,0.03225806451612903,8.0,0.03225806451612903,0.0730246913580247,73.77101025581352,0.0037955288809120606,0.8539939982052135,0.8882603320354938,0.0,0.7857142857142857,0.17777777777777778,nan,nan,0.5594271868467331,0.5594271868467331,0.3613971024751663,nan,nan,nan,nan,nan,nan,nan,nan,nan,nan,nan,nan,nan,nan,nan,nan,nan,nan,nan,nan,nan,nan,nan,nan,nan,nan,nan,nan,nan,nan,nan,nan,nan,nan,nan,nan,nan,nan,nan,nan,nan,nan,nan,nan,nan,nan,nan,nan,nan,nan,nan,nan,nan
960,112032,0.10897703422789201,-0.5652620162963861,0.3111111111111111,0,106,0.6509433962264151,0.2169811320754717,0.009433962264150943,0.0,0.009433962264150943,0.8773584905660378,0.12264150943396226,0.0,21.0,0.16981132075471697,0.06414814814814816,82.8501144409178,0.0037014634045600173,0.8328292660260038,0.9548565878207695,0.0,0.7692307692307693,0.2,0.30666666666666664,nan,0.5802333056926727,0.5802333056926727,0.35407787561416626,-3.498586757612229,0.32,0.0,118.1,0.0,1.0,0.6412156014871717,0.19668245769552511,0.012164819409840065,0.04087765819779992,0.013874052366968587,0.850062878592537,0.14993712140746307,0.0,20.4,0.15848910794229343,0.06752727807172253,95.52844531059257,0.0034506928513852154,0.7764058915616735,0.9387099749429648,0.0,0.750007957728546,0.19155555555555553,0.3155555555555556,0.3533333333333333,-7.745205755186082,0.2431111111111111,0.0,90.8,0.0,1.0,0.6713217146654276,0.12853827115126237,0.024315804184811034,0.06573660714285715,0.022065696962883394,0.8241757900015012,0.17582420999849893,0.0,27.9,0.17060046192572487,0.0729038974981004,70.59910243034355,0.003650212347138567,0.8212977781061775,0.8791584780109947,0.0,0.8338675213675213,0.18,0.26666666666666666,0.26666666666666666,0.663088888888889
961,112232,0.11124390724147623,-6.67179588031769,0.44,0,200,0.49,0.125,0.01,0.25,0.005,0.625,0.335,0.04,26.0,0.29,0.05444444444444445,130.25519886016824,0.0033438631192228563,0.7523692018251426,0.9035024053052138,0.005,0.64,0.19111111111111112,0.37333333333333335,0.4266666666666667,0.5724382102489471,0.5724382102489471,0.392109714448452,nan,nan,nan,nan,nan,nan,nan,nan,nan,nan,nan,nan,nan,nan,nan,nan,nan,nan,nan,nan,nan,nan,nan,nan,nan,nan,nan,nan,nan,nan,nan,nan,nan,nan,nan,nan,nan,nan,nan,nan,nan,nan,nan,nan,nan,nan,nan,nan,nan,nan,nan,nan,nan
962,112368,0.11278097375507636,-1.065791024208068,0.39555555555555555,0,136,0.6470588235294118,0.19117647058823528,0.007352941176470588,0.029411764705882353,0.007352941176470588,0.8455882352941176,0.14705882352941177,0.007352941176470588,12.0,0.10294117647058823,0.06895622895622895,110.37896213531481,0.0035433483296540115,0.7972533741721526,0.9715988826456761,0.0,0.875,0.18222222222222223,0.3288888888888889,nan,0.5474447831511497,0.5474447831511497,0.4985343739390373,nan,nan,nan,nan,nan,nan,nan,nan,nan,nan,nan,nan,nan,nan,nan,nan,nan,nan,nan,nan,nan,nan,nan,nan,nan,nan,nan,nan,nan,nan,nan,nan,nan,nan,nan,nan,nan,nan,nan,nan,nan,nan,nan,nan,nan,nan,nan,nan,nan,nan,nan,nan,nan
963,112443,0.1136270971236964,-1.0920577647686003,0.28,-1,75,0.8266666666666667,0.02666666666666667,0.013333333333333334,0.0,0.04,0.8666666666666667,0.10666666666666667,0.02666666666666667,2.0,0.0,0.09185185185185185,64.97197871208185,0.004241144582907935,0.9542575311542852,0.9668817026166975,0.0,1.0,0.19555555555555557,nan,nan,0.5378470197319984,0.5378470197319984,0.41460761427879333,nan,nan,nan,nan,nan,nan,nan,nan,nan,nan,nan,nan,nan,nan,nan,nan,nan,nan,nan,nan,nan,nan,nan,nan,nan,nan,nan,nan,nan,nan,nan,nan,nan,nan,nan,nan,nan,nan,nan,nan,nan,nan,nan,nan,nan,nan,nan,nan,nan,nan,nan,nan,nan
964,112585,0.11522612837224072,-1.03764879989624,0.40444444444444444,0,142,0.6338028169014085,0.14788732394366197,0.028169014084507043,0.04929577464788732,0.007042253521126761,0.8098591549295775,0.1619718309859155,0.028169014084507043,13.0,0.06338028169014084,0.06875816993464053,110.00617904663062,0.0036361593818329393,0.8181358609124113,0.9382112765000733,0.007042253521126761,0.8,0.19111111111111112,0.3288888888888889,nan,0.6628459095954895,0.6628459095954895,0.5253136232495308,nan,nan,nan,nan,nan,nan,nan,nan,nan,nan,nan,nan,nan,nan,nan,nan,nan,nan,nan,nan,nan,nan,nan,nan,nan,nan,nan,nan,nan,nan,nan,nan,nan,nan,nan,nan,nan,nan,nan,nan,nan,nan,nan,nan,nan,nan,nan,nan,nan,nan,nan,nan,nan
965,112701,0.1165295061184083,-1.7699058883190155,0.3244444444444444,-2,116,0.6206896551724138,0.22413793103448276,0.06896551724137931,0.0,0.017241379310344827,0.9137931034482759,0.07758620689655173,0.008620689655172414,29.0,0.21551724137931033,0.06649999999999998,93.84672274589525,0.0034098153951145453,0.7672084639007727,0.800613323051399,0.0,0.7,0.17333333333333334,0.3022222222222222,nan,0.5145584270358086,0.5145584270358086,0.3869868591427803,nan,nan,nan,nan,nan,nan,nan,nan,nan,nan,nan,nan,nan,nan,nan,nan,nan,nan,nan,nan,nan,nan,nan,nan,nan,nan,nan,nan,nan,nan,nan,nan,nan,nan,nan,nan,nan,nan,nan,nan,nan,nan,nan,nan,nan,nan,nan,nan,nan,nan,nan,nan,nan
966,112748,0.11705686429995196,-1.5421800208091732,0.17777777777777778,0,47,0.8297872340425532,0.0,0.06382978723404255,0.02127659574468085,0.0425531914893617,0.8936170212765957,0.0851063829787234,0.02127659574468085,5.0,0.0,0.09303030303030305,40.335047817230205,0.004297337990492956,0.966901047860915,0.8109924903774085,0.0,0.75,nan,nan,nan,0.6684959530830383,0.6684959530830383,0.8587868437170982,nan,nan,nan,nan,nan,nan,nan,nan,nan,nan,nan,nan,nan,nan,nan,nan,nan,nan,nan,nan,nan,nan,nan,nan,nan,nan,nan,nan,nan,nan,nan,nan,nan,nan,nan,nan,nan,nan,nan,nan,nan,nan,nan,nan,nan,nan,nan,nan,nan,nan,nan,nan,nan
967,112835,0.11803192137555656,-3.9594002962112422,0.22666666666666666,0,87,0.5747126436781609,0.06896551724137931,0.25287356321839083,0.0,0.011494252873563218,0.896551724137931,0.08045977011494253,0.022988505747126436,16.0,0.20689655172413793,0.05555555555555555,70.07047901153562,0.003171410062512032,0.7135672640652072,0.9033012079233002,0.0,0.5555555555555556,0.19111111111111112,nan,nan,0.5407023504376411,0.5407023504376411,0.6158951446413994,nan,nan,nan,nan,nan,nan,nan,nan,nan,nan,nan,nan,nan,nan,nan,nan,nan,nan,nan,nan,nan,nan,nan,nan,nan,nan,nan,nan,nan,nan,nan,nan,nan,nan,nan,nan,nan,nan,nan,nan,nan,nan,nan,nan,nan,nan,nan,nan,nan,nan,nan,nan,nan
968,112959,0.11941915467651974,-0.1382469553947432,0.39111111111111113,0,124,0.7016129032258065,0.16129032258064516,0.024193548387096774,0.0,0.0,0.8870967741935484,0.11290322580645161,0.0,8.0,0.04838709677419355,0.07788888888888888,100.32616147994977,0.0038540960898214194,0.8671716202098192,0.9477727356779623,0.0,0.7142857142857143,0.18666666666666668,0.3244444444444444,nan,0.5277958586812019,0.5277958586812019,0.47955451160669327,nan,nan,nan,nan,nan,nan,nan,nan,nan,nan,nan,nan,nan,nan,nan,nan,nan,nan,nan,nan,nan,nan,nan,nan,nan,nan,nan,nan,nan,nan,nan,nan,nan,nan,nan,nan,nan,nan,nan,nan,nan,nan,nan,nan,nan,nan,nan,nan,nan,nan,nan,nan,nan
969,113061,0.12037015905958993,-1.1747118844985958,0.29777777777777775,-1,102,0.6470588235294118,0.13725490196078433,0.0392156862745098,0.029411764705882353,0.029411764705882353,0.8235294117647058,0.1568627450980392,0.0196078431372549,12.0,0.10784313725490197,0.05866666666666666,77.35916080474838,0.0037918370659900985,0.8531633398477722,0.9290088493332247,0.0,0.7333333333333333,0.17777777777777778,0.29777777777777775,nan,0.5676762834191322,0.5676762834191322,0.40873396396636963,nan,nan,nan,nan,nan,nan,nan,nan,nan,nan,nan,nan,nan,nan,nan,nan,nan,nan,nan,nan,nan,nan,nan,nan,nan,nan,nan,nan,nan,nan,nan,nan,nan,nan,nan,nan,nan,nan,nan,nan,nan,nan,nan,nan,nan,nan,nan,nan,nan,nan,nan,nan,nan
970,113194,0.118731984414209,-5.2364417738914515,0.30666666666666664,0,133,0.5112781954887218,0.18045112781954886,0.18045112781954886,0.0,0.0,0.8721804511278195,0.09022556390977443,0.03759398496240601,27.0,0.3082706766917293,0.050370370370370364,100.84230260848986,0.0029969785933545144,0.6743201835047657,0.8036258385014484,0.0,0.4117647058823529,0.10666666666666667,0.28,nan,0.587464302778244,0.587464302778244,0.4127807691693306,nan,nan,nan,nan,nan,nan,nan,nan,nan,nan,nan,nan,nan,nan,nan,nan,nan,nan,nan,nan,nan,nan,nan,nan,nan,nan,nan,nan,nan,nan,nan,nan,nan,nan,nan,nan,nan,nan,nan,nan,nan,nan,nan,nan,nan,nan,nan,nan,nan,nan,nan,nan,nan
971,113339,0.11695004118083066,-3.1202447628974905,0.36444444444444446,-1,145,0.5586206896551724,0.18620689655172415,0.10344827586206896,0.041379310344827586,0.013793103448275862,0.8482758620689655,0.1310344827586207,0.020689655172413793,14.0,0.16551724137931034,0.06111111111111111,115.0499501228331,0.00312907567205067,0.7040420262114007,0.9255243295133586,0.006896551724137931,0.6875,0.1511111111111111,0.28888888888888886,nan,0.5975572615861893,0.5975572615861893,0.5308119505643845,nan,nan,nan,nan,nan,nan,nan,nan,nan,nan,nan,nan,nan,nan,nan,nan,nan,nan,nan,nan,nan,nan,nan,nan,nan,nan,nan,nan,nan,nan,nan,nan,nan,nan,nan,nan,nan,nan,nan,nan,nan,nan,nan,nan,nan,nan,nan,nan,nan,nan,nan,nan,nan
972,113410,0.11607903699240485,-0.9467936604022978,0.26222222222222225,-1,71,0.8169014084507042,0.028169014084507043,0.014084507042253521,0.014084507042253521,0.028169014084507043,0.8591549295774648,0.11267605633802817,0.028169014084507043,3.0,0.0,0.09015873015873016,59.95993962287899,0.004299166733640559,0.9673125150691256,0.9876242301909807,0.0,0.8888888888888888,0.19555555555555557,nan,nan,0.612160786986351,0.612160786986351,0.5400433540344238,nan,nan,nan,nan,nan,nan,nan,nan,nan,nan,nan,nan,nan,nan,nan,nan,nan,nan,nan,nan,nan,nan,nan,nan,nan,nan,nan,nan,nan,nan,nan,nan,nan,nan,nan,nan,nan,nan,nan,nan,nan,nan,nan,nan,nan,nan,nan,nan,nan,nan,nan,nan,nan
973,113489,0.11511107499054384,-1.2656535947322844,0.26666666666666666,-2,79,0.7468354430379747,0.11392405063291139,0.02531645569620253,0.012658227848101266,0.02531645569620253,0.8860759493670886,0.10126582278481013,0.012658227848101266,10.0,0.06329113924050633,0.08888888888888889,65.87289137840266,0.003980730414821224,0.8956643433347754,0.9249400024679163,0.0,0.875,0.19111111111111112,nan,nan,0.6261161267757416,0.6261161267757416,0.46183501183986664,nan,nan,nan,nan,nan,nan,nan,nan,nan,nan,nan,nan,nan,nan,nan,nan,nan,nan,nan,nan,nan,nan,nan,nan,nan,nan,nan,nan,nan,nan,nan,nan,nan,nan,nan,nan,nan,nan,nan,nan,nan,nan,nan,nan,nan,nan,nan,nan,nan,nan,nan,nan,nan
974,113548,0.11438897912940638,-2.568306222438811,0.1688888888888889,0,59,0.6271186440677966,0.1016949152542373,0.1016949152542373,0.01694915254237288,0.03389830508474576,0.8305084745762712,0.13559322033898305,0.03389830508474576,10.0,0.1016949152542373,0.05744855967078189,50.660059261322,0.0032460373485981033,0.7303584034345733,0.9878721533962064,0.0,0.7777777777777778,0.16444444444444445,nan,nan,0.5488193929195404,0.5488193929195404,0.3945149928331375,nan,nan,nan,nan,nan,nan,nan,nan,nan,nan,nan,nan,nan,nan,nan,nan,nan,nan,nan,nan,nan,nan,nan,nan,nan,nan,nan,nan,nan,nan,nan,nan,nan,nan,nan,nan,nan,nan,nan,nan,nan,nan,nan,nan,nan,nan,nan,nan,nan,nan,nan,nan,nan
975,113758,0.11182443630731616,-13.216658997774127,0.27111111111111114,0,210,0.2857142857142857,0.10476190476190476,0.009523809523809525,0.4238095238095238,0.009523809523809525,0.4,0.3761904761904762,0.22380952380952382,63.0,0.4857142857142857,0.029629629629629634,110.15865712165787,0.0024207508845370484,0.5446689490208358,0.9034497018315263,0.009523809523809525,0.5,0.17333333333333334,0.24444444444444444,0.24444444444444444,0.635039821267128,0.635039821267128,0.5252159535884857,nan,nan,nan,nan,nan,nan,nan,nan,nan,nan,nan,nan,nan,nan,nan,nan,nan,nan,nan,nan,nan,nan,nan,nan,nan,nan,nan,nan,nan,nan,nan,nan,nan,nan,nan,nan,nan,nan,nan,nan,nan,nan,nan,nan,nan,nan,nan,nan,nan,nan,nan,nan,nan
976,113843,0.11078890198636812,-0.8422341327667233,0.29333333333333333,0,85,0.7647058823529411,0.058823529411764705,0.058823529411764705,0.011764705882352941,0.011764705882352941,0.8823529411764706,0.09411764705882353,0.023529411764705882,6.0,0.011764705882352941,0.08222222222222222,70.16413459777823,0.004117329894325194,0.9263992262231685,0.8762695142234094,0.0,0.8888888888888888,0.19555555555555557,nan,nan,0.5413521453738213,0.5413521453738213,0.4485647678375244,nan,nan,nan,nan,nan,nan,nan,nan,nan,nan,nan,nan,nan,nan,nan,nan,nan,nan,nan,nan,nan,nan,nan,nan,nan,nan,nan,nan,nan,nan,nan,nan,nan,nan,nan,nan,nan,nan,nan,nan,nan,nan,nan,nan,nan,nan,nan,nan,nan,nan,nan,nan,nan
977,113921,0.1098399100314577,-0.14501938629150257,0.29333333333333333,-1,78,0.8333333333333334,0.05128205128205128,0.0,0.0,0.038461538461538464,0.8846153846153846,0.11538461538461539,0.0,1.0,0.0,0.08851851851851852,61.40018463134761,0.004705016615559132,1.0586287385008044,0.9849798349326437,0.0,1.0,0.19111111111111112,nan,nan,0.5587888658046722,0.5587888658046722,0.36201024800539017,nan,nan,nan,nan,nan,nan,nan,nan,nan,nan,nan,nan,nan,nan,nan,nan,nan,nan,nan,nan,nan,nan,nan,nan,nan,nan,nan,nan,nan,nan,nan,nan,nan,nan,nan,nan,nan,nan,nan,nan,nan,nan,nan,nan,nan,nan,nan,nan,nan,nan,nan,nan,nan
978,113984,0.10907429818394984,-0.4289379258155821,0.24888888888888888,0,63,0.873015873015873,0.0,0.06349206349206349,0.0,0.031746031746031744,0.9365079365079365,0.06349206349206349,0.0,5.0,0.0,0.09925925925925926,50.199408817291236,0.004869468589443733,1.0956304326248398,0.8306541607348864,0.0,1.0,0.19111111111111112,nan,nan,0.5513053834438324,0.5513053834438324,0.4044188931584358,nan,nan,nan,nan,nan,nan,nan,nan,nan,nan,nan,nan,nan,nan,nan,nan,nan,nan,nan,nan,nan,nan,nan,nan,nan,nan,nan,nan,nan,nan,nan,nan,nan,nan,nan,nan,nan,nan,nan,nan,nan,nan,nan,nan,nan,nan,nan,nan,nan,nan,nan,nan,nan
979,114234,0.1060439098388717,-31.363410124778746,0.3111111111111111,2,250,0.276,0.096,0.004,0.492,0.0,0.376,0.544,0.08,123.0,0.576,0.03066666666666667,126.03247737884462,0.0024332352505049048,0.5474779313636035,0.7576966639497145,0.104,0.46875,0.19111111111111112,0.26666666666666666,0.3111111111111111,0.5512339025735855,0.5512339025735855,0.3585871458053589,nan,nan,nan,nan,nan,nan,nan,nan,nan,nan,nan,nan,nan,nan,nan,nan,nan,nan,nan,nan,nan,nan,nan,nan,nan,nan,nan,nan,nan,nan,nan,nan,nan,nan,nan,nan,nan,nan,nan,nan,nan,nan,nan,nan,nan,nan,nan,nan,nan,nan,nan,nan,nan
980,114385,0.10421954385523043,-13.377957608699798,0.1688888888888889,0,151,0.24503311258278146,0.18543046357615894,0.1986754966887417,0.19205298013245034,0.0,0.6291390728476821,0.3576158940397351,0.013245033112582781,36.0,0.4768211920529801,0.02349206349206349,120.20912008285495,0.0013679864250823897,0.3077969456435377,0.8577030449687228,0.006622516556291391,0.4444444444444444,0.13333333333333333,0.16444444444444445,0.1688888888888889,0.5818464905023575,0.5818464905023575,0.3696378916501999,-17.977709426736826,0.2777777777777778,-0.1,124.0,0.1,0.9,0.570979746086007,0.20139963129568525,0.010427765873826714,0.08862066570981217,0.014116542964998513,0.7828071432555189,0.21719285674448102,0.0,37.0,0.22884630207007356,0.06368335114253063,89.48770882606489,0.0031708582090336406,0.7134430970325691,0.9095906184242752,0.0,0.6751088963159901,0.17822222222222223,0.257037037037037,0.25555555555555554,-36.314636518907555,0.20622222222222222,0.0,106.1,0.1,0.9,0.5505225107976288,0.06885743052187066,0.0223152833200897,0.25867230459336865,0.02220855953292633,0.6416952246395893,0.34910477536041074,0.0092,45.5,0.28231238499318345,0.059343408394724184,70.719395418167,0.003027617603979815,0.6812139608954584,0.8264697094583561,0.017599999999999998,0.8280230880230881,0.1538888888888889,0.22111111111111115,0.2511111111111111,0.5439407407407407
981,114533,0.10243579020059007,-1.3931508357524867,0.37333333333333335,0,148,0.5608108108108109,0.25,0.02702702702702703,0.033783783783783786,0.006756756756756757,0.8378378378378378,0.14189189189189189,0.02027027027027027,22.0,0.22297297297297297,0.06206119162640902,113.81096034049962,0.0032412422123954247,0.7292794977889705,0.9419506551471689,0.006756756756756757,0.5789473684210527,0.19111111111111112,0.28888888888888886,nan,0.6030542105436325,0.6030542105436325,0.44502759724855423,nan,nan,nan,nan,nan,nan,nan,nan,nan,nan,nan,nan,nan,nan,nan,nan,nan,nan,nan,nan,nan,nan,nan,nan,nan,nan,nan,nan,nan,nan,nan,nan,nan,nan,nan,nan,nan,nan,nan,nan,nan,nan,nan,nan,nan,nan,nan,nan,nan,nan,nan,nan,nan
982,114617,0.10142530944448169,-1.5340671920776363,0.28444444444444444,0,84,0.75,0.011904761904761904,0.11904761904761904,0.011904761904761904,0.011904761904761904,0.8809523809523809,0.10714285714285714,0.011904761904761904,8.0,0.03571428571428571,0.08185185185185184,70.04825897216789,0.003997244244303799,0.8993799549683547,0.9609908866361769,0.0,1.0,0.16,nan,nan,0.5399791151285172,0.5399791151285172,0.3274232894182205,nan,nan,nan,nan,nan,nan,nan,nan,nan,nan,nan,nan,nan,nan,nan,nan,nan,nan,nan,nan,nan,nan,nan,nan,nan,nan,nan,nan,nan,nan,nan,nan,nan,nan,nan,nan,nan,nan,nan,nan,nan,nan,nan,nan,nan,nan,nan,nan,nan,nan,nan,nan,nan
983,114695,0.1004882491925802,-1.1314129433631896,0.2577777777777778,0,78,0.7307692307692307,0.1282051282051282,0.0,0.02564102564102564,0.02564102564102564,0.8589743589743589,0.1282051282051282,0.01282051282051282,5.0,0.0,0.07962962962962963,64.27059946060177,0.003941667503640262,0.8868751883190589,0.9455487578392608,0.0,1.0,0.17777777777777778,nan,nan,0.5568044483661652,0.5568044483661652,0.4196808636188507,nan,nan,nan,nan,nan,nan,nan,nan,nan,nan,nan,nan,nan,nan,nan,nan,nan,nan,nan,nan,nan,nan,nan,nan,nan,nan,nan,nan,nan,nan,nan,nan,nan,nan,nan,nan,nan,nan,nan,nan,nan,nan,nan,nan,nan,nan,nan,nan,nan,nan,nan,nan,nan
984,114795,0.09928863941009597,-0.8717139008045193,0.32,0,100,0.71,0.06,0.05,0.01,0.02,0.82,0.16,0.02,6.0,0.01,0.0788888888888889,77.58775143623343,0.0040670795288467575,0.9150928939905203,0.9633858954908926,0.0,1.0,0.1511111111111111,0.32,nan,0.696843683719635,0.696843683719635,0.45450130105018616,nan,nan,nan,nan,nan,nan,nan,nan,nan,nan,nan,nan,nan,nan,nan,nan,nan,nan,nan,nan,nan,nan,nan,nan,nan,nan,nan,nan,nan,nan,nan,nan,nan,nan,nan,nan,nan,nan,nan,nan,nan,nan,nan,nan,nan,nan,nan,nan,nan,nan,nan,nan,nan
985,114934,0.09762444273204424,-1.5882936453819272,0.3688888888888889,0,139,0.5899280575539568,0.2302158273381295,0.02877697841726619,0.02877697841726619,0.007194244604316547,0.8489208633093526,0.12949640287769784,0.02158273381294964,23.0,0.2158273381294964,0.06423280423280424,110.65993947982771,0.0032933728877637724,0.7410088997468487,0.9583317831198648,0.007194244604316547,0.5294117647058824,0.2,0.3333333333333333,nan,0.6448043137788773,0.6448043137788773,0.4070049449801445,nan,nan,nan,nan,nan,nan,nan,nan,nan,nan,nan,nan,nan,nan,nan,nan,nan,nan,nan,nan,nan,nan,nan,nan,nan,nan,nan,nan,nan,nan,nan,nan,nan,nan,nan,nan,nan,nan,nan,nan,nan,nan,nan,nan,nan,nan,nan,nan,nan,nan,nan,nan,nan
986,115116,0.09545114723753975,-15.616663411140442,0.27555555555555555,0,182,0.33516483516483514,0.07692307692307693,0.005494505494505495,0.45604395604395603,0.005494505494505495,0.4175824175824176,0.38461538461538464,0.1978021978021978,54.0,0.5274725274725275,0.039603174603174605,110.37774677276586,0.0024562116824983415,0.5526476285621268,0.831695049088963,0.12087912087912088,0.4782608695652174,0.18222222222222223,0.24888888888888888,0.2577777777777778,0.5274632796645164,0.5274632796645164,0.42921851575374603,nan,nan,nan,nan,nan,nan,nan,nan,nan,nan,nan,nan,nan,nan,nan,nan,nan,nan,nan,nan,nan,nan,nan,nan,nan,nan,nan,nan,nan,nan,nan,nan,nan,nan,nan,nan,nan,nan,nan,nan,nan,nan,nan,nan,nan,nan,nan,nan,nan,nan,nan,nan,nan
987,115302,0.09323677996887403,-1.7451105208396933,0.4666666666666667,0,186,0.5591397849462365,0.27956989247311825,0.021505376344086023,0.016129032258064516,0.0,0.8602150537634409,0.11290322580645161,0.026881720430107527,30.0,0.25806451612903225,0.05848484848484849,150.84867162704478,0.0030641451279399476,0.6894326537864881,0.949136972307686,0.005376344086021506,0.5652173913043478,0.20444444444444446,0.36444444444444446,0.43555555555555553,0.5512214377522469,0.5512214377522469,0.38613181561231613,nan,nan,nan,nan,nan,nan,nan,nan,nan,nan,nan,nan,nan,nan,nan,nan,nan,nan,nan,nan,nan,nan,nan,nan,nan,nan,nan,nan,nan,nan,nan,nan,nan,nan,nan,nan,nan,nan,nan,nan,nan,nan,nan,nan,nan,nan,nan,nan,nan,nan,nan,nan,nan
988,115380,0.09231018414193719,-0.4652856497764578,0.27111111111111114,0,78,0.7692307692307693,0.10256410256410256,0.0,0.0,0.02564102564102564,0.8717948717948718,0.11538461538461539,0.01282051282051282,6.0,0.01282051282051282,0.09111111111111117,61.021768093109046,0.00437002523853091,0.9832556786694545,0.9467299356755285,0.0,1.0,0.2,nan,nan,0.5389756411314011,0.5389756411314011,0.442943312227726,nan,nan,nan,nan,nan,nan,nan,nan,nan,nan,nan,nan,nan,nan,nan,nan,nan,nan,nan,nan,nan,nan,nan,nan,nan,nan,nan,nan,nan,nan,nan,nan,nan,nan,nan,nan,nan,nan,nan,nan,nan,nan,nan,nan,nan,nan,nan,nan,nan,nan,nan,nan,nan
989,115514,0.09072110811002207,-4.5736369357109075,0.29333333333333333,-1,134,0.48507462686567165,0.12686567164179105,0.014925373134328358,0.21641791044776118,0.014925373134328358,0.6268656716417911,0.3582089552238806,0.014925373134328358,31.0,0.21641791044776118,0.05473251028806584,89.90130414962745,0.003213400424181567,0.7230150954408525,0.9426809426543782,0.0,0.7142857142857143,0.17333333333333334,0.21777777777777776,nan,0.6315041482448578,0.6315041482448578,0.44102568179368973,nan,nan,nan,nan,nan,nan,nan,nan,nan,nan,nan,nan,nan,nan,nan,nan,nan,nan,nan,nan,nan,nan,nan,nan,nan,nan,nan,nan,nan,nan,nan,nan,nan,nan,nan,nan,nan,nan,nan,nan,nan,nan,nan,nan,nan,nan,nan,nan,nan,nan,nan,nan,nan
990,115718,0.08830862485205243,-26.70533431839943,0.27555555555555555,0,204,0.29901960784313725,0.08333333333333333,0.004901960784313725,0.4852941176470588,0.004901960784313725,0.3872549019607843,0.4950980392156863,0.11764705882352941,109.0,0.5245098039215687,0.03790123456790121,110.20318398475604,0.0024601023428561996,0.5535230271426449,0.7788433467235154,0.11274509803921569,0.5769230769230769,0.19111111111111112,0.24444444444444444,0.24444444444444444,0.6594550013542175,0.6594550013542175,0.6016810461878777,nan,nan,nan,nan,nan,nan,nan,nan,nan,nan,nan,nan,nan,nan,nan,nan,nan,nan,nan,nan,nan,nan,nan,nan,nan,nan,nan,nan,nan,nan,nan,nan,nan,nan,nan,nan,nan,nan,nan,nan,nan,nan,nan,nan,nan,nan,nan,nan,nan,nan,nan,nan,nan
991,115866,0.08656344919443629,-6.93005576324463,0.3422222222222222,-1,148,0.5135135135135135,0.033783783783783786,0.006756756756756757,0.30405405405405406,0.006756756756756757,0.5540540540540541,0.42567567567567566,0.02027027027027027,32.0,0.2905405405405405,0.0566183574879227,87.78148345947238,0.0038479388188253343,0.8657862342357002,0.8875715259339398,0.0,0.8095238095238095,0.18222222222222223,0.31555555555555553,nan,0.5920628905296326,0.5920628905296326,0.446007639169693,nan,nan,nan,nan,nan,nan,nan,nan,nan,nan,nan,nan,nan,nan,nan,nan,nan,nan,nan,nan,nan,nan,nan,nan,nan,nan,nan,nan,nan,nan,nan,nan,nan,nan,nan,nan,nan,nan,nan,nan,nan,nan,nan,nan,nan,nan,nan,nan,nan,nan,nan,nan,nan
992,115925,0.08586892085170064,-1.0504919166564943,0.2,0,59,0.7457627118644068,0.05084745762711865,0.03389830508474576,0.01694915254237288,0.05084745762711865,0.8305084745762712,0.15254237288135594,0.01694915254237288,4.0,0.0,0.07835390946502058,44.68087539672848,0.0043767171931880745,0.9847613684673167,0.9479718857394135,0.0,0.6666666666666666,0.17777777777777778,nan,nan,0.5537340342998505,0.5537340342998505,0.43464217334985733,nan,nan,nan,nan,nan,nan,nan,nan,nan,nan,nan,nan,nan,nan,nan,nan,nan,nan,nan,nan,nan,nan,nan,nan,nan,nan,nan,nan,nan,nan,nan,nan,nan,nan,nan,nan,nan,nan,nan,nan,nan,nan,nan,nan,nan,nan,nan,nan,nan,nan,nan,nan,nan
993,116033,0.08459932643969939,-1.7639309434890744,0.30666666666666664,0,108,0.6296296296296297,0.19444444444444445,0.046296296296296294,0.018518518518518517,0.009259259259259259,0.8703703703703703,0.12037037037037036,0.009259259259259259,15.0,0.1574074074074074,0.07177777777777775,90.05648517608633,0.0033559184730704386,0.7550816564408487,0.9641803959990993,0.0,0.75,0.19111111111111112,0.28,nan,0.5837467387318611,0.5837467387318611,0.41523052006959915,nan,nan,nan,nan,nan,nan,nan,nan,nan,nan,nan,nan,nan,nan,nan,nan,nan,nan,nan,nan,nan,nan,nan,nan,nan,nan,nan,nan,nan,nan,nan,nan,nan,nan,nan,nan,nan,nan,nan,nan,nan,nan,nan,nan,nan,nan,nan,nan,nan,nan,nan,nan,nan
994,116146,0.08327336870168839,-13.059828591346742,0.21777777777777776,-2,113,0.4247787610619469,0.04424778761061947,0.008849557522123894,0.40707964601769914,0.02654867256637168,0.4778761061946903,0.504424778761062,0.017699115044247787,42.0,0.39823008849557523,0.0443076923076923,77.58884372711182,0.0027495361843984842,0.6186456414896591,0.8526957030003192,0.0,0.7692307692307693,0.18666666666666668,0.2088888888888889,nan,0.6039987578988075,0.6039987578988075,0.49590034037828445,nan,nan,nan,nan,nan,nan,nan,nan,nan,nan,nan,nan,nan,nan,nan,nan,nan,nan,nan,nan,nan,nan,nan,nan,nan,nan,nan,nan,nan,nan,nan,nan,nan,nan,nan,nan,nan,nan,nan,nan,nan,nan,nan,nan,nan,nan,nan,nan,nan,nan,nan,nan,nan
995,116308,0.08137673804334652,-2.385563769102097,0.37777777777777777,0,162,0.5185185185185185,0.19135802469135801,0.024691358024691357,0.12345679012345678,0.006172839506172839,0.7345679012345679,0.25308641975308643,0.012345679012345678,16.0,0.14814814814814814,0.05677248677248676,110.08155970573398,0.003391424815666806,0.7630705835250313,0.9411427810119501,0.0,0.7391304347826086,0.19111111111111112,0.27555555555555555,0.35555555555555557,0.5036875456571579,0.5036875456571579,0.35608694702386856,nan,nan,nan,nan,nan,nan,nan,nan,nan,nan,nan,nan,nan,nan,nan,nan,nan,nan,nan,nan,nan,nan,nan,nan,nan,nan,nan,nan,nan,nan,nan,nan,nan,nan,nan,nan,nan,nan,nan,nan,nan,nan,nan,nan,nan,nan,nan,nan,nan,nan,nan,nan,nan
996,116425,0.08001009476963268,-3.134622913837433,0.2577777777777778,0,117,0.48717948717948717,0.358974358974359,0.03418803418803419,0.008547008547008548,0.008547008547008548,0.8803418803418803,0.10256410256410256,0.017094017094017096,32.0,0.3247863247863248,0.05275816993464052,100.35831346511833,0.0025242884678545814,0.5679649052672808,0.9196224692431648,0.0,0.6153846153846154,0.19555555555555557,0.23555555555555555,nan,0.6128575950860977,0.6128575950860977,0.5160622373223305,nan,nan,nan,nan,nan,nan,nan,nan,nan,nan,nan,nan,nan,nan,nan,nan,nan,nan,nan,nan,nan,nan,nan,nan,nan,nan,nan,nan,nan,nan,nan,nan,nan,nan,nan,nan,nan,nan,nan,nan,nan,nan,nan,nan,nan,nan,nan,nan,nan,nan,nan,nan,nan
997,116483,0.07933359019248748,-1.1701103842258453,0.2222222222222222,-1,58,0.8448275862068966,0.0,0.017241379310344827,0.05172413793103448,0.05172413793103448,0.8620689655172413,0.10344827586206896,0.034482758620689655,3.0,0.0,0.09777777777777776,48.87724175453184,0.004455606944260223,1.00251156245855,0.9469719997709684,0.0,1.0,0.18666666666666668,nan,nan,0.5794632136821747,0.5794632136821747,0.41067229211330414,nan,nan,nan,nan,nan,nan,nan,nan,nan,nan,nan,nan,nan,nan,nan,nan,nan,nan,nan,nan,nan,nan,nan,nan,nan,nan,nan,nan,nan,nan,nan,nan,nan,nan,nan,nan,nan,nan,nan,nan,nan,nan,nan,nan,nan,nan,nan,nan,nan,nan,nan,nan,nan
998,116546,0.07859949906901068,-2.5842342183589935,0.16,0,63,0.5555555555555556,0.23809523809523808,0.0,0.031746031746031744,0.031746031746031744,0.7936507936507936,0.1746031746031746,0.031746031746031744,17.0,0.19047619047619047,0.05595441595441595,54.48794493675229,0.0028548618549684526,0.6423439173679019,0.9886421754027963,0.0,0.8181818181818182,0.14666666666666667,nan,nan,0.5583973750472069,0.5583973750472069,0.47819601744413376,nan,nan,nan,nan,nan,nan,nan,nan,nan,nan,nan,nan,nan,nan,nan,nan,nan,nan,nan,nan,nan,nan,nan,nan,nan,nan,nan,nan,nan,nan,nan,nan,nan,nan,nan,nan,nan,nan,nan,nan,nan,nan,nan,nan,nan,nan,nan,nan,nan,nan,nan,nan,nan
999,116768,0.07601877538941365,-26.43371499681473,0.36444444444444446,0,222,0.36486486486486486,0.11261261261261261,0.009009009009009009,0.4144144144144144,0.0,0.4864864864864865,0.26126126126126126,0.25225225225225223,110.0,0.49099099099099097,0.04000000000000001,140.06395235061615,0.002570254472748472,0.5783072563684062,0.8237612989020819,0.15315315315315314,0.5454545454545454,0.19555555555555557,0.32,0.36444444444444446,0.5165560692548752,0.5165560692548752,0.4038229435682297,nan,nan,nan,nan,nan,nan,nan,nan,nan,nan,nan,nan,nan,nan,nan,nan,nan,nan,nan,nan,nan,nan,nan,nan,nan,nan,nan,nan,nan,nan,nan,nan,nan,nan,nan,nan,nan,nan,nan,nan,nan,nan,nan,nan,nan,nan,nan,nan,nan,nan,nan,nan,nan
1000,116829,0.07531131240623858,-0.9383448939323425,0.2311111111111111,0,61,0.8360655737704918,0.0,0.06557377049180328,0.0,0.03278688524590164,0.9016393442622951,0.08196721311475409,0.01639344262295082,5.0,0.0,0.0944107744107744,50.21280851364133,0.004514120467989519,1.0156771052976417,0.9146253865277245,0.0,1.0,0.18666666666666668,nan,nan,0.5932173281908035,0.5932173281908035,0.47113846242427826,-1.2094159039020536,0.2897777777777778,-0.3,95.8,0.0,1.0,0.7064305286325915,0.18111907226356946,0.027308505493348928,0.0,0.025345536506219575,0.9148581063895099,0.08514189361049014,0.0,17.2,0.13815068172562867,0.07865263532763533,79.58681813240041,0.0037301431707673824,0.8392822134226611,0.9206615258107484,0.0,0.8113275613275611,0.19654320987654322,0.3288888888888889,nan,-2.245550458431244,0.264,-0.5,97.4,0.0,1.0,0.6240975644519295,0.22940398128932743,0.05450567659237341,0.0,0.015946020385251482,0.9080072223336305,0.09199277766636958,0.0,26.3,0.22896296380476394,0.06651511944845279,82.42048055648795,0.0032853125839507244,0.739195331388913,0.8702276808725797,0.0,0.6907417582417583,0.17135802469135805,0.26311111111111113,nan,0.44419753086419755
1001,116963,0.07375971381036094,-2.5575981686115274,0.24888888888888888,0,134,0.41044776119402987,0.41044776119402987,0.03731343283582089,0.029850746268656716,0.0,0.8582089552238806,0.11940298507462686,0.022388059701492536,24.0,0.39552238805970147,0.04074074074074074,100.22474446296671,0.002438963010125381,0.5487666772782108,0.9321388524398938,0.0,0.4,0.11555555555555555,0.2311111111111111,nan,0.6009489446878433,0.6009489446878433,0.5876902341842651,nan,nan,nan,nan,nan,nan,nan,nan,nan,nan,nan,nan,nan,nan,nan,nan,nan,nan,nan,nan,nan,nan,nan,nan,nan,nan,nan,nan,nan,nan,nan,nan,nan,nan,nan,nan,nan,nan,nan,nan,nan,nan,nan,nan,nan,nan,nan,nan,nan,nan,nan,nan,nan
1002,117125,0.07188848237688791,-29.61723263549804,0.29333333333333333,0,162,0.4012345679012346,0.07407407407407407,0.006172839506172839,0.4382716049382716,0.006172839506172839,0.48148148148148145,0.5123456790123457,0.006172839506172839,82.0,0.48148148148148145,0.04126984126984127,120.00221557617148,0.0024073629599406566,0.5416566659866476,0.7543886564751819,0.0,0.6666666666666666,0.2,0.29333333333333333,0.29333333333333333,0.5994178652763367,0.5994178652763367,0.5226702243089676,nan,nan,nan,nan,nan,nan,nan,nan,nan,nan,nan,nan,nan,nan,nan,nan,nan,nan,nan,nan,nan,nan,nan,nan,nan,nan,nan,nan,nan,nan,nan,nan,nan,nan,nan,nan,nan,nan,nan,nan,nan,nan,nan,nan,nan,nan,nan,nan,nan,nan,nan,nan,nan
1003,117192,0.0711160418264477,-1.317346214532852,0.25333333333333335,-1,67,0.835820895522388,0.014925373134328358,0.014925373134328358,0.014925373134328358,0.029850746268656716,0.8656716417910447,0.11940298507462686,0.014925373134328358,2.0,0.0,0.09342047930283226,60.00329728126526,0.0041479202004887005,0.9332820451099576,0.9912569188413894,0.0,0.875,0.18666666666666668,nan,nan,0.6744012236595154,0.6744012236595154,0.5785003677010536,nan,nan,nan,nan,nan,nan,nan,nan,nan,nan,nan,nan,nan,nan,nan,nan,nan,nan,nan,nan,nan,nan,nan,nan,nan,nan,nan,nan,nan,nan,nan,nan,nan,nan,nan,nan,nan,nan,nan,nan,nan,nan,nan,nan,nan,nan,nan,nan,nan,nan,nan,nan,nan
1004,117286,0.07003376119430063,-0.48819979763030885,0.30666666666666664,0,94,0.723404255319149,0.11702127659574468,0.010638297872340425,0.0,0.031914893617021274,0.851063829787234,0.14893617021276595,0.0,10.0,0.05319148936170213,0.07766081871345028,72.13523616790762,0.004189661506323291,0.9426738389227406,1.0,0.0,0.7857142857142857,0.18666666666666668,nan,nan,0.6182633340358734,0.6182633340358734,0.4188263490796089,nan,nan,nan,nan,nan,nan,nan,nan,nan,nan,nan,nan,nan,nan,nan,nan,nan,nan,nan,nan,nan,nan,nan,nan,nan,nan,nan,nan,nan,nan,nan,nan,nan,nan,nan,nan,nan,nan,nan,nan,nan,nan,nan,nan,nan,nan,nan,nan,nan,nan,nan,nan,nan
1005,117408,0.06863160690115536,-1.3392295644283296,0.38222222222222224,-1,122,0.6967213114754098,0.09836065573770492,0.09836065573770492,0.0,0.01639344262295082,0.8934426229508197,0.09016393442622951,0.01639344262295082,9.0,0.06557377049180328,0.077010101010101,99.30694823265064,0.0038041424542897204,0.855932052215187,0.8770343153565782,0.0,0.9230769230769231,0.16444444444444445,0.3288888888888889,nan,0.6056858599185944,0.6056858599185944,0.3895971551537514,nan,nan,nan,nan,nan,nan,nan,nan,nan,nan,nan,nan,nan,nan,nan,nan,nan,nan,nan,nan,nan,nan,nan,nan,nan,nan,nan,nan,nan,nan,nan,nan,nan,nan,nan,nan,nan,nan,nan,nan,nan,nan,nan,nan,nan,nan,nan,nan,nan,nan,nan,nan,nan
1006,117593,0.06651078525433188,-3.2752185151577,0.4311111111111111,0,185,0.518918918918919,0.2594594594594595,0.021621621621621623,0.0918918918918919,0.0,0.8,0.1945945945945946,0.005405405405405406,22.0,0.23243243243243245,0.05500000000000001,140.19255728721615,0.003043433081775829,0.6847724433995614,0.9388428315583399,0.005405405405405406,0.6,0.18222222222222223,0.26666666666666666,0.3511111111111111,0.573371410369873,0.573371410369873,0.4749746099114418,nan,nan,nan,nan,nan,nan,nan,nan,nan,nan,nan,nan,nan,nan,nan,nan,nan,nan,nan,nan,nan,nan,nan,nan,nan,nan,nan,nan,nan,nan,nan,nan,nan,nan,nan,nan,nan,nan,nan,nan,nan,nan,nan,nan,nan,nan,nan,nan,nan,nan,nan,nan,nan
1007,117681,0.06550424068981937,-5.553060178279882,0.21777777777777776,0,88,0.5454545454545454,0.07954545454545454,0.25,0.022727272727272728,0.011363636363636364,0.875,0.07954545454545454,0.045454545454545456,18.0,0.17045454545454544,0.06256410256410255,80.33390645980826,0.0026555827138826592,0.5975061106235984,0.8329722625503663,0.0,0.6666666666666666,0.11555555555555555,nan,nan,0.5999208837747574,0.5999208837747574,0.4844055324792862,nan,nan,nan,nan,nan,nan,nan,nan,nan,nan,nan,nan,nan,nan,nan,nan,nan,nan,nan,nan,nan,nan,nan,nan,nan,nan,nan,nan,nan,nan,nan,nan,nan,nan,nan,nan,nan,nan,nan,nan,nan,nan,nan,nan,nan,nan,nan,nan,nan,nan,nan,nan,nan
1008,117789,0.06427094062847907,-3.521678580284118,0.30666666666666664,0,108,0.6296296296296297,0.10185185185185185,0.17592592592592593,0.018518518518518517,0.018518518518518517,0.9074074074074074,0.08333333333333333,0.009259259259259259,15.0,0.16666666666666666,0.06799999999999999,90.60646266937243,0.003335548186281661,0.7504983419133736,0.8721325234735718,0.0,0.875,0.14666666666666667,0.28888888888888886,nan,0.5256214290857315,0.5256214290857315,0.37044191360473633,nan,nan,nan,nan,nan,nan,nan,nan,nan,nan,nan,nan,nan,nan,nan,nan,nan,nan,nan,nan,nan,nan,nan,nan,nan,nan,nan,nan,nan,nan,nan,nan,nan,nan,nan,nan,nan,nan,nan,nan,nan,nan,nan,nan,nan,nan,nan,nan,nan,nan,nan,nan,nan
1009,117866,0.06339299084788652,-1.2590754704475395,0.23555555555555555,0,77,0.6753246753246753,0.16883116883116883,0.05194805194805195,0.012987012987012988,0.025974025974025976,0.8961038961038961,0.09090909090909091,0.012987012987012988,15.0,0.12987012987012986,0.057777777777777775,60.3054806709289,0.0038323400881625246,0.8622765198365682,0.9508415364805398,0.0,0.8571428571428571,0.18666666666666668,nan,nan,0.5937714129686356,0.5937714129686356,0.4355098828673363,nan,nan,nan,nan,nan,nan,nan,nan,nan,nan,nan,nan,nan,nan,nan,nan,nan,nan,nan,nan,nan,nan,nan,nan,nan,nan,nan,nan,nan,nan,nan,nan,nan,nan,nan,nan,nan,nan,nan,nan,nan,nan,nan,nan,nan,nan,nan,nan,nan,nan,nan,nan,nan
1010,117949,0.062447884199021635,-0.6752703826427455,0.28888888888888886,0,83,0.7710843373493976,0.12048192771084337,0.012048192771084338,0.0,0.012048192771084338,0.9036144578313253,0.0963855421686747,0.0,7.0,0.024096385542168676,0.0734722222222222,70.45019412040705,0.004037525346747774,0.9084432030182491,0.9853549042213997,0.0,1.0,0.18222222222222223,nan,nan,0.5321998670697212,0.5321998670697212,0.3986257389187813,nan,nan,nan,nan,nan,nan,nan,nan,nan,nan,nan,nan,nan,nan,nan,nan,nan,nan,nan,nan,nan,nan,nan,nan,nan,nan,nan,nan,nan,nan,nan,nan,nan,nan,nan,nan,nan,nan,nan,nan,nan,nan,nan,nan,nan,nan,nan,nan,nan,nan,nan,nan,nan
1011,118031,0.06151544151585228,-1.8179201750755307,0.27555555555555555,0,82,0.7439024390243902,0.036585365853658534,0.12195121951219512,0.012195121951219513,0.012195121951219513,0.9024390243902439,0.08536585365853659,0.012195121951219513,8.0,0.036585365853658534,0.0734920634920635,70.8659064292907,0.0038256917151214755,0.8607806359023319,0.9097871346909894,0.0,0.8571428571428571,0.1688888888888889,nan,nan,0.6727211475372314,0.6727211475372314,0.46155380457639694,nan,nan,nan,nan,nan,nan,nan,nan,nan,nan,nan,nan,nan,nan,nan,nan,nan,nan,nan,nan,nan,nan,nan,nan,nan,nan,nan,nan,nan,nan,nan,nan,nan,nan,nan,nan,nan,nan,nan,nan,nan,nan,nan,nan,nan,nan,nan,nan,nan,nan,nan,nan,nan
1012,118215,0.05942774437757062,-1.1232095499038688,0.4488888888888889,0,184,0.5434782608695652,0.2826086956521739,0.016304347826086956,0.010869565217391304,0.005434782608695652,0.842391304347826,0.14130434782608695,0.016304347826086956,24.0,0.25,0.05950617283950617,140.08770999908435,0.0031726155309937574,0.7138384944735954,0.9710508810186818,0.0,0.4444444444444444,0.19555555555555557,0.36,0.4177777777777778,0.625656932592392,0.625656932592392,0.4439787343144417,nan,nan,nan,nan,nan,nan,nan,nan,nan,nan,nan,nan,nan,nan,nan,nan,nan,nan,nan,nan,nan,nan,nan,nan,nan,nan,nan,nan,nan,nan,nan,nan,nan,nan,nan,nan,nan,nan,nan,nan,nan,nan,nan,nan,nan,nan,nan,nan,nan,nan,nan,nan,nan
1013,118303,0.05843153332287281,-1.2752077686786651,0.28444444444444444,0,88,0.7159090909090909,0.045454545454545456,0.03409090909090909,0.056818181818181816,0.011363636363636364,0.7954545454545454,0.20454545454545456,0.0,10.0,0.056818181818181816,0.0782051282051282,70.49721684455862,0.003971788001466501,0.8936523003299626,0.9699246721719149,0.0,0.8461538461538461,0.19111111111111112,nan,nan,0.5429224446415901,0.5429224446415901,0.4098970368504524,nan,nan,nan,nan,nan,nan,nan,nan,nan,nan,nan,nan,nan,nan,nan,nan,nan,nan,nan,nan,nan,nan,nan,nan,nan,nan,nan,nan,nan,nan,nan,nan,nan,nan,nan,nan,nan,nan,nan,nan,nan,nan,nan,nan,nan,nan,nan,nan,nan,nan,nan,nan,nan
1014,118352,0.05787745586115091,-1.127146490573883,0.19111111111111112,0,49,0.8571428571428571,0.0,0.061224489795918366,0.0,0.04081632653061224,0.9183673469387755,0.08163265306122448,0.0,2.0,0.0,0.0952777777777778,40.69663324356077,0.004586784011087749,1.0320264024947434,0.9579342332053608,0.0,1.0,nan,nan,nan,0.6292206346988678,0.6292206346988678,0.5839137732982635,nan,nan,nan,nan,nan,nan,nan,nan,nan,nan,nan,nan,nan,nan,nan,nan,nan,nan,nan,nan,nan,nan,nan,nan,nan,nan,nan,nan,nan,nan,nan,nan,nan,nan,nan,nan,nan,nan,nan,nan,nan,nan,nan,nan,nan,nan,nan,nan,nan,nan,nan,nan,nan
1015,118536,0.055800862686941566,-0.4282811880111681,0.52,0,184,0.6304347826086957,0.17391304347826086,0.04891304347826087,0.010869565217391304,0.005434782608695652,0.8532608695652174,0.1358695652173913,0.010869565217391304,11.0,0.10326086956521739,0.06444444444444444,140.13601131439196,0.0036789655329843686,0.8277672449214829,0.9378968857637879,0.0,0.68,0.1288888888888889,0.32,0.4622222222222222,0.5934621095657349,0.5934621095657349,0.770651787519455,nan,nan,nan,nan,nan,nan,nan,nan,nan,nan,nan,nan,nan,nan,nan,nan,nan,nan,nan,nan,nan,nan,nan,nan,nan,nan,nan,nan,nan,nan,nan,nan,nan,nan,nan,nan,nan,nan,nan,nan,nan,nan,nan,nan,nan,nan,nan,nan,nan,nan,nan,nan,nan
1016,118679,0.05419137105787682,-3.188458314418793,0.3111111111111111,-1,143,0.4825174825174825,0.23776223776223776,0.006993006993006993,0.09090909090909091,0.013986013986013986,0.7272727272727273,0.25874125874125875,0.013986013986013986,18.0,0.18181818181818182,0.051975308641975304,106.14722204208354,0.0028890691698468043,0.6500405632155309,0.9938553870178998,0.0,0.5769230769230769,0.18222222222222223,0.26222222222222225,nan,0.5748223960399628,0.5748223960399628,0.5863593146204948,nan,nan,nan,nan,nan,nan,nan,nan,nan,nan,nan,nan,nan,nan,nan,nan,nan,nan,nan,nan,nan,nan,nan,nan,nan,nan,nan,nan,nan,nan,nan,nan,nan,nan,nan,nan,nan,nan,nan,nan,nan,nan,nan,nan,nan,nan,nan,nan,nan,nan,nan,nan,nan
1017,118811,0.05270908199589378,-3.1053529450893405,0.3377777777777778,0,132,0.5681818181818182,0.14393939393939395,0.0,0.14393939393939395,0.015151515151515152,0.7121212121212122,0.2878787878787879,0.0,12.0,0.12121212121212122,0.05746031746031748,102.17478995323162,0.0032623833480441675,0.7340362533099376,0.9654005691775098,0.0,0.7894736842105263,0.15555555555555556,0.3022222222222222,nan,0.5702114254236221,0.5702114254236221,0.4373813420534134,nan,nan,nan,nan,nan,nan,nan,nan,nan,nan,nan,nan,nan,nan,nan,nan,nan,nan,nan,nan,nan,nan,nan,nan,nan,nan,nan,nan,nan,nan,nan,nan,nan,nan,nan,nan,nan,nan,nan,nan,nan,nan,nan,nan,nan,nan,nan,nan,nan,nan,nan,nan,nan
1018,118891,0.05181230909084512,-5.730234201908115,0.18222222222222223,0,80,0.5,0.0625,0.3375,0.0125,0.025,0.9,0.0625,0.0375,19.0,0.25,0.044444444444444446,70.71651620864859,0.0025139498848224607,0.5656387240850537,0.8420164213035963,0.0,0.8571428571428571,0.10222222222222223,nan,nan,0.5204527899622917,0.5204527899622917,0.39527280628681183,nan,nan,nan,nan,nan,nan,nan,nan,nan,nan,nan,nan,nan,nan,nan,nan,nan,nan,nan,nan,nan,nan,nan,nan,nan,nan,nan,nan,nan,nan,nan,nan,nan,nan,nan,nan,nan,nan,nan,nan,nan,nan,nan,nan,nan,nan,nan,nan,nan,nan,nan,nan,nan
1019,118970,0.05092791765148356,-2.9627551419734948,0.2311111111111111,-1,79,0.6455696202531646,0.11392405063291139,0.16455696202531644,0.0,0.02531645569620253,0.9240506329113924,0.0759493670886076,0.0,10.0,0.11392405063291139,0.07999999999999996,68.7500489711761,0.003296967348513426,0.7418176534155209,0.8644122775969718,0.0,0.8333333333333334,0.1511111111111111,nan,nan,0.5330867767333984,0.5330867767333984,0.4257725328207016,nan,nan,nan,nan,nan,nan,nan,nan,nan,nan,nan,nan,nan,nan,nan,nan,nan,nan,nan,nan,nan,nan,nan,nan,nan,nan,nan,nan,nan,nan,nan,nan,nan,nan,nan,nan,nan,nan,nan,nan,nan,nan,nan,nan,nan,nan,nan,nan,nan,nan,nan,nan,nan
1020,119132,0.05088200721468979,-3.144436454296113,0.29777777777777775,0,162,0.4074074074074074,0.36419753086419754,0.037037037037037035,0.024691358024691357,0.0,0.808641975308642,0.19135802469135801,0.0,28.0,0.3395061728395062,0.04671957671957671,120.0232043266293,0.002443971855101123,0.5498936673977527,0.9526556565242587,0.0,0.4074074074074074,0.16444444444444445,0.2577777777777778,0.26666666666666666,0.5863827764987946,0.5863827764987946,0.47433632612228394,-48.7765190645933,0.29333333333333333,0.1,163.5,0.2,0.8,0.45749472519493084,0.20411092709929995,0.011134794455795946,0.21467465687038176,0.008312535155955054,0.6727404467500268,0.3143040876629286,0.012955465587044534,68.9,0.37283168114379067,0.049971249110430396,106.96208632945995,0.002763269143991063,0.621735557397989,0.8375097400503545,0.010931174089068827,0.6507273367439608,0.1746666666666667,0.2633333333333333,0.2733333333333333,-28.68798683857917,0.21022222222222223,-0.3,105.3,0.1,0.9,0.5464861869697165,0.09686836584679985,0.02265508135899643,0.20877759250558406,0.02629728734040195,0.6660096341755127,0.31801490570178786,0.015975460122699386,43.9,0.257299432186174,0.057567019400352734,68.91130322456345,0.003097630704458326,0.6969669085031233,0.8674677647912874,0.026669938650306747,0.7556197478991596,0.16444444444444442,0.21,0.23777777777777778,0.5707666666666666
1021,119253,0.05223067925480657,-1.9685675053596492,0.3111111111111111,0,121,0.5702479338842975,0.24793388429752067,0.0,0.04132231404958678,0.01652892561983471,0.8181818181818182,0.18181818181818182,0.0,38.0,0.2727272727272727,0.06217989417989418,97.69111909866317,0.0031391458046145285,0.7063078060382688,0.9542843722096204,0.0,0.5882352941176471,0.19111111111111112,0.28888888888888886,nan,0.5932496339082718,0.5932496339082718,0.4734693169593811,nan,nan,nan,nan,nan,nan,nan,nan,nan,nan,nan,nan,nan,nan,nan,nan,nan,nan,nan,nan,nan,nan,nan,nan,nan,nan,nan,nan,nan,nan,nan,nan,nan,nan,nan,nan,nan,nan,nan,nan,nan,nan,nan,nan,nan,nan,nan,nan,nan,nan,nan,nan,nan
1022,119390,0.053754405816692136,-22.261743366956715,0.18666666666666668,0,137,0.29927007299270075,0.072992700729927,0.0,0.5182481751824818,0.0072992700729927005,0.3722627737226277,0.6204379562043796,0.0072992700729927005,66.0,0.5255474452554745,0.031172839506172844,80.99755587577825,0.002249724948511866,0.5061881134151699,0.7944369390886196,0.0072992700729927005,0.6666666666666666,0.16444444444444445,0.18222222222222223,nan,0.6172728687524796,0.6172728687524796,0.5340321809053421,nan,nan,nan,nan,nan,nan,nan,nan,nan,nan,nan,nan,nan,nan,nan,nan,nan,nan,nan,nan,nan,nan,nan,nan,nan,nan,nan,nan,nan,nan,nan,nan,nan,nan,nan,nan,nan,nan,nan,nan,nan,nan,nan,nan,nan,nan,nan,nan,nan,nan,nan,nan,nan
1023,119496,0.05493095924010027,-3.945044828891756,0.25333333333333335,0,106,0.5283018867924528,0.009433962264150943,0.0,0.32075471698113206,0.009433962264150943,0.5377358490566038,0.4528301886792453,0.009433962264150943,12.0,0.12264150943396226,0.0666666666666667,70.70518884658806,0.0035200936868850364,0.7920210795491331,0.935020184287737,0.0,1.0,0.15555555555555556,0.22666666666666666,nan,0.6097142696380615,0.6097142696380615,0.5055226236581802,nan,nan,nan,nan,nan,nan,nan,nan,nan,nan,nan,nan,nan,nan,nan,nan,nan,nan,nan,nan,nan,nan,nan,nan,nan,nan,nan,nan,nan,nan,nan,nan,nan,nan,nan,nan,nan,nan,nan,nan,nan,nan,nan,nan,nan,nan,nan,nan,nan,nan,nan,nan,nan
1024,119587,0.05593935936612836,-0.47607050824165265,0.3288888888888889,-2,91,0.8021978021978022,0.03296703296703297,0.02197802197802198,0.02197802197802198,0.02197802197802198,0.8571428571428571,0.14285714285714285,0.0,6.0,0.01098901098901099,0.08923611111111111,73.38162388801564,0.0044213309443732725,0.9947994624839862,0.9740650432564835,0.0,0.7272727272727273,0.2,nan,nan,0.5675478354096413,0.5675478354096413,0.38867973163723946,nan,nan,nan,nan,nan,nan,nan,nan,nan,nan,nan,nan,nan,nan,nan,nan,nan,nan,nan,nan,nan,nan,nan,nan,nan,nan,nan,nan,nan,nan,nan,nan,nan,nan,nan,nan,nan,nan,nan,nan,nan,nan,nan,nan,nan,nan,nan,nan,nan,nan,nan,nan,nan
1025,119687,0.05704572506313571,-2.108328694820402,0.3244444444444444,-1,100,0.72,0.02,0.11,0.04,0.02,0.85,0.13,0.02,12.0,0.07,0.07999999999999999,81.55551137924185,0.003923707847431252,0.8828342656720316,0.8742267024958735,0.0,1.0,0.14222222222222222,0.3244444444444444,nan,0.5688435733318329,0.5688435733318329,0.42867549508810043,nan,nan,nan,nan,nan,nan,nan,nan,nan,nan,nan,nan,nan,nan,nan,nan,nan,nan,nan,nan,nan,nan,nan,nan,nan,nan,nan,nan,nan,nan,nan,nan,nan,nan,nan,nan,nan,nan,nan,nan,nan,nan,nan,nan,nan,nan,nan,nan,nan,nan,nan,nan,nan
1026,119775,0.058017798716920595,-2.504416444778442,0.27555555555555555,0,88,0.6931818181818182,0.011363636363636364,0.2159090909090909,0.011363636363636364,0.011363636363636364,0.9204545454545454,0.06818181818181818,0.011363636363636364,12.0,0.125,0.07905982905982906,70.20396614074699,0.003861763458884639,0.8688967782490437,0.7694159391109922,0.0,1.0,0.1288888888888889,nan,nan,0.6180601269006729,0.6180601269006729,0.5085694566369057,nan,nan,nan,nan,nan,nan,nan,nan,nan,nan,nan,nan,nan,nan,nan,nan,nan,nan,nan,nan,nan,nan,nan,nan,nan,nan,nan,nan,nan,nan,nan,nan,nan,nan,nan,nan,nan,nan,nan,nan,nan,nan,nan,nan,nan,nan,nan,nan,nan,nan,nan,nan,nan
1027,119869,0.059054571721365606,-2.67040896320343,0.17333333333333334,0,94,0.40425531914893614,0.4148936170212766,0.010638297872340425,0.05319148936170213,0.010638297872340425,0.8297872340425532,0.1595744680851064,0.010638297872340425,32.0,0.4574468085106383,0.042222222222222223,70.63246631622307,0.002391094318195965,0.5379962215940922,0.9330650835495873,0.0,0.36363636363636365,0.1288888888888889,nan,nan,0.5851058214902878,0.5851058214902878,0.46938367933034897,nan,nan,nan,nan,nan,nan,nan,nan,nan,nan,nan,nan,nan,nan,nan,nan,nan,nan,nan,nan,nan,nan,nan,nan,nan,nan,nan,nan,nan,nan,nan,nan,nan,nan,nan,nan,nan,nan,nan,nan,nan,nan,nan,nan,nan,nan,nan,nan,nan,nan,nan,nan,nan
1028,119994,0.06043073681878816,-11.49461475753784,0.29777777777777775,-2,125,0.528,0.008,0.016,0.368,0.024,0.552,0.344,0.104,31.0,0.304,0.058666666666666666,85.99633102416976,0.0034109982349234216,0.7674746028577698,0.7800604873831168,0.2,1.0,0.2,0.28888888888888886,nan,0.5676525384187698,0.5676525384187698,0.37272925674915314,nan,nan,nan,nan,nan,nan,nan,nan,nan,nan,nan,nan,nan,nan,nan,nan,nan,nan,nan,nan,nan,nan,nan,nan,nan,nan,nan,nan,nan,nan,nan,nan,nan,nan,nan,nan,nan,nan,nan,nan,nan,nan,nan,nan,nan,nan,nan,nan,nan,nan,nan,nan,nan
1029,120097,0.06156253588290936,-9.462832754135132,0.1288888888888889,0,103,0.27184466019417475,0.1650485436893204,0.07766990291262135,0.3106796116504854,0.009708737864077669,0.5145631067961165,0.39805825242718446,0.08737864077669903,37.0,0.5339805825242718,0.024888888888888887,91.0460262298583,0.0013668300484665549,0.30753676090497484,0.894247770454407,0.0970873786407767,0.3888888888888889,0.12,0.1288888888888889,nan,0.5518700703978539,0.5518700703978539,0.3783186450600624,nan,nan,nan,nan,nan,nan,nan,nan,nan,nan,nan,nan,nan,nan,nan,nan,nan,nan,nan,nan,nan,nan,nan,nan,nan,nan,nan,nan,nan,nan,nan,nan,nan,nan,nan,nan,nan,nan,nan,nan,nan,nan,nan,nan,nan,nan,nan,nan,nan,nan,nan,nan,nan
1030,120149,0.06213318877739348,-1.0933117127418512,0.20444444444444446,-2,52,0.8653846153846154,0.019230769230769232,0.0,0.0,0.057692307692307696,0.8846153846153846,0.11538461538461539,0.0,1.0,0.0,0.10074074074074076,42.20296869277952,0.004739003112693773,1.066275700356099,0.9352208224596676,0.0,1.0,0.19555555555555557,nan,nan,0.5927849113941193,0.5927849113941193,0.4782171845436096,nan,nan,nan,nan,nan,nan,nan,nan,nan,nan,nan,nan,nan,nan,nan,nan,nan,nan,nan,nan,nan,nan,nan,nan,nan,nan,nan,nan,nan,nan,nan,nan,nan,nan,nan,nan,nan,nan,nan,nan,nan,nan,nan,nan,nan,nan,nan,nan,nan,nan,nan,nan,nan
1031,120399,0.06486978469650664,-35.05892227458953,0.29333333333333333,1,250,0.26,0.048,0.012,0.588,0.0,0.32,0.628,0.052,87.0,0.58,0.028888888888888888,119.79925975799505,0.0024114413517451585,0.5425743041426606,0.7599731891373226,0.028,0.5909090909090909,0.17777777777777778,0.28888888888888886,0.28888888888888886,0.5668701827526093,0.5668701827526093,0.37229661643505096,nan,nan,nan,nan,nan,nan,nan,nan,nan,nan,nan,nan,nan,nan,nan,nan,nan,nan,nan,nan,nan,nan,nan,nan,nan,nan,nan,nan,nan,nan,nan,nan,nan,nan,nan,nan,nan,nan,nan,nan,nan,nan,nan,nan,nan,nan,nan,nan,nan,nan,nan,nan,nan
1032,120552,0.06653893452120609,-59.66673276710512,0.08444444444444445,0,153,0.11764705882352941,0.026143790849673203,0.032679738562091505,0.7712418300653595,0.0196078431372549,0.17647058823529413,0.8104575163398693,0.013071895424836602,131.0,0.8235294117647058,0.0253968253968254,60.27364540100079,0.0013272799325104645,0.29863798481485454,0.5546792591575789,0.013071895424836602,0.25,0.06666666666666667,0.06666666666666667,0.07111111111111111,0.5487525314092636,0.5487525314092636,0.387877494096756,nan,nan,nan,nan,nan,nan,nan,nan,nan,nan,nan,nan,nan,nan,nan,nan,nan,nan,nan,nan,nan,nan,nan,nan,nan,nan,nan,nan,nan,nan,nan,nan,nan,nan,nan,nan,nan,nan,nan,nan,nan,nan,nan,nan,nan,nan,nan,nan,nan,nan,nan,nan,nan
1033,120677,0.06789944353916827,-5.911947121381761,0.2222222222222222,0,125,0.392,0.152,0.016,0.264,0.016,0.56,0.424,0.016,42.0,0.304,0.043555555555555556,80.30425829887399,0.002711908214969858,0.6101793483682181,0.9566803343760373,0.0,0.5,0.16,0.21777777777777776,nan,0.5565986856818199,0.5565986856818199,0.4274725764989853,nan,nan,nan,nan,nan,nan,nan,nan,nan,nan,nan,nan,nan,nan,nan,nan,nan,nan,nan,nan,nan,nan,nan,nan,nan,nan,nan,nan,nan,nan,nan,nan,nan,nan,nan,nan,nan,nan,nan,nan,nan,nan,nan,nan,nan,nan,nan,nan,nan,nan,nan,nan,nan
1034,120874,0.07003782059394527,-43.253337896585464,0.29333333333333333,0,197,0.3299492385786802,0.09644670050761421,0.030456852791878174,0.4263959390862944,0.005076142131979695,0.45685279187817257,0.41116751269035534,0.1319796954314721,82.0,0.4416243654822335,0.03611111111111111,120.86988472938569,0.0023900816116080464,0.5377683626118104,0.7470602122167577,0.24873096446700507,0.6956521739130435,0.14666666666666667,0.27555555555555555,0.29333333333333333,0.5670267939567566,0.5670267939567566,0.5187022164463997,nan,nan,nan,nan,nan,nan,nan,nan,nan,nan,nan,nan,nan,nan,nan,nan,nan,nan,nan,nan,nan,nan,nan,nan,nan,nan,nan,nan,nan,nan,nan,nan,nan,nan,nan,nan,nan,nan,nan,nan,nan,nan,nan,nan,nan,nan,nan,nan,nan,nan,nan,nan,nan
1035,120956,0.07092582352722132,-1.7339072971343992,0.27111111111111114,0,82,0.7317073170731707,0.06097560975609756,0.024390243902439025,0.07317073170731707,0.024390243902439025,0.8170731707317073,0.17073170731707318,0.012195121951219513,6.0,0.012195121951219513,0.06952380952380956,70.54197425842281,0.003780255223503705,0.8505574252883334,0.9964281314778848,0.0,0.8888888888888888,0.19111111111111112,nan,nan,0.5654674097895622,0.5654674097895622,0.44187258929014206,nan,nan,nan,nan,nan,nan,nan,nan,nan,nan,nan,nan,nan,nan,nan,nan,nan,nan,nan,nan,nan,nan,nan,nan,nan,nan,nan,nan,nan,nan,nan,nan,nan,nan,nan,nan,nan,nan,nan,nan,nan,nan,nan,nan,nan,nan,nan,nan,nan,nan,nan,nan,nan
1036,121029,0.07171533405380098,-2.5584181079864505,0.16,0,73,0.4794520547945205,0.2054794520547945,0.0136986301369863,0.0958904109589041,0.0410958904109589,0.6986301369863014,0.2876712328767123,0.0136986301369863,25.0,0.273972602739726,0.05185185185185185,52.05160102844229,0.0029884874332790673,0.6724096724877902,0.9959877641258432,0.0,0.4666666666666667,0.16,nan,nan,0.5535194352269173,0.5535194352269173,0.3524220287799835,nan,nan,nan,nan,nan,nan,nan,nan,nan,nan,nan,nan,nan,nan,nan,nan,nan,nan,nan,nan,nan,nan,nan,nan,nan,nan,nan,nan,nan,nan,nan,nan,nan,nan,nan,nan,nan,nan,nan,nan,nan,nan,nan,nan,nan,nan,nan,nan,nan,nan,nan,nan,nan
1037,121119,0.07268737088049032,-2.355434536933898,0.26666666666666666,0,90,0.6555555555555556,0.03333333333333333,0.16666666666666666,0.022222222222222223,0.022222222222222223,0.8555555555555555,0.13333333333333333,0.011111111111111112,10.0,0.05555555555555555,0.07074074074074074,70.38509082794182,0.003725536461453623,0.8382457038270651,0.9117238174576417,0.011111111111111112,1.0,0.14666666666666667,nan,nan,0.6161655485630035,0.6161655485630035,0.5227242186665535,nan,nan,nan,nan,nan,nan,nan,nan,nan,nan,nan,nan,nan,nan,nan,nan,nan,nan,nan,nan,nan,nan,nan,nan,nan,nan,nan,nan,nan,nan,nan,nan,nan,nan,nan,nan,nan,nan,nan,nan,nan,nan,nan,nan,nan,nan,nan,nan,nan,nan,nan,nan,nan
1038,121234,0.07392727936294612,-3.726372294425964,0.3111111111111111,-1,115,0.6,0.05217391304347826,0.05217391304347826,0.16521739130434782,0.02608695652173913,0.7043478260869566,0.28695652173913044,0.008695652173913044,24.0,0.1826086956521739,0.06133333333333333,90.67973613739018,0.003381865450093851,0.7609197262711165,0.9350150718136171,0.008695652173913044,0.7333333333333333,0.1688888888888889,0.3111111111111111,nan,0.5759148895740509,0.5759148895740509,0.38947081565856934,nan,nan,nan,nan,nan,nan,nan,nan,nan,nan,nan,nan,nan,nan,nan,nan,nan,nan,nan,nan,nan,nan,nan,nan,nan,nan,nan,nan,nan,nan,nan,nan,nan,nan,nan,nan,nan,nan,nan,nan,nan,nan,nan,nan,nan,nan,nan,nan,nan,nan,nan,nan,nan
1039,121483,0.07660374443496477,-25.105891395568843,0.26666666666666666,0,249,0.23694779116465864,0.1646586345381526,0.0,0.46586345381526106,0.004016064257028112,0.40160642570281124,0.570281124497992,0.028112449799196786,93.0,0.5421686746987951,0.026240740740740738,130.5418228149409,0.002008721929629821,0.4519624341667096,0.8390549866840538,0.012048192771084338,0.45454545454545453,0.16444444444444445,0.24,0.24444444444444444,0.5841970518231392,0.5841970518231392,0.40610170364379883,nan,nan,nan,nan,nan,nan,nan,nan,nan,nan,nan,nan,nan,nan,nan,nan,nan,nan,nan,nan,nan,nan,nan,nan,nan,nan,nan,nan,nan,nan,nan,nan,nan,nan,nan,nan,nan,nan,nan,nan,nan,nan,nan,nan,nan,nan,nan,nan,nan,nan,nan,nan,nan
1040,121615,0.07801804929661205,-3.7037358708381647,0.30666666666666664,0,132,0.5151515151515151,0.13636363636363635,0.0,0.1590909090909091,0.015151515151515152,0.6515151515151515,0.3181818181818182,0.030303030303030304,19.0,0.19696969696969696,0.05037037037037037,100.3498654365539,0.003011685376033732,0.6776292096075897,0.9710713493498635,0.007575757575757576,0.64,0.17333333333333334,0.29333333333333333,nan,0.5576504021883011,0.5576504021883011,0.4272844046354294,-1.1083263597011563,0.33466666666666667,-0.3,111.0,0.0,1.0,0.6961848650262515,0.18066789633113164,0.012933300822625362,0.006266771902131018,0.015697695463629396,0.8897860621800087,0.11021393781999142,0.0,15.1,0.12017690019969822,0.07430675381263616,92.60787009239189,0.0036578611844543542,0.8230187665022296,0.9544475795639092,0.0,0.7728515928515928,0.1951111111111111,0.32592592592592595,0.44,-5.12863949022293,0.24088888888888887,-0.2,85.5,0.0,1.0,0.7039506399529694,0.09101735678962025,0.08280416634080395,0.017793697211879032,0.02776217397666696,0.8777721630833935,0.12222783691660648,0.0,19.6,0.13813632890071503,0.07799859930729496,73.75370943069458,0.0036553892432737377,0.822462579736591,0.8724175354555992,0.0,0.8156746031746032,0.17206349206349206,0.17925925925925926,0.29777777777777775,0.729762962962963
1041,121734,0.07929037340616632,-0.6655269403457634,0.38666666666666666,0,119,0.7226890756302521,0.07563025210084033,0.058823529411764705,0.05042016806722689,0.025210084033613446,0.8571428571428571,0.12605042016806722,0.01680672268907563,13.0,0.09243697478991597,0.07869005847953216,90.49073276519755,0.00422388249649829,0.9503735617121152,0.8632406641610086,0.0,0.9090909090909091,0.17777777777777778,0.3511111111111111,nan,0.5868281722068787,0.5868281722068787,0.42813047021627426,nan,nan,nan,nan,nan,nan,nan,nan,nan,nan,nan,nan,nan,nan,nan,nan,nan,nan,nan,nan,nan,nan,nan,nan,nan,nan,nan,nan,nan,nan,nan,nan,nan,nan,nan,nan,nan,nan,nan,nan,nan,nan,nan,nan,nan,nan,nan,nan,nan,nan,nan,nan,nan
1042,121891,0.08096508549782302,-0.2666924457550044,0.41333333333333333,0,157,0.5859872611464968,0.28662420382165604,0.006369426751592357,0.012738853503184714,0.0,0.8789808917197452,0.10828025477707007,0.012738853503184714,22.0,0.2229299363057325,0.058412698412698416,120.13992805480927,0.0034034387693519254,0.7657737231041831,0.8924182722879889,0.0,0.6470588235294118,0.20444444444444446,0.3422222222222222,0.41333333333333333,0.5199654921889305,0.5199654921889305,0.35463564842939377,nan,nan,nan,nan,nan,nan,nan,nan,nan,nan,nan,nan,nan,nan,nan,nan,nan,nan,nan,nan,nan,nan,nan,nan,nan,nan,nan,nan,nan,nan,nan,nan,nan,nan,nan,nan,nan,nan,nan,nan,nan,nan,nan,nan,nan,nan,nan,nan,nan,nan,nan,nan,nan
1043,122084,0.08301773962757301,-8.44625528860093,0.2577777777777778,-1,193,0.29533678756476683,0.21761658031088082,0.16062176165803108,0.14507772020725387,0.010362694300518135,0.6735751295336787,0.31088082901554404,0.015544041450777202,72.0,0.5181347150259067,0.032746913580246916,124.22147893905604,0.0020393681953957458,0.4588578439640428,0.7950002172477468,0.0,0.2571428571428571,0.10666666666666667,0.2222222222222222,0.23555555555555555,0.5877146869897842,0.5877146869897842,0.39870042353868484,nan,nan,nan,nan,nan,nan,nan,nan,nan,nan,nan,nan,nan,nan,nan,nan,nan,nan,nan,nan,nan,nan,nan,nan,nan,nan,nan,nan,nan,nan,nan,nan,nan,nan,nan,nan,nan,nan,nan,nan,nan,nan,nan,nan,nan,nan,nan,nan,nan,nan,nan,nan,nan
1044,122187,0.08411046381717494,-0.41750212264060893,0.30666666666666664,-1,103,0.6601941747572816,0.18446601941747573,0.0,0.0,0.019417475728155338,0.8446601941747572,0.14563106796116504,0.009708737864077669,16.0,0.10679611650485436,0.07348148148148148,77.13811545371996,0.0039179362944580165,0.8815356662530537,0.9853549886559487,0.0,0.75,0.18666666666666668,0.29777777777777775,nan,0.5615552067756653,0.5615552067756653,0.4484015181660652,nan,nan,nan,nan,nan,nan,nan,nan,nan,nan,nan,nan,nan,nan,nan,nan,nan,nan,nan,nan,nan,nan,nan,nan,nan,nan,nan,nan,nan,nan,nan,nan,nan,nan,nan,nan,nan,nan,nan,nan,nan,nan,nan,nan,nan,nan,nan,nan,nan,nan,nan,nan,nan
1045,122365,0.0859943849717118,-1.5010683369636522,0.40444444444444444,0,178,0.5056179775280899,0.2696629213483146,0.0056179775280898875,0.02247191011235955,0.0056179775280898875,0.7808988764044944,0.20224719101123595,0.016853932584269662,15.0,0.16853932584269662,0.049999999999999996,130.3149365425107,0.0030694869721976494,0.690634568744471,0.9709559178688315,0.0056179775280898875,0.4857142857142857,0.19111111111111112,0.3111111111111111,0.38666666666666666,0.6189760714769363,0.6189760714769363,0.4371010512113571,nan,nan,nan,nan,nan,nan,nan,nan,nan,nan,nan,nan,nan,nan,nan,nan,nan,nan,nan,nan,nan,nan,nan,nan,nan,nan,nan,nan,nan,nan,nan,nan,nan,nan,nan,nan,nan,nan,nan,nan,nan,nan,nan,nan,nan,nan,nan,nan,nan,nan,nan,nan,nan
1046,122457,0.0869658776258864,-1.7157606711387623,0.28444444444444444,0,92,0.6847826086956522,0.03260869565217391,0.0,0.13043478260869565,0.010869565217391304,0.717391304347826,0.2717391304347826,0.010869565217391304,12.0,0.07608695652173914,0.07522875816993464,70.08343496322632,0.003995237963820118,0.8989285418595265,0.9584936751541523,0.0,0.9285714285714286,0.18666666666666668,nan,nan,0.6199966669082642,0.6199966669082642,0.3708460330963135,nan,nan,nan,nan,nan,nan,nan,nan,nan,nan,nan,nan,nan,nan,nan,nan,nan,nan,nan,nan,nan,nan,nan,nan,nan,nan,nan,nan,nan,nan,nan,nan,nan,nan,nan,nan,nan,nan,nan,nan,nan,nan,nan,nan,nan,nan,nan,nan,nan,nan,nan,nan,nan
1047,122547,0.08791478955915233,-0.935452166080475,0.29333333333333333,0,90,0.7222222222222222,0.06666666666666667,0.011111111111111112,0.03333333333333333,0.022222222222222223,0.8,0.17777777777777778,0.022222222222222223,6.0,0.011111111111111112,0.08037037037037037,71.14716348648064,0.004060441410904364,0.9135993174534819,0.9207132660382737,0.0,0.8666666666666667,0.18222222222222223,nan,nan,0.5731044113636017,0.5731044113636017,0.4683471992611885,nan,nan,nan,nan,nan,nan,nan,nan,nan,nan,nan,nan,nan,nan,nan,nan,nan,nan,nan,nan,nan,nan,nan,nan,nan,nan,nan,nan,nan,nan,nan,nan,nan,nan,nan,nan,nan,nan,nan,nan,nan,nan,nan,nan,nan,nan,nan,nan,nan,nan,nan,nan,nan
1048,122639,0.08888329634792534,-0.6204458265304564,0.3511111111111111,0,92,0.8478260869565217,0.021739130434782608,0.03260869565217391,0.010869565217391304,0.021739130434782608,0.9021739130434783,0.08695652173913043,0.010869565217391304,2.0,0.0,0.09398692810457515,80.69948406219477,0.004295773023771652,0.9665489303486217,0.9107971944579415,0.0,1.0,0.19111111111111112,nan,nan,0.5995354801416397,0.5995354801416397,0.5090140700340271,nan,nan,nan,nan,nan,nan,nan,nan,nan,nan,nan,nan,nan,nan,nan,nan,nan,nan,nan,nan,nan,nan,nan,nan,nan,nan,nan,nan,nan,nan,nan,nan,nan,nan,nan,nan,nan,nan,nan,nan,nan,nan,nan,nan,nan,nan,nan,nan,nan,nan,nan,nan,nan
1049,122764,0.09019678827748845,-0.12168632388114875,0.38666666666666666,0,125,0.688,0.192,0.0,0.0,0.008,0.88,0.112,0.008,21.0,0.128,0.07644444444444444,100.11129832267743,0.0038179728824437836,0.8590438985498512,0.9352543077312839,0.0,0.8,0.2088888888888889,0.3511111111111111,nan,0.6145874410867691,0.6145874410867691,0.39662759751081467,nan,nan,nan,nan,nan,nan,nan,nan,nan,nan,nan,nan,nan,nan,nan,nan,nan,nan,nan,nan,nan,nan,nan,nan,nan,nan,nan,nan,nan,nan,nan,nan,nan,nan,nan,nan,nan,nan,nan,nan,nan,nan,nan,nan,nan,nan,nan,nan,nan,nan,nan,nan,nan
1050,122987,0.0925331640999588,-12.693333897590634,0.3244444444444444,0,223,0.32286995515695066,0.12556053811659193,0.008968609865470852,0.3901345291479821,0.004484304932735426,0.45739910313901344,0.4349775784753363,0.10762331838565023,100.0,0.484304932735426,0.03555555555555555,120.24127521514842,0.0026613157539074842,0.5987960446291839,0.8605945953476214,0.07623318385650224,0.5,0.2,0.27555555555555555,0.3244444444444444,0.6303752511739731,0.6303752511739731,0.4313148036599159,nan,nan,nan,nan,nan,nan,nan,nan,nan,nan,nan,nan,nan,nan,nan,nan,nan,nan,nan,nan,nan,nan,nan,nan,nan,nan,nan,nan,nan,nan,nan,nan,nan,nan,nan,nan,nan,nan,nan,nan,nan,nan,nan,nan,nan,nan,nan,nan,nan,nan,nan,nan,nan
1051,123042,0.09310804432720558,-1.4579694130420686,0.19555555555555557,-1,55,0.7818181818181819,0.0,0.07272727272727272,0.0,0.05454545454545454,0.8545454545454545,0.12727272727272726,0.01818181818181818,3.0,0.0,0.08740740740740742,44.075899171829235,0.004335954902838563,0.9755898531386766,0.8463629419186894,0.0,0.875,0.17777777777777778,nan,nan,0.6349524855613708,0.6349524855613708,0.44978903979063034,nan,nan,nan,nan,nan,nan,nan,nan,nan,nan,nan,nan,nan,nan,nan,nan,nan,nan,nan,nan,nan,nan,nan,nan,nan,nan,nan,nan,nan,nan,nan,nan,nan,nan,nan,nan,nan,nan,nan,nan,nan,nan,nan,nan,nan,nan,nan,nan,nan,nan,nan,nan,nan
1052,123175,0.09449599562767619,0.5027987263202687,0.4533333333333333,0,133,0.7593984962406015,0.12781954887218044,0.015037593984962405,0.0,0.0,0.9022556390977443,0.09774436090225563,0.0,6.0,0.015037593984962405,0.08425925925925924,110.08763117790214,0.004077559704809002,0.9174509335820253,0.9715398369097864,0.0,0.9230769230769231,0.2,0.36,nan,0.5867498964071274,0.5867498964071274,0.4392132982611656,nan,nan,nan,nan,nan,nan,nan,nan,nan,nan,nan,nan,nan,nan,nan,nan,nan,nan,nan,nan,nan,nan,nan,nan,nan,nan,nan,nan,nan,nan,nan,nan,nan,nan,nan,nan,nan,nan,nan,nan,nan,nan,nan,nan,nan,nan,nan,nan,nan,nan,nan,nan,nan
1053,123244,0.09521482798033573,-2.405664080619812,0.21333333333333335,-2,69,0.6811594202898551,0.14492753623188406,0.028985507246376812,0.0,0.028985507246376812,0.855072463768116,0.14492753623188406,0.0,11.0,0.08695652173913043,0.07430799220272906,62.20632457733149,0.003358000819180527,0.7555501843156185,0.9481793621263214,0.0,0.9,0.1688888888888889,nan,nan,0.5467378497123718,0.5467378497123718,0.39989693462848663,nan,nan,nan,nan,nan,nan,nan,nan,nan,nan,nan,nan,nan,nan,nan,nan,nan,nan,nan,nan,nan,nan,nan,nan,nan,nan,nan,nan,nan,nan,nan,nan,nan,nan,nan,nan,nan,nan,nan,nan,nan,nan,nan,nan,nan,nan,nan,nan,nan,nan,nan,nan,nan
1054,123379,0.09661880704131866,-2.253527087688447,0.4311111111111111,0,135,0.7111111111111111,0.06666666666666667,0.13333333333333333,0.014814814814814815,0.014814814814814815,0.9111111111111111,0.08148148148148149,0.007407407407407408,17.0,0.11851851851851852,0.07222222222222223,110.74787702560413,0.0038525945429005773,0.8668337721526299,0.8499286915363554,0.007407407407407408,0.9,0.13333333333333333,0.3333333333333333,nan,0.5524942204356194,0.5524942204356194,0.46032925695180893,nan,nan,nan,nan,nan,nan,nan,nan,nan,nan,nan,nan,nan,nan,nan,nan,nan,nan,nan,nan,nan,nan,nan,nan,nan,nan,nan,nan,nan,nan,nan,nan,nan,nan,nan,nan,nan,nan,nan,nan,nan,nan,nan,nan,nan,nan,nan,nan,nan,nan,nan,nan,nan
1055,123465,0.09751151731716676,-0.7168230230808248,0.28888888888888886,0,86,0.7441860465116279,0.09302325581395349,0.0,0.03488372093023256,0.011627906976744186,0.8372093023255814,0.1511627906976744,0.011627906976744186,8.0,0.03488372093023256,0.07959595959595957,70.10307641029354,0.004057517287539156,0.9129413896963101,0.9093513239464669,0.0,0.9090909090909091,0.2,nan,nan,0.5927224010229111,0.5927224010229111,0.5347536727786064,nan,nan,nan,nan,nan,nan,nan,nan,nan,nan,nan,nan,nan,nan,nan,nan,nan,nan,nan,nan,nan,nan,nan,nan,nan,nan,nan,nan,nan,nan,nan,nan,nan,nan,nan,nan,nan,nan,nan,nan,nan,nan,nan,nan,nan,nan,nan,nan,nan,nan,nan,nan,nan
1056,123523,0.09811284192595843,-2.563634573459625,0.18666666666666668,0,58,0.7068965517241379,0.0,0.13793103448275862,0.05172413793103448,0.034482758620689655,0.8448275862068966,0.15517241379310345,0.0,9.0,0.06896551724137931,0.08277777777777778,50.148900699615474,0.003633623462929058,0.817565279159038,0.9419221166879778,0.0,1.0,0.15555555555555556,nan,nan,0.6181803271174431,0.6181803271174431,0.4488099105656147,nan,nan,nan,nan,nan,nan,nan,nan,nan,nan,nan,nan,nan,nan,nan,nan,nan,nan,nan,nan,nan,nan,nan,nan,nan,nan,nan,nan,nan,nan,nan,nan,nan,nan,nan,nan,nan,nan,nan,nan,nan,nan,nan,nan,nan,nan,nan,nan,nan,nan,nan,nan,nan
1057,123625,0.0991689075171214,-1.2272772595882413,0.27555555555555555,0,102,0.5980392156862745,0.24509803921568626,0.0,0.0,0.00980392156862745,0.8431372549019608,0.14705882352941177,0.00980392156862745,12.0,0.12745098039215685,0.05422222222222221,80.43121199607837,0.003370720201559686,0.7584120453509293,0.9739904482110446,0.0,0.75,0.17333333333333334,0.27555555555555555,nan,0.5359648019075394,0.5359648019075394,0.5150504186749458,nan,nan,nan,nan,nan,nan,nan,nan,nan,nan,nan,nan,nan,nan,nan,nan,nan,nan,nan,nan,nan,nan,nan,nan,nan,nan,nan,nan,nan,nan,nan,nan,nan,nan,nan,nan,nan,nan,nan,nan,nan,nan,nan,nan,nan,nan,nan,nan,nan,nan,nan,nan,nan
1058,123761,0.10057414982981029,-0.5753866891860948,0.39555555555555555,0,136,0.6470588235294118,0.125,0.022058823529411766,0.08823529411764706,0.0,0.7941176470588235,0.18382352941176472,0.022058823529411766,10.0,0.08823529411764706,0.06801346801346801,100.04177799224843,0.0039094778097747895,0.8796325071993276,0.9464411148598603,0.0,0.8125,0.17777777777777778,0.3244444444444444,nan,0.610852025449276,0.610852025449276,0.38004761934280396,nan,nan,nan,nan,nan,nan,nan,nan,nan,nan,nan,nan,nan,nan,nan,nan,nan,nan,nan,nan,nan,nan,nan,nan,nan,nan,nan,nan,nan,nan,nan,nan,nan,nan,nan,nan,nan,nan,nan,nan,nan,nan,nan,nan,nan,nan,nan,nan,nan,nan,nan,nan,nan
1059,123807,0.10104871735529027,-1.650700956821441,0.17333333333333334,0,46,0.8260869565217391,0.0,0.0,0.06521739130434782,0.043478260869565216,0.8260869565217391,0.17391304347826086,0.0,4.0,0.0,0.09121693121693122,40.616199588775615,0.004158165722022937,0.935587287455161,0.9551908136317973,0.0,1.0,nan,nan,nan,0.5297780707478523,0.5297780707478523,0.3800024501979351,nan,nan,nan,nan,nan,nan,nan,nan,nan,nan,nan,nan,nan,nan,nan,nan,nan,nan,nan,nan,nan,nan,nan,nan,nan,nan,nan,nan,nan,nan,nan,nan,nan,nan,nan,nan,nan,nan,nan,nan,nan,nan,nan,nan,nan,nan,nan,nan,nan,nan,nan,nan,nan
1060,124057,0.10362140360535102,-17.732667201995852,0.3244444444444444,2,250,0.288,0.196,0.0,0.388,0.0,0.484,0.508,0.008,105.0,0.512,0.031999999999999994,137.2634971618651,0.0023312825814327514,0.524538580822369,0.823261769675004,0.0,0.45161290322580644,0.16,0.26222222222222225,0.3244444444444444,0.6114988699555397,0.6114988699555397,0.5392494574189186,-184.6605619612455,0.1888888888888889,1.4,229.0,0.6,0.4,0.18183570766312804,0.04822965358438458,0.0016,0.7034582053582679,0.001688998357963875,0.23166536124751264,0.7683346387524874,0.0,154.6,0.7093070597986925,0.019833862433862433,109.08630439281421,0.0016567184029648088,0.37276164066708206,0.534956207292672,0.0,0.7404539125591756,0.14577777777777778,0.17955555555555555,0.19160493827160494,-119.88497740764612,0.1391111111111111,1.1,167.9,0.3,0.7,0.23576157202107453,0.04603722717858724,0.009954204935564462,0.6377165766623387,0.01349063467151268,0.2917530041352262,0.7082469958647738,0.0,110.1,0.630759836589734,0.028329316979316975,79.03407054901093,0.0017276671018497068,0.3887250979161841,0.6249050162436112,0.0,0.7631265711412769,0.1017283950617284,0.14222222222222222,0.14476190476190473,0.3862716049382716
1061,124307,0.10618316038321363,-31.197496773719788,0.21333333333333335,1,250,0.188,0.12,0.004,0.544,0.0,0.312,0.672,0.016,139.0,0.704,0.02088888888888889,129.4047311782832,0.0016142291474729694,0.3632015581814181,0.7552459405547253,0.012,0.2857142857142857,0.1688888888888889,0.20444444444444446,0.21333333333333335,0.5930009260773659,0.5930009260773659,0.42654117941856384,nan,nan,nan,nan,nan,nan,nan,nan,nan,nan,nan,nan,nan,nan,nan,nan,nan,nan,nan,nan,nan,nan,nan,nan,nan,nan,nan,nan,nan,nan,nan,nan,nan,nan,nan,nan,nan,nan,nan,nan,nan,nan,nan,nan,nan,nan,nan,nan,nan,nan,nan,nan,nan
1062,124449,0.10763338430529854,-3.410874958753585,0.29777777777777775,0,142,0.4647887323943662,0.15492957746478872,0.0,0.20422535211267606,0.014084507042253521,0.6197183098591549,0.36619718309859156,0.014084507042253521,16.0,0.21830985915492956,0.05028322440087144,90.46547579765304,0.003242489256226775,0.7295600826510243,0.9689859988609003,0.014084507042253521,0.6,0.16,0.27555555555555555,nan,0.6030448228120804,0.6030448228120804,0.5698259174823761,nan,nan,nan,nan,nan,nan,nan,nan,nan,nan,nan,nan,nan,nan,nan,nan,nan,nan,nan,nan,nan,nan,nan,nan,nan,nan,nan,nan,nan,nan,nan,nan,nan,nan,nan,nan,nan,nan,nan,nan,nan,nan,nan,nan,nan,nan,nan,nan,nan,nan,nan,nan,nan
1063,124561,0.10877474745614088,-2.243270807266234,0.32,0,112,0.6339285714285714,0.09821428571428571,0.08035714285714286,0.026785714285714284,0.008928571428571428,0.8125,0.16071428571428573,0.026785714285714284,10.0,0.0625,0.06985185185185186,90.20257911682121,0.0034982985924036617,0.7871171832908238,0.9306646199236405,0.008928571428571428,0.8823529411764706,0.15555555555555556,0.28888888888888886,nan,0.5550619587302208,0.5550619587302208,0.41939907148480415,nan,nan,nan,nan,nan,nan,nan,nan,nan,nan,nan,nan,nan,nan,nan,nan,nan,nan,nan,nan,nan,nan,nan,nan,nan,nan,nan,nan,nan,nan,nan,nan,nan,nan,nan,nan,nan,nan,nan,nan,nan,nan,nan,nan,nan,nan,nan,nan,nan,nan,nan,nan,nan
1064,124642,0.10959883918069178,-2.6790514798164367,0.2311111111111111,-1,81,0.6296296296296297,0.1728395061728395,0.037037037037037035,0.06172839506172839,0.037037037037037035,0.8395061728395061,0.16049382716049382,0.0,13.0,0.09876543209876543,0.056666666666666664,69.60049028396601,0.0032566820397655198,0.732753458947242,0.954797401840608,0.0,0.875,0.18666666666666668,nan,nan,0.5879680216312408,0.5879680216312408,0.45381415635347366,nan,nan,nan,nan,nan,nan,nan,nan,nan,nan,nan,nan,nan,nan,nan,nan,nan,nan,nan,nan,nan,nan,nan,nan,nan,nan,nan,nan,nan,nan,nan,nan,nan,nan,nan,nan,nan,nan,nan,nan,nan,nan,nan,nan,nan,nan,nan,nan,nan,nan,nan,nan,nan
1065,124731,0.11050300953284603,-0.719303465366363,0.29333333333333333,0,89,0.7303370786516854,0.07865168539325842,0.011235955056179775,0.011235955056179775,0.02247191011235955,0.8202247191011236,0.16853932584269662,0.011235955056179775,6.0,0.011235955056179775,0.08095238095238096,70.19336633682245,0.004115615249205421,0.9260134310712196,0.938620900694815,0.0,0.8666666666666667,0.19111111111111112,nan,nan,0.5859639197587967,0.5859639197587967,0.3794098421931267,nan,nan,nan,nan,nan,nan,nan,nan,nan,nan,nan,nan,nan,nan,nan,nan,nan,nan,nan,nan,nan,nan,nan,nan,nan,nan,nan,nan,nan,nan,nan,nan,nan,nan,nan,nan,nan,nan,nan,nan,nan,nan,nan,nan,nan,nan,nan,nan,nan,nan,nan,nan,nan
1066,124857,0.11178072268349165,-0.061278116703032515,0.4177777777777778,0,126,0.7380952380952381,0.07142857142857142,0.007936507936507936,0.031746031746031744,0.007936507936507936,0.8174603174603174,0.16666666666666666,0.015873015873015872,5.0,0.0,0.08666666666666678,100.47883920669544,0.00411363563310145,0.9255680174478261,0.988028284377482,0.0,0.8421052631578947,0.19111111111111112,0.3288888888888889,nan,0.5780987441539764,0.5780987441539764,0.43177542090415955,nan,nan,nan,nan,nan,nan,nan,nan,nan,nan,nan,nan,nan,nan,nan,nan,nan,nan,nan,nan,nan,nan,nan,nan,nan,nan,nan,nan,nan,nan,nan,nan,nan,nan,nan,nan,nan,nan,nan,nan,nan,nan,nan,nan,nan,nan,nan,nan,nan,nan,nan,nan,nan
1067,124975,0.1129748188968034,-1.5937970116138447,0.3333333333333333,0,118,0.6271186440677966,0.211864406779661,0.00847457627118644,0.025423728813559324,0.0,0.847457627118644,0.1271186440677966,0.025423728813559324,10.0,0.1016949152542373,0.06819753086419753,100.29330487251275,0.00327927062835305,0.7378358913794363,0.9826249785449649,0.0,0.8,0.2,0.3022222222222222,nan,0.6516431123018265,0.6516431123018265,0.5486466065049171,nan,nan,nan,nan,nan,nan,nan,nan,nan,nan,nan,nan,nan,nan,nan,nan,nan,nan,nan,nan,nan,nan,nan,nan,nan,nan,nan,nan,nan,nan,nan,nan,nan,nan,nan,nan,nan,nan,nan,nan,nan,nan,nan,nan,nan,nan,nan,nan,nan,nan,nan,nan,nan
1068,125173,0.11242510253344229,-5.888514418601993,0.4622222222222222,0,198,0.5202020202020202,0.16161616161616163,0.0,0.18181818181818182,0.005050505050505051,0.6818181818181818,0.29797979797979796,0.020202020202020204,47.0,0.26262626262626265,0.0573671497584541,129.05251827239954,0.0035472208051881365,0.7981246811673307,0.9109765950206569,0.0,0.6666666666666666,0.2,0.3422222222222222,0.4488888888888889,0.5583662688732147,0.5583662688732147,0.3359668627381325,nan,nan,nan,nan,nan,nan,nan,nan,nan,nan,nan,nan,nan,nan,nan,nan,nan,nan,nan,nan,nan,nan,nan,nan,nan,nan,nan,nan,nan,nan,nan,nan,nan,nan,nan,nan,nan,nan,nan,nan,nan,nan,nan,nan,nan,nan,nan,nan,nan,nan,nan,nan,nan
1069,125233,0.11175722535764555,-0.6381747033596037,0.24,0,60,0.8833333333333333,0.0,0.03333333333333333,0.0,0.03333333333333333,0.9166666666666666,0.08333333333333333,0.0,2.0,0.0,0.0985185185185185,50.173092412948606,0.004694858224341055,1.0563431004767374,0.9165484987629294,0.0,1.0,0.2,nan,nan,0.5705758780241013,0.5705758780241013,0.43038320541381836,nan,nan,nan,nan,nan,nan,nan,nan,nan,nan,nan,nan,nan,nan,nan,nan,nan,nan,nan,nan,nan,nan,nan,nan,nan,nan,nan,nan,nan,nan,nan,nan,nan,nan,nan,nan,nan,nan,nan,nan,nan,nan,nan,nan,nan,nan,nan,nan,nan,nan,nan,nan,nan
1070,125296,0.111056656149638,-1.689912975788116,0.2088888888888889,0,63,0.7301587301587301,0.031746031746031744,0.14285714285714285,0.0,0.031746031746031744,0.9047619047619048,0.09523809523809523,0.0,7.0,0.031746031746031744,0.08045584045584046,50.58964738845821,0.004041230864382097,0.9092769444859717,0.928693516314524,0.0,0.8333333333333334,0.1688888888888889,nan,nan,0.5289560481905937,0.5289560481905937,0.3660666421055794,nan,nan,nan,nan,nan,nan,nan,nan,nan,nan,nan,nan,nan,nan,nan,nan,nan,nan,nan,nan,nan,nan,nan,nan,nan,nan,nan,nan,nan,nan,nan,nan,nan,nan,nan,nan,nan,nan,nan,nan,nan,nan,nan,nan,nan,nan,nan,nan,nan,nan,nan,nan,nan
1071,125396,0.10994611646372857,-0.11640311574935769,0.3422222222222222,0,100,0.76,0.09,0.01,0.0,0.01,0.86,0.13,0.01,9.0,0.04,0.08444444444444443,80.15622014999377,0.004213993338828915,0.9481485012365058,0.955456963302758,0.0,0.8571428571428571,0.18666666666666668,0.3422222222222222,nan,0.5398935154080391,0.5398935154080391,0.37501338869333267,nan,nan,nan,nan,nan,nan,nan,nan,nan,nan,nan,nan,nan,nan,nan,nan,nan,nan,nan,nan,nan,nan,nan,nan,nan,nan,nan,nan,nan,nan,nan,nan,nan,nan,nan,nan,nan,nan,nan,nan,nan,nan,nan,nan,nan,nan,nan,nan,nan,nan,nan,nan,nan
1072,125589,0.1078078842659895,-5.819817189216616,0.38222222222222224,0,193,0.44041450777202074,0.20207253886010362,0.015544041450777202,0.19170984455958548,0.0,0.6580310880829016,0.32642487046632124,0.015544041450777202,32.0,0.32124352331606215,0.04895061728395062,130.2554018020627,0.002900284921402741,0.6525641073156166,0.9234786252672077,0.0,0.5517241379310345,0.18222222222222223,0.27111111111111114,0.3466666666666667,0.6010955572128296,0.6010955572128296,0.48252206295728683,nan,nan,nan,nan,nan,nan,nan,nan,nan,nan,nan,nan,nan,nan,nan,nan,nan,nan,nan,nan,nan,nan,nan,nan,nan,nan,nan,nan,nan,nan,nan,nan,nan,nan,nan,nan,nan,nan,nan,nan,nan,nan,nan,nan,nan,nan,nan,nan,nan,nan,nan,nan,nan
1073,125704,0.10653700300958396,0.047903968572617694,0.39111111111111113,0,115,0.7565217391304347,0.0782608695652174,0.008695652173913044,0.017391304347826087,0.017391304347826087,0.8434782608695652,0.13043478260869565,0.02608695652173913,7.0,0.02608695652173913,0.08088888888888889,90.21043839454634,0.004286274111378696,0.9644116750602064,0.9367677098939674,0.0,0.8125,0.2,0.36444444444444446,nan,0.6478966325521469,0.6478966325521469,0.6051057800650597,nan,nan,nan,nan,nan,nan,nan,nan,nan,nan,nan,nan,nan,nan,nan,nan,nan,nan,nan,nan,nan,nan,nan,nan,nan,nan,nan,nan,nan,nan,nan,nan,nan,nan,nan,nan,nan,nan,nan,nan,nan,nan,nan,nan,nan,nan,nan,nan,nan,nan,nan,nan,nan
1074,125775,0.10575356130300373,-0.4312219386100762,0.28444444444444444,-1,71,0.8873239436619719,0.014084507042253521,0.0,0.0,0.04225352112676056,0.9014084507042254,0.09859154929577464,0.0,1.0,0.0,0.09813051146384479,59.383066082000695,0.004715148921636255,1.0609085073681572,0.9709686961558123,0.0,1.0,0.2088888888888889,nan,nan,0.5703260526061058,0.5703260526061058,0.537517286837101,nan,nan,nan,nan,nan,nan,nan,nan,nan,nan,nan,nan,nan,nan,nan,nan,nan,nan,nan,nan,nan,nan,nan,nan,nan,nan,nan,nan,nan,nan,nan,nan,nan,nan,nan,nan,nan,nan,nan,nan,nan,nan,nan,nan,nan,nan,nan,nan,nan,nan,nan,nan,nan
1075,125950,0.10382641430229023,-6.173942099094388,0.30666666666666664,0,175,0.38857142857142857,0.22285714285714286,0.0,0.2571428571428571,0.011428571428571429,0.6114285714285714,0.37714285714285717,0.011428571428571429,48.0,0.41714285714285715,0.043174603174603164,110.18040094375579,0.0027429762429027533,0.6171696546531195,0.9504101725056722,0.0,0.45454545454545453,0.19555555555555557,0.2577777777777778,0.30666666666666664,0.5848546326160431,0.5848546326160431,0.39173372089862823,nan,nan,nan,nan,nan,nan,nan,nan,nan,nan,nan,nan,nan,nan,nan,nan,nan,nan,nan,nan,nan,nan,nan,nan,nan,nan,nan,nan,nan,nan,nan,nan,nan,nan,nan,nan,nan,nan,nan,nan,nan,nan,nan,nan,nan,nan,nan,nan,nan,nan,nan,nan,nan
1076,126136,0.10178415969933852,-3.272816347122192,0.3377777777777778,0,186,0.4032258064516129,0.3924731182795699,0.005376344086021506,0.026881720430107527,0.0,0.8010752688172043,0.16129032258064516,0.03763440860215054,33.0,0.3763440860215054,0.04308080808080809,141.20777473449692,0.0023605876798219977,0.5311322279599494,0.9536997871851562,0.010752688172043012,0.40625,0.1688888888888889,0.27111111111111114,0.3244444444444444,0.6042254567146301,0.6042254567146301,0.5086191147565842,nan,nan,nan,nan,nan,nan,nan,nan,nan,nan,nan,nan,nan,nan,nan,nan,nan,nan,nan,nan,nan,nan,nan,nan,nan,nan,nan,nan,nan,nan,nan,nan,nan,nan,nan,nan,nan,nan,nan,nan,nan,nan,nan,nan,nan,nan,nan,nan,nan,nan,nan,nan,nan
1077,126280,0.1002073160829893,-2.5604905173778527,0.3688888888888889,0,144,0.5694444444444444,0.125,0.04861111111111111,0.06944444444444445,0.006944444444444444,0.7430555555555556,0.25,0.006944444444444444,10.0,0.06944444444444445,0.062144249512670564,110.06181445121753,0.0033112705461163954,0.745035872876189,0.985685954354602,0.006944444444444444,0.7037037037037037,0.16444444444444445,0.3022222222222222,nan,0.5782856121659279,0.5782856121659279,0.44524649530649185,nan,nan,nan,nan,nan,nan,nan,nan,nan,nan,nan,nan,nan,nan,nan,nan,nan,nan,nan,nan,nan,nan,nan,nan,nan,nan,nan,nan,nan,nan,nan,nan,nan,nan,nan,nan,nan,nan,nan,nan,nan,nan,nan,nan,nan,nan,nan,nan,nan,nan,nan,nan,nan
1078,126530,0.09747854258487952,-65.17633847188951,0.19111111111111112,1,250,0.168,0.016,0.048,0.688,0.004,0.232,0.748,0.02,84.0,0.584,0.018666666666666668,106.34608068466136,0.0017552754691559612,0.39493698056009124,0.6951337555380092,0.012,0.7894736842105263,0.1288888888888889,0.16,0.17777777777777778,0.604223296046257,0.604223296046257,0.4883902221918106,nan,nan,nan,nan,nan,nan,nan,nan,nan,nan,nan,nan,nan,nan,nan,nan,nan,nan,nan,nan,nan,nan,nan,nan,nan,nan,nan,nan,nan,nan,nan,nan,nan,nan,nan,nan,nan,nan,nan,nan,nan,nan,nan,nan,nan,nan,nan,nan,nan,nan,nan,nan,nan
1079,126628,0.09641190479676931,-3.5694803414344785,0.2088888888888889,0,98,0.46938775510204084,0.10204081632653061,0.0,0.23469387755102042,0.01020408163265306,0.5714285714285714,0.41836734693877553,0.01020408163265306,16.0,0.15306122448979592,0.052077294685990344,70.20457468032834,0.0029121242508108347,0.6552279564324378,0.9610348787161427,0.0,0.6842105263157895,0.1511111111111111,nan,nan,0.5722086727619171,0.5722086727619171,0.49632319062948227,nan,nan,nan,nan,nan,nan,nan,nan,nan,nan,nan,nan,nan,nan,nan,nan,nan,nan,nan,nan,nan,nan,nan,nan,nan,nan,nan,nan,nan,nan,nan,nan,nan,nan,nan,nan,nan,nan,nan,nan,nan,nan,nan,nan,nan,nan,nan,nan,nan,nan,nan,nan,nan
1080,126721,0.09540126853237896,0.37437295269966286,0.35555555555555557,-2,93,0.8494623655913979,0.043010752688172046,0.010752688172043012,0.0,0.021505376344086023,0.9032258064516129,0.08602150537634409,0.010752688172043012,3.0,0.0,0.09469135802469136,73.50120997428886,0.004776943280715131,1.0748122381609044,0.9295508028814474,0.0,1.0,0.19111111111111112,nan,nan,0.6060073226690292,0.6060073226690292,0.47945257276296616,-1.155676188254356,0.32266666666666666,0.0,109.8,0.0,1.0,0.7055322477569531,0.16919660072159054,0.010954865408339606,0.00817249085737505,0.017099553613572304,0.8856837138868834,0.11431628611311666,0.0,12.5,0.11128084488344547,0.07691264473583313,90.53215417385088,0.003746497579767262,0.842961955447634,0.9517657704455299,0.0,0.7795094353530887,0.1991111111111111,0.3259259259259259,0.4177777777777778,-1.060824853634834,0.2857777777777778,-0.3,82.5,0.0,1.0,0.7926042099893009,0.06778311881309254,0.03642771227629461,0.00569620253164557,0.02558287499071264,0.8968150410786881,0.1031849589213119,0.0,8.2,0.04057682147483915,0.088661063011063,68.83166527271264,0.004217183101491124,0.948866197835503,0.9054461254787973,0.0,0.9141499582289055,0.18172839506172841,0.3333333333333333,0.41333333333333333,0.7063407407407407
1081,126767,0.09490195255172537,-1.0400027923583983,0.19111111111111112,0,46,0.9130434782608695,0.0,0.0,0.0,0.043478260869565216,0.9130434782608695,0.08695652173913043,0.0,1.0,0.0,0.1017989417989418,40.22859802246092,0.00464014844768999,1.0440334007302479,0.9167488711508436,0.0,1.0,nan,nan,nan,0.626126229763031,0.626126229763031,0.5212835147976875,nan,nan,nan,nan,nan,nan,nan,nan,nan,nan,nan,nan,nan,nan,nan,nan,nan,nan,nan,nan,nan,nan,nan,nan,nan,nan,nan,nan,nan,nan,nan,nan,nan,nan,nan,nan,nan,nan,nan,nan,nan,nan,nan,nan,nan,nan,nan,nan,nan,nan,nan,nan,nan
1082,126855,0.09394778705721368,-0.10648766660690256,0.32,0,88,0.8068181818181818,0.045454545454545456,0.045454545454545456,0.0,0.011363636363636364,0.8977272727272727,0.10227272727272728,0.0,3.0,0.0,0.09119658119658121,70.36654920577996,0.004484454035577967,1.0090021580050426,0.9583930630578327,0.0,1.0,0.17777777777777778,nan,nan,0.5676244497299194,0.5676244497299194,0.4478839784860611,nan,nan,nan,nan,nan,nan,nan,nan,nan,nan,nan,nan,nan,nan,nan,nan,nan,nan,nan,nan,nan,nan,nan,nan,nan,nan,nan,nan,nan,nan,nan,nan,nan,nan,nan,nan,nan,nan,nan,nan,nan,nan,nan,nan,nan,nan,nan,nan,nan,nan,nan,nan,nan
1083,127033,0.09202197179165396,-10.921263928413392,0.39111111111111113,0,178,0.4887640449438202,0.11797752808988764,0.0,0.2696629213483146,0.0056179775280898875,0.6067415730337079,0.37640449438202245,0.016853932584269662,39.0,0.29213483146067415,0.04833333333333333,120.12632312774635,0.0032188337792997497,0.7242376003424437,0.8809871816907712,0.011235955056179775,0.6190476190476191,0.2,0.28888888888888886,0.39111111111111113,0.6127888709306717,0.6127888709306717,0.5933859422802925,nan,nan,nan,nan,nan,nan,nan,nan,nan,nan,nan,nan,nan,nan,nan,nan,nan,nan,nan,nan,nan,nan,nan,nan,nan,nan,nan,nan,nan,nan,nan,nan,nan,nan,nan,nan,nan,nan,nan,nan,nan,nan,nan,nan,nan,nan,nan,nan,nan,nan,nan,nan,nan
1084,127163,0.09061902451854695,0.3241072638034832,0.44,0,130,0.7538461538461538,0.06923076923076923,0.03076923076923077,0.05384615384615385,0.007692307692307693,0.8538461538461538,0.14615384615384616,0.0,7.0,0.015384615384615385,0.07259259259259258,100.53231177329998,0.00433249318425833,0.974810966458124,0.8654474761655362,0.0,0.9166666666666666,0.19111111111111112,0.37777777777777777,nan,0.6756328046321869,0.6756328046321869,0.6316510140895844,nan,nan,nan,nan,nan,nan,nan,nan,nan,nan,nan,nan,nan,nan,nan,nan,nan,nan,nan,nan,nan,nan,nan,nan,nan,nan,nan,nan,nan,nan,nan,nan,nan,nan,nan,nan,nan,nan,nan,nan,nan,nan,nan,nan,nan,nan,nan,nan,nan,nan,nan,nan,nan
1085,127226,0.08994021016014392,-1.4018937158584592,0.2088888888888889,0,63,0.7301587301587301,0.07936507936507936,0.06349206349206349,0.031746031746031744,0.031746031746031744,0.873015873015873,0.1111111111111111,0.015873015873015872,7.0,0.031746031746031744,0.07635327635327636,50.798987770080565,0.004024577130744671,0.9055298544175509,0.9251714784855432,0.0,0.8333333333333334,0.18222222222222223,nan,nan,0.6500480473041534,0.6500480473041534,0.7300545126199722,nan,nan,nan,nan,nan,nan,nan,nan,nan,nan,nan,nan,nan,nan,nan,nan,nan,nan,nan,nan,nan,nan,nan,nan,nan,nan,nan,nan,nan,nan,nan,nan,nan,nan,nan,nan,nan,nan,nan,nan,nan,nan,nan,nan,nan,nan,nan,nan,nan,nan,nan,nan,nan
1086,127355,0.08855244477905629,0.10879495978355447,0.4177777777777778,0,129,0.7209302325581395,0.10852713178294573,0.0,0.031007751937984496,0.007751937984496124,0.8294573643410853,0.16279069767441862,0.007751937984496124,6.0,0.007751937984496124,0.08055555555555559,100.25909562110883,0.004122651723244839,0.9275966377300886,0.9944531554292727,0.0,0.8333333333333334,0.1688888888888889,0.32,nan,0.6516613811254501,0.6516613811254501,0.5787706077098846,nan,nan,nan,nan,nan,nan,nan,nan,nan,nan,nan,nan,nan,nan,nan,nan,nan,nan,nan,nan,nan,nan,nan,nan,nan,nan,nan,nan,nan,nan,nan,nan,nan,nan,nan,nan,nan,nan,nan,nan,nan,nan,nan,nan,nan,nan,nan,nan,nan,nan,nan,nan,nan
1087,127472,0.08729631299492474,-2.252212184667586,0.3466666666666667,0,117,0.6581196581196581,0.05982905982905983,0.06837606837606838,0.10256410256410256,0.008547008547008548,0.7863247863247863,0.19658119658119658,0.017094017094017096,14.0,0.10256410256410256,0.07346405228758171,91.09725890159594,0.003756668711534929,0.845250460095359,0.930361079904389,0.0,0.7692307692307693,0.16444444444444445,0.29333333333333333,nan,0.6458424776792526,0.6458424776792526,0.5878342762589455,nan,nan,nan,nan,nan,nan,nan,nan,nan,nan,nan,nan,nan,nan,nan,nan,nan,nan,nan,nan,nan,nan,nan,nan,nan,nan,nan,nan,nan,nan,nan,nan,nan,nan,nan,nan,nan,nan,nan,nan,nan,nan,nan,nan,nan,nan,nan,nan,nan,nan,nan,nan,nan
1088,127563,0.08632098910057777,0.8021765871047981,0.3511111111111111,0,91,0.8571428571428571,0.01098901098901099,0.01098901098901099,0.0,0.01098901098901099,0.8791208791208791,0.10989010989010989,0.01098901098901099,2.0,0.0,0.09416666666666668,70.01736583709703,0.004951152653660581,1.1140093470736308,0.9629833271198098,0.0,1.0,0.20444444444444446,nan,nan,0.6484145224094391,0.6484145224094391,0.5086506679654121,nan,nan,nan,nan,nan,nan,nan,nan,nan,nan,nan,nan,nan,nan,nan,nan,nan,nan,nan,nan,nan,nan,nan,nan,nan,nan,nan,nan,nan,nan,nan,nan,nan,nan,nan,nan,nan,nan,nan,nan,nan,nan,nan,nan,nan,nan,nan,nan,nan,nan,nan,nan,nan
1089,127790,0.08389438617236047,-27.984647397994966,0.1511111111111111,0,227,0.14537444933920704,0.04405286343612335,0.0,0.7004405286343612,0.004405286343612335,0.1894273127753304,0.8105726872246696,0.0,41.0,0.5066079295154186,0.02488888888888889,110.40616569519013,0.0013284282244850772,0.29889635050914237,0.8382819553505698,0.0,0.64,0.03111111111111111,0.05333333333333334,0.09777777777777778,0.5514970123767853,0.5514970123767853,0.557816319167614,nan,nan,nan,nan,nan,nan,nan,nan,nan,nan,nan,nan,nan,nan,nan,nan,nan,nan,nan,nan,nan,nan,nan,nan,nan,nan,nan,nan,nan,nan,nan,nan,nan,nan,nan,nan,nan,nan,nan,nan,nan,nan,nan,nan,nan,nan,nan,nan,nan,nan,nan,nan,nan
1090,128040,0.08123237790982528,-29.02045369863509,0.24,3,250,0.212,0.044,0.008,0.624,0.0,0.264,0.732,0.004,81.0,0.572,0.023555555555555555,110.6709876060481,0.0021284309524195713,0.4788969642944036,0.7715075174255361,0.004,0.6296296296296297,0.14666666666666667,0.21333333333333335,0.2222222222222222,0.5805293619632721,0.5805293619632721,0.47062187641859055,nan,nan,nan,nan,nan,nan,nan,nan,nan,nan,nan,nan,nan,nan,nan,nan,nan,nan,nan,nan,nan,nan,nan,nan,nan,nan,nan,nan,nan,nan,nan,nan,nan,nan,nan,nan,nan,nan,nan,nan,nan,nan,nan,nan,nan,nan,nan,nan,nan,nan,nan,nan,nan
1091,128123,0.08035101033645414,-2.777041551113128,0.2311111111111111,-2,83,0.6144578313253012,0.21686746987951808,0.0,0.04819277108433735,0.03614457831325301,0.8313253012048193,0.1686746987951807,0.0,13.0,0.12048192771084337,0.059027777777777776,72.03849096298211,0.003146466057751573,0.707954862994104,0.9757003332906679,0.0,0.8,0.2,nan,nan,0.663976639509201,0.663976639509201,0.5788495391607285,nan,nan,nan,nan,nan,nan,nan,nan,nan,nan,nan,nan,nan,nan,nan,nan,nan,nan,nan,nan,nan,nan,nan,nan,nan,nan,nan,nan,nan,nan,nan,nan,nan,nan,nan,nan,nan,nan,nan,nan,nan,nan,nan,nan,nan,nan,nan,nan,nan,nan,nan,nan,nan
1092,128250,0.07900474166399907,-1.1537634520530697,0.35555555555555557,0,127,0.6220472440944882,0.14173228346456693,0.007874015748031496,0.09448818897637795,0.007874015748031496,0.7716535433070866,0.2283464566929134,0.0,14.0,0.12598425196850394,0.07555555555555556,90.5406043052671,0.003877940884150755,0.8725366989339198,0.9318548495549067,0.0,0.7647058823529411,0.20444444444444446,0.32,nan,0.6261618435382843,0.6261618435382843,0.5666129514575005,nan,nan,nan,nan,nan,nan,nan,nan,nan,nan,nan,nan,nan,nan,nan,nan,nan,nan,nan,nan,nan,nan,nan,nan,nan,nan,nan,nan,nan,nan,nan,nan,nan,nan,nan,nan,nan,nan,nan,nan,nan,nan,nan,nan,nan,nan,nan,nan,nan,nan,nan,nan,nan
1093,128399,0.07742884835881744,-2.03201779794693,0.4088888888888889,0,149,0.610738255033557,0.14093959731543623,0.006711409395973154,0.12080536912751678,0.006711409395973154,0.7583892617449665,0.21476510067114093,0.026845637583892617,20.0,0.19463087248322147,0.06762345679012347,110.7906456947327,0.003650528814127788,0.8213689831787522,0.9373894326142733,0.006711409395973154,0.7222222222222222,0.19555555555555557,0.30666666666666664,nan,0.5967486798763275,0.5967486798763275,0.524458572268486,nan,nan,nan,nan,nan,nan,nan,nan,nan,nan,nan,nan,nan,nan,nan,nan,nan,nan,nan,nan,nan,nan,nan,nan,nan,nan,nan,nan,nan,nan,nan,nan,nan,nan,nan,nan,nan,nan,nan,nan,nan,nan,nan,nan,nan,nan,nan,nan,nan,nan,nan,nan,nan
1094,128504,0.07632064227804557,-1.0633653974533077,0.28444444444444444,-1,105,0.6,0.2571428571428571,0.0,0.009523809523809525,0.01904761904761905,0.8571428571428571,0.13333333333333333,0.009523809523809525,12.0,0.1619047619047619,0.07022222222222223,79.69871807098372,0.003513230912329328,0.7904769552740988,0.9732403280410667,0.0,0.7142857142857143,0.2,0.26666666666666666,nan,0.5647386685013771,0.5647386685013771,0.5434142872691154,nan,nan,nan,nan,nan,nan,nan,nan,nan,nan,nan,nan,nan,nan,nan,nan,nan,nan,nan,nan,nan,nan,nan,nan,nan,nan,nan,nan,nan,nan,nan,nan,nan,nan,nan,nan,nan,nan,nan,nan,nan,nan,nan,nan,nan,nan,nan,nan,nan,nan,nan,nan,nan
1095,128613,0.07517224728424167,-0.0077185730934135055,0.39555555555555555,0,109,0.8073394495412844,0.045871559633027525,0.0,0.027522935779816515,0.01834862385321101,0.8532110091743119,0.11926605504587157,0.027522935779816515,5.0,0.0,0.08928395061728393,90.0354149818419,0.004343969661160438,0.9773931737610985,0.9606862230183632,0.0,0.8333333333333334,0.19555555555555557,0.36444444444444446,nan,0.5510087758302689,0.5510087758302689,0.46400144696235657,nan,nan,nan,nan,nan,nan,nan,nan,nan,nan,nan,nan,nan,nan,nan,nan,nan,nan,nan,nan,nan,nan,nan,nan,nan,nan,nan,nan,nan,nan,nan,nan,nan,nan,nan,nan,nan,nan,nan,nan,nan,nan,nan,nan,nan,nan,nan,nan,nan,nan,nan,nan,nan
1096,128701,0.07424660837546321,-0.8505937201976774,0.28,0,88,0.7045454545454546,0.1590909090909091,0.022727272727272728,0.0,0.022727272727272728,0.8863636363636364,0.11363636363636363,0.0,13.0,0.09090909090909091,0.06888888888888889,70.40565447807302,0.0039138270583277375,0.8806110881237408,0.939360995654528,0.0,0.9,0.19111111111111112,nan,nan,0.6152132451534271,0.6152132451534271,0.5225033015012741,nan,nan,nan,nan,nan,nan,nan,nan,nan,nan,nan,nan,nan,nan,nan,nan,nan,nan,nan,nan,nan,nan,nan,nan,nan,nan,nan,nan,nan,nan,nan,nan,nan,nan,nan,nan,nan,nan,nan,nan,nan,nan,nan,nan,nan,nan,nan,nan,nan,nan,nan,nan,nan
1097,128831,0.07288164531722775,-1.8822568166255942,0.37333333333333335,0,130,0.6384615384615384,0.07692307692307693,0.08461538461538462,0.03076923076923077,0.007692307692307693,0.8,0.19230769230769232,0.007692307692307693,11.0,0.08461538461538462,0.07333333333333333,100.06911253929135,0.0036863411649028827,0.8294267621031485,0.9101293129688564,0.0,0.6818181818181818,0.14666666666666667,0.28,nan,0.6647915691137314,0.6647915691137314,0.5434374511241913,nan,nan,nan,nan,nan,nan,nan,nan,nan,nan,nan,nan,nan,nan,nan,nan,nan,nan,nan,nan,nan,nan,nan,nan,nan,nan,nan,nan,nan,nan,nan,nan,nan,nan,nan,nan,nan,nan,nan,nan,nan,nan,nan,nan,nan,nan,nan,nan,nan,nan,nan,nan,nan
1098,128988,0.07123709202110161,-9.453666953086852,0.23555555555555555,0,157,0.33121019108280253,0.17197452229299362,0.006369426751592357,0.34394904458598724,0.006369426751592357,0.5095541401273885,0.33121019108280253,0.1592356687898089,66.0,0.49044585987261147,0.03301587301587301,90.63492336273161,0.0025499123575818262,0.5737302804559109,0.8981547993086286,0.12738853503184713,0.4782608695652174,0.17777777777777778,0.23555555555555555,0.23555555555555555,0.6277508288621902,0.6277508288621902,0.6240597441792488,nan,nan,nan,nan,nan,nan,nan,nan,nan,nan,nan,nan,nan,nan,nan,nan,nan,nan,nan,nan,nan,nan,nan,nan,nan,nan,nan,nan,nan,nan,nan,nan,nan,nan,nan,nan,nan,nan,nan,nan,nan,nan,nan,nan,nan,nan,nan,nan,nan,nan,nan,nan,nan
1099,129065,0.07043208565870182,-0.3027174513339991,0.30666666666666664,-1,77,0.8831168831168831,0.012987012987012988,0.0,0.0,0.03896103896103896,0.8961038961038961,0.1038961038961039,0.0,1.0,0.0,0.10111111111111112,64.67349953651421,0.004673045751167209,1.0514352940126221,0.9187158167115335,0.0,1.0,0.19555555555555557,nan,nan,0.5901615843176842,0.5901615843176842,0.5516443401575089,nan,nan,nan,nan,nan,nan,nan,nan,nan,nan,nan,nan,nan,nan,nan,nan,nan,nan,nan,nan,nan,nan,nan,nan,nan,nan,nan,nan,nan,nan,nan,nan,nan,nan,nan,nan,nan,nan,nan,nan,nan,nan,nan,nan,nan,nan,nan,nan,nan,nan,nan,nan,nan
1100,129124,0.06981595558241781,-0.942799393653869,0.22666666666666666,0,59,0.847457627118644,0.01694915254237288,0.01694915254237288,0.0,0.03389830508474576,0.8813559322033898,0.0847457627118644,0.03389830508474576,2.0,0.0,0.0925102880658436,50.083803749084474,0.0044370076868669225,0.9983267295450576,0.9600997323432072,0.0,1.0,0.19555555555555557,nan,nan,0.6624247133731842,0.6624247133731842,0.7752002775669098,-78.07027563736436,0.28888888888888886,0.3,172.4,0.3,0.7,0.44725864230588297,0.11509747648054391,0.011265810922149015,0.3239507446689692,0.009523729444337447,0.5736219297085758,0.42085043210046935,0.005527638190954774,75.9,0.3660719697944125,0.048195346628679955,102.17500607013683,0.0028573201549919785,0.6428970348731953,0.7874480018211035,0.010552763819095477,0.7768726296616764,0.17644444444444446,0.26999999999999996,0.29155555555555557,-87.73518727662561,0.2324444444444444,0.4,142.8,0.2,0.8,0.5109877361002046,0.05633684409141907,0.02304993916942978,0.3111002508523035,0.015202707704415517,0.5903745193610536,0.4096254806389464,0.0,75.3,0.3265676473683773,0.05462716192189876,83.09892644405352,0.002978030419080345,0.6700568442930775,0.7639360673897146,0.0,0.8402164502164501,0.16592592592592592,0.2222222222222222,0.17333333333333334,0.5790333333333333
1101,129374,0.06721189580826088,-65.216432639122,0.2222222222222222,2,250,0.196,0.052,0.012,0.672,0.0,0.26,0.736,0.004,95.0,0.676,0.021777777777777778,107.82316799163762,0.0020197679388781068,0.45444778624757404,0.6615736146488307,0.0,0.6875,0.17777777777777778,0.21333333333333335,0.21333333333333335,0.6051536351442337,0.6051536351442337,0.5298314765095711,nan,nan,nan,nan,nan,nan,nan,nan,nan,nan,nan,nan,nan,nan,nan,nan,nan,nan,nan,nan,nan,nan,nan,nan,nan,nan,nan,nan,nan,nan,nan,nan,nan,nan,nan,nan,nan,nan,nan,nan,nan,nan,nan,nan,nan,nan,nan,nan,nan,nan,nan,nan,nan
1102,129498,0.0659242737452523,-16.751600935697553,0.19555555555555557,0,124,0.3467741935483871,0.04032258064516129,0.016129032258064516,0.5,0.008064516129032258,0.4032258064516129,0.5806451612903226,0.016129032258064516,45.0,0.4435483870967742,0.03866666666666667,70.69143748283378,0.0027034548725582107,0.6082773463255974,0.8061948443532974,0.0,0.6666666666666666,0.1111111111111111,0.14222222222222222,nan,0.6515384837985039,0.6515384837985039,0.7347713857889175,nan,nan,nan,nan,nan,nan,nan,nan,nan,nan,nan,nan,nan,nan,nan,nan,nan,nan,nan,nan,nan,nan,nan,nan,nan,nan,nan,nan,nan,nan,nan,nan,nan,nan,nan,nan,nan,nan,nan,nan,nan,nan,nan,nan,nan,nan,nan,nan,nan,nan,nan,nan,nan
1103,129707,0.06375998324231222,-7.412289752960206,0.4266666666666667,0,209,0.45454545454545453,0.18181818181818182,0.023923444976076555,0.19617224880382775,0.0,0.6602870813397129,0.33014354066985646,0.009569377990430622,31.0,0.2679425837320574,0.04954732510288066,140.60275955200171,0.0030029440643095204,0.675662414469642,0.9347905767140269,0.0,0.6,0.2,0.3422222222222222,0.39555555555555555,0.597436398267746,0.597436398267746,0.6353719085454941,nan,nan,nan,nan,nan,nan,nan,nan,nan,nan,nan,nan,nan,nan,nan,nan,nan,nan,nan,nan,nan,nan,nan,nan,nan,nan,nan,nan,nan,nan,nan,nan,nan,nan,nan,nan,nan,nan,nan,nan,nan,nan,nan,nan,nan,nan,nan,nan,nan,nan,nan,nan,nan
1104,129815,0.06264452806664388,-0.6558451910018915,0.36,-1,108,0.7407407407407407,0.1111111111111111,0.0,0.009259259259259259,0.018518518518518517,0.8518518518518519,0.14814814814814814,0.0,5.0,0.0,0.08433333333333333,89.6461446762084,0.003966211339481262,0.8923975513832841,1.0,0.0,0.8666666666666667,0.19555555555555557,0.3288888888888889,nan,0.6122536808252335,0.6122536808252335,0.5613272786140442,nan,nan,nan,nan,nan,nan,nan,nan,nan,nan,nan,nan,nan,nan,nan,nan,nan,nan,nan,nan,nan,nan,nan,nan,nan,nan,nan,nan,nan,nan,nan,nan,nan,nan,nan,nan,nan,nan,nan,nan,nan,nan,nan,nan,nan,nan,nan,nan,nan,nan,nan,nan,nan
1105,130064,0.06008038479545892,-61.18321218132973,0.15555555555555556,0,249,0.13654618473895583,0.028112449799196786,0.0,0.7429718875502008,0.004016064257028112,0.1646586345381526,0.8273092369477911,0.008032128514056224,72.0,0.6024096385542169,0.015111111111111112,110.23059220313974,0.0013708636422149873,0.30844431949837214,0.719513438295635,0.008032128514056224,0.6818181818181818,0.06666666666666667,0.1111111111111111,0.14222222222222222,0.5705211609601974,0.5705211609601974,0.5321856364607811,nan,nan,nan,nan,nan,nan,nan,nan,nan,nan,nan,nan,nan,nan,nan,nan,nan,nan,nan,nan,nan,nan,nan,nan,nan,nan,nan,nan,nan,nan,nan,nan,nan,nan,nan,nan,nan,nan,nan,nan,nan,nan,nan,nan,nan,nan,nan,nan,nan,nan,nan,nan,nan
1106,130247,0.05820263830432294,-39.88889183115958,0.12444444444444444,0,183,0.14754098360655737,0.06557377049180328,0.2185792349726776,0.4644808743169399,0.0,0.43169398907103823,0.5191256830601093,0.04918032786885246,131.0,0.7431693989071039,0.015,110.34182696342435,0.001087529573348256,0.24469415400335764,0.6389160515141837,0.06557377049180328,0.3888888888888889,0.10666666666666667,0.10666666666666667,0.10666666666666667,0.5664130002260208,0.5664130002260208,0.4663408547639847,nan,nan,nan,nan,nan,nan,nan,nan,nan,nan,nan,nan,nan,nan,nan,nan,nan,nan,nan,nan,nan,nan,nan,nan,nan,nan,nan,nan,nan,nan,nan,nan,nan,nan,nan,nan,nan,nan,nan,nan,nan,nan,nan,nan,nan,nan,nan,nan,nan,nan,nan,nan,nan
1107,130349,0.057158499991297865,-0.8923017559051503,0.3244444444444444,0,102,0.7058823529411765,0.08823529411764706,0.0196078431372549,0.0392156862745098,0.0196078431372549,0.8137254901960784,0.17647058823529413,0.00980392156862745,8.0,0.029411764705882353,0.064,80.33620719909662,0.003983259991437564,0.896233498073452,0.9913854935643102,0.0,0.9333333333333333,0.18666666666666668,0.3244444444444444,nan,0.6203192174434662,0.6203192174434662,0.5647739917039871,nan,nan,nan,nan,nan,nan,nan,nan,nan,nan,nan,nan,nan,nan,nan,nan,nan,nan,nan,nan,nan,nan,nan,nan,nan,nan,nan,nan,nan,nan,nan,nan,nan,nan,nan,nan,nan,nan,nan,nan,nan,nan,nan,nan,nan,nan,nan,nan,nan,nan,nan,nan,nan
1108,130485,0.055769065966340126,-0.2668876488208769,0.38222222222222224,0,136,0.625,0.18382352941176472,0.0,0.022058823529411766,0.014705882352941176,0.8088235294117647,0.18382352941176472,0.007352941176470588,21.0,0.13970588235294118,0.06296296296296296,100.00845379829386,0.003777458439060706,0.8499281487886587,0.964463357895849,0.0,0.6086956521739131,0.2088888888888889,0.35555555555555557,nan,0.6455920338630676,0.6455920338630676,0.7535190433263779,nan,nan,nan,nan,nan,nan,nan,nan,nan,nan,nan,nan,nan,nan,nan,nan,nan,nan,nan,nan,nan,nan,nan,nan,nan,nan,nan,nan,nan,nan,nan,nan,nan,nan,nan,nan,nan,nan,nan,nan,nan,nan,nan,nan,nan,nan,nan,nan,nan,nan,nan,nan,nan
1109,130623,0.054362407046019495,-0.6276898062229147,0.39111111111111113,0,138,0.6304347826086957,0.2391304347826087,0.007246376811594203,0.014492753623188406,0.007246376811594203,0.8768115942028986,0.10869565217391304,0.014492753623188406,34.0,0.21014492753623187,0.0705982905982906,110.0922838687895,0.0035122049709451473,0.790246118462658,0.9573494947053292,0.0,0.6,0.2,0.2577777777777778,nan,0.520287960767746,0.520287960767746,0.46872805058956146,nan,nan,nan,nan,nan,nan,nan,nan,nan,nan,nan,nan,nan,nan,nan,nan,nan,nan,nan,nan,nan,nan,nan,nan,nan,nan,nan,nan,nan,nan,nan,nan,nan,nan,nan,nan,nan,nan,nan,nan,nan,nan,nan,nan,nan,nan,nan,nan,nan,nan,nan,nan,nan
1110,130752,0.053050403984736746,-7.8058326473236095,0.29777777777777775,0,129,0.5116279069767442,0.08527131782945736,0.08527131782945736,0.21705426356589147,0.023255813953488372,0.6821705426356589,0.17829457364341086,0.13953488372093023,27.0,0.27906976744186046,0.04888888888888888,87.11269187927232,0.0033672858340763703,0.7576393126671833,0.8225757638897183,0.1937984496124031,0.6153846153846154,0.2,0.28888888888888886,nan,0.5815688297152519,0.5815688297152519,0.5439491271972656,nan,nan,nan,nan,nan,nan,nan,nan,nan,nan,nan,nan,nan,nan,nan,nan,nan,nan,nan,nan,nan,nan,nan,nan,nan,nan,nan,nan,nan,nan,nan,nan,nan,nan,nan,nan,nan,nan,nan,nan,nan,nan,nan,nan,nan,nan,nan,nan,nan,nan,nan,nan,nan
1111,130878,0.051771629500871844,-1.2887122135162343,0.35555555555555557,0,126,0.626984126984127,0.20634920634920634,0.03968253968253968,0.023809523809523808,0.007936507936507936,0.873015873015873,0.10317460317460317,0.023809523809523808,23.0,0.18253968253968253,0.0762962962962964,100.78773536682111,0.003483669018191825,0.7838255290931605,0.8733490790948263,0.0,0.6923076923076923,0.19111111111111112,0.30666666666666664,nan,0.5841125547885895,0.5841125547885895,0.5666747316718102,nan,nan,nan,nan,nan,nan,nan,nan,nan,nan,nan,nan,nan,nan,nan,nan,nan,nan,nan,nan,nan,nan,nan,nan,nan,nan,nan,nan,nan,nan,nan,nan,nan,nan,nan,nan,nan,nan,nan,nan,nan,nan,nan,nan,nan,nan,nan,nan,nan,nan,nan,nan,nan
1112,131128,0.05075768962061082,-53.636566308736796,0.35555555555555557,1,250,0.316,0.052,0.004,0.544,0.004,0.372,0.62,0.008,142.0,0.548,0.03511111111111111,127.4911077022547,0.002754004710125377,0.6196510597782098,0.7136958719771185,0.004,0.7,0.19111111111111112,0.3422222222222222,0.35555555555555557,0.6122613698244095,0.6122613698244095,0.5870424062013626,nan,nan,nan,nan,nan,nan,nan,nan,nan,nan,nan,nan,nan,nan,nan,nan,nan,nan,nan,nan,nan,nan,nan,nan,nan,nan,nan,nan,nan,nan,nan,nan,nan,nan,nan,nan,nan,nan,nan,nan,nan,nan,nan,nan,nan,nan,nan,nan,nan,nan,nan,nan,nan
1113,131307,0.052562217355606206,-69.30672141361237,0.28,0,179,0.3463687150837989,0.0223463687150838,0.0,0.5642458100558659,0.00558659217877095,0.3687150837988827,0.5754189944134078,0.055865921787709494,96.0,0.5363128491620112,0.034444444444444444,90.16877536773643,0.003055997538302522,0.6875994461180673,0.6512102681601026,0.09497206703910614,0.8181818181818182,0.19555555555555557,0.28,0.28,0.6372101902961731,0.6372101902961731,0.6565426141023636,nan,nan,nan,nan,nan,nan,nan,nan,nan,nan,nan,nan,nan,nan,nan,nan,nan,nan,nan,nan,nan,nan,nan,nan,nan,nan,nan,nan,nan,nan,nan,nan,nan,nan,nan,nan,nan,nan,nan,nan,nan,nan,nan,nan,nan,nan,nan,nan,nan,nan,nan,nan,nan
1114,131472,0.054220842239835754,-11.208204686164859,0.22666666666666666,0,165,0.30303030303030304,0.09090909090909091,0.0,0.46060606060606063,0.006060606060606061,0.3939393939393939,0.5818181818181818,0.024242424242424242,82.0,0.47878787878787876,0.031746031746031744,90.03052082061745,0.0024682987524307664,0.5553672192969225,0.8920250059719477,0.024242424242424242,0.5652173913043478,0.15555555555555556,0.22666666666666666,0.22666666666666666,0.6159306764602661,0.6159306764602661,0.451893575489521,nan,nan,nan,nan,nan,nan,nan,nan,nan,nan,nan,nan,nan,nan,nan,nan,nan,nan,nan,nan,nan,nan,nan,nan,nan,nan,nan,nan,nan,nan,nan,nan,nan,nan,nan,nan,nan,nan,nan,nan,nan,nan,nan,nan,nan,nan,nan,nan,nan,nan,nan,nan,nan
1115,131640,0.05590493587966561,-0.6413072445392608,0.4444444444444444,0,168,0.5892857142857143,0.27380952380952384,0.005952380952380952,0.005952380952380952,0.005952380952380952,0.8690476190476191,0.13095238095238096,0.0,16.0,0.1488095238095238,0.06359788359788358,130.74578328132606,0.00336530929684555,0.7571945917902486,0.9679943249968181,0.0,0.6190476190476191,0.19555555555555557,0.3244444444444444,0.4311111111111111,0.5602218136191368,0.5602218136191368,0.4839503616094589,nan,nan,nan,nan,nan,nan,nan,nan,nan,nan,nan,nan,nan,nan,nan,nan,nan,nan,nan,nan,nan,nan,nan,nan,nan,nan,nan,nan,nan,nan,nan,nan,nan,nan,nan,nan,nan,nan,nan,nan,nan,nan,nan,nan,nan,nan,nan,nan,nan,nan,nan,nan,nan
1116,131731,0.05681518169420521,0.3166865231990825,0.3422222222222222,0,91,0.8351648351648352,0.02197802197802198,0.0,0.03296703296703297,0.02197802197802198,0.8571428571428571,0.12087912087912088,0.02197802197802198,3.0,0.0,0.09194444444444444,70.73631882667534,0.004775167599623499,1.0744127099152871,0.8811647783997507,0.0,1.0,0.2,nan,nan,0.6383572369813919,0.6383572369813919,0.4763531759381294,nan,nan,nan,nan,nan,nan,nan,nan,nan,nan,nan,nan,nan,nan,nan,nan,nan,nan,nan,nan,nan,nan,nan,nan,nan,nan,nan,nan,nan,nan,nan,nan,nan,nan,nan,nan,nan,nan,nan,nan,nan,nan,nan,nan,nan,nan,nan,nan,nan,nan,nan,nan,nan
1117,131894,0.0584421647646048,-25.741923166990276,0.25333333333333335,0,163,0.34355828220858897,0.05521472392638037,0.006134969325153374,0.4785276073619632,0.006134969325153374,0.4049079754601227,0.5828220858895705,0.012269938650306749,65.0,0.44171779141104295,0.035555555555555556,100.6087920665739,0.002473828417741031,0.556611393991732,0.8456062256317987,0.006134969325153374,0.7777777777777778,0.16444444444444445,0.25333333333333335,0.25333333333333335,0.6941380351781845,0.6941380351781845,0.46182557940483093,nan,nan,nan,nan,nan,nan,nan,nan,nan,nan,nan,nan,nan,nan,nan,nan,nan,nan,nan,nan,nan,nan,nan,nan,nan,nan,nan,nan,nan,nan,nan,nan,nan,nan,nan,nan,nan,nan,nan,nan,nan,nan,nan,nan,nan,nan,nan,nan,nan,nan,nan,nan,nan
1118,132002,0.05951772550822251,-2.3227864201068873,0.27555555555555555,0,108,0.5648148148148148,0.1574074074074074,0.0,0.1574074074074074,0.009259259259259259,0.7222222222222222,0.2777777777777778,0.0,22.0,0.21296296296296297,0.05422222222222221,80.23606114387502,0.0033789184968211383,0.760256661784756,0.9700667088130451,0.0,0.6923076923076923,0.10222222222222223,0.27555555555555555,nan,0.6158765554428101,0.6158765554428101,0.7073800265789032,nan,nan,nan,nan,nan,nan,nan,nan,nan,nan,nan,nan,nan,nan,nan,nan,nan,nan,nan,nan,nan,nan,nan,nan,nan,nan,nan,nan,nan,nan,nan,nan,nan,nan,nan,nan,nan,nan,nan,nan,nan,nan,nan,nan,nan,nan,nan,nan,nan,nan,nan,nan,nan
1119,132098,0.060472149124811914,0.08956658053398248,0.3377777777777778,-2,96,0.78125,0.08333333333333333,0.0,0.020833333333333332,0.03125,0.8645833333333334,0.10416666666666667,0.03125,4.0,0.0,0.08735449735449735,72.1374611377715,0.004620807664643448,1.0396817245447756,0.9396678943089709,0.0,0.9090909090909091,0.17333333333333334,nan,nan,0.5952312052249908,0.5952312052249908,0.43600839376449585,nan,nan,nan,nan,nan,nan,nan,nan,nan,nan,nan,nan,nan,nan,nan,nan,nan,nan,nan,nan,nan,nan,nan,nan,nan,nan,nan,nan,nan,nan,nan,nan,nan,nan,nan,nan,nan,nan,nan,nan,nan,nan,nan,nan,nan,nan,nan,nan,nan,nan,nan,nan,nan
1120,132274,0.06221794670105871,-12.083955041408535,0.28888888888888886,0,176,0.36363636363636365,0.14772727272727273,0.017045454545454544,0.3409090909090909,0.005681818181818182,0.5284090909090909,0.35795454545454547,0.11363636363636363,53.0,0.3806818181818182,0.0488888888888888,100.21861944198574,0.0028382395010849537,0.6386038877441146,0.839948974322663,0.17613636363636365,0.5652173913043478,0.1688888888888889,0.22666666666666666,0.26666666666666666,0.5293243378400803,0.5293243378400803,0.48520486801862717,-50.59933676791191,0.27777777777777773,0.1,192.4,0.1,0.9,0.32703282653603594,0.0888601315817664,0.07179604733498063,0.39511124262806874,0.005221415326499368,0.487689005452783,0.5123109945472171,0.0,76.5,0.4600726140327377,0.03635799529688419,116.0327311229704,0.0023171985917815564,0.5213696831508501,0.7578530765554561,0.0,0.6546601330830539,0.15244444444444444,0.23066666666666666,0.2571428571428572,-51.15947970850467,0.22266666666666665,0.1,162.6,0.1,0.9,0.3249468561006729,0.09398858158922872,0.0799786904622313,0.3846726122673988,0.00952246883722543,0.4989141281521329,0.5010858718478671,0.0,69.5,0.4453196362668151,0.03351715863733408,100.75599722385398,0.002141871245982458,0.48192103034605294,0.7382301733922336,0.0,0.6704623154623155,0.13333333333333333,0.20641975308641974,0.23777777777777778,0.5304285714285715
1121,132459,0.06404747751667995,-13.536817150115965,0.3377777777777778,0,185,0.40540540540540543,0.14594594594594595,0.2702702702702703,0.08108108108108109,0.0,0.8216216216216217,0.17297297297297298,0.005405405405405406,38.0,0.32972972972972975,0.041666666666666664,140.30302047729478,0.0023758101015884875,0.5345572728574096,0.790280430779428,0.0,0.6666666666666666,0.15555555555555556,0.26222222222222225,0.3377777777777778,0.558728314936161,0.558728314936161,0.6276843175292015,nan,nan,nan,nan,nan,nan,nan,nan,nan,nan,nan,nan,nan,nan,nan,nan,nan,nan,nan,nan,nan,nan,nan,nan,nan,nan,nan,nan,nan,nan,nan,nan,nan,nan,nan,nan,nan,nan,nan,nan,nan,nan,nan,nan,nan,nan,nan,nan,nan,nan,nan,nan,nan
1122,132635,0.06578274497017253,-6.084466495513924,0.44,0,176,0.5568181818181818,0.09659090909090909,0.21022727272727273,0.03409090909090909,0.0,0.8636363636363636,0.13068181818181818,0.005681818181818182,21.0,0.2159090909090909,0.05444444444444445,140.74729995727523,0.0030945926187413283,0.6962833392167987,0.8667070314927016,0.0,0.6666666666666666,0.11555555555555555,0.32,0.40444444444444444,0.5285069718956947,0.5285069718956947,0.42933403700590134,nan,nan,nan,nan,nan,nan,nan,nan,nan,nan,nan,nan,nan,nan,nan,nan,nan,nan,nan,nan,nan,nan,nan,nan,nan,nan,nan,nan,nan,nan,nan,nan,nan,nan,nan,nan,nan,nan,nan,nan,nan,nan,nan,nan,nan,nan,nan,nan,nan,nan,nan,nan,nan
1123,132765,0.06706119058642704,-3.0878540856838295,0.3688888888888889,0,130,0.6307692307692307,0.06153846153846154,0.16923076923076924,0.015384615384615385,0.007692307692307693,0.8615384615384616,0.11538461538461539,0.023076923076923078,15.0,0.12307692307692308,0.06962962962962961,100.02718176841722,0.0036434540891915326,0.8197771700680948,0.8886494738553304,0.007692307692307693,0.8125,0.10222222222222223,0.28444444444444444,nan,0.6783240735530853,0.6783240735530853,0.6819620579481125,nan,nan,nan,nan,nan,nan,nan,nan,nan,nan,nan,nan,nan,nan,nan,nan,nan,nan,nan,nan,nan,nan,nan,nan,nan,nan,nan,nan,nan,nan,nan,nan,nan,nan,nan,nan,nan,nan,nan,nan,nan,nan,nan,nan,nan,nan,nan,nan,nan,nan,nan,nan,nan
1124,132927,0.06865043059280952,-1.0838098070621487,0.4533333333333333,0,162,0.6234567901234568,0.09876543209876543,0.030864197530864196,0.09876543209876543,0.0,0.7530864197530864,0.2345679012345679,0.012345679012345678,26.0,0.13580246913580246,0.06825396825396825,120.39818863868697,0.003728369122196657,0.8388830524942479,0.9653115363495308,0.0,0.7083333333333334,0.18222222222222223,0.3022222222222222,0.4266666666666667,0.584230400621891,0.584230400621891,0.5167567208409309,nan,nan,nan,nan,nan,nan,nan,nan,nan,nan,nan,nan,nan,nan,nan,nan,nan,nan,nan,nan,nan,nan,nan,nan,nan,nan,nan,nan,nan,nan,nan,nan,nan,nan,nan,nan,nan,nan,nan,nan,nan,nan,nan,nan,nan,nan,nan,nan,nan,nan,nan,nan,nan
1125,133090,0.07024512156188412,-1.5310386047363274,0.3688888888888889,0,163,0.5030674846625767,0.294478527607362,0.006134969325153374,0.03067484662576687,0.006134969325153374,0.803680981595092,0.1656441717791411,0.03067484662576687,21.0,0.26380368098159507,0.05499389499389499,120.21941528320284,0.0030314940692891972,0.6820861655900693,0.9938132750402622,0.012269938650306749,0.5769230769230769,0.19555555555555557,0.3022222222222222,0.3466666666666667,0.5864966884255409,0.5864966884255409,0.47897109389305115,nan,nan,nan,nan,nan,nan,nan,nan,nan,nan,nan,nan,nan,nan,nan,nan,nan,nan,nan,nan,nan,nan,nan,nan,nan,nan,nan,nan,nan,nan,nan,nan,nan,nan,nan,nan,nan,nan,nan,nan,nan,nan,nan,nan,nan,nan,nan,nan,nan,nan,nan,nan,nan
1126,133191,0.0712310527577092,-0.04736356973648004,0.3466666666666667,-1,101,0.7623762376237624,0.07920792079207921,0.009900990099009901,0.039603960396039604,0.019801980198019802,0.8514851485148515,0.1485148514851485,0.0,7.0,0.019801980198019802,0.06844444444444445,77.53679590225207,0.004413675058918477,0.9930768882566571,0.9616978491871555,0.0,0.9090909090909091,0.18666666666666668,0.3466666666666667,nan,0.5471106916666031,0.5471106916666031,0.4428939148783684,nan,nan,nan,nan,nan,nan,nan,nan,nan,nan,nan,nan,nan,nan,nan,nan,nan,nan,nan,nan,nan,nan,nan,nan,nan,nan,nan,nan,nan,nan,nan,nan,nan,nan,nan,nan,nan,nan,nan,nan,nan,nan,nan,nan,nan,nan,nan,nan,nan,nan,nan,nan,nan
1127,133384,0.07311040795350815,-3.744871355772019,0.4088888888888889,0,193,0.47150259067357514,0.12953367875647667,0.0,0.23834196891191708,0.0051813471502590676,0.6010362694300518,0.38860103626943004,0.010362694300518135,45.0,0.22797927461139897,0.05228395061728395,120.16067957878073,0.0033658634909706823,0.7573192854684034,0.941849753871619,0.0,0.6333333333333333,0.17777777777777778,0.30666666666666664,0.37333333333333335,0.6848724782466888,0.6848724782466888,0.4598362408578396,nan,nan,nan,nan,nan,nan,nan,nan,nan,nan,nan,nan,nan,nan,nan,nan,nan,nan,nan,nan,nan,nan,nan,nan,nan,nan,nan,nan,nan,nan,nan,nan,nan,nan,nan,nan,nan,nan,nan,nan,nan,nan,nan,nan,nan,nan,nan,nan,nan,nan,nan,nan,nan
1128,133519,0.07442135907967333,-20.12383094906807,0.24444444444444444,0,135,0.4,0.014814814814814815,0.0,0.5037037037037037,0.014814814814814815,0.4148148148148148,0.5851851851851851,0.0,63.0,0.42962962962962964,0.041111111111111105,110.46505665779091,0.0021726327515812958,0.48884236910579154,0.8036466779177153,0.0,0.8,0.18222222222222223,0.24,nan,0.5398589223623276,0.5398589223623276,0.44589635729789734,nan,nan,nan,nan,nan,nan,nan,nan,nan,nan,nan,nan,nan,nan,nan,nan,nan,nan,nan,nan,nan,nan,nan,nan,nan,nan,nan,nan,nan,nan,nan,nan,nan,nan,nan,nan,nan,nan,nan,nan,nan,nan,nan,nan,nan,nan,nan,nan,nan,nan,nan,nan,nan
1129,133757,0.07672526951486792,-54.7171863603592,0.27555555555555555,0,238,0.25630252100840334,0.06722689075630252,0.0,0.592436974789916,0.0,0.3235294117647059,0.6680672268907563,0.008403361344537815,79.0,0.5840336134453782,0.027521367521367524,140.18272724151606,0.0019339837114455834,0.43514633507525624,0.726332859772481,0.008403361344537815,0.5789473684210527,0.19111111111111112,0.25333333333333335,0.26666666666666666,0.6053522825241089,0.6053522825241089,0.46263275295495987,nan,nan,nan,nan,nan,nan,nan,nan,nan,nan,nan,nan,nan,nan,nan,nan,nan,nan,nan,nan,nan,nan,nan,nan,nan,nan,nan,nan,nan,nan,nan,nan,nan,nan,nan,nan,nan,nan,nan,nan,nan,nan,nan,nan,nan,nan,nan,nan,nan,nan,nan,nan,nan
1130,134007,0.07913540887202407,-49.39901498651504,0.30666666666666664,1,250,0.272,0.028,0.004,0.604,0.0,0.304,0.672,0.024,120.0,0.564,0.030222222222222223,130.60966653823849,0.0023139345672683487,0.5206352776353785,0.6952564389595984,0.016,0.6818181818181818,0.19555555555555557,0.28444444444444444,0.30666666666666664,0.6066430956125259,0.6066430956125259,0.6160327345132828,nan,nan,nan,nan,nan,nan,nan,nan,nan,nan,nan,nan,nan,nan,nan,nan,nan,nan,nan,nan,nan,nan,nan,nan,nan,nan,nan,nan,nan,nan,nan,nan,nan,nan,nan,nan,nan,nan,nan,nan,nan,nan,nan,nan,nan,nan,nan,nan,nan,nan,nan,nan,nan
1131,134234,0.08131502443248403,-24.552897461891185,0.2577777777777778,0,227,0.2511013215859031,0.13215859030837004,0.004405286343612335,0.5022026431718062,0.004405286343612335,0.3876651982378855,0.6035242290748899,0.00881057268722467,128.0,0.5814977973568282,0.02533333333333333,140.24664249420178,0.001806341519682419,0.4064268419285442,0.8524444659105901,0.004405286343612335,0.5,0.1688888888888889,0.2577777777777778,0.2577777777777778,0.592914529144764,0.592914529144764,0.4571778401732445,nan,nan,nan,nan,nan,nan,nan,nan,nan,nan,nan,nan,nan,nan,nan,nan,nan,nan,nan,nan,nan,nan,nan,nan,nan,nan,nan,nan,nan,nan,nan,nan,nan,nan,nan,nan,nan,nan,nan,nan,nan,nan,nan,nan,nan,nan,nan,nan,nan,nan,nan,nan,nan
1132,134304,0.08198546853612117,-0.8250626671314238,0.23555555555555555,0,70,0.7428571428571429,0.11428571428571428,0.0,0.0,0.02857142857142857,0.8571428571428571,0.14285714285714285,0.0,6.0,0.014285714285714285,0.08074074074074074,55.85773968696588,0.0041374948647454795,0.930936344567733,0.9795559157250334,0.0,0.7,0.19111111111111112,nan,nan,0.5976540148258209,0.5976540148258209,0.6241879016160965,nan,nan,nan,nan,nan,nan,nan,nan,nan,nan,nan,nan,nan,nan,nan,nan,nan,nan,nan,nan,nan,nan,nan,nan,nan,nan,nan,nan,nan,nan,nan,nan,nan,nan,nan,nan,nan,nan,nan,nan,nan,nan,nan,nan,nan,nan,nan,nan,nan,nan,nan,nan,nan
1133,134438,0.08326667981171426,1.0596271002292612,0.49777777777777776,0,134,0.8283582089552238,0.04477611940298507,0.0,0.0,0.007462686567164179,0.8731343283582089,0.11940298507462686,0.007462686567164179,4.0,0.0,0.08880658436213991,110.15593237876872,0.0044784999108084134,1.007662479931893,0.9651503983630747,0.0,0.9411764705882353,0.20444444444444446,0.39111111111111113,nan,0.5376345589756966,0.5376345589756966,0.4441138356924057,nan,nan,nan,nan,nan,nan,nan,nan,nan,nan,nan,nan,nan,nan,nan,nan,nan,nan,nan,nan,nan,nan,nan,nan,nan,nan,nan,nan,nan,nan,nan,nan,nan,nan,nan,nan,nan,nan,nan,nan,nan,nan,nan,nan,nan,nan,nan,nan,nan,nan,nan,nan,nan
1134,134614,0.08494506024965545,-15.80046045923233,0.19555555555555557,0,176,0.24431818181818182,0.07386363636363637,0.0,0.5568181818181818,0.005681818181818182,0.3181818181818182,0.6761363636363636,0.005681818181818182,46.0,0.5,0.02388888888888889,90.04248056411708,0.0021224549780703285,0.4775523700658239,0.8516807854630926,0.0,0.5238095238095238,0.09777777777777778,0.17333333333333334,0.17777777777777778,0.6299676299095154,0.6299676299095154,0.6291277334094048,nan,nan,nan,nan,nan,nan,nan,nan,nan,nan,nan,nan,nan,nan,nan,nan,nan,nan,nan,nan,nan,nan,nan,nan,nan,nan,nan,nan,nan,nan,nan,nan,nan,nan,nan,nan,nan,nan,nan,nan,nan,nan,nan,nan,nan,nan,nan,nan,nan,nan,nan,nan,nan
1135,134797,0.08668490180206917,-3.2728163647651676,0.38222222222222224,-1,183,0.4644808743169399,0.19672131147540983,0.01092896174863388,0.14207650273224043,0.00546448087431694,0.6721311475409836,0.30601092896174864,0.02185792349726776,26.0,0.25136612021857924,0.051944444444444446,123.18872728347743,0.003066658663567887,0.6899981993027745,0.9585112930389044,0.0,0.5294117647058824,0.19111111111111112,0.3244444444444444,0.3466666666666667,0.6833261027932167,0.6833261027932167,0.6368434950709343,nan,nan,nan,nan,nan,nan,nan,nan,nan,nan,nan,nan,nan,nan,nan,nan,nan,nan,nan,nan,nan,nan,nan,nan,nan,nan,nan,nan,nan,nan,nan,nan,nan,nan,nan,nan,nan,nan,nan,nan,nan,nan,nan,nan,nan,nan,nan,nan,nan,nan,nan,nan,nan
1136,135034,0.08893014011538947,-15.673272881031036,0.38666666666666666,0,237,0.3628691983122363,0.10970464135021098,0.004219409282700422,0.4008438818565401,0.0,0.4767932489451477,0.45569620253164556,0.06751054852320675,67.0,0.4388185654008439,0.03822222222222223,140.2502179145809,0.002725287902618546,0.6131897780891729,0.832859560148186,0.08016877637130802,0.5357142857142857,0.19111111111111112,0.3333333333333333,0.38222222222222224,0.7188756912946701,0.7188756912946701,0.8563933372497559,nan,nan,nan,nan,nan,nan,nan,nan,nan,nan,nan,nan,nan,nan,nan,nan,nan,nan,nan,nan,nan,nan,nan,nan,nan,nan,nan,nan,nan,nan,nan,nan,nan,nan,nan,nan,nan,nan,nan,nan,nan,nan,nan,nan,nan,nan,nan,nan,nan,nan,nan,nan,nan
1137,135117,0.08971431731631471,-2.438185892105102,0.21333333333333335,0,83,0.5662650602409639,0.08433734939759036,0.04819277108433735,0.1566265060240964,0.024096385542168676,0.6987951807228916,0.26506024096385544,0.03614457831325301,13.0,0.1686746987951807,0.052222222222222225,60.001770401000954,0.003481378757540864,0.7833102204466944,0.9362423837790507,0.0,0.75,0.17777777777777778,nan,nan,0.509626179933548,0.509626179933548,0.4836534559726715,nan,nan,nan,nan,nan,nan,nan,nan,nan,nan,nan,nan,nan,nan,nan,nan,nan,nan,nan,nan,nan,nan,nan,nan,nan,nan,nan,nan,nan,nan,nan,nan,nan,nan,nan,nan,nan,nan,nan,nan,nan,nan,nan,nan,nan,nan,nan,nan,nan,nan,nan,nan,nan
1138,135279,0.09124170366529981,-11.999212450027464,0.3333333333333333,0,162,0.4567901234567901,0.12962962962962962,0.24691358024691357,0.04938271604938271,0.0,0.8333333333333334,0.16049382716049382,0.006172839506172839,40.0,0.32098765432098764,0.04698412698412698,120.4972614288327,0.0027294304035543173,0.6141218407997213,0.8099434921183928,0.0,0.631578947368421,0.20444444444444446,0.32,0.3333333333333333,0.5684142559766769,0.5684142559766769,0.48350469022989273,nan,nan,nan,nan,nan,nan,nan,nan,nan,nan,nan,nan,nan,nan,nan,nan,nan,nan,nan,nan,nan,nan,nan,nan,nan,nan,nan,nan,nan,nan,nan,nan,nan,nan,nan,nan,nan,nan,nan,nan,nan,nan,nan,nan,nan,nan,nan,nan,nan,nan,nan,nan,nan
1139,135322,0.09164641641836857,-7.3768264403343204,0.06666666666666667,0,43,0.32558139534883723,0.023255813953488372,0.5813953488372093,0.023255813953488372,0.046511627906976744,0.9302325581395349,0.023255813953488372,0.046511627906976744,21.0,0.4418604651162791,0.03111111111111111,45.08406133651736,0.0013801379107747605,0.31053102992432113,0.7417596570724087,0.0,0.5,nan,nan,nan,0.6213279739022255,0.6213279739022255,0.5937623158097267,nan,nan,nan,nan,nan,nan,nan,nan,nan,nan,nan,nan,nan,nan,nan,nan,nan,nan,nan,nan,nan,nan,nan,nan,nan,nan,nan,nan,nan,nan,nan,nan,nan,nan,nan,nan,nan,nan,nan,nan,nan,nan,nan,nan,nan,nan,nan,nan,nan,nan,nan,nan,nan
1140,135420,0.09256768190341094,-0.9082774708271018,0.30666666666666664,0,98,0.6938775510204082,0.16326530612244897,0.0,0.02040816326530612,0.01020408163265306,0.8571428571428571,0.12244897959183673,0.02040816326530612,14.0,0.09183673469387756,0.07632850241545894,80.47883305549612,0.003755300751115732,0.8449426690010398,0.9716656579330495,0.0,0.75,0.17777777777777778,nan,nan,0.5197074189782143,0.5197074189782143,0.4573143236339092,-3.8338231045961364,0.2786666666666666,-0.2,103.4,0.0,1.0,0.6463798346652634,0.17929226227703815,0.08149833974123985,0.00078125,0.02030768276359917,0.9071704366835416,0.09126706331645856,0.0015625,18.4,0.19500019049763395,0.06840924716721818,84.61831528186786,0.003415935653790268,0.7685855221028103,0.8989285688585881,0.0,0.7595100732600732,0.17444444444444446,0.28148148148148144,0.4288888888888889,-15.935391926312452,0.18755555555555556,-0.4,91.5,0.0,1.0,0.5026851817030417,0.09208679149320456,0.33482605620923117,0.005275411563103328,0.01641539296156746,0.9295980294054773,0.06497935259652109,0.005422617998001528,39.5,0.3813376632735842,0.05834810208329301,79.21801834583272,0.0026338718715709373,0.5926211711034609,0.6999877705271396,0.0,0.7514285714285714,0.11851851851851852,0.12177777777777779,nan,0.647962962962963
1141,135506,0.09337487731395328,-0.33876107883453355,0.32,0,86,0.8255813953488372,0.023255813953488372,0.0,0.023255813953488372,0.023255813953488372,0.8488372093023255,0.13953488372093023,0.011627906976744186,3.0,0.0,0.09303030303030303,70.74058170318594,0.004460743012823486,1.0036671778852841,0.9276438020482783,0.0,1.0,0.18222222222222223,nan,nan,0.5636301562190056,0.5636301562190056,0.6199282743036747,nan,nan,nan,nan,nan,nan,nan,nan,nan,nan,nan,nan,nan,nan,nan,nan,nan,nan,nan,nan,nan,nan,nan,nan,nan,nan,nan,nan,nan,nan,nan,nan,nan,nan,nan,nan,nan,nan,nan,nan,nan,nan,nan,nan,nan,nan,nan,nan,nan,nan,nan,nan,nan
1142,135632,0.09455538478028906,-1.2977954256534565,0.36,0,126,0.6349206349206349,0.15079365079365079,0.031746031746031744,0.047619047619047616,0.007936507936507936,0.8174603174603174,0.1349206349206349,0.047619047619047616,14.0,0.1111111111111111,0.059259259259259255,100.30281357765183,0.003544821355188543,0.7975848049174221,0.9873474396344113,0.007936507936507936,0.7647058823529411,0.18666666666666668,0.3288888888888889,nan,0.6524645537137985,0.6524645537137985,0.5742190852761269,nan,nan,nan,nan,nan,nan,nan,nan,nan,nan,nan,nan,nan,nan,nan,nan,nan,nan,nan,nan,nan,nan,nan,nan,nan,nan,nan,nan,nan,nan,nan,nan,nan,nan,nan,nan,nan,nan,nan,nan,nan,nan,nan,nan,nan,nan,nan,nan,nan,nan,nan,nan,nan
1143,135740,0.09556523805128186,-12.362773416280731,0.21333333333333335,0,108,0.4351851851851852,0.12037037037037036,0.37037037037037035,0.0,0.009259259259259259,0.9259259259259259,0.06481481481481481,0.009259259259259259,39.0,0.4351851851851852,0.04177777777777778,90.42641348838795,0.0023100428384867132,0.5197596386595105,0.7486523757265309,0.0,0.625,0.05333333333333334,0.21333333333333335,nan,0.5547463744878769,0.5547463744878769,0.5164526775479317,nan,nan,nan,nan,nan,nan,nan,nan,nan,nan,nan,nan,nan,nan,nan,nan,nan,nan,nan,nan,nan,nan,nan,nan,nan,nan,nan,nan,nan,nan,nan,nan,nan,nan,nan,nan,nan,nan,nan,nan,nan,nan,nan,nan,nan,nan,nan,nan,nan,nan,nan,nan,nan
1144,135846,0.09655458849893206,-1.7161542239189138,0.3422222222222222,0,106,0.7169811320754716,0.07547169811320754,0.08490566037735849,0.009433962264150943,0.009433962264150943,0.8773584905660378,0.11320754716981132,0.009433962264150943,10.0,0.08490566037735849,0.06755555555555555,90.23956403732292,0.0037431228905103475,0.8422026503648282,0.9131461761547572,0.0,0.8333333333333334,0.19111111111111112,0.3422222222222222,nan,0.5405596345663071,0.5405596345663071,0.53711798787117,nan,nan,nan,nan,nan,nan,nan,nan,nan,nan,nan,nan,nan,nan,nan,nan,nan,nan,nan,nan,nan,nan,nan,nan,nan,nan,nan,nan,nan,nan,nan,nan,nan,nan,nan,nan,nan,nan,nan,nan,nan,nan,nan,nan,nan,nan,nan,nan,nan,nan,nan,nan,nan
1145,136007,0.09805387198067544,-5.36887455701829,0.4222222222222222,-1,161,0.5838509316770186,0.11801242236024845,0.18012422360248448,0.006211180124223602,0.012422360248447204,0.8819875776397516,0.08695652173913043,0.031055900621118012,23.0,0.19254658385093168,0.06533910533910534,128.45594816207873,0.003252303873469904,0.7317683715307283,0.8450562092970999,0.0,0.6666666666666666,0.09777777777777778,0.25333333333333335,0.39111111111111113,0.6170301735401154,0.6170301735401154,0.5533954203128815,nan,nan,nan,nan,nan,nan,nan,nan,nan,nan,nan,nan,nan,nan,nan,nan,nan,nan,nan,nan,nan,nan,nan,nan,nan,nan,nan,nan,nan,nan,nan,nan,nan,nan,nan,nan,nan,nan,nan,nan,nan,nan,nan,nan,nan,nan,nan,nan,nan,nan,nan,nan,nan
1146,136158,0.09945630248965875,-0.8495158095359794,0.4177777777777778,0,151,0.6158940397350994,0.059602649006622516,0.039735099337748346,0.152317880794702,0.006622516556291391,0.7152317880794702,0.2781456953642384,0.006622516556291391,11.0,0.09933774834437085,0.05904761904761906,100.60491247177097,0.004108480621652664,0.9244081398718491,0.9148739976408989,0.0,0.75,0.19111111111111112,0.3511111111111111,0.4177777777777778,0.5173942819237709,0.5173942819237709,0.5935210362076759,nan,nan,nan,nan,nan,nan,nan,nan,nan,nan,nan,nan,nan,nan,nan,nan,nan,nan,nan,nan,nan,nan,nan,nan,nan,nan,nan,nan,nan,nan,nan,nan,nan,nan,nan,nan,nan,nan,nan,nan,nan,nan,nan,nan,nan,nan,nan,nan,nan,nan,nan,nan,nan
1147,136280,0.10058676005979814,-0.5276750814914695,0.3422222222222222,0,122,0.6229508196721312,0.04918032786885246,0.01639344262295082,0.11475409836065574,0.01639344262295082,0.6885245901639344,0.2786885245901639,0.03278688524590164,13.0,0.11475409836065574,0.06852525252525252,80.05404839515674,0.004219371593931947,0.9493586086346882,0.9682908423598583,0.0,0.7083333333333334,0.14222222222222222,0.30666666666666664,nan,0.5107084214687347,0.5107084214687347,0.38287658989429474,nan,nan,nan,nan,nan,nan,nan,nan,nan,nan,nan,nan,nan,nan,nan,nan,nan,nan,nan,nan,nan,nan,nan,nan,nan,nan,nan,nan,nan,nan,nan,nan,nan,nan,nan,nan,nan,nan,nan,nan,nan,nan,nan,nan,nan,nan,nan,nan,nan,nan,nan,nan,nan
1148,136447,0.10213038277622913,-4.501198525428774,0.40444444444444444,0,167,0.5389221556886228,0.1317365269461078,0.17365269461077845,0.04790419161676647,0.011976047904191617,0.844311377245509,0.1497005988023952,0.005988023952095809,51.0,0.30538922155688625,0.05714285714285715,120.61141452789273,0.0033164356919758668,0.7461980306945699,0.9000405884489625,0.0,0.5,0.20444444444444446,0.36444444444444446,0.40444444444444444,0.5448304861783981,0.5448304861783981,0.5140235498547554,nan,nan,nan,nan,nan,nan,nan,nan,nan,nan,nan,nan,nan,nan,nan,nan,nan,nan,nan,nan,nan,nan,nan,nan,nan,nan,nan,nan,nan,nan,nan,nan,nan,nan,nan,nan,nan,nan,nan,nan,nan,nan,nan,nan,nan,nan,nan,nan,nan,nan,nan,nan,nan
1149,136570,0.10326449377116217,-17.923669961929292,0.27555555555555555,-1,123,0.4959349593495935,0.0,0.42276422764227645,0.008130081300813009,0.008130081300813009,0.9186991869918699,0.06504065040650407,0.016260162601626018,53.0,0.3902439024390244,0.05569082125603865,94.67304725646953,0.002863656753084861,0.6443227694440936,0.5989172970269383,0.0,0.7777777777777778,0.06666666666666667,0.19111111111111112,nan,0.5553367584943771,0.5553367584943771,0.5955565422773361,nan,nan,nan,nan,nan,nan,nan,nan,nan,nan,nan,nan,nan,nan,nan,nan,nan,nan,nan,nan,nan,nan,nan,nan,nan,nan,nan,nan,nan,nan,nan,nan,nan,nan,nan,nan,nan,nan,nan,nan,nan,nan,nan,nan,nan,nan,nan,nan,nan,nan,nan,nan,nan
1150,136629,0.10380765393784919,-1.7682524604797363,0.20444444444444446,-1,59,0.7627118644067796,0.05084745762711865,0.0,0.06779661016949153,0.05084745762711865,0.8135593220338984,0.1694915254237288,0.01694915254237288,4.0,0.0,0.07983539094650206,49.707166290283176,0.004023564707592199,0.9053020592082446,0.8995256933569882,0.0,0.8571428571428571,0.18222222222222223,nan,nan,0.5935456901788712,0.5935456901788712,0.6755306273698807,nan,nan,nan,nan,nan,nan,nan,nan,nan,nan,nan,nan,nan,nan,nan,nan,nan,nan,nan,nan,nan,nan,nan,nan,nan,nan,nan,nan,nan,nan,nan,nan,nan,nan,nan,nan,nan,nan,nan,nan,nan,nan,nan,nan,nan,nan,nan,nan,nan,nan,nan,nan,nan
1151,136714,0.10458921150887504,-8.278296025037768,0.17777777777777778,-1,85,0.4588235294117647,0.03529411764705882,0.4117647058823529,0.023529411764705882,0.023529411764705882,0.9058823529411765,0.08235294117647059,0.011764705882352941,27.0,0.3176470588235294,0.05,69.03139071464533,0.002510934975217874,0.5649603694240216,0.7367958079230407,0.0,0.8333333333333334,0.06666666666666667,nan,nan,0.6245899796485901,0.6245899796485901,0.7696673423051834,nan,nan,nan,nan,nan,nan,nan,nan,nan,nan,nan,nan,nan,nan,nan,nan,nan,nan,nan,nan,nan,nan,nan,nan,nan,nan,nan,nan,nan,nan,nan,nan,nan,nan,nan,nan,nan,nan,nan,nan,nan,nan,nan,nan,nan,nan,nan,nan,nan,nan,nan,nan,nan
1152,136792,0.10530540790530399,-0.7437928671836845,0.25333333333333335,0,78,0.717948717948718,0.10256410256410256,0.01282051282051282,0.01282051282051282,0.02564102564102564,0.8333333333333334,0.16666666666666666,0.0,5.0,0.0,0.08666666666666673,60.102789211273176,0.0041410538870999035,0.9317371245974782,0.9887348761994826,0.0,0.8333333333333334,0.17777777777777778,nan,nan,0.6169464439153671,0.6169464439153671,0.6406794264912605,nan,nan,nan,nan,nan,nan,nan,nan,nan,nan,nan,nan,nan,nan,nan,nan,nan,nan,nan,nan,nan,nan,nan,nan,nan,nan,nan,nan,nan,nan,nan,nan,nan,nan,nan,nan,nan,nan,nan,nan,nan,nan,nan,nan,nan,nan,nan,nan,nan,nan,nan,nan,nan
1153,136884,0.106148926486775,-0.46210923051834085,0.3111111111111111,0,92,0.75,0.043478260869565216,0.0,0.043478260869565216,0.021739130434782608,0.7934782608695652,0.16304347826086957,0.043478260869565216,5.0,0.0,0.08450980392156864,70.62008790969844,0.004342484918155297,0.9770591065849417,0.963450522171869,0.0,0.8666666666666667,0.19111111111111112,nan,nan,0.6046446561813354,0.6046446561813354,0.5349544882774353,nan,nan,nan,nan,nan,nan,nan,nan,nan,nan,nan,nan,nan,nan,nan,nan,nan,nan,nan,nan,nan,nan,nan,nan,nan,nan,nan,nan,nan,nan,nan,nan,nan,nan,nan,nan,nan,nan,nan,nan,nan,nan,nan,nan,nan,nan,nan,nan,nan,nan,nan,nan,nan
1154,136958,0.10682644697257129,-1.585969321727752,0.2577777777777778,0,74,0.7702702702702703,0.013513513513513514,0.12162162162162163,0.013513513513513514,0.02702702702702703,0.9054054054054054,0.08108108108108109,0.013513513513513514,10.0,0.06756756756756757,0.08561728395061728,60.066374492645224,0.004217556585912348,0.9489502318302783,0.8823661838273991,0.0,1.0,0.17333333333333334,nan,nan,0.510921061038971,0.510921061038971,0.5299559310078621,nan,nan,nan,nan,nan,nan,nan,nan,nan,nan,nan,nan,nan,nan,nan,nan,nan,nan,nan,nan,nan,nan,nan,nan,nan,nan,nan,nan,nan,nan,nan,nan,nan,nan,nan,nan,nan,nan,nan,nan,nan,nan,nan,nan,nan,nan,nan,nan,nan,nan,nan,nan,nan
1155,137053,0.10769498103804867,-0.4606184310913064,0.3377777777777778,-1,95,0.7894736842105263,0.06315789473684211,0.010526315789473684,0.010526315789473684,0.031578947368421054,0.8631578947368421,0.11578947368421053,0.021052631578947368,6.0,0.010526315789473684,0.08638888888888889,76.62493743896478,0.004350193872573774,0.9787936213290991,0.9330899743193527,0.0,0.8333333333333334,0.19555555555555557,nan,nan,0.5390895828604698,0.5390895828604698,0.6900438815355301,nan,nan,nan,nan,nan,nan,nan,nan,nan,nan,nan,nan,nan,nan,nan,nan,nan,nan,nan,nan,nan,nan,nan,nan,nan,nan,nan,nan,nan,nan,nan,nan,nan,nan,nan,nan,nan,nan,nan,nan,nan,nan,nan,nan,nan,nan,nan,nan,nan,nan,nan,nan,nan
1156,137130,0.10691802799332092,-1.961316117763519,0.23555555555555555,-2,77,0.6753246753246753,0.15584415584415584,0.012987012987012988,0.03896103896103896,0.03896103896103896,0.8441558441558441,0.12987012987012986,0.025974025974025976,18.0,0.16883116883116883,0.08333333333333334,63.75539159774773,0.003624965753002692,0.8156172944256057,0.9907072344204698,0.0,0.6666666666666666,0.2,nan,nan,0.5313570946455002,0.5313570946455002,0.48894836008548737,nan,nan,nan,nan,nan,nan,nan,nan,nan,nan,nan,nan,nan,nan,nan,nan,nan,nan,nan,nan,nan,nan,nan,nan,nan,nan,nan,nan,nan,nan,nan,nan,nan,nan,nan,nan,nan,nan,nan,nan,nan,nan,nan,nan,nan,nan,nan,nan,nan,nan,nan,nan,nan
1157,137314,0.10506535188130632,-2.1678784346580495,0.49777777777777776,0,184,0.6032608695652174,0.2391304347826087,0.0,0.010869565217391304,0.0,0.842391304347826,0.15217391304347827,0.005434782608695652,15.0,0.1358695652173913,0.06561728395061728,160.27503271102913,0.003078042318810803,0.6925595217324306,0.9767108603750085,0.0,0.6923076923076923,0.2088888888888889,0.3244444444444444,0.44,0.6094298809766769,0.6094298809766769,0.6830952391028404,nan,nan,nan,nan,nan,nan,nan,nan,nan,nan,nan,nan,nan,nan,nan,nan,nan,nan,nan,nan,nan,nan,nan,nan,nan,nan,nan,nan,nan,nan,nan,nan,nan,nan,nan,nan,nan,nan,nan,nan,nan,nan,nan,nan,nan,nan,nan,nan,nan,nan,nan,nan,nan
1158,137360,0.10460304953036378,-0.9665940051078792,0.17777777777777778,0,46,0.8478260869565217,0.0,0.021739130434782608,0.021739130434782608,0.06521739130434782,0.8695652173913043,0.10869565217391304,0.021739130434782608,2.0,0.0,0.09470899470899471,35.48184766769411,0.004885127036130976,1.0991535831294696,0.9396355321182359,0.0,1.0,nan,nan,nan,0.6343403905630112,0.6343403905630112,0.6671774461865425,nan,nan,nan,nan,nan,nan,nan,nan,nan,nan,nan,nan,nan,nan,nan,nan,nan,nan,nan,nan,nan,nan,nan,nan,nan,nan,nan,nan,nan,nan,nan,nan,nan,nan,nan,nan,nan,nan,nan,nan,nan,nan,nan,nan,nan,nan,nan,nan,nan,nan,nan,nan,nan
1159,137473,0.1034688634640582,0.07632481241226352,0.37333333333333335,0,113,0.7345132743362832,0.1504424778761062,0.0,0.008849557522123894,0.008849557522123894,0.8849557522123894,0.10619469026548672,0.008849557522123894,14.0,0.07964601769911504,0.07377777777777778,90.10166845321642,0.004094140488424223,0.9211816098954502,0.9710020750215829,0.0,0.9166666666666666,0.19555555555555557,0.37333333333333335,nan,0.5379076898097992,0.5379076898097992,0.4386133626103401,nan,nan,nan,nan,nan,nan,nan,nan,nan,nan,nan,nan,nan,nan,nan,nan,nan,nan,nan,nan,nan,nan,nan,nan,nan,nan,nan,nan,nan,nan,nan,nan,nan,nan,nan,nan,nan,nan,nan,nan,nan,nan,nan,nan,nan,nan,nan,nan,nan,nan,nan,nan,nan
1160,137555,0.10264713247424273,-0.8180462086200715,0.29333333333333333,-2,82,0.7926829268292683,0.08536585365853659,0.0,0.012195121951219513,0.036585365853658534,0.8780487804878049,0.10975609756097561,0.012195121951219513,8.0,0.036585365853658534,0.08936507936507937,67.24805912971492,0.004295869540735005,0.9665706466653762,0.9636113133689305,0.0,0.8888888888888888,0.19555555555555557,nan,nan,0.5796457082033157,0.5796457082033157,0.5056802853941917,-38.481208599901194,0.2911111111111111,0.1,132.7,0.1,0.9,0.5795838110271606,0.17862660460486307,0.0032680604228715986,0.1458032135553608,0.015394338062288775,0.7614784760548953,0.23852152394510467,0.0,45.1,0.2669887492311339,0.06439501856168522,94.76198666572554,0.0032026639472505997,0.7205993881313849,0.8582764281075551,0.0,0.8060062486533075,0.19377777777777777,0.2901587301587301,0.3066666666666667,-48.337641182851776,0.22755555555555557,-0.6,106.4,0.1,0.9,0.5904553810257855,0.10059984759733405,0.006019325201964201,0.21905201790131298,0.021842839027388417,0.6970745538250838,0.3029254461749162,0.0,44.9,0.25824849189565896,0.06489767114575298,70.14039221763598,0.003250238974322766,0.7313037692226223,0.8246769850039837,0.0,0.9025000000000001,0.16987654320987655,0.21444444444444444,0.12222222222222223,0.6000888888888889
1161,137633,0.10186650462518748,-0.6975411195755002,0.26666666666666666,0,78,0.7564102564102564,0.05128205128205128,0.01282051282051282,0.05128205128205128,0.02564102564102564,0.8205128205128205,0.14102564102564102,0.038461538461538464,10.0,0.0641025641025641,0.08999999999999996,60.090867805480954,0.004363761613013428,0.9818463629280212,0.8459238304775673,0.0,0.7,0.18666666666666668,nan,nan,0.54195736348629,0.54195736348629,0.5004666671156883,nan,nan,nan,nan,nan,nan,nan,nan,nan,nan,nan,nan,nan,nan,nan,nan,nan,nan,nan,nan,nan,nan,nan,nan,nan,nan,nan,nan,nan,nan,nan,nan,nan,nan,nan,nan,nan,nan,nan,nan,nan,nan,nan,nan,nan,nan,nan,nan,nan,nan,nan,nan,nan
1162,137752,0.10067745812283764,1.0082289721965805,0.43555555555555553,0,119,0.8151260504201681,0.01680672268907563,0.0,0.025210084033613446,0.01680672268907563,0.8319327731092437,0.13445378151260504,0.03361344537815126,3.0,0.0,0.09015204678362572,90.26448597908004,0.004776087809451734,1.07461975712664,0.955157711072256,0.0,0.9411764705882353,0.20444444444444446,0.37333333333333335,nan,0.5933929979801178,0.5933929979801178,0.5412851274013519,nan,nan,nan,nan,nan,nan,nan,nan,nan,nan,nan,nan,nan,nan,nan,nan,nan,nan,nan,nan,nan,nan,nan,nan,nan,nan,nan,nan,nan,nan,nan,nan,nan,nan,nan,nan,nan,nan,nan,nan,nan,nan,nan,nan,nan,nan,nan,nan,nan,nan,nan,nan,nan
1163,138002,0.09818696876412662,-55.22111214637756,0.10666666666666667,2,250,0.092,0.056,0.008,0.756,0.0,0.156,0.836,0.008,177.0,0.836,0.010222222222222223,102.91535377502399,0.0009932650325983725,0.22348463233463378,0.6885633407590697,0.008,0.3333333333333333,0.09777777777777778,0.10666666666666667,0.10666666666666667,0.5536805465817451,0.5536805465817451,0.5574265047907829,nan,nan,nan,nan,nan,nan,nan,nan,nan,nan,nan,nan,nan,nan,nan,nan,nan,nan,nan,nan,nan,nan,nan,nan,nan,nan,nan,nan,nan,nan,nan,nan,nan,nan,nan,nan,nan,nan,nan,nan,nan,nan,nan,nan,nan,nan,nan,nan,nan,nan,nan,nan,nan
1164,138252,0.09570662614593353,-22.597669054508202,0.24888888888888888,1,250,0.22,0.084,0.0,0.572,0.004,0.304,0.692,0.004,43.0,0.536,0.024444444444444442,127.26351480483973,0.0019207739533149246,0.43217413949585803,0.8457318260507309,0.004,0.4838709677419355,0.11555555555555555,0.13333333333333333,0.2,0.6124582588672638,0.6124582588672638,0.6613692194223404,nan,nan,nan,nan,nan,nan,nan,nan,nan,nan,nan,nan,nan,nan,nan,nan,nan,nan,nan,nan,nan,nan,nan,nan,nan,nan,nan,nan,nan,nan,nan,nan,nan,nan,nan,nan,nan,nan,nan,nan,nan,nan,nan,nan,nan,nan,nan,nan,nan,nan,nan,nan,nan
1165,138502,0.09323639882110535,-36.325314914703355,0.21333333333333335,3,250,0.188,0.056,0.008,0.616,0.0,0.252,0.744,0.004,49.0,0.584,0.02088888888888889,108.38395156860315,0.001927304604286085,0.4336435359643691,0.7737760639960495,0.004,0.53125,0.08888888888888889,0.10222222222222223,0.10666666666666667,0.5979844406247139,0.5979844406247139,0.61296746134758,nan,nan,nan,nan,nan,nan,nan,nan,nan,nan,nan,nan,nan,nan,nan,nan,nan,nan,nan,nan,nan,nan,nan,nan,nan,nan,nan,nan,nan,nan,nan,nan,nan,nan,nan,nan,nan,nan,nan,nan,nan,nan,nan,nan,nan,nan,nan,nan,nan,nan,nan,nan,nan
1166,138565,0.09261549352743573,-0.4509116861820217,0.24444444444444444,0,63,0.8571428571428571,0.031746031746031744,0.0,0.031746031746031744,0.031746031746031744,0.8888888888888888,0.09523809523809523,0.015873015873015872,3.0,0.0,0.09367521367521366,50.64677796363828,0.004738702236345762,1.0662080031777965,0.9626330826706225,0.0,1.0,0.2,nan,nan,0.6226697564125061,0.6226697564125061,0.514714203774929,nan,nan,nan,nan,nan,nan,nan,nan,nan,nan,nan,nan,nan,nan,nan,nan,nan,nan,nan,nan,nan,nan,nan,nan,nan,nan,nan,nan,nan,nan,nan,nan,nan,nan,nan,nan,nan,nan,nan,nan,nan,nan,nan,nan,nan,nan,nan,nan,nan,nan,nan,nan,nan
1167,138715,0.09113972209776645,0.7668805217742929,0.5022222222222222,0,150,0.7466666666666667,0.12666666666666668,0.006666666666666667,0.013333333333333334,0.006666666666666667,0.88,0.10666666666666667,0.013333333333333334,11.0,0.04666666666666667,0.08296296296296297,120.4106616973875,0.004134000849765099,0.9301501911971473,0.9140482200549116,0.0,0.8125,0.20444444444444446,0.39111111111111113,0.5022222222222222,0.5423306599259377,0.5423306599259377,0.5480566844344139,nan,nan,nan,nan,nan,nan,nan,nan,nan,nan,nan,nan,nan,nan,nan,nan,nan,nan,nan,nan,nan,nan,nan,nan,nan,nan,nan,nan,nan,nan,nan,nan,nan,nan,nan,nan,nan,nan,nan,nan,nan,nan,nan,nan,nan,nan,nan,nan,nan,nan,nan,nan,nan
1168,138846,0.08985384369655962,-1.1148512797355645,0.38666666666666666,0,131,0.6564885496183206,0.21374045801526717,0.007633587786259542,0.0,0.007633587786259542,0.8778625954198473,0.11450381679389313,0.007633587786259542,15.0,0.1297709923664122,0.07308641975308643,110.37001218795754,0.0034630984870356522,0.7791971595830217,0.973341156700878,0.0,0.6875,0.20444444444444446,0.28444444444444444,nan,0.7447620183229446,0.7447620183229446,0.8033488094806671,nan,nan,nan,nan,nan,nan,nan,nan,nan,nan,nan,nan,nan,nan,nan,nan,nan,nan,nan,nan,nan,nan,nan,nan,nan,nan,nan,nan,nan,nan,nan,nan,nan,nan,nan,nan,nan,nan,nan,nan,nan,nan,nan,nan,nan,nan,nan,nan,nan,nan,nan,nan,nan
1169,138961,0.08872729175702335,0.5937674508094788,0.4311111111111111,0,115,0.8347826086956521,0.043478260869565216,0.0,0.008695652173913044,0.017391304347826087,0.8782608695652174,0.12173913043478261,0.0,4.0,0.0,0.09244444444444444,94.39269094467149,0.004520123988379126,1.0170278973853033,0.9509092562005907,0.0,0.9230769230769231,0.20444444444444446,0.37777777777777777,nan,0.7615947723388672,0.7615947723388672,0.6032573282718658,nan,nan,nan,nan,nan,nan,nan,nan,nan,nan,nan,nan,nan,nan,nan,nan,nan,nan,nan,nan,nan,nan,nan,nan,nan,nan,nan,nan,nan,nan,nan,nan,nan,nan,nan,nan,nan,nan,nan,nan,nan,nan,nan,nan,nan,nan,nan,nan,nan,nan,nan,nan,nan
1170,139063,0.08772986468859992,-0.3542464632987967,0.3511111111111111,0,102,0.7647058823529411,0.058823529411764705,0.0,0.029411764705882353,0.00980392156862745,0.8235294117647058,0.12745098039215685,0.049019607843137254,8.0,0.029411764705882353,0.07955555555555549,83.35472822189323,0.004158932241298032,0.935759754292057,0.9781962831562635,0.0,1.0,0.19555555555555557,0.3466666666666667,nan,0.5675464794039726,0.5675464794039726,0.5614951029419899,nan,nan,nan,nan,nan,nan,nan,nan,nan,nan,nan,nan,nan,nan,nan,nan,nan,nan,nan,nan,nan,nan,nan,nan,nan,nan,nan,nan,nan,nan,nan,nan,nan,nan,nan,nan,nan,nan,nan,nan,nan,nan,nan,nan,nan,nan,nan,nan,nan,nan,nan,nan,nan
1171,139172,0.08666582916150098,0.894040232658387,0.37777777777777777,0,109,0.7706422018348624,0.07339449541284404,0.01834862385321101,0.0,0.009174311926605505,0.8623853211009175,0.12844036697247707,0.009174311926605505,8.0,0.027522935779816515,0.08572839506172839,80.49485492706282,0.004637977590885956,1.04354495794934,0.9892516249976715,0.0,0.9333333333333333,0.2,0.3466666666666667,nan,0.6164229214191437,0.6164229214191437,0.6823162212967873,nan,nan,nan,nan,nan,nan,nan,nan,nan,nan,nan,nan,nan,nan,nan,nan,nan,nan,nan,nan,nan,nan,nan,nan,nan,nan,nan,nan,nan,nan,nan,nan,nan,nan,nan,nan,nan,nan,nan,nan,nan,nan,nan,nan,nan,nan,nan,nan,nan,nan,nan,nan,nan
1172,139328,0.0851462959827782,0.06233941936492671,0.4622222222222222,-2,156,0.6602564102564102,0.15384615384615385,0.00641025641025641,0.05128205128205128,0.00641025641025641,0.8205128205128205,0.16666666666666666,0.01282051282051282,22.0,0.11538461538461539,0.06941798941798942,116.44438648223849,0.003931299666795046,0.8845424250288855,0.9468983615590681,0.0,0.85,0.2088888888888889,0.36444444444444446,0.4533333333333333,0.5783314257860184,0.5783314257860184,0.6058968156576157,nan,nan,nan,nan,nan,nan,nan,nan,nan,nan,nan,nan,nan,nan,nan,nan,nan,nan,nan,nan,nan,nan,nan,nan,nan,nan,nan,nan,nan,nan,nan,nan,nan,nan,nan,nan,nan,nan,nan,nan,nan,nan,nan,nan,nan,nan,nan,nan,nan,nan,nan,nan,nan
1173,139398,0.08446571780856497,-1.563037269115448,0.21777777777777776,0,70,0.6857142857142857,0.22857142857142856,0.0,0.0,0.02857142857142857,0.9142857142857143,0.08571428571428572,0.0,17.0,0.17142857142857143,0.07222222222222222,60.02892637252805,0.0035538422261532283,0.7996145008844765,0.9246872097211317,0.0,0.8333333333333334,0.20444444444444446,nan,nan,0.6650023311376572,0.6650023311376572,0.6726275980472565,nan,nan,nan,nan,nan,nan,nan,nan,nan,nan,nan,nan,nan,nan,nan,nan,nan,nan,nan,nan,nan,nan,nan,nan,nan,nan,nan,nan,nan,nan,nan,nan,nan,nan,nan,nan,nan,nan,nan,nan,nan,nan,nan,nan,nan,nan,nan,nan,nan,nan,nan,nan,nan
1174,139439,0.08406745656242878,-1.0136374402046202,0.16,0,41,0.8536585365853658,0.024390243902439025,0.0,0.0,0.07317073170731707,0.8780487804878049,0.12195121951219512,0.0,1.0,0.0,0.09402777777777778,31.691785144805923,0.00490838729483972,1.104387141338937,1.0,0.0,1.0,nan,nan,nan,0.6543071866035461,0.6543071866035461,0.632777065038681,nan,nan,nan,nan,nan,nan,nan,nan,nan,nan,nan,nan,nan,nan,nan,nan,nan,nan,nan,nan,nan,nan,nan,nan,nan,nan,nan,nan,nan,nan,nan,nan,nan,nan,nan,nan,nan,nan,nan,nan,nan,nan,nan,nan,nan,nan,nan,nan,nan,nan,nan,nan,nan
1175,139518,0.0833008309271352,-0.7938465569019305,0.27555555555555555,0,79,0.7721518987341772,0.10126582278481013,0.0,0.02531645569620253,0.02531645569620253,0.8734177215189873,0.11392405063291139,0.012658227848101266,6.0,0.012658227848101266,0.07944444444444446,64.9985386371612,0.004171033946232608,0.9384826379023367,0.97390857502611,0.012658227848101266,0.875,0.19555555555555557,nan,nan,0.7502859532833099,0.7502859532833099,0.6267879828810692,nan,nan,nan,nan,nan,nan,nan,nan,nan,nan,nan,nan,nan,nan,nan,nan,nan,nan,nan,nan,nan,nan,nan,nan,nan,nan,nan,nan,nan,nan,nan,nan,nan,nan,nan,nan,nan,nan,nan,nan,nan,nan,nan,nan,nan,nan,nan,nan,nan,nan,nan,nan,nan
1176,139567,0.08282582863389396,-1.057937708139419,0.19111111111111112,0,49,0.8571428571428571,0.02040816326530612,0.0,0.0,0.04081632653061224,0.8775510204081632,0.12244897959183673,0.0,1.0,0.0,0.09518518518518519,41.18035912513733,0.004532905264362339,1.0199036844815261,0.949308728494945,0.0,1.0,nan,nan,nan,0.5145252123475075,0.5145252123475075,0.5337000861763954,nan,nan,nan,nan,nan,nan,nan,nan,nan,nan,nan,nan,nan,nan,nan,nan,nan,nan,nan,nan,nan,nan,nan,nan,nan,nan,nan,nan,nan,nan,nan,nan,nan,nan,nan,nan,nan,nan,nan,nan,nan,nan,nan,nan,nan,nan,nan,nan,nan,nan,nan,nan,nan
1177,139642,0.08209952460446476,-1.0307276542186736,0.25333333333333335,0,75,0.7466666666666667,0.09333333333333334,0.0,0.02666666666666667,0.02666666666666667,0.84,0.13333333333333333,0.02666666666666667,11.0,0.08,0.08296296296296297,60.62597765922539,0.0041053175305126935,0.9236964443653559,0.9921895141649748,0.013333333333333334,0.8888888888888888,0.2,nan,nan,0.5785215049982071,0.5785215049982071,0.588179849088192,nan,nan,nan,nan,nan,nan,nan,nan,nan,nan,nan,nan,nan,nan,nan,nan,nan,nan,nan,nan,nan,nan,nan,nan,nan,nan,nan,nan,nan,nan,nan,nan,nan,nan,nan,nan,nan,nan,nan,nan,nan,nan,nan,nan,nan,nan,nan,nan,nan,nan,nan,nan,nan
1178,139738,0.08117116099872379,-7.3058916406631464,0.19111111111111112,0,96,0.4375,0.10416666666666667,0.23958333333333334,0.07291666666666667,0.010416666666666666,0.78125,0.21875,0.0,27.0,0.3333333333333333,0.04666666666666667,80.37992038726811,0.002322304697084945,0.5225185568441126,0.8616309934255155,0.0,0.5,0.17333333333333334,nan,nan,0.5786164700984955,0.5786164700984955,0.7179273590445518,nan,nan,nan,nan,nan,nan,nan,nan,nan,nan,nan,nan,nan,nan,nan,nan,nan,nan,nan,nan,nan,nan,nan,nan,nan,nan,nan,nan,nan,nan,nan,nan,nan,nan,nan,nan,nan,nan,nan,nan,nan,nan,nan,nan,nan,nan,nan,nan,nan,nan,nan,nan,nan
1179,139863,0.07996454852014617,-0.36846961116790555,0.4222222222222222,-1,125,0.752,0.08,0.008,0.032,0.016,0.84,0.144,0.016,5.0,0.0,0.08355555555555555,102.31875820159907,0.004083100548920155,0.9186976235070349,0.9657183864720127,0.0,0.8125,0.18666666666666668,0.35555555555555557,nan,0.6670971363782883,0.6670971363782883,0.5589193478226662,nan,nan,nan,nan,nan,nan,nan,nan,nan,nan,nan,nan,nan,nan,nan,nan,nan,nan,nan,nan,nan,nan,nan,nan,nan,nan,nan,nan,nan,nan,nan,nan,nan,nan,nan,nan,nan,nan,nan,nan,nan,nan,nan,nan,nan,nan,nan,nan,nan,nan,nan,nan,nan
1180,139947,0.07915509767366283,-0.6082071142196651,0.3022222222222222,0,84,0.7976190476190477,0.047619047619047616,0.011904761904761904,0.011904761904761904,0.011904761904761904,0.8571428571428571,0.11904761904761904,0.023809523809523808,3.0,0.0,0.09024691358024692,70.46863918304437,0.004225677992791818,0.950777548378159,0.9879948075186039,0.0,1.0,0.19111111111111112,nan,nan,0.6453289017081261,0.6453289017081261,0.730683907866478,-1.9686357299804687,0.3044444444444444,-0.7,105.9,0.0,1.0,0.685140776199249,0.14864001527546494,0.02716577540106952,0.025548907516157605,0.023018400208379676,0.8609465668757835,0.13905343312421653,0.0,14.2,0.12067218459263396,0.07433908846189548,86.31653076171861,0.003605063471094775,0.8111392809963242,0.9509091110866874,0.0,0.7786864442746795,0.19511111111111112,0.3208888888888889,0.40444444444444444,-3.4570430357456217,0.25200000000000006,0.0,80.5,0.0,1.0,0.7287424990496016,0.07085174553992481,0.08303490881306515,0.021100423239707584,0.02572672405718383,0.8826291534025916,0.1173708465974084,0.0,13.0,0.09976926741498399,0.08043807529918641,67.41945748329157,0.003866898805972161,0.8700522313437361,0.8862194451687728,0.0,0.9332142857142858,0.17,0.27666666666666667,nan,0.6782222222222222
1181,140133,0.07736671971928072,-12.071070465564725,0.38222222222222224,0,186,0.45698924731182794,0.15591397849462366,0.21505376344086022,0.053763440860215055,0.0,0.8279569892473119,0.16666666666666666,0.005376344086021506,40.0,0.27956989247311825,0.049343434343434356,140.00067110061642,0.002698399763428809,0.607139946771482,0.8332637034655014,0.0,0.7272727272727273,0.17777777777777778,0.32,0.3688888888888889,0.5513704791665077,0.5513704791665077,0.7721092849969864,nan,nan,nan,nan,nan,nan,nan,nan,nan,nan,nan,nan,nan,nan,nan,nan,nan,nan,nan,nan,nan,nan,nan,nan,nan,nan,nan,nan,nan,nan,nan,nan,nan,nan,nan,nan,nan,nan,nan,nan,nan,nan,nan,nan,nan,nan,nan,nan,nan,nan,nan,nan,nan
1182,140195,0.07677180985779208,-1.4700303304195403,0.22666666666666666,-2,62,0.8064516129032258,0.0,0.0,0.08064516129032258,0.04838709677419355,0.8064516129032258,0.16129032258064516,0.03225806451612903,6.0,0.016129032258064516,0.09172839506172838,50.314574575424146,0.004416657083905174,0.9937478438786642,0.9695626479858446,0.016129032258064516,1.0,0.17777777777777778,nan,nan,0.5896549373865128,0.5896549373865128,0.7801891714334488,nan,nan,nan,nan,nan,nan,nan,nan,nan,nan,nan,nan,nan,nan,nan,nan,nan,nan,nan,nan,nan,nan,nan,nan,nan,nan,nan,nan,nan,nan,nan,nan,nan,nan,nan,nan,nan,nan,nan,nan,nan,nan,nan,nan,nan,nan,nan,nan,nan,nan,nan,nan,nan
1183,140306,0.07570824584757133,0.08328710222244373,0.40444444444444444,0,111,0.8108108108108109,0.02702702702702703,0.06306306306306306,0.009009009009009009,0.009009009009009009,0.9009009009009009,0.09009009009009009,0.009009009009009009,8.0,0.02702702702702703,0.0833939393939394,90.05440855026231,0.004441759225776792,0.9993958257997781,0.9064383587573118,0.0,1.0,0.2,0.39111111111111113,nan,0.6797114834189415,0.6797114834189415,0.9299921467900276,nan,nan,nan,nan,nan,nan,nan,nan,nan,nan,nan,nan,nan,nan,nan,nan,nan,nan,nan,nan,nan,nan,nan,nan,nan,nan,nan,nan,nan,nan,nan,nan,nan,nan,nan,nan,nan,nan,nan,nan,nan,nan,nan,nan,nan,nan,nan,nan,nan,nan,nan,nan,nan
1184,140556,0.0733199463619329,-47.125791932821265,0.30666666666666664,2,250,0.272,0.044,0.016,0.592,0.004,0.332,0.664,0.004,129.0,0.636,0.030222222222222216,121.1980184078211,0.00249362346177369,0.5610652788990802,0.7187240572187744,0.0,0.5,0.19555555555555557,0.28888888888888886,0.30666666666666664,0.6340485662221909,0.6340485662221909,0.6435089707374573,nan,nan,nan,nan,nan,nan,nan,nan,nan,nan,nan,nan,nan,nan,nan,nan,nan,nan,nan,nan,nan,nan,nan,nan,nan,nan,nan,nan,nan,nan,nan,nan,nan,nan,nan,nan,nan,nan,nan,nan,nan,nan,nan,nan,nan,nan,nan,nan,nan,nan,nan,nan,nan
1185,140597,0.0729292042703894,-1.532009362220764,0.16444444444444445,-1,41,0.8780487804878049,0.0,0.0,0.0,0.07317073170731707,0.8780487804878049,0.12195121951219512,0.0,1.0,0.0,0.0975,35.676279640197755,0.004484772560749922,1.0090738261687324,0.9928562629557695,0.0,1.0,nan,nan,nan,0.668570414185524,0.668570414185524,0.8649458587169647,nan,nan,nan,nan,nan,nan,nan,nan,nan,nan,nan,nan,nan,nan,nan,nan,nan,nan,nan,nan,nan,nan,nan,nan,nan,nan,nan,nan,nan,nan,nan,nan,nan,nan,nan,nan,nan,nan,nan,nan,nan,nan,nan,nan,nan,nan,nan,nan,nan,nan,nan,nan,nan
1186,140755,0.07142588769262075,-16.892175159931185,0.17333333333333334,0,158,0.24050632911392406,0.08227848101265822,0.0,0.5189873417721519,0.006329113924050633,0.3227848101265823,0.6708860759493671,0.006329113924050633,62.0,0.4620253164556962,0.02412698412698413,110.42071580886812,0.001529503659270112,0.34413832333577515,0.8386585468257719,0.006329113924050633,0.5833333333333334,0.13777777777777778,0.16444444444444445,0.17333333333333334,0.6267893835902214,0.6267893835902214,0.7730052173137665,nan,nan,nan,nan,nan,nan,nan,nan,nan,nan,nan,nan,nan,nan,nan,nan,nan,nan,nan,nan,nan,nan,nan,nan,nan,nan,nan,nan,nan,nan,nan,nan,nan,nan,nan,nan,nan,nan,nan,nan,nan,nan,nan,nan,nan,nan,nan,nan,nan,nan,nan,nan,nan
1187,140943,0.06964223308996748,-6.175023282289506,0.3422222222222222,0,188,0.40425531914893614,0.14361702127659576,0.06382978723404255,0.22340425531914893,0.010638297872340425,0.6117021276595744,0.3882978723404255,0.0,25.0,0.28191489361702127,0.04273504273504272,120.68593602180448,0.002798816406550893,0.6297336914739509,0.9099027321660521,0.0,0.5483870967741935,0.14666666666666667,0.2577777777777778,0.28,0.5627602860331535,0.5627602860331535,0.6254800707101822,nan,nan,nan,nan,nan,nan,nan,nan,nan,nan,nan,nan,nan,nan,nan,nan,nan,nan,nan,nan,nan,nan,nan,nan,nan,nan,nan,nan,nan,nan,nan,nan,nan,nan,nan,nan,nan,nan,nan,nan,nan,nan,nan,nan,nan,nan,nan,nan,nan,nan,nan,nan,nan
1188,141062,0.06851607749591278,-1.178541811466217,0.3688888888888889,-2,119,0.6890756302521008,0.17647058823529413,0.0,0.0,0.01680672268907563,0.865546218487395,0.12605042016806722,0.008403361344537815,11.0,0.09243697478991597,0.07316959064327486,100.1384934425353,0.0036394041084069403,0.8188659243915616,0.9890644589306662,0.0,0.75,0.19555555555555557,0.36444444444444446,nan,0.6259737461805344,0.6259737461805344,0.7881302833557129,nan,nan,nan,nan,nan,nan,nan,nan,nan,nan,nan,nan,nan,nan,nan,nan,nan,nan,nan,nan,nan,nan,nan,nan,nan,nan,nan,nan,nan,nan,nan,nan,nan,nan,nan,nan,nan,nan,nan,nan,nan,nan,nan,nan,nan,nan,nan,nan,nan,nan,nan,nan,nan
1189,141122,0.06794910740349507,-1.9379338765144347,0.19111111111111112,0,60,0.7,0.03333333333333333,0.0,0.15,0.03333333333333333,0.7333333333333333,0.25,0.016666666666666666,8.0,0.05,0.07555555555555556,46.40889406204223,0.004022217517554272,0.904998941449711,0.9553331826051484,0.0,1.0,0.16444444444444445,nan,nan,0.6692818105220795,0.6692818105220795,1.0298736244440079,nan,nan,nan,nan,nan,nan,nan,nan,nan,nan,nan,nan,nan,nan,nan,nan,nan,nan,nan,nan,nan,nan,nan,nan,nan,nan,nan,nan,nan,nan,nan,nan,nan,nan,nan,nan,nan,nan,nan,nan,nan,nan,nan,nan,nan,nan,nan,nan,nan,nan,nan,nan,nan
1190,141277,0.06648703577272311,-22.406769086122512,0.19555555555555557,0,155,0.27741935483870966,0.07741935483870968,0.34838709677419355,0.16774193548387098,0.0064516129032258064,0.7032258064516129,0.2967741935483871,0.0,53.0,0.47096774193548385,0.027301587301587302,110.11208653449987,0.0017356052103438525,0.39051117232736676,0.7464652994397519,0.0,0.65,0.14222222222222222,0.19111111111111112,0.19555555555555557,0.5715432018041611,0.5715432018041611,0.6520051956176758,nan,nan,nan,nan,nan,nan,nan,nan,nan,nan,nan,nan,nan,nan,nan,nan,nan,nan,nan,nan,nan,nan,nan,nan,nan,nan,nan,nan,nan,nan,nan,nan,nan,nan,nan,nan,nan,nan,nan,nan,nan,nan,nan,nan,nan,nan,nan,nan,nan,nan,nan,nan,nan
1191,141382,0.06549872816012818,-0.1711068000793441,0.36444444444444446,-2,105,0.7714285714285715,0.0761904761904762,0.0,0.01904761904761905,0.01904761904761905,0.8476190476190476,0.13333333333333333,0.01904761904761905,6.0,0.009523809523809525,0.08622222222222223,82.96292190551748,0.004339287861750902,0.9763397688939529,0.9367851260033117,0.0,0.9285714285714286,0.18222222222222223,0.3466666666666667,nan,0.5289947092533112,0.5289947092533112,0.4313231110572815,nan,nan,nan,nan,nan,nan,nan,nan,nan,nan,nan,nan,nan,nan,nan,nan,nan,nan,nan,nan,nan,nan,nan,nan,nan,nan,nan,nan,nan,nan,nan,nan,nan,nan,nan,nan,nan,nan,nan,nan,nan,nan,nan,nan,nan,nan,nan,nan,nan,nan,nan,nan,nan
1192,141449,0.06486899084301749,-1.2240666255950925,0.2311111111111111,0,67,0.7611940298507462,0.13432835820895522,0.0,0.0,0.04477611940298507,0.8955223880597015,0.1044776119402985,0.0,9.0,0.05970149253731343,0.08043572984749454,57.16253929138179,0.003965300867955676,0.8921926952900272,1.0,0.0,0.8571428571428571,0.2,nan,nan,0.56130401045084,0.56130401045084,0.5907117575407028,nan,nan,nan,nan,nan,nan,nan,nan,nan,nan,nan,nan,nan,nan,nan,nan,nan,nan,nan,nan,nan,nan,nan,nan,nan,nan,nan,nan,nan,nan,nan,nan,nan,nan,nan,nan,nan,nan,nan,nan,nan,nan,nan,nan,nan,nan,nan,nan,nan,nan,nan,nan,nan
1193,141533,0.06408045574254989,-1.3050824294090264,0.26666666666666666,0,84,0.7023809523809523,0.011904761904761904,0.0,0.13095238095238096,0.023809523809523808,0.7142857142857143,0.27380952380952384,0.011904761904761904,9.0,0.047619047619047616,0.07938271604938271,60.58173742294307,0.004328403795875874,0.9738908540720714,0.9775343354181233,0.0,0.9230769230769231,0.15555555555555556,nan,nan,0.6804478764533997,0.6804478764533997,0.7711764574050903,nan,nan,nan,nan,nan,nan,nan,nan,nan,nan,nan,nan,nan,nan,nan,nan,nan,nan,nan,nan,nan,nan,nan,nan,nan,nan,nan,nan,nan,nan,nan,nan,nan,nan,nan,nan,nan,nan,nan,nan,nan,nan,nan,nan,nan,nan,nan,nan,nan,nan,nan,nan,nan
1194,141647,0.06301205423678441,-1.7285699505805967,0.3111111111111111,0,114,0.6052631578947368,0.17543859649122806,0.0,0.043859649122807015,0.017543859649122806,0.7807017543859649,0.21052631578947367,0.008771929824561403,11.0,0.06140350877192982,0.06761904761904762,90.18638048171995,0.0034003656098475486,0.7650822622156983,0.9768768511463067,0.0,0.7,0.13777777777777778,0.27111111111111114,nan,0.5621132329106331,0.5621132329106331,0.5459900721907616,nan,nan,nan,nan,nan,nan,nan,nan,nan,nan,nan,nan,nan,nan,nan,nan,nan,nan,nan,nan,nan,nan,nan,nan,nan,nan,nan,nan,nan,nan,nan,nan,nan,nan,nan,nan,nan,nan,nan,nan,nan,nan,nan,nan,nan,nan,nan,nan,nan,nan,nan,nan,nan
1195,141755,0.06200174434981644,0.253787148475648,0.4088888888888889,0,108,0.8425925925925926,0.037037037037037035,0.037037037037037035,0.0,0.009259259259259259,0.9166666666666666,0.08333333333333333,0.0,5.0,0.0,0.09411111111111113,90.74488430023183,0.00445693933672701,1.002811350763577,0.9267932887994177,0.0,1.0,0.19111111111111112,0.37777777777777777,nan,0.6309977918863297,0.6309977918863297,0.7787810042500496,nan,nan,nan,nan,nan,nan,nan,nan,nan,nan,nan,nan,nan,nan,nan,nan,nan,nan,nan,nan,nan,nan,nan,nan,nan,nan,nan,nan,nan,nan,nan,nan,nan,nan,nan,nan,nan,nan,nan,nan,nan,nan,nan,nan,nan,nan,nan,nan,nan,nan,nan,nan,nan
1196,141913,0.060526953617058565,-0.8910879368782029,0.49333333333333335,-2,158,0.6962025316455697,0.17721518987341772,0.0,0.0,0.012658227848101266,0.8734177215189873,0.12025316455696203,0.006329113924050633,22.0,0.10759493670886076,0.07253968253968254,134.98178987503044,0.0036218877327194626,0.8149247398618791,0.9768642710189778,0.0,0.8,0.20444444444444446,0.38666666666666666,0.48444444444444446,0.5797951966524124,0.5797951966524124,0.4763917550444603,nan,nan,nan,nan,nan,nan,nan,nan,nan,nan,nan,nan,nan,nan,nan,nan,nan,nan,nan,nan,nan,nan,nan,nan,nan,nan,nan,nan,nan,nan,nan,nan,nan,nan,nan,nan,nan,nan,nan,nan,nan,nan,nan,nan,nan,nan,nan,nan,nan,nan,nan,nan,nan
1197,142076,0.059009537662515155,-1.8743509187698355,0.4,0,163,0.5460122699386503,0.15337423312883436,0.012269938650306749,0.12883435582822086,0.012269938650306749,0.7116564417177914,0.2822085889570552,0.006134969325153374,17.0,0.1656441717791411,0.057094017094017104,110.34619922637913,0.003584677662925747,0.806552474158293,0.9662013447296963,0.0,0.6538461538461539,0.1511111111111111,0.27555555555555555,0.39555555555555555,0.527707889676094,0.527707889676094,0.568878561258316,nan,nan,nan,nan,nan,nan,nan,nan,nan,nan,nan,nan,nan,nan,nan,nan,nan,nan,nan,nan,nan,nan,nan,nan,nan,nan,nan,nan,nan,nan,nan,nan,nan,nan,nan,nan,nan,nan,nan,nan,nan,nan,nan,nan,nan,nan,nan,nan,nan,nan,nan,nan,nan
1198,142126,0.05854489478415041,-0.6145301055908199,0.20444444444444446,0,50,0.9,0.0,0.0,0.0,0.04,0.9,0.1,0.0,1.0,0.0,0.1,40.1383819580078,0.004982761891329779,1.1211214255492001,0.916926210681908,0.0,1.0,0.20444444444444446,nan,nan,0.6451635435223579,0.6451635435223579,0.6761528328061104,nan,nan,nan,nan,nan,nan,nan,nan,nan,nan,nan,nan,nan,nan,nan,nan,nan,nan,nan,nan,nan,nan,nan,nan,nan,nan,nan,nan,nan,nan,nan,nan,nan,nan,nan,nan,nan,nan,nan,nan,nan,nan,nan,nan,nan,nan,nan,nan,nan,nan,nan,nan,nan
1199,142226,0.057616765461538086,-1.1101172370910637,0.28444444444444444,0,100,0.63,0.16,0.0,0.04,0.01,0.79,0.17,0.04,15.0,0.1,0.07,76.90587844848623,0.0036408140138149787,0.8191831531083701,0.9536300063150521,0.0,0.7058823529411765,0.18666666666666668,0.28444444444444444,nan,0.5521058365702629,0.5521058365702629,0.5468932390213013,nan,nan,nan,nan,nan,nan,nan,nan,nan,nan,nan,nan,nan,nan,nan,nan,nan,nan,nan,nan,nan,nan,nan,nan,nan,nan,nan,nan,nan,nan,nan,nan,nan,nan,nan,nan,nan,nan,nan,nan,nan,nan,nan,nan,nan,nan,nan,nan,nan,nan,nan,nan,nan
1200,142363,0.0563477285190169,-0.3044692144393911,0.4311111111111111,0,137,0.7007299270072993,0.145985401459854,0.0,0.029197080291970802,0.0072992700729927005,0.8467153284671532,0.15328467153284672,0.0,10.0,0.043795620437956206,0.07753086419753086,110.30923061370827,0.0038679144464420214,0.8702807504494547,0.9742215040955198,0.0,0.8823529411764706,0.17777777777777778,0.3466666666666667,nan,0.5576578453183174,0.5576578453183174,0.5291253626346588,-80.40390643570422,0.24222222222222217,0.4,162.8,0.2,0.8,0.4022366053567966,0.20063807976489229,0.0006849315068493151,0.2832681549358041,0.010797441193812162,0.6035596166285383,0.39644038337146176,0.0,81.0,0.4328811286415646,0.043364109347442684,101.14387081623065,0.002447924619348158,0.5507830393533355,0.770612092771352,0.0,0.7124143437862951,0.18044444444444446,0.2380952380952381,0.24977777777777774,-76.97416446871756,0.21555555555555556,0.5,135.0,0.3,0.7,0.5126137441934975,0.03591929916614951,0.00813953488372093,0.35041635680178806,0.022664981697856346,0.5566725782433679,0.44332742175663203,0.0,70.4,0.33840447280523955,0.055335904013681804,76.53489970207197,0.0030519043266527975,0.6866784734968794,0.7569770943923375,0.0,0.8813095238095239,0.16333333333333336,0.19644444444444442,0.24,0.49902222222222214
