episode,coverage,steps,forward_actions,repeat_forwards,unique_per_forward,health_loss,survived,shaped_reward,loss,policy_loss,value_loss,imitation_loss,approx_kl,residual_limit,imitation_weight,eval_coverage,eval_coverage_p10,eval_unique_per_forward,eval_survived
1,0.6118626430801248,781.0,669.0,82.0,0.8774289985052317,62.0,0.0,551.1427786765123,nan,nan,nan,nan,nan,0.15070833333333333,0.49965,0.6516961498439126,0.6295525494276795,0.9309867399250511,0.0
2,0.6399583766909469,803.0,689.0,75.0,0.8911465892597968,62.0,0.0,579.9967709956182,nan,nan,nan,nan,nan,0.15141666666666667,0.4993,nan,nan,nan,nan
3,0.6514047866805411,805.0,679.0,54.0,0.9204712812960235,63.0,0.0,597.2711296300901,nan,nan,nan,nan,nan,0.15212499999999998,0.49895,nan,nan,nan,nan
4,0.6503642039542143,807.0,689.0,65.0,0.9056603773584906,63.0,0.0,592.7445443944935,nan,nan,nan,nan,nan,0.15283333333333332,0.4986,nan,nan,nan,nan
5,0.6503642039542143,795.0,681.0,57.0,0.9162995594713657,63.0,0.0,595.2707881674775,nan,nan,nan,nan,nan,0.15354166666666666,0.49825,nan,nan,nan,nan
6,0.6586888657648283,797.0,701.0,69.0,0.9015691868758916,63.0,0.0,600.3076991243371,nan,nan,nan,nan,nan,0.15425,0.4979,nan,nan,nan,nan
7,0.6451612903225806,795.0,681.0,62.0,0.908957415565345,64.0,0.0,588.0171564207088,nan,nan,nan,nan,nan,0.15495833333333334,0.49755,nan,nan,nan,nan
8,0.6482830385015609,817.0,699.0,77.0,0.8898426323319027,64.0,0.0,586.1118845314998,nan,nan,nan,nan,nan,0.15566666666666668,0.4972,nan,nan,nan,nan
9,0.6253902185223725,784.0,669.0,69.0,0.8968609865470852,61.0,0.0,568.4808678574572,nan,nan,nan,nan,nan,0.156375,0.49685,nan,nan,nan,nan
10,0.6378772112382934,793.0,682.0,70.0,0.8973607038123167,62.0,0.0,579.4993804965029,nan,nan,nan,nan,nan,0.15708333333333332,0.4965,nan,nan,nan,nan
11,0.6493236212278877,795.0,691.0,68.0,0.9015918958031838,59.0,0.0,592.4457574315057,nan,nan,nan,nan,nan,0.15779166666666666,0.49615,nan,nan,nan,nan
12,0.631633714880333,750.0,657.0,51.0,0.9223744292237442,60.0,0.0,580.6848560090069,nan,nan,nan,nan,nan,0.1585,0.4958,nan,nan,nan,nan
13,0.6378772112382934,820.0,703.0,91.0,0.8705547652916074,63.0,0.0,572.1605218453423,nan,nan,nan,nan,nan,0.15920833333333334,0.49545,nan,nan,nan,nan
14,0.6430801248699272,810.0,697.0,80.0,0.8852223816355811,63.0,0.0,581.4732682733551,nan,nan,nan,nan,nan,0.15991666666666665,0.4951,nan,nan,nan,nan
15,0.6368366285119667,799.0,684.0,73.0,0.8932748538011696,62.0,0.0,577.3859973754893,nan,nan,nan,nan,nan,0.160625,0.49475,nan,nan,nan,nan
16,0.627471383975026,787.0,670.0,68.0,0.8985074626865671,62.0,0.0,570.1380602207205,213.44592793782553,0.0012060821366806824,423.56402079264325,3.460965712865194,0.00013966013587681422,0.16133333333333333,0.4944,nan,nan,nan,nan
17,0.6160249739854319,770.0,671.0,80.0,0.8807749627421758,61.0,0.0,556.0845915870683,nan,nan,nan,nan,nan,0.16204166666666667,0.49405,nan,nan,nan,nan
18,0.6295525494276795,808.0,683.0,79.0,0.8843338213762811,64.0,0.0,567.6687842535983,nan,nan,nan,nan,nan,0.16275,0.4937,nan,nan,nan,nan
19,0.6170655567117586,760.0,641.0,49.0,0.9235569422776911,61.0,0.0,565.6281817197815,nan,nan,nan,nan,nan,0.16345833333333332,0.49335,nan,nan,nan,nan
20,0.6451612903225806,805.0,687.0,68.0,0.901018922852984,64.0,0.0,586.4656442298913,nan,nan,nan,nan,nan,0.16416666666666666,0.493,nan,nan,nan,nan
21,0.6462018730489074,794.0,678.0,58.0,0.9144542772861357,64.0,0.0,590.6248878407484,nan,nan,nan,nan,nan,0.164875,0.49265,nan,nan,nan,nan
22,0.6285119667013528,766.0,668.0,65.0,0.9026946107784432,62.0,0.0,572.3524012861253,nan,nan,nan,nan,nan,0.16558333333333333,0.4923,nan,nan,nan,nan
23,0.6534859521331946,818.0,689.0,62.0,0.9100145137880987,62.0,0.0,596.7979649868006,nan,nan,nan,nan,nan,0.16629166666666667,0.49195,nan,nan,nan,nan
24,0.6514047866805411,806.0,699.0,74.0,0.894134477825465,64.0,0.0,591.002747197152,nan,nan,nan,nan,nan,0.16699999999999998,0.4916,nan,nan,nan,nan
25,0.6409989594172737,798.0,690.0,75.0,0.8913043478260869,61.0,0.0,581.6473630661965,nan,nan,nan,nan,nan,0.16770833333333332,0.49125,nan,nan,nan,nan
26,0.6139438085327783,775.0,669.0,80.0,0.8804185351270553,60.0,0.0,554.2179585547466,nan,nan,nan,nan,nan,0.16841666666666666,0.4909,nan,nan,nan,nan
27,0.5983350676378772,724.0,632.0,58.0,0.9082278481012658,56.0,0.0,547.9263071455971,nan,nan,nan,nan,nan,0.169125,0.49055,nan,nan,nan,nan
28,0.6337148803329865,766.0,676.0,68.0,0.8994082840236687,61.0,0.0,577.3986449737563,nan,nan,nan,nan,nan,0.16983333333333334,0.4902,nan,nan,nan,nan
29,0.6462018730489074,800.0,682.0,62.0,0.9090909090909091,62.0,0.0,590.3740018677714,nan,nan,nan,nan,nan,0.17054166666666665,0.48985,nan,nan,nan,nan
30,0.6628511966701353,805.0,700.0,64.0,0.9085714285714286,64.0,0.0,605.2705161294926,nan,nan,nan,nan,nan,0.17124999999999999,0.4895,nan,nan,nan,nan
31,0.6503642039542143,807.0,684.0,60.0,0.9122807017543859,62.0,0.0,594.3210681366912,nan,nan,nan,nan,nan,0.17195833333333332,0.48915,nan,nan,nan,nan
32,0.6378772112382934,801.0,673.0,61.0,0.9093610698365527,64.0,0.0,581.565843822003,216.29345830281576,-0.0028372453525662422,429.21737416585285,3.553218146165212,2.272422075103956e-06,0.17266666666666666,0.4888,nan,nan,nan,nan
33,0.6545265348595213,811.0,697.0,69.0,0.9010043041606887,62.0,0.0,595.3573789124495,nan,nan,nan,nan,nan,0.173375,0.48845,nan,nan,nan,nan
34,0.6305931321540063,777.0,674.0,69.0,0.8976261127596439,62.0,0.0,572.9051960139288,nan,nan,nan,nan,nan,0.1740833333333333,0.4881,nan,nan,nan,nan
35,0.6493236212278877,806.0,695.0,72.0,0.8964028776978418,62.0,0.0,589.8805471749317,nan,nan,nan,nan,nan,0.17479166666666665,0.48775,nan,nan,nan,nan
36,0.6305931321540063,797.0,674.0,69.0,0.8976261127596439,63.0,0.0,572.0815859131835,nan,nan,nan,nan,nan,0.1755,0.4874,nan,nan,nan,nan
37,0.6004162330905307,767.0,652.0,76.0,0.8834355828220859,59.0,0.0,542.6861489830044,nan,nan,nan,nan,nan,0.17620833333333333,0.48705,nan,nan,nan,nan
38,0.6170655567117586,782.0,674.0,82.0,0.8783382789317508,62.0,0.0,556.0467818923008,nan,nan,nan,nan,nan,0.17691666666666667,0.4867,nan,nan,nan,nan
39,0.6566077003121749,823.0,699.0,69.0,0.9012875536480687,63.0,0.0,597.0653315238949,nan,nan,nan,nan,nan,0.177625,0.48635,nan,nan,nan,nan
40,0.6337148803329865,778.0,675.0,67.0,0.9007407407407407,63.0,0.0,576.4556545262342,nan,nan,nan,nan,nan,0.17833333333333332,0.486,nan,nan,nan,nan
41,0.6337148803329865,806.0,696.0,88.0,0.8735632183908046,62.0,0.0,570.2325876269349,nan,nan,nan,nan,nan,0.17904166666666665,0.48565,nan,nan,nan,nan
42,0.6264308012486993,791.0,682.0,81.0,0.8812316715542522,64.0,0.0,564.6230513892199,nan,nan,nan,nan,nan,0.17975,0.4853,nan,nan,nan,nan
43,0.6524453694068678,802.0,700.0,74.0,0.8942857142857142,64.0,0.0,591.7866642484678,nan,nan,nan,nan,nan,0.18045833333333333,0.48495,nan,nan,nan,nan
44,0.6233090530697191,784.0,672.0,74.0,0.8898809523809523,61.0,0.0,564.391578143121,nan,nan,nan,nan,nan,0.18116666666666667,0.4846,nan,nan,nan,nan
45,0.619146722164412,789.0,683.0,89.0,0.8696925329428989,63.0,0.0,554.9329018359205,nan,nan,nan,nan,nan,0.181875,0.48425,nan,nan,nan,nan
46,0.6295525494276795,802.0,684.0,80.0,0.8830409356725146,63.0,0.0,567.8262490911484,nan,nan,nan,nan,nan,0.18258333333333332,0.4839,nan,nan,nan,nan
47,0.6451612903225806,811.0,694.0,75.0,0.8919308357348703,63.0,0.0,585.0113872385036,nan,nan,nan,nan,nan,0.18329166666666666,0.48355,nan,nan,nan,nan
48,0.6524453694068678,804.0,694.0,68.0,0.9020172910662824,63.0,0.0,594.2129207615867,203.36728795369467,0.00218616786878556,403.49605051676434,3.446057697137197,9.817426622760195e-07,0.184,0.4832,nan,nan,nan,nan
49,0.6378772112382934,798.0,683.0,71.0,0.8960468521229868,62.0,0.0,579.1492049779895,nan,nan,nan,nan,nan,0.18470833333333334,0.48285,nan,nan,nan,nan
50,0.659729448491155,809.0,696.0,63.0,0.9094827586206896,63.0,0.0,602.0265195922846,nan,nan,nan,nan,nan,0.18541666666666667,0.4825,nan,nan,nan,nan
51,0.6420395421436004,781.0,668.0,52.0,0.9221556886227545,60.0,0.0,589.908452699184,nan,nan,nan,nan,nan,0.18612499999999998,0.48215,nan,nan,nan,nan
52,0.6534859521331946,817.0,702.0,75.0,0.8931623931623932,64.0,0.0,592.4226311707503,nan,nan,nan,nan,nan,0.18683333333333332,0.4818,nan,nan,nan,nan
53,0.6181061394380853,753.0,648.0,55.0,0.9151234567901234,60.0,0.0,565.9684827060723,nan,nan,nan,nan,nan,0.18754166666666666,0.48145,nan,nan,nan,nan
54,0.6253902185223725,772.0,657.0,57.0,0.91324200913242,61.0,0.0,571.4099419674886,nan,nan,nan,nan,nan,0.18825,0.48109999999999997,nan,nan,nan,nan
55,0.6534859521331946,806.0,695.0,68.0,0.902158273381295,64.0,0.0,594.0990716795922,nan,nan,nan,nan,nan,0.18895833333333334,0.48075,nan,nan,nan,nan
56,0.6566077003121749,785.0,676.0,46.0,0.9319526627218935,62.0,0.0,605.1758753037456,nan,nan,nan,nan,nan,0.18966666666666665,0.4804,nan,nan,nan,nan
57,0.659729448491155,806.0,695.0,62.0,0.9107913669064748,63.0,0.0,602.5560444622031,nan,nan,nan,nan,nan,0.190375,0.48005,nan,nan,nan,nan
58,0.6326742976066597,807.0,688.0,81.0,0.8822674418604651,62.0,0.0,571.0945175652523,nan,nan,nan,nan,nan,0.19108333333333333,0.4797,nan,nan,nan,nan
59,0.6555671175858481,811.0,693.0,64.0,0.9076479076479076,63.0,0.0,598.0973125619893,nan,nan,nan,nan,nan,0.19179166666666667,0.47935,nan,nan,nan,nan
60,0.6514047866805411,792.0,692.0,67.0,0.903179190751445,61.0,0.0,593.6699242229462,nan,nan,nan,nan,nan,0.1925,0.479,nan,nan,nan,nan
61,0.6524453694068678,808.0,690.0,64.0,0.9072463768115943,64.0,0.0,594.1084547924994,nan,nan,nan,nan,nan,0.19320833333333332,0.47865,nan,nan,nan,nan
62,0.6430801248699272,791.0,672.0,55.0,0.9181547619047619,62.0,0.0,589.1325717592252,nan,nan,nan,nan,nan,0.19391666666666665,0.4783,nan,nan,nan,nan
63,0.6628511966701353,810.0,686.0,50.0,0.9271137026239067,64.0,0.0,608.94330139637,nan,nan,nan,nan,nan,0.194625,0.47795,nan,nan,nan,nan
64,0.6409989594172737,806.0,686.0,71.0,0.8965014577259475,63.0,0.0,582.1307070055026,207.13367716471353,-0.0004838519962504506,411.0093078613281,3.51403671503067,4.540185993088623e-07,0.19533333333333333,0.4776,nan,nan,nan,nan
65,0.6420395421436004,798.0,674.0,58.0,0.913946587537092,63.0,0.0,586.5852102046026,nan,nan,nan,nan,nan,0.19604166666666667,0.47725,nan,nan,nan,nan
66,0.6347554630593132,763.0,663.0,54.0,0.918552036199095,62.0,0.0,581.3275169601449,nan,nan,nan,nan,nan,0.19674999999999998,0.4769,nan,nan,nan,nan
67,0.6409989594172737,788.0,686.0,71.0,0.8965014577259475,63.0,0.0,582.3199633421913,nan,nan,nan,nan,nan,0.19745833333333332,0.47655000000000003,nan,nan,nan,nan
68,0.6337148803329865,800.0,679.0,71.0,0.8954344624447718,64.0,0.0,574.7965673060432,nan,nan,nan,nan,nan,0.19816666666666666,0.4762,nan,nan,nan,nan
69,0.6482830385015609,791.0,687.0,65.0,0.9053857350800583,64.0,0.0,590.8232419719686,nan,nan,nan,nan,nan,0.198875,0.47585,nan,nan,nan,nan
70,0.6451612903225806,812.0,692.0,73.0,0.8945086705202312,63.0,0.0,585.404492095949,nan,nan,nan,nan,nan,0.19958333333333333,0.4755,nan,nan,nan,nan
71,0.6368366285119667,818.0,698.0,87.0,0.8753581661891118,61.0,0.0,573.4001034202581,nan,nan,nan,nan,nan,0.20029166666666665,0.47515,nan,nan,nan,nan
72,0.6264308012486993,799.0,670.0,69.0,0.8970149253731343,63.0,0.0,568.3326126551644,nan,nan,nan,nan,nan,0.20099999999999998,0.4748,nan,nan,nan,nan
73,0.6305931321540063,809.0,702.0,97.0,0.8618233618233618,62.0,0.0,564.7417200269706,nan,nan,nan,nan,nan,0.20170833333333332,0.47445,nan,nan,nan,nan
74,0.6482830385015609,793.0,690.0,68.0,0.9014492753623189,64.0,0.0,589.7046425457002,nan,nan,nan,nan,nan,0.20241666666666666,0.4741,nan,nan,nan,nan
75,0.627471383975026,786.0,665.0,63.0,0.9052631578947369,61.0,0.0,572.151020194055,nan,nan,nan,nan,nan,0.203125,0.47375,nan,nan,nan,nan
76,0.6420395421436004,832.0,698.0,82.0,0.8825214899713467,64.0,0.0,578.589188848498,nan,nan,nan,nan,nan,0.20383333333333334,0.4734,nan,nan,nan,nan
77,0.668054110301769,827.0,708.0,67.0,0.905367231638418,62.0,0.0,609.2205152730941,nan,nan,nan,nan,nan,0.20454166666666665,0.47305,nan,nan,nan,nan
78,0.6243496357960457,805.0,678.0,79.0,0.883480825958702,63.0,0.0,563.237123322965,nan,nan,nan,nan,nan,0.20525,0.4727,nan,nan,nan,nan
79,0.6170655567117586,800.0,680.0,88.0,0.8705882352941177,63.0,0.0,552.3078259706516,nan,nan,nan,nan,nan,0.20595833333333333,0.47235,nan,nan,nan,nan
80,0.6129032258064516,775.0,663.0,75.0,0.8868778280542986,60.0,0.0,554.5279896225935,167.42118962605795,-0.0007363268329451481,331.6791025797526,3.454465130964915,1.587618424873464e-07,0.20666666666666667,0.472,nan,nan,nan,nan
81,0.6368366285119667,792.0,683.0,72.0,0.8945827232796486,63.0,0.0,577.8427658181191,nan,nan,nan,nan,nan,0.207375,0.47165,nan,nan,nan,nan
82,0.6524453694068678,796.0,682.0,56.0,0.9178885630498533,64.0,0.0,597.131025321961,nan,nan,nan,nan,nan,0.20808333333333331,0.4713,nan,nan,nan,nan
83,0.6576482830385015,803.0,692.0,61.0,0.911849710982659,64.0,0.0,600.1615987186439,nan,nan,nan,nan,nan,0.20879166666666665,0.47095,nan,nan,nan,nan
84,0.631633714880333,795.0,678.0,72.0,0.8938053097345132,62.0,0.0,573.286357666494,nan,nan,nan,nan,nan,0.2095,0.4706,nan,nan,nan,nan
85,0.6066597294484911,752.0,649.0,67.0,0.8967642526964561,60.0,0.0,551.5032478160886,nan,nan,nan,nan,nan,0.21020833333333333,0.47025,nan,nan,nan,nan
86,0.663891779396462,800.0,696.0,59.0,0.9152298850574713,64.0,0.0,607.7069617300049,nan,nan,nan,nan,nan,0.21091666666666667,0.4699,nan,nan,nan,nan
87,0.6222684703433923,790.0,679.0,82.0,0.8792341678939617,60.0,0.0,561.7786538090716,nan,nan,nan,nan,nan,0.21162499999999998,0.46955,nan,nan,nan,nan
88,0.6420395421436004,820.0,693.0,77.0,0.8888888888888888,61.0,0.0,581.7172541575438,nan,nan,nan,nan,nan,0.21233333333333332,0.4692,nan,nan,nan,nan
89,0.6514047866805411,824.0,709.0,84.0,0.8815232722143864,64.0,0.0,587.7955874991435,nan,nan,nan,nan,nan,0.21304166666666668,0.46885,nan,nan,nan,nan
90,0.6243496357960457,816.0,687.0,88.0,0.8719068413391557,63.0,0.0,559.7425435209277,nan,nan,nan,nan,nan,0.21375,0.4685,nan,nan,nan,nan
91,0.6233090530697191,794.0,667.0,69.0,0.896551724137931,62.0,0.0,565.9868795132646,nan,nan,nan,nan,nan,0.21445833333333333,0.46815,nan,nan,nan,nan
92,0.6337148803329865,793.0,674.0,66.0,0.9020771513353115,62.0,0.0,576.6118904514327,nan,nan,nan,nan,nan,0.21516666666666667,0.4678,nan,nan,nan,nan
93,0.6347554630593132,785.0,670.0,61.0,0.908955223880597,61.0,0.0,579.8593212509169,nan,nan,nan,nan,nan,0.21587499999999998,0.46745000000000003,nan,nan,nan,nan
94,0.6129032258064516,781.0,671.0,83.0,0.8763040238450075,59.0,0.0,552.6295251827258,nan,nan,nan,nan,nan,0.21658333333333335,0.4671,nan,nan,nan,nan
95,0.619146722164412,778.0,669.0,75.0,0.8878923766816144,62.0,0.0,560.0687854237573,nan,nan,nan,nan,nan,0.21729166666666666,0.46675,nan,nan,nan,nan
96,0.6097814776274714,763.0,658.0,73.0,0.8890577507598785,60.0,0.0,552.9690826401726,140.5792694091797,0.0011214605377366145,277.9685287475586,3.5218867460886636,1.7075473524030826e-07,0.218,0.4664,nan,nan,nan,nan
97,0.6462018730489074,818.0,701.0,81.0,0.884450784593438,64.0,0.0,583.3658863472945,nan,nan,nan,nan,nan,0.21870833333333334,0.46605,nan,nan,nan,nan
98,0.6514047866805411,794.0,698.0,73.0,0.8954154727793696,63.0,0.0,591.7866264801037,nan,nan,nan,nan,nan,0.21941666666666665,0.4657,nan,nan,nan,nan
99,0.6170655567117586,758.0,655.0,63.0,0.9038167938931297,59.0,0.0,563.3036848402036,nan,nan,nan,nan,nan,0.22012500000000002,0.46535,nan,nan,nan,nan
100,0.6430801248699272,793.0,683.0,66.0,0.9033674963396779,63.0,0.0,585.1424706916828,nan,nan,nan,nan,nan,0.22083333333333333,0.465,0.6544849115504683,0.63579604578564,0.9328693598902842,0.0
101,0.5993756503642039,736.0,632.0,57.0,0.9098101265822784,58.0,0.0,548.5057150344852,nan,nan,nan,nan,nan,0.22154166666666666,0.46465,nan,nan,nan,nan
102,0.631633714880333,786.0,678.0,72.0,0.8938053097345132,62.0,0.0,573.1151739377984,nan,nan,nan,nan,nan,0.22225,0.4643,nan,nan,nan,nan
103,0.6337148803329865,779.0,667.0,59.0,0.9115442278860569,63.0,0.0,578.6963014354715,nan,nan,nan,nan,nan,0.22295833333333331,0.46395,nan,nan,nan,nan
104,0.6045785639958376,766.0,645.0,65.0,0.8992248062015504,61.0,0.0,549.2550250396739,nan,nan,nan,nan,nan,0.22366666666666668,0.4636,nan,nan,nan,nan
105,0.627471383975026,783.0,676.0,74.0,0.8905325443786982,60.0,0.0,569.4568785948763,nan,nan,nan,nan,nan,0.224375,0.46325,nan,nan,nan,nan
106,0.63579604578564,791.0,680.0,70.0,0.8970588235294118,63.0,0.0,577.5157546329515,nan,nan,nan,nan,nan,0.22508333333333333,0.4629,nan,nan,nan,nan
107,0.6472424557752341,803.0,692.0,71.0,0.8973988439306358,64.0,0.0,587.840008327485,nan,nan,nan,nan,nan,0.22579166666666667,0.46255,nan,nan,nan,nan
108,0.6160249739854319,768.0,650.0,59.0,0.9092307692307692,62.0,0.0,561.8467366757412,nan,nan,nan,nan,nan,0.22649999999999998,0.4622,nan,nan,nan,nan
109,0.6389177939646202,800.0,681.0,68.0,0.9001468428781204,64.0,0.0,580.6616005592352,nan,nan,nan,nan,nan,0.22720833333333335,0.46185,nan,nan,nan,nan
110,0.6534859521331946,814.0,691.0,64.0,0.9073806078147613,60.0,0.0,597.0682341175099,nan,nan,nan,nan,nan,0.22791666666666666,0.4615,nan,nan,nan,nan
111,0.6378772112382934,833.0,699.0,87.0,0.8755364806866953,62.0,0.0,573.9760221619619,nan,nan,nan,nan,nan,0.228625,0.46115,nan,nan,nan,nan
112,0.6118626430801248,803.0,673.0,86.0,0.8722139673105498,63.0,0.0,548.3175151395806,100.24256610870361,0.0014259192054547991,197.34515953063965,3.509869933128357,1.8749862921533614e-07,0.22933333333333333,0.4608,nan,nan,nan,nan
113,0.6524453694068678,806.0,691.0,65.0,0.9059334298118669,64.0,0.0,594.256109311104,nan,nan,nan,nan,nan,0.23004166666666664,0.46045,nan,nan,nan,nan
114,0.6430801248699272,799.0,688.0,71.0,0.8968023255813954,63.0,0.0,583.8532300481795,nan,nan,nan,nan,nan,0.23075,0.4601,nan,nan,nan,nan
115,0.6493236212278877,826.0,699.0,76.0,0.8912732474964234,62.0,0.0,588.5405580930716,nan,nan,nan,nan,nan,0.23145833333333332,0.45975,nan,nan,nan,nan
116,0.6399583766909469,791.0,679.0,65.0,0.9042709867452136,63.0,0.0,582.756180593015,nan,nan,nan,nan,nan,0.23216666666666666,0.45940000000000003,nan,nan,nan,nan
117,0.6524453694068678,806.0,690.0,64.0,0.9072463768115943,61.0,0.0,595.3889628915792,nan,nan,nan,nan,nan,0.232875,0.45905,nan,nan,nan,nan
118,0.6524453694068678,827.0,700.0,74.0,0.8942857142857142,63.0,0.0,591.3479006838797,nan,nan,nan,nan,nan,0.2335833333333333,0.4587,nan,nan,nan,nan
119,0.6524453694068678,809.0,700.0,74.0,0.8942857142857142,64.0,0.0,591.9693577995297,nan,nan,nan,nan,nan,0.23429166666666668,0.45835000000000004,nan,nan,nan,nan
120,0.6170655567117586,774.0,670.0,78.0,0.8835820895522388,63.0,0.0,557.1054179635063,nan,nan,nan,nan,nan,0.235,0.458,nan,nan,nan,nan
121,0.6212278876170656,775.0,660.0,64.0,0.9030303030303031,62.0,0.0,565.1936783061036,nan,nan,nan,nan,nan,0.23570833333333333,0.45765,nan,nan,nan,nan
122,0.627471383975026,801.0,685.0,83.0,0.8788321167883212,64.0,0.0,564.7285010013599,nan,nan,nan,nan,nan,0.23641666666666666,0.4573,nan,nan,nan,nan
123,0.6493236212278877,826.0,705.0,82.0,0.8836879432624114,64.0,0.0,586.1455271272674,nan,nan,nan,nan,nan,0.23712499999999997,0.45695,nan,nan,nan,nan
124,0.6409989594172737,799.0,675.0,60.0,0.9111111111111111,64.0,0.0,585.0235719876291,nan,nan,nan,nan,nan,0.23783333333333334,0.4566,nan,nan,nan,nan
125,0.659729448491155,802.0,708.0,75.0,0.8940677966101694,62.0,0.0,599.4975199761391,nan,nan,nan,nan,nan,0.23854166666666665,0.45625,nan,nan,nan,nan
126,0.6295525494276795,765.0,656.0,52.0,0.9207317073170732,61.0,0.0,577.5638444457068,nan,nan,nan,nan,nan,0.23925,0.45589999999999997,nan,nan,nan,nan
127,0.5962539021852237,739.0,640.0,68.0,0.89375,60.0,0.0,541.3577711000465,nan,nan,nan,nan,nan,0.23995833333333333,0.45555,nan,nan,nan,nan
128,0.6212278876170656,780.0,672.0,76.0,0.8869047619047619,64.0,0.0,561.3039401035328,88.2087869644165,-0.0004617704350190858,173.26440493265787,3.5736109018325806,2.5692878017717174e-07,0.24066666666666667,0.4552,nan,nan,nan,nan
129,0.6649323621227887,815.0,699.0,61.0,0.9127324749642346,63.0,0.0,607.9926124663348,nan,nan,nan,nan,nan,0.241375,0.45485,nan,nan,nan,nan
130,0.6337148803329865,788.0,673.0,65.0,0.9034175334323923,62.0,0.0,576.6831561303142,nan,nan,nan,nan,nan,0.24208333333333332,0.4545,nan,nan,nan,nan
131,0.627471383975026,791.0,674.0,72.0,0.8931750741839762,62.0,0.0,568.7903501467705,nan,nan,nan,nan,nan,0.24279166666666666,0.45415,nan,nan,nan,nan
132,0.6409989594172737,793.0,681.0,66.0,0.9030837004405287,61.0,0.0,584.433724198342,nan,nan,nan,nan,nan,0.2435,0.4538,nan,nan,nan,nan
133,0.6233090530697191,777.0,661.0,63.0,0.9046898638426626,61.0,0.0,567.8660048017513,nan,nan,nan,nan,nan,0.24420833333333333,0.45345,nan,nan,nan,nan
134,0.6430801248699272,798.0,697.0,80.0,0.8852223816355811,62.0,0.0,581.8074291481971,nan,nan,nan,nan,nan,0.24491666666666667,0.4531,nan,nan,nan,nan
135,0.5941727367325702,737.0,630.0,60.0,0.9047619047619048,60.0,0.0,541.66560631037,nan,nan,nan,nan,nan,0.24562499999999998,0.45275,nan,nan,nan,nan
136,0.6430801248699272,797.0,681.0,64.0,0.9060205580029369,63.0,0.0,586.1676836876879,nan,nan,nan,nan,nan,0.24633333333333332,0.4524,nan,nan,nan,nan
137,0.6409989594172737,797.0,685.0,70.0,0.8978102189781022,64.0,0.0,582.0464776873587,nan,nan,nan,nan,nan,0.24704166666666666,0.45205,nan,nan,nan,nan
138,0.63579604578564,792.0,683.0,73.0,0.8931185944363104,63.0,0.0,576.3671332626365,nan,nan,nan,nan,nan,0.24775,0.4517,nan,nan,nan,nan
139,0.6586888657648283,779.0,678.0,46.0,0.9321533923303835,63.0,0.0,606.9501500234612,nan,nan,nan,nan,nan,0.24845833333333334,0.45135000000000003,nan,nan,nan,nan
140,0.6514047866805411,800.0,683.0,58.0,0.9150805270863837,64.0,0.0,595.3296762666703,nan,nan,nan,nan,nan,0.24916666666666665,0.451,nan,nan,nan,nan
141,0.6118626430801248,762.0,642.0,55.0,0.9143302180685359,61.0,0.0,559.324740486147,nan,nan,nan,nan,nan,0.24987499999999999,0.45065,nan,nan,nan,nan
142,0.6503642039542143,813.0,695.0,71.0,0.897841726618705,63.0,0.0,591.1175263948446,nan,nan,nan,nan,nan,0.2505833333333333,0.45030000000000003,nan,nan,nan,nan
143,0.6337148803329865,808.0,690.0,82.0,0.881159420289855,63.0,0.0,571.4602125806828,nan,nan,nan,nan,nan,0.2512916666666667,0.44995,nan,nan,nan,nan
144,0.6305931321540063,789.0,675.0,70.0,0.8962962962962963,63.0,0.0,571.9924872794165,116.99302164713542,8.658405082921188e-05,230.91328811645508,3.5264423489570618,5.576048991429161e-07,0.252,0.4496,nan,nan,nan,nan
145,0.6462018730489074,821.0,688.0,68.0,0.9011627906976745,62.0,0.0,587.8454224572176,nan,nan,nan,nan,nan,0.2527083333333333,0.44925,nan,nan,nan,nan
146,0.6389177939646202,816.0,682.0,69.0,0.8988269794721407,62.0,0.0,580.3827212858201,nan,nan,nan,nan,nan,0.2534166666666667,0.4489,nan,nan,nan,nan
147,0.6222684703433923,760.0,664.0,67.0,0.8990963855421686,61.0,0.0,566.3369762535117,nan,nan,nan,nan,nan,0.254125,0.44855,nan,nan,nan,nan
148,0.6399583766909469,823.0,686.0,72.0,0.8950437317784257,62.0,0.0,580.7493782048238,nan,nan,nan,nan,nan,0.25483333333333336,0.4482,nan,nan,nan,nan
149,0.6378772112382934,799.0,690.0,78.0,0.8869565217391304,63.0,0.0,576.8253544988646,nan,nan,nan,nan,nan,0.25554166666666667,0.44785,nan,nan,nan,nan
150,0.6430801248699272,808.0,694.0,77.0,0.8890489913544669,64.0,0.0,581.7141590843214,nan,nan,nan,nan,nan,0.25625,0.4475,nan,nan,nan,nan
151,0.63579604578564,816.0,691.0,81.0,0.8827785817655571,62.0,0.0,573.6651492857948,nan,nan,nan,nan,nan,0.2569583333333333,0.44715,nan,nan,nan,nan
152,0.6607700312174818,816.0,709.0,75.0,0.8942172073342737,64.0,0.0,599.6204828720096,nan,nan,nan,nan,nan,0.25766666666666665,0.4468,nan,nan,nan,nan
153,0.6701352757544224,809.0,698.0,55.0,0.9212034383954155,64.0,0.0,614.6310384469026,nan,nan,nan,nan,nan,0.258375,0.44645,nan,nan,nan,nan
154,0.6368366285119667,797.0,674.0,63.0,0.9065281899109793,62.0,0.0,580.5446247758875,nan,nan,nan,nan,nan,0.25908333333333333,0.4461,nan,nan,nan,nan
155,0.6555671175858481,805.0,696.0,67.0,0.9037356321839081,64.0,0.0,597.0130099024767,nan,nan,nan,nan,nan,0.25979166666666664,0.44575,nan,nan,nan,nan
156,0.6472424557752341,795.0,694.0,73.0,0.8948126801152738,62.0,0.0,588.2306430683147,nan,nan,nan,nan,nan,0.2605,0.4454,nan,nan,nan,nan
157,0.63579604578564,825.0,691.0,81.0,0.8827785817655571,63.0,0.0,573.5533078928011,nan,nan,nan,nan,nan,0.2612083333333333,0.44505,nan,nan,nan,nan
158,0.6430801248699272,803.0,689.0,72.0,0.895500725689405,62.0,0.0,583.8565653181089,nan,nan,nan,nan,nan,0.26191666666666663,0.4447,nan,nan,nan,nan
159,0.6503642039542143,822.0,700.0,76.0,0.8914285714285715,62.0,0.0,589.739678137779,nan,nan,nan,nan,nan,0.262625,0.44435,nan,nan,nan,nan
160,0.6233090530697191,800.0,683.0,85.0,0.8755490483162518,62.0,0.0,561.0529679532075,117.97928047180176,0.00032675274026890594,232.98386510213217,3.457616170247396,1.8800605706322433e-06,0.2633333333333333,0.444,nan,nan,nan,nan
161,0.644120707596254,775.0,681.0,63.0,0.9074889867841409,63.0,0.0,587.5201664795886,nan,nan,nan,nan,nan,0.2640416666666666,0.44365,nan,nan,nan,nan
162,0.6368366285119667,794.0,681.0,70.0,0.8972099853157122,63.0,0.0,578.5673142647756,nan,nan,nan,nan,nan,0.26475,0.4433,nan,nan,nan,nan
163,0.6628511966701353,842.0,717.0,81.0,0.8870292887029289,64.0,0.0,599.7094461236014,nan,nan,nan,nan,nan,0.26545833333333335,0.44295,nan,nan,nan,nan
164,0.6087408949011447,771.0,654.0,70.0,0.8929663608562691,62.0,0.0,551.3647117733976,nan,nan,nan,nan,nan,0.26616666666666666,0.4426,nan,nan,nan,nan
165,0.6212278876170656,786.0,672.0,76.0,0.8869047619047619,63.0,0.0,561.5128709883711,nan,nan,nan,nan,nan,0.266875,0.44225000000000003,nan,nan,nan,nan
166,0.6399583766909469,792.0,688.0,74.0,0.8924418604651163,63.0,0.0,580.2446126356128,nan,nan,nan,nan,nan,0.26758333333333334,0.4419,nan,nan,nan,nan
167,0.6389177939646202,811.0,691.0,78.0,0.8871201157742402,63.0,0.0,577.1805525455488,nan,nan,nan,nan,nan,0.26829166666666665,0.44155,nan,nan,nan,nan
168,0.6201873048907388,803.0,674.0,79.0,0.8827893175074184,61.0,0.0,559.6344916558285,nan,nan,nan,nan,nan,0.269,0.4412,nan,nan,nan,nan
169,0.6305931321540063,770.0,659.0,54.0,0.9180576631259484,61.0,0.0,577.9600414800665,nan,nan,nan,nan,nan,0.2697083333333333,0.44085,nan,nan,nan,nan
170,0.6378772112382934,788.0,676.0,64.0,0.9053254437869822,63.0,0.0,581.0912979040152,nan,nan,nan,nan,nan,0.27041666666666664,0.4405,nan,nan,nan,nan
171,0.6576482830385015,813.0,691.0,60.0,0.9131693198263386,63.0,0.0,601.2719775142674,nan,nan,nan,nan,nan,0.27112499999999995,0.44015,nan,nan,nan,nan
172,0.6576482830385015,794.0,683.0,52.0,0.9238653001464129,64.0,0.0,603.4655840845112,nan,nan,nan,nan,nan,0.2718333333333333,0.4398,nan,nan,nan,nan
173,0.6181061394380853,795.0,677.0,84.0,0.8759231905465288,62.0,0.0,556.5003335757273,nan,nan,nan,nan,nan,0.2725416666666667,0.43945,nan,nan,nan,nan
174,0.6368366285119667,783.0,681.0,70.0,0.8972099853157122,63.0,0.0,577.9308390831944,nan,nan,nan,nan,nan,0.27325,0.4391,nan,nan,nan,nan
175,0.6503642039542143,821.0,704.0,80.0,0.8863636363636364,64.0,0.0,587.8885072813035,nan,nan,nan,nan,nan,0.2739583333333333,0.43875000000000003,nan,nan,nan,nan
176,0.6378772112382934,797.0,691.0,79.0,0.8856729377713459,62.0,0.0,577.1795496158621,133.26226488749185,0.0006101997569203377,263.50790786743164,3.5514970421791077,2.7883007713095744e-06,0.27466666666666667,0.4384,nan,nan,nan,nan
177,0.6170655567117586,784.0,656.0,64.0,0.9024390243902439,62.0,0.0,561.0998195180896,nan,nan,nan,nan,nan,0.275375,0.43805,nan,nan,nan,nan
178,0.644120707596254,816.0,687.0,69.0,0.8995633187772926,62.0,0.0,585.7420200076115,nan,nan,nan,nan,nan,0.27608333333333335,0.4377,nan,nan,nan,nan
179,0.6409989594172737,790.0,686.0,71.0,0.8965014577259475,60.0,0.0,583.2235971798907,nan,nan,nan,nan,nan,0.27679166666666666,0.43735,nan,nan,nan,nan
180,0.6649323621227887,819.0,717.0,79.0,0.8898186889818689,64.0,0.0,602.561462705136,nan,nan,nan,nan,nan,0.27749999999999997,0.437,nan,nan,nan,nan
181,0.6722164412070759,843.0,712.0,67.0,0.9058988764044944,64.0,0.0,612.6217313604342,nan,nan,nan,nan,nan,0.27820833333333334,0.43665,nan,nan,nan,nan
182,0.63579604578564,798.0,678.0,68.0,0.8997050147492626,62.0,0.0,578.2357242317208,nan,nan,nan,nan,nan,0.2789166666666667,0.4363,nan,nan,nan,nan
183,0.6378772112382934,818.0,697.0,85.0,0.8780487804878049,63.0,0.0,574.4795562586812,nan,nan,nan,nan,nan,0.279625,0.43595,nan,nan,nan,nan
184,0.6181061394380853,775.0,662.0,69.0,0.8957703927492447,62.0,0.0,560.8933939585696,nan,nan,nan,nan,nan,0.2803333333333333,0.4356,nan,nan,nan,nan
185,0.6368366285119667,796.0,667.0,56.0,0.9160419790104948,59.0,0.0,583.3800802974715,nan,nan,nan,nan,nan,0.28104166666666663,0.43525,nan,nan,nan,nan
186,0.6201873048907388,786.0,666.0,71.0,0.8933933933933934,62.0,0.0,562.6476193022753,nan,nan,nan,nan,nan,0.28175,0.4349,nan,nan,nan,nan
187,0.6347554630593132,803.0,684.0,75.0,0.8903508771929824,63.0,0.0,574.9232090110795,nan,nan,nan,nan,nan,0.2824583333333333,0.43455,nan,nan,nan,nan
188,0.6607700312174818,810.0,695.0,61.0,0.9122302158273381,61.0,0.0,604.8350186190613,nan,nan,nan,nan,nan,0.2831666666666667,0.43420000000000003,nan,nan,nan,nan
189,0.6524453694068678,814.0,698.0,72.0,0.8968481375358166,61.0,0.0,592.9097452216166,nan,nan,nan,nan,nan,0.283875,0.43385,nan,nan,nan,nan
190,0.6566077003121749,824.0,694.0,64.0,0.9077809798270894,64.0,0.0,598.6570058841702,nan,nan,nan,nan,nan,0.2845833333333333,0.4335,nan,nan,nan,nan
191,0.6451612903225806,808.0,686.0,67.0,0.902332361516035,64.0,0.0,586.9561195635806,nan,nan,nan,nan,nan,0.28529166666666667,0.43315000000000003,nan,nan,nan,nan
192,0.6420395421436004,816.0,693.0,77.0,0.8888888888888888,64.0,0.0,580.2174720182426,139.44424947102866,-0.00012742001369285086,275.9196128845215,3.543888747692108,7.608033688673761e-06,0.28600000000000003,0.4328,nan,nan,nan,nan
193,0.6222684703433923,778.0,669.0,72.0,0.8923766816143498,62.0,0.0,563.8068693928741,nan,nan,nan,nan,nan,0.28670833333333334,0.43245,nan,nan,nan,nan
194,0.6628511966701353,813.0,699.0,63.0,0.9098712446351931,62.0,0.0,605.8768292121902,nan,nan,nan,nan,nan,0.28741666666666665,0.4321,nan,nan,nan,nan
195,0.6347554630593132,800.0,685.0,76.0,0.8890510948905109,62.0,0.0,574.7084409141553,nan,nan,nan,nan,nan,0.28812499999999996,0.43175,nan,nan,nan,nan
196,0.6503642039542143,818.0,697.0,73.0,0.8952654232424677,59.0,0.0,591.3949417815207,nan,nan,nan,nan,nan,0.28883333333333333,0.4314,nan,nan,nan,nan
197,0.6451612903225806,806.0,691.0,72.0,0.8958031837916064,64.0,0.0,585.0791855030053,nan,nan,nan,nan,nan,0.28954166666666664,0.43105,nan,nan,nan,nan
198,0.6118626430801248,783.0,663.0,76.0,0.8853695324283559,64.0,0.0,552.0859403924958,nan,nan,nan,nan,nan,0.29025,0.43069999999999997,nan,nan,nan,nan
199,0.6368366285119667,817.0,698.0,87.0,0.8753581661891118,64.0,0.0,572.6424344749464,nan,nan,nan,nan,nan,0.2909583333333333,0.43035,nan,nan,nan,nan
200,0.6305931321540063,805.0,684.0,79.0,0.8845029239766082,63.0,0.0,568.7074649147993,nan,nan,nan,nan,nan,0.29166666666666663,0.43,0.6527783558792923,0.631633714880333,0.9321717785210127,0.0
201,0.6815816857440167,803.0,708.0,54.0,0.923728813559322,62.0,0.0,626.5850702900882,nan,nan,nan,nan,nan,0.292375,0.42965,nan,nan,nan,nan
202,0.6524453694068678,811.0,692.0,66.0,0.9046242774566474,63.0,0.0,594.6050582919124,nan,nan,nan,nan,nan,0.29308333333333336,0.4293,nan,nan,nan,nan
203,0.6524453694068678,797.0,684.0,58.0,0.9152046783625731,62.0,0.0,597.3201805129052,nan,nan,nan,nan,nan,0.2937916666666667,0.42895,nan,nan,nan,nan
204,0.6534859521331946,798.0,701.0,74.0,0.8944365192582026,63.0,0.0,593.2911247539533,nan,nan,nan,nan,nan,0.2945,0.4286,nan,nan,nan,nan
205,0.6607700312174818,795.0,694.0,60.0,0.9135446685878963,63.0,0.0,604.512642551899,nan,nan,nan,nan,nan,0.2952083333333333,0.42825,nan,nan,nan,nan
206,0.6389177939646202,793.0,689.0,76.0,0.8896952104499274,63.0,0.0,578.5819099421523,nan,nan,nan,nan,nan,0.29591666666666666,0.4279,nan,nan,nan,nan
207,0.6566077003121749,813.0,685.0,55.0,0.9197080291970803,63.0,0.0,601.4435765914917,nan,nan,nan,nan,nan,0.29662499999999997,0.42755,nan,nan,nan,nan
208,0.6368366285119667,795.0,673.0,62.0,0.9078751857355126,62.0,0.0,580.8390842204101,157.956906636556,-0.0002652053841908734,313.02436955769855,3.4962025086085,1.7562683069627383e-05,0.29733333333333334,0.4272,nan,nan,nan,nan
209,0.6503642039542143,817.0,698.0,74.0,0.8939828080229226,63.0,0.0,589.9596572995201,nan,nan,nan,nan,nan,0.29804166666666665,0.42685,nan,nan,nan,nan
210,0.6430801248699272,788.0,679.0,62.0,0.9086892488954345,62.0,0.0,587.2112058119774,nan,nan,nan,nan,nan,0.29874999999999996,0.4265,nan,nan,nan,nan
211,0.6389177939646202,803.0,688.0,75.0,0.8909883720930233,61.0,0.0,579.0837611346253,nan,nan,nan,nan,nan,0.2994583333333333,0.42615000000000003,nan,nan,nan,nan
212,0.6430801248699272,810.0,684.0,67.0,0.902046783625731,60.0,0.0,586.0176657934194,nan,nan,nan,nan,nan,0.3001666666666667,0.4258,nan,nan,nan,nan
213,0.6233090530697191,807.0,685.0,87.0,0.872992700729927,63.0,0.0,559.9222513704314,nan,nan,nan,nan,nan,0.300875,0.42545,nan,nan,nan,nan
214,0.6337148803329865,816.0,699.0,91.0,0.8698140200286123,62.0,0.0,569.2526201734562,nan,nan,nan,nan,nan,0.3015833333333333,0.42510000000000003,nan,nan,nan,nan
215,0.6649323621227887,818.0,707.0,69.0,0.9024045261669024,63.0,0.0,605.6278618063938,nan,nan,nan,nan,nan,0.3022916666666666,0.42475,nan,nan,nan,nan
216,0.6253902185223725,769.0,663.0,63.0,0.9049773755656109,62.0,0.0,569.9133325405137,nan,nan,nan,nan,nan,0.303,0.4244,nan,nan,nan,nan
217,0.6285119667013528,802.0,681.0,78.0,0.8854625550660793,63.0,0.0,567.6272291340849,nan,nan,nan,nan,nan,0.30370833333333336,0.42405000000000004,nan,nan,nan,nan
218,0.63579604578564,783.0,680.0,70.0,0.8970588235294118,64.0,0.0,577.2220106449136,nan,nan,nan,nan,nan,0.30441666666666667,0.4237,nan,nan,nan,nan
219,0.6409989594172737,817.0,689.0,74.0,0.8925979680696662,63.0,0.0,580.9874908676153,nan,nan,nan,nan,nan,0.305125,0.42335,nan,nan,nan,nan
220,0.6295525494276795,779.0,672.0,68.0,0.8988095238095238,61.0,0.0,573.1420906105063,nan,nan,nan,nan,nan,0.3058333333333333,0.423,nan,nan,nan,nan
221,0.6295525494276795,782.0,666.0,62.0,0.9069069069069069,63.0,0.0,573.6008585476885,nan,nan,nan,nan,nan,0.30654166666666666,0.42264999999999997,nan,nan,nan,nan
222,0.6534859521331946,793.0,688.0,61.0,0.9113372093023255,64.0,0.0,596.7356017446525,nan,nan,nan,nan,nan,0.30725,0.4223,nan,nan,nan,nan
223,0.6545265348595213,791.0,690.0,62.0,0.9101449275362319,64.0,0.0,597.5308102765074,nan,nan,nan,nan,nan,0.30795833333333333,0.42195,nan,nan,nan,nan
224,0.6524453694068678,807.0,693.0,67.0,0.9033189033189033,63.0,0.0,594.3184048905368,179.8145809173584,-0.0004886239767074585,356.7747942606608,3.5020980834960938,2.8437009026068456e-05,0.30866666666666664,0.4216,nan,nan,nan,nan
225,0.6212278876170656,791.0,686.0,90.0,0.8688046647230321,63.0,0.0,557.2270347223297,nan,nan,nan,nan,nan,0.30937499999999996,0.42125,nan,nan,nan,nan
226,0.6295525494276795,799.0,673.0,69.0,0.8974739970282318,61.0,0.0,571.8027044358263,nan,nan,nan,nan,nan,0.3100833333333333,0.4209,nan,nan,nan,nan
227,0.6462018730489074,805.0,686.0,66.0,0.9037900874635568,64.0,0.0,588.1438337326055,nan,nan,nan,nan,nan,0.3107916666666667,0.42055,nan,nan,nan,nan
228,0.6576482830385015,798.0,693.0,62.0,0.9105339105339105,63.0,0.0,600.7111571445471,nan,nan,nan,nan,nan,0.3115,0.4202,nan,nan,nan,nan
229,0.6566077003121749,791.0,695.0,65.0,0.9064748201438849,62.0,0.0,599.221028806686,nan,nan,nan,nan,nan,0.3122083333333333,0.41985,nan,nan,nan,nan
230,0.6389177939646202,803.0,689.0,76.0,0.8896952104499274,64.0,0.0,577.8917555160534,nan,nan,nan,nan,nan,0.3129166666666667,0.4195,nan,nan,nan,nan
231,0.644120707596254,796.0,686.0,68.0,0.9008746355685131,61.0,0.0,586.7947645025264,nan,nan,nan,nan,nan,0.313625,0.41915,nan,nan,nan,nan
232,0.6285119667013528,792.0,669.0,66.0,0.9013452914798207,60.0,0.0,572.6255858645447,nan,nan,nan,nan,nan,0.31433333333333335,0.4188,nan,nan,nan,nan
233,0.6462018730489074,833.0,701.0,81.0,0.884450784593438,64.0,0.0,582.9537119860655,nan,nan,nan,nan,nan,0.31504166666666666,0.41845,nan,nan,nan,nan
234,0.6482830385015609,800.0,691.0,69.0,0.9001447178002895,63.0,0.0,589.3683859877592,nan,nan,nan,nan,nan,0.31575,0.4181,nan,nan,nan,nan
235,0.6472424557752341,788.0,679.0,58.0,0.914580265095729,64.0,0.0,591.5409113392838,nan,nan,nan,nan,nan,0.3164583333333333,0.41775,nan,nan,nan,nan
236,0.6326742976066597,800.0,675.0,68.0,0.8992592592592593,61.0,0.0,575.7110985927605,nan,nan,nan,nan,nan,0.31716666666666665,0.4174,nan,nan,nan,nan
237,0.6222684703433923,794.0,679.0,82.0,0.8792341678939617,64.0,0.0,559.7318353209504,nan,nan,nan,nan,nan,0.317875,0.41705000000000003,nan,nan,nan,nan
238,0.627471383975026,807.0,689.0,87.0,0.8737300435413643,64.0,0.0,563.4217469215413,nan,nan,nan,nan,nan,0.31858333333333333,0.4167,nan,nan,nan,nan
239,0.6430801248699272,802.0,680.0,63.0,0.9073529411764706,63.0,0.0,586.158561115266,nan,nan,nan,nan,nan,0.31929166666666664,0.41635,nan,nan,nan,nan
240,0.6482830385015609,804.0,704.0,82.0,0.8835227272727273,62.0,0.0,586.1487832446114,180.68500264485678,-0.00011143369677787025,358.545415242513,3.513039708137512,5.146366148286082e-05,0.32,0.41600000000000004,nan,nan,nan,nan
241,0.6295525494276795,786.0,670.0,66.0,0.9014925373134328,62.0,0.0,573.1698712673193,nan,nan,nan,nan,nan,0.3207083333333333,0.41565,nan,nan,nan,nan
242,0.6399583766909469,783.0,682.0,68.0,0.9002932551319648,62.0,0.0,582.6930318007472,nan,nan,nan,nan,nan,0.3214166666666667,0.4153,nan,nan,nan,nan
243,0.6181061394380853,784.0,666.0,73.0,0.8903903903903904,62.0,0.0,559.5885915985122,nan,nan,nan,nan,nan,0.322125,0.41495000000000004,nan,nan,nan,nan
244,0.6305931321540063,775.0,666.0,61.0,0.9084084084084084,60.0,0.0,576.1875568814297,nan,nan,nan,nan,nan,0.3228333333333333,0.4146,nan,nan,nan,nan
245,0.63579604578564,801.0,675.0,65.0,0.9037037037037037,64.0,0.0,578.0750102319734,nan,nan,nan,nan,nan,0.3235416666666666,0.41425,nan,nan,nan,nan
246,0.659729448491155,827.0,702.0,69.0,0.9017094017094017,64.0,0.0,599.9072850298878,nan,nan,nan,nan,nan,0.32425,0.4139,nan,nan,nan,nan
247,0.6472424557752341,803.0,688.0,67.0,0.9026162790697675,63.0,0.0,589.4213101167692,nan,nan,nan,nan,nan,0.32495833333333335,0.41355,nan,nan,nan,nan
248,0.6514047866805411,805.0,700.0,75.0,0.8928571428571429,64.0,0.0,590.4578724565524,nan,nan,nan,nan,nan,0.32566666666666666,0.4132,nan,nan,nan,nan
249,0.6514047866805411,804.0,690.0,65.0,0.9057971014492754,64.0,0.0,593.3643349637994,nan,nan,nan,nan,nan,0.32637499999999997,0.41285,nan,nan,nan,nan
250,0.5993756503642039,771.0,661.0,86.0,0.869894099848714,60.0,0.0,538.7324290819189,nan,nan,nan,nan,nan,0.32708333333333334,0.4125,nan,nan,nan,nan
251,0.6534859521331946,774.0,676.0,49.0,0.9275147928994083,62.0,0.0,601.4131853556629,nan,nan,nan,nan,nan,0.32779166666666665,0.41215,nan,nan,nan,nan
252,0.6389177939646202,799.0,686.0,73.0,0.8935860058309038,64.0,0.0,578.609736718655,nan,nan,nan,nan,nan,0.3285,0.4118,nan,nan,nan,nan
253,0.6305931321540063,770.0,666.0,61.0,0.9084084084084084,62.0,0.0,575.8074786472326,nan,nan,nan,nan,nan,0.3292083333333333,0.41145,nan,nan,nan,nan
254,0.6368366285119667,777.0,666.0,55.0,0.9174174174174174,61.0,0.0,583.6498878726977,nan,nan,nan,nan,nan,0.32991666666666664,0.4111,nan,nan,nan,nan
255,0.6295525494276795,781.0,671.0,67.0,0.9001490312965723,63.0,0.0,572.096870476248,nan,nan,nan,nan,nan,0.33062499999999995,0.41075,nan,nan,nan,nan
256,0.631633714880333,774.0,678.0,72.0,0.8938053097345132,64.0,0.0,572.4404296631815,161.70358276367188,-4.1463334734241165e-05,320.65321858723956,3.4739564458529153,0.00025783769797271816,0.33133333333333337,0.4104,nan,nan,nan,nan
257,0.5972944849115505,753.0,638.0,65.0,0.8981191222570533,60.0,0.0,542.853260666849,nan,nan,nan,nan,nan,0.3320416666666667,0.41005,nan,nan,nan,nan
258,0.6233090530697191,785.0,665.0,67.0,0.8992481203007519,63.0,0.0,566.2118547477734,nan,nan,nan,nan,nan,0.33275,0.4097,nan,nan,nan,nan
259,0.6482830385015609,815.0,692.0,70.0,0.8988439306358381,64.0,0.0,588.5769455852508,nan,nan,nan,nan,nan,0.3334583333333333,0.40935,nan,nan,nan,nan
260,0.6462018730489074,802.0,692.0,72.0,0.8959537572254336,63.0,0.0,586.2167550687789,nan,nan,nan,nan,nan,0.33416666666666667,0.40900000000000003,nan,nan,nan,nan
261,0.6462018730489074,823.0,697.0,77.0,0.8895265423242468,64.0,0.0,584.4254239501965,nan,nan,nan,nan,nan,0.334875,0.40865,nan,nan,nan,nan
262,0.6233090530697191,783.0,667.0,69.0,0.896551724137931,60.0,0.0,566.4717341227552,nan,nan,nan,nan,nan,0.33558333333333334,0.4083,nan,nan,nan,nan
263,0.6253902185223725,798.0,669.0,69.0,0.8968609865470852,63.0,0.0,567.3022959399228,nan,nan,nan,nan,nan,0.33629166666666666,0.40795000000000003,nan,nan,nan,nan
264,0.6233090530697191,798.0,675.0,77.0,0.8859259259259259,64.0,0.0,562.5855028624563,nan,nan,nan,nan,nan,0.33699999999999997,0.4076,nan,nan,nan,nan
265,0.6472424557752341,794.0,682.0,61.0,0.9105571847507331,64.0,0.0,590.7248986806885,nan,nan,nan,nan,nan,0.3377083333333333,0.40725,nan,nan,nan,nan
266,0.6285119667013528,777.0,665.0,62.0,0.9067669172932331,61.0,0.0,573.3090428094881,nan,nan,nan,nan,nan,0.3384166666666667,0.4069,nan,nan,nan,nan
267,0.6409989594172737,796.0,688.0,73.0,0.8938953488372093,63.0,0.0,581.686271574499,nan,nan,nan,nan,nan,0.339125,0.40654999999999997,nan,nan,nan,nan
268,0.63579604578564,798.0,683.0,73.0,0.8931185944363104,61.0,0.0,576.4019465994837,nan,nan,nan,nan,nan,0.3398333333333333,0.4062,nan,nan,nan,nan
269,0.6347554630593132,787.0,678.0,69.0,0.8982300884955752,60.0,0.0,577.4251346406951,nan,nan,nan,nan,nan,0.34054166666666663,0.40585,nan,nan,nan,nan
270,0.6503642039542143,812.0,694.0,70.0,0.899135446685879,63.0,0.0,591.3984868984227,nan,nan,nan,nan,nan,0.34125,0.40549999999999997,nan,nan,nan,nan
271,0.6389177939646202,789.0,679.0,66.0,0.9027982326951399,62.0,0.0,581.9743021154424,nan,nan,nan,nan,nan,0.3419583333333333,0.40515,nan,nan,nan,nan
272,0.6493236212278877,800.0,686.0,63.0,0.9081632653061225,62.0,0.0,592.8550281829839,137.1167449951172,-0.0012058873350421588,271.5086390177409,3.488410532474518,0.0020955553530560187,0.3426666666666667,0.4048,nan,nan,nan,nan
273,0.6378772112382934,807.0,678.0,66.0,0.9026548672566371,64.0,0.0,580.0000099110621,nan,nan,nan,nan,nan,0.343375,0.40445,nan,nan,nan,nan
274,0.6326742976066597,787.0,677.0,70.0,0.896602658788774,64.0,0.0,574.1517680945411,nan,nan,nan,nan,nan,0.3440833333333333,0.4041,nan,nan,nan,nan
275,0.6181061394380853,756.0,660.0,67.0,0.8984848484848484,61.0,0.0,562.4219075922985,nan,nan,nan,nan,nan,0.3447916666666666,0.40375,nan,nan,nan,nan
276,0.6524453694068678,805.0,693.0,67.0,0.9033189033189033,64.0,0.0,594.0029810600289,nan,nan,nan,nan,nan,0.34550000000000003,0.4034,nan,nan,nan,nan
277,0.6056191467221644,751.0,644.0,63.0,0.9021739130434783,61.0,0.0,551.4012789850245,nan,nan,nan,nan,nan,0.34620833333333334,0.40305,nan,nan,nan,nan
278,0.63579604578564,794.0,683.0,73.0,0.8931185944363104,63.0,0.0,576.3100848698616,nan,nan,nan,nan,nan,0.34691666666666665,0.4027,nan,nan,nan,nan
279,0.6201873048907388,781.0,676.0,81.0,0.8801775147928994,64.0,0.0,558.467620354178,nan,nan,nan,nan,nan,0.34762499999999996,0.40235,nan,nan,nan,nan
280,0.6326742976066597,784.0,674.0,67.0,0.900593471810089,62.0,0.0,575.5582937493334,nan,nan,nan,nan,nan,0.34833333333333333,0.402,nan,nan,nan,nan
281,0.6181061394380853,780.0,657.0,64.0,0.9025875190258752,62.0,0.0,562.3260877304081,nan,nan,nan,nan,nan,0.34904166666666664,0.40165,nan,nan,nan,nan
282,0.595213319458897,761.0,643.0,72.0,0.8880248833592534,60.0,0.0,539.0014709134126,nan,nan,nan,nan,nan,0.34975,0.4013,nan,nan,nan,nan
283,0.6253902185223725,794.0,684.0,84.0,0.8771929824561403,64.0,0.0,562.7127286901501,nan,nan,nan,nan,nan,0.3504583333333333,0.40095000000000003,nan,nan,nan,nan
284,0.6430801248699272,800.0,670.0,53.0,0.9208955223880597,63.0,0.0,589.0358871960647,nan,nan,nan,nan,nan,0.3511666666666666,0.4006,nan,nan,nan,nan
285,0.6451612903225806,818.0,698.0,79.0,0.8868194842406877,63.0,0.0,583.5069421420098,nan,nan,nan,nan,nan,0.351875,0.40025,nan,nan,nan,nan
286,0.63579604578564,788.0,668.0,58.0,0.9131736526946108,64.0,0.0,580.6079087324157,nan,nan,nan,nan,nan,0.35258333333333336,0.39990000000000003,nan,nan,nan,nan
287,0.6618106139438086,812.0,702.0,67.0,0.9045584045584045,64.0,0.0,603.0568710885052,nan,nan,nan,nan,nan,0.35329166666666667,0.39955,nan,nan,nan,nan
288,0.6545265348595213,798.0,690.0,62.0,0.9101449275362319,62.0,0.0,598.1630631127362,140.72010485331217,-0.0008270323742181063,278.77880986531574,3.4561620354652405,0.0017036743908344458,0.354,0.3992,nan,nan,nan,nan
289,0.6493236212278877,826.0,696.0,73.0,0.8951149425287356,62.0,0.0,589.3956838040365,nan,nan,nan,nan,nan,0.3547083333333333,0.39885000000000004,nan,nan,nan,nan
290,0.6399583766909469,796.0,690.0,76.0,0.8898550724637682,63.0,0.0,579.9183789639472,nan,nan,nan,nan,nan,0.35541666666666666,0.3985,nan,nan,nan,nan
291,0.627471383975026,789.0,673.0,71.0,0.8945022288261516,63.0,0.0,568.8023018207573,nan,nan,nan,nan,nan,0.356125,0.39815,nan,nan,nan,nan
292,0.6149843912591051,806.0,687.0,97.0,0.858806404657933,63.0,0.0,548.89623965502,nan,nan,nan,nan,nan,0.35683333333333334,0.39780000000000004,nan,nan,nan,nan
293,0.631633714880333,811.0,684.0,78.0,0.8859649122807017,64.0,0.0,570.2220058841725,nan,nan,nan,nan,nan,0.35754166666666665,0.39745,nan,nan,nan,nan
294,0.6482830385015609,815.0,694.0,72.0,0.8962536023054755,63.0,0.0,587.8920033884054,nan,nan,nan,nan,nan,0.35824999999999996,0.3971,nan,nan,nan,nan
295,0.6462018730489074,800.0,687.0,67.0,0.9024745269286754,62.0,0.0,588.792830508234,nan,nan,nan,nan,nan,0.3589583333333333,0.39675,nan,nan,nan,nan
296,0.631633714880333,796.0,675.0,69.0,0.8977777777777778,64.0,0.0,573.1758639040002,nan,nan,nan,nan,nan,0.3596666666666667,0.39640000000000003,nan,nan,nan,nan
297,0.6295525494276795,778.0,673.0,69.0,0.8974739970282318,63.0,0.0,571.7633309540764,nan,nan,nan,nan,nan,0.360375,0.39605,nan,nan,nan,nan
298,0.6233090530697191,791.0,669.0,71.0,0.8938714499252616,62.0,0.0,564.9375649747868,nan,nan,nan,nan,nan,0.3610833333333333,0.3957,nan,nan,nan,nan
299,0.627471383975026,796.0,684.0,82.0,0.8801169590643275,63.0,0.0,565.3974710230847,nan,nan,nan,nan,nan,0.3617916666666666,0.39535,nan,nan,nan,nan
300,0.6399583766909469,806.0,687.0,73.0,0.893740902474527,64.0,0.0,579.3833479223255,nan,nan,nan,nan,nan,0.3625,0.395,0.6404994797086369,0.619146722164412,0.9250606725398869,0.0
301,0.5723204994797086,717.0,618.0,69.0,0.8883495145631068,57.0,0.0,519.409899460319,nan,nan,nan,nan,nan,0.36320833333333336,0.39465,nan,nan,nan,nan
302,0.6326742976066597,817.0,688.0,81.0,0.8822674418604651,63.0,0.0,570.638492794038,nan,nan,nan,nan,nan,0.36391666666666667,0.3943,nan,nan,nan,nan
303,0.6347554630593132,789.0,680.0,71.0,0.8955882352941177,62.0,0.0,576.4695498538031,nan,nan,nan,nan,nan,0.364625,0.39395,nan,nan,nan,nan
304,0.6305931321540063,799.0,672.0,67.0,0.9002976190476191,63.0,0.0,572.9192821688671,132.3027458190918,0.0006571811682078987,261.9801305135091,3.4563693602879844,0.0012432533367245924,0.36533333333333334,0.3936,nan,nan,nan,nan
305,0.6347554630593132,801.0,687.0,78.0,0.8864628820960698,63.0,0.0,574.0540165510198,nan,nan,nan,nan,nan,0.36604166666666665,0.39325,nan,nan,nan,nan
306,0.6378772112382934,815.0,683.0,71.0,0.8960468521229868,63.0,0.0,578.3841189012539,nan,nan,nan,nan,nan,0.36675,0.3929,nan,nan,nan,nan
307,0.603537981269511,750.0,644.0,65.0,0.8990683229813664,59.0,0.0,549.5591613969838,nan,nan,nan,nan,nan,0.36745833333333333,0.39255,nan,nan,nan,nan
308,0.6576482830385015,821.0,698.0,67.0,0.9040114613180515,64.0,0.0,598.5398530588159,nan,nan,nan,nan,nan,0.36816666666666664,0.3922,nan,nan,nan,nan
309,0.6087408949011447,763.0,652.0,68.0,0.8957055214723927,62.0,0.0,551.9941001148243,nan,nan,nan,nan,nan,0.36887499999999995,0.39185000000000003,nan,nan,nan,nan
310,0.6170655567117586,799.0,687.0,95.0,0.8617176128093159,64.0,0.0,551.1670033030539,nan,nan,nan,nan,nan,0.3695833333333334,0.3915,nan,nan,nan,nan
311,0.6555671175858481,811.0,696.0,67.0,0.9037356321839081,60.0,0.0,598.141390287876,nan,nan,nan,nan,nan,0.3702916666666667,0.39115,nan,nan,nan,nan
312,0.6337148803329865,787.0,676.0,68.0,0.8994082840236687,63.0,0.0,575.9691124687209,nan,nan,nan,nan,nan,0.371,0.39080000000000004,nan,nan,nan,nan
313,0.663891779396462,813.0,700.0,63.0,0.91,64.0,0.0,606.1026665530209,nan,nan,nan,nan,nan,0.3717083333333333,0.39045,nan,nan,nan,nan
314,0.6243496357960457,789.0,659.0,60.0,0.9089529590288316,62.0,0.0,569.4374173440949,nan,nan,nan,nan,nan,0.3724166666666666,0.3901,nan,nan,nan,nan
315,0.6108220603537982,761.0,650.0,64.0,0.9015384615384615,62.0,0.0,555.6076269531272,nan,nan,nan,nan,nan,0.373125,0.38975000000000004,nan,nan,nan,nan
316,0.6409989594172737,817.0,689.0,74.0,0.8925979680696662,63.0,0.0,580.6669333038351,nan,nan,nan,nan,nan,0.3738333333333333,0.3894,nan,nan,nan,nan
317,0.6295525494276795,790.0,671.0,67.0,0.9001490312965723,63.0,0.0,572.0667987442025,nan,nan,nan,nan,nan,0.37454166666666666,0.38905,nan,nan,nan,nan
318,0.6326742976066597,810.0,683.0,76.0,0.8887262079062958,64.0,0.0,571.7783706197755,nan,nan,nan,nan,nan,0.37525,0.3887,nan,nan,nan,nan
319,0.6462018730489074,801.0,681.0,61.0,0.9104258443465492,63.0,0.0,589.8416266155249,nan,nan,nan,nan,nan,0.3759583333333333,0.38835,nan,nan,nan,nan
320,0.6628511966701353,811.0,705.0,69.0,0.902127659574468,64.0,0.0,603.4027036190046,121.76078859965007,0.002638746906692783,240.95839818318686,3.4189780950546265,0.0008637272791626552,0.37666666666666665,0.388,nan,nan,nan,nan
321,0.63579604578564,796.0,683.0,73.0,0.8931185944363104,63.0,0.0,576.5003111720102,nan,nan,nan,nan,nan,0.377375,0.38765,nan,nan,nan,nan
322,0.6264308012486993,791.0,673.0,72.0,0.8930163447251115,62.0,0.0,568.1310192818655,nan,nan,nan,nan,nan,0.3780833333333333,0.3873,nan,nan,nan,nan
323,0.6378772112382934,789.0,680.0,68.0,0.9,62.0,0.0,580.452967671395,nan,nan,nan,nan,nan,0.37879166666666664,0.38695,nan,nan,nan,nan
324,0.6462018730489074,807.0,695.0,75.0,0.8920863309352518,63.0,0.0,585.9287805352227,nan,nan,nan,nan,nan,0.3795,0.3866,nan,nan,nan,nan
325,0.6534859521331946,786.0,679.0,52.0,0.9234167893961709,63.0,0.0,599.9404210820204,nan,nan,nan,nan,nan,0.3802083333333333,0.38625,nan,nan,nan,nan
326,0.6233090530697191,817.0,678.0,80.0,0.8820058997050148,63.0,0.0,561.5949587593105,nan,nan,nan,nan,nan,0.3809166666666667,0.3859,nan,nan,nan,nan
327,0.668054110301769,806.0,709.0,68.0,0.9040902679830748,62.0,0.0,609.272329133511,nan,nan,nan,nan,nan,0.381625,0.38555,nan,nan,nan,nan
328,0.6576482830385015,821.0,709.0,78.0,0.8899858956276445,64.0,0.0,595.6832186083802,nan,nan,nan,nan,nan,0.3823333333333333,0.3852,nan,nan,nan,nan
329,0.6534859521331946,812.0,708.0,81.0,0.885593220338983,63.0,0.0,590.905397007466,nan,nan,nan,nan,nan,0.38304166666666667,0.38485,nan,nan,nan,nan
330,0.627471383975026,782.0,670.0,68.0,0.8985074626865671,61.0,0.0,570.4766544442185,nan,nan,nan,nan,nan,0.38375000000000004,0.3845,nan,nan,nan,nan
331,0.6389177939646202,799.0,684.0,71.0,0.8961988304093568,63.0,0.0,579.5666735172283,nan,nan,nan,nan,nan,0.38445833333333335,0.38415,nan,nan,nan,nan
332,0.6607700312174818,791.0,692.0,58.0,0.9161849710982659,63.0,0.0,605.1064710612319,nan,nan,nan,nan,nan,0.38516666666666666,0.38380000000000003,nan,nan,nan,nan
333,0.619146722164412,773.0,662.0,68.0,0.8972809667673716,62.0,0.0,562.3548939242371,nan,nan,nan,nan,nan,0.38587499999999997,0.38345,nan,nan,nan,nan
334,0.6243496357960457,806.0,680.0,81.0,0.8808823529411764,63.0,0.0,562.6228736076379,nan,nan,nan,nan,nan,0.3865833333333333,0.3831,nan,nan,nan,nan
335,0.6690946930280958,819.0,697.0,55.0,0.921090387374462,64.0,0.0,613.6613776059148,nan,nan,nan,nan,nan,0.3872916666666667,0.38275000000000003,nan,nan,nan,nan
336,0.6378772112382934,811.0,685.0,73.0,0.8934306569343066,64.0,0.0,577.3710562019365,109.33654912312825,2.8532373714066733e-05,216.09609731038412,3.4960501392682395,0.0003457711924662969,0.388,0.3824,nan,nan,nan,nan
337,0.6243496357960457,793.0,679.0,80.0,0.882179675994109,63.0,0.0,562.464580448629,nan,nan,nan,nan,nan,0.3887083333333333,0.38205,nan,nan,nan,nan
338,0.6305931321540063,794.0,675.0,70.0,0.8962962962962963,62.0,0.0,572.5702973041546,nan,nan,nan,nan,nan,0.38941666666666663,0.3817,nan,nan,nan,nan
339,0.6462018730489074,808.0,689.0,69.0,0.8998548621190131,63.0,0.0,587.5375216450699,nan,nan,nan,nan,nan,0.39012499999999994,0.38134999999999997,nan,nan,nan,nan
340,0.6160249739854319,784.0,683.0,92.0,0.8653001464128843,64.0,0.0,550.6163182964344,nan,nan,nan,nan,nan,0.3908333333333333,0.381,nan,nan,nan,nan
341,0.6493236212278877,809.0,697.0,74.0,0.8938307030129125,64.0,0.0,589.010201679231,nan,nan,nan,nan,nan,0.3915416666666667,0.38065,nan,nan,nan,nan
342,0.627471383975026,794.0,676.0,74.0,0.8905325443786982,62.0,0.0,568.2019021945023,nan,nan,nan,nan,nan,0.39225,0.38029999999999997,nan,nan,nan,nan
343,0.6326742976066597,803.0,685.0,78.0,0.8861313868613139,62.0,0.0,571.9390241594323,nan,nan,nan,nan,nan,0.3929583333333333,0.37995,nan,nan,nan,nan
344,0.6545265348595213,797.0,694.0,66.0,0.9048991354466859,61.0,0.0,597.0378678207414,nan,nan,nan,nan,nan,0.39366666666666666,0.37960000000000005,nan,nan,nan,nan
345,0.6420395421436004,803.0,686.0,70.0,0.8979591836734694,64.0,0.0,582.6867129173291,nan,nan,nan,nan,nan,0.394375,0.37925000000000003,nan,nan,nan,nan
346,0.6514047866805411,808.0,688.0,63.0,0.9084302325581395,63.0,0.0,594.393053156376,nan,nan,nan,nan,nan,0.39508333333333334,0.3789,nan,nan,nan,nan
347,0.6399583766909469,795.0,675.0,61.0,0.9096296296296297,62.0,0.0,584.5492748255734,nan,nan,nan,nan,nan,0.39579166666666665,0.37855,nan,nan,nan,nan
348,0.627471383975026,794.0,688.0,86.0,0.875,61.0,0.0,565.2707769460691,nan,nan,nan,nan,nan,0.39649999999999996,0.37820000000000004,nan,nan,nan,nan
349,0.6649323621227887,820.0,703.0,65.0,0.9075391180654339,63.0,0.0,606.8287540178299,nan,nan,nan,nan,nan,0.39720833333333333,0.37785,nan,nan,nan,nan
350,0.6378772112382934,801.0,686.0,74.0,0.892128279883382,63.0,0.0,578.2364116511357,nan,nan,nan,nan,nan,0.3979166666666667,0.3775,nan,nan,nan,nan
351,0.6430801248699272,806.0,694.0,77.0,0.8890489913544669,62.0,0.0,582.4425973229415,nan,nan,nan,nan,nan,0.398625,0.37715,nan,nan,nan,nan
352,0.6711758584807492,826.0,714.0,70.0,0.9019607843137255,62.0,0.0,611.4489024848949,96.51321951548259,-0.0006594043976898926,190.48506037394205,3.503459393978119,0.00012362310220244885,0.3993333333333333,0.3768,nan,nan,nan,nan
353,0.6337148803329865,818.0,685.0,77.0,0.8875912408759125,64.0,0.0,572.3822787151348,nan,nan,nan,nan,nan,0.40004166666666663,0.37645,nan,nan,nan,nan
354,0.6389177939646202,801.0,679.0,66.0,0.9027982326951399,62.0,0.0,581.5819553632746,nan,nan,nan,nan,nan,0.40074999999999994,0.3761,nan,nan,nan,nan
355,0.6378772112382934,794.0,677.0,65.0,0.9039881831610044,62.0,0.0,581.4117043604862,nan,nan,nan,nan,nan,0.40145833333333336,0.37575000000000003,nan,nan,nan,nan
356,0.6222684703433923,800.0,682.0,85.0,0.875366568914956,64.0,0.0,559.4973221340207,nan,nan,nan,nan,nan,0.4021666666666667,0.3754,nan,nan,nan,nan
357,0.6451612903225806,791.0,671.0,52.0,0.9225037257824144,62.0,0.0,592.2574219851505,nan,nan,nan,nan,nan,0.402875,0.37505,nan,nan,nan,nan
358,0.6368366285119667,792.0,674.0,63.0,0.9065281899109793,61.0,0.0,581.0758705511107,nan,nan,nan,nan,nan,0.4035833333333333,0.37470000000000003,nan,nan,nan,nan
359,0.6462018730489074,788.0,680.0,60.0,0.9117647058823529,62.0,0.0,590.9258976078033,nan,nan,nan,nan,nan,0.4042916666666667,0.37435,nan,nan,nan,nan
360,0.6576482830385015,826.0,701.0,70.0,0.9001426533523538,64.0,0.0,597.7581861805917,nan,nan,nan,nan,nan,0.405,0.374,nan,nan,nan,nan
361,0.6170655567117586,790.0,662.0,70.0,0.8942598187311178,63.0,0.0,559.0272984647753,nan,nan,nan,nan,nan,0.40570833333333334,0.37365000000000004,nan,nan,nan,nan
362,0.6493236212278877,784.0,683.0,60.0,0.9121522693997072,61.0,0.0,594.2282408504489,nan,nan,nan,nan,nan,0.40641666666666665,0.3733,nan,nan,nan,nan
363,0.6243496357960457,806.0,680.0,81.0,0.8808823529411764,61.0,0.0,563.5753686552064,nan,nan,nan,nan,nan,0.40712499999999996,0.37295,nan,nan,nan,nan
364,0.6451612903225806,806.0,690.0,71.0,0.8971014492753623,64.0,0.0,585.1265297775271,nan,nan,nan,nan,nan,0.4078333333333334,0.37260000000000004,nan,nan,nan,nan
365,0.6409989594172737,806.0,683.0,68.0,0.9004392386530015,64.0,0.0,582.3616843347561,nan,nan,nan,nan,nan,0.4085416666666666,0.37224999999999997,nan,nan,nan,nan
366,0.6378772112382934,808.0,692.0,80.0,0.884393063583815,64.0,0.0,575.9955436530124,nan,nan,nan,nan,nan,0.40925,0.3719,nan,nan,nan,nan
367,0.63579604578564,815.0,692.0,82.0,0.8815028901734104,64.0,0.0,572.6562628140468,nan,nan,nan,nan,nan,0.4099583333333333,0.37155000000000005,nan,nan,nan,nan
368,0.6368366285119667,795.0,669.0,58.0,0.9133034379671151,64.0,0.0,581.328817046165,96.57144037882487,-0.00024104521920283636,190.65655136108398,3.479359785715739,6.656672652146274e-05,0.4106666666666666,0.3712,nan,nan,nan,nan
369,0.627471383975026,777.0,672.0,70.0,0.8958333333333334,61.0,0.0,570.4244377770449,nan,nan,nan,nan,nan,0.41137499999999994,0.37085,nan,nan,nan,nan
370,0.6430801248699272,805.0,703.0,86.0,0.8776671408250356,62.0,0.0,579.8366260581021,nan,nan,nan,nan,nan,0.41208333333333336,0.3705,nan,nan,nan,nan
371,0.6409989594172737,823.0,713.0,98.0,0.8625525946704067,63.0,0.0,573.4022261104593,nan,nan,nan,nan,nan,0.41279166666666667,0.37015,nan,nan,nan,nan
372,0.6201873048907388,789.0,684.0,89.0,0.8698830409356725,64.0,0.0,556.4653872942948,nan,nan,nan,nan,nan,0.4135,0.3698,nan,nan,nan,nan
373,0.6462018730489074,798.0,681.0,61.0,0.9104258443465492,62.0,0.0,590.3376273808484,nan,nan,nan,nan,nan,0.4142083333333333,0.36945,nan,nan,nan,nan
374,0.627471383975026,803.0,677.0,75.0,0.8892171344165436,64.0,0.0,566.7521075243973,nan,nan,nan,nan,nan,0.4149166666666666,0.3691,nan,nan,nan,nan
375,0.6347554630593132,798.0,685.0,76.0,0.8890510948905109,64.0,0.0,573.730617047311,nan,nan,nan,nan,nan,0.415625,0.36875,nan,nan,nan,nan
376,0.6337148803329865,795.0,680.0,72.0,0.8941176470588236,62.0,0.0,574.97798017502,nan,nan,nan,nan,nan,0.41633333333333333,0.3684,nan,nan,nan,nan
377,0.627471383975026,785.0,666.0,64.0,0.9039039039039038,64.0,0.0,570.897846805097,nan,nan,nan,nan,nan,0.41704166666666664,0.36805,nan,nan,nan,nan
378,0.6555671175858481,810.0,693.0,64.0,0.9076479076479076,62.0,0.0,598.2435144696251,nan,nan,nan,nan,nan,0.41774999999999995,0.3677,nan,nan,nan,nan
379,0.6409989594172737,803.0,682.0,67.0,0.9017595307917888,62.0,0.0,583.3432423381806,nan,nan,nan,nan,nan,0.4184583333333334,0.36735,nan,nan,nan,nan
380,0.6430801248699272,804.0,686.0,69.0,0.8994169096209913,64.0,0.0,584.422026508809,nan,nan,nan,nan,nan,0.4191666666666667,0.367,nan,nan,nan,nan
381,0.6472424557752341,814.0,698.0,77.0,0.8896848137535817,63.0,0.0,585.5127841191293,nan,nan,nan,nan,nan,0.419875,0.36665000000000003,nan,nan,nan,nan
382,0.6201873048907388,793.0,671.0,76.0,0.886736214605067,63.0,0.0,560.4341661772751,nan,nan,nan,nan,nan,0.4205833333333333,0.3663,nan,nan,nan,nan
383,0.6534859521331946,835.0,704.0,77.0,0.890625,61.0,0.0,592.4852396554944,nan,nan,nan,nan,nan,0.4212916666666666,0.36595,nan,nan,nan,nan
384,0.6108220603537982,774.0,655.0,69.0,0.8946564885496183,60.0,0.0,554.8018683066391,80.66634909311931,0.0006674027148013314,158.88612937927246,3.476475715637207,5.943846069082307e-05,0.42200000000000004,0.36560000000000004,nan,nan,nan,nan
385,0.6618106139438086,811.0,696.0,61.0,0.9123563218390804,61.0,0.0,605.6969241075509,nan,nan,nan,nan,nan,0.42270833333333335,0.36525,nan,nan,nan,nan
386,0.6472424557752341,824.0,694.0,73.0,0.8948126801152738,63.0,0.0,587.0364472637207,nan,nan,nan,nan,nan,0.42341666666666666,0.3649,nan,nan,nan,nan
387,0.63579604578564,792.0,686.0,76.0,0.8892128279883382,62.0,0.0,575.3191815381053,nan,nan,nan,nan,nan,0.424125,0.36455000000000004,nan,nan,nan,nan
388,0.663891779396462,813.0,699.0,62.0,0.9113018597997139,60.0,0.0,607.5346543426532,nan,nan,nan,nan,nan,0.4248333333333333,0.36419999999999997,nan,nan,nan,nan
389,0.6430801248699272,789.0,690.0,73.0,0.8942028985507247,64.0,0.0,583.4178471508035,nan,nan,nan,nan,nan,0.4255416666666666,0.36385,nan,nan,nan,nan
390,0.6264308012486993,799.0,683.0,82.0,0.8799414348462665,62.0,0.0,564.8326076383609,nan,nan,nan,nan,nan,0.42625,0.36350000000000005,nan,nan,nan,nan
391,0.6201873048907388,805.0,688.0,93.0,0.8648255813953488,62.0,0.0,555.1712821512245,nan,nan,nan,nan,nan,0.42695833333333333,0.36315,nan,nan,nan,nan
392,0.6285119667013528,788.0,676.0,73.0,0.8920118343195266,62.0,0.0,569.451602093698,nan,nan,nan,nan,nan,0.42766666666666664,0.3628,nan,nan,nan,nan
393,0.6493236212278877,821.0,695.0,72.0,0.8964028776978418,63.0,0.0,589.2100651817323,nan,nan,nan,nan,nan,0.42837499999999995,0.36245,nan,nan,nan,nan
394,0.6545265348595213,818.0,700.0,72.0,0.8971428571428571,62.0,0.0,595.0367374796866,nan,nan,nan,nan,nan,0.42908333333333326,0.3621,nan,nan,nan,nan
395,0.6243496357960457,784.0,677.0,78.0,0.8847858197932054,60.0,0.0,565.3643811635998,nan,nan,nan,nan,nan,0.4297916666666667,0.36175,nan,nan,nan,nan
396,0.6139438085327783,771.0,658.0,69.0,0.8951367781155015,62.0,0.0,557.2924904193876,nan,nan,nan,nan,nan,0.4305,0.3614,nan,nan,nan,nan
397,0.6462018730489074,802.0,680.0,60.0,0.9117647058823529,64.0,0.0,590.0561050419818,nan,nan,nan,nan,nan,0.4312083333333333,0.36105,nan,nan,nan,nan
398,0.6160249739854319,764.0,658.0,67.0,0.898176291793313,60.0,0.0,560.5970081005114,nan,nan,nan,nan,nan,0.4319166666666666,0.3607,nan,nan,nan,nan
399,0.6451612903225806,821.0,699.0,80.0,0.8855507868383404,62.0,0.0,583.6944131798755,nan,nan,nan,nan,nan,0.43262500000000004,0.36035,nan,nan,nan,nan
400,0.6264308012486993,784.0,680.0,79.0,0.8838235294117647,62.0,0.0,565.9426972484594,82.02535438537598,0.0006947497992465893,161.60629272460938,3.5294657349586487,7.843263453347997e-05,0.43333333333333335,0.36,0.651363163371488,0.632570239334027,0.9299737725461413,0.0
401,0.6253902185223725,783.0,665.0,65.0,0.9022556390977443,62.0,0.0,569.1540082201969,nan,nan,nan,nan,nan,0.43404166666666666,0.35965,nan,nan,nan,nan
402,0.6253902185223725,779.0,674.0,74.0,0.8902077151335311,63.0,0.0,566.1472418475166,nan,nan,nan,nan,nan,0.43474999999999997,0.3593,nan,nan,nan,nan
403,0.6399583766909469,835.0,695.0,81.0,0.883453237410072,64.0,0.0,577.0306856555964,nan,nan,nan,nan,nan,0.4354583333333333,0.35895,nan,nan,nan,nan
404,0.6326742976066597,790.0,685.0,78.0,0.8861313868613139,62.0,0.0,572.495782119275,nan,nan,nan,nan,nan,0.4361666666666667,0.35860000000000003,nan,nan,nan,nan
405,0.6482830385015609,770.0,678.0,56.0,0.9174041297935103,60.0,0.0,595.2618199644103,nan,nan,nan,nan,nan,0.436875,0.35825,nan,nan,nan,nan
406,0.6649323621227887,805.0,701.0,63.0,0.9101283880171184,64.0,0.0,607.5064325351733,nan,nan,nan,nan,nan,0.4375833333333333,0.3579,nan,nan,nan,nan
407,0.6472424557752341,796.0,689.0,68.0,0.9013062409288825,63.0,0.0,589.2620473580369,nan,nan,nan,nan,nan,0.43829166666666663,0.35755000000000003,nan,nan,nan,nan
408,0.6451612903225806,812.0,698.0,79.0,0.8868194842406877,64.0,0.0,582.5968001728064,nan,nan,nan,nan,nan,0.43900000000000006,0.3572,nan,nan,nan,nan
409,0.6534859521331946,799.0,671.0,44.0,0.9344262295081968,62.0,0.0,602.408624866961,nan,nan,nan,nan,nan,0.43970833333333326,0.35685,nan,nan,nan,nan
410,0.6212278876170656,795.0,679.0,83.0,0.8777614138438881,64.0,0.0,558.9234621834769,nan,nan,nan,nan,nan,0.4404166666666667,0.35650000000000004,nan,nan,nan,nan
411,0.6233090530697191,777.0,677.0,79.0,0.8833087149187593,64.0,0.0,561.2538220767987,nan,nan,nan,nan,nan,0.441125,0.35615,nan,nan,nan,nan
412,0.6462018730489074,810.0,703.0,83.0,0.8819345661450925,62.0,0.0,583.8820429668432,nan,nan,nan,nan,nan,0.4418333333333333,0.3558,nan,nan,nan,nan
413,0.6514047866805411,821.0,697.0,72.0,0.896700143472023,62.0,0.0,591.9461379823689,nan,nan,nan,nan,nan,0.4425416666666666,0.35545000000000004,nan,nan,nan,nan
414,0.6201873048907388,762.0,659.0,64.0,0.9028831562974203,61.0,0.0,565.315615452291,nan,nan,nan,nan,nan,0.4432499999999999,0.3551,nan,nan,nan,nan
415,0.6462018730489074,804.0,699.0,79.0,0.8869814020028612,63.0,0.0,584.5039675292982,nan,nan,nan,nan,nan,0.44395833333333334,0.35475,nan,nan,nan,nan
416,0.6222684703433923,763.0,654.0,57.0,0.9128440366972477,61.0,0.0,568.8689425401692,73.21508439381917,-0.0007931592990644276,144.07963371276855,3.4536834359169006,0.00017551322101401942,0.44466666666666665,0.35440000000000005,nan,nan,nan,nan
417,0.5993756503642039,762.0,661.0,86.0,0.869894099848714,62.0,0.0,538.1487268819833,nan,nan,nan,nan,nan,0.44537499999999997,0.35405,nan,nan,nan,nan
418,0.6264308012486993,795.0,673.0,72.0,0.8930163447251115,64.0,0.0,567.2165863409058,nan,nan,nan,nan,nan,0.4460833333333333,0.3537,nan,nan,nan,nan
419,0.6399583766909469,776.0,674.0,60.0,0.9109792284866469,63.0,0.0,584.4935119037627,nan,nan,nan,nan,nan,0.4467916666666667,0.35335000000000005,nan,nan,nan,nan
420,0.5920915712799167,748.0,633.0,65.0,0.8973143759873617,59.0,0.0,538.2295623841311,nan,nan,nan,nan,nan,0.4475,0.353,nan,nan,nan,nan
421,0.6462018730489074,783.0,688.0,68.0,0.9011627906976745,63.0,0.0,588.360233457566,nan,nan,nan,nan,nan,0.4482083333333333,0.35265,nan,nan,nan,nan
422,0.631633714880333,820.0,691.0,85.0,0.8769898697539797,64.0,0.0,567.9528139152536,nan,nan,nan,nan,nan,0.44891666666666663,0.3523,nan,nan,nan,nan
423,0.6077003121748179,814.0,676.0,93.0,0.8624260355029586,63.0,0.0,542.739488238337,nan,nan,nan,nan,nan,0.44962499999999994,0.35195,nan,nan,nan,nan
424,0.6295525494276795,789.0,675.0,71.0,0.8948148148148148,62.0,0.0,571.3218181877136,nan,nan,nan,nan,nan,0.45033333333333336,0.3516,nan,nan,nan,nan
425,0.6482830385015609,796.0,694.0,72.0,0.8962536023054755,63.0,0.0,589.2123206539144,nan,nan,nan,nan,nan,0.4510416666666667,0.35125,nan,nan,nan,nan
426,0.6108220603537982,773.0,653.0,67.0,0.8973966309341501,62.0,0.0,554.5886755909945,nan,nan,nan,nan,nan,0.45175,0.3509,nan,nan,nan,nan
427,0.6295525494276795,793.0,683.0,79.0,0.8843338213762811,62.0,0.0,568.9119523773206,nan,nan,nan,nan,nan,0.4524583333333333,0.35055000000000003,nan,nan,nan,nan
428,0.6243496357960457,765.0,648.0,49.0,0.9243827160493827,60.0,0.0,573.6379719820034,nan,nan,nan,nan,nan,0.4531666666666667,0.3502,nan,nan,nan,nan
429,0.6264308012486993,794.0,668.0,67.0,0.8997005988023952,62.0,0.0,569.6557682762148,nan,nan,nan,nan,nan,0.45387500000000003,0.34985,nan,nan,nan,nan
430,0.6399583766909469,786.0,680.0,66.0,0.9029411764705882,61.0,0.0,583.4302182178519,nan,nan,nan,nan,nan,0.45458333333333334,0.34950000000000003,nan,nan,nan,nan
431,0.6264308012486993,784.0,671.0,70.0,0.8956780923994039,60.0,0.0,569.4762604894651,nan,nan,nan,nan,nan,0.45529166666666665,0.34915,nan,nan,nan,nan
432,0.6409989594172737,801.0,688.0,73.0,0.8938953488372093,62.0,0.0,581.5095208215724,74.34087657928467,0.0008299548644572496,146.34976196289062,3.4795416792233786,0.0002183840588259045,0.45599999999999996,0.3488,nan,nan,nan,nan
433,0.6399583766909469,804.0,692.0,78.0,0.8872832369942196,62.0,0.0,579.1638224377647,nan,nan,nan,nan,nan,0.45670833333333327,0.34845000000000004,nan,nan,nan,nan
434,0.6586888657648283,795.0,681.0,49.0,0.9280469897209985,64.0,0.0,605.4417514691343,nan,nan,nan,nan,nan,0.4574166666666667,0.3481,nan,nan,nan,nan
435,0.6576482830385015,825.0,698.0,67.0,0.9040114613180515,63.0,0.0,598.6681385383608,nan,nan,nan,nan,nan,0.458125,0.34775,nan,nan,nan,nan
436,0.6420395421436004,819.0,689.0,73.0,0.8940493468795355,62.0,0.0,582.4726673502926,nan,nan,nan,nan,nan,0.4588333333333333,0.34740000000000004,nan,nan,nan,nan
437,0.6233090530697191,792.0,680.0,82.0,0.8794117647058823,63.0,0.0,561.5386360464112,nan,nan,nan,nan,nan,0.4595416666666666,0.34704999999999997,nan,nan,nan,nan
438,0.6233090530697191,745.0,643.0,45.0,0.9300155520995335,58.0,0.0,575.1556006388664,nan,nan,nan,nan,nan,0.46024999999999994,0.3467,nan,nan,nan,nan
439,0.631633714880333,803.0,681.0,75.0,0.8898678414096917,62.0,0.0,571.8336121230137,nan,nan,nan,nan,nan,0.46095833333333336,0.34635000000000005,nan,nan,nan,nan
440,0.6420395421436004,791.0,678.0,62.0,0.9085545722713865,60.0,0.0,586.8087530341163,nan,nan,nan,nan,nan,0.46166666666666667,0.346,nan,nan,nan,nan
441,0.63579604578564,802.0,687.0,77.0,0.8879184861717613,63.0,0.0,575.2827084121727,nan,nan,nan,nan,nan,0.462375,0.34565,nan,nan,nan,nan
442,0.6347554630593132,822.0,703.0,94.0,0.8662873399715505,64.0,0.0,568.3676898331664,nan,nan,nan,nan,nan,0.4630833333333333,0.3453,nan,nan,nan,nan
443,0.6326742976066597,785.0,673.0,66.0,0.9019316493313522,63.0,0.0,575.5093080024725,nan,nan,nan,nan,nan,0.4637916666666666,0.34495,nan,nan,nan,nan
444,0.6337148803329865,772.0,671.0,63.0,0.9061102831594635,61.0,0.0,578.6140549831398,nan,nan,nan,nan,nan,0.4645,0.3446,nan,nan,nan,nan
445,0.6378772112382934,791.0,690.0,78.0,0.8869565217391304,62.0,0.0,577.1628430624004,nan,nan,nan,nan,nan,0.46520833333333333,0.34425,nan,nan,nan,nan
446,0.6462018730489074,797.0,685.0,65.0,0.9051094890510949,64.0,0.0,588.3494719691291,nan,nan,nan,nan,nan,0.46591666666666665,0.3439,nan,nan,nan,nan
447,0.6493236212278877,807.0,694.0,71.0,0.8976945244956772,62.0,0.0,590.1574454913147,nan,nan,nan,nan,nan,0.46662499999999996,0.34355,nan,nan,nan,nan
448,0.6378772112382934,810.0,685.0,73.0,0.8934306569343066,63.0,0.0,578.0997746086114,63.39511934916178,-0.0010606604628264904,124.50715319315593,3.4701008995374045,8.349860733384655e-05,0.4673333333333334,0.3432,nan,nan,nan,nan
449,0.644120707596254,817.0,700.0,82.0,0.8828571428571429,64.0,0.0,581.2834178676621,nan,nan,nan,nan,nan,0.4680416666666667,0.34285,nan,nan,nan,nan
450,0.6409989594172737,787.0,682.0,67.0,0.9017595307917888,64.0,0.0,583.2927084331526,nan,nan,nan,nan,nan,0.46875,0.3425,nan,nan,nan,nan
451,0.6420395421436004,801.0,662.0,46.0,0.9305135951661632,62.0,0.0,590.8026837382323,nan,nan,nan,nan,nan,0.4694583333333333,0.34215,nan,nan,nan,nan
452,0.6472424557752341,819.0,698.0,77.0,0.8896848137535817,63.0,0.0,585.879229768278,nan,nan,nan,nan,nan,0.4701666666666666,0.3418,nan,nan,nan,nan
453,0.6243496357960457,772.0,662.0,63.0,0.904833836858006,62.0,0.0,569.2192564172751,nan,nan,nan,nan,nan,0.47087499999999993,0.34145000000000003,nan,nan,nan,nan
454,0.6097814776274714,771.0,660.0,75.0,0.8863636363636364,63.0,0.0,550.3239394793525,nan,nan,nan,nan,nan,0.47158333333333335,0.3411,nan,nan,nan,nan
455,0.6534859521331946,813.0,699.0,72.0,0.8969957081545065,62.0,0.0,593.931836541653,nan,nan,nan,nan,nan,0.47229166666666667,0.34075,nan,nan,nan,nan
456,0.6482830385015609,798.0,698.0,76.0,0.8911174785100286,63.0,0.0,587.7241186857241,nan,nan,nan,nan,nan,0.473,0.34040000000000004,nan,nan,nan,nan
457,0.6493236212278877,816.0,695.0,72.0,0.8964028776978418,63.0,0.0,589.5331226205853,nan,nan,nan,nan,nan,0.4737083333333333,0.34004999999999996,nan,nan,nan,nan
458,0.6586888657648283,824.0,708.0,76.0,0.8926553672316384,64.0,0.0,597.1019292712211,nan,nan,nan,nan,nan,0.4744166666666666,0.3397,nan,nan,nan,nan
459,0.6493236212278877,817.0,695.0,72.0,0.8964028776978418,63.0,0.0,588.9160754146583,nan,nan,nan,nan,nan,0.475125,0.33935000000000004,nan,nan,nan,nan
460,0.6347554630593132,800.0,683.0,74.0,0.8916544655929722,62.0,0.0,575.2852553005233,nan,nan,nan,nan,nan,0.47583333333333333,0.33899999999999997,nan,nan,nan,nan
461,0.6722164412070759,835.0,713.0,68.0,0.9046283309957924,63.0,0.0,612.4784184727673,nan,nan,nan,nan,nan,0.47654166666666664,0.33865,nan,nan,nan,nan
462,0.6212278876170656,766.0,665.0,69.0,0.8962406015037594,60.0,0.0,564.7127329068189,nan,nan,nan,nan,nan,0.47724999999999995,0.3383,nan,nan,nan,nan
463,0.6482830385015609,811.0,698.0,76.0,0.8911174785100286,64.0,0.0,587.389853098871,nan,nan,nan,nan,nan,0.47795833333333326,0.33795,nan,nan,nan,nan
464,0.6462018730489074,802.0,680.0,60.0,0.9117647058823529,62.0,0.0,590.5123264851568,60.50583299001058,-0.0012590598004559677,118.75519307454427,3.48902161916097,8.98282129734677e-05,0.4786666666666667,0.3376,nan,nan,nan,nan
465,0.6472424557752341,820.0,691.0,70.0,0.8986975397973951,63.0,0.0,587.6381578559876,nan,nan,nan,nan,nan,0.479375,0.33725,nan,nan,nan,nan
466,0.6326742976066597,814.0,693.0,86.0,0.8759018759018758,64.0,0.0,568.8980434107791,nan,nan,nan,nan,nan,0.4800833333333333,0.3369,nan,nan,nan,nan
467,0.6742976066597295,835.0,714.0,67.0,0.9061624649859944,63.0,0.0,614.9884790081973,nan,nan,nan,nan,nan,0.4807916666666666,0.33655,nan,nan,nan,nan
468,0.6212278876170656,787.0,667.0,71.0,0.8935532233883059,61.0,0.0,563.1178346204763,nan,nan,nan,nan,nan,0.48150000000000004,0.3362,nan,nan,nan,nan
469,0.6514047866805411,839.0,703.0,78.0,0.8890469416785206,63.0,0.0,589.4363289389615,nan,nan,nan,nan,nan,0.48220833333333335,0.33585,nan,nan,nan,nan
470,0.6493236212278877,802.0,695.0,72.0,0.8964028776978418,64.0,0.0,589.3436678032865,nan,nan,nan,nan,nan,0.48291666666666666,0.3355,nan,nan,nan,nan
471,0.631633714880333,811.0,695.0,89.0,0.8719424460431655,64.0,0.0,566.7574326367402,nan,nan,nan,nan,nan,0.48362499999999997,0.33515000000000006,nan,nan,nan,nan
472,0.6462018730489074,820.0,707.0,87.0,0.8769448373408769,62.0,0.0,581.8023416972168,nan,nan,nan,nan,nan,0.4843333333333333,0.3348,nan,nan,nan,nan
473,0.6243496357960457,781.0,673.0,74.0,0.8900445765230312,62.0,0.0,565.1266926326758,nan,nan,nan,nan,nan,0.4850416666666667,0.33445,nan,nan,nan,nan
474,0.619146722164412,790.0,664.0,70.0,0.8945783132530121,62.0,0.0,561.7086635575309,nan,nan,nan,nan,nan,0.48575,0.3341,nan,nan,nan,nan
475,0.6420395421436004,794.0,684.0,68.0,0.9005847953216374,61.0,0.0,584.76582919264,nan,nan,nan,nan,nan,0.4864583333333333,0.33375,nan,nan,nan,nan
476,0.627471383975026,787.0,671.0,69.0,0.8971684053651267,63.0,0.0,569.821531783105,nan,nan,nan,nan,nan,0.48716666666666664,0.33340000000000003,nan,nan,nan,nan
477,0.6493236212278877,781.0,673.0,50.0,0.9257057949479941,61.0,0.0,597.1308920173641,nan,nan,nan,nan,nan,0.48787499999999995,0.33305,nan,nan,nan,nan
478,0.644120707596254,816.0,700.0,82.0,0.8828571428571429,63.0,0.0,581.8403032870306,nan,nan,nan,nan,nan,0.48858333333333326,0.3327,nan,nan,nan,nan
479,0.6472424557752341,795.0,687.0,66.0,0.9039301310043668,63.0,0.0,589.1464492187503,nan,nan,nan,nan,nan,0.4892916666666667,0.33235000000000003,nan,nan,nan,nan
480,0.6160249739854319,788.0,666.0,75.0,0.8873873873873874,62.0,0.0,556.9013073377619,53.95515982309977,0.00019338750280439854,105.6874548594157,3.493643303712209,9.902935259257599e-05,0.49,0.332,nan,nan,nan,nan
481,0.6409989594172737,787.0,674.0,59.0,0.9124629080118695,63.0,0.0,585.9519288740166,nan,nan,nan,nan,nan,0.4907083333333333,0.33165,nan,nan,nan,nan
482,0.6347554630593132,801.0,683.0,74.0,0.8916544655929722,64.0,0.0,574.6701711592688,nan,nan,nan,nan,nan,0.4914166666666666,0.33130000000000004,nan,nan,nan,nan
483,0.659729448491155,804.0,695.0,62.0,0.9107913669064748,62.0,0.0,603.0741325931563,nan,nan,nan,nan,nan,0.49212500000000003,0.33095,nan,nan,nan,nan
484,0.6409989594172737,785.0,680.0,65.0,0.9044117647058824,62.0,0.0,584.5918728852289,nan,nan,nan,nan,nan,0.49283333333333335,0.3306,nan,nan,nan,nan
485,0.6493236212278877,785.0,675.0,52.0,0.922962962962963,62.0,0.0,596.2670283088688,nan,nan,nan,nan,nan,0.49354166666666666,0.33025000000000004,nan,nan,nan,nan
486,0.6503642039542143,829.0,707.0,83.0,0.8826025459688827,63.0,0.0,587.1137124867433,nan,nan,nan,nan,nan,0.49424999999999997,0.3299,nan,nan,nan,nan
487,0.6555671175858481,829.0,699.0,70.0,0.899856938483548,63.0,0.0,595.7130754628188,nan,nan,nan,nan,nan,0.4949583333333333,0.32955,nan,nan,nan,nan
488,0.6181061394380853,808.0,690.0,97.0,0.8594202898550725,63.0,0.0,551.978905049326,nan,nan,nan,nan,nan,0.4956666666666667,0.32920000000000005,nan,nan,nan,nan
489,0.6347554630593132,798.0,685.0,76.0,0.8890510948905109,62.0,0.0,574.6719348645217,nan,nan,nan,nan,nan,0.496375,0.32885,nan,nan,nan,nan
490,0.6389177939646202,799.0,685.0,72.0,0.8948905109489051,62.0,0.0,580.0975235505102,nan,nan,nan,nan,nan,0.4970833333333333,0.3285,nan,nan,nan,nan
491,0.6430801248699272,815.0,682.0,65.0,0.9046920821114369,63.0,0.0,585.2056384296421,nan,nan,nan,nan,nan,0.49779166666666663,0.32815000000000005,nan,nan,nan,nan
492,0.6378772112382934,810.0,686.0,74.0,0.892128279883382,63.0,0.0,577.8869101033218,nan,nan,nan,nan,nan,0.49849999999999994,0.3278,nan,nan,nan,nan
493,0.6305931321540063,786.0,679.0,74.0,0.8910162002945509,64.0,0.0,570.9185070219032,nan,nan,nan,nan,nan,0.49920833333333337,0.32745,nan,nan,nan,nan
494,0.6399583766909469,803.0,681.0,67.0,0.9016152716593245,64.0,0.0,581.6944558706278,nan,nan,nan,nan,nan,0.4999166666666667,0.3271,nan,nan,nan,nan
495,0.6409989594172737,794.0,678.0,63.0,0.9070796460176991,63.0,0.0,584.7176535148625,nan,nan,nan,nan,nan,0.500625,0.32675,nan,nan,nan,nan
496,0.603537981269511,773.0,645.0,66.0,0.8976744186046511,61.0,0.0,548.2926735196127,53.817803064982094,-0.0004990288095238308,105.45651626586914,3.4876741568247476,0.00015501044860381322,0.5013333333333333,0.3264,nan,nan,nan,nan
497,0.6295525494276795,800.0,681.0,77.0,0.8869309838472834,64.0,0.0,568.6466057052623,nan,nan,nan,nan,nan,0.5020416666666667,0.32605,nan,nan,nan,nan
498,0.6264308012486993,772.0,672.0,71.0,0.8943452380952381,63.0,0.0,568.3074449000374,nan,nan,nan,nan,nan,0.5027499999999999,0.3257,nan,nan,nan,nan
499,0.6253902185223725,797.0,690.0,90.0,0.8695652173913043,62.0,0.0,561.8125141353631,nan,nan,nan,nan,nan,0.5034583333333333,0.32535000000000003,nan,nan,nan,nan
500,0.644120707596254,815.0,699.0,81.0,0.8841201716738197,64.0,0.0,581.5050809078239,nan,nan,nan,nan,nan,0.5041666666666667,0.325,0.653194588969823,0.6365244536940686,0.9296509811793906,0.0
501,0.6534859521331946,809.0,687.0,60.0,0.9126637554585153,64.0,0.0,596.745081698895,nan,nan,nan,nan,nan,0.504875,0.32465,nan,nan,nan,nan
502,0.6409989594172737,775.0,665.0,50.0,0.924812030075188,64.0,0.0,588.3615463542941,nan,nan,nan,nan,nan,0.5055833333333333,0.32430000000000003,nan,nan,nan,nan
503,0.6253902185223725,768.0,662.0,62.0,0.9063444108761329,61.0,0.0,570.689364664079,nan,nan,nan,nan,nan,0.5062916666666667,0.32395,nan,nan,nan,nan
504,0.6430801248699272,787.0,674.0,57.0,0.9154302670623146,63.0,0.0,588.5314169693,nan,nan,nan,nan,nan,0.507,0.3236,nan,nan,nan,nan
505,0.6389177939646202,822.0,702.0,89.0,0.8732193732193733,64.0,0.0,573.9807096085551,nan,nan,nan,nan,nan,0.5077083333333333,0.32325000000000004,nan,nan,nan,nan
506,0.6222684703433923,770.0,659.0,62.0,0.9059180576631259,62.0,0.0,567.0401388750083,nan,nan,nan,nan,nan,0.5084166666666666,0.3229,nan,nan,nan,nan
507,0.6305931321540063,774.0,665.0,60.0,0.9097744360902256,64.0,0.0,575.0125576186199,nan,nan,nan,nan,nan,0.5091249999999999,0.32255,nan,nan,nan,nan
508,0.6233090530697191,799.0,684.0,86.0,0.8742690058479532,63.0,0.0,560.2014309000991,nan,nan,nan,nan,nan,0.5098333333333334,0.32220000000000004,nan,nan,nan,nan
509,0.6285119667013528,788.0,680.0,77.0,0.8867647058823529,63.0,0.0,568.3746622986815,nan,nan,nan,nan,nan,0.5105416666666667,0.32184999999999997,nan,nan,nan,nan
510,0.6493236212278877,798.0,687.0,64.0,0.9068413391557496,64.0,0.0,591.9515616793648,nan,nan,nan,nan,nan,0.51125,0.3215,nan,nan,nan,nan
511,0.5983350676378772,756.0,640.0,66.0,0.896875,60.0,0.0,543.5094629693045,nan,nan,nan,nan,nan,0.5119583333333333,0.32115000000000005,nan,nan,nan,nan
512,0.6462018730489074,807.0,695.0,75.0,0.8920863309352518,63.0,0.0,585.7596657800683,50.21912638346354,-0.0009057663070658842,98.31238238016765,3.466713011264801,0.00014861122296376075,0.5126666666666667,0.3208,nan,nan,nan,nan
513,0.6670135275754423,797.0,700.0,60.0,0.9142857142857143,64.0,0.0,610.4317679691318,nan,nan,nan,nan,nan,0.513375,0.32045,nan,nan,nan,nan
514,0.6368366285119667,783.0,674.0,63.0,0.9065281899109793,62.0,0.0,580.889785990237,nan,nan,nan,nan,nan,0.5140833333333333,0.3201,nan,nan,nan,nan
515,0.6285119667013528,801.0,677.0,74.0,0.8906942392909897,61.0,0.0,569.8220908102995,nan,nan,nan,nan,nan,0.5147916666666666,0.31975,nan,nan,nan,nan
516,0.6077003121748179,763.0,653.0,70.0,0.892802450229709,62.0,0.0,550.951603235723,nan,nan,nan,nan,nan,0.5155,0.3194,nan,nan,nan,nan
517,0.6233090530697191,809.0,684.0,86.0,0.8742690058479532,62.0,0.0,560.2339463081377,nan,nan,nan,nan,nan,0.5162083333333334,0.31905,nan,nan,nan,nan
518,0.6524453694068678,800.0,690.0,64.0,0.9072463768115943,64.0,0.0,594.8564435863507,nan,nan,nan,nan,nan,0.5169166666666666,0.3187,nan,nan,nan,nan
519,0.6337148803329865,809.0,688.0,80.0,0.8837209302325582,63.0,0.0,572.289220461846,nan,nan,nan,nan,nan,0.517625,0.31835,nan,nan,nan,nan
520,0.6503642039542143,815.0,680.0,56.0,0.9176470588235294,64.0,0.0,594.9763495020861,nan,nan,nan,nan,nan,0.5183333333333333,0.318,nan,nan,nan,nan
521,0.6399583766909469,806.0,690.0,76.0,0.8898550724637682,62.0,0.0,579.6178164720553,nan,nan,nan,nan,nan,0.5190416666666666,0.31765,nan,nan,nan,nan
522,0.6253902185223725,822.0,687.0,87.0,0.8733624454148472,64.0,0.0,561.2777418918622,nan,nan,nan,nan,nan,0.5197499999999999,0.3173,nan,nan,nan,nan
523,0.6462018730489074,812.0,696.0,76.0,0.8908045977011494,63.0,0.0,585.5525622944845,nan,nan,nan,nan,nan,0.5204583333333334,0.31695,nan,nan,nan,nan
524,0.6420395421436004,814.0,688.0,72.0,0.8953488372093024,63.0,0.0,582.6373614482889,nan,nan,nan,nan,nan,0.5211666666666667,0.3166,nan,nan,nan,nan
525,0.6545265348595213,810.0,690.0,62.0,0.9101449275362319,63.0,0.0,597.616452127935,nan,nan,nan,nan,nan,0.521875,0.31625000000000003,nan,nan,nan,nan
526,0.6347554630593132,774.0,672.0,63.0,0.90625,61.0,0.0,579.0514792218218,nan,nan,nan,nan,nan,0.5225833333333333,0.3159,nan,nan,nan,nan
527,0.6503642039542143,807.0,684.0,60.0,0.9122807017543859,62.0,0.0,594.397777356147,nan,nan,nan,nan,nan,0.5232916666666666,0.31555,nan,nan,nan,nan
528,0.6503642039542143,806.0,694.0,70.0,0.899135446685879,64.0,0.0,590.9642551374436,49.79723087946574,-0.0009820870279024045,97.47988891601562,3.5122685631116233,0.0001376977431088259,0.524,0.31520000000000004,nan,nan,nan,nan
529,0.6347554630593132,780.0,673.0,64.0,0.9049034175334324,63.0,0.0,578.1990866041187,nan,nan,nan,nan,nan,0.5247083333333333,0.31484999999999996,nan,nan,nan,nan
530,0.6618106139438086,807.0,694.0,59.0,0.9149855907780979,63.0,0.0,605.5525017709725,nan,nan,nan,nan,nan,0.5254166666666666,0.3145,nan,nan,nan,nan
531,0.6264308012486993,784.0,664.0,63.0,0.9051204819277109,62.0,0.0,570.8901751327516,nan,nan,nan,nan,nan,0.526125,0.31415000000000004,nan,nan,nan,nan
532,0.6295525494276795,782.0,671.0,67.0,0.9001490312965723,62.0,0.0,572.9196731052414,nan,nan,nan,nan,nan,0.5268333333333334,0.31379999999999997,nan,nan,nan,nan
533,0.6160249739854319,739.0,644.0,53.0,0.9177018633540373,61.0,0.0,564.7629239783292,nan,nan,nan,nan,nan,0.5275416666666667,0.31345,nan,nan,nan,nan
534,0.663891779396462,824.0,710.0,73.0,0.8971830985915493,64.0,0.0,603.1586022644032,nan,nan,nan,nan,nan,0.52825,0.3131,nan,nan,nan,nan
535,0.6545265348595213,827.0,709.0,81.0,0.8857545839210155,64.0,0.0,591.4942545022964,nan,nan,nan,nan,nan,0.5289583333333333,0.31275,nan,nan,nan,nan
536,0.6389177939646202,804.0,692.0,79.0,0.8858381502890174,63.0,0.0,577.7917965049763,nan,nan,nan,nan,nan,0.5296666666666666,0.3124,nan,nan,nan,nan
537,0.6514047866805411,811.0,703.0,78.0,0.8890469416785206,63.0,0.0,590.1313802971841,nan,nan,nan,nan,nan,0.530375,0.31205,nan,nan,nan,nan
538,0.6368366285119667,787.0,676.0,65.0,0.9038461538461539,62.0,0.0,580.2240604424478,nan,nan,nan,nan,nan,0.5310833333333332,0.3117,nan,nan,nan,nan
539,0.6462018730489074,786.0,678.0,58.0,0.9144542772861357,63.0,0.0,591.0694801902764,nan,nan,nan,nan,nan,0.5317916666666667,0.31135,nan,nan,nan,nan
540,0.6399583766909469,797.0,673.0,59.0,0.912332838038633,61.0,0.0,585.1673813366908,nan,nan,nan,nan,nan,0.5325,0.311,nan,nan,nan,nan
541,0.6337148803329865,808.0,682.0,74.0,0.8914956011730205,63.0,0.0,573.6153654031758,nan,nan,nan,nan,nan,0.5332083333333333,0.31065,nan,nan,nan,nan
542,0.6607700312174818,808.0,689.0,55.0,0.9201741654571843,60.0,0.0,606.8605745706553,nan,nan,nan,nan,nan,0.5339166666666666,0.3103,nan,nan,nan,nan
543,0.6524453694068678,802.0,685.0,59.0,0.9138686131386862,63.0,0.0,596.559660886765,nan,nan,nan,nan,nan,0.534625,0.30995,nan,nan,nan,nan
544,0.6618106139438086,812.0,702.0,67.0,0.9045584045584045,63.0,0.0,603.0360850601204,48.85001754760742,-0.00043863515990475815,95.6753641764323,3.424847503503164,0.0001240357848170485,0.5353333333333333,0.3096,nan,nan,nan,nan
545,0.6233090530697191,769.0,664.0,66.0,0.9006024096385542,62.0,0.0,567.2324992513685,nan,nan,nan,nan,nan,0.5360416666666666,0.30925,nan,nan,nan,nan
546,0.6222684703433923,765.0,663.0,66.0,0.9004524886877828,62.0,0.0,566.395432504655,nan,nan,nan,nan,nan,0.53675,0.3089,nan,nan,nan,nan
547,0.6649323621227887,813.0,695.0,57.0,0.9179856115107914,64.0,0.0,608.6070592813502,nan,nan,nan,nan,nan,0.5374583333333333,0.30855,nan,nan,nan,nan
548,0.6503642039542143,786.0,671.0,47.0,0.9299552906110283,63.0,0.0,598.3603537240026,nan,nan,nan,nan,nan,0.5381666666666667,0.30820000000000003,nan,nan,nan,nan
549,0.6285119667013528,805.0,684.0,81.0,0.881578947368421,64.0,0.0,565.9713420062081,nan,nan,nan,nan,nan,0.538875,0.30784999999999996,nan,nan,nan,nan
550,0.6690946930280958,816.0,710.0,68.0,0.9042253521126761,64.0,0.0,609.9224254784579,nan,nan,nan,nan,nan,0.5395833333333333,0.3075,nan,nan,nan,nan
551,0.6326742976066597,776.0,680.0,73.0,0.8926470588235295,62.0,0.0,574.2666295714382,nan,nan,nan,nan,nan,0.5402916666666666,0.30715000000000003,nan,nan,nan,nan
552,0.6170655567117586,767.0,664.0,72.0,0.891566265060241,63.0,0.0,558.7176152157793,nan,nan,nan,nan,nan,0.541,0.30679999999999996,nan,nan,nan,nan
553,0.6389177939646202,797.0,684.0,71.0,0.8961988304093568,63.0,0.0,580.0166732740411,nan,nan,nan,nan,nan,0.5417083333333333,0.30645,nan,nan,nan,nan
554,0.6045785639958376,767.0,661.0,81.0,0.8774583963691377,62.0,0.0,544.450055790904,nan,nan,nan,nan,nan,0.5424166666666667,0.3061,nan,nan,nan,nan
555,0.6514047866805411,777.0,679.0,54.0,0.9204712812960235,59.0,0.0,599.0473910508153,nan,nan,nan,nan,nan,0.543125,0.30574999999999997,nan,nan,nan,nan
556,0.6201873048907388,772.0,661.0,66.0,0.9001512859304085,59.0,0.0,564.8533289036758,nan,nan,nan,nan,nan,0.5438333333333333,0.3054,nan,nan,nan,nan
557,0.6514047866805411,835.0,704.0,79.0,0.8877840909090909,64.0,0.0,588.7911295194637,nan,nan,nan,nan,nan,0.5445416666666667,0.30505,nan,nan,nan,nan
558,0.6420395421436004,816.0,679.0,63.0,0.9072164948453608,63.0,0.0,584.5873545227066,nan,nan,nan,nan,nan,0.54525,0.30469999999999997,nan,nan,nan,nan
559,0.63579604578564,797.0,686.0,76.0,0.8892128279883382,64.0,0.0,575.3218517951975,nan,nan,nan,nan,nan,0.5459583333333333,0.30435,nan,nan,nan,nan
560,0.6201873048907388,779.0,673.0,78.0,0.8841010401188707,60.0,0.0,561.4023906722074,48.54034996032715,3.259295287231604e-05,95.07862408955891,3.449946343898773,0.00012611449407510614,0.5466666666666666,0.304,nan,nan,nan,nan
561,0.6670135275754423,805.0,693.0,53.0,0.9235209235209235,64.0,0.0,612.145622274399,nan,nan,nan,nan,nan,0.5473750000000001,0.30365,nan,nan,nan,nan
562,0.6326742976066597,787.0,673.0,66.0,0.9019316493313522,60.0,0.0,576.705022123338,nan,nan,nan,nan,nan,0.5480833333333333,0.3033,nan,nan,nan,nan
563,0.6566077003121749,816.0,712.0,82.0,0.8848314606741573,62.0,0.0,594.0571950926778,nan,nan,nan,nan,nan,0.5487916666666667,0.30295000000000005,nan,nan,nan,nan
564,0.6264308012486993,780.0,672.0,71.0,0.8943452380952381,63.0,0.0,567.89309921837,nan,nan,nan,nan,nan,0.5495,0.30260000000000004,nan,nan,nan,nan
565,0.6378772112382934,802.0,687.0,75.0,0.8908296943231441,63.0,0.0,577.1879769177457,nan,nan,nan,nan,nan,0.5502083333333333,0.30225,nan,nan,nan,nan
566,0.6201873048907388,806.0,690.0,95.0,0.8623188405797102,64.0,0.0,554.2343185925495,nan,nan,nan,nan,nan,0.5509166666666666,0.30190000000000006,nan,nan,nan,nan
567,0.63579604578564,799.0,684.0,74.0,0.8918128654970761,64.0,0.0,575.823559495451,nan,nan,nan,nan,nan,0.5516249999999999,0.30155000000000004,nan,nan,nan,nan
568,0.6108220603537982,767.0,655.0,69.0,0.8946564885496183,58.0,0.0,555.5470626587875,nan,nan,nan,nan,nan,0.5523333333333333,0.3012,nan,nan,nan,nan
569,0.6566077003121749,814.0,699.0,69.0,0.9012875536480687,61.0,0.0,597.9818581852926,nan,nan,nan,nan,nan,0.5530416666666667,0.30085000000000006,nan,nan,nan,nan
570,0.6389177939646202,795.0,678.0,65.0,0.9041297935103245,61.0,0.0,582.5478997364044,nan,nan,nan,nan,nan,0.55375,0.3005,nan,nan,nan,nan
571,0.644120707596254,795.0,686.0,68.0,0.9008746355685131,63.0,0.0,586.1149337096213,nan,nan,nan,nan,nan,0.5544583333333333,0.30015000000000003,nan,nan,nan,nan
572,0.6524453694068678,811.0,698.0,72.0,0.8968481375358166,63.0,0.0,592.7029365592014,nan,nan,nan,nan,nan,0.5551666666666667,0.29980000000000007,nan,nan,nan,nan
573,0.6243496357960457,784.0,675.0,76.0,0.8874074074074074,63.0,0.0,564.170720533849,nan,nan,nan,nan,nan,0.555875,0.29945,nan,nan,nan,nan
574,0.6649323621227887,803.0,690.0,52.0,0.9246376811594202,62.0,0.0,610.8679912357318,nan,nan,nan,nan,nan,0.5565833333333333,0.29910000000000003,nan,nan,nan,nan
575,0.6409989594172737,776.0,673.0,58.0,0.9138187221396731,62.0,0.0,586.6410208415984,nan,nan,nan,nan,nan,0.5572916666666666,0.29875,nan,nan,nan,nan
576,0.6503642039542143,811.0,691.0,67.0,0.9030390738060782,64.0,0.0,591.9069253268257,45.03420321146647,-0.001617680963439246,88.09518845876057,3.473645548025767,0.000249413245304216,0.5579999999999999,0.2984,nan,nan,nan,nan
577,0.6160249739854319,771.0,667.0,76.0,0.8860569715142429,61.0,0.0,557.3228559899346,nan,nan,nan,nan,nan,0.5587083333333334,0.29805000000000004,nan,nan,nan,nan
578,0.6576482830385015,822.0,687.0,56.0,0.9184861717612809,63.0,0.0,602.2010518722533,nan,nan,nan,nan,nan,0.5594166666666667,0.2977,nan,nan,nan,nan
579,0.6409989594172737,793.0,676.0,61.0,0.9097633136094675,60.0,0.0,586.1299987773904,nan,nan,nan,nan,nan,0.560125,0.29735,nan,nan,nan,nan
580,0.6233090530697191,767.0,657.0,59.0,0.9101978691019786,62.0,0.0,569.3784345922471,nan,nan,nan,nan,nan,0.5608333333333333,0.29700000000000004,nan,nan,nan,nan
581,0.6493236212278877,806.0,698.0,75.0,0.8925501432664756,63.0,0.0,588.9672554268835,nan,nan,nan,nan,nan,0.5615416666666667,0.29665,nan,nan,nan,nan
582,0.6253902185223725,753.0,651.0,51.0,0.9216589861751152,58.0,0.0,575.4179518270515,nan,nan,nan,nan,nan,0.56225,0.2963,nan,nan,nan,nan
583,0.627471383975026,798.0,682.0,80.0,0.8826979472140762,64.0,0.0,565.8794638209346,nan,nan,nan,nan,nan,0.5629583333333333,0.29595000000000005,nan,nan,nan,nan
584,0.6462018730489074,816.0,702.0,82.0,0.8831908831908832,63.0,0.0,583.7761508836759,nan,nan,nan,nan,nan,0.5636666666666666,0.29560000000000003,nan,nan,nan,nan
585,0.6514047866805411,813.0,695.0,70.0,0.8992805755395683,63.0,0.0,592.0756755657195,nan,nan,nan,nan,nan,0.564375,0.29525,nan,nan,nan,nan
586,0.6420395421436004,813.0,699.0,83.0,0.8812589413447782,64.0,0.0,578.9402173404706,nan,nan,nan,nan,nan,0.5650833333333333,0.29490000000000005,nan,nan,nan,nan
587,0.6368366285119667,785.0,671.0,60.0,0.910581222056632,64.0,0.0,580.9130561647416,nan,nan,nan,nan,nan,0.5657916666666667,0.29455000000000003,nan,nan,nan,nan
588,0.6118626430801248,764.0,652.0,65.0,0.9003067484662577,59.0,0.0,557.4485870862035,nan,nan,nan,nan,nan,0.5665,0.2942,nan,nan,nan,nan
589,0.6690946930280958,820.0,713.0,71.0,0.9004207573632539,62.0,0.0,608.9798560175888,nan,nan,nan,nan,nan,0.5672083333333333,0.29385000000000006,nan,nan,nan,nan
590,0.6420395421436004,793.0,684.0,68.0,0.9005847953216374,64.0,0.0,583.711622693539,nan,nan,nan,nan,nan,0.5679166666666666,0.2935,nan,nan,nan,nan
591,0.6378772112382934,816.0,682.0,70.0,0.8973607038123167,63.0,0.0,578.8494486656205,nan,nan,nan,nan,nan,0.5686249999999999,0.29315,nan,nan,nan,nan
592,0.6160249739854319,784.0,669.0,78.0,0.8834080717488789,63.0,0.0,555.074969849112,45.07810688018799,-0.0003944127820432186,88.25513140360515,3.409293472766876,0.00020396618250136575,0.5693333333333334,0.29280000000000006,nan,nan,nan,nan
593,0.6233090530697191,749.0,661.0,63.0,0.9046898638426626,57.0,0.0,569.9717330288901,nan,nan,nan,nan,nan,0.5700416666666667,0.29245,nan,nan,nan,nan
594,0.6545265348595213,810.0,693.0,65.0,0.9062049062049062,64.0,0.0,596.3062462964057,nan,nan,nan,nan,nan,0.57075,0.2921,nan,nan,nan,nan
595,0.631633714880333,797.0,677.0,71.0,0.8951255539143279,64.0,0.0,572.5447871909158,nan,nan,nan,nan,nan,0.5714583333333333,0.29175,nan,nan,nan,nan
596,0.6222684703433923,796.0,674.0,77.0,0.8857566765578635,62.0,0.0,562.3907379994405,nan,nan,nan,nan,nan,0.5721666666666666,0.2914,nan,nan,nan,nan
597,0.644120707596254,790.0,683.0,65.0,0.9048316251830161,62.0,0.0,587.4976540699004,nan,nan,nan,nan,nan,0.572875,0.29105000000000003,nan,nan,nan,nan
598,0.6399583766909469,815.0,684.0,70.0,0.8976608187134503,63.0,0.0,580.6427497048386,nan,nan,nan,nan,nan,0.5735833333333333,0.2907,nan,nan,nan,nan
599,0.6295525494276795,816.0,685.0,81.0,0.8817518248175182,61.0,0.0,568.0218729519855,nan,nan,nan,nan,nan,0.5742916666666666,0.29035,nan,nan,nan,nan
600,0.6399583766909469,810.0,694.0,80.0,0.8847262247838616,62.0,0.0,578.4478352761275,nan,nan,nan,nan,nan,0.575,0.29000000000000004,0.6543808532778357,0.6292403746097814,0.9299530927517892,0.0
601,0.6399583766909469,814.0,687.0,73.0,0.893740902474527,64.0,0.0,579.5466999540339,nan,nan,nan,nan,nan,0.5757083333333334,0.28965,nan,nan,nan,nan
602,0.63579604578564,789.0,689.0,79.0,0.8853410740203193,62.0,0.0,575.0997427053464,nan,nan,nan,nan,nan,0.5764166666666667,0.2893,nan,nan,nan,nan
603,0.6212278876170656,785.0,669.0,73.0,0.890881913303438,64.0,0.0,561.7624663348214,nan,nan,nan,nan,nan,0.5771249999999999,0.28895000000000004,nan,nan,nan,nan
604,0.6378772112382934,801.0,682.0,70.0,0.8973607038123167,61.0,0.0,580.0197904458046,nan,nan,nan,nan,nan,0.5778333333333333,0.2886,nan,nan,nan,nan
605,0.6503642039542143,815.0,705.0,81.0,0.8851063829787233,62.0,0.0,588.1159893512722,nan,nan,nan,nan,nan,0.5785416666666666,0.28825,nan,nan,nan,nan
606,0.6430801248699272,806.0,683.0,66.0,0.9033674963396779,63.0,0.0,585.3447556667326,nan,nan,nan,nan,nan,0.5792499999999999,0.28790000000000004,nan,nan,nan,nan
607,0.6389177939646202,814.0,689.0,76.0,0.8896952104499274,62.0,0.0,578.6475582633026,nan,nan,nan,nan,nan,0.5799583333333334,0.28755000000000003,nan,nan,nan,nan
608,0.6430801248699272,794.0,678.0,61.0,0.9100294985250738,63.0,0.0,586.9624319777485,39.65283240377903,-0.04391063202638179,77.4363801702857,3.5791290402412415,0.0005681518377969041,0.5806666666666667,0.2872,nan,nan,nan,nan
609,0.6430801248699272,806.0,694.0,77.0,0.8890489913544669,63.0,0.0,582.0502517485615,nan,nan,nan,nan,nan,0.581375,0.28685000000000005,nan,nan,nan,nan
610,0.6264308012486993,799.0,677.0,76.0,0.8877400295420975,62.0,0.0,566.3171327528959,nan,nan,nan,nan,nan,0.5820833333333333,0.2865,nan,nan,nan,nan
611,0.631633714880333,811.0,686.0,80.0,0.8833819241982507,63.0,0.0,570.1949389238368,nan,nan,nan,nan,nan,0.5827916666666666,0.28615,nan,nan,nan,nan
612,0.6514047866805411,811.0,701.0,76.0,0.891583452211127,64.0,0.0,590.3635621433268,nan,nan,nan,nan,nan,0.5835,0.28580000000000005,nan,nan,nan,nan
613,0.6368366285119667,824.0,705.0,94.0,0.8666666666666667,61.0,0.0,571.3213006515508,nan,nan,nan,nan,nan,0.5842083333333333,0.28545,nan,nan,nan,nan
614,0.6337148803329865,781.0,672.0,64.0,0.9047619047619048,62.0,0.0,577.6089931035059,nan,nan,nan,nan,nan,0.5849166666666666,0.2851,nan,nan,nan,nan
615,0.6170655567117586,794.0,665.0,73.0,0.8902255639097745,63.0,0.0,558.2078673396119,nan,nan,nan,nan,nan,0.585625,0.28475,nan,nan,nan,nan
616,0.6493236212278877,812.0,699.0,76.0,0.8912732474964234,64.0,0.0,587.7962158575056,nan,nan,nan,nan,nan,0.5863333333333333,0.2844,nan,nan,nan,nan
617,0.6243496357960457,797.0,689.0,90.0,0.8693759071117562,64.0,0.0,559.7945398507127,nan,nan,nan,nan,nan,0.5870416666666667,0.28405,nan,nan,nan,nan
618,0.676378772112383,811.0,701.0,52.0,0.9258202567760342,63.0,0.0,621.961863759518,nan,nan,nan,nan,nan,0.58775,0.2837,nan,nan,nan,nan
619,0.6389177939646202,788.0,678.0,65.0,0.9041297935103245,62.0,0.0,582.3129198532109,nan,nan,nan,nan,nan,0.5884583333333333,0.28335,nan,nan,nan,nan
620,0.6430801248699272,779.0,679.0,62.0,0.9086892488954345,62.0,0.0,587.3278984422673,nan,nan,nan,nan,nan,0.5891666666666667,0.28300000000000003,nan,nan,nan,nan
621,0.6493236212278877,797.0,673.0,50.0,0.9257057949479941,63.0,0.0,596.4699843015675,nan,nan,nan,nan,nan,0.5898749999999999,0.28265,nan,nan,nan,nan
622,0.6420395421436004,786.0,687.0,71.0,0.8966521106259098,63.0,0.0,583.2188575406086,nan,nan,nan,nan,nan,0.5905833333333333,0.2823,nan,nan,nan,nan
623,0.6295525494276795,808.0,683.0,79.0,0.8843338213762811,64.0,0.0,567.9737281689657,nan,nan,nan,nan,nan,0.5912916666666667,0.28195000000000003,nan,nan,nan,nan
624,0.6607700312174818,814.0,706.0,72.0,0.8980169971671388,62.0,0.0,601.3059168581959,38.554347693920135,0.049640315177384764,75.23695206642151,3.3133287131786346,0.0007638150127604604,0.592,0.2816,nan,nan,nan,nan
625,0.6285119667013528,782.0,667.0,64.0,0.904047976011994,61.0,0.0,572.7428409662243,nan,nan,nan,nan,nan,0.5927083333333334,0.28125,nan,nan,nan,nan
626,0.6368366285119667,817.0,686.0,75.0,0.89067055393586,64.0,0.0,576.2791300382628,nan,nan,nan,nan,nan,0.5934166666666666,0.28090000000000004,nan,nan,nan,nan
627,0.6326742976066597,788.0,678.0,71.0,0.8952802359882006,64.0,0.0,573.2841870884907,nan,nan,nan,nan,nan,0.5941249999999999,0.28055,nan,nan,nan,nan
628,0.6503642039542143,793.0,680.0,56.0,0.9176470588235294,62.0,0.0,595.8282112064363,nan,nan,nan,nan,nan,0.5948333333333333,0.2802,nan,nan,nan,nan
629,0.6451612903225806,837.0,705.0,86.0,0.8780141843971632,63.0,0.0,580.5861996517191,nan,nan,nan,nan,nan,0.5955416666666666,0.27985000000000004,nan,nan,nan,nan
630,0.644120707596254,815.0,685.0,67.0,0.9021897810218978,64.0,0.0,585.0822946362505,nan,nan,nan,nan,nan,0.59625,0.2795,nan,nan,nan,nan
631,0.6430801248699272,812.0,683.0,66.0,0.9033674963396779,64.0,0.0,585.0007878761294,nan,nan,nan,nan,nan,0.5969583333333334,0.27915,nan,nan,nan,nan
632,0.6108220603537982,773.0,664.0,78.0,0.8825301204819277,62.0,0.0,551.3713519134532,nan,nan,nan,nan,nan,0.5976666666666666,0.27880000000000005,nan,nan,nan,nan
633,0.6264308012486993,801.0,683.0,82.0,0.8799414348462665,62.0,0.0,564.8151275634779,nan,nan,nan,nan,nan,0.598375,0.27845,nan,nan,nan,nan
634,0.6409989594172737,799.0,679.0,64.0,0.9057437407952872,63.0,0.0,584.186997797491,nan,nan,nan,nan,nan,0.5990833333333333,0.2781,nan,nan,nan,nan
635,0.6472424557752341,807.0,690.0,69.0,0.9,63.0,0.0,588.7516335601803,nan,nan,nan,nan,nan,0.5997916666666666,0.27775000000000005,nan,nan,nan,nan
636,0.6378772112382934,824.0,687.0,75.0,0.8908296943231441,61.0,0.0,577.8969353818904,nan,nan,nan,nan,nan,0.6005,0.2774,nan,nan,nan,nan
637,0.6201873048907388,758.0,647.0,52.0,0.919629057187017,60.0,0.0,569.1307044181833,nan,nan,nan,nan,nan,0.6012083333333333,0.27705,nan,nan,nan,nan
638,0.627471383975026,769.0,666.0,64.0,0.9039039039039038,58.0,0.0,572.9200496706974,nan,nan,nan,nan,nan,0.6019166666666667,0.2767,nan,nan,nan,nan
639,0.627471383975026,787.0,667.0,65.0,0.9025487256371814,62.0,0.0,570.7881149330162,nan,nan,nan,nan,nan,0.602625,0.27635,nan,nan,nan,nan
640,0.6545265348595213,816.0,695.0,67.0,0.9035971223021583,61.0,0.0,596.0294358644493,55.27934955060482,-0.12058679910842329,109.12044960260391,3.2020401544868946,0.0012394390214467421,0.6033333333333333,0.276,nan,nan,nan,nan
641,0.6347554630593132,821.0,686.0,77.0,0.8877551020408163,62.0,0.0,573.5867230944655,nan,nan,nan,nan,nan,0.6040416666666667,0.27565,nan,nan,nan,nan
642,0.6347554630593132,805.0,680.0,71.0,0.8955882352941177,61.0,0.0,576.1718521323199,nan,nan,nan,nan,nan,0.60475,0.2753,nan,nan,nan,nan
643,0.6399583766909469,811.0,679.0,65.0,0.9042709867452136,62.0,0.0,582.7299341974273,nan,nan,nan,nan,nan,0.6054583333333333,0.27495,nan,nan,nan,nan
644,0.6649323621227887,806.0,700.0,62.0,0.9114285714285715,62.0,0.0,608.0532743930823,nan,nan,nan,nan,nan,0.6061666666666666,0.2746,nan,nan,nan,nan
645,0.6305931321540063,774.0,668.0,63.0,0.905688622754491,62.0,0.0,574.7506855969449,nan,nan,nan,nan,nan,0.6068749999999999,0.27425,nan,nan,nan,nan
646,0.6233090530697191,778.0,671.0,73.0,0.8912071535022354,60.0,0.0,565.4852488408103,nan,nan,nan,nan,nan,0.6075833333333334,0.27390000000000003,nan,nan,nan,nan
647,0.644120707596254,805.0,701.0,83.0,0.8815977175463623,64.0,0.0,581.3475344038035,nan,nan,nan,nan,nan,0.6082916666666667,0.27355,nan,nan,nan,nan
648,0.6524453694068678,805.0,686.0,60.0,0.9125364431486881,64.0,0.0,595.9208130784025,nan,nan,nan,nan,nan,0.609,0.2732,nan,nan,nan,nan
649,0.6524453694068678,804.0,691.0,65.0,0.9059334298118669,62.0,0.0,595.0500137219435,nan,nan,nan,nan,nan,0.6097083333333334,0.27285000000000004,nan,nan,nan,nan
650,0.6545265348595213,803.0,687.0,59.0,0.9141193595342066,63.0,0.0,598.741174218656,nan,nan,nan,nan,nan,0.6104166666666666,0.2725,nan,nan,nan,nan
651,0.6628511966701353,811.0,700.0,64.0,0.9085714285714286,64.0,0.0,605.095918889999,nan,nan,nan,nan,nan,0.6111249999999999,0.27215,nan,nan,nan,nan
652,0.6430801248699272,795.0,689.0,72.0,0.895500725689405,63.0,0.0,583.8037466411593,nan,nan,nan,nan,nan,0.6118333333333333,0.27180000000000004,nan,nan,nan,nan
653,0.6482830385015609,790.0,679.0,57.0,0.9160530191458026,62.0,0.0,593.7810009460455,nan,nan,nan,nan,nan,0.6125416666666667,0.27144999999999997,nan,nan,nan,nan
654,0.631633714880333,779.0,675.0,69.0,0.8977777777777778,61.0,0.0,574.5472086534522,nan,nan,nan,nan,nan,0.61325,0.2711,nan,nan,nan,nan
655,0.63579604578564,791.0,666.0,56.0,0.9159159159159159,60.0,0.0,582.5561990637789,nan,nan,nan,nan,nan,0.6139583333333333,0.27075000000000005,nan,nan,nan,nan
656,0.6337148803329865,772.0,670.0,62.0,0.9074626865671642,64.0,0.0,577.8322430081375,38.03166675567627,-0.0009300278616137803,74.27430661519368,3.4883071780204773,0.0004120760974425745,0.6146666666666666,0.2704,nan,nan,nan,nan
657,0.6389177939646202,792.0,672.0,59.0,0.9122023809523809,61.0,0.0,584.3038160347937,nan,nan,nan,nan,nan,0.615375,0.27005,nan,nan,nan,nan
658,0.6399583766909469,802.0,683.0,69.0,0.8989751098096632,62.0,0.0,581.8372652869248,nan,nan,nan,nan,nan,0.6160833333333333,0.2697,nan,nan,nan,nan
659,0.6337148803329865,797.0,678.0,70.0,0.8967551622418879,60.0,0.0,575.9504203777325,nan,nan,nan,nan,nan,0.6167916666666666,0.26935,nan,nan,nan,nan
660,0.63579604578564,794.0,681.0,71.0,0.895741556534508,64.0,0.0,576.7414876699456,nan,nan,nan,nan,nan,0.6175,0.269,nan,nan,nan,nan
661,0.6576482830385015,816.0,704.0,73.0,0.8963068181818182,63.0,0.0,597.5429469118135,nan,nan,nan,nan,nan,0.6182083333333332,0.26865,nan,nan,nan,nan
662,0.627471383975026,790.0,667.0,65.0,0.9025487256371814,63.0,0.0,570.5850442037577,nan,nan,nan,nan,nan,0.6189166666666667,0.2683,nan,nan,nan,nan
663,0.6420395421436004,800.0,683.0,67.0,0.9019033674963397,64.0,0.0,583.9430458321597,nan,nan,nan,nan,nan,0.619625,0.26795,nan,nan,nan,nan
664,0.619146722164412,785.0,669.0,75.0,0.8878923766816144,63.0,0.0,559.8603040752422,nan,nan,nan,nan,nan,0.6203333333333333,0.2676,nan,nan,nan,nan
665,0.6337148803329865,838.0,698.0,90.0,0.8710601719197708,63.0,0.0,568.1816463661202,nan,nan,nan,nan,nan,0.6210416666666667,0.26725,nan,nan,nan,nan
666,0.6056191467221644,739.0,642.0,61.0,0.9049844236760125,61.0,0.0,552.3252674865732,nan,nan,nan,nan,nan,0.62175,0.2669,nan,nan,nan,nan
667,0.6618106139438086,804.0,701.0,66.0,0.905848787446505,61.0,0.0,604.5125612206466,nan,nan,nan,nan,nan,0.6224583333333332,0.26655,nan,nan,nan,nan
668,0.6482830385015609,798.0,689.0,67.0,0.9027576197387518,63.0,0.0,589.8947022457129,nan,nan,nan,nan,nan,0.6231666666666666,0.2662,nan,nan,nan,nan
669,0.6534859521331946,807.0,702.0,75.0,0.8931623931623932,63.0,0.0,592.8307987990371,nan,nan,nan,nan,nan,0.623875,0.26585000000000003,nan,nan,nan,nan
670,0.6347554630593132,795.0,688.0,79.0,0.8851744186046512,63.0,0.0,573.8002525877948,nan,nan,nan,nan,nan,0.6245833333333334,0.2655,nan,nan,nan,nan
671,0.6399583766909469,795.0,702.0,88.0,0.8746438746438746,64.0,0.0,575.8357280664464,nan,nan,nan,nan,nan,0.6252916666666667,0.26515,nan,nan,nan,nan
672,0.668054110301769,791.0,693.0,52.0,0.924963924963925,64.0,0.0,613.8926801342968,30.314529418945312,0.0008155472605722025,58.871433893839516,3.497769077618917,0.0002536863169855981,0.626,0.26480000000000004,nan,nan,nan,nan
673,0.6285119667013528,794.0,676.0,73.0,0.8920118343195266,63.0,0.0,569.2660053486841,nan,nan,nan,nan,nan,0.6267083333333333,0.26444999999999996,nan,nan,nan,nan
674,0.6233090530697191,787.0,666.0,68.0,0.8978978978978979,62.0,0.0,566.0497364454292,nan,nan,nan,nan,nan,0.6274166666666666,0.2641,nan,nan,nan,nan
675,0.6503642039542143,805.0,685.0,61.0,0.910948905109489,64.0,0.0,593.7827615418446,nan,nan,nan,nan,nan,0.6281249999999999,0.26375000000000004,nan,nan,nan,nan
676,0.6326742976066597,794.0,677.0,70.0,0.896602658788774,61.0,0.0,575.2089142260575,nan,nan,nan,nan,nan,0.6288333333333334,0.26339999999999997,nan,nan,nan,nan
677,0.6285119667013528,797.0,669.0,66.0,0.9013452914798207,64.0,0.0,570.8227372703567,nan,nan,nan,nan,nan,0.6295416666666667,0.26305,nan,nan,nan,nan
678,0.6170655567117586,773.0,647.0,55.0,0.9149922720247295,59.0,0.0,565.3423218898791,nan,nan,nan,nan,nan,0.63025,0.2627,nan,nan,nan,nan
679,0.6285119667013528,790.0,665.0,62.0,0.9067669172932331,63.0,0.0,572.6476746444704,nan,nan,nan,nan,nan,0.6309583333333333,0.26234999999999997,nan,nan,nan,nan
680,0.6389177939646202,817.0,699.0,86.0,0.876967095851216,64.0,0.0,575.2194038457886,nan,nan,nan,nan,nan,0.6316666666666666,0.262,nan,nan,nan,nan
681,0.6295525494276795,794.0,686.0,82.0,0.880466472303207,63.0,0.0,567.3734910554891,nan,nan,nan,nan,nan,0.632375,0.26165,nan,nan,nan,nan
682,0.6409989594172737,813.0,705.0,90.0,0.8723404255319149,64.0,0.0,576.3069881811157,nan,nan,nan,nan,nan,0.6330833333333333,0.2613,nan,nan,nan,nan
683,0.6389177939646202,813.0,693.0,80.0,0.8845598845598845,62.0,0.0,577.2956091861737,nan,nan,nan,nan,nan,0.6337916666666666,0.26095,nan,nan,nan,nan
684,0.6305931321540063,786.0,666.0,61.0,0.9084084084084084,62.0,0.0,575.2227389202133,nan,nan,nan,nan,nan,0.6345,0.2606,nan,nan,nan,nan
685,0.6337148803329865,797.0,684.0,76.0,0.8888888888888888,63.0,0.0,573.4460310854922,nan,nan,nan,nan,nan,0.6352083333333333,0.26025,nan,nan,nan,nan
686,0.6295525494276795,782.0,679.0,75.0,0.8895434462444771,62.0,0.0,570.5669194440851,nan,nan,nan,nan,nan,0.6359166666666667,0.2599,nan,nan,nan,nan
687,0.6420395421436004,782.0,680.0,64.0,0.9058823529411765,62.0,0.0,585.834574432851,nan,nan,nan,nan,nan,0.636625,0.25955,nan,nan,nan,nan
688,0.6118626430801248,748.0,645.0,58.0,0.9100775193798449,59.0,0.0,559.6281267509481,27.295769055684406,-0.00044703537908693153,52.879446029663086,3.489792982737223,0.00012106737388724771,0.6373333333333333,0.25920000000000004,nan,nan,nan,nan
689,0.6399583766909469,814.0,695.0,81.0,0.883453237410072,63.0,0.0,577.9409448113454,nan,nan,nan,nan,nan,0.6380416666666667,0.25885,nan,nan,nan,nan
690,0.6285119667013528,779.0,661.0,58.0,0.9122541603630863,59.0,0.0,575.0286489024173,nan,nan,nan,nan,nan,0.6387499999999999,0.25850000000000006,nan,nan,nan,nan
691,0.6472424557752341,791.0,682.0,61.0,0.9105571847507331,62.0,0.0,591.6500877337462,nan,nan,nan,nan,nan,0.6394583333333332,0.25815000000000005,nan,nan,nan,nan
692,0.6566077003121749,806.0,699.0,69.0,0.9012875536480687,64.0,0.0,597.5674900078787,nan,nan,nan,nan,nan,0.6401666666666667,0.25780000000000003,nan,nan,nan,nan
693,0.6233090530697191,782.0,665.0,67.0,0.8992481203007519,62.0,0.0,566.150294558049,nan,nan,nan,nan,nan,0.640875,0.25745000000000007,nan,nan,nan,nan
694,0.6347554630593132,816.0,691.0,82.0,0.8813314037626628,63.0,0.0,572.1902684044856,nan,nan,nan,nan,nan,0.6415833333333334,0.2571,nan,nan,nan,nan
695,0.6389177939646202,784.0,682.0,69.0,0.8988269794721407,63.0,0.0,580.794775490284,nan,nan,nan,nan,nan,0.6422916666666667,0.25675000000000003,nan,nan,nan,nan
696,0.6451612903225806,803.0,687.0,68.0,0.901018922852984,63.0,0.0,587.0427552852633,nan,nan,nan,nan,nan,0.6429999999999999,0.2564000000000001,nan,nan,nan,nan
697,0.6399583766909469,805.0,696.0,82.0,0.882183908045977,63.0,0.0,577.4863793926255,nan,nan,nan,nan,nan,0.6437083333333333,0.25605,nan,nan,nan,nan
698,0.631633714880333,772.0,667.0,61.0,0.9085457271364318,61.0,0.0,577.0396800847067,nan,nan,nan,nan,nan,0.6444166666666666,0.25570000000000004,nan,nan,nan,nan
699,0.6576482830385015,834.0,711.0,80.0,0.8874824191279888,64.0,0.0,594.4819187431343,nan,nan,nan,nan,nan,0.645125,0.25535,nan,nan,nan,nan
700,0.6451612903225806,800.0,692.0,73.0,0.8945086705202312,62.0,0.0,586.1414564924247,nan,nan,nan,nan,nan,0.6458333333333334,0.255,0.6526742976066597,0.6292403746097814,0.9294571648344173,0.0
701,0.6389177939646202,802.0,689.0,76.0,0.8896952104499274,60.0,0.0,579.014540727617,nan,nan,nan,nan,nan,0.6465416666666666,0.25465000000000004,nan,nan,nan,nan
702,0.627471383975026,799.0,685.0,83.0,0.8788321167883212,62.0,0.0,565.677035453798,nan,nan,nan,nan,nan,0.64725,0.2543,nan,nan,nan,nan
703,0.6129032258064516,779.0,681.0,93.0,0.8634361233480177,62.0,0.0,548.6227024407401,nan,nan,nan,nan,nan,0.6479583333333333,0.25395,nan,nan,nan,nan
704,0.6389177939646202,823.0,701.0,88.0,0.8744650499286734,64.0,0.0,574.3235318856255,23.03223506609599,-0.0008065793663263321,44.4089363416036,3.4566499392191568,7.879601904884718e-05,0.6486666666666666,0.25360000000000005,nan,nan,nan,nan
705,0.644120707596254,824.0,703.0,85.0,0.8790896159317212,63.0,0.0,580.0725723872191,nan,nan,nan,nan,nan,0.649375,0.25325000000000003,nan,nan,nan,nan
706,0.6576482830385015,810.0,703.0,72.0,0.8975817923186344,64.0,0.0,597.3870691323284,nan,nan,nan,nan,nan,0.6500833333333333,0.2529,nan,nan,nan,nan
707,0.6462018730489074,794.0,687.0,67.0,0.9024745269286754,64.0,0.0,588.1004411516208,nan,nan,nan,nan,nan,0.6507916666666667,0.25255000000000005,nan,nan,nan,nan
708,0.6462018730489074,811.0,698.0,78.0,0.8882521489971347,64.0,0.0,584.4676762070668,nan,nan,nan,nan,nan,0.6515,0.25220000000000004,nan,nan,nan,nan
709,0.6243496357960457,794.0,667.0,68.0,0.8980509745127436,59.0,0.0,567.8806730985655,nan,nan,nan,nan,nan,0.6522083333333333,0.25185,nan,nan,nan,nan
710,0.6482830385015609,797.0,685.0,63.0,0.908029197080292,62.0,0.0,591.9061930327432,nan,nan,nan,nan,nan,0.6529166666666667,0.25150000000000006,nan,nan,nan,nan
711,0.6149843912591051,771.0,658.0,68.0,0.8966565349544073,63.0,0.0,557.8201538224246,nan,nan,nan,nan,nan,0.653625,0.25115000000000004,nan,nan,nan,nan
712,0.6129032258064516,739.0,636.0,48.0,0.9245283018867925,59.0,0.0,563.7728618006719,nan,nan,nan,nan,nan,0.6543333333333334,0.2508,nan,nan,nan,nan
713,0.627471383975026,779.0,672.0,70.0,0.8958333333333334,61.0,0.0,570.2759176502242,nan,nan,nan,nan,nan,0.6550416666666666,0.25045000000000006,nan,nan,nan,nan
714,0.6285119667013528,790.0,679.0,76.0,0.8880706921944035,63.0,0.0,568.4542253246325,nan,nan,nan,nan,nan,0.6557499999999999,0.2501,nan,nan,nan,nan
715,0.644120707596254,783.0,682.0,64.0,0.906158357771261,62.0,0.0,587.6764507131577,nan,nan,nan,nan,nan,0.6564583333333334,0.24975000000000003,nan,nan,nan,nan
716,0.6170655567117586,757.0,658.0,66.0,0.8996960486322189,60.0,0.0,562.1808925838486,nan,nan,nan,nan,nan,0.6571666666666667,0.2494,nan,nan,nan,nan
717,0.6607700312174818,824.0,706.0,72.0,0.8980169971671388,63.0,0.0,600.758705588342,nan,nan,nan,nan,nan,0.657875,0.24905000000000005,nan,nan,nan,nan
718,0.6337148803329865,776.0,671.0,63.0,0.9061102831594635,63.0,0.0,577.6079530563363,nan,nan,nan,nan,nan,0.6585833333333334,0.24870000000000003,nan,nan,nan,nan
719,0.6285119667013528,784.0,670.0,67.0,0.9,63.0,0.0,571.2423626499188,nan,nan,nan,nan,nan,0.6592916666666666,0.24835000000000002,nan,nan,nan,nan
720,0.644120707596254,813.0,694.0,76.0,0.8904899135446686,61.0,0.0,583.8548430089958,23.678235689798992,-0.00041912418479720753,45.723460833231606,3.4910004337628684,8.841940689308103e-05,0.66,0.248,nan,nan,nan,nan
721,0.6326742976066597,804.0,682.0,75.0,0.8900293255131965,64.0,0.0,572.2253097558026,nan,nan,nan,nan,nan,0.6607083333333333,0.24765000000000004,nan,nan,nan,nan
722,0.6628511966701353,804.0,688.0,52.0,0.9244186046511628,64.0,0.0,608.7006181693088,nan,nan,nan,nan,nan,0.6614166666666667,0.24730000000000002,nan,nan,nan,nan
723,0.6524453694068678,807.0,693.0,67.0,0.9033189033189033,63.0,0.0,594.2931533370023,nan,nan,nan,nan,nan,0.6621250000000001,0.24695,nan,nan,nan,nan
724,0.631633714880333,805.0,689.0,83.0,0.8795355587808418,61.0,0.0,570.2847972555173,nan,nan,nan,nan,nan,0.6628333333333334,0.24660000000000004,nan,nan,nan,nan
725,0.6368366285119667,789.0,686.0,75.0,0.89067055393586,63.0,0.0,577.057861620905,nan,nan,nan,nan,nan,0.6635416666666667,0.24625000000000002,nan,nan,nan,nan
726,0.6607700312174818,826.0,700.0,66.0,0.9057142857142857,64.0,0.0,601.6987275152189,nan,nan,nan,nan,nan,0.66425,0.2459,nan,nan,nan,nan
727,0.644120707596254,815.0,689.0,71.0,0.8969521044992743,64.0,0.0,584.3532337174413,nan,nan,nan,nan,nan,0.6649583333333333,0.24555000000000005,nan,nan,nan,nan
728,0.6493236212278877,800.0,700.0,77.0,0.89,64.0,0.0,587.8847125406279,nan,nan,nan,nan,nan,0.6656666666666667,0.24520000000000003,nan,nan,nan,nan
729,0.659729448491155,809.0,697.0,64.0,0.9081779053084649,64.0,0.0,601.9262819933903,nan,nan,nan,nan,nan,0.666375,0.24485,nan,nan,nan,nan
730,0.6347554630593132,800.0,685.0,76.0,0.8890510948905109,63.0,0.0,574.3214442777643,nan,nan,nan,nan,nan,0.6670833333333333,0.2445,nan,nan,nan,nan
731,0.6607700312174818,809.0,701.0,67.0,0.9044222539229672,64.0,0.0,602.0061220231046,nan,nan,nan,nan,nan,0.6677916666666667,0.24415000000000003,nan,nan,nan,nan
732,0.6149843912591051,794.0,682.0,92.0,0.8651026392961877,61.0,0.0,551.4264150562318,nan,nan,nan,nan,nan,0.6685,0.24380000000000002,nan,nan,nan,nan
733,0.6586888657648283,803.0,703.0,71.0,0.89900426742532,64.0,0.0,598.8553452124607,nan,nan,nan,nan,nan,0.6692083333333333,0.24345,nan,nan,nan,nan
734,0.6368366285119667,804.0,685.0,74.0,0.891970802919708,62.0,0.0,576.9839455733317,nan,nan,nan,nan,nan,0.6699166666666667,0.24310000000000004,nan,nan,nan,nan
735,0.6368366285119667,775.0,670.0,59.0,0.9119402985074627,62.0,0.0,582.5476578631399,nan,nan,nan,nan,nan,0.670625,0.24275000000000002,nan,nan,nan,nan
736,0.6586888657648283,828.0,703.0,71.0,0.89900426742532,63.0,0.0,598.7342831649787,24.12004327774048,-0.0030720209470018744,46.64110644658407,3.5117689967155457,0.0001148939300795367,0.6713333333333333,0.2424,nan,nan,nan,nan
737,0.6056191467221644,757.0,645.0,64.0,0.9007751937984496,61.0,0.0,550.9742273340254,nan,nan,nan,nan,nan,0.6720416666666666,0.24205000000000004,nan,nan,nan,nan
738,0.676378772112383,830.0,709.0,60.0,0.9153737658674189,63.0,0.0,619.2098524575218,nan,nan,nan,nan,nan,0.67275,0.24170000000000003,nan,nan,nan,nan
739,0.6545265348595213,805.0,685.0,57.0,0.9167883211678832,63.0,0.0,599.3685690093062,nan,nan,nan,nan,nan,0.6734583333333334,0.24135,nan,nan,nan,nan
740,0.6514047866805411,795.0,688.0,63.0,0.9084302325581395,64.0,0.0,594.4554291033747,nan,nan,nan,nan,nan,0.6741666666666667,0.241,nan,nan,nan,nan
741,0.6420395421436004,799.0,694.0,78.0,0.8876080691642652,63.0,0.0,580.8990881152148,nan,nan,nan,nan,nan,0.674875,0.24065000000000003,nan,nan,nan,nan
742,0.6233090530697191,784.0,668.0,70.0,0.8952095808383234,61.0,0.0,566.0681742134113,nan,nan,nan,nan,nan,0.6755833333333333,0.2403,nan,nan,nan,nan
743,0.6451612903225806,809.0,690.0,71.0,0.8971014492753623,64.0,0.0,585.877920504094,nan,nan,nan,nan,nan,0.6762916666666666,0.23995,nan,nan,nan,nan
744,0.6305931321540063,794.0,685.0,80.0,0.8832116788321168,63.0,0.0,569.0950619463933,nan,nan,nan,nan,nan,0.677,0.23960000000000004,nan,nan,nan,nan
745,0.627471383975026,772.0,658.0,56.0,0.9148936170212766,61.0,0.0,574.3992843594568,nan,nan,nan,nan,nan,0.6777083333333334,0.23925000000000002,nan,nan,nan,nan
746,0.6222684703433923,764.0,648.0,51.0,0.9212962962962963,62.0,0.0,570.6280820784588,nan,nan,nan,nan,nan,0.6784166666666667,0.2389,nan,nan,nan,nan
747,0.6378772112382934,808.0,674.0,62.0,0.9080118694362018,64.0,0.0,581.1729107604036,nan,nan,nan,nan,nan,0.6791250000000001,0.23855000000000004,nan,nan,nan,nan
748,0.6607700312174818,826.0,695.0,61.0,0.9122302158273381,63.0,0.0,603.7604328870782,nan,nan,nan,nan,nan,0.6798333333333333,0.23820000000000002,nan,nan,nan,nan
749,0.659729448491155,813.0,694.0,61.0,0.9121037463976945,64.0,0.0,602.4527747011188,nan,nan,nan,nan,nan,0.6805416666666667,0.23785,nan,nan,nan,nan
750,0.6482830385015609,796.0,684.0,62.0,0.9093567251461988,62.0,0.0,592.0845634069464,nan,nan,nan,nan,nan,0.68125,0.23750000000000004,nan,nan,nan,nan
751,0.663891779396462,808.0,703.0,66.0,0.9061166429587483,64.0,0.0,605.5502809281368,nan,nan,nan,nan,nan,0.6819583333333333,0.23715000000000003,nan,nan,nan,nan
752,0.627471383975026,799.0,698.0,96.0,0.8624641833810889,62.0,0.0,561.819543704512,28.63600238164266,0.0005927273305132985,55.72676086425781,3.4636042515436807,0.0003025832823671711,0.6826666666666668,0.2368,nan,nan,nan,nan
753,0.631633714880333,804.0,690.0,84.0,0.8782608695652174,63.0,0.0,569.274596565725,nan,nan,nan,nan,nan,0.683375,0.23645,nan,nan,nan,nan
754,0.6399583766909469,806.0,685.0,71.0,0.8963503649635036,63.0,0.0,580.8761851553919,nan,nan,nan,nan,nan,0.6840833333333333,0.23610000000000003,nan,nan,nan,nan
755,0.6462018730489074,791.0,686.0,66.0,0.9037900874635568,62.0,0.0,588.5714619593616,nan,nan,nan,nan,nan,0.6847916666666667,0.23575000000000002,nan,nan,nan,nan
756,0.6618106139438086,819.0,710.0,75.0,0.8943661971830986,64.0,0.0,600.6749773345009,nan,nan,nan,nan,nan,0.6855,0.2354,nan,nan,nan,nan
757,0.6378772112382934,809.0,685.0,73.0,0.8934306569343066,62.0,0.0,577.9203613381383,nan,nan,nan,nan,nan,0.6862083333333333,0.23505000000000004,nan,nan,nan,nan
758,0.6399583766909469,818.0,695.0,81.0,0.883453237410072,60.0,0.0,578.6411479406368,nan,nan,nan,nan,nan,0.6869166666666667,0.23470000000000002,nan,nan,nan,nan
759,0.6347554630593132,800.0,681.0,72.0,0.8942731277533039,63.0,0.0,575.0821840701111,nan,nan,nan,nan,nan,0.6876249999999999,0.23435,nan,nan,nan,nan
760,0.6233090530697191,797.0,673.0,75.0,0.888558692421991,63.0,0.0,563.3496850361851,nan,nan,nan,nan,nan,0.6883333333333334,0.23400000000000004,nan,nan,nan,nan
761,0.6045785639958376,729.0,631.0,51.0,0.919175911251981,61.0,0.0,554.0922371125224,nan,nan,nan,nan,nan,0.6890416666666667,0.23365000000000002,nan,nan,nan,nan
762,0.6545265348595213,822.0,703.0,75.0,0.8933143669985776,64.0,0.0,593.1279053397185,nan,nan,nan,nan,nan,0.68975,0.2333,nan,nan,nan,nan
763,0.6462018730489074,817.0,704.0,84.0,0.8806818181818182,63.0,0.0,583.0308743062019,nan,nan,nan,nan,nan,0.6904583333333334,0.23295,nan,nan,nan,nan
764,0.6545265348595213,826.0,719.0,91.0,0.8734353268428373,63.0,0.0,588.9627830729495,nan,nan,nan,nan,nan,0.6911666666666667,0.23260000000000003,nan,nan,nan,nan
765,0.6285119667013528,805.0,668.0,65.0,0.9026946107784432,61.0,0.0,571.8362536668805,nan,nan,nan,nan,nan,0.691875,0.23225,nan,nan,nan,nan
766,0.6670135275754423,813.0,697.0,57.0,0.9182209469153515,64.0,0.0,611.0410141954409,nan,nan,nan,nan,nan,0.6925833333333333,0.2319,nan,nan,nan,nan
767,0.6295525494276795,797.0,673.0,69.0,0.8974739970282318,62.0,0.0,571.9601154036537,nan,nan,nan,nan,nan,0.6932916666666666,0.23155000000000003,nan,nan,nan,nan
768,0.6534859521331946,813.0,692.0,65.0,0.9060693641618497,61.0,0.0,596.3188537263874,25.71857515970866,-0.0008012432760248581,49.92610867818197,3.4803824424743652,0.00015871159484959207,0.6940000000000001,0.23120000000000002,nan,nan,nan,nan
769,0.63579604578564,811.0,688.0,78.0,0.8866279069767442,64.0,0.0,574.583723780633,nan,nan,nan,nan,nan,0.6947083333333334,0.23085,nan,nan,nan,nan
770,0.631633714880333,795.0,682.0,76.0,0.8885630498533724,64.0,0.0,571.1680290226946,nan,nan,nan,nan,nan,0.6954166666666667,0.23050000000000004,nan,nan,nan,nan
771,0.6482830385015609,817.0,687.0,65.0,0.9053857350800583,63.0,0.0,590.3359418616293,nan,nan,nan,nan,nan,0.696125,0.23015000000000002,nan,nan,nan,nan
772,0.6534859521331946,802.0,701.0,74.0,0.8944365192582026,64.0,0.0,593.0371445493698,nan,nan,nan,nan,nan,0.6968333333333333,0.2298,nan,nan,nan,nan
773,0.6462018730489074,812.0,706.0,86.0,0.8781869688385269,61.0,0.0,582.9125901746772,nan,nan,nan,nan,nan,0.6975416666666667,0.22945,nan,nan,nan,nan
774,0.6420395421436004,791.0,679.0,63.0,0.9072164948453608,63.0,0.0,585.4814727740306,nan,nan,nan,nan,nan,0.69825,0.22910000000000003,nan,nan,nan,nan
775,0.6545265348595213,822.0,690.0,62.0,0.9101449275362319,64.0,0.0,597.1423873043074,nan,nan,nan,nan,nan,0.6989583333333333,0.22875,nan,nan,nan,nan
776,0.6160249739854319,776.0,665.0,74.0,0.8887218045112782,62.0,0.0,557.4266133732809,nan,nan,nan,nan,nan,0.6996666666666667,0.2284,nan,nan,nan,nan
777,0.6243496357960457,793.0,675.0,76.0,0.8874074074074074,62.0,0.0,564.6709522652644,nan,nan,nan,nan,nan,0.700375,0.22805000000000003,nan,nan,nan,nan
778,0.6430801248699272,790.0,673.0,56.0,0.9167904903417533,58.0,0.0,590.4926114001288,nan,nan,nan,nan,nan,0.7010833333333333,0.2277,nan,nan,nan,nan
779,0.6347554630593132,825.0,691.0,82.0,0.8813314037626628,63.0,0.0,571.7481696648622,nan,nan,nan,nan,nan,0.7017916666666667,0.22735,nan,nan,nan,nan
780,0.6326742976066597,802.0,676.0,69.0,0.8979289940828402,64.0,0.0,574.2967534093864,nan,nan,nan,nan,nan,0.7025,0.22700000000000004,nan,nan,nan,nan
781,0.6285119667013528,802.0,685.0,82.0,0.8802919708029197,64.0,0.0,566.1729740686428,nan,nan,nan,nan,nan,0.7032083333333333,0.22665000000000002,nan,nan,nan,nan
782,0.6305931321540063,791.0,677.0,72.0,0.8936484490398818,61.0,0.0,572.0864059324281,nan,nan,nan,nan,nan,0.7039166666666666,0.2263,nan,nan,nan,nan
783,0.6430801248699272,800.0,677.0,60.0,0.9113737075332349,64.0,0.0,586.8877469644552,nan,nan,nan,nan,nan,0.704625,0.22594999999999998,nan,nan,nan,nan
784,0.6368366285119667,775.0,675.0,64.0,0.9051851851851852,62.0,0.0,580.7797938156134,27.440334637959797,0.0013195385690778494,53.38525374730428,3.5232271353403726,0.00021952687287315106,0.7053333333333334,0.22560000000000002,nan,nan,nan,nan
785,0.6586888657648283,814.0,697.0,65.0,0.9067431850789096,63.0,0.0,600.8304208240521,nan,nan,nan,nan,nan,0.7060416666666667,0.22525,nan,nan,nan,nan
786,0.6326742976066597,806.0,679.0,72.0,0.8939617083946981,62.0,0.0,573.759070951463,nan,nan,nan,nan,nan,0.70675,0.2249,nan,nan,nan,nan
787,0.6399583766909469,791.0,676.0,62.0,0.908284023668639,63.0,0.0,583.8583619656581,nan,nan,nan,nan,nan,0.7074583333333334,0.22455000000000003,nan,nan,nan,nan
788,0.663891779396462,810.0,693.0,56.0,0.9191919191919192,63.0,0.0,608.3377738170619,nan,nan,nan,nan,nan,0.7081666666666666,0.2242,nan,nan,nan,nan
789,0.644120707596254,825.0,698.0,80.0,0.8853868194842407,60.0,0.0,582.6218406600963,nan,nan,nan,nan,nan,0.708875,0.22385,nan,nan,nan,nan
790,0.6326742976066597,771.0,668.0,61.0,0.9086826347305389,60.0,0.0,578.4387967877395,nan,nan,nan,nan,nan,0.7095833333333333,0.22350000000000003,nan,nan,nan,nan
791,0.6285119667013528,773.0,678.0,75.0,0.8893805309734514,64.0,0.0,568.7172062916767,nan,nan,nan,nan,nan,0.7102916666666667,0.22315000000000002,nan,nan,nan,nan
792,0.6472424557752341,814.0,685.0,64.0,0.9065693430656935,62.0,0.0,590.2600670828828,nan,nan,nan,nan,nan,0.7110000000000001,0.2228,nan,nan,nan,nan
793,0.63579604578564,798.0,679.0,69.0,0.898379970544919,63.0,0.0,577.567526408196,nan,nan,nan,nan,nan,0.7117083333333334,0.22244999999999998,nan,nan,nan,nan
794,0.631633714880333,776.0,666.0,60.0,0.9099099099099099,63.0,0.0,576.3705125374807,nan,nan,nan,nan,nan,0.7124166666666666,0.22210000000000002,nan,nan,nan,nan
795,0.6295525494276795,791.0,676.0,72.0,0.893491124260355,64.0,0.0,570.2766339831361,nan,nan,nan,nan,nan,0.713125,0.22175,nan,nan,nan,nan
796,0.6420395421436004,802.0,682.0,66.0,0.9032258064516129,64.0,0.0,584.3298609714517,nan,nan,nan,nan,nan,0.7138333333333333,0.22139999999999999,nan,nan,nan,nan
797,0.6503642039542143,803.0,690.0,66.0,0.9043478260869565,64.0,0.0,592.2142639703759,nan,nan,nan,nan,nan,0.7145416666666667,0.22105000000000002,nan,nan,nan,nan
798,0.627471383975026,759.0,661.0,59.0,0.9107413010590015,60.0,0.0,574.0327809143097,nan,nan,nan,nan,nan,0.71525,0.2207,nan,nan,nan,nan
799,0.6326742976066597,825.0,698.0,91.0,0.8696275071633238,64.0,0.0,567.0255829920782,nan,nan,nan,nan,nan,0.7159583333333334,0.22035,nan,nan,nan,nan
800,0.644120707596254,806.0,689.0,71.0,0.8969521044992743,64.0,0.0,584.7506187005047,24.08982976277669,-1.9138484882811706e-05,46.7576789855957,3.450097978115082,0.00020384988207903612,0.7166666666666667,0.22000000000000003,0.6545473465140478,0.632258064516129,0.9317547182858202,0.0
801,0.627471383975026,775.0,647.0,45.0,0.9304482225656878,62.0,0.0,576.9902878379834,nan,nan,nan,nan,nan,0.717375,0.21965,nan,nan,nan,nan
802,0.6389177939646202,800.0,675.0,62.0,0.9081481481481481,60.0,0.0,583.4457109766012,nan,nan,nan,nan,nan,0.7180833333333333,0.2193,nan,nan,nan,nan
803,0.6253902185223725,772.0,657.0,57.0,0.91324200913242,61.0,0.0,571.9053128671667,nan,nan,nan,nan,nan,0.7187916666666667,0.21894999999999998,nan,nan,nan,nan
804,0.6285119667013528,807.0,686.0,83.0,0.8790087463556852,64.0,0.0,565.1546586866391,nan,nan,nan,nan,nan,0.7195,0.21860000000000002,nan,nan,nan,nan
805,0.6462018730489074,792.0,692.0,72.0,0.8959537572254336,64.0,0.0,586.9221164641384,nan,nan,nan,nan,nan,0.7202083333333333,0.21825,nan,nan,nan,nan
806,0.6243496357960457,778.0,671.0,72.0,0.8926974664679582,61.0,0.0,566.6445941228891,nan,nan,nan,nan,nan,0.7209166666666667,0.21789999999999998,nan,nan,nan,nan
807,0.6222684703433923,796.0,687.0,90.0,0.868995633187773,64.0,0.0,557.9269921336193,nan,nan,nan,nan,nan,0.721625,0.21755000000000002,nan,nan,nan,nan
808,0.6305931321540063,778.0,666.0,61.0,0.9084084084084084,62.0,0.0,575.6492123622902,nan,nan,nan,nan,nan,0.7223333333333334,0.2172,nan,nan,nan,nan
809,0.6420395421436004,801.0,683.0,67.0,0.9019033674963397,63.0,0.0,583.99140317917,nan,nan,nan,nan,nan,0.7230416666666667,0.21685,nan,nan,nan,nan
810,0.6024973985431842,761.0,649.0,71.0,0.8906009244992296,62.0,0.0,545.2076941604632,nan,nan,nan,nan,nan,0.72375,0.21650000000000003,nan,nan,nan,nan
811,0.6576482830385015,815.0,700.0,69.0,0.9014285714285715,64.0,0.0,598.3189301366803,nan,nan,nan,nan,nan,0.7244583333333333,0.21615,nan,nan,nan,nan
812,0.6462018730489074,808.0,693.0,73.0,0.8946608946608947,62.0,0.0,586.6992381725318,nan,nan,nan,nan,nan,0.7251666666666666,0.2158,nan,nan,nan,nan
813,0.6493236212278877,823.0,690.0,67.0,0.9028985507246376,62.0,0.0,591.0533881435393,nan,nan,nan,nan,nan,0.725875,0.21545000000000003,nan,nan,nan,nan
814,0.6233090530697191,778.0,671.0,73.0,0.8912071535022354,62.0,0.0,565.0954034538286,nan,nan,nan,nan,nan,0.7265833333333334,0.2151,nan,nan,nan,nan
815,0.6295525494276795,795.0,680.0,76.0,0.888235294117647,63.0,0.0,569.1907266578678,nan,nan,nan,nan,nan,0.7272916666666667,0.21475000000000005,nan,nan,nan,nan
816,0.659729448491155,816.0,705.0,72.0,0.8978723404255319,61.0,0.0,600.2357128553381,24.731931845347088,-0.0008568781971310576,48.12566947937012,3.3407864967981973,0.00016988794989932407,0.7280000000000001,0.21440000000000003,nan,nan,nan,nan
817,0.6534859521331946,822.0,707.0,80.0,0.8868458274398868,64.0,0.0,590.8419257259385,nan,nan,nan,nan,nan,0.7287083333333333,0.21405000000000002,nan,nan,nan,nan
818,0.6732570239334027,815.0,699.0,53.0,0.9241773962804005,64.0,0.0,618.16628128481,nan,nan,nan,nan,nan,0.7294166666666666,0.21370000000000006,nan,nan,nan,nan
819,0.6514047866805411,814.0,696.0,71.0,0.8979885057471264,64.0,0.0,591.733084681512,nan,nan,nan,nan,nan,0.730125,0.21335000000000004,nan,nan,nan,nan
820,0.63579604578564,780.0,667.0,57.0,0.9145427286356822,62.0,0.0,581.7181636495593,nan,nan,nan,nan,nan,0.7308333333333333,0.21300000000000002,nan,nan,nan,nan
821,0.6295525494276795,777.0,663.0,59.0,0.9110105580693816,60.0,0.0,575.3448059678096,nan,nan,nan,nan,nan,0.7315416666666668,0.21265000000000006,nan,nan,nan,nan
822,0.6378772112382934,807.0,683.0,71.0,0.8960468521229868,63.0,0.0,578.8030946054464,nan,nan,nan,nan,nan,0.7322500000000001,0.21230000000000004,nan,nan,nan,nan
823,0.6305931321540063,810.0,678.0,73.0,0.8923303834808259,62.0,0.0,571.3063379836108,nan,nan,nan,nan,nan,0.7329583333333333,0.21195000000000003,nan,nan,nan,nan
824,0.6690946930280958,811.0,684.0,42.0,0.9385964912280702,60.0,0.0,618.3394581670764,nan,nan,nan,nan,nan,0.7336666666666667,0.2116,nan,nan,nan,nan
825,0.6503642039542143,779.0,682.0,58.0,0.9149560117302052,64.0,0.0,595.0295701785107,nan,nan,nan,nan,nan,0.734375,0.21125000000000005,nan,nan,nan,nan
826,0.6326742976066597,796.0,689.0,82.0,0.8809869375907112,64.0,0.0,570.2859375500692,nan,nan,nan,nan,nan,0.7350833333333333,0.21090000000000003,nan,nan,nan,nan
827,0.6514047866805411,798.0,676.0,51.0,0.9245562130177515,63.0,0.0,598.0365624012944,nan,nan,nan,nan,nan,0.7357916666666667,0.21055000000000001,nan,nan,nan,nan
828,0.627471383975026,804.0,689.0,87.0,0.8737300435413643,63.0,0.0,563.956889031412,nan,nan,nan,nan,nan,0.7364999999999999,0.21020000000000005,nan,nan,nan,nan
829,0.6555671175858481,801.0,707.0,78.0,0.8896746817538896,62.0,0.0,594.5636062350286,nan,nan,nan,nan,nan,0.7372083333333334,0.20985000000000004,nan,nan,nan,nan
830,0.6430801248699272,798.0,676.0,59.0,0.9127218934911243,63.0,0.0,587.276273281575,nan,nan,nan,nan,nan,0.7379166666666667,0.20950000000000002,nan,nan,nan,nan
831,0.6514047866805411,811.0,688.0,63.0,0.9084302325581395,64.0,0.0,593.9768308787351,nan,nan,nan,nan,nan,0.738625,0.20915000000000006,nan,nan,nan,nan
832,0.6368366285119667,798.0,681.0,70.0,0.8972099853157122,64.0,0.0,577.918737699034,26.172059694925945,-0.0006340512384970983,50.97528330485026,3.511977970600128,0.0003760047887529557,0.7393333333333334,0.20880000000000004,nan,nan,nan,nan
833,0.6399583766909469,806.0,691.0,77.0,0.8885672937771346,64.0,0.0,578.7375342931767,nan,nan,nan,nan,nan,0.7400416666666667,0.20845000000000002,nan,nan,nan,nan
834,0.6472424557752341,823.0,698.0,77.0,0.8896848137535817,62.0,0.0,586.5897570986756,nan,nan,nan,nan,nan,0.74075,0.2081,nan,nan,nan,nan
835,0.6732570239334027,822.0,709.0,63.0,0.9111424541607899,63.0,0.0,615.3893752832415,nan,nan,nan,nan,nan,0.7414583333333333,0.20775000000000005,nan,nan,nan,nan
836,0.6378772112382934,776.0,683.0,71.0,0.8960468521229868,62.0,0.0,579.834909914495,nan,nan,nan,nan,nan,0.7421666666666666,0.20740000000000003,nan,nan,nan,nan
837,0.6618106139438086,810.0,695.0,60.0,0.9136690647482014,64.0,0.0,605.0791358680727,nan,nan,nan,nan,nan,0.7428750000000001,0.20705,nan,nan,nan,nan
838,0.6482830385015609,799.0,685.0,63.0,0.908029197080292,62.0,0.0,591.8344987611781,nan,nan,nan,nan,nan,0.7435833333333334,0.20670000000000005,nan,nan,nan,nan
839,0.6409989594172737,795.0,686.0,71.0,0.8965014577259475,63.0,0.0,581.8342258162504,nan,nan,nan,nan,nan,0.7442916666666667,0.20635000000000003,nan,nan,nan,nan
840,0.6264308012486993,789.0,669.0,68.0,0.898355754857997,63.0,0.0,568.5299107317936,nan,nan,nan,nan,nan,0.745,0.20600000000000002,nan,nan,nan,nan
841,0.6555671175858481,804.0,701.0,72.0,0.8972895863052782,62.0,0.0,596.2423189888007,nan,nan,nan,nan,nan,0.7457083333333333,0.20565000000000005,nan,nan,nan,nan
842,0.6337148803329865,777.0,667.0,59.0,0.9115442278860569,61.0,0.0,579.2392055058481,nan,nan,nan,nan,nan,0.7464166666666666,0.20530000000000004,nan,nan,nan,nan
843,0.6347554630593132,792.0,676.0,67.0,0.900887573964497,63.0,0.0,577.2851802992826,nan,nan,nan,nan,nan,0.747125,0.20495000000000002,nan,nan,nan,nan
844,0.631633714880333,788.0,678.0,72.0,0.8938053097345132,64.0,0.0,572.147630204679,nan,nan,nan,nan,nan,0.7478333333333333,0.2046,nan,nan,nan,nan
845,0.6285119667013528,778.0,658.0,55.0,0.9164133738601824,63.0,0.0,574.7536811323166,nan,nan,nan,nan,nan,0.7485416666666668,0.20425000000000004,nan,nan,nan,nan
846,0.6420395421436004,806.0,679.0,63.0,0.9072164948453608,63.0,0.0,585.4183799142866,nan,nan,nan,nan,nan,0.74925,0.20390000000000003,nan,nan,nan,nan
847,0.6389177939646202,812.0,692.0,79.0,0.8858381502890174,63.0,0.0,577.486465774537,nan,nan,nan,nan,nan,0.7499583333333333,0.20355,nan,nan,nan,nan
848,0.6264308012486993,784.0,673.0,72.0,0.8930163447251115,63.0,0.0,567.8398808007255,25.226651191711426,-0.00029190707330902416,49.14691003163656,3.452422261238098,0.00037879778028582223,0.7506666666666667,0.20320000000000005,nan,nan,nan,nan
849,0.6253902185223725,769.0,669.0,69.0,0.8968609865470852,62.0,0.0,568.3098435325631,nan,nan,nan,nan,nan,0.751375,0.20285000000000003,nan,nan,nan,nan
850,0.6732570239334027,825.0,708.0,62.0,0.9124293785310734,63.0,0.0,615.6715832872385,nan,nan,nan,nan,nan,0.7520833333333333,0.2025,nan,nan,nan,nan
851,0.6243496357960457,784.0,663.0,64.0,0.9034690799396682,62.0,0.0,568.3021718301784,nan,nan,nan,nan,nan,0.7527916666666666,0.20215000000000005,nan,nan,nan,nan
852,0.6482830385015609,782.0,663.0,41.0,0.9381598793363499,62.0,0.0,598.4645193982127,nan,nan,nan,nan,nan,0.7535,0.20180000000000003,nan,nan,nan,nan
853,0.6462018730489074,808.0,691.0,71.0,0.8972503617945007,62.0,0.0,587.2304572138794,nan,nan,nan,nan,nan,0.7542083333333334,0.20145000000000002,nan,nan,nan,nan
854,0.6514047866805411,824.0,697.0,72.0,0.896700143472023,62.0,0.0,591.1579907727238,nan,nan,nan,nan,nan,0.7549166666666667,0.2011,nan,nan,nan,nan
855,0.619146722164412,776.0,662.0,68.0,0.8972809667673716,61.0,0.0,562.4603415703776,nan,nan,nan,nan,nan,0.755625,0.20075000000000004,nan,nan,nan,nan
856,0.6295525494276795,772.0,661.0,57.0,0.913767019667171,62.0,0.0,575.7021661562925,nan,nan,nan,nan,nan,0.7563333333333334,0.20040000000000002,nan,nan,nan,nan
857,0.6524453694068678,806.0,679.0,53.0,0.9219440353460973,60.0,0.0,599.3157579398154,nan,nan,nan,nan,nan,0.7570416666666666,0.20005,nan,nan,nan,nan
858,0.6420395421436004,795.0,678.0,62.0,0.9085545722713865,61.0,0.0,586.5889077391632,nan,nan,nan,nan,nan,0.75775,0.19970000000000004,nan,nan,nan,nan
859,0.6399583766909469,797.0,685.0,71.0,0.8963503649635036,63.0,0.0,581.1055981717134,nan,nan,nan,nan,nan,0.7584583333333333,0.19935000000000003,nan,nan,nan,nan
860,0.6462018730489074,794.0,684.0,64.0,0.9064327485380117,62.0,0.0,589.4918517169966,nan,nan,nan,nan,nan,0.7591666666666667,0.199,nan,nan,nan,nan
861,0.6347554630593132,797.0,677.0,68.0,0.8995568685376661,62.0,0.0,577.0982786083216,nan,nan,nan,nan,nan,0.7598750000000001,0.19865000000000005,nan,nan,nan,nan
862,0.6534859521331946,796.0,683.0,56.0,0.91800878477306,64.0,0.0,597.9854289627085,nan,nan,nan,nan,nan,0.7605833333333334,0.19830000000000003,nan,nan,nan,nan
863,0.6462018730489074,795.0,687.0,67.0,0.9024745269286754,62.0,0.0,588.4267023701661,nan,nan,nan,nan,nan,0.7612916666666666,0.19795000000000001,nan,nan,nan,nan
864,0.631633714880333,800.0,680.0,74.0,0.8911764705882353,63.0,0.0,571.1696028170599,30.980294545491535,0.0009653943901260694,60.65373992919922,3.5479813615481057,0.0004234203127756094,0.762,0.1976,nan,nan,nan,nan
865,0.6482830385015609,786.0,674.0,52.0,0.9228486646884273,63.0,0.0,594.8921518454556,nan,nan,nan,nan,nan,0.7627083333333333,0.19725000000000004,nan,nan,nan,nan
866,0.6493236212278877,790.0,679.0,56.0,0.9175257731958762,62.0,0.0,595.1095463895797,nan,nan,nan,nan,nan,0.7634166666666666,0.19690000000000002,nan,nan,nan,nan
867,0.6389177939646202,805.0,692.0,79.0,0.8858381502890174,61.0,0.0,578.5976462392814,nan,nan,nan,nan,nan,0.764125,0.19655,nan,nan,nan,nan
868,0.6451612903225806,799.0,695.0,76.0,0.8906474820143885,62.0,0.0,585.2062112369549,nan,nan,nan,nan,nan,0.7648333333333334,0.19620000000000004,nan,nan,nan,nan
869,0.6347554630593132,803.0,685.0,76.0,0.8890510948905109,64.0,0.0,573.1555608038909,nan,nan,nan,nan,nan,0.7655416666666667,0.19585000000000002,nan,nan,nan,nan
870,0.6285119667013528,801.0,680.0,77.0,0.8867647058823529,64.0,0.0,567.6954738941213,nan,nan,nan,nan,nan,0.76625,0.1955,nan,nan,nan,nan
871,0.6420395421436004,785.0,657.0,41.0,0.9375951293759512,62.0,0.0,592.0442909669879,nan,nan,nan,nan,nan,0.7669583333333333,0.19515000000000005,nan,nan,nan,nan
872,0.659729448491155,824.0,706.0,73.0,0.896600566572238,64.0,0.0,599.2971816196451,nan,nan,nan,nan,nan,0.7676666666666667,0.19480000000000003,nan,nan,nan,nan
873,0.6295525494276795,819.0,706.0,102.0,0.8555240793201133,62.0,0.0,561.415913609029,nan,nan,nan,nan,nan,0.768375,0.19445,nan,nan,nan,nan
874,0.6462018730489074,803.0,690.0,70.0,0.8985507246376812,61.0,0.0,588.0899309339533,nan,nan,nan,nan,nan,0.7690833333333333,0.1941,nan,nan,nan,nan
875,0.6253902185223725,776.0,668.0,68.0,0.8982035928143712,62.0,0.0,568.2898240494744,nan,nan,nan,nan,nan,0.7697916666666667,0.19375000000000003,nan,nan,nan,nan
876,0.6566077003121749,801.0,691.0,61.0,0.9117221418234442,64.0,0.0,599.9935145001418,nan,nan,nan,nan,nan,0.7705,0.19340000000000002,nan,nan,nan,nan
877,0.6222684703433923,786.0,659.0,62.0,0.9059180576631259,62.0,0.0,566.8931677117367,nan,nan,nan,nan,nan,0.7712083333333334,0.19305,nan,nan,nan,nan
878,0.6566077003121749,804.0,692.0,62.0,0.9104046242774566,64.0,0.0,599.4479339065552,nan,nan,nan,nan,nan,0.7719166666666667,0.19270000000000004,nan,nan,nan,nan
879,0.6586888657648283,823.0,691.0,59.0,0.914616497829233,63.0,0.0,602.3468114476196,nan,nan,nan,nan,nan,0.772625,0.19235000000000002,nan,nan,nan,nan
880,0.6607700312174818,790.0,689.0,55.0,0.9201741654571843,61.0,0.0,606.4506137166034,17.54625662167867,-0.0007978078016700844,33.83566379547119,3.5306238730748496,0.0010447252479934832,0.7733333333333333,0.192,nan,nan,nan,nan
881,0.6524453694068678,810.0,691.0,65.0,0.9059334298118669,64.0,0.0,594.6779786529546,nan,nan,nan,nan,nan,0.7740416666666666,0.19165000000000004,nan,nan,nan,nan
882,0.6253902185223725,804.0,684.0,84.0,0.8771929824561403,64.0,0.0,562.3352639908799,nan,nan,nan,nan,nan,0.77475,0.19130000000000003,nan,nan,nan,nan
883,0.6285119667013528,789.0,675.0,72.0,0.8933333333333333,61.0,0.0,570.5768035826704,nan,nan,nan,nan,nan,0.7754583333333334,0.19095,nan,nan,nan,nan
884,0.6399583766909469,802.0,687.0,73.0,0.893740902474527,60.0,0.0,581.3716112747213,nan,nan,nan,nan,nan,0.7761666666666667,0.1906,nan,nan,nan,nan
885,0.6586888657648283,818.0,697.0,65.0,0.9067431850789096,63.0,0.0,600.630616265297,nan,nan,nan,nan,nan,0.7768750000000001,0.19025000000000003,nan,nan,nan,nan
886,0.6586888657648283,803.0,694.0,62.0,0.9106628242074928,64.0,0.0,601.4911287088402,nan,nan,nan,nan,nan,0.7775833333333333,0.1899,nan,nan,nan,nan
887,0.6212278876170656,801.0,674.0,78.0,0.884272997032641,63.0,0.0,560.4793281002055,nan,nan,nan,nan,nan,0.7782916666666666,0.18955,nan,nan,nan,nan
888,0.6451612903225806,817.0,700.0,81.0,0.8842857142857142,64.0,0.0,582.3517553048137,nan,nan,nan,nan,nan,0.779,0.18920000000000003,nan,nan,nan,nan
889,0.6347554630593132,788.0,680.0,71.0,0.8955882352941177,63.0,0.0,575.9475650887509,nan,nan,nan,nan,nan,0.7797083333333333,0.18885000000000002,nan,nan,nan,nan
890,0.6482830385015609,800.0,685.0,63.0,0.908029197080292,63.0,0.0,591.3187776503559,nan,nan,nan,nan,nan,0.7804166666666666,0.1885,nan,nan,nan,nan
891,0.6139438085327783,774.0,671.0,82.0,0.8777943368107303,62.0,0.0,553.3814041919723,nan,nan,nan,nan,nan,0.7811250000000001,0.18815000000000004,nan,nan,nan,nan
892,0.6389177939646202,794.0,678.0,65.0,0.9041297935103245,63.0,0.0,581.4643091411592,nan,nan,nan,nan,nan,0.7818333333333333,0.18780000000000002,nan,nan,nan,nan
893,0.6420395421436004,792.0,679.0,63.0,0.9072164948453608,64.0,0.0,584.8887330303199,nan,nan,nan,nan,nan,0.7825416666666667,0.18745,nan,nan,nan,nan
894,0.6514047866805411,801.0,692.0,67.0,0.903179190751445,64.0,0.0,593.0502732415208,nan,nan,nan,nan,nan,0.78325,0.1871,nan,nan,nan,nan
895,0.6649323621227887,834.0,718.0,80.0,0.8885793871866295,63.0,0.0,602.0451233782771,nan,nan,nan,nan,nan,0.7839583333333333,0.18675000000000003,nan,nan,nan,nan
896,0.627471383975026,766.0,665.0,63.0,0.9052631578947369,62.0,0.0,572.3165195522314,14.51987107594808,-0.0013201528151209156,27.833126227060955,3.500551482041677,0.00030642007186543196,0.7846666666666667,0.1864,nan,nan,nan,nan
897,0.6399583766909469,795.0,675.0,61.0,0.9096296296296297,64.0,0.0,583.8311936397553,nan,nan,nan,nan,nan,0.785375,0.18605,nan,nan,nan,nan
898,0.659729448491155,802.0,692.0,59.0,0.9147398843930635,62.0,0.0,604.1369154653548,nan,nan,nan,nan,nan,0.7860833333333334,0.18570000000000003,nan,nan,nan,nan
899,0.627471383975026,795.0,680.0,78.0,0.8852941176470588,64.0,0.0,566.6537857046138,nan,nan,nan,nan,nan,0.7867916666666667,0.18535000000000001,nan,nan,nan,nan
900,0.6545265348595213,799.0,690.0,62.0,0.9101449275362319,63.0,0.0,597.7686803064361,nan,nan,nan,nan,nan,0.7875,0.185,0.6531529656607701,0.6334027055150885,0.9285302450775141,0.0
901,0.6503642039542143,809.0,702.0,78.0,0.8888888888888888,64.0,0.0,588.5550275688191,nan,nan,nan,nan,nan,0.7882083333333334,0.18465000000000004,nan,nan,nan,nan
902,0.6108220603537982,775.0,672.0,86.0,0.8720238095238095,62.0,0.0,548.9353718132994,nan,nan,nan,nan,nan,0.7889166666666667,0.18430000000000002,nan,nan,nan,nan
903,0.6430801248699272,809.0,690.0,73.0,0.8942028985507247,63.0,0.0,583.383346266749,nan,nan,nan,nan,nan,0.7896249999999999,0.18395,nan,nan,nan,nan
904,0.6285119667013528,781.0,675.0,72.0,0.8933333333333333,60.0,0.0,570.5908577098868,nan,nan,nan,nan,nan,0.7903333333333333,0.18359999999999999,nan,nan,nan,nan
905,0.6077003121748179,762.0,651.0,68.0,0.8955453149001537,62.0,0.0,551.286530573369,nan,nan,nan,nan,nan,0.7910416666666666,0.18325000000000002,nan,nan,nan,nan
906,0.6493236212278877,804.0,698.0,75.0,0.8925501432664756,64.0,0.0,588.6357633876819,nan,nan,nan,nan,nan,0.79175,0.1829,nan,nan,nan,nan
907,0.6212278876170656,772.0,663.0,67.0,0.8989441930618401,61.0,0.0,565.1964775290493,nan,nan,nan,nan,nan,0.7924583333333334,0.18255,nan,nan,nan,nan
908,0.6482830385015609,797.0,698.0,76.0,0.8911174785100286,64.0,0.0,587.1477314710626,nan,nan,nan,nan,nan,0.7931666666666667,0.18220000000000003,nan,nan,nan,nan
909,0.6586888657648283,830.0,713.0,81.0,0.8863955119214586,64.0,0.0,595.4285687150958,nan,nan,nan,nan,nan,0.793875,0.18185,nan,nan,nan,nan
910,0.6503642039542143,800.0,686.0,62.0,0.9096209912536443,62.0,0.0,593.927441297055,nan,nan,nan,nan,nan,0.7945833333333333,0.1815,nan,nan,nan,nan
911,0.6420395421436004,806.0,689.0,73.0,0.8940493468795355,64.0,0.0,581.9065517635358,nan,nan,nan,nan,nan,0.7952916666666666,0.18115000000000003,nan,nan,nan,nan
912,0.6399583766909469,792.0,681.0,67.0,0.9016152716593245,62.0,0.0,582.769168496132,12.808237632115683,-0.0007238793574894468,24.47566032409668,3.4201815923055015,0.00016420359558348233,0.796,0.18080000000000002,nan,nan,nan,nan
913,0.6690946930280958,814.0,704.0,62.0,0.9119318181818182,64.0,0.0,611.5530091128334,nan,nan,nan,nan,nan,0.7967083333333334,0.18045,nan,nan,nan,nan
914,0.6212278876170656,770.0,663.0,67.0,0.8989441930618401,62.0,0.0,564.5434166436212,nan,nan,nan,nan,nan,0.7974166666666667,0.18009999999999998,nan,nan,nan,nan
915,0.6108220603537982,791.0,667.0,81.0,0.8785607196401799,60.0,0.0,550.0634585723891,nan,nan,nan,nan,nan,0.798125,0.17975000000000002,nan,nan,nan,nan
916,0.6482830385015609,785.0,674.0,52.0,0.9228486646884273,64.0,0.0,594.364331849575,nan,nan,nan,nan,nan,0.7988333333333333,0.1794,nan,nan,nan,nan
917,0.6420395421436004,797.0,692.0,76.0,0.8901734104046243,62.0,0.0,581.8685314931877,nan,nan,nan,nan,nan,0.7995416666666667,0.17905,nan,nan,nan,nan
918,0.6482830385015609,810.0,687.0,65.0,0.9053857350800583,64.0,0.0,590.6996794428835,nan,nan,nan,nan,nan,0.80025,0.17870000000000003,nan,nan,nan,nan
919,0.6305931321540063,803.0,687.0,82.0,0.8806404657933042,64.0,0.0,568.0316603393582,nan,nan,nan,nan,nan,0.8009583333333333,0.17835,nan,nan,nan,nan
920,0.6108220603537982,765.0,654.0,68.0,0.8960244648318043,61.0,0.0,554.8998641200088,nan,nan,nan,nan,nan,0.8016666666666667,0.178,nan,nan,nan,nan
921,0.6503642039542143,799.0,701.0,77.0,0.8901569186875892,60.0,0.0,589.8351228632933,nan,nan,nan,nan,nan,0.802375,0.17765000000000003,nan,nan,nan,nan
922,0.6201873048907388,788.0,684.0,89.0,0.8698830409356725,61.0,0.0,557.4441001996996,nan,nan,nan,nan,nan,0.8030833333333334,0.1773,nan,nan,nan,nan
923,0.6378772112382934,802.0,673.0,61.0,0.9093610698365527,62.0,0.0,581.7704602718358,nan,nan,nan,nan,nan,0.8037916666666667,0.17695,nan,nan,nan,nan
924,0.6378772112382934,797.0,677.0,65.0,0.9039881831610044,64.0,0.0,580.1837350077641,nan,nan,nan,nan,nan,0.8045,0.17659999999999998,nan,nan,nan,nan
925,0.631633714880333,789.0,670.0,64.0,0.9044776119402985,63.0,0.0,575.0599653935434,nan,nan,nan,nan,nan,0.8052083333333334,0.17625000000000002,nan,nan,nan,nan
926,0.6462018730489074,809.0,693.0,73.0,0.8946608946608947,64.0,0.0,585.7658047604564,nan,nan,nan,nan,nan,0.8059166666666666,0.1759,nan,nan,nan,nan
927,0.6129032258064516,781.0,664.0,76.0,0.8855421686746988,63.0,0.0,553.579131279948,nan,nan,nan,nan,nan,0.8066249999999999,0.17554999999999998,nan,nan,nan,nan
928,0.6347554630593132,801.0,679.0,70.0,0.8969072164948454,62.0,0.0,576.4998876175887,17.11620791753133,-0.0007922705650950471,33.11950651804606,3.4519861141840615,0.0004572403150480871,0.8073333333333333,0.17520000000000002,nan,nan,nan,nan
929,0.6337148803329865,789.0,662.0,54.0,0.918429003021148,60.0,0.0,581.1595129160888,nan,nan,nan,nan,nan,0.8080416666666667,0.17485,nan,nan,nan,nan
930,0.6347554630593132,800.0,676.0,67.0,0.900887573964497,64.0,0.0,576.8469234933851,nan,nan,nan,nan,nan,0.80875,0.1745,nan,nan,nan,nan
931,0.6420395421436004,796.0,687.0,71.0,0.8966521106259098,64.0,0.0,582.712947595596,nan,nan,nan,nan,nan,0.8094583333333334,0.17415000000000003,nan,nan,nan,nan
932,0.6305931321540063,784.0,678.0,73.0,0.8923303834808259,62.0,0.0,571.5552292056104,nan,nan,nan,nan,nan,0.8101666666666666,0.1738,nan,nan,nan,nan
933,0.668054110301769,819.0,712.0,71.0,0.9002808988764045,64.0,0.0,607.7394574465771,nan,nan,nan,nan,nan,0.810875,0.17345,nan,nan,nan,nan
934,0.6545265348595213,806.0,693.0,65.0,0.9062049062049062,64.0,0.0,596.7477197151188,nan,nan,nan,nan,nan,0.8115833333333333,0.17309999999999998,nan,nan,nan,nan
935,0.6285119667013528,800.0,679.0,76.0,0.8880706921944035,63.0,0.0,568.3715083780302,nan,nan,nan,nan,nan,0.8122916666666666,0.17275000000000001,nan,nan,nan,nan
936,0.6253902185223725,776.0,658.0,58.0,0.9118541033434651,61.0,0.0,571.455682682516,nan,nan,nan,nan,nan,0.8130000000000001,0.1724,nan,nan,nan,nan
937,0.6472424557752341,803.0,698.0,77.0,0.8896848137535817,60.0,0.0,587.1679329223634,nan,nan,nan,nan,nan,0.8137083333333334,0.17204999999999998,nan,nan,nan,nan
938,0.6295525494276795,787.0,674.0,70.0,0.8961424332344213,63.0,0.0,571.5499544539467,nan,nan,nan,nan,nan,0.8144166666666667,0.17170000000000002,nan,nan,nan,nan
939,0.6222684703433923,774.0,673.0,76.0,0.8870728083209509,61.0,0.0,563.4235849289909,nan,nan,nan,nan,nan,0.815125,0.17135000000000006,nan,nan,nan,nan
940,0.6305931321540063,810.0,695.0,90.0,0.8705035971223022,64.0,0.0,565.6457189259543,nan,nan,nan,nan,nan,0.8158333333333333,0.17100000000000004,nan,nan,nan,nan
941,0.6482830385015609,808.0,687.0,65.0,0.9053857350800583,64.0,0.0,590.4135202322008,nan,nan,nan,nan,nan,0.8165416666666667,0.17065000000000002,nan,nan,nan,nan
942,0.6451612903225806,802.0,688.0,69.0,0.8997093023255814,62.0,0.0,587.2003033981337,nan,nan,nan,nan,nan,0.81725,0.17030000000000006,nan,nan,nan,nan
943,0.6201873048907388,790.0,670.0,75.0,0.8880597014925373,63.0,0.0,560.6176535229691,nan,nan,nan,nan,nan,0.8179583333333333,0.16995000000000005,nan,nan,nan,nan
944,0.6378772112382934,779.0,687.0,75.0,0.8908296943231441,62.0,0.0,578.7650400552754,28.204746166865032,-0.0004197624900067846,55.323920249938965,3.482511599858602,0.0010528695329412585,0.8186666666666667,0.16960000000000003,nan,nan,nan,nan
945,0.6607700312174818,807.0,693.0,59.0,0.9148629148629148,63.0,0.0,604.5595959920877,nan,nan,nan,nan,nan,0.819375,0.16925,nan,nan,nan,nan
946,0.6430801248699272,791.0,686.0,69.0,0.8994169096209913,62.0,0.0,585.1729146642691,nan,nan,nan,nan,nan,0.8200833333333334,0.16890000000000005,nan,nan,nan,nan
947,0.6566077003121749,815.0,698.0,68.0,0.9025787965616046,64.0,0.0,597.4015302128803,nan,nan,nan,nan,nan,0.8207916666666667,0.16855000000000003,nan,nan,nan,nan
948,0.6462018730489074,791.0,684.0,64.0,0.9064327485380117,63.0,0.0,589.3778943910611,nan,nan,nan,nan,nan,0.8215,0.16820000000000002,nan,nan,nan,nan
949,0.6243496357960457,795.0,678.0,79.0,0.883480825958702,62.0,0.0,563.7234719161999,nan,nan,nan,nan,nan,0.8222083333333334,0.16785000000000005,nan,nan,nan,nan
950,0.6285119667013528,792.0,672.0,69.0,0.8973214285714286,62.0,0.0,570.9470228924758,nan,nan,nan,nan,nan,0.8229166666666666,0.16750000000000004,nan,nan,nan,nan
951,0.6243496357960457,781.0,667.0,68.0,0.8980509745127436,62.0,0.0,566.9768272633569,nan,nan,nan,nan,nan,0.8236249999999999,0.16715000000000002,nan,nan,nan,nan
952,0.6337148803329865,774.0,664.0,56.0,0.9156626506024096,63.0,0.0,579.7301580114371,nan,nan,nan,nan,nan,0.8243333333333334,0.16680000000000006,nan,nan,nan,nan
953,0.6139438085327783,807.0,679.0,90.0,0.8674521354933726,63.0,0.0,549.8517307858485,nan,nan,nan,nan,nan,0.8250416666666667,0.16645000000000004,nan,nan,nan,nan
954,0.6576482830385015,806.0,706.0,75.0,0.8937677053824362,62.0,0.0,597.6846037168514,nan,nan,nan,nan,nan,0.82575,0.16610000000000003,nan,nan,nan,nan
955,0.6451612903225806,808.0,707.0,88.0,0.8755304101838756,64.0,0.0,580.5721029543888,nan,nan,nan,nan,nan,0.8264583333333333,0.16575,nan,nan,nan,nan
956,0.6347554630593132,794.0,683.0,74.0,0.8916544655929722,63.0,0.0,575.2612884936336,nan,nan,nan,nan,nan,0.8271666666666666,0.16540000000000005,nan,nan,nan,nan
957,0.6493236212278877,807.0,701.0,78.0,0.8887303851640513,64.0,0.0,587.7436667761814,nan,nan,nan,nan,nan,0.827875,0.16505000000000003,nan,nan,nan,nan
958,0.6482830385015609,821.0,704.0,82.0,0.8835227272727273,62.0,0.0,585.005477044108,nan,nan,nan,nan,nan,0.8285833333333333,0.1647,nan,nan,nan,nan
959,0.63579604578564,796.0,670.0,60.0,0.9104477611940298,63.0,0.0,580.1188325705542,nan,nan,nan,nan,nan,0.8292916666666666,0.16435000000000005,nan,nan,nan,nan
960,0.6462018730489074,796.0,690.0,70.0,0.8985507246376812,63.0,0.0,587.651082252502,45.563694874445595,-0.0032599899374569454,90.08390061060588,3.491570015748342,0.001557740678739113,0.8300000000000001,0.16400000000000003,nan,nan,nan,nan
961,0.6524453694068678,801.0,687.0,61.0,0.9112081513828238,64.0,0.0,595.8197048397074,nan,nan,nan,nan,nan,0.8307083333333333,0.16365000000000002,nan,nan,nan,nan
962,0.6399583766909469,804.0,692.0,78.0,0.8872832369942196,62.0,0.0,579.2450694184315,nan,nan,nan,nan,nan,0.8314166666666667,0.16330000000000006,nan,nan,nan,nan
963,0.6555671175858481,817.0,706.0,77.0,0.8909348441926346,60.0,0.0,594.9146630010598,nan,nan,nan,nan,nan,0.832125,0.16295000000000004,nan,nan,nan,nan
964,0.6534859521331946,798.0,692.0,65.0,0.9060693641618497,64.0,0.0,595.4594507951741,nan,nan,nan,nan,nan,0.8328333333333333,0.16260000000000002,nan,nan,nan,nan
965,0.663891779396462,820.0,711.0,74.0,0.8959212376933896,63.0,0.0,603.4270815353392,nan,nan,nan,nan,nan,0.8335416666666667,0.16225,nan,nan,nan,nan
966,0.6337148803329865,784.0,676.0,68.0,0.8994082840236687,61.0,0.0,576.6030178823474,nan,nan,nan,nan,nan,0.83425,0.16190000000000004,nan,nan,nan,nan
967,0.6222684703433923,773.0,658.0,61.0,0.9072948328267477,62.0,0.0,567.5853337621695,nan,nan,nan,nan,nan,0.8349583333333332,0.16155000000000003,nan,nan,nan,nan
968,0.6503642039542143,800.0,685.0,61.0,0.910948905109489,63.0,0.0,594.2843254022605,nan,nan,nan,nan,nan,0.8356666666666667,0.1612,nan,nan,nan,nan
969,0.6482830385015609,834.0,711.0,89.0,0.8748241912798875,61.0,0.0,583.5269008007064,nan,nan,nan,nan,nan,0.836375,0.16085000000000005,nan,nan,nan,nan
970,0.6378772112382934,790.0,680.0,68.0,0.9,60.0,0.0,580.8775055623065,nan,nan,nan,nan,nan,0.8370833333333334,0.16050000000000003,nan,nan,nan,nan
971,0.627471383975026,809.0,684.0,82.0,0.8801169590643275,63.0,0.0,565.4688773264907,nan,nan,nan,nan,nan,0.8377916666666667,0.16015000000000001,nan,nan,nan,nan
972,0.6285119667013528,800.0,682.0,79.0,0.8841642228739003,63.0,0.0,567.4402116284384,nan,nan,nan,nan,nan,0.8385,0.15980000000000005,nan,nan,nan,nan
973,0.6409989594172737,816.0,698.0,83.0,0.8810888252148997,62.0,0.0,578.2143701696399,nan,nan,nan,nan,nan,0.8392083333333333,0.15945000000000004,nan,nan,nan,nan
974,0.6534859521331946,823.0,707.0,80.0,0.8868458274398868,64.0,0.0,591.0818081445705,nan,nan,nan,nan,nan,0.8399166666666666,0.15910000000000002,nan,nan,nan,nan
975,0.6264308012486993,783.0,664.0,63.0,0.9051204819277109,64.0,0.0,570.0413573856371,nan,nan,nan,nan,nan,0.840625,0.15875,nan,nan,nan,nan
976,0.6420395421436004,803.0,691.0,75.0,0.8914616497829233,64.0,0.0,581.1008955135354,12.733723799387613,-0.002086928116720325,24.476407210032146,3.437512914339701,0.00037182168974444113,0.8413333333333334,0.15840000000000004,nan,nan,nan,nan
977,0.6378772112382934,794.0,681.0,69.0,0.8986784140969163,63.0,0.0,579.9312656741159,nan,nan,nan,nan,nan,0.8420416666666667,0.15805000000000002,nan,nan,nan,nan
978,0.6368366285119667,794.0,672.0,61.0,0.9092261904761905,63.0,0.0,580.6350464439411,nan,nan,nan,nan,nan,0.84275,0.1577,nan,nan,nan,nan
979,0.6503642039542143,809.0,690.0,66.0,0.9043478260869565,63.0,0.0,592.4246846666327,nan,nan,nan,nan,nan,0.8434583333333333,0.15735000000000005,nan,nan,nan,nan
980,0.6524453694068678,793.0,693.0,67.0,0.9033189033189033,61.0,0.0,594.9386390562047,nan,nan,nan,nan,nan,0.8441666666666666,0.15700000000000003,nan,nan,nan,nan
981,0.6181061394380853,775.0,666.0,73.0,0.8903903903903904,60.0,0.0,560.213620728971,nan,nan,nan,nan,nan,0.844875,0.15665,nan,nan,nan,nan
982,0.63579604578564,798.0,690.0,80.0,0.8840579710144928,64.0,0.0,574.0512940921797,nan,nan,nan,nan,nan,0.8455833333333334,0.15630000000000005,nan,nan,nan,nan
983,0.6420395421436004,769.0,673.0,57.0,0.9153046062407132,62.0,0.0,587.8602434611337,nan,nan,nan,nan,nan,0.8462916666666667,0.15595000000000003,nan,nan,nan,nan
984,0.6576482830385015,821.0,705.0,74.0,0.8950354609929078,63.0,0.0,597.1295298767099,nan,nan,nan,nan,nan,0.847,0.15560000000000002,nan,nan,nan,nan
985,0.6337148803329865,824.0,705.0,97.0,0.8624113475177305,64.0,0.0,566.2836851019874,nan,nan,nan,nan,nan,0.8477083333333333,0.15525,nan,nan,nan,nan
986,0.6399583766909469,795.0,680.0,66.0,0.9029411764705882,64.0,0.0,582.4009434394843,nan,nan,nan,nan,nan,0.8484166666666667,0.15490000000000004,nan,nan,nan,nan
987,0.6243496357960457,789.0,671.0,72.0,0.8926974664679582,61.0,0.0,565.8140659794827,nan,nan,nan,nan,nan,0.849125,0.15455000000000002,nan,nan,nan,nan
988,0.6462018730489074,784.0,679.0,59.0,0.9131075110456554,64.0,0.0,590.5311312966359,nan,nan,nan,nan,nan,0.8498333333333333,0.1542,nan,nan,nan,nan
989,0.6139438085327783,789.0,679.0,90.0,0.8674521354933726,64.0,0.0,549.8354909706143,nan,nan,nan,nan,nan,0.8505416666666668,0.15385000000000004,nan,nan,nan,nan
990,0.6409989594172737,819.0,695.0,80.0,0.8848920863309353,64.0,0.0,578.2275002603546,nan,nan,nan,nan,nan,0.85125,0.15350000000000003,nan,nan,nan,nan
991,0.6607700312174818,802.0,696.0,62.0,0.9109195402298851,63.0,0.0,603.9955157423014,nan,nan,nan,nan,nan,0.8519583333333333,0.15315,nan,nan,nan,nan
992,0.6368366285119667,807.0,689.0,78.0,0.8867924528301887,62.0,0.0,575.6376609711671,16.29176378250122,-0.0036655599639440575,31.62609402338664,3.4668638110160828,0.0009903903264785185,0.8526666666666667,0.15280000000000005,nan,nan,nan,nan
993,0.6566077003121749,805.0,680.0,50.0,0.9264705882352942,63.0,0.0,603.1718531689658,nan,nan,nan,nan,nan,0.853375,0.15245000000000003,nan,nan,nan,nan
994,0.6711758584807492,829.0,720.0,76.0,0.8944444444444445,62.0,0.0,609.8106530346876,nan,nan,nan,nan,nan,0.8540833333333334,0.1521,nan,nan,nan,nan
995,0.644120707596254,810.0,686.0,68.0,0.9008746355685131,64.0,0.0,585.3318858890542,nan,nan,nan,nan,nan,0.8547916666666667,0.15175,nan,nan,nan,nan
996,0.6430801248699272,792.0,682.0,65.0,0.9046920821114369,63.0,0.0,586.1113309412024,nan,nan,nan,nan,nan,0.8554999999999999,0.15140000000000003,nan,nan,nan,nan
997,0.6347554630593132,762.0,663.0,54.0,0.918552036199095,60.0,0.0,582.3312509698881,nan,nan,nan,nan,nan,0.8562083333333333,0.15105000000000002,nan,nan,nan,nan
998,0.6420395421436004,801.0,700.0,84.0,0.88,63.0,0.0,579.0675089392673,nan,nan,nan,nan,nan,0.8569166666666667,0.1507,nan,nan,nan,nan
999,0.6201873048907388,788.0,668.0,73.0,0.8907185628742516,62.0,0.0,561.667315745832,nan,nan,nan,nan,nan,0.857625,0.15035000000000004,nan,nan,nan,nan
1000,0.6305931321540063,797.0,688.0,83.0,0.8793604651162791,62.0,0.0,568.6282231149675,nan,nan,nan,nan,nan,0.8583333333333334,0.15,0.654089490114464,0.63579604578564,0.9300093004894248,0.0
1001,0.6253902185223725,801.0,675.0,75.0,0.8888888888888888,63.0,0.0,565.5230473103526,nan,nan,nan,nan,nan,0.8590416666666666,0.15,nan,nan,nan,nan
1002,0.6462018730489074,807.0,696.0,76.0,0.8908045977011494,62.0,0.0,585.8551184372903,nan,nan,nan,nan,nan,0.85975,0.15,nan,nan,nan,nan
1003,0.6493236212278877,794.0,670.0,47.0,0.9298507462686567,61.0,0.0,597.7741527152072,nan,nan,nan,nan,nan,0.8604583333333333,0.15,nan,nan,nan,nan
1004,0.6503642039542143,813.0,697.0,73.0,0.8952654232424677,63.0,0.0,590.4726454391482,nan,nan,nan,nan,nan,0.8611666666666666,0.15,nan,nan,nan,nan
1005,0.6243496357960457,785.0,662.0,63.0,0.904833836858006,61.0,0.0,569.147313526633,nan,nan,nan,nan,nan,0.8618750000000001,0.15,nan,nan,nan,nan
1006,0.6555671175858481,831.0,705.0,76.0,0.8921985815602836,63.0,0.0,594.2332740077961,nan,nan,nan,nan,nan,0.8625833333333334,0.15,nan,nan,nan,nan
1007,0.6576482830385015,814.0,691.0,60.0,0.9131693198263386,64.0,0.0,600.7205875277538,nan,nan,nan,nan,nan,0.8632916666666667,0.15,nan,nan,nan,nan
1008,0.6347554630593132,779.0,667.0,58.0,0.9130434782608695,62.0,0.0,580.2482776908894,13.505887985229492,0.0005010042029122511,26.041491508483887,3.5521040757497153,0.0002880449465010315,0.864,0.15,nan,nan,nan,nan
1009,0.6409989594172737,791.0,688.0,73.0,0.8938953488372093,62.0,0.0,581.8009501738558,nan,nan,nan,nan,nan,0.8647083333333333,0.15,nan,nan,nan,nan
1010,0.6753381893860562,818.0,713.0,65.0,0.908835904628331,63.0,0.0,617.0249754071231,nan,nan,nan,nan,nan,0.8654166666666667,0.15,nan,nan,nan,nan
1011,0.6264308012486993,788.0,671.0,70.0,0.8956780923994039,63.0,0.0,568.1335106196409,nan,nan,nan,nan,nan,0.866125,0.15,nan,nan,nan,nan
1012,0.6139438085327783,760.0,654.0,65.0,0.900611620795107,61.0,0.0,558.870646956921,nan,nan,nan,nan,nan,0.8668333333333333,0.15,nan,nan,nan,nan
1013,0.6576482830385015,810.0,693.0,62.0,0.9105339105339105,64.0,0.0,600.5825386571873,nan,nan,nan,nan,nan,0.8675416666666667,0.15,nan,nan,nan,nan
1014,0.6389177939646202,786.0,682.0,69.0,0.8988269794721407,61.0,0.0,581.4835312795645,nan,nan,nan,nan,nan,0.86825,0.15,nan,nan,nan,nan
1015,0.6170655567117586,755.0,660.0,68.0,0.896969696969697,61.0,0.0,560.5980090641988,nan,nan,nan,nan,nan,0.8689583333333333,0.15,nan,nan,nan,nan
1016,0.6690946930280958,816.0,705.0,63.0,0.9106382978723404,63.0,0.0,611.3252235469805,nan,nan,nan,nan,nan,0.8696666666666667,0.15,nan,nan,nan,nan
1017,0.6607700312174818,807.0,700.0,66.0,0.9057142857142857,63.0,0.0,602.8558348150253,nan,nan,nan,nan,nan,0.870375,0.15,nan,nan,nan,nan
1018,0.6430801248699272,815.0,696.0,79.0,0.8864942528735632,62.0,0.0,581.7605168170934,nan,nan,nan,nan,nan,0.8710833333333334,0.15,nan,nan,nan,nan
1019,0.63579604578564,807.0,688.0,78.0,0.8866279069767442,63.0,0.0,574.6028465037347,nan,nan,nan,nan,nan,0.8717916666666666,0.15,nan,nan,nan,nan
1020,0.6482830385015609,807.0,696.0,74.0,0.8936781609195402,61.0,0.0,588.3095486736304,nan,nan,nan,nan,nan,0.8724999999999999,0.15,nan,nan,nan,nan
1021,0.6087408949011447,776.0,650.0,66.0,0.8984615384615384,62.0,0.0,552.8255356197384,nan,nan,nan,nan,nan,0.8732083333333334,0.15,nan,nan,nan,nan
1022,0.6462018730489074,811.0,695.0,75.0,0.8920863309352518,64.0,0.0,585.6049844684618,nan,nan,nan,nan,nan,0.8739166666666667,0.15,nan,nan,nan,nan
1023,0.6378772112382934,810.0,691.0,79.0,0.8856729377713459,64.0,0.0,576.0006031703962,nan,nan,nan,nan,nan,0.874625,0.15,nan,nan,nan,nan
1024,0.63579604578564,786.0,675.0,65.0,0.9037037037037037,61.0,0.0,579.813336965084,12.887185096740723,-0.006420672289095819,24.840774218241375,3.470368425051371,0.0003363582460830609,0.8753333333333334,0.15,nan,nan,nan,nan
1025,0.6493236212278877,793.0,683.0,60.0,0.9121522693997072,63.0,0.0,593.450563963415,nan,nan,nan,nan,nan,0.8760416666666666,0.15,nan,nan,nan,nan
1026,0.6576482830385015,808.0,694.0,63.0,0.909221902017291,64.0,0.0,600.1598438577635,nan,nan,nan,nan,nan,0.87675,0.15,nan,nan,nan,nan
1027,0.6555671175858481,825.0,710.0,81.0,0.8859154929577465,63.0,0.0,592.6244423046132,nan,nan,nan,nan,nan,0.8774583333333333,0.15,nan,nan,nan,nan
1028,0.6264308012486993,777.0,667.0,66.0,0.9010494752623688,59.0,0.0,571.2774798975015,nan,nan,nan,nan,nan,0.8781666666666667,0.15,nan,nan,nan,nan
1029,0.5983350676378772,777.0,659.0,85.0,0.8710166919575114,60.0,0.0,536.8775976419465,nan,nan,nan,nan,nan,0.8788750000000001,0.15,nan,nan,nan,nan
1030,0.6482830385015609,784.0,670.0,48.0,0.9283582089552239,61.0,0.0,596.8586810789124,nan,nan,nan,nan,nan,0.8795833333333333,0.15,nan,nan,nan,nan
1031,0.6378772112382934,788.0,672.0,60.0,0.9107142857142857,61.0,0.0,582.9605032382012,nan,nan,nan,nan,nan,0.8802916666666667,0.15,nan,nan,nan,nan
1032,0.6493236212278877,794.0,684.0,61.0,0.9108187134502924,61.0,0.0,594.1763112850198,nan,nan,nan,nan,nan,0.881,0.15,nan,nan,nan,nan
1033,0.644120707596254,793.0,672.0,54.0,0.9196428571428571,62.0,0.0,590.4105170726775,nan,nan,nan,nan,nan,0.8817083333333333,0.15,nan,nan,nan,nan
1034,0.6514047866805411,806.0,688.0,63.0,0.9084302325581395,64.0,0.0,594.1372249779714,nan,nan,nan,nan,nan,0.8824166666666667,0.15,nan,nan,nan,nan
1035,0.6576482830385015,814.0,702.0,71.0,0.8988603988603988,64.0,0.0,597.823822977544,nan,nan,nan,nan,nan,0.883125,0.15,nan,nan,nan,nan
1036,0.6378772112382934,818.0,693.0,81.0,0.8831168831168831,63.0,0.0,575.2119559540755,nan,nan,nan,nan,nan,0.8838333333333332,0.15,nan,nan,nan,nan
1037,0.6389177939646202,815.0,691.0,78.0,0.8871201157742402,63.0,0.0,577.9259913363468,nan,nan,nan,nan,nan,0.8845416666666667,0.15,nan,nan,nan,nan
1038,0.6545265348595213,792.0,691.0,63.0,0.9088277858176556,63.0,0.0,597.7715895299932,nan,nan,nan,nan,nan,0.88525,0.15,nan,nan,nan,nan
1039,0.6305931321540063,772.0,662.0,57.0,0.9138972809667674,61.0,0.0,577.172040669441,nan,nan,nan,nan,nan,0.8859583333333333,0.15,nan,nan,nan,nan
1040,0.6503642039542143,768.0,679.0,55.0,0.9189985272459499,61.0,0.0,597.2711656255741,13.146049976348877,-0.005414829744646947,25.359910011291504,3.4570743640263877,0.00023170124162182523,0.8866666666666667,0.15,nan,nan,nan,nan
1041,0.6555671175858481,807.0,702.0,73.0,0.896011396011396,62.0,0.0,595.7099046931272,nan,nan,nan,nan,nan,0.887375,0.15,nan,nan,nan,nan
1042,0.6482830385015609,813.0,695.0,73.0,0.8949640287769784,64.0,0.0,587.8153583908096,nan,nan,nan,nan,nan,0.8880833333333333,0.15,nan,nan,nan,nan
1043,0.6524453694068678,807.0,692.0,66.0,0.9046242774566474,63.0,0.0,594.4967694230081,nan,nan,nan,nan,nan,0.8887916666666666,0.15,nan,nan,nan,nan
1044,0.6514047866805411,802.0,691.0,66.0,0.9044862518089725,62.0,0.0,593.9391500277538,nan,nan,nan,nan,nan,0.8895,0.15,nan,nan,nan,nan
1045,0.644120707596254,801.0,695.0,77.0,0.8892086330935252,62.0,0.0,583.6007277016649,nan,nan,nan,nan,nan,0.8902083333333334,0.15,nan,nan,nan,nan
1046,0.6649323621227887,803.0,697.0,59.0,0.9153515064562411,64.0,0.0,608.4369868469231,nan,nan,nan,nan,nan,0.8909166666666667,0.15,nan,nan,nan,nan
1047,0.644120707596254,797.0,680.0,62.0,0.9088235294117647,64.0,0.0,587.3610708241459,nan,nan,nan,nan,nan,0.891625,0.15,nan,nan,nan,nan
1048,0.6451612903225806,806.0,688.0,69.0,0.8997093023255814,63.0,0.0,586.7933120784772,nan,nan,nan,nan,nan,0.8923333333333333,0.15,nan,nan,nan,nan
1049,0.6409989594172737,808.0,686.0,71.0,0.8965014577259475,63.0,0.0,581.5351829152139,nan,nan,nan,nan,nan,0.8930416666666666,0.15,nan,nan,nan,nan
1050,0.631633714880333,802.0,688.0,82.0,0.8808139534883721,64.0,0.0,569.0091171703363,nan,nan,nan,nan,nan,0.89375,0.15,nan,nan,nan,nan
1051,0.644120707596254,817.0,694.0,76.0,0.8904899135446686,63.0,0.0,583.2669735870373,nan,nan,nan,nan,nan,0.8944583333333334,0.15,nan,nan,nan,nan
1052,0.6555671175858481,803.0,695.0,66.0,0.9050359712230216,62.0,0.0,598.1668070712084,nan,nan,nan,nan,nan,0.8951666666666667,0.15,nan,nan,nan,nan
1053,0.6378772112382934,789.0,681.0,69.0,0.8986784140969163,60.0,0.0,580.5434010272023,nan,nan,nan,nan,nan,0.895875,0.15,nan,nan,nan,nan
1054,0.6389177939646202,792.0,682.0,69.0,0.8988269794721407,64.0,0.0,580.3737013993272,nan,nan,nan,nan,nan,0.8965833333333333,0.15,nan,nan,nan,nan
1055,0.6493236212278877,811.0,699.0,76.0,0.8912732474964234,64.0,0.0,588.3708996286405,nan,nan,nan,nan,nan,0.8972916666666667,0.15,nan,nan,nan,nan
1056,0.6305931321540063,783.0,667.0,62.0,0.9070464767616192,62.0,0.0,575.0841062469498,12.368508696556091,0.00033746946913500625,23.797801574071247,3.4426971077919006,0.00022368460183012454,0.898,0.15,nan,nan,nan,nan
1057,0.6181061394380853,774.0,663.0,70.0,0.8944193061840121,61.0,0.0,561.4021931080835,nan,nan,nan,nan,nan,0.8987083333333333,0.15,nan,nan,nan,nan
1058,0.6409989594172737,807.0,682.0,67.0,0.9017595307917888,63.0,0.0,583.045544548513,nan,nan,nan,nan,nan,0.8994166666666668,0.15,nan,nan,nan,nan
1059,0.6378772112382934,778.0,662.0,50.0,0.9244712990936556,64.0,0.0,584.8258496036525,nan,nan,nan,nan,nan,0.900125,0.15,nan,nan,nan,nan
1060,0.6097814776274714,756.0,659.0,74.0,0.8877086494688923,60.0,0.0,552.5096719417593,nan,nan,nan,nan,nan,0.9008333333333333,0.15,nan,nan,nan,nan
1061,0.6347554630593132,783.0,674.0,65.0,0.9035608308605341,61.0,0.0,578.5116290493008,nan,nan,nan,nan,nan,0.9015416666666667,0.15,nan,nan,nan,nan
1062,0.6576482830385015,821.0,700.0,69.0,0.9014285714285715,64.0,0.0,597.8920640220656,nan,nan,nan,nan,nan,0.90225,0.15,nan,nan,nan,nan
1063,0.6170655567117586,765.0,659.0,67.0,0.8983308042488619,61.0,0.0,561.073141806603,nan,nan,nan,nan,nan,0.9029583333333333,0.15,nan,nan,nan,nan
1064,0.668054110301769,801.0,688.0,47.0,0.9316860465116279,63.0,0.0,615.5465373935726,nan,nan,nan,nan,nan,0.9036666666666667,0.15,nan,nan,nan,nan
1065,0.6305931321540063,799.0,673.0,68.0,0.8989598811292719,62.0,0.0,572.9381892142304,nan,nan,nan,nan,nan,0.9043749999999999,0.15,nan,nan,nan,nan
1066,0.6399583766909469,783.0,680.0,66.0,0.9029411764705882,62.0,0.0,583.4012659754766,nan,nan,nan,nan,nan,0.9050833333333334,0.15,nan,nan,nan,nan
1067,0.627471383975026,793.0,680.0,78.0,0.8852941176470588,63.0,0.0,566.953245100499,nan,nan,nan,nan,nan,0.9057916666666667,0.15,nan,nan,nan,nan
1068,0.6347554630593132,805.0,680.0,71.0,0.8955882352941177,63.0,0.0,575.6959071359647,nan,nan,nan,nan,nan,0.9065,0.15,nan,nan,nan,nan
1069,0.619146722164412,769.0,659.0,65.0,0.9013657056145675,62.0,0.0,562.7151922750485,nan,nan,nan,nan,nan,0.9072083333333334,0.15,nan,nan,nan,nan
1070,0.6170655567117586,788.0,681.0,89.0,0.869309838472834,62.0,0.0,553.618405717373,nan,nan,nan,nan,nan,0.9079166666666667,0.15,nan,nan,nan,nan
1071,0.6409989594172737,778.0,678.0,63.0,0.9070796460176991,61.0,0.0,585.6429750452047,nan,nan,nan,nan,nan,0.908625,0.15,nan,nan,nan,nan
1072,0.6628511966701353,822.0,701.0,65.0,0.9072753209700428,63.0,0.0,604.7056822533616,13.027366797129313,-0.0012839688764264186,25.099957307179768,3.5091439485549927,0.00037518412015439634,0.9093333333333333,0.15,nan,nan,nan,nan
1073,0.627471383975026,802.0,700.0,98.0,0.86,64.0,0.0,560.1521012477898,nan,nan,nan,nan,nan,0.9100416666666666,0.15,nan,nan,nan,nan
1074,0.6285119667013528,772.0,669.0,66.0,0.9013452914798207,64.0,0.0,571.3781437869093,nan,nan,nan,nan,nan,0.9107500000000001,0.15,nan,nan,nan,nan
1075,0.6399583766909469,817.0,689.0,75.0,0.8911465892597968,63.0,0.0,579.5233206219674,nan,nan,nan,nan,nan,0.9114583333333334,0.15,nan,nan,nan,nan
1076,0.6430801248699272,802.0,683.0,66.0,0.9033674963396779,64.0,0.0,585.0297820472713,nan,nan,nan,nan,nan,0.9121666666666666,0.15,nan,nan,nan,nan
1077,0.6472424557752341,809.0,696.0,75.0,0.8922413793103449,63.0,0.0,586.2142537970548,nan,nan,nan,nan,nan,0.912875,0.15,nan,nan,nan,nan
1078,0.6285119667013528,772.0,676.0,73.0,0.8920118343195266,62.0,0.0,570.4286151027687,nan,nan,nan,nan,nan,0.9135833333333333,0.15,nan,nan,nan,nan
1079,0.6514047866805411,819.0,700.0,75.0,0.8928571428571429,64.0,0.0,590.3406853904739,nan,nan,nan,nan,nan,0.9142916666666667,0.15,nan,nan,nan,nan
1080,0.6628511966701353,817.0,703.0,67.0,0.9046941678520626,64.0,0.0,603.6190606498715,nan,nan,nan,nan,nan,0.915,0.15,nan,nan,nan,nan
1081,0.6409989594172737,790.0,679.0,64.0,0.9057437407952872,63.0,0.0,583.83833494854,nan,nan,nan,nan,nan,0.9157083333333333,0.15,nan,nan,nan,nan
1082,0.6514047866805411,801.0,681.0,56.0,0.9177679882525698,63.0,0.0,596.5056058893202,nan,nan,nan,nan,nan,0.9164166666666667,0.15,nan,nan,nan,nan
1083,0.6607700312174818,786.0,684.0,50.0,0.9269005847953217,62.0,0.0,608.1198863916395,nan,nan,nan,nan,nan,0.917125,0.15,nan,nan,nan,nan
1084,0.6399583766909469,799.0,683.0,69.0,0.8989751098096632,63.0,0.0,581.627363921168,nan,nan,nan,nan,nan,0.9178333333333333,0.15,nan,nan,nan,nan
1085,0.6462018730489074,808.0,698.0,78.0,0.8882521489971347,62.0,0.0,585.0175894060135,nan,nan,nan,nan,nan,0.9185416666666667,0.15,nan,nan,nan,nan
1086,0.6534859521331946,815.0,692.0,65.0,0.9060693641618497,62.0,0.0,595.5575611033445,nan,nan,nan,nan,nan,0.91925,0.15,nan,nan,nan,nan
1087,0.6451612903225806,819.0,699.0,80.0,0.8855507868383404,60.0,0.0,583.7086636567122,nan,nan,nan,nan,nan,0.9199583333333333,0.15,nan,nan,nan,nan
1088,0.6472424557752341,803.0,704.0,83.0,0.8821022727272727,64.0,0.0,584.3417040858271,12.483233054478964,-0.0011404852848500013,24.029359579086304,3.4427316586176553,0.00025355813098334085,0.9206666666666666,0.15,nan,nan,nan,nan
1089,0.6576482830385015,808.0,698.0,67.0,0.9040114613180515,63.0,0.0,599.3504028944972,nan,nan,nan,nan,nan,0.9213749999999999,0.15,nan,nan,nan,nan
1090,0.6472424557752341,818.0,701.0,80.0,0.8858773181169758,63.0,0.0,585.2972288064965,nan,nan,nan,nan,nan,0.9220833333333334,0.15,nan,nan,nan,nan
1091,0.6160249739854319,775.0,663.0,72.0,0.8914027149321267,61.0,0.0,558.1299071369186,nan,nan,nan,nan,nan,0.9227916666666667,0.15,nan,nan,nan,nan
1092,0.6253902185223725,811.0,683.0,83.0,0.8784773060029283,62.0,0.0,562.5411625905056,nan,nan,nan,nan,nan,0.9235,0.15,nan,nan,nan,nan
1093,0.6586888657648283,803.0,682.0,50.0,0.9266862170087976,60.0,0.0,605.3876717309948,nan,nan,nan,nan,nan,0.9242083333333334,0.15,nan,nan,nan,nan
1094,0.6482830385015609,828.0,706.0,84.0,0.8810198300283286,63.0,0.0,584.8300255975744,nan,nan,nan,nan,nan,0.9249166666666666,0.15,nan,nan,nan,nan
1095,0.644120707596254,789.0,676.0,58.0,0.9142011834319527,61.0,0.0,589.6492108368881,nan,nan,nan,nan,nan,0.925625,0.15,nan,nan,nan,nan
1096,0.6420395421436004,783.0,678.0,62.0,0.9085545722713865,63.0,0.0,585.850503736496,nan,nan,nan,nan,nan,0.9263333333333333,0.15,nan,nan,nan,nan
1097,0.6524453694068678,800.0,693.0,67.0,0.9033189033189033,63.0,0.0,594.5607348556522,nan,nan,nan,nan,nan,0.9270416666666667,0.15,nan,nan,nan,nan
1098,0.6482830385015609,805.0,696.0,74.0,0.8936781609195402,63.0,0.0,588.33303264475,nan,nan,nan,nan,nan,0.9277500000000001,0.15,nan,nan,nan,nan
1099,0.6566077003121749,809.0,698.0,68.0,0.9025787965616046,62.0,0.0,598.2386651420603,nan,nan,nan,nan,nan,0.9284583333333334,0.15,nan,nan,nan,nan
1100,0.6409989594172737,797.0,676.0,61.0,0.9097633136094675,63.0,0.0,584.8265459198965,nan,nan,nan,nan,nan,0.9291666666666666,0.15,0.6530697190426639,0.6347554630593132,0.929963561704125,0.0
1101,0.6285119667013528,789.0,680.0,77.0,0.8867647058823529,62.0,0.0,568.3444139504458,nan,nan,nan,nan,nan,0.929875,0.15,nan,nan,nan,nan
1102,0.6326742976066597,820.0,697.0,90.0,0.8708751793400287,62.0,0.0,568.6218331069965,nan,nan,nan,nan,nan,0.9305833333333333,0.15,nan,nan,nan,nan
1103,0.6534859521331946,822.0,703.0,76.0,0.8918918918918919,63.0,0.0,592.4374592828746,nan,nan,nan,nan,nan,0.9312916666666667,0.15,nan,nan,nan,nan
1104,0.6524453694068678,795.0,696.0,70.0,0.8994252873563219,62.0,0.0,593.7565688037864,12.114018360773722,-0.00344844915283223,23.26775074005127,3.5428744753201804,0.0009068802246474661,0.932,0.15,nan,nan,nan,nan
1105,0.6326742976066597,796.0,675.0,68.0,0.8992592592592593,64.0,0.0,574.4129795184148,nan,nan,nan,nan,nan,0.9327083333333333,0.15,nan,nan,nan,nan
1106,0.6576482830385015,824.0,709.0,78.0,0.8899858956276445,63.0,0.0,596.0265454282753,nan,nan,nan,nan,nan,0.9334166666666667,0.15,nan,nan,nan,nan
1107,0.6222684703433923,785.0,664.0,67.0,0.8990963855421686,63.0,0.0,565.1556667175305,nan,nan,nan,nan,nan,0.934125,0.15,nan,nan,nan,nan
1108,0.6555671175858481,831.0,699.0,70.0,0.899856938483548,63.0,0.0,596.2304224939365,nan,nan,nan,nan,nan,0.9348333333333333,0.15,nan,nan,nan,nan
1109,0.6711758584807492,825.0,712.0,68.0,0.9044943820224719,64.0,0.0,611.6323880043032,nan,nan,nan,nan,nan,0.9355416666666667,0.15,nan,nan,nan,nan
1110,0.6534859521331946,812.0,718.0,91.0,0.8732590529247911,63.0,0.0,588.1372468199723,nan,nan,nan,nan,nan,0.93625,0.15,nan,nan,nan,nan
1111,0.6264308012486993,803.0,679.0,78.0,0.8851251840942562,62.0,0.0,566.0045643315319,nan,nan,nan,nan,nan,0.9369583333333333,0.15,nan,nan,nan,nan
1112,0.6004162330905307,741.0,636.0,60.0,0.9056603773584906,58.0,0.0,548.2089245023739,nan,nan,nan,nan,nan,0.9376666666666666,0.15,nan,nan,nan,nan
1113,0.6628511966701353,809.0,700.0,64.0,0.9085714285714286,62.0,0.0,605.5515466771125,nan,nan,nan,nan,nan,0.938375,0.15,nan,nan,nan,nan
1114,0.6201873048907388,795.0,681.0,86.0,0.8737151248164464,63.0,0.0,557.1387075109491,nan,nan,nan,nan,nan,0.9390833333333334,0.15,nan,nan,nan,nan
1115,0.6420395421436004,803.0,689.0,73.0,0.8940493468795355,63.0,0.0,582.3172013707182,nan,nan,nan,nan,nan,0.9397916666666667,0.15,nan,nan,nan,nan
1116,0.6389177939646202,809.0,692.0,79.0,0.8858381502890174,63.0,0.0,577.2891949515359,nan,nan,nan,nan,nan,0.9405,0.15,nan,nan,nan,nan
1117,0.63579604578564,796.0,681.0,71.0,0.895741556534508,62.0,0.0,577.2658245468153,nan,nan,nan,nan,nan,0.9412083333333333,0.15,nan,nan,nan,nan
1118,0.6420395421436004,805.0,688.0,72.0,0.8953488372093024,64.0,0.0,581.4854228024494,nan,nan,nan,nan,nan,0.9419166666666666,0.15,nan,nan,nan,nan
1119,0.6430801248699272,802.0,679.0,62.0,0.9086892488954345,62.0,0.0,586.7984631514547,nan,nan,nan,nan,nan,0.942625,0.15,nan,nan,nan,nan
1120,0.6493236212278877,801.0,687.0,64.0,0.9068413391557496,64.0,0.0,591.7635447459218,11.912864208221436,0.0007094487858315309,22.886700471242268,3.4382924834887185,0.0002841185262999109,0.9433333333333334,0.15,nan,nan,nan,nan
1121,0.6347554630593132,778.0,672.0,63.0,0.90625,63.0,0.0,578.5447063617734,nan,nan,nan,nan,nan,0.9440416666666667,0.15,nan,nan,nan,nan
1122,0.6545265348595213,805.0,680.0,52.0,0.9235294117647059,62.0,0.0,601.1087301564206,nan,nan,nan,nan,nan,0.9447500000000001,0.15,nan,nan,nan,nan
1123,0.6233090530697191,785.0,667.0,69.0,0.896551724137931,61.0,0.0,566.2501489076626,nan,nan,nan,nan,nan,0.9454583333333333,0.15,nan,nan,nan,nan
1124,0.6295525494276795,814.0,694.0,90.0,0.8703170028818443,63.0,0.0,565.1404048199679,nan,nan,nan,nan,nan,0.9461666666666666,0.15,nan,nan,nan,nan
1125,0.6555671175858481,814.0,691.0,62.0,0.91027496382055,64.0,0.0,598.1219075121879,nan,nan,nan,nan,nan,0.946875,0.15,nan,nan,nan,nan
1126,0.6389177939646202,779.0,676.0,63.0,0.9068047337278107,62.0,0.0,583.0603145771048,nan,nan,nan,nan,nan,0.9475833333333333,0.15,nan,nan,nan,nan
1127,0.6337148803329865,787.0,678.0,70.0,0.8967551622418879,61.0,0.0,576.1439049425139,nan,nan,nan,nan,nan,0.9482916666666668,0.15,nan,nan,nan,nan
1128,0.6430801248699272,798.0,687.0,70.0,0.8981077147016011,62.0,0.0,584.3399330687524,nan,nan,nan,nan,nan,0.949,0.15,nan,nan,nan,nan
1129,0.659729448491155,809.0,699.0,66.0,0.9055793991416309,63.0,0.0,601.3740975661267,nan,nan,nan,nan,nan,0.9497083333333333,0.15,nan,nan,nan,nan
1130,0.6472424557752341,816.0,695.0,74.0,0.8935251798561151,63.0,0.0,587.166490470888,nan,nan,nan,nan,nan,0.9504166666666667,0.15,nan,nan,nan,nan
1131,0.6534859521331946,817.0,697.0,70.0,0.8995695839311334,64.0,0.0,593.6699256653801,nan,nan,nan,nan,nan,0.951125,0.15,nan,nan,nan,nan
1132,0.6576482830385015,837.0,700.0,69.0,0.9014285714285715,64.0,0.0,597.9118874444969,nan,nan,nan,nan,nan,0.9518333333333333,0.15,nan,nan,nan,nan
1133,0.6305931321540063,796.0,668.0,63.0,0.905688622754491,62.0,0.0,574.6035052666664,nan,nan,nan,nan,nan,0.9525416666666667,0.15,nan,nan,nan,nan
1134,0.6607700312174818,801.0,704.0,70.0,0.9005681818181818,63.0,0.0,601.8075569343575,nan,nan,nan,nan,nan,0.9532499999999999,0.15,nan,nan,nan,nan
1135,0.6566077003121749,814.0,702.0,72.0,0.8974358974358975,64.0,0.0,596.44136029339,nan,nan,nan,nan,nan,0.9539583333333334,0.15,nan,nan,nan,nan
1136,0.6201873048907388,783.0,667.0,72.0,0.8920539730134932,63.0,0.0,561.6858696961423,11.871759295463562,-0.0007377721291656295,22.804428815841675,3.4468867977460227,0.0003395737415606466,0.9546666666666667,0.15,nan,nan,nan,nan
1137,0.6430801248699272,821.0,698.0,81.0,0.8839541547277937,62.0,0.0,580.8211093153972,nan,nan,nan,nan,nan,0.955375,0.15,nan,nan,nan,nan
1138,0.6420395421436004,803.0,689.0,73.0,0.8940493468795355,62.0,0.0,582.6554018893247,nan,nan,nan,nan,nan,0.9560833333333334,0.15,nan,nan,nan,nan
1139,0.6378772112382934,806.0,684.0,72.0,0.8947368421052632,63.0,0.0,577.8724893403066,nan,nan,nan,nan,nan,0.9567916666666667,0.15,nan,nan,nan,nan
1140,0.6347554630593132,795.0,669.0,60.0,0.9103139013452914,62.0,0.0,579.4124550251986,nan,nan,nan,nan,nan,0.9575,0.15,nan,nan,nan,nan
1141,0.6451612903225806,820.0,701.0,82.0,0.8830242510699001,62.0,0.0,583.0431935911182,nan,nan,nan,nan,nan,0.9582083333333333,0.15,nan,nan,nan,nan
1142,0.6451612903225806,761.0,668.0,49.0,0.9266467065868264,61.0,0.0,593.8718606047632,nan,nan,nan,nan,nan,0.9589166666666666,0.15,nan,nan,nan,nan
1143,0.6243496357960457,781.0,660.0,61.0,0.9075757575757576,63.0,0.0,569.1667306871426,nan,nan,nan,nan,nan,0.9596250000000001,0.15,nan,nan,nan,nan
1144,0.6628511966701353,801.0,681.0,45.0,0.933920704845815,61.0,0.0,611.659005004406,nan,nan,nan,nan,nan,0.9603333333333334,0.15,nan,nan,nan,nan
1145,0.6160249739854319,773.0,656.0,65.0,0.9009146341463414,61.0,0.0,560.2490210251818,nan,nan,nan,nan,nan,0.9610416666666667,0.15,nan,nan,nan,nan
1146,0.6555671175858481,791.0,691.0,62.0,0.91027496382055,61.0,0.0,599.7808683595656,nan,nan,nan,nan,nan,0.96175,0.15,nan,nan,nan,nan
1147,0.631633714880333,783.0,668.0,62.0,0.907185628742515,63.0,0.0,575.8025518798858,nan,nan,nan,nan,nan,0.9624583333333333,0.15,nan,nan,nan,nan
1148,0.6493236212278877,818.0,703.0,80.0,0.8862019914651493,62.0,0.0,587.5210153226866,nan,nan,nan,nan,nan,0.9631666666666666,0.15,nan,nan,nan,nan
1149,0.6472424557752341,786.0,686.0,65.0,0.9052478134110787,64.0,0.0,589.6249067926424,nan,nan,nan,nan,nan,0.963875,0.15,nan,nan,nan,nan
1150,0.6545265348595213,798.0,691.0,63.0,0.9088277858176556,63.0,0.0,597.402588892461,nan,nan,nan,nan,nan,0.9645833333333333,0.15,nan,nan,nan,nan
1151,0.6618106139438086,809.0,691.0,56.0,0.918958031837916,63.0,0.0,606.4711725025167,nan,nan,nan,nan,nan,0.9652916666666667,0.15,nan,nan,nan,nan
1152,0.6118626430801248,774.0,656.0,69.0,0.8948170731707317,62.0,0.0,554.815426704885,12.166975100835165,-0.0024706302598739662,23.39107624689738,3.4726005593935647,0.0005573452896593759,0.966,0.15,nan,nan,nan,nan
1153,0.6399583766909469,797.0,682.0,68.0,0.9002932551319648,63.0,0.0,581.7587396740932,nan,nan,nan,nan,nan,0.9667083333333333,0.15,nan,nan,nan,nan
1154,0.644120707596254,806.0,684.0,66.0,0.9035087719298246,64.0,0.0,585.9316633639353,nan,nan,nan,nan,nan,0.9674166666666667,0.15,nan,nan,nan,nan
1155,0.6462018730489074,821.0,696.0,76.0,0.8908045977011494,64.0,0.0,584.8820703287131,nan,nan,nan,nan,nan,0.968125,0.15,nan,nan,nan,nan
1156,0.6503642039542143,817.0,694.0,70.0,0.899135446685879,64.0,0.0,590.8800254921933,nan,nan,nan,nan,nan,0.9688333333333333,0.15,nan,nan,nan,nan
1157,0.659729448491155,804.0,695.0,62.0,0.9107913669064748,61.0,0.0,603.5615205268859,nan,nan,nan,nan,nan,0.9695416666666666,0.15,nan,nan,nan,nan
1158,0.6337148803329865,800.0,678.0,70.0,0.8967551622418879,64.0,0.0,574.8954084062583,nan,nan,nan,nan,nan,0.97025,0.15,nan,nan,nan,nan
1159,0.6409989594172737,795.0,680.0,65.0,0.9044117647058824,64.0,0.0,583.3475820884704,nan,nan,nan,nan,nan,0.9709583333333334,0.15,nan,nan,nan,nan
1160,0.6285119667013528,798.0,691.0,88.0,0.8726483357452967,61.0,0.0,564.9819631142637,nan,nan,nan,nan,nan,0.9716666666666667,0.15,nan,nan,nan,nan
1161,0.627471383975026,782.0,659.0,57.0,0.91350531107739,64.0,0.0,572.6209079184526,nan,nan,nan,nan,nan,0.972375,0.15,nan,nan,nan,nan
1162,0.6493236212278877,789.0,683.0,60.0,0.9121522693997072,61.0,0.0,593.6324604673388,nan,nan,nan,nan,nan,0.9730833333333334,0.15,nan,nan,nan,nan
1163,0.6389177939646202,791.0,671.0,58.0,0.9135618479880775,64.0,0.0,583.8354954209333,nan,nan,nan,nan,nan,0.9737916666666666,0.15,nan,nan,nan,nan
1164,0.6295525494276795,745.0,652.0,48.0,0.9263803680981595,60.0,0.0,579.531916108609,nan,nan,nan,nan,nan,0.9745,0.15,nan,nan,nan,nan
1165,0.6524453694068678,814.0,696.0,70.0,0.8994252873563219,63.0,0.0,593.0974732894903,nan,nan,nan,nan,nan,0.9752083333333333,0.15,nan,nan,nan,nan
1166,0.644120707596254,792.0,683.0,65.0,0.9048316251830161,62.0,0.0,587.1967645225537,nan,nan,nan,nan,nan,0.9759166666666667,0.15,nan,nan,nan,nan
1167,0.6711758584807492,800.0,704.0,60.0,0.9147727272727273,62.0,0.0,614.9628932771677,nan,nan,nan,nan,nan,0.9766250000000001,0.15,nan,nan,nan,nan
1168,0.619146722164412,786.0,675.0,81.0,0.88,61.0,0.0,558.9014968371399,10.808290640513102,-0.001931802718900144,20.681014855702717,3.446432650089264,0.00025580938139076653,0.9773333333333334,0.15,nan,nan,nan,nan
1169,0.644120707596254,818.0,686.0,68.0,0.9008746355685131,62.0,0.0,585.621737228394,nan,nan,nan,nan,nan,0.9780416666666666,0.15,nan,nan,nan,nan
1170,0.6389177939646202,771.0,678.0,65.0,0.9041297935103245,61.0,0.0,582.5563650698667,nan,nan,nan,nan,nan,0.97875,0.15,nan,nan,nan,nan
1171,0.6462018730489074,809.0,698.0,78.0,0.8882521489971347,64.0,0.0,584.1019844107639,nan,nan,nan,nan,nan,0.9794583333333333,0.15,nan,nan,nan,nan
1172,0.6670135275754423,824.0,707.0,67.0,0.9052333804809052,64.0,0.0,608.0247451543813,nan,nan,nan,nan,nan,0.9801666666666666,0.15,nan,nan,nan,nan
1173,0.6233090530697191,783.0,681.0,83.0,0.8781204111600588,64.0,0.0,561.203100593092,nan,nan,nan,nan,nan,0.980875,0.15,nan,nan,nan,nan
1174,0.6514047866805411,803.0,696.0,71.0,0.8979885057471264,63.0,0.0,591.5854635553359,nan,nan,nan,nan,nan,0.9815833333333334,0.15,nan,nan,nan,nan
1175,0.644120707596254,798.0,686.0,68.0,0.9008746355685131,63.0,0.0,586.1878471937196,nan,nan,nan,nan,nan,0.9822916666666667,0.15,nan,nan,nan,nan
1176,0.6566077003121749,816.0,708.0,78.0,0.8898305084745762,62.0,0.0,595.3505272235869,nan,nan,nan,nan,nan,0.983,0.15,nan,nan,nan,nan
1177,0.6253902185223725,767.0,659.0,59.0,0.9104704097116844,63.0,0.0,570.8313511013998,nan,nan,nan,nan,nan,0.9837083333333333,0.15,nan,nan,nan,nan
1178,0.5744016649323621,709.0,614.0,63.0,0.8973941368078175,58.0,0.0,522.787567491058,nan,nan,nan,nan,nan,0.9844166666666667,0.15,nan,nan,nan,nan
1179,0.6368366285119667,807.0,681.0,70.0,0.8972099853157122,62.0,0.0,577.8624444737446,nan,nan,nan,nan,nan,0.985125,0.15,nan,nan,nan,nan
1180,0.631633714880333,785.0,665.0,59.0,0.9112781954887218,62.0,0.0,576.8662976303104,nan,nan,nan,nan,nan,0.9858333333333333,0.15,nan,nan,nan,nan
1181,0.63579604578564,780.0,680.0,70.0,0.8970588235294118,60.0,0.0,578.6655295763031,nan,nan,nan,nan,nan,0.9865416666666667,0.15,nan,nan,nan,nan
1182,0.6534859521331946,795.0,694.0,67.0,0.9034582132564841,62.0,0.0,595.2884432930948,nan,nan,nan,nan,nan,0.98725,0.15,nan,nan,nan,nan
1183,0.631633714880333,789.0,678.0,72.0,0.8938053097345132,64.0,0.0,572.6229886965766,nan,nan,nan,nan,nan,0.9879583333333334,0.15,nan,nan,nan,nan
1184,0.6462018730489074,805.0,694.0,74.0,0.8933717579250721,63.0,0.0,586.2288748078358,10.670802275339762,-0.00030055269598960876,20.40608270963033,3.432538688182831,0.00023946886237051027,0.9886666666666667,0.15,nan,nan,nan,nan
1185,0.6305931321540063,779.0,675.0,70.0,0.8962962962962963,63.0,0.0,572.3825922827725,nan,nan,nan,nan,nan,0.989375,0.15,nan,nan,nan,nan
1186,0.631633714880333,797.0,678.0,72.0,0.8938053097345132,63.0,0.0,572.5220374641426,nan,nan,nan,nan,nan,0.9900833333333333,0.15,nan,nan,nan,nan
1187,0.6566077003121749,823.0,711.0,81.0,0.8860759493670886,63.0,0.0,593.922387279034,nan,nan,nan,nan,nan,0.9907916666666666,0.15,nan,nan,nan,nan
1188,0.6285119667013528,808.0,691.0,88.0,0.8726483357452967,63.0,0.0,564.5299180274017,nan,nan,nan,nan,nan,0.9915,0.15,nan,nan,nan,nan
1189,0.6389177939646202,797.0,685.0,72.0,0.8948905109489051,64.0,0.0,579.6007606587425,nan,nan,nan,nan,nan,0.9922083333333334,0.15,nan,nan,nan,nan
1190,0.6295525494276795,761.0,656.0,52.0,0.9207317073170732,59.0,0.0,578.6855982770936,nan,nan,nan,nan,nan,0.9929166666666667,0.15,nan,nan,nan,nan
1191,0.6295525494276795,765.0,668.0,64.0,0.9041916167664671,64.0,0.0,573.1481633114817,nan,nan,nan,nan,nan,0.9936250000000001,0.15,nan,nan,nan,nan
1192,0.5962539021852237,739.0,628.0,56.0,0.910828025477707,61.0,0.0,544.5406979722999,nan,nan,nan,nan,nan,0.9943333333333333,0.15,nan,nan,nan,nan
1193,0.63579604578564,803.0,686.0,76.0,0.8892128279883382,63.0,0.0,575.2858330311786,nan,nan,nan,nan,nan,0.9950416666666666,0.15,nan,nan,nan,nan
1194,0.6514047866805411,797.0,694.0,69.0,0.9005763688760807,64.0,0.0,592.6854828200355,nan,nan,nan,nan,nan,0.99575,0.15,nan,nan,nan,nan
1195,0.619146722164412,763.0,649.0,55.0,0.9152542372881356,61.0,0.0,566.7647794475575,nan,nan,nan,nan,nan,0.9964583333333333,0.15,nan,nan,nan,nan
1196,0.6534859521331946,812.0,693.0,66.0,0.9047619047619048,63.0,0.0,595.4405728001598,nan,nan,nan,nan,nan,0.9971666666666666,0.15,nan,nan,nan,nan
1197,0.6430801248699272,771.0,669.0,52.0,0.922272047832586,62.0,0.0,590.6106839656824,nan,nan,nan,nan,nan,0.9978750000000001,0.15,nan,nan,nan,nan
1198,0.6077003121748179,775.0,649.0,66.0,0.8983050847457628,62.0,0.0,550.381734239103,nan,nan,nan,nan,nan,0.9985833333333333,0.15,nan,nan,nan,nan
1199,0.6462018730489074,803.0,695.0,75.0,0.8920863309352518,64.0,0.0,585.6062524099342,nan,nan,nan,nan,nan,0.9992916666666667,0.15,nan,nan,nan,nan
1200,0.6326742976066597,770.0,664.0,57.0,0.9141566265060241,62.0,0.0,578.8942963814757,11.446362654368082,-0.003125277658303579,21.951005458831787,3.4724433620770774,0.0004673286912293406,1.0,0.15,0.6554006243496359,0.6353798126951092,0.9303049370477374,0.0
1201,0.6389177939646202,812.0,677.0,64.0,0.9054652880354506,64.0,0.0,581.5640122795113,nan,nan,nan,nan,nan,1.0,0.15,nan,nan,nan,nan
1202,0.6493236212278877,803.0,690.0,67.0,0.9028985507246376,64.0,0.0,590.8474879097942,nan,nan,nan,nan,nan,1.0,0.15,nan,nan,nan,nan
1203,0.631633714880333,785.0,679.0,73.0,0.8924889543446245,61.0,0.0,573.4188147444742,nan,nan,nan,nan,nan,1.0,0.15,nan,nan,nan,nan
1204,0.6378772112382934,799.0,668.0,56.0,0.9161676646706587,63.0,0.0,583.51542498684,nan,nan,nan,nan,nan,1.0,0.15,nan,nan,nan,nan
1205,0.6576482830385015,816.0,718.0,87.0,0.8788300835654597,63.0,0.0,592.9721333818441,nan,nan,nan,nan,nan,1.0,0.15,nan,nan,nan,nan
1206,0.644120707596254,804.0,692.0,74.0,0.8930635838150289,62.0,0.0,584.278264223577,nan,nan,nan,nan,nan,1.0,0.15,nan,nan,nan,nan
1207,0.6722164412070759,796.0,695.0,50.0,0.9280575539568345,64.0,0.0,618.2564723954193,nan,nan,nan,nan,nan,1.0,0.15,nan,nan,nan,nan
1208,0.6555671175858481,807.0,686.0,57.0,0.9169096209912536,64.0,0.0,599.7257017874733,nan,nan,nan,nan,nan,1.0,0.15,nan,nan,nan,nan
1209,0.6285119667013528,774.0,670.0,67.0,0.9,61.0,0.0,572.3045578484547,nan,nan,nan,nan,nan,1.0,0.15,nan,nan,nan,nan
1210,0.6524453694068678,811.0,693.0,67.0,0.9033189033189033,62.0,0.0,594.6101092500681,nan,nan,nan,nan,nan,1.0,0.15,nan,nan,nan,nan
1211,0.6472424557752341,804.0,687.0,66.0,0.9039301310043668,62.0,0.0,589.4387779145252,nan,nan,nan,nan,nan,1.0,0.15,nan,nan,nan,nan
1212,0.6462018730489074,788.0,691.0,71.0,0.8972503617945007,61.0,0.0,587.4931382589342,nan,nan,nan,nan,nan,1.0,0.15,nan,nan,nan,nan
1213,0.6545265348595213,808.0,700.0,72.0,0.8971428571428571,64.0,0.0,594.7205104212766,nan,nan,nan,nan,nan,1.0,0.15,nan,nan,nan,nan
1214,0.6514047866805411,813.0,698.0,73.0,0.8954154727793696,63.0,0.0,591.3169830231675,nan,nan,nan,nan,nan,1.0,0.15,nan,nan,nan,nan
1215,0.6472424557752341,817.0,698.0,77.0,0.8896848137535817,64.0,0.0,585.8040821495072,nan,nan,nan,nan,nan,1.0,0.15,nan,nan,nan,nan
1216,0.6722164412070759,819.0,710.0,65.0,0.9084507042253521,63.0,0.0,613.8924613089561,11.003334999084473,-0.0020610011803607144,21.05941899617513,3.4863765041033425,0.0002779954641785783,1.0,0.15,nan,nan,nan,nan
1217,0.6701352757544224,828.0,716.0,73.0,0.8980446927374302,64.0,0.0,609.1265320982928,nan,nan,nan,nan,nan,1.0,0.15,nan,nan,nan,nan
1218,0.6451612903225806,799.0,676.0,57.0,0.915680473372781,62.0,0.0,590.3747670350092,nan,nan,nan,nan,nan,1.0,0.15,nan,nan,nan,nan
1219,0.6420395421436004,823.0,691.0,75.0,0.8914616497829233,63.0,0.0,581.344973904611,nan,nan,nan,nan,nan,1.0,0.15,nan,nan,nan,nan
1220,0.6420395421436004,786.0,678.0,62.0,0.9085545722713865,62.0,0.0,586.0644367403979,nan,nan,nan,nan,nan,1.0,0.15,nan,nan,nan,nan
1221,0.6389177939646202,799.0,678.0,65.0,0.9041297935103245,64.0,0.0,581.6747541599284,nan,nan,nan,nan,nan,1.0,0.15,nan,nan,nan,nan
1222,0.6222684703433923,777.0,658.0,61.0,0.9072948328267477,63.0,0.0,567.0215042157199,nan,nan,nan,nan,nan,1.0,0.15,nan,nan,nan,nan
1223,0.6264308012486993,774.0,675.0,74.0,0.8903703703703704,61.0,0.0,568.1790903558741,nan,nan,nan,nan,nan,1.0,0.15,nan,nan,nan,nan
1224,0.6524453694068678,792.0,685.0,59.0,0.9138686131386862,61.0,0.0,597.2454502758986,nan,nan,nan,nan,nan,1.0,0.15,nan,nan,nan,nan
1225,0.668054110301769,810.0,694.0,53.0,0.9236311239193083,63.0,0.0,613.5452798714643,nan,nan,nan,nan,nan,1.0,0.15,nan,nan,nan,nan
1226,0.6462018730489074,803.0,691.0,71.0,0.8972503617945007,64.0,0.0,586.9842109117526,nan,nan,nan,nan,nan,1.0,0.15,nan,nan,nan,nan
1227,0.6482830385015609,805.0,691.0,69.0,0.9001447178002895,62.0,0.0,589.7164758424763,nan,nan,nan,nan,nan,1.0,0.15,nan,nan,nan,nan
1228,0.6430801248699272,795.0,690.0,73.0,0.8942028985507247,63.0,0.0,583.6259554018983,nan,nan,nan,nan,nan,1.0,0.15,nan,nan,nan,nan
1229,0.627471383975026,792.0,668.0,66.0,0.9011976047904192,64.0,0.0,570.35133945656,nan,nan,nan,nan,nan,1.0,0.15,nan,nan,nan,nan
1230,0.6430801248699272,803.0,691.0,74.0,0.8929088277858177,63.0,0.0,583.3479219841961,nan,nan,nan,nan,nan,1.0,0.15,nan,nan,nan,nan
1231,0.6493236212278877,814.0,681.0,58.0,0.9148311306901615,63.0,0.0,593.0671472425463,nan,nan,nan,nan,nan,1.0,0.15,nan,nan,nan,nan
1232,0.6503642039542143,802.0,684.0,60.0,0.9122807017543859,63.0,0.0,594.2634810848248,9.950166940689087,-0.00045255874283611774,18.955623865127563,3.4660438696543374,0.0003001960746284264,1.0,0.15,nan,nan,nan,nan
1233,0.631633714880333,790.0,670.0,64.0,0.9044776119402985,64.0,0.0,574.4050739235886,nan,nan,nan,nan,nan,1.0,0.15,nan,nan,nan,nan
1234,0.6253902185223725,756.0,657.0,57.0,0.91324200913242,61.0,0.0,571.9365201516156,nan,nan,nan,nan,nan,1.0,0.15,nan,nan,nan,nan
1235,0.6295525494276795,796.0,675.0,71.0,0.8948148148148148,64.0,0.0,570.4442704782502,nan,nan,nan,nan,nan,1.0,0.15,nan,nan,nan,nan
1236,0.6233090530697191,794.0,670.0,72.0,0.8925373134328358,64.0,0.0,563.7862665481581,nan,nan,nan,nan,nan,1.0,0.15,nan,nan,nan,nan
1237,0.6139438085327783,783.0,671.0,82.0,0.8777943368107303,63.0,0.0,552.5589268193263,nan,nan,nan,nan,nan,1.0,0.15,nan,nan,nan,nan
1238,0.631633714880333,769.0,675.0,69.0,0.8977777777777778,61.0,0.0,574.8960498371133,nan,nan,nan,nan,nan,1.0,0.15,nan,nan,nan,nan
1239,0.6586888657648283,796.0,683.0,51.0,0.9253294289897511,63.0,0.0,605.2958908910746,nan,nan,nan,nan,nan,1.0,0.15,nan,nan,nan,nan
1240,0.6472424557752341,789.0,682.0,61.0,0.9105571847507331,62.0,0.0,591.5351574125298,nan,nan,nan,nan,nan,1.0,0.15,nan,nan,nan,nan
1241,0.6264308012486993,774.0,662.0,61.0,0.9078549848942599,63.0,0.0,571.3454461073891,nan,nan,nan,nan,nan,1.0,0.15,nan,nan,nan,nan
1242,0.6305931321540063,783.0,677.0,72.0,0.8936484490398818,60.0,0.0,573.0689489645976,nan,nan,nan,nan,nan,1.0,0.15,nan,nan,nan,nan
1243,0.631633714880333,793.0,686.0,80.0,0.8833819241982507,64.0,0.0,569.9507308006309,nan,nan,nan,nan,nan,1.0,0.15,nan,nan,nan,nan
1244,0.6545265348595213,792.0,694.0,66.0,0.9048991354466859,60.0,0.0,597.9015855116844,nan,nan,nan,nan,nan,1.0,0.15,nan,nan,nan,nan
1245,0.6045785639958376,736.0,633.0,53.0,0.9162717219589257,57.0,0.0,555.1648853096989,nan,nan,nan,nan,nan,1.0,0.15,nan,nan,nan,nan
1246,0.6409989594172737,811.0,695.0,80.0,0.8848920863309353,64.0,0.0,579.1228212532991,nan,nan,nan,nan,nan,1.0,0.15,nan,nan,nan,nan
1247,0.6399583766909469,783.0,671.0,57.0,0.9150521609538003,63.0,0.0,585.3893120088595,nan,nan,nan,nan,nan,1.0,0.15,nan,nan,nan,nan
1248,0.6514047866805411,810.0,697.0,72.0,0.896700143472023,64.0,0.0,591.428466742039,11.121593316396078,-0.004537302651442587,21.30792721112569,3.4614909092585244,0.00039504347478214186,1.0,0.15,nan,nan,nan,nan
1249,0.6618106139438086,804.0,701.0,66.0,0.905848787446505,64.0,0.0,603.4572422952659,nan,nan,nan,nan,nan,1.0,0.15,nan,nan,nan,nan
1250,0.6451612903225806,786.0,684.0,65.0,0.9049707602339181,62.0,0.0,588.3298207373626,nan,nan,nan,nan,nan,1.0,0.15,nan,nan,nan,nan
1251,0.63579604578564,821.0,695.0,85.0,0.8776978417266187,64.0,0.0,572.1558634634034,nan,nan,nan,nan,nan,1.0,0.15,nan,nan,nan,nan
1252,0.6462018730489074,795.0,683.0,63.0,0.9077598828696926,63.0,0.0,589.4250982923514,nan,nan,nan,nan,nan,1.0,0.15,nan,nan,nan,nan
1253,0.6129032258064516,784.0,664.0,76.0,0.8855421686746988,61.0,0.0,554.21304238701,nan,nan,nan,nan,nan,1.0,0.15,nan,nan,nan,nan
1254,0.6618106139438086,793.0,691.0,56.0,0.918958031837916,64.0,0.0,606.1546498236656,nan,nan,nan,nan,nan,1.0,0.15,nan,nan,nan,nan
1255,0.6586888657648283,832.0,702.0,70.0,0.9002849002849003,61.0,0.0,599.7181006655704,nan,nan,nan,nan,nan,1.0,0.15,nan,nan,nan,nan
1256,0.644120707596254,768.0,663.0,45.0,0.9321266968325792,60.0,0.0,594.2126300516123,nan,nan,nan,nan,nan,1.0,0.15,nan,nan,nan,nan
1257,0.6139438085327783,800.0,662.0,73.0,0.8897280966767371,64.0,0.0,553.8051313185704,nan,nan,nan,nan,nan,1.0,0.15,nan,nan,nan,nan
1258,0.6337148803329865,784.0,676.0,68.0,0.8994082840236687,62.0,0.0,576.1445993666649,nan,nan,nan,nan,nan,1.0,0.15,nan,nan,nan,nan
1259,0.6139438085327783,776.0,671.0,82.0,0.8777943368107303,60.0,0.0,553.811334312918,nan,nan,nan,nan,nan,1.0,0.15,nan,nan,nan,nan
1260,0.6462018730489074,812.0,685.0,65.0,0.9051094890510949,64.0,0.0,588.16237152052,nan,nan,nan,nan,nan,1.0,0.15,nan,nan,nan,nan
1261,0.6368366285119667,817.0,684.0,73.0,0.8932748538011696,62.0,0.0,577.6665137219443,nan,nan,nan,nan,nan,1.0,0.15,nan,nan,nan,nan
1262,0.63579604578564,789.0,680.0,70.0,0.8970588235294118,61.0,0.0,578.250764782429,nan,nan,nan,nan,nan,1.0,0.15,nan,nan,nan,nan
1263,0.6337148803329865,804.0,686.0,78.0,0.8862973760932945,62.0,0.0,573.0021846933366,nan,nan,nan,nan,nan,1.0,0.15,nan,nan,nan,nan
1264,0.63579604578564,798.0,680.0,70.0,0.8970588235294118,63.0,0.0,577.5669218459137,10.892317255338034,-9.139534085988998e-06,20.822710514068604,3.521685520807902,0.00028121685924512957,1.0,0.15,nan,nan,nan,nan
1265,0.6368366285119667,780.0,671.0,60.0,0.910581222056632,61.0,0.0,582.0924966559418,nan,nan,nan,nan,nan,1.0,0.15,nan,nan,nan,nan
1266,0.6347554630593132,806.0,673.0,64.0,0.9049034175334324,63.0,0.0,577.6368708415057,nan,nan,nan,nan,nan,1.0,0.15,nan,nan,nan,nan
1267,0.6462018730489074,821.0,690.0,70.0,0.8985507246376812,64.0,0.0,586.6010630579011,nan,nan,nan,nan,nan,1.0,0.15,nan,nan,nan,nan
1268,0.63579604578564,812.0,687.0,77.0,0.8879184861717613,64.0,0.0,574.4927115583424,nan,nan,nan,nan,nan,1.0,0.15,nan,nan,nan,nan
1269,0.6420395421436004,790.0,681.0,65.0,0.9045521292217328,62.0,0.0,584.9520780487074,nan,nan,nan,nan,nan,1.0,0.15,nan,nan,nan,nan
1270,0.6493236212278877,826.0,705.0,82.0,0.8836879432624114,63.0,0.0,586.3697134671226,nan,nan,nan,nan,nan,1.0,0.15,nan,nan,nan,nan
1271,0.6514047866805411,803.0,700.0,75.0,0.8928571428571429,63.0,0.0,590.8796051912319,nan,nan,nan,nan,nan,1.0,0.15,nan,nan,nan,nan
1272,0.6347554630593132,786.0,674.0,65.0,0.9035608308605341,62.0,0.0,578.327039258482,nan,nan,nan,nan,nan,1.0,0.15,nan,nan,nan,nan
1273,0.6482830385015609,818.0,689.0,67.0,0.9027576197387518,64.0,0.0,589.778125797274,nan,nan,nan,nan,nan,1.0,0.15,nan,nan,nan,nan
1274,0.6430801248699272,793.0,676.0,59.0,0.9127218934911243,64.0,0.0,587.3497117538456,nan,nan,nan,nan,nan,1.0,0.15,nan,nan,nan,nan
1275,0.6264308012486993,786.0,672.0,71.0,0.8943452380952381,61.0,0.0,568.4994123601928,nan,nan,nan,nan,nan,1.0,0.15,nan,nan,nan,nan
1276,0.659729448491155,799.0,688.0,55.0,0.9200581395348837,61.0,0.0,605.614838923454,nan,nan,nan,nan,nan,1.0,0.15,nan,nan,nan,nan
1277,0.6170655567117586,799.0,685.0,93.0,0.8642335766423358,61.0,0.0,553.2783452801725,nan,nan,nan,nan,nan,1.0,0.15,nan,nan,nan,nan
1278,0.6430801248699272,793.0,671.0,54.0,0.9195230998509687,63.0,0.0,588.7217350478169,nan,nan,nan,nan,nan,1.0,0.15,nan,nan,nan,nan
1279,0.6389177939646202,817.0,696.0,83.0,0.8807471264367817,63.0,0.0,576.3896746616373,nan,nan,nan,nan,nan,1.0,0.15,nan,nan,nan,nan
1280,0.6690946930280958,812.0,705.0,63.0,0.9106382978723404,61.0,0.0,612.0421255712512,9.118302941322327,-0.002597631343329946,17.307291905085247,3.423009693622589,0.00021923634752359553,1.0,0.15,nan,nan,nan,nan
1281,0.6566077003121749,808.0,694.0,64.0,0.9077809798270894,63.0,0.0,599.2773312191963,nan,nan,nan,nan,nan,1.0,0.15,nan,nan,nan,nan
1282,0.6305931321540063,809.0,689.0,84.0,0.8780841799709724,63.0,0.0,567.3073244142547,nan,nan,nan,nan,nan,1.0,0.15,nan,nan,nan,nan
1283,0.6451612903225806,819.0,692.0,73.0,0.8945086705202312,64.0,0.0,584.782667457582,nan,nan,nan,nan,nan,1.0,0.15,nan,nan,nan,nan
1284,0.6160249739854319,777.0,669.0,78.0,0.8834080717488789,61.0,0.0,556.5965218863493,nan,nan,nan,nan,nan,1.0,0.15,nan,nan,nan,nan
1285,0.644120707596254,811.0,693.0,75.0,0.8917748917748918,63.0,0.0,583.7561505861287,nan,nan,nan,nan,nan,1.0,0.15,nan,nan,nan,nan
1286,0.6534859521331946,820.0,699.0,72.0,0.8969957081545065,64.0,0.0,592.8966726894379,nan,nan,nan,nan,nan,1.0,0.15,nan,nan,nan,nan
1287,0.6243496357960457,797.0,685.0,86.0,0.8744525547445255,62.0,0.0,562.266847197057,nan,nan,nan,nan,nan,1.0,0.15,nan,nan,nan,nan
1288,0.6420395421436004,807.0,687.0,71.0,0.8966521106259098,62.0,0.0,582.8264461936966,nan,nan,nan,nan,nan,1.0,0.15,nan,nan,nan,nan
1289,0.6722164412070759,836.0,729.0,84.0,0.8847736625514403,61.0,0.0,608.5790768399238,nan,nan,nan,nan,nan,1.0,0.15,nan,nan,nan,nan
1290,0.6233090530697191,814.0,683.0,85.0,0.8755490483162518,63.0,0.0,560.3618139810574,nan,nan,nan,nan,nan,1.0,0.15,nan,nan,nan,nan
1291,0.6253902185223725,788.0,673.0,73.0,0.8915304606240714,63.0,0.0,565.8837653450969,nan,nan,nan,nan,nan,1.0,0.15,nan,nan,nan,nan
1292,0.6420395421436004,807.0,697.0,81.0,0.8837876614060258,63.0,0.0,579.712366652014,nan,nan,nan,nan,nan,1.0,0.15,nan,nan,nan,nan
1293,0.6659729448491155,805.0,698.0,59.0,0.9154727793696275,62.0,0.0,610.0954581160547,nan,nan,nan,nan,nan,1.0,0.15,nan,nan,nan,nan
1294,0.63579604578564,812.0,682.0,72.0,0.8944281524926686,63.0,0.0,576.6095981664668,nan,nan,nan,nan,nan,1.0,0.15,nan,nan,nan,nan
1295,0.6389177939646202,804.0,692.0,79.0,0.8858381502890174,62.0,0.0,578.0628434724821,nan,nan,nan,nan,nan,1.0,0.15,nan,nan,nan,nan
1296,0.63579604578564,796.0,692.0,82.0,0.8815028901734104,63.0,0.0,573.8600780606286,9.126674175262451,-0.0010272516131711502,17.316704829533894,3.4415969252586365,0.00044595460349228233,1.0,0.15,nan,nan,nan,nan
1297,0.6233090530697191,769.0,661.0,63.0,0.9046898638426626,62.0,0.0,568.0669074349418,nan,nan,nan,nan,nan,1.0,0.15,nan,nan,nan,nan
1298,0.6430801248699272,793.0,689.0,72.0,0.895500725689405,62.0,0.0,584.2801269063958,nan,nan,nan,nan,nan,1.0,0.15,nan,nan,nan,nan
1299,0.6534859521331946,814.0,705.0,78.0,0.8893617021276595,63.0,0.0,591.7094957699783,nan,nan,nan,nan,nan,1.0,0.15,nan,nan,nan,nan
1300,0.659729448491155,796.0,698.0,65.0,0.9068767908309455,62.0,0.0,602.5797613010412,nan,nan,nan,nan,nan,1.0,0.15,0.6547554630593133,0.6345473465140479,0.9296711646824422,0.0
1301,0.6430801248699272,811.0,693.0,76.0,0.8903318903318903,62.0,0.0,582.6584814276705,nan,nan,nan,nan,nan,1.0,0.15,nan,nan,nan,nan
1302,0.6514047866805411,789.0,678.0,53.0,0.9218289085545722,64.0,0.0,597.3202873640065,nan,nan,nan,nan,nan,1.0,0.15,nan,nan,nan,nan
1303,0.6378772112382934,788.0,675.0,63.0,0.9066666666666666,61.0,0.0,582.2733670187007,nan,nan,nan,nan,nan,1.0,0.15,nan,nan,nan,nan
1304,0.6472424557752341,784.0,680.0,59.0,0.913235294117647,63.0,0.0,591.964248189926,nan,nan,nan,nan,nan,1.0,0.15,nan,nan,nan,nan
1305,0.6545265348595213,808.0,696.0,68.0,0.9022988505747126,64.0,0.0,595.2523749260897,nan,nan,nan,nan,nan,1.0,0.15,nan,nan,nan,nan
1306,0.6399583766909469,788.0,680.0,66.0,0.9029411764705882,63.0,0.0,582.2696417641647,nan,nan,nan,nan,nan,1.0,0.15,nan,nan,nan,nan
1307,0.631633714880333,797.0,699.0,93.0,0.8669527896995708,64.0,0.0,566.3642281665816,nan,nan,nan,nan,nan,1.0,0.15,nan,nan,nan,nan
1308,0.6472424557752341,805.0,696.0,75.0,0.8922413793103449,62.0,0.0,586.9954080457696,nan,nan,nan,nan,nan,1.0,0.15,nan,nan,nan,nan
1309,0.659729448491155,797.0,688.0,55.0,0.9200581395348837,62.0,0.0,605.3155342330932,nan,nan,nan,nan,nan,1.0,0.15,nan,nan,nan,nan
1310,0.63579604578564,813.0,676.0,66.0,0.9023668639053254,63.0,0.0,578.0842746768002,nan,nan,nan,nan,nan,1.0,0.15,nan,nan,nan,nan
1311,0.627471383975026,804.0,671.0,69.0,0.8971684053651267,62.0,0.0,569.7123266353615,nan,nan,nan,nan,nan,1.0,0.15,nan,nan,nan,nan
1312,0.6742976066597295,804.0,696.0,49.0,0.9295977011494253,64.0,0.0,620.7238002171505,10.229263146718344,-0.002209512109402567,19.52458651860555,3.4375927646954856,0.00039535696184126817,1.0,0.15,nan,nan,nan,nan
1313,0.6607700312174818,814.0,703.0,69.0,0.9018492176386913,63.0,0.0,601.6554897780419,nan,nan,nan,nan,nan,1.0,0.15,nan,nan,nan,nan
1314,0.659729448491155,815.0,709.0,76.0,0.8928067700987306,64.0,0.0,598.3297353248605,nan,nan,nan,nan,nan,1.0,0.15,nan,nan,nan,nan
1315,0.6514047866805411,802.0,685.0,60.0,0.9124087591240876,64.0,0.0,595.1271734447492,nan,nan,nan,nan,nan,1.0,0.15,nan,nan,nan,nan
1316,0.631633714880333,789.0,671.0,65.0,0.9031296572280179,64.0,0.0,574.2975937232983,nan,nan,nan,nan,nan,1.0,0.15,nan,nan,nan,nan
1317,0.6399583766909469,805.0,698.0,84.0,0.8796561604584527,64.0,0.0,576.898180690766,nan,nan,nan,nan,nan,1.0,0.15,nan,nan,nan,nan
1318,0.6430801248699272,789.0,685.0,68.0,0.9007299270072993,60.0,0.0,586.2434069991135,nan,nan,nan,nan,nan,1.0,0.15,nan,nan,nan,nan
1319,0.6409989594172737,793.0,682.0,67.0,0.9017595307917888,62.0,0.0,583.6774816064845,nan,nan,nan,nan,nan,1.0,0.15,nan,nan,nan,nan
1320,0.6253902185223725,788.0,671.0,71.0,0.8941877794336811,64.0,0.0,566.2684598822608,nan,nan,nan,nan,nan,1.0,0.15,nan,nan,nan,nan
1321,0.6420395421436004,812.0,702.0,86.0,0.8774928774928775,63.0,0.0,578.4621976428049,nan,nan,nan,nan,nan,1.0,0.15,nan,nan,nan,nan
1322,0.6233090530697191,765.0,659.0,61.0,0.9074355083459787,61.0,0.0,569.2523335390091,nan,nan,nan,nan,nan,1.0,0.15,nan,nan,nan,nan
1323,0.63579604578564,803.0,683.0,73.0,0.8931185944363104,64.0,0.0,575.6563607006093,nan,nan,nan,nan,nan,1.0,0.15,nan,nan,nan,nan
1324,0.6378772112382934,776.0,673.0,61.0,0.9093610698365527,59.0,0.0,583.6360036511428,nan,nan,nan,nan,nan,1.0,0.15,nan,nan,nan,nan
1325,0.6576482830385015,823.0,703.0,72.0,0.8975817923186344,63.0,0.0,597.7046026296621,nan,nan,nan,nan,nan,1.0,0.15,nan,nan,nan,nan
1326,0.6503642039542143,779.0,688.0,64.0,0.9069767441860465,62.0,0.0,593.644823159217,nan,nan,nan,nan,nan,1.0,0.15,nan,nan,nan,nan
1327,0.6378772112382934,793.0,679.0,67.0,0.9013254786450663,63.0,0.0,580.2904068875321,nan,nan,nan,nan,nan,1.0,0.15,nan,nan,nan,nan
1328,0.6566077003121749,803.0,686.0,56.0,0.9183673469387755,64.0,0.0,601.0893048763272,9.343265453974405,-0.0027187922581409416,17.742889006932575,3.4785883029301963,0.0012348377543579165,1.0,0.15,nan,nan,nan,nan
1329,0.6524453694068678,818.0,695.0,69.0,0.9007194244604316,64.0,0.0,593.4211875753409,nan,nan,nan,nan,nan,1.0,0.15,nan,nan,nan,nan
1330,0.6337148803329865,783.0,667.0,59.0,0.9115442278860569,60.0,0.0,579.9214379673004,nan,nan,nan,nan,nan,1.0,0.15,nan,nan,nan,nan
1331,0.6576482830385015,786.0,687.0,56.0,0.9184861717612809,62.0,0.0,603.1848109369282,nan,nan,nan,nan,nan,1.0,0.15,nan,nan,nan,nan
1332,0.6451612903225806,802.0,697.0,78.0,0.8880918220946915,62.0,0.0,584.0258143711095,nan,nan,nan,nan,nan,1.0,0.15,nan,nan,nan,nan
1333,0.6545265348595213,805.0,692.0,64.0,0.9075144508670521,64.0,0.0,597.1424789276124,nan,nan,nan,nan,nan,1.0,0.15,nan,nan,nan,nan
1334,0.6524453694068678,789.0,698.0,72.0,0.8968481375358166,64.0,0.0,592.8632158675207,nan,nan,nan,nan,nan,1.0,0.15,nan,nan,nan,nan
1335,0.6545265348595213,810.0,713.0,85.0,0.8807854137447405,64.0,0.0,590.5275129594814,nan,nan,nan,nan,nan,1.0,0.15,nan,nan,nan,nan
1336,0.6524453694068678,825.0,699.0,73.0,0.8955650929899857,63.0,0.0,592.0717691726686,nan,nan,nan,nan,nan,1.0,0.15,nan,nan,nan,nan
1337,0.6566077003121749,800.0,691.0,61.0,0.9117221418234442,63.0,0.0,600.3320954189309,nan,nan,nan,nan,nan,1.0,0.15,nan,nan,nan,nan
1338,0.6420395421436004,774.0,674.0,58.0,0.913946587537092,61.0,0.0,588.2256892881405,nan,nan,nan,nan,nan,1.0,0.15,nan,nan,nan,nan
1339,0.6201873048907388,783.0,666.0,71.0,0.8933933933933934,59.0,0.0,562.8868093113916,nan,nan,nan,nan,nan,1.0,0.15,nan,nan,nan,nan
1340,0.6722164412070759,819.0,705.0,60.0,0.9148936170212766,64.0,0.0,614.9444626679417,nan,nan,nan,nan,nan,1.0,0.15,nan,nan,nan,nan
1341,0.6378772112382934,775.0,664.0,52.0,0.9216867469879518,60.0,0.0,585.8799354772568,nan,nan,nan,nan,nan,1.0,0.15,nan,nan,nan,nan
1342,0.6555671175858481,800.0,690.0,61.0,0.9115942028985508,64.0,0.0,598.4197925276774,nan,nan,nan,nan,nan,1.0,0.15,nan,nan,nan,nan
1343,0.6420395421436004,792.0,677.0,61.0,0.9098966026587888,64.0,0.0,585.857533600808,nan,nan,nan,nan,nan,1.0,0.15,nan,nan,nan,nan
1344,0.6420395421436004,786.0,678.0,62.0,0.9085545722713865,63.0,0.0,586.2250040960317,10.538753151893616,-0.0015295692719519138,20.153589248657227,3.399007479349772,0.0011280113903922029,1.0,0.15,nan,nan,nan,nan
1345,0.6482830385015609,799.0,687.0,65.0,0.9053857350800583,63.0,0.0,591.0563782067302,nan,nan,nan,nan,nan,1.0,0.15,nan,nan,nan,nan
1346,0.6524453694068678,819.0,689.0,63.0,0.9085631349782293,64.0,0.0,594.7951782560357,nan,nan,nan,nan,nan,1.0,0.15,nan,nan,nan,nan
1347,0.644120707596254,814.0,698.0,80.0,0.8853868194842407,62.0,0.0,582.4882593922638,nan,nan,nan,nan,nan,1.0,0.15,nan,nan,nan,nan
1348,0.6503642039542143,792.0,682.0,58.0,0.9149560117302052,63.0,0.0,595.117711355687,nan,nan,nan,nan,nan,1.0,0.15,nan,nan,nan,nan
1349,0.6368366285119667,792.0,683.0,72.0,0.8945827232796486,62.0,0.0,578.5269809632308,nan,nan,nan,nan,nan,1.0,0.15,nan,nan,nan,nan
1350,0.6774193548387096,799.0,710.0,60.0,0.9154929577464789,63.0,0.0,620.5210359673496,nan,nan,nan,nan,nan,1.0,0.15,nan,nan,nan,nan
1351,0.6243496357960457,793.0,672.0,73.0,0.8913690476190477,62.0,0.0,565.2266456127197,nan,nan,nan,nan,nan,1.0,0.15,nan,nan,nan,nan
1352,0.6024973985431842,759.0,647.0,69.0,0.893353941267388,60.0,0.0,546.9899864640255,nan,nan,nan,nan,nan,1.0,0.15,nan,nan,nan,nan
1353,0.6701352757544224,801.0,704.0,61.0,0.9133522727272727,62.0,0.0,613.4864020385735,nan,nan,nan,nan,nan,1.0,0.15,nan,nan,nan,nan
1354,0.619146722164412,783.0,650.0,56.0,0.9138461538461539,64.0,0.0,564.365938241005,nan,nan,nan,nan,nan,1.0,0.15,nan,nan,nan,nan
1355,0.6534859521331946,806.0,694.0,67.0,0.9034582132564841,63.0,0.0,595.0006400871275,nan,nan,nan,nan,nan,1.0,0.15,nan,nan,nan,nan
1356,0.6482830385015609,797.0,672.0,50.0,0.9255952380952381,63.0,0.0,595.2093845801359,nan,nan,nan,nan,nan,1.0,0.15,nan,nan,nan,nan
1357,0.6566077003121749,798.0,696.0,66.0,0.9051724137931034,64.0,0.0,598.55151684475,nan,nan,nan,nan,nan,1.0,0.15,nan,nan,nan,nan
1358,0.644120707596254,797.0,678.0,60.0,0.911504424778761,63.0,0.0,588.315803834916,nan,nan,nan,nan,nan,1.0,0.15,nan,nan,nan,nan
1359,0.6326742976066597,777.0,667.0,60.0,0.9100449775112444,63.0,0.0,577.5305018444071,nan,nan,nan,nan,nan,1.0,0.15,nan,nan,nan,nan
1360,0.6659729448491155,805.0,692.0,53.0,0.9234104046242775,62.0,0.0,611.7079769907007,11.071120421091715,-0.0026147656608372927,21.20394817988078,3.45690127213796,0.0002950089413692088,1.0,0.15,nan,nan,nan,nan
1361,0.6149843912591051,778.0,669.0,79.0,0.8819133034379671,63.0,0.0,554.0441045145998,nan,nan,nan,nan,nan,1.0,0.15,nan,nan,nan,nan
1362,0.6430801248699272,816.0,702.0,85.0,0.8789173789173789,61.0,0.0,580.440052128793,nan,nan,nan,nan,nan,1.0,0.15,nan,nan,nan,nan
1363,0.6493236212278877,789.0,677.0,54.0,0.9202363367799113,62.0,0.0,595.6235147662182,nan,nan,nan,nan,nan,1.0,0.15,nan,nan,nan,nan
1364,0.627471383975026,792.0,671.0,69.0,0.8971684053651267,63.0,0.0,569.5129584140789,nan,nan,nan,nan,nan,1.0,0.15,nan,nan,nan,nan
1365,0.6493236212278877,790.0,685.0,62.0,0.9094890510948905,62.0,0.0,593.0112182397847,nan,nan,nan,nan,nan,1.0,0.15,nan,nan,nan,nan
1366,0.6576482830385015,807.0,692.0,61.0,0.911849710982659,63.0,0.0,601.1584734549518,nan,nan,nan,nan,nan,1.0,0.15,nan,nan,nan,nan
1367,0.6430801248699272,797.0,691.0,74.0,0.8929088277858177,63.0,0.0,582.8726157450681,nan,nan,nan,nan,nan,1.0,0.15,nan,nan,nan,nan
1368,0.6056191467221644,760.0,637.0,56.0,0.9120879120879121,61.0,0.0,553.138868799211,nan,nan,nan,nan,nan,1.0,0.15,nan,nan,nan,nan
1369,0.63579604578564,780.0,669.0,59.0,0.9118086696562033,64.0,0.0,580.517340248586,nan,nan,nan,nan,nan,1.0,0.15,nan,nan,nan,nan
1370,0.6482830385015609,808.0,690.0,68.0,0.9014492753623189,63.0,0.0,589.775082428455,nan,nan,nan,nan,nan,1.0,0.15,nan,nan,nan,nan
1371,0.6347554630593132,782.0,670.0,61.0,0.908955223880597,60.0,0.0,580.1434645166416,nan,nan,nan,nan,nan,1.0,0.15,nan,nan,nan,nan
1372,0.6670135275754423,833.0,715.0,75.0,0.8951048951048951,62.0,0.0,606.0217979588518,nan,nan,nan,nan,nan,1.0,0.15,nan,nan,nan,nan
1373,0.6295525494276795,773.0,666.0,62.0,0.9069069069069069,62.0,0.0,574.6375272970205,nan,nan,nan,nan,nan,1.0,0.15,nan,nan,nan,nan
1374,0.63579604578564,790.0,693.0,83.0,0.8802308802308803,62.0,0.0,573.7261793599135,nan,nan,nan,nan,nan,1.0,0.15,nan,nan,nan,nan
1375,0.6566077003121749,794.0,689.0,59.0,0.9143686502177069,61.0,0.0,601.2661547589306,nan,nan,nan,nan,nan,1.0,0.15,nan,nan,nan,nan
1376,0.6129032258064516,750.0,648.0,60.0,0.9074074074074074,59.0,0.0,560.0148722319628,10.85774310429891,-0.002544814720749855,20.777082204818726,3.456125338872274,0.00034914307737684186,1.0,0.15,nan,nan,nan,nan
1377,0.6586888657648283,796.0,694.0,62.0,0.9106628242074928,63.0,0.0,601.8960202693946,nan,nan,nan,nan,nan,1.0,0.15,nan,nan,nan,nan
1378,0.6409989594172737,796.0,688.0,73.0,0.8938953488372093,64.0,0.0,581.3487288141256,nan,nan,nan,nan,nan,1.0,0.15,nan,nan,nan,nan
1379,0.6004162330905307,747.0,644.0,68.0,0.8944099378881988,59.0,0.0,545.5714561438566,nan,nan,nan,nan,nan,1.0,0.15,nan,nan,nan,nan
1380,0.6659729448491155,824.0,707.0,68.0,0.9038189533239038,62.0,0.0,607.17451835537,nan,nan,nan,nan,nan,1.0,0.15,nan,nan,nan,nan
1381,0.6264308012486993,782.0,674.0,73.0,0.8916913946587537,62.0,0.0,568.2446419296285,nan,nan,nan,nan,nan,1.0,0.15,nan,nan,nan,nan
1382,0.6108220603537982,786.0,665.0,79.0,0.881203007518797,64.0,0.0,548.8319333839436,nan,nan,nan,nan,nan,1.0,0.15,nan,nan,nan,nan
1383,0.6545265348595213,815.0,690.0,62.0,0.9101449275362319,62.0,0.0,597.6911327247626,nan,nan,nan,nan,nan,1.0,0.15,nan,nan,nan,nan
1384,0.6628511966701353,797.0,712.0,76.0,0.8932584269662921,64.0,0.0,601.637618109703,nan,nan,nan,nan,nan,1.0,0.15,nan,nan,nan,nan
1385,0.6378772112382934,806.0,688.0,76.0,0.8895348837209303,62.0,0.0,577.0997340564742,nan,nan,nan,nan,nan,1.0,0.15,nan,nan,nan,nan
1386,0.6326742976066597,801.0,684.0,77.0,0.8874269005847953,63.0,0.0,572.0483081865326,nan,nan,nan,nan,nan,1.0,0.15,nan,nan,nan,nan
1387,0.6305931321540063,789.0,673.0,68.0,0.8989598811292719,64.0,0.0,572.4525172462481,nan,nan,nan,nan,nan,1.0,0.15,nan,nan,nan,nan
1388,0.6472424557752341,829.0,712.0,91.0,0.8721910112359551,63.0,0.0,581.6208871302607,nan,nan,nan,nan,nan,1.0,0.15,nan,nan,nan,nan
1389,0.6337148803329865,830.0,686.0,78.0,0.8862973760932945,63.0,0.0,571.9074526343372,nan,nan,nan,nan,nan,1.0,0.15,nan,nan,nan,nan
1390,0.6576482830385015,807.0,687.0,56.0,0.9184861717612809,63.0,0.0,602.261809561253,nan,nan,nan,nan,nan,1.0,0.15,nan,nan,nan,nan
1391,0.6628511966701353,799.0,689.0,53.0,0.9230769230769231,62.0,0.0,609.0151773519515,nan,nan,nan,nan,nan,1.0,0.15,nan,nan,nan,nan
1392,0.6253902185223725,789.0,684.0,84.0,0.8771929824561403,63.0,0.0,563.1694389352806,11.00737456480662,0.005906486262877782,21.057892004648846,3.4628003438313804,0.0002636808397558828,1.0,0.15,nan,nan,nan,nan
1393,0.6649323621227887,808.0,685.0,47.0,0.9313868613138686,64.0,0.0,611.8615177478779,nan,nan,nan,nan,nan,1.0,0.15,nan,nan,nan,nan
1394,0.644120707596254,799.0,678.0,60.0,0.911504424778761,63.0,0.0,588.1326665983204,nan,nan,nan,nan,nan,1.0,0.15,nan,nan,nan,nan
1395,0.6503642039542143,811.0,687.0,63.0,0.9082969432314411,63.0,0.0,593.1620607485772,nan,nan,nan,nan,nan,1.0,0.15,nan,nan,nan,nan
1396,0.6774193548387096,817.0,696.0,46.0,0.9339080459770115,64.0,0.0,624.3461595449434,nan,nan,nan,nan,nan,1.0,0.15,nan,nan,nan,nan
1397,0.6659729448491155,816.0,705.0,66.0,0.9063829787234042,63.0,0.0,607.7993621020319,nan,nan,nan,nan,nan,1.0,0.15,nan,nan,nan,nan
1398,0.6482830385015609,782.0,670.0,48.0,0.9283582089552239,63.0,0.0,596.1805093531626,nan,nan,nan,nan,nan,1.0,0.15,nan,nan,nan,nan
1399,0.6326742976066597,811.0,694.0,87.0,0.8746397694524496,64.0,0.0,568.6540017905241,nan,nan,nan,nan,nan,1.0,0.15,nan,nan,nan,nan
1400,0.6389177939646202,800.0,684.0,71.0,0.8961988304093568,64.0,0.0,579.6470343766218,nan,nan,nan,nan,nan,1.0,0.15,0.6537565036420395,0.6308012486992717,0.9294104095166117,0.0
1401,0.6482830385015609,796.0,686.0,64.0,0.9067055393586005,64.0,0.0,590.8747358751309,nan,nan,nan,nan,nan,1.0,0.15,nan,nan,nan,nan
1402,0.6264308012486993,798.0,675.0,74.0,0.8903703703703704,63.0,0.0,566.4635067162535,nan,nan,nan,nan,nan,1.0,0.15,nan,nan,nan,nan
1403,0.6305931321540063,761.0,666.0,61.0,0.9084084084084084,62.0,0.0,575.7296499776853,nan,nan,nan,nan,nan,1.0,0.15,nan,nan,nan,nan
1404,0.6378772112382934,793.0,679.0,67.0,0.9013254786450663,62.0,0.0,580.5752045407304,nan,nan,nan,nan,nan,1.0,0.15,nan,nan,nan,nan
1405,0.6233090530697191,766.0,658.0,60.0,0.9088145896656535,61.0,0.0,569.5467241826079,nan,nan,nan,nan,nan,1.0,0.15,nan,nan,nan,nan
1406,0.6409989594172737,799.0,681.0,66.0,0.9030837004405287,62.0,0.0,583.4810131888393,nan,nan,nan,nan,nan,1.0,0.15,nan,nan,nan,nan
1407,0.6503642039542143,818.0,689.0,65.0,0.9056603773584906,64.0,0.0,592.1914514608391,nan,nan,nan,nan,nan,1.0,0.15,nan,nan,nan,nan
1408,0.659729448491155,807.0,692.0,59.0,0.9147398843930635,62.0,0.0,603.96428309393,10.329447547594706,-0.003145313666512569,19.724828004837036,3.4445154666900635,0.0005689886984328041,1.0,0.15,nan,nan,nan,nan
1409,0.6628511966701353,829.0,704.0,68.0,0.9034090909090909,64.0,0.0,603.527936541557,nan,nan,nan,nan,nan,1.0,0.15,nan,nan,nan,nan
1410,0.6690946930280958,798.0,702.0,60.0,0.9145299145299145,64.0,0.0,612.4044250907882,nan,nan,nan,nan,nan,1.0,0.15,nan,nan,nan,nan
1411,0.6482830385015609,814.0,699.0,77.0,0.8898426323319027,63.0,0.0,586.8572550659181,nan,nan,nan,nan,nan,1.0,0.15,nan,nan,nan,nan
1412,0.6472424557752341,781.0,683.0,62.0,0.9092240117130308,60.0,0.0,591.7936827702521,nan,nan,nan,nan,nan,1.0,0.15,nan,nan,nan,nan
1413,0.6659729448491155,821.0,708.0,69.0,0.902542372881356,63.0,0.0,606.7913602800371,nan,nan,nan,nan,nan,1.0,0.15,nan,nan,nan,nan
1414,0.6534859521331946,800.0,686.0,59.0,0.9139941690962099,63.0,0.0,597.4742252230649,nan,nan,nan,nan,nan,1.0,0.15,nan,nan,nan,nan
1415,0.6420395421436004,820.0,702.0,86.0,0.8774928774928775,64.0,0.0,577.941769516946,nan,nan,nan,nan,nan,1.0,0.15,nan,nan,nan,nan
1416,0.63579604578564,786.0,674.0,64.0,0.9050445103857567,61.0,0.0,579.8310109806059,nan,nan,nan,nan,nan,1.0,0.15,nan,nan,nan,nan
1417,0.6462018730489074,798.0,692.0,72.0,0.8959537572254336,61.0,0.0,587.5127280120867,nan,nan,nan,nan,nan,1.0,0.15,nan,nan,nan,nan
1418,0.6399583766909469,785.0,688.0,74.0,0.8924418604651163,64.0,0.0,580.0547296857837,nan,nan,nan,nan,nan,1.0,0.15,nan,nan,nan,nan
1419,0.6378772112382934,795.0,681.0,69.0,0.8986784140969163,62.0,0.0,579.6726361961373,nan,nan,nan,nan,nan,1.0,0.15,nan,nan,nan,nan
1420,0.6472424557752341,800.0,683.0,62.0,0.9092240117130308,63.0,0.0,590.1923686738015,nan,nan,nan,nan,nan,1.0,0.15,nan,nan,nan,nan
1421,0.6867845993756504,819.0,718.0,59.0,0.9178272980501393,61.0,0.0,630.5538640279747,nan,nan,nan,nan,nan,1.0,0.15,nan,nan,nan,nan
1422,0.6670135275754423,810.0,696.0,56.0,0.9195402298850575,63.0,0.0,611.7559208207119,nan,nan,nan,nan,nan,1.0,0.15,nan,nan,nan,nan
1423,0.6337148803329865,798.0,684.0,76.0,0.8888888888888888,61.0,0.0,573.9715984740277,nan,nan,nan,nan,nan,1.0,0.15,nan,nan,nan,nan
1424,0.6472424557752341,808.0,700.0,79.0,0.8871428571428571,63.0,0.0,585.5532822399152,10.078357577323914,-0.0006503288556511203,19.209792455037434,3.476245860258738,0.0006814926182414638,1.0,0.15,nan,nan,nan,nan
1425,0.6129032258064516,754.0,647.0,59.0,0.9088098918083463,60.0,0.0,559.722458044053,nan,nan,nan,nan,nan,1.0,0.15,nan,nan,nan,nan
1426,0.6493236212278877,813.0,699.0,76.0,0.8912732474964234,64.0,0.0,588.2951521162995,nan,nan,nan,nan,nan,1.0,0.15,nan,nan,nan,nan
1427,0.6503642039542143,799.0,702.0,78.0,0.8888888888888888,63.0,0.0,589.2491768174178,nan,nan,nan,nan,nan,1.0,0.15,nan,nan,nan,nan
1428,0.6534859521331946,808.0,702.0,75.0,0.8931623931623932,64.0,0.0,592.5552796916968,nan,nan,nan,nan,nan,1.0,0.15,nan,nan,nan,nan
1429,0.659729448491155,818.0,691.0,58.0,0.9160636758321273,63.0,0.0,603.3993964505198,nan,nan,nan,nan,nan,1.0,0.15,nan,nan,nan,nan
1430,0.6503642039542143,817.0,700.0,76.0,0.8914285714285715,64.0,0.0,588.9747584743503,nan,nan,nan,nan,nan,1.0,0.15,nan,nan,nan,nan
1431,0.659729448491155,807.0,688.0,55.0,0.9200581395348837,63.0,0.0,604.7411179127694,nan,nan,nan,nan,nan,1.0,0.15,nan,nan,nan,nan
1432,0.6399583766909469,808.0,696.0,82.0,0.882183908045977,63.0,0.0,577.8495723919882,nan,nan,nan,nan,nan,1.0,0.15,nan,nan,nan,nan
1433,0.619146722164412,757.0,652.0,58.0,0.911042944785276,59.0,0.0,566.4435055580144,nan,nan,nan,nan,nan,1.0,0.15,nan,nan,nan,nan
1434,0.6253902185223725,757.0,659.0,59.0,0.9104704097116844,61.0,0.0,571.7799137458808,nan,nan,nan,nan,nan,1.0,0.15,nan,nan,nan,nan
1435,0.619146722164412,784.0,670.0,76.0,0.8865671641791045,61.0,0.0,560.1186103248634,nan,nan,nan,nan,nan,1.0,0.15,nan,nan,nan,nan
1436,0.6493236212278877,806.0,693.0,70.0,0.898989898989899,62.0,0.0,590.4670742225652,nan,nan,nan,nan,nan,1.0,0.15,nan,nan,nan,nan
1437,0.631633714880333,787.0,679.0,73.0,0.8924889543446245,63.0,0.0,572.5058709354427,nan,nan,nan,nan,nan,1.0,0.15,nan,nan,nan,nan
1438,0.6576482830385015,809.0,706.0,75.0,0.8937677053824362,63.0,0.0,596.822197679997,nan,nan,nan,nan,nan,1.0,0.15,nan,nan,nan,nan
1439,0.6555671175858481,802.0,704.0,75.0,0.8934659090909091,64.0,0.0,594.5937829947475,nan,nan,nan,nan,nan,1.0,0.15,nan,nan,nan,nan
1440,0.6253902185223725,769.0,660.0,60.0,0.9090909090909091,62.0,0.0,570.7099774050729,10.063645164171854,0.00273746515934666,19.174307028452557,3.4745646715164185,0.0002649453053891193,1.0,0.15,nan,nan,nan,nan
1441,0.659729448491155,798.0,691.0,58.0,0.9160636758321273,63.0,0.0,604.0985451779364,nan,nan,nan,nan,nan,1.0,0.15,nan,nan,nan,nan
1442,0.6295525494276795,786.0,664.0,60.0,0.9096385542168675,61.0,0.0,574.8295205512059,nan,nan,nan,nan,nan,1.0,0.15,nan,nan,nan,nan
1443,0.6409989594172737,773.0,672.0,57.0,0.9151785714285714,62.0,0.0,587.1303530130396,nan,nan,nan,nan,nan,1.0,0.15,nan,nan,nan,nan
1444,0.659729448491155,820.0,692.0,59.0,0.9147398843930635,64.0,0.0,603.097163804055,nan,nan,nan,nan,nan,1.0,0.15,nan,nan,nan,nan
1445,0.6201873048907388,795.0,675.0,80.0,0.8814814814814815,61.0,0.0,559.5865060381911,nan,nan,nan,nan,nan,1.0,0.15,nan,nan,nan,nan
1446,0.6389177939646202,786.0,690.0,77.0,0.8884057971014493,63.0,0.0,578.4777180900576,nan,nan,nan,nan,nan,1.0,0.15,nan,nan,nan,nan
1447,0.6118626430801248,757.0,666.0,79.0,0.8813813813813813,62.0,0.0,552.4822777490624,nan,nan,nan,nan,nan,1.0,0.15,nan,nan,nan,nan
1448,0.6420395421436004,783.0,674.0,58.0,0.913946587537092,64.0,0.0,586.714430649757,nan,nan,nan,nan,nan,1.0,0.15,nan,nan,nan,nan
1449,0.6482830385015609,803.0,689.0,67.0,0.9027576197387518,63.0,0.0,590.1928608474748,nan,nan,nan,nan,nan,1.0,0.15,nan,nan,nan,nan
1450,0.6534859521331946,812.0,697.0,70.0,0.8995695839311334,62.0,0.0,594.6007913365369,nan,nan,nan,nan,nan,1.0,0.15,nan,nan,nan,nan
1451,0.6347554630593132,786.0,674.0,65.0,0.9035608308605341,63.0,0.0,577.696369750499,nan,nan,nan,nan,nan,1.0,0.15,nan,nan,nan,nan
1452,0.6285119667013528,808.0,679.0,76.0,0.8880706921944035,63.0,0.0,568.4528033032431,nan,nan,nan,nan,nan,1.0,0.15,nan,nan,nan,nan
1453,0.6285119667013528,775.0,674.0,71.0,0.8946587537091988,64.0,0.0,569.9883530097006,nan,nan,nan,nan,nan,1.0,0.15,nan,nan,nan,nan
1454,0.6285119667013528,781.0,670.0,67.0,0.9,62.0,0.0,571.7055063767443,nan,nan,nan,nan,nan,1.0,0.15,nan,nan,nan,nan
1455,0.6420395421436004,803.0,686.0,70.0,0.8979591836734694,64.0,0.0,582.8091657052058,nan,nan,nan,nan,nan,1.0,0.15,nan,nan,nan,nan
1456,0.6201873048907388,790.0,669.0,74.0,0.8893871449925261,63.0,0.0,561.2641445813206,9.243350426355997,-0.002802000284039726,17.54449152946472,3.471985618273417,0.001261590941188236,1.0,0.15,nan,nan,nan,nan
1457,0.644120707596254,812.0,691.0,73.0,0.894356005788712,64.0,0.0,583.6832153401373,nan,nan,nan,nan,nan,1.0,0.15,nan,nan,nan,nan
1458,0.6462018730489074,814.0,695.0,75.0,0.8920863309352518,63.0,0.0,585.7350115308777,nan,nan,nan,nan,nan,1.0,0.15,nan,nan,nan,nan
1459,0.6326742976066597,795.0,687.0,80.0,0.883551673944687,63.0,0.0,571.142218953612,nan,nan,nan,nan,nan,1.0,0.15,nan,nan,nan,nan
1460,0.627471383975026,805.0,693.0,91.0,0.8686868686868687,63.0,0.0,562.7971051173239,nan,nan,nan,nan,nan,1.0,0.15,nan,nan,nan,nan
1461,0.6472424557752341,810.0,698.0,77.0,0.8896848137535817,63.0,0.0,586.3279898519527,nan,nan,nan,nan,nan,1.0,0.15,nan,nan,nan,nan
1462,0.6149843912591051,765.0,665.0,75.0,0.8872180451127819,61.0,0.0,556.5854315505044,nan,nan,nan,nan,nan,1.0,0.15,nan,nan,nan,nan
1463,0.6285119667013528,806.0,686.0,83.0,0.8790087463556852,64.0,0.0,565.9404453291912,nan,nan,nan,nan,nan,1.0,0.15,nan,nan,nan,nan
1464,0.6368366285119667,786.0,678.0,67.0,0.9011799410029498,64.0,0.0,578.8687062749871,nan,nan,nan,nan,nan,1.0,0.15,nan,nan,nan,nan
1465,0.6285119667013528,782.0,673.0,70.0,0.8959881129271917,59.0,0.0,571.6911432971976,nan,nan,nan,nan,nan,1.0,0.15,nan,nan,nan,nan
1466,0.6503642039542143,795.0,687.0,63.0,0.9082969432314411,61.0,0.0,594.2656224660869,nan,nan,nan,nan,nan,1.0,0.15,nan,nan,nan,nan
1467,0.6420395421436004,813.0,683.0,67.0,0.9019033674963397,64.0,0.0,583.6998242549903,nan,nan,nan,nan,nan,1.0,0.15,nan,nan,nan,nan
1468,0.6337148803329865,773.0,657.0,49.0,0.9254185692541856,61.0,0.0,582.4914534978872,nan,nan,nan,nan,nan,1.0,0.15,nan,nan,nan,nan
1469,0.6586888657648283,808.0,705.0,73.0,0.8964539007092198,63.0,0.0,598.5167576947221,nan,nan,nan,nan,nan,1.0,0.15,nan,nan,nan,nan
1470,0.6420395421436004,813.0,686.0,70.0,0.8979591836734694,64.0,0.0,582.8128997135174,nan,nan,nan,nan,nan,1.0,0.15,nan,nan,nan,nan
1471,0.6503642039542143,803.0,701.0,77.0,0.8901569186875892,64.0,0.0,588.7727295584677,nan,nan,nan,nan,nan,1.0,0.15,nan,nan,nan,nan
1472,0.6139438085327783,776.0,657.0,68.0,0.8964992389649924,61.0,0.0,557.0802257208854,9.173668583234152,-0.00039129067833224934,17.394416491190594,3.4940867026646933,0.0004838882620485189,1.0,0.15,nan,nan,nan,nan
1473,0.6566077003121749,810.0,695.0,65.0,0.9064748201438849,63.0,0.0,599.1028682374965,nan,nan,nan,nan,nan,1.0,0.15,nan,nan,nan,nan
1474,0.6482830385015609,801.0,690.0,68.0,0.9014492753623189,63.0,0.0,589.8777697982799,nan,nan,nan,nan,nan,1.0,0.15,nan,nan,nan,nan
1475,0.6462018730489074,787.0,677.0,57.0,0.9158050221565731,63.0,0.0,591.5954772210115,nan,nan,nan,nan,nan,1.0,0.15,nan,nan,nan,nan
1476,0.6389177939646202,782.0,671.0,58.0,0.9135618479880775,61.0,0.0,584.818659031869,nan,nan,nan,nan,nan,1.0,0.15,nan,nan,nan,nan
1477,0.6555671175858481,816.0,692.0,63.0,0.9089595375722543,63.0,0.0,598.1835549707421,nan,nan,nan,nan,nan,1.0,0.15,nan,nan,nan,nan
1478,0.6253902185223725,772.0,666.0,66.0,0.9009009009009009,62.0,0.0,568.8731951746952,nan,nan,nan,nan,nan,1.0,0.15,nan,nan,nan,nan
1479,0.6420395421436004,805.0,678.0,62.0,0.9085545722713865,63.0,0.0,585.2827782826433,nan,nan,nan,nan,nan,1.0,0.15,nan,nan,nan,nan
1480,0.6264308012486993,771.0,664.0,63.0,0.9051204819277109,62.0,0.0,571.1752754387849,nan,nan,nan,nan,nan,1.0,0.15,nan,nan,nan,nan
1481,0.6347554630593132,795.0,670.0,61.0,0.908955223880597,62.0,0.0,579.1868627152452,nan,nan,nan,nan,nan,1.0,0.15,nan,nan,nan,nan
1482,0.6118626430801248,776.0,654.0,67.0,0.8975535168195719,61.0,0.0,555.8088021006606,nan,nan,nan,nan,nan,1.0,0.15,nan,nan,nan,nan
1483,0.63579604578564,803.0,690.0,80.0,0.8840579710144928,64.0,0.0,573.8122233705534,nan,nan,nan,nan,nan,1.0,0.15,nan,nan,nan,nan
1484,0.6493236212278877,794.0,686.0,63.0,0.9081632653061225,63.0,0.0,592.8267554612175,nan,nan,nan,nan,nan,1.0,0.15,nan,nan,nan,nan
1485,0.6451612903225806,813.0,686.0,67.0,0.902332361516035,64.0,0.0,586.9539408812533,nan,nan,nan,nan,nan,1.0,0.15,nan,nan,nan,nan
1486,0.6295525494276795,786.0,676.0,72.0,0.893491124260355,64.0,0.0,570.2800268530865,nan,nan,nan,nan,nan,1.0,0.15,nan,nan,nan,nan
1487,0.6451612903225806,795.0,674.0,55.0,0.9183976261127597,63.0,0.0,590.8627446293833,nan,nan,nan,nan,nan,1.0,0.15,nan,nan,nan,nan
1488,0.6514047866805411,821.0,700.0,75.0,0.8928571428571429,64.0,0.0,590.2845695753115,9.410144209861755,-0.0011208155192434788,17.894802808761597,3.403443535168966,0.00028386680120699265,1.0,0.15,nan,nan,nan,nan
1489,0.6378772112382934,765.0,663.0,51.0,0.9230769230769231,62.0,0.0,585.6426439189918,nan,nan,nan,nan,nan,1.0,0.15,nan,nan,nan,nan
1490,0.6305931321540063,795.0,663.0,58.0,0.9125188536953243,63.0,0.0,575.7463692879704,nan,nan,nan,nan,nan,1.0,0.15,nan,nan,nan,nan
1491,0.63579604578564,812.0,690.0,80.0,0.8840579710144928,62.0,0.0,574.118835294247,nan,nan,nan,nan,nan,1.0,0.15,nan,nan,nan,nan
1492,0.6451612903225806,801.0,688.0,69.0,0.8997093023255814,63.0,0.0,586.7111596875205,nan,nan,nan,nan,nan,1.0,0.15,nan,nan,nan,nan
1493,0.6399583766909469,773.0,668.0,54.0,0.9191616766467066,60.0,0.0,587.50974787283,nan,nan,nan,nan,nan,1.0,0.15,nan,nan,nan,nan
1494,0.6493236212278877,813.0,701.0,78.0,0.8887303851640513,64.0,0.0,587.8045395207408,nan,nan,nan,nan,nan,1.0,0.15,nan,nan,nan,nan
1495,0.6566077003121749,812.0,679.0,49.0,0.9278350515463918,64.0,0.0,602.8668769135479,nan,nan,nan,nan,nan,1.0,0.15,nan,nan,nan,nan
1496,0.6378772112382934,807.0,681.0,69.0,0.8986784140969163,64.0,0.0,579.2163995146769,nan,nan,nan,nan,nan,1.0,0.15,nan,nan,nan,nan
1497,0.6607700312174818,815.0,701.0,67.0,0.9044222539229672,62.0,0.0,602.3553065657613,nan,nan,nan,nan,nan,1.0,0.15,nan,nan,nan,nan
1498,0.6451612903225806,799.0,691.0,72.0,0.8958031837916064,60.0,0.0,586.7067882847783,nan,nan,nan,nan,nan,1.0,0.15,nan,nan,nan,nan
1499,0.6451612903225806,771.0,672.0,53.0,0.9211309523809523,59.0,0.0,593.0377117691046,nan,nan,nan,nan,nan,1.0,0.15,nan,nan,nan,nan
1500,0.6451612903225806,780.0,680.0,61.0,0.9102941176470588,63.0,0.0,589.22003098774,nan,nan,nan,nan,nan,1.0,0.15,0.6543600416233092,0.6314255983350677,0.9282582898292386,0.0
1501,0.6337148803329865,792.0,659.0,51.0,0.9226100151745068,62.0,0.0,581.3865553545958,nan,nan,nan,nan,nan,1.0,0.15,nan,nan,nan,nan
1502,0.6430801248699272,798.0,682.0,65.0,0.9046920821114369,63.0,0.0,585.9479407334333,nan,nan,nan,nan,nan,1.0,0.15,nan,nan,nan,nan
1503,0.6118626430801248,795.0,669.0,82.0,0.8774289985052317,63.0,0.0,550.274737136843,nan,nan,nan,nan,nan,1.0,0.15,nan,nan,nan,nan
1504,0.6576482830385015,824.0,715.0,84.0,0.8825174825174825,63.0,0.0,594.1550399818425,9.088581005732218,-0.0006962367333471775,17.24305009841919,3.4287161827087402,0.00028938170786811196,1.0,0.15,nan,nan,nan,nan
1505,0.6295525494276795,798.0,679.0,75.0,0.8895434462444771,64.0,0.0,568.7196981701858,nan,nan,nan,nan,nan,1.0,0.15,nan,nan,nan,nan
1506,0.6409989594172737,784.0,682.0,67.0,0.9017595307917888,61.0,0.0,584.2568614282628,nan,nan,nan,nan,nan,1.0,0.15,nan,nan,nan,nan
1507,0.6056191467221644,745.0,642.0,61.0,0.9049844236760125,58.0,0.0,553.4941222734469,nan,nan,nan,nan,nan,1.0,0.15,nan,nan,nan,nan
1508,0.6493236212278877,809.0,690.0,67.0,0.9028985507246376,62.0,0.0,591.1163599457744,nan,nan,nan,nan,nan,1.0,0.15,nan,nan,nan,nan
1509,0.6524453694068678,815.0,696.0,70.0,0.8994252873563219,63.0,0.0,592.4356848468777,nan,nan,nan,nan,nan,1.0,0.15,nan,nan,nan,nan
1510,0.6607700312174818,821.0,703.0,69.0,0.9018492176386913,64.0,0.0,601.1751031274791,nan,nan,nan,nan,nan,1.0,0.15,nan,nan,nan,nan
1511,0.6347554630593132,786.0,672.0,63.0,0.90625,62.0,0.0,578.5535771212586,nan,nan,nan,nan,nan,1.0,0.15,nan,nan,nan,nan
1512,0.6493236212278877,813.0,693.0,70.0,0.898989898989899,63.0,0.0,589.9786822805423,nan,nan,nan,nan,nan,1.0,0.15,nan,nan,nan,nan
1513,0.6472424557752341,836.0,705.0,84.0,0.8808510638297873,64.0,0.0,582.9152688174264,nan,nan,nan,nan,nan,1.0,0.15,nan,nan,nan,nan
1514,0.6555671175858481,807.0,692.0,63.0,0.9089595375722543,63.0,0.0,598.5246598782551,nan,nan,nan,nan,nan,1.0,0.15,nan,nan,nan,nan
1515,0.6368366285119667,791.0,678.0,67.0,0.9011799410029498,63.0,0.0,579.291393735886,nan,nan,nan,nan,nan,1.0,0.15,nan,nan,nan,nan
1516,0.6493236212278877,815.0,693.0,70.0,0.898989898989899,62.0,0.0,590.576897499562,nan,nan,nan,nan,nan,1.0,0.15,nan,nan,nan,nan
1517,0.6482830385015609,809.0,699.0,77.0,0.8898426323319027,63.0,0.0,586.9550963377959,nan,nan,nan,nan,nan,1.0,0.15,nan,nan,nan,nan
1518,0.6462018730489074,798.0,684.0,64.0,0.9064327485380117,63.0,0.0,589.1101639728545,nan,nan,nan,nan,nan,1.0,0.15,nan,nan,nan,nan
1519,0.6462018730489074,821.0,685.0,65.0,0.9051094890510949,64.0,0.0,588.1852013020522,nan,nan,nan,nan,nan,1.0,0.15,nan,nan,nan,nan
1520,0.6337148803329865,790.0,680.0,72.0,0.8941176470588236,60.0,0.0,576.0105360455523,8.390264868736267,-0.0012578169504801433,15.842398802439371,3.4498877127965293,0.0004746674106475742,1.0,0.15,nan,nan,nan,nan
1521,0.6305931321540063,763.0,664.0,59.0,0.911144578313253,60.0,0.0,577.0429432158485,nan,nan,nan,nan,nan,1.0,0.15,nan,nan,nan,nan
1522,0.6264308012486993,767.0,662.0,61.0,0.9078549848942599,62.0,0.0,571.5693191976561,nan,nan,nan,nan,nan,1.0,0.15,nan,nan,nan,nan
1523,0.6451612903225806,815.0,695.0,76.0,0.8906474820143885,64.0,0.0,584.2878064789772,nan,nan,nan,nan,nan,1.0,0.15,nan,nan,nan,nan
1524,0.644120707596254,815.0,697.0,79.0,0.8866571018651362,63.0,0.0,582.493311972142,nan,nan,nan,nan,nan,1.0,0.15,nan,nan,nan,nan
1525,0.6160249739854319,787.0,664.0,73.0,0.8900602409638554,60.0,0.0,558.5033318657901,nan,nan,nan,nan,nan,1.0,0.15,nan,nan,nan,nan
1526,0.6285119667013528,766.0,670.0,67.0,0.9,60.0,0.0,572.5712959733021,nan,nan,nan,nan,nan,1.0,0.15,nan,nan,nan,nan
1527,0.6826222684703434,802.0,703.0,48.0,0.9317211948790897,64.0,0.0,628.9791888341897,nan,nan,nan,nan,nan,1.0,0.15,nan,nan,nan,nan
1528,0.6701352757544224,806.0,701.0,58.0,0.9172610556348074,63.0,0.0,614.371412176132,nan,nan,nan,nan,nan,1.0,0.15,nan,nan,nan,nan
1529,0.6462018730489074,790.0,677.0,57.0,0.9158050221565731,62.0,0.0,591.429421405792,nan,nan,nan,nan,nan,1.0,0.15,nan,nan,nan,nan
1530,0.6378772112382934,770.0,662.0,50.0,0.9244712990936556,64.0,0.0,585.265663901807,nan,nan,nan,nan,nan,1.0,0.15,nan,nan,nan,nan
1531,0.6118626430801248,770.0,655.0,68.0,0.8961832061068702,59.0,0.0,556.3700231070529,nan,nan,nan,nan,nan,1.0,0.15,nan,nan,nan,nan
1532,0.627471383975026,784.0,668.0,66.0,0.9011976047904192,61.0,0.0,571.1227606654176,nan,nan,nan,nan,nan,1.0,0.15,nan,nan,nan,nan
1533,0.6337148803329865,804.0,684.0,76.0,0.8888888888888888,63.0,0.0,573.2889665961292,nan,nan,nan,nan,nan,1.0,0.15,nan,nan,nan,nan
1534,0.6462018730489074,793.0,687.0,67.0,0.9024745269286754,63.0,0.0,588.3331161360751,nan,nan,nan,nan,nan,1.0,0.15,nan,nan,nan,nan
1535,0.6555671175858481,812.0,701.0,72.0,0.8972895863052782,62.0,0.0,595.8197003073698,nan,nan,nan,nan,nan,1.0,0.15,nan,nan,nan,nan
1536,0.6378772112382934,774.0,669.0,57.0,0.9147982062780269,60.0,0.0,584.4299509887708,9.663262645403544,-0.004023738127822678,18.388882478078205,3.4640785853068032,0.000667527087595469,1.0,0.15,nan,nan,nan,nan
1537,0.6337148803329865,784.0,688.0,80.0,0.8837209302325582,64.0,0.0,572.4704486656193,nan,nan,nan,nan,nan,1.0,0.15,nan,nan,nan,nan
1538,0.6212278876170656,781.0,672.0,76.0,0.8869047619047619,64.0,0.0,560.7568842782985,nan,nan,nan,nan,nan,1.0,0.15,nan,nan,nan,nan
1539,0.6566077003121749,797.0,698.0,68.0,0.9025787965616046,64.0,0.0,597.7857285742771,nan,nan,nan,nan,nan,1.0,0.15,nan,nan,nan,nan
1540,0.6420395421436004,800.0,690.0,74.0,0.8927536231884058,63.0,0.0,582.213084481717,nan,nan,nan,nan,nan,1.0,0.15,nan,nan,nan,nan
1541,0.6326742976066597,795.0,676.0,69.0,0.8979289940828402,63.0,0.0,574.6952217221269,nan,nan,nan,nan,nan,1.0,0.15,nan,nan,nan,nan
1542,0.6222684703433923,803.0,674.0,77.0,0.8857566765578635,64.0,0.0,561.1712224631325,nan,nan,nan,nan,nan,1.0,0.15,nan,nan,nan,nan
1543,0.6649323621227887,815.0,696.0,58.0,0.9166666666666666,63.0,0.0,608.7538119211192,nan,nan,nan,nan,nan,1.0,0.15,nan,nan,nan,nan
1544,0.6420395421436004,785.0,689.0,73.0,0.8940493468795355,62.0,0.0,582.519234711648,nan,nan,nan,nan,nan,1.0,0.15,nan,nan,nan,nan
1545,0.6514047866805411,806.0,695.0,70.0,0.8992805755395683,63.0,0.0,592.1225778555867,nan,nan,nan,nan,nan,1.0,0.15,nan,nan,nan,nan
1546,0.6670135275754423,820.0,690.0,50.0,0.927536231884058,64.0,0.0,612.5376827201851,nan,nan,nan,nan,nan,1.0,0.15,nan,nan,nan,nan
1547,0.6295525494276795,770.0,665.0,61.0,0.9082706766917293,62.0,0.0,574.3899115924849,nan,nan,nan,nan,nan,1.0,0.15,nan,nan,nan,nan
1548,0.6305931321540063,793.0,684.0,79.0,0.8845029239766082,63.0,0.0,569.5766610879903,nan,nan,nan,nan,nan,1.0,0.15,nan,nan,nan,nan
1549,0.5879292403746098,739.0,618.0,54.0,0.912621359223301,59.0,0.0,537.7504240245835,nan,nan,nan,nan,nan,1.0,0.15,nan,nan,nan,nan
1550,0.6378772112382934,783.0,678.0,66.0,0.9026548672566371,64.0,0.0,579.9308164081586,nan,nan,nan,nan,nan,1.0,0.15,nan,nan,nan,nan
1551,0.6659729448491155,803.0,704.0,65.0,0.9076704545454546,63.0,0.0,608.2743321414001,nan,nan,nan,nan,nan,1.0,0.15,nan,nan,nan,nan
1552,0.631633714880333,791.0,677.0,71.0,0.8951255539143279,62.0,0.0,573.2189492621434,9.98046906789144,-0.0027091759257018566,19.027475198109943,3.4402446945508323,0.0005509544647187189,1.0,0.15,nan,nan,nan,nan
1553,0.6524453694068678,820.0,702.0,76.0,0.8917378917378918,62.0,0.0,591.2599691672342,nan,nan,nan,nan,nan,1.0,0.15,nan,nan,nan,nan
1554,0.6129032258064516,772.0,665.0,77.0,0.8842105263157894,60.0,0.0,554.1665127348911,nan,nan,nan,nan,nan,1.0,0.15,nan,nan,nan,nan
1555,0.6243496357960457,776.0,676.0,77.0,0.886094674556213,62.0,0.0,564.9899023232475,nan,nan,nan,nan,nan,1.0,0.15,nan,nan,nan,nan
1556,0.6139438085327783,773.0,659.0,70.0,0.8937784522003035,61.0,0.0,556.974645025732,nan,nan,nan,nan,nan,1.0,0.15,nan,nan,nan,nan
1557,0.6337148803329865,804.0,689.0,81.0,0.8824383164005806,63.0,0.0,572.0018650193218,nan,nan,nan,nan,nan,1.0,0.15,nan,nan,nan,nan
1558,0.63579604578564,800.0,680.0,70.0,0.8970588235294118,64.0,0.0,576.8672872047423,nan,nan,nan,nan,nan,1.0,0.15,nan,nan,nan,nan
1559,0.6222684703433923,786.0,669.0,72.0,0.8923766816143498,62.0,0.0,564.3046525898006,nan,nan,nan,nan,nan,1.0,0.15,nan,nan,nan,nan
1560,0.6139438085327783,763.0,646.0,57.0,0.9117647058823529,58.0,0.0,561.8859096541422,nan,nan,nan,nan,nan,1.0,0.15,nan,nan,nan,nan
1561,0.6586888657648283,802.0,697.0,65.0,0.9067431850789096,64.0,0.0,600.5701613078111,nan,nan,nan,nan,nan,1.0,0.15,nan,nan,nan,nan
1562,0.6576482830385015,803.0,694.0,63.0,0.909221902017291,63.0,0.0,600.6943264875413,nan,nan,nan,nan,nan,1.0,0.15,nan,nan,nan,nan
1563,0.6472424557752341,797.0,688.0,67.0,0.9026162790697675,63.0,0.0,589.4468955011371,nan,nan,nan,nan,nan,1.0,0.15,nan,nan,nan,nan
1564,0.644120707596254,816.0,693.0,75.0,0.8917748917748918,64.0,0.0,583.3233961629871,nan,nan,nan,nan,nan,1.0,0.15,nan,nan,nan,nan
1565,0.644120707596254,818.0,693.0,75.0,0.8917748917748918,63.0,0.0,583.7456715793626,nan,nan,nan,nan,nan,1.0,0.15,nan,nan,nan,nan
1566,0.6326742976066597,804.0,684.0,77.0,0.8874269005847953,64.0,0.0,571.7266995935458,nan,nan,nan,nan,nan,1.0,0.15,nan,nan,nan,nan
1567,0.6462018730489074,814.0,682.0,62.0,0.9090909090909091,64.0,0.0,588.9845652413378,nan,nan,nan,nan,nan,1.0,0.15,nan,nan,nan,nan
1568,0.6399583766909469,793.0,681.0,67.0,0.9016152716593245,62.0,0.0,582.6875434408191,9.61852208773295,0.0002685193903744221,18.297406514485676,3.4387974937756858,0.00042980665815169533,1.0,0.15,nan,nan,nan,nan
1569,0.644120707596254,786.0,683.0,65.0,0.9048316251830161,63.0,0.0,587.0820668334973,nan,nan,nan,nan,nan,1.0,0.15,nan,nan,nan,nan
1570,0.6347554630593132,800.0,682.0,73.0,0.8929618768328446,64.0,0.0,574.3994626507784,nan,nan,nan,nan,nan,1.0,0.15,nan,nan,nan,nan
1571,0.659729448491155,818.0,703.0,70.0,0.9004267425320057,62.0,0.0,600.6629106311813,nan,nan,nan,nan,nan,1.0,0.15,nan,nan,nan,nan
1572,0.6607700312174818,818.0,698.0,64.0,0.9083094555873925,64.0,0.0,602.8683358063699,nan,nan,nan,nan,nan,1.0,0.15,nan,nan,nan,nan
1573,0.631633714880333,799.0,684.0,78.0,0.8859649122807017,62.0,0.0,571.2262256631863,nan,nan,nan,nan,nan,1.0,0.15,nan,nan,nan,nan
1574,0.6056191467221644,762.0,654.0,73.0,0.8883792048929664,62.0,0.0,547.982311913968,nan,nan,nan,nan,nan,1.0,0.15,nan,nan,nan,nan
1575,0.6430801248699272,784.0,675.0,58.0,0.914074074074074,61.0,0.0,588.7895145854951,nan,nan,nan,nan,nan,1.0,0.15,nan,nan,nan,nan
1576,0.6493236212278877,809.0,702.0,79.0,0.8874643874643875,63.0,0.0,587.6356258358969,nan,nan,nan,nan,nan,1.0,0.15,nan,nan,nan,nan
1577,0.6420395421436004,819.0,695.0,79.0,0.8863309352517985,64.0,0.0,580.0478613696113,nan,nan,nan,nan,nan,1.0,0.15,nan,nan,nan,nan
1578,0.6555671175858481,805.0,694.0,65.0,0.9063400576368876,64.0,0.0,597.6225717697151,nan,nan,nan,nan,nan,1.0,0.15,nan,nan,nan,nan
1579,0.6618106139438086,818.0,712.0,77.0,0.8918539325842697,64.0,0.0,600.1119904413226,nan,nan,nan,nan,nan,1.0,0.15,nan,nan,nan,nan
1580,0.63579604578564,806.0,681.0,71.0,0.895741556534508,61.0,0.0,577.2059610948564,nan,nan,nan,nan,nan,1.0,0.15,nan,nan,nan,nan
1581,0.6399583766909469,781.0,675.0,61.0,0.9096296296296297,63.0,0.0,583.8929313449873,nan,nan,nan,nan,nan,1.0,0.15,nan,nan,nan,nan
1582,0.6576482830385015,829.0,704.0,73.0,0.8963068181818182,62.0,0.0,597.0751268520363,nan,nan,nan,nan,nan,1.0,0.15,nan,nan,nan,nan
1583,0.6420395421436004,798.0,693.0,77.0,0.8888888888888888,63.0,0.0,580.6268538694387,nan,nan,nan,nan,nan,1.0,0.15,nan,nan,nan,nan
1584,0.6420395421436004,789.0,674.0,58.0,0.913946587537092,63.0,0.0,587.0550109968203,8.738425215085348,-0.003098950022831559,16.534547805786133,3.474408427874247,0.0013600292319703537,1.0,0.15,nan,nan,nan,nan
1585,0.6482830385015609,769.0,676.0,54.0,0.9201183431952663,61.0,0.0,595.4677209320079,nan,nan,nan,nan,nan,1.0,0.15,nan,nan,nan,nan
1586,0.6493236212278877,814.0,703.0,80.0,0.8862019914651493,63.0,0.0,587.4403767223364,nan,nan,nan,nan,nan,1.0,0.15,nan,nan,nan,nan
1587,0.6160249739854319,762.0,661.0,70.0,0.8940998487140696,60.0,0.0,559.6179461154942,nan,nan,nan,nan,nan,1.0,0.15,nan,nan,nan,nan
1588,0.627471383975026,793.0,688.0,86.0,0.875,64.0,0.0,564.1747544937147,nan,nan,nan,nan,nan,1.0,0.15,nan,nan,nan,nan
1589,0.6482830385015609,807.0,693.0,71.0,0.8975468975468975,64.0,0.0,588.6311208682052,nan,nan,nan,nan,nan,1.0,0.15,nan,nan,nan,nan
1590,0.644120707596254,795.0,694.0,76.0,0.8904899135446686,62.0,0.0,584.1864110960967,nan,nan,nan,nan,nan,1.0,0.15,nan,nan,nan,nan
1591,0.6514047866805411,801.0,699.0,74.0,0.894134477825465,62.0,0.0,591.6757610740676,nan,nan,nan,nan,nan,1.0,0.15,nan,nan,nan,nan
1592,0.6222684703433923,763.0,657.0,60.0,0.908675799086758,60.0,0.0,568.6800116462723,nan,nan,nan,nan,nan,1.0,0.15,nan,nan,nan,nan
1593,0.6451612903225806,808.0,683.0,64.0,0.9062957540263543,64.0,0.0,587.8051381912245,nan,nan,nan,nan,nan,1.0,0.15,nan,nan,nan,nan
1594,0.6368366285119667,771.0,673.0,62.0,0.9078751857355126,62.0,0.0,581.5356050710685,nan,nan,nan,nan,nan,1.0,0.15,nan,nan,nan,nan
1595,0.6378772112382934,789.0,674.0,62.0,0.9080118694362018,62.0,0.0,582.0804473853112,nan,nan,nan,nan,nan,1.0,0.15,nan,nan,nan,nan
1596,0.644120707596254,792.0,685.0,67.0,0.9021897810218978,60.0,0.0,587.0580340604795,nan,nan,nan,nan,nan,1.0,0.15,nan,nan,nan,nan
1597,0.6462018730489074,796.0,682.0,62.0,0.9090909090909091,63.0,0.0,589.7150446438785,nan,nan,nan,nan,nan,1.0,0.15,nan,nan,nan,nan
1598,0.63579604578564,809.0,686.0,76.0,0.8892128279883382,63.0,0.0,575.3633366508486,nan,nan,nan,nan,nan,1.0,0.15,nan,nan,nan,nan
1599,0.6524453694068678,793.0,692.0,66.0,0.9046242774566474,63.0,0.0,594.688531927586,nan,nan,nan,nan,nan,1.0,0.15,nan,nan,nan,nan
1600,0.631633714880333,795.0,669.0,63.0,0.905829596412556,62.0,0.0,575.5710998239538,9.38153866926829,-0.0001318998790035645,17.813493728637695,3.478576958179474,0.0005780930769105908,1.0,0.15,0.6553173777315296,0.6356919875130073,0.9310621479639998,0.0
1601,0.6534859521331946,806.0,695.0,68.0,0.902158273381295,64.0,0.0,594.659974537373,nan,nan,nan,nan,nan,1.0,0.15,nan,nan,nan,nan
1602,0.6649323621227887,817.0,705.0,67.0,0.9049645390070922,64.0,0.0,606.1014075555817,nan,nan,nan,nan,nan,1.0,0.15,nan,nan,nan,nan
1603,0.6399583766909469,807.0,700.0,86.0,0.8771428571428571,63.0,0.0,576.5650451550503,nan,nan,nan,nan,nan,1.0,0.15,nan,nan,nan,nan
1604,0.6472424557752341,792.0,682.0,61.0,0.9105571847507331,62.0,0.0,591.5944308772089,nan,nan,nan,nan,nan,1.0,0.15,nan,nan,nan,nan
1605,0.6493236212278877,815.0,693.0,70.0,0.898989898989899,62.0,0.0,590.4937007532119,nan,nan,nan,nan,nan,1.0,0.15,nan,nan,nan,nan
1606,0.6649323621227887,792.0,696.0,58.0,0.9166666666666666,64.0,0.0,608.8666080193516,nan,nan,nan,nan,nan,1.0,0.15,nan,nan,nan,nan
1607,0.6181061394380853,779.0,669.0,76.0,0.8863976083707026,62.0,0.0,559.3137600226424,nan,nan,nan,nan,nan,1.0,0.15,nan,nan,nan,nan
1608,0.659729448491155,816.0,696.0,63.0,0.9094827586206896,61.0,0.0,603.1644141921997,nan,nan,nan,nan,nan,1.0,0.15,nan,nan,nan,nan
1609,0.6201873048907388,761.0,654.0,59.0,0.9097859327217125,62.0,0.0,566.2210048289312,nan,nan,nan,nan,nan,1.0,0.15,nan,nan,nan,nan
1610,0.6670135275754423,804.0,698.0,58.0,0.9169054441260746,64.0,0.0,611.0195303544994,nan,nan,nan,nan,nan,1.0,0.15,nan,nan,nan,nan
1611,0.6201873048907388,780.0,658.0,63.0,0.9042553191489362,61.0,0.0,564.4435960264212,nan,nan,nan,nan,nan,1.0,0.15,nan,nan,nan,nan
1612,0.6378772112382934,813.0,688.0,76.0,0.8895348837209303,63.0,0.0,577.3470116891862,nan,nan,nan,nan,nan,1.0,0.15,nan,nan,nan,nan
1613,0.6462018730489074,810.0,696.0,76.0,0.8908045977011494,64.0,0.0,585.1306557259562,nan,nan,nan,nan,nan,1.0,0.15,nan,nan,nan,nan
1614,0.627471383975026,802.0,683.0,81.0,0.8814055636896047,61.0,0.0,565.6753820757878,nan,nan,nan,nan,nan,1.0,0.15,nan,nan,nan,nan
1615,0.644120707596254,798.0,694.0,76.0,0.8904899135446686,63.0,0.0,583.4011601815234,nan,nan,nan,nan,nan,1.0,0.15,nan,nan,nan,nan
1616,0.6586888657648283,798.0,695.0,63.0,0.9093525179856116,63.0,0.0,601.4638717808724,8.857107957204184,-0.006735101497421662,16.787992874781292,3.4419769644737244,0.0006953850485539684,1.0,0.15,nan,nan,nan,nan
1617,0.6420395421436004,787.0,681.0,65.0,0.9045521292217328,63.0,0.0,585.0124579305651,nan,nan,nan,nan,nan,1.0,0.15,nan,nan,nan,nan
1618,0.6472424557752341,817.0,689.0,68.0,0.9013062409288825,63.0,0.0,588.3465480685244,nan,nan,nan,nan,nan,1.0,0.15,nan,nan,nan,nan
1619,0.627471383975026,799.0,681.0,79.0,0.8839941262848752,64.0,0.0,566.3584710645703,nan,nan,nan,nan,nan,1.0,0.15,nan,nan,nan,nan
1620,0.6409989594172737,817.0,683.0,68.0,0.9004392386530015,63.0,0.0,582.297598698617,nan,nan,nan,nan,nan,1.0,0.15,nan,nan,nan,nan
1621,0.63579604578564,785.0,671.0,61.0,0.9090909090909091,63.0,0.0,580.1744949951178,nan,nan,nan,nan,nan,1.0,0.15,nan,nan,nan,nan
1622,0.6628511966701353,811.0,692.0,56.0,0.9190751445086706,63.0,0.0,607.2789718761438,nan,nan,nan,nan,nan,1.0,0.15,nan,nan,nan,nan
1623,0.6409989594172737,769.0,672.0,57.0,0.9151785714285714,58.0,0.0,588.3290189676278,nan,nan,nan,nan,nan,1.0,0.15,nan,nan,nan,nan
1624,0.6014568158168574,752.0,639.0,62.0,0.9029733959311425,59.0,0.0,548.3944119005223,nan,nan,nan,nan,nan,1.0,0.15,nan,nan,nan,nan
1625,0.6628511966701353,817.0,693.0,57.0,0.9177489177489178,63.0,0.0,607.067909547805,nan,nan,nan,nan,nan,1.0,0.15,nan,nan,nan,nan
1626,0.6222684703433923,776.0,653.0,56.0,0.9142419601837672,61.0,0.0,568.6630484623918,nan,nan,nan,nan,nan,1.0,0.15,nan,nan,nan,nan
1627,0.6534859521331946,810.0,693.0,66.0,0.9047619047619048,63.0,0.0,595.2259440364846,nan,nan,nan,nan,nan,1.0,0.15,nan,nan,nan,nan
1628,0.6326742976066597,767.0,664.0,57.0,0.9141566265060241,61.0,0.0,579.335270071507,nan,nan,nan,nan,nan,1.0,0.15,nan,nan,nan,nan
1629,0.6618106139438086,806.0,688.0,53.0,0.9229651162790697,63.0,0.0,607.2750793361665,nan,nan,nan,nan,nan,1.0,0.15,nan,nan,nan,nan
1630,0.6462018730489074,822.0,693.0,73.0,0.8946608946608947,63.0,0.0,586.4302967934625,nan,nan,nan,nan,nan,1.0,0.15,nan,nan,nan,nan
1631,0.6409989594172737,783.0,675.0,60.0,0.9111111111111111,61.0,0.0,586.2871304092423,nan,nan,nan,nan,nan,1.0,0.15,nan,nan,nan,nan
1632,0.6451612903225806,808.0,692.0,73.0,0.8945086705202312,64.0,0.0,585.0045002594006,8.96977166334788,-0.00042670035812382895,16.97467041015625,3.535674750804901,0.0002798781752062496,1.0,0.15,nan,nan,nan,nan
1633,0.6555671175858481,819.0,690.0,61.0,0.9115942028985508,62.0,0.0,599.249679201603,nan,nan,nan,nan,nan,1.0,0.15,nan,nan,nan,nan
1634,0.6368366285119667,802.0,691.0,80.0,0.8842257597684515,64.0,0.0,575.0402977156645,nan,nan,nan,nan,nan,1.0,0.15,nan,nan,nan,nan
1635,0.6659729448491155,792.0,691.0,52.0,0.9247467438494935,60.0,0.0,613.0450271234511,nan,nan,nan,nan,nan,1.0,0.15,nan,nan,nan,nan
1636,0.6389177939646202,806.0,688.0,75.0,0.8909883720930233,64.0,0.0,578.4351062726988,nan,nan,nan,nan,nan,1.0,0.15,nan,nan,nan,nan
1637,0.6295525494276795,800.0,687.0,83.0,0.8791848617176128,63.0,0.0,567.4097110095043,nan,nan,nan,nan,nan,1.0,0.15,nan,nan,nan,nan
1638,0.631633714880333,797.0,682.0,76.0,0.8885630498533724,64.0,0.0,571.2829713335057,nan,nan,nan,nan,nan,1.0,0.15,nan,nan,nan,nan
1639,0.6566077003121749,805.0,686.0,56.0,0.9183673469387755,62.0,0.0,601.979350667954,nan,nan,nan,nan,nan,1.0,0.15,nan,nan,nan,nan
1640,0.6472424557752341,830.0,698.0,77.0,0.8896848137535817,64.0,0.0,585.2870723123546,nan,nan,nan,nan,nan,1.0,0.15,nan,nan,nan,nan
1641,0.6253902185223725,792.0,671.0,71.0,0.8941877794336811,63.0,0.0,566.9126911268245,nan,nan,nan,nan,nan,1.0,0.15,nan,nan,nan,nan
1642,0.6129032258064516,796.0,677.0,89.0,0.8685376661742984,62.0,0.0,549.5482186269777,nan,nan,nan,nan,nan,1.0,0.15,nan,nan,nan,nan
1643,0.6524453694068678,816.0,705.0,79.0,0.8879432624113475,62.0,0.0,591.0811346192363,nan,nan,nan,nan,nan,1.0,0.15,nan,nan,nan,nan
1644,0.6399583766909469,785.0,677.0,63.0,0.9069423929098966,64.0,0.0,582.9665873160369,nan,nan,nan,nan,nan,1.0,0.15,nan,nan,nan,nan
1645,0.6420395421436004,811.0,685.0,69.0,0.8992700729927007,61.0,0.0,584.1124087977429,nan,nan,nan,nan,nan,1.0,0.15,nan,nan,nan,nan
1646,0.6264308012486993,770.0,664.0,63.0,0.9051204819277109,62.0,0.0,570.933971527102,nan,nan,nan,nan,nan,1.0,0.15,nan,nan,nan,nan
1647,0.6503642039542143,787.0,676.0,52.0,0.9230769230769231,62.0,0.0,597.3808324956904,nan,nan,nan,nan,nan,1.0,0.15,nan,nan,nan,nan
1648,0.644120707596254,782.0,666.0,48.0,0.9279279279279279,60.0,0.0,592.990819183349,9.280231436093649,-0.0005697559875746568,17.604291836420696,3.5029202898343406,0.00026122375614553067,1.0,0.15,nan,nan,nan,nan
1649,0.63579604578564,785.0,673.0,63.0,0.9063893016344725,63.0,0.0,579.3394237985622,nan,nan,nan,nan,nan,1.0,0.15,nan,nan,nan,nan
1650,0.6451612903225806,785.0,689.0,70.0,0.8984034833091437,62.0,0.0,587.1411921072014,nan,nan,nan,nan,nan,1.0,0.15,nan,nan,nan,nan
1651,0.659729448491155,797.0,686.0,53.0,0.922740524781341,63.0,0.0,605.7828449549675,nan,nan,nan,nan,nan,1.0,0.15,nan,nan,nan,nan
1652,0.6108220603537982,759.0,646.0,60.0,0.9071207430340558,60.0,0.0,557.5927952818886,nan,nan,nan,nan,nan,1.0,0.15,nan,nan,nan,nan
1653,0.63579604578564,788.0,677.0,67.0,0.9010339734121122,64.0,0.0,578.1977700099956,nan,nan,nan,nan,nan,1.0,0.15,nan,nan,nan,nan
1654,0.6482830385015609,817.0,707.0,85.0,0.8797736916548797,63.0,0.0,584.7544398050304,nan,nan,nan,nan,nan,1.0,0.15,nan,nan,nan,nan
1655,0.6326742976066597,798.0,676.0,69.0,0.8979289940828402,61.0,0.0,575.2761399526612,nan,nan,nan,nan,nan,1.0,0.15,nan,nan,nan,nan
1656,0.6586888657648283,822.0,710.0,78.0,0.8901408450704226,61.0,0.0,597.6248460164071,nan,nan,nan,nan,nan,1.0,0.15,nan,nan,nan,nan
1657,0.6576482830385015,813.0,711.0,80.0,0.8874824191279888,61.0,0.0,596.1722842307097,nan,nan,nan,nan,nan,1.0,0.15,nan,nan,nan,nan
1658,0.6253902185223725,787.0,666.0,66.0,0.9009009009009009,60.0,0.0,569.8509082417505,nan,nan,nan,nan,nan,1.0,0.15,nan,nan,nan,nan
1659,0.6482830385015609,811.0,692.0,70.0,0.8988439306358381,64.0,0.0,589.0229922919292,nan,nan,nan,nan,nan,1.0,0.15,nan,nan,nan,nan
1660,0.6493236212278877,799.0,690.0,67.0,0.9028985507246376,63.0,0.0,591.2883197097792,nan,nan,nan,nan,nan,1.0,0.15,nan,nan,nan,nan
1661,0.6139438085327783,738.0,634.0,45.0,0.9290220820189274,59.0,0.0,565.9490072970395,nan,nan,nan,nan,nan,1.0,0.15,nan,nan,nan,nan
1662,0.6118626430801248,763.0,653.0,66.0,0.8989280245022971,59.0,0.0,557.3959868388193,nan,nan,nan,nan,nan,1.0,0.15,nan,nan,nan,nan
1663,0.6472424557752341,797.0,685.0,64.0,0.9065693430656935,63.0,0.0,590.0673526854507,nan,nan,nan,nan,nan,1.0,0.15,nan,nan,nan,nan
1664,0.631633714880333,785.0,669.0,63.0,0.905829596412556,61.0,0.0,575.9966346030253,9.256085872650146,-0.001077750852952401,17.54825758934021,3.5375280578931174,0.000879049325400653,1.0,0.15,nan,nan,nan,nan
1665,0.6409989594172737,793.0,680.0,65.0,0.9044117647058824,61.0,0.0,584.4108865523351,nan,nan,nan,nan,nan,1.0,0.15,nan,nan,nan,nan
1666,0.6472424557752341,822.0,701.0,80.0,0.8858773181169758,61.0,0.0,584.9836456131935,nan,nan,nan,nan,nan,1.0,0.15,nan,nan,nan,nan
1667,0.6139438085327783,784.0,666.0,77.0,0.8843843843843844,60.0,0.0,554.9783383407614,nan,nan,nan,nan,nan,1.0,0.15,nan,nan,nan,nan
1668,0.6264308012486993,795.0,673.0,72.0,0.8930163447251115,61.0,0.0,568.3961621007927,nan,nan,nan,nan,nan,1.0,0.15,nan,nan,nan,nan
1669,0.6503642039542143,807.0,698.0,74.0,0.8939828080229226,64.0,0.0,589.866564918042,nan,nan,nan,nan,nan,1.0,0.15,nan,nan,nan,nan
1670,0.6253902185223725,802.0,669.0,69.0,0.8968609865470852,63.0,0.0,567.3711988940258,nan,nan,nan,nan,nan,1.0,0.15,nan,nan,nan,nan
1671,0.6409989594172737,819.0,687.0,72.0,0.8951965065502183,63.0,0.0,581.389848118783,nan,nan,nan,nan,nan,1.0,0.15,nan,nan,nan,nan
1672,0.6690946930280958,816.0,707.0,65.0,0.9080622347949081,64.0,0.0,610.8288876428612,nan,nan,nan,nan,nan,1.0,0.15,nan,nan,nan,nan
1673,0.6160249739854319,761.0,651.0,60.0,0.9078341013824884,61.0,0.0,562.5963364901551,nan,nan,nan,nan,nan,1.0,0.15,nan,nan,nan,nan
1674,0.6285119667013528,794.0,674.0,71.0,0.8946587537091988,63.0,0.0,569.9266872324953,nan,nan,nan,nan,nan,1.0,0.15,nan,nan,nan,nan
1675,0.6462018730489074,772.0,670.0,50.0,0.9253731343283582,61.0,0.0,594.5324334950456,nan,nan,nan,nan,nan,1.0,0.15,nan,nan,nan,nan
1676,0.644120707596254,793.0,691.0,73.0,0.894356005788712,63.0,0.0,584.4922290549289,nan,nan,nan,nan,nan,1.0,0.15,nan,nan,nan,nan
1677,0.6181061394380853,783.0,658.0,65.0,0.9012158054711246,60.0,0.0,562.5063664927492,nan,nan,nan,nan,nan,1.0,0.15,nan,nan,nan,nan
1678,0.6389177939646202,792.0,681.0,68.0,0.9001468428781204,63.0,0.0,580.4018446254731,nan,nan,nan,nan,nan,1.0,0.15,nan,nan,nan,nan
1679,0.6399583766909469,783.0,676.0,62.0,0.908284023668639,62.0,0.0,584.1583523144732,nan,nan,nan,nan,nan,1.0,0.15,nan,nan,nan,nan
1680,0.659729448491155,811.0,697.0,64.0,0.9081779053084649,64.0,0.0,602.033342544556,8.842084089914957,-0.0029879544551173844,16.741358518600464,3.47272527217865,0.0010431539315807943,1.0,0.15,nan,nan,nan,nan
1681,0.6649323621227887,817.0,706.0,68.0,0.9036827195467422,64.0,0.0,605.017659244061,nan,nan,nan,nan,nan,1.0,0.15,nan,nan,nan,nan
1682,0.644120707596254,784.0,678.0,60.0,0.911504424778761,62.0,0.0,588.6381070523258,nan,nan,nan,nan,nan,1.0,0.15,nan,nan,nan,nan
1683,0.659729448491155,805.0,696.0,63.0,0.9094827586206896,62.0,0.0,602.7888229465497,nan,nan,nan,nan,nan,1.0,0.15,nan,nan,nan,nan
1684,0.6285119667013528,799.0,679.0,76.0,0.8880706921944035,62.0,0.0,568.4996857953086,nan,nan,nan,nan,nan,1.0,0.15,nan,nan,nan,nan
1685,0.6056191467221644,794.0,672.0,91.0,0.8645833333333334,64.0,0.0,540.3247528738987,nan,nan,nan,nan,nan,1.0,0.15,nan,nan,nan,nan
1686,0.6493236212278877,806.0,685.0,62.0,0.9094890510948905,64.0,0.0,592.2200336079603,nan,nan,nan,nan,nan,1.0,0.15,nan,nan,nan,nan
1687,0.6493236212278877,785.0,678.0,55.0,0.9188790560471977,64.0,0.0,594.6722415094383,nan,nan,nan,nan,nan,1.0,0.15,nan,nan,nan,nan
1688,0.6576482830385015,805.0,691.0,60.0,0.9131693198263386,62.0,0.0,601.7776712260243,nan,nan,nan,nan,nan,1.0,0.15,nan,nan,nan,nan
1689,0.6222684703433923,789.0,682.0,85.0,0.875366568914956,62.0,0.0,560.0627966899893,nan,nan,nan,nan,nan,1.0,0.15,nan,nan,nan,nan
1690,0.627471383975026,805.0,677.0,75.0,0.8892171344165436,61.0,0.0,568.0445292873407,nan,nan,nan,nan,nan,1.0,0.15,nan,nan,nan,nan
1691,0.6368366285119667,776.0,669.0,58.0,0.9133034379671151,60.0,0.0,583.1152782611848,nan,nan,nan,nan,nan,1.0,0.15,nan,nan,nan,nan
1692,0.6472424557752341,782.0,685.0,64.0,0.9065693430656935,60.0,0.0,591.6331565041551,nan,nan,nan,nan,nan,1.0,0.15,nan,nan,nan,nan
1693,0.619146722164412,799.0,672.0,78.0,0.8839285714285714,64.0,0.0,557.699872922422,nan,nan,nan,nan,nan,1.0,0.15,nan,nan,nan,nan
1694,0.6722164412070759,827.0,720.0,75.0,0.8958333333333334,60.0,0.0,611.4964662547103,nan,nan,nan,nan,nan,1.0,0.15,nan,nan,nan,nan
1695,0.6534859521331946,778.0,673.0,46.0,0.9316493313521546,64.0,0.0,601.5089719686512,nan,nan,nan,nan,nan,1.0,0.15,nan,nan,nan,nan
1696,0.6493236212278877,812.0,687.0,64.0,0.9068413391557496,64.0,0.0,591.1788144516944,8.510689655939737,-0.0009566490383197864,16.079534928003948,3.456046203772227,0.00019377636150845015,1.0,0.15,nan,nan,nan,nan
1697,0.6607700312174818,783.0,679.0,45.0,0.9337260677466863,60.0,0.0,610.2002984952934,nan,nan,nan,nan,nan,1.0,0.15,nan,nan,nan,nan
1698,0.6295525494276795,769.0,667.0,63.0,0.9055472263868066,61.0,0.0,574.7943908271793,nan,nan,nan,nan,nan,1.0,0.15,nan,nan,nan,nan
1699,0.6472424557752341,785.0,689.0,68.0,0.9013062409288825,64.0,0.0,589.1212555060387,nan,nan,nan,nan,nan,1.0,0.15,nan,nan,nan,nan
1700,0.6711758584807492,810.0,710.0,66.0,0.9070422535211268,64.0,0.0,612.4098796052918,nan,nan,nan,nan,nan,1.0,0.15,0.6529656607700314,0.6346514047866805,0.9285521174518098,0.0
1701,0.6420395421436004,792.0,686.0,70.0,0.8979591836734694,63.0,0.0,583.4328837671302,nan,nan,nan,nan,nan,1.0,0.15,nan,nan,nan,nan
1702,0.6368366285119667,791.0,684.0,73.0,0.8932748538011696,62.0,0.0,577.5429118504532,nan,nan,nan,nan,nan,1.0,0.15,nan,nan,nan,nan
1703,0.6222684703433923,779.0,674.0,77.0,0.8857566765578635,63.0,0.0,562.6117519564646,nan,nan,nan,nan,nan,1.0,0.15,nan,nan,nan,nan
1704,0.6233090530697191,789.0,665.0,67.0,0.8992481203007519,62.0,0.0,566.6245720629709,nan,nan,nan,nan,nan,1.0,0.15,nan,nan,nan,nan
1705,0.6233090530697191,753.0,639.0,41.0,0.9358372456964006,61.0,0.0,574.9776410431868,nan,nan,nan,nan,nan,1.0,0.15,nan,nan,nan,nan
1706,0.6378772112382934,781.0,674.0,62.0,0.9080118694362018,62.0,0.0,582.4449546251295,nan,nan,nan,nan,nan,1.0,0.15,nan,nan,nan,nan
1707,0.6576482830385015,818.0,698.0,67.0,0.9040114613180515,64.0,0.0,598.6638408699046,nan,nan,nan,nan,nan,1.0,0.15,nan,nan,nan,nan
1708,0.6212278876170656,766.0,659.0,63.0,0.9044006069802731,62.0,0.0,565.8615933423047,nan,nan,nan,nan,nan,1.0,0.15,nan,nan,nan,nan
1709,0.6732570239334027,811.0,708.0,62.0,0.9124293785310734,63.0,0.0,615.8444236273764,nan,nan,nan,nan,nan,1.0,0.15,nan,nan,nan,nan
1710,0.6451612903225806,792.0,690.0,71.0,0.8971014492753623,63.0,0.0,586.203184232237,nan,nan,nan,nan,nan,1.0,0.15,nan,nan,nan,nan
1711,0.6305931321540063,769.0,664.0,59.0,0.911144578313253,62.0,0.0,576.1685162377371,nan,nan,nan,nan,nan,1.0,0.15,nan,nan,nan,nan
1712,0.6545265348595213,795.0,687.0,59.0,0.9141193595342066,64.0,0.0,598.5488127222073,9.398852427800497,-0.0021072092155615487,17.845900535583496,3.5014469822247825,0.00031502398633165285,1.0,0.15,nan,nan,nan,nan
1713,0.6399583766909469,762.0,655.0,41.0,0.9374045801526718,62.0,0.0,590.5408829193124,nan,nan,nan,nan,nan,1.0,0.15,nan,nan,nan,nan
1714,0.6451612903225806,794.0,685.0,66.0,0.9036496350364963,61.0,0.0,588.3477535724645,nan,nan,nan,nan,nan,1.0,0.15,nan,nan,nan,nan
1715,0.6409989594172737,809.0,696.0,81.0,0.8836206896551724,63.0,0.0,578.9324964876203,nan,nan,nan,nan,nan,1.0,0.15,nan,nan,nan,nan
1716,0.6451612903225806,804.0,696.0,77.0,0.889367816091954,63.0,0.0,583.9809095063222,nan,nan,nan,nan,nan,1.0,0.15,nan,nan,nan,nan
1717,0.6337148803329865,797.0,682.0,74.0,0.8914956011730205,64.0,0.0,573.4754570651061,nan,nan,nan,nan,nan,1.0,0.15,nan,nan,nan,nan
1718,0.6690946930280958,827.0,717.0,75.0,0.895397489539749,62.0,0.0,608.3338361892698,nan,nan,nan,nan,nan,1.0,0.15,nan,nan,nan,nan
1719,0.6566077003121749,832.0,708.0,78.0,0.8898305084745762,64.0,0.0,594.4613442778592,nan,nan,nan,nan,nan,1.0,0.15,nan,nan,nan,nan
1720,0.6472424557752341,797.0,683.0,62.0,0.9092240117130308,62.0,0.0,591.0955146560673,nan,nan,nan,nan,nan,1.0,0.15,nan,nan,nan,nan
1721,0.6347554630593132,799.0,677.0,68.0,0.8995568685376661,62.0,0.0,576.6745282812129,nan,nan,nan,nan,nan,1.0,0.15,nan,nan,nan,nan
1722,0.6493236212278877,795.0,683.0,60.0,0.9121522693997072,62.0,0.0,593.7378137240416,nan,nan,nan,nan,nan,1.0,0.15,nan,nan,nan,nan
1723,0.6243496357960457,754.0,642.0,43.0,0.9330218068535826,61.0,0.0,575.2466800141343,nan,nan,nan,nan,nan,1.0,0.15,nan,nan,nan,nan
1724,0.6482830385015609,809.0,693.0,71.0,0.8975468975468975,63.0,0.0,588.9610250458735,nan,nan,nan,nan,nan,1.0,0.15,nan,nan,nan,nan
1725,0.6472424557752341,802.0,688.0,67.0,0.9026162790697675,64.0,0.0,588.8816449069982,nan,nan,nan,nan,nan,1.0,0.15,nan,nan,nan,nan
1726,0.6378772112382934,811.0,683.0,71.0,0.8960468521229868,64.0,0.0,578.1029252090456,nan,nan,nan,nan,nan,1.0,0.15,nan,nan,nan,nan
1727,0.6170655567117586,772.0,670.0,78.0,0.8835820895522388,61.0,0.0,557.8388942079565,nan,nan,nan,nan,nan,1.0,0.15,nan,nan,nan,nan
1728,0.6503642039542143,813.0,683.0,59.0,0.9136163982430454,63.0,0.0,594.3737165422435,7.980505188306172,-0.001021233464901646,15.016776005427042,3.4638810555140176,0.0006820700048895864,1.0,0.15,nan,nan,nan,nan
1729,0.619146722164412,777.0,672.0,78.0,0.8839285714285714,62.0,0.0,559.6098546643266,nan,nan,nan,nan,nan,1.0,0.15,nan,nan,nan,nan
1730,0.6430801248699272,824.0,689.0,72.0,0.895500725689405,64.0,0.0,582.9427902026194,nan,nan,nan,nan,nan,1.0,0.15,nan,nan,nan,nan
1731,0.6451612903225806,800.0,693.0,74.0,0.8932178932178932,63.0,0.0,585.3704196343431,nan,nan,nan,nan,nan,1.0,0.15,nan,nan,nan,nan
1732,0.6545265348595213,812.0,704.0,76.0,0.8920454545454546,64.0,0.0,592.8640792160046,nan,nan,nan,nan,nan,1.0,0.15,nan,nan,nan,nan
1733,0.6503642039542143,810.0,692.0,68.0,0.9017341040462428,63.0,0.0,591.7171001715664,nan,nan,nan,nan,nan,1.0,0.15,nan,nan,nan,nan
1734,0.6409989594172737,818.0,688.0,73.0,0.8938953488372093,62.0,0.0,581.0675567016617,nan,nan,nan,nan,nan,1.0,0.15,nan,nan,nan,nan
1735,0.619146722164412,760.0,657.0,63.0,0.9041095890410958,62.0,0.0,564.0472173490525,nan,nan,nan,nan,nan,1.0,0.15,nan,nan,nan,nan
1736,0.6534859521331946,801.0,696.0,69.0,0.9008620689655172,62.0,0.0,595.2877215013498,nan,nan,nan,nan,nan,1.0,0.15,nan,nan,nan,nan
1737,0.6670135275754423,798.0,694.0,54.0,0.9221902017291066,63.0,0.0,612.6047757358558,nan,nan,nan,nan,nan,1.0,0.15,nan,nan,nan,nan
1738,0.6181061394380853,766.0,656.0,63.0,0.9039634146341463,61.0,0.0,563.2154540987029,nan,nan,nan,nan,nan,1.0,0.15,nan,nan,nan,nan
1739,0.6212278876170656,794.0,675.0,79.0,0.882962962962963,63.0,0.0,560.2214030137072,nan,nan,nan,nan,nan,1.0,0.15,nan,nan,nan,nan
1740,0.6493236212278877,787.0,691.0,68.0,0.9015918958031838,63.0,0.0,591.0995453195579,nan,nan,nan,nan,nan,1.0,0.15,nan,nan,nan,nan
1741,0.6243496357960457,781.0,663.0,64.0,0.9034690799396682,61.0,0.0,568.2929608364115,nan,nan,nan,nan,nan,1.0,0.15,nan,nan,nan,nan
1742,0.6566077003121749,809.0,699.0,69.0,0.9012875536480687,63.0,0.0,597.7370333747875,nan,nan,nan,nan,nan,1.0,0.15,nan,nan,nan,nan
1743,0.6326742976066597,796.0,691.0,84.0,0.8784370477568741,61.0,0.0,570.7728723778735,nan,nan,nan,nan,nan,1.0,0.15,nan,nan,nan,nan
1744,0.6378772112382934,812.0,692.0,80.0,0.884393063583815,61.0,0.0,577.0226556582456,8.636446913083395,0.0007343134687592586,16.327805121739704,3.457194725672404,0.0005025956973743936,1.0,0.15,nan,nan,nan,nan
1745,0.6139438085327783,767.0,663.0,74.0,0.8883861236802413,62.0,0.0,555.931801448347,nan,nan,nan,nan,nan,1.0,0.15,nan,nan,nan,nan
1746,0.631633714880333,780.0,669.0,63.0,0.905829596412556,61.0,0.0,576.3621549596808,nan,nan,nan,nan,nan,1.0,0.15,nan,nan,nan,nan
1747,0.6462018730489074,805.0,695.0,75.0,0.8920863309352518,62.0,0.0,586.2962793288247,nan,nan,nan,nan,nan,1.0,0.15,nan,nan,nan,nan
1748,0.6430801248699272,799.0,689.0,72.0,0.895500725689405,62.0,0.0,584.1247882604605,nan,nan,nan,nan,nan,1.0,0.15,nan,nan,nan,nan
1749,0.6378772112382934,803.0,682.0,70.0,0.8973607038123167,62.0,0.0,579.1878051915196,nan,nan,nan,nan,nan,1.0,0.15,nan,nan,nan,nan
1750,0.6451612903225806,788.0,686.0,67.0,0.902332361516035,64.0,0.0,587.1698284931183,nan,nan,nan,nan,nan,1.0,0.15,nan,nan,nan,nan
1751,0.6285119667013528,784.0,678.0,75.0,0.8893805309734514,62.0,0.0,569.2741324386608,nan,nan,nan,nan,nan,1.0,0.15,nan,nan,nan,nan
1752,0.6451612903225806,814.0,686.0,67.0,0.902332361516035,61.0,0.0,587.6870740766525,nan,nan,nan,nan,nan,1.0,0.15,nan,nan,nan,nan
1753,0.6451612903225806,792.0,678.0,59.0,0.9129793510324484,64.0,0.0,589.3758841810236,nan,nan,nan,nan,nan,1.0,0.15,nan,nan,nan,nan
1754,0.6472424557752341,796.0,681.0,60.0,0.9118942731277533,61.0,0.0,592.0220755515107,nan,nan,nan,nan,nan,1.0,0.15,nan,nan,nan,nan
1755,0.6326742976066597,782.0,670.0,63.0,0.9059701492537313,62.0,0.0,576.9391421194083,nan,nan,nan,nan,nan,1.0,0.15,nan,nan,nan,nan
1756,0.6618106139438086,828.0,702.0,67.0,0.9045584045584045,62.0,0.0,603.2160047974586,nan,nan,nan,nan,nan,1.0,0.15,nan,nan,nan,nan
1757,0.6264308012486993,777.0,662.0,61.0,0.9078549848942599,63.0,0.0,570.858655838967,nan,nan,nan,nan,nan,1.0,0.15,nan,nan,nan,nan
1758,0.644120707596254,800.0,692.0,74.0,0.8930635838150289,64.0,0.0,583.5330973014832,nan,nan,nan,nan,nan,1.0,0.15,nan,nan,nan,nan
1759,0.6545265348595213,816.0,699.0,71.0,0.8984263233190272,64.0,0.0,594.8312100076697,nan,nan,nan,nan,nan,1.0,0.15,nan,nan,nan,nan
1760,0.627471383975026,777.0,666.0,64.0,0.9039039039039038,62.0,0.0,571.8456152563092,9.460629224777222,-0.0011469773016870022,17.996647516886394,3.3993338346481323,0.0010328065715536165,1.0,0.15,nan,nan,nan,nan
1761,0.6326742976066597,774.0,668.0,61.0,0.9086826347305389,62.0,0.0,577.3958652162563,nan,nan,nan,nan,nan,1.0,0.15,nan,nan,nan,nan
1762,0.6337148803329865,797.0,691.0,83.0,0.8798842257597684,63.0,0.0,571.4560110535618,nan,nan,nan,nan,nan,1.0,0.15,nan,nan,nan,nan
1763,0.6368366285119667,818.0,677.0,66.0,0.9025110782865583,62.0,0.0,579.0396872954371,nan,nan,nan,nan,nan,1.0,0.15,nan,nan,nan,nan
1764,0.6482830385015609,795.0,684.0,62.0,0.9093567251461988,64.0,0.0,591.7782416915918,nan,nan,nan,nan,nan,1.0,0.15,nan,nan,nan,nan
1765,0.6482830385015609,787.0,676.0,54.0,0.9201183431952663,63.0,0.0,594.1560867695813,nan,nan,nan,nan,nan,1.0,0.15,nan,nan,nan,nan
1766,0.6545265348595213,810.0,705.0,77.0,0.8907801418439716,63.0,0.0,593.4875744943623,nan,nan,nan,nan,nan,1.0,0.15,nan,nan,nan,nan
1767,0.6285119667013528,770.0,653.0,50.0,0.9234303215926493,64.0,0.0,576.2920314126025,nan,nan,nan,nan,nan,1.0,0.15,nan,nan,nan,nan
1768,0.6566077003121749,821.0,707.0,77.0,0.8910891089108911,63.0,0.0,594.867343605519,nan,nan,nan,nan,nan,1.0,0.15,nan,nan,nan,nan
1769,0.668054110301769,807.0,706.0,65.0,0.9079320113314447,64.0,0.0,609.7926986517905,nan,nan,nan,nan,nan,1.0,0.15,nan,nan,nan,nan
1770,0.6056191467221644,803.0,679.0,98.0,0.8556701030927835,63.0,0.0,539.4421193079979,nan,nan,nan,nan,nan,1.0,0.15,nan,nan,nan,nan
1771,0.6482830385015609,802.0,684.0,62.0,0.9093567251461988,63.0,0.0,591.4148905167598,nan,nan,nan,nan,nan,1.0,0.15,nan,nan,nan,nan
1772,0.6493236212278877,786.0,679.0,56.0,0.9175257731958762,60.0,0.0,595.77935278511,nan,nan,nan,nan,nan,1.0,0.15,nan,nan,nan,nan
1773,0.6420395421436004,797.0,678.0,62.0,0.9085545722713865,63.0,0.0,585.4193470921524,nan,nan,nan,nan,nan,1.0,0.15,nan,nan,nan,nan
1774,0.6337148803329865,788.0,679.0,71.0,0.8954344624447718,64.0,0.0,574.6321191015253,nan,nan,nan,nan,nan,1.0,0.15,nan,nan,nan,nan
1775,0.603537981269511,759.0,661.0,82.0,0.875945537065053,62.0,0.0,543.2042417969725,nan,nan,nan,nan,nan,1.0,0.15,nan,nan,nan,nan
1776,0.586888657648283,757.0,645.0,82.0,0.8728682170542635,59.0,0.0,528.0793519792587,9.714472929636637,0.0006432804899911085,18.506331364313763,3.378916402657827,0.0006577006764321899,1.0,0.15,nan,nan,nan,nan
1777,0.6482830385015609,812.0,681.0,59.0,0.9133627019089574,60.0,0.0,592.8790962681766,nan,nan,nan,nan,nan,1.0,0.15,nan,nan,nan,nan
1778,0.6420395421436004,803.0,694.0,78.0,0.8876080691642652,62.0,0.0,581.3721646966951,nan,nan,nan,nan,nan,1.0,0.15,nan,nan,nan,nan
1779,0.6472424557752341,801.0,684.0,63.0,0.9078947368421053,64.0,0.0,590.1526043300636,nan,nan,nan,nan,nan,1.0,0.15,nan,nan,nan,nan
1780,0.6545265348595213,817.0,699.0,71.0,0.8984263233190272,64.0,0.0,594.2954176759721,nan,nan,nan,nan,nan,1.0,0.15,nan,nan,nan,nan
1781,0.6326742976066597,788.0,673.0,66.0,0.9019316493313522,62.0,0.0,576.1063086452502,nan,nan,nan,nan,nan,1.0,0.15,nan,nan,nan,nan
1782,0.6607700312174818,815.0,699.0,65.0,0.9070100143061517,63.0,0.0,602.6759906611443,nan,nan,nan,nan,nan,1.0,0.15,nan,nan,nan,nan
1783,0.6566077003121749,813.0,697.0,67.0,0.9038737446197992,64.0,0.0,598.1196618361495,nan,nan,nan,nan,nan,1.0,0.15,nan,nan,nan,nan
1784,0.627471383975026,769.0,658.0,56.0,0.9148936170212766,62.0,0.0,574.1391472263358,nan,nan,nan,nan,nan,1.0,0.15,nan,nan,nan,nan
1785,0.6618106139438086,816.0,709.0,74.0,0.8956276445698167,63.0,0.0,601.0593180522917,nan,nan,nan,nan,nan,1.0,0.15,nan,nan,nan,nan
1786,0.6607700312174818,822.0,701.0,67.0,0.9044222539229672,63.0,0.0,601.7870988879205,nan,nan,nan,nan,nan,1.0,0.15,nan,nan,nan,nan
1787,0.631633714880333,767.0,661.0,55.0,0.9167927382753404,60.0,0.0,579.3553710379605,nan,nan,nan,nan,nan,1.0,0.15,nan,nan,nan,nan
1788,0.6368366285119667,775.0,664.0,53.0,0.9201807228915663,62.0,0.0,583.9587594037056,nan,nan,nan,nan,nan,1.0,0.15,nan,nan,nan,nan
1789,0.6233090530697191,771.0,665.0,67.0,0.8992481203007519,63.0,0.0,566.6553452243814,nan,nan,nan,nan,nan,1.0,0.15,nan,nan,nan,nan
1790,0.627471383975026,794.0,676.0,74.0,0.8905325443786982,64.0,0.0,567.3577112002375,nan,nan,nan,nan,nan,1.0,0.15,nan,nan,nan,nan
1791,0.6618106139438086,809.0,700.0,65.0,0.9071428571428571,64.0,0.0,603.5703302359581,nan,nan,nan,nan,nan,1.0,0.15,nan,nan,nan,nan
1792,0.6264308012486993,790.0,677.0,76.0,0.8877400295420975,63.0,0.0,566.6864320273415,8.857328852017721,-0.0015560198420037825,16.765570163726807,3.4890175263086953,0.00021118672399704033,1.0,0.15,nan,nan,nan,nan
1793,0.6545265348595213,783.0,687.0,59.0,0.9141193595342066,62.0,0.0,599.524330410959,nan,nan,nan,nan,nan,1.0,0.15,nan,nan,nan,nan
1794,0.6337148803329865,768.0,654.0,46.0,0.9296636085626911,62.0,0.0,583.1719756879821,nan,nan,nan,nan,nan,1.0,0.15,nan,nan,nan,nan
1795,0.6462018730489074,812.0,703.0,83.0,0.8819345661450925,62.0,0.0,583.7757130479821,nan,nan,nan,nan,nan,1.0,0.15,nan,nan,nan,nan
1796,0.6545265348595213,792.0,692.0,64.0,0.9075144508670521,63.0,0.0,597.3213974528306,nan,nan,nan,nan,nan,1.0,0.15,nan,nan,nan,nan
1797,0.6462018730489074,793.0,681.0,61.0,0.9104258443465492,63.0,0.0,590.0269323725709,nan,nan,nan,nan,nan,1.0,0.15,nan,nan,nan,nan
1798,0.668054110301769,827.0,710.0,69.0,0.9028169014084507,64.0,0.0,608.2770353221906,nan,nan,nan,nan,nan,1.0,0.15,nan,nan,nan,nan
1799,0.6586888657648283,793.0,686.0,54.0,0.9212827988338192,63.0,0.0,604.2179873256686,nan,nan,nan,nan,nan,1.0,0.15,nan,nan,nan,nan
1800,0.6149843912591051,768.0,652.0,62.0,0.9049079754601227,62.0,0.0,559.8639853639608,nan,nan,nan,nan,nan,1.0,0.15,0.6568158168574402,0.6388137356919875,0.9315058110324386,0.0
1801,0.6555671175858481,791.0,684.0,55.0,0.9195906432748538,62.0,0.0,601.5792793297779,nan,nan,nan,nan,nan,1.0,0.15,nan,nan,nan,nan
1802,0.6607700312174818,808.0,693.0,59.0,0.9148629148629148,60.0,0.0,605.758207331181,nan,nan,nan,nan,nan,1.0,0.15,nan,nan,nan,nan
1803,0.6305931321540063,761.0,656.0,51.0,0.9222560975609756,62.0,0.0,578.969455992223,nan,nan,nan,nan,nan,1.0,0.15,nan,nan,nan,nan
1804,0.6378772112382934,783.0,675.0,63.0,0.9066666666666666,64.0,0.0,581.3493148632056,nan,nan,nan,nan,nan,1.0,0.15,nan,nan,nan,nan
1805,0.6462018730489074,807.0,696.0,76.0,0.8908045977011494,63.0,0.0,585.3217995934501,nan,nan,nan,nan,nan,1.0,0.15,nan,nan,nan,nan
1806,0.6399583766909469,793.0,684.0,70.0,0.8976608187134503,62.0,0.0,581.7522159423837,nan,nan,nan,nan,nan,1.0,0.15,nan,nan,nan,nan
1807,0.6326742976066597,774.0,670.0,63.0,0.9059701492537313,62.0,0.0,577.0605002799043,nan,nan,nan,nan,nan,1.0,0.15,nan,nan,nan,nan
1808,0.6524453694068678,809.0,695.0,69.0,0.9007194244604316,62.0,0.0,593.9952814974783,9.55919349193573,-0.0017057420045603067,18.16843295097351,3.4890899459520974,0.0012033071082745057,1.0,0.15,nan,nan,nan,nan
1809,0.6420395421436004,787.0,676.0,60.0,0.9112426035502958,64.0,0.0,586.0628773574833,nan,nan,nan,nan,nan,1.0,0.15,nan,nan,nan,nan
1810,0.6472424557752341,792.0,679.0,58.0,0.914580265095729,62.0,0.0,592.3820028777127,nan,nan,nan,nan,nan,1.0,0.15,nan,nan,nan,nan
1811,0.6347554630593132,797.0,683.0,74.0,0.8916544655929722,62.0,0.0,575.3204036540998,nan,nan,nan,nan,nan,1.0,0.15,nan,nan,nan,nan
1812,0.6628511966701353,820.0,712.0,76.0,0.8932584269662921,63.0,0.0,601.5832481040966,nan,nan,nan,nan,nan,1.0,0.15,nan,nan,nan,nan
1813,0.6493236212278877,802.0,683.0,60.0,0.9121522693997072,64.0,0.0,592.6282025713925,nan,nan,nan,nan,nan,1.0,0.15,nan,nan,nan,nan
1814,0.6368366285119667,782.0,670.0,59.0,0.9119402985074627,63.0,0.0,581.7337370562564,nan,nan,nan,nan,nan,1.0,0.15,nan,nan,nan,nan
1815,0.6305931321540063,779.0,671.0,66.0,0.9016393442622951,63.0,0.0,573.7494458909048,nan,nan,nan,nan,nan,1.0,0.15,nan,nan,nan,nan
1816,0.6233090530697191,803.0,676.0,78.0,0.8846153846153846,64.0,0.0,562.2595565238018,nan,nan,nan,nan,nan,1.0,0.15,nan,nan,nan,nan
1817,0.6545265348595213,815.0,691.0,63.0,0.9088277858176556,63.0,0.0,597.3702438621522,nan,nan,nan,nan,nan,1.0,0.15,nan,nan,nan,nan
1818,0.6493236212278877,803.0,684.0,61.0,0.9108187134502924,63.0,0.0,593.1800719776147,nan,nan,nan,nan,nan,1.0,0.15,nan,nan,nan,nan
1819,0.6201873048907388,771.0,662.0,67.0,0.8987915407854985,63.0,0.0,563.6520744433409,nan,nan,nan,nan,nan,1.0,0.15,nan,nan,nan,nan
1820,0.6607700312174818,804.0,681.0,47.0,0.9309838472834068,64.0,0.0,607.4089593634611,nan,nan,nan,nan,nan,1.0,0.15,nan,nan,nan,nan
1821,0.6722164412070759,813.0,699.0,54.0,0.9227467811158798,63.0,0.0,617.0560848979956,nan,nan,nan,nan,nan,1.0,0.15,nan,nan,nan,nan
1822,0.6649323621227887,806.0,702.0,64.0,0.9088319088319088,63.0,0.0,607.4056088452342,nan,nan,nan,nan,nan,1.0,0.15,nan,nan,nan,nan
1823,0.6389177939646202,821.0,694.0,81.0,0.8832853025936599,63.0,0.0,576.644779098989,nan,nan,nan,nan,nan,1.0,0.15,nan,nan,nan,nan
1824,0.663891779396462,816.0,707.0,70.0,0.900990099009901,64.0,0.0,604.0927450628286,8.94158927599589,-0.003040292397296677,16.933700879414875,3.4962578813234964,0.0013883724313927814,1.0,0.15,nan,nan,nan,nan
1825,0.6399583766909469,805.0,681.0,67.0,0.9016152716593245,62.0,0.0,582.1442491359718,nan,nan,nan,nan,nan,1.0,0.15,nan,nan,nan,nan
1826,0.6534859521331946,815.0,694.0,67.0,0.9034582132564841,63.0,0.0,594.5483441047668,nan,nan,nan,nan,nan,1.0,0.15,nan,nan,nan,nan
1827,0.6566077003121749,780.0,681.0,51.0,0.9251101321585903,64.0,0.0,602.8522392597217,nan,nan,nan,nan,nan,1.0,0.15,nan,nan,nan,nan
1828,0.6222684703433923,785.0,674.0,77.0,0.8857566765578635,61.0,0.0,563.2964469065686,nan,nan,nan,nan,nan,1.0,0.15,nan,nan,nan,nan
1829,0.6555671175858481,812.0,705.0,76.0,0.8921985815602836,64.0,0.0,594.3776424703597,nan,nan,nan,nan,nan,1.0,0.15,nan,nan,nan,nan
1830,0.644120707596254,806.0,702.0,84.0,0.8803418803418803,63.0,0.0,580.6192844457631,nan,nan,nan,nan,nan,1.0,0.15,nan,nan,nan,nan
1831,0.6690946930280958,829.0,719.0,77.0,0.8929068150208623,62.0,0.0,607.6501585011486,nan,nan,nan,nan,nan,1.0,0.15,nan,nan,nan,nan
1832,0.6409989594172737,781.0,671.0,56.0,0.9165424739195231,62.0,0.0,587.0709053697578,nan,nan,nan,nan,nan,1.0,0.15,nan,nan,nan,nan
1833,0.6337148803329865,791.0,689.0,81.0,0.8824383164005806,63.0,0.0,572.0260922732369,nan,nan,nan,nan,nan,1.0,0.15,nan,nan,nan,nan
1834,0.6420395421436004,789.0,681.0,65.0,0.9045521292217328,64.0,0.0,584.2693741040232,nan,nan,nan,nan,nan,1.0,0.15,nan,nan,nan,nan
1835,0.6378772112382934,801.0,680.0,68.0,0.9,64.0,0.0,579.4237555227286,nan,nan,nan,nan,nan,1.0,0.15,nan,nan,nan,nan
1836,0.6399583766909469,781.0,664.0,50.0,0.9246987951807228,61.0,0.0,588.2148027148245,nan,nan,nan,nan,nan,1.0,0.15,nan,nan,nan,nan
1837,0.6305931321540063,796.0,672.0,67.0,0.9002976190476191,61.0,0.0,573.8234960880305,nan,nan,nan,nan,nan,1.0,0.15,nan,nan,nan,nan
1838,0.6420395421436004,798.0,688.0,72.0,0.8953488372093024,64.0,0.0,582.521375321389,nan,nan,nan,nan,nan,1.0,0.15,nan,nan,nan,nan
1839,0.6534859521331946,819.0,703.0,76.0,0.8918918918918919,64.0,0.0,592.2317451910984,nan,nan,nan,nan,nan,1.0,0.15,nan,nan,nan,nan
1840,0.6160249739854319,771.0,664.0,73.0,0.8900602409638554,60.0,0.0,558.2821528925899,8.677310943603516,-0.000794413344313701,16.40797432263692,3.4758691787719727,0.0002848711246770108,1.0,0.15,nan,nan,nan,nan
1841,0.6566077003121749,805.0,690.0,60.0,0.9130434782608695,64.0,0.0,599.8389131660473,nan,nan,nan,nan,nan,1.0,0.15,nan,nan,nan,nan
1842,0.6618106139438086,793.0,680.0,45.0,0.9338235294117647,62.0,0.0,610.2306420226117,nan,nan,nan,nan,nan,1.0,0.15,nan,nan,nan,nan
1843,0.6264308012486993,788.0,685.0,84.0,0.8773722627737226,64.0,0.0,564.1278491082196,nan,nan,nan,nan,nan,1.0,0.15,nan,nan,nan,nan
1844,0.6472424557752341,820.0,700.0,79.0,0.8871428571428571,64.0,0.0,585.1883993558884,nan,nan,nan,nan,nan,1.0,0.15,nan,nan,nan,nan
1845,0.6118626430801248,778.0,653.0,66.0,0.8989280245022971,60.0,0.0,556.528667962076,nan,nan,nan,nan,nan,1.0,0.15,nan,nan,nan,nan
1846,0.6670135275754423,823.0,712.0,72.0,0.898876404494382,64.0,0.0,605.9760846610066,nan,nan,nan,nan,nan,1.0,0.15,nan,nan,nan,nan
1847,0.6524453694068678,810.0,686.0,60.0,0.9125364431486881,63.0,0.0,596.0054706125263,nan,nan,nan,nan,nan,1.0,0.15,nan,nan,nan,nan
1848,0.63579604578564,791.0,679.0,69.0,0.898379970544919,63.0,0.0,577.4807800760279,nan,nan,nan,nan,nan,1.0,0.15,nan,nan,nan,nan
1849,0.6618106139438086,816.0,701.0,66.0,0.905848787446505,64.0,0.0,603.3592414884564,nan,nan,nan,nan,nan,1.0,0.15,nan,nan,nan,nan
1850,0.6347554630593132,805.0,678.0,69.0,0.8982300884955752,64.0,0.0,575.961735524179,nan,nan,nan,nan,nan,1.0,0.15,nan,nan,nan,nan
1851,0.6409989594172737,809.0,702.0,87.0,0.8760683760683761,64.0,0.0,576.6956869411476,nan,nan,nan,nan,nan,1.0,0.15,nan,nan,nan,nan
1852,0.6139438085327783,760.0,653.0,64.0,0.9019908116385911,62.0,0.0,558.7116542329804,nan,nan,nan,nan,nan,1.0,0.15,nan,nan,nan,nan
1853,0.6524453694068678,799.0,682.0,56.0,0.9178885630498533,62.0,0.0,597.4446896529206,nan,nan,nan,nan,nan,1.0,0.15,nan,nan,nan,nan
1854,0.6503642039542143,822.0,707.0,83.0,0.8826025459688827,64.0,0.0,587.2424735589041,nan,nan,nan,nan,nan,1.0,0.15,nan,nan,nan,nan
1855,0.63579604578564,787.0,680.0,70.0,0.8970588235294118,64.0,0.0,577.1160520520225,nan,nan,nan,nan,nan,1.0,0.15,nan,nan,nan,nan
1856,0.6618106139438086,797.0,690.0,55.0,0.9202898550724637,61.0,0.0,607.6962208800315,8.97717042764028,0.0010989976581186056,17.02000840504964,3.416410247484843,0.0011821609587059356,1.0,0.15,nan,nan,nan,nan
1857,0.6670135275754423,810.0,697.0,57.0,0.9182209469153515,63.0,0.0,611.5478382186892,nan,nan,nan,nan,nan,1.0,0.15,nan,nan,nan,nan
1858,0.6399583766909469,809.0,692.0,78.0,0.8872832369942196,63.0,0.0,578.7915630116485,nan,nan,nan,nan,nan,1.0,0.15,nan,nan,nan,nan
1859,0.644120707596254,803.0,689.0,71.0,0.8969521044992743,64.0,0.0,583.9909716634762,nan,nan,nan,nan,nan,1.0,0.15,nan,nan,nan,nan
1860,0.6430801248699272,826.0,701.0,84.0,0.8801711840228246,64.0,0.0,579.5664756355299,nan,nan,nan,nan,nan,1.0,0.15,nan,nan,nan,nan
1861,0.6212278876170656,760.0,655.0,59.0,0.9099236641221374,60.0,0.0,568.0822305703184,nan,nan,nan,nan,nan,1.0,0.15,nan,nan,nan,nan
1862,0.6670135275754423,814.0,701.0,61.0,0.912981455064194,62.0,0.0,610.4832571439748,nan,nan,nan,nan,nan,1.0,0.15,nan,nan,nan,nan
1863,0.644120707596254,783.0,677.0,59.0,0.912850812407681,62.0,0.0,589.3799714403157,nan,nan,nan,nan,nan,1.0,0.15,nan,nan,nan,nan
1864,0.6514047866805411,803.0,688.0,63.0,0.9084302325581395,63.0,0.0,594.1593434901238,nan,nan,nan,nan,nan,1.0,0.15,nan,nan,nan,nan
1865,0.627471383975026,794.0,677.0,75.0,0.8892171344165436,63.0,0.0,567.7927391781815,nan,nan,nan,nan,nan,1.0,0.15,nan,nan,nan,nan
1866,0.6285119667013528,799.0,680.0,77.0,0.8867647058823529,64.0,0.0,567.6907754912403,nan,nan,nan,nan,nan,1.0,0.15,nan,nan,nan,nan
1867,0.6576482830385015,815.0,707.0,76.0,0.8925035360678925,64.0,0.0,595.9256070928582,nan,nan,nan,nan,nan,1.0,0.15,nan,nan,nan,nan
1868,0.6368366285119667,808.0,671.0,60.0,0.910581222056632,62.0,0.0,581.2055403599762,nan,nan,nan,nan,nan,1.0,0.15,nan,nan,nan,nan
1869,0.6742976066597295,808.0,705.0,58.0,0.9177304964539007,62.0,0.0,618.6173128323552,nan,nan,nan,nan,nan,1.0,0.15,nan,nan,nan,nan
1870,0.619146722164412,790.0,669.0,75.0,0.8878923766816144,62.0,0.0,560.1128786478071,nan,nan,nan,nan,nan,1.0,0.15,nan,nan,nan,nan
1871,0.631633714880333,800.0,690.0,84.0,0.8782608695652174,63.0,0.0,569.1775883908286,nan,nan,nan,nan,nan,1.0,0.15,nan,nan,nan,nan
1872,0.6472424557752341,804.0,686.0,65.0,0.9052478134110787,62.0,0.0,589.7746706666949,8.481566508611044,0.00010804787355785568,16.005149602890015,3.509876529375712,0.0007084780481818598,1.0,0.15,nan,nan,nan,nan
1873,0.6451612903225806,794.0,673.0,54.0,0.9197622585438335,64.0,0.0,590.2942843232164,nan,nan,nan,nan,nan,1.0,0.15,nan,nan,nan,nan
1874,0.6253902185223725,767.0,670.0,70.0,0.8955223880597015,62.0,0.0,567.6654931731239,nan,nan,nan,nan,nan,1.0,0.15,nan,nan,nan,nan
1875,0.6534859521331946,824.0,703.0,76.0,0.8918918918918919,63.0,0.0,592.7326204848302,nan,nan,nan,nan,nan,1.0,0.15,nan,nan,nan,nan
1876,0.6503642039542143,796.0,685.0,61.0,0.910948905109489,61.0,0.0,594.5763458008779,nan,nan,nan,nan,nan,1.0,0.15,nan,nan,nan,nan
1877,0.6607700312174818,787.0,684.0,50.0,0.9269005847953217,61.0,0.0,608.3553872003554,nan,nan,nan,nan,nan,1.0,0.15,nan,nan,nan,nan
1878,0.6576482830385015,810.0,683.0,52.0,0.9238653001464129,63.0,0.0,603.5227200999259,nan,nan,nan,nan,nan,1.0,0.15,nan,nan,nan,nan
1879,0.6409989594172737,818.0,692.0,77.0,0.888728323699422,63.0,0.0,579.635848299504,nan,nan,nan,nan,nan,1.0,0.15,nan,nan,nan,nan
1880,0.6545265348595213,805.0,706.0,78.0,0.8895184135977338,64.0,0.0,593.1626874380124,nan,nan,nan,nan,nan,1.0,0.15,nan,nan,nan,nan
1881,0.6253902185223725,779.0,673.0,73.0,0.8915304606240714,62.0,0.0,566.9910505189907,nan,nan,nan,nan,nan,1.0,0.15,nan,nan,nan,nan
1882,0.6420395421436004,797.0,693.0,77.0,0.8888888888888888,63.0,0.0,581.0404628181471,nan,nan,nan,nan,nan,1.0,0.15,nan,nan,nan,nan
1883,0.6295525494276795,795.0,686.0,82.0,0.880466472303207,64.0,0.0,567.4721867065451,nan,nan,nan,nan,nan,1.0,0.15,nan,nan,nan,nan
1884,0.6493236212278877,805.0,698.0,75.0,0.8925501432664756,64.0,0.0,588.540073878289,nan,nan,nan,nan,nan,1.0,0.15,nan,nan,nan,nan
1885,0.6420395421436004,805.0,687.0,71.0,0.8966521106259098,63.0,0.0,582.8753111062061,nan,nan,nan,nan,nan,1.0,0.15,nan,nan,nan,nan
1886,0.6503642039542143,804.0,691.0,67.0,0.9030390738060782,63.0,0.0,592.0674227843282,nan,nan,nan,nan,nan,1.0,0.15,nan,nan,nan,nan
1887,0.6378772112382934,801.0,677.0,65.0,0.9039881831610044,63.0,0.0,580.5144194073686,nan,nan,nan,nan,nan,1.0,0.15,nan,nan,nan,nan
1888,0.6305931321540063,792.0,668.0,63.0,0.905688622754491,61.0,0.0,575.1063070240032,8.24372692902883,-0.001559245594156285,15.543106238047281,3.471772611141205,0.0003443191890255548,1.0,0.15,nan,nan,nan,nan
1889,0.627471383975026,790.0,675.0,73.0,0.8918518518518519,62.0,0.0,568.3829524168988,nan,nan,nan,nan,nan,1.0,0.15,nan,nan,nan,nan
1890,0.6399583766909469,785.0,676.0,62.0,0.908284023668639,61.0,0.0,584.7474518909466,nan,nan,nan,nan,nan,1.0,0.15,nan,nan,nan,nan
1891,0.6170655567117586,760.0,652.0,60.0,0.9079754601226994,60.0,0.0,563.6863910594014,nan,nan,nan,nan,nan,1.0,0.15,nan,nan,nan,nan
1892,0.6129032258064516,750.0,651.0,63.0,0.9032258064516129,60.0,0.0,559.081591227056,nan,nan,nan,nan,nan,1.0,0.15,nan,nan,nan,nan
1893,0.6430801248699272,789.0,679.0,62.0,0.9086892488954345,64.0,0.0,586.613510106087,nan,nan,nan,nan,nan,1.0,0.15,nan,nan,nan,nan
1894,0.6576482830385015,802.0,695.0,64.0,0.9079136690647482,64.0,0.0,599.9964663834584,nan,nan,nan,nan,nan,1.0,0.15,nan,nan,nan,nan
1895,0.6420395421436004,816.0,697.0,81.0,0.8837876614060258,60.0,0.0,580.7601276559828,nan,nan,nan,nan,nan,1.0,0.15,nan,nan,nan,nan
1896,0.627471383975026,758.0,658.0,56.0,0.9148936170212766,61.0,0.0,574.765988296509,nan,nan,nan,nan,nan,1.0,0.15,nan,nan,nan,nan
1897,0.6649323621227887,820.0,697.0,59.0,0.9153515064562411,63.0,0.0,608.4730575809472,nan,nan,nan,nan,nan,1.0,0.15,nan,nan,nan,nan
1898,0.6389177939646202,807.0,695.0,82.0,0.8820143884892087,62.0,0.0,576.8208075718887,nan,nan,nan,nan,nan,1.0,0.15,nan,nan,nan,nan
1899,0.6378772112382934,808.0,680.0,68.0,0.9,61.0,0.0,580.4620569400794,nan,nan,nan,nan,nan,1.0,0.15,nan,nan,nan,nan
1900,0.644120707596254,796.0,674.0,56.0,0.9169139465875371,63.0,0.0,589.0238005518919,nan,nan,nan,nan,nan,1.0,0.15,0.6582310093652446,0.6389177939646202,0.9314674901022884,0.0
1901,0.6368366285119667,804.0,687.0,76.0,0.8893740902474527,64.0,0.0,576.310124695779,nan,nan,nan,nan,nan,1.0,0.15,nan,nan,nan,nan
1902,0.631633714880333,796.0,679.0,73.0,0.8924889543446245,63.0,0.0,571.7242604241385,nan,nan,nan,nan,nan,1.0,0.15,nan,nan,nan,nan
1903,0.6399583766909469,787.0,678.0,64.0,0.9056047197640118,63.0,0.0,583.271792485237,nan,nan,nan,nan,nan,1.0,0.15,nan,nan,nan,nan
1904,0.6451612903225806,798.0,676.0,57.0,0.915680473372781,63.0,0.0,590.1759367876065,8.532180706659952,-0.001041619572788477,16.12360119819641,3.4561920364697776,0.0005834222101839259,1.0,0.15,nan,nan,nan,nan
1905,0.6566077003121749,815.0,704.0,74.0,0.8948863636363636,64.0,0.0,595.9173359069836,nan,nan,nan,nan,nan,1.0,0.15,nan,nan,nan,nan
1906,0.6430801248699272,778.0,678.0,61.0,0.9100294985250738,64.0,0.0,586.7671609973904,nan,nan,nan,nan,nan,1.0,0.15,nan,nan,nan,nan
1907,0.6545265348595213,794.0,683.0,55.0,0.9194729136163983,63.0,0.0,599.6972952022562,nan,nan,nan,nan,nan,1.0,0.15,nan,nan,nan,nan
1908,0.6649323621227887,791.0,682.0,44.0,0.9354838709677419,64.0,0.0,612.8128809180262,nan,nan,nan,nan,nan,1.0,0.15,nan,nan,nan,nan
1909,0.6462018730489074,819.0,707.0,87.0,0.8769448373408769,62.0,0.0,582.2432015743269,nan,nan,nan,nan,nan,1.0,0.15,nan,nan,nan,nan
1910,0.6285119667013528,779.0,671.0,68.0,0.8986587183308494,62.0,0.0,571.5065527849217,nan,nan,nan,nan,nan,1.0,0.15,nan,nan,nan,nan
1911,0.6409989594172737,771.0,665.0,50.0,0.924812030075188,59.0,0.0,590.0924724073412,nan,nan,nan,nan,nan,1.0,0.15,nan,nan,nan,nan
1912,0.6181061394380853,761.0,666.0,73.0,0.8903903903903904,60.0,0.0,560.4097120075238,nan,nan,nan,nan,nan,1.0,0.15,nan,nan,nan,nan
1913,0.6347554630593132,763.0,661.0,52.0,0.9213313161875946,63.0,0.0,582.313269138338,nan,nan,nan,nan,nan,1.0,0.15,nan,nan,nan,nan
1914,0.6451612903225806,808.0,687.0,68.0,0.901018922852984,63.0,0.0,586.7220965838449,nan,nan,nan,nan,nan,1.0,0.15,nan,nan,nan,nan
1915,0.6514047866805411,796.0,694.0,69.0,0.9005763688760807,64.0,0.0,592.8135871458061,nan,nan,nan,nan,nan,1.0,0.15,nan,nan,nan,nan
1916,0.6503642039542143,821.0,712.0,88.0,0.8764044943820225,64.0,0.0,585.6919679412855,nan,nan,nan,nan,nan,1.0,0.15,nan,nan,nan,nan
1917,0.6253902185223725,771.0,660.0,60.0,0.9090909090909091,61.0,0.0,571.4781156830793,nan,nan,nan,nan,nan,1.0,0.15,nan,nan,nan,nan
1918,0.6233090530697191,769.0,656.0,58.0,0.9115853658536586,61.0,0.0,569.8110571489342,nan,nan,nan,nan,nan,1.0,0.15,nan,nan,nan,nan
1919,0.6368366285119667,816.0,705.0,94.0,0.8666666666666667,62.0,0.0,571.622451785567,nan,nan,nan,nan,nan,1.0,0.15,nan,nan,nan,nan
1920,0.6607700312174818,811.0,709.0,75.0,0.8942172073342737,64.0,0.0,599.85242424965,8.606309175491333,-0.0013532937931207318,16.247914791107178,3.5432957808176675,0.00031397046950587537,1.0,0.15,nan,nan,nan,nan
1921,0.6409989594172737,802.0,687.0,72.0,0.8951965065502183,64.0,0.0,581.157585361482,nan,nan,nan,nan,nan,1.0,0.15,nan,nan,nan,nan
1922,0.6524453694068678,808.0,695.0,69.0,0.9007194244604316,62.0,0.0,594.0920700864806,nan,nan,nan,nan,nan,1.0,0.15,nan,nan,nan,nan
1923,0.6534859521331946,816.0,715.0,88.0,0.8769230769230769,64.0,0.0,589.0526356964122,nan,nan,nan,nan,nan,1.0,0.15,nan,nan,nan,nan
1924,0.6534859521331946,815.0,698.0,71.0,0.8982808022922636,64.0,0.0,593.7459470047946,nan,nan,nan,nan,nan,1.0,0.15,nan,nan,nan,nan
1925,0.6378772112382934,793.0,684.0,72.0,0.8947368421052632,63.0,0.0,578.627868837835,nan,nan,nan,nan,nan,1.0,0.15,nan,nan,nan,nan
1926,0.6129032258064516,767.0,655.0,67.0,0.8977099236641222,61.0,0.0,557.0680185432446,nan,nan,nan,nan,nan,1.0,0.15,nan,nan,nan,nan
1927,0.6514047866805411,806.0,693.0,68.0,0.9018759018759018,63.0,0.0,592.7728291206362,nan,nan,nan,nan,nan,1.0,0.15,nan,nan,nan,nan
1928,0.6472424557752341,804.0,686.0,65.0,0.9052478134110787,64.0,0.0,589.373599222661,nan,nan,nan,nan,nan,1.0,0.15,nan,nan,nan,nan
1929,0.6409989594172737,814.0,688.0,73.0,0.8938953488372093,64.0,0.0,580.8649994845392,nan,nan,nan,nan,nan,1.0,0.15,nan,nan,nan,nan
1930,0.6326742976066597,781.0,671.0,64.0,0.9046199701937406,61.0,0.0,577.0288611922275,nan,nan,nan,nan,nan,1.0,0.15,nan,nan,nan,nan
1931,0.6462018730489074,813.0,695.0,75.0,0.8920863309352518,64.0,0.0,585.1376121120464,nan,nan,nan,nan,nan,1.0,0.15,nan,nan,nan,nan
1932,0.6618106139438086,843.0,714.0,79.0,0.8893557422969187,63.0,0.0,599.196259414674,nan,nan,nan,nan,nan,1.0,0.15,nan,nan,nan,nan
1933,0.6264308012486993,796.0,667.0,66.0,0.9010494752623688,64.0,0.0,568.4277492971448,nan,nan,nan,nan,nan,1.0,0.15,nan,nan,nan,nan
1934,0.6451612903225806,786.0,684.0,65.0,0.9049707602339181,61.0,0.0,588.6860811281211,nan,nan,nan,nan,nan,1.0,0.15,nan,nan,nan,nan
1935,0.6243496357960457,797.0,676.0,77.0,0.886094674556213,62.0,0.0,564.2955709333428,nan,nan,nan,nan,nan,1.0,0.15,nan,nan,nan,nan
1936,0.6347554630593132,804.0,696.0,87.0,0.875,63.0,0.0,570.7239730801596,8.462380846341452,-0.000975029353867285,15.97932251294454,3.4694934487342834,0.0006258918335030709,1.0,0.15,nan,nan,nan,nan
1937,0.6545265348595213,805.0,688.0,60.0,0.9127906976744186,64.0,0.0,598.1290463562024,nan,nan,nan,nan,nan,1.0,0.15,nan,nan,nan,nan
1938,0.6482830385015609,790.0,680.0,58.0,0.9147058823529411,61.0,0.0,593.5373953924192,nan,nan,nan,nan,nan,1.0,0.15,nan,nan,nan,nan
1939,0.6399583766909469,788.0,676.0,62.0,0.908284023668639,63.0,0.0,583.5053439927113,nan,nan,nan,nan,nan,1.0,0.15,nan,nan,nan,nan
1940,0.6399583766909469,803.0,692.0,78.0,0.8872832369942196,64.0,0.0,578.1819453840257,nan,nan,nan,nan,nan,1.0,0.15,nan,nan,nan,nan
1941,0.6566077003121749,800.0,693.0,63.0,0.9090909090909091,63.0,0.0,599.3375738444337,nan,nan,nan,nan,nan,1.0,0.15,nan,nan,nan,nan
1942,0.6462018730489074,794.0,689.0,69.0,0.8998548621190131,61.0,0.0,588.611105370998,nan,nan,nan,nan,nan,1.0,0.15,nan,nan,nan,nan
1943,0.6493236212278877,814.0,698.0,75.0,0.8925501432664756,63.0,0.0,588.7688744883548,nan,nan,nan,nan,nan,1.0,0.15,nan,nan,nan,nan
1944,0.6545265348595213,808.0,691.0,63.0,0.9088277858176556,64.0,0.0,597.035550042629,nan,nan,nan,nan,nan,1.0,0.15,nan,nan,nan,nan
1945,0.6420395421436004,780.0,674.0,58.0,0.913946587537092,60.0,0.0,588.1757615847584,nan,nan,nan,nan,nan,1.0,0.15,nan,nan,nan,nan
1946,0.644120707596254,815.0,703.0,85.0,0.8790896159317212,63.0,0.0,580.624246770382,nan,nan,nan,nan,nan,1.0,0.15,nan,nan,nan,nan
1947,0.6482830385015609,799.0,690.0,68.0,0.9014492753623189,63.0,0.0,589.9857104210853,nan,nan,nan,nan,nan,1.0,0.15,nan,nan,nan,nan
1948,0.6503642039542143,798.0,688.0,64.0,0.9069767441860465,64.0,0.0,592.7916070485118,nan,nan,nan,nan,nan,1.0,0.15,nan,nan,nan,nan
1949,0.6253902185223725,796.0,687.0,87.0,0.8733624454148472,62.0,0.0,562.5115424861933,nan,nan,nan,nan,nan,1.0,0.15,nan,nan,nan,nan
1950,0.63579604578564,798.0,686.0,76.0,0.8892128279883382,62.0,0.0,576.085673607827,nan,nan,nan,nan,nan,1.0,0.15,nan,nan,nan,nan
1951,0.6649323621227887,808.0,692.0,54.0,0.9219653179190751,63.0,0.0,610.3237578353879,nan,nan,nan,nan,nan,1.0,0.15,nan,nan,nan,nan
1952,0.6201873048907388,783.0,658.0,63.0,0.9042553191489362,60.0,0.0,565.1018184404376,7.570423007011414,0.0027379028809567294,14.176361163457235,3.51328573624293,0.0003350920345231619,1.0,0.15,nan,nan,nan,nan
1953,0.6451612903225806,795.0,684.0,65.0,0.9049707602339181,64.0,0.0,587.7183856945048,nan,nan,nan,nan,nan,1.0,0.15,nan,nan,nan,nan
1954,0.6576482830385015,805.0,695.0,64.0,0.9079136690647482,64.0,0.0,599.7916267456993,nan,nan,nan,nan,nan,1.0,0.15,nan,nan,nan,nan
1955,0.6514047866805411,814.0,704.0,79.0,0.8877840909090909,64.0,0.0,589.4186926922805,nan,nan,nan,nan,nan,1.0,0.15,nan,nan,nan,nan
1956,0.6867845993756504,835.0,720.0,61.0,0.9152777777777777,64.0,0.0,628.8580780601504,nan,nan,nan,nan,nan,1.0,0.15,nan,nan,nan,nan
1957,0.6347554630593132,789.0,679.0,70.0,0.8969072164948454,63.0,0.0,576.4464839935313,nan,nan,nan,nan,nan,1.0,0.15,nan,nan,nan,nan
1958,0.6420395421436004,797.0,685.0,69.0,0.8992700729927007,63.0,0.0,583.4840269732475,nan,nan,nan,nan,nan,1.0,0.15,nan,nan,nan,nan
1959,0.6149843912591051,783.0,659.0,69.0,0.8952959028831563,62.0,0.0,557.421179840089,nan,nan,nan,nan,nan,1.0,0.15,nan,nan,nan,nan
1960,0.6493236212278877,804.0,693.0,70.0,0.898989898989899,62.0,0.0,590.5759722328196,nan,nan,nan,nan,nan,1.0,0.15,nan,nan,nan,nan
1961,0.6409989594172737,779.0,677.0,62.0,0.9084194977843427,61.0,0.0,585.9345846071255,nan,nan,nan,nan,nan,1.0,0.15,nan,nan,nan,nan
1962,0.631633714880333,781.0,667.0,61.0,0.9085457271364318,62.0,0.0,576.5105680093781,nan,nan,nan,nan,nan,1.0,0.15,nan,nan,nan,nan
1963,0.6503642039542143,800.0,684.0,60.0,0.9122807017543859,61.0,0.0,594.9658375105873,nan,nan,nan,nan,nan,1.0,0.15,nan,nan,nan,nan
1964,0.6409989594172737,801.0,692.0,77.0,0.888728323699422,62.0,0.0,580.7899011807444,nan,nan,nan,nan,nan,1.0,0.15,nan,nan,nan,nan
1965,0.6347554630593132,783.0,680.0,71.0,0.8955882352941177,61.0,0.0,577.0606782016774,nan,nan,nan,nan,nan,1.0,0.15,nan,nan,nan,nan
1966,0.644120707596254,798.0,688.0,70.0,0.8982558139534884,63.0,0.0,585.4553277893068,nan,nan,nan,nan,nan,1.0,0.15,nan,nan,nan,nan
1967,0.6670135275754423,820.0,696.0,56.0,0.9195402298850575,64.0,0.0,610.8244181008347,nan,nan,nan,nan,nan,1.0,0.15,nan,nan,nan,nan
1968,0.6368366285119667,800.0,682.0,71.0,0.8958944281524927,60.0,0.0,579.2104208579076,8.272279421488443,-0.0028170744189992547,15.605142513910929,3.4611530701319375,0.0014158876777704184,1.0,0.15,nan,nan,nan,nan
1969,0.6326742976066597,792.0,682.0,75.0,0.8900293255131965,63.0,0.0,572.7869428133973,nan,nan,nan,nan,nan,1.0,0.15,nan,nan,nan,nan
1970,0.659729448491155,769.0,685.0,52.0,0.9240875912408759,61.0,0.0,606.964214695931,nan,nan,nan,nan,nan,1.0,0.15,nan,nan,nan,nan
1971,0.6482830385015609,791.0,685.0,63.0,0.908029197080292,62.0,0.0,591.9115659551621,nan,nan,nan,nan,nan,1.0,0.15,nan,nan,nan,nan
1972,0.6482830385015609,808.0,703.0,81.0,0.8847795163584637,64.0,0.0,585.8454958052644,nan,nan,nan,nan,nan,1.0,0.15,nan,nan,nan,nan
1973,0.6576482830385015,816.0,698.0,67.0,0.9040114613180515,63.0,0.0,599.2291937394142,nan,nan,nan,nan,nan,1.0,0.15,nan,nan,nan,nan
1974,0.6493236212278877,805.0,696.0,73.0,0.8951149425287356,64.0,0.0,588.6948772745135,nan,nan,nan,nan,nan,1.0,0.15,nan,nan,nan,nan
1975,0.6451612903225806,782.0,669.0,50.0,0.9252615844544095,61.0,0.0,593.2117839694018,nan,nan,nan,nan,nan,1.0,0.15,nan,nan,nan,nan
1976,0.6087408949011447,771.0,653.0,69.0,0.8943338437978561,61.0,0.0,552.0504634990714,nan,nan,nan,nan,nan,1.0,0.15,nan,nan,nan,nan
1977,0.6503642039542143,809.0,682.0,58.0,0.9149560117302052,64.0,0.0,594.4820924015055,nan,nan,nan,nan,nan,1.0,0.15,nan,nan,nan,nan
1978,0.6493236212278877,809.0,691.0,68.0,0.9015918958031838,62.0,0.0,590.8346549086583,nan,nan,nan,nan,nan,1.0,0.15,nan,nan,nan,nan
1979,0.6420395421436004,792.0,678.0,62.0,0.9085545722713865,64.0,0.0,585.4744898161896,nan,nan,nan,nan,nan,1.0,0.15,nan,nan,nan,nan
1980,0.6472424557752341,778.0,671.0,50.0,0.9254843517138599,61.0,0.0,595.116700447082,nan,nan,nan,nan,nan,1.0,0.15,nan,nan,nan,nan
1981,0.6524453694068678,812.0,693.0,67.0,0.9033189033189033,60.0,0.0,595.1998826694498,nan,nan,nan,nan,nan,1.0,0.15,nan,nan,nan,nan
1982,0.6368366285119667,769.0,664.0,53.0,0.9201807228915663,60.0,0.0,584.7499030170445,nan,nan,nan,nan,nan,1.0,0.15,nan,nan,nan,nan
1983,0.6149843912591051,773.0,649.0,59.0,0.9090909090909091,61.0,0.0,561.4832109255806,nan,nan,nan,nan,nan,1.0,0.15,nan,nan,nan,nan
1984,0.6181061394380853,783.0,663.0,70.0,0.8944193061840121,63.0,0.0,560.0028809866907,9.280681014060974,-0.0030430450569838285,17.61050359408061,3.502692182858785,0.0008671137935986432,1.0,0.15,nan,nan,nan,nan
1985,0.6295525494276795,767.0,657.0,53.0,0.9193302891933028,62.0,0.0,577.2145357489601,nan,nan,nan,nan,nan,1.0,0.15,nan,nan,nan,nan
1986,0.644120707596254,803.0,685.0,67.0,0.9021897810218978,63.0,0.0,586.0753047795312,nan,nan,nan,nan,nan,1.0,0.15,nan,nan,nan,nan
1987,0.6503642039542143,812.0,684.0,60.0,0.9122807017543859,64.0,0.0,593.885105216504,nan,nan,nan,nan,nan,1.0,0.15,nan,nan,nan,nan
1988,0.6389177939646202,802.0,687.0,74.0,0.8922852983988355,63.0,0.0,578.6956892356873,nan,nan,nan,nan,nan,1.0,0.15,nan,nan,nan,nan
1989,0.6451612903225806,808.0,685.0,66.0,0.9036496350364963,64.0,0.0,587.079316803457,nan,nan,nan,nan,nan,1.0,0.15,nan,nan,nan,nan
1990,0.6503642039542143,805.0,698.0,74.0,0.8939828080229226,64.0,0.0,589.6775838932996,nan,nan,nan,nan,nan,1.0,0.15,nan,nan,nan,nan
1991,0.6347554630593132,801.0,681.0,72.0,0.8942731277533039,63.0,0.0,575.3062289681452,nan,nan,nan,nan,nan,1.0,0.15,nan,nan,nan,nan
1992,0.6493236212278877,793.0,674.0,51.0,0.9243323442136498,60.0,0.0,597.3779989724162,nan,nan,nan,nan,nan,1.0,0.15,nan,nan,nan,nan
1993,0.6326742976066597,771.0,679.0,72.0,0.8939617083946981,60.0,0.0,575.5649979534162,nan,nan,nan,nan,nan,1.0,0.15,nan,nan,nan,nan
1994,0.6462018730489074,810.0,692.0,72.0,0.8959537572254336,64.0,0.0,586.1976161713599,nan,nan,nan,nan,nan,1.0,0.15,nan,nan,nan,nan
1995,0.6482830385015609,801.0,685.0,63.0,0.908029197080292,64.0,0.0,591.0514594812389,nan,nan,nan,nan,nan,1.0,0.15,nan,nan,nan,nan
1996,0.6285119667013528,778.0,662.0,59.0,0.9108761329305136,60.0,0.0,574.5268977203384,nan,nan,nan,nan,nan,1.0,0.15,nan,nan,nan,nan
1997,0.6222684703433923,787.0,673.0,76.0,0.8870728083209509,64.0,0.0,561.896711362841,nan,nan,nan,nan,nan,1.0,0.15,nan,nan,nan,nan
1998,0.6430801248699272,801.0,690.0,73.0,0.8942028985507247,63.0,0.0,583.4588488149653,nan,nan,nan,nan,nan,1.0,0.15,nan,nan,nan,nan
1999,0.659729448491155,804.0,713.0,80.0,0.8877980364656382,63.0,0.0,597.0965707497586,nan,nan,nan,nan,nan,1.0,0.15,nan,nan,nan,nan
2000,0.627471383975026,801.0,679.0,77.0,0.8865979381443299,62.0,0.0,566.795035494329,8.230094273885092,-0.0006107664667069912,15.499184052149454,3.5216978192329407,0.0002579262776028675,1.0,0.15,0.655837669094693,0.6368366285119667,0.928990024414423,0.0
2001,0.6493236212278877,826.0,702.0,79.0,0.8874643874643875,64.0,0.0,586.9886402463914,nan,nan,nan,nan,nan,1.0,0.15,nan,nan,nan,nan
2002,0.6493236212278877,808.0,701.0,78.0,0.8887303851640513,64.0,0.0,587.6421883468635,nan,nan,nan,nan,nan,1.0,0.15,nan,nan,nan,nan
2003,0.6326742976066597,773.0,668.0,61.0,0.9086826347305389,64.0,0.0,577.0089661431318,nan,nan,nan,nan,nan,1.0,0.15,nan,nan,nan,nan
2004,0.6514047866805411,798.0,690.0,65.0,0.9057971014492754,62.0,0.0,594.3269496440892,nan,nan,nan,nan,nan,1.0,0.15,nan,nan,nan,nan
2005,0.6233090530697191,765.0,666.0,68.0,0.8978978978978979,62.0,0.0,566.6200566639907,nan,nan,nan,nan,nan,1.0,0.15,nan,nan,nan,nan
2006,0.6409989594172737,795.0,694.0,79.0,0.8861671469740634,61.0,0.0,580.2652354545603,nan,nan,nan,nan,nan,1.0,0.15,nan,nan,nan,nan
2007,0.6503642039542143,798.0,688.0,64.0,0.9069767441860465,64.0,0.0,593.0735230998993,nan,nan,nan,nan,nan,1.0,0.15,nan,nan,nan,nan
2008,0.6482830385015609,811.0,689.0,67.0,0.9027576197387518,61.0,0.0,590.6883297014236,nan,nan,nan,nan,nan,1.0,0.15,nan,nan,nan,nan
2009,0.6253902185223725,803.0,682.0,82.0,0.8797653958944281,63.0,0.0,563.3680997705467,nan,nan,nan,nan,nan,1.0,0.15,nan,nan,nan,nan
2010,0.63579604578564,785.0,674.0,64.0,0.9050445103857567,60.0,0.0,579.9330889029524,nan,nan,nan,nan,nan,1.0,0.15,nan,nan,nan,nan
2011,0.6618106139438086,821.0,707.0,72.0,0.8981612446958982,64.0,0.0,601.6398520131105,nan,nan,nan,nan,nan,1.0,0.15,nan,nan,nan,nan
2012,0.6649323621227887,820.0,693.0,55.0,0.9206349206349206,63.0,0.0,609.5360185909267,nan,nan,nan,nan,nan,1.0,0.15,nan,nan,nan,nan
2013,0.6503642039542143,810.0,686.0,62.0,0.9096209912536443,63.0,0.0,593.5678460812574,nan,nan,nan,nan,nan,1.0,0.15,nan,nan,nan,nan
2014,0.6628511966701353,805.0,697.0,61.0,0.9124820659971306,63.0,0.0,606.0237002015115,nan,nan,nan,nan,nan,1.0,0.15,nan,nan,nan,nan
2015,0.6462018730489074,789.0,681.0,61.0,0.9104258443465492,61.0,0.0,590.9839952883711,nan,nan,nan,nan,nan,1.0,0.15,nan,nan,nan,nan
2016,0.6555671175858481,821.0,696.0,67.0,0.9037356321839081,64.0,0.0,596.5112611451149,8.883201122283936,-0.0004246325697749853,16.84572744369507,3.378402749697367,0.0002842817521013785,1.0,0.15,nan,nan,nan,nan
2017,0.6732570239334027,807.0,702.0,56.0,0.9202279202279202,64.0,0.0,617.4881830134393,nan,nan,nan,nan,nan,1.0,0.15,nan,nan,nan,nan
2018,0.6451612903225806,804.0,688.0,69.0,0.8997093023255814,64.0,0.0,586.3269522995965,nan,nan,nan,nan,nan,1.0,0.15,nan,nan,nan,nan
2019,0.6420395421436004,815.0,694.0,78.0,0.8876080691642652,63.0,0.0,580.307281281949,nan,nan,nan,nan,nan,1.0,0.15,nan,nan,nan,nan
2020,0.6430801248699272,799.0,684.0,67.0,0.902046783625731,63.0,0.0,585.2764811382307,nan,nan,nan,nan,nan,1.0,0.15,nan,nan,nan,nan
2021,0.6347554630593132,824.0,704.0,95.0,0.8650568181818182,64.0,0.0,567.7832495780011,nan,nan,nan,nan,nan,1.0,0.15,nan,nan,nan,nan
2022,0.6462018730489074,786.0,680.0,60.0,0.9117647058823529,62.0,0.0,590.9126770620353,nan,nan,nan,nan,nan,1.0,0.15,nan,nan,nan,nan
2023,0.6222684703433923,790.0,669.0,72.0,0.8923766816143498,61.0,0.0,564.1674611835504,nan,nan,nan,nan,nan,1.0,0.15,nan,nan,nan,nan
2024,0.6264308012486993,774.0,669.0,68.0,0.898355754857997,62.0,0.0,569.2703185400977,nan,nan,nan,nan,nan,1.0,0.15,nan,nan,nan,nan
2025,0.6378772112382934,803.0,687.0,75.0,0.8908296943231441,64.0,0.0,577.4074791936885,nan,nan,nan,nan,nan,1.0,0.15,nan,nan,nan,nan
2026,0.6420395421436004,802.0,692.0,76.0,0.8901734104046243,64.0,0.0,581.2970637321486,nan,nan,nan,nan,nan,1.0,0.15,nan,nan,nan,nan
2027,0.6337148803329865,813.0,693.0,85.0,0.8773448773448773,64.0,0.0,570.4220952506071,nan,nan,nan,nan,nan,1.0,0.15,nan,nan,nan,nan
2028,0.6462018730489074,798.0,686.0,66.0,0.9037900874635568,63.0,0.0,588.4899536032691,nan,nan,nan,nan,nan,1.0,0.15,nan,nan,nan,nan
2029,0.6430801248699272,807.0,683.0,66.0,0.9033674963396779,64.0,0.0,584.9487127537733,nan,nan,nan,nan,nan,1.0,0.15,nan,nan,nan,nan
2030,0.6482830385015609,806.0,699.0,77.0,0.8898426323319027,64.0,0.0,587.0223665065786,nan,nan,nan,nan,nan,1.0,0.15,nan,nan,nan,nan
2031,0.6201873048907388,779.0,661.0,66.0,0.9001512859304085,61.0,0.0,564.4127490868581,nan,nan,nan,nan,nan,1.0,0.15,nan,nan,nan,nan
2032,0.659729448491155,825.0,702.0,69.0,0.9017094017094017,63.0,0.0,600.5567062873843,8.242501656214396,0.0007004646273950735,15.556812445322672,3.398160715897878,0.0007415155378112104,1.0,0.15,nan,nan,nan,nan
2033,0.6670135275754423,825.0,718.0,78.0,0.8913649025069638,63.0,0.0,604.4671632003777,nan,nan,nan,nan,nan,1.0,0.15,nan,nan,nan,nan
2034,0.63579604578564,813.0,682.0,72.0,0.8944281524926686,62.0,0.0,576.2016560163507,nan,nan,nan,nan,nan,1.0,0.15,nan,nan,nan,nan
2035,0.644120707596254,819.0,699.0,81.0,0.8841201716738197,63.0,0.0,581.7599502158178,nan,nan,nan,nan,nan,1.0,0.15,nan,nan,nan,nan
2036,0.6378772112382934,770.0,676.0,64.0,0.9053254437869822,61.0,0.0,582.2953057928091,nan,nan,nan,nan,nan,1.0,0.15,nan,nan,nan,nan
2037,0.6399583766909469,809.0,692.0,78.0,0.8872832369942196,62.0,0.0,578.692047802447,nan,nan,nan,nan,nan,1.0,0.15,nan,nan,nan,nan
2038,0.6077003121748179,736.0,630.0,47.0,0.9253968253968254,58.0,0.0,559.4101870360395,nan,nan,nan,nan,nan,1.0,0.15,nan,nan,nan,nan
2039,0.6389177939646202,820.0,686.0,73.0,0.8935860058309038,64.0,0.0,578.6216388301857,nan,nan,nan,nan,nan,1.0,0.15,nan,nan,nan,nan
2040,0.6378772112382934,798.0,682.0,70.0,0.8973607038123167,64.0,0.0,578.8211970386517,nan,nan,nan,nan,nan,1.0,0.15,nan,nan,nan,nan
2041,0.6586888657648283,801.0,699.0,67.0,0.9041487839771102,64.0,0.0,600.2542877984044,nan,nan,nan,nan,nan,1.0,0.15,nan,nan,nan,nan
2042,0.6649323621227887,818.0,708.0,70.0,0.9011299435028248,64.0,0.0,604.9371430335058,nan,nan,nan,nan,nan,1.0,0.15,nan,nan,nan,nan
2043,0.6503642039542143,808.0,701.0,77.0,0.8901569186875892,63.0,0.0,589.2361304345139,nan,nan,nan,nan,nan,1.0,0.15,nan,nan,nan,nan
2044,0.6285119667013528,780.0,667.0,64.0,0.904047976011994,62.0,0.0,572.0409850249304,nan,nan,nan,nan,nan,1.0,0.15,nan,nan,nan,nan
2045,0.6514047866805411,819.0,701.0,76.0,0.891583452211127,61.0,0.0,590.8905520634659,nan,nan,nan,nan,nan,1.0,0.15,nan,nan,nan,nan
2046,0.6430801248699272,805.0,702.0,85.0,0.8789173789173789,63.0,0.0,579.9778001718545,nan,nan,nan,nan,nan,1.0,0.15,nan,nan,nan,nan
2047,0.6524453694068678,795.0,693.0,67.0,0.9033189033189033,64.0,0.0,593.4188684973717,nan,nan,nan,nan,nan,1.0,0.15,nan,nan,nan,nan
2048,0.6399583766909469,793.0,681.0,67.0,0.9016152716593245,62.0,0.0,582.5385304741867,8.302748084068298,-0.0009485142460713784,15.659578005472818,3.470105608304342,0.0008134966701618396,1.0,0.15,nan,nan,nan,nan
2049,0.6389177939646202,804.0,691.0,78.0,0.8871201157742402,63.0,0.0,577.7662275877013,nan,nan,nan,nan,nan,1.0,0.15,nan,nan,nan,nan
2050,0.6399583766909469,809.0,694.0,80.0,0.8847262247838616,64.0,0.0,577.9950931143783,nan,nan,nan,nan,nan,1.0,0.15,nan,nan,nan,nan
2051,0.6462018730489074,806.0,687.0,67.0,0.9024745269286754,62.0,0.0,588.2569089975366,nan,nan,nan,nan,nan,1.0,0.15,nan,nan,nan,nan
2052,0.6243496357960457,750.0,648.0,49.0,0.9243827160493827,59.0,0.0,574.1420084967627,nan,nan,nan,nan,nan,1.0,0.15,nan,nan,nan,nan
2053,0.6555671175858481,826.0,701.0,72.0,0.8972895863052782,61.0,0.0,596.1785454802514,nan,nan,nan,nan,nan,1.0,0.15,nan,nan,nan,nan
2054,0.6305931321540063,795.0,680.0,75.0,0.8897058823529411,63.0,0.0,569.434915607453,nan,nan,nan,nan,nan,1.0,0.15,nan,nan,nan,nan
2055,0.644120707596254,798.0,680.0,62.0,0.9088235294117647,62.0,0.0,587.9421423177729,nan,nan,nan,nan,nan,1.0,0.15,nan,nan,nan,nan
2056,0.6493236212278877,795.0,686.0,63.0,0.9081632653061225,63.0,0.0,592.5627326207157,nan,nan,nan,nan,nan,1.0,0.15,nan,nan,nan,nan
2057,0.663891779396462,806.0,706.0,69.0,0.9022662889518414,63.0,0.0,604.807932125091,nan,nan,nan,nan,nan,1.0,0.15,nan,nan,nan,nan
2058,0.6295525494276795,780.0,657.0,53.0,0.9193302891933028,62.0,0.0,576.6605003952996,nan,nan,nan,nan,nan,1.0,0.15,nan,nan,nan,nan
2059,0.6514047866805411,802.0,694.0,69.0,0.9005763688760807,63.0,0.0,592.3868247699739,nan,nan,nan,nan,nan,1.0,0.15,nan,nan,nan,nan
2060,0.6139438085327783,779.0,672.0,83.0,0.8764880952380952,61.0,0.0,553.1165171566031,nan,nan,nan,nan,nan,1.0,0.15,nan,nan,nan,nan
2061,0.659729448491155,809.0,697.0,64.0,0.9081779053084649,64.0,0.0,601.4466833071715,nan,nan,nan,nan,nan,1.0,0.15,nan,nan,nan,nan
2062,0.6253902185223725,777.0,654.0,54.0,0.9174311926605505,60.0,0.0,573.5018177266134,nan,nan,nan,nan,nan,1.0,0.15,nan,nan,nan,nan
2063,0.6586888657648283,797.0,690.0,58.0,0.9159420289855073,63.0,0.0,603.0955558753016,nan,nan,nan,nan,nan,1.0,0.15,nan,nan,nan,nan
2064,0.6233090530697191,766.0,653.0,55.0,0.9157733537519143,62.0,0.0,570.3320655779861,8.79663344224294,-0.006318789635164042,16.64101815223694,3.5337047378222146,0.0006749409837235968,1.0,0.15,nan,nan,nan,nan
2065,0.6368366285119667,794.0,679.0,68.0,0.8998527245949927,63.0,0.0,578.6614088954938,nan,nan,nan,nan,nan,1.0,0.15,nan,nan,nan,nan
2066,0.63579604578564,761.0,658.0,48.0,0.9270516717325228,60.0,0.0,585.1789162077913,nan,nan,nan,nan,nan,1.0,0.15,nan,nan,nan,nan
2067,0.603537981269511,738.0,634.0,55.0,0.9132492113564669,60.0,0.0,552.2478585553188,nan,nan,nan,nan,nan,1.0,0.15,nan,nan,nan,nan
2068,0.6253902185223725,757.0,652.0,52.0,0.9202453987730062,60.0,0.0,574.2699356288922,nan,nan,nan,nan,nan,1.0,0.15,nan,nan,nan,nan
2069,0.6337148803329865,760.0,675.0,67.0,0.9007407407407407,61.0,0.0,577.53065624857,nan,nan,nan,nan,nan,1.0,0.15,nan,nan,nan,nan
2070,0.6409989594172737,795.0,688.0,73.0,0.8938953488372093,62.0,0.0,581.5443171162609,nan,nan,nan,nan,nan,1.0,0.15,nan,nan,nan,nan
2071,0.6409989594172737,800.0,680.0,65.0,0.9044117647058824,64.0,0.0,582.6089935288428,nan,nan,nan,nan,nan,1.0,0.15,nan,nan,nan,nan
2072,0.6409989594172737,793.0,685.0,70.0,0.8978102189781022,61.0,0.0,582.602531026365,nan,nan,nan,nan,nan,1.0,0.15,nan,nan,nan,nan
2073,0.6545265348595213,801.0,691.0,63.0,0.9088277858176556,63.0,0.0,597.4784381351471,nan,nan,nan,nan,nan,1.0,0.15,nan,nan,nan,nan
2074,0.6378772112382934,793.0,685.0,73.0,0.8934306569343066,63.0,0.0,578.4279415407198,nan,nan,nan,nan,nan,1.0,0.15,nan,nan,nan,nan
2075,0.644120707596254,782.0,668.0,50.0,0.9251497005988024,62.0,0.0,591.2178226218224,nan,nan,nan,nan,nan,1.0,0.15,nan,nan,nan,nan
2076,0.6462018730489074,814.0,693.0,73.0,0.8946608946608947,64.0,0.0,585.9325037140856,nan,nan,nan,nan,nan,1.0,0.15,nan,nan,nan,nan
2077,0.6139438085327783,784.0,677.0,88.0,0.8700147710487445,61.0,0.0,551.5828480086342,nan,nan,nan,nan,nan,1.0,0.15,nan,nan,nan,nan
2078,0.6659729448491155,795.0,688.0,49.0,0.9287790697674418,64.0,0.0,612.6042398843765,nan,nan,nan,nan,nan,1.0,0.15,nan,nan,nan,nan
2079,0.6534859521331946,797.0,695.0,68.0,0.902158273381295,60.0,0.0,596.0760471739777,nan,nan,nan,nan,nan,1.0,0.15,nan,nan,nan,nan
2080,0.6534859521331946,801.0,695.0,68.0,0.902158273381295,62.0,0.0,595.3184557561871,8.790940562884012,-0.005340638260046641,16.640796105066936,3.484622041384379,0.00047811175863898825,1.0,0.15,nan,nan,nan,nan
2081,0.6399583766909469,796.0,692.0,78.0,0.8872832369942196,63.0,0.0,579.1096083092691,nan,nan,nan,nan,nan,1.0,0.15,nan,nan,nan,nan
2082,0.6451612903225806,811.0,692.0,73.0,0.8945086705202312,63.0,0.0,584.8558949561128,nan,nan,nan,nan,nan,1.0,0.15,nan,nan,nan,nan
2083,0.6451612903225806,791.0,679.0,60.0,0.9116347569955817,62.0,0.0,589.9884073753356,nan,nan,nan,nan,nan,1.0,0.15,nan,nan,nan,nan
2084,0.6482830385015609,789.0,685.0,63.0,0.908029197080292,61.0,0.0,592.2555562515269,nan,nan,nan,nan,nan,1.0,0.15,nan,nan,nan,nan
2085,0.6409989594172737,787.0,686.0,71.0,0.8965014577259475,62.0,0.0,582.7685240764623,nan,nan,nan,nan,nan,1.0,0.15,nan,nan,nan,nan
2086,0.6566077003121749,819.0,696.0,66.0,0.9051724137931034,63.0,0.0,598.3603753981588,nan,nan,nan,nan,nan,1.0,0.15,nan,nan,nan,nan
2087,0.6420395421436004,791.0,670.0,54.0,0.9194029850746268,61.0,0.0,588.790543794633,nan,nan,nan,nan,nan,1.0,0.15,nan,nan,nan,nan
2088,0.6430801248699272,794.0,683.0,66.0,0.9033674963396779,63.0,0.0,585.5729319891933,nan,nan,nan,nan,nan,1.0,0.15,nan,nan,nan,nan
2089,0.6420395421436004,790.0,682.0,66.0,0.9032258064516129,61.0,0.0,585.3036496162423,nan,nan,nan,nan,nan,1.0,0.15,nan,nan,nan,nan
2090,0.6337148803329865,799.0,678.0,70.0,0.8967551622418879,63.0,0.0,575.2919712276471,nan,nan,nan,nan,nan,1.0,0.15,nan,nan,nan,nan
2091,0.6503642039542143,816.0,687.0,63.0,0.9082969432314411,62.0,0.0,593.5698935990345,nan,nan,nan,nan,nan,1.0,0.15,nan,nan,nan,nan
2092,0.6409989594172737,800.0,672.0,57.0,0.9151785714285714,63.0,0.0,585.7833348989491,nan,nan,nan,nan,nan,1.0,0.15,nan,nan,nan,nan
2093,0.6243496357960457,769.0,665.0,66.0,0.9007518796992481,61.0,0.0,568.4651426744485,nan,nan,nan,nan,nan,1.0,0.15,nan,nan,nan,nan
2094,0.6409989594172737,786.0,675.0,60.0,0.9111111111111111,64.0,0.0,584.900627041817,nan,nan,nan,nan,nan,1.0,0.15,nan,nan,nan,nan
2095,0.6451612903225806,801.0,680.0,61.0,0.9102941176470588,62.0,0.0,588.9861146068553,nan,nan,nan,nan,nan,1.0,0.15,nan,nan,nan,nan
2096,0.6285119667013528,779.0,676.0,73.0,0.8920118343195266,60.0,0.0,570.6767324023261,7.2967476050059,0.0002459174720570445,13.657742102940878,3.426316201686859,0.00024513754518314573,1.0,0.15,nan,nan,nan,nan
2097,0.6722164412070759,819.0,708.0,63.0,0.9110169491525424,63.0,0.0,614.6178137664798,nan,nan,nan,nan,nan,1.0,0.15,nan,nan,nan,nan
2098,0.6368366285119667,800.0,683.0,72.0,0.8945827232796486,63.0,0.0,577.5880032992376,nan,nan,nan,nan,nan,1.0,0.15,nan,nan,nan,nan
2099,0.6160249739854319,776.0,659.0,68.0,0.8968133535660091,61.0,0.0,559.589188502314,nan,nan,nan,nan,nan,1.0,0.15,nan,nan,nan,nan
2100,0.6607700312174818,791.0,687.0,53.0,0.9228529839883551,61.0,0.0,607.1842036666867,nan,nan,nan,nan,nan,1.0,0.15,0.6543808532778356,0.635483870967742,0.9295366889066046,0.0
2101,0.6056191467221644,741.0,637.0,56.0,0.9120879120879121,60.0,0.0,554.1786220722213,nan,nan,nan,nan,nan,1.0,0.15,nan,nan,nan,nan
2102,0.6389177939646202,810.0,682.0,69.0,0.8988269794721407,62.0,0.0,580.1265005784051,nan,nan,nan,nan,nan,1.0,0.15,nan,nan,nan,nan
2103,0.644120707596254,814.0,696.0,78.0,0.8879310344827587,60.0,0.0,583.9130763359079,nan,nan,nan,nan,nan,1.0,0.15,nan,nan,nan,nan
2104,0.6462018730489074,774.0,685.0,65.0,0.9051094890510949,64.0,0.0,589.2063337278375,nan,nan,nan,nan,nan,1.0,0.15,nan,nan,nan,nan
2105,0.6503642039542143,799.0,685.0,61.0,0.910948905109489,64.0,0.0,593.2051561059957,nan,nan,nan,nan,nan,1.0,0.15,nan,nan,nan,nan
2106,0.6534859521331946,793.0,692.0,65.0,0.9060693641618497,64.0,0.0,596.0287021894451,nan,nan,nan,nan,nan,1.0,0.15,nan,nan,nan,nan
2107,0.6368366285119667,798.0,680.0,69.0,0.8985294117647059,62.0,0.0,578.5148086967479,nan,nan,nan,nan,nan,1.0,0.15,nan,nan,nan,nan
2108,0.6482830385015609,828.0,698.0,76.0,0.8911174785100286,61.0,0.0,587.856760726929,nan,nan,nan,nan,nan,1.0,0.15,nan,nan,nan,nan
2109,0.6503642039542143,807.0,710.0,86.0,0.8788732394366198,63.0,0.0,586.9327098035828,nan,nan,nan,nan,nan,1.0,0.15,nan,nan,nan,nan
2110,0.6285119667013528,801.0,667.0,64.0,0.904047976011994,61.0,0.0,572.9357476735123,nan,nan,nan,nan,nan,1.0,0.15,nan,nan,nan,nan
2111,0.6659729448491155,801.0,686.0,47.0,0.9314868804664723,64.0,0.0,613.0627107234,nan,nan,nan,nan,nan,1.0,0.15,nan,nan,nan,nan
2112,0.6451612903225806,809.0,689.0,70.0,0.8984034833091437,63.0,0.0,586.144691164972,8.600153923034668,-0.004258791450411081,16.27148159344991,3.432474672794342,0.0004444406489104343,1.0,0.15,nan,nan,nan,nan
2113,0.6607700312174818,841.0,703.0,69.0,0.9018492176386913,64.0,0.0,600.8716644706734,nan,nan,nan,nan,nan,1.0,0.15,nan,nan,nan,nan
2114,0.6451612903225806,803.0,686.0,67.0,0.902332361516035,64.0,0.0,586.946195420744,nan,nan,nan,nan,nan,1.0,0.15,nan,nan,nan,nan
2115,0.6534859521331946,811.0,708.0,81.0,0.885593220338983,64.0,0.0,590.7979969353675,nan,nan,nan,nan,nan,1.0,0.15,nan,nan,nan,nan
2116,0.6482830385015609,812.0,691.0,69.0,0.9001447178002895,63.0,0.0,589.5317651219376,nan,nan,nan,nan,nan,1.0,0.15,nan,nan,nan,nan
2117,0.6097814776274714,771.0,661.0,76.0,0.8850226928895613,63.0,0.0,550.5942095394148,nan,nan,nan,nan,nan,1.0,0.15,nan,nan,nan,nan
2118,0.644120707596254,791.0,682.0,64.0,0.906158357771261,64.0,0.0,587.1319822401999,nan,nan,nan,nan,nan,1.0,0.15,nan,nan,nan,nan
2119,0.6430801248699272,791.0,691.0,74.0,0.8929088277858177,63.0,0.0,583.3471582484254,nan,nan,nan,nan,nan,1.0,0.15,nan,nan,nan,nan
2120,0.6503642039542143,822.0,694.0,70.0,0.899135446685879,64.0,0.0,590.7038679642694,nan,nan,nan,nan,nan,1.0,0.15,nan,nan,nan,nan
2121,0.619146722164412,777.0,661.0,67.0,0.8986384266263238,61.0,0.0,562.7343652577412,nan,nan,nan,nan,nan,1.0,0.15,nan,nan,nan,nan
2122,0.6212278876170656,772.0,659.0,63.0,0.9044006069802731,64.0,0.0,564.791685978891,nan,nan,nan,nan,nan,1.0,0.15,nan,nan,nan,nan
2123,0.6004162330905307,771.0,640.0,64.0,0.9,61.0,0.0,545.70256269932,nan,nan,nan,nan,nan,1.0,0.15,nan,nan,nan,nan
2124,0.6586888657648283,824.0,700.0,68.0,0.9028571428571428,64.0,0.0,599.2036225643164,nan,nan,nan,nan,nan,1.0,0.15,nan,nan,nan,nan
2125,0.6430801248699272,808.0,693.0,76.0,0.8903318903318903,64.0,0.0,582.2646410851487,nan,nan,nan,nan,nan,1.0,0.15,nan,nan,nan,nan
2126,0.6420395421436004,822.0,695.0,79.0,0.8863309352517985,63.0,0.0,580.5792463355077,nan,nan,nan,nan,nan,1.0,0.15,nan,nan,nan,nan
2127,0.6149843912591051,770.0,673.0,83.0,0.8766716196136701,61.0,0.0,554.4945321259521,nan,nan,nan,nan,nan,1.0,0.15,nan,nan,nan,nan
2128,0.6264308012486993,766.0,666.0,65.0,0.9024024024024024,63.0,0.0,569.637419260026,9.262686808904013,0.00042516947723925114,17.58007820447286,3.458055853843689,0.0002755201700589775,1.0,0.15,nan,nan,nan,nan
2129,0.6482830385015609,833.0,708.0,86.0,0.8785310734463276,64.0,0.0,583.7137376585018,nan,nan,nan,nan,nan,1.0,0.15,nan,nan,nan,nan
2130,0.6347554630593132,795.0,674.0,65.0,0.9035608308605341,62.0,0.0,578.3472744193095,nan,nan,nan,nan,nan,1.0,0.15,nan,nan,nan,nan
2131,0.6368366285119667,804.0,694.0,83.0,0.8804034582132565,63.0,0.0,574.1604419050232,nan,nan,nan,nan,nan,1.0,0.15,nan,nan,nan,nan
2132,0.6326742976066597,804.0,693.0,86.0,0.8759018759018758,63.0,0.0,569.1189941554096,nan,nan,nan,nan,nan,1.0,0.15,nan,nan,nan,nan
2133,0.6545265348595213,793.0,696.0,68.0,0.9022988505747126,63.0,0.0,596.3926715593329,nan,nan,nan,nan,nan,1.0,0.15,nan,nan,nan,nan
2134,0.6285119667013528,774.0,658.0,55.0,0.9164133738601824,62.0,0.0,575.2800871877682,nan,nan,nan,nan,nan,1.0,0.15,nan,nan,nan,nan
2135,0.619146722164412,767.0,667.0,73.0,0.8905547226386806,62.0,0.0,561.1228285427109,nan,nan,nan,nan,nan,1.0,0.15,nan,nan,nan,nan
2136,0.6659729448491155,800.0,701.0,62.0,0.9115549215406562,63.0,0.0,609.0775220198641,nan,nan,nan,nan,nan,1.0,0.15,nan,nan,nan,nan
2137,0.6056191467221644,735.0,632.0,51.0,0.9193037974683544,59.0,0.0,556.1179388060593,nan,nan,nan,nan,nan,1.0,0.15,nan,nan,nan,nan
2138,0.644120707596254,786.0,670.0,52.0,0.9223880597014925,62.0,0.0,590.9671549801816,nan,nan,nan,nan,nan,1.0,0.15,nan,nan,nan,nan
2139,0.6389177939646202,793.0,675.0,62.0,0.9081481481481481,62.0,0.0,582.8232796239862,nan,nan,nan,nan,nan,1.0,0.15,nan,nan,nan,nan
2140,0.6253902185223725,780.0,675.0,75.0,0.8888888888888888,61.0,0.0,566.7114295735382,nan,nan,nan,nan,nan,1.0,0.15,nan,nan,nan,nan
2141,0.6409989594172737,793.0,680.0,65.0,0.9044117647058824,63.0,0.0,583.7492032289515,nan,nan,nan,nan,nan,1.0,0.15,nan,nan,nan,nan
2142,0.6524453694068678,806.0,692.0,66.0,0.9046242774566474,61.0,0.0,594.8581162500391,nan,nan,nan,nan,nan,1.0,0.15,nan,nan,nan,nan
2143,0.6462018730489074,804.0,697.0,77.0,0.8895265423242468,63.0,0.0,585.3996287789355,nan,nan,nan,nan,nan,1.0,0.15,nan,nan,nan,nan
2144,0.6493236212278877,787.0,681.0,58.0,0.9148311306901615,63.0,0.0,593.8733773469922,8.543095588684082,0.000866541910606126,16.13391987482707,3.4816538294156394,0.00030807536101444083,1.0,0.15,nan,nan,nan,nan
2145,0.6430801248699272,814.0,685.0,68.0,0.9007299270072993,63.0,0.0,584.3699466681481,nan,nan,nan,nan,nan,1.0,0.15,nan,nan,nan,nan
2146,0.6409989594172737,801.0,688.0,73.0,0.8938953488372093,63.0,0.0,581.4115254487988,nan,nan,nan,nan,nan,1.0,0.15,nan,nan,nan,nan
2147,0.6253902185223725,770.0,650.0,50.0,0.9230769230769231,62.0,0.0,573.8061336059574,nan,nan,nan,nan,nan,1.0,0.15,nan,nan,nan,nan
2148,0.6420395421436004,800.0,677.0,61.0,0.9098966026587888,62.0,0.0,585.9322707853328,nan,nan,nan,nan,nan,1.0,0.15,nan,nan,nan,nan
2149,0.6409989594172737,798.0,690.0,75.0,0.8913043478260869,62.0,0.0,581.2839438896206,nan,nan,nan,nan,nan,1.0,0.15,nan,nan,nan,nan
2150,0.6451612903225806,782.0,676.0,57.0,0.915680473372781,61.0,0.0,590.8754588131917,nan,nan,nan,nan,nan,1.0,0.15,nan,nan,nan,nan
2151,0.6566077003121749,796.0,680.0,50.0,0.9264705882352942,63.0,0.0,603.5206508421896,nan,nan,nan,nan,nan,1.0,0.15,nan,nan,nan,nan
2152,0.6576482830385015,788.0,679.0,48.0,0.9293078055964654,64.0,0.0,604.4158852071754,nan,nan,nan,nan,nan,1.0,0.15,nan,nan,nan,nan
2153,0.627471383975026,778.0,676.0,74.0,0.8905325443786982,63.0,0.0,568.5189561696062,nan,nan,nan,nan,nan,1.0,0.15,nan,nan,nan,nan
2154,0.6378772112382934,800.0,676.0,64.0,0.9053254437869822,64.0,0.0,580.638720544339,nan,nan,nan,nan,nan,1.0,0.15,nan,nan,nan,nan
2155,0.6628511966701353,830.0,712.0,76.0,0.8932584269662921,62.0,0.0,601.2983853907582,nan,nan,nan,nan,nan,1.0,0.15,nan,nan,nan,nan
2156,0.6285119667013528,773.0,662.0,59.0,0.9108761329305136,62.0,0.0,574.1247893924719,nan,nan,nan,nan,nan,1.0,0.15,nan,nan,nan,nan
2157,0.6462018730489074,806.0,689.0,69.0,0.8998548621190131,63.0,0.0,587.4838709969533,nan,nan,nan,nan,nan,1.0,0.15,nan,nan,nan,nan
2158,0.644120707596254,800.0,680.0,62.0,0.9088235294117647,64.0,0.0,587.2467251024249,nan,nan,nan,nan,nan,1.0,0.15,nan,nan,nan,nan
2159,0.6618106139438086,813.0,693.0,58.0,0.9163059163059163,60.0,0.0,606.5434279527675,nan,nan,nan,nan,nan,1.0,0.15,nan,nan,nan,nan
2160,0.6514047866805411,811.0,687.0,62.0,0.9097525473071325,63.0,0.0,594.6842618770601,7.293100873629252,0.0010618415738766391,13.64051103591919,3.458417018254598,0.0004161153919994831,1.0,0.15,nan,nan,nan,nan
2161,0.6139438085327783,801.0,665.0,76.0,0.8857142857142857,64.0,0.0,553.6114905347841,nan,nan,nan,nan,nan,1.0,0.15,nan,nan,nan,nan
2162,0.6347554630593132,796.0,698.0,89.0,0.8724928366762178,63.0,0.0,570.9940765542988,nan,nan,nan,nan,nan,1.0,0.15,nan,nan,nan,nan
2163,0.6670135275754423,807.0,697.0,57.0,0.9182209469153515,63.0,0.0,611.0348989205347,nan,nan,nan,nan,nan,1.0,0.15,nan,nan,nan,nan
2164,0.6389177939646202,791.0,687.0,74.0,0.8922852983988355,64.0,0.0,579.1260462079069,nan,nan,nan,nan,nan,1.0,0.15,nan,nan,nan,nan
2165,0.6347554630593132,808.0,691.0,82.0,0.8813314037626628,63.0,0.0,572.4283413877494,nan,nan,nan,nan,nan,1.0,0.15,nan,nan,nan,nan
2166,0.6430801248699272,801.0,682.0,65.0,0.9046920821114369,63.0,0.0,585.760052799226,nan,nan,nan,nan,nan,1.0,0.15,nan,nan,nan,nan
2167,0.6420395421436004,817.0,689.0,73.0,0.8940493468795355,63.0,0.0,582.0448735885633,nan,nan,nan,nan,nan,1.0,0.15,nan,nan,nan,nan
2168,0.5775234131113424,701.0,613.0,59.0,0.9037520391517129,56.0,0.0,528.0809322171233,nan,nan,nan,nan,nan,1.0,0.15,nan,nan,nan,nan
2169,0.6493236212278877,802.0,682.0,59.0,0.9134897360703812,61.0,0.0,594.3471797304156,nan,nan,nan,nan,nan,1.0,0.15,nan,nan,nan,nan
2170,0.6337148803329865,805.0,676.0,68.0,0.8994082840236687,64.0,0.0,575.5496605052944,nan,nan,nan,nan,nan,1.0,0.15,nan,nan,nan,nan
2171,0.6482830385015609,812.0,699.0,77.0,0.8898426323319027,62.0,0.0,587.5287769784923,nan,nan,nan,nan,nan,1.0,0.15,nan,nan,nan,nan
2172,0.6430801248699272,795.0,692.0,75.0,0.8916184971098265,63.0,0.0,582.9012196393018,nan,nan,nan,nan,nan,1.0,0.15,nan,nan,nan,nan
2173,0.6409989594172737,815.0,687.0,72.0,0.8951965065502183,63.0,0.0,581.503118773937,nan,nan,nan,nan,nan,1.0,0.15,nan,nan,nan,nan
2174,0.631633714880333,800.0,687.0,81.0,0.8820960698689956,63.0,0.0,569.9572112569819,nan,nan,nan,nan,nan,1.0,0.15,nan,nan,nan,nan
2175,0.6503642039542143,813.0,691.0,67.0,0.9030390738060782,63.0,0.0,592.2578720312127,nan,nan,nan,nan,nan,1.0,0.15,nan,nan,nan,nan
2176,0.6472424557752341,811.0,686.0,65.0,0.9052478134110787,63.0,0.0,589.6482913651474,7.936774452527364,-0.0010360938031226397,14.948734045028687,3.397040824095408,0.00019995865113742184,1.0,0.15,nan,nan,nan,nan
2177,0.6347554630593132,809.0,694.0,85.0,0.877521613832853,63.0,0.0,571.5614806122784,nan,nan,nan,nan,nan,1.0,0.15,nan,nan,nan,nan
2178,0.6409989594172737,804.0,695.0,80.0,0.8848920863309353,63.0,0.0,579.4703602881441,nan,nan,nan,nan,nan,1.0,0.15,nan,nan,nan,nan
2179,0.6503642039542143,796.0,685.0,61.0,0.910948905109489,64.0,0.0,593.6748259205818,nan,nan,nan,nan,nan,1.0,0.15,nan,nan,nan,nan
2180,0.6149843912591051,785.0,659.0,69.0,0.8952959028831563,61.0,0.0,558.3900653233537,nan,nan,nan,nan,nan,1.0,0.15,nan,nan,nan,nan
2181,0.6482830385015609,789.0,682.0,60.0,0.9120234604105572,64.0,0.0,591.9579964475635,nan,nan,nan,nan,nan,1.0,0.15,nan,nan,nan,nan
2182,0.6493236212278877,792.0,684.0,61.0,0.9108187134502924,62.0,0.0,593.6072167243954,nan,nan,nan,nan,nan,1.0,0.15,nan,nan,nan,nan
2183,0.6514047866805411,787.0,684.0,59.0,0.9137426900584795,64.0,0.0,595.7159533424375,nan,nan,nan,nan,nan,1.0,0.15,nan,nan,nan,nan
2184,0.6472424557752341,807.0,692.0,71.0,0.8973988439306358,63.0,0.0,588.0826191883087,nan,nan,nan,nan,nan,1.0,0.15,nan,nan,nan,nan
2185,0.6659729448491155,808.0,696.0,57.0,0.9181034482758621,62.0,0.0,610.5409616975782,nan,nan,nan,nan,nan,1.0,0.15,nan,nan,nan,nan
2186,0.6243496357960457,794.0,682.0,83.0,0.8782991202346041,63.0,0.0,562.1858092923175,nan,nan,nan,nan,nan,1.0,0.15,nan,nan,nan,nan
2187,0.6482830385015609,820.0,691.0,69.0,0.9001447178002895,63.0,0.0,589.1516211209301,nan,nan,nan,nan,nan,1.0,0.15,nan,nan,nan,nan
2188,0.6503642039542143,802.0,685.0,61.0,0.910948905109489,63.0,0.0,594.0511077332499,nan,nan,nan,nan,nan,1.0,0.15,nan,nan,nan,nan
2189,0.6409989594172737,793.0,681.0,66.0,0.9030837004405287,61.0,0.0,584.46122856474,nan,nan,nan,nan,nan,1.0,0.15,nan,nan,nan,nan
2190,0.6264308012486993,780.0,674.0,73.0,0.8916913946587537,62.0,0.0,567.7556781539931,nan,nan,nan,nan,nan,1.0,0.15,nan,nan,nan,nan
2191,0.6576482830385015,807.0,696.0,65.0,0.9066091954022989,63.0,0.0,599.8435720410371,nan,nan,nan,nan,nan,1.0,0.15,nan,nan,nan,nan
2192,0.6326742976066597,799.0,669.0,62.0,0.9073243647234679,64.0,0.0,576.2192283659004,8.14746630191803,0.0007530048751505092,15.352356751759848,3.4472064773241677,0.00034986830966469523,1.0,0.15,nan,nan,nan,nan
2193,0.6222684703433923,764.0,661.0,64.0,0.903177004538578,62.0,0.0,566.9378658037195,nan,nan,nan,nan,nan,1.0,0.15,nan,nan,nan,nan
2194,0.6337148803329865,796.0,682.0,74.0,0.8914956011730205,64.0,0.0,573.6512074785251,nan,nan,nan,nan,nan,1.0,0.15,nan,nan,nan,nan
2195,0.668054110301769,819.0,710.0,69.0,0.9028169014084507,64.0,0.0,608.3921936006542,nan,nan,nan,nan,nan,1.0,0.15,nan,nan,nan,nan
2196,0.668054110301769,801.0,702.0,61.0,0.9131054131054132,63.0,0.0,610.9836130809782,nan,nan,nan,nan,nan,1.0,0.15,nan,nan,nan,nan
2197,0.6628511966701353,805.0,690.0,54.0,0.9217391304347826,64.0,0.0,607.7980599174489,nan,nan,nan,nan,nan,1.0,0.15,nan,nan,nan,nan
2198,0.6649323621227887,821.0,704.0,66.0,0.90625,63.0,0.0,606.3111929788595,nan,nan,nan,nan,nan,1.0,0.15,nan,nan,nan,nan
2199,0.6451612903225806,785.0,674.0,55.0,0.9183976261127597,61.0,0.0,591.7321320505151,nan,nan,nan,nan,nan,1.0,0.15,nan,nan,nan,nan
2200,0.6524453694068678,808.0,688.0,62.0,0.9098837209302325,64.0,0.0,595.0001083059324,nan,nan,nan,nan,nan,1.0,0.15,0.6578980228928201,0.6419354838709677,0.9309254065822195,0.0
2201,0.6024973985431842,753.0,642.0,64.0,0.9003115264797508,57.0,0.0,549.1423384017958,nan,nan,nan,nan,nan,1.0,0.15,nan,nan,nan,nan
2202,0.6566077003121749,818.0,691.0,61.0,0.9117221418234442,64.0,0.0,599.7085860528948,nan,nan,nan,nan,nan,1.0,0.15,nan,nan,nan,nan
2203,0.6670135275754423,822.0,702.0,62.0,0.9116809116809117,64.0,0.0,609.3711121039391,nan,nan,nan,nan,nan,1.0,0.15,nan,nan,nan,nan
2204,0.6201873048907388,753.0,653.0,58.0,0.9111791730474732,59.0,0.0,567.7804494743358,nan,nan,nan,nan,nan,1.0,0.15,nan,nan,nan,nan
2205,0.6451612903225806,804.0,694.0,75.0,0.8919308357348703,64.0,0.0,584.639133138182,nan,nan,nan,nan,nan,1.0,0.15,nan,nan,nan,nan
2206,0.6368366285119667,790.0,679.0,68.0,0.8998527245949927,63.0,0.0,578.9807196750645,nan,nan,nan,nan,nan,1.0,0.15,nan,nan,nan,nan
2207,0.6462018730489074,794.0,689.0,69.0,0.8998548621190131,63.0,0.0,587.8321409125339,nan,nan,nan,nan,nan,1.0,0.15,nan,nan,nan,nan
2208,0.6160249739854319,750.0,654.0,63.0,0.9036697247706422,60.0,0.0,562.0660923204432,9.366297761599222,-0.00208509829826653,17.78423500061035,3.488419791062673,0.001457238249713555,1.0,0.15,nan,nan,nan,nan
2209,0.6378772112382934,815.0,674.0,62.0,0.9080118694362018,63.0,0.0,581.4114828157452,nan,nan,nan,nan,nan,1.0,0.15,nan,nan,nan,nan
2210,0.644120707596254,797.0,675.0,57.0,0.9155555555555556,62.0,0.0,589.5559431843773,nan,nan,nan,nan,nan,1.0,0.15,nan,nan,nan,nan
2211,0.6430801248699272,803.0,682.0,65.0,0.9046920821114369,63.0,0.0,585.7068604187972,nan,nan,nan,nan,nan,1.0,0.15,nan,nan,nan,nan
2212,0.6670135275754423,826.0,713.0,73.0,0.8976157082748948,62.0,0.0,606.3942849588394,nan,nan,nan,nan,nan,1.0,0.15,nan,nan,nan,nan
2213,0.6222684703433923,791.0,668.0,71.0,0.8937125748502994,62.0,0.0,564.3061401095416,nan,nan,nan,nan,nan,1.0,0.15,nan,nan,nan,nan
2214,0.6368366285119667,795.0,680.0,69.0,0.8985294117647059,62.0,0.0,579.0799331388477,nan,nan,nan,nan,nan,1.0,0.15,nan,nan,nan,nan
2215,0.6472424557752341,791.0,688.0,67.0,0.9026162790697675,64.0,0.0,588.9974085907936,nan,nan,nan,nan,nan,1.0,0.15,nan,nan,nan,nan
2216,0.6451612903225806,791.0,681.0,62.0,0.908957415565345,62.0,0.0,589.3192335777289,nan,nan,nan,nan,nan,1.0,0.15,nan,nan,nan,nan
2217,0.6659729448491155,808.0,701.0,62.0,0.9115549215406562,63.0,0.0,609.0192633333202,nan,nan,nan,nan,nan,1.0,0.15,nan,nan,nan,nan
2218,0.6472424557752341,823.0,704.0,83.0,0.8821022727272727,64.0,0.0,584.0391214766502,nan,nan,nan,nan,nan,1.0,0.15,nan,nan,nan,nan
2219,0.6701352757544224,809.0,714.0,71.0,0.9005602240896359,62.0,0.0,610.6473450155253,nan,nan,nan,nan,nan,1.0,0.15,nan,nan,nan,nan
2220,0.6389177939646202,778.0,670.0,57.0,0.9149253731343283,62.0,0.0,584.805635164261,nan,nan,nan,nan,nan,1.0,0.15,nan,nan,nan,nan
2221,0.6493236212278877,805.0,693.0,70.0,0.898989898989899,62.0,0.0,590.8056145696644,nan,nan,nan,nan,nan,1.0,0.15,nan,nan,nan,nan
2222,0.6389177939646202,794.0,678.0,65.0,0.9041297935103245,62.0,0.0,582.3656595187188,nan,nan,nan,nan,nan,1.0,0.15,nan,nan,nan,nan
2223,0.6462018730489074,798.0,696.0,76.0,0.8908045977011494,62.0,0.0,586.2371239399921,nan,nan,nan,nan,nan,1.0,0.15,nan,nan,nan,nan
2224,0.6347554630593132,796.0,676.0,67.0,0.900887573964497,62.0,0.0,577.2604863300327,7.929776748021443,-0.0007113542718191942,14.916545947392782,3.4571887652079263,0.000989557661038513,1.0,0.15,nan,nan,nan,nan
2225,0.6378772112382934,798.0,675.0,63.0,0.9066666666666666,62.0,0.0,581.5823902621279,nan,nan,nan,nan,nan,1.0,0.15,nan,nan,nan,nan
2226,0.6139438085327783,794.0,680.0,91.0,0.8661764705882353,60.0,0.0,550.360350602153,nan,nan,nan,nan,nan,1.0,0.15,nan,nan,nan,nan
2227,0.619146722164412,765.0,661.0,67.0,0.8986384266263238,62.0,0.0,562.9399208188071,nan,nan,nan,nan,nan,1.0,0.15,nan,nan,nan,nan
2228,0.6430801248699272,816.0,686.0,69.0,0.8994169096209913,64.0,0.0,583.6554950470919,nan,nan,nan,nan,nan,1.0,0.15,nan,nan,nan,nan
2229,0.644120707596254,791.0,685.0,67.0,0.9021897810218978,63.0,0.0,586.4941326704031,nan,nan,nan,nan,nan,1.0,0.15,nan,nan,nan,nan
2230,0.6409989594172737,782.0,683.0,68.0,0.9004392386530015,64.0,0.0,582.8409857039455,nan,nan,nan,nan,nan,1.0,0.15,nan,nan,nan,nan
2231,0.6222684703433923,760.0,650.0,53.0,0.9184615384615384,61.0,0.0,570.5796927647592,nan,nan,nan,nan,nan,1.0,0.15,nan,nan,nan,nan
2232,0.6514047866805411,817.0,694.0,69.0,0.9005763688760807,63.0,0.0,592.2313401603697,nan,nan,nan,nan,nan,1.0,0.15,nan,nan,nan,nan
2233,0.6378772112382934,820.0,685.0,73.0,0.8934306569343066,64.0,0.0,577.7939573445326,nan,nan,nan,nan,nan,1.0,0.15,nan,nan,nan,nan
2234,0.6285119667013528,764.0,666.0,63.0,0.9054054054054054,61.0,0.0,573.2901994714749,nan,nan,nan,nan,nan,1.0,0.15,nan,nan,nan,nan
2235,0.6451612903225806,814.0,686.0,67.0,0.902332361516035,64.0,0.0,586.7616386952415,nan,nan,nan,nan,nan,1.0,0.15,nan,nan,nan,nan
2236,0.631633714880333,772.0,660.0,54.0,0.9181818181818182,62.0,0.0,578.8831318593042,nan,nan,nan,nan,nan,1.0,0.15,nan,nan,nan,nan
2237,0.659729448491155,791.0,676.0,43.0,0.9363905325443787,61.0,0.0,608.9429742918,nan,nan,nan,nan,nan,1.0,0.15,nan,nan,nan,nan
2238,0.6326742976066597,813.0,680.0,73.0,0.8926470588235295,64.0,0.0,572.5366260943418,nan,nan,nan,nan,nan,1.0,0.15,nan,nan,nan,nan
2239,0.6555671175858481,791.0,692.0,63.0,0.9089595375722543,64.0,0.0,598.6598312697413,nan,nan,nan,nan,nan,1.0,0.15,nan,nan,nan,nan
2240,0.6389177939646202,798.0,683.0,70.0,0.8975109809663251,62.0,0.0,580.6988230104456,7.918534914652507,-0.004282164387404919,14.899293661117554,3.466863830884298,0.0004251384216331644,1.0,0.15,nan,nan,nan,nan
2241,0.6420395421436004,810.0,687.0,71.0,0.8966521106259098,62.0,0.0,583.0111083903324,nan,nan,nan,nan,nan,1.0,0.15,nan,nan,nan,nan
2242,0.6201873048907388,799.0,684.0,89.0,0.8698830409356725,64.0,0.0,555.5401773986831,nan,nan,nan,nan,nan,1.0,0.15,nan,nan,nan,nan
2243,0.6514047866805411,794.0,683.0,58.0,0.9150805270863837,63.0,0.0,595.8441776084904,nan,nan,nan,nan,nan,1.0,0.15,nan,nan,nan,nan
2244,0.6514047866805411,824.0,700.0,75.0,0.8928571428571429,64.0,0.0,590.365077316285,nan,nan,nan,nan,nan,1.0,0.15,nan,nan,nan,nan
2245,0.6472424557752341,792.0,689.0,68.0,0.9013062409288825,62.0,0.0,589.5304354214671,nan,nan,nan,nan,nan,1.0,0.15,nan,nan,nan,nan
2246,0.6347554630593132,789.0,676.0,67.0,0.900887573964497,64.0,0.0,576.7430122575768,nan,nan,nan,nan,nan,1.0,0.15,nan,nan,nan,nan
2247,0.6233090530697191,759.0,657.0,59.0,0.9101978691019786,58.0,0.0,570.3570181126606,nan,nan,nan,nan,nan,1.0,0.15,nan,nan,nan,nan
2248,0.63579604578564,786.0,683.0,73.0,0.8931185944363104,63.0,0.0,576.8826744337091,nan,nan,nan,nan,nan,1.0,0.15,nan,nan,nan,nan
2249,0.644120707596254,814.0,688.0,70.0,0.8982558139534884,63.0,0.0,584.7354794063575,nan,nan,nan,nan,nan,1.0,0.15,nan,nan,nan,nan
2250,0.6659729448491155,805.0,701.0,62.0,0.9115549215406562,63.0,0.0,609.1021502547286,nan,nan,nan,nan,nan,1.0,0.15,nan,nan,nan,nan
2251,0.6576482830385015,816.0,698.0,67.0,0.9040114613180515,64.0,0.0,599.0577500133516,nan,nan,nan,nan,nan,1.0,0.15,nan,nan,nan,nan
2252,0.6482830385015609,813.0,693.0,71.0,0.8975468975468975,64.0,0.0,588.6198782033931,nan,nan,nan,nan,nan,1.0,0.15,nan,nan,nan,nan
2253,0.6409989594172737,794.0,681.0,66.0,0.9030837004405287,62.0,0.0,584.2670650353434,nan,nan,nan,nan,nan,1.0,0.15,nan,nan,nan,nan
2254,0.6524453694068678,803.0,689.0,63.0,0.9085631349782293,64.0,0.0,594.8740423312195,nan,nan,nan,nan,nan,1.0,0.15,nan,nan,nan,nan
2255,0.6399583766909469,798.0,685.0,71.0,0.8963503649635036,61.0,0.0,581.2305251140589,nan,nan,nan,nan,nan,1.0,0.15,nan,nan,nan,nan
2256,0.6305931321540063,797.0,677.0,72.0,0.8936484490398818,63.0,0.0,571.6274544816027,7.5751543045043945,-0.004399699857458472,14.199539502461752,3.5151598850886026,0.0013274995047443856,1.0,0.15,nan,nan,nan,nan
2257,0.6607700312174818,822.0,715.0,81.0,0.8867132867132868,63.0,0.0,597.4709286065109,nan,nan,nan,nan,nan,1.0,0.15,nan,nan,nan,nan
2258,0.659729448491155,811.0,703.0,70.0,0.9004267425320057,64.0,0.0,600.1022779927255,nan,nan,nan,nan,nan,1.0,0.15,nan,nan,nan,nan
2259,0.644120707596254,803.0,694.0,76.0,0.8904899135446686,63.0,0.0,583.1850094270717,nan,nan,nan,nan,nan,1.0,0.15,nan,nan,nan,nan
2260,0.6493236212278877,804.0,686.0,63.0,0.9081632653061225,63.0,0.0,592.1178557629607,nan,nan,nan,nan,nan,1.0,0.15,nan,nan,nan,nan
2261,0.6451612903225806,823.0,695.0,76.0,0.8906474820143885,64.0,0.0,583.8475561928755,nan,nan,nan,nan,nan,1.0,0.15,nan,nan,nan,nan
2262,0.6503642039542143,803.0,691.0,67.0,0.9030390738060782,62.0,0.0,592.2218627042777,nan,nan,nan,nan,nan,1.0,0.15,nan,nan,nan,nan
2263,0.6389177939646202,772.0,664.0,51.0,0.9231927710843374,60.0,0.0,587.4668843970305,nan,nan,nan,nan,nan,1.0,0.15,nan,nan,nan,nan
2264,0.6378772112382934,777.0,679.0,67.0,0.9013254786450663,63.0,0.0,580.2781221132288,nan,nan,nan,nan,nan,1.0,0.15,nan,nan,nan,nan
2265,0.6472424557752341,791.0,687.0,66.0,0.9039301310043668,63.0,0.0,589.8267764339445,nan,nan,nan,nan,nan,1.0,0.15,nan,nan,nan,nan
2266,0.6389177939646202,801.0,678.0,65.0,0.9041297935103245,64.0,0.0,581.3639505596173,nan,nan,nan,nan,nan,1.0,0.15,nan,nan,nan,nan
2267,0.6399583766909469,801.0,698.0,84.0,0.8796561604584527,61.0,0.0,578.2780188817998,nan,nan,nan,nan,nan,1.0,0.15,nan,nan,nan,nan
2268,0.6243496357960457,788.0,675.0,76.0,0.8874074074074074,64.0,0.0,563.5095838422794,nan,nan,nan,nan,nan,1.0,0.15,nan,nan,nan,nan
2269,0.6087408949011447,731.0,630.0,46.0,0.926984126984127,59.0,0.0,560.645077950002,nan,nan,nan,nan,nan,1.0,0.15,nan,nan,nan,nan
2270,0.6545265348595213,814.0,688.0,60.0,0.9127906976744186,63.0,0.0,598.0510686392792,nan,nan,nan,nan,nan,1.0,0.15,nan,nan,nan,nan
2271,0.6493236212278877,818.0,708.0,85.0,0.8799435028248588,64.0,0.0,585.6556153817182,nan,nan,nan,nan,nan,1.0,0.15,nan,nan,nan,nan
2272,0.6503642039542143,798.0,697.0,73.0,0.8952654232424677,64.0,0.0,590.2256027941717,8.588609298070272,-0.003633349435403943,16.23510440190633,3.4781901637713113,0.0008773717757624885,1.0,0.15,nan,nan,nan,nan
2273,0.6524453694068678,803.0,688.0,62.0,0.9098837209302325,64.0,0.0,595.2819041233054,nan,nan,nan,nan,nan,1.0,0.15,nan,nan,nan,nan
2274,0.6534859521331946,803.0,702.0,75.0,0.8931623931623932,62.0,0.0,592.9126501250282,nan,nan,nan,nan,nan,1.0,0.15,nan,nan,nan,nan
2275,0.6503642039542143,789.0,681.0,57.0,0.9162995594713657,64.0,0.0,595.1669347605699,nan,nan,nan,nan,nan,1.0,0.15,nan,nan,nan,nan
2276,0.6170655567117586,785.0,665.0,73.0,0.8902255639097745,61.0,0.0,558.9275838441861,nan,nan,nan,nan,nan,1.0,0.15,nan,nan,nan,nan
2277,0.6514047866805411,791.0,680.0,55.0,0.9191176470588235,62.0,0.0,597.1853597431185,nan,nan,nan,nan,nan,1.0,0.15,nan,nan,nan,nan
2278,0.6326742976066597,798.0,687.0,80.0,0.883551673944687,64.0,0.0,570.8183385663045,nan,nan,nan,nan,nan,1.0,0.15,nan,nan,nan,nan
2279,0.6409989594172737,801.0,685.0,70.0,0.8978102189781022,64.0,0.0,582.0139579205517,nan,nan,nan,nan,nan,1.0,0.15,nan,nan,nan,nan
2280,0.6690946930280958,816.0,704.0,62.0,0.9119318181818182,62.0,0.0,611.8872755165095,nan,nan,nan,nan,nan,1.0,0.15,nan,nan,nan,nan
2281,0.6503642039542143,818.0,695.0,71.0,0.897841726618705,63.0,0.0,590.4602181034093,nan,nan,nan,nan,nan,1.0,0.15,nan,nan,nan,nan
2282,0.6493236212278877,818.0,700.0,77.0,0.89,63.0,0.0,587.7483886518484,nan,nan,nan,nan,nan,1.0,0.15,nan,nan,nan,nan
2283,0.6555671175858481,791.0,684.0,55.0,0.9195906432748538,61.0,0.0,601.3572690944658,nan,nan,nan,nan,nan,1.0,0.15,nan,nan,nan,nan
2284,0.6181061394380853,783.0,670.0,77.0,0.8850746268656716,62.0,0.0,558.7899658255601,nan,nan,nan,nan,nan,1.0,0.15,nan,nan,nan,nan
2285,0.6690946930280958,814.0,711.0,69.0,0.9029535864978903,64.0,0.0,609.3907398710248,nan,nan,nan,nan,nan,1.0,0.15,nan,nan,nan,nan
2286,0.6285119667013528,790.0,683.0,80.0,0.8828696925329429,63.0,0.0,566.7468939037348,nan,nan,nan,nan,nan,1.0,0.15,nan,nan,nan,nan
2287,0.6493236212278877,799.0,691.0,68.0,0.9015918958031838,64.0,0.0,590.782799206734,nan,nan,nan,nan,nan,1.0,0.15,nan,nan,nan,nan
2288,0.6420395421436004,797.0,686.0,70.0,0.8979591836734694,64.0,0.0,583.2181398410801,8.462643027305603,-0.0040974226625015335,15.989027976989746,3.4590077002843223,0.00018751678847669004,1.0,0.15,nan,nan,nan,nan
2289,0.6139438085327783,743.0,648.0,59.0,0.9089506172839507,61.0,0.0,560.9564205718049,nan,nan,nan,nan,nan,1.0,0.15,nan,nan,nan,nan
2290,0.6462018730489074,810.0,688.0,68.0,0.9011627906976745,64.0,0.0,587.252228028299,nan,nan,nan,nan,nan,1.0,0.15,nan,nan,nan,nan
2291,0.6659729448491155,816.0,716.0,77.0,0.8924581005586593,64.0,0.0,604.342694906235,nan,nan,nan,nan,nan,1.0,0.15,nan,nan,nan,nan
2292,0.6149843912591051,772.0,664.0,74.0,0.8885542168674698,62.0,0.0,556.6236055173877,nan,nan,nan,nan,nan,1.0,0.15,nan,nan,nan,nan
2293,0.6399583766909469,820.0,697.0,83.0,0.8809182209469153,63.0,0.0,576.7335520682349,nan,nan,nan,nan,nan,1.0,0.15,nan,nan,nan,nan
2294,0.6399583766909469,798.0,686.0,72.0,0.8950437317784257,63.0,0.0,580.6268737878798,nan,nan,nan,nan,nan,1.0,0.15,nan,nan,nan,nan
2295,0.6742976066597295,800.0,690.0,43.0,0.9376811594202898,64.0,0.0,622.4106068468079,nan,nan,nan,nan,nan,1.0,0.15,nan,nan,nan,nan
2296,0.6212278876170656,783.0,654.0,58.0,0.9113149847094801,61.0,0.0,567.4202203607581,nan,nan,nan,nan,nan,1.0,0.15,nan,nan,nan,nan
2297,0.6285119667013528,781.0,675.0,72.0,0.8933333333333333,61.0,0.0,570.400423020842,nan,nan,nan,nan,nan,1.0,0.15,nan,nan,nan,nan
2298,0.6555671175858481,800.0,692.0,63.0,0.9089595375722543,62.0,0.0,598.9667806711212,nan,nan,nan,nan,nan,1.0,0.15,nan,nan,nan,nan
2299,0.6264308012486993,763.0,666.0,65.0,0.9024024024024024,59.0,0.0,571.8293079309474,nan,nan,nan,nan,nan,1.0,0.15,nan,nan,nan,nan
2300,0.6462018730489074,814.0,695.0,75.0,0.8920863309352518,63.0,0.0,585.1215306129459,nan,nan,nan,nan,nan,1.0,0.15,0.6562747138397503,0.6409989594172737,0.9310264165026669,0.0
2301,0.6409989594172737,781.0,675.0,60.0,0.9111111111111111,62.0,0.0,586.0911063756959,nan,nan,nan,nan,nan,1.0,0.15,nan,nan,nan,nan
2302,0.6430801248699272,776.0,676.0,59.0,0.9127218934911243,61.0,0.0,588.4643401999489,nan,nan,nan,nan,nan,1.0,0.15,nan,nan,nan,nan
2303,0.6409989594172737,792.0,681.0,66.0,0.9030837004405287,63.0,0.0,583.6474868783955,nan,nan,nan,nan,nan,1.0,0.15,nan,nan,nan,nan
2304,0.6368366285119667,784.0,675.0,64.0,0.9051851851851852,61.0,0.0,581.2298038678188,9.384283105532328,-0.002342243096791208,17.817352135976154,3.500516970952352,0.0015136984657146968,1.0,0.15,nan,nan,nan,nan
2305,0.6409989594172737,791.0,671.0,56.0,0.9165424739195231,64.0,0.0,585.2438673753738,nan,nan,nan,nan,nan,1.0,0.15,nan,nan,nan,nan
2306,0.6514047866805411,793.0,691.0,66.0,0.9044862518089725,61.0,0.0,594.4527032809247,nan,nan,nan,nan,nan,1.0,0.15,nan,nan,nan,nan
2307,0.6534859521331946,804.0,705.0,78.0,0.8893617021276595,62.0,0.0,592.5204747018826,nan,nan,nan,nan,nan,1.0,0.15,nan,nan,nan,nan
2308,0.6555671175858481,808.0,699.0,70.0,0.899856938483548,63.0,0.0,596.1521598253274,nan,nan,nan,nan,nan,1.0,0.15,nan,nan,nan,nan
2309,0.6285119667013528,802.0,688.0,85.0,0.876453488372093,64.0,0.0,565.5952152733806,nan,nan,nan,nan,nan,1.0,0.15,nan,nan,nan,nan
2310,0.6305931321540063,783.0,673.0,68.0,0.8989598811292719,60.0,0.0,573.9972726035136,nan,nan,nan,nan,nan,1.0,0.15,nan,nan,nan,nan
2311,0.6628511966701353,814.0,691.0,55.0,0.9204052098408104,62.0,0.0,607.9756661853785,nan,nan,nan,nan,nan,1.0,0.15,nan,nan,nan,nan
2312,0.6472424557752341,798.0,684.0,63.0,0.9078947368421053,62.0,0.0,590.3165194754603,nan,nan,nan,nan,nan,1.0,0.15,nan,nan,nan,nan
2313,0.6555671175858481,794.0,674.0,45.0,0.9332344213649851,62.0,0.0,603.9416202430733,nan,nan,nan,nan,nan,1.0,0.15,nan,nan,nan,nan
2314,0.659729448491155,825.0,700.0,67.0,0.9042857142857142,63.0,0.0,601.0908870134363,nan,nan,nan,nan,nan,1.0,0.15,nan,nan,nan,nan
2315,0.6472424557752341,807.0,701.0,80.0,0.8858773181169758,61.0,0.0,585.8745242586142,nan,nan,nan,nan,nan,1.0,0.15,nan,nan,nan,nan
2316,0.6399583766909469,801.0,686.0,72.0,0.8950437317784257,64.0,0.0,580.3825213747036,nan,nan,nan,nan,nan,1.0,0.15,nan,nan,nan,nan
2317,0.631633714880333,796.0,688.0,82.0,0.8808139534883721,64.0,0.0,569.1827375178345,nan,nan,nan,nan,nan,1.0,0.15,nan,nan,nan,nan
2318,0.6409989594172737,774.0,673.0,58.0,0.9138187221396731,61.0,0.0,586.828573735714,nan,nan,nan,nan,nan,1.0,0.15,nan,nan,nan,nan
2319,0.6451612903225806,797.0,681.0,62.0,0.908957415565345,64.0,0.0,588.5475222287188,nan,nan,nan,nan,nan,1.0,0.15,nan,nan,nan,nan
2320,0.6555671175858481,800.0,694.0,65.0,0.9063400576368876,63.0,0.0,598.1917871937759,8.173163890838623,-0.004031539186447238,15.402928670247396,3.4856116573015847,0.0010518828494241461,1.0,0.15,nan,nan,nan,nan
2321,0.6014568158168574,738.0,630.0,53.0,0.9158730158730158,60.0,0.0,550.5636781039252,nan,nan,nan,nan,nan,1.0,0.15,nan,nan,nan,nan
2322,0.6607700312174818,812.0,697.0,63.0,0.9096126255380201,64.0,0.0,603.3402103772153,nan,nan,nan,nan,nan,1.0,0.15,nan,nan,nan,nan
2323,0.6566077003121749,817.0,704.0,74.0,0.8948863636363636,64.0,0.0,595.8259336466792,nan,nan,nan,nan,nan,1.0,0.15,nan,nan,nan,nan
2324,0.6420395421436004,817.0,699.0,83.0,0.8812589413447782,64.0,0.0,578.815669125081,nan,nan,nan,nan,nan,1.0,0.15,nan,nan,nan,nan
2325,0.644120707596254,796.0,694.0,76.0,0.8904899135446686,63.0,0.0,583.8500169153217,nan,nan,nan,nan,nan,1.0,0.15,nan,nan,nan,nan
2326,0.6472424557752341,810.0,695.0,74.0,0.8935251798561151,64.0,0.0,586.5591227951046,nan,nan,nan,nan,nan,1.0,0.15,nan,nan,nan,nan
2327,0.6482830385015609,808.0,690.0,68.0,0.9014492753623189,64.0,0.0,589.0685182471284,nan,nan,nan,nan,nan,1.0,0.15,nan,nan,nan,nan
2328,0.644120707596254,804.0,685.0,67.0,0.9021897810218978,63.0,0.0,586.3819273161895,nan,nan,nan,nan,nan,1.0,0.15,nan,nan,nan,nan
2329,0.6555671175858481,780.0,684.0,55.0,0.9195906432748538,61.0,0.0,601.7872264699964,nan,nan,nan,nan,nan,1.0,0.15,nan,nan,nan,nan
2330,0.6295525494276795,791.0,679.0,75.0,0.8895434462444771,64.0,0.0,569.0463903284085,nan,nan,nan,nan,nan,1.0,0.15,nan,nan,nan,nan
2331,0.6430801248699272,794.0,680.0,63.0,0.9073529411764706,64.0,0.0,586.0316647796632,nan,nan,nan,nan,nan,1.0,0.15,nan,nan,nan,nan
2332,0.6326742976066597,791.0,673.0,66.0,0.9019316493313522,61.0,0.0,575.9957107658397,nan,nan,nan,nan,nan,1.0,0.15,nan,nan,nan,nan
2333,0.6451612903225806,794.0,682.0,63.0,0.907624633431085,62.0,0.0,588.6849368414893,nan,nan,nan,nan,nan,1.0,0.15,nan,nan,nan,nan
2334,0.6711758584807492,813.0,708.0,64.0,0.9096045197740112,63.0,0.0,613.165760136603,nan,nan,nan,nan,nan,1.0,0.15,nan,nan,nan,nan
2335,0.6742976066597295,833.0,721.0,74.0,0.897364771151179,63.0,0.0,613.064172915458,nan,nan,nan,nan,nan,1.0,0.15,nan,nan,nan,nan
2336,0.6399583766909469,801.0,688.0,74.0,0.8924418604651163,62.0,0.0,580.2483154582985,7.891974210739136,-0.0006224241418143114,14.852357784907023,3.4159695506095886,0.0004323360529573013,1.0,0.15,nan,nan,nan,nan
2337,0.6222684703433923,774.0,668.0,71.0,0.8937125748502994,64.0,0.0,563.4367990365045,nan,nan,nan,nan,nan,1.0,0.15,nan,nan,nan,nan
2338,0.6368366285119667,807.0,682.0,71.0,0.8958944281524927,62.0,0.0,578.2272043538102,nan,nan,nan,nan,nan,1.0,0.15,nan,nan,nan,nan
2339,0.6472424557752341,812.0,689.0,68.0,0.9013062409288825,63.0,0.0,588.7269773712168,nan,nan,nan,nan,nan,1.0,0.15,nan,nan,nan,nan
2340,0.6243496357960457,792.0,658.0,59.0,0.9103343465045592,62.0,0.0,569.8611286602033,nan,nan,nan,nan,nan,1.0,0.15,nan,nan,nan,nan
2341,0.6087408949011447,762.0,646.0,62.0,0.9040247678018576,61.0,0.0,554.1673426747342,nan,nan,nan,nan,nan,1.0,0.15,nan,nan,nan,nan
2342,0.6389177939646202,783.0,676.0,63.0,0.9068047337278107,62.0,0.0,582.9605060434347,nan,nan,nan,nan,nan,1.0,0.15,nan,nan,nan,nan
2343,0.631633714880333,777.0,671.0,65.0,0.9031296572280179,63.0,0.0,574.8943235154159,nan,nan,nan,nan,nan,1.0,0.15,nan,nan,nan,nan
2344,0.6524453694068678,768.0,679.0,53.0,0.9219440353460973,64.0,0.0,598.645202991486,nan,nan,nan,nan,nan,1.0,0.15,nan,nan,nan,nan
2345,0.6524453694068678,797.0,687.0,61.0,0.9112081513828238,62.0,0.0,596.3750822010037,nan,nan,nan,nan,nan,1.0,0.15,nan,nan,nan,nan
2346,0.6618106139438086,798.0,697.0,62.0,0.9110473457675753,64.0,0.0,604.7675701560973,nan,nan,nan,nan,nan,1.0,0.15,nan,nan,nan,nan
2347,0.6732570239334027,807.0,701.0,55.0,0.9215406562054208,61.0,0.0,618.5361109323496,nan,nan,nan,nan,nan,1.0,0.15,nan,nan,nan,nan
2348,0.6326742976066597,797.0,680.0,73.0,0.8926470588235295,63.0,0.0,573.3455305171028,nan,nan,nan,nan,nan,1.0,0.15,nan,nan,nan,nan
2349,0.6430801248699272,795.0,683.0,66.0,0.9033674963396779,64.0,0.0,585.3226770420086,nan,nan,nan,nan,nan,1.0,0.15,nan,nan,nan,nan
2350,0.6524453694068678,792.0,677.0,51.0,0.9246676514032496,64.0,0.0,598.8626279520985,nan,nan,nan,nan,nan,1.0,0.15,nan,nan,nan,nan
2351,0.6430801248699272,787.0,681.0,64.0,0.9060205580029369,62.0,0.0,586.7188990726466,nan,nan,nan,nan,nan,1.0,0.15,nan,nan,nan,nan
2352,0.6430801248699272,800.0,677.0,60.0,0.9113737075332349,63.0,0.0,587.2626488857276,8.459128538767496,-0.00017093905868629614,15.979559501012167,3.4402502179145813,0.00021343599837564398,1.0,0.15,nan,nan,nan,nan
2353,0.6524453694068678,783.0,681.0,55.0,0.9192364170337739,64.0,0.0,597.635356660844,nan,nan,nan,nan,nan,1.0,0.15,nan,nan,nan,nan
2354,0.6264308012486993,770.0,669.0,68.0,0.898355754857997,62.0,0.0,569.2958367538452,nan,nan,nan,nan,nan,1.0,0.15,nan,nan,nan,nan
2355,0.6462018730489074,779.0,672.0,52.0,0.9226190476190477,61.0,0.0,593.7440018987669,nan,nan,nan,nan,nan,1.0,0.15,nan,nan,nan,nan
2356,0.6545265348595213,801.0,700.0,72.0,0.8971428571428571,62.0,0.0,594.9634003849038,nan,nan,nan,nan,nan,1.0,0.15,nan,nan,nan,nan
2357,0.6524453694068678,821.0,707.0,81.0,0.8854314002828855,64.0,0.0,589.5537735867489,nan,nan,nan,nan,nan,1.0,0.15,nan,nan,nan,nan
2358,0.6326742976066597,799.0,684.0,77.0,0.8874269005847953,62.0,0.0,572.1517327837969,nan,nan,nan,nan,nan,1.0,0.15,nan,nan,nan,nan
2359,0.6451612903225806,798.0,686.0,67.0,0.902332361516035,63.0,0.0,587.2250917429936,nan,nan,nan,nan,nan,1.0,0.15,nan,nan,nan,nan
2360,0.631633714880333,783.0,672.0,66.0,0.9017857142857143,63.0,0.0,574.1863531455999,nan,nan,nan,nan,nan,1.0,0.15,nan,nan,nan,nan
2361,0.6420395421436004,808.0,700.0,84.0,0.88,62.0,0.0,579.4918288202296,nan,nan,nan,nan,nan,1.0,0.15,nan,nan,nan,nan
2362,0.6670135275754423,800.0,700.0,60.0,0.9142857142857143,63.0,0.0,610.5310897293093,nan,nan,nan,nan,nan,1.0,0.15,nan,nan,nan,nan
2363,0.6181061394380853,758.0,650.0,57.0,0.9123076923076923,62.0,0.0,564.4055329933196,nan,nan,nan,nan,nan,1.0,0.15,nan,nan,nan,nan
2364,0.6514047866805411,814.0,699.0,74.0,0.894134477825465,62.0,0.0,591.4393269171713,nan,nan,nan,nan,nan,1.0,0.15,nan,nan,nan,nan
2365,0.6378772112382934,790.0,681.0,69.0,0.8986784140969163,64.0,0.0,579.3089345383659,nan,nan,nan,nan,nan,1.0,0.15,nan,nan,nan,nan
2366,0.6181061394380853,820.0,686.0,93.0,0.8644314868804664,63.0,0.0,552.4741005020162,nan,nan,nan,nan,nan,1.0,0.15,nan,nan,nan,nan
2367,0.627471383975026,786.0,673.0,71.0,0.8945022288261516,62.0,0.0,569.4258571834569,nan,nan,nan,nan,nan,1.0,0.15,nan,nan,nan,nan
2368,0.6472424557752341,803.0,683.0,62.0,0.9092240117130308,63.0,0.0,590.5417885956774,7.916236519813538,-0.0017915565986186266,14.894501686096191,3.4484097361564636,0.00025909963733283803,1.0,0.15,nan,nan,nan,nan
2369,0.6118626430801248,753.0,652.0,65.0,0.9003067484662577,60.0,0.0,557.3251391434703,nan,nan,nan,nan,nan,1.0,0.15,nan,nan,nan,nan
2370,0.6524453694068678,790.0,687.0,61.0,0.9112081513828238,63.0,0.0,596.4139999599462,nan,nan,nan,nan,nan,1.0,0.15,nan,nan,nan,nan
2371,0.627471383975026,786.0,676.0,74.0,0.8905325443786982,62.0,0.0,568.2555431938187,nan,nan,nan,nan,nan,1.0,0.15,nan,nan,nan,nan
2372,0.6670135275754423,808.0,702.0,62.0,0.9116809116809117,64.0,0.0,609.7765371823319,nan,nan,nan,nan,nan,1.0,0.15,nan,nan,nan,nan
2373,0.6482830385015609,804.0,695.0,73.0,0.8949640287769784,62.0,0.0,588.8695136280079,nan,nan,nan,nan,nan,1.0,0.15,nan,nan,nan,nan
2374,0.6514047866805411,801.0,684.0,59.0,0.9137426900584795,62.0,0.0,596.304795818331,nan,nan,nan,nan,nan,1.0,0.15,nan,nan,nan,nan
2375,0.6451612903225806,793.0,683.0,64.0,0.9062957540263543,62.0,0.0,588.4709774293904,nan,nan,nan,nan,nan,1.0,0.15,nan,nan,nan,nan
2376,0.6399583766909469,793.0,689.0,75.0,0.8911465892597968,62.0,0.0,580.3390108618746,nan,nan,nan,nan,nan,1.0,0.15,nan,nan,nan,nan
2377,0.6514047866805411,811.0,693.0,68.0,0.9018759018759018,63.0,0.0,592.6142798972135,nan,nan,nan,nan,nan,1.0,0.15,nan,nan,nan,nan
2378,0.6389177939646202,805.0,688.0,75.0,0.8909883720930233,62.0,0.0,579.1957019128819,nan,nan,nan,nan,nan,1.0,0.15,nan,nan,nan,nan
2379,0.6430801248699272,812.0,675.0,58.0,0.914074074074074,64.0,0.0,587.1906645827316,nan,nan,nan,nan,nan,1.0,0.15,nan,nan,nan,nan
2380,0.6482830385015609,790.0,685.0,63.0,0.908029197080292,62.0,0.0,591.9880201501859,nan,nan,nan,nan,nan,1.0,0.15,nan,nan,nan,nan
2381,0.6399583766909469,790.0,676.0,62.0,0.908284023668639,63.0,0.0,583.7932026581778,nan,nan,nan,nan,nan,1.0,0.15,nan,nan,nan,nan
2382,0.6243496357960457,780.0,668.0,69.0,0.8967065868263473,63.0,0.0,566.5051254391698,nan,nan,nan,nan,nan,1.0,0.15,nan,nan,nan,nan
2383,0.6139438085327783,763.0,650.0,61.0,0.9061538461538462,62.0,0.0,559.4729458942426,nan,nan,nan,nan,nan,1.0,0.15,nan,nan,nan,nan
2384,0.659729448491155,790.0,693.0,60.0,0.9134199134199135,64.0,0.0,603.3322677359597,7.48145055770874,-0.002229278441518545,13.990172386169434,3.5766697923342385,0.0009319938168725154,1.0,0.15,nan,nan,nan,nan
2385,0.6534859521331946,803.0,694.0,67.0,0.9034582132564841,63.0,0.0,595.5102661352169,nan,nan,nan,nan,nan,1.0,0.15,nan,nan,nan,nan
2386,0.6607700312174818,803.0,707.0,73.0,0.8967468175388967,64.0,0.0,600.3311682415014,nan,nan,nan,nan,nan,1.0,0.15,nan,nan,nan,nan
2387,0.6784599375650364,805.0,703.0,52.0,0.9260312944523471,63.0,0.0,624.0368346300129,nan,nan,nan,nan,nan,1.0,0.15,nan,nan,nan,nan
2388,0.6409989594172737,774.0,673.0,58.0,0.9138187221396731,61.0,0.0,587.1476913514149,nan,nan,nan,nan,nan,1.0,0.15,nan,nan,nan,nan
2389,0.631633714880333,797.0,672.0,66.0,0.9017857142857143,64.0,0.0,574.2093343148241,nan,nan,nan,nan,nan,1.0,0.15,nan,nan,nan,nan
2390,0.6566077003121749,826.0,711.0,81.0,0.8860759493670886,63.0,0.0,594.1437963032724,nan,nan,nan,nan,nan,1.0,0.15,nan,nan,nan,nan
2391,0.6649323621227887,806.0,690.0,52.0,0.9246376811594202,63.0,0.0,610.8420458631515,nan,nan,nan,nan,nan,1.0,0.15,nan,nan,nan,nan
2392,0.6337148803329865,802.0,685.0,77.0,0.8875912408759125,63.0,0.0,573.1368698277481,nan,nan,nan,nan,nan,1.0,0.15,nan,nan,nan,nan
2393,0.6326742976066597,794.0,683.0,76.0,0.8887262079062958,64.0,0.0,571.772645107748,nan,nan,nan,nan,nan,1.0,0.15,nan,nan,nan,nan
2394,0.6337148803329865,804.0,685.0,77.0,0.8875912408759125,62.0,0.0,573.5542828879363,nan,nan,nan,nan,nan,1.0,0.15,nan,nan,nan,nan
2395,0.6326742976066597,797.0,686.0,79.0,0.8848396501457726,61.0,0.0,571.8668963680277,nan,nan,nan,nan,nan,1.0,0.15,nan,nan,nan,nan
2396,0.6618106139438086,820.0,701.0,66.0,0.905848787446505,62.0,0.0,603.6561232957832,nan,nan,nan,nan,nan,1.0,0.15,nan,nan,nan,nan
2397,0.6451612903225806,800.0,685.0,66.0,0.9036496350364963,64.0,0.0,587.2877784519208,nan,nan,nan,nan,nan,1.0,0.15,nan,nan,nan,nan
2398,0.663891779396462,824.0,705.0,68.0,0.9035460992907801,63.0,0.0,605.0719440999032,nan,nan,nan,nan,nan,1.0,0.15,nan,nan,nan,nan
2399,0.668054110301769,809.0,705.0,64.0,0.9092198581560283,63.0,0.0,610.022786062719,nan,nan,nan,nan,nan,1.0,0.15,nan,nan,nan,nan
2400,0.6566077003121749,811.0,709.0,79.0,0.8885754583921015,64.0,0.0,594.0769935474397,7.9283668994903564,0.00031085405498743057,14.888593753178915,3.5427850683530173,0.00047196352049165097,1.0,0.15,0.6567950052029136,0.6409989594172737,0.9302939481292972,0.0
2401,0.644120707596254,805.0,686.0,68.0,0.9008746355685131,63.0,0.0,585.681431122304,nan,nan,nan,nan,nan,1.0,0.15,nan,nan,nan,nan
2402,0.5858480749219563,721.0,625.0,63.0,0.8992,59.0,0.0,532.806457825663,nan,nan,nan,nan,nan,1.0,0.15,nan,nan,nan,nan
2403,0.6378772112382934,782.0,667.0,55.0,0.9175412293853074,64.0,0.0,583.4166529078492,nan,nan,nan,nan,nan,1.0,0.15,nan,nan,nan,nan
2404,0.6524453694068678,784.0,673.0,47.0,0.9301634472511144,63.0,0.0,600.2263170447336,nan,nan,nan,nan,nan,1.0,0.15,nan,nan,nan,nan
2405,0.6347554630593132,774.0,668.0,59.0,0.9116766467065869,62.0,0.0,580.0377682743082,nan,nan,nan,nan,nan,1.0,0.15,nan,nan,nan,nan
2406,0.6534859521331946,783.0,673.0,46.0,0.9316493313521546,61.0,0.0,602.4144038848885,nan,nan,nan,nan,nan,1.0,0.15,nan,nan,nan,nan
2407,0.6451612903225806,808.0,692.0,73.0,0.8945086705202312,63.0,0.0,584.7730295014402,nan,nan,nan,nan,nan,1.0,0.15,nan,nan,nan,nan
2408,0.6462018730489074,797.0,695.0,75.0,0.8920863309352518,62.0,0.0,586.36699203539,nan,nan,nan,nan,nan,1.0,0.15,nan,nan,nan,nan
2409,0.6566077003121749,813.0,688.0,58.0,0.9156976744186046,63.0,0.0,600.826026201248,nan,nan,nan,nan,nan,1.0,0.15,nan,nan,nan,nan
2410,0.6295525494276795,785.0,680.0,76.0,0.888235294117647,62.0,0.0,569.8106138725294,nan,nan,nan,nan,nan,1.0,0.15,nan,nan,nan,nan
2411,0.6389177939646202,786.0,679.0,66.0,0.9027982326951399,63.0,0.0,581.3635472140319,nan,nan,nan,nan,nan,1.0,0.15,nan,nan,nan,nan
2412,0.6701352757544224,819.0,711.0,68.0,0.9043600562587905,61.0,0.0,611.6068160629281,nan,nan,nan,nan,nan,1.0,0.15,nan,nan,nan,nan
2413,0.6337148803329865,783.0,672.0,64.0,0.9047619047619048,62.0,0.0,577.34765136385,nan,nan,nan,nan,nan,1.0,0.15,nan,nan,nan,nan
2414,0.6628511966701353,790.0,694.0,58.0,0.9164265129682997,63.0,0.0,607.3407955160138,nan,nan,nan,nan,nan,1.0,0.15,nan,nan,nan,nan
2415,0.6212278876170656,766.0,658.0,62.0,0.9057750759878419,63.0,0.0,565.7408357453357,nan,nan,nan,nan,nan,1.0,0.15,nan,nan,nan,nan
2416,0.6368366285119667,778.0,674.0,63.0,0.9065281899109793,59.0,0.0,581.930374487877,8.579732656478882,-0.0008942679657290379,16.21800645192464,3.452878177165985,0.00022606204826540002,1.0,0.15,nan,nan,nan,nan
2417,0.6305931321540063,801.0,674.0,69.0,0.8976261127596439,64.0,0.0,572.0633378281609,nan,nan,nan,nan,nan,1.0,0.15,nan,nan,nan,nan
2418,0.6472424557752341,794.0,668.0,47.0,0.9296407185628742,61.0,0.0,596.0564650917058,nan,nan,nan,nan,nan,1.0,0.15,nan,nan,nan,nan
2419,0.6347554630593132,822.0,694.0,85.0,0.877521613832853,61.0,0.0,571.7759390382778,nan,nan,nan,nan,nan,1.0,0.15,nan,nan,nan,nan
2420,0.6389177939646202,789.0,677.0,64.0,0.9054652880354506,62.0,0.0,582.5235505490306,nan,nan,nan,nan,nan,1.0,0.15,nan,nan,nan,nan
2421,0.663891779396462,802.0,689.0,52.0,0.9245283018867925,64.0,0.0,609.4322693681713,nan,nan,nan,nan,nan,1.0,0.15,nan,nan,nan,nan
2422,0.6514047866805411,803.0,689.0,64.0,0.9071117561683599,64.0,0.0,593.729349648477,nan,nan,nan,nan,nan,1.0,0.15,nan,nan,nan,nan
2423,0.6451612903225806,808.0,683.0,64.0,0.9062957540263543,63.0,0.0,587.629593650819,nan,nan,nan,nan,nan,1.0,0.15,nan,nan,nan,nan
2424,0.6493236212278877,794.0,677.0,54.0,0.9202363367799113,60.0,0.0,596.0696902599336,nan,nan,nan,nan,nan,1.0,0.15,nan,nan,nan,nan
2425,0.6295525494276795,796.0,666.0,62.0,0.9069069069069069,62.0,0.0,573.8082812094694,nan,nan,nan,nan,nan,1.0,0.15,nan,nan,nan,nan
2426,0.627471383975026,789.0,677.0,75.0,0.8892171344165436,63.0,0.0,567.6004935483942,nan,nan,nan,nan,nan,1.0,0.15,nan,nan,nan,nan
2427,0.6253902185223725,793.0,673.0,73.0,0.8915304606240714,62.0,0.0,566.5476280260101,nan,nan,nan,nan,nan,1.0,0.15,nan,nan,nan,nan
2428,0.6576482830385015,801.0,692.0,61.0,0.911849710982659,63.0,0.0,601.0559224004766,nan,nan,nan,nan,nan,1.0,0.15,nan,nan,nan,nan
2429,0.631633714880333,781.0,674.0,68.0,0.8991097922848664,63.0,0.0,573.616117136956,nan,nan,nan,nan,nan,1.0,0.15,nan,nan,nan,nan
2430,0.6285119667013528,760.0,661.0,58.0,0.9122541603630863,60.0,0.0,575.4526731066715,nan,nan,nan,nan,nan,1.0,0.15,nan,nan,nan,nan
2431,0.6586888657648283,795.0,698.0,66.0,0.9054441260744985,61.0,0.0,601.6853873052596,nan,nan,nan,nan,nan,1.0,0.15,nan,nan,nan,nan
2432,0.6368366285119667,800.0,676.0,65.0,0.9038461538461539,62.0,0.0,580.0272190365794,8.269013404846191,-0.0022414451183673614,15.594906250635782,3.4693957368532815,0.0013080600256216712,1.0,0.15,nan,nan,nan,nan
2433,0.6534859521331946,798.0,700.0,73.0,0.8957142857142857,64.0,0.0,593.1937721962922,nan,nan,nan,nan,nan,1.0,0.15,nan,nan,nan,nan
2434,0.6368366285119667,794.0,688.0,77.0,0.8880813953488372,62.0,0.0,576.6552458209995,nan,nan,nan,nan,nan,1.0,0.15,nan,nan,nan,nan
2435,0.6295525494276795,778.0,671.0,67.0,0.9001490312965723,61.0,0.0,572.7603054409036,nan,nan,nan,nan,nan,1.0,0.15,nan,nan,nan,nan
2436,0.6472424557752341,789.0,687.0,66.0,0.9039301310043668,63.0,0.0,589.9343961462973,nan,nan,nan,nan,nan,1.0,0.15,nan,nan,nan,nan
2437,0.6472424557752341,810.0,689.0,68.0,0.9013062409288825,61.0,0.0,589.3271869173047,nan,nan,nan,nan,nan,1.0,0.15,nan,nan,nan,nan
2438,0.6222684703433923,761.0,655.0,58.0,0.9114503816793893,61.0,0.0,568.5890559968964,nan,nan,nan,nan,nan,1.0,0.15,nan,nan,nan,nan
2439,0.6545265348595213,813.0,698.0,70.0,0.8997134670487106,64.0,0.0,595.1563157653823,nan,nan,nan,nan,nan,1.0,0.15,nan,nan,nan,nan
2440,0.6337148803329865,811.0,690.0,82.0,0.881159420289855,61.0,0.0,572.1306712570208,nan,nan,nan,nan,nan,1.0,0.15,nan,nan,nan,nan
2441,0.6493236212278877,825.0,702.0,79.0,0.8874643874643875,62.0,0.0,587.9237840471286,nan,nan,nan,nan,nan,1.0,0.15,nan,nan,nan,nan
2442,0.6576482830385015,802.0,688.0,57.0,0.9171511627906976,64.0,0.0,602.0592980113033,nan,nan,nan,nan,nan,1.0,0.15,nan,nan,nan,nan
2443,0.63579604578564,804.0,688.0,78.0,0.8866279069767442,62.0,0.0,575.1819420309081,nan,nan,nan,nan,nan,1.0,0.15,nan,nan,nan,nan
2444,0.6014568158168574,771.0,653.0,76.0,0.8836140888208269,61.0,0.0,543.3019532356278,nan,nan,nan,nan,nan,1.0,0.15,nan,nan,nan,nan
2445,0.6233090530697191,790.0,682.0,84.0,0.8768328445747801,61.0,0.0,561.6927350950259,nan,nan,nan,nan,nan,1.0,0.15,nan,nan,nan,nan
2446,0.6368366285119667,799.0,677.0,66.0,0.9025110782865583,61.0,0.0,579.5164018383028,nan,nan,nan,nan,nan,1.0,0.15,nan,nan,nan,nan
2447,0.6389177939646202,794.0,676.0,63.0,0.9068047337278107,63.0,0.0,582.2453683905607,nan,nan,nan,nan,nan,1.0,0.15,nan,nan,nan,nan
2448,0.6482830385015609,793.0,689.0,67.0,0.9027576197387518,62.0,0.0,590.9821191368119,8.464924136797586,-0.0019190802704542875,16.010592699050903,3.383996148904165,0.0010134026815649122,1.0,0.15,nan,nan,nan,nan
2449,0.668054110301769,799.0,689.0,48.0,0.93033381712627,64.0,0.0,614.8361148028362,nan,nan,nan,nan,nan,1.0,0.15,nan,nan,nan,nan
2450,0.6462018730489074,801.0,678.0,58.0,0.9144542772861357,62.0,0.0,591.06381016016,nan,nan,nan,nan,nan,1.0,0.15,nan,nan,nan,nan
2451,0.6347554630593132,799.0,683.0,74.0,0.8916544655929722,60.0,0.0,576.0013610482232,nan,nan,nan,nan,nan,1.0,0.15,nan,nan,nan,nan
2452,0.6524453694068678,796.0,694.0,68.0,0.9020172910662824,61.0,0.0,595.0565006451611,nan,nan,nan,nan,nan,1.0,0.15,nan,nan,nan,nan
2453,0.6472424557752341,778.0,678.0,57.0,0.915929203539823,61.0,0.0,593.369015887261,nan,nan,nan,nan,nan,1.0,0.15,nan,nan,nan,nan
2454,0.6534859521331946,805.0,690.0,63.0,0.908695652173913,62.0,0.0,596.5368226690297,nan,nan,nan,nan,nan,1.0,0.15,nan,nan,nan,nan
2455,0.644120707596254,803.0,691.0,73.0,0.894356005788712,63.0,0.0,584.4249041605021,nan,nan,nan,nan,nan,1.0,0.15,nan,nan,nan,nan
2456,0.6129032258064516,753.0,637.0,49.0,0.9230769230769231,59.0,0.0,563.1346869754801,nan,nan,nan,nan,nan,1.0,0.15,nan,nan,nan,nan
2457,0.6462018730489074,785.0,682.0,62.0,0.9090909090909091,63.0,0.0,589.8026682066918,nan,nan,nan,nan,nan,1.0,0.15,nan,nan,nan,nan
2458,0.6305931321540063,790.0,672.0,67.0,0.9002976190476191,63.0,0.0,573.1558142328267,nan,nan,nan,nan,nan,1.0,0.15,nan,nan,nan,nan
2459,0.6337148803329865,780.0,671.0,63.0,0.9061102831594635,62.0,0.0,578.0128364801429,nan,nan,nan,nan,nan,1.0,0.15,nan,nan,nan,nan
2460,0.6482830385015609,816.0,701.0,79.0,0.8873038516405135,62.0,0.0,587.0265178737646,nan,nan,nan,nan,nan,1.0,0.15,nan,nan,nan,nan
2461,0.63579604578564,795.0,683.0,73.0,0.8931185944363104,62.0,0.0,576.6673802905086,nan,nan,nan,nan,nan,1.0,0.15,nan,nan,nan,nan
2462,0.631633714880333,806.0,688.0,82.0,0.8808139534883721,61.0,0.0,570.2834744391469,nan,nan,nan,nan,nan,1.0,0.15,nan,nan,nan,nan
2463,0.6493236212278877,812.0,693.0,70.0,0.898989898989899,62.0,0.0,590.3730394477842,nan,nan,nan,nan,nan,1.0,0.15,nan,nan,nan,nan
2464,0.6337148803329865,800.0,684.0,76.0,0.8888888888888888,64.0,0.0,572.9067974066733,7.884437123934428,-0.0070196345914155245,14.844000657399496,3.439011732737223,0.0014719846852434177,1.0,0.15,nan,nan,nan,nan
2465,0.6462018730489074,815.0,703.0,83.0,0.8819345661450925,63.0,0.0,583.2024525041593,nan,nan,nan,nan,nan,1.0,0.15,nan,nan,nan,nan
2466,0.6586888657648283,803.0,690.0,58.0,0.9159420289855073,63.0,0.0,603.1104444150919,nan,nan,nan,nan,nan,1.0,0.15,nan,nan,nan,nan
2467,0.6295525494276795,794.0,676.0,72.0,0.893491124260355,63.0,0.0,570.6524359602939,nan,nan,nan,nan,nan,1.0,0.15,nan,nan,nan,nan
2468,0.6160249739854319,758.0,657.0,66.0,0.8995433789954338,62.0,0.0,560.3659770016675,nan,nan,nan,nan,nan,1.0,0.15,nan,nan,nan,nan
2469,0.659729448491155,795.0,697.0,64.0,0.9081779053084649,62.0,0.0,602.8060527801509,nan,nan,nan,nan,nan,1.0,0.15,nan,nan,nan,nan
2470,0.6326742976066597,779.0,665.0,58.0,0.912781954887218,62.0,0.0,578.4976264181133,nan,nan,nan,nan,nan,1.0,0.15,nan,nan,nan,nan
2471,0.6472424557752341,792.0,689.0,68.0,0.9013062409288825,62.0,0.0,589.4406593804372,nan,nan,nan,nan,nan,1.0,0.15,nan,nan,nan,nan
2472,0.6524453694068678,802.0,693.0,67.0,0.9033189033189033,64.0,0.0,593.8842237820619,nan,nan,nan,nan,nan,1.0,0.15,nan,nan,nan,nan
2473,0.6514047866805411,826.0,708.0,83.0,0.882768361581921,63.0,0.0,587.7914267792708,nan,nan,nan,nan,nan,1.0,0.15,nan,nan,nan,nan
2474,0.6420395421436004,811.0,692.0,76.0,0.8901734104046243,62.0,0.0,580.7785404715547,nan,nan,nan,nan,nan,1.0,0.15,nan,nan,nan,nan
2475,0.6482830385015609,790.0,684.0,62.0,0.9093567251461988,62.0,0.0,592.0375723862638,nan,nan,nan,nan,nan,1.0,0.15,nan,nan,nan,nan
2476,0.6181061394380853,781.0,655.0,62.0,0.9053435114503817,62.0,0.0,562.715144648553,nan,nan,nan,nan,nan,1.0,0.15,nan,nan,nan,nan
2477,0.6482830385015609,790.0,689.0,67.0,0.9027576197387518,62.0,0.0,590.931863875866,nan,nan,nan,nan,nan,1.0,0.15,nan,nan,nan,nan
2478,0.631633714880333,790.0,677.0,71.0,0.8951255539143279,61.0,0.0,573.545762516977,nan,nan,nan,nan,nan,1.0,0.15,nan,nan,nan,nan
2479,0.627471383975026,807.0,683.0,81.0,0.8814055636896047,64.0,0.0,565.2411567540198,nan,nan,nan,nan,nan,1.0,0.15,nan,nan,nan,nan
2480,0.6576482830385015,810.0,695.0,64.0,0.9079136690647482,64.0,0.0,599.7990401725777,8.973506013552347,0.0010853877320187166,16.99287486076355,3.4834118684132895,0.00023536286789749283,1.0,0.15,nan,nan,nan,nan
2481,0.6503642039542143,792.0,692.0,68.0,0.9017341040462428,62.0,0.0,592.6875424208646,nan,nan,nan,nan,nan,1.0,0.15,nan,nan,nan,nan
2482,0.6201873048907388,792.0,668.0,73.0,0.8907185628742516,64.0,0.0,560.469215153219,nan,nan,nan,nan,nan,1.0,0.15,nan,nan,nan,nan
2483,0.619146722164412,781.0,660.0,66.0,0.9,59.0,0.0,564.0798933477419,nan,nan,nan,nan,nan,1.0,0.15,nan,nan,nan,nan
2484,0.6555671175858481,795.0,694.0,65.0,0.9063400576368876,62.0,0.0,598.1279393343918,nan,nan,nan,nan,nan,1.0,0.15,nan,nan,nan,nan
2485,0.6566077003121749,822.0,700.0,70.0,0.9,63.0,0.0,597.0922278738044,nan,nan,nan,nan,nan,1.0,0.15,nan,nan,nan,nan
2486,0.6285119667013528,777.0,661.0,58.0,0.9122541603630863,63.0,0.0,574.0672111372945,nan,nan,nan,nan,nan,1.0,0.15,nan,nan,nan,nan
2487,0.6399583766909469,790.0,678.0,64.0,0.9056047197640118,62.0,0.0,583.6892325177209,nan,nan,nan,nan,nan,1.0,0.15,nan,nan,nan,nan
2488,0.6430801248699272,786.0,672.0,55.0,0.9181547619047619,61.0,0.0,589.6950163288119,nan,nan,nan,nan,nan,1.0,0.15,nan,nan,nan,nan
2489,0.63579604578564,803.0,692.0,82.0,0.8815028901734104,62.0,0.0,573.6583710370066,nan,nan,nan,nan,nan,1.0,0.15,nan,nan,nan,nan
2490,0.6586888657648283,813.0,694.0,62.0,0.9106628242074928,64.0,0.0,601.3386100773815,nan,nan,nan,nan,nan,1.0,0.15,nan,nan,nan,nan
2491,0.676378772112383,821.0,716.0,67.0,0.9064245810055865,64.0,0.0,617.043414365768,nan,nan,nan,nan,nan,1.0,0.15,nan,nan,nan,nan
2492,0.6514047866805411,794.0,686.0,61.0,0.9110787172011662,62.0,0.0,595.5665341477396,nan,nan,nan,nan,nan,1.0,0.15,nan,nan,nan,nan
2493,0.6462018730489074,792.0,678.0,58.0,0.9144542772861357,62.0,0.0,591.0962916598323,nan,nan,nan,nan,nan,1.0,0.15,nan,nan,nan,nan
2494,0.6451612903225806,821.0,709.0,90.0,0.8730606488011283,63.0,0.0,580.5048278532039,nan,nan,nan,nan,nan,1.0,0.15,nan,nan,nan,nan
2495,0.6170655567117586,800.0,677.0,85.0,0.8744460856720827,64.0,0.0,553.9779449028978,nan,nan,nan,nan,nan,1.0,0.15,nan,nan,nan,nan
2496,0.6264308012486993,798.0,675.0,74.0,0.8903703703703704,63.0,0.0,567.0252383580222,7.7495328187942505,0.002425248579432567,14.563263416290283,3.412729243437449,0.0005768878575812172,1.0,0.15,nan,nan,nan,nan
2497,0.6368366285119667,771.0,662.0,51.0,0.9229607250755287,59.0,0.0,585.0927173805247,nan,nan,nan,nan,nan,1.0,0.15,nan,nan,nan,nan
2498,0.6545265348595213,805.0,693.0,65.0,0.9062049062049062,61.0,0.0,597.465911063195,nan,nan,nan,nan,nan,1.0,0.15,nan,nan,nan,nan
2499,0.6430801248699272,808.0,684.0,67.0,0.902046783625731,62.0,0.0,585.4663801884655,nan,nan,nan,nan,nan,1.0,0.15,nan,nan,nan,nan
2500,0.631633714880333,772.0,670.0,64.0,0.9044776119402985,64.0,0.0,574.1161933050167,nan,nan,nan,nan,nan,1.0,0.15,0.6544016649323621,0.6345473465140479,0.9297192820816806,0.0
2501,0.6566077003121749,798.0,693.0,63.0,0.9090909090909091,63.0,0.0,599.6275678210268,nan,nan,nan,nan,nan,1.0,0.15,nan,nan,nan,nan
2502,0.6482830385015609,810.0,690.0,68.0,0.9014492753623189,64.0,0.0,589.7669002161032,nan,nan,nan,nan,nan,1.0,0.15,nan,nan,nan,nan
2503,0.6472424557752341,803.0,683.0,62.0,0.9092240117130308,64.0,0.0,590.269248937131,nan,nan,nan,nan,nan,1.0,0.15,nan,nan,nan,nan
2504,0.6451612903225806,828.0,705.0,86.0,0.8780141843971632,63.0,0.0,581.4616444902417,nan,nan,nan,nan,nan,1.0,0.15,nan,nan,nan,nan
2505,0.6430801248699272,800.0,682.0,65.0,0.9046920821114369,62.0,0.0,586.1169060688022,nan,nan,nan,nan,nan,1.0,0.15,nan,nan,nan,nan
2506,0.6493236212278877,797.0,694.0,71.0,0.8976945244956772,62.0,0.0,589.9957751951223,nan,nan,nan,nan,nan,1.0,0.15,nan,nan,nan,nan
2507,0.6222684703433923,765.0,660.0,63.0,0.9045454545454545,60.0,0.0,567.68935527277,nan,nan,nan,nan,nan,1.0,0.15,nan,nan,nan,nan
2508,0.6545265348595213,803.0,685.0,57.0,0.9167883211678832,64.0,0.0,598.8217392678263,nan,nan,nan,nan,nan,1.0,0.15,nan,nan,nan,nan
2509,0.6555671175858481,797.0,680.0,51.0,0.925,64.0,0.0,601.7151814947129,nan,nan,nan,nan,nan,1.0,0.15,nan,nan,nan,nan
2510,0.6378772112382934,814.0,692.0,80.0,0.884393063583815,62.0,0.0,576.352448059083,nan,nan,nan,nan,nan,1.0,0.15,nan,nan,nan,nan
2511,0.6233090530697191,781.0,668.0,70.0,0.8952095808383234,58.0,0.0,567.2100412673964,nan,nan,nan,nan,nan,1.0,0.15,nan,nan,nan,nan
2512,0.6503642039542143,806.0,687.0,63.0,0.9082969432314411,64.0,0.0,593.1028789801599,8.330185174942017,-0.0004474061230818431,15.718645334243774,3.4527410666147866,0.00024918539384088945,1.0,0.15,nan,nan,nan,nan
2513,0.6753381893860562,815.0,712.0,64.0,0.9101123595505618,61.0,0.0,617.8634887866974,nan,nan,nan,nan,nan,1.0,0.15,nan,nan,nan,nan
2514,0.6430801248699272,793.0,683.0,66.0,0.9033674963396779,61.0,0.0,586.352764853954,nan,nan,nan,nan,nan,1.0,0.15,nan,nan,nan,nan
2515,0.6253902185223725,781.0,666.0,66.0,0.9009009009009009,61.0,0.0,569.3709694514283,nan,nan,nan,nan,nan,1.0,0.15,nan,nan,nan,nan
2516,0.6586888657648283,799.0,707.0,75.0,0.8939179632248939,63.0,0.0,598.2269153895386,nan,nan,nan,nan,nan,1.0,0.15,nan,nan,nan,nan
2517,0.6160249739854319,787.0,666.0,75.0,0.8873873873873874,63.0,0.0,556.3971744518298,nan,nan,nan,nan,nan,1.0,0.15,nan,nan,nan,nan
2518,0.6326742976066597,791.0,675.0,68.0,0.8992592592592593,64.0,0.0,574.5836103916179,nan,nan,nan,nan,nan,1.0,0.15,nan,nan,nan,nan
2519,0.668054110301769,820.0,713.0,72.0,0.8990182328190743,63.0,0.0,607.8224717555047,nan,nan,nan,nan,nan,1.0,0.15,nan,nan,nan,nan
2520,0.6285119667013528,792.0,666.0,63.0,0.9054054054054054,61.0,0.0,573.0091966586133,nan,nan,nan,nan,nan,1.0,0.15,nan,nan,nan,nan
2521,0.6243496357960457,779.0,666.0,67.0,0.8993993993993994,61.0,0.0,568.1676121373195,nan,nan,nan,nan,nan,1.0,0.15,nan,nan,nan,nan
2522,0.6493236212278877,790.0,678.0,55.0,0.9188790560471977,63.0,0.0,595.0845711231239,nan,nan,nan,nan,nan,1.0,0.15,nan,nan,nan,nan
2523,0.6389177939646202,792.0,670.0,57.0,0.9149253731343283,63.0,0.0,584.1943648948677,nan,nan,nan,nan,nan,1.0,0.15,nan,nan,nan,nan
2524,0.6305931321540063,779.0,668.0,63.0,0.905688622754491,61.0,0.0,575.3599772892023,nan,nan,nan,nan,nan,1.0,0.15,nan,nan,nan,nan
2525,0.6420395421436004,817.0,704.0,88.0,0.875,64.0,0.0,577.5502957758924,nan,nan,nan,nan,nan,1.0,0.15,nan,nan,nan,nan
2526,0.6566077003121749,822.0,703.0,73.0,0.8961593172119487,62.0,0.0,596.3173748893735,nan,nan,nan,nan,nan,1.0,0.15,nan,nan,nan,nan
2527,0.6409989594172737,804.0,688.0,73.0,0.8938953488372093,64.0,0.0,580.8248875074406,nan,nan,nan,nan,nan,1.0,0.15,nan,nan,nan,nan
2528,0.6524453694068678,780.0,671.0,45.0,0.9329359165424739,63.0,0.0,600.9882397198679,7.767921686172485,-0.0005613010046848407,14.596355120340982,3.4453494548797607,0.000957124571868917,1.0,0.15,nan,nan,nan,nan
2529,0.6326742976066597,800.0,684.0,77.0,0.8874269005847953,63.0,0.0,572.2668413109792,nan,nan,nan,nan,nan,1.0,0.15,nan,nan,nan,nan
2530,0.6482830385015609,800.0,682.0,60.0,0.9120234604105572,63.0,0.0,592.4781384968778,nan,nan,nan,nan,nan,1.0,0.15,nan,nan,nan,nan
2531,0.6368366285119667,786.0,678.0,67.0,0.9011799410029498,63.0,0.0,578.4990391488082,nan,nan,nan,nan,nan,1.0,0.15,nan,nan,nan,nan
2532,0.668054110301769,803.0,691.0,50.0,0.9276410998552822,64.0,0.0,613.7885269107811,nan,nan,nan,nan,nan,1.0,0.15,nan,nan,nan,nan
2533,0.6493236212278877,784.0,681.0,58.0,0.9148311306901615,63.0,0.0,593.713587426186,nan,nan,nan,nan,nan,1.0,0.15,nan,nan,nan,nan
2534,0.6399583766909469,797.0,673.0,59.0,0.912332838038633,63.0,0.0,584.4672601876267,nan,nan,nan,nan,nan,1.0,0.15,nan,nan,nan,nan
2535,0.63579604578564,791.0,685.0,75.0,0.8905109489051095,63.0,0.0,575.8788286466608,nan,nan,nan,nan,nan,1.0,0.15,nan,nan,nan,nan
2536,0.627471383975026,766.0,666.0,64.0,0.9039039039039038,60.0,0.0,572.5016928911225,nan,nan,nan,nan,nan,1.0,0.15,nan,nan,nan,nan
2537,0.663891779396462,824.0,707.0,70.0,0.900990099009901,63.0,0.0,604.3433223481182,nan,nan,nan,nan,nan,1.0,0.15,nan,nan,nan,nan
2538,0.63579604578564,801.0,674.0,64.0,0.9050445103857567,63.0,0.0,578.5981360101705,nan,nan,nan,nan,nan,1.0,0.15,nan,nan,nan,nan
2539,0.6607700312174818,813.0,694.0,60.0,0.9135446685878963,63.0,0.0,603.7619946866026,nan,nan,nan,nan,nan,1.0,0.15,nan,nan,nan,nan
2540,0.6555671175858481,790.0,686.0,57.0,0.9169096209912536,64.0,0.0,600.0440122466091,nan,nan,nan,nan,nan,1.0,0.15,nan,nan,nan,nan
2541,0.6576482830385015,814.0,688.0,57.0,0.9171511627906976,64.0,0.0,601.7331432433141,nan,nan,nan,nan,nan,1.0,0.15,nan,nan,nan,nan
2542,0.6566077003121749,809.0,700.0,70.0,0.9,62.0,0.0,597.7708252415661,nan,nan,nan,nan,nan,1.0,0.15,nan,nan,nan,nan
2543,0.668054110301769,806.0,709.0,68.0,0.9040902679830748,63.0,0.0,609.4917763037681,nan,nan,nan,nan,nan,1.0,0.15,nan,nan,nan,nan
2544,0.6514047866805411,800.0,701.0,76.0,0.891583452211127,64.0,0.0,590.7264683747297,7.8008856773376465,0.0010324713463584583,14.668761491775513,3.412744422753652,0.0006256153719732538,1.0,0.15,nan,nan,nan,nan
2545,0.6503642039542143,831.0,700.0,76.0,0.8914285714285715,63.0,0.0,588.9818250050545,nan,nan,nan,nan,nan,1.0,0.15,nan,nan,nan,nan
2546,0.6378772112382934,796.0,676.0,64.0,0.9053254437869822,64.0,0.0,580.7501423354165,nan,nan,nan,nan,nan,1.0,0.15,nan,nan,nan,nan
2547,0.6337148803329865,775.0,668.0,60.0,0.9101796407185628,60.0,0.0,579.6950172204982,nan,nan,nan,nan,nan,1.0,0.15,nan,nan,nan,nan
2548,0.6659729448491155,798.0,685.0,46.0,0.9328467153284672,64.0,0.0,613.4656005702029,nan,nan,nan,nan,nan,1.0,0.15,nan,nan,nan,nan
2549,0.6430801248699272,811.0,692.0,75.0,0.8916184971098265,63.0,0.0,582.4826651473052,nan,nan,nan,nan,nan,1.0,0.15,nan,nan,nan,nan
2550,0.6462018730489074,818.0,694.0,74.0,0.8933717579250721,64.0,0.0,585.4897618594188,nan,nan,nan,nan,nan,1.0,0.15,nan,nan,nan,nan
2551,0.6399583766909469,788.0,687.0,73.0,0.893740902474527,61.0,0.0,581.729012918948,nan,nan,nan,nan,nan,1.0,0.15,nan,nan,nan,nan
2552,0.668054110301769,801.0,704.0,63.0,0.9105113636363636,64.0,0.0,610.3675491523751,nan,nan,nan,nan,nan,1.0,0.15,nan,nan,nan,nan
2553,0.6493236212278877,803.0,696.0,73.0,0.8951149425287356,63.0,0.0,589.3563781661993,nan,nan,nan,nan,nan,1.0,0.15,nan,nan,nan,nan
2554,0.63579604578564,798.0,691.0,81.0,0.8827785817655571,64.0,0.0,573.5812578411123,nan,nan,nan,nan,nan,1.0,0.15,nan,nan,nan,nan
2555,0.6212278876170656,772.0,658.0,62.0,0.9057750759878419,58.0,0.0,567.5399056124706,nan,nan,nan,nan,nan,1.0,0.15,nan,nan,nan,nan
2556,0.6378772112382934,778.0,678.0,66.0,0.9026548672566371,62.0,0.0,581.4593495955473,nan,nan,nan,nan,nan,1.0,0.15,nan,nan,nan,nan
2557,0.6472424557752341,803.0,692.0,71.0,0.8973988439306358,63.0,0.0,588.1378902282715,nan,nan,nan,nan,nan,1.0,0.15,nan,nan,nan,nan
2558,0.6295525494276795,775.0,665.0,61.0,0.9082706766917293,62.0,0.0,574.5372197680487,nan,nan,nan,nan,nan,1.0,0.15,nan,nan,nan,nan
2559,0.6389177939646202,788.0,670.0,57.0,0.9149253731343283,64.0,0.0,583.9560479760172,nan,nan,nan,nan,nan,1.0,0.15,nan,nan,nan,nan
2560,0.6701352757544224,816.0,706.0,63.0,0.9107648725212465,63.0,0.0,612.5180257544505,7.9807807604471845,-0.0005189917671183745,15.01843516031901,3.458110431830088,0.0005393470528360922,1.0,0.15,nan,nan,nan,nan
2561,0.6493236212278877,799.0,689.0,66.0,0.9042089985486212,63.0,0.0,591.1748267416953,nan,nan,nan,nan,nan,1.0,0.15,nan,nan,nan,nan
2562,0.6628511966701353,813.0,704.0,68.0,0.9034090909090909,63.0,0.0,604.2209154214861,nan,nan,nan,nan,nan,1.0,0.15,nan,nan,nan,nan
2563,0.6493236212278877,794.0,690.0,67.0,0.9028985507246376,63.0,0.0,591.1555993933679,nan,nan,nan,nan,nan,1.0,0.15,nan,nan,nan,nan
2564,0.6451612903225806,794.0,680.0,61.0,0.9102941176470588,62.0,0.0,589.1547506456374,nan,nan,nan,nan,nan,1.0,0.15,nan,nan,nan,nan
2565,0.659729448491155,806.0,702.0,69.0,0.9017094017094017,62.0,0.0,600.9690827703482,nan,nan,nan,nan,nan,1.0,0.15,nan,nan,nan,nan
2566,0.6690946930280958,791.0,688.0,46.0,0.9331395348837209,63.0,0.0,616.8590045599931,nan,nan,nan,nan,nan,1.0,0.15,nan,nan,nan,nan
2567,0.6618106139438086,829.0,707.0,72.0,0.8981612446958982,64.0,0.0,601.338297944069,nan,nan,nan,nan,nan,1.0,0.15,nan,nan,nan,nan
2568,0.627471383975026,772.0,668.0,66.0,0.9011976047904192,62.0,0.0,571.228098189832,nan,nan,nan,nan,nan,1.0,0.15,nan,nan,nan,nan
2569,0.6493236212278877,822.0,690.0,67.0,0.9028985507246376,63.0,0.0,591.1834443831455,nan,nan,nan,nan,nan,1.0,0.15,nan,nan,nan,nan
2570,0.6503642039542143,804.0,702.0,78.0,0.8888888888888888,63.0,0.0,589.1843106274622,nan,nan,nan,nan,nan,1.0,0.15,nan,nan,nan,nan
2571,0.6649323621227887,815.0,695.0,57.0,0.9179856115107914,63.0,0.0,609.3637669668196,nan,nan,nan,nan,nan,1.0,0.15,nan,nan,nan,nan
2572,0.663891779396462,816.0,702.0,65.0,0.9074074074074074,62.0,0.0,606.4354521555895,nan,nan,nan,nan,nan,1.0,0.15,nan,nan,nan,nan
2573,0.6628511966701353,828.0,704.0,68.0,0.9034090909090909,63.0,0.0,604.0021423134806,nan,nan,nan,nan,nan,1.0,0.15,nan,nan,nan,nan
2574,0.6670135275754423,824.0,710.0,70.0,0.9014084507042254,64.0,0.0,606.8535755658149,nan,nan,nan,nan,nan,1.0,0.15,nan,nan,nan,nan
2575,0.6503642039542143,802.0,687.0,63.0,0.9082969432314411,64.0,0.0,593.3407258892078,nan,nan,nan,nan,nan,1.0,0.15,nan,nan,nan,nan
2576,0.6399583766909469,794.0,686.0,72.0,0.8950437317784257,63.0,0.0,580.9063626894971,7.294156908988953,0.0022875993551375964,13.645726124445597,3.436543265978495,0.0006550596008310094,1.0,0.15,nan,nan,nan,nan
2577,0.6524453694068678,809.0,697.0,71.0,0.8981348637015782,64.0,0.0,592.9072997903836,nan,nan,nan,nan,nan,1.0,0.15,nan,nan,nan,nan
2578,0.6222684703433923,786.0,665.0,68.0,0.8977443609022556,64.0,0.0,564.1090666484854,nan,nan,nan,nan,nan,1.0,0.15,nan,nan,nan,nan
2579,0.6514047866805411,808.0,702.0,77.0,0.8903133903133903,63.0,0.0,590.356966489792,nan,nan,nan,nan,nan,1.0,0.15,nan,nan,nan,nan
2580,0.6607700312174818,812.0,705.0,71.0,0.8992907801418439,63.0,0.0,600.860314434528,nan,nan,nan,nan,nan,1.0,0.15,nan,nan,nan,nan
2581,0.6347554630593132,810.0,682.0,73.0,0.8929618768328446,64.0,0.0,574.6608366036426,nan,nan,nan,nan,nan,1.0,0.15,nan,nan,nan,nan
2582,0.6534859521331946,805.0,696.0,69.0,0.9008620689655172,63.0,0.0,594.4143834757816,nan,nan,nan,nan,nan,1.0,0.15,nan,nan,nan,nan
2583,0.6534859521331946,795.0,689.0,62.0,0.9100145137880987,64.0,0.0,596.5293798470503,nan,nan,nan,nan,nan,1.0,0.15,nan,nan,nan,nan
2584,0.659729448491155,827.0,708.0,75.0,0.8940677966101694,63.0,0.0,598.7239796476376,nan,nan,nan,nan,nan,1.0,0.15,nan,nan,nan,nan
2585,0.6430801248699272,785.0,687.0,70.0,0.8981077147016011,64.0,0.0,584.2157033782013,nan,nan,nan,nan,nan,1.0,0.15,nan,nan,nan,nan
2586,0.6378772112382934,789.0,676.0,64.0,0.9053254437869822,63.0,0.0,580.9478077483186,nan,nan,nan,nan,nan,1.0,0.15,nan,nan,nan,nan
2587,0.6524453694068678,803.0,686.0,60.0,0.9125364431486881,62.0,0.0,596.6692240552912,nan,nan,nan,nan,nan,1.0,0.15,nan,nan,nan,nan
2588,0.6482830385015609,803.0,682.0,60.0,0.9120234604105572,61.0,0.0,592.6528048901574,nan,nan,nan,nan,nan,1.0,0.15,nan,nan,nan,nan
2589,0.6555671175858481,818.0,700.0,71.0,0.8985714285714286,63.0,0.0,595.8712474327104,nan,nan,nan,nan,nan,1.0,0.15,nan,nan,nan,nan
2590,0.6451612903225806,812.0,688.0,69.0,0.8997093023255814,63.0,0.0,586.4027233867661,nan,nan,nan,nan,nan,1.0,0.15,nan,nan,nan,nan
2591,0.6576482830385015,818.0,707.0,76.0,0.8925035360678925,61.0,0.0,596.9226609520929,nan,nan,nan,nan,nan,1.0,0.15,nan,nan,nan,nan
2592,0.6285119667013528,756.0,652.0,49.0,0.9248466257668712,61.0,0.0,577.6479521513,6.7863450050354,0.0022290790802799165,12.634942928949991,3.419093747933706,0.0002349396830444069,1.0,0.15,nan,nan,nan,nan
2593,0.6472424557752341,798.0,680.0,59.0,0.913235294117647,64.0,0.0,591.0723342266083,nan,nan,nan,nan,nan,1.0,0.15,nan,nan,nan,nan
2594,0.6295525494276795,792.0,676.0,72.0,0.893491124260355,64.0,0.0,570.4640758905426,nan,nan,nan,nan,nan,1.0,0.15,nan,nan,nan,nan
2595,0.5962539021852237,727.0,619.0,47.0,0.9240710823909531,60.0,0.0,547.5408861432086,nan,nan,nan,nan,nan,1.0,0.15,nan,nan,nan,nan
2596,0.627471383975026,792.0,675.0,73.0,0.8918518518518519,63.0,0.0,568.4258922295589,nan,nan,nan,nan,nan,1.0,0.15,nan,nan,nan,nan
2597,0.6493236212278877,784.0,684.0,61.0,0.9108187134502924,62.0,0.0,593.8438618507398,nan,nan,nan,nan,nan,1.0,0.15,nan,nan,nan,nan
2598,0.6181061394380853,800.0,676.0,83.0,0.8772189349112426,64.0,0.0,555.8906470575347,nan,nan,nan,nan,nan,1.0,0.15,nan,nan,nan,nan
2599,0.6399583766909469,809.0,685.0,71.0,0.8963503649635036,62.0,0.0,581.2259686851509,nan,nan,nan,nan,nan,1.0,0.15,nan,nan,nan,nan
2600,0.627471383975026,804.0,676.0,74.0,0.8905325443786982,62.0,0.0,568.045460325242,nan,nan,nan,nan,nan,1.0,0.15,0.6544016649323622,0.6345473465140479,0.9295249397066392,0.0
2601,0.6503642039542143,811.0,700.0,76.0,0.8914285714285715,63.0,0.0,589.5577173581119,nan,nan,nan,nan,nan,1.0,0.15,nan,nan,nan,nan
2602,0.63579604578564,809.0,689.0,79.0,0.8853410740203193,64.0,0.0,573.9831668210066,nan,nan,nan,nan,nan,1.0,0.15,nan,nan,nan,nan
2603,0.6555671175858481,831.0,712.0,83.0,0.8834269662921348,64.0,0.0,591.6219699330334,nan,nan,nan,nan,nan,1.0,0.15,nan,nan,nan,nan
2604,0.6305931321540063,805.0,689.0,84.0,0.8780841799709724,64.0,0.0,567.7875805048959,nan,nan,nan,nan,nan,1.0,0.15,nan,nan,nan,nan
2605,0.6628511966701353,812.0,692.0,56.0,0.9190751445086706,62.0,0.0,607.8646729049682,nan,nan,nan,nan,nan,1.0,0.15,nan,nan,nan,nan
2606,0.6472424557752341,795.0,691.0,70.0,0.8986975397973951,64.0,0.0,588.1666619853986,nan,nan,nan,nan,nan,1.0,0.15,nan,nan,nan,nan
2607,0.6576482830385015,805.0,695.0,64.0,0.9079136690647482,64.0,0.0,599.9517514204994,nan,nan,nan,nan,nan,1.0,0.15,nan,nan,nan,nan
2608,0.6285119667013528,787.0,680.0,77.0,0.8867647058823529,63.0,0.0,568.09064913559,7.926340421040853,-0.0027995028843482337,14.922747294108072,3.4248886903127036,0.0018752682566021879,1.0,0.15,nan,nan,nan,nan
2609,0.668054110301769,816.0,709.0,68.0,0.9040902679830748,63.0,0.0,608.7826367616643,nan,nan,nan,nan,nan,1.0,0.15,nan,nan,nan,nan
2610,0.6326742976066597,787.0,679.0,72.0,0.8939617083946981,62.0,0.0,574.304651073457,nan,nan,nan,nan,nan,1.0,0.15,nan,nan,nan,nan
2611,0.659729448491155,800.0,700.0,67.0,0.9042857142857142,63.0,0.0,600.7844326109893,nan,nan,nan,nan,nan,1.0,0.15,nan,nan,nan,nan
2612,0.6430801248699272,809.0,695.0,78.0,0.8877697841726618,63.0,0.0,581.8354223446854,nan,nan,nan,nan,nan,1.0,0.15,nan,nan,nan,nan
2613,0.6462018730489074,783.0,688.0,68.0,0.9011627906976745,62.0,0.0,588.7207075777059,nan,nan,nan,nan,nan,1.0,0.15,nan,nan,nan,nan
2614,0.6337148803329865,767.0,672.0,64.0,0.9047619047619048,62.0,0.0,578.1376163706788,nan,nan,nan,nan,nan,1.0,0.15,nan,nan,nan,nan
2615,0.644120707596254,806.0,679.0,61.0,0.9101620029455081,62.0,0.0,588.1190523533827,nan,nan,nan,nan,nan,1.0,0.15,nan,nan,nan,nan
2616,0.6430801248699272,787.0,678.0,61.0,0.9100294985250738,64.0,0.0,586.9335931077004,nan,nan,nan,nan,nan,1.0,0.15,nan,nan,nan,nan
2617,0.631633714880333,781.0,663.0,57.0,0.9140271493212669,62.0,0.0,577.534624044896,nan,nan,nan,nan,nan,1.0,0.15,nan,nan,nan,nan
2618,0.6524453694068678,817.0,697.0,71.0,0.8981348637015782,63.0,0.0,592.6028021264088,nan,nan,nan,nan,nan,1.0,0.15,nan,nan,nan,nan
2619,0.6503642039542143,826.0,702.0,78.0,0.8888888888888888,63.0,0.0,588.762709136011,nan,nan,nan,nan,nan,1.0,0.15,nan,nan,nan,nan
2620,0.6649323621227887,838.0,705.0,67.0,0.9049645390070922,64.0,0.0,605.0708845820426,nan,nan,nan,nan,nan,1.0,0.15,nan,nan,nan,nan
2621,0.6628511966701353,815.0,706.0,70.0,0.9008498583569405,64.0,0.0,603.1346719651228,nan,nan,nan,nan,nan,1.0,0.15,nan,nan,nan,nan
2622,0.6409989594172737,793.0,678.0,63.0,0.9070796460176991,63.0,0.0,584.7194922633184,nan,nan,nan,nan,nan,1.0,0.15,nan,nan,nan,nan
2623,0.6243496357960457,801.0,672.0,73.0,0.8913690476190477,63.0,0.0,565.0537018418322,nan,nan,nan,nan,nan,1.0,0.15,nan,nan,nan,nan
2624,0.6493236212278877,785.0,691.0,68.0,0.9015918958031838,63.0,0.0,591.235130617141,7.5729314883550005,0.0007321121326337258,14.216863552729288,3.3995294173558555,0.000494708384697636,1.0,0.15,nan,nan,nan,nan
2625,0.6389177939646202,803.0,686.0,73.0,0.8935860058309038,64.0,0.0,579.0713216710099,nan,nan,nan,nan,nan,1.0,0.15,nan,nan,nan,nan
2626,0.6305931321540063,792.0,673.0,68.0,0.8989598811292719,64.0,0.0,572.5414805021297,nan,nan,nan,nan,nan,1.0,0.15,nan,nan,nan,nan
2627,0.6409989594172737,780.0,679.0,64.0,0.9057437407952872,62.0,0.0,584.7904480214132,nan,nan,nan,nan,nan,1.0,0.15,nan,nan,nan,nan
2628,0.6503642039542143,808.0,696.0,72.0,0.896551724137931,62.0,0.0,591.247618736746,nan,nan,nan,nan,nan,1.0,0.15,nan,nan,nan,nan
2629,0.619146722164412,796.0,673.0,79.0,0.8826151560178306,62.0,0.0,558.5477484197627,nan,nan,nan,nan,nan,1.0,0.15,nan,nan,nan,nan
2630,0.6524453694068678,805.0,704.0,78.0,0.8892045454545454,62.0,0.0,591.0862786970123,nan,nan,nan,nan,nan,1.0,0.15,nan,nan,nan,nan
2631,0.6586888657648283,811.0,691.0,59.0,0.914616497829233,64.0,0.0,602.3857801928525,nan,nan,nan,nan,nan,1.0,0.15,nan,nan,nan,nan
2632,0.6368366285119667,792.0,672.0,61.0,0.9092261904761905,64.0,0.0,580.6024336857799,nan,nan,nan,nan,nan,1.0,0.15,nan,nan,nan,nan
2633,0.6201873048907388,793.0,675.0,80.0,0.8814814814814815,62.0,0.0,559.1477788214701,nan,nan,nan,nan,nan,1.0,0.15,nan,nan,nan,nan
2634,0.6430801248699272,812.0,697.0,80.0,0.8852223816355811,63.0,0.0,581.2965975747129,nan,nan,nan,nan,nan,1.0,0.15,nan,nan,nan,nan
2635,0.6503642039542143,814.0,699.0,75.0,0.8927038626609443,62.0,0.0,590.2621087226878,nan,nan,nan,nan,nan,1.0,0.15,nan,nan,nan,nan
2636,0.63579604578564,797.0,681.0,71.0,0.895741556534508,63.0,0.0,576.5811227216732,nan,nan,nan,nan,nan,1.0,0.15,nan,nan,nan,nan
2637,0.6295525494276795,779.0,676.0,72.0,0.893491124260355,62.0,0.0,571.5383389997493,nan,nan,nan,nan,nan,1.0,0.15,nan,nan,nan,nan
2638,0.6607700312174818,792.0,691.0,57.0,0.9175108538350217,62.0,0.0,605.7117535729419,nan,nan,nan,nan,nan,1.0,0.15,nan,nan,nan,nan
2639,0.6545265348595213,807.0,696.0,68.0,0.9022988505747126,63.0,0.0,596.0395943880081,nan,nan,nan,nan,nan,1.0,0.15,nan,nan,nan,nan
2640,0.6420395421436004,806.0,684.0,68.0,0.9005847953216374,64.0,0.0,583.4772505426405,7.8642914692560835,0.0003645344792554776,14.780175606409708,3.469846765200297,0.0003346874206423915,1.0,0.15,nan,nan,nan,nan
2641,0.6534859521331946,808.0,694.0,67.0,0.9034582132564841,63.0,0.0,594.7130070390707,nan,nan,nan,nan,nan,1.0,0.15,nan,nan,nan,nan
2642,0.6409989594172737,808.0,681.0,66.0,0.9030837004405287,64.0,0.0,582.863351088049,nan,nan,nan,nan,nan,1.0,0.15,nan,nan,nan,nan
2643,0.668054110301769,818.0,703.0,62.0,0.9118065433854907,63.0,0.0,610.7792166171075,nan,nan,nan,nan,nan,1.0,0.15,nan,nan,nan,nan
2644,0.6482830385015609,813.0,689.0,67.0,0.9027576197387518,62.0,0.0,590.365481467248,nan,nan,nan,nan,nan,1.0,0.15,nan,nan,nan,nan
2645,0.6430801248699272,792.0,671.0,54.0,0.9195230998509687,63.0,0.0,589.0490635318778,nan,nan,nan,nan,nan,1.0,0.15,nan,nan,nan,nan
2646,0.6514047866805411,792.0,683.0,58.0,0.9150805270863837,63.0,0.0,596.411571012497,nan,nan,nan,nan,nan,1.0,0.15,nan,nan,nan,nan
2647,0.6493236212278877,809.0,689.0,66.0,0.9042089985486212,64.0,0.0,591.2004622344982,nan,nan,nan,nan,nan,1.0,0.15,nan,nan,nan,nan
2648,0.6420395421436004,800.0,680.0,64.0,0.9058823529411765,62.0,0.0,584.9070092535035,nan,nan,nan,nan,nan,1.0,0.15,nan,nan,nan,nan
2649,0.6430801248699272,804.0,690.0,73.0,0.8942028985507247,64.0,0.0,583.1943853926667,nan,nan,nan,nan,nan,1.0,0.15,nan,nan,nan,nan
2650,0.6545265348595213,788.0,676.0,48.0,0.9289940828402367,63.0,0.0,602.0256025328634,nan,nan,nan,nan,nan,1.0,0.15,nan,nan,nan,nan
2651,0.6222684703433923,758.0,657.0,60.0,0.908675799086758,62.0,0.0,567.5309566831606,nan,nan,nan,nan,nan,1.0,0.15,nan,nan,nan,nan
2652,0.6368366285119667,777.0,664.0,53.0,0.9201807228915663,60.0,0.0,584.8422731075289,nan,nan,nan,nan,nan,1.0,0.15,nan,nan,nan,nan
2653,0.6430801248699272,813.0,686.0,69.0,0.8994169096209913,62.0,0.0,584.4745542764663,nan,nan,nan,nan,nan,1.0,0.15,nan,nan,nan,nan
2654,0.6305931321540063,789.0,671.0,66.0,0.9016393442622951,63.0,0.0,573.2231535243992,nan,nan,nan,nan,nan,1.0,0.15,nan,nan,nan,nan
2655,0.6493236212278877,799.0,693.0,70.0,0.898989898989899,64.0,0.0,589.817810149193,nan,nan,nan,nan,nan,1.0,0.15,nan,nan,nan,nan
2656,0.6295525494276795,800.0,684.0,80.0,0.8830409356725146,64.0,0.0,567.7411861944216,8.734273870786032,-0.0011872822263588507,16.530499537785847,3.443809370199839,0.0004258745078307887,1.0,0.15,nan,nan,nan,nan
2657,0.6555671175858481,816.0,702.0,73.0,0.896011396011396,64.0,0.0,595.2742523732192,nan,nan,nan,nan,nan,1.0,0.15,nan,nan,nan,nan
2658,0.6493236212278877,807.0,689.0,66.0,0.9042089985486212,63.0,0.0,591.6163716549883,nan,nan,nan,nan,nan,1.0,0.15,nan,nan,nan,nan
2659,0.6462018730489074,814.0,697.0,77.0,0.8895265423242468,62.0,0.0,585.534582174303,nan,nan,nan,nan,nan,1.0,0.15,nan,nan,nan,nan
2660,0.6472424557752341,815.0,701.0,80.0,0.8858773181169758,63.0,0.0,585.0753907937998,nan,nan,nan,nan,nan,1.0,0.15,nan,nan,nan,nan
2661,0.6420395421436004,803.0,681.0,65.0,0.9045521292217328,63.0,0.0,584.2904754219062,nan,nan,nan,nan,nan,1.0,0.15,nan,nan,nan,nan
2662,0.6524453694068678,801.0,682.0,56.0,0.9178885630498533,63.0,0.0,597.7176380434037,nan,nan,nan,nan,nan,1.0,0.15,nan,nan,nan,nan
2663,0.6399583766909469,792.0,677.0,63.0,0.9069423929098966,64.0,0.0,582.6303368825912,nan,nan,nan,nan,nan,1.0,0.15,nan,nan,nan,nan
2664,0.6389177939646202,785.0,676.0,63.0,0.9068047337278107,64.0,0.0,582.5049496698387,nan,nan,nan,nan,nan,1.0,0.15,nan,nan,nan,nan
2665,0.6534859521331946,786.0,685.0,58.0,0.9153284671532846,64.0,0.0,597.2516512742042,nan,nan,nan,nan,nan,1.0,0.15,nan,nan,nan,nan
2666,0.659729448491155,830.0,710.0,77.0,0.8915492957746479,63.0,0.0,597.9646550140372,nan,nan,nan,nan,nan,1.0,0.15,nan,nan,nan,nan
2667,0.6420395421436004,811.0,685.0,69.0,0.8992700729927007,63.0,0.0,583.5933284420985,nan,nan,nan,nan,nan,1.0,0.15,nan,nan,nan,nan
2668,0.6378772112382934,796.0,682.0,70.0,0.8973607038123167,63.0,0.0,579.4412802290938,nan,nan,nan,nan,nan,1.0,0.15,nan,nan,nan,nan
2669,0.6472424557752341,788.0,686.0,65.0,0.9052478134110787,61.0,0.0,590.9569340152752,nan,nan,nan,nan,nan,1.0,0.15,nan,nan,nan,nan
2670,0.631633714880333,797.0,669.0,63.0,0.905829596412556,64.0,0.0,574.7893077745443,nan,nan,nan,nan,nan,1.0,0.15,nan,nan,nan,nan
2671,0.6389177939646202,781.0,685.0,72.0,0.8948905109489051,62.0,0.0,580.3831949429518,nan,nan,nan,nan,nan,1.0,0.15,nan,nan,nan,nan
2672,0.6212278876170656,787.0,663.0,67.0,0.8989441930618401,63.0,0.0,563.7235912280082,6.850603302319844,-0.0001337091283251842,12.766250928243002,3.4262861609458923,0.00026500001816505875,1.0,0.15,nan,nan,nan,nan
2673,0.6690946930280958,798.0,699.0,57.0,0.9184549356223176,64.0,0.0,613.2993937778484,nan,nan,nan,nan,nan,1.0,0.15,nan,nan,nan,nan
2674,0.6472424557752341,802.0,682.0,61.0,0.9105571847507331,62.0,0.0,591.3629000816354,nan,nan,nan,nan,nan,1.0,0.15,nan,nan,nan,nan
2675,0.6233090530697191,771.0,672.0,74.0,0.8898809523809523,61.0,0.0,564.810500222207,nan,nan,nan,nan,nan,1.0,0.15,nan,nan,nan,nan
2676,0.6482830385015609,791.0,681.0,59.0,0.9133627019089574,64.0,0.0,592.61662764454,nan,nan,nan,nan,nan,1.0,0.15,nan,nan,nan,nan
2677,0.5889698231009365,714.0,609.0,44.0,0.9277504105090312,57.0,0.0,542.5286599578876,nan,nan,nan,nan,nan,1.0,0.15,nan,nan,nan,nan
2678,0.6482830385015609,803.0,694.0,72.0,0.8962536023054755,62.0,0.0,589.089201295376,nan,nan,nan,nan,nan,1.0,0.15,nan,nan,nan,nan
2679,0.6389177939646202,802.0,689.0,76.0,0.8896952104499274,60.0,0.0,579.5104539852155,nan,nan,nan,nan,nan,1.0,0.15,nan,nan,nan,nan
2680,0.6305931321540063,781.0,662.0,57.0,0.9138972809667674,61.0,0.0,576.6277632508287,nan,nan,nan,nan,nan,1.0,0.15,nan,nan,nan,nan
2681,0.6430801248699272,786.0,681.0,64.0,0.9060205580029369,64.0,0.0,585.9514031028747,nan,nan,nan,nan,nan,1.0,0.15,nan,nan,nan,nan
2682,0.6305931321540063,772.0,668.0,63.0,0.905688622754491,61.0,0.0,575.3670460195548,nan,nan,nan,nan,nan,1.0,0.15,nan,nan,nan,nan
2683,0.6285119667013528,770.0,670.0,67.0,0.9,63.0,0.0,571.2559711880691,nan,nan,nan,nan,nan,1.0,0.15,nan,nan,nan,nan
2684,0.6305931321540063,798.0,690.0,85.0,0.8768115942028986,64.0,0.0,567.7644968857775,nan,nan,nan,nan,nan,1.0,0.15,nan,nan,nan,nan
2685,0.6534859521331946,809.0,695.0,68.0,0.902158273381295,64.0,0.0,594.7731262373928,nan,nan,nan,nan,nan,1.0,0.15,nan,nan,nan,nan
2686,0.6368366285119667,784.0,670.0,59.0,0.9119402985074627,63.0,0.0,581.7749739980716,nan,nan,nan,nan,nan,1.0,0.15,nan,nan,nan,nan
2687,0.6378772112382934,803.0,682.0,70.0,0.8973607038123167,64.0,0.0,578.9107444105157,nan,nan,nan,nan,nan,1.0,0.15,nan,nan,nan,nan
2688,0.6305931321540063,758.0,660.0,55.0,0.9166666666666666,61.0,0.0,578.1739030518548,10.070804278055826,-0.00042669958687232185,19.209510723749798,3.416188975175222,0.0004538110454935425,1.0,0.15,nan,nan,nan,nan
2689,0.6514047866805411,817.0,706.0,81.0,0.8852691218130312,64.0,0.0,588.7861528429999,nan,nan,nan,nan,nan,1.0,0.15,nan,nan,nan,nan
2690,0.6420395421436004,796.0,703.0,87.0,0.8762446657183499,64.0,0.0,578.0679976878183,nan,nan,nan,nan,nan,1.0,0.15,nan,nan,nan,nan
2691,0.6524453694068678,806.0,695.0,69.0,0.9007194244604316,64.0,0.0,593.4424853892334,nan,nan,nan,nan,nan,1.0,0.15,nan,nan,nan,nan
2692,0.6389177939646202,808.0,688.0,75.0,0.8909883720930233,62.0,0.0,579.2645803108245,nan,nan,nan,nan,nan,1.0,0.15,nan,nan,nan,nan
2693,0.663891779396462,822.0,715.0,78.0,0.8909090909090909,62.0,0.0,602.3000776076323,nan,nan,nan,nan,nan,1.0,0.15,nan,nan,nan,nan
2694,0.6326742976066597,794.0,669.0,62.0,0.9073243647234679,63.0,0.0,576.7074462938317,nan,nan,nan,nan,nan,1.0,0.15,nan,nan,nan,nan
2695,0.6514047866805411,791.0,677.0,52.0,0.9231905465288035,64.0,0.0,597.6511827974339,nan,nan,nan,nan,nan,1.0,0.15,nan,nan,nan,nan
2696,0.6472424557752341,788.0,687.0,66.0,0.9039301310043668,63.0,0.0,589.8289753394148,nan,nan,nan,nan,nan,1.0,0.15,nan,nan,nan,nan
2697,0.6409989594172737,771.0,675.0,60.0,0.9111111111111111,62.0,0.0,586.0555823440563,nan,nan,nan,nan,nan,1.0,0.15,nan,nan,nan,nan
2698,0.6430801248699272,782.0,682.0,65.0,0.9046920821114369,60.0,0.0,587.248077450276,nan,nan,nan,nan,nan,1.0,0.15,nan,nan,nan,nan
2699,0.6285119667013528,779.0,671.0,68.0,0.8986587183308494,61.0,0.0,571.7231647667878,nan,nan,nan,nan,nan,1.0,0.15,nan,nan,nan,nan
2700,0.6545265348595213,788.0,689.0,61.0,0.9114658925979681,63.0,0.0,598.1600593953134,nan,nan,nan,nan,nan,1.0,0.15,0.6529656607700312,0.6365244536940686,0.9286629128355556,0.0
2701,0.6482830385015609,803.0,679.0,57.0,0.9160530191458026,63.0,0.0,592.8248442893037,nan,nan,nan,nan,nan,1.0,0.15,nan,nan,nan,nan
2702,0.627471383975026,765.0,658.0,56.0,0.9148936170212766,59.0,0.0,575.3209660711304,nan,nan,nan,nan,nan,1.0,0.15,nan,nan,nan,nan
2703,0.6409989594172737,803.0,674.0,59.0,0.9124629080118695,62.0,0.0,585.7680167803766,nan,nan,nan,nan,nan,1.0,0.15,nan,nan,nan,nan
2704,0.6472424557752341,829.0,697.0,76.0,0.890961262553802,64.0,0.0,585.7828735141754,7.861221790313721,-0.0006580444363256296,14.785112937291464,3.4373512665430703,0.0002463138589519076,1.0,0.15,nan,nan,nan,nan
2705,0.5889698231009365,748.0,627.0,62.0,0.9011164274322169,59.0,0.0,536.0837108712215,nan,nan,nan,nan,nan,1.0,0.15,nan,nan,nan,nan
2706,0.6430801248699272,792.0,684.0,67.0,0.902046783625731,63.0,0.0,585.6435169563293,nan,nan,nan,nan,nan,1.0,0.15,nan,nan,nan,nan
2707,0.6607700312174818,823.0,703.0,69.0,0.9018492176386913,64.0,0.0,601.22580515194,nan,nan,nan,nan,nan,1.0,0.15,nan,nan,nan,nan
2708,0.6264308012486993,775.0,661.0,60.0,0.9092284417549168,61.0,0.0,572.4008933467883,nan,nan,nan,nan,nan,1.0,0.15,nan,nan,nan,nan
2709,0.6503642039542143,782.0,686.0,62.0,0.9096209912536443,61.0,0.0,594.7266366577155,nan,nan,nan,nan,nan,1.0,0.15,nan,nan,nan,nan
2710,0.6222684703433923,763.0,662.0,65.0,0.9018126888217523,62.0,0.0,566.589665976527,nan,nan,nan,nan,nan,1.0,0.15,nan,nan,nan,nan
2711,0.6607700312174818,821.0,711.0,77.0,0.8917018284106891,63.0,0.0,599.1916523933406,nan,nan,nan,nan,nan,1.0,0.15,nan,nan,nan,nan
2712,0.6586888657648283,805.0,692.0,60.0,0.9132947976878613,63.0,0.0,602.1980112800593,nan,nan,nan,nan,nan,1.0,0.15,nan,nan,nan,nan
2713,0.6586888657648283,815.0,692.0,60.0,0.9132947976878613,61.0,0.0,602.9353947067257,nan,nan,nan,nan,nan,1.0,0.15,nan,nan,nan,nan
2714,0.627471383975026,780.0,678.0,76.0,0.887905604719764,62.0,0.0,567.9636162190452,nan,nan,nan,nan,nan,1.0,0.15,nan,nan,nan,nan
2715,0.6462018730489074,794.0,683.0,63.0,0.9077598828696926,63.0,0.0,589.7208251876835,nan,nan,nan,nan,nan,1.0,0.15,nan,nan,nan,nan
2716,0.6472424557752341,821.0,690.0,69.0,0.9,63.0,0.0,588.1953046050089,nan,nan,nan,nan,nan,1.0,0.15,nan,nan,nan,nan
2717,0.6243496357960457,798.0,674.0,75.0,0.8887240356083086,62.0,0.0,565.2475190014869,nan,nan,nan,nan,nan,1.0,0.15,nan,nan,nan,nan
2718,0.659729448491155,816.0,700.0,67.0,0.9042857142857142,63.0,0.0,601.027405824185,nan,nan,nan,nan,nan,1.0,0.15,nan,nan,nan,nan
2719,0.619146722164412,764.0,657.0,63.0,0.9041095890410958,61.0,0.0,564.5872906637211,nan,nan,nan,nan,nan,1.0,0.15,nan,nan,nan,nan
2720,0.6493236212278877,774.0,673.0,50.0,0.9257057949479941,62.0,0.0,597.3125074849116,8.290703495343527,0.002297447839130958,15.633320808410645,3.4554093281428018,0.0003107683369307779,1.0,0.15,nan,nan,nan,nan
2721,0.6566077003121749,824.0,707.0,77.0,0.8910891089108911,63.0,0.0,595.1501466965681,nan,nan,nan,nan,nan,1.0,0.15,nan,nan,nan,nan
2722,0.6420395421436004,804.0,693.0,77.0,0.8888888888888888,63.0,0.0,581.4159801831249,nan,nan,nan,nan,nan,1.0,0.15,nan,nan,nan,nan
2723,0.6181061394380853,769.0,651.0,58.0,0.9109062980030722,61.0,0.0,564.5124989900617,nan,nan,nan,nan,nan,1.0,0.15,nan,nan,nan,nan
2724,0.6368366285119667,792.0,685.0,74.0,0.891970802919708,64.0,0.0,576.3599605236055,nan,nan,nan,nan,nan,1.0,0.15,nan,nan,nan,nan
2725,0.6399583766909469,770.0,683.0,69.0,0.8989751098096632,62.0,0.0,582.2734449987421,nan,nan,nan,nan,nan,1.0,0.15,nan,nan,nan,nan
2726,0.6305931321540063,765.0,674.0,69.0,0.8976261127596439,61.0,0.0,573.8862230877882,nan,nan,nan,nan,nan,1.0,0.15,nan,nan,nan,nan
2727,0.6326742976066597,811.0,679.0,72.0,0.8939617083946981,63.0,0.0,572.8977547273652,nan,nan,nan,nan,nan,1.0,0.15,nan,nan,nan,nan
2728,0.6618106139438086,824.0,708.0,73.0,0.8968926553672316,63.0,0.0,601.3045043344516,nan,nan,nan,nan,nan,1.0,0.15,nan,nan,nan,nan
2729,0.6462018730489074,814.0,692.0,72.0,0.8959537572254336,63.0,0.0,586.6138763084414,nan,nan,nan,nan,nan,1.0,0.15,nan,nan,nan,nan
2730,0.668054110301769,790.0,686.0,45.0,0.934402332361516,62.0,0.0,616.2481885089866,nan,nan,nan,nan,nan,1.0,0.15,nan,nan,nan,nan
2731,0.6368366285119667,817.0,698.0,87.0,0.8753581661891118,64.0,0.0,572.6373929424296,nan,nan,nan,nan,nan,1.0,0.15,nan,nan,nan,nan
2732,0.6347554630593132,803.0,691.0,82.0,0.8813314037626628,64.0,0.0,572.1915738964093,nan,nan,nan,nan,nan,1.0,0.15,nan,nan,nan,nan
2733,0.6253902185223725,770.0,659.0,59.0,0.9104704097116844,62.0,0.0,571.1598503232016,nan,nan,nan,nan,nan,1.0,0.15,nan,nan,nan,nan
2734,0.6305931321540063,791.0,680.0,75.0,0.8897058823529411,63.0,0.0,571.014685338499,nan,nan,nan,nan,nan,1.0,0.15,nan,nan,nan,nan
2735,0.6430801248699272,779.0,675.0,58.0,0.914074074074074,61.0,0.0,588.941776013374,nan,nan,nan,nan,nan,1.0,0.15,nan,nan,nan,nan
2736,0.668054110301769,825.0,715.0,74.0,0.8965034965034965,62.0,0.0,607.5500440521241,8.339291135470072,0.0009720162488520145,15.730929215749105,3.461558143297831,0.0009637487504126815,1.0,0.15,nan,nan,nan,nan
2737,0.6514047866805411,817.0,699.0,74.0,0.894134477825465,63.0,0.0,591.2121515464809,nan,nan,nan,nan,nan,1.0,0.15,nan,nan,nan,nan
2738,0.6430801248699272,785.0,673.0,56.0,0.9167904903417533,60.0,0.0,589.5665961985603,nan,nan,nan,nan,nan,1.0,0.15,nan,nan,nan,nan
2739,0.6545265348595213,819.0,696.0,68.0,0.9022988505747126,63.0,0.0,595.6196017823219,nan,nan,nan,nan,nan,1.0,0.15,nan,nan,nan,nan
2740,0.663891779396462,797.0,690.0,53.0,0.9231884057971015,63.0,0.0,609.7601008563038,nan,nan,nan,nan,nan,1.0,0.15,nan,nan,nan,nan
2741,0.644120707596254,803.0,698.0,80.0,0.8853868194842407,64.0,0.0,582.211688767911,nan,nan,nan,nan,nan,1.0,0.15,nan,nan,nan,nan
2742,0.6514047866805411,818.0,697.0,72.0,0.896700143472023,64.0,0.0,591.0971828527456,nan,nan,nan,nan,nan,1.0,0.15,nan,nan,nan,nan
2743,0.6524453694068678,799.0,683.0,57.0,0.9165446559297218,63.0,0.0,597.0652942986494,nan,nan,nan,nan,nan,1.0,0.15,nan,nan,nan,nan
2744,0.631633714880333,793.0,673.0,67.0,0.9004457652303121,63.0,0.0,574.1478851261152,nan,nan,nan,nan,nan,1.0,0.15,nan,nan,nan,nan
2745,0.6607700312174818,802.0,695.0,61.0,0.9122302158273381,63.0,0.0,603.9248914031982,nan,nan,nan,nan,nan,1.0,0.15,nan,nan,nan,nan
2746,0.6503642039542143,798.0,692.0,68.0,0.9017341040462428,62.0,0.0,592.6776392664913,nan,nan,nan,nan,nan,1.0,0.15,nan,nan,nan,nan
2747,0.6201873048907388,787.0,676.0,81.0,0.8801775147928994,63.0,0.0,558.420528370383,nan,nan,nan,nan,nan,1.0,0.15,nan,nan,nan,nan
2748,0.663891779396462,809.0,694.0,57.0,0.9178674351585014,63.0,0.0,608.1038914227491,nan,nan,nan,nan,nan,1.0,0.15,nan,nan,nan,nan
2749,0.6462018730489074,804.0,688.0,68.0,0.9011627906976745,63.0,0.0,587.6455307440757,nan,nan,nan,nan,nan,1.0,0.15,nan,nan,nan,nan
2750,0.6368366285119667,798.0,671.0,60.0,0.910581222056632,61.0,0.0,581.7771373658189,nan,nan,nan,nan,nan,1.0,0.15,nan,nan,nan,nan
2751,0.6576482830385015,802.0,686.0,55.0,0.9198250728862973,63.0,0.0,602.6209928302768,nan,nan,nan,nan,nan,1.0,0.15,nan,nan,nan,nan
2752,0.6472424557752341,809.0,700.0,79.0,0.8871428571428571,64.0,0.0,585.3916130056404,6.845326105753581,0.0016499546666940053,12.751049677530924,3.4292383193969727,0.0002969596316688694,1.0,0.15,nan,nan,nan,nan
2753,0.6472424557752341,808.0,692.0,71.0,0.8973988439306358,62.0,0.0,588.4575074062354,nan,nan,nan,nan,nan,1.0,0.15,nan,nan,nan,nan
2754,0.6389177939646202,794.0,685.0,72.0,0.8948905109489051,61.0,0.0,580.6526297230724,nan,nan,nan,nan,nan,1.0,0.15,nan,nan,nan,nan
2755,0.6389177939646202,791.0,676.0,63.0,0.9068047337278107,61.0,0.0,583.1403472514163,nan,nan,nan,nan,nan,1.0,0.15,nan,nan,nan,nan
2756,0.644120707596254,798.0,687.0,69.0,0.8995633187772926,63.0,0.0,585.017608906269,nan,nan,nan,nan,nan,1.0,0.15,nan,nan,nan,nan
2757,0.6462018730489074,798.0,684.0,64.0,0.9064327485380117,64.0,0.0,588.7350885276803,nan,nan,nan,nan,nan,1.0,0.15,nan,nan,nan,nan
2758,0.6482830385015609,817.0,691.0,69.0,0.9001447178002895,63.0,0.0,589.3499110989583,nan,nan,nan,nan,nan,1.0,0.15,nan,nan,nan,nan
2759,0.6285119667013528,755.0,667.0,64.0,0.904047976011994,61.0,0.0,573.6457450070394,nan,nan,nan,nan,nan,1.0,0.15,nan,nan,nan,nan
2760,0.6514047866805411,799.0,690.0,65.0,0.9057971014492754,64.0,0.0,593.757176059246,nan,nan,nan,nan,nan,1.0,0.15,nan,nan,nan,nan
2761,0.6493236212278877,791.0,683.0,60.0,0.9121522693997072,63.0,0.0,593.5675966172216,nan,nan,nan,nan,nan,1.0,0.15,nan,nan,nan,nan
2762,0.6493236212278877,819.0,701.0,78.0,0.8887303851640513,63.0,0.0,587.8530681004534,nan,nan,nan,nan,nan,1.0,0.15,nan,nan,nan,nan
2763,0.6545265348595213,782.0,686.0,58.0,0.9154518950437318,61.0,0.0,600.0241968760492,nan,nan,nan,nan,nan,1.0,0.15,nan,nan,nan,nan
2764,0.6347554630593132,788.0,672.0,63.0,0.90625,61.0,0.0,579.1463823108684,nan,nan,nan,nan,nan,1.0,0.15,nan,nan,nan,nan
2765,0.6326742976066597,809.0,684.0,77.0,0.8874269005847953,63.0,0.0,571.6330194053664,nan,nan,nan,nan,nan,1.0,0.15,nan,nan,nan,nan
2766,0.6503642039542143,820.0,690.0,66.0,0.9043478260869565,63.0,0.0,591.9550355725298,nan,nan,nan,nan,nan,1.0,0.15,nan,nan,nan,nan
2767,0.644120707596254,803.0,688.0,70.0,0.8982558139534884,64.0,0.0,584.759296520233,nan,nan,nan,nan,nan,1.0,0.15,nan,nan,nan,nan
2768,0.6493236212278877,807.0,693.0,70.0,0.898989898989899,64.0,0.0,590.2537904853826,6.806867877642314,-0.0009715564471359054,12.684655586878458,3.41231636206309,0.00019370669785227315,1.0,0.15,nan,nan,nan,nan
2769,0.6618106139438086,812.0,708.0,73.0,0.8968926553672316,64.0,0.0,601.3476685562146,nan,nan,nan,nan,nan,1.0,0.15,nan,nan,nan,nan
2770,0.6305931321540063,785.0,671.0,66.0,0.9016393442622951,61.0,0.0,574.1549497828491,nan,nan,nan,nan,nan,1.0,0.15,nan,nan,nan,nan
2771,0.6576482830385015,811.0,689.0,58.0,0.9158200290275762,61.0,0.0,602.3978037958136,nan,nan,nan,nan,nan,1.0,0.15,nan,nan,nan,nan
2772,0.6524453694068678,815.0,694.0,68.0,0.9020172910662824,64.0,0.0,593.2670533275616,nan,nan,nan,nan,nan,1.0,0.15,nan,nan,nan,nan
2773,0.6472424557752341,830.0,708.0,87.0,0.8771186440677966,63.0,0.0,583.1747064638141,nan,nan,nan,nan,nan,1.0,0.15,nan,nan,nan,nan
2774,0.6409989594172737,831.0,700.0,85.0,0.8785714285714286,63.0,0.0,577.3217534184467,nan,nan,nan,nan,nan,1.0,0.15,nan,nan,nan,nan
2775,0.6295525494276795,798.0,681.0,77.0,0.8869309838472834,63.0,0.0,569.4097197561268,nan,nan,nan,nan,nan,1.0,0.15,nan,nan,nan,nan
2776,0.668054110301769,812.0,701.0,60.0,0.9144079885877318,63.0,0.0,611.5221022882467,nan,nan,nan,nan,nan,1.0,0.15,nan,nan,nan,nan
2777,0.6472424557752341,813.0,694.0,73.0,0.8948126801152738,62.0,0.0,587.6828740148553,nan,nan,nan,nan,nan,1.0,0.15,nan,nan,nan,nan
2778,0.63579604578564,808.0,694.0,84.0,0.8789625360230547,63.0,0.0,573.116273431302,nan,nan,nan,nan,nan,1.0,0.15,nan,nan,nan,nan
2779,0.6462018730489074,779.0,682.0,62.0,0.9090909090909091,63.0,0.0,589.8698216624259,nan,nan,nan,nan,nan,1.0,0.15,nan,nan,nan,nan
2780,0.6566077003121749,821.0,698.0,68.0,0.9025787965616046,64.0,0.0,597.2593142910023,nan,nan,nan,nan,nan,1.0,0.15,nan,nan,nan,nan
2781,0.6108220603537982,743.0,642.0,56.0,0.9127725856697819,58.0,0.0,559.9265392818468,nan,nan,nan,nan,nan,1.0,0.15,nan,nan,nan,nan
2782,0.6243496357960457,781.0,673.0,74.0,0.8900445765230312,64.0,0.0,564.628672337534,nan,nan,nan,nan,nan,1.0,0.15,nan,nan,nan,nan
2783,0.6201873048907388,782.0,675.0,80.0,0.8814814814814815,64.0,0.0,558.8782032227535,nan,nan,nan,nan,nan,1.0,0.15,nan,nan,nan,nan
2784,0.6586888657648283,796.0,688.0,56.0,0.9186046511627907,64.0,0.0,603.4672476301191,8.045623580614725,-0.0011739777401089668,15.165447076161703,3.4014082749684653,0.0005192280304981978,1.0,0.15,nan,nan,nan,nan
2785,0.6430801248699272,807.0,681.0,64.0,0.9060205580029369,64.0,0.0,585.3878390812877,nan,nan,nan,nan,nan,1.0,0.15,nan,nan,nan,nan
2786,0.6670135275754423,814.0,710.0,70.0,0.9014084507042254,63.0,0.0,607.787429352283,nan,nan,nan,nan,nan,1.0,0.15,nan,nan,nan,nan
2787,0.6326742976066597,797.0,683.0,76.0,0.8887262079062958,60.0,0.0,573.2481160354624,nan,nan,nan,nan,nan,1.0,0.15,nan,nan,nan,nan
2788,0.6201873048907388,770.0,671.0,76.0,0.886736214605067,62.0,0.0,560.9434016494771,nan,nan,nan,nan,nan,1.0,0.15,nan,nan,nan,nan
2789,0.6545265348595213,828.0,709.0,81.0,0.8857545839210155,61.0,0.0,592.3811644401559,nan,nan,nan,nan,nan,1.0,0.15,nan,nan,nan,nan
2790,0.6326742976066597,789.0,678.0,71.0,0.8952802359882006,62.0,0.0,574.6000136809349,nan,nan,nan,nan,nan,1.0,0.15,nan,nan,nan,nan
2791,0.6524453694068678,795.0,690.0,64.0,0.9072463768115943,63.0,0.0,595.4902461400042,nan,nan,nan,nan,nan,1.0,0.15,nan,nan,nan,nan
2792,0.6378772112382934,794.0,690.0,78.0,0.8869565217391304,64.0,0.0,576.4226484580043,nan,nan,nan,nan,nan,1.0,0.15,nan,nan,nan,nan
2793,0.6566077003121749,815.0,701.0,71.0,0.8987161198288159,63.0,0.0,596.6173870096218,nan,nan,nan,nan,nan,1.0,0.15,nan,nan,nan,nan
2794,0.6347554630593132,796.0,673.0,64.0,0.9049034175334324,61.0,0.0,578.3401375513084,nan,nan,nan,nan,nan,1.0,0.15,nan,nan,nan,nan
2795,0.6212278876170656,768.0,666.0,70.0,0.8948948948948949,61.0,0.0,564.4580624856956,nan,nan,nan,nan,nan,1.0,0.15,nan,nan,nan,nan
2796,0.6670135275754423,827.0,705.0,65.0,0.9078014184397163,63.0,0.0,608.6150606484425,nan,nan,nan,nan,nan,1.0,0.15,nan,nan,nan,nan
2797,0.6378772112382934,793.0,680.0,68.0,0.9,64.0,0.0,579.0646058545117,nan,nan,nan,nan,nan,1.0,0.15,nan,nan,nan,nan
2798,0.6295525494276795,789.0,689.0,85.0,0.8766328011611031,63.0,0.0,566.9494023890506,nan,nan,nan,nan,nan,1.0,0.15,nan,nan,nan,nan
2799,0.6378772112382934,790.0,685.0,73.0,0.8934306569343066,63.0,0.0,578.7887538256655,nan,nan,nan,nan,nan,1.0,0.15,nan,nan,nan,nan
2800,0.6430801248699272,799.0,689.0,72.0,0.895500725689405,63.0,0.0,583.6796751470566,7.165615161259969,-0.00041845033410936594,13.392921924591064,3.442254602909088,0.0004157516256479236,1.0,0.15,0.6576066597294485,0.6420395421436004,0.9313763614830951,0.0
2801,0.6212278876170656,793.0,680.0,84.0,0.8764705882352941,63.0,0.0,559.0718305559176,nan,nan,nan,nan,nan,1.0,0.15,nan,nan,nan,nan
2802,0.6253902185223725,789.0,682.0,82.0,0.8797653958944281,62.0,0.0,563.8828680205362,nan,nan,nan,nan,nan,1.0,0.15,nan,nan,nan,nan
2803,0.6524453694068678,816.0,697.0,71.0,0.8981348637015782,62.0,0.0,593.3994908413894,nan,nan,nan,nan,nan,1.0,0.15,nan,nan,nan,nan
2804,0.6472424557752341,808.0,691.0,70.0,0.8986975397973951,62.0,0.0,588.5699898796089,nan,nan,nan,nan,nan,1.0,0.15,nan,nan,nan,nan
2805,0.6493236212278877,816.0,691.0,68.0,0.9015918958031838,63.0,0.0,590.5744571709625,nan,nan,nan,nan,nan,1.0,0.15,nan,nan,nan,nan
2806,0.6337148803329865,800.0,684.0,76.0,0.8888888888888888,62.0,0.0,573.5272772302637,nan,nan,nan,nan,nan,1.0,0.15,nan,nan,nan,nan
2807,0.6493236212278877,803.0,681.0,58.0,0.9148311306901615,63.0,0.0,594.0989223542218,nan,nan,nan,nan,nan,1.0,0.15,nan,nan,nan,nan
2808,0.6493236212278877,812.0,695.0,72.0,0.8964028776978418,64.0,0.0,589.4521826095589,nan,nan,nan,nan,nan,1.0,0.15,nan,nan,nan,nan
2809,0.6701352757544224,805.0,706.0,63.0,0.9107648725212465,62.0,0.0,612.8590639214511,nan,nan,nan,nan,nan,1.0,0.15,nan,nan,nan,nan
2810,0.6534859521331946,791.0,694.0,67.0,0.9034582132564841,64.0,0.0,595.0691322698576,nan,nan,nan,nan,nan,1.0,0.15,nan,nan,nan,nan
2811,0.659729448491155,812.0,699.0,66.0,0.9055793991416309,64.0,0.0,601.2917699298863,nan,nan,nan,nan,nan,1.0,0.15,nan,nan,nan,nan
2812,0.627471383975026,765.0,660.0,58.0,0.9121212121212121,59.0,0.0,574.2331193866738,nan,nan,nan,nan,nan,1.0,0.15,nan,nan,nan,nan
2813,0.6670135275754423,812.0,697.0,57.0,0.9182209469153515,63.0,0.0,611.520081302644,nan,nan,nan,nan,nan,1.0,0.15,nan,nan,nan,nan
2814,0.6566077003121749,810.0,698.0,68.0,0.9025787965616046,63.0,0.0,597.6641290292752,nan,nan,nan,nan,nan,1.0,0.15,nan,nan,nan,nan
2815,0.6305931321540063,785.0,687.0,82.0,0.8806404657933042,62.0,0.0,569.2682591066373,nan,nan,nan,nan,nan,1.0,0.15,nan,nan,nan,nan
2816,0.663891779396462,818.0,706.0,69.0,0.9022662889518414,62.0,0.0,605.1823515100479,8.063781976699829,-0.0014794236049056053,15.182855208714804,3.470556656519572,0.0010242601953602086,1.0,0.15,nan,nan,nan,nan
2817,0.6545265348595213,802.0,690.0,62.0,0.9101449275362319,64.0,0.0,597.6824763784394,nan,nan,nan,nan,nan,1.0,0.15,nan,nan,nan,nan
2818,0.6649323621227887,806.0,700.0,62.0,0.9114285714285715,63.0,0.0,608.0672871694569,nan,nan,nan,nan,nan,1.0,0.15,nan,nan,nan,nan
2819,0.644120707596254,813.0,686.0,68.0,0.9008746355685131,62.0,0.0,585.7720423755645,nan,nan,nan,nan,nan,1.0,0.15,nan,nan,nan,nan
2820,0.6482830385015609,812.0,692.0,70.0,0.8988439306358381,63.0,0.0,589.380773791314,nan,nan,nan,nan,nan,1.0,0.15,nan,nan,nan,nan
2821,0.6368366285119667,802.0,686.0,75.0,0.89067055393586,63.0,0.0,576.8303687849055,nan,nan,nan,nan,nan,1.0,0.15,nan,nan,nan,nan
2822,0.6576482830385015,823.0,712.0,81.0,0.8862359550561798,63.0,0.0,595.2184915590292,nan,nan,nan,nan,nan,1.0,0.15,nan,nan,nan,nan
2823,0.6607700312174818,806.0,695.0,61.0,0.9122302158273381,63.0,0.0,604.2191683521271,nan,nan,nan,nan,nan,1.0,0.15,nan,nan,nan,nan
2824,0.668054110301769,814.0,705.0,64.0,0.9092198581560283,63.0,0.0,610.347009488106,nan,nan,nan,nan,nan,1.0,0.15,nan,nan,nan,nan
2825,0.6389177939646202,804.0,692.0,79.0,0.8858381502890174,63.0,0.0,577.0877911591539,nan,nan,nan,nan,nan,1.0,0.15,nan,nan,nan,nan
2826,0.6836628511966701,821.0,704.0,48.0,0.9318181818181818,64.0,0.0,629.3265923733697,nan,nan,nan,nan,nan,1.0,0.15,nan,nan,nan,nan
2827,0.6326742976066597,783.0,672.0,65.0,0.9032738095238095,63.0,0.0,576.0005721354479,nan,nan,nan,nan,nan,1.0,0.15,nan,nan,nan,nan
2828,0.6451612903225806,800.0,686.0,67.0,0.902332361516035,62.0,0.0,587.7366559720053,nan,nan,nan,nan,nan,1.0,0.15,nan,nan,nan,nan
2829,0.6607700312174818,813.0,700.0,66.0,0.9057142857142857,62.0,0.0,602.6690806703565,nan,nan,nan,nan,nan,1.0,0.15,nan,nan,nan,nan
2830,0.6326742976066597,810.0,679.0,72.0,0.8939617083946981,63.0,0.0,573.6194732389448,nan,nan,nan,nan,nan,1.0,0.15,nan,nan,nan,nan
2831,0.63579604578564,811.0,693.0,83.0,0.8802308802308803,62.0,0.0,572.8530078477869,nan,nan,nan,nan,nan,1.0,0.15,nan,nan,nan,nan
2832,0.6462018730489074,799.0,678.0,58.0,0.9144542772861357,60.0,0.0,592.0707544684424,7.502922058105469,-0.004461174830794334,14.057338635126749,3.5077539682388306,0.001309211414384966,1.0,0.15,nan,nan,nan,nan
2833,0.6347554630593132,769.0,669.0,60.0,0.9103139013452914,60.0,0.0,580.9285425243385,nan,nan,nan,nan,nan,1.0,0.15,nan,nan,nan,nan
2834,0.668054110301769,805.0,702.0,61.0,0.9131054131054132,63.0,0.0,611.4122999429709,nan,nan,nan,nan,nan,1.0,0.15,nan,nan,nan,nan
2835,0.668054110301769,803.0,689.0,48.0,0.93033381712627,64.0,0.0,614.3710542073246,nan,nan,nan,nan,nan,1.0,0.15,nan,nan,nan,nan
2836,0.6534859521331946,799.0,695.0,68.0,0.902158273381295,63.0,0.0,595.3841834139829,nan,nan,nan,nan,nan,1.0,0.15,nan,nan,nan,nan
2837,0.663891779396462,790.0,695.0,58.0,0.9165467625899281,64.0,0.0,607.8169412045478,nan,nan,nan,nan,nan,1.0,0.15,nan,nan,nan,nan
2838,0.6482830385015609,807.0,692.0,70.0,0.8988439306358381,63.0,0.0,589.3794269461636,nan,nan,nan,nan,nan,1.0,0.15,nan,nan,nan,nan
2839,0.6566077003121749,807.0,693.0,63.0,0.9090909090909091,63.0,0.0,599.2536055145275,nan,nan,nan,nan,nan,1.0,0.15,nan,nan,nan,nan
2840,0.6524453694068678,808.0,706.0,80.0,0.886685552407932,63.0,0.0,590.0054679574969,nan,nan,nan,nan,nan,1.0,0.15,nan,nan,nan,nan
2841,0.6253902185223725,796.0,665.0,65.0,0.9022556390977443,64.0,0.0,568.1790381250393,nan,nan,nan,nan,nan,1.0,0.15,nan,nan,nan,nan
2842,0.6545265348595213,829.0,703.0,75.0,0.8933143669985776,62.0,0.0,593.5304101877209,nan,nan,nan,nan,nan,1.0,0.15,nan,nan,nan,nan
2843,0.663891779396462,787.0,688.0,51.0,0.9258720930232558,61.0,0.0,611.1024224700932,nan,nan,nan,nan,nan,1.0,0.15,nan,nan,nan,nan
2844,0.6545265348595213,797.0,681.0,53.0,0.922173274596182,64.0,0.0,600.0486307845122,nan,nan,nan,nan,nan,1.0,0.15,nan,nan,nan,nan
2845,0.6534859521331946,795.0,684.0,57.0,0.9166666666666666,62.0,0.0,598.636130026341,nan,nan,nan,nan,nan,1.0,0.15,nan,nan,nan,nan
2846,0.6285119667013528,781.0,681.0,78.0,0.8854625550660793,61.0,0.0,568.5123600540164,nan,nan,nan,nan,nan,1.0,0.15,nan,nan,nan,nan
2847,0.6285119667013528,784.0,673.0,70.0,0.8959881129271917,61.0,0.0,571.2308731889748,nan,nan,nan,nan,nan,1.0,0.15,nan,nan,nan,nan
2848,0.631633714880333,805.0,684.0,78.0,0.8859649122807017,63.0,0.0,570.7835563302067,7.564892292022705,-0.001700749135731409,14.171613057454428,3.521852115790049,0.0025713669286536365,1.0,0.15,nan,nan,nan,nan
2849,0.6160249739854319,756.0,662.0,71.0,0.8927492447129909,61.0,0.0,559.370286487104,nan,nan,nan,nan,nan,1.0,0.15,nan,nan,nan,nan
2850,0.6503642039542143,815.0,692.0,68.0,0.9017341040462428,63.0,0.0,591.8257225308431,nan,nan,nan,nan,nan,1.0,0.15,nan,nan,nan,nan
2851,0.6378772112382934,793.0,680.0,68.0,0.9,64.0,0.0,579.2702354397782,nan,nan,nan,nan,nan,1.0,0.15,nan,nan,nan,nan
2852,0.6503642039542143,792.0,684.0,60.0,0.9122807017543859,63.0,0.0,594.6552590279572,nan,nan,nan,nan,nan,1.0,0.15,nan,nan,nan,nan
2853,0.6295525494276795,813.0,693.0,89.0,0.8715728715728716,63.0,0.0,565.3555462327016,nan,nan,nan,nan,nan,1.0,0.15,nan,nan,nan,nan
2854,0.6576482830385015,814.0,699.0,68.0,0.9027181688125894,61.0,0.0,599.5892792363165,nan,nan,nan,nan,nan,1.0,0.15,nan,nan,nan,nan
2855,0.6451612903225806,791.0,689.0,70.0,0.8984034833091437,62.0,0.0,586.5468492956172,nan,nan,nan,nan,nan,1.0,0.15,nan,nan,nan,nan
2856,0.6097814776274714,743.0,642.0,57.0,0.9112149532710281,60.0,0.0,557.5121405143757,nan,nan,nan,nan,nan,1.0,0.15,nan,nan,nan,nan
2857,0.627471383975026,820.0,682.0,80.0,0.8826979472140762,64.0,0.0,565.1766505856531,nan,nan,nan,nan,nan,1.0,0.15,nan,nan,nan,nan
2858,0.6555671175858481,814.0,697.0,68.0,0.9024390243902439,61.0,0.0,597.4891598825449,nan,nan,nan,nan,nan,1.0,0.15,nan,nan,nan,nan
2859,0.6503642039542143,816.0,699.0,75.0,0.8927038626609443,62.0,0.0,590.0861730966575,nan,nan,nan,nan,nan,1.0,0.15,nan,nan,nan,nan
2860,0.6493236212278877,816.0,693.0,70.0,0.898989898989899,64.0,0.0,589.4757424540522,nan,nan,nan,nan,nan,1.0,0.15,nan,nan,nan,nan
2861,0.6430801248699272,784.0,688.0,71.0,0.8968023255813954,62.0,0.0,584.8200929236424,nan,nan,nan,nan,nan,1.0,0.15,nan,nan,nan,nan
2862,0.6462018730489074,807.0,690.0,70.0,0.8985507246376812,62.0,0.0,587.8056886677737,nan,nan,nan,nan,nan,1.0,0.15,nan,nan,nan,nan
2863,0.6566077003121749,811.0,687.0,57.0,0.9170305676855895,64.0,0.0,600.7618421511645,nan,nan,nan,nan,nan,1.0,0.15,nan,nan,nan,nan
2864,0.6462018730489074,804.0,693.0,73.0,0.8946608946608947,63.0,0.0,586.2951594719887,7.318062384923299,0.0008544344455003738,13.669532934824625,3.5312108397483826,0.000859402833157219,1.0,0.15,nan,nan,nan,nan
2865,0.6305931321540063,789.0,684.0,79.0,0.8845029239766082,63.0,0.0,569.1169517116566,nan,nan,nan,nan,nan,1.0,0.15,nan,nan,nan,nan
2866,0.6347554630593132,779.0,667.0,58.0,0.9130434782608695,60.0,0.0,581.2013497061737,nan,nan,nan,nan,nan,1.0,0.15,nan,nan,nan,nan
2867,0.659729448491155,815.0,695.0,62.0,0.9107913669064748,64.0,0.0,602.0871059789658,nan,nan,nan,nan,nan,1.0,0.15,nan,nan,nan,nan
2868,0.6399583766909469,769.0,675.0,61.0,0.9096296296296297,61.0,0.0,584.9516127986917,nan,nan,nan,nan,nan,1.0,0.15,nan,nan,nan,nan
2869,0.6774193548387096,802.0,708.0,58.0,0.9180790960451978,64.0,0.0,621.0736361536968,nan,nan,nan,nan,nan,1.0,0.15,nan,nan,nan,nan
2870,0.644120707596254,814.0,693.0,75.0,0.8917748917748918,63.0,0.0,583.5320134553915,nan,nan,nan,nan,nan,1.0,0.15,nan,nan,nan,nan
2871,0.6482830385015609,794.0,688.0,66.0,0.9040697674418605,61.0,0.0,591.3160140056615,nan,nan,nan,nan,nan,1.0,0.15,nan,nan,nan,nan
2872,0.6108220603537982,770.0,650.0,64.0,0.9015384615384615,62.0,0.0,555.4402331080444,nan,nan,nan,nan,nan,1.0,0.15,nan,nan,nan,nan
2873,0.6212278876170656,779.0,679.0,83.0,0.8777614138438881,61.0,0.0,560.7283989262592,nan,nan,nan,nan,nan,1.0,0.15,nan,nan,nan,nan
2874,0.6628511966701353,814.0,695.0,59.0,0.9151079136690647,64.0,0.0,606.5581311540615,nan,nan,nan,nan,nan,1.0,0.15,nan,nan,nan,nan
2875,0.6430801248699272,779.0,671.0,54.0,0.9195230998509687,61.0,0.0,590.0845982360851,nan,nan,nan,nan,nan,1.0,0.15,nan,nan,nan,nan
2876,0.6347554630593132,753.0,660.0,51.0,0.9227272727272727,62.0,0.0,582.981328254701,nan,nan,nan,nan,nan,1.0,0.15,nan,nan,nan,nan
2877,0.6586888657648283,803.0,703.0,71.0,0.89900426742532,63.0,0.0,599.3034711341863,nan,nan,nan,nan,nan,1.0,0.15,nan,nan,nan,nan
2878,0.6378772112382934,798.0,692.0,80.0,0.884393063583815,63.0,0.0,576.2651843948391,nan,nan,nan,nan,nan,1.0,0.15,nan,nan,nan,nan
2879,0.6305931321540063,802.0,669.0,64.0,0.9043348281016442,63.0,0.0,573.8319466786398,nan,nan,nan,nan,nan,1.0,0.15,nan,nan,nan,nan
2880,0.6753381893860562,807.0,704.0,56.0,0.9204545454545454,64.0,0.0,619.6167218389502,8.012846032778421,-0.003477673434341947,15.0962442557017,3.4299906690915427,0.0008443733337723339,1.0,0.15,nan,nan,nan,nan
2881,0.63579604578564,798.0,680.0,70.0,0.8970588235294118,63.0,0.0,577.0972955136291,nan,nan,nan,nan,nan,1.0,0.15,nan,nan,nan,nan
2882,0.6462018730489074,805.0,690.0,70.0,0.8985507246376812,62.0,0.0,587.9190764269829,nan,nan,nan,nan,nan,1.0,0.15,nan,nan,nan,nan
2883,0.6409989594172737,788.0,678.0,63.0,0.9070796460176991,63.0,0.0,584.13988367939,nan,nan,nan,nan,nan,1.0,0.15,nan,nan,nan,nan
2884,0.6326742976066597,797.0,688.0,81.0,0.8822674418604651,60.0,0.0,572.3319490284932,nan,nan,nan,nan,nan,1.0,0.15,nan,nan,nan,nan
2885,0.6409989594172737,796.0,683.0,68.0,0.9004392386530015,63.0,0.0,582.9727531127925,nan,nan,nan,nan,nan,1.0,0.15,nan,nan,nan,nan
2886,0.6378772112382934,789.0,678.0,66.0,0.9026548672566371,64.0,0.0,580.1780531826024,nan,nan,nan,nan,nan,1.0,0.15,nan,nan,nan,nan
2887,0.6201873048907388,782.0,665.0,70.0,0.8947368421052632,64.0,0.0,561.9348920631423,nan,nan,nan,nan,nan,1.0,0.15,nan,nan,nan,nan
2888,0.6451612903225806,799.0,685.0,66.0,0.9036496350364963,64.0,0.0,587.2948497953417,nan,nan,nan,nan,nan,1.0,0.15,nan,nan,nan,nan
2889,0.6524453694068678,807.0,691.0,65.0,0.9059334298118669,62.0,0.0,594.8860492353441,nan,nan,nan,nan,nan,1.0,0.15,nan,nan,nan,nan
2890,0.6503642039542143,806.0,691.0,67.0,0.9030390738060782,64.0,0.0,591.8973242125531,nan,nan,nan,nan,nan,1.0,0.15,nan,nan,nan,nan
2891,0.668054110301769,823.0,713.0,72.0,0.8990182328190743,62.0,0.0,608.1796574349415,nan,nan,nan,nan,nan,1.0,0.15,nan,nan,nan,nan
2892,0.6378772112382934,810.0,696.0,84.0,0.8793103448275862,62.0,0.0,574.9284168667801,nan,nan,nan,nan,nan,1.0,0.15,nan,nan,nan,nan
2893,0.6201873048907388,755.0,661.0,66.0,0.9001512859304085,61.0,0.0,564.8364535779954,nan,nan,nan,nan,nan,1.0,0.15,nan,nan,nan,nan
2894,0.6649323621227887,801.0,703.0,65.0,0.9075391180654339,64.0,0.0,606.9948480825431,nan,nan,nan,nan,nan,1.0,0.15,nan,nan,nan,nan
2895,0.6555671175858481,788.0,687.0,58.0,0.9155749636098981,63.0,0.0,600.3448297185895,nan,nan,nan,nan,nan,1.0,0.15,nan,nan,nan,nan
2896,0.6649323621227887,822.0,701.0,63.0,0.9101283880171184,63.0,0.0,607.5476162610053,6.769717295964559,-0.0011886567808687687,12.605088472366333,3.4328603744506836,0.00028204564599339693,1.0,0.15,nan,nan,nan,nan
2897,0.5577523413111343,689.0,580.0,45.0,0.9224137931034483,53.0,0.0,513.6189768428826,nan,nan,nan,nan,nan,1.0,0.15,nan,nan,nan,nan
2898,0.6524453694068678,797.0,689.0,63.0,0.9085631349782293,61.0,0.0,596.1974968829167,nan,nan,nan,nan,nan,1.0,0.15,nan,nan,nan,nan
2899,0.619146722164412,750.0,649.0,55.0,0.9152542372881356,60.0,0.0,567.4703143520377,nan,nan,nan,nan,nan,1.0,0.15,nan,nan,nan,nan
2900,0.6326742976066597,786.0,681.0,74.0,0.8913362701908958,62.0,0.0,573.8721130990991,nan,nan,nan,nan,nan,1.0,0.15,0.6543600416233091,0.6368366285119667,0.9311612976174399,0.0
2901,0.6534859521331946,792.0,686.0,59.0,0.9139941690962099,64.0,0.0,597.4932590565677,nan,nan,nan,nan,nan,1.0,0.15,nan,nan,nan,nan
2902,0.644120707596254,810.0,690.0,72.0,0.8956521739130435,64.0,0.0,583.9242520504007,nan,nan,nan,nan,nan,1.0,0.15,nan,nan,nan,nan
2903,0.627471383975026,776.0,672.0,70.0,0.8958333333333334,60.0,0.0,570.8000591554655,nan,nan,nan,nan,nan,1.0,0.15,nan,nan,nan,nan
2904,0.6628511966701353,809.0,717.0,81.0,0.8870292887029289,63.0,0.0,600.4827214431776,nan,nan,nan,nan,nan,1.0,0.15,nan,nan,nan,nan
2905,0.6545265348595213,819.0,688.0,60.0,0.9127906976744186,64.0,0.0,597.5983312459,nan,nan,nan,nan,nan,1.0,0.15,nan,nan,nan,nan
2906,0.6451612903225806,793.0,673.0,54.0,0.9197622585438335,64.0,0.0,590.4021308722498,nan,nan,nan,nan,nan,1.0,0.15,nan,nan,nan,nan
2907,0.6482830385015609,814.0,693.0,71.0,0.8975468975468975,62.0,0.0,589.4141295504572,nan,nan,nan,nan,nan,1.0,0.15,nan,nan,nan,nan
2908,0.6181061394380853,791.0,675.0,82.0,0.8785185185185185,61.0,0.0,557.3077389993684,nan,nan,nan,nan,nan,1.0,0.15,nan,nan,nan,nan
2909,0.6462018730489074,813.0,714.0,94.0,0.8683473389355743,63.0,0.0,580.4598008809087,nan,nan,nan,nan,nan,1.0,0.15,nan,nan,nan,nan
2910,0.644120707596254,819.0,707.0,89.0,0.8741159830268741,64.0,0.0,578.3678945550932,nan,nan,nan,nan,nan,1.0,0.15,nan,nan,nan,nan
2911,0.6524453694068678,794.0,676.0,50.0,0.9260355029585798,64.0,0.0,598.7091580133434,nan,nan,nan,nan,nan,1.0,0.15,nan,nan,nan,nan
2912,0.644120707596254,799.0,686.0,68.0,0.9008746355685131,64.0,0.0,585.4699945025467,9.451871514320374,0.0003495871399839719,17.95024307568868,3.4898155331611633,0.0008956031063765598,1.0,0.15,nan,nan,nan,nan
2913,0.6399583766909469,791.0,671.0,57.0,0.9150521609538003,62.0,0.0,585.5434782075895,nan,nan,nan,nan,nan,1.0,0.15,nan,nan,nan,nan
2914,0.6451612903225806,809.0,693.0,74.0,0.8932178932178932,63.0,0.0,585.0830451245317,nan,nan,nan,nan,nan,1.0,0.15,nan,nan,nan,nan
2915,0.6534859521331946,786.0,673.0,46.0,0.9316493313521546,62.0,0.0,602.2423503079425,nan,nan,nan,nan,nan,1.0,0.15,nan,nan,nan,nan
2916,0.6378772112382934,796.0,694.0,82.0,0.8818443804034583,63.0,0.0,575.9935006732958,nan,nan,nan,nan,nan,1.0,0.15,nan,nan,nan,nan
2917,0.6430801248699272,803.0,687.0,70.0,0.8981077147016011,63.0,0.0,584.367152595044,nan,nan,nan,nan,nan,1.0,0.15,nan,nan,nan,nan
2918,0.6409989594172737,793.0,690.0,75.0,0.8913043478260869,64.0,0.0,580.4811153807639,nan,nan,nan,nan,nan,1.0,0.15,nan,nan,nan,nan
2919,0.619146722164412,750.0,650.0,56.0,0.9138461538461539,60.0,0.0,566.9013915734294,nan,nan,nan,nan,nan,1.0,0.15,nan,nan,nan,nan
2920,0.63579604578564,795.0,672.0,62.0,0.9077380952380952,60.0,0.0,580.544411521911,nan,nan,nan,nan,nan,1.0,0.15,nan,nan,nan,nan
2921,0.6628511966701353,808.0,701.0,65.0,0.9072753209700428,64.0,0.0,604.462068754672,nan,nan,nan,nan,nan,1.0,0.15,nan,nan,nan,nan
2922,0.6555671175858481,818.0,690.0,61.0,0.9115942028985508,64.0,0.0,598.7459960083967,nan,nan,nan,nan,nan,1.0,0.15,nan,nan,nan,nan
2923,0.6534859521331946,801.0,699.0,72.0,0.8969957081545065,63.0,0.0,594.034560052395,nan,nan,nan,nan,nan,1.0,0.15,nan,nan,nan,nan
2924,0.6389177939646202,804.0,680.0,67.0,0.9014705882352941,64.0,0.0,580.9263385701194,nan,nan,nan,nan,nan,1.0,0.15,nan,nan,nan,nan
2925,0.63579604578564,804.0,674.0,64.0,0.9050445103857567,64.0,0.0,577.7717598338128,nan,nan,nan,nan,nan,1.0,0.15,nan,nan,nan,nan
2926,0.6503642039542143,817.0,702.0,78.0,0.8888888888888888,63.0,0.0,588.5590369939808,nan,nan,nan,nan,nan,1.0,0.15,nan,nan,nan,nan
2927,0.6482830385015609,817.0,696.0,74.0,0.8936781609195402,64.0,0.0,587.7857018156061,nan,nan,nan,nan,nan,1.0,0.15,nan,nan,nan,nan
2928,0.6524453694068678,829.0,697.0,71.0,0.8981348637015782,64.0,0.0,592.3625400786417,6.410027980804443,0.0008649954882760843,11.878793954849243,3.4423426191012063,0.0003974136100926747,1.0,0.15,nan,nan,nan,nan
2929,0.6451612903225806,814.0,697.0,78.0,0.8880918220946915,62.0,0.0,584.2468277931229,nan,nan,nan,nan,nan,1.0,0.15,nan,nan,nan,nan
2930,0.6524453694068678,811.0,693.0,67.0,0.9033189033189033,63.0,0.0,593.675821932315,nan,nan,nan,nan,nan,1.0,0.15,nan,nan,nan,nan
2931,0.6534859521331946,816.0,696.0,69.0,0.9008620689655172,64.0,0.0,594.0640452132217,nan,nan,nan,nan,nan,1.0,0.15,nan,nan,nan,nan
2932,0.6097814776274714,741.0,646.0,61.0,0.9055727554179567,59.0,0.0,556.6826261806507,nan,nan,nan,nan,nan,1.0,0.15,nan,nan,nan,nan
2933,0.6212278876170656,777.0,673.0,77.0,0.8855869242199108,63.0,0.0,560.9137403574007,nan,nan,nan,nan,nan,1.0,0.15,nan,nan,nan,nan
2934,0.6545265348595213,802.0,682.0,54.0,0.9208211143695014,63.0,0.0,600.2572689619069,nan,nan,nan,nan,nan,1.0,0.15,nan,nan,nan,nan
2935,0.6347554630593132,810.0,690.0,81.0,0.8826086956521739,64.0,0.0,572.0645119276046,nan,nan,nan,nan,nan,1.0,0.15,nan,nan,nan,nan
2936,0.6430801248699272,801.0,681.0,64.0,0.9060205580029369,62.0,0.0,586.4479614930167,nan,nan,nan,nan,nan,1.0,0.15,nan,nan,nan,nan
2937,0.6368366285119667,807.0,677.0,66.0,0.9025110782865583,64.0,0.0,578.9726813993468,nan,nan,nan,nan,nan,1.0,0.15,nan,nan,nan,nan
2938,0.63579604578564,812.0,687.0,77.0,0.8879184861717613,64.0,0.0,574.7136573500644,nan,nan,nan,nan,nan,1.0,0.15,nan,nan,nan,nan
2939,0.6670135275754423,796.0,699.0,59.0,0.9155937052932761,64.0,0.0,610.8908396339419,nan,nan,nan,nan,nan,1.0,0.15,nan,nan,nan,nan
2940,0.6451612903225806,812.0,685.0,66.0,0.9036496350364963,64.0,0.0,587.0848625664712,nan,nan,nan,nan,nan,1.0,0.15,nan,nan,nan,nan
2941,0.6253902185223725,797.0,674.0,74.0,0.8902077151335311,62.0,0.0,566.45881868601,nan,nan,nan,nan,nan,1.0,0.15,nan,nan,nan,nan
2942,0.6409989594172737,813.0,699.0,84.0,0.8798283261802575,62.0,0.0,578.3579553494469,nan,nan,nan,nan,nan,1.0,0.15,nan,nan,nan,nan
2943,0.6326742976066597,798.0,687.0,80.0,0.883551673944687,61.0,0.0,571.9571707987806,nan,nan,nan,nan,nan,1.0,0.15,nan,nan,nan,nan
2944,0.6368366285119667,791.0,680.0,69.0,0.8985294117647059,64.0,0.0,578.3556487379078,7.668232878049214,-0.00109357883532842,14.411110401153564,3.400336742401123,0.0018527103020460345,1.0,0.15,nan,nan,nan,nan
2945,0.6534859521331946,798.0,697.0,70.0,0.8995695839311334,63.0,0.0,594.5868967881208,nan,nan,nan,nan,nan,1.0,0.15,nan,nan,nan,nan
2946,0.6295525494276795,818.0,690.0,86.0,0.8753623188405797,63.0,0.0,565.5768804321306,nan,nan,nan,nan,nan,1.0,0.15,nan,nan,nan,nan
2947,0.6430801248699272,808.0,676.0,59.0,0.9127218934911243,61.0,0.0,587.7079279136664,nan,nan,nan,nan,nan,1.0,0.15,nan,nan,nan,nan
2948,0.6576482830385015,818.0,695.0,64.0,0.9079136690647482,63.0,0.0,600.0560580797188,nan,nan,nan,nan,nan,1.0,0.15,nan,nan,nan,nan
2949,0.6534859521331946,819.0,691.0,64.0,0.9073806078147613,64.0,0.0,595.3609581985485,nan,nan,nan,nan,nan,1.0,0.15,nan,nan,nan,nan
2950,0.6545265348595213,815.0,688.0,60.0,0.9127906976744186,64.0,0.0,597.6587498178477,nan,nan,nan,nan,nan,1.0,0.15,nan,nan,nan,nan
2951,0.6212278876170656,780.0,671.0,75.0,0.8882265275707899,64.0,0.0,561.0322975339894,nan,nan,nan,nan,nan,1.0,0.15,nan,nan,nan,nan
2952,0.6285119667013528,802.0,683.0,80.0,0.8828696925329429,61.0,0.0,567.8624838590638,nan,nan,nan,nan,nan,1.0,0.15,nan,nan,nan,nan
2953,0.6534859521331946,813.0,695.0,68.0,0.902158273381295,62.0,0.0,595.1524342455882,nan,nan,nan,nan,nan,1.0,0.15,nan,nan,nan,nan
2954,0.6566077003121749,804.0,692.0,62.0,0.9104046242774566,62.0,0.0,600.1213796100624,nan,nan,nan,nan,nan,1.0,0.15,nan,nan,nan,nan
2955,0.63579604578564,797.0,682.0,72.0,0.8944281524926686,62.0,0.0,576.8399585838346,nan,nan,nan,nan,nan,1.0,0.15,nan,nan,nan,nan
2956,0.6555671175858481,830.0,708.0,79.0,0.8884180790960452,64.0,0.0,593.2758698010464,nan,nan,nan,nan,nan,1.0,0.15,nan,nan,nan,nan
2957,0.6514047866805411,797.0,691.0,66.0,0.9044862518089725,63.0,0.0,593.3106071076395,nan,nan,nan,nan,nan,1.0,0.15,nan,nan,nan,nan
2958,0.6409989594172737,790.0,687.0,72.0,0.8951965065502183,64.0,0.0,581.4214142422684,nan,nan,nan,nan,nan,1.0,0.15,nan,nan,nan,nan
2959,0.6503642039542143,821.0,687.0,63.0,0.9082969432314411,62.0,0.0,593.4172141518591,nan,nan,nan,nan,nan,1.0,0.15,nan,nan,nan,nan
2960,0.663891779396462,806.0,693.0,56.0,0.9191919191919192,64.0,0.0,608.0131620826716,7.054658651351929,-0.001889110232392947,13.176586151123047,3.4324419101079306,0.00042684966198673163,1.0,0.15,nan,nan,nan,nan
2961,0.6493236212278877,819.0,701.0,78.0,0.8887303851640513,62.0,0.0,587.354719411374,nan,nan,nan,nan,nan,1.0,0.15,nan,nan,nan,nan
2962,0.6097814776274714,767.0,657.0,72.0,0.8904109589041096,62.0,0.0,552.1165561804795,nan,nan,nan,nan,nan,1.0,0.15,nan,nan,nan,nan
2963,0.6409989594172737,812.0,693.0,78.0,0.8874458874458875,63.0,0.0,579.8855178132071,nan,nan,nan,nan,nan,1.0,0.15,nan,nan,nan,nan
2964,0.6462018730489074,789.0,683.0,63.0,0.9077598828696926,62.0,0.0,589.7148948373799,nan,nan,nan,nan,nan,1.0,0.15,nan,nan,nan,nan
2965,0.668054110301769,805.0,708.0,67.0,0.905367231638418,61.0,0.0,610.3099039044375,nan,nan,nan,nan,nan,1.0,0.15,nan,nan,nan,nan
2966,0.6524453694068678,821.0,694.0,68.0,0.9020172910662824,62.0,0.0,593.8612788362507,nan,nan,nan,nan,nan,1.0,0.15,nan,nan,nan,nan
2967,0.659729448491155,813.0,701.0,68.0,0.9029957203994294,61.0,0.0,601.5441581082348,nan,nan,nan,nan,nan,1.0,0.15,nan,nan,nan,nan
2968,0.6472424557752341,805.0,677.0,56.0,0.9172821270310192,62.0,0.0,592.2029782867426,nan,nan,nan,nan,nan,1.0,0.15,nan,nan,nan,nan
2969,0.6618106139438086,807.0,697.0,62.0,0.9110473457675753,63.0,0.0,604.7754461622237,nan,nan,nan,nan,nan,1.0,0.15,nan,nan,nan,nan
2970,0.6430801248699272,806.0,695.0,78.0,0.8877697841726618,62.0,0.0,581.9388884754188,nan,nan,nan,nan,nan,1.0,0.15,nan,nan,nan,nan
2971,0.6295525494276795,769.0,662.0,58.0,0.9123867069486404,62.0,0.0,575.2618760604864,nan,nan,nan,nan,nan,1.0,0.15,nan,nan,nan,nan
2972,0.6399583766909469,800.0,684.0,70.0,0.8976608187134503,64.0,0.0,581.0605754289628,nan,nan,nan,nan,nan,1.0,0.15,nan,nan,nan,nan
2973,0.6451612903225806,784.0,675.0,56.0,0.917037037037037,63.0,0.0,590.754802156448,nan,nan,nan,nan,nan,1.0,0.15,nan,nan,nan,nan
2974,0.6056191467221644,747.0,642.0,61.0,0.9049844236760125,58.0,0.0,552.7299677400599,nan,nan,nan,nan,nan,1.0,0.15,nan,nan,nan,nan
2975,0.6285119667013528,782.0,661.0,58.0,0.9122541603630863,64.0,0.0,573.431629065992,nan,nan,nan,nan,nan,1.0,0.15,nan,nan,nan,nan
2976,0.6337148803329865,770.0,667.0,59.0,0.9115442278860569,62.0,0.0,579.361833518029,7.5356959501902265,-0.0009955122756461303,14.129629532496134,3.4558650255203247,0.0003936260563932592,1.0,0.15,nan,nan,nan,nan
2977,0.659729448491155,814.0,696.0,63.0,0.9094827586206896,64.0,0.0,602.0383817815781,nan,nan,nan,nan,nan,1.0,0.15,nan,nan,nan,nan
2978,0.6399583766909469,766.0,666.0,52.0,0.9219219219219219,61.0,0.0,587.9433141822827,nan,nan,nan,nan,nan,1.0,0.15,nan,nan,nan,nan
2979,0.6305931321540063,805.0,685.0,80.0,0.8832116788321168,63.0,0.0,568.9073357076647,nan,nan,nan,nan,nan,1.0,0.15,nan,nan,nan,nan
2980,0.6326742976066597,768.0,665.0,58.0,0.912781954887218,60.0,0.0,579.4133288707752,nan,nan,nan,nan,nan,1.0,0.15,nan,nan,nan,nan
2981,0.6534859521331946,793.0,692.0,65.0,0.9060693641618497,60.0,0.0,596.9695022683151,nan,nan,nan,nan,nan,1.0,0.15,nan,nan,nan,nan
2982,0.6368366285119667,811.0,694.0,83.0,0.8804034582132565,64.0,0.0,573.6683403143895,nan,nan,nan,nan,nan,1.0,0.15,nan,nan,nan,nan
2983,0.6430801248699272,802.0,693.0,76.0,0.8903318903318903,63.0,0.0,582.8325841240899,nan,nan,nan,nan,nan,1.0,0.15,nan,nan,nan,nan
2984,0.6555671175858481,812.0,718.0,89.0,0.8760445682451253,63.0,0.0,590.9945340909966,nan,nan,nan,nan,nan,1.0,0.15,nan,nan,nan,nan
2985,0.6420395421436004,795.0,681.0,65.0,0.9045521292217328,63.0,0.0,584.3949401621836,nan,nan,nan,nan,nan,1.0,0.15,nan,nan,nan,nan
2986,0.644120707596254,807.0,687.0,69.0,0.8995633187772926,63.0,0.0,585.6850842738161,nan,nan,nan,nan,nan,1.0,0.15,nan,nan,nan,nan
2987,0.6514047866805411,816.0,699.0,74.0,0.894134477825465,63.0,0.0,591.2262162585266,nan,nan,nan,nan,nan,1.0,0.15,nan,nan,nan,nan
2988,0.5983350676378772,749.0,646.0,72.0,0.8885448916408669,62.0,0.0,541.4434837493914,nan,nan,nan,nan,nan,1.0,0.15,nan,nan,nan,nan
2989,0.6555671175858481,806.0,689.0,60.0,0.9129172714078374,63.0,0.0,599.372485583305,nan,nan,nan,nan,nan,1.0,0.15,nan,nan,nan,nan
2990,0.627471383975026,795.0,685.0,83.0,0.8788321167883212,64.0,0.0,565.134048655034,nan,nan,nan,nan,nan,1.0,0.15,nan,nan,nan,nan
2991,0.6326742976066597,808.0,691.0,84.0,0.8784370477568741,63.0,0.0,569.712858021736,nan,nan,nan,nan,nan,1.0,0.15,nan,nan,nan,nan
2992,0.6399583766909469,810.0,685.0,71.0,0.8963503649635036,63.0,0.0,580.7547120032309,7.270366271336873,-0.00015243418359508118,13.593398014704386,3.4717140992482505,0.002257079084908279,1.0,0.15,nan,nan,nan,nan
2993,0.6555671175858481,823.0,693.0,64.0,0.9076479076479076,64.0,0.0,597.4961338019375,nan,nan,nan,nan,nan,1.0,0.15,nan,nan,nan,nan
2994,0.6462018730489074,804.0,680.0,60.0,0.9117647058823529,64.0,0.0,590.0976355819702,nan,nan,nan,nan,nan,1.0,0.15,nan,nan,nan,nan
2995,0.6576482830385015,808.0,695.0,64.0,0.9079136690647482,63.0,0.0,600.3076012196539,nan,nan,nan,nan,nan,1.0,0.15,nan,nan,nan,nan
2996,0.6618106139438086,796.0,699.0,64.0,0.9084406294706724,64.0,0.0,604.2760139231673,nan,nan,nan,nan,nan,1.0,0.15,nan,nan,nan,nan
2997,0.6472424557752341,786.0,679.0,58.0,0.914580265095729,62.0,0.0,591.6803671927454,nan,nan,nan,nan,nan,1.0,0.15,nan,nan,nan,nan
2998,0.6305931321540063,798.0,681.0,76.0,0.8883994126284875,61.0,0.0,571.337255296232,nan,nan,nan,nan,nan,1.0,0.15,nan,nan,nan,nan
2999,0.6253902185223725,783.0,669.0,69.0,0.8968609865470852,61.0,0.0,568.4596660285013,nan,nan,nan,nan,nan,1.0,0.15,nan,nan,nan,nan
3000,0.6451612903225806,797.0,684.0,65.0,0.9049707602339181,61.0,0.0,588.6865629148494,6.132395505905151,0.000895840406883508,11.329675316810608,3.4174602031707764,0.000231375790463062,1.0,0.15,0.6566285119667015,0.6409989594172737,0.9313962143553103,0.0
